wall_time,ros_time_sec,x,y,z,yaw,qx,qy,qz,qw,lin_vel_x,lin_vel_y,lin_vel_z,ang_vel_x,ang_vel_y,ang_vel_z
2026-08-24T01:18:46.671008,0.030000000000000002,0.0,0.0,0.0,0.0,0.0,0.0,0.0,1.0,0.0,0.0,0.0,0.0,0.0,0.00016074125580042286
2026-08-24T01:18:52.212157,0.05,0.0,0.0,0.0,-1.3988054967661865e-06,0.0,0.0,-6.994027483830363e-07,0.9999999999997554,0.0,0.0,0.0,0.0,0.0,0.0002832422484271002
2026-08-24T01:18:52.242350,0.07,0.0,0.0,0.0,-5.408232417458692e-07,0.0,0.0,-2.704116208729313e-07,0.9999999999999635,0.0,0.0,0.0,0.0,0.0,-3.751034300008654e-05
2026-08-24T01:18:52.275667,0.09000000000000001,0.0,0.0,0.0,2.2417875871205695e-06,0.0,0.0,1.1208937935600501e-06,0.9999999999993718,0.0,0.0,0.0,0.0,0.0,0.0004314512023309082
2026-08-24T01:18:52.307301,0.11,0.0,0.0,0.0,2.9824458236404894e-07,0.0,0.0,1.491222911820239e-07,0.9999999999999889,0.0,0.0,0.0,0.0,0.0,-0.00016228659288567075
2026-08-24T01:18:52.355407,0.14,0.0,0.0,0.0,-3.6486369481281145e-12,0.0,0.0,-1.8243184740640572e-12,1.0,0.0,0.0,0.0,0.0,0.0,-0.0003367485136481604
2026-08-24T01:18:52.388550,0.15000000000000002,0.0,0.0,0.0,-1.668169075763615e-06,0.0,0.0,-8.340845378817107e-07,0.9999999999996522,0.0,0.0,0.0,0.0,0.0,4.0701112531522704e-05
2026-08-24T01:18:52.434077,0.17,0.0,0.0,0.0,-2.3291640052214295e-06,0.0,0.0,-1.1645820026104513e-06,0.9999999999993219,0.0,0.0,0.0,0.0,0.0,0.0003746468208732791
2026-08-24T01:18:52.468030,0.19,0.0,0.0,0.0,-1.6615296338784447e-06,0.0,0.0,-8.307648169391267e-07,0.9999999999996549,0.0,0.0,0.0,0.0,0.0,-0.0002818027196720809
2026-08-24T01:18:52.515822,0.21000000000000002,0.0,0.0,0.0,-2.1622588608494198e-08,0.0,0.0,-1.0811294304247099e-08,0.9999999999999999,0.0,0.0,0.0,0.0,0.0,0.0002023678555453839
2026-08-24T01:18:52.650974,0.23,0.0,0.0,0.0,7.276190059357645e-07,0.0,0.0,3.6380950296787423e-07,0.9999999999999338,0.0,0.0,0.0,0.0,0.0,0.00019748412441338112
2026-08-24T01:18:52.715786,0.25,0.0,0.0,0.0,1.2068784553953549e-06,0.0,0.0,6.034392276976408e-07,0.9999999999998179,0.0,0.0,0.0,0.0,0.0,-0.00024320218759916594
2026-08-24T01:18:52.775010,0.26,0.0,0.0,0.0,-3.4017233474514796e-13,0.0,0.0,-1.7008616737257398e-13,1.0,0.0,0.0,0.0,0.0,0.0,8.819958666323073e-05
2026-08-24T01:18:52.857696,0.29000000000000004,0.0,0.0,0.0,-9.975438821641094e-07,0.0,0.0,-4.987719410820339e-07,0.9999999999998757,0.0,0.0,0.0,0.0,0.0,-9.495108400773438e-05
2026-08-24T01:18:52.901853,0.31,0.0,0.0,0.0,-2.7194965568355656e-07,0.0,0.0,-1.3597482784177786e-07,0.9999999999999908,0.0,0.0,0.0,0.0,0.0,5.648245113857918e-05
2026-08-24T01:18:52.954402,0.33,0.0,0.0,0.0,4.780059645881352e-07,0.0,0.0,2.390029822940653e-07,0.9999999999999715,0.0,0.0,0.0,0.0,0.0,-0.00016207159184786644
2026-08-24T01:18:52.990813,0.35000000000000003,0.0,0.0,0.0,8.140364249342724e-08,0.0,0.0,4.070182124671361e-08,0.9999999999999992,0.0,0.0,0.0,0.0,0.0,-0.00010803068552203972
2026-08-24T01:18:53.028067,0.37,0.0,0.0,0.0,-3.1971062774971415e-07,0.0,0.0,-1.5985531387485639e-07,0.9999999999999872,0.0,0.0,0.0,0.0,0.0,-7.746541164758018e-06
2026-08-24T01:18:53.063471,0.39,0.0,0.0,0.0,1.386494674626704e-06,0.0,0.0,6.932473373132964e-07,0.9999999999997597,0.0,0.0,0.0,0.0,0.0,0.00019864400778788556
2026-08-24T01:18:53.099117,0.41000000000000003,0.0,0.0,0.0,-9.935829656804174e-07,0.0,0.0,-4.967914828401883e-07,0.9999999999998767,0.0,0.0,0.0,0.0,0.0,-0.0001987329618014478
2026-08-24T01:18:53.135530,0.43000000000000005,0.0,0.0,0.0,-1.75736165619611e-07,0.0,0.0,-8.78680828098054e-08,0.9999999999999961,0.0,0.0,0.0,0.0,0.0,0.00010340435059175586
2026-08-24T01:18:53.173056,0.45,0.0,0.0,0.0,-4.832936606469219e-07,0.0,0.0,-2.416468303234586e-07,0.9999999999999708,0.0,0.0,0.0,0.0,0.0,-0.00018896334699852472
2026-08-24T01:18:53.213564,0.47000000000000003,0.0,0.0,0.0,1.596358452093938e-06,0.0,0.0,7.981792260468842e-07,0.9999999999996815,0.0,0.0,0.0,0.0,0.0,-0.00029783920926529546
2026-08-24T01:18:53.258446,0.49000000000000005,0.0,0.0,0.0,1.7039437540944393e-06,0.0,0.0,8.519718770471165e-07,0.9999999999996371,0.0,0.0,0.0,0.0,0.0,0.00012220694892892977
2026-08-24T01:18:53.297324,0.51,0.0,0.0,0.0,1.9805117750237855e-06,0.0,0.0,9.90255887511731e-07,0.9999999999995097,0.0,0.0,0.0,0.0,0.0,0.0002577385951607406
2026-08-24T01:18:53.330733,0.53,0.0,0.0,0.0,-2.885879204939101e-06,0.0,0.0,-1.4429396024690499e-06,0.9999999999989589,0.0,0.0,0.0,0.0,0.0,0.00041018089379887937
2026-08-24T01:18:53.362258,0.55,0.0,0.0,0.0,7.841732840851989e-07,0.0,0.0,3.920866420425894e-07,0.9999999999999232,0.0,0.0,0.0,0.0,0.0,0.00043256252587288164
2026-08-24T01:18:53.398415,0.5700000000000001,0.0,0.0,0.0,1.91493372669882e-06,0.0,0.0,9.574668633492636e-07,0.9999999999995416,0.0,0.0,0.0,0.0,0.0,0.00023108341258910493
2026-08-24T01:18:53.430856,0.5900000000000001,0.0,0.0,0.0,2.2418919032318736e-06,0.0,0.0,1.1209459516157022e-06,0.9999999999993717,0.0,0.0,0.0,0.0,0.0,0.00029500463024148365
2026-08-24T01:18:53.468162,0.61,0.0,0.0,0.0,1.6992210030153387e-06,0.0,0.0,8.496105015075672e-07,0.9999999999996391,0.0,0.0,0.0,0.0,0.0,3.859839412549584e-05
2026-08-24T01:18:53.501905,0.63,0.0,0.0,0.0,1.5333163108088854e-06,0.0,0.0,7.666581554043676e-07,0.9999999999997061,0.0,0.0,0.0,0.0,0.0,0.0003649619170404101
2026-08-24T01:18:53.548356,0.65,0.0,0.0,0.0,1.6394798105778818e-06,0.0,0.0,8.197399052888491e-07,0.999999999999664,0.0,0.0,0.0,0.0,0.0,-0.0001262241283022335
2026-08-24T01:18:53.583549,0.67,0.0,0.0,0.0,2.1824295783900997e-06,0.0,0.0,1.091214789194833e-06,0.9999999999994046,0.0,0.0,0.0,0.0,0.0,0.00019884816763503653
2026-08-24T01:18:53.624851,0.6900000000000001,0.0,0.0,0.0,1.0947463353616627e-06,0.0,0.0,5.47373167680804e-07,0.9999999999998502,0.0,0.0,0.0,0.0,0.0,-7.790339931831002e-05
2026-08-24T01:18:53.670684,0.7100000000000001,0.0,0.0,0.0,-1.6020241591085953e-06,0.0,0.0,-8.010120795542118e-07,0.9999999999996791,0.0,0.0,0.0,0.0,0.0,6.832640997287101e-05
2026-08-24T01:18:53.734684,0.7300000000000001,0.0,0.0,0.0,-4.3982433561851053e-07,0.0,0.0,-2.199121678092535e-07,0.9999999999999758,0.0,0.0,0.0,0.0,0.0,0.0001471910091830225
2026-08-24T01:18:53.779040,0.75,0.0,0.0,0.0,-6.578651374766764e-07,0.0,0.0,-3.289325687383323e-07,0.9999999999999459,0.0,0.0,0.0,0.0,0.0,0.00014750904914960896
2026-08-24T01:18:53.820807,0.77,0.0,0.0,0.0,3.2256413238229706e-06,0.0,0.0,1.6128206619107857e-06,0.9999999999986994,0.0,0.0,0.0,0.0,0.0,-7.81325767758626e-05
2026-08-24T01:18:53.858820,0.79,0.0,0.0,0.0,-3.6725617968969004e-07,0.0,0.0,-1.83628089844844e-07,0.9999999999999831,0.0,0.0,0.0,0.0,0.0,2.3802841858275813e-05
2026-08-24T01:18:53.924838,0.81,0.0,0.0,0.0,-3.107886848319197e-06,0.0,0.0,-1.553943424158973e-06,0.9999999999987926,0.0,0.0,0.0,0.0,0.0,-0.0003553085030762084
2026-08-24T01:18:53.957418,0.8300000000000001,8.269232907210415e-20,3.42051582648229e-28,0.0,-2.6217117321536426e-07,0.0,0.0,-1.3108558660768173e-07,0.9999999999999915,4.924545701714809e-18,3.424190390112935e-26,0.0,0.0,0.0,0.0003297991457235857
2026-08-24T01:18:53.994793,0.8500000000000001,1.856870071683509e-19,6.717264579280636e-28,0.0,1.2951597190280497e-06,0.0,0.0,6.475798595139795e-07,0.9999999999997903,9.427097018607343e-18,6.721753541534999e-26,0.0,0.0,0.0,-0.0002904457715789385
2026-08-24T01:18:54.034545,0.8600000000000001,1.7978812681343529e-19,5.244928114908796e-32,0.0,-4.4719783431901305e-13,0.0,0.0,-2.2359891715950653e-13,1.0,3.0938513783022798e-18,2.2176897637379976e-26,0.0,0.0,0.0,-7.039431077200927e-05
2026-08-24T01:18:54.072495,0.89,3.1453055262903453e-19,3.184878539004026e-28,0.0,-3.0484713007261637e-06,0.0,0.0,-1.5242356503624914e-06,0.9999999999988384,4.546376772297762e-18,3.187285848475904e-26,0.0,0.0,0.0,-0.00032079605524180254
2026-08-24T01:18:54.108154,0.91,1.0482714658797061e-19,-1.2246718762752743e-27,0.0,-1.836145201217221e-06,0.0,0.0,-9.180726006084814e-07,0.9999999999995786,-7.58630296715098e-18,-1.2258775681830292e-25,0.0,0.0,0.0,0.0002463879887865147
2026-08-24T01:18:54.149045,0.93,1.9503769539872988e-19,-1.2014123354334493e-27,0.0,-1.380890456648132e-06,0.0,0.0,-6.90445228324011e-07,0.9999999999997616,4.474185305773862e-18,-1.2024250629942593e-25,0.0,0.0,0.0,0.00014309825001147602
2026-08-24T01:18:54.183074,0.9400000000000001,1.852584734376183e-19,-2.3964130326474627e-32,0.0,1.3766765505351941e-14,0.0,0.0,6.8833827526759706e-15,1.0,5.463925999094618e-18,-1.0708147968864417e-25,0.0,0.0,0.0,2.3035950945406863e-05
2026-08-24T01:18:54.220672,0.9700000000000001,8.502669321384594e-20,-1.2642931539363377e-27,0.0,7.546374183320382e-07,0.0,0.0,3.773187091660101e-07,0.9999999999999288,-4.690431819700221e-18,-1.2653766432970336e-25,0.0,0.0,0.0,7.864936992916667e-05
2026-08-24T01:18:54.255716,0.9900000000000001,4.0621563425962815e-19,-1.7930361435288165e-27,0.0,1.8303771489591723e-06,0.0,0.0,9.151885744794584e-07,0.9999999999995812,1.6021366440098585e-17,-1.794622257703482e-25,0.0,0.0,0.0,0.00015930100554815605
2026-08-24T01:18:54.291444,1.01,3.7746585110811047e-19,-6.650259814432174e-28,0.0,-8.638723842935292e-07,0.0,0.0,-4.3193619214675115e-07,0.9999999999999067,3.0284039379883634e-18,-6.655119713123165e-26,0.0,0.0,0.0,-0.00010518300597085727
2026-08-24T01:18:54.326795,1.03,5.41282134907078e-19,-5.089283349954419e-28,0.0,8.634082968583812e-07,0.0,0.0,4.317041484291772e-07,0.9999999999999069,7.433160179690886e-18,-5.0923240910771586e-26,0.0,0.0,0.0,-8.463711786715374e-05
2026-08-24T01:18:54.365088,1.05,4.513852413825881e-19,-4.1716081077650815e-28,0.0,-1.7578325199885114e-06,0.0,0.0,-8.789162599941425e-07,0.9999999999996138,-2.4113346404882603e-18,-4.174309828050128e-26,0.0,0.0,0.0,-3.071787403372903e-05
2026-08-24T01:18:54.405190,1.07,5.33502841795693e-19,-6.178314520033277e-29,0.0,-2.0150098745119754e-07,0.0,0.0,-1.0075049372559857e-07,0.9999999999999949,3.3040752926802613e-18,-6.168567741847121e-27,0.0,0.0,0.0,0.00021681035297115847
2026-08-24T01:18:54.438999,1.09,6.577831243954977e-19,1.6012785442459565e-28,0.0,-1.9548398682012196e-06,0.0,0.0,-9.77419934100454e-07,0.9999999999995223,4.4048538359301664e-18,1.6039340936986293e-26,0.0,0.0,0.0,-0.00033303117384303493
2026-08-24T01:18:54.470718,1.11,5.262849944073918e-19,-9.006764768523182e-28,0.0,1.221542400564601e-07,0.0,0.0,6.107712002823003e-08,0.9999999999999981,-2.9292139453751424e-18,-9.01494766835939e-26,0.0,0.0,0.0,0.00026535629179255633
2026-08-24T01:18:54.506158,1.13,8.140554785903309e-19,-1.1712608387165916e-27,0.0,-2.0517434862199482e-07,0.0,0.0,-1.0258717431099721e-07,0.9999999999999948,1.1770874230607221e-17,-1.1723680955497755e-25,0.0,0.0,0.0,-0.0003946132917998634
2026-08-24T01:18:54.545746,1.15,7.055670657709852e-19,-2.4692834876701392e-27,0.0,-2.6511091206771202e-06,0.0,0.0,-1.3255545603381717e-06,0.9999999999991215,9.41537243375371e-20,-2.4716363088857833e-25,0.0,0.0,0.0,-0.00013933068886198838
2026-08-24T01:18:54.586198,1.17,1.0478458799194305e-18,-6.093621719627872e-28,0.0,-4.6695438937760505e-06,0.0,0.0,-2.3347719468859043e-06,0.9999999999972744,1.6030012186733744e-17,-6.095162256422097e-26,0.0,0.0,0.0,4.0391522645034266e-05
2026-08-24T01:18:54.624665,1.19,7.426792475402057e-19,-4.752838699902645e-27,0.0,-3.0041934757640836e-06,0.0,0.0,-1.5020967378814768e-06,0.9999999999988719,-8.781319070554033e-18,-4.757619701979273e-25,0.0,0.0,0.0,-9.767991791146893e-05
2026-08-24T01:18:54.664072,1.21,7.748145700737249e-19,-3.760164726376479e-27,0.0,-1.421291292214022e-06,0.0,0.0,-7.106456461069512e-07,0.9999999999997475,-2.203709017955902e-18,-3.7637606209167384e-25,0.0,0.0,0.0,0.0002484354474455595
2026-08-24T01:18:54.700211,1.23,9.068211217628195e-19,-3.431883791972516e-27,0.0,4.344478865991874e-06,0.0,0.0,2.1722394329942287e-06,0.9999999999976407,5.745655639058527e-18,-3.435113450799305e-25,0.0,0.0,0.0,-2.340799490587695e-05
2026-08-24T01:18:54.736982,1.25,1.070838819382553e-18,-4.65306786532459e-27,0.0,-3.5953401207322604e-06,0.0,0.0,-1.7976700603651618e-06,0.9999999999983842,7.363764800359947e-18,-4.65770169627294e-25,0.0,0.0,0.0,-0.00018637641493974771
2026-08-24T01:18:54.773208,1.26,1.0361345402403226e-18,-1.1610952180875332e-32,0.0,-1.5161205624281138e-12,0.0,0.0,-7.580602812140569e-13,1.0,5.17258076047742e-18,-5.483565277355609e-25,0.0,0.0,0.0,0.0002116228121355865
2026-08-24T01:18:54.807781,1.28,1.0412366478053948e-18,-2.6599207183547745e-32,0.0,7.0921046813055e-13,0.0,0.0,3.54605234065275e-13,1.0,-5.519695779593324e-18,-4.757212158541893e-25,0.0,0.0,0.0,0.0004894850653008717
2026-08-24T01:18:54.843788,1.31,1.0791859117853867e-18,-6.2347392612999755e-27,0.0,5.4607744104373523e-08,0.0,0.0,2.730387205218676e-08,0.9999999999999997,2.7155544445218275e-18,-6.240955382635813e-25,0.0,0.0,0.0,-4.67419841669427e-05
2026-08-24T01:18:54.879830,1.33,1.1331967335075122e-18,-6.2257805105926725e-27,0.0,2.213549346041788e-06,0.0,0.0,1.1067746730206679e-06,0.9999999999993875,4.374886404611875e-18,-6.2319022633499265e-25,0.0,0.0,0.0,0.000132356492521691
2026-08-24T01:18:54.908386,1.35,1.094929444198558e-18,-5.914074333517272e-27,0.0,1.9328169376109372e-07,0.0,0.0,9.664084688054671e-08,0.9999999999999953,-9.416382115649651e-18,-5.919686656299169e-25,0.0,0.0,0.0,-0.00017974009596246108
2026-08-24T01:18:54.946069,1.37,1.1700012448904696e-18,-5.431170602486011e-27,0.0,5.54531817353876e-07,0.0,0.0,2.7726590867693446e-07,0.9999999999999616,-4.848463303811515e-18,-5.436337703747826e-25,0.0,0.0,0.0,-0.00020277058778479632
2026-08-24T01:18:54.983725,1.3900000000000001,1.32009498154185e-18,-5.35948634364597e-27,0.0,-2.2912493857774056e-06,0.0,0.0,-1.145624692888452e-06,0.9999999999993437,2.3596825398915993e-18,-5.364532833863123e-25,0.0,0.0,0.0,0.0001417370597812492
2026-08-24T01:18:55.016702,1.4100000000000001,1.180885808099695e-18,-6.094375522027682e-27,0.0,-4.592171101158726e-06,0.0,0.0,-2.2960855505773455e-06,0.999999999997364,-5.6722882897441646e-18,-6.100307239279184e-25,0.0,0.0,0.0,0.00011301530859608651
2026-08-24T01:18:55.055538,1.42,1.2719932154383092e-18,9.181959706994971e-33,0.0,-9.614531393253856e-13,0.0,0.0,-4.807265696626928e-13,1.0,-2.3065794162496737e-19,-4.49774838589584e-25,0.0,0.0,0.0,0.00019530085624602084
2026-08-24T01:18:55.091599,1.45,1.3714407658913227e-18,-5.171193802058574e-27,0.0,-1.15240185660781e-06,0.0,0.0,-5.76200928303873e-07,0.999999999999834,-2.6420821700341012e-18,-5.175969882741275e-25,0.0,0.0,0.0,-2.9781420037404156e-05
2026-08-24T01:18:55.130572,1.47,1.4752392536076406e-18,-4.648294646407463e-27,0.0,1.8618914809920287e-07,0.0,0.0,9.309457404960129e-08,0.9999999999999957,-3.033773170773779e-19,-4.652420707631031e-25,0.0,0.0,0.0,4.848228014758859e-05
2026-08-24T01:18:55.166388,1.5,1.4309631385698432e-18,7.037500380645056e-32,0.0,1.6413537196058314e-12,0.0,0.0,8.206768598029157e-13,1.0,5.2429463522922324e-18,-6.876333455819644e-25,0.0,0.0,0.0,0.00020841509875788597
2026-08-24T01:18:55.202316,1.51,1.4834959550635443e-18,-6.88291147372553e-27,0.0,-8.075529889239873e-08,0.0,0.0,-4.037764944619936e-08,0.9999999999999992,5.263604347786124e-18,-6.889843013457236e-25,0.0,0.0,0.0,0.0001527578478382018
2026-08-24T01:18:55.239748,1.53,1.5367639153258362e-18,-6.544749219390073e-27,0.0,-3.884724247615878e-06,0.0,0.0,-1.9423621238067177e-06,0.9999999999981136,5.024473143724604e-18,-6.551127364702907e-25,0.0,0.0,0.0,-0.00010162728980550389
2026-08-24T01:18:55.275571,1.55,1.4026732036706097e-18,-8.55086162453258e-27,0.0,-1.282320706064155e-06,0.0,0.0,-6.411603530320336e-07,0.9999999999997945,-3.404154076359765e-18,-8.559780558480768e-25,0.0,0.0,0.0,2.2432703322696975e-06
2026-08-24T01:18:55.313051,1.57,1.4395044198922814e-18,-8.154902709952742e-27,0.0,-1.1652316933563611e-07,0.0,0.0,-5.826158466781802e-08,0.9999999999999983,-3.3720736371280503e-18,-8.163220201018577e-25,0.0,0.0,0.0,3.9470051357899365e-05
2026-08-24T01:18:55.346823,1.59,1.3837981636278082e-18,-8.127657991253795e-27,0.0,1.0926441884606675e-06,0.0,0.0,5.463220942303065e-07,0.9999999999998508,-4.341473263346452e-18,-8.135879512672705e-25,0.0,0.0,0.0,0.0002741889182288772
2026-08-24T01:18:55.386467,1.6,1.379370179689417e-18,1.144803266658184e-32,0.0,1.0653700144303002e-12,0.0,0.0,5.326850072151501e-13,1.0,-1.5598253754640828e-18,-8.495469344950509e-25,0.0,0.0,0.0,0.0002489570871976313
2026-08-24T01:18:55.423648,1.6400000000000001,1.4071658020284217e-18,-1.7926605868414125e-32,0.0,4.1300296516055823e-14,0.0,0.0,2.0650148258027912e-14,1.0,4.637110725341659e-18,-7.895084972079607e-25,0.0,0.0,0.0,-4.3970941976902724e-05
2026-08-24T01:18:55.455591,1.65,1.453636830698024e-18,-7.902823226148483e-27,0.0,-2.1813945765281066e-06,0.0,0.0,-1.090697288263837e-06,0.9999999999994051,4.657056427648217e-18,-7.910628393579784e-25,0.0,0.0,0.0,-0.00015276336492922094
2026-08-24T01:18:55.492702,1.67,1.5840896404900456e-18,-7.59240915744157e-27,0.0,-3.598248978331498e-06,0.0,0.0,-1.7991244891647783e-06,0.9999999999983816,9.120937484636732e-18,-7.599653092386405e-25,0.0,0.0,0.0,-7.158712503156064e-05
2026-08-24T01:18:55.524474,1.6800000000000002,1.4767337765191017e-18,2.122359413321236e-32,0.0,-1.198596777385319e-12,0.0,0.0,-5.992983886926595e-13,1.0,-2.7444726110980437e-18,-9.950486379926818e-25,0.0,0.0,0.0,-4.8869648454472474e-05
2026-08-24T01:18:55.560770,1.71,1.534408950637933e-18,-9.77445682009166e-27,0.0,-1.9869761587187895e-06,0.0,0.0,-9.934880793592313e-07,0.9999999999995065,-1.8223727886824927e-18,-9.784608726052449e-25,0.0,0.0,0.0,-2.140916943595871e-06
2026-08-24T01:18:55.599011,1.74,1.6296780161475985e-18,3.5039162506754272e-31,0.0,-3.4696689965585392e-12,0.0,0.0,-1.7348344982792696e-12,1.0,-3.990616188840669e-18,-9.069939108375125e-25,0.0,0.0,0.0,-0.0005861915858066512
2026-08-24T01:18:55.634920,1.76,1.7375330011901468e-18,-7.035699216379831e-32,0.0,-1.5840662115351734e-12,0.0,0.0,-7.920331057675867e-13,1.0,1.0956452142209706e-17,-6.443601716357093e-25,0.0,0.0,0.0,-0.0003326416843132162
2026-08-24T01:18:55.671163,1.78,1.8845049160678137e-18,8.820752355206543e-32,0.0,-2.091660178393795e-13,0.0,0.0,-1.0458300891968975e-13,1.0,4.081483425207851e-18,-6.977954823497784e-25,0.0,0.0,0.0,-0.00014240284430280543
2026-08-24T01:18:55.702800,1.79,1.9253995991412333e-18,-6.984103389150692e-27,0.0,-1.127822435442738e-06,0.0,0.0,-5.639112177213391e-07,0.999999999999841,4.097467457868864e-18,-6.990329887365308e-25,0.0,0.0,0.0,-0.00018579159226787093
2026-08-24T01:18:55.738344,1.81,2.012846188360263e-18,-7.04137598543932e-27,0.0,-1.5633075176602065e-06,0.0,0.0,-7.816537588300235e-07,0.9999999999996945,6.267603073720079e-18,-7.0475655270926865e-25,0.0,0.0,0.0,-7.96373489168447e-05
2026-08-24T01:18:55.778935,1.83,1.981557391511541e-18,-7.5052800620833e-27,0.0,4.903280714341207e-06,0.0,0.0,2.4516403571681476e-06,0.9999999999969947,-9.787773543220311e-19,-7.512148193654979e-25,0.0,0.0,0.0,-0.00013267062510564389
2026-08-24T01:18:55.817879,1.85,1.7008250252587507e-18,-3.1120945606266915e-27,0.0,1.5148161183198287e-06,0.0,0.0,7.574080591598417e-07,0.9999999999997131,-1.1161087857425395e-17,-3.1125575106468775e-25,0.0,0.0,0.0,-3.417480111063417e-05
2026-08-24T01:18:55.855793,1.87,1.993072300498383e-18,-4.9160847524637975e-27,0.0,7.655242932891325e-07,0.0,0.0,3.8276214664455694e-07,0.9999999999999267,3.2543510408948138e-18,-4.919304533417017e-25,0.0,0.0,0.0,0.0003233520770484916
2026-08-24T01:18:55.887553,1.8900000000000001,1.8998791702185935e-18,-4.0976600362958346e-27,0.0,2.1437209616337327e-06,0.0,0.0,1.0718604808166612e-06,0.9999999999994256,-3.2396860503117976e-19,-4.0996681666955573e-25,0.0,0.0,0.0,0.00019924125640073223
2026-08-24T01:18:55.928316,1.9100000000000001,2.0204215370777275e-18,-4.7622612274650526e-27,0.0,-4.5868257902981213e-07,0.0,0.0,-2.2934128951490405e-07,0.9999999999999737,8.298808932119848e-18,-4.76535139547895e-25,0.0,0.0,0.0,6.168179296381162e-05
2026-08-24T01:18:55.964348,1.9300000000000002,1.9371062340448887e-18,-4.765639365471449e-27,0.0,1.6522759174186776e-06,0.0,0.0,8.261379587092447e-07,0.9999999999996587,4.588300990385623e-18,-4.768582798414566e-25,0.0,0.0,0.0,-3.268988433915965e-05
2026-08-24T01:18:55.998904,1.9500000000000002,2.0188147942805346e-18,-4.883432446894311e-27,0.0,6.956212499353853e-07,0.0,0.0,3.4781062496768567e-07,0.9999999999999395,8.047569418732562e-18,-4.886591003018195e-25,0.0,0.0,0.0,8.165628493846255e-06
2026-08-24T01:18:56.039853,1.9700000000000002,2.0476134517438867e-18,-4.684332888384222e-27,0.0,8.947053977692576e-07,0.0,0.0,4.473526988846139e-07,0.9999999999999,4.8598661312444816e-18,-4.687144710692725e-25,0.0,0.0,0.0,-2.3971032278956734e-05
2026-08-24T01:18:56.072208,1.9900000000000002,1.9797707553206127e-18,-4.31846493592924e-27,0.0,1.9725131261694173e-07,0.0,0.0,9.862565630847071e-08,0.9999999999999951,2.161185134618596e-19,-4.320713511230626e-25,0.0,0.0,0.0,-0.00010534405294785954
2026-08-24T01:18:56.107091,2.01,2.2223713651574924e-18,-4.415173573985814e-27,0.0,3.4665164787561773e-06,0.0,0.0,1.7332582393772204e-06,0.9999999999984979,1.182296303519616e-17,-4.417524423865455e-25,0.0,0.0,0.0,1.2880864913702994e-05
2026-08-24T01:18:56.145842,2.04,1.9406947038990926e-18,1.710520447741658e-32,0.0,-1.8491874698156607e-12,0.0,0.0,-9.245937349078304e-13,1.0,-2.1564934582094466e-18,3.7546236102779306e-25,0.0,0.0,0.0,-1.6315474234503798e-05
2026-08-24T01:18:56.178890,2.05,1.9190432705992656e-18,3.7642080419695005e-27,0.0,9.122189759125376e-07,0.0,0.0,4.56109487956253e-07,0.999999999999896,-2.1738394290336426e-18,3.7738791417526596e-25,0.0,0.0,0.0,-0.00012878153066278022
2026-08-24T01:18:56.217699,2.07,1.8679596863648672e-18,3.971356811399968e-27,0.0,7.174547178578905e-09,0.0,0.0,3.5872735892894525e-09,1.0,-2.2151173746163945e-18,3.9813009650376053e-25,0.0,0.0,0.0,9.476074415147168e-05
2026-08-24T01:18:56.254660,2.09,1.8376347419055365e-18,3.852764099314106e-27,0.0,-2.86436411478519e-07,0.0,0.0,-1.43218205739259e-07,0.9999999999999898,-2.287316276059617e-18,3.8624681426022193e-25,0.0,0.0,0.0,-0.0002061951297721645
2026-08-24T01:18:56.295462,2.11,1.587489890737165e-18,3.8169100627896334e-27,0.0,-1.0405559822679322e-06,0.0,0.0,-5.202779911339426e-07,0.9999999999998647,-1.3397765010361791e-17,3.8264132288378778e-25,0.0,0.0,0.0,-0.00016763018038397142
2026-08-24T01:18:56.335462,2.13,1.833518250363627e-18,6.1495602403696905e-27,0.0,-1.729097860447837e-07,0.0,0.0,-8.645489302239174e-08,0.9999999999999962,1.6949377488475497e-18,6.1626745033065975e-25,0.0,0.0,0.0,-0.0001771984410045093
2026-08-24T01:18:56.365313,2.15,1.766453308501675e-18,5.915528631869425e-27,0.0,7.510795732024178e-07,0.0,0.0,3.7553978660120006e-07,0.9999999999999295,-2.6083797970991142e-18,5.928134750266336e-25,0.0,0.0,0.0,-0.00017394534468849487
2026-08-24T01:18:56.405268,2.17,1.903310313089606e-18,5.664628179881543e-27,0.0,1.3343625093753533e-06,0.0,0.0,6.671812546876271e-07,0.9999999999997774,5.980029528567152e-18,5.676810073656022e-25,0.0,0.0,0.0,8.900194411661027e-05
2026-08-24T01:18:56.438822,2.19,1.4970796460789193e-18,8.145914105143172e-27,0.0,-1.9216411799583e-06,0.0,0.0,-9.608205899790022e-07,0.9999999999995384,-9.59966501093654e-18,8.161903096409044e-25,0.0,0.0,0.0,-0.00034743727475159195
2026-08-24T01:18:56.474888,2.21,1.6486922458709054e-18,1.1036952617328575e-26,0.0,1.1370187911197151e-06,0.0,0.0,5.685093955598269e-07,0.9999999999998384,5.292126024036166e-18,1.1057359734246188e-24,0.0,0.0,0.0,-6.432591279032564e-05
2026-08-24T01:18:56.509707,2.22,1.5573107477379775e-18,4.523413064361158e-34,0.0,1.3722356584366935e-13,0.0,0.0,6.861178292183467e-14,1.0,-6.720868126899722e-18,1.1519205479129342e-24,0.0,0.0,0.0,-0.0001052469385734902
2026-08-24T01:18:56.546795,2.25,1.5034677462217937e-18,1.0979204864025697e-26,0.0,7.760122584521412e-07,0.0,0.0,3.8800612922606084e-07,0.9999999999999247,-4.676998171590465e-18,1.0999097854397843e-24,0.0,0.0,0.0,0.00018088632731366047
2026-08-24T01:18:56.582148,2.27,1.6318058244512853e-18,9.983547298201162e-27,0.0,-1.3003624812490953e-06,0.0,0.0,-6.501812406245019e-07,0.9999999999997886,2.3545327082950296e-18,1.000174585014908e-24,0.0,0.0,0.0,7.18566846429085e-05
2026-08-24T01:18:56.614702,2.29,1.4866129653372631e-18,9.144716079237444e-27,0.0,7.704557973831072e-07,0.0,0.0,3.852278986915441e-07,0.9999999999999258,-4.1668077308037914e-18,9.161506445287583e-25,0.0,0.0,0.0,0.00021264016025282742
2026-08-24T01:18:56.651067,2.31,1.5627117700358069e-18,8.24975553707868e-27,0.0,-4.2222733442898185e-07,0.0,0.0,-2.111136672144893e-07,0.9999999999999777,-2.5772369797194694e-18,8.265054070662497e-25,0.0,0.0,0.0,0.0005055450035054465
2026-08-24T01:18:56.683568,2.33,1.6729142656377058e-18,7.806357688330836e-27,0.0,2.2843660856253223e-06,0.0,0.0,1.1421830428124127e-06,0.9999999999993477,-7.552891692802885e-19,7.820839484631741e-25,0.0,0.0,0.0,3.1627311615867225e-05
2026-08-24T01:18:56.723574,2.35,1.6791634844077495e-18,7.837334133489401e-27,0.0,-1.3588743001946568e-06,0.0,0.0,-6.794371500972761e-07,0.9999999999997692,4.3985691899964845e-18,7.851739183369462e-25,0.0,0.0,0.0,-0.00032833726205866117
2026-08-24T01:18:56.763443,2.37,1.5587918831561252e-18,6.366282203912272e-27,0.0,-2.8249424262050127e-06,0.0,0.0,-1.4124712131020367e-06,0.9999999999990025,-5.937855836368365e-18,6.378190417209179e-25,0.0,0.0,0.0,-0.0002651486374803849
2026-08-24T01:18:56.793422,2.39,1.894072412295603e-18,1.1168355498648745e-26,0.0,-1.01512412253868e-07,0.0,0.0,-5.075620612693397e-08,0.9999999999999987,1.0332552349428675e-17,1.118820561924483e-24,0.0,0.0,0.0,-0.00023455625748133746
2026-08-24T01:18:56.825834,2.41,1.9209726521476024e-18,9.877618233438475e-27,0.0,-1.922208209048648e-06,0.0,0.0,-9.61104104524176e-07,0.9999999999995381,4.406269157603472e-18,9.895033593199926e-25,0.0,0.0,0.0,-6.286766366116596e-05
2026-08-24T01:18:56.865668,2.42,1.958241295431556e-18,-3.981755693483013e-32,0.0,-7.087663789206999e-13,0.0,0.0,-3.5438318946034997e-13,1.0,1.5991003622560753e-17,1.0469163356590738e-24,0.0,0.0,0.0,-0.00024395662537689275
2026-08-24T01:18:56.898853,2.45,2.152767526760683e-18,1.029000862897337e-26,0.0,-1.8588436208055725e-06,0.0,0.0,-9.294218104026524e-07,0.9999999999995681,3.5153102911531594e-18,1.0307911113302063e-24,0.0,0.0,0.0,-8.830934879856472e-05
2026-08-24T01:18:56.933947,2.47,2.4059366560369986e-18,1.1560101876736562e-26,0.0,2.3779356559394675e-06,0.0,0.0,1.1889678279694534e-06,0.9999999999992932,1.2183971845282671e-17,1.1580017710371827e-24,0.0,0.0,0.0,0.00016148569752938132
2026-08-24T01:18:56.965665,2.49,2.191372533543094e-18,1.5202652826139702e-26,0.0,-4.478263866403154e-07,0.0,0.0,-2.239131933201558e-07,0.9999999999999749,-5.137520780078002e-18,1.5228346353189003e-24,0.0,0.0,0.0,-0.0002150253321714145
2026-08-24T01:18:57.001265,2.51,2.356238168333139e-18,1.5862812001520258e-26,0.0,-1.0105246244229706e-06,0.0,0.0,-5.052623122114637e-07,0.9999999999998723,8.44165585909791e-18,1.5889389304663752e-24,0.0,0.0,0.0,-4.004067851778159e-05
2026-08-24T01:18:57.037567,2.5300000000000002,2.4654573773962177e-18,1.5698729607747097e-26,0.0,-8.069244059605296e-07,0.0,0.0,-4.0346220298025385e-07,0.9999999999999186,5.188397589959184e-18,1.572480308925059e-24,0.0,0.0,0.0,3.914963580999862e-05
2026-08-24T01:18:57.071191,2.55,2.1794854945502523e-18,1.4672124554171566e-26,0.0,-6.084936550188047e-07,0.0,0.0,-3.0424682750939764e-07,0.9999999999999537,-1.4939625142484703e-17,1.4696286566056613e-24,0.0,0.0,0.0,0.0002495352354384241
2026-08-24T01:18:57.105819,2.5700000000000003,1.950241372598414e-18,1.2336833799622636e-26,0.0,-7.754987114694244e-07,0.0,0.0,-3.877493557347025e-07,0.9999999999999248,-8.07109016639614e-18,1.2357004146317794e-24,0.0,0.0,0.0,-0.00036166721778806653
2026-08-24T01:18:57.139535,2.59,1.8751480322232926e-18,1.3589241991782198e-26,0.0,2.9730514259362906e-06,0.0,0.0,1.4865257129675979e-06,0.9999999999988951,-6.212762562758053e-18,1.3611337706849917e-24,0.0,0.0,0.0,-0.00023662966135549297
2026-08-24T01:18:57.175888,2.61,2.0899774563836716e-18,1.110889205988127e-26,0.0,4.5258041803109e-07,0.0,0.0,2.2629020901554304e-07,0.9999999999999744,7.687104659116186e-18,1.1126741556696276e-24,0.0,0.0,0.0,-1.7121021874372594e-05
2026-08-24T01:18:57.212380,2.63,2.0047045009729354e-18,1.1219933077538144e-26,0.0,1.0623096748929584e-06,0.0,0.0,5.311548374464542e-07,0.9999999999998589,4.1135786406062056e-18,1.123786800899728e-24,0.0,0.0,0.0,6.29708360511124e-05
2026-08-24T01:18:57.245105,2.64,1.8688470922487246e-18,-2.561176156054773e-33,0.0,4.702904732312163e-13,0.0,0.0,2.3514523661560816e-13,1.0,-3.482866884787825e-18,1.209140009223315e-24,0.0,0.0,0.0,0.00045530838445946326
2026-08-24T01:18:57.285498,2.66,1.7710888230169525e-18,-8.463756015649889e-33,0.0,1.787459069646502e-12,0.0,0.0,8.93729534823251e-13,1.0,-3.722748675591449e-18,1.3036552488819096e-24,0.0,0.0,0.0,0.00016269787153149048
2026-08-24T01:18:57.317856,2.69,1.881334565009639e-18,1.1483571036722697e-26,0.0,2.016530917359205e-06,0.0,0.0,1.0082654586794316e-06,0.9999999999994917,1.6663159066945315e-18,1.1501537475564962e-24,0.0,0.0,0.0,-0.00020242338757965156
2026-08-24T01:18:57.347788,2.71,2.0466877553089036e-18,1.002094546941205e-26,0.0,1.6066024293159842e-06,0.0,0.0,8.033012146579057e-07,0.9999999999996774,8.729357088646644e-18,1.0036323663100367e-24,0.0,0.0,0.0,1.8343833262544207e-05
2026-08-24T01:18:57.382423,2.73,1.8151241081792934e-18,1.204944169469199e-26,0.0,-1.206161869049538e-06,0.0,0.0,-6.030809345247324e-07,0.9999999999998181,-3.2128636850094475e-18,1.2068193215016244e-24,0.0,0.0,0.0,-0.00012284762319165452
2026-08-24T01:18:57.414600,2.75,1.882894315844784e-18,1.2526071540594544e-26,0.0,-1.7209749683111401e-06,0.0,0.0,-8.604874841554637e-07,0.9999999999996297,2.0979070112228424e-18,1.254549845129868e-24,0.0,0.0,0.0,0.00022125305682046406
2026-08-24T01:18:57.448894,2.77,1.8557656324378673e-18,1.2333729719670035e-26,0.0,-1.0515197201854676e-06,0.0,0.0,-5.257598600927095e-07,0.9999999999998618,-1.7251555193663579e-18,1.2352680393220305e-24,0.0,0.0,0.0,0.0002106902949755151
2026-08-24T01:18:57.487554,2.79,2.0991428349285553e-18,1.300280212630787e-26,0.0,1.3526243334283095e-06,0.0,0.0,6.763121667141032e-07,0.9999999999997713,1.175424499944869e-17,1.3022733361148654e-24,0.0,0.0,0.0,-7.739266579696389e-05
2026-08-24T01:18:57.517955,2.81,2.1943087772741173e-18,1.2371158300052477e-26,0.0,1.5556532475535791e-06,0.0,0.0,7.77826623776711e-07,0.9999999999996975,7.52580487657307e-18,1.238986043106616e-24,0.0,0.0,0.0,-0.0002705792023832979
2026-08-24T01:18:57.550137,2.83,2.158155340937477e-18,1.1825946719962556e-26,0.0,2.2492073425972596e-06,0.0,0.0,1.1246036712983926e-06,0.9999999999993676,2.0067427027831567e-18,1.184360887845928e-24,0.0,0.0,0.0,2.094535473100024e-05
2026-08-24T01:18:57.582788,2.85,2.2547729515966857e-18,1.0889387981695471e-26,0.0,6.856171110847242e-07,0.0,0.0,3.428085555423554e-07,0.9999999999999413,3.568395670167203e-18,1.0905327898469248e-24,0.0,0.0,0.0,-0.000181326936897572
2026-08-24T01:18:57.620130,2.87,1.9561005981807262e-18,1.1480156384549404e-26,0.0,-4.6381397256212153e-07,0.0,0.0,-2.3190698628105868e-07,0.9999999999999731,-1.7998501752338195e-18,1.1497022431439473e-24,0.0,0.0,0.0,-0.00016399465914324534
2026-08-24T01:18:57.652975,2.89,1.8534709105905093e-18,1.1342295070059378e-26,0.0,-2.1625720236784223e-06,0.0,0.0,-1.0812860118390002e-06,0.9999999999994154,-8.420060838813408e-18,1.1358773463500704e-24,0.0,0.0,0.0,-0.00026369703920043957
2026-08-24T01:18:57.691907,2.91,1.7521501282755235e-18,1.218431873923092e-26,0.0,3.3977616809011124e-07,0.0,0.0,1.698880840450548e-07,0.9999999999999856,-9.307217432432135e-18,1.220206174803227e-24,0.0,0.0,0.0,0.00015052237309538254
2026-08-24T01:18:57.721579,2.93,1.633566951999923e-18,1.1348851653653182e-26,0.0,-8.190320106571393e-07,0.0,0.0,-4.0951600532855814e-07,0.9999999999999162,-6.611065329089778e-18,1.1365170000354738e-24,0.0,0.0,0.0,0.00014059457147028363
2026-08-24T01:18:57.754420,2.95,1.791463508235579e-18,1.1479497178894158e-26,0.0,9.205664954770043e-07,0.0,0.0,4.602832477384859e-07,0.9999999999998941,1.4133162276130117e-18,1.149590098424314e-24,0.0,0.0,0.0,8.773316495452302e-05
2026-08-24T01:18:57.791360,2.97,1.6079605929876021e-18,1.2092182857915234e-26,0.0,1.7393716111868684e-07,0.0,0.0,8.696858055934332e-08,0.9999999999999962,-7.916421282153221e-18,1.2109601143280987e-24,0.0,0.0,0.0,0.0004532293052326364
2026-08-24T01:18:57.820166,2.99,1.743994987923955e-18,9.899266827509565e-27,0.0,-2.972253452249163e-07,0.0,0.0,-1.4861267261245759e-07,0.999999999999989,3.3179458789705053e-18,9.912615874332157e-25,0.0,0.0,0.0,0.00020705791401585884
2026-08-24T01:18:57.854309,3.01,1.5491808786219904e-18,9.814550408169189e-27,0.0,1.4565728010396133e-06,0.0,0.0,7.28286400519742e-07,0.9999999999997348,-4.852186201566329e-18,9.827795930145548e-25,0.0,0.0,0.0,0.00022461626355930333
2026-08-24T01:18:57.885494,3.03,1.919139039963944e-18,6.4094430670449215e-27,0.0,4.37835950295451e-06,0.0,0.0,2.189179751475506e-06,0.9999999999976037,8.458958086442617e-18,6.416522431929448e-25,0.0,0.0,0.0,0.00034830723393969223
2026-08-24T01:18:57.924131,3.05,1.9691956236713625e-18,8.059302219879789e-27,0.0,-9.954520856503284e-07,0.0,0.0,-4.977260428251434e-07,0.9999999999998761,3.314328827531627e-18,8.06928187905067e-25,0.0,0.0,0.0,-0.00012131235212900459
2026-08-24T01:18:57.961299,3.08,2.062071228501139e-18,-2.683594066056341e-32,0.0,1.0467182676165976e-12,0.0,0.0,5.233591338082988e-13,1.0,-7.627627684792797e-19,8.865372674188039e-25,0.0,0.0,0.0,0.00041893354008951003
2026-08-24T01:18:57.989546,3.09,2.054400877473218e-18,8.876338428620182e-27,0.0,-2.16625955884453e-06,0.0,0.0,-1.0831297794220532e-06,0.9999999999994135,-7.713074371048902e-19,8.887691599371538e-25,0.0,0.0,0.0,-6.798170768681469e-05
2026-08-24T01:18:58.023459,3.11,2.1481416197047466e-18,9.87574356496111e-27,0.0,2.4152894253504087e-06,0.0,0.0,1.2076447126749108e-06,0.9999999999992708,8.295307108397964e-20,9.888729014317285e-25,0.0,0.0,0.0,0.00013579658100613986
2026-08-24T01:18:58.058907,3.13,2.4294229195789648e-18,6.688925245157483e-27,0.0,-4.576699237368586e-07,0.0,0.0,-2.2883496186842735e-07,0.9999999999999738,8.66533617450756e-18,6.6961078939147e-25,0.0,0.0,0.0,-0.00039596564918972777
2026-08-24T01:18:58.091610,3.15,2.4062567248119274e-18,4.668635921740043e-27,0.0,3.410007694437667e-06,0.0,0.0,1.7050038472180073e-06,0.9999999999985465,-6.018091867295053e-18,4.67221577773298e-25,0.0,0.0,0.0,0.0001310069485184997
2026-08-24T01:18:58.125118,3.16,2.622532765270287e-18,6.341490034763495e-32,0.0,1.3109513474773848e-12,0.0,0.0,6.554756737386924e-13,1.0,8.85543088279904e-18,-1.1005886418847477e-25,0.0,0.0,0.0,-0.00044877860229234473
2026-08-24T01:18:58.158199,3.19,2.959649636844576e-18,2.1824172601164615e-27,0.0,3.711154643593063e-06,0.0,0.0,1.855577321795466e-06,0.9999999999982784,1.1402052498784602e-17,2.1820196146486726e-25,0.0,0.0,0.0,-0.00014386411048604794
2026-08-24T01:18:58.191242,3.21,2.8289453263407814e-18,4.627870262879574e-27,0.0,2.0961425928334165e-06,0.0,0.0,1.0480712964165164e-06,0.9999999999994508,-3.605929209692733e-18,4.631577718146116e-25,0.0,0.0,0.0,-9.692045503633027e-05
2026-08-24T01:18:58.226415,3.23,2.851033946455457e-18,4.17819221127266e-27,0.0,-1.5362372089988698e-06,0.0,0.0,-7.681186044993593e-07,0.999999999999705,-1.7814728850447116e-18,4.181077008560652e-25,0.0,0.0,0.0,7.459305938728523e-05
2026-08-24T01:18:58.258332,3.25,3.1065775810972e-18,5.683658675669851e-27,0.0,3.1091491510260023e-06,0.0,0.0,1.5545745755123752e-06,0.9999999999987916,1.266948028539131e-17,5.689225322452446e-25,0.0,0.0,0.0,-4.92187558507564e-05
2026-08-24T01:18:58.300397,3.27,3.0546621039397074e-18,7.008579267617004e-27,0.0,-1.0753939960750358e-06,0.0,0.0,-5.37696998037492e-07,0.9999999999998554,-2.056614991187298e-18,7.01641303569371e-25,0.0,0.0,0.0,-0.00018181089236562532
2026-08-24T01:18:58.333077,3.29,3.4155947811424382e-18,8.880874706982266e-27,0.0,2.3997042331025398e-06,0.0,0.0,1.199852116550982e-06,0.9999999999992801,1.2378998677960535e-17,8.892085681043264e-25,0.0,0.0,0.0,-5.390405508000885e-05
2026-08-24T01:18:58.369607,3.3,3.414859907801676e-18,3.478143071720428e-32,0.0,5.169198402654729e-13,0.0,0.0,2.5845992013273644e-13,1.0,4.512945455769581e-18,8.889193240321291e-25,0.0,0.0,0.0,2.900534441175452e-05
2026-08-24T01:18:58.405514,3.32,3.3957843350424404e-18,-7.911581301919975e-33,0.0,4.0811798385220754e-13,0.0,0.0,2.0405899192610377e-13,1.0,-1.051698175037431e-17,9.247704330558442e-25,0.0,0.0,0.0,-6.784796512030556e-05
2026-08-24T01:18:58.438543,3.35,3.643038586106843e-18,1.0581455480538074e-26,0.0,-2.9032372368398285e-06,0.0,0.0,-1.4516186184194045e-06,0.9999999999989464,1.2734497965256206e-17,1.0595388031727896e-24,0.0,0.0,0.0,-2.5716228497005993e-05
2026-08-24T01:18:58.472754,3.37,3.506990650026274e-18,7.466110775451355e-27,0.0,-9.165137715427818e-07,0.0,0.0,-4.5825688577137486e-07,0.999999999999895,-4.898773065561641e-18,7.474258264351327e-25,0.0,0.0,0.0,-0.00029511903153883707
2026-08-24T01:18:58.502085,3.38,3.5176993488639684e-18,-1.461389529580709e-32,0.0,-1.0742517986273015e-12,0.0,0.0,-5.371258993136507e-13,1.0,-2.7134698026204756e-18,8.2225958882797285e-25,0.0,0.0,0.0,-0.00017787970035112479
2026-08-24T01:18:58.535500,3.41,3.5847306929860186e-18,8.958474880716546e-27,0.0,3.05691375324102e-07,0.0,0.0,1.528456876620504e-07,0.9999999999999883,1.4910040823653997e-18,8.969240109381672e-25,0.0,0.0,0.0,-0.00038131211434123925
2026-08-24T01:18:58.567527,3.43,3.665121957007276e-18,8.416200238810335e-27,0.0,-1.6361687027455218e-06,0.0,0.0,-8.180843513726697e-07,0.9999999999996654,4.815109278669965e-18,8.42594870194258e-25,0.0,0.0,0.0,-0.00027392144920551165
2026-08-24T01:18:58.599996,3.45,3.534144349540127e-18,6.1712911685578134e-27,0.0,2.640966960232305e-06,0.0,0.0,1.3204834801157688e-06,0.9999999999991281,-1.454338386366055e-19,6.176889157813125e-25,0.0,0.0,0.0,3.8152543738346025e-05
2026-08-24T01:18:58.631987,3.46,3.3543887020688716e-18,-3.639483204083105e-32,0.0,8.397726958264684e-13,0.0,0.0,4.198863479132342e-13,1.0,-9.644243496071093e-18,9.323756070060717e-25,0.0,0.0,0.0,3.403256410627375e-05
2026-08-24T01:18:58.664788,3.49,3.3457942291409855e-18,8.260639244330102e-27,0.0,-1.799989726158913e-07,0.0,0.0,-8.999948630794551e-08,0.999999999999996,3.69175471132516e-18,8.269847001454702e-25,0.0,0.0,0.0,0.0002889407118414874
2026-08-24T01:18:58.699069,3.51,3.35716225775243e-18,8.671211762836257e-27,0.0,2.9645113670540013e-06,0.0,0.0,1.482255683526458e-06,0.9999999999989014,4.643850144863311e-18,8.681114379993508e-25,0.0,0.0,0.0,-0.00016809628079300117
2026-08-24T01:18:58.734462,3.5300000000000002,3.2599176695146528e-18,9.871345727210962e-27,0.0,2.1816299056176547e-06,0.0,0.0,1.090814952808611e-06,0.999999999999405,-2.2717391278614635e-18,9.883361094284118e-25,0.0,0.0,0.0,-5.566345981046321e-05
2026-08-24T01:18:58.770231,3.55,3.1078362411232273e-18,1.1066257019733353e-26,0.0,8.276127467787832e-07,0.0,0.0,4.138063733893797e-07,0.9999999999999144,-6.530459873674551e-18,1.1080386210828726e-24,0.0,0.0,0.0,0.0002934650201066838
2026-08-24T01:18:58.800300,3.5700000000000003,3.1317058583568303e-18,9.639140376245355e-27,0.0,-4.904251489801226e-06,0.0,0.0,-2.4521257448981556e-06,0.9999999999969935,3.2434890615695225e-18,9.650472292419373e-25,0.0,0.0,0.0,0.00010430168950764781
2026-08-24T01:18:58.832097,3.59,2.7912892364398872e-18,8.616116792028844e-28,0.0,1.8692260925767814e-06,0.0,0.0,9.346130462882545e-07,0.9999999999995632,-6.338013529267398e-18,8.569683899098387e-26,0.0,0.0,0.0,-0.00017029601184899331
2026-08-24T01:18:58.865839,3.61,2.892447415657472e-18,3.3798678325237203e-28,0.0,-2.0893881691463892e-07,0.0,0.0,-1.0446940845731926e-07,0.9999999999999946,5.6146828404539624e-18,3.3254162380750717e-26,0.0,0.0,0.0,8.118194829472601e-05
2026-08-24T01:18:58.899404,3.63,2.9129172588667694e-18,5.596841594097859e-28,0.0,1.8029321626755743e-06,0.0,0.0,9.014660813376652e-07,0.9999999999995937,-1.3213271856175874e-18,5.546903543972644e-26,0.0,0.0,0.0,-2.068604151663617e-05
2026-08-24T01:18:58.928958,3.65,2.7791849688453455e-18,1.5675963613928185e-27,0.0,9.16401724282423e-07,0.0,0.0,4.5820086214119543e-07,0.999999999999895,-4.8691266849000844e-18,1.5644901273981987e-25,0.0,0.0,0.0,0.0002786985685045746
2026-08-24T01:18:58.961746,3.67,2.8522896157543122e-18,3.0291961142446967e-28,0.0,-3.061859283004509e-06,0.0,0.0,-1.5309296415016564e-06,0.9999999999988282,1.249012639501607e-18,2.97472088764785e-26,0.0,0.0,0.0,0.0003524497450948133
2026-08-24T01:18:58.993755,3.69,2.5506546485717395e-18,-4.033999562322121e-27,0.0,-3.8051183746112827e-06,0.0,0.0,-1.9025591873044936e-06,0.9999999999981901,-8.033873913342736e-18,-4.0472603084400275e-25,0.0,0.0,0.0,0.000408084912364256
2026-08-24T01:18:59.027408,3.71,2.5908358236699928e-18,-3.201890296781393e-27,0.0,3.5419983746010075e-07,0.0,0.0,1.7709991873004945e-07,0.9999999999999843,-8.531112881434285e-18,-3.2136089632351267e-25,0.0,0.0,0.0,-0.00013628262379014098
2026-08-24T01:18:59.063650,3.73,2.5421126913705757e-18,-2.59487568226094e-27,0.0,-4.15674800979815e-06,0.0,0.0,-2.078374004897579e-06,0.9999999999978402,-7.740381377846819e-18,-2.605305111844762e-25,0.0,0.0,0.0,8.201929327044223e-05
2026-08-24T01:18:59.092565,3.75,2.521384210145499e-18,-2.470899971654746e-27,0.0,1.4198264381981576e-06,0.0,0.0,7.099132190990191e-07,0.999999999999748,-3.340242402395378e-19,-2.4810443731564645e-25,0.0,0.0,0.0,0.00038034105542524596
2026-08-24T01:18:59.127698,3.77,2.577309049158363e-18,-3.018363635467246e-27,0.0,2.2802787942310947e-06,0.0,0.0,1.1401393971153002e-06,0.9999999999993501,-8.472001766751852e-19,-3.029403696817629e-25,0.0,0.0,0.0,-0.00015158419675609817
2026-08-24T01:18:59.155780,3.79,2.853693494124512e-18,-6.2241351418138684e-27,0.0,2.549855607103524e-06,0.0,0.0,1.2749278035514166e-06,0.9999999999991873,4.339807786137274e-18,-6.240971119202611e-25,0.0,0.0,0.0,-0.00016114552755885995
2026-08-24T01:18:59.191938,3.81,2.704822343692122e-18,-4.4107805821125315e-27,0.0,1.188113568417748e-06,0.0,0.0,5.94056784208839e-07,0.9999999999998236,-4.2363997350849635e-18,-4.424146678083761e-25,0.0,0.0,0.0,0.0004060459469534931
2026-08-24T01:18:59.224994,3.83,2.64822933570962e-18,-5.160619576039648e-27,0.0,1.6723825977393858e-06,0.0,0.0,8.361912988695955e-07,0.9999999999996504,-1.979349010087584e-18,-5.175267521678914e-25,0.0,0.0,0.0,2.0434598185583398e-05
2026-08-24T01:18:59.257399,3.85,2.70258089958766e-18,-5.647754454154099e-27,0.0,4.680187458472318e-06,0.0,0.0,2.340093729234023e-06,0.999999999997262,1.7379491858248608e-18,-5.663203298793533e-25,0.0,0.0,0.0,-0.00012312899847637723
2026-08-24T01:18:59.294469,3.87,2.8650924572962938e-18,-9.614681848558439e-27,0.0,-1.8438156064171103e-06,0.0,0.0,-9.219078032084243e-07,0.999999999999575,9.93837787182136e-19,-9.637274334584824e-25,0.0,0.0,0.0,0.00011642417117318105
2026-08-24T01:18:59.325699,3.89,3.0066605093290194e-18,-8.397518965984934e-27,0.0,3.012848798888967e-06,0.0,0.0,1.5064243994439139e-06,0.9999999999988654,7.456727133840652e-18,-8.41766376101608e-25,0.0,0.0,0.0,-5.6724145961300956e-05
2026-08-24T01:18:59.364140,3.91,2.949976111947341e-18,-6.788611659657777e-27,0.0,2.001987395416905e-06,0.0,0.0,1.000993697708285e-06,0.999999999999499,1.6492114726798934e-18,-6.805727459407955e-25,0.0,0.0,0.0,1.8611664930984488e-05
2026-08-24T01:18:59.394918,3.93,2.944057820723778e-18,-6.694760867252304e-27,0.0,1.5176884020640102e-06,0.0,0.0,7.588442010319323e-07,0.9999999999997121,-2.9529542202734493e-18,-6.711526778836552e-25,0.0,0.0,0.0,0.00017305248414137384
2026-08-24T01:18:59.422890,3.95,2.9892078030241766e-18,-7.244178475991776e-27,0.0,-1.1786740636843265e-06,0.0,0.0,-5.89337031842129e-07,0.9999999999998264,3.9065996928199444e-18,-7.261908516375453e-25,0.0,0.0,0.0,0.00012927705266881298
2026-08-24T01:18:59.461188,3.98,2.8240813732211875e-18,-1.156895285699382e-32,0.0,2.374989094278135e-12,0.0,0.0,1.1874945471390674e-12,1.0,-4.422168650753794e-18,-7.928020208778796e-25,0.0,0.0,0.0,0.0002062655334951854
2026-08-24T01:18:59.525829,4.01,3.0869265072199103e-18,-1.0002595119225769e-26,0.0,2.228817923111137e-06,0.0,0.0,1.114408961555338e-06,0.999999999999379,1.0867023096093583e-17,-1.0024988250735986e-24,0.0,0.0,0.0,-0.00020926931770976864
2026-08-24T01:18:59.558382,4.03,3.076330610744898e-18,-1.0053019204527424e-26,0.0,-1.7216217140791914e-06,0.0,0.0,-8.608108570394893e-07,0.9999999999996295,4.3341471353069964e-18,-1.0075331876924903e-24,0.0,0.0,0.0,0.00013458911711898965
2026-08-24T01:18:59.591370,4.04,3.044604489192141e-18,-3.785447853618127e-32,0.0,-1.0436096431476471e-13,0.0,0.0,-5.218048215738236e-14,1.0,7.541019322927376e-18,-9.72026102651967e-25,0.0,0.0,0.0,-1.7738169424908238e-05
2026-08-24T01:18:59.629059,4.07,3.2101421147359725e-18,-8.722932534144562e-27,0.0,-2.9457485828388036e-07,0.0,0.0,-1.4728742914193962e-07,0.9999999999999891,6.7360851999273774e-18,-8.742436297843595e-25,0.0,0.0,0.0,0.00013495830644154932
2026-08-24T01:18:59.659031,4.09,3.200099226287439e-18,-8.174518263607188e-27,0.0,4.609133719135628e-07,0.0,0.0,2.3045668595677933e-07,0.9999999999999735,1.5440740459533082e-18,-8.192853326528013e-25,0.0,0.0,0.0,0.00017397198350369757
2026-08-24T01:18:59.694805,4.11,3.1170480153682397e-18,-7.70655314631546e-27,0.0,-1.0417882809754533e-06,0.0,0.0,-5.20894140487703e-07,0.9999999999998643,-2.5666658676560276e-18,-7.723881824561761e-25,0.0,0.0,0.0,0.00018960648388356696
2026-08-24T01:18:59.728511,4.13,3.1656158855315405e-18,-7.509367605208073e-27,0.0,-9.837506631527049e-08,0.0,0.0,-4.9187533157635224e-08,0.9999999999999988,-1.311166686066578e-19,-7.526234614258912e-25,0.0,0.0,0.0,-7.446568676915314e-05
2026-08-24T01:18:59.763575,4.15,3.2754187588438726e-18,-7.356232432911913e-27,0.0,-1.2038435888150902e-06,0.0,0.0,-6.019217944075087e-07,0.9999999999998188,6.230128432269331e-18,-7.3726695615758295e-25,0.0,0.0,0.0,0.00010593034328464313
2026-08-24T01:18:59.799176,4.17,3.200802312297906e-18,-7.593876639950717e-27,0.0,2.2069024057103097e-06,0.0,0.0,1.1034512028549308e-06,0.9999999999993912,-3.4296687631356845e-19,-7.610638295233814e-25,0.0,0.0,0.0,-6.597327596021877e-05
2026-08-24T01:18:59.834436,4.19,3.186433886407694e-18,-7.614831598538973e-27,0.0,-4.9068872960411625e-06,0.0,0.0,-2.4534436480181198e-06,0.9999999999969903,-4.704667277119061e-18,-7.631483159269895e-25,0.0,0.0,0.0,3.0188836474295323e-05
2026-08-24T01:18:59.871801,4.21,3.2525512538707277e-18,-6.146376994953841e-27,0.0,-2.2627203439817833e-06,0.0,0.0,-1.1313601719906503e-06,0.9999999999993601,7.589270720195968e-18,-6.16008191935404e-25,0.0,0.0,0.0,-6.854700727784824e-05
2026-08-24T01:18:59.902163,4.23,2.9919499234382447e-18,-9.439621834558306e-27,0.0,-1.9839717735337108e-06,0.0,0.0,-9.919858867666925e-07,0.999999999999508,-1.193022557231312e-17,-9.459611735538335e-25,0.0,0.0,0.0,-0.00013485992271462815
2026-08-24T01:18:59.935531,4.24,3.1039153841872595e-18,-4.764635183862415e-32,0.0,-9.259260025373806e-13,0.0,0.0,-4.629630012686903e-13,1.0,4.895814349822357e-18,-6.148325666135326e-25,0.0,0.0,0.0,-2.488433925087754e-05
2026-08-24T01:18:59.973442,4.26,3.150658900582495e-18,-2.1157480059168993e-32,0.0,5.364597654988756e-13,0.0,0.0,2.682298827494378e-13,1.0,-9.598108057722877e-19,-5.496528396180926e-25,0.0,0.0,0.0,6.099810935854144e-05
2026-08-24T01:19:00.004137,4.29,3.312443682374566e-18,-6.083955895876361e-27,0.0,-2.770579622612957e-06,0.0,0.0,-1.3852898113060352e-06,0.9999999999990404,1.772951032477696e-18,-6.0972741126706385e-25,0.0,0.0,0.0,0.00017500745993398746
2026-08-24T01:19:00.037453,4.31,3.494706439509243e-18,-3.594689825564301e-27,0.0,1.0055915011797367e-06,0.0,0.0,5.027957505898472e-07,0.9999999999998735,6.53398094747395e-18,-3.6032398501448363e-25,0.0,0.0,0.0,-2.6744193013124147e-05
2026-08-24T01:19:00.072650,4.33,3.290753863005122e-18,-2.4518790754013916e-27,0.0,4.285812038595793e-07,0.0,0.0,2.1429060192978802e-07,0.999999999999977,-5.810139138632952e-18,-2.458285150069337e-25,0.0,0.0,0.0,-3.05390929834556e-05
2026-08-24T01:19:00.101602,4.35,3.3722236934257066e-18,-2.5668754218822788e-27,0.0,-1.904765803306674e-06,0.0,0.0,-9.52382901653193e-07,0.9999999999995465,1.998920838154188e-18,-2.573465327719129e-25,0.0,0.0,0.0,-3.627670799418592e-05
2026-08-24T01:19:00.139393,4.38,3.4489590825941172e-18,-4.694163682412257e-33,0.0,6.910028105266974e-13,0.0,0.0,3.455014052633487e-13,1.0,-2.7414252771562115e-18,-4.449081267921996e-25,0.0,0.0,0.0,0.00011371064473932651
2026-08-24T01:19:00.166441,4.39,3.421440127430414e-18,-4.459019624558831e-27,0.0,-1.8606356926298417e-06,0.0,0.0,-9.303178463147867e-07,0.9999999999995672,-2.7623657555844405e-18,-4.468989967245057e-25,0.0,0.0,0.0,9.171280197090397e-05
2026-08-24T01:19:00.200985,4.41,3.447272960423748e-18,-3.9764357320245934e-27,0.0,1.3404946304085286e-06,0.0,0.0,6.702473152042141e-07,0.9999999999997754,-2.623075731374778e-18,-3.9854755278333463e-25,0.0,0.0,0.0,-1.4511776183696862e-05
2026-08-24T01:19:00.233745,4.43,3.726181675289361e-18,-5.620884556724551e-27,0.0,-4.791043667129458e-06,0.0,0.0,-2.3955218335624376e-06,0.9999999999971307,1.3592180740629743e-17,-5.632961322916446e-25,0.0,0.0,0.0,-0.0002542978844686136
2026-08-24T01:19:00.269843,4.45,3.660451772413908e-18,-1.1528863244801908e-26,0.0,-5.476946967064579e-07,0.0,0.0,-2.7384734835322544e-07,0.9999999999999625,2.256595138249567e-18,-1.1551733522491217e-24,0.0,0.0,0.0,-3.983162617833734e-05
2026-08-24T01:19:00.298415,4.47,3.609570505020679e-18,-1.1578839624196141e-26,0.0,2.9787186051066783e-07,0.0,0.0,1.4893593025533336e-07,0.9999999999999889,-1.5367359573885949e-18,-1.160164533218863e-24,0.0,0.0,0.0,-0.00016185252363876373
2026-08-24T01:19:00.330767,4.49,3.626224156096188e-18,-1.122809166795536e-26,0.0,-6.214037249208105e-07,0.0,0.0,-3.1070186246040023e-07,0.9999999999999517,8.668018720617988e-18,-1.1250038726954267e-24,0.0,0.0,0.0,-0.0005454704006075345
2026-08-24T01:19:00.365951,4.51,3.5232085951340995e-18,-1.4369842978514653e-26,0.0,2.557502038591508e-06,0.0,0.0,1.2787510192954055e-06,0.9999999999991824,3.885025465028778e-18,-1.4397497976100353e-24,0.0,0.0,0.0,0.00022089919235495774
2026-08-24T01:19:00.400584,4.53,3.541186648229468e-18,-1.3539667595964662e-26,0.0,-2.8823583306802902e-06,0.0,0.0,-1.4411791653396462e-06,0.9999999999989615,1.273246887622963e-18,-1.3565573977005432e-24,0.0,0.0,0.0,0.0004323415071482205
2026-08-24T01:19:00.436550,4.54,3.4295196959454906e-18,7.231693055143954e-33,0.0,4.001243780749064e-13,0.0,0.0,2.000621890374532e-13,1.0,-5.501016893559276e-18,-1.5400040114618184e-24,0.0,0.0,0.0,0.0001604617788537838
2026-08-24T01:19:00.476141,4.57,3.4218439070941266e-18,-1.6309939702753935e-26,0.0,1.7160746201838606e-07,0.0,0.0,8.580373100919292e-08,0.9999999999999963,-1.7996170381548464e-18,-1.6340571688742711e-24,0.0,0.0,0.0,0.00010136257419711973
2026-08-24T01:19:00.505301,4.59,3.2492840425913185e-18,-1.6030710976502855e-26,0.0,-1.3632432827037633e-06,0.0,0.0,-6.816216413518288e-07,0.9999999999997677,-6.0637806659643054e-18,-1.6060585816038345e-24,0.0,0.0,0.0,-0.0001985563280220459
2026-08-24T01:19:00.535519,4.61,3.37127033341678e-18,-1.4102650113058107e-26,0.0,-1.7073718971971627e-07,0.0,0.0,-8.536859485985804e-08,0.9999999999999963,5.431358424215213e-18,-1.412865409901511e-24,0.0,0.0,0.0,5.92464644312252e-05
2026-08-24T01:19:00.570245,4.63,3.238239084805659e-18,-1.3867726656250434e-26,0.0,3.3184744197001237e-07,0.0,0.0,1.6592372098500542e-07,0.9999999999999862,2.6574642632108626e-18,-1.3893180830804829e-24,0.0,0.0,0.0,3.176249471317186e-05
2026-08-24T01:19:00.601566,4.65,2.8809056149802443e-18,-1.3044162713911465e-26,0.0,-1.8328088300378909e-06,0.0,0.0,-9.164044150188172e-07,0.9999999999995801,-1.5877334549091942e-17,-1.3067859525990802e-24,0.0,0.0,0.0,-4.6825031169870273e-05
2026-08-24T01:19:00.631961,4.67,3.0047453046295176e-18,-1.0200280384704607e-26,0.0,2.6712017384689095e-06,0.0,0.0,1.3356008692340575e-06,0.999999999999108,-9.703852762228983e-19,-1.0218539120940183e-24,0.0,0.0,0.0,5.169354514247262e-05
2026-08-24T01:19:00.663935,4.68,3.1486478536551294e-18,2.3742530564581598e-32,0.0,8.855138844410249e-13,0.0,0.0,4.4275694222051243e-13,1.0,7.009928651797161e-18,-1.2878422150692526e-24,0.0,0.0,0.0,-0.0002433430314560393
2026-08-24T01:19:00.703667,4.71,3.0951738291630335e-18,-1.441690174291621e-26,0.0,4.16493980015531e-06,0.0,0.0,2.0824699000761496e-06,0.9999999999978316,-6.369648811575221e-19,-1.4442705102875105e-24,0.0,0.0,0.0,-0.00022582181368870975
2026-08-24T01:19:00.735238,4.73,2.9104414938299322e-18,-1.1021220599729914e-26,0.0,-5.971819385663935e-07,0.0,0.0,-2.985909692831923e-07,0.9999999999999554,-1.0629700488155462e-17,-1.1040386062929702e-24,0.0,0.0,0.0,0.00021891919610498038
2026-08-24T01:19:00.758410,4.75,2.951330638580871e-18,-1.1786389985712602e-26,0.0,2.198110126805375e-06,0.0,0.0,1.0990550634024662e-06,0.999999999999396,-4.416745126346646e-18,-1.1806990399391302e-24,0.0,0.0,0.0,7.081778027515792e-05
2026-08-24T01:19:00.793438,4.76,3.0855664611894076e-18,1.9570082881486846e-33,0.0,8.073541835074138e-13,0.0,0.0,4.036770917537069e-13,1.0,1.5618144456179858e-18,-1.3843174298173741e-24,0.0,0.0,0.0,0.0001353239552920381
2026-08-24T01:19:00.819663,4.79,3.0537390232297392e-18,-1.333711498012269e-26,0.0,-1.5588310504632832e-06,0.0,0.0,-7.794155252315626e-07,0.9999999999996962,-3.9910690376312074e-18,-1.3360222685248562e-24,0.0,0.0,0.0,-1.0793591938954331e-05
2026-08-24T01:19:00.852839,4.8100000000000005,2.700021118537681e-18,-1.5279056328894492e-26,0.0,-1.5603603538139055e-06,0.0,0.0,-7.801801769068735e-07,0.9999999999996957,-1.8246572099178315e-17,-1.5305771166275261e-24,0.0,0.0,0.0,5.2222459261495386e-05
2026-08-24T01:19:00.884995,4.83,2.8069695866675328e-18,-1.350488104856774e-26,0.0,6.049494083448792e-07,0.0,0.0,3.02474704172435e-07,0.9999999999999543,-6.169875578473827e-18,-1.3528000190215282e-24,0.0,0.0,0.0,-7.86989698813598e-05
2026-08-24T01:19:00.913767,4.85,2.531253000844251e-18,-1.2312974051686007e-26,0.0,-9.124663562509738e-07,0.0,0.0,-4.562331781254711e-07,0.999999999999896,-9.497963997537665e-18,-1.2333635861677406e-24,0.0,0.0,0.0,2.5803478182462766e-05
2026-08-24T01:19:00.947779,4.87,2.725099338321191e-18,-1.1187850346126094e-26,0.0,-3.2038848907234296e-08,0.0,0.0,-1.6019424453617148e-08,0.9999999999999999,8.02729759303723e-18,-1.1206247958784164e-24,0.0,0.0,0.0,-0.0001516647095425303
2026-08-24T01:19:00.973497,4.89,2.5409429620254955e-18,-1.174489123443974e-26,0.0,9.761114738715548e-07,0.0,0.0,4.88055736935758e-07,0.9999999999998809,-5.22108715358378e-18,-1.1764256108499126e-24,0.0,0.0,0.0,-0.00030115073715721995
2026-08-24T01:19:01.005050,4.91,2.4631919717204233e-18,-1.0357443658951374e-26,0.0,-2.6625155857828986e-08,0.0,0.0,-1.3312577928914493e-08,0.9999999999999999,-3.7435980112950136e-19,-1.03740075400277e-24,0.0,0.0,0.0,-0.0002923377302598609
2026-08-24T01:19:01.037045,4.93,2.3419787961500404e-18,-1.0131309241562992e-26,0.0,1.1569312641235285e-06,0.0,0.0,5.78465632061732e-07,0.9999999999998327,-9.521710920643929e-18,-1.0147428569762248e-24,0.0,0.0,0.0,5.791603006218552e-05
2026-08-24T01:19:01.067064,4.95,2.454629573074113e-18,-1.1486388388089683e-26,0.0,-3.9951511876523693e-07,0.0,0.0,-1.997575593826171e-07,0.99999999999998,-3.740321672238714e-18,-1.150482942584897e-24,0.0,0.0,0.0,8.302988110620112e-05
2026-08-24T01:19:01.103683,4.97,2.3977011860636577e-18,-1.1538312087509541e-26,0.0,3.0495637095562253e-06,0.0,0.0,1.5247818547775214e-06,0.9999999999988375,-2.0878525343756693e-18,-1.1556732118856749e-24,0.0,0.0,0.0,-0.00010054571045520785
2026-08-24T01:19:01.134278,4.99,2.462217190486626e-18,-1.2778387832362534e-26,0.0,-2.1215704615329406e-07,0.0,0.0,-1.060785230766468e-07,0.9999999999999943,-2.531045408579594e-18,-1.279895770302734e-24,0.0,0.0,0.0,0.00030943144171771464
2026-08-24T01:19:01.169050,5.01,2.56324076959409e-18,-1.2889373614451926e-26,0.0,9.855250104884308e-07,0.0,0.0,4.927625052441954e-07,0.9999999999998785,1.7165050190514159e-18,-1.2910053226234747e-24,0.0,0.0,0.0,-0.0001615204664067969
2026-08-24T01:19:01.195552,5.03,2.238917853920536e-18,-1.1318520726904417e-26,0.0,-6.206703262456871e-07,0.0,0.0,-3.103351631228385e-07,0.9999999999999518,-1.3601367254905347e-17,-1.1336089430051594e-24,0.0,0.0,0.0,0.0002843812649822904
2026-08-24T01:19:01.230238,5.05,2.4644695825739472e-18,-1.2416418248440813e-26,0.0,-1.8384057676179566e-06,0.0,0.0,-9.192028838088488e-07,0.9999999999995776,5.752369616281617e-18,-1.2435991775509697e-24,0.0,0.0,0.0,5.649455476680653e-05
2026-08-24T01:19:01.261830,5.07,2.4537586137111215e-18,-1.2769353409846453e-26,0.0,1.7191556249684938e-06,0.0,0.0,8.595778124841409e-07,0.9999999999996305,6.080519334456623e-18,-1.2789306101277027e-24,0.0,0.0,0.0,0.00025180033888224827
2026-08-24T01:19:01.289416,5.09,2.410024022251254e-18,-1.0982968363794457e-26,0.0,4.877584030005265e-07,0.0,0.0,2.438792015002609e-07,0.9999999999999702,-1.279705581759375e-18,-1.0999432335327717e-24,0.0,0.0,0.0,-0.00025545066858033807
2026-08-24T01:19:01.324227,5.11,2.2004494538484804e-18,-1.0137749766927062e-26,0.0,-2.5476051237482977e-06,0.0,0.0,-1.2738025618738043e-06,0.9999999999991888,-7.749239918329464e-18,-1.015258691798258e-24,0.0,0.0,0.0,-0.00012336142702101718
2026-08-24T01:19:01.357262,5.13,2.232400776258642e-18,-8.397237910301425e-27,0.0,1.3305216435277602e-06,0.0,0.0,6.65260821763831e-07,0.9999999999997787,5.910326798308778e-19,-8.408649846912612e-25,0.0,0.0,0.0,-0.00023089457018112583
2026-08-24T01:19:01.391399,5.15,2.314961843241301e-18,-8.864231277973755e-27,0.0,1.0965059447087815e-06,0.0,0.0,5.482529723543631e-07,0.9999999999998497,2.0471949160119773e-18,-8.876458334620187e-25,0.0,0.0,0.0,-0.00013311218434911462
2026-08-24T01:19:01.422982,5.17,2.1543979362263587e-18,-7.927332747138475e-27,0.0,-1.643654247374116e-06,0.0,0.0,-8.218271236869653e-07,0.9999999999996623,-4.760703294860032e-18,-7.937711763878821e-25,0.0,0.0,0.0,3.7118258531968694e-05
2026-08-24T01:19:01.454099,5.2,2.2608544597265927e-18,-2.7216508781347234e-32,0.0,1.2896350654045818e-12,0.0,0.0,6.448175327022909e-13,1.0,2.128370805622008e-19,-3.8876535219135996e-25,0.0,0.0,0.0,0.00016948696844601148
2026-08-24T01:19:01.484530,5.21,2.2629994399560352e-18,-3.890516028323749e-27,0.0,-5.820133770484404e-07,0.0,0.0,-2.9100668852421605e-07,0.9999999999999577,2.1616572621692374e-19,-3.893197727483654e-25,0.0,0.0,0.0,-0.0002510843205132061
2026-08-24T01:19:01.517596,5.23,1.945159927593686e-18,-4.681786539129285e-27,0.0,4.295280189303698e-07,0.0,0.0,2.1476400946518317e-07,0.9999999999999769,-1.421871151565479e-17,-4.686080081066827e-25,0.0,0.0,0.0,0.00019959614057735888
2026-08-24T01:19:01.549030,5.25,2.1228224654096566e-18,-6.834242719841598e-27,0.0,-5.504296991531986e-07,0.0,0.0,-2.7521484957659587e-07,0.9999999999999621,2.611918623812812e-18,-6.842464639257316e-25,0.0,0.0,0.0,4.5800525457197205e-05
2026-08-24T01:19:01.582865,5.26,2.0496462602075635e-18,-9.619735444054759e-33,0.0,-2.5757174171303632e-14,0.0,0.0,-1.2878587085651816e-14,1.0,3.3431183639515948e-18,-6.853938647383503e-25,0.0,0.0,0.0,0.0001672171110834442
2026-08-24T01:19:01.613220,5.29,2.007443357679472e-18,-5.91583800478763e-27,0.0,-1.280466017661297e-07,0.0,0.0,-6.402330088306481e-08,0.999999999999998,-5.19615831694041e-18,-5.92209644162447e-25,0.0,0.0,0.0,-0.00021840779621729354
2026-08-24T01:19:01.641922,5.31,1.9824913522951274e-18,-5.1442480167073286e-27,0.0,7.036003997207275e-07,0.0,0.0,3.5180019986035645e-07,0.9999999999999382,8.684878243939784e-19,-5.149046202862253e-25,0.0,0.0,0.0,-7.938643822455962e-05
2026-08-24T01:19:01.677506,5.33,1.8595670862717896e-18,-4.622034527124239e-27,0.0,3.767008216470913e-07,0.0,0.0,1.8835041082354453e-07,0.9999999999999822,-2.9429046337221336e-18,-4.62584089532231e-25,0.0,0.0,0.0,3.0642078582406935e-05
2026-08-24T01:19:01.706516,5.35,1.877415861166446e-18,-4.675839961214959e-27,0.0,-5.138485810185501e-07,0.0,0.0,-2.569242905092722e-07,0.999999999999967,-1.968280589503897e-18,-4.679717133268569e-25,0.0,0.0,0.0,0.00010031048362677938
2026-08-24T01:19:01.737775,5.37,2.190952622540286e-18,-3.848107775806022e-27,0.0,1.5217412663304233e-06,0.0,0.0,7.608706331651382e-07,0.9999999999997106,8.013503674787691e-18,-3.850414357914191e-25,0.0,0.0,0.0,2.3598840944618032e-05
2026-08-24T01:19:01.768687,5.39,2.0499135534103835e-18,-2.142586079568644e-27,0.0,4.025870948165533e-06,0.0,0.0,2.012935474081407e-06,0.9999999999979741,-2.1843379237788984e-18,-2.141649698735889e-25,0.0,0.0,0.0,0.00017729032210321265
2026-08-24T01:19:01.796173,5.41,1.998001220399478e-18,-1.6204326298032097e-27,0.0,3.539428048870974e-06,0.0,0.0,1.7697140244345633e-06,0.999999999998434,-2.262703369204041e-18,-1.6184990470063033e-25,0.0,0.0,0.0,-0.00039333165896762745
2026-08-24T01:19:01.826155,5.43,2.0576741529377785e-18,-2.6067466728294223e-27,0.0,8.437967653485148e-07,0.0,0.0,4.218983826742448e-07,0.999999999999911,-7.797680167921385e-19,-2.6067074894657224e-25,0.0,0.0,0.0,0.00021628603501525157
2026-08-24T01:19:01.853760,5.45,2.1942177681842546e-18,-3.1793563341779948e-27,0.0,1.8891741397908388e-06,0.0,0.0,9.44587069895279e-07,0.9999999999995539,6.334126081177289e-18,-3.1804739114754775e-25,0.0,0.0,0.0,-3.035712230051792e-05
2026-08-24T01:19:01.885239,5.47,2.1031327075742507e-18,-1.9547270851043546e-27,0.0,-3.086510710570422e-06,0.0,0.0,-1.5432553552845987e-06,0.9999999999988092,-1.6267286643681033e-18,-1.9534645335536027e-25,0.0,0.0,0.0,-0.00023814414687406023
2026-08-24T01:19:01.916860,5.49,2.06291719078353e-18,-2.2883289808118944e-27,0.0,-6.417525404422976e-07,0.0,0.0,-3.208762702211432e-07,0.9999999999999485,3.515839915340941e-19,-2.2876989441891892e-25,0.0,0.0,0.0,0.00014202336845148988
2026-08-24T01:19:01.944094,5.51,2.2112783730226272e-18,-1.7677562562654516e-27,0.0,1.1688985024349563e-06,0.0,0.0,5.844492512174449e-07,0.9999999999998292,6.063936821065029e-18,-1.7661738338922474e-25,0.0,0.0,0.0,0.00021186186952832986
2026-08-24T01:19:01.973815,5.53,1.9688002013582666e-18,5.204461587500341e-28,0.0,-4.439703422676189e-07,0.0,0.0,-2.2198517113380762e-07,0.9999999999999754,-1.0916508619869042e-17,5.264563212115666e-26,0.0,0.0,0.0,-0.0003672828042441205
2026-08-24T01:19:02.009996,5.55,1.9930371243253574e-18,3.1526224237724177e-27,0.0,-3.884269346166036e-06,0.0,0.0,-1.942134673081797e-06,0.9999999999981141,-5.487482211289984e-18,3.1633821231727747e-25,0.0,0.0,0.0,0.00011863008768178593
2026-08-24T01:19:02.040278,5.57,2.1581008861757757e-18,6.523944097400912e-27,0.0,-3.0975465783456e-06,0.0,0.0,-1.548773289172181e-06,0.9999999999988006,5.207885898402326e-18,6.541014471687109e-25,0.0,0.0,0.0,-0.00046998638675598936
2026-08-24T01:19:02.068204,5.59,1.979101723683734e-18,1.9966665790631775e-27,0.0,2.154707987145344e-06,0.0,0.0,1.0773539935724633e-06,0.9999999999994197,-7.749596476022117e-18,2.0048040997743622e-25,0.0,0.0,0.0,-4.284850070742258e-05
2026-08-24T01:19:02.094799,5.61,2.062923072891572e-18,4.387058307039944e-28,0.0,1.836736439830844e-06,0.0,0.0,9.183682199152929e-07,0.9999999999995783,-2.9854598872802564e-18,4.4413094275300244e-26,0.0,0.0,0.0,-0.0001493328180808487
2026-08-24T01:19:02.128969,5.62,2.110616104305743e-18,-7.4941708053707705e-34,0.0,9.547918011776346e-14,0.0,0.0,4.773959005888173e-14,1.0,2.1670656756697395e-18,-8.3524731895036e-27,0.0,0.0,0.0,8.046754487521773e-06
2026-08-24T01:19:02.159877,5.65,2.0538020788334452e-18,-3.074393834134659e-30,0.0,2.6746373640307297e-06,0.0,0.0,1.3373186820149663e-06,0.9999999999991058,-3.289778058866807e-18,1.4200726792680933e-28,0.0,0.0,0.0,1.7188421923252967e-05
2026-08-24T01:19:02.193386,5.67,2.1488488584960972e-18,-1.8648350603109748e-27,0.0,-3.008073843346893e-07,0.0,0.0,-1.5040369216734406e-07,0.9999999999999887,-1.2548355852362367e-18,-1.8638624939043066e-25,0.0,0.0,0.0,0.00012278150026371614
2026-08-24T01:19:02.223295,5.69,2.101596307343516e-18,-1.9351198559871244e-27,0.0,-6.567515908884046e-08,0.0,0.0,-3.283757954442023e-08,0.9999999999999994,-5.023531517899196e-18,-1.9342927566609736e-25,0.0,0.0,0.0,0.0004825969076270399
2026-08-24T01:19:02.254526,5.71,2.3536972527131082e-18,-3.2173403141741587e-27,0.0,1.077024911033675e-06,0.0,0.0,5.385124555168114e-07,0.999999999999855,1.0134386450901529e-17,-3.219105501734953e-25,0.0,0.0,0.0,0.0001357578516288201
2026-08-24T01:19:02.288771,5.73,2.259282241090644e-18,-1.3741274544611716e-27,0.0,2.4580731174950188e-06,0.0,0.0,1.2290365587472e-06,0.9999999999992447,1.6263835133550178e-18,-1.3722363047310342e-25,0.0,0.0,0.0,6.372418638010729e-05
2026-08-24T01:19:02.319398,5.75,2.3489759996643213e-18,-2.496043204440784e-27,0.0,1.1022487069745066e-06,0.0,0.0,5.511243534872255e-07,0.9999999999998481,-6.6754025675286265e-19,-2.4962749453685767e-25,0.0,0.0,0.0,-0.00038615539194245083
2026-08-24T01:19:02.352349,5.77,2.4547811925527505e-18,-2.917918992588856e-27,0.0,1.8612635304116054e-06,0.0,0.0,9.306317652056683e-07,0.999999999999567,2.310389148038862e-18,-2.9189347778320453e-25,0.0,0.0,0.0,-2.2073304675314712e-05
2026-08-24T01:19:02.382444,5.78,2.5434059209171434e-18,3.4771585427882576e-33,0.0,4.556355293061642e-13,0.0,0.0,2.278177646530821e-13,1.0,1.6750905722588836e-18,-3.8114610701480712e-25,0.0,0.0,0.0,-1.084092829279866e-05
2026-08-24T01:19:02.409160,5.8100000000000005,2.6641067170796574e-18,-3.7996642490853754e-27,0.0,1.7178570401732433e-06,0.0,0.0,8.589285200865159e-07,0.9999999999996311,1.8617153980706107e-18,-3.802323077383675e-25,0.0,0.0,0.0,-0.00012131687221331506
2026-08-24T01:19:02.443237,5.83,2.803261022318778e-18,-4.640647870171588e-27,0.0,1.8921612494615658e-06,0.0,0.0,9.460806247306418e-07,0.9999999999995525,1.0241558240306135e-17,-4.644915268782909e-25,0.0,0.0,0.0,0.00018955138292123803
2026-08-24T01:19:02.475499,5.86,2.4549778108371715e-18,-5.723430549128766e-32,0.0,-3.1326052862823417e-12,0.0,0.0,-1.5663026431411708e-12,1.0,-5.922202625649494e-18,4.31376932991165e-25,0.0,0.0,0.0,-0.0001911146724371988
2026-08-24T01:19:02.507979,5.87,2.3955817499032276e-18,4.326623221396008e-27,0.0,-3.252677846177221e-06,0.0,0.0,-1.6263389230878935e-06,0.9999999999986775,-5.957044196711635e-18,4.339191490082865e-25,0.0,0.0,0.0,-0.0002620112722369436
2026-08-24T01:19:02.536491,5.89,2.6159289933314986e-18,9.235380140856495e-27,0.0,9.769050035579598e-07,0.0,0.0,4.884525017789604e-07,0.9999999999998808,7.578574166175842e-18,9.257309087877092e-25,0.0,0.0,0.0,6.175987993883938e-05
2026-08-24T01:19:02.566032,5.91,2.5449998373850056e-18,1.0165020389216267e-26,0.0,1.8785604916082834e-06,0.0,0.0,9.392802458040035e-07,0.9999999999995589,5.5230174244708074e-18,1.0188318659833018e-24,0.0,0.0,0.0,0.00038146710241128315
2026-08-24T01:19:02.599663,5.93,2.4409429447577676e-18,1.2529088162954635e-26,0.0,8.45728692411285e-07,0.0,0.0,4.228643462056299e-07,0.9999999999999106,-3.2115695918944952e-18,1.255677452165518e-24,0.0,0.0,0.0,-0.00016475926862982352
2026-08-24T01:19:02.629420,5.95,2.5362120664287773e-18,1.2190303149940631e-26,0.0,2.255886304425303e-07,0.0,0.0,1.1279431522126491e-07,0.9999999999999937,3.473220230318309e-18,1.2217060467354892e-24,0.0,0.0,0.0,0.00017953835872416336
2026-08-24T01:19:02.656471,5.97,2.4017677194744724e-18,1.254906712301845e-26,0.0,2.5447731424321773e-06,0.0,0.0,1.2723865712157454e-06,0.9999999999991905,-4.381426092350334e-18,1.2576322417932837e-24,0.0,0.0,0.0,-0.00028587827808361054
2026-08-24T01:19:02.685426,5.99,2.6985950338406165e-18,9.311200592175522e-27,0.0,1.2666586335363663e-06,0.0,0.0,6.333293167681407e-07,0.9999999999997995,1.2938759215088672e-17,9.33210517717218e-25,0.0,0.0,0.0,-8.206547402750023e-06
2026-08-24T01:19:02.720944,6.01,2.6588010823099386e-18,1.0360410479291042e-26,0.0,6.346352203756567e-07,0.0,0.0,3.17317610187823e-07,0.9999999999999497,1.2442737885946816e-17,1.038309002175395e-24,0.0,0.0,0.0,-0.0001558232842622127
2026-08-24T01:19:02.751281,6.03,2.626303655610904e-18,9.544889057984129e-27,0.0,-1.313777480582701e-06,0.0,0.0,-6.568887402913031e-07,0.9999999999997843,6.337568616492951e-18,9.565914355835353e-25,0.0,0.0,0.0,5.081127829178298e-05
2026-08-24T01:19:02.781675,6.04,2.617157138819509e-18,3.901235322675999e-33,0.0,-2.2426505097428162e-13,0.0,0.0,-1.1213252548714081e-13,1.0,-1.3765272175620018e-18,9.204465397971293e-25,0.0,0.0,0.0,-0.0003628730409683583
2026-08-24T01:19:02.808352,6.07,2.675786707901487e-18,1.0678788483276596e-26,0.0,2.9462115098688457e-06,0.0,0.0,1.47310575493389e-06,0.999999999998915,2.4953058923606893e-18,1.0701716969978165e-24,0.0,0.0,0.0,0.00013413739722866453
2026-08-24T01:19:02.837961,6.09,2.9260960059946105e-18,7.477568071961869e-27,0.0,3.027878499040071e-06,0.0,0.0,1.5139392495194571e-06,0.999999999998854,1.0011328644306976e-17,7.49408449604985e-25,0.0,0.0,0.0,-0.00019671067313995486
2026-08-24T01:19:02.867713,6.11,3.121295152525236e-18,4.7104392584785955e-27,0.0,1.8553774889795704e-06,0.0,0.0,9.276887444896521e-07,0.9999999999995697,1.1947802996790156e-17,4.721669053044929e-25,0.0,0.0,0.0,-0.00029462834984548425
2026-08-24T01:19:02.894223,6.13,3.263904542678588e-18,2.220464796371931e-27,0.0,-1.8835742663370074e-06,0.0,0.0,-9.417871331683643e-07,0.9999999999995565,9.806210857840888e-18,2.227003023378799e-25,0.0,0.0,0.0,0.0002712496987216346
2026-08-24T01:19:02.923985,6.15,3.247714503113543e-18,2.6374486788184394e-27,0.0,1.5387705039060506e-06,0.0,0.0,7.693852519529494e-07,0.999999999999704,7.043897476562604e-18,2.6448233470845274e-25,0.0,0.0,0.0,-2.3306537167652736e-05
2026-08-24T01:19:02.955855,6.17,3.098583396501066e-18,4.1368704486789874e-27,0.0,-1.479717348651377e-06,0.0,0.0,-7.39858674325621e-07,0.9999999999997263,-8.567089284916046e-19,4.146964951169359e-25,0.0,0.0,0.0,-2.269999786054256e-05
2026-08-24T01:19:02.983724,6.18,3.1919859370864946e-18,-1.2360021469649527e-32,0.0,-4.742872761198669e-13,0.0,0.0,-2.3714363805993344e-13,1.0,6.2297297669394065e-18,5.197490558497029e-25,0.0,0.0,0.0,-9.308579883578803e-05
2026-08-24T01:19:03.008031,6.21,3.2305423188734416e-18,4.628023434959992e-27,0.0,-8.725728100067444e-07,0.0,0.0,-4.362864050033583e-07,0.9999999999999049,9.410525251723712e-19,4.638872307711176e-25,0.0,0.0,0.0,8.660806666006056e-05
2026-08-24T01:19:03.040353,6.23,3.3585735258620855e-18,5.098354467509224e-27,0.0,-9.988810125705074e-07,0.0,0.0,-4.994405062852329e-07,0.9999999999998753,5.586156408622395e-18,5.110015872436565e-25,0.0,0.0,0.0,2.9496303218471006e-06
2026-08-24T01:19:03.067676,6.25,3.242013195537428e-18,4.373940797173125e-27,0.0,7.86910881345193e-07,0.0,0.0,3.9345544067258636e-07,0.9999999999999226,-6.345043769511398e-18,4.384115155552251e-25,0.0,0.0,0.0,0.00019322656381544605
2026-08-24T01:19:03.095798,6.27,3.0992959725056585e-18,3.920501494523002e-27,0.0,-1.6768854345095008e-06,0.0,0.0,-8.384427172546521e-07,0.9999999999996485,-7.902123902947472e-18,3.9298237450253316e-25,0.0,0.0,0.0,-0.00016041148083769999
2026-08-24T01:19:03.123395,6.29,3.1723277576837367e-18,5.7734961357197854e-27,0.0,1.019987784012244e-06,0.0,0.0,5.099938920060999e-07,0.99999999999987,-1.0588619486074953e-18,5.78619487545944e-25,0.0,0.0,0.0,-0.00018600320311177438
2026-08-24T01:19:03.152075,6.31,3.297575482837448e-18,5.1754489513956115e-27,0.0,-7.297729607280702e-07,0.0,0.0,-3.6488648036402694e-07,0.9999999999999334,5.076040366631659e-18,5.186924798713367e-25,0.0,0.0,0.0,-5.962497865480576e-05
2026-08-24T01:19:03.183394,6.33,3.039438219772754e-18,3.906918322844757e-27,0.0,1.5380828521927017e-07,0.0,0.0,7.6904142609635e-08,0.999999999999997,-9.297859345154118e-18,3.915864469975325e-25,0.0,0.0,0.0,0.0002057803487776727
2026-08-24T01:19:03.210494,6.35,2.931346402244687e-18,2.74147401436071e-27,0.0,-9.147818151866716e-07,0.0,0.0,-4.5739090759331985e-07,0.9999999999998954,-9.226990460244918e-18,2.7482393866677545e-25,0.0,0.0,0.0,0.000332811579122566
2026-08-24T01:19:03.241571,6.37,3.1420637860511444e-18,2.114356845604508e-27,0.0,-5.841550425600418e-07,0.0,0.0,-2.920775212800167e-07,0.9999999999999574,6.262355959326432e-18,2.1197855296111756e-25,0.0,0.0,0.0,1.2603698951225092e-05
2026-08-24T01:19:03.267449,6.39,3.21676333132053e-18,2.188402330250909e-27,0.0,-5.767671602541213e-07,0.0,0.0,-2.8838358012705664e-07,0.9999999999999584,5.367297480151682e-18,2.194025247854425e-25,0.0,0.0,0.0,-0.0002540240314289167
2026-08-24T01:19:03.298970,6.41,3.2316980619737e-18,1.1964934502827925e-27,0.0,4.0023272385170117e-07,0.0,0.0,2.0011636192584926e-07,0.99999999999998,7.13674130834199e-18,1.2002406701702296e-25,0.0,0.0,0.0,-0.00015903670005284234
2026-08-24T01:19:03.326125,6.43,3.0045911685854926e-18,1.016957729543975e-27,0.0,-4.138284999122277e-07,0.0,0.0,-2.0691424995611237e-07,0.9999999999999786,-1.0002492373557179e-17,1.0202495034817632e-25,0.0,0.0,0.0,-0.00011698678034876267
2026-08-24T01:19:03.350351,6.45,2.9200347324964725e-18,1.7248262637754636e-27,0.0,1.226265444298491e-06,0.0,0.0,6.131327221492071e-07,0.999999999999812,-9.354348130411033e-18,1.7294418933866992e-25,0.0,0.0,0.0,0.00030503293953307466
2026-08-24T01:19:03.382049,6.47,2.9667796914205217e-18,-5.771442747917697e-28,0.0,-3.3004225312716073e-06,0.0,0.0,-1.6502112656350547e-06,0.9999999999986384,1.960422388126236e-18,-5.769398575156862e-26,0.0,0.0,0.0,-0.00012488621698332532
2026-08-24T01:19:03.404686,6.49,2.947116699873395e-18,-8.496749963049445e-28,0.0,5.84836388206611e-07,0.0,0.0,2.924181941033013e-07,0.9999999999999573,-4.389659274475803e-18,-8.499910177066429e-26,0.0,0.0,0.0,0.00010446901228676528
2026-08-24T01:19:03.435044,6.51,2.8742063030878916e-18,-1.0216512823781836e-27,0.0,-3.5779257867574193e-07,0.0,0.0,-1.7889628933786999e-07,0.999999999999984,-5.5535224840630294e-18,-1.0221826804370088e-25,0.0,0.0,0.0,-6.417772287950671e-05
2026-08-24T01:19:03.460998,6.53,2.8504680134904527e-18,-7.550024933890503e-28,0.0,2.9856909047332185e-06,0.0,0.0,1.4928454523660544e-06,0.9999999999988857,-2.537786321936062e-18,-7.550534513475726e-26,0.0,0.0,0.0,0.0004910637265249675
2026-08-24T01:19:03.485217,6.55,2.9007105301001717e-18,-2.551215109875947e-27,0.0,-1.0997354875641465e-06,0.0,0.0,-5.498677437820454e-07,0.9999999999998488,2.7525324938347664e-19,-2.5546722419106104e-25,0.0,0.0,0.0,1.803123783856463e-05
2026-08-24T01:19:03.513274,6.57,2.8114579070948668e-18,-2.984874346542548e-27,0.0,1.0367414553513754e-06,0.0,0.0,5.183707276756645e-07,0.9999999999998657,-3.172252175547392e-18,-2.9891074313060097e-25,0.0,0.0,0.0,0.00016935306146433087
2026-08-24T01:19:03.538584,6.59,2.7273335307269657e-18,-3.162714662535901e-27,0.0,-2.0375923650561845e-06,0.0,0.0,-1.018796182527916e-06,0.9999999999994811,-1.0767565055818086e-17,-3.16714745411903e-25,0.0,0.0,0.0,-9.449387025784822e-05
2026-08-24T01:19:03.567018,6.61,2.805434862974165e-18,-9.743512121614426e-28,0.0,3.075878947100819e-07,0.0,0.0,1.5379394735504032e-07,0.9999999999999881,8.326816130682971e-19,-9.746942135872715e-26,0.0,0.0,0.0,-3.688199492783702e-05
2026-08-24T01:19:03.601792,6.63,2.724781351660264e-18,-8.383910110775703e-28,0.0,-2.2876581482478286e-06,0.0,0.0,-1.1438290741236649e-06,0.9999999999993459,-2.2812957173710048e-18,-8.385020965829576e-26,0.0,0.0,0.0,0.00016907024545269008
2026-08-24T01:19:03.627484,6.65,2.8468777525095683e-18,6.63151093196931e-29,0.0,-1.0718882004212562e-06,0.0,0.0,-5.359441002106024e-07,0.9999999999998563,1.010125516967828e-17,6.795383314161653e-27,0.0,0.0,0.0,-3.662550901646061e-05
2026-08-24T01:19:03.657481,6.67,2.6598712922862126e-18,-1.541566704244018e-27,0.0,-2.2878003047566153e-07,0.0,0.0,-1.1439001523783052e-07,0.9999999999999934,-3.2687118930509247e-18,-1.5430417922900073e-25,0.0,0.0,0.0,-0.00016536309874168157
2026-08-24T01:19:03.681219,6.69,2.4060769641177268e-18,-1.4462665744095894e-27,0.0,-4.6131172970476097e-07,0.0,0.0,-2.306558648523784e-07,0.9999999999999734,-9.836935576577789e-18,-1.4475727255723316e-25,0.0,0.0,0.0,0.0002578096100886997
2026-08-24T01:19:03.709587,6.71,2.2236538718789184e-18,-3.1401746675265838e-27,0.0,-1.080795247077049e-06,0.0,0.0,-5.403976235384981e-07,0.999999999999854,-9.341159830699965e-18,-3.144605342199521e-25,0.0,0.0,0.0,2.8120725911358064e-05
2026-08-24T01:19:03.737554,6.73,2.211388203553597e-18,-2.8932962476986854e-27,0.0,-3.013575677890401e-07,0.0,0.0,-1.5067878389451947e-07,0.9999999999999887,-3.8848550757468706e-18,-2.897252293470256e-25,0.0,0.0,0.0,0.00020298843437361843
2026-08-24T01:19:03.762351,6.75,2.4259281812858425e-18,-2.9607700749908095e-27,0.0,-2.2949403395422503e-06,0.0,0.0,-1.1474701697708736e-06,0.9999999999993416,7.991422628820312e-18,-2.9648503312466117e-25,0.0,0.0,0.0,-0.00038801820812834557
2026-08-24T01:19:03.789409,6.77,2.3399749802443912e-18,-6.337542414819456e-27,0.0,-3.66503697613041e-06,0.0,0.0,-1.832518488064179e-06,0.9999999999983209,-1.4026228660183255e-18,-6.347981826839094e-25,0.0,0.0,0.0,-0.00022687594701783188
2026-08-24T01:19:03.815737,6.78,2.3027334027822495e-18,1.8420603251963726e-32,0.0,-1.6480150577535824e-12,0.0,0.0,-8.240075288767912e-13,1.0,-4.649853136879105e-18,-7.179613575364551e-25,0.0,0.0,0.0,0.0004221071845782186
2026-08-24T01:19:03.842992,6.8100000000000005,2.2578327406131544e-18,-8.366477983379153e-27,0.0,4.04075510296309e-06,0.0,0.0,2.0203775514801704e-06,0.9999999999979591,-6.065281589461241e-18,-8.380384258928574e-25,0.0,0.0,0.0,-8.779382882051132e-05
2026-08-24T01:19:03.871944,6.83,2.4801946477471877e-18,-1.3160430253323535e-26,0.0,-1.7062600892181479e-06,0.0,0.0,-8.531300446089705e-07,0.9999999999996361,6.373131344060666e-18,-1.3183461415115929e-24,0.0,0.0,0.0,-0.0003839983409978093
2026-08-24T01:19:03.898162,6.85,2.3397561243825516e-18,-1.549835725923758e-26,0.0,-2.846431341740896e-06,0.0,0.0,-1.4232156708699675e-06,0.9999999999989873,-1.2155381478436254e-17,-1.5525784818944076e-24,0.0,0.0,0.0,7.799202438935033e-05
2026-08-24T01:19:03.924895,6.87,2.4158381562844816e-18,-1.342649286165925e-26,0.0,-2.0166025485046646e-06,0.0,0.0,-1.0083012742521614e-06,0.9999999999994916,-8.965221382595922e-19,-1.3449572141202208e-24,0.0,0.0,0.0,-6.519575396975457e-05
2026-08-24T01:19:03.951943,6.89,2.7642275970759827e-18,-9.720589630635165e-27,0.0,1.9492798086773178e-07,0.0,0.0,9.746399043386573e-08,0.9999999999999952,1.2342391754317182e-17,-9.736359486426964e-25,0.0,0.0,0.0,-0.00010929604084187828
2026-08-24T01:19:03.977444,6.91,2.4679411596818756e-18,-9.968460995580198e-27,0.0,6.403893464401734e-07,0.0,0.0,3.201946732200812e-07,0.9999999999999487,-5.363250372258396e-18,-9.984744096698039e-25,0.0,0.0,0.0,3.740312625035396e-05
2026-08-24T01:19:04.007396,6.92,2.6104739955422796e-18,9.04583893577466e-33,0.0,2.8199664825478976e-13,0.0,0.0,1.4099832412739488e-13,1.0,1.1905450616691293e-17,-1.076102315411231e-24,0.0,0.0,0.0,3.016466535633605e-05
2026-08-24T01:19:04.032010,6.94,2.7204698745800034e-18,-2.0835820108617656e-32,0.0,3.526068326209497e-13,0.0,0.0,1.7630341631047486e-13,1.0,1.0195712595596779e-17,-9.864733703937706e-25,0.0,0.0,0.0,0.0003329843754097093
2026-08-24T01:19:04.062173,6.97,2.3340759699400515e-18,7.621426383608114e-28,0.0,3.151008989732418e-06,0.0,0.0,1.5755044948655571e-06,0.9999999999987589,-1.6568955555153217e-17,7.668771431318727e-26,0.0,0.0,0.0,-0.00024790947216034374
2026-08-24T01:19:04.092093,6.99,2.5950607533003483e-18,-2.7491000261570147e-27,0.0,-3.205947562090472e-06,0.0,0.0,-1.6029737810445495e-06,0.9999999999987152,4.9091717181521965e-18,-2.7513930033194346e-25,0.0,0.0,0.0,1.6293376161304756e-05
2026-08-24T01:19:04.118221,7.01,2.589794188463616e-18,-3.4425757456242785e-27,0.0,4.2962334756424525e-07,0.0,0.0,2.1481167378212098e-07,0.9999999999999769,2.4218702772082268e-18,-3.4461585972776007e-25,0.0,0.0,0.0,-6.823063892416828e-06
2026-08-24T01:19:04.147089,7.03,2.706883827096895e-18,-3.5584770102409546e-27,0.0,-1.4544303601482517e-06,0.0,0.0,-7.272151800740615e-07,0.9999999999997355,7.275774609488899e-18,-3.562297873980571e-25,0.0,0.0,0.0,5.047063341386568e-05
2026-08-24T01:19:04.175537,7.05,2.766535786456203e-18,-3.3483544115198925e-27,0.0,2.328899628700754e-06,0.0,0.0,1.1644498143501135e-06,0.999999999999322,6.291756625139017e-18,-3.351702876872303e-25,0.0,0.0,0.0,0.0001954041727109521
2026-08-24T01:19:04.205213,7.07,2.7838659150940594e-18,-2.39093098063594e-27,0.0,3.5552242083625174e-06,0.0,0.0,1.7776121041803225e-06,0.99999999999842,-3.903474557666117e-19,-2.392463356068992e-25,0.0,0.0,0.0,-0.00013131812763109455
2026-08-24T01:19:04.233337,7.09,2.90194009498728e-18,-4.471200116913268e-27,0.0,-1.0498033349293221e-06,0.0,0.0,-5.24901667464637e-07,0.9999999999998622,3.331414945454783e-18,-4.476705941426623e-25,0.0,0.0,0.0,-0.0001657939397237547
2026-08-24T01:19:04.258037,7.11,3.0174974903340484e-18,-4.2805297014980245e-27,0.0,-9.141662848932698e-08,0.0,0.0,-4.570831424466347e-08,0.999999999999999,5.718761580945321e-18,-4.285552002618046e-25,0.0,0.0,0.0,-1.440013147574257e-05
2026-08-24T01:19:04.289949,7.13,2.8675687675563335e-18,-4.332443818394496e-27,0.0,-1.2808112228590576e-06,0.0,0.0,-6.40405611429485e-07,0.9999999999997949,-4.614584648899434e-18,-4.337574643584001e-25,0.0,0.0,0.0,-0.00028804251088703614
2026-08-24T01:19:04.316259,7.15,2.900561768161398e-18,-2.9466406221999465e-27,0.0,2.900788986792691e-07,0.0,0.0,1.4503944933963403e-07,0.9999999999999895,-2.6129539360878503e-18,-2.949131557873083e-25,0.0,0.0,0.0,0.0003207928279540856
2026-08-24T01:19:04.350234,7.18,2.965242730057303e-18,4.7130437695730505e-33,0.0,4.134470543704083e-13,0.0,0.0,2.0672352718520415e-13,1.0,-4.097304254731064e-18,-3.7511461097206955e-25,0.0,0.0,0.0,0.0001579913495335309
2026-08-24T01:19:04.371876,7.19,2.9241391007450494e-18,-3.755090992751425e-27,0.0,-1.0887532959635848e-06,0.0,0.0,-5.443766479817655e-07,0.9999999999998518,-4.123420025537507e-18,-3.7590384595786185e-25,0.0,0.0,0.0,-3.0966529293635425e-05
2026-08-24T01:19:04.403165,7.21,2.9973133880711217e-18,-3.067987223931259e-27,0.0,1.3566588652480507e-07,0.0,0.0,6.783294326240247e-08,0.9999999999999977,1.92574323448846e-18,-3.070603313884425e-25,0.0,0.0,0.0,0.00024852527759541837
2026-08-24T01:19:04.434583,7.23,2.792443476002298e-18,-2.598473403135188e-27,0.0,2.2199372629039264e-06,0.0,0.0,1.1099686314517352e-06,0.9999999999993839,-1.110294300044572e-17,-2.6001081464484357e-25,0.0,0.0,0.0,0.00026408307418744755
2026-08-24T01:19:04.463792,7.25,2.8842986880143576e-18,-6.31867306411009e-27,0.0,-5.180292518058849e-06,0.0,0.0,-2.5901462590265284e-06,0.9999999999966456,-1.8325025658597456e-18,-6.32741116758103e-25,0.0,0.0,0.0,0.00028664517227890943
2026-08-24T01:19:04.496015,7.27,2.8997492043236604e-18,-5.474143252460994e-27,0.0,-8.97024303281313e-07,0.0,0.0,-4.4851215164064146e-07,0.9999999999998994,-1.871380702182348e-18,-5.48123996320067e-25,0.0,0.0,0.0,0.00020955671032345713
2026-08-24T01:19:04.523663,7.29,2.8400863050384896e-18,-5.82921881490603e-27,0.0,5.891251833034516e-07,0.0,0.0,2.945625916517216e-07,0.9999999999999566,-1.5250530340461844e-18,-5.836897798865461e-25,0.0,0.0,0.0,-1.476638941159104e-05
2026-08-24T01:19:04.548601,7.3,2.8252697495946754e-18,-8.784398800197361e-34,0.0,1.2256862191861728e-13,0.0,0.0,6.128431095930864e-14,1.0,3.335116444875933e-18,-5.7349462193107525e-25,0.0,0.0,0.0,4.498268970771642e-06
2026-08-24T01:19:04.575546,7.33,2.8140601679870433e-18,-5.7501717823198985e-27,0.0,-5.94616749172161e-07,0.0,0.0,-2.973083745860761e-07,0.9999999999999558,-2.2675356644053812e-18,-5.75759116375733e-25,0.0,0.0,0.0,-0.00017076657430258304
2026-08-24T01:19:04.597619,7.35,3.002791259313276e-18,-4.826705027642833e-27,0.0,-1.6790227559404514e-06,0.0,0.0,-8.395113779701271e-07,0.9999999999996476,6.2410394398193925e-18,-4.832270125177996e-25,0.0,0.0,0.0,-2.767070709617676e-05
2026-08-24T01:19:04.625555,7.37,3.013169241650623e-18,-5.242817893590358e-27,0.0,4.9757339581901754e-08,0.0,0.0,2.4878669790950877e-08,0.9999999999999997,3.9665495833898524e-18,-5.249149375632717e-25,0.0,0.0,0.0,-0.00010405676225096185
2026-08-24T01:19:04.655482,7.39,3.0004776614948782e-18,-5.3815935700184845e-27,0.0,2.3924382634987755e-06,0.0,0.0,1.1962191317491023e-06,0.9999999999992846,-2.3419920893899064e-18,-5.388180909231158e-25,0.0,0.0,0.0,-0.00010945197152702224
2026-08-24T01:19:04.681380,7.42,3.1561690207044325e-18,-1.214772638397596e-31,0.0,-1.8047785488306545e-12,0.0,0.0,-9.023892744153272e-13,1.0,1.2565754975892192e-17,-1.1334450590823344e-26,0.0,0.0,0.0,-0.00013762079022270024
2026-08-24T01:19:04.708548,7.43,3.2822275243918575e-18,-1.104357156777573e-28,0.0,1.916647339506028e-06,0.0,0.0,9.583236697528672e-07,0.9999999999995408,1.2645869757568927e-17,-1.0690052777824238e-26,0.0,0.0,0.0,0.0001275620775334732
2026-08-24T01:19:04.739707,7.44,3.211884188286766e-18,-2.97031773725317e-32,0.0,8.86846152070575e-13,0.0,0.0,4.434230760352875e-13,1.0,-1.230101996494917e-18,2.427376063193001e-25,0.0,0.0,0.0,0.00017353985279857905
2026-08-24T01:19:04.771553,7.47,3.358415840819009e-18,8.30136293729274e-28,0.0,2.734769936285631e-06,0.0,0.0,1.3673849681423891e-06,0.9999999999990651,5.498756009222621e-18,8.351548586905582e-26,0.0,0.0,0.0,-0.00010724346831948018
2026-08-24T01:19:04.797460,7.49,3.315841562025197e-18,1.789771416596114e-27,0.0,-4.0647292363082946e-06,0.0,0.0,-2.0323646181527484e-06,0.9999999999979348,2.156039592523373e-18,1.7966182314565425e-25,0.0,0.0,0.0,0.00046896597448465357
2026-08-24T01:19:04.827941,7.51,3.202326486547358e-18,-1.6790057705424051e-28,0.0,-5.871677526414487e-07,0.0,0.0,-2.935838763207201e-07,0.9999999999999569,-3.6369849851877625e-18,-1.64767220507966e-26,0.0,0.0,0.0,-0.00019246438819523973
2026-08-24T01:19:04.854970,7.53,3.2654382918742747e-18,5.207257300265809e-28,0.0,-3.7150269869279384e-06,0.0,0.0,-1.857513493462901e-06,0.9999999999982748,1.2106453023849299e-18,5.251549474235694e-26,0.0,0.0,0.0,0.00017083424975690821
2026-08-24T01:19:04.879222,7.55,3.428344713920907e-18,3.346855258151219e-27,0.0,-1.1983931638148704e-06,0.0,0.0,-5.991965819073993e-07,0.9999999999998205,6.6307365666727045e-18,3.3566335671369263e-25,0.0,0.0,0.0,9.371134635796852e-05
2026-08-24T01:19:04.906446,7.57,3.500880539287271e-18,3.804694463601585e-27,0.0,-1.7597451726913964e-06,0.0,0.0,-8.798725863455845e-07,0.9999999999996129,4.051456928047674e-18,3.8152005899327416e-25,0.0,0.0,0.0,6.411100259206585e-05
2026-08-24T01:19:04.940480,7.59,3.3832205613697625e-18,2.962279654878069e-27,0.0,-1.1651635967169227e-07,0.0,0.0,-5.82581798358461e-08,0.9999999999999983,-9.239513407366849e-18,2.971048909143732e-25,0.0,0.0,0.0,9.383584710163729e-05
2026-08-24T01:19:04.962238,7.61,3.4678354258463706e-18,2.513497317272256e-27,0.0,-3.0218144058125063e-06,0.0,0.0,-1.5109072029056782e-06,0.9999999999988586,-1.580160560973879e-18,2.5213963624046044e-25,0.0,0.0,0.0,-6.898336291916063e-05
2026-08-24T01:19:04.989388,7.63,3.578666061637779e-18,4.5186064422921824e-27,0.0,-5.778735889805375e-07,0.0,0.0,-2.8893679449026474e-07,0.9999999999999583,1.6173848506216402e-18,4.530262798202231e-25,0.0,0.0,0.0,-8.270310754586502e-05
2026-08-24T01:19:05.014167,7.64,3.497840137506793e-18,8.702793281336419e-33,0.0,-3.9035441545820504e-13,0.0,0.0,-1.9517720772910252e-13,1.0,-3.916983242016608e-18,4.0008759293111553e-25,0.0,0.0,0.0,5.2624457512769114e-05
2026-08-24T01:19:05.041846,7.67,3.434474449629946e-18,4.231734298121108e-27,0.0,5.67713462462649e-07,0.0,0.0,2.838567312313207e-07,0.9999999999999597,-3.585808332299653e-18,4.242659292199326e-25,0.0,0.0,0.0,-0.00044530132637283186
2026-08-24T01:19:05.069179,7.69,3.5983331513442015e-18,4.564860822515954e-27,0.0,2.6453708326101832e-06,0.0,0.0,1.322685416304706e-06,0.9999999999991253,3.4476695158728016e-18,4.576385564648331e-25,0.0,0.0,0.0,0.00015624702974256527
2026-08-24T01:19:05.098112,7.71,3.529919327611979e-18,6.037185086299651e-27,0.0,1.7934883476122823e-06,0.0,0.0,8.967441738060208e-07,0.9999999999995979,-1.5184624146909526e-18,6.051370569225704e-25,0.0,0.0,0.0,0.0002930984726953073
2026-08-24T01:19:05.125675,7.73,3.725013115064677e-18,3.8479106980938326e-27,0.0,-1.2177119996792387e-06,0.0,0.0,-6.088559998395817e-07,0.9999999999998146,5.616729823683969e-18,3.857733864358074e-25,0.0,0.0,0.0,-0.000220662216806239
2026-08-24T01:19:05.154726,7.75,3.866793312289058e-18,3.576286334244352e-27,0.0,-7.38387215815095e-07,0.0,0.0,-3.6919360790753915e-07,0.9999999999999318,8.45416645782606e-18,3.58569788325233e-25,0.0,0.0,0.0,-0.0001969737112133385
2026-08-24T01:19:05.179380,7.77,3.7265931822249026e-18,1.8369063356067418e-27,0.0,-6.862046948441504e-07,0.0,0.0,-3.431023474220684e-07,0.9999999999999412,-3.713885385593015e-18,1.842835469600912e-25,0.0,0.0,0.0,-9.99655421782857e-05
2026-08-24T01:19:05.205261,7.79,3.824424049468473e-18,2.473844877976192e-27,0.0,-2.260499543993433e-06,0.0,0.0,-1.1302497719964758e-06,0.9999999999993613,1.6232691027474273e-18,2.4810049569073993e-25,0.0,0.0,0.0,0.00010320838724502379
2026-08-24T01:19:05.231332,7.8100000000000005,3.6403831501604446e-18,3.5772974820635235e-28,0.0,3.2611794464898486e-07,0.0,0.0,1.630589723244917e-07,0.9999999999999867,-5.567690473320112e-18,3.607958431765245e-26,0.0,0.0,0.0,2.74790415195514e-05
2026-08-24T01:19:05.260462,7.83,3.689519937067653e-18,1.6938042655803436e-28,0.0,2.552942311329076e-06,0.0,0.0,1.2764711556641914e-06,0.9999999999991853,4.773601539250231e-18,1.7209266897993793e-26,0.0,0.0,0.0,-5.4162346528008776e-05
2026-08-24T01:19:05.289961,7.85,3.991183732065917e-18,-3.2150274540102722e-27,0.0,-1.5627134395401758e-06,0.0,0.0,-7.813567197700082e-07,0.9999999999996947,1.2343691360794976e-17,-3.2188221190361404e-25,0.0,0.0,0.0,-0.00020715098931915892
2026-08-24T01:19:05.316919,7.87,4.0674807624488944e-18,-5.0673230315434474e-27,0.0,-4.0738227902181734e-08,0.0,0.0,-2.0369113951090867e-08,0.9999999999999998,1.162786000852983e-17,-5.074350877447482e-25,0.0,0.0,0.0,0.00016976811910687586
2026-08-24T01:19:05.345728,7.89,3.914006801390485e-18,-3.865359159381514e-27,0.0,-3.787308404668011e-06,0.0,0.0,-1.8936542023328734e-06,0.999999999998207,-1.1473214306649225e-18,-3.8701376697244983e-25,0.0,0.0,0.0,-8.754120098007059e-05
2026-08-24T01:19:05.377008,7.91,3.815870057242676e-18,-4.813270208491815e-27,0.0,-4.5256047136454924e-06,0.0,0.0,-2.262802356820815e-06,0.9999999999974398,-8.726192970000066e-18,-4.819997644144976e-25,0.0,0.0,0.0,5.469589540463792e-05
2026-08-24T01:19:05.406652,7.93,4.0377138649945155e-18,1.817883641210069e-27,0.0,1.2046320119196707e-07,0.0,0.0,6.02316005959835e-08,0.9999999999999982,1.9200531666067292e-18,1.8239015269255438e-25,0.0,0.0,0.0,0.00013048291814625923
2026-08-24T01:19:05.430509,7.95,3.985128478009734e-18,1.976118702450589e-27,0.0,2.4426542144517782e-06,0.0,0.0,1.2213271072255854e-06,0.9999999999992542,-4.084196218678275e-18,1.9823821587413003e-25,0.0,0.0,0.0,-0.0003629549845170856
2026-08-24T01:19:05.458290,7.97,4.121768795996005e-18,1.3293957372608694e-27,0.0,-1.3205496345314318e-06,0.0,0.0,-6.602748172656678e-07,0.9999999999997821,1.0539833710252724e-17,1.334390186952179e-25,0.0,0.0,0.0,0.0001804837966763297
2026-08-24T01:19:05.487988,7.99,4.113728809128629e-18,1.618345339841084e-27,0.0,-9.262609133031674e-07,0.0,0.0,-4.6313045665156713e-07,0.9999999999998928,8.768560494480767e-18,1.6238635376204026e-25,0.0,0.0,0.0,5.1295912167143525e-05
2026-08-24T01:19:05.512560,8.0,4.073483874999219e-18,-1.2795235489799597e-32,0.0,-1.1501910535116622e-13,0.0,0.0,-5.750955267558311e-14,1.0,4.120480960629411e-18,1.5132465177509027e-25,0.0,0.0,0.0,0.0002779622622921397
2026-08-24T01:19:05.545266,8.03,4.0735667701637586e-18,2.97922750385288e-27,0.0,1.487564577296041e-06,0.0,0.0,7.437822886479519e-07,0.9999999999997234,4.8398819562314474e-20,2.9872007655550135e-25,0.0,0.0,0.0,-0.00014242335527289915
2026-08-24T01:19:05.571090,8.04,4.049279615524986e-18,-2.354227873761476e-32,0.0,1.7763568394002505e-14,0.0,0.0,8.881784197001252e-15,1.0,-1.0439631467562299e-17,3.5965739773116614e-25,0.0,0.0,0.0,9.462486731165817e-05
2026-08-24T01:19:05.599495,8.07,4.0757878897635656e-18,3.901215446680785e-27,0.0,-9.134333329718914e-07,0.0,0.0,-4.567166664859298e-07,0.9999999999998958,1.2979991260006462e-18,3.910819169813373e-25,0.0,0.0,0.0,0.00027465107534903685
2026-08-24T01:19:05.626563,8.09,4.0743951141560206e-18,4.090897452442046e-27,0.0,-1.971686292456809e-06,0.0,0.0,-9.858431462282449e-07,0.999999999999514,-2.808454792864942e-18,4.100762627874143e-25,0.0,0.0,0.0,3.065663274688405e-05
2026-08-24T01:19:05.655153,8.11,3.879341046392949e-18,2.2676054823102187e-27,0.0,1.3144445305535157e-06,0.0,0.0,6.572222652767105e-07,0.9999999999997841,-6.57998623881293e-18,2.2738924164432064e-25,0.0,0.0,0.0,-0.00012229727362049914
2026-08-24T01:19:05.682688,8.13,3.831211565501768e-18,2.5326344964038358e-27,0.0,2.3853661885731015e-06,0.0,0.0,1.192683094286268e-06,0.9999999999992888,-7.598666183487312e-18,2.539455110067162e-25,0.0,0.0,0.0,1.5584325087403928e-05
2026-08-24T01:19:05.706967,8.15,3.968802391975843e-18,1.5009833145477538e-28,0.0,7.377975017597295e-07,0.0,0.0,3.688987508798563e-07,0.9999999999999319,2.6843179227996822e-18,1.5231329266682525e-26,0.0,0.0,0.0,-4.506308436750381e-05
2026-08-24T01:19:05.736529,8.17,3.9184891003451e-18,3.896766174139219e-28,0.0,3.559979289580184e-06,0.0,0.0,1.779989644789152e-06,0.9999999999984158,1.2742287025965527e-18,3.92354145368052e-26,0.0,0.0,0.0,-7.004624573477599e-05
2026-08-24T01:19:05.763391,8.18,3.904147949287081e-18,3.408354380950999e-32,0.0,7.94475596421762e-13,0.0,0.0,3.97237798210881e-13,1.0,5.447774826672566e-18,2.0484106083627493e-26,0.0,0.0,0.0,0.00016183685651282318
2026-08-24T01:19:05.791532,8.21,4.089099376688762e-18,-7.07121683305115e-28,0.0,1.1019012755575375e-06,0.0,0.0,5.509506377787409e-07,0.9999999999998482,1.1913655536859829e-17,-7.065828334356915e-26,0.0,0.0,0.0,-0.00013969740198193725
2026-08-24T01:19:05.818717,8.23,4.0409309579287746e-18,-7.840264164831358e-28,0.0,8.104293951483045e-07,0.0,0.0,4.052146975741411e-07,0.999999999999918,5.5528041952164275e-18,-7.836180209552366e-26,0.0,0.0,0.0,0.00014367480115369622
2026-08-24T01:19:05.847776,8.25,3.8957573283388485e-18,4.526836466518174e-28,0.0,2.324350044879964e-06,0.0,0.0,1.1621750224397203e-06,0.9999999999993247,-3.288209085534285e-18,4.5548993843846723e-26,0.0,0.0,0.0,0.0001276158904329474
2026-08-24T01:19:05.872894,8.26,3.9840455478145364e-18,5.66255054237368e-33,0.0,9.99644811372491e-13,0.0,0.0,4.998224056862455e-13,1.0,-1.729694019820314e-19,-1.2171739174496241e-25,0.0,0.0,0.0,-0.00014499040793794447
2026-08-24T01:19:05.901070,8.28,4.040949769044128e-18,-5.942329144814136e-33,0.0,-9.872103134966892e-13,0.0,0.0,-4.936051567483446e-13,1.0,2.0256387092539728e-18,-5.748619854526666e-26,0.0,0.0,0.0,-0.00021507535964943776
2026-08-24T01:19:05.925329,8.31,3.97243613794112e-18,-1.3989084379303581e-27,0.0,4.729241729783951e-06,0.0,0.0,2.3646208648897718e-06,0.9999999999972042,-9.508053132236822e-18,-1.3997900274926557e-25,0.0,0.0,0.0,5.6864197717085925e-05
2026-08-24T01:19:05.956473,8.32,4.0047405462852914e-18,-2.4158849406734825e-32,0.0,1.4717116414431075e-12,0.0,0.0,7.358558207215538e-13,1.0,-3.994915271912941e-18,-3.363734071730921e-25,0.0,0.0,0.0,-4.122566050950632e-05
2026-08-24T01:19:05.984786,8.36,3.916131502564938e-18,2.66422332331279e-32,0.0,1.9695356456850277e-12,0.0,0.0,9.847678228425139e-13,1.0,3.2498896386954702e-18,-6.498604464529809e-25,0.0,0.0,0.0,5.757775211998634e-07
2026-08-24T01:19:06.012576,8.37,3.948727344521516e-18,-6.5089794159347e-27,0.0,1.2085263922934075e-06,0.0,0.0,6.04263196146667e-07,0.9999999999998175,3.269245116523409e-18,-6.519308896989883e-25,0.0,0.0,0.0,-0.00012870146499306185
2026-08-24T01:19:06.036410,8.39,4.043787136653501e-18,-6.911870386086221e-27,0.0,1.608171649625234e-06,0.0,0.0,8.040858248125304e-07,0.9999999999996767,8.149929604257186e-18,-6.922866381194599e-25,0.0,0.0,0.0,0.0001410497653325605
2026-08-24T01:19:06.062519,8.41,3.769170246924663e-18,-3.399609250288951e-27,0.0,-7.640182175805422e-08,0.0,0.0,-3.82009108790271e-08,0.9999999999999992,-5.7010154408064454e-18,-3.4038006520411525e-25,0.0,0.0,0.0,0.00026695316631751955
2026-08-24T01:19:06.090666,8.43,4.0680526804199555e-18,-4.109035319912952e-27,0.0,-7.372916455139489e-08,0.0,0.0,-3.686458227569744e-08,0.9999999999999993,1.0751809496893912e-17,-4.1147131234791966e-25,0.0,0.0,0.0,-0.00011974222091813695
2026-08-24T01:19:06.117013,8.45,4.12718472263857e-18,-4.7969649241439945e-27,0.0,3.3496827009926733e-06,0.0,0.0,1.6748413504955536e-06,0.9999999999985975,3.2384410767220148e-18,-4.803803897373479e-25,0.0,0.0,0.0,-0.0001825614527581003
2026-08-24T01:19:06.142225,8.47,3.986975053837099e-18,-2.573973593326665e-27,0.0,-2.2902572816008164e-06,0.0,0.0,-1.1451286408001577e-06,0.9999999999993443,-6.055827218911571e-18,-2.5765134240562816e-25,0.0,0.0,0.0,-4.559738362916937e-05
2026-08-24T01:19:06.168501,8.49,4.152326105269948e-18,-5.265170643467489e-29,0.0,-1.3998380938851085e-06,0.0,0.0,-6.999190469424971e-07,0.9999999999997551,4.9058263213428905e-18,-5.040946170053677e-27,0.0,0.0,0.0,-2.5847160902168893e-05
2026-08-24T01:19:06.200850,8.51,4.1681205139461535e-18,-2.640857842367968e-28,0.0,-8.459995646248331e-07,0.0,0.0,-4.2299978231240393e-07,0.9999999999999105,1.768599643015809e-18,-2.6230993102425483e-26,0.0,0.0,0.0,-6.65863721676895e-05
2026-08-24T01:19:06.229534,8.53,4.268190378882512e-18,7.401307774276346e-29,0.0,-1.2870180343682597e-07,0.0,0.0,-6.435090171841292e-08,0.9999999999999979,2.4006814456610372e-18,7.64143748099843e-27,0.0,0.0,0.0,-6.756328575550409e-05
2026-08-24T01:19:06.256971,8.55,4.2604305475463175e-18,-6.724368073828406e-30,0.0,7.11286447518944e-07,0.0,0.0,3.556432237594645e-07,0.9999999999999367,-5.745749582609057e-18,-4.521165470984375e-28,0.0,0.0,0.0,-0.0002332588678193979
2026-08-24T01:19:06.287752,8.57,4.2725619067036825e-18,5.2350186022120245e-28,0.0,-1.3613971656667447e-06,0.0,0.0,-6.806985828333197e-07,0.9999999999997683,-4.529818714701899e-18,5.267088116312051e-26,0.0,0.0,0.0,-0.00011267237978555126
2026-08-24T01:19:06.312491,8.58,4.210857213021928e-18,1.6497883776641962e-32,0.0,-6.914468997365475e-13,0.0,0.0,-3.4572344986827375e-13,1.0,-1.0985700087475085e-17,7.298910029283878e-27,0.0,0.0,0.0,-2.2228521893212936e-05
2026-08-24T01:19:06.341161,8.61,4.569972212928922e-18,2.4908065135488124e-28,0.0,-2.1919742430043247e-06,0.0,0.0,-1.0959871215019428e-06,0.9999999999993994,1.2098840954440763e-17,2.51700924889534e-26,0.0,0.0,0.0,-0.00014325564098069285
2026-08-24T01:19:06.372426,8.63,4.708379109030227e-18,-4.305036795637203e-28,0.0,3.634033491906053e-07,0.0,0.0,1.8170167459530161e-07,0.9999999999999835,1.0226835419761178e-17,-4.290516442689635e-26,0.0,0.0,0.0,0.00021092825846916188
2026-08-24T01:19:06.397499,8.64,4.46348815427389e-18,-4.228673597227151e-32,0.0,6.865619184281968e-13,0.0,0.0,3.432809592140984e-13,1.0,-1.1885402251774428e-17,1.6094851500601207e-25,0.0,0.0,0.0,-7.691864883577242e-05
2026-08-24T01:19:06.428340,8.67,4.498886605507446e-18,5.608777416619905e-27,0.0,8.032578677763525e-07,0.0,0.0,4.016289338881654e-07,0.9999999999999194,-4.4378692135574924e-20,5.621526960711679e-25,0.0,0.0,0.0,1.0262067538737059e-05
2026-08-24T01:19:06.451923,8.69,4.586822929108544e-18,5.136281513438957e-27,0.0,2.8984383328989342e-06,0.0,0.0,1.4492191664489595e-06,0.9999999999989498,1.096737110172887e-18,5.147955048426783e-25,0.0,0.0,0.0,8.439506778221118e-06
2026-08-24T01:19:06.479470,8.71,4.752364563537549e-18,2.6756219498721354e-27,0.0,-3.4269328308411673e-07,0.0,0.0,-1.7134664154205752e-07,0.9999999999999853,3.956068810817263e-18,2.6825227588508943e-25,0.0,0.0,0.0,5.87787638587849e-05
2026-08-24T01:19:06.508339,8.73,4.727124688320854e-18,2.651920645778009e-27,0.0,-3.93763066153241e-07,0.0,0.0,-1.9688153307661921e-07,0.9999999999999806,3.3581420307629385e-18,2.6587790050472153e-25,0.0,0.0,0.0,6.038783262436632e-06
2026-08-24T01:19:06.533445,8.75,5.088954677305845e-18,3.1975861468411276e-27,0.0,1.1551198420001185e-06,0.0,0.0,5.775599210000272e-07,0.9999999999998332,1.9809703451303774e-17,3.2054485624612044e-25,0.0,0.0,0.0,-0.0006577577078493624
2026-08-24T01:19:06.560130,8.76,4.98509994589214e-18,2.1990695062785646e-31,0.0,-1.5059065106015623e-12,0.0,0.0,-7.529532553007812e-13,1.0,2.3715859811892867e-18,-3.20479455988634e-25,0.0,0.0,0.0,-0.00011131360089034522
2026-08-24T01:19:06.587341,8.79,4.9297469411059076e-18,-4.1349589139169e-27,0.0,-2.1629089732577715e-06,0.0,0.0,-1.0814544866286748e-06,0.9999999999994152,-1.5231189410306376e-18,-4.140985133949871e-25,0.0,0.0,0.0,-4.82162171729337e-05
2026-08-24T01:19:06.622669,8.81,5.080525299891526e-18,-2.255750177664485e-27,0.0,-3.6607798348242686e-06,0.0,0.0,-1.830389917411112e-06,0.9999999999983248,3.992344037419931e-18,-2.2581116798742343e-25,0.0,0.0,0.0,8.261507899843488e-05
2026-08-24T01:19:06.643761,8.83,5.252002097266128e-18,-1.2814927319267843e-28,0.0,4.4278697846067425e-06,0.0,0.0,2.2139348923015624e-06,0.9999999999975493,1.265181143232164e-17,-1.263540689940878e-26,0.0,0.0,0.0,-0.00038527121218933903
2026-08-24T01:19:06.674754,8.85,5.331621491960897e-18,-2.044914962952688e-27,0.0,5.604447586016192e-06,0.0,0.0,2.802223793004429e-06,0.9999999999960738,1.0326512106666787e-17,-2.0470824288732478e-25,0.0,0.0,0.0,-0.0001577118343627224
2026-08-24T01:19:06.702920,8.870000000000001,5.216821772016813e-18,2.4257600692139172e-27,0.0,-8.026435391883525e-07,0.0,0.0,-4.0132176959416546e-07,0.9999999999999195,-6.954638515355739e-19,2.432201665562465e-25,0.0,0.0,0.0,2.670351959263223e-05
2026-08-24T01:19:06.729115,8.88,5.0584916454775704e-18,1.737615929269065e-32,0.0,-1.4876988529977098e-13,0.0,0.0,-7.438494264988549e-14,1.0,-1.2011386257059848e-17,1.3652473048069855e-25,0.0,0.0,0.0,0.00027691680426186375
2026-08-24T01:19:06.754274,8.91,5.2519388236760376e-18,-3.325066839375969e-27,0.0,-3.116124053015313e-06,0.0,0.0,-1.5580620265070257e-06,0.9999999999987862,9.644578998128766e-18,-3.3296104290874487e-25,0.0,0.0,0.0,0.00018301587968115823
2026-08-24T01:19:06.782526,8.93,5.32696100923828e-18,-2.5151169897322828e-27,0.0,-2.1523529336597846e-06,0.0,0.0,-1.0761764668296846e-06,0.9999999999994209,8.378977001728151e-18,-2.5179293827471744e-25,0.0,0.0,0.0,-0.00012361044616078005
2026-08-24T01:19:06.810966,8.95,5.3413052478043824e-18,-3.6229215213657795e-27,0.0,2.3903100783151388e-06,0.0,0.0,1.1951550391572848e-06,0.9999999999992858,3.0337086015036213e-18,-3.627881073973429e-25,0.0,0.0,0.0,-0.00010847728413990992
2026-08-24T01:19:06.842456,8.97,5.261959287430587e-18,-2.3430154161513977e-27,0.0,4.062433562879164e-07,0.0,0.0,2.031216781439568e-07,0.9999999999999793,1.0744757610381777e-18,-2.345558424412283e-25,0.0,0.0,0.0,0.00015607162485842897
2026-08-24T01:19:06.866896,8.99,5.371675374520344e-18,-2.4240000879989346e-27,0.0,9.159180800466516e-07,0.0,0.0,4.579590400233098e-07,0.9999999999998951,2.103560582852432e-18,-2.4266735828657345e-25,0.0,0.0,0.0,-8.655474802551067e-06
2026-08-24T01:19:06.899708,9.01,5.401845747942727e-18,-2.4582071729853365e-27,0.0,-3.977714652325659e-06,0.0,0.0,-1.9888573261615183e-06,0.9999999999980222,1.3296264778997372e-18,-2.460920240167296e-25,0.0,0.0,0.0,1.7040696147482663e-05
2026-08-24T01:19:06.927733,9.03,5.541385562663333e-18,-2.004293816359071e-28,0.0,-2.069090508260985e-06,0.0,0.0,-1.0345452541303078e-06,0.9999999999994649,7.757749500132177e-18,-1.98731961099769e-26,0.0,0.0,0.0,-6.767584749523957e-05
2026-08-24T01:19:06.954566,9.05,5.607367132705984e-18,-7.118320949556154e-28,0.0,-1.053304256704024e-06,0.0,0.0,-5.266521283519877e-07,0.9999999999998613,8.827634890022649e-18,-7.111586004377892e-26,0.0,0.0,0.0,0.00014744451936089237
2026-08-24T01:19:06.983991,9.07,5.3399876263936046e-18,-1.5039729771731177e-27,0.0,1.5980072549659496e-06,0.0,0.0,7.990036274828898e-07,0.9999999999996808,-1.1431639398449321e-17,-1.5048717865664301e-25,0.0,0.0,0.0,-2.4955985797018947e-05
2026-08-24T01:19:07.006932,9.09,5.495686162298488e-18,-3.416272373357229e-27,0.0,3.745637564112059e-06,0.0,0.0,1.8728187820549346e-06,0.9999999999982463,-2.1877414162000503e-18,-3.42076816090765e-25,0.0,0.0,0.0,-6.781919336163448e-05
2026-08-24T01:19:07.042140,9.12,5.3640891078892025e-18,-4.840969422445041e-33,0.0,-7.820410985459603e-13,0.0,0.0,-3.9102054927298013e-13,1.0,1.3509340607936945e-18,4.09970306022967e-25,0.0,0.0,0.0,-8.527294952736319e-06
2026-08-24T01:19:07.062722,9.13,5.377614065438951e-18,4.109222513845222e-27,0.0,1.5117494074345927e-06,0.0,0.0,7.558747037172244e-07,0.9999999999997143,1.3540574491560688e-18,4.1189101489857223e-25,0.0,0.0,0.0,0.0001239760251261616
2026-08-24T01:19:07.090684,9.15,5.398147140146841e-18,4.043489901042798e-27,0.0,1.305932252559927e-06,0.0,0.0,6.529661262799172e-07,0.9999999999997868,3.577791121606538e-19,4.0529616977452795e-25,0.0,0.0,0.0,7.801216679633011e-05
2026-08-24T01:19:07.119952,9.17,5.3816848390043585e-18,4.07397090642585e-27,0.0,-4.721088124881589e-07,0.0,0.0,-2.3605440624407728e-07,0.9999999999999721,-1.7759221160224502e-18,4.083443900340754e-25,0.0,0.0,0.0,-4.4108282428616286e-05
2026-08-24T01:19:07.147290,9.2,5.365887825014418e-18,1.8290449111318184e-32,0.0,-4.383160501220118e-13,0.0,0.0,-2.191580250610059e-13,1.0,-6.953227535199079e-19,4.342536065519743e-25,0.0,0.0,0.0,0.00015419512156522513
2026-08-24T01:19:07.175775,9.21,5.358888262793097e-18,4.352373097615575e-27,0.0,2.3837376104118846e-06,0.0,0.0,1.19186880520566e-06,0.9999999999992897,-7.045919253858063e-19,4.362206067069986e-25,0.0,0.0,0.0,-0.00021694631314568476
2026-08-24T01:19:07.202868,9.23,5.245658437169735e-18,5.500069701253057e-27,0.0,-3.648153983348835e-06,0.0,0.0,-1.8240769916734055e-06,0.9999999999983363,-5.927927739278153e-18,5.512030688301555e-25,0.0,0.0,0.0,8.442614045595835e-05
2026-08-24T01:19:07.226687,9.24,5.231372367637339e-18,4.0662069348771513e-32,0.0,-7.789324740770098e-13,0.0,0.0,-3.894662370385049e-13,1.0,-4.800609399922329e-18,4.935772729905032e-25,0.0,0.0,0.0,-6.522710912244082e-05
2026-08-24T01:19:07.255953,9.26,5.12231838037888e-18,-5.6676767400310525e-34,0.0,-5.38680211548126e-13,0.0,0.0,-2.69340105774063e-13,1.0,-6.028499231939675e-18,4.973979939524929e-25,0.0,0.0,0.0,2.167595974147344e-05
2026-08-24T01:19:07.283978,9.29,4.909135057742494e-18,6.284574853594773e-27,0.0,2.549928074913055e-06,0.0,0.0,1.274964037456182e-06,0.9999999999991872,-8.375799181991071e-18,6.297694642749825e-25,0.0,0.0,0.0,8.091115390123092e-05
2026-08-24T01:19:07.310408,9.31,5.177589328885697e-18,1.5939523180957704e-27,0.0,-2.5358068356240443e-07,0.0,0.0,-1.2679034178120184e-07,0.999999999999992,6.2020063936773385e-18,1.598075418322108e-25,0.0,0.0,0.0,0.00010070822153561461
2026-08-24T01:19:07.342608,9.33,5.166789048165821e-18,1.8565830411201152e-27,0.0,-9.83204951232608e-07,0.0,0.0,-4.916024756162842e-07,0.9999999999998792,2.8312909961450785e-18,1.8612698555746832e-25,0.0,0.0,0.0,0.00010842253931004626
2026-08-24T01:19:07.374147,9.35,5.17270940170428e-18,1.943501869944744e-27,0.0,8.77815557576156e-07,0.0,0.0,4.389077787880639e-07,0.9999999999999036,7.047911627691253e-19,1.9483169737697012e-25,0.0,0.0,0.0,-0.0004269563865906759
2026-08-24T01:19:07.399457,9.37,5.1741266539977314e-18,1.6881680200351563e-27,0.0,7.421407275387537e-07,0.0,0.0,3.7107036376936833e-07,0.9999999999999312,-2.4213018704697182e-18,1.6924353831186105e-25,0.0,0.0,0.0,0.00015293581737811646
2026-08-24T01:19:07.425577,9.39,5.16974382420179e-18,1.2895026298750186e-27,0.0,-2.6808454611781936e-06,0.0,0.0,-1.3404227305886955e-06,0.9999999999991016,-5.6213464381639e-18,1.293046236455034e-25,0.0,0.0,0.0,6.207244560316866e-05
2026-08-24T01:19:07.456256,9.41,5.484702835606055e-18,5.4123870661816114e-27,0.0,7.924739122699975e-07,0.0,0.0,3.962369561349884e-07,0.9999999999999215,1.3526731777323845e-17,5.423768276584087e-25,0.0,0.0,0.0,0.00012685229749611213
2026-08-24T01:19:07.483430,9.43,5.3830435741753885e-18,7.20132522071302e-27,0.0,6.7422829674868e-07,0.0,0.0,3.3711414837433366e-07,0.9999999999999432,2.931180912281444e-18,7.215868248909109e-25,0.0,0.0,0.0,0.00016044992484204361
2026-08-24T01:19:07.503603,9.45,5.4100081534439675e-18,7.356824854082258e-27,0.0,-1.3024605771683184e-06,0.0,0.0,-6.512302885841132e-07,0.999999999999788,1.9345940514211966e-18,7.371536514253239e-25,0.0,0.0,0.0,-0.0002831573061301291
2026-08-24T01:19:07.530060,9.47,5.4172010939085315e-18,6.798173348359955e-27,0.0,1.9395014740908323e-06,0.0,0.0,9.69750737045264e-07,0.9999999999995298,2.666115866601607e-18,6.811755210601107e-25,0.0,0.0,0.0,-9.642798261759575e-05
2026-08-24T01:19:07.556969,9.49,5.41018047988155e-18,6.687282267408779e-27,0.0,2.002840631565306e-06,0.0,0.0,1.0014203157824856e-06,0.9999999999994986,-1.5177163699835518e-18,6.7005307841683375e-25,0.0,0.0,0.0,0.00027278828620442056
2026-08-24T01:19:07.584255,9.51,5.5211921510107444e-18,4.8703404933354574e-27,0.0,1.0217519115229836e-06,0.0,0.0,5.108759557614695e-07,0.9999999999998695,-1.1500888835886021e-18,4.880070850873362e-25,0.0,0.0,0.0,-0.00010717578765173099
2026-08-24T01:19:07.613917,9.53,5.535814436215399e-18,4.731842552718077e-27,0.0,-1.113150855935885e-07,0.0,0.0,-5.565754279679422e-08,0.9999999999999984,-4.136393217524958e-19,4.741229238333413e-25,0.0,0.0,0.0,0.00029214589643749276
2026-08-24T01:19:07.637273,9.55,5.345538192967372e-18,4.4885816427426776e-27,0.0,2.551003471129576e-06,0.0,0.0,1.2755017355644422e-06,0.9999999999991865,-7.696312596847358e-18,4.497493413055241e-25,0.0,0.0,0.0,-0.00027669286174166374
2026-08-24T01:19:07.666654,9.57,5.704674526379671e-18,6.0986547923566e-28,0.0,2.250815131610295e-06,0.0,0.0,1.12540756580491e-06,0.9999999999993667,1.2115195440016006e-17,6.113331198528318e-26,0.0,0.0,0.0,-0.00021793375373953402
2026-08-24T01:19:07.691383,9.58,5.500435640965094e-18,5.442645119807855e-32,0.0,1.9984014443252818e-14,0.0,0.0,9.992007221626409e-15,1.0,2.4178410103116246e-18,2.4000653476525957e-25,0.0,0.0,0.0,-0.000123674782049398
2026-08-24T01:19:07.721549,9.61,5.649424893225384e-18,2.7427656826068476e-27,0.0,-1.7876922613346837e-06,0.0,0.0,-8.938461306672227e-07,0.9999999999996005,7.07556593802717e-18,2.7482813960482227e-25,0.0,0.0,0.0,-3.1049550917263313e-05
2026-08-24T01:19:07.746650,9.63,5.607297887682474e-18,1.5877582068982023e-27,0.0,2.082101674183434e-06,0.0,0.0,1.041050837091529e-06,0.9999999999994581,3.1050552717332932e-18,1.5910186527297066e-25,0.0,0.0,0.0,0.00026480330005845934
2026-08-24T01:19:07.773245,9.65,5.645894599389328e-18,1.785736702870322e-27,0.0,1.913299749745079e-06,0.0,0.0,9.566498748723935e-07,0.9999999999995424,3.3776287303072827e-19,1.7893292708435564e-25,0.0,0.0,0.0,4.945123220724274e-06
2026-08-24T01:19:07.798102,9.67,5.991103701807733e-18,-1.4643457651656555e-27,0.0,-3.573882043639288e-06,0.0,0.0,-1.7869410218186925e-06,0.9999999999984034,1.142068435524458e-17,-1.4670110994134232e-25,0.0,0.0,0.0,-0.0002585488296813128
2026-08-24T01:19:07.823910,9.69,6.294023072720569e-18,-2.162355261074784e-28,0.0,-1.8548362179515723e-06,0.0,0.0,-9.27418108975653e-07,0.9999999999995699,2.0795776510742675e-17,-2.1600905906488744e-26,0.0,0.0,0.0,-0.0001289639594633838
2026-08-24T01:19:07.852033,9.71,6.0934900859568444e-18,-4.7855049756096996e-27,0.0,2.313253740560128e-06,0.0,0.0,1.1566268702798062e-06,0.9999999999993311,-6.1396761311378964e-18,-4.79443304200593e-25,0.0,0.0,0.0,0.0001970860105394609
2026-08-24T01:19:07.880790,9.73,6.021229679217709e-18,-5.273440575969858e-27,0.0,-1.3482241980611322e-06,0.0,0.0,-6.74112099030515e-07,0.9999999999997727,-6.055597179326589e-18,-5.283030228761512e-25,0.0,0.0,0.0,6.708627971624236e-06
2026-08-24T01:19:07.906842,9.75,6.179158915038825e-18,-3.7282547572461385e-27,0.0,-3.040641603835326e-06,0.0,0.0,-1.5203208019170771e-06,0.9999999999988443,3.3220401258951913e-19,-3.7349314169577572e-25,0.0,0.0,0.0,-8.68557181345741e-05
2026-08-24T01:19:07.935914,9.77,6.278746315764783e-18,-2.3692108412918714e-27,0.0,7.684935163787543e-07,0.0,0.0,3.8424675818936767e-07,0.9999999999999262,4.86947469597918e-18,-2.3732019260207722e-25,0.0,0.0,0.0,-0.0001273848778749726
2026-08-24T01:19:07.966295,9.78,6.192823097633346e-18,5.704595945883422e-34,0.0,-1.4033219031261979e-13,0.0,0.0,-7.016609515630989e-14,1.0,-6.503138191359132e-18,-2.0453658697690726e-25,0.0,0.0,0.0,-0.0001606058962227507
2026-08-24T01:19:07.992682,9.81,6.395517975125388e-18,-2.1834878198487383e-28,0.0,8.335041545848298e-09,0.0,0.0,4.167520772924149e-09,1.0,9.859743865650303e-18,-2.1829289295195945e-26,0.0,0.0,0.0,6.613120273397218e-05
2026-08-24T01:19:08.020603,9.83,6.177992019102341e-18,1.8330509556394733e-28,0.0,1.6280690466885517e-06,0.0,0.0,8.14034523344186e-07,0.9999999999996687,-2.287241354826882e-18,1.841190451888482e-26,0.0,0.0,0.0,0.0001837992215899677
2026-08-24T01:19:08.048014,9.85,6.305191654734453e-18,-1.2516905418019515e-27,0.0,1.5742983108246733e-06,0.0,0.0,7.871491554122553e-07,0.9999999999996902,2.9919837551309876e-18,-1.253646011668106e-25,0.0,0.0,0.0,-6.089793417561167e-05
2026-08-24T01:19:08.074918,9.86,6.4158449815440804e-18,1.676517678658401e-32,0.0,2.686739719592879e-13,0.0,0.0,1.3433698597964394e-13,1.0,5.848246660967262e-18,-2.4887900084018024e-25,0.0,0.0,0.0,0.0002491619376570143
2026-08-24T01:19:08.105460,9.89,6.491366202877165e-18,-1.4369992881900928e-27,0.0,-1.609047071138292e-06,0.0,0.0,-8.045235355690592e-07,0.9999999999996764,2.9584859427005046e-18,-1.4392421151940433e-25,0.0,0.0,0.0,-0.00011544113018947095
2026-08-24T01:19:08.128415,9.91,6.576674888739578e-18,-1.202286091832132e-27,0.0,2.7820655517096786e-06,0.0,0.0,1.3910327758543906e-06,0.9999999999990326,5.3874079916911494e-18,-1.203991044757898e-25,0.0,0.0,0.0,0.00010122358602000943
2026-08-24T01:19:08.159182,9.92,6.628079165733294e-18,-1.9490870545805886e-32,0.0,1.0538236949741986e-12,0.0,0.0,5.269118474870993e-13,1.0,-2.022252068543367e-18,-1.0931678086135182e-25,0.0,0.0,0.0,0.0001081035774519196
2026-08-24T01:19:08.180794,9.95,6.655208008586094e-18,-1.6056449820890375e-27,0.0,5.059486705150107e-07,0.0,0.0,2.5297433525750265e-07,0.999999999999968,-5.619175170545385e-19,-1.608137512238003e-25,0.0,0.0,0.0,0.00024974810856469374
2026-08-24T01:19:08.208516,9.97,6.5079917184253694e-18,-1.2937152008089211e-27,0.0,6.435822856865059e-07,0.0,0.0,3.217911428432474e-07,0.9999999999999483,-4.192056077761994e-18,-1.2955653045812348e-25,0.0,0.0,0.0,6.368691058137378e-05
2026-08-24T01:19:08.238474,9.99,6.458068140375758e-18,-1.4668957732164666e-27,0.0,1.8823908241039082e-06,0.0,0.0,9.41195412051815e-07,0.999999999999557,-7.737427373984328e-18,-1.4690636380603843e-25,0.0,0.0,0.0,0.0001522861439701159
2026-08-24T01:19:08.268052,10.01,6.5693477769135085e-18,-3.770784043738523e-27,0.0,-8.090301482077679e-07,0.0,0.0,-4.0451507410387286e-07,0.9999999999999182,5.393955100814219e-19,-3.777335289145954e-25,0.0,0.0,0.0,-8.82563006366725e-05
2026-08-24T01:19:08.295994,10.03,6.5388962990222e-18,-3.77806431800987e-27,0.0,1.0075788141605813e-06,0.0,0.0,5.037894070802693e-07,0.9999999999998731,-4.830805343843826e-18,-3.7845826493140743e-25,0.0,0.0,0.0,-0.00021072558478912092
2026-08-24T01:19:08.328742,10.05,6.731130012950832e-18,-4.266881758374187e-27,0.0,-4.687597123798071e-07,0.0,0.0,-2.343798561899014e-07,0.9999999999999726,4.491448280078204e-18,-4.274221222215525e-25,0.0,0.0,0.0,-0.00011736006063350436
2026-08-24T01:19:08.356882,10.07,6.8096979001830564e-18,-4.44577919900287e-27,0.0,2.061200894853954e-06,0.0,0.0,1.0306004474267944e-06,0.999999999999469,6.789373288033879e-18,-4.4533960532601595e-25,0.0,0.0,0.0,9.091976359891443e-05
2026-08-24T01:19:08.380300,10.09,6.726073439666961e-18,-2.2674880398722914e-27,0.0,-1.30395060082833e-06,0.0,0.0,-6.519753004141187e-07,0.9999999999997875,5.0847513583736946e-18,-2.271015278664571e-25,0.0,0.0,0.0,-0.000166335316930164
2026-08-24T01:19:08.406746,10.11,6.752854984704703e-18,-2.8472070536488506e-27,0.0,-9.824368207844714e-08,0.0,0.0,-4.912184103922355e-08,0.9999999999999988,3.382544154823904e-18,-2.8517306957689895e-25,0.0,0.0,0.0,0.0001237124034638888
2026-08-24T01:19:08.437153,10.13,6.618875006462947e-18,-2.620450573898102e-27,0.0,-2.0346014024674726e-06,0.0,0.0,-1.017300701233561e-06,0.9999999999994825,-6.704781529549351e-18,-2.6245073084701523e-25,0.0,0.0,0.0,0.00024732898296018905
2026-08-24T01:19:08.463492,10.16,6.604051045749429e-18,7.569959229633844e-33,0.0,2.7977620220553945e-13,0.0,0.0,1.3988810110276972e-13,1.0,4.231837930515189e-18,-2.70214275501856e-25,0.0,0.0,0.0,-1.763668524803338e-05
2026-08-24T01:19:08.489719,10.17,6.646472284856112e-18,-2.706238074201305e-27,0.0,1.3605978508302028e-06,0.0,0.0,6.80298925415049e-07,0.9999999999997686,4.252409890821375e-18,-2.7104352528430384e-25,0.0,0.0,0.0,-8.960401231178169e-05
2026-08-24T01:19:08.514884,10.19,6.770274143094257e-18,-3.396245472853324e-27,0.0,4.9494865024257714e-06,0.0,0.0,2.4747432512103594e-06,0.9999999999969378,7.624499145696007e-18,-3.401721751946897e-25,0.0,0.0,0.0,0.0002116481700695055
2026-08-24T01:19:08.540140,10.2,6.8727017393837664e-18,2.765803646797587e-32,0.0,1.9628743075372768e-12,0.0,0.0,9.814371537686384e-13,1.0,7.070491465013492e-18,-5.271611077377689e-25,0.0,0.0,0.0,0.00020931395488538602
2026-08-24T01:19:08.571741,10.23,6.984769253792513e-18,-4.946839153668497e-27,0.0,-3.220501307410473e-06,0.0,0.0,-1.6102506537045405e-06,0.9999999999987036,2.2939410438799004e-18,-4.9551127860626915e-25,0.0,0.0,0.0,5.796603403068621e-05
2026-08-24T01:19:08.592862,10.25,6.809339064735049e-18,-8.01971183773388e-27,0.0,-1.685067728462997e-06,0.0,0.0,-8.425338642313987e-07,0.9999999999996451,-3.271547978990077e-18,-8.033736900920779e-25,0.0,0.0,0.0,-8.793931799567947e-05
2026-08-24T01:19:08.623764,10.27,6.778782401062384e-18,-7.701067165056812e-27,0.0,-7.258251413233553e-07,0.0,0.0,-3.6291257066166965e-07,0.9999999999999342,-3.1199102418773256e-18,-7.714372585751699e-25,0.0,0.0,0.0,8.995174961499458e-05
2026-08-24T01:19:08.652131,10.29,6.833399837842282e-18,-7.408312524816008e-27,0.0,6.475934379857051e-07,0.0,0.0,3.237967189928469e-07,0.9999999999999476,-1.3616013765602972e-18,-7.420945118478201e-25,0.0,0.0,0.0,0.00023202024402860916
2026-08-24T01:19:08.676991,10.31,7.188926783046732e-18,-8.558465867124277e-27,0.0,-2.8486057237486766e-06,0.0,0.0,-1.4243028618738565e-06,0.9999999999989857,1.5336911470197473e-17,-8.573312347031427e-25,0.0,0.0,0.0,-0.0002484319717167527
2026-08-24T01:19:08.707806,10.33,7.042510847778887e-18,-1.445997845311584e-26,0.0,-1.0286994456265576e-07,0.0,0.0,-5.143497228132785e-08,0.9999999999999987,5.896422377058898e-19,-1.4485740617288794e-24,0.0,0.0,0.0,-0.00041550213142419
2026-08-24T01:19:08.731674,10.34,7.031791493054856e-18,-5.8563090421711996e-33,0.0,-1.1826095658307167e-12,0.0,0.0,-5.913047829153584e-13,1.0,2.323682376387822e-18,-1.4342094442338304e-24,0.0,0.0,0.0,-0.00038414846832921396
2026-08-24T01:19:08.766117,10.37,7.064042999883384e-18,-1.3785526483746032e-26,0.0,2.373322149029633e-06,0.0,0.0,1.186661074514538e-06,0.9999999999992959,4.3641041921395775e-19,-1.3809566164188642e-24,0.0,0.0,0.0,-0.00029008323440657115
2026-08-24T01:19:08.790604,10.39,6.879410845572766e-18,-1.1310798834226869e-26,0.0,-1.4255478171243396e-06,0.0,0.0,-7.127739085621095e-07,0.999999999999746,-4.131982038659671e-18,-1.133000124362239e-24,0.0,0.0,0.0,6.124480547394477e-05
2026-08-24T01:19:08.824130,10.41,6.817958718359454e-18,-1.1318862528420863e-26,0.0,-2.8676599184151996e-07,0.0,0.0,-1.4338299592075948e-07,0.9999999999999897,-6.924299855783894e-18,-1.1337977931533027e-24,0.0,0.0,0.0,5.827971238435047e-05
2026-08-24T01:19:08.848382,10.43,6.862892780724458e-18,-1.117179543943736e-26,0.0,-9.039037163205421e-08,0.0,0.0,-4.519518581602709e-08,0.999999999999999,-7.056512456912005e-18,-1.119045725446984e-24,0.0,0.0,0.0,-0.00019988226391787727
2026-08-24T01:19:08.877451,10.45,6.78273982494104e-18,-1.0160382582715527e-26,0.0,-3.107389052736665e-06,0.0,0.0,-1.553694526367707e-06,0.999999999998793,-6.112574294746383e-18,-1.0177008432051472e-24,0.0,0.0,0.0,0.00017751596263920944
2026-08-24T01:19:08.907952,10.47,6.88407699569918e-18,-8.007458225730425e-27,0.0,-2.3325836639997988e-07,0.0,0.0,-1.1662918319998967e-07,0.9999999999999932,-2.173208938290992e-18,-8.019920386226248e-25,0.0,0.0,0.0,-7.9935278040859e-05
2026-08-24T01:19:08.930547,10.49,6.79078665478042e-18,-7.863875864968685e-27,0.0,2.115017054382662e-06,0.0,0.0,1.0575085271911338e-06,0.9999999999994409,-2.2996568107782026e-18,-7.875941809754793e-25,0.0,0.0,0.0,-8.987223339986883e-05
2026-08-24T01:19:08.956147,10.51,6.969807556211818e-18,-9.666602705963708e-27,0.0,1.714756776571846e-07,0.0,0.0,8.573783882859221e-08,0.9999999999999963,5.002842458467149e-18,-9.682002683525922e-25,0.0,0.0,0.0,-5.152999272753409e-05
2026-08-24T01:19:08.984508,10.53,6.81058132483683e-18,-9.487614707378137e-27,0.0,2.759961100995412e-06,0.0,0.0,1.379980550497268e-06,0.9999999999990479,-4.2269623147069654e-18,-9.502537457075886e-25,0.0,0.0,0.0,7.619777037319887e-05
2026-08-24T01:19:09.010044,10.54,6.902897254578606e-18,3.2973515128002933e-32,0.0,9.78328529299688e-13,0.0,0.0,4.89164264649844e-13,1.0,7.632921574456675e-18,-1.19573953705807e-24,0.0,0.0,0.0,2.0212043586019575e-05
2026-08-24T01:19:09.038734,10.57,7.090916863999673e-18,-1.1777639201127579e-26,0.0,2.6228451490695197e-06,0.0,0.0,1.3114225745343838e-06,0.9999999999991401,5.838727373215006e-18,-1.179661572517059e-24,0.0,0.0,0.0,2.5025241467417267e-05
2026-08-24T01:19:09.065399,10.59,7.159212399517689e-18,-1.1685247312518961e-26,0.0,-1.91764009960238e-06,0.0,0.0,-9.588200498010431e-07,0.9999999999995404,5.230736784597314e-18,-1.1703961245447347e-24,0.0,0.0,0.0,-0.00011723203602751633
2026-08-24T01:19:09.095444,10.61,7.246120407193068e-18,-1.1558378081883906e-26,0.0,1.318218672441418e-06,0.0,0.0,6.591093362206612e-07,0.9999999999997828,6.978584084372255e-18,-1.1576580653373187e-24,0.0,0.0,0.0,-0.0003146116375339022
2026-08-24T01:19:09.125897,10.63,7.17741321786804e-18,-1.1700361190030474e-26,0.0,-6.974720601071738e-07,0.0,0.0,-3.487360300535798e-07,0.9999999999999392,3.701747842917853e-18,-1.171878672075075e-24,0.0,0.0,0.0,6.9456434523489205e-06
2026-08-24T01:19:09.149744,10.65,7.228391486397987e-18,-1.1409861700857281e-26,0.0,-1.6084717602282694e-07,0.0,0.0,-8.042358801141338e-08,0.9999999999999968,2.8536995606301843e-18,-1.1427567273691388e-24,0.0,0.0,0.0,-0.0001125866711960054
2026-08-24T01:19:09.179943,10.66,7.162077247631216e-18,2.1172914535378337e-34,0.0,-3.574918139293004e-13,0.0,0.0,-1.787459069646502e-13,1.0,-9.211763964032782e-18,-1.1503333184536496e-24,0.0,0.0,0.0,8.674068681546748e-05
2026-08-24T01:19:09.209131,10.69,7.261550528745122e-18,-1.2129463543912636e-26,0.0,2.987385363528716e-06,0.0,0.0,1.4936926817638027e-06,0.9999999999988844,6.309117385647835e-18,-1.2148276886200996e-24,0.0,0.0,0.0,0.0001649837972262501
2026-08-24T01:19:09.232931,10.71,7.336813029305955e-18,-1.1504407635194125e-26,0.0,-9.077464908635593e-07,0.0,0.0,-4.5387324543176397e-07,0.999999999999897,6.4182830690157356e-18,-1.1521987072953013e-24,0.0,0.0,0.0,-0.00031138748739807155
2026-08-24T01:19:09.265184,10.73,7.201992707571245e-18,-1.3244813522146558e-26,0.0,1.4301190205401326e-06,0.0,0.0,7.150595102700053e-07,0.9999999999997443,-4.761398719317661e-18,-1.32655357744509e-24,0.0,0.0,0.0,0.00031423502765050325
2026-08-24T01:19:09.286204,10.74,7.342186881460477e-18,4.0733910361194067e-32,0.0,1.269651050961329e-12,0.0,0.0,6.348255254806645e-13,1.0,1.0851094040775763e-17,-1.5708771193215955e-24,0.0,0.0,0.0,-7.944971623114752e-05
2026-08-24T01:19:09.315423,10.77,7.521068270892953e-18,-1.553125314334569e-26,0.0,-6.325276706853344e-07,0.0,0.0,-3.1626383534266193e-07,0.99999999999995,3.728482625968869e-18,-1.5555831573542916e-24,0.0,0.0,0.0,3.383486557670843e-05
2026-08-24T01:19:09.339380,10.79,7.760541638341864e-18,-1.4519639366126032e-26,0.0,-1.0854487770828314e-06,0.0,0.0,-5.42724388541389e-07,0.9999999999998527,8.090948932565332e-18,-1.4542122297182273e-24,0.0,0.0,0.0,5.326313116470886e-05
2026-08-24T01:19:09.366987,10.81,7.71706851484673e-18,-1.4649348925436806e-26,0.0,3.658392699890101e-07,0.0,0.0,1.82919634994504e-07,0.9999999999999832,2.990893723422373e-18,-1.467190954616678e-24,0.0,0.0,0.0,-6.80571286430653e-05
2026-08-24T01:19:09.391959,10.83,7.735734418104207e-18,-1.4531811486369956e-26,0.0,-3.267220750835521e-06,0.0,0.0,-1.6336103754170335e-06,0.9999999999986656,-8.1533966290561845e-19,-1.4554001619656176e-24,0.0,0.0,0.0,6.484544943927877e-05
2026-08-24T01:19:09.418263,10.85,7.896313208124655e-18,-1.1593044296118922e-26,0.0,-1.8208589809276532e-06,0.0,0.0,-9.104294904637008e-07,0.9999999999995856,4.6759533160774736e-18,-1.1609467053337772e-24,0.0,0.0,0.0,-2.2459222544478894e-05
2026-08-24T01:19:09.445876,10.870000000000001,7.874426058159077e-18,-1.2118555295053662e-26,0.0,-1.8906567675891497e-06,0.0,0.0,-9.453283837944339e-07,0.9999999999995531,3.392945550316378e-18,-1.2135877664874685e-24,0.0,0.0,0.0,0.0003831995668882324
2026-08-24T01:19:09.472719,10.89,8.1134885731172e-18,-9.33600159380315e-27,0.0,4.5875632004310773e-07,0.0,0.0,2.2937816002155186e-07,0.9999999999999737,1.1943267000196543e-17,-9.347986878983295e-25,0.0,0.0,0.0,0.00012024709970621918
2026-08-24T01:19:09.504850,10.91,8.245330441433198e-18,-8.446255394112346e-27,0.0,2.3911406730192653e-06,0.0,0.0,1.1955703365093478e-06,0.9999999999992853,4.9219949435319026e-18,-8.456473079807296e-25,0.0,0.0,0.0,3.293633445406824e-05
2026-08-24T01:19:09.531332,10.93,8.210712244837256e-18,-7.594294261845409e-27,0.0,-1.3471568367506848e-06,0.0,0.0,-6.735784183752915e-07,0.9999999999997732,-3.3348012782955373e-18,-7.602787276035957e-25,0.0,0.0,0.0,-0.0002926156417549406
2026-08-24T01:19:09.559396,10.95,8.469935325515268e-18,-4.9786775006755366e-27,0.0,-2.888489019525764e-06,0.0,0.0,-1.44424450976238e-06,0.9999999999989571,7.371703723350043e-18,-4.9820992022099305e-25,0.0,0.0,0.0,-6.608448752175772e-05
2026-08-24T01:19:09.587214,10.97,8.17060338474493e-18,-1.0146850696755403e-26,0.0,-2.8040437713983124e-06,0.0,0.0,-1.402021885698697e-06,0.9999999999990171,-8.62927380269689e-18,-1.0160241231268473e-24,0.0,0.0,0.0,-0.00010815329514800705
2026-08-24T01:19:09.611959,10.99,8.076202641127968e-18,-9.621149783739483e-27,0.0,4.014361696391689e-07,0.0,0.0,2.0071808481958307e-07,0.9999999999999799,-7.594293598354842e-18,-9.633413636301666e-25,0.0,0.0,0.0,0.0005985239358405564
2026-08-24T01:19:09.641905,11.01,8.470572617554244e-18,-1.297642076346574e-26,0.0,4.0376586518675595e-09,0.0,0.0,2.0188293259337797e-09,1.0,1.4018794486500456e-17,-1.299514314168001e-24,0.0,0.0,0.0,9.319722703252076e-05
2026-08-24T01:19:09.669022,11.03,8.51668440297917e-18,-1.1974462113553751e-26,0.0,2.2963718162571926e-06,0.0,0.0,1.148185908128344e-06,0.9999999999993409,9.518927987578907e-18,-1.1990828777877051e-24,0.0,0.0,0.0,5.004721079196483e-06
2026-08-24T01:19:09.689895,11.04,8.430322532042368e-18,-8.539993077853105e-33,0.0,6.519229600598919e-13,0.0,0.0,3.2596148002994596e-13,1.0,-2.186967221212745e-19,-9.887602588897733e-25,0.0,0.0,0.0,-1.9439022376966784e-05
2026-08-24T01:19:09.721163,11.07,8.610407471072904e-18,-9.609288696248611e-27,0.0,-9.316014111249161e-07,0.0,0.0,-4.6580070556244117e-07,0.9999999999998915,1.0019206763428316e-17,-9.621060281759281e-25,0.0,0.0,0.0,-0.0003172611462388217
2026-08-24T01:19:09.743068,11.09,8.703835349429381e-18,-1.1290841393019025e-26,0.0,-1.8534506462941634e-06,0.0,0.0,-9.267253231469491e-07,0.9999999999995706,8.196695372718597e-18,-1.130555634759903e-24,0.0,0.0,0.0,-0.0001882094146449446
2026-08-24T01:19:09.774836,11.11,8.741582382554602e-18,-1.2207030751799124e-26,0.0,1.2401620352875402e-06,0.0,0.0,6.200810176437302e-07,0.9999999999998077,3.2288462618773447e-18,-1.2223396146817868e-24,0.0,0.0,0.0,-5.000549995026483e-05
2026-08-24T01:19:09.802959,11.13,8.909272554148383e-18,-1.2729859377876557e-26,0.0,-2.5580467295505116e-06,0.0,0.0,-1.279023364774907e-06,0.9999999999991821,1.2430033975318107e-17,-1.2747156013704893e-24,0.0,0.0,0.0,0.00017175695482122264
2026-08-24T01:19:09.832780,11.15,8.86327781405174e-18,-1.308158232765039e-26,0.0,-1.0347742218641545e-06,0.0,0.0,-5.17387110932054e-07,0.9999999999998661,2.6693576987468065e-18,-1.3099312016467615e-24,0.0,0.0,0.0,-0.00026649400984166593
2026-08-24T01:19:09.863613,11.17,8.63006020666934e-18,-1.4383804458426195e-26,0.0,-9.381732724023095e-07,0.0,0.0,-4.6908663620113756e-07,0.99999999999989,-1.2440821057364065e-17,-1.440406639049024e-24,0.0,0.0,0.0,0.00046392268250943376
2026-08-24T01:19:09.892107,11.18,8.696679113844758e-18,9.079278923482983e-32,0.0,1.028066520802895e-12,0.0,0.0,5.140332604014475e-13,1.0,-3.605479801026381e-18,-1.6884840734679187e-24,0.0,0.0,0.0,0.00031621318439227757
2026-08-24T01:19:09.917709,11.21,0.0030047115625305857,2.0219178527523622e-06,0.0,0.0008958728186723164,0.0,0.0,0.00044793639435664024,0.9999998996764883,0.15094261554226132,7.835912688161998e-07,0.0,0.0,0.0,-0.00014766221000363353
2026-08-24T01:19:09.950668,11.23,0.00690605456246701,1.2306869164843483e-05,0.0,0.002882246877085937,0.0,0.0,0.0014411229397133301,0.9999989615817971,0.19621365234068794,3.036188045258319e-06,0.0,0.0,0.0,0.012442814351419057
2026-08-24T01:19:09.973928,11.25,0.011076362414199114,3.0904655063276274e-05,0.0,0.004790045750223904,0.0,0.0,0.0023950205854170225,0.9999971319340848,0.2097832629784856,5.119399070653142e-06,0.0,0.0,0.0,0.049893171445487064
2026-08-24T01:19:10.002046,11.27,0.015327324947009448,5.7845215558479655e-05,0.0,0.0070576066587526584,0.0,0.0,0.003528796005671325,0.9999937737799923,0.21384259260940416,7.484901172921035e-06,0.0,0.0,0.0,0.08723872988301695
2026-08-24T01:19:10.027231,11.29,0.019602433672427023,9.362189261971591e-05,0.0,0.009360661520434467,0.0,0.0,0.004680313672741471,0.9999890472719812,0.21504898318473775,1.0092358482424715e-05,0.0,0.0,0.0,0.09952103583702622
2026-08-24T01:19:10.060341,11.31,0.023884725775596666,0.000138012826527282,0.0,0.011352876709431303,0.0,0.0,0.005676407870443692,0.9999838890670631,0.2153996355128363,1.244156267808928e-05,0.0,0.0,0.0,0.098360484685494
2026-08-24T01:19:10.087544,11.33,0.028169101140303663,0.00019091524054397658,0.0,0.013320730969230258,0.0,0.0,0.006660316241902259,0.9999778198477993,0.21549370789232924,1.473262193450301e-05,0.0,0.0,0.0,0.09823328526876778
2026-08-24T01:19:10.121228,11.35,0.032454018792259245,0.00025224576620009004,0.0,0.015285176564242777,0.0,0.0,0.007642513882817245,0.9999707955643259,0.21551094611567567,1.6970943076257995e-05,0.0,0.0,0.0,0.09773769057594231
2026-08-24T01:19:10.146143,11.37,0.03673900473989809,0.000321995051886308,0.0,0.017243874981568652,0.0,0.0,0.008621830668528481,0.9999628313272065,0.2155052721493872,1.917098629849813e-05,0.0,0.0,0.0,0.09119733973977184
2026-08-24T01:19:10.178020,11.39,0.041023909697202196,0.0003999115748175274,0.0,0.019072413898479912,0.0,0.0,0.009536062413990345,0.9999545307230907,0.21549286084812153,2.1244862170998052e-05,0.0,0.0,0.0,0.09081352703153386
2026-08-24T01:19:10.204971,11.41,0.04530868564819315,0.00048555272978606013,0.0,0.02088287869793515,0.0,0.0,0.010441249622687082,0.9999454886674157,0.21547856295479056,2.3189443321498378e-05,0.0,0.0,0.0,0.09040744403486833
2026-08-24T01:19:10.235159,11.43,0.04959330596740111,0.0005789402334163711,0.0,0.022686867695902006,0.0,0.0,0.011343190582976361,0.9999356639441351,0.2154638320003065,2.509357951935416e-05,0.0,0.0,0.0,0.08937050990900682
2026-08-24T01:19:10.263375,11.45,0.05387775398856873,0.000680029046643532,0.0,0.0244794174443812,0.0,0.0,0.012239403118394495,0.9999250957003256,0.21544910237326315,2.694460136429599e-05,0.0,0.0,0.0,0.0948059402940512
2026-08-24T01:19:10.292366,11.47,0.058162010973152836,0.0007889678569770721,0.0,0.02638117371296112,0.0,0.0,0.013190204351296602,0.9999130054705614,0.21543450274055,2.8826948980545077e-05,0.0,0.0,0.0,0.09458205499702386
2026-08-24T01:19:10.321738,11.49,0.06244605307825803,0.0009060944825822153,0.0,0.02826894021452908,0.0,0.0,0.014133999473581235,0.9999001100404384,0.2154200700732776,3.0742687471951834e-05,0.0,0.0,0.0,0.0937687387272774
2026-08-24T01:19:10.348563,11.51,0.06672986755547215,0.001031300946182703,0.0,0.030152208494563577,0.0,0.0,0.015075533148531838,0.9998863576928567,0.21540581385431687,3.261399222255931e-05,0.0,0.0,0.0,0.09329226898434323
2026-08-24T01:19:10.378385,11.53,0.07101344050090685,0.001164542602072288,0.0,0.03202140478611648,0.0,0.0,0.016010018364336073,0.9998718314423972,0.215391735340259,3.443877814913244e-05,0.0,0.0,0.0,0.09221753240772672
2026-08-24T01:19:10.408333,11.55,0.07529675893026365,0.0013057550602093581,0.0,0.03387147806431568,0.0,0.0,0.01693492946108819,0.9998565937994048,0.2153778333397875,3.621390911013379e-05,0.0,0.0,0.0,0.09177553442637301
2026-08-24T01:19:10.443147,11.57,0.07957981082215203,0.0014548564588222023,0.0,0.035705681361481556,0.0,0.0,0.017851892341291906,0.9998406422724748,0.2153641059469246,3.79380226174848e-05,0.0,0.0,0.0,0.08146938354620493
2026-08-24T01:19:10.470486,11.59,0.08386259467034651,0.001611490286530331,0.0,0.037341990338149327,0.0,0.0,0.01866991038430406,0.9998257020332304,0.21535055106075665,3.9500505164859065e-05,0.0,0.0,0.0,0.08106681280182548
2026-08-24T01:19:10.498863,11.61,0.08814512283364416,0.0017749820725402137,0.0,0.03896173997790564,0.0,0.0,0.019479637833359903,0.9998102538531405,0.21533716654112706,4.0895549095627515e-05,0.0,0.0,0.0,0.07997270005664486
2026-08-24T01:19:10.526290,11.62,0.09028104904868119,0.0018595651019048638,0.0,0.03976109956087149,0.0,0.0,0.019879240220626374,0.999802388378949,0.21428571566921725,4.210022268097833e-05,0.0,0.0,0.0,0.07979120048813497
2026-08-24T01:19:10.556064,11.65,0.09670936624778699,0.0021225987158393672,0.0,0.04216009825680578,0.0,0.0,0.021078487944889465,0.9997778239918893,0.21531090009041012,4.355948976670452e-05,0.0,0.0,0.0,0.07739487481520416
2026-08-24T01:19:10.580404,11.67,0.10099106529427546,0.0023065847389515293,0.0,0.043705369939194494,0.0,0.0,0.021850945756509567,0.9997612395815043,0.21529801395996856,4.481703776932666e-05,0.0,0.0,0.0,0.07669721382962003
2026-08-24T01:19:10.605467,11.69,0.10527247731615758,0.002497149875500152,0.0,0.04524527917340837,0.0,0.0,0.022620709985923693,0.9997441190023238,0.21528528980211853,4.6009865242894076e-05,0.0,0.0,0.0,0.07534336658433492
2026-08-24T01:19:10.634151,11.71,0.10955359359901196,0.002694264080796949,0.0,0.04675660380138336,0.0,0.0,0.023376172409884523,0.9997267399462032,0.21527272558099655,4.716142333086448e-05,0.0,0.0,0.0,0.07535484820221089
2026-08-24T01:19:10.666376,11.74,0.11596984858497969,0.0030021066909812445,0.0,0.04901513921786771,0.0,0.0,0.024505116389243572,0.9996997045466952,0.21428571621029954,4.919956615133885e-05,0.0,0.0,0.0,0.07501013876063885
2026-08-24T01:19:10.695192,11.75,0.11811491400612842,0.003107825070130007,0.0,0.04976720154193791,0.0,0.0,0.024881032889466533,0.999690419181035,0.21524806893302267,4.936555425879069e-05,0.0,0.0,0.0,0.07489334036941955
2026-08-24T01:19:10.727589,11.77,0.12239510026663228,0.003324240380894441,0.0,0.05126008740079824,0.0,0.0,0.025627237733618042,0.9996715684094175,0.2152359725610175,5.0427131418841125e-05,0.0,0.0,0.0,0.07823789922846162
2026-08-24T01:19:10.752584,11.79,0.12667495358165848,0.0035471571648101738,0.0,0.052824775226198994,0.0,0.0,0.02640931677735308,0.9996512131675495,0.2152240282348392,5.150529925769304e-05,0.0,0.0,0.0,0.0777366588136926
2026-08-24T01:19:10.783185,11.81,0.13095445236155734,0.0037767944028969805,0.0,0.054382989069204225,0.0,0.0,0.027188143862499743,0.9996303340902136,0.2152122340433313,5.2603345197167106e-05,0.0,0.0,0.0,0.07765637373073556
2026-08-24T01:19:10.810399,11.83,0.13523359099974047,0.00401306061574516,0.0,0.05592548238285966,0.0,0.0,0.027959097253255075,0.9996090680264875,0.21520058809941012,5.366915426360616e-05,0.0,0.0,0.0,0.0773725007103148
2026-08-24T01:19:10.839581,11.85,0.13951236091500757,0.004255925348271496,0.0,0.05746449753241434,0.0,0.0,0.028728295649128134,0.9995872573362949,0.21518908853966406,5.470603336918405e-05,0.0,0.0,0.0,0.0722318705886799
2026-08-24T01:19:10.872565,11.870000000000001,0.14379076033269989,0.004505244010142854,0.0,0.058919402629995066,0.0,0.0,0.02945544028175952,0.9995660943818612,0.21517773352411618,5.566454725971488e-05,0.0,0.0,0.0,0.0722881586685344
2026-08-24T01:19:10.901347,11.89,0.1480687972768173,0.00476071748424226,0.0,0.06037112989217875,0.0,0.0,0.03018098113311967,0.9995444504262141,0.215166521235937,5.6541637375639626e-05,0.0,0.0,0.0,0.07202772014881083
2026-08-24T01:19:10.926708,11.91,0.15234646098580132,0.005022377421939186,0.0,0.06180726489483224,0.0,0.0,0.030898713676449367,0.9995225207533549,0.21515544988108373,5.7397187639797986e-05,0.0,0.0,0.0,0.07116158276381744
2026-08-24T01:19:10.956264,11.93,0.15662374591828845,0.005290168638627598,0.0,0.06323221752403586,0.0,0.0,0.03161084189570705,0.9995002524635221,0.21514451768811255,5.822182094845418e-05,0.0,0.0,0.0,0.07098643489947144
2026-08-24T01:19:10.986696,11.95,0.16090064631374787,0.005564043189138422,0.0,0.06465259416418823,0.0,0.0,0.03232066726951084,0.999477550757021,0.21513372290782537,5.902507635995067e-05,0.0,0.0,0.0,0.07189708332995322
2026-08-24T01:19:11.013062,11.97,0.1651771531012104,0.005844006743609485,0.0,0.06609171948207049,0.0,0.0,0.03303984556408089,0.9994540352638043,0.215123063813016,5.981251154677238e-05,0.0,0.0,0.0,0.06905748959264037
2026-08-24T01:19:11.041087,11.99,0.1694532586591972,0.006130043413862496,0.0,0.0674724151482633,0.0,0.0,0.03372980856373367,0.9994309881198671,0.21511253869817704,6.0563140615478384e-05,0.0,0.0,0.0,0.06905417360827105
2026-08-24T01:19:11.064450,12.01,0.1737289678753046,0.006421953807991667,0.0,0.06884954200741202,0.0,0.0,0.0344179721421758,0.9994075260841397,0.21510214587926807,6.12627155460527e-05,0.0,0.0,0.0,0.06836001139917981
2026-08-24T01:19:11.096590,12.03,0.1780042717975291,0.006719750514762039,0.0,0.0702247856532221,0.0,0.0,0.0351051783761142,0.9993836232654512,0.21509188369337073,6.194444488657013e-05,0.0,0.0,0.0,0.06714434090177693
2026-08-24T01:19:11.129182,12.05,0.1822791675218572,0.007023359577633447,0.0,0.07156936002256087,0.0,0.0,0.03577704319474849,0.9993597966599622,0.21508175049850212,6.258279390974681e-05,0.0,0.0,0.0,0.06737620158666786
2026-08-24T01:19:11.155453,12.07,0.1865536519258861,0.007332714170754064,0.0,0.07291674116395085,0.0,0.0,0.036450294296696564,0.9993354672209349,0.2150717446733114,6.319968729532542e-05,0.0,0.0,0.0,0.050586861287421694
2026-08-24T01:19:11.183119,12.09,0.19082775696552384,0.007647275724481837,0.0,0.07392283295151093,0.0,0.0,0.03695300126682088,0.999317004607334,0.21506186461681936,6.359177287079764e-05,0.0,0.0,0.0,0.04955248282087957
2026-08-24T01:19:11.213740,12.11,0.19510155932078202,0.0079659296193286,0.0,0.07491467286199781,0.0,0.0,0.03744857794665848,0.9992985559930391,0.2150521087482237,6.37455399385013e-05,0.0,0.0,0.0,0.04881927913750414
2026-08-24T01:19:11.240940,12.13,0.19937504557220867,0.008288803217391488,0.0,0.07590018011345512,0.0,0.0,0.037940981367010684,0.9992799817533163,0.21504247550644948,6.387917609576673e-05,0.0,0.0,0.0,0.048448951320971545
2026-08-24T01:19:11.276407,12.15,0.2036482152709795,0.008615847534343937,0.0,0.0768690657524238,0.0,0.0,0.03842507090780402,0.9992614842601161,0.21503296335018343,6.399026977370641e-05,0.0,0.0,0.0,0.04872504563447382
2026-08-24T01:19:11.306159,12.17,0.20792106549387282,0.008947047333418254,0.0,0.07784520145316655,0.0,0.0,0.0389127737164006,0.9992426112019523,0.2150235707574392,6.409669330235269e-05,0.0,0.0,0.0,0.048291611912275385
2026-08-24T01:19:11.328589,12.19,0.21219359135605886,0.009282413070639348,0.0,0.07881544876016733,0.0,0.0,0.03939752534470353,0.9992236161123863,0.21501429622535953,6.4199691596895e-05,0.0,0.0,0.0,-0.0001650627592434742
2026-08-24T01:19:11.356955,12.21,0.2154673490471105,0.009542810501949148,0.0,0.07955093559135173,0.0,0.0,0.039764980577984416,0.9992090603670648,0.16469093279663888,6.344635868606875e-05,0.0,0.0,0.0,0.010057692173475845
2026-08-24T01:19:11.388539,12.22,0.21695340734164417,0.009662002284025825,0.0,0.08043870085492921,0.0,0.0,0.040208508193359735,0.9991913109454388,0.14928572483610322,6.296518699482237e-05,0.0,0.0,0.0,0.02992910499165418
2026-08-24T01:19:11.421237,12.24,0.21988448320428278,0.009899897312342984,0.0,0.08154166947194463,0.0,0.0,0.04075954038020571,0.9991689846407336,0.1447857177303646,6.28806322761318e-05,0.0,0.0,0.0,0.05548069298414887
2026-08-24T01:19:11.448556,12.27,0.22418770641116278,0.010255363776604163,0.0,0.08318182908719063,0.0,0.0,0.04157892489104341,0.9991352225824616,0.1436974846551441,6.286856218654296e-05,0.0,0.0,0.0,0.05419278685185377
2026-08-24T01:19:11.477565,12.28,0.22561175132556419,0.010374239876920448,0.0,0.08372126952472982,0.0,0.0,0.04184841034617875,0.9991239715628376,0.14303071490159117,6.248417515346731e-05,0.0,0.0,0.0,0.05379652283422791
2026-08-24T01:19:11.505849,12.31,0.2298861649284512,0.010736662375951151,0.0,0.08534060241516173,0.0,0.0,0.04265735369511144,0.9990897608201829,0.14316116757234007,6.245534196185061e-05,0.0,0.0,0.0,0.053457202780969666
2026-08-24T01:19:11.535042,12.33,0.23273307398812831,0.01098173466441108,0.0,0.08640597732870957,0.0,0.0,0.04318955020158403,0.9990668960351878,0.1431213214922826,6.223761555807044e-05,0.0,0.0,0.0,0.0530373525258385
2026-08-24T01:19:11.562949,12.35,0.2355795040661625,0.011229814182676061,0.0,0.08746683998066063,0.0,0.0,0.04371948047928652,0.9990438463984558,0.14310719349573775,6.201300584114738e-05,0.0,0.0,0.0,0.05569199665470882
2026-08-24T01:19:11.588492,12.36,0.23700139211499577,0.011354660066028827,0.0,0.08802539556665501,0.0,0.0,0.04399848953121498,0.9990315975578408,0.14285854911091844,6.164159016014394e-05,0.0,0.0,0.0,0.05581920792720655
2026-08-24T01:19:11.615554,12.38,0.23984735021856673,0.01160742791335189,0.0,0.08914088024281908,0.0,0.0,0.04455568487791774,0.9990069023510597,0.14285756495528654,6.14650677249335e-05,0.0,0.0,0.0,0.05573162004887262
2026-08-24T01:19:11.652530,12.42,0.24553838564302827,0.01212244823809312,0.0,0.09135964486362314,0.0,0.0,0.04566393781803695,0.9989568583191921,0.1428571811282017,6.11066339053934e-05,0.0,0.0,0.0,0.055471190183457905
2026-08-24T01:19:11.673908,12.43,0.2469621052138004,0.012253496294846058,0.0,0.09191682956662683,0.0,0.0,0.045942237782571456,0.9989440979291733,0.14309041092136748,6.12705824245053e-05,0.0,0.0,0.0,0.05507717859978451
2026-08-24T01:19:11.703982,12.45,0.24980702802617188,0.012517305036138873,0.0,0.09301207979654434,0.0,0.0,0.046489277742810975,0.9989187890188831,0.14308745258184954,6.108320799970719e-05,0.0,0.0,0.0,0.055324154713166686
2026-08-24T01:19:11.734610,12.47,0.2526516582331833,0.012784250700515051,0.0,0.09412248065429374,0.0,0.0,0.047043870689290876,0.9988928241961543,0.14308454981070942,6.0900500691098014e-05,0.0,0.0,0.0,0.055231709739957606
2026-08-24T01:19:11.760844,12.49,0.2554959910218242,0.013054348414550467,0.0,0.09522701511123223,0.0,0.0,0.04759551925863635,0.9988666910786949,0.14308168904112045,6.0717509421468254e-05,0.0,0.0,0.0,0.055275689563651385
2026-08-24T01:19:11.792315,12.51,0.2583400238499396,0.013327588281119433,0.0,0.09632558904494816,0.0,0.0,0.04814417650591551,0.9988403967944866,0.14307886588463742,6.053779183323017e-05,0.0,0.0,0.0,0.05439007089520894
2026-08-24T01:19:11.817909,12.52,0.2597608514515522,0.013465059760809514,0.0,0.09687340751778663,0.0,0.0,0.0484177663068461,0.9988271721903923,0.14285714324123253,6.0195256290897984e-05,0.0,0.0,0.0,0.05435238651337501
2026-08-24T01:19:11.845448,12.55,0.26402718737611797,0.013883374619665741,0.0,0.0985016868084645,0.0,0.0,0.049230934970522666,0.9987874223486839,0.14307332671847262,6.0150086966808204e-05,0.0,0.0,0.0,0.05404809327145665
2026-08-24T01:19:11.876800,12.57,0.2668703143157127,0.01416589004117983,0.0,0.09958066523083976,0.0,0.0,0.04976976281871442,0.9987607174438575,0.1430706093626068,5.9951506198420246e-05,0.0,0.0,0.0,0.046477449455995086
2026-08-24T01:19:11.901274,12.58,0.2682907345258883,0.014307924527371374,0.0,0.10004306115729869,0.0,0.0,0.05000067293012483,0.9987491840830383,0.14285714314061196,5.953866455368599e-05,0.0,0.0,0.0,0.04579137088207671
2026-08-24T01:19:11.932212,12.61,0.2725557321258865,0.014739272220440872,0.0,0.1014193434916586,0.0,0.0,0.050687941466521995,0.9987145400913549,0.1430652767201003,5.935439753450961e-05,0.0,0.0,0.0,0.0449917856892017
2026-08-24T01:19:11.960583,12.63,0.2753980498573622,0.015029821127890735,0.0,0.10231831345807454,0.0,0.0,0.051136843519275145,0.9986916557350848,0.14306266056777553,5.9009251660017834e-05,0.0,0.0,0.0,0.04523547165903182
2026-08-24T01:19:11.989759,12.65,0.2782401044435571,0.015322934485058948,0.0,0.10321931756659011,0.0,0.0,0.051586750957370635,0.9986685171395272,0.1430600772996909,5.8670964111481234e-05,0.0,0.0,0.0,0.04400238703987532
2026-08-24T01:19:12.015739,12.67,0.28108189595250593,0.015618589172562088,0.0,0.10410573917241805,0.0,0.0,0.052029366551463195,0.9986455552478334,0.14305752650225095,5.832419418589508e-05,0.0,0.0,0.0,0.04490464448507395
2026-08-24T01:19:12.042707,12.69,0.28392342444943497,0.015916762586444942,0.0,0.10499619516574565,0.0,0.0,0.052473986339876134,0.9986222913382229,0.14305500776723998,5.797928990598015e-05,0.0,0.0,0.0,0.04386273625439632
2026-08-24T01:19:12.072215,12.72,0.288184279568223,0.016368400240455563,0.0,0.10632157590823878,0.0,0.0,0.05313575214622174,0.99858729805854,0.14285714324294396,5.716086073105716e-05,0.0,0.0,0.0,0.04375454418648395
2026-08-24T01:19:12.103334,12.73,0.2896056825504598,0.016520673607141857,0.0,0.10675954718643509,0.0,0.0,0.05335442714807985,0.9985756381485081,0.14305006487745428,5.729295627075742e-05,0.0,0.0,0.0,0.04394317287396017
2026-08-24T01:19:12.130065,12.75,0.2924464131258269,0.016826359937675135,0.0,0.10763510924316046,0.0,0.0,0.053791579491135354,0.9985521849036478,0.1430476399317846,5.694608685216014e-05,0.0,0.0,0.0,0.043237222301784985
2026-08-24T01:19:12.158296,12.77,0.29528687644942614,0.01713452116530669,0.0,0.10849576399198434,0.0,0.0,0.05422127883720941,0.9985289444584255,0.14304524546661193,5.65965437923479e-05,0.0,0.0,0.0,0.0396582901949117
2026-08-24T01:19:12.185464,12.79,0.29812708041657027,0.01744506521431072,0.0,0.10929853307636206,0.0,0.0,0.05462206854189834,0.9985071004395533,0.1430428810988116,5.621958258204715e-05,0.0,0.0,0.0,0.03952321968357447
2026-08-24T01:19:12.214022,12.81,0.30096703868916447,0.017757849540362008,0.0,0.11009151694552965,0.0,0.0,0.055017964250019896,0.9984853647449138,0.14304054645007663,5.5815735489379944e-05,0.0,0.0,0.0,0.03936065021020415
2026-08-24T01:19:12.247151,12.83,0.3038067494328933,0.018072874584936803,0.0,0.11087515021342756,0.0,0.0,0.055409183191484974,0.9984637311480334,0.1430382411468441,5.541178545330987e-05,0.0,0.0,0.0,0.03925613988219053
2026-08-24T01:19:12.275681,12.85,0.30664621310780893,0.018390120194376126,0.0,0.11165345523072731,0.0,0.0,0.055797733651875785,0.998442092922426,0.14303596482025432,5.501013611524472e-05,0.0,0.0,0.0,0.034622723745612025
2026-08-24T01:19:12.299992,12.870000000000001,0.3094854388593172,0.018709489563099105,0.0,0.11235202572771064,0.0,0.0,0.05614647133564876,0.9984225426924991,0.143033717106091,5.45714948149534e-05,0.0,0.0,0.0,0.03422413340744007
2026-08-24T01:19:12.329273,12.89,0.31232444465749754,0.01903080957529223,0.0,0.11304538278975196,0.0,0.0,0.05649259961514397,0.9984030179184772,0.14303149764470868,5.4102539573469683e-05,0.0,0.0,0.0,0.03395078572300252
2026-08-24T01:19:12.358371,12.91,0.3151632284931441,0.01935408597287072,0.0,0.1137302088111323,0.0,0.0,0.05683446247992657,0.9983836155880252,0.14302930608097505,5.3633527574073146e-05,0.0,0.0,0.0,0.033771429118448555
2026-08-24T01:19:12.391753,12.93,0.31800179127075834,0.019679298924808124,0.0,0.11440935048305259,0.0,0.0,0.05717348115562128,0.998364258701476,0.14302714206423248,5.3166513247850204e-05,0.0,0.0,0.0,0.03348941872442407
2026-08-24T01:19:12.420815,12.95,0.3208401338658401,0.020006429206559595,0.0,0.1150831589443273,0.0,0.0,0.05750983104700948,0.998344940054761,0.14302500524823003,5.269988755862415e-05,0.0,0.0,0.0,0.023821278038576428
2026-08-24T01:19:12.446113,12.97,0.32367828071353877,0.02033525497350875,0.0,0.11556026505685146,0.0,0.0,0.057747987645032396,0.9983311925022423,0.14302289529106482,5.215362307148018e-05,0.0,0.0,0.0,0.02335241045721767
2026-08-24T01:19:12.477496,12.99,0.3265162799538851,0.020665353489358475,0.0,0.11603065907200573,0.0,0.0,0.057982790554674056,0.998317582735821,0.14302081185514862,5.1527194113691344e-05,0.0,0.0,0.0,0.02311591761971532
2026-08-24T01:19:12.508039,13.01,0.329354125396213,0.020996772769801268,0.0,0.11649111642166599,0.0,0.0,0.05821263035008054,0.9983042069768738,0.1430187546070925,5.0903079071622124e-05,0.0,0.0,0.0,0.02201359901174767
2026-08-24T01:19:12.535884,13.03,0.33219181943301357,0.02132948709121666,0.0,0.11694029112322689,0.0,0.0,0.058436835377206314,0.9982911079795799,0.1430167232177412,5.027641654661695e-05,0.0,0.0,0.0,0.02226807823609483
2026-08-24T01:19:12.567587,13.05,0.33502936502221164,0.02166346621040657,0.0,0.11738326734810345,0.0,0.0,0.058657943555201354,0.9982781404287459,0.14301471736206461,4.9655636687950346e-05,0.0,0.0,0.0,0.010122686771740578
2026-08-24T01:19:12.597550,13.07,0.33786679293841404,0.02199844510225059,0.0,0.1175884965831595,0.0,0.0,0.05876038117576124,0.998272116010499,0.14301273671911063,4.8939130865911864e-05,0.0,0.0,0.0,0.00959749817049159
2026-08-24T01:19:12.623263,13.09,0.34070416371785206,0.02233390894600274,0.0,0.11778313926174146,0.0,0.0,0.05885753407664204,0.998266392643976,0.14301078097197986,4.812631232608556e-05,0.0,0.0,0.0,0.009615547499387488
2026-08-24T01:19:12.653433,13.11,0.34354146945811503,0.02266992351721531,0.0,0.11797728117129758,0.0,0.0,0.05895443647104616,0.9982606745837389,0.14300884980772396,4.732487054275608e-05,0.0,0.0,0.0,0.009011835501685639
2026-08-24T01:19:12.682962,13.13,0.3463787120734536,0.0230064717484955,0.0,0.11815950282747467,0.0,0.0,0.0590453885829341,0.9982552990528477,0.14300694291735838,4.652448021804356e-05,0.0,0.0,0.0,0.009451470041643211
2026-08-24T01:19:12.709549,13.15,0.3492158931605954,0.02334353932828993,0.0,0.11834075268852076,0.0,0.0,0.05913585515746489,0.9982499439693424,0.14300505999576454,4.5740047966426816e-05,0.0,0.0,0.0,0.01156337992870865
2026-08-24T01:19:12.745797,13.17,0.3520530073728375,0.02368117026495552,0.0,0.1185699947111507,0.0,0.0,0.059250275186874514,0.9982431592003421,0.1430032007416734,4.4981831518749325e-05,0.0,0.0,0.0,0.008699232340797516
2026-08-24T01:19:12.766224,13.19,0.3548900490391275,0.024019411291714213,0.0,0.11874421999746246,0.0,0.0,0.05933723456206104,0.9982379939646291,0.1430013648575885,4.423253836594846e-05,0.0,0.0,0.0,0.008404144915896833
2026-08-24T01:19:12.795968,13.21,0.35772703481467255,0.024358121832457395,0.0,0.11892048739848393,0.0,0.0,0.05942521273989323,0.9982327604776445,0.14299955204976697,4.346630211835994e-05,0.0,0.0,0.0,0.008225381636314219
2026-08-24T01:19:12.828459,13.23,0.3605639628109213,0.024697316952964156,0.0,0.11908744541982895,0.0,0.0,0.059508544016002425,0.9982277962414668,0.14299776202814393,4.270690162770634e-05,0.0,0.0,0.0,0.008478871855172126
2026-08-24T01:19:12.853278,13.25,0.36340083492151004,0.025036980130095,0.0,0.1192471756062159,0.0,0.0,0.05958826738210717,0.9982230404024937,0.14299599450631026,4.195908886491095e-05,0.0,0.0,0.0,0.007954494779046266
2026-08-24T01:19:12.881164,13.27,0.36623765278087206,0.025377097065760475,0.0,0.11940594016308649,0.0,0.0,0.0596675084136086,0.9982183070048916,0.14299424920145043,4.1218133694096034e-05,0.0,0.0,0.0,0.008084437808596592
2026-08-24T01:19:12.909362,13.29,0.36907441621011466,0.02571766860155341,0.0,0.11957258018084671,0.0,0.0,0.05975067976460371,0.998213332042639,0.14299252583431135,4.0485986893034744e-05,0.0,0.0,0.0,0.008183086157464999
2026-08-24T01:19:12.938859,13.31,0.37191112319412967,0.026058710879809873,0.0,0.11973107984322827,0.0,0.0,0.05982978781494453,0.9982085936767018,0.1429908241291401,3.976950891459066e-05,0.0,0.0,0.0,0.00799774911494228
2026-08-24T01:19:12.964999,13.33,0.3747477753727852,0.02640020961713744,0.0,0.1198954084498056,0.0,0.0,0.059911804726533825,0.9982036744344361,0.14298914381366093,3.9062576935538595e-05,0.0,0.0,0.0,0.007674455567105377
2026-08-24T01:19:12.990048,13.36,0.3790020479797243,0.026912902733955715,0.0,0.12012897650397125,0.0,0.0,0.06002837856266432,0.9981966708856214,0.14285714311454942,3.763089342106555e-05,0.0,0.0,0.0,0.007704452500775716
2026-08-24T01:19:13.017339,13.37,0.38042091772285347,0.027084553998404273,0.0,0.12019967774607077,0.0,0.0,0.06006366539739485,0.9981945482214526,0.14298584627971708,3.76678793334935e-05,0.0,0.0,0.0,-0.0011765377443038304
2026-08-24T01:19:13.045898,13.39,0.3832574341895908,0.0274271810571412,0.0,0.12018306258851563,0.0,0.0,0.060055372815477584,0.9981950471706389,0.14298422853363055,3.690914430215423e-05,0.0,0.0,0.0,-0.0014485941828446189
2026-08-24T01:19:13.076236,13.41,0.3860939667121954,0.027769676269100492,0.0,0.1201502437045847,0.0,0.0,0.06003899298369601,0.9981960325114019,0.14298263112190435,3.6084536376816364e-05,0.0,0.0,0.0,-0.001911462260576781
2026-08-24T01:19:13.106513,13.43,0.388930510433027,0.02811207957834613,0.0,0.1201150657821497,0.0,0.0,0.06002143574310643,0.9981970883805142,0.1429810537889469,3.5267320994320906e-05,0.0,0.0,0.0,-0.002087346721227222
2026-08-24T01:19:13.135503,13.45,0.39176706628167657,0.028454383239621506,0.0,0.12008064285029407,0.0,0.0,0.06000425529904116,0.9981981212895602,0.14297949628237364,3.446183705059515e-05,0.0,0.0,0.0,-0.0020008603378325663
2026-08-24T01:19:13.161570,13.47,0.3946036359068648,0.028796573548857764,0.0,0.12003534118489954,0.0,0.0,0.05998164526500615,0.9981994801798401,0.14297795835297897,3.366487088012145e-05,0.0,0.0,0.0,-0.002018614188992167
2026-08-24T01:19:13.190795,13.49,0.3974402199852437,0.02913864483642977,0.0,0.1199968649514829,0.0,0.0,0.05996244177580967,0.9982006339290126,0.14297643975468535,3.288077710353385e-05,0.0,0.0,0.0,-0.0021231321990944313
2026-08-24T01:19:13.215316,13.51,0.40027681834618584,0.029480598464619746,0.0,0.11995048059111955,0.0,0.0,0.059939291310726006,0.9982020243203116,0.14297494024450946,3.2107639987616284e-05,0.0,0.0,0.0,-0.0025510943687779364
2026-08-24T01:19:13.251660,13.53,0.40311343286495693,0.029822418830874376,0.0,0.11990434763470327,0.0,0.0,0.059916266289541005,0.9982034066431154,0.14297345958252206,3.1342479451598566e-05,0.0,0.0,0.0,-0.0026666476048263343
2026-08-24T01:19:13.278494,13.54,0.40453121234710376,0.029992878449226257,0.0,0.1198727587489774,0.0,0.0,0.05990050021539637,0.9982043528626517,0.14285714301028274,3.057503012014902e-05,0.0,0.0,0.0,-0.003147463736796607
2026-08-24T01:19:13.306768,13.57,0.40878673716566677,0.030505437172428804,0.0,0.11964321314585738,0.0,0.0,0.05978593311101191,0.99821122123629,0.14297055385843813,2.97773008847191e-05,0.0,0.0,0.0,-0.009795202352158193
2026-08-24T01:19:13.331238,13.59,0.4116234831420022,0.030846167631564413,0.0,0.11944160506825385,0.0,0.0,0.059685309084748464,0.9982172428281622,0.1429691283314088,2.8923777313507137e-05,0.0,0.0,0.0,-0.010214164129589358
2026-08-24T01:19:13.358868,13.61,0.4144602990243124,0.031186316335593555,0.0,0.11923805951566857,0.0,0.0,0.05958371743567683,0.9982233119981447,0.14296772072263247,2.80765942607785e-05,0.0,0.0,0.0,-0.01077667175930719
2026-08-24T01:19:13.389412,13.63,0.41729718644715286,0.03152586861354061,0.0,0.1190177788749267,0.0,0.0,0.059473772439112144,0.9982298685131901,0.14296633080688692,2.7235142814747142e-05,0.0,0.0,0.0,-0.010869307646128177
2026-08-24T01:19:13.425486,13.65,0.4201341478680613,0.03186480282350834,0.0,0.11880213552900631,0.0,0.0,0.059366141279192194,0.998236275272352,0.14296495836177517,2.64050413812015e-05,0.0,0.0,0.0,-0.011280784899527262
2026-08-24T01:19:13.455035,13.67,0.4229711837449811,0.03220311396010944,0.0,0.11858029235188862,0.0,0.0,0.059255414960800376,0.9982428541180866,0.142963603167698,2.5584036309350425e-05,0.0,0.0,0.0,-0.00956611596877317
2026-08-24T01:19:13.481554,13.69,0.42580829218926797,0.032540816683062274,0.0,0.1183846427623352,0.0,0.0,0.05915776177508671,0.9982486459904476,0.14296226500782291,2.4784766094267836e-05,0.0,0.0,0.0,-0.009809852428928895
2026-08-24T01:19:13.511808,13.71,0.42864546563615485,0.03287797350577671,0.0,0.11818351366562707,0.0,0.0,0.05905737305188887,0.9982545901162739,0.142960943668031,2.4009799359528548e-05,0.0,0.0,0.0,-0.010529490304439433
2026-08-24T01:19:13.544239,13.73,0.4314827073839276,0.03321455578828124,0.0,0.11797644252188813,0.0,0.0,0.058954017875678354,0.9982606993047027,0.14295963893690783,2.3241571296316328e-05,0.0,0.0,0.0,-0.010365035216951512
2026-08-24T01:19:13.572666,13.75,0.4343200198189842,0.03355054237603238,0.0,0.1177673574093907,0.0,0.0,0.058849656828401986,0.9982668570533529,0.14295835060568754,2.2483508605331992e-05,0.0,0.0,0.0,-0.010857644044859576
2026-08-24T01:19:13.597014,13.76,0.43573823848906357,0.03371795438691769,0.0,0.11765661459891907,0.0,0.0,0.058794381299538546,0.9982701141112081,0.14285714299038837,2.1753732685976692e-05,0.0,0.0,0.0,-0.011069294535723244
2026-08-24T01:19:13.623404,13.79,0.4399948805928527,0.03422052216532337,0.0,0.11717898968034213,0.0,0.0,0.05855598028425685,0.9982841264754988,0.14295582232097612,2.0925026203223446e-05,0.0,0.0,0.0,-0.01872106623776834
2026-08-24T01:19:13.654990,13.81,0.4428324882893849,0.034554008426828674,0.0,0.11680273732902391,0.0,0.0,0.058368175874238835,0.9982951247227014,0.14295458196294875,2.0064842607494892e-05,0.0,0.0,0.0,-0.019066183255964854
2026-08-24T01:19:13.686036,13.83,0.4456702223282916,0.034886418550989395,0.0,0.11642232178601743,0.0,0.0,0.05817829132855673,0.9983062087446364,0.1429533571956883,1.9214521997613085e-05,0.0,0.0,0.0,-0.019229370349288944
2026-08-24T01:19:13.710778,13.85,0.44850808412862614,0.03521773683031088,0.0,0.11603368445821215,0.0,0.0,0.057984300702729946,0.9983174950245114,0.14295214782321683,1.8370673865749986e-05,0.0,0.0,0.0,-0.018783267025798533
2026-08-24T01:19:13.739832,13.870000000000001,0.45134607233373986,0.035547971232108455,0.0,0.11565262829067934,0.0,0.0,0.05779409213212061,0.998328524542209,0.14295095365202856,1.7548657195641215e-05,0.0,0.0,0.0,-0.03266520915716817
2026-08-24T01:19:13.773413,13.89,0.45418421940834064,0.0358768383466418,0.0,0.11500019546868281,0.0,0.0,0.05746841791448225,0.9983473248035507,0.14294977449105636,1.6627365877842538e-05,0.0,0.0,0.0,-0.03295966198731713
2026-08-24T01:19:13.800099,13.91,0.45702259322906835,0.036203744105555914,0.0,0.11434020650748568,0.0,0.0,0.05713896568450538,0.998366234705734,0.1429486101516132,1.560276796388744e-05,0.0,0.0,0.0,-0.033012205245494364
2026-08-24T01:19:13.828651,13.93,0.4598611829131222,0.03652877075512022,0.0,0.11368064852744998,0.0,0.0,0.056809722374873195,0.9983850236475355,0.14294746044741435,1.4590619187243656e-05,0.0,0.0,0.0,-0.03294857671355125
2026-08-24T01:19:13.852207,13.95,0.4626999871475491,0.036851918727684715,0.0,0.11302002646394407,0.0,0.0,0.056479941694499144,0.9984037340606183,0.14294632519449918,1.3594579897045163e-05,0.0,0.0,0.0,-0.033194801264485686
2026-08-24T01:19:13.884727,13.97,0.4655390054231772,0.03717318139275221,0.0,0.11234959481174478,0.0,0.0,0.05614525779495744,0.9984226109354384,0.1429452042112191,1.261017877727076e-05,0.0,0.0,0.0,-0.03936797553145714
2026-08-24T01:19:13.917213,13.99,0.4683782514203119,0.037492425951771984,0.0,0.11156515243171182,0.0,0.0,0.05575365098177558,0.9984445554973007,0.14294409731821084,1.1594068563033443e-05,0.0,0.0,0.0,-0.03957325597263048
2026-08-24T01:19:13.943087,14.0,0.46979758516157283,0.03765075089281874,0.0,0.11117011689388656,0.0,0.0,0.055556439354507,0.9984555483576868,0.14285714297159166,1.0603649436781367e-05,0.0,0.0,0.0,-0.039232464536668926
2026-08-24T01:19:13.977082,14.03,0.4740575042934141,0.03812410989524655,0.0,0.10998469442223113,0.0,0.0,0.0549646338084993,0.9984883018995754,0.14294192509679807,9.499515102000314e-06,0.0,0.0,0.0,-0.03956991597826649
2026-08-24T01:19:13.998716,14.05,0.4768975039543325,0.03843658097354116,0.0,0.1091913529685442,0.0,0.0,0.05456855841414856,0.9985100262053465,0.1429408594208337,8.478914675105785e-06,0.0,0.0,0.0,-0.03995392057146629
2026-08-24T01:19:14.029292,14.07,0.479737750126559,0.03874680390460033,0.0,0.10839939358558137,0.0,0.0,0.054173164454190875,0.998531555962564,0.14293980713995047,7.474037631128189e-06,0.0,0.0,0.0,-0.046524052430536325
2026-08-24T01:19:14.055378,14.09,0.4825782571920566,0.03905462952508221,0.0,0.10747284110679131,0.0,0.0,0.053710562713120524,0.998556545946718,0.1429387680857845,6.430803195225903e-06,0.0,0.0,0.0,-0.04641938753931678
2026-08-24T01:19:14.090022,14.12,0.4868392024470642,0.03951091402029885,0.0,0.106072354765816,0.0,0.0,0.05301131720038774,0.9985939115820204,0.1428571429632067,4.3626263275161106e-06,0.0,0.0,0.0,-0.046535887706956235
2026-08-24T01:19:14.117410,14.14,0.48968042772024123,0.039812084756145685,0.0,0.105139465670002,0.0,0.0,0.05254552276479777,0.9986185297887147,0.1428571431714357,3.310521766297871e-06,0.0,0.0,0.0,-0.04705474628014994
2026-08-24T01:19:14.140760,14.15,0.49110149781610535,0.039962081151270194,0.0,0.1046706090401992,0.0,0.0,0.05231141686391182,0.9986308205066025,0.14293572863142473,3.2244699857732264e-06,0.0,0.0,0.0,-0.04810296930043367
2026-08-24T01:19:14.167524,14.17,0.4939431420417566,0.04025922876551259,0.0,0.10371062862600323,0.0,0.0,0.05183207784193884,0.9986558144358783,0.14293474084233726,2.182649414829427e-06,0.0,0.0,0.0,-0.048067183392693454
2026-08-24T01:19:14.194919,14.19,0.49678507335661676,0.04055361863108654,0.0,0.10274068593170016,0.0,0.0,0.05134775230987639,0.9986808340669824,0.14293376546932024,1.1400178229336496e-06,0.0,0.0,0.0,-0.04832742666525855
2026-08-24T01:19:14.223229,14.2,0.4982058027626173,0.040699394370391995,0.0,0.10225700794940096,0.0,0.0,0.05110623084527463,0.9986932227510055,0.14285714295796673,2.1164758858284232e-07,0.0,0.0,0.0,-0.048255111049394846
2026-08-24T01:19:14.254995,14.22,0.5010481613138489,0.040989674744671065,0.0,0.10129045204862708,0.0,0.0,0.050623578482182206,0.9987178046383565,0.14285714295670093,-7.9033690928463e-07,0.0,0.0,0.0,-0.048391739051505976
2026-08-24T01:19:14.284014,14.26,0.5067337135041836,0.04156199282749993,0.0,0.09935733275163372,0.0,0.0,0.04965823465506776,0.9987662688191579,0.14285714314845682,-2.7393945005340673e-06,0.0,0.0,0.0,-0.04806731913410846
2026-08-24T01:19:14.309347,14.27,0.508155604573073,0.04170370680306798,0.0,0.09887682289541734,0.0,0.0,0.04941827470606723,0.998778170629032,0.14292998504605717,-2.8440147193983743e-06,0.0,0.0,0.0,-0.04784091260711356
2026-08-24T01:19:14.338682,14.29,0.5109989255803365,0.041984359742985235,0.0,0.0979095693666885,0.0,0.0,0.048935233090578234,0.9988019538238653,0.1429290694513413,-3.7964071237562567e-06,0.0,0.0,0.0,-0.048187522622591676
2026-08-24T01:19:14.366950,14.31,0.5138425165571471,0.04226226450349157,0.0,0.0969443906707621,0.0,0.0,0.04845321622732372,0.9988254531384492,0.1429281653652487,-4.73430762197947e-06,0.0,0.0,0.0,-0.04837627765851164
2026-08-24T01:19:14.399748,14.33,0.5166863748494703,0.04253742079625027,0.0,0.09597654645084709,0.0,0.0,0.04796985685202532,0.998848783767391,0.1429272726431276,-5.658321014262162e-06,0.0,0.0,0.0,-0.04815117450852891
2026-08-24T01:19:14.435397,14.35,0.5195304978005364,0.042809828360681805,0.0,0.09501040679606468,0.0,0.0,0.047487337564189325,0.9988718400130543,0.1429263911421357,-6.562940555840414e-06,0.0,0.0,0.0,-0.048379544551992
2026-08-24T01:19:14.461079,14.36,0.5209523412997245,0.04294469417385134,0.0,0.0945245302129738,0.0,0.0,0.04724467194696279,0.9988833470293835,0.14285714294826005,-7.33587469390392e-06,0.0,0.0,0.0,-0.048514089344647966
2026-08-24T01:19:14.490505,14.39,0.5252195270624599,0.04334639615031452,0.0,0.09307473046228143,0.0,0.0,0.04652056918357109,0.9989173322366754,0.14292466124113368,-8.324503185716862e-06,0.0,0.0,0.0,-0.04853182011479068
2026-08-24T01:19:14.524227,14.41,0.5280644280557028,0.043610555896152425,0.0,0.09210663251540252,0.0,0.0,0.04603703884326911,0.9989397334446876,0.14292381256433268,-9.182709352489135e-06,0.0,0.0,0.0,-0.04836152903429437
2026-08-24T01:19:14.555131,14.43,0.5309095830746969,0.043871965934222906,0.0,0.09114465374918314,0.0,0.0,0.04555655413028986,0.9989617612180027,0.14292297455502817,-1.002266585267798e-05,0.0,0.0,0.0,-0.048303922118867505
2026-08-24T01:19:14.586979,14.45,0.5337549894609194,0.044130626023739065,0.0,0.09017654471481863,0.0,0.0,0.045072996859013253,0.9989836960402043,0.14292214707913664,-1.0850679414941256e-05,0.0,0.0,0.0,-0.04836596509503027
2026-08-24T01:19:14.611500,14.47,0.5366006445514804,0.04438653597214729,0.0,0.08921191261721352,0.0,0.0,0.04459116576596423,0.9990053192729418,0.14292133000425764,-1.1662766903765782e-05,0.0,0.0,0.0,-0.048191140680479486
2026-08-24T01:19:14.637366,14.49,0.5394465456927918,0.04463969548440681,0.0,0.08824169067210884,0.0,0.0,0.044106532096076304,0.9990268333866001,0.14292052319965282,-1.2460082967847281e-05,0.0,0.0,0.0,-0.04787296902907311
2026-08-24T01:19:14.668910,14.51,0.5422926902285651,0.04489010429433349,0.0,0.08727635518153232,0.0,0.0,0.04362432894793737,0.9990480058154574,0.1429197265362359,-1.3236983921879529e-05,0.0,0.0,0.0,-0.048404309950070674
2026-08-24T01:19:14.696554,14.53,0.5451390755090056,0.04513776206048852,0.0,0.08630788151701596,0.0,0.0,0.04314054801060179,0.9990690131904527,0.14291893988652998,-1.4004993852099383e-05,0.0,0.0,0.0,-0.048234335619960926
2026-08-24T01:19:14.726056,14.55,0.547985698864262,0.04538266866979014,0.0,0.08534461171795904,0.0,0.0,0.04265935652171214,0.9990896753050517,0.14291816312466932,-1.475569667617386e-05,0.0,0.0,0.0,-0.05005305822811866
2026-08-24T01:19:14.754882,14.57,0.5508325605052016,0.04562479014927244,0.0,0.08434369887689996,0.0,0.0,0.04215935035773318,0.999110899338714,0.14291739612636556,-1.5510374799265258e-05,0.0,0.0,0.0,-0.04999266923951906
2026-08-24T01:19:14.786218,14.59,0.5536796634098559,0.045864058539389,0.0,0.08334360419717912,0.0,0.0,0.041659742360197385,0.9991318560963223,0.14291663876889968,-1.626119920525327e-05,0.0,0.0,0.0,-0.049688386012262366
2026-08-24T01:19:14.813028,14.61,0.5565270038647415,0.04610048374223446,0.0,0.08234738748893468,0.0,0.0,0.041162061288246565,0.9991524832128991,0.14291589093108614,-1.6994333023390118e-05,0.0,0.0,0.0,-0.04996992700973481
2026-08-24T01:19:14.842709,14.63,0.5593745790184543,0.0463340656621288,0.0,0.08134567185027342,0.0,0.0,0.04066162281232127,0.9991729742293216,0.14291515249327139,-1.7717975164300306e-05,0.0,0.0,0.0,-0.04972749199696809
2026-08-24T01:19:14.868440,14.65,0.5622223860211305,0.046564804191093316,0.0,0.08034966583079806,0.0,0.0,0.0401640266422908,0.9991930999380837,0.1429144233372994,-1.8423206753149635e-05,0.0,0.0,0.0,-0.049789821929796765
2026-08-24T01:19:14.898882,14.67,0.5650704220410144,0.0467926990009327,0.0,0.07935209996397097,0.0,0.0,0.039665641201430166,0.9992130087764467,0.14291370334650141,-1.911766839967801e-05,0.0,0.0,0.0,-0.04980929441849776
2026-08-24T01:19:14.926075,14.68,0.5664942577662628,0.046905395417132394,0.0,0.07885207012697835,0.0,0.0,0.03941582180538384,0.9992228945492624,0.14285714293155113,-1.9651657917903245e-05,0.0,0.0,0.0,-0.0500959909230295
2026-08-24T01:19:14.952214,14.7,0.5693426347921401,0.047129031540834726,0.0,0.07785351224054393,0.0,0.0,0.0389169259625047,0.999242449495431,0.1428571429306151,-2.0317225400149444e-05,0.0,0.0,0.0,-0.049844777021420324
2026-08-24T01:19:14.984657,14.73,0.5736158757844936,0.047459319080252936,0.0,0.07635781547201326,0.0,0.0,0.038169633298142186,0.9992712740261702,0.14291159722034885,-2.112244763913158e-05,0.0,0.0,0.0,-0.04989324900451984
2026-08-24T01:19:15.012352,14.75,0.5764647994602298,0.0476758368988417,0.0,0.07535744682240564,0.0,0.0,0.03766980871676623,0.9992902408766146,0.1429109127526164,-2.176772499304389e-05,0.0,0.0,0.0,-0.04966976223327604
2026-08-24T01:19:15.041668,14.77,0.5793139379469807,0.047889509939412246,0.0,0.07435569719363279,0.0,0.0,0.03716928469855955,0.999308983385518,0.142910236888344,-2.2397010872006365e-05,0.0,0.0,0.0,-0.04983047812646488
2026-08-24T01:19:15.071585,14.79,0.5821632884076827,0.048100337935496174,0.0,0.07336319019208215,0.0,0.0,0.03667336956075871,0.9993273057237354,0.1429095695193922,-2.3012637143419238e-05,0.0,0.0,0.0,-0.04936468462697839
2026-08-24T01:19:15.097485,14.81,0.5850128479997582,0.04830832069339595,0.0,0.07236243363282259,0.0,0.0,0.03617332331249008,0.9993455311755439,0.14290891053897847,-2.3617269887878286e-05,0.0,0.0,0.0,-0.04983059406464097
2026-08-24T01:19:15.128138,14.83,0.5878626138848652,0.04851345796116414,0.0,0.07136420071815498,0.0,0.0,0.0356745290263278,0.9993634613986794,0.14290825984166025,-2.421197722396807e-05,0.0,0.0,0.0,-0.05023163877798317
2026-08-24T01:19:15.161128,14.85,0.5907125832248322,0.04871574948253394,0.0,0.07036385520030654,0.0,0.0,0.035174670205115506,0.9993811798187723,0.14290761732332719,-2.4798507921443584e-05,0.0,0.0,0.0,-0.050175723058893354
2026-08-24T01:19:15.187832,14.870000000000001,0.5935627531699463,0.048915195163360105,0.0,0.069366270749748,0.0,0.0,0.03467618228758361,0.9993986003502098,0.14290698288117296,-2.5371327094476987e-05,0.0,0.0,0.0,-0.050000307786370976
2026-08-24T01:19:15.215719,14.89,0.5964131208798941,0.04911179477907335,0.0,0.06836922745428307,0.0,0.0,0.034177956162303395,0.9994157629898418,0.14290635641367908,-2.593196089815225e-05,0.0,0.0,0.0,-0.04971051425407363
2026-08-24T01:19:15.245524,14.91,0.5992636835113353,0.04930554814822687,0.0,0.06736787510254105,0.0,0.0,0.033677568237082775,0.9994327498124307,0.14290573782060975,-2.648008756959459e-05,0.0,0.0,0.0,-0.049845132641855396
2026-08-24T01:19:15.278349,14.93,0.6021144382210387,0.049496455088356484,0.0,0.06637140539517006,0.0,0.0,0.03317961184778777,0.9994494051014439,0.1429051270029869,-2.7015818857230593e-05,0.0,0.0,0.0,-0.05009068838066691
2026-08-24T01:19:15.304223,14.95,0.6049653821716057,0.0496845153294168,0.0,0.06537433839893357,0.0,0.0,0.03268134873715145,0.9994658220493189,0.1429045238630765,-2.7544407337503245e-05,0.0,0.0,0.0,-0.049588870925112
2026-08-24T01:19:15.327938,14.97,0.6078165125114084,0.049869728815448704,0.0,0.06437403464833436,0.0,0.0,0.032181459965146174,0.9994820426773618,0.14290392830437307,-2.805913221471899e-05,0.0,0.0,0.0,-0.019027428615437547
2026-08-24T01:19:15.357013,14.99,0.6100681026289697,0.050013843063359105,0.0,0.06358911202942696,0.0,0.0,0.0317891994655824,0.9994945956819064,0.11271481690220742,-2.819118797920909e-05,0.0,0.0,0.0,-0.036694309055706364
2026-08-24T01:19:15.388861,15.01,0.6121408244303429,0.05014502251228416,0.0,0.06285834887913211,0.0,0.0,0.03142400044199888,0.999506144151311,0.10366002873272603,-2.8330954134129674e-05,0.0,0.0,0.0,-0.0356560711277595
2026-08-24T01:19:15.412208,15.03,0.6141599447027783,0.05027138133102407,0.0,0.06215193656591199,0.0,0.0,0.031070966765511344,0.9995171809550132,0.10094553321103968,-2.841854382845032e-05,0.0,0.0,0.0,-0.034928008670773066
2026-08-24T01:19:15.442711,15.05,0.6161630441768755,0.050395328326873365,0.0,0.06145213269549865,0.0,0.0,0.03072123187472884,0.9995279915600659,0.10013310110461762,-2.848734071115259e-05,0.0,0.0,0.0,-0.03490136265725565
2026-08-24T01:19:15.476476,15.07,0.6181613968836981,0.0505175783496101,0.0,0.060752108619674054,0.0,0.0,0.03037138317079084,0.9995386831355217,0.09989126393226438,-2.855017786356357e-05,0.0,0.0,0.0,-0.03490013802321464
2026-08-24T01:19:15.498803,15.09,0.620158384495772,0.05063834352296892,0.0,0.060050188742316365,0.0,0.0,0.03002058327258661,0.9995492807160504,0.09982058145273952,-2.8608436994342338e-05,0.0,0.0,0.0,-0.035087849997889844
2026-08-24T01:19:15.528546,15.11,0.6221550208800495,0.05075768669740046,0.0,0.05935300813578338,0.0,0.0,0.029672148268770075,0.9995596848698511,0.09980122189266485,-2.866259015589857e-05,0.0,0.0,0.0,-0.03495127000034341
2026-08-24T01:19:15.559783,15.12,0.6231543307773377,0.0508170035252687,0.0,0.059001989028299125,0.0,0.0,0.029496715538436063,0.9995648772203056,0.1000028115874608,-2.8558067307058473e-05,0.0,0.0,0.0,-0.03485851093936095
2026-08-24T01:19:15.589346,15.15,0.6261482408092367,0.050992168360855496,0.0,0.0579511988891932,0.0,0.0,0.028971545033271085,0.9995802366885738,0.0997978393410357,-2.8761924340601217e-05,0.0,0.0,0.0,-0.034767252951366706
2026-08-24T01:19:15.615921,15.17,0.6281449411515706,0.0511073139703165,0.0,0.05725243486600552,0.0,0.0,0.028622307918286224,0.9995902978167759,0.09979979681399187,-2.8803413168921295e-05,0.0,0.0,0.0,-0.03511226357368517
2026-08-24T01:19:15.644248,15.19,0.6301417178078796,0.051221063659059485,0.0,0.056554064867644804,0.0,0.0,0.028273264243094183,0.9996002313570361,0.09980213820157983,-2.8844073044484453e-05,0.0,0.0,0.0,-0.034945107874424876
2026-08-24T01:19:15.674009,15.21,0.6321385722680217,0.051333417571516965,0.0,0.05585706497228538,0.0,0.0,0.027924901904891906,0.9996100238861164,0.09980457271470476,-2.8881154320460995e-05,0.0,0.0,0.0,-0.03476439404405695
2026-08-24T01:19:15.698835,15.23,0.6341355042973719,0.051444375714865063,0.0,0.05515786461229144,0.0,0.0,0.027575436361238412,0.999619725350339,0.09980701339378785,-2.891544277405883e-05,0.0,0.0,0.0,-0.034794131937352014
2026-08-24T01:19:15.724534,15.24,0.6351349503040995,0.05149949786774602,0.0,0.054808089380703695,0.0,0.0,0.027400614829955827,0.9996245326656106,0.10000000179572759,-2.8797305541857595e-05,0.0,0.0,0.0,-0.03498030933357689
2026-08-24T01:19:15.754714,15.27,0.6381296028961663,0.05166201203662018,0.0,0.05363425326672955,0.0,0.0,0.026813912455827482,0.9996404424085749,0.09981182833313026,-2.901297436756464e-05,0.0,0.0,0.0,-0.04079546454799864
2026-08-24T01:19:15.781523,15.29,0.6401267823114479,0.0517684134321864,0.0,0.05281561242629219,0.0,0.0,0.02640473697505451,0.9996513341487011,0.0998141931439552,-2.9108293660307117e-05,0.0,0.0,0.0,-0.04091742666235545
2026-08-24T01:19:15.812558,15.31,0.6421240483788879,0.05187317278242783,0.0,0.051989656041964594,0.0,0.0,0.02599190053434159,0.999662153483172,0.099816528527945,-2.9202546302746587e-05,0.0,0.0,0.0,-0.041148923876851595
2026-08-24T01:19:15.840178,15.33,0.6441213998002938,0.051976289084412285,0.0,0.05117194140179036,0.0,0.0,0.025583179184204156,0.9996726969077574,0.09981883464651915,-2.929247256406571e-05,0.0,0.0,0.0,-0.04112829174767882
2026-08-24T01:19:15.869767,15.35,0.6461188352559595,0.05207776168818493,0.0,0.050346812197223034,0.0,0.0,0.02517074745003978,0.9996831665446839,0.09982111180498936,-2.9381778190190264e-05,0.0,0.0,0.0,-0.04080418441786056
2026-08-24T01:19:15.898083,15.37,0.648116353389626,0.052177590636231105,0.0,0.04952168676943414,0.0,0.0,0.024758313319384207,0.9996934659792367,0.09982336034859929,-2.946423728639882e-05,0.0,0.0,0.0,-0.04126953323283604
2026-08-24T01:19:15.927599,15.39,0.6501139528537186,0.05227577579902974,0.0,0.048701663060036086,0.0,0.0,0.024348425077695333,0.9997035331518219,0.0998255806314119,-2.9544605147587853e-05,0.0,0.0,0.0,-0.04115446982906825
2026-08-24T01:19:15.959952,15.41,0.6521116322958321,0.05237231714184655,0.0,0.04788390138654596,0.0,0.0,0.023939663436624962,0.9997134051889777,0.09982777300694784,-2.962252712746143e-05,0.0,0.0,0.0,-0.041118948372721904
2026-08-24T01:19:15.989373,15.43,0.6541093903636138,0.05246721462967574,0.0,0.0470552199656784,0.0,0.0,0.023525439430981513,0.9997232385513399,0.09982993782549576,-2.969982669713846e-05,0.0,0.0,0.0,-0.04106572993550323
2026-08-24T01:19:16.015331,15.45,0.6561072257041609,0.052560468240173186,0.0,0.04623235916899082,0.0,0.0,0.023114120921181022,0.9997328330179224,0.099832075433277,-2.976999402862218e-05,0.0,0.0,0.0,-0.04091913540000352
2026-08-24T01:19:16.045008,15.47,0.658105136970625,0.05265207782183172,0.0,0.04540868619136785,0.0,0.0,0.022702392512935297,0.9997422674740668,0.09983418617227746,-2.9836056814794054e-05,0.0,0.0,0.0,-0.041028786772255216
2026-08-24T01:19:16.077951,15.49,0.6601031228132157,0.05274204328273721,0.0,0.04458441273714975,0.0,0.0,0.02229036009045381,0.9997515390570989,0.09983627038020619,-2.9899143363799947e-05,0.0,0.0,0.0,-0.04094815196276073
2026-08-24T01:19:16.104401,15.51,0.662101181876801,0.05283036464891254,0.0,0.043763452372931784,0.0,0.0,0.021879980030266574,0.9997606045818545,0.09983832839054953,-2.995779563299706e-05,0.0,0.0,0.0,-0.04135980862266304
2026-08-24T01:19:16.130366,15.53,0.6640993128125893,0.052917041805343734,0.0,0.04294320547133169,0.0,0.0,0.02146995293251607,0.9997694939940284,0.09984036053259528,-3.0016948701324542e-05,0.0,0.0,0.0,-0.040789806732701675
2026-08-24T01:19:16.159366,15.55,0.6660975142662103,0.05300207476328799,0.0,0.04211620239182823,0.0,0.0,0.0210565448836296,0.9997782863803173,0.09984236713149677,-3.0071266758702097e-05,0.0,0.0,0.0,-0.041156919800012126
2026-08-24T01:19:16.187672,15.57,0.668095784886868,0.05308546345294441,0.0,0.04129236944770609,0.0,0.0,0.020644717964320148,0.9997868750989751,0.09984434850832247,-3.012234546714413e-05,0.0,0.0,0.0,-0.04079271018196198
2026-08-24T01:19:16.218410,15.59,0.6700941233237583,0.05316720780324406,0.0,0.04047280657738029,0.0,0.0,0.020235022141912074,0.9997952509783772,0.09984630498009621,-3.0167843889173298e-05,0.0,0.0,0.0,-0.04099500277619627
2026-08-24T01:19:16.250177,15.61,0.6720925282278909,0.053247307696977754,0.0,0.03965079020995833,0.0,0.0,0.019824096414165875,0.9998034832912726,0.09984823685986814,-3.0213715836859603e-05,0.0,0.0,0.0,-0.041138043167035565
2026-08-24T01:19:16.277996,15.63,0.674090998244644,0.053325763154368065,0.0,0.03882374139613187,0.0,0.0,0.019410651588507015,0.9998115955543372,0.09985014445675346,-3.0258142803723996e-05,0.0,0.0,0.0,-0.04102383343722159
2026-08-24T01:19:16.308668,15.65,0.6760895320212809,0.053402574151393226,0.0,0.03800475371030209,0.0,0.0,0.019001233280055246,0.9998194602696213,0.09985202807597092,-3.029668830336691e-05,0.0,0.0,0.0,-0.04108735629880716
2026-08-24T01:19:16.341017,15.67,0.678088128209187,0.05347774055699086,0.0,0.03718110784302198,0.0,0.0,0.01858948309716844,0.9998272006292788,0.09985388801891158,-3.033527614391942e-05,0.0,0.0,0.0,-0.04117403273130088
2026-08-24T01:19:16.368209,15.69,0.6800867854539462,0.05355126239019453,0.0,0.03635655550740858,0.0,0.0,0.01817727660225886,0.9998347796587819,0.09985572458317374,-3.0371280540423534e-05,0.0,0.0,0.0,-0.04104917655235145
2026-08-24T01:19:16.395731,15.71,0.6820855024041855,0.053623139590424716,0.0,0.03553688457076555,0.0,0.0,0.017767507331990257,0.9998421453825637,0.09985753806262614,-3.0402987687892503e-05,0.0,0.0,0.0,-0.041771275725989876
2026-08-24T01:19:16.427248,15.73,0.6840842777122624,0.05369337199022572,0.0,0.03471186971484652,0.0,0.0,0.017355063520249375,0.9998493895433492,0.09985932874741925,-3.043834984787638e-05,0.0,0.0,0.0,-0.04064580836960792
2026-08-24T01:19:16.459368,15.75,0.6860831100203388,0.053761959707956115,0.0,0.03388857263185452,0.0,0.0,0.016943475518505415,0.9998564490152343,0.09986109692408986,-3.0463321970991002e-05,0.0,0.0,0.0,-0.04120093929131478
2026-08-24T01:19:16.491653,15.78,0.6890821402149948,0.0538618783170579,0.0,0.032654501195967356,0.0,0.0,0.016326525190324792,0.9998667134049466,0.09999999972909249,-3.0383065693506313e-05,0.0,0.0,0.0,-0.040935520871521844
2026-08-24T01:19:16.516880,15.8,0.6910811006477585,0.05392635326563123,0.0,0.03183162241403937,0.0,0.0,0.015915139268426543,0.9998733461504344,0.09999999973249717,-3.040472588886587e-05,0.0,0.0,0.0,-0.0411311195815608
2026-08-24T01:19:16.569706,15.83,0.6940789822455701,0.05401986188105001,0.0,0.030594213323626555,0.0,0.0,0.015296510077880125,0.9998830015453994,0.09986795015470953,-3.0548757939553784e-05,0.0,0.0,0.0,-0.040914594030953585
2026-08-24T01:19:16.596191,15.85,0.6960780792875821,0.05408022508536836,0.0,0.029773624444155107,0.0,0.0,0.014886262365951116,0.9998891934573411,0.09986960996402416,-3.0561992669753256e-05,0.0,0.0,0.0,-0.04109602354047971
2026-08-24T01:19:16.628115,15.88,0.6990774526259208,0.05416780336900211,0.0,0.028540107867077946,0.0,0.0,0.014269569626064908,0.9998981845081463,0.09999999949142702,-3.0464247626015137e-05,0.0,0.0,0.0,-0.04109914959132225
2026-08-24T01:19:16.655307,15.89,0.7000764186907055,0.05419601633081581,0.0,0.02812769694934492,0.0,0.0,0.014063384860193814,0.9999011057130971,0.09987286725564519,-3.058709393223875e-05,0.0,0.0,0.0,-0.041370068846761074
2026-08-24T01:19:16.678586,15.91,0.702075658345371,0.05425144435285626,0.0,0.02730818182779915,0.0,0.0,0.013653666652938047,0.9999067843488865,0.09987446525913295,-3.0597997628242845e-05,0.0,0.0,0.0,-0.040684552051345683
2026-08-24T01:19:16.713933,15.94,0.7050752144643774,0.05433161778359483,0.0,0.026071475213958806,0.0,0.0,0.01303536841531255,0.9999150359756959,0.09999999975516137,-3.0488788753626286e-05,0.0,0.0,0.0,-0.0407506146119843
2026-08-24T01:19:16.736179,15.95,0.7060742708000267,0.05435736496663107,0.0,0.025659194331974167,0.0,0.0,0.012829245213339798,0.999917701847135,0.09987760125995043,-3.060896730589993e-05,0.0,0.0,0.0,-0.04094784553873441
2026-08-24T01:19:16.769159,15.97,0.7080736408968121,0.054407857418300676,0.0,0.024836731009738156,0.0,0.0,0.012418046322631313,0.9999228930900267,0.09987913975905656,-3.061164541509781e-05,0.0,0.0,0.0,-0.0412389166446593
2026-08-24T01:19:16.798331,15.99,0.7100730517700209,0.054456704576216354,0.0,0.0240151126849586,0.0,0.0,0.012007267800160107,0.9999279101615152,0.09988065891989592,-3.0614437810940654e-05,0.0,0.0,0.0,-0.041361635552713334
2026-08-24T01:19:16.831486,16.01,0.7120725020660985,0.05450390644325596,0.0,0.02318726690349049,0.0,0.0,0.01159337373226371,0.999932794584468,0.09988215898554215,-3.061685320846191e-05,0.0,0.0,0.0,-0.041074721775640324
2026-08-24T01:19:16.859008,16.02,0.7130728245713867,0.05452700381201343,0.0,0.02277993365079478,0.0,0.0,0.011389720554376915,0.9999351350291144,0.09999999984481286,-3.0496214677522006e-05,0.0,0.0,0.0,-0.0409753391545031
2026-08-24T01:19:16.883713,16.05,0.7160715155137568,0.05459337428376925,0.0,0.021542988666999108,0.0,0.0,0.010771286040774352,0.9999419880158188,0.09988510278831152,-3.061128415657283e-05,0.0,0.0,0.0,-0.041087785117141055
2026-08-24T01:19:16.915879,16.07,0.7180710759603218,0.05463564018274122,0.0,0.020722621014923615,0.0,0.0,0.010361125115677279,0.9999463221025103,0.09988654699645837,-3.0604788586987716e-05,0.0,0.0,0.0,-0.0408984051460935
2026-08-24T01:19:16.945615,16.1,0.721071034467114,0.054696064702357966,0.0,0.019488476353662246,0.0,0.0,0.009744083974705546,0.9999525252868228,0.09999999977872134,-3.047336892726865e-05,0.0,0.0,0.0,-0.040937344474494715
2026-08-24T01:19:16.970924,16.11,0.7220702975325879,0.05471523592587404,0.0,0.019077426379302768,0.0,0.0,0.00953856854041488,0.9999545068202852,0.09988938118171746,-3.058642217085018e-05,0.0,0.0,0.0,-0.041254085134377796
2026-08-24T01:19:17.001805,16.13,0.7240699559542001,0.05475256564298582,0.0,0.018254134326891602,0.0,0.0,0.00912694044475426,0.9999583486116399,0.099890771612314,-3.0577878668279435e-05,0.0,0.0,0.0,-0.03965021293281534
2026-08-24T01:19:17.024537,16.15,0.7260696439384599,0.05478827193195849,0.0,0.017460317491632796,0.0,0.0,0.008730047850420147,0.9999618924061703,0.0998921445658008,-3.055810657667243e-05,0.0,0.0,0.0,-0.03961571368792369
2026-08-24T01:19:17.050894,16.17,0.7280693594119252,0.05482239879309941,0.0,0.016668371598346002,0.0,0.0,0.008334089319288248,0.999965270874553,0.09989350026185971,-3.0528011671690974e-05,0.0,0.0,0.0,-0.03950521627355902
2026-08-24T01:19:17.080847,16.19,0.7300691012458184,0.054854939159364374,0.0,0.0158716875766074,0.0,0.0,0.007935760491811364,0.999968511356941,0.09989483891740467,-3.0496935646461974e-05,0.0,0.0,0.0,-0.04001999450885558
2026-08-24T01:19:17.108493,16.21,0.7320688681773684,0.05488589334321722,0.0,0.015079147956886363,0.0,0.0,0.0075395025472448605,0.9999715775467521,0.09989616074663199,-3.046560726180853e-05,0.0,0.0,0.0,-0.039172310418243664
2026-08-24T01:19:17.139050,16.23,0.7340686589496042,0.05491526131868247,0.0,0.014286934019390076,0.0,0.0,0.007143406255709746,0.9999744855480394,0.09989746596103453,-3.0428556440867793e-05,0.0,0.0,0.0,-0.039663857108618625
2026-08-24T01:19:17.172673,16.25,0.7360684723065722,0.05494304298629273,0.0,0.013495939053114196,0.0,0.0,0.006747918315104002,0.9999772325400277,0.09989875476946006,-3.0393951086878177e-05,0.0,0.0,0.0,-0.03942164686666048
2026-08-24T01:19:17.199902,16.27,0.7380683069900786,0.05496923839603507,0.0,0.012699536240899699,0.0,0.0,0.006349725450564849,0.9999798402901443,0.0999000273781224,-3.0358154901954087e-05,0.0,0.0,0.0,-0.03983315961363488
2026-08-24T01:19:17.225888,16.29,0.7400681617432392,0.054993847506413875,0.0,0.01191291163282493,0.0,0.0,0.005956420594595725,0.9999822603695029,0.09990128399064775,-3.0321866607228232e-05,0.0,0.0,0.0,-0.039571915112227934
2026-08-24T01:19:17.257988,16.31,0.7420680353091306,0.055016870272024114,0.0,0.011112634624643293,0.0,0.0,0.0055562887226479835,0.9999845637086757,0.09990252480809621,-3.0286916195794288e-05,0.0,0.0,0.0,-0.0398466718559815
2026-08-24T01:19:17.290575,16.33,0.7440679264304074,0.05503830667774437,0.0,0.010325030782525335,0.0,0.0,0.005162492459773998,0.9999866742470136,0.09990375002900724,-3.024841863491777e-05,0.0,0.0,0.0,-0.03962681994182844
2026-08-24T01:19:17.316294,16.34,0.7450683552850497,0.05504853835842338,0.0,0.009924731699468838,0.0,0.0,0.0049623454833211,0.999987687487853,0.09999999987324366,-3.0109120049788204e-05,0.0,0.0,0.0,-0.03972156501137972
2026-08-24T01:19:17.342377,16.36,0.7470682644615245,0.05506759429088878,0.0,0.009131504399103374,0.0,0.0,0.004565736336552281,0.9999895769715328,0.09999999987483649,-3.0068998712777054e-05,0.0,0.0,0.0,-0.03938164711762316
2026-08-24T01:19:17.375204,16.39,0.7500676925549853,0.05509309738565752,0.0,0.007942070284782776,0.0,0.0,0.003971024705777935,0.99999211545031,0.0999073340606408,-3.0131611288669223e-05,0.0,0.0,0.0,-0.03937575174290373
2026-08-24T01:19:17.403560,16.41,0.7520676413243996,0.05510818818031623,0.0,0.007149779553385027,0.0,0.0,0.003574882162279323,0.9999936100883474,0.09990849883133435,-3.0088092432921333e-05,0.0,0.0,0.0,-0.03931889929019254
2026-08-24T01:19:17.431098,16.43,0.7540676013619945,0.05512169258463402,0.0,0.0063574875063903144,0.0,0.0,0.0031787383999751875,0.9999949477983299,0.09990964896136302,-3.004396852071095e-05,0.0,0.0,0.0,-0.03959943022997762
2026-08-24T01:19:17.457916,16.45,0.7560675714105094,0.055133610563287194,0.0,0.0055622916699280545,0.0,0.0,0.00278114224971052,0.9999961326164151,0.09991078463475356,-3.0001251280790432e-05,0.0,0.0,0.0,-0.03961964475812306
2026-08-24T01:19:17.488478,16.47,0.758067550212336,0.055143942129395704,0.0,0.004770372492946429,0.0,0.0,0.002385183984874673,0.9999971554446334,0.0999119060332263,-2.995669382987581e-05,0.0,0.0,0.0,-0.039509611570877366
2026-08-24T01:19:17.517545,16.49,0.7600675365101771,0.05515268724017879,0.0,0.0039772946966532005,0.0,0.0,0.00198864603757019,0.9999980226415136,0.09991301333620416,-2.9911517990668105e-05,0.0,0.0,0.0,-0.03962076339032696
2026-08-24T01:19:17.545227,16.51,0.7620675290464523,0.05515984590090268,0.0,0.0031830265190864186,0.0,0.0,0.0015915125876821373,0.9999987335430397,0.09991410672086135,-2.9866358899129642e-05,0.0,0.0,0.0,-0.039517826143625326
2026-08-24T01:19:17.576283,16.53,0.764067526563509,0.055165418144050064,0.0,0.0023900712943496494,0.0,0.0,0.0011950353627344125,0.999999285944986,0.09991518636214956,-2.981925683423589e-05,0.0,0.0,0.0,-0.04013289139332358
2026-08-24T01:19:17.604002,16.55,0.7660675278040097,0.05516940389350842,0.0,0.0015969785293696859,0.0,0.0,0.0007984891798340352,0.9999996812074641,0.099916252432817,-2.977525944420917e-05,0.0,0.0,0.0,-0.03959029940867363
2026-08-24T01:19:17.634775,16.57,0.7680675315102105,0.05517180322203008,0.0,0.0008027185554464468,0.0,0.0,0.00040135926694744457,0.9999999194553661,0.09991730510343609,-2.9727451154155262e-05,0.0,0.0,0.0,-0.03976432196619365
2026-08-24T01:19:17.663474,16.59,0.7700675364246272,0.05517261610310917,0.0,1.3794176334958054e-05,0.0,0.0,6.897088167424344e-06,0.9999999999762151,0.09991834454243957,-2.9679418889042964e-05,0.0,0.0,0.0,-0.039365819616072106
2026-08-24T01:19:17.694619,16.61,0.7720675412896887,0.055171842535813656,0.0,-0.0007849264043309214,0.0,0.0,-0.00039246319209044854,0.9999999229863185,0.0999193709161498,-2.963096221023422e-05,0.0,0.0,0.0,-0.0396952349805206
2026-08-24T01:19:17.721110,16.63,0.7740675448478381,0.055169482540741034,0.0,-0.0015773351803707318,0.0,0.0,-0.0007886675084272792,0.9999996890017322,0.09992038438878519,-2.9580608305248632e-05,0.0,0.0,0.0,-0.03994699665352917
2026-08-24T01:19:17.749149,16.65,0.7760675458414287,0.055165536071889565,0.0,-0.0023644780224540973,0.0,0.0,-0.001182238735826642,0.9999993011555416,0.09992138512250662,-2.9531650988176436e-05,0.0,0.0,0.0,-0.03971535111914587
2026-08-24T01:19:17.781540,16.67,0.7780675430127284,0.0551600031003507,0.0,-0.003163627855879536,0.0,0.0,-0.001581813268287772,0.9999987489326095,0.09992237327744116,-2.948438078293442e-05,0.0,0.0,0.0,-0.03930476249437926
2026-08-24T01:19:17.808867,16.69,0.7800675351044059,0.05515288374302406,0.0,-0.0039567902545867275,0.0,0.0,-0.001978393836704939,0.9999980429769985,0.09992334901169878,-2.943061580462557e-05,0.0,0.0,0.0,-0.03974769034646834
2026-08-24T01:19:17.833492,16.7,0.7810679100457281,0.05514882289105402,0.0,-0.004353370795573852,0.0,0.0,-0.0021766836789461883,0.9999976310212749,0.0999999998990451,-2.929305086432862e-05,0.0,0.0,0.0,-0.03962232796915188
2026-08-24T01:19:17.865234,16.73,0.7840674990166745,0.05513388542109162,0.0,-0.005541156033578965,0.0,0.0,-0.002770574472250681,0.9999961619511816,0.09992526384069753,-2.9327875500842663e-05,0.0,0.0,0.0,-0.039675603908194725
2026-08-24T01:19:17.899771,16.74,0.7850678566774978,0.055128236559618786,0.0,-0.005939822584500211,0.0,0.0,-0.0029699069262977594,0.9999955898166997,0.09999999990156834,-2.919183198523693e-05,0.0,0.0,0.0,-0.03946058012829394
2026-08-24T01:19:17.922927,16.77,0.7880674275183653,0.05510854145014078,0.0,-0.007129120416407011,0.0,0.0,-0.0035645526596048078,0.9999936469619879,0.09992713083508896,-2.9222403854222077e-05,0.0,0.0,0.0,-0.03943105997488362
2026-08-24T01:19:17.949982,16.79,0.790067375346271,0.05509348987370633,0.0,-0.007923234854577466,0.0,0.0,-0.00396160706475376,0.999992152803943,0.09992804676890694,-2.9167507253924737e-05,0.0,0.0,0.0,-0.03967691364118748
2026-08-24T01:19:17.979660,16.82,0.7930676267964674,0.055068027062628915,0.0,-0.009112700438666632,0.0,0.0,-0.004556334454129357,0.9999896198542974,0.09999999971933814,-2.897837256600646e-05,0.0,0.0,0.0,-0.03966115256272764
2026-08-24T01:19:18.007786,16.83,0.7940672318675105,0.05505862750809068,0.0,-0.009513026659112354,0.0,0.0,-0.004756495394017999,0.9999886878118005,0.09992984424258176,-2.905940458337671e-05,0.0,0.0,0.0,-0.039649668611094424
2026-08-24T01:19:18.033616,16.85,0.7960671380461799,0.0550388168077887,0.0,-0.010304802193669806,0.0,0.0,-0.005152378299862936,0.9999867264108334,0.09993072607004597,-2.9002173735855927e-05,0.0,0.0,0.0,-0.03965025987247024
2026-08-24T01:19:18.067840,16.87,0.798067027826595,0.0550174197604365,0.0,-0.01109037637377952,0.0,0.0,-0.005545159768664656,0.9999846254833821,0.09993159681332121,-2.8945483654499644e-05,0.0,0.0,0.0,-0.03973454614799474
2026-08-24T01:19:18.099808,16.89,0.8000668999507456,0.0549944363447914,0.0,-0.011887053398139889,0.0,0.0,-0.005943491706113486,0.9999823372971841,0.09993245661172422,-2.8893489022372116e-05,0.0,0.0,0.0,-0.03977792050957635
2026-08-24T01:19:18.126991,16.91,0.8020667531622535,0.05496986668349266,0.0,-0.012682370479179195,0.0,0.0,-0.006341142742499211,0.9999798947522491,0.09993330560284064,-2.8839327866835877e-05,0.0,0.0,0.0,-0.03965566192799836
2026-08-24T01:19:18.151812,16.93,0.8040665862028552,0.054943710731871785,0.0,-0.013476208547364974,0.0,0.0,-0.00673805328650794,0.9999772990612877,0.0999341439225023,-2.8782881799583107e-05,0.0,0.0,0.0,-0.039521442038346184
2026-08-24T01:19:18.180960,16.95,0.8060663978136974,0.05491596841205906,0.0,-0.014267211109146858,0.0,0.0,-0.007133545051850579,0.9999745559437966,0.09993497170485141,-2.872506402787894e-05,0.0,0.0,0.0,-0.03969143523673971
2026-08-24T01:19:18.208732,16.97,0.8080661867377759,0.054886639790829306,0.0,-0.015060742954289275,0.0,0.0,-0.007530300307184864,0.9999716468866923,0.09993578908233516,-2.8669312985528587e-05,0.0,0.0,0.0,-0.03940818086564957
2026-08-24T01:19:18.243753,16.99,0.8100659517184936,0.05485572495524957,0.0,-0.01585508695021609,0.0,0.0,-0.007927460439708038,0.999968577191792,0.09993659618573826,-2.861144931677667e-05,0.0,0.0,0.0,-0.03963646144014424
2026-08-24T01:19:18.272038,17.01,0.812065691497726,0.05482322388699687,0.0,-0.016648341126102473,0.0,0.0,-0.008324074430569069,0.9999653542922746,0.0999373931442059,-2.855404510748739e-05,0.0,0.0,0.0,-0.03972894570300132
2026-08-24T01:19:18.301847,17.03,0.8140654048173787,0.054789136576157436,0.0,-0.01743943148998861,0.0,0.0,-0.008719605247079844,0.9999619835195411,0.09993818008524662,-2.8496969391987336e-05,0.0,0.0,0.0,-0.05176027597922242
2026-08-24T01:19:18.326051,17.04,0.8150655586656547,0.054771517551459786,0.0,-0.017960467944746487,0.0,0.0,-0.00898011327162721,0.9999596779698813,0.09999999991857585,-2.843908398123491e-05,0.0,0.0,0.0,-0.05191407413295161
2026-08-24T01:19:18.357917,17.07,0.818064729901899,0.05471528355198457,0.0,-0.019516111991690902,0.0,0.0,-0.00975790113679221,0.9999523905493723,0.09993972441711794,-2.859759894118405e-05,0.0,0.0,0.0,-0.052290400966885114
2026-08-24T01:19:18.385501,17.08,0.8190648361181004,0.05469552763571818,0.0,-0.0200377063926771,0.0,0.0,-0.010018685586074952,0.9999498117101314,0.09999999992058244,-2.8611032155391015e-05,0.0,0.0,0.0,-0.051808067590688886
2026-08-24T01:19:18.413123,17.11,0.8220638914606282,0.05463305700896466,0.0,-0.02159845245059788,0.0,0.0,-0.010799016319646247,0.9999416889231731,0.09994123016982845,-2.876470946719431e-05,0.0,0.0,0.0,-0.05231132120238596
2026-08-24T01:19:18.441899,17.13,0.8240634058309055,0.05458882271295753,0.0,-0.02263923925704425,0.0,0.0,-0.01131937789244623,0.9999359337898244,0.099941968881115,-2.8845475147932748e-05,0.0,0.0,0.0,-0.05174422670300244
2026-08-24T01:19:18.467324,17.15,0.8260628730461922,0.054542507965238955,0.0,-0.023680100690525407,0.0,0.0,-0.011839773710755543,0.9999299074227543,0.09994269830712978,-2.8920392120284e-05,0.0,0.0,0.0,-0.052125085758928776
2026-08-24T01:19:18.499896,17.17,0.828062290941849,0.05449411279095838,0.0,-0.024719355931323683,0.0,0.0,-0.012359363287287277,0.9999236201526259,0.09994341856456682,-2.8995056461381847e-05,0.0,0.0,0.0,-0.051798222337020285
2026-08-24T01:19:18.525575,17.18,0.8290622624604088,0.05446915794702397,0.0,-0.02524018144160279,0.0,0.0,-0.012619755730123363,0.9999203677120053,0.09999999992544166,-2.899536213743842e-05,0.0,0.0,0.0,-0.05204640171636542
2026-08-24T01:19:18.551801,17.21,0.8320609701213764,0.05439108150395153,0.0,-0.02680092665092726,0.0,0.0,-0.013400062270132438,0.9999102151349173,0.09994483203327469,-2.913324326176918e-05,0.0,0.0,0.0,-0.05194808282394745
2026-08-24T01:19:18.585487,17.23,0.8340602270763632,0.05433644546235828,0.0,-0.027840283177505306,0.0,0.0,-0.013919692041342413,0.9999031163935205,0.09994552547070334,-2.9200644380076507e-05,0.0,0.0,0.0,-0.05189879295796883
2026-08-24T01:19:18.609335,17.25,0.8360594260558994,0.054279729219465105,0.0,-0.028882679247804965,0.0,0.0,-0.014440837666728202,0.9998957256671733,0.09994621019192856,-2.926629821994709e-05,0.0,0.0,0.0,-0.05155806090727492
2026-08-24T01:19:18.639658,17.28,0.8390583758222983,0.054190779862037186,0.0,-0.03044270328481691,0.0,0.0,-0.01522076387787597,0.9998841574637404,0.09999999989503856,-2.9318362361360708e-05,0.0,0.0,0.0,-0.051892476052569275
2026-08-24T01:19:18.670490,17.29,0.8400576414353497,0.05416005644753058,0.0,-0.03096084319289538,0.0,0.0,-0.015479803306909151,0.9998801806664533,0.09994755392259613,-2.9387831297966602e-05,0.0,0.0,0.0,-0.05217429630810327
2026-08-24T01:19:18.699137,17.31,0.8420566535057147,0.05409709997999111,0.0,-0.03200235885732505,0.0,0.0,-0.016000496619759164,0.9998719838598945,0.09994821314705572,-2.9449518014716336e-05,0.0,0.0,0.0,-0.051552661902729606
2026-08-24T01:19:18.729940,17.33,0.8440555989478425,0.054032063641240885,0.0,-0.03304357866896935,0.0,0.0,-0.01652103768725181,0.9998635183432469,0.09994886408535411,-2.9504916262123758e-05,0.0,0.0,0.0,-0.052004540753566086
2026-08-24T01:19:18.758497,17.35,0.8460544755949304,0.053964947400705406,0.0,-0.03408091707725092,0.0,0.0,-0.017039633857082192,0.9998548148996516,0.0999495068416358,-2.9560624797985357e-05,0.0,0.0,0.0,-0.051886136600798244
2026-08-24T01:19:18.787415,17.37,0.8480532812832408,0.0538957513277387,0.0,-0.035125745997597324,0.0,0.0,-0.0175619701214987,0.9998457767103143,0.09995014151875406,-2.9615593141580357e-05,0.0,0.0,0.0,-0.05162023017603718
2026-08-24T01:19:18.814070,17.39,0.8500520138522553,0.053824475582620324,0.0,-0.03616335401385307,0.0,0.0,-0.018080691731227182,0.999836530932192,0.09995076821824722,-2.9664541141235e-05,0.0,0.0,0.0,-0.05199688532882661
2026-08-24T01:19:18.840444,17.41,0.85205067113464,0.053751120131180885,0.0,-0.03721009804418385,0.0,0.0,-0.01860397569105171,0.9998269310678157,0.09995138704040377,-2.971559907721176e-05,0.0,0.0,0.0,-0.051922766385568316
2026-08-24T01:19:18.869117,17.43,0.8540492509693263,0.05367568511663565,0.0,-0.03824384233611022,0.0,0.0,-0.01912075587440479,0.9998171816361187,0.09995199808423404,-2.9760743880256384e-05,0.0,0.0,0.0,-0.05183561946648833
2026-08-24T01:19:18.898909,17.45,0.8560477511922941,0.053598170599957806,0.0,-0.03928780994337932,0.0,0.0,-0.019642641621226514,0.9998070647030556,0.0999526014475082,-2.9807596623163066e-05,0.0,0.0,0.0,-0.05216130712501103
2026-08-24T01:19:18.927105,17.47,0.8580461696414393,0.053518576692969555,0.0,-0.04032819411945354,0.0,0.0,-0.020162730664745058,0.9997967114829599,0.09995319722677198,-2.9852586439689342e-05,0.0,0.0,0.0,-0.05206028583372295
2026-08-24T01:19:18.955821,17.49,0.8600445041560953,0.05343690354116013,0.0,-0.041367769199308846,0.0,0.0,-0.02068240979065933,0.9997860960851832,0.09995378551734425,-2.9895279950257526e-05,0.0,0.0,0.0,-0.05161389015938125
2026-08-24T01:19:18.986806,17.51,0.862042752569844,0.05335315114692698,0.0,-0.04240666106703461,0.0,0.0,-0.021201741799342567,0.9997752178088203,0.09995436641335456,-2.9934252200758702e-05,0.0,0.0,0.0,-0.0520323349976187
2026-08-24T01:19:19.015983,17.53,0.863707890383139,0.053281712427924635,0.0,-0.04327793301518845,0.0,0.0,-0.021637277824615216,0.9997658866996515,0.0999549347865687,-2.98730073872257e-05,0.0,0.0,0.0,-0.0523574485843596
2026-08-24T01:19:19.046458,17.55,0.8660389823056439,0.05317940839749147,0.0,-0.044488277732960484,0.0,0.0,-0.02224230450552381,0.9997526093440735,0.09995550645850573,-3.0082316488428825e-05,0.0,0.0,0.0,-0.052469384706578595
2026-08-24T01:19:19.078473,17.57,0.8680369595518731,0.053089418875253515,0.0,-0.04553064132933171,0.0,0.0,-0.02276335432376983,0.9997408812787094,0.09995606572248562,-3.0120927887407805e-05,0.0,0.0,0.0,-0.05205230477251552
2026-08-24T01:19:19.104499,17.58,0.8690361326129125,0.05304367550469119,0.0,-0.04605031806032134,0.0,0.0,-0.02302312458891148,0.9997349327367547,0.09999999994209266,-3.0089641888988135e-05,0.0,0.0,0.0,-0.05185472678674327
2026-08-24T01:19:19.132821,17.61,0.8720326274112926,0.05290320351025959,0.0,-0.047612637270593616,0.0,0.0,-0.023804070030310858,0.9997166429793954,0.09995716325078201,-3.0188246836620926e-05,0.0,0.0,0.0,-0.05191423605282698
2026-08-24T01:19:19.165177,17.63,0.8740303138114164,0.05280697787962257,0.0,-0.04864845152137455,0.0,0.0,-0.024321827187478547,0.9997041806065744,0.09995770169015143,-3.0217276787864647e-05,0.0,0.0,0.0,-0.051798058731379465
2026-08-24T01:19:19.187072,17.65,0.8760278989728655,0.05270867370160086,0.0,-0.04969080928189662,0.0,0.0,-0.024842848566094356,0.9996913688109557,0.09995823336157135,-3.0246946144778818e-05,0.0,0.0,0.0,-0.05164963070193521
2026-08-24T01:19:19.216794,17.67,0.8780253807354911,0.052608291124646316,0.0,-0.05073167284087311,0.0,0.0,-0.025363116336284623,0.9996783044208332,0.09995875835011199,-3.02732193039461e-05,0.0,0.0,0.0,-0.052233226458160815
2026-08-24T01:19:19.246303,17.69,0.8800227569342031,0.052505830198006156,0.0,-0.05176851703759632,0.0,0.0,-0.025881368229020377,0.9996650212839269,0.09995927673977417,-3.0301313808171272e-05,0.0,0.0,0.0,-0.05159658787856135
2026-08-24T01:19:19.280245,17.71,0.8820200254056821,0.05240129100889451,0.0,-0.05281059512681497,0.0,0.0,-0.026402229199913314,0.9996514003857921,0.099959788613503,-3.03264577799441e-05,0.0,0.0,0.0,-0.05179564615150519
2026-08-24T01:19:19.310523,17.73,0.8840171839878249,0.05229467366865361,0.0,-0.05385342491624412,0.0,0.0,-0.02692345871694546,0.9996374979815018,0.09996029405320095,-3.0350499058703938e-05,0.0,0.0,0.0,-0.05237043134066855
2026-08-24T01:19:19.339472,17.75,0.886014230514233,0.05218597820973994,0.0,-0.05489269334265012,0.0,0.0,-0.027442900903388273,0.9996233726709309,0.09996079313974093,-3.0375266999323106e-05,0.0,0.0,0.0,-0.05238325452366416
2026-08-24T01:19:19.370497,17.77,0.8880111628260956,0.05207520480687339,0.0,-0.05593069678773244,0.0,0.0,-0.02796170343635764,0.9996089951280637,0.09996128595297941,-3.039953765885413e-05,0.0,0.0,0.0,-0.05196846681895804
2026-08-24T01:19:19.397340,17.79,0.8900079787666338,0.051962353667657515,0.0,-0.05697402425063026,0.0,0.0,-0.02848315936644325,0.9995942725088544,0.09996177257176911,-3.0421516239954568e-05,0.0,0.0,0.0,-0.052116559399941836
2026-08-24T01:19:19.424345,17.81,0.8920046761730074,0.05184742488912291,0.0,-0.058016862464740804,0.0,0.0,-0.02900436302384444,0.999579284962219,0.09996225307397154,-3.044143343727441e-05,0.0,0.0,0.0,-0.05201263165318248
2026-08-24T01:19:19.455386,17.83,0.8940012528818825,0.05173041856149168,0.0,-0.05905330640259623,0.0,0.0,-0.029522363051192668,0.9995641200442689,0.09996272753646954,-3.045814776811827e-05,0.0,0.0,0.0,-0.051977926047256096
2026-08-24T01:19:19.483452,17.84,0.8949996827394577,0.051671169556262386,0.0,-0.05957707874239083,0.0,0.0,-0.02978413405477932,0.999556354268536,0.09999999995086349,-3.0416041820799663e-05,0.0,0.0,0.0,-0.05184483028873077
2026-08-24T01:19:19.514928,17.87,0.8979940355584232,0.051490173705044884,0.0,-0.06114312282325508,0.0,0.0,-0.030566799500170164,0.9995327262117616,0.09996365864506837,-3.0491456763211482e-05,0.0,0.0,0.0,-0.05193731982889206
2026-08-24T01:19:19.540148,17.89,0.8999902372126114,0.05136693557991563,0.0,-0.06217499048845809,0.0,0.0,-0.031082488159283488,0.9995168227347792,0.09996411544014254,-3.050144383184237e-05,0.0,0.0,0.0,-0.05201061458819074
2026-08-24T01:19:19.568238,17.91,0.9019863095208449,0.05124162035830272,0.0,-0.06322028107038591,0.0,0.0,-0.03160487665092578,0.9995004411063958,0.09996456649350498,-3.0515927025014297e-05,0.0,0.0,0.0,-0.05197813270882465
2026-08-24T01:19:19.596160,17.93,0.9039822503357104,0.05111422838831214,0.0,-0.06425821885992232,0.0,0.0,-0.032123582010832916,0.9994839045621462,0.09996501187732215,-3.052627116011327e-05,0.0,0.0,0.0,-0.051992294661144745
2026-08-24T01:19:19.628250,17.95,0.9056454291267477,0.05100642537614104,0.0,-0.06512467504174647,0.0,0.0,-0.0325565834865763,0.9994698939296178,0.09996544644166679,-3.043529004396117e-05,0.0,0.0,0.0,-0.08927667213289844
2026-08-24T01:19:19.652904,17.97,0.9079736915485163,0.05085265296229855,0.0,-0.067086648065247,0.0,0.0,-0.03353703414900453,0.9994374754533114,0.09996588598665894,-3.083625005678175e-05,0.0,0.0,0.0,-0.08905605769575499
2026-08-24T01:19:19.681799,17.99,0.9099690739919327,0.050716792309578436,0.0,-0.06887504348934703,0.0,0.0,-0.03443071532586367,0.9994070871482498,0.09996631478440869,-3.1277345041059776e-05,0.0,0.0,0.0,-0.08932388688959716
2026-08-24T01:19:19.713126,18.01,0.911964209891582,0.05057735999891511,0.0,-0.0706696108853806,0.0,0.0,-0.035327453032118414,0.9993757907125145,0.09996673819295977,-3.1711332409650764e-05,0.0,0.0,0.0,-0.08982754776856998
2026-08-24T01:19:19.740750,18.03,0.9139590920207442,0.05043434324094825,0.0,-0.07246665883309777,0.0,0.0,-0.036225401757413594,0.9993436447326385,0.09996715627944433,-3.2143074971992346e-05,0.0,0.0,0.0,-0.09012042456265396
2026-08-24T01:19:19.766767,18.05,0.9159537138891666,0.050287741839228114,0.0,-0.07426330695239437,0.0,0.0,-0.03712312145989319,0.9993106993588501,0.09996756911076284,-3.256907183688353e-05,0.0,0.0,0.0,-0.08942324142661555
2026-08-24T01:19:19.797355,18.06,0.9169510767724706,0.050212963756338096,0.0,-0.07516139881374027,0.0,0.0,-0.03757185410504276,0.9992939286211587,0.09999999995715786,-3.2919085331965135e-05,0.0,0.0,0.0,-0.08961056108054859
2026-08-24T01:19:19.821723,18.09,0.9199421511397853,0.049983787801358696,0.0,-0.0778566036865107,0.0,0.0,-0.038918470514478366,0.9992423893394503,0.09996837927129672,-3.339425341741728e-05,0.0,0.0,0.0,-0.08977607050960389
2026-08-24T01:19:19.856232,18.11,0.9219359536456048,0.04982643615772018,0.0,-0.07965111014744064,0.0,0.0,-0.039815028190114725,0.9992070673940514,0.09996877673014191,-3.379590456501087e-05,0.0,0.0,0.0,-0.09017982297299383
2026-08-24T01:19:19.882677,18.12,0.9226006294887904,0.049772967717121044,0.0,-0.08025272463361734,0.0,0.0,-0.04011559510746774,0.9991950455387445,0.09999999995816752,-3.395121824387884e-05,0.0,0.0,0.0,-0.08955857314837898
2026-08-24T01:19:19.909226,18.15,0.9259226940151981,0.04950098488070124,0.0,-0.08324762099814631,0.0,0.0,-0.041611792376338705,0.9991338542633957,0.09996955678913703,-3.4702470595696486e-05,0.0,0.0,0.0,-0.08964757692732304
2026-08-24T01:19:19.942484,18.17,0.9279156193284477,0.04933288752109305,0.0,-0.0850470388692832,0.0,0.0,-0.04251070506969542,0.9990960113795258,0.09996993944654277,-3.507934502430244e-05,0.0,0.0,0.0,-0.08985771032949111
2026-08-24T01:19:19.970280,18.2,0.9309045714033761,0.04907392184059399,0.0,-0.08774002404351221,0.0,0.0,-0.04385594149947964,0.999037865346051,0.09999999994119184,-3.5742867382019404e-05,0.0,0.0,0.0,-0.08978428982916492
2026-08-24T01:19:19.994973,18.21,0.9319005473798296,0.048985950780275796,0.0,-0.08863786614876279,0.0,0.0,-0.04430442619539298,0.9990180768231859,0.09997069039339215,-3.581430658060195e-05,0.0,0.0,0.0,-0.08994544402782875
2026-08-24T01:19:20.024484,18.23,0.9338925373687477,0.0488071125813928,0.0,-0.09043380860694716,0.0,0.0,-0.045201497702674114,0.9989778899482387,0.09997105880243833,-3.617235759611814e-05,0.0,0.0,0.0,-0.08996158397940693
2026-08-24T01:19:20.050185,18.25,0.9358842027595075,0.048624695284503125,0.0,-0.0922310999977607,0.0,0.0,-0.04609920651090207,0.9989368664530633,0.09997142258074247,-3.652425961330629e-05,0.0,0.0,0.0,-0.08970151606506406
2026-08-24T01:19:20.080656,18.28,0.938871210188482,0.0483442676560078,0.0,-0.09492780350543084,0.0,0.0,-0.04744608247324523,0.9988738004662762,0.09999999988835236,-3.7130979738020176e-05,0.0,0.0,0.0,-0.08982454698496545
2026-08-24T01:19:20.105126,18.29,0.939866534006607,0.04824912555491426,0.0,-0.0958302708636527,0.0,0.0,-0.0478968031276098,0.9988522895053877,0.09997213647721429,-3.720546475712712e-05,0.0,0.0,0.0,-0.08988264606976465
2026-08-24T01:19:20.134769,18.31,0.9418571870063722,0.04805597434861882,0.0,-0.09762315603866514,0.0,0.0,-0.048792197493466145,0.9988089514335354,0.09997248670961804,-3.7533810684938675e-05,0.0,0.0,0.0,-0.08969948244640623
2026-08-24T01:19:20.164452,18.33,0.9438474896896862,0.047859246437096686,0.0,-0.09941851106614055,0.0,0.0,-0.04968878605028678,0.9987647493483381,0.09997283253974784,-3.785710400624376e-05,0.0,0.0,0.0,-0.0898681210581819
2026-08-24T01:19:20.199783,18.35,0.9458374356368436,0.047658942519267423,0.0,-0.10121550052028772,0.0,0.0,-0.050586150733723564,0.9987197010943286,0.0999731740229428,-3.8175963198723254e-05,0.0,0.0,0.0,-0.08966081208474126
2026-08-24T01:19:20.221124,18.37,0.9478270184137273,0.04745506314958932,0.0,-0.10301222823740198,0.0,0.0,-0.051483343884363944,0.998673853318732,0.099973511213842,-3.8487352527182616e-05,0.0,0.0,0.0,-0.08991934180086175
2026-08-24T01:19:20.245611,18.39,0.9498162315913368,0.047247608936821284,0.0,-0.1048078370294836,0.0,0.0,-0.052379936790487885,0.9986272288606117,0.09997384416639774,-3.879427622843627e-05,0.0,0.0,0.0,-0.08955041998956789
2026-08-24T01:19:20.279958,18.41,0.9518050687505965,0.04703658058662595,0.0,-0.10660658218946484,0.0,0.0,-0.053278053432372026,0.9985797159077774,0.09997417293388416,-3.909376173486353e-05,0.0,0.0,0.0,-0.08953731549008552
2026-08-24T01:19:20.306863,18.43,0.9537935234679058,0.046821978760692384,0.0,-0.10840539358189538,0.0,0.0,-0.05417616004677469,0.9985313934386771,0.0999744975689058,-3.9386164884884966e-05,0.0,0.0,0.0,-0.09010083372162593
2026-08-24T01:19:20.336136,18.45,0.9557815893153858,0.04660380408296868,0.0,-0.11020578581893446,0.0,0.0,-0.05507501205906038,0.9984822196948198,0.09997481812340143,-3.9674960820672366e-05,0.0,0.0,0.0,-0.08970437547740787
2026-08-24T01:19:20.364271,18.47,0.9577692598837585,0.04638205734852607,0.0,-0.11200129414835126,0.0,0.0,-0.055971381315572194,0.9984323735104079,0.0999751346486749,-3.995362171421424e-05,0.0,0.0,0.0,-0.08981057775160023
2026-08-24T01:19:20.392943,18.49,0.9597565287555769,0.04615673927533226,0.0,-0.11379844443673415,0.0,0.0,-0.05686852511214174,0.9983816759394023,0.09997544719535847,-4.022810493245263e-05,0.0,0.0,0.0,-0.0900049879145421
2026-08-24T01:19:20.418764,18.51,0.961743389521614,0.045927850653762314,0.0,-0.11559083399915873,0.0,0.0,-0.05776324660259996,0.9983303097381784,0.09997575581346567,-4.049800554671859e-05,0.0,0.0,0.0,-0.09000088741904777
2026-08-24T01:19:20.449209,18.53,0.9637298357696524,0.04569539224597413,0.0,-0.11738624721092708,0.0,0.0,-0.058659430921095386,0.9982780530313251,0.09997606055237697,-4.0765004927959604e-05,0.0,0.0,0.0,-0.09024117557343052
2026-08-24T01:19:20.477273,18.55,0.9657158610859284,0.04545936480046492,0.0,-0.11918960199993257,0.0,0.0,-0.0595595317072658,0.9982247553446124,0.09997636146085223,-4.102881111332987e-05,0.0,0.0,0.0,-0.08983018657519098
2026-08-24T01:19:20.499974,18.57,0.9677014590627157,0.0452197691162673,0.0,-0.12098104408067113,0.0,0.0,-0.060453638611296386,0.9981710061801309,0.09997665858703846,-4.128096685987911e-05,0.0,0.0,0.0,-0.08954947331265618
2026-08-24T01:19:20.535114,18.59,0.9696866232646633,0.04497660576395993,0.0,-0.12278134873637116,0.0,0.0,-0.061352119952751874,0.9981161843078706,0.09997695197847727,-4.1529488850366174e-05,0.0,0.0,0.0,-0.08967158947546942
2026-08-24T01:19:20.563292,18.61,0.9716713472923036,0.04472987561343044,0.0,-0.12457596514335069,0.0,0.0,-0.062247712973584474,0.9980607307321325,0.09997724168210839,-4.177158465900293e-05,0.0,0.0,0.0,-0.08949707955958595
2026-08-24T01:19:20.591209,18.63,0.9736556247469315,0.0444795795372682,0.0,-0.12637591677194362,0.0,0.0,-0.06314591816222073,0.9980043051106794,0.09997752774429933,-4.2008859018418594e-05,0.0,0.0,0.0,-0.09008201341861254
2026-08-24T01:19:20.623853,18.66,0.9766312954680412,0.04409741087149671,0.0,-0.12906982020675664,0.0,0.0,-0.06449012408634477,0.9979183453045284,0.09999999997059669,-4.238741551025079e-05,0.0,0.0,0.0,-0.08979356647195952
2026-08-24T01:19:20.654216,18.67,0.9776228142616148,0.04396829245690013,0.0,-0.12996565656975134,0.0,0.0,-0.06493710337256074,0.9978893588998639,0.09997808912683526,-4.24703711132727e-05,0.0,0.0,0.0,-0.0897636939282644
2026-08-24T01:19:20.679969,18.68,0.9786144272744001,0.04383820548700401,0.0,-0.13086675798084804,0.0,0.0,-0.0653866965210771,0.9978600001593714,0.09999999997096391,-4.2611869083570235e-05,0.0,0.0,0.0,-0.0897625301085968
2026-08-24T01:19:20.708296,18.71,0.981588140586162,0.043442751238917617,0.0,-0.1335615764505382,0.0,0.0,-0.06673116253839517,0.9977709917342127,0.09997863648539143,-4.2914441983328466e-05,0.0,0.0,0.0,-0.08968619278659243
2026-08-24T01:19:20.739293,18.73,0.9835700890441139,0.043174637419527526,0.0,-0.1353605678001238,0.0,0.0,-0.06762862611302958,0.9977105637057593,0.09997890501550963,-4.312787304879466e-05,0.0,0.0,0.0,-0.08979368914615221
2026-08-24T01:19:20.776916,18.75,0.9855515525064759,0.04290296266074774,0.0,-0.1371560501800002,0.0,0.0,-0.06852428460911326,0.9976494486636122,0.09997917017031623,-4.333604639818133e-05,0.0,0.0,0.0,-0.08956601562264485
2026-08-24T01:19:20.804658,18.77,0.9875325245729111,0.04262772781988319,0.0,-0.13895072568963052,0.0,0.0,-0.0694194854169371,0.9975875575830162,0.09997943199224182,-4.3539150434503705e-05,0.0,0.0,0.0,-0.08973805057256776
2026-08-24T01:19:20.830366,18.79,0.9895129988449325,0.04234893376846497,0.0,-0.14075181688864946,0.0,0.0,-0.07031783023162869,0.9975246376664166,0.09997969052317927,-4.3740096640101505e-05,0.0,0.0,0.0,-0.08986194574508746
2026-08-24T01:19:20.856428,18.81,0.9914929689346689,0.04206658145397977,0.0,-0.14254569392743924,0.0,0.0,-0.07121252009793064,0.9974611656507244,0.09997994580449492,-4.393482686336076e-05,0.0,0.0,0.0,-0.089917080793544
2026-08-24T01:19:20.887092,18.83,0.9934724284288036,0.041780671645204534,0.0,-0.14434688522627062,0.0,0.0,-0.07211080028348722,0.9973966274669647,0.09998019787703502,-4.4127344786020894e-05,0.0,0.0,0.0,-0.13086700543041122
2026-08-24T01:19:20.913902,18.84,0.9944620224206908,0.04163609783160314,0.0,-0.14577524707297673,0.0,0.0,-0.07282310347707263,0.9973448729501584,0.09999999997389568,-4.4468704472946465e-05,0.0,0.0,0.0,-0.14305241101841398
2026-08-24T01:19:20.944905,18.87,0.9974292023471063,0.04119422170650633,0.0,-0.1500664057475838,0.0,0.0,-0.07496281676590831,0.9971863296809282,0.09998069255647567,-4.5360176335502074e-05,0.0,0.0,0.0,-0.14452991308603033
2026-08-24T01:19:20.972551,18.89,0.9994062918156571,0.04089235577768671,0.0,-0.15294949910059505,0.0,0.0,-0.07640022901896938,0.997077231214237,0.09998093524265146,-4.6161472940125316e-05,0.0,0.0,0.0,-0.14410903659282348
2026-08-24T01:19:20.996421,18.91,1.0013825022516702,0.04058478787080188,0.0,-0.15583321379140583,0.0,0.0,-0.07783779223438635,0.9969660365830305,0.09998117487835823,-4.695135874799788e-05,0.0,0.0,0.0,-0.1441384811268449
2026-08-24T01:19:21.034339,18.94,1.0036540903413074,0.04022378955980056,0.0,-0.15914950232395508,0.0,0.0,-0.07949079798885482,0.9968355998032449,0.0300000698118287,-4.71630933203843e-05,0.0,0.0,0.0,-0.01499269958234644
2026-08-24T01:19:21.061419,18.95,1.003947962169527,0.04017614296088257,0.0,-0.15949972630406917,0.0,0.0,-0.07966535463484274,0.9968216647279015,0.029541757427542243,-4.725502338558344e-05,0.0,0.0,0.0,-0.0036828478462806458
2026-08-24T01:19:21.083620,18.97,1.0041250398564503,0.04014756911980579,0.0,-0.15983762948373403,0.0,0.0,-0.07983376810206728,0.9968081909126878,0.008415503944369455,-4.636755848716999e-05,0.0,0.0,0.0,-0.0037702198455242045
2026-08-24T01:19:21.110758,18.99,1.0041781924582702,0.04013900221784537,0.0,-0.15991768619233326,0.0,0.0,-0.07987366862953366,0.9968049944997565,0.0020832467685705965,-4.545789514901617e-05,0.0,0.0,0.0,-0.0010350912091901354
2026-08-24T01:19:21.140699,19.01,1.0041941666732543,0.04013643421911576,0.0,-0.15994236451342306,0.0,0.0,-0.07988596836031184,0.9968040088498518,0.00018911787740723024,-4.4556897976043463e-05,0.0,0.0,0.0,-0.0005594992616731316
2026-08-24T01:19:21.170328,19.03,1.0041989869672392,0.04013566557052755,0.0,-0.15994517741994363,0.0,0.0,-0.07988737031848095,0.9968038964929852,-0.00037364226700552423,-4.366865276893371e-05,0.0,0.0,0.0,0.0002004655486446226
2026-08-24T01:19:21.201473,19.05,1.0042004607263713,0.04013543666687223,0.0,-0.1599526973973844,0.0,0.0,-0.07989111828932348,0.9968035961103278,-0.000537060650040709,-4.279342041860919e-05,0.0,0.0,0.0,-0.0001223186815921825
2026-08-24T01:19:21.234209,19.07,1.0042009301748798,0.040135369651020485,0.0,-0.15994633519363302,0.0,0.0,-0.07988794735512998,0.9968038502470704,-0.0005807445017655935,-4.193100253028054e-05,0.0,0.0,0.0,3.422757300901519e-05
2026-08-24T01:19:21.259351,19.09,1.0042010979845817,0.0401353511670591,0.0,-0.15994928455682936,0.0,0.0,-0.07988941732333806,0.9968037324367006,-0.0005885751364742155,-4.108134467891524e-05,0.0,0.0,0.0,-0.00017906101518747167
2026-08-24T01:19:21.283179,19.1,1.004204120495307,0.0401352793419964,0.0,-0.15995259522601346,0.0,0.0,-0.0798910673669284,0.996803600191619,1.9675195257004884e-06,-4.018336409211692e-05,0.0,0.0,0.0,0.0001188714216540372
2026-08-24T01:19:21.315797,19.13,1.0042012243517557,0.04013534757707841,0.0,-0.15995524890548296,0.0,0.0,-0.07989238996548255,0.9968034941880989,-0.0005797156376747445,-3.941954607266644e-05,0.0,0.0,0.0,-3.758343491499266e-05
2026-08-24T01:19:21.338083,19.15,1.0042012651333385,0.04013534920954126,0.0,-0.1599516034455886,0.0,0.0,-0.07989057306176951,0.9968036398086948,-0.0005728373825876409,-3.860711095508548e-05,0.0,0.0,0.0,9.47453488687564e-05
2026-08-24T01:19:21.368740,19.17,1.0042013054560222,0.04013535079318728,0.0,-0.15995304211256123,0.0,0.0,-0.07989129009598625,0.9968035823404724,-0.0005656348385877406,-3.7806838343995234e-05,0.0,0.0,0.0,-4.842517046709143e-05
2026-08-24T01:19:21.398961,19.19,1.0042013409006785,0.04013535304280191,0.0,-0.1599553353277581,0.0,0.0,-0.07989243303849539,0.9968034907358568,-0.0005586850439752752,-3.701854619595342e-05,0.0,0.0,0.0,0.00020098568717607265
2026-08-24T01:19:21.425764,19.21,1.004201376893796,0.040135355084194954,0.0,-0.15995176160480587,0.0,0.0,-0.07989065188861098,0.9968036334909763,-0.0005516736452108421,-3.624210961785878e-05,0.0,0.0,0.0,0.00036300256397582613
2026-08-24T01:19:21.456335,19.23,1.0042014123666867,0.0401353570909413,0.0,-0.1599558829692409,0.0,0.0,-0.07989270598396327,0.9968034688596142,-0.0005447426555999219,-3.547741350715858e-05,0.0,0.0,0.0,-4.793566080275847e-05
2026-08-24T01:19:21.482895,19.25,1.004201447371251,0.04013535905672667,0.0,-0.15995311321478534,0.0,0.0,-0.07989132553346205,0.9968035795002476,-0.0005378964692300921,-3.472425400207387e-05,0.0,0.0,0.0,-0.00010353876892067686
2026-08-24T01:19:21.513867,19.27,1.0042014819274343,0.04013536097919831,0.0,-0.15995126109077604,0.0,0.0,-0.07989040243150673,0.9968036534841412,-0.0005311355404799831,-3.398254531268599e-05,0.0,0.0,0.0,-3.3244879758147526e-05
2026-08-24T01:19:21.541427,19.29,1.0042015160432298,0.04013536285842636,0.0,-0.15995125093737575,0.0,0.0,-0.07989039737103346,0.9968036538897208,-0.0005244595860929572,-3.3252152697267915e-05,0.0,0.0,0.0,-5.373396682902196e-05
2026-08-24T01:19:21.570109,19.31,1.0042015497270989,0.04013536469453896,0.0,-0.15995400284836014,0.0,0.0,-0.07989176892842005,0.9968035439631462,-0.0005178673832051448,-3.2532928206264074e-05,0.0,0.0,0.0,-7.383437241364853e-06
2026-08-24T01:19:21.601671,19.33,1.004201582984295,0.040135366488133,0.0,-0.15995372688101206,0.0,0.0,-0.079891631385804,0.9968035549868965,-0.0005113580199625911,-3.182472874622707e-05,0.0,0.0,0.0,-0.00029123782520158726
2026-08-24T01:19:21.629877,19.35,1.0042016158202358,0.04013536823967792,0.0,-0.1599523178249265,0.0,0.0,-0.07989092910972653,0.9968036112725438,-0.0005049304763917782,-3.1127421181039124e-05,0.0,0.0,0.0,-0.0001247365465671739
2026-08-24T01:19:21.662230,19.37,1.0042016482402458,0.04013536994938046,0.0,-0.15995418059184988,0.0,0.0,-0.07989185751608997,0.9968035368630214,-0.0004985837198776503,-3.0440899876204087e-05,0.0,0.0,0.0,-4.666954515390681e-05
2026-08-24T01:19:21.690954,19.39,1.00420168024957,0.040135371617897826,0.0,-0.15995236615180855,0.0,0.0,-0.07989095319593179,0.9968036093421038,-0.0004923167386095496,-2.976501589506396e-05,0.0,0.0,0.0,-0.00018005123918019567
2026-08-24T01:19:21.718692,19.41,1.0042017118533504,0.04013537324563031,0.0,-0.15995117196176256,0.0,0.0,-0.07989035800944351,0.9968036570444166,-0.0004861285308657668,-2.9099647360861037e-05,0.0,0.0,0.0,0.00040868193908598425
2026-08-24T01:19:21.746923,19.43,1.0042017430566372,0.04013537483276742,0.0,-0.15995168924100953,0.0,0.0,-0.0798906158223634,0.9968036363815712,-0.00048001810594667014,-2.8444694716102835e-05,0.0,0.0,0.0,8.906829429889273e-05
2026-08-24T01:19:21.774576,19.45,1.004201773864531,0.04013537638023887,0.0,-0.15995366232976105,0.0,0.0,-0.07989159921334571,0.9968035575654484,-0.00047398448641173185,-2.779998439257949e-05,0.0,0.0,0.0,7.595704254613775e-05
2026-08-24T01:19:21.803472,19.47,1.0042018042819858,0.04013537788843733,0.0,-0.15995623475488951,0.0,0.0,-0.07989288131453945,0.9968034548070451,-0.0004680267068504465,-2.7165398294999458e-05,0.0,0.0,0.0,0.00034520559855787396
2026-08-24T01:19:21.829781,19.49,1.0042018343138879,0.04013537935773262,0.0,-0.15995313190736704,0.0,0.0,-0.07989133484987823,0.99680357875356,-0.0004621438139960373,-2.6540821641204587e-05,0.0,0.0,0.0,-0.00016793976384053589
2026-08-24T01:19:21.852784,19.51,1.0042018639650943,0.040135380788672764,0.0,-0.15995038898185546,0.0,0.0,-0.07988996777081998,0.9968036883206127,-0.0004563348665550605,-2.5926122527826263e-05,0.0,0.0,0.0,-0.00019063784938796465
2026-08-24T01:19:21.880995,19.53,1.004201893240356,0.040135382181534965,0.0,-0.15995566412211515,0.0,0.0,-0.07989259691017574,0.9968034776017528,-0.00045059893506570946,-2.5321197501521038e-05,0.0,0.0,0.0,-3.208670036227362e-05
2026-08-24T01:19:21.908286,19.55,1.0042019221444354,0.04013538353702603,0.0,-0.15995528557162197,0.0,0.0,-0.07989240823995028,0.9968034927234259,-0.00044493510174913156,-2.4725900454630616e-05,0.0,0.0,0.0,-0.00027070578902093137
2026-08-24T01:19:21.943883,19.58,1.0042041578068202,0.040135273322530404,0.0,-0.15995264970050996,0.0,0.0,-0.07989109451711547,0.9968035980156057,-8.676447185995904e-10,-2.357021890543426e-05,0.0,0.0,0.0,-5.8133889613663884e-05
2026-08-24T01:19:21.965514,19.59,1.004201978857568,0.04013538613724063,0.0,-0.15995630473214506,0.0,0.0,-0.07989291619132444,0.9968034520117023,-0.0004338201160542182,-2.3563760871937837e-05,0.0,0.0,0.0,-9.06874840197732e-05
2026-08-24T01:19:21.994455,19.61,1.004202006675788,0.04013538738295252,0.0,-0.15994862094713014,0.0,0.0,-0.07988908657902113,0.9968037589443419,-0.0004283671852203771,-2.299667391117907e-05,0.0,0.0,0.0,8.055809396191095e-05
2026-08-24T01:19:22.021554,19.63,1.0042020341410534,0.04013538859260922,0.0,-0.15995032845893808,0.0,0.0,-0.07988993760608633,0.9968036907381993,-0.00042298279536370304,-2.2438793112393432e-05,0.0,0.0,0.0,0.00012334262024669032
2026-08-24T01:19:22.048289,19.64,1.0042041578076015,0.040135273322495196,0.0,-0.15995264969932244,0.0,0.0,-0.07989109451652363,0.9968035980156532,-5.568911761852267e-10,-2.1902518654603326e-05,0.0,0.0,0.0,2.5603466986271557e-05
2026-08-24T01:19:22.076677,19.67,1.004202088030613,0.040135390906794695,0.0,-0.159957035896916,0.0,0.0,-0.07989328060510294,0.9968034228041928,-0.0004124162032894755,-2.1350063347102497e-05,0.0,0.0,0.0,-8.030064400046456e-06
2026-08-24T01:19:22.101393,19.69,1.0042021144636408,0.040135392012385744,0.0,-0.15995469918327743,0.0,0.0,-0.07989211598297188,0.9968035161473716,-0.00040723231036225125,-2.0818969570467014e-05,0.0,0.0,0.0,-3.6359324466666936e-05
2026-08-24T01:19:22.132943,19.71,1.0042021405611747,0.04013539308398346,0.0,-0.15995403903703,0.0,0.0,-0.07989178696491722,0.9968035425175577,-0.00040211357672232805,-2.029659867604376e-05,0.0,0.0,0.0,0.0001580619853732213
2026-08-24T01:19:22.157972,19.73,1.0042021663274312,0.04013539412201227,0.0,-0.15995514053663573,0.0,0.0,-0.07989233595425964,0.9968034985170205,-0.00039705918334570527,-1.9782841221521276e-05,0.0,0.0,0.0,3.716840826211175e-05
2026-08-24T01:19:22.186163,19.75,1.0042021917666049,0.040135395127083744,0.0,-0.15995033512685855,0.0,0.0,-0.07988994092939017,0.9968036904718494,-0.00039206832150316727,-1.9277569609144315e-05,0.0,0.0,0.0,-0.0001672088408493602
2026-08-24T01:19:22.216110,19.77,1.0042022168827822,0.040135396099457044,0.0,-0.1599537361480725,0.0,0.0,-0.0798916360045234,0.9968035546167162,-0.0003871401926308587,-1.8780692831868296e-05,0.0,0.0,0.0,0.00018158577203262625
2026-08-24T01:19:22.245556,19.79,1.004202241680042,0.040135397039660105,0.0,-0.159953803240088,0.0,0.0,-0.07989166944330313,0.9968035519366703,-0.0003822740082025375,-1.8292093415638425e-05,0.0,0.0,0.0,-2.17242152677623e-05
2026-08-24T01:19:22.280090,19.81,1.0042022661624086,0.04013539794819618,0.0,-0.15995402528077565,0.0,0.0,-0.07989178010877568,0.9968035430670634,-0.00037746898960339386,-1.781165719850232e-05,0.0,0.0,0.0,8.232525795283467e-05
2026-08-24T01:19:22.300052,19.83,1.004202290333829,0.04013539882539499,0.0,-0.15995309918062084,0.0,0.0,-0.07989131853880935,0.9968035800608516,-0.0003727243680054615,-1.733928842210541e-05,0.0,0.0,0.0,-0.0003831667178847077
2026-08-24T01:19:22.328684,19.85,1.004202314198241,0.040135399671830545,0.0,-0.15995075997655084,0.0,0.0,-0.07989015267525897,0.9968036735012185,-0.0003680393842446184,-1.687486731806077e-05,0.0,0.0,0.0,0.0002911389413444574
2026-08-24T01:19:22.364106,19.87,1.0042023377594427,0.040135400487511345,0.0,-0.1599534915128689,0.0,0.0,-0.07989151407790251,0.9968035643888621,-0.0003634132886990834,-1.6418332287522297e-05,0.0,0.0,0.0,-0.0002026000488223514
2026-08-24T01:19:22.388370,19.89,1.0042023610213375,0.04013540127339927,0.0,-0.1599515229894233,0.0,0.0,-0.07989053296227025,0.9968036430225385,-0.00035884534116953565,-1.5969525736842298e-05,0.0,0.0,0.0,0.0002120348627248321
2026-08-24T01:19:22.416343,19.91,1.0042023839876242,0.04013540202947201,0.0,-0.15995443428581302,0.0,0.0,-0.07989198395760921,0.9968035267289723,-0.0003543348107605988,-1.5528390710322556e-05,0.0,0.0,0.0,-0.00016904495849637787
2026-08-24T01:19:22.448456,19.93,1.0042024066620896,0.040135402756548234,0.0,-0.15995373308261884,0.0,0.0,-0.07989163447669584,0.9968035547391683,-0.0003498809757639685,-1.5094785650202386e-05,0.0,0.0,0.0,0.00034892778081783646
2026-08-24T01:19:22.478525,19.95,1.0042024290483467,0.04013540345464834,0.0,-0.15995002093855912,0.0,0.0,-0.07988978433736102,0.9968037030220794,-0.0003454831235428696,-1.4668650745640666e-05,0.0,0.0,0.0,-0.0003335462901620006
2026-08-24T01:19:22.503612,19.96,1.0042041578078613,0.04013527332250451,0.0,-0.15995264970050593,0.0,0.0,-0.07989109451711347,0.9968035980156059,-4.5485656896053997e-10,-1.4288067682891256e-05,0.0,0.0,0.0,-0.000159190280804446
2026-08-24T01:19:22.534520,19.99,1.0042024729708527,0.04013540476644164,0.0,-0.15995213171322756,0.0,0.0,-0.07989083635131938,0.9968036187068577,-0.0003368525615553452,-1.3838308182065232e-05,0.0,0.0,0.0,-0.00020795050485430657
2026-08-24T01:19:22.560694,20.01,1.0042024945141903,0.04013540538072282,0.0,-0.15995440045074982,0.0,0.0,-0.07989196709415404,0.9968035280805474,-0.0003326184708541138,-1.3433928967336624e-05,0.0,0.0,0.0,-0.0001265515563031431
2026-08-24T01:19:22.592933,20.03,1.0042025157836063,0.04013540596787254,0.0,-0.15995450067720807,0.0,0.0,-0.07989201704719753,0.9968035240769016,-0.00032843760083787023,-1.303660891767048e-05,0.0,0.0,0.0,8.808521791080109e-05
2026-08-24T01:19:22.620356,20.05,1.0042025367825362,0.04013540652818731,0.0,-0.1599526332871699,0.0,0.0,-0.07989108633667727,0.9968035986712456,-0.00032430928254566785,-1.2646263743700108e-05,0.0,0.0,0.0,-6.343296368606991e-05
2026-08-24T01:19:22.650257,20.07,1.0042025575143974,0.040135407062112605,0.0,-0.15995406268978216,0.0,0.0,-0.0798917987534908,0.9968035415727272,-0.00032023285542511404,-1.226279472295139e-05,0.0,0.0,0.0,-0.00023888000985771774
2026-08-24T01:19:22.674965,20.09,1.0042025779825727,0.040135407570139926,0.0,-0.15994989053460087,0.0,0.0,-0.0798897193437866,0.9968037082310494,-0.00031620766722667516,-1.1886099130058726e-05,0.0,0.0,0.0,0.00010147329128171994
2026-08-24T01:19:22.704307,20.11,1.0042025981903384,0.04013540805235921,0.0,-0.15995494493706452,0.0,0.0,-0.07989223846709081,0.9968035063304691,-0.00031223307389929784,-1.1516115662340297e-05,0.0,0.0,0.0,0.0003214182428105357
2026-08-24T01:19:22.736274,20.13,1.0042026181410253,0.0401354085094493,0.0,-0.1599549890556191,0.0,0.0,-0.07989226045585575,0.9968035045681037,-0.00030830843948739166,-1.115272390551372e-05,0.0,0.0,0.0,7.007965245441376e-05
2026-08-24T01:19:22.766810,20.14,1.0042041578079857,0.040135273322507624,0.0,-0.15995264970076484,0.0,0.0,-0.07989109451724252,0.9968035980155956,-4.05913080590658e-10,-1.0844122664539189e-05,0.0,0.0,0.0,-0.0001384298668626734
2026-08-24T01:19:22.797937,20.17,1.0042026572840606,0.040135409349591325,0.0,-0.15995459127446754,0.0,0.0,-0.0798920622010312,0.9968035204579018,-0.0003006065434555379,-1.0445375724969196e-05,0.0,0.0,0.0,-0.0003554829339239789
2026-08-24T01:19:22.829008,20.18,1.0042041578080116,0.04013527332250813,0.0,-0.15995264970183598,0.0,0.0,-0.07989109451777637,0.9968035980155527,-3.9577290942934237e-10,-1.0151396621218808e-05,0.0,0.0,0.0,-3.110892510255057e-05
2026-08-24T01:19:22.854114,20.21,1.0042026954371341,0.040135410093592186,0.0,-0.1599516836689876,0.0,0.0,-0.07989061304525752,0.9968036366041473,-0.0002930970495602697,-9.76334812571022e-06,0.0,0.0,0.0,-0.00020918106863403456
2026-08-24T01:19:22.888187,20.24,1.0042041578061485,0.04013527332269096,0.0,-0.15995264970268153,0.0,0.0,-0.0798910945181978,0.996803598015519,-1.1431053875817984e-09,-9.158722611422675e-06,0.0,0.0,0.0,-6.108362508936932e-05
2026-08-24T01:19:22.913253,20.25,1.0042027326250393,0.040135410744250075,0.0,-0.15995701823042816,0.0,0.0,-0.07989327180009516,0.9968034235099096,-0.00028577515137703254,-9.105967769281884e-06,0.0,0.0,0.0,0.00020163541899052763
2026-08-24T01:19:22.943065,20.27,1.0042027508646472,0.040135411035520666,0.0,-0.15995443468727147,0.0,0.0,-0.0798919841576968,0.9968035267129357,-0.0002821830815839189,-8.786305370354734e-06,0.0,0.0,0.0,-2.9535445372608335e-06
2026-08-24T01:19:22.974106,20.29,1.0042027688719934,0.04013541130454989,0.0,-0.15995216354241878,0.0,0.0,-0.0798908522150459,0.9968036174354273,-0.0002786361625512402,-8.472552107209e-06,0.0,0.0,0.0,7.218823351496952e-05
2026-08-24T01:19:22.999478,20.31,1.004202786650001,0.04013541155163733,0.0,-0.15995041660549392,0.0,0.0,-0.07988998153849233,0.9968036872171869,-0.00027513382675350533,-8.164631604057651e-06,0.0,0.0,0.0,0.0002656736830638587
2026-08-24T01:19:23.026665,20.33,1.0042028042015627,0.04013541177712635,0.0,-0.15995108292902185,0.0,0.0,-0.07989031363536266,0.9968036606008444,-0.0002716755137987739,-7.862463621382903e-06,0.0,0.0,0.0,-0.0001447009963860329
2026-08-24T01:19:23.056078,20.35,1.0042028215295715,0.040135411981573124,0.0,-0.15995073571223006,0.0,0.0,-0.07989014058187692,0.9968036744704586,-0.00026826067033899507,-7.565946893407849e-06,0.0,0.0,0.0,0.00011295409557898416
2026-08-24T01:19:23.084044,20.36,1.0042041578081198,0.040135273322509685,0.0,-0.15995264969946454,0.0,0.0,-0.07989109451659444,0.9968035980156476,-3.5318694254244633e-10,-7.3321909552591525e-06,0.0,0.0,0.0,-0.00022649805155785672
2026-08-24T01:19:23.113461,20.39,1.0042028555261286,0.04013541232835393,0.0,-0.1599544874192098,0.0,0.0,-0.07989201043938783,0.9968035246065058,-0.0002615592132013604,-6.989587821207009e-06,0.0,0.0,0.0,0.00011857349165642723
2026-08-24T01:19:23.138117,20.41,1.0042028722002272,0.04013541247143076,0.0,-0.15995079194765038,0.0,0.0,-0.0798901686097137,0.9968036722241304,-0.00025827152725551574,-6.709583242864137e-06,0.0,0.0,0.0,-0.00026811786584457394
2026-08-24T01:19:23.171120,20.44,1.004204157806493,0.040135273322694676,0.0,-0.15995264970092915,0.0,0.0,-0.07989109451732442,0.996803598015589,-1.007282655180429e-09,-6.2251385488901134e-06,0.0,0.0,0.0,0.00013595812187968678
2026-08-24T01:19:23.226528,20.47,1.0042029209583045,0.040135412783314735,0.0,-0.15995201982249974,0.0,0.0,-0.07989078058477807,0.9968036231763782,-0.0002486543469327866,-5.901363038353095e-06,0.0,0.0,0.0,0.0003043429255141614
2026-08-24T01:19:23.251448,20.49,1.0042029367984175,0.040135412849196014,0.0,-0.1599526638618265,0.0,0.0,-0.07989110157514112,0.9968035974499242,-0.000245528869562749,-5.6423105816031115e-06,0.0,0.0,0.0,0.00044399710931502184
2026-08-24T01:19:23.284708,20.51,1.004202952436582,0.0401354128966158,0.0,-0.1599574320734871,0.0,0.0,-0.07989347806018242,0.9968034069782502,-0.00024244267808861802,-5.388308614888642e-06,0.0,0.0,0.0,-0.0003945751166375127
2026-08-24T01:19:23.314202,20.53,1.0042029678753996,0.04013541292619251,0.0,-0.1599544988730894,0.0,0.0,-0.07989201614802162,0.996803524148969,-0.00023939527870371518,-5.139254384858106e-06,0.0,0.0,0.0,8.087294163593097e-05
2026-08-24T01:19:23.345091,20.55,1.004202983117319,0.040135412937802206,0.0,-0.15994845072549646,0.0,0.0,-0.07988900174023869,0.9968037657437637,-0.00023638618380828315,-4.895120976106821e-06,0.0,0.0,0.0,0.00014587128027562243
2026-08-24T01:19:23.378976,20.57,1.0042029981648348,0.040135412931790154,0.0,-0.15995354510524476,0.0,0.0,-0.07989154078843813,0.9968035622480736,-0.0002334149119314917,-4.655834358228798e-06,0.0,0.0,0.0,-0.0001340998855735516
2026-08-24T01:19:23.402828,20.59,1.0042030130204544,0.040135412908773795,0.0,-0.15995118511099937,0.0,0.0,-0.07989036456304718,0.996803656519168,-0.00023048098765439542,-4.421293366800634e-06,0.0,0.0,0.0,0.00017584831159868074
2026-08-24T01:19:23.430525,20.61,1.0042030276865608,0.0401354128687907,0.0,-0.15995077122443038,0.0,0.0,-0.07989015828122278,0.9968036730519211,-0.00022758394153384823,-4.191456168272427e-06,0.0,0.0,0.0,-2.0710871050815146e-05
2026-08-24T01:19:23.461179,20.63,1.0042030421655759,0.04013541281229312,0.0,-0.15995128362547284,0.0,0.0,-0.07989041366284076,0.9968036525839882,-0.00022472331002740853,-3.966239329749475e-06,0.0,0.0,0.0,0.00038438693374794216
2026-08-24T01:19:23.485143,20.65,1.0042030564598499,0.040135412739486204,0.0,-0.15995439185127983,0.0,0.0,-0.079891962808163,0.9968035284240616,-0.00022189863541915804,-3.7455849608572476e-06,0.0,0.0,0.0,-0.00036811173171000385
2026-08-24T01:19:23.514878,20.67,1.0042030705717657,0.04013541265094879,0.0,-0.1599525488459137,0.0,0.0,-0.07989104425100317,0.9968036020442965,-0.00021910946574647512,-3.529397717180722e-06,0.0,0.0,0.0,-6.831009212907198e-05
2026-08-24T01:19:23.543749,20.69,1.004203084503583,0.0401354125466771,0.0,-0.15994954813921503,0.0,0.0,-0.07988954869329029,0.9968037219079704,-0.0002163553547277035,-3.317641844110571e-06,0.0,0.0,0.0,-3.9731278783634784e-05
2026-08-24T01:19:23.569255,20.7,1.0042041578082928,0.04013527332250978,0.0,-0.1599526496995587,0.0,0.0,-0.07989109451664136,0.9968035980156438,-2.848493822649017e-10,-3.175230008365652e-06,0.0,0.0,0.0,0.00012118530626190136
2026-08-24T01:19:23.599534,20.73,1.0042031118360442,0.04013541229231505,0.0,-0.15995776810293716,0.0,0.0,-0.07989364553783163,0.9968033935549554,-0.000210950551502616,-2.90714144154744e-06,0.0,0.0,0.0,-6.324944477839275e-05
2026-08-24T01:19:23.624017,20.74,1.0042041578083107,0.04013527332250959,0.0,-0.15995264970190703,0.0,0.0,-0.07989109451781179,0.99680359801555,-2.77733520229852e-10,-2.773763152353063e-06,0.0,0.0,0.0,4.07083233261301e-05
2026-08-24T01:19:23.654693,20.77,1.0042031384751746,0.040135411979007905,0.0,-0.1599524316259804,0.0,0.0,-0.07989098582837716,0.9968036067267062,-0.00020568076641904137,-2.5135389659953526e-06,0.0,0.0,0.0,0.00036227323522018516
2026-08-24T01:19:23.686320,20.79,1.0042031515401921,0.04013541180084607,0.0,-0.1599529616251103,0.0,0.0,-0.07989124998089647,0.9968035855555948,-0.00020309544833059181,-2.322928330767733e-06,0.0,0.0,0.0,0.00018998674747755176
2026-08-24T01:19:23.714470,20.81,1.0042031644383893,0.04013541160881902,0.0,-0.15995334639609296,0.0,0.0,-0.07989144175144255,0.9968035701856589,-0.00020054262656999452,-2.1363518962912654e-06,0.0,0.0,0.0,-0.0002361592173255587
2026-08-24T01:19:23.746694,20.83,1.0042031771718873,0.040135411403244614,0.0,-0.15995354303800946,0.0,0.0,-0.0798915397581244,0.996803562330651,-0.00019802189267249313,-1.953744327408703e-06,0.0,0.0,0.0,-0.00012772012630226493
2026-08-24T01:19:23.777362,20.85,1.0042031897427566,0.040135411184299113,0.0,-0.15995490934625733,0.0,0.0,-0.0798922207285701,0.9968035077521835,-0.00019553284330755502,-1.7750550797307183e-06,0.0,0.0,0.0,0.0001030519121537433
2026-08-24T01:19:23.806709,20.87,1.004203202153058,0.04013541095225408,0.0,-0.15995194333631127,0.0,0.0,-0.07989074246392311,0.9968036262316481,-0.00019307508021433853,-1.6002243486250914e-06,0.0,0.0,0.0,0.0003727769602430778
2026-08-24T01:19:23.833095,20.89,1.0042032144048145,0.04013541070729948,0.0,-0.1599530588616673,0.0,0.0,-0.07989129844377073,0.9968035816714186,-0.0001906482101379675,-1.4292010119666416e-06,0.0,0.0,0.0,0.0005297431528181286
2026-08-24T01:19:23.864605,20.91,1.0042032265000493,0.04013541044979142,0.0,-0.15995319128038596,0.0,0.0,-0.07989136444149707,0.9968035763818647,-0.00018825184476661054,-1.261917492329178e-06,0.0,0.0,0.0,5.903156344812724e-05
2026-08-24T01:19:23.891322,20.93,1.0042032384407613,0.040135410180079344,0.0,-0.15995290730408487,0.0,0.0,-0.07989122290719998,0.9968035877254817,-0.00018588560066934743,-1.098307279537614e-06,0.0,0.0,0.0,0.0002947607234008163
2026-08-24T01:19:23.917686,20.95,1.0042032502288898,0.04013540989829879,0.0,-0.1599516277180233,0.0,0.0,-0.07989058515919514,0.9968036388391254,-0.00018354909923481706,-9.383259667208021e-07,0.0,0.0,0.0,0.00028992172588286635
2026-08-24T01:19:23.948353,20.97,1.0042032618663734,0.04013540960473063,0.0,-0.15995495122008663,0.0,0.0,-0.07989224159856005,0.9968035060794868,-0.00018124196661064006,-7.819147812061035e-07,0.0,0.0,0.0,-0.00024980024511628415
2026-08-24T01:19:23.981834,20.99,1.0042032733551483,0.04013540929978621,0.0,-0.1599525362746013,0.0,0.0,-0.07989103798543841,0.9968036025464642,-0.00017896383364359987,-6.290020884571885e-07,0.0,0.0,0.0,0.0001533385353049726
2026-08-24T01:19:24.009694,21.01,1.004203284697062,0.040135408983474515,0.0,-0.15995199217691347,0.0,0.0,-0.07989076680616779,0.9968036242806918,-0.00017671433582057427,-4.795574698276727e-07,0.0,0.0,0.0,-0.0001742076359651802
2026-08-24T01:19:24.037083,21.03,1.004203295894001,0.04013540865618843,0.0,-0.15995182852348624,0.0,0.0,-0.07989068524100282,0.9968036308178874,-0.00017449311321021452,-3.3351191055292677e-07,0.0,0.0,0.0,0.00030066281705475647
2026-08-24T01:19:24.065828,21.05,1.0042033069477854,0.04013540831805519,0.0,-0.15995197988755325,0.0,0.0,-0.0798907606811284,0.996803624771595,-0.000172299810405352,-1.908237275316122e-07,0.0,0.0,0.0,0.00011828831111599869
2026-08-24T01:19:24.097962,21.07,1.004203317860249,0.040135407969422866,0.0,-0.15995219512972847,0.0,0.0,-0.07989086795821815,0.9968036161736586,-0.00017013407646613283,-5.142918552480916e-08,0.0,0.0,0.0,-0.00029644030195240896
2026-08-24T01:19:24.123023,21.09,1.0042033286331908,0.04013540761056449,0.0,-0.1599514712090069,0.0,0.0,-0.07989050715481637,0.9968036450909207,-0.00016799556486386455,8.47274753923406e-08,0.0,0.0,0.0,0.00023291972757399606
2026-08-24T01:19:24.154104,21.11,1.0042033392683571,0.040135407241561914,0.0,-0.15995275692373176,0.0,0.0,-0.07989114795736202,0.996803593732514,-0.00016588393342557037,2.1768226358461566e-07,0.0,0.0,0.0,8.727985432862678e-05
2026-08-24T01:19:24.186286,21.13,1.004203349767518,0.04013540686277831,0.0,-0.15995142232476667,0.0,0.0,-0.07989048279082192,0.9968036470436138,-0.00016379884427923942,3.4749938459912996e-07,0.0,0.0,0.0,0.00013997997141566425
2026-08-24T01:19:24.211227,21.15,1.0042033601323894,0.04013540647437672,0.0,-0.1599499215267213,0.0,0.0,-0.07988973479031687,0.9968037069930733,-0.00016173996379976565,4.7422239193603627e-07,0.0,0.0,0.0,-4.81147416287521e-05
2026-08-24T01:19:24.245369,21.17,1.0042033703646809,0.04013540607661719,0.0,-0.15995322713049065,0.0,0.0,-0.07989138230925333,0.9968035749498076,-0.00015970696255556593,5.979043455585239e-07,0.0,0.0,0.0,-6.0550251937559e-05
2026-08-24T01:19:24.273676,21.19,1.004203380466084,0.04013540566976667,0.0,-0.15995696927230665,0.0,0.0,-0.07989324739928355,0.9968034254656215,-0.0001576995152558692,7.185986641635356e-07,0.0,0.0,0.0,-2.716849002647653e-05
2026-08-24T01:19:24.301376,21.21,1.0042033904382603,0.04013540525404468,0.0,-0.15995230865679266,0.0,0.0,-0.07989092454031209,0.9968036116387692,-0.00015571730069866853,8.36353626785905e-07,0.0,0.0,0.0,0.00011616262683056928
2026-08-24T01:19:24.333698,21.23,1.0042034002828313,0.04013540482953942,0.0,-0.15994953452907,0.0,0.0,-0.07988954190996869,0.9968037224516245,-0.0001537600017193276,9.51203858935414e-07,0.0,0.0,0.0,0.0003315996997998553
2026-08-24T01:19:24.357566,21.24,1.0042041578085006,0.040135273322504404,0.0,-0.1599526496985231,0.0,0.0,-0.07989109451612522,0.9968035980156851,-2.0243752026841868e-10,9.96096089343332e-07,0.0,0.0,0.0,0.0002694024556072756
2026-08-24T01:19:24.384719,21.27,1.0042034195956444,0.0401354039552044,0.0,-0.15995666256535346,0.0,0.0,-0.07989309453601184,0.996803437717517,-0.00014991890171867683,1.172395254876436e-06,0.0,0.0,0.0,-0.00019984424322449612
2026-08-24T01:19:24.413798,21.28,1.0042041578085132,0.040135273322503814,0.0,-0.15995264970197898,0.0,0.0,-0.07989109451784765,0.9968035980155471,-1.9738040040756188e-10,1.2119437430362458e-06,0.0,0.0,0.0,9.834001283346623e-05
2026-08-24T01:19:24.448306,21.31,1.0042034384173077,0.04013540304882334,0.0,-0.15995119730115315,0.0,0.0,-0.0798903706386421,0.9968036560322301,-0.0001461737567716793,1.382581075466897e-06,0.0,0.0,0.0,-6.770855409782983e-05
2026-08-24T01:19:24.480719,21.33,1.0042034476478299,0.040135402584024336,0.0,-0.15995184014628985,0.0,0.0,-0.07989069103382923,0.9968036303536104,-0.0001443364160031705,1.4836491987258372e-06,0.0,0.0,0.0,-0.00024794541758618087
2026-08-24T01:19:24.509303,21.35,1.0042034567601903,0.04013540211181364,0.0,-0.15995159838026796,0.0,0.0,-0.0798905705372045,0.9968036400110304,-0.00014252216981178778,1.5820991736074335e-06,0.0,0.0,0.0,0.00016285348996556548
2026-08-24T01:19:24.538221,21.37,1.004203465755877,0.04013540163230571,0.0,-0.1599509688362728,0.0,0.0,-0.07989025677132758,0.9968036651582955,-0.00014073072790870688,1.6779661070907973e-06,0.0,0.0,0.0,0.00015454425797877748
2026-08-24T01:19:24.562682,21.39,1.0042034746363826,0.04013540114574646,0.0,-0.15995521212122998,0.0,0.0,-0.07989237163214659,0.9968034956574896,-0.00013896180365390723,1.7712981561496326e-06,0.0,0.0,0.0,-0.00012478493299116316
2026-08-24T01:19:24.594163,21.41,1.0042034834031857,0.04013540065242243,0.0,-0.15995466137843864,0.0,0.0,-0.07989209714097374,0.9968035176575257,-0.00013721511401030848,1.8621473048702486e-06,0.0,0.0,0.0,0.0001781462287594772
2026-08-24T01:19:24.626119,21.43,1.0042034920577116,0.040135400152395306,0.0,-0.15995222001956266,0.0,0.0,-0.07989088036335651,0.9968036151794233,-0.0001354903794984861,1.9505424301581777e-06,0.0,0.0,0.0,0.00017652462056339793
2026-08-24T01:19:24.651602,21.45,1.0042035006013923,0.04013539964586972,0.0,-0.15994997430650404,0.0,0.0,-0.0798897610958584,0.9968037048847915,-0.0001337873241519492,2.0365266328000895e-06,0.0,0.0,0.0,6.118320426968973e-06
2026-08-24T01:19:24.678718,21.46,1.0042041578085665,0.040135273322500914,0.0,-0.1599526496995498,0.0,0.0,-0.07989109451663694,0.9968035980156441,-1.7614186940940626e-10,2.0545665698088304e-06,0.0,0.0,0.0,-5.8573602989119895e-05
2026-08-24T01:19:24.711688,21.49,1.004203517361858,0.04013539861419304,0.0,-0.15995577446459652,0.0,0.0,-0.07989265190506019,0.9968034731939777,-0.00013044516438906237,2.2014384818326736e-06,0.0,0.0,0.0,-0.0002479771867192714
2026-08-24T01:19:24.732672,21.51,1.0042035255814188,0.04013539808945846,0.0,-0.1599508459512418,0.0,0.0,-0.07989019552520277,0.996803670066952,-0.00012880552520977003,2.280451669128044e-06,0.0,0.0,0.0,0.00022039472809675542
2026-08-24T01:19:24.763325,21.53,1.0042035336956563,0.04013539755887615,0.0,-0.15995135855590098,0.0,0.0,-0.07989045100830292,0.996803649590876,-0.0001271864955843163,2.357206531074115e-06,0.0,0.0,0.0,-3.0518827287466825e-05
2026-08-24T01:19:24.799618,21.55,1.0042035417059338,0.040135397022766944,0.0,-0.15995227324295236,0.0,0.0,-0.07989090688999011,0.9968036130533913,-0.00012558781645953984,2.4317565873402954e-06,0.0,0.0,0.0,-5.0741344075586606e-05
2026-08-24T01:19:24.822119,21.56,1.0042041578085936,0.04013527332249915,0.0,-0.15995264970034606,0.0,0.0,-0.0798910945170338,0.9968035980156122,-1.653465521404608e-10,2.4395681461609928e-06,0.0,0.0,0.0,-0.00018593725604353588
2026-08-24T01:19:24.851392,21.59,1.0042035574198744,0.040135395934590645,0.0,-0.15995087775710062,0.0,0.0,-0.07989021137730117,0.9968036687964638,-0.00012245048973938375,2.5743880181191964e-06,0.0,0.0,0.0,0.00010578410529013179
2026-08-24T01:19:24.885786,21.61,1.0042035651261265,0.04013539538281197,0.0,-0.15995345185026855,0.0,0.0,-0.07989149430999182,0.9968035659732145,-0.00012091134015541532,2.642539281376457e-06,0.0,0.0,0.0,7.38306449895131e-05
2026-08-24T01:19:24.918421,21.63,1.0042035727336136,0.04013539482618454,0.0,-0.15995488417077786,0.0,0.0,-0.07989220818106697,0.996803508757846,-0.000119391537014624,2.7086358026492726e-06,0.0,0.0,0.0,-0.00024354224712062444
2026-08-24T01:19:24.944355,21.65,1.0042035802435958,0.040135394264889095,0.0,-0.15995436987997239,0.0,0.0,-0.07989195185762461,0.996803529301727,-0.00011789083714060365,2.7727155995334564e-06,0.0,0.0,0.0,0.0005853312489772926
2026-08-24T01:19:24.975030,21.66,1.0042041578086192,0.04013527332249731,0.0,-0.1599526496991621,0.0,0.0,-0.07989109451644372,0.9968035980156595,-1.5521285423480885e-10,2.771397597235979e-06,0.0,0.0,0.0,-0.0002569344845983364
2026-08-24T01:19:25.004171,21.69,1.0042035949759662,0.04013539312873286,0.0,-0.15995555956175522,0.0,0.0,-0.07989254479711043,0.9968034817785508,-0.00011494578973194717,2.89494700569327e-06,0.0,0.0,0.0,-0.0001359921169162589
2026-08-24T01:19:25.028710,21.71,1.0042036022008012,0.04013539255424471,0.0,-0.15995372099088503,0.0,0.0,-0.07989162845015421,0.9968035552221824,-0.00011350097097440989,2.9531745579351285e-06,0.0,0.0,0.0,0.0001525609174086339
2026-08-24T01:19:25.062781,21.73,1.004203609332992,0.040135391975626274,0.0,-0.15995648619095482,0.0,0.0,-0.07989300663070809,0.9968034447630614,-0.00011207431296244764,3.009516212709766e-06,0.0,0.0,0.0,0.0003667978755084681
2026-08-24T01:19:25.085357,21.75,1.0042036163737278,0.04013539139308419,0.0,-0.15994828863024546,0.0,0.0,-0.07988892095166013,0.9968037722185743,-0.00011066558742335848,3.06401140551418e-06,0.0,0.0,0.0,0.00012792127873563415
2026-08-24T01:19:25.113508,21.77,1.0042036233241642,0.04013539080670623,0.0,-0.1599495941863607,0.0,0.0,-0.07988957164327336,0.9968037200686273,-0.00010927456895373219,3.1166872839950997e-06,0.0,0.0,0.0,-0.00027251279934500353
2026-08-24T01:19:25.139585,21.79,1.0042036301854698,0.04013539021674849,0.0,-0.15995465716439083,0.0,0.0,-0.07989209504068491,0.9968035178258603,-0.00010790103498337748,3.167587839632336e-06,0.0,0.0,0.0,0.0002431627686614031
2026-08-24T01:19:25.170543,21.81,1.0042036369587735,0.04013538962330393,0.0,-0.15995054129001707,0.0,0.0,-0.07989004368148839,0.9968036822366628,-0.00010654476573971792,3.216740287600455e-06,0.0,0.0,0.0,-0.0001548603822772674
2026-08-24T01:19:25.197442,21.82,1.0042041578086562,0.04013527332249422,0.0,-0.1599526497001538,0.0,0.0,-0.07989109451693796,0.99680359801562,-1.4027483047290544e-10,3.2029180808634826e-06,0.0,0.0,0.0,0.00019514926457673578
2026-08-24T01:19:25.229969,21.85,1.0042036502458394,0.04013538842647546,0.0,-0.159947641859572,0.0,0.0,-0.07988859859993241,0.9968037980534278,-0.00010388315611968187,3.3099237394566466e-06,0.0,0.0,0.0,-0.0003572253952581378
2026-08-24T01:19:25.262349,21.87,1.004203656761811,0.040135387823416004,0.0,-0.15995363335785084,0.0,0.0,-0.07989158477369412,0.9968035587227544,-0.00010257738987192429,3.3540221224640982e-06,0.0,0.0,0.0,-3.639061526722868e-05
2026-08-24T01:19:25.292361,21.89,1.0042036631941889,0.0401353872174562,0.0,-0.1599546299602315,0.0,0.0,-0.07989208148208403,0.9968035189125588,-0.00010128803653995968,3.3965008185382537e-06,0.0,0.0,0.0,0.000424466730811882
2026-08-24T01:19:25.321867,21.91,1.00420366954403,0.04013538660867326,0.0,-0.1599523930829747,0.0,0.0,-0.0798909666184736,0.9968036082663254,-0.00010001488982055187,3.4373843526356223e-06,0.0,0.0,0.0,9.198304339512955e-05
2026-08-24T01:19:25.351392,21.93,1.0042036758123947,0.04013538599724183,0.0,-0.15995456210404016,0.0,0.0,-0.07989204766243883,0.9968035216231445,-9.875774600360393e-05,3.4767069231480655e-06,0.0,0.0,0.0,0.00016422573008702593
2026-08-24T01:19:25.381817,21.94,1.004204157808682,0.0401352733224918,0.0,-0.15995264970038472,0.0,0.0,-0.07989109451705305,0.9968035980156107,-1.3002258704667802e-10,3.4550287297332462e-06,0.0,0.0,0.0,0.0001943360157419038
2026-08-24T01:19:25.408891,21.97,1.0042036881088368,0.04013538476692608,0.0,-0.15995165590286844,0.0,0.0,-0.07989059920657322,0.9968036377132733,-9.629066500725925e-05,3.5507840480602394e-06,0.0,0.0,0.0,-0.00014167361601422624
2026-08-24T01:19:25.437973,21.99,1.0042036941389554,0.0401353841483075,0.0,-0.1599547853958372,0.0,0.0,-0.07989215895146316,0.9968035127035187,-9.508033308207362e-05,3.5855974961575e-06,0.0,0.0,0.0,0.00030410295534517254
2026-08-24T01:19:25.468547,22.01,1.0042037000916755,0.04013538352752857,0.0,-0.15995327777689552,0.0,0.0,-0.07989140755151201,0.9968035729267016,-9.388521450461019e-05,3.618963384678257e-06,0.0,0.0,0.0,2.5652306102876585e-05
2026-08-24T01:19:25.503383,22.03,1.0042037059679882,0.040135382904733084,0.0,-0.15995399738877628,0.0,0.0,-0.07989176620735376,0.9968035441812341,-9.270511804968098e-05,3.6509117669290674e-06,0.0,0.0,0.0,0.00024867987952273873
2026-08-24T01:19:25.528858,22.05,1.0042037117688658,0.04013538228001831,0.0,-0.15995246376971786,0.0,0.0,-0.07989100184887385,0.9968036054427086,-9.153985489571747e-05,3.6814677877838595e-06,0.0,0.0,0.0,0.0001431613651383203
2026-08-24T01:19:25.557231,22.07,1.0042037174952727,0.040135381653511014,0.0,-0.15994996570044637,0.0,0.0,-0.07988975680658332,0.9968037052285595,-9.038923859455516e-05,3.710659393183507e-06,0.0,0.0,0.0,0.00014082354820089518
2026-08-24T01:19:25.589035,22.09,1.0042037231481578,0.04013538102531185,0.0,-0.15995487058459765,0.0,0.0,-0.07989220140969093,0.9968035093005609,-8.925308504160315e-05,3.7385116834040415e-06,0.0,0.0,0.0,-0.00046780576481101114
2026-08-24T01:19:25.616658,22.1,1.004204157808713,0.04013527332248851,0.0,-0.15995264970222586,0.0,0.0,-0.0798910945179707,0.9968035980155372,-1.1750892956873138e-10,3.7081600268793125e-06,0.0,0.0,0.0,0.00019268355036808663
2026-08-24T01:19:25.649527,22.13,1.0042037342371288,0.04013537976443088,0.0,-0.15995242445787647,0.0,0.0,-0.07989098225578124,0.9968036070130397,-8.702344130344597e-05,3.7903171222469415e-06,0.0,0.0,0.0,-0.00016404274892872715
2026-08-24T01:19:25.674744,22.15,1.0042037396750516,0.04013537913193398,0.0,-0.15995522230158343,0.0,0.0,-0.07989237670605254,0.9968034952508233,-8.592959436364964e-05,3.8143178840399094e-06,0.0,0.0,0.0,6.77958601235987e-05
2026-08-24T01:19:25.701155,22.17,1.0042037450431425,0.04013537849821286,0.0,-0.15995015662078374,0.0,0.0,-0.07988985196163279,0.9968036976022653,-8.484949660579517e-05,3.837084495477664e-06,0.0,0.0,0.0,-0.00011595961220508888
2026-08-24T01:19:25.735129,22.19,1.0042037503422883,0.04013537786334644,0.0,-0.15995281399798286,0.0,0.0,-0.0798911764032713,0.99680359145265,-8.378297520862572e-05,3.858638941389902e-06,0.0,0.0,0.0,0.0002267937397925639
2026-08-24T01:19:25.760365,22.21,1.0042037555733743,0.04013537722745846,0.0,-0.15994846001754937,0.0,0.0,-0.07988900637141536,0.9968037653725973,-8.272985952317103e-05,3.879007577848224e-06,0.0,0.0,0.0,0.00020188697865802075
2026-08-24T01:19:25.793301,22.23,1.004203760737266,0.04013537659062791,0.0,-0.15995008019090526,0.0,0.0,-0.07988981386884002,0.9968037006552505,-8.168998104544609e-05,3.898212044694886e-06,0.0,0.0,0.0,-0.00015588599840512645
2026-08-24T01:19:25.822033,22.25,1.0042037658348337,0.040135375953023154,0.0,-0.15995089354130296,0.0,0.0,-0.07989021924417658,0.9968036681659621,-8.06631733894841e-05,3.916282884812861e-06,0.0,0.0,0.0,-0.00017515402575060058
2026-08-24T01:19:25.847777,22.26,1.0042041578087413,0.04013527332248515,0.0,-0.1599526497003079,0.0,0.0,-0.07989109451701476,0.9968035980156138,-1.0619961377991887e-10,3.879057631781719e-06,0.0,0.0,0.0,0.00017627548049607255
2026-08-24T01:19:25.877996,22.29,1.004203775834363,0.04013537467578993,0.0,-0.15995230773323235,0.0,0.0,-0.07989092408000795,0.9968036116756612,-7.864811542970675e-05,3.949106984255523e-06,0.0,0.0,0.0,-0.00011072071980388129
2026-08-24T01:19:25.903191,22.31,1.004203780737987,0.040135374036348793,0.0,-0.15995584929453432,0.0,0.0,-0.07989268920043109,0.9968034702047959,-7.765954270613952e-05,3.963905321481973e-06,0.0,0.0,0.0,9.234846514856145e-05
2026-08-24T01:19:25.935737,22.33,1.0042037855786112,0.040135373396491675,0.0,-0.1599524007154911,0.0,0.0,-0.07989097042253354,0.9968036079614409,-7.668339591324336e-05,3.977658527326095e-06,0.0,0.0,0.0,-0.0002191587697216277
2026-08-24T01:19:25.967157,22.35,1.0042037903570389,0.040135372756297964,0.0,-0.15995407239439396,0.0,0.0,-0.0798918035902865,0.9968035411850678,-7.571951886245594e-05,3.990387286089612e-06,0.0,0.0,0.0,0.00016475222035735682
2026-08-24T01:19:25.995324,22.37,1.004203795074064,0.04013537211584633,0.0,-0.15995498674221942,0.0,0.0,-0.07989225930285329,0.9968035046605151,-7.476775732843744e-05,4.002112047987722e-06,0.0,0.0,0.0,0.00011700114849559455
2026-08-24T01:19:26.026746,22.39,1.0042037997304762,0.0401353714752493,0.0,-0.15995194062434237,0.0,0.0,-0.0798907411122729,0.9968036263399787,-7.3827959024392e-05,4.012856543972606e-06,0.0,0.0,0.0,-3.8152212657857046e-05
2026-08-24T01:19:26.054103,22.41,1.0042038043270471,0.04013537083457503,0.0,-0.15994945771673172,0.0,0.0,-0.07988950362655627,0.9968037255198751,-7.289997357770486e-05,4.022639851953072e-06,0.0,0.0,0.0,0.00013522307311998805
2026-08-24T01:19:26.076042,22.43,1.0042038088645415,0.040135370193892274,0.0,-0.1599529198999323,0.0,0.0,-0.07989122918499295,0.9968035872223329,-7.198365250587974e-05,4.0314809465343494e-06,0.0,0.0,0.0,7.631201145850604e-05
2026-08-24T01:19:26.105693,22.45,1.0042038133437226,0.04013536955333777,0.0,-0.15994901354576418,0.0,0.0,-0.07988928225091668,0.9968037432621496,-7.107884919277757e-05,4.039405561601029e-06,0.0,0.0,0.0,3.606292953892701e-05
2026-08-24T01:19:26.139192,22.47,1.0042038177653296,0.040135368912945966,0.0,-0.1599501416799649,0.0,0.0,-0.07988984451510106,0.9968036981990752,-7.018541886516557e-05,4.046428894083432e-06,0.0,0.0,0.0,0.00032810450889484284
2026-08-24T01:19:26.174252,22.5,1.0042041578087784,0.04013527332248007,0.0,-0.15995264970077724,0.0,0.0,-0.07989109451724871,0.996803598015595,-9.12433113823645e-11,4.007921727355387e-06,0.0,0.0,0.0,-0.00010743018027992095
2026-08-24T01:19:26.198229,22.51,1.004203826438775,0.040135367633062066,0.0,-0.15995099030634252,0.0,0.0,-0.07989026747204968,0.9968036643006708,-6.84321071492776e-05,4.057859562564507e-06,0.0,0.0,0.0,-0.00021443877027846442
2026-08-24T01:19:26.233664,22.53,1.0042038306920593,0.04013536699372936,0.0,-0.15995181673737058,0.0,0.0,-0.07989067936678138,0.9968036312886878,-6.757194522200948e-05,4.062305750339584e-06,0.0,0.0,0.0,-0.00012328630246374533
2026-08-24T01:19:26.260126,22.54,1.004204157808784,0.04013527332247922,0.0,-0.15995264970042022,0.0,0.0,-0.07989109451707076,0.9968035980156094,-8.896394951658589e-11,4.016709880597266e-06,0.0,0.0,0.0,0.00032292630838025684
2026-08-24T01:19:26.294465,22.57,1.00420383903529,0.04013536571660204,0.0,-0.15995332367164347,0.0,0.0,-0.07989143042553638,0.9968035710934033,-6.588392105490011e-05,4.068747892900361e-06,0.0,0.0,0.0,0.00012710094477706924
2026-08-24T01:19:26.322611,22.59,1.0042038431266314,0.040135365078978254,0.0,-0.15995436806765184,0.0,0.0,-0.07989195095436087,0.996803529374122,-6.505578872241295e-05,4.070783014877482e-06,0.0,0.0,0.0,-3.85140122694936e-05
2026-08-24T01:19:26.353521,22.61,1.0042038471653716,0.04013536444208644,0.0,-0.15995181203943878,0.0,0.0,-0.07989067702532363,0.9968036314763482,-6.42380656544181e-05,4.07205252419744e-06,0.0,0.0,0.0,0.00028870263661217416
2026-08-24T01:19:26.386398,22.63,1.0042038511521765,0.040135363805948336,0.0,-0.15995085967287223,0.0,0.0,-0.07989020236408859,0.9968036695188401,-6.343062101097522e-05,4.072569202400087e-06,0.0,0.0,0.0,0.00020892306220644818
2026-08-24T01:19:26.409243,22.65,1.004203855087717,0.04013536317066518,0.0,-0.15995433700613185,0.0,0.0,-0.07989193547324447,0.9968035306149046,-6.263332559674066e-05,4.072353764196291e-06,0.0,0.0,0.0,-0.00010528810526359852
2026-08-24T01:19:26.442871,22.67,1.0042038589726558,0.040135362536341056,0.0,-0.15995107583758106,0.0,0.0,-0.0798903101009756,0.9968036608841131,-6.184605184030001e-05,4.071427084190333e-06,0.0,0.0,0.0,4.006175785623584e-05
2026-08-24T01:19:26.470784,22.7,1.004204157808708,0.040135273322504945,0.0,-0.1599526496989956,0.0,0.0,-0.07989109451636071,0.9968035980156662,-1.206027576472276e-10,4.021148531397729e-06,0.0,0.0,0.0,0.00031856707395483847
2026-08-24T01:19:26.498201,22.71,1.0042038665932875,0.040135361270663895,0.0,-0.1599571083214277,0.0,0.0,-0.07989331670160348,0.9968034199110762,-6.0301067012592196e-05,4.067490127024934e-06,0.0,0.0,0.0,0.00024881712429652525
2026-08-24T01:19:26.529662,22.73,1.004203870330262,0.040135360639491365,0.0,-0.15995183294585624,0.0,0.0,-0.07989068744512007,0.9968036306412342,-5.954310873571536e-05,4.064518145346e-06,0.0,0.0,0.0,1.8210740280165676e-05
2026-08-24T01:19:26.560994,22.75,1.0042038740191714,0.0401353600094801,0.0,-0.15995567357953713,0.0,0.0,-0.07989260162377128,0.9968034772239638,-5.8794677665868224e-05,4.060895402655088e-06,0.0,0.0,0.0,0.00019395336447833333
2026-08-24T01:19:26.589316,22.77,1.0042038776606368,0.04013535938071693,0.0,-0.15995197438254882,0.0,0.0,-0.0798907579374242,0.9968036249914944,-5.805565405018607e-05,4.05664038821877e-06,0.0,0.0,0.0,4.7668702872703574e-05
2026-08-24T01:19:26.619198,22.79,1.004203881255263,0.04013535875323846,0.0,-0.15995225317938422,0.0,0.0,-0.0798908968902715,0.9968036138548395,-5.732591964104879e-05,4.051766370814994e-06,0.0,0.0,0.0,7.7147703828192e-05
2026-08-24T01:19:26.647474,22.81,1.0042038848036516,0.04013535812711386,0.0,-0.15995024885306153,0.0,0.0,-0.07988989793037048,0.9968036939180528,-5.660535767715549e-05,4.046289808058355e-06,0.0,0.0,0.0,-0.00017330533985586075
2026-08-24T01:19:26.678768,22.83,1.0042038883063975,0.04013535750240199,0.0,-0.15995314118413173,0.0,0.0,-0.07989133947343435,0.9968035783829934,-5.589385286484478e-05,4.040225986886931e-06,0.0,0.0,0.0,9.219958457432894e-05
2026-08-24T01:19:26.711065,22.85,1.0042038917640848,0.040135356879156585,0.0,-0.15995465493697522,0.0,0.0,-0.07989209393053706,0.9968035179148368,-5.519129135964688e-05,4.033589558920692e-06,0.0,0.0,0.0,-0.00043293465678491074
2026-08-24T01:19:26.738076,22.87,1.004203895177297,0.04013535625746266,0.0,-0.1599475756866275,0.0,0.0,-0.07988856561921119,0.9968038006966592,-5.449756074806546e-05,4.026398234136357e-06,0.0,0.0,0.0,1.788372894189448e-06
2026-08-24T01:19:26.767544,22.89,1.0042038985465904,0.04013535563728513,0.0,-0.15995047201850454,0.0,0.0,-0.07989000915643896,0.9968036850037143,-5.381255002960099e-05,4.018657425032789e-06,0.0,0.0,0.0,8.792267151769514e-05
2026-08-24T01:19:26.797079,22.9,1.0042041578088285,0.04013527332247173,0.0,-0.159952649699461,0.0,0.0,-0.07989109451659268,0.9968035980156477,-7.084858914172312e-11,3.967623205455176e-06,0.0,0.0,0.0,-0.0003461569341235886
2026-08-24T01:19:26.827429,22.93,1.0042039051557035,0.04013535440190449,0.0,-0.15995284013808364,0.0,0.0,-0.07989118943154444,0.9968035904084681,-5.246825122859077e-05,4.001605806704873e-06,0.0,0.0,0.0,8.526000239158888e-06
2026-08-24T01:19:26.856234,22.94,1.004204157808833,0.04013527332247091,0.0,-0.15995264970033854,0.0,0.0,-0.07989109451703004,0.9968035980156126,-6.907871066859315e-11,3.950262867747245e-06,0.0,0.0,0.0,0.00029460857703125613
2026-08-24T01:19:26.882327,22.96,1.004204157808835,0.04013527332247051,0.0,-0.15995264969893785,0.0,0.0,-0.07989109451633195,0.9968035980156685,-6.821042122338367e-11,3.9408378995919e-06,0.0,0.0,0.0,1.7495529481883544e-05
2026-08-24T01:19:26.908856,22.99,1.004203914753896,0.0401353525618177,0.0,-0.1599538981661408,0.0,0.0,-0.07989171675461633,0.9968035481447687,-5.0514506506317544e-05,3.972288533037475e-06,0.0,0.0,0.0,0.00025373373954627363
2026-08-24T01:19:26.938544,23.01,1.0042039178713171,0.04013535195212419,0.0,-0.1599571855673121,0.0,0.0,-0.07989335520108426,0.9968034168253604,-4.987956105334954e-05,3.961573532109116e-06,0.0,0.0,0.0,0.00048279092594429913
2026-08-24T01:19:26.964794,23.03,1.0042039209486258,0.040135351344340944,0.0,-0.1599514648982585,0.0,0.0,-0.07989050400952788,0.9968036453430051,-4.925259658952925e-05,3.950408711934005e-06,0.0,0.0,0.0,0.00015644795089800296
2026-08-24T01:19:26.995001,23.05,1.0042039239863338,0.040135350738496056,0.0,-0.15995158264816833,0.0,0.0,-0.0798905626962974,0.9968036406394536,-4.863351279728325e-05,3.938805026799299e-06,0.0,0.0,0.0,-0.0005006061926248898
2026-08-24T01:19:27.021307,23.07,1.0042039269849568,0.040135350134670726,0.0,-0.15995313124532504,0.0,0.0,-0.07989133451991531,0.9968035787800057,-4.802221061998261e-05,3.926778719482906e-06,0.0,0.0,0.0,-0.00027767357283206627
2026-08-24T01:19:27.051536,23.09,1.0042039299449907,0.040135349532874044,0.0,-0.1599530202640942,0.0,0.0,-0.07989127920667115,0.9968035832132235,-4.741859224610244e-05,3.914338610996626e-06,0.0,0.0,0.0,-9.971725892751473e-05
2026-08-24T01:19:27.079930,23.11,1.0042039328669312,0.040135348933141,0.0,-0.15995063029559023,0.0,0.0,-0.07989008804202982,0.9968036786813322,-4.682256109356442e-05,3.901496056101562e-06,0.0,0.0,0.0,7.808913530603956e-05
2026-08-24T01:19:27.109942,23.13,1.0042039357512658,0.04013534833550149,0.0,-0.1599557418169946,0.0,0.0,-0.07989263563343867,0.9968034744981292,-4.623402179428541e-05,3.888261790077595e-06,0.0,0.0,0.0,0.00018069109260549897
2026-08-24T01:19:27.134761,23.15,1.004203938598483,0.04013534774002721,0.0,-0.15995326624793726,0.0,0.0,-0.07989140180545863,0.996803573387234,-4.56528801789145e-05,3.874650698457611e-06,0.0,0.0,0.0,-0.00031167896769172636
2026-08-24T01:19:27.165405,23.17,1.0042039414090582,0.04013534714674768,0.0,-0.1599496879218849,0.0,0.0,-0.0798896183612329,0.9968037163243808,-4.5079043261771735e-05,3.860673285368506e-06,0.0,0.0,0.0,-2.55321338972321e-05
2026-08-24T01:19:27.197573,23.2,1.0042041578085774,0.040135273322561865,0.0,-0.15995264969733294,0.0,0.0,-0.07989109451553204,0.9968035980157326,-1.7581240513452924e-10,3.7941077203501616e-06,0.0,0.0,0.0,-1.4100374257045015e-05
2026-08-24T01:19:27.221759,23.21,1.0042039469221473,0.04013534596683189,0.0,-0.15995323502711492,0.0,0.0,-0.07989138624494498,0.9968035746343715,-4.39529174087125e-05,3.831655052202696e-06,0.0,0.0,0.0,0.0002210945158877964
2026-08-24T01:19:27.250659,23.23,1.0042039496255901,0.04013534538029769,0.0,-0.15995418999046637,0.0,0.0,-0.07989186220037707,0.9968035364875849,-4.340044828680103e-05,3.81663914453319e-06,0.0,0.0,0.0,3.3987103854684914e-06
2026-08-24T01:19:27.281413,23.25,1.0042039522942392,0.04013534479609777,0.0,-0.15994996135150297,0.0,0.0,-0.07988975463906187,0.9968037054022776,-4.2854923462301846e-05,3.8013001829771033e-06,0.0,0.0,0.0,-1.0389938400735235e-06
2026-08-24T01:19:27.307578,23.27,1.004203954928537,0.04013534421423618,0.0,-0.1599531118520834,0.0,0.0,-0.07989132485428896,0.9968035795546816,-4.231625564840846e-05,3.7856456287131426e-06,0.0,0.0,0.0,-0.00016388735028473865
2026-08-24T01:19:27.337545,23.29,1.0042039575289305,0.0401353436347775,0.0,-0.15995520419531764,0.0,0.0,-0.079892367681858,0.9968034959740996,-4.178435865546682e-05,3.769688995561321e-06,0.0,0.0,0.0,0.00011482573134916925
2026-08-24T01:19:27.369762,23.31,1.004203960095852,0.04013534305773108,0.0,-0.15995139554266877,0.0,0.0,-0.0798904694425755,0.996803648113431,-4.1259147377193775e-05,3.7534381052988383e-06,0.0,0.0,0.0,-8.193485225468922e-05
2026-08-24T01:19:27.403834,23.33,1.004203962629732,0.04013534248312193,0.0,-0.1599544792544778,0.0,0.0,-0.07989200637007102,0.9968035249326542,-4.074053777705396e-05,3.7369022808620394e-06,0.0,0.0,0.0,0.0002648203245035248
2026-08-24T01:19:27.432059,23.35,1.0042039651309953,0.040135341910983675,0.0,-0.1599532891491409,0.0,0.0,-0.07989141321945942,0.9968035724724292,-4.0228446874814125e-05,3.720091638250983e-06,0.0,0.0,0.0,0.0004366912271578011
2026-08-24T01:19:27.460372,23.37,1.0042039676000603,0.04013534134133478,0.0,-0.1599544778537441,0.0,0.0,-0.07989200567194285,0.9968035249886079,-3.972279273326769e-05,3.703014666343821e-06,0.0,0.0,0.0,-6.646660880568928e-05
2026-08-24T01:19:27.491253,23.38,1.004204157808874,0.040135273322462306,0.0,-0.15995264970100198,0.0,0.0,-0.0798910945173607,0.996803598015586,-5.229828023619904e-11,3.6511346058837986e-06,0.0,0.0,0.0,-0.0003477375623504172
2026-08-24T01:19:27.521617,23.41,1.0042039724432588,0.04013534020968923,0.0,-0.159949566220992,0.0,0.0,-0.07988955770528158,0.9968037211856978,-3.873047212004952e-05,3.6681064747413343e-06,0.0,0.0,0.0,-0.00023224148691342364
2026-08-24T01:19:27.551085,23.43,1.0042039748181983,0.04013533964770387,0.0,-0.15995146008115668,0.0,0.0,-0.07989050160867554,0.9968036455354256,-3.8243646871922746e-05,3.6502892204458048e-06,0.0,0.0,0.0,-0.00040395030989450186
2026-08-24T01:19:27.584066,23.45,1.0042039771625673,0.04013533908833047,0.0,-0.15995482483906986,0.0,0.0,-0.07989217861003958,0.9968035111279161,-3.776294080616584e-05,3.632243724213224e-06,0.0,0.0,0.0,-0.00017888133554513805
2026-08-24T01:19:27.610523,23.46,1.0042041578088803,0.04013527332246083,0.0,-0.159952649701411,0.0,0.0,-0.07989109451756456,0.9968035980155697,-4.971797612879058e-11,3.5807221873832824e-06,0.0,0.0,0.0,-0.0004640374214012679
2026-08-24T01:19:27.638745,23.49,1.0042039817611585,0.040135337977481735,0.0,-0.15995176758468954,0.0,0.0,-0.07989065486899588,0.996803633252108,-3.6819579526677245e-05,3.595499069755766e-06,0.0,0.0,0.0,0.00027292210828364137
2026-08-24T01:19:27.672193,23.51,1.0042039840161476,0.04013533742602133,0.0,-0.159952219101188,0.0,0.0,-0.0798908799056369,0.9968036152161082,-3.6356773370237746e-05,3.5768136135712644e-06,0.0,0.0,0.0,0.0002948211892047222
2026-08-24T01:19:27.699367,23.53,1.0042039862421073,0.04013533687724914,0.0,-0.15995290849364222,0.0,0.0,-0.07989122350007749,0.9968035876779641,-3.589978448659685e-05,3.557932029204088e-06,0.0,0.0,0.0,0.00021764466409389128
2026-08-24T01:19:27.727782,23.55,1.0042039884394127,0.040135336331188855,0.0,-0.15995648347358138,0.0,0.0,-0.07989300527636449,0.996803444871611,-3.544853975515642e-05,3.5388626203951236e-06,0.0,0.0,0.0,-7.820921117904163e-05
2026-08-24T01:19:27.757870,23.57,1.004203990608435,0.04013533578787501,0.0,-0.15995229607487582,0.0,0.0,-0.079890918269462,0.9968036121413596,-3.500296697441151e-05,3.5196147215405778e-06,0.0,0.0,0.0,-0.00035022527909823705
2026-08-24T01:19:27.788389,23.59,1.0042039927495332,0.040135335247300695,0.0,-0.15995270810386852,0.0,0.0,-0.07989112362545443,0.9968035956826512,-3.4562994850402415e-05,3.500193389489509e-06,0.0,0.0,0.0,3.2018666897727475e-05
2026-08-24T01:19:27.818511,23.61,1.0042039948630668,0.04013533470947794,0.0,-0.15994935025902013,0.0,0.0,-0.07988945006943252,0.9968037298122453,-3.4128552985301914e-05,3.4806055255536942e-06,0.0,0.0,0.0,-0.0002129648566025113
2026-08-24T01:19:27.847815,23.63,1.0042039969493912,0.04013533417443146,0.0,-0.15994952652060593,0.0,0.0,-0.07988953791853527,0.9968037227715209,-3.3699571866151734e-05,3.4608592478704346e-06,0.0,0.0,0.0,-0.000189384815032144
2026-08-24T01:19:27.875707,23.65,1.0042039990088576,0.040135333642180006,0.0,-0.15995266323886034,0.0,0.0,-0.07989110126465368,0.996803597474809,-3.327598285374183e-05,3.440962004941414e-06,0.0,0.0,0.0,7.289665221825034e-05
2026-08-24T01:19:27.906013,23.66,1.0042041578088947,0.04013527332245725,0.0,-0.15995264970011114,0.0,0.0,-0.07989109451691671,0.9968035980156217,-4.3810531859861644e-11,3.3907845492823813e-06,0.0,0.0,0.0,0.00010016994817345073
2026-08-24T01:19:27.937698,23.69,1.0042040030485941,0.04013533258612426,0.0,-0.15995254656542188,0.0,0.0,-0.07989104311440196,0.996803602135392,-3.2444710895284544e-05,3.4007427283120714e-06,0.0,0.0,0.0,-7.902447063754144e-05
2026-08-24T01:19:27.966599,23.71,1.0042040050295435,0.04013533206235401,0.0,-0.15995311899990972,0.0,0.0,-0.0798913284167784,0.996803579269157,-3.203689494140059e-05,3.380434884529264e-06,0.0,0.0,0.0,-7.82962628423781e-05
2026-08-24T01:19:27.996208,23.73,1.0042040069849913,0.04013533154143817,0.0,-0.15995232700670894,0.0,0.0,-0.07989093368594348,0.9968036109057733,-3.163420505730269e-05,3.360003575381092e-06,0.0,0.0,0.0,-3.0191886963580107e-06
2026-08-24T01:19:28.023182,23.75,1.0042040089152657,0.04013533102338367,0.0,-0.1599495597954017,0.0,0.0,-0.07988955450275542,0.9968037214423666,-3.12365768105159e-05,3.3394547021695232e-06,0.0,0.0,0.0,-1.933065675720658e-05
2026-08-24T01:19:28.058312,23.77,1.0042040108206896,0.04013533050819993,0.0,-0.15995011046489524,0.0,0.0,-0.07988982895745263,0.9968036994459586,-3.08439465784533e-05,3.3187943561108916e-06,0.0,0.0,0.0,5.40197540413041e-05
2026-08-24T01:19:28.086755,23.79,1.0042040127015845,0.04013532999590528,0.0,-0.1599477936026674,0.0,0.0,-0.0798886742289791,0.9968037919921533,-3.0456251538235368e-05,3.29802946511941e-06,0.0,0.0,0.0,9.519168727730755e-05
2026-08-24T01:19:28.120850,23.81,1.0042040145582658,0.04013532948650382,0.0,-0.1599507266878999,0.0,0.0,-0.07989013608413419,0.996803674830936,-3.0073429656640288e-05,3.277165455556923e-06,0.0,0.0,0.0,0.00035840535078431594
2026-08-24T01:19:28.156008,23.83,1.004204016391046,0.04013532898001406,0.0,-0.1599551507944468,0.0,0.0,-0.07989234106677061,0.9968034981072602,-2.9695419680175496e-05,3.2562091496673822e-06,0.0,0.0,0.0,0.0001964880127480147
2026-08-24T01:19:28.185374,23.85,1.0042040182002352,0.040135328476460466,0.0,-0.1599503680223897,0.0,0.0,-0.07988995732458361,0.9968036891578382,-2.9322161125277588e-05,3.2351679091445596e-06,0.0,0.0,0.0,0.00022202482820815302
2026-08-24T01:19:28.216544,23.86,1.0042041578089074,0.040135273322453854,0.0,-0.15995264969905953,0.0,0.0,-0.07989109451639259,0.9968035980156636,-3.86050046878397e-11,3.186850457884638e-06,0.0,0.0,0.0,-0.00013210632803912584
2026-08-24T01:19:28.253430,23.9,1.0042041578087306,0.04013527332252422,0.0,-0.15995264970058812,0.0,0.0,-0.07989109451715443,0.9968035980156026,-1.1292167440506541e-10,3.1449528385833132e-06,0.0,0.0,0.0,9.94748732179495e-05
2026-08-24T01:19:28.284803,23.91,1.0042040234892624,0.040135326983397605,0.0,-0.15995195525466735,0.0,0.0,-0.07989074840405339,0.9968036257555649,-2.8230300500942603e-05,3.171580540884883e-06,0.0,0.0,0.0,0.00011661802267757979
2026-08-24T01:19:28.316146,23.93,1.0042040252070783,0.04013532649160356,0.0,-0.15995573412593922,0.0,0.0,-0.07989263180020333,0.9968034748053586,-2.7875457859121558e-05,3.1502486692909823e-06,0.0,0.0,0.0,0.00014129302296468952
2026-08-24T01:19:28.346138,23.96,1.0042041578087406,0.04013527332252131,0.0,-0.1599526497020145,0.0,0.0,-0.07989109451786536,0.9968035980155456,-1.0871684347717571e-10,3.081622488405155e-06,0.0,0.0,0.0,-0.00017441193749867585
2026-08-24T01:19:28.373075,23.97,1.0042040285766627,0.040135325516919215,0.0,-0.1599547578449543,0.0,0.0,-0.07989214522005472,0.9968035138040685,-2.7179097167107024e-05,3.107414810795326e-06,0.0,0.0,0.0,8.781927657249342e-05
2026-08-24T01:19:28.404153,23.99,1.0042040302289956,0.04013532503403015,0.0,-0.15995502713846713,0.0,0.0,-0.0798922794364139,0.9968035030468412,-2.683746769558276e-05,3.0859219397678485e-06,0.0,0.0,0.0,0.00012096170982413596
2026-08-24T01:19:28.434528,24.01,1.00420403186006,0.04013532455411782,0.0,-0.15995396659483152,0.0,0.0,-0.07989175085959714,0.9968035454113253,-2.6500132358447756e-05,3.0643851535436165e-06,0.0,0.0,0.0,-9.535427571053079e-05
2026-08-24T01:19:28.464478,24.03,1.0042040334701312,0.04013532407718963,0.0,-0.1599528766551059,0.0,0.0,-0.0798912076316939,0.9968035889497738,-2.6167037180293605e-05,3.042809556193932e-06,0.0,0.0,0.0,0.0002527665027612027
2026-08-24T01:19:28.494994,24.05,1.004204035059477,0.040135323603236774,0.0,-0.15995618035878678,0.0,0.0,-0.07989285420342784,0.9968034569799755,-2.5838128864161033e-05,3.021198554446475e-06,0.0,0.0,0.0,0.0001685568967937465
2026-08-24T01:19:28.522906,24.07,1.0042040366283684,0.04013532313228295,0.0,-0.15995243103086706,0.0,0.0,-0.07989098553177161,0.9968036067504783,-2.5513354783006997e-05,2.999558802398774e-06,0.0,0.0,0.0,0.00013849944633343732
2026-08-24T01:19:28.552779,24.09,1.0042040381770658,0.040135322664314146,0.0,-0.15995341169853727,0.0,0.0,-0.07989147429829734,0.9968035675771052,-2.5192662971291467e-05,2.9778930671442254e-06,0.0,0.0,0.0,1.9872345675856675e-05
2026-08-24T01:19:28.576032,24.11,1.0042040397058318,0.04013532219934574,0.0,-0.1599505607672649,0.0,0.0,-0.07989005338898456,0.9968036814586437,-2.4876002116655596e-05,2.95620704937377e-06,0.0,0.0,0.0,5.2369008516371554e-05
2026-08-24T01:19:28.608883,24.13,1.004204041214922,0.04013532173736823,0.0,-0.15995528020985852,0.0,0.0,-0.079892405567638,0.9968034929376081,-2.4563321551717214e-05,2.9345038739702064e-06,0.0,0.0,0.0,-0.00021159419184858802
2026-08-24T01:19:28.636127,24.15,1.004204042704593,0.04013532127840625,0.0,-0.15995112431777606,0.0,0.0,-0.07989033426359349,0.996803658947564,-2.4254571245957545e-05,2.9127900763499096e-06,0.0,0.0,0.0,0.0002866353610672722
2026-08-24T01:19:28.665413,24.17,1.0042040441750897,0.04013532082242571,0.0,-0.15995550629724822,0.0,0.0,-0.07989251824998737,0.9968034839062689,-2.3949701797725914e-05,2.8910661819493683e-06,0.0,0.0,0.0,-2.0339053818415568e-05
2026-08-24T01:19:28.697473,24.19,1.0042040456266652,0.04013532036946291,0.0,-0.1599534793328914,0.0,0.0,-0.07989150800738003,0.9968035648754004,-2.364866442632144e-05,2.8693398096945574e-06,0.0,0.0,0.0,2.5310898689516427e-07
2026-08-24T01:19:28.726395,24.21,1.0042040470595601,0.04013531991949776,0.0,-0.15995188392106832,0.0,0.0,-0.07989071285125826,0.9968036286050116,-2.3351410964201482e-05,2.847612807348982e-06,0.0,0.0,0.0,1.4887792749898693e-05
2026-08-24T01:19:28.759918,24.23,1.0042040484740153,0.040135319472531544,0.0,-0.15995459302379536,0.0,0.0,-0.07989206307289926,0.996803520388023,-2.305789384926624e-05,2.82588914043853e-06,0.0,0.0,0.0,0.00017237488713312636
2026-08-24T01:19:28.787889,24.25,1.00420404987027,0.04013531902856986,0.0,-0.15995417614211369,0.0,0.0,-0.0798918552983336,0.9968035370407702,-2.2768066117250353e-05,2.804173165041994e-06,0.0,0.0,0.0,-0.00018595663826441352
2026-08-24T01:19:28.824743,24.27,1.004204051248559,0.04013531858761585,0.0,-0.15995146411917596,0.0,0.0,-0.0798905036212317,0.9968036453741258,-2.2481881394209107e-05,2.7824689427971925e-06,0.0,0.0,0.0,-8.390183206879716e-05
2026-08-24T01:19:28.862313,24.29,1.0042040526091125,0.04013531814965464,0.0,-0.15995291498396777,0.0,0.0,-0.07989122673486741,0.9968035874187041,-2.2199293889100154e-05,2.760778656456231e-06,0.0,0.0,0.0,3.19135568618753e-05
2026-08-24T01:19:28.886019,24.31,1.00420405395216,0.04013531771469279,0.0,-0.1599524232738081,0.0,0.0,-0.07989098166563942,0.9968036070603379,-2.1920258386452307e-05,2.739106618544218e-06,0.0,0.0,0.0,1.7059720215615127e-05
2026-08-24T01:19:28.921161,24.33,1.0042040552779272,0.04013531728272714,0.0,-0.1599529673516709,0.0,0.0,-0.07989125283502453,0.9968035853268437,-2.1644730239134235e-05,2.717456109630952e-06,0.0,0.0,0.0,-0.0004793106494910258
2026-08-24T01:19:28.948794,24.35,1.004204056586639,0.04013531685376645,0.0,-0.1599548176993335,0.0,0.0,-0.07989217505158244,0.9968035114131206,-2.1372665361208365e-05,2.6958315731667843e-06,0.0,0.0,0.0,0.00024256983192378267
2026-08-24T01:19:28.988248,24.37,1.004204057878512,0.04013531642778743,0.0,-0.15994950499997085,0.0,0.0,-0.0798895271926107,0.9968037236311575,-2.1104020220881793e-05,2.674234158086952e-06,0.0,0.0,0.0,0.00019385618010624384
2026-08-24T01:19:29.018417,24.39,1.004204059153764,0.040135316004788445,0.0,-0.15994596584322762,0.0,0.0,-0.07988776327017554,0.9968038650003763,-2.083875183353491e-05,2.6526671647922493e-06,0.0,0.0,0.0,0.00030999099423053417
2026-08-24T01:19:29.043405,24.42,1.0042041578088068,0.04013527332250078,0.0,-0.15995264970484735,0.0,0.0,-0.07989109451927724,0.9968035980154325,-8.127304429764951e-11,2.5896817032337457e-06,0.0,0.0,0.0,-0.0002063715830728898
2026-08-24T01:19:29.082086,24.43,1.0042040616552645,0.040135315167754614,0.0,-0.1599548194764373,0.0,0.0,-0.0798921759372941,0.9968035113421323,-2.031817607399708e-05,2.6096405334645086e-06,0.0,0.0,0.0,0.00018619255984575565
2026-08-24T01:19:29.115299,24.45,1.004204062881934,0.040135314753710925,0.0,-0.15994914653638714,0.0,0.0,-0.0798893485336919,0.9968037379498846,-2.006278540697768e-05,2.588186713828107e-06,0.0,0.0,0.0,-0.00019412562043576458
2026-08-24T01:19:29.150044,24.47,1.004204064092824,0.040135314342637333,0.0,-0.15995630082126722,0.0,0.0,-0.07989291424213617,0.996803452167928,-1.981060488995258e-05,2.5667757434235918e-06,0.0,0.0,0.0,4.0398479091437666e-05
2026-08-24T01:19:29.176437,24.49,1.0042040652881399,0.04013531393454084,0.0,-0.15995090864467976,0.0,0.0,-0.07989022677172727,0.996803667562656,-1.9561594172726355e-05,2.5454115858036032e-06,0.0,0.0,0.0,0.000173550977864325
2026-08-24T01:19:29.205795,24.51,1.0042040664680805,0.04013531352939642,0.0,-0.15995176082876258,0.0,0.0,-0.07989065150182963,0.9968036335219757,-1.9315713412291672e-05,2.52409491534777e-06,0.0,0.0,0.0,5.852896261784663e-05
2026-08-24T01:19:29.238016,24.53,1.0042040676328456,0.0401353131272139,0.0,-0.15995029546808892,0.0,0.0,-0.07988992116338621,0.9968036920560176,-1.9072923266446493e-05,2.502829901754182e-06,0.0,0.0,0.0,0.00017013675287007714
2026-08-24T01:19:29.266530,24.55,1.004204068782631,0.04013531272797993,0.0,-0.15995552529428148,0.0,0.0,-0.07989252771814184,0.9968034831474085,-1.8833184887505853e-05,2.4816183210142204e-06,0.0,0.0,0.0,-9.693690752605465e-05
2026-08-24T01:19:29.294745,24.57,1.0042040699176316,0.040135312331705926,0.0,-0.1599519883532734,0.0,0.0,-0.07989076490045864,0.9968036244334285,-1.859645991608042e-05,2.4604644268034403e-06,0.0,0.0,0.0,-2.3699243615851645e-05
2026-08-24T01:19:29.323585,24.59,1.004204071038035,0.04013531193836547,0.0,-0.15995380102834608,0.0,0.0,-0.07989166834096703,0.9968035520250201,-1.8362710474946136e-05,2.439368590024972e-06,0.0,0.0,0.0,0.0001497940606889639
2026-08-24T01:19:29.360946,24.61,1.0042040721440317,0.040135311547959296,0.0,-0.15995056239880115,0.0,0.0,-0.07989005420214522,0.996803681393472,-1.8131899162976063e-05,2.4183339035873797e-06,0.0,0.0,0.0,-2.5903248117199555e-05
2026-08-24T01:19:29.390297,24.63,1.0042040732358068,0.040135311160478186,0.0,-0.1599498373665247,0.0,0.0,-0.07988969284471883,0.9968037103548404,-1.790398904916032e-05,2.397362407064588e-06,0.0,0.0,0.0,0.00010415097227544571
2026-08-24T01:19:29.421694,24.65,1.0042040743135432,0.040135310775914375,0.0,-0.1599482250293556,0.0,0.0,-0.07988888925285662,0.996803774759077,-1.7678943666695637e-05,2.376456252491466e-06,0.0,0.0,0.0,6.2560746922242505e-06
2026-08-24T01:19:29.447137,24.67,1.004204075377423,0.04013531039426282,0.0,-0.1599531860095169,0.0,0.0,-0.0798913618144865,0.9968035765924131,-1.745672700715028e-05,2.3556178332951856e-06,0.0,0.0,0.0,-0.0005766740817254944
2026-08-24T01:19:29.478608,24.68,1.004204157808945,0.040135273322441975,0.0,-0.1599526497020598,0.0,0.0,-0.07989109451788792,0.9968035980155439,-2.298319776217341e-11,2.3177442795429202e-06,0.0,0.0,0.0,0.0003696031917615086
2026-08-24T01:19:29.508819,24.71,1.004204077464329,0.0401353096396829,0.0,-0.15995224656978113,0.0,0.0,-0.07989089359603338,0.9968036141188631,-1.7020638080452465e-05,2.3141542502244333e-06,0.0,0.0,0.0,9.777351655455656e-05
2026-08-24T01:19:29.537213,24.73,1.0042040784877038,0.04013530926672928,0.0,-0.15994964163976944,0.0,0.0,-0.07988959529414053,0.9968037181731108,-1.680669603680517e-05,2.2935321475850096e-06,0.0,0.0,0.0,6.701122683971071e-06
2026-08-24T01:19:29.559689,24.75,1.0042040794979237,0.04013530889665464,0.0,-0.15995084909250812,0.0,0.0,-0.07989019709081568,0.9968036699414738,-1.6595443151920822e-05,2.2729856554687834e-06,0.0,0.0,0.0,-9.759837083340222e-05
2026-08-24T01:19:29.594922,24.77,1.004204080495159,0.04013530852945631,0.0,-0.15995309329536944,0.0,0.0,-0.07989131560558951,0.9968035802959418,-1.6386845624238603e-05,2.2525172246629327e-06,0.0,0.0,0.0,-8.642181931720102e-05
2026-08-24T01:19:29.620610,24.78,1.0042041578089484,0.040135273322440754,0.0,-0.15995264970067247,0.0,0.0,-0.07989109451719648,0.9968035980155993,-2.1574612098034147e-11,2.2160356035427505e-06,0.0,0.0,0.0,0.00035155114015825205
2026-08-24T01:19:29.651439,24.81,1.004204082451342,0.04013530780363549,0.0,-0.15995332884619276,0.0,0.0,-0.07989143300454096,0.9968035708867024,-1.5977483553256616e-05,2.2118198939894202e-06,0.0,0.0,0.0,-4.118564015979105e-05
2026-08-24T01:19:29.686619,24.83,1.0042040834106203,0.04013530744500552,0.0,-0.15995433079920443,0.0,0.0,-0.07989193237970088,0.9968035308628462,-1.5776653509895442e-05,2.191595515500121e-06,0.0,0.0,0.0,5.8115321548163606e-05
2026-08-24T01:19:29.711088,24.85,1.0042040843575708,0.040135307089212244,0.0,-0.15995302065407205,0.0,0.0,-0.0798912794010368,0.9968035831976455,-1.5578347813136296e-05,2.171455737460486e-06,0.0,0.0,0.0,-0.00020013837228642149
2026-08-24T01:19:29.745993,24.87,1.0042040852923537,0.04013530673624775,0.0,-0.1599504687273119,0.0,0.0,-0.07989000751610248,0.996803685135181,-1.538253473303624e-05,2.151402318300239e-06,0.0,0.0,0.0,0.00016810422345430462
2026-08-24T01:19:29.776175,24.89,1.0042040862151242,0.04013530638609217,0.0,-0.1599521288063426,0.0,0.0,-0.07989083490252266,0.9968036188229745,-1.5189182938485503e-05,2.13143576599083e-06,0.0,0.0,0.0,-4.969451499484338e-06
2026-08-24T01:19:29.809135,24.91,1.0042040871260391,0.040135306038748576,0.0,-0.15995440411445738,0.0,0.0,-0.07989196892015235,0.996803527934197,-1.4998261492189858e-05,2.1115588884379344e-06,0.0,0.0,0.0,0.0001375941673370779
2026-08-24T01:19:29.841912,24.93,1.004204088025252,0.04013530569420337,0.0,-0.15994723483045672,0.0,0.0,-0.07988839573584675,0.9968038143119,-1.4809739845725516e-05,2.0917727625775406e-06,0.0,0.0,0.0,2.9837730718850993e-05
2026-08-24T01:19:29.871832,24.95,1.0042040889129114,0.04013530535243717,0.0,-0.1599507155587947,0.0,0.0,-0.07989013053736771,0.996803675275489,-1.4623587834649855e-05,2.0720778563760104e-06,0.0,0.0,0.0,0.0003449275242361887
2026-08-24T01:19:29.905294,24.97,1.004204089789168,0.040135305013448,0.0,-0.15995291140239543,0.0,0.0,-0.07989122494980531,0.9968035875617721,-1.4439775673672024e-05,2.0524763686034433e-06,0.0,0.0,0.0,-0.00014320372821962995
2026-08-24T01:19:29.940019,24.99,1.0042040906541712,0.04013530467723361,0.0,-0.15995115764160597,0.0,0.0,-0.07989035087225127,0.9968036576164379,-1.4258273951889322e-05,2.0329704417759843e-06,0.0,0.0,0.0,0.00019600967380429526
2026-08-24T01:19:29.967128,25.0,1.0042041578089551,0.04013527332243823,0.0,-0.15995264969935086,0.0,0.0,-0.07989109451653778,0.996803598015652,-1.8772174752218512e-11,1.999539621724477e-06,0.0,0.0,0.0,-0.00012458909884545668
2026-08-24T01:19:29.994304,25.03,1.0042040923509892,0.04013530401305145,0.0,-0.15995168581919028,0.0,0.0,-0.07989061411692244,0.9968036365182568,-1.3902086026071986e-05,1.9942467163119004e-06,0.0,0.0,0.0,-4.602083160006288e-05
2026-08-24T01:19:30.025081,25.05,1.0042040931830902,0.04013530368506568,0.0,-0.15995586048991137,0.0,0.0,-0.07989269478022644,0.9968034697575815,-1.3727342830116452e-05,1.9750316844635205e-06,0.0,0.0,0.0,5.724916138043982e-06
2026-08-24T01:19:30.057495,25.08,1.0042041578089573,0.04013527332243736,0.0,-0.15995264969928694,0.0,0.0,-0.07989109451650592,0.9968035980156545,-1.7845989046820678e-11,1.923582338991243e-06,0.0,0.0,0.0,0.0003716666758268695
2026-08-24T01:19:30.081363,25.09,1.0042040948153745,0.04013530303724736,0.0,-0.15995386320805105,0.0,0.0,-0.07989169933144237,0.9968035495411994,-1.3384418168537897e-05,1.9369007204469828e-06,0.0,0.0,0.0,7.944441983319172e-05
2026-08-24T01:19:30.112140,25.11,1.004204095615832,0.04013530271739223,0.0,-0.1599553230180022,0.0,0.0,-0.07989242690329157,0.996803491227585,-1.3216181833185689e-05,1.9179869192844915e-06,0.0,0.0,0.0,-4.7017824883251386e-05
2026-08-24T01:19:30.142974,25.13,1.004204096406013,0.04013530240022673,0.0,-0.15995274195720555,0.0,0.0,-0.07989114049801845,0.9968035943303605,-1.3050060155652063e-05,1.8991758164880554e-06,0.0,0.0,0.0,0.0002928484474892006
2026-08-24T01:19:30.177519,25.15,1.0042040971860497,0.040135302085729005,0.0,-0.15995305801641546,0.0,0.0,-0.07989129802249569,0.9968035817051827,-1.288602655560607e-05,1.8804673322331963e-06,0.0,0.0,0.0,-0.00032569588022591546
2026-08-24T01:19:30.201168,25.17,1.0042040979560747,0.040135301773901254,0.0,-0.159953539248197,0.0,0.0,-0.07989153786927511,0.9968035624820379,-1.2724054786816841e-05,1.8618638099147384e-06,0.0,0.0,0.0,-8.588106800832114e-05
2026-08-24T01:19:30.236658,25.19,1.0042040987162149,0.040135301464721766,0.0,-0.15995206252105643,0.0,0.0,-0.07989080186581606,0.9968036214707674,-1.2564118932960357e-05,1.8433651311091265e-06,0.0,0.0,0.0,5.078448180778985e-05
2026-08-24T01:19:30.265483,25.21,1.0042040994665995,0.040135301158177365,0.0,-0.1599529620913587,0.0,0.0,-0.0798912502132755,0.9968035855369701,-1.2406193403468438e-05,1.8249720197814185e-06,0.0,0.0,0.0,0.00018757307068219758
2026-08-24T01:19:30.300939,25.23,1.0042041002073538,0.04013530085425835,0.0,-0.15995297038257036,0.0,0.0,-0.07989125434563028,0.9968035852057725,-1.2250252929434778e-05,1.8066855295786448e-06,0.0,0.0,0.0,-0.00010908651395740769
2026-08-24T01:19:30.331397,25.25,1.0042041009386027,0.04013530055295593,0.0,-0.15995354119573293,0.0,0.0,-0.07989153883993047,0.9968035624042422,-1.2096272559572152e-05,1.7885067771665136e-06,0.0,0.0,0.0,-7.706517223688135e-05
2026-08-24T01:19:30.364012,25.27,1.0042041016604688,0.0401353002542545,0.0,-0.15994952253980757,0.0,0.0,-0.07988953593449796,0.9968037229305329,-1.1944227656221036e-05,1.7704361657158324e-06,0.0,0.0,0.0,0.0003174152468090012
2026-08-24T01:19:30.391708,25.29,1.0042041023730717,0.04013529995813283,0.0,-0.15995410814516034,0.0,0.0,-0.07989182140853174,0.996803539756971,-1.1794093891407398e-05,1.7524734990323586e-06,0.0,0.0,0.0,2.4184536534782e-05
2026-08-24T01:19:30.422014,25.31,1.004204103076534,0.04013529966459433,0.0,-0.15995330607872216,0.0,0.0,-0.07989142165719297,0.9968035717961652,-1.1645847242945988e-05,1.7346210604078746e-06,0.0,0.0,0.0,-0.00011876484940022956
2026-08-24T01:19:30.458115,25.32,1.004204157808963,0.04013527332243494,0.0,-0.15995264970082168,0.0,0.0,-0.07989109451727085,0.9968035980155933,-1.5332702984285058e-11,1.7055065348199722e-06,0.0,0.0,0.0,-0.000186634017531257
2026-08-24T01:19:30.483669,25.35,1.004204104456503,0.040135299085191777,0.0,-0.15995476962754207,0.0,0.0,-0.07989215109251717,0.9968035133334003,-1.1354920712297426e-05,1.6992468661226446e-06,0.0,0.0,0.0,-6.50566563817062e-05
2026-08-24T01:19:30.517370,25.37,1.0042041051332413,0.04013529879930278,0.0,-0.15995266900099916,0.0,0.0,-0.07989110413651401,0.9968035972446371,-1.121219428035237e-05,1.6817263282172095e-06,0.0,0.0,0.0,0.0005310764014411156
2026-08-24T01:19:30.547413,25.38,1.0042041578089644,0.04013527332243437,0.0,-0.15995264969884013,0.0,0.0,-0.07989109451628325,0.9968035980156724,-1.4761763667960745e-11,1.6533950645141403e-06,0.0,0.0,0.0,-6.014496970163424e-05
2026-08-24T01:19:30.577521,25.41,1.0042041064607912,0.040135298235071094,0.0,-0.15995418049370744,0.0,0.0,-0.07989185746717563,0.9968035368669418,-1.0932100894711808e-05,1.647019632893641e-06,0.0,0.0,0.0,-5.7121050080906e-05
2026-08-24T01:19:30.613161,25.43,1.004204107111827,0.04013529795671096,0.0,-0.15995371712639048,0.0,0.0,-0.07989162652408328,0.9968035553765529,-1.0794689124616854e-05,1.6298353155999942e-06,0.0,0.0,0.0,6.779012504055259e-05
2026-08-24T01:19:30.641498,25.45,1.0042041077545156,0.040135297680832335,0.0,-0.1599536718197183,0.0,0.0,-0.0798916039431573,0.9968035571863644,-1.0659004560915696e-05,1.612763789646246e-06,0.0,0.0,0.0,-0.0001565242388880296
2026-08-24T01:19:30.675839,25.47,1.0042041083889655,0.04013529740742541,0.0,-0.15995132462355868,0.0,0.0,-0.0798904340963616,0.996803650946311,-1.0525025493372069e-05,1.5958058108290627e-06,0.0,0.0,0.0,-1.0215912116275355e-06
2026-08-24T01:19:30.700206,25.49,1.0042041090152816,0.040135297136471,0.0,-0.15995022098649692,0.0,0.0,-0.0798898840416232,0.9968036950311812,-1.0392730484639233e-05,1.578961156524998e-06,0.0,0.0,0.0,0.00010483917687638804
2026-08-24T01:19:30.733350,25.51,1.0042041096335697,0.04013529686795721,0.0,-0.15995064513293888,0.0,0.0,-0.0798900954369917,0.9968036780886537,-1.0262098366827605e-05,1.5622303258559732e-06,0.0,0.0,0.0,-0.00017797614551760317
2026-08-24T01:19:30.762574,25.53,1.0042041102439334,0.04013529660187528,0.0,-0.15995288062948013,0.0,0.0,-0.07989120961252912,0.996803588791015,-1.0133108238118366e-05,1.5456141138022744e-06,0.0,0.0,0.0,-6.482027482250342e-05
2026-08-24T01:19:30.794399,25.55,1.0042041108464759,0.04013529633820947,0.0,-0.15995241542523164,0.0,0.0,-0.07989097775389475,0.9968036073738531,-1.0005739459420426e-05,1.529112585920239e-06,0.0,0.0,0.0,4.033971992850564e-05
2026-08-24T01:19:30.821029,25.57,1.0042041114412972,0.04013529607694369,0.0,-0.15995192068646968,0.0,0.0,-0.079890731175201,0.9968036271364044,-9.879971651067188e-06,1.5127257489499328e-06,0.0,0.0,0.0,-0.00017906952086576243
2026-08-24T01:19:30.853867,25.59,1.0042041120284972,0.04013529581806689,0.0,-0.15995451822582082,0.0,0.0,-0.07989202579345706,0.9968035233759046,-9.75578468955492e-06,1.4964541055757264e-06,0.0,0.0,0.0,-5.068481482854443e-05
2026-08-24T01:19:30.887234,25.6,1.004204157808969,0.04013527332243241,0.0,-0.15995264970096956,0.0,0.0,-0.07989109451734455,0.9968035980155874,-1.2844282249798812e-11,1.4709120797217503e-06,0.0,0.0,0.0,0.00022583168837663977
2026-08-24T01:19:30.923428,25.63,1.0042041131804256,0.04013529530741986,0.0,-0.15995120068671254,0.0,0.0,-0.0798903723260111,0.9968036558969933,-9.512074074579764e-06,1.4642566442302803e-06,0.0,0.0,0.0,0.00015241393235593552
2026-08-24T01:19:30.955557,25.65,1.0042041137453466,0.04013529505561876,0.0,-0.15995506307958296,0.0,0.0,-0.07989229734952899,0.9968035016111322,-9.392511426151561e-06,1.4483308372291217e-06,0.0,0.0,0.0,-0.00011423756897327821
2026-08-24T01:19:30.987841,25.66,1.0042041578089702,0.04013527332243192,0.0,-0.15995264970129727,0.0,0.0,-0.0798910945175079,0.9968035980155743,-1.23660035177472e-11,1.4235238171111552e-06,0.0,0.0,0.0,0.0001003148003316775
2026-08-24T01:19:31.015060,25.69,1.0042041148535779,0.04013529455900551,0.0,-0.15995271181899273,0.0,0.0,-0.07989112547707901,0.9968035955342485,-9.157875791123519e-06,1.4168271000102552e-06,0.0,0.0,0.0,-0.0009891554889514416
2026-08-24T01:19:31.042950,25.71,1.0042041153970738,0.04013529431416778,0.0,-0.15995507110793164,0.0,0.0,-0.07989230135087201,0.9968035012904306,-9.042765261601574e-06,1.401249598265238e-06,0.0,0.0,0.0,2.368980974057827e-05
2026-08-24T01:19:31.073229,25.72,1.0042041578089715,0.04013527332243143,0.0,-0.15995264970091627,0.0,0.0,-0.07989109451731799,0.9968035980155895,-1.1905534309311388e-11,1.3771656344464323e-06,0.0,0.0,0.0,-0.00021298735019639742
2026-08-24T01:19:31.108096,25.75,1.0042041164632771,0.040135293831333546,0.0,-0.15995480856808708,0.0,0.0,-0.0798921705005532,0.9968035117778782,-8.816866684181889e-06,1.370440946087222e-06,0.0,0.0,0.0,0.00022299402499506582
2026-08-24T01:19:31.143215,25.76,1.004204157808972,0.04013527332243111,0.0,-0.15995264970028966,0.0,0.0,-0.07989109451700568,0.9968035980156146,-1.1608120500731872e-11,1.3468322595250099e-06,0.0,0.0,0.0,0.00019912087277147792
2026-08-24T01:19:31.171996,25.8,1.0042041578089727,0.0401352733224308,0.0,-0.15995264970113166,0.0,0.0,-0.07989109451742533,0.9968035980155809,-1.1318136427642918e-11,1.3169569168831725e-06,0.0,0.0,0.0,-4.181486944095727e-05
2026-08-24T01:19:31.198504,25.81,1.0042041180119468,0.04013529312399999,0.0,-0.1599527603360431,0.0,0.0,-0.07989114965806411,0.9968035935962073,-8.488555632300541e-06,1.3250967369710272e-06,0.0,0.0,0.0,3.765972343928171e-05
2026-08-24T01:19:31.229332,25.83,1.0042041185150141,0.04013529289267809,0.0,-0.15995189201161872,0.0,0.0,-0.07989071688360329,0.9968036282818317,-8.381858167081796e-06,1.3102137018205498e-06,0.0,0.0,0.0,-0.00019307139765949982
2026-08-24T01:19:31.257830,25.85,1.0042041190116444,0.04013529266356147,0.0,-0.15995165061617508,0.0,0.0,-0.07989059657167567,0.9968036379244519,-8.276501842756272e-06,1.2954465204526488e-06,0.0,0.0,0.0,4.3698835519929706e-05
2026-08-24T01:19:31.287282,25.87,1.0042041195019211,0.04013529243663292,0.0,-0.15995156113747425,0.0,0.0,-0.07989055197532831,0.9968036414987043,-8.172469801764624e-06,1.2807948023516746e-06,0.0,0.0,0.0,-0.00016571046849806812
2026-08-24T01:19:31.322255,25.89,1.004204119985926,0.040135292211881494,0.0,-0.15995479036984017,0.0,0.0,-0.07989216143051497,0.9968035125048269,-8.06974539843885e-06,1.2662587785641415e-06,0.0,0.0,0.0,-0.0002112967675929869
2026-08-24T01:19:31.355936,25.9,1.0042041578089744,0.040135273322430054,0.0,-0.15995264970149095,0.0,0.0,-0.0798910945176044,0.9968035980155665,-1.0624474696446202e-11,1.24427121356441e-06,0.0,0.0,0.0,0.0002242518749213136
2026-08-24T01:19:31.387469,25.93,1.0042041209354438,0.040135291768850084,0.0,-0.1599521715686718,0.0,0.0,-0.0798908562153449,0.9968036171148152,-7.868153965629359e-06,1.2375330089260227e-06,0.0,0.0,0.0,-0.00014841113388490123
2026-08-24T01:19:31.421599,25.95,1.0042041214011148,0.040135291550540124,0.0,-0.1599525785782543,0.0,0.0,-0.07989105906965525,0.9968036008566226,-7.769254680468292e-06,1.2233428181085628e-06,0.0,0.0,0.0,0.00014657482249864003
2026-08-24T01:19:31.449797,25.97,1.0042041218608317,0.040135291334346894,0.0,-0.1599531901961737,0.0,0.0,-0.07989136390112374,0.9968035764251743,-7.671598516457363e-06,1.2092673868781024e-06,0.0,0.0,0.0,-7.563218965757587e-05
2026-08-24T01:19:31.487787,25.99,1.0042041223146714,0.040135291120259736,0.0,-0.1599522046645672,0.0,0.0,-0.07989087271039899,0.9968036157927853,-7.575169848102009e-06,1.1953068916085677e-06,0.0,0.0,0.0,-4.5131100032952406e-05
2026-08-24T01:19:31.521283,26.01,1.0042041227627094,0.040135290908261546,0.0,-0.15995301082539326,0.0,0.0,-0.07989127450240568,0.9968035835902584,-7.479953246314232e-06,1.1814608387029313e-06,0.0,0.0,0.0,9.061733874575069e-05
2026-08-24T01:19:31.559648,26.03,1.0042041232050203,0.04013529069833854,0.0,-0.1599529967936939,0.0,0.0,-0.07989126750898158,0.9968035841507635,-7.3859334759425404e-06,1.1677290554071214e-06,0.0,0.0,0.0,0.0005727258232920306
2026-08-24T01:19:31.583937,26.06,1.0042041578089318,0.040135273322451405,0.0,-0.1599526497010824,0.0,0.0,-0.07989109451740077,0.9968035980155828,-2.8805818284001017e-11,1.1338904157028763e-06,0.0,0.0,0.0,0.00022774806164834886
2026-08-24T01:19:31.620449,26.07,1.0042041240727573,0.04013529028465982,0.0,-0.15994946552062395,0.0,0.0,-0.07988950751603068,0.9968037252081505,-7.201424443931061e-06,1.140607218667224e-06,0.0,0.0,0.0,3.139698331676563e-05
2026-08-24T01:19:31.650337,26.09,1.0042041244983273,0.04013529008087584,0.0,-0.1599522690609092,0.0,0.0,-0.07989090480565225,0.9968036132204449,-7.1109056598866405e-06,1.1272166710961702e-06,0.0,0.0,0.0,0.00021943909111411765
2026-08-24T01:19:31.678930,26.11,1.004204124918461,0.04013528987911085,0.0,-0.1599517929468348,0.0,0.0,-0.07989066750953515,0.9968036322390087,-7.02152465772524e-06,1.1139394468952172e-06,0.0,0.0,0.0,8.762392429194215e-05
2026-08-24T01:19:31.717443,26.14,1.004204157808967,0.04013527332243375,0.0,-0.15995264970067025,0.0,0.0,-0.07989109451719537,0.9968035980155994,-1.3692308748708786e-11,1.0814032655992659e-06,0.0,0.0,0.0,0.00010072210411211181
2026-08-24T01:19:31.740544,26.15,1.0042041257426975,0.04013528948158166,0.0,-0.1599504348904488,0.0,0.0,-0.07988999065174755,0.9968036864867945,-6.846118973113574e-06,1.0877238515130642e-06,0.0,0.0,0.0,0.00016460516242122226
2026-08-24T01:19:31.771454,26.17,1.0042041261469379,0.040135289285785566,0.0,-0.15995450884321372,0.0,0.0,-0.07989202111714913,0.9968035237507024,-6.760066224842118e-06,1.0747845047450866e-06,0.0,0.0,0.0,0.00010772712733833799
2026-08-24T01:19:31.803338,26.19,1.0042041265460164,0.040135289091953685,0.0,-0.1599539228289051,0.0,0.0,-0.07989172904658179,0.9968035471595933,-6.675095122319374e-06,1.0619574384272326e-06,0.0,0.0,0.0,6.39368036478328e-05
2026-08-24T01:19:31.832866,26.21,1.00420412694,0.04013528890006889,0.0,-0.15995029569215902,0.0,0.0,-0.07988992127506316,0.9968036920470671,-6.591192069727479e-06,1.0492420119563246e-06,0.0,0.0,0.0,5.925167213204549e-05
2026-08-24T01:19:31.857140,26.23,1.0042041273289537,0.040135288710115076,0.0,-0.15995148684031113,0.0,0.0,-0.07989051494548689,0.9968036444665243,-6.508343642142001e-06,1.0366376677175677e-06,0.0,0.0,0.0,-0.000282362919171505
2026-08-24T01:19:31.886482,26.25,1.0042041277129434,0.040135288522082785,0.0,-0.15995346135424748,0.0,0.0,-0.07989149904679185,0.996803565593571,-6.426536583383027e-06,1.024144515650995e-06,0.0,0.0,0.0,1.1134320587493217e-05
2026-08-24T01:19:31.914693,26.27,1.0042041280920324,0.040135288335954665,0.0,-0.15995039725304006,0.0,0.0,-0.07988997189319365,0.9968036879902205,-6.345757803896209e-06,1.0117618490115273e-06,0.0,0.0,0.0,-3.9344681091358735e-05
2026-08-24T01:19:31.950601,26.29,1.004204128466284,0.04013528815171576,0.0,-0.15995363973615007,0.0,0.0,-0.0798915879526498,0.9968035584679682,-6.265994378656898e-06,9.994891888463283e-07,0.0,0.0,0.0,-0.0001521213370970196
2026-08-24T01:19:31.975500,26.31,1.0042041288357606,0.04013528796935582,0.0,-0.1599553366483244,0.0,0.0,-0.07989243369666794,0.9968034906831053,-6.187233545101728e-06,9.873265235559827e-07,0.0,0.0,0.0,3.3975531487988005e-05
2026-08-24T01:19:32.008203,26.32,1.0042041578089802,0.04013527332242727,0.0,-0.15995264970096157,0.0,0.0,-0.07989109451734057,0.9968035980155877,-8.14599507163714e-12,9.697775797493587e-07,0.0,0.0,0.0,0.0005102763568790872
2026-08-24T01:19:32.037661,26.35,1.0042041295606334,0.040135287610205246,0.0,-0.15995593059223445,0.0,0.0,-0.07989272971934583,0.9968034669572491,-6.0326694028771785e-06,9.633283594100453e-07,0.0,0.0,0.0,-0.00027267009624985713
2026-08-24T01:19:32.068214,26.37,1.0042041299161513,0.0401352874333926,0.0,-0.15995571846810241,0.0,0.0,-0.07989262399631025,0.9968034754308315,-5.956841363140431e-06,9.514926183158392e-07,0.0,0.0,0.0,-0.0002654955697424278
2026-08-24T01:19:32.102001,26.39,1.0042041302671356,0.04013528725840026,0.0,-0.1599560972184615,0.0,0.0,-0.07989281276614595,0.9968034603011335,-5.881966448998085e-06,9.397649003802665e-07,0.0,0.0,0.0,-0.00025746602498483064
2026-08-24T01:19:32.129127,26.41,1.0042041306136453,0.04013528708521461,0.0,-0.15995247045302863,0.0,0.0,-0.079891005179848,0.9968036051757405,-5.808032680074472e-06,9.281447881813504e-07,0.0,0.0,0.0,0.0004183467963877905
2026-08-24T01:19:32.170716,26.43,1.004204130955736,0.04013528691381637,0.0,-0.15995339172815282,0.0,0.0,-0.0798914643450221,0.9968035683748369,-5.735028226582891e-06,9.166312763814819e-07,0.0,0.0,0.0,0.0001515872438331634
2026-08-24T01:19:32.199153,26.45,1.0042041312934669,0.040135286744198875,0.0,-0.15995223394020863,0.0,0.0,-0.07989088730143162,0.996803614623357,-5.662941407430098e-06,9.052246291985739e-07,0.0,0.0,0.0,0.00027659429417682896
2026-08-24T01:19:32.238176,26.47,1.0042041316268933,0.04013528657634528,0.0,-0.1599512153057603,0.0,0.0,-0.07989037961217121,0.9968036553130326,-5.59176068835062e-06,8.939240658603644e-07,0.0,0.0,0.0,0.0002959640542566553
2026-08-24T01:19:32.265833,26.49,1.0042041319560704,0.04013528641024246,0.0,-0.15995404538714997,0.0,0.0,-0.07989179012982826,0.9968035422638963,-5.521474680059163e-06,8.827291692312028e-07,0.0,0.0,0.0,-0.00016748134628043434
2026-08-24T01:19:32.304138,26.51,1.0042041322810544,0.04013528624588084,0.0,-0.15995190211920107,0.0,0.0,-0.07989072192124065,0.9968036278780806,-5.4520721364282976e-06,8.716398761234307e-07,0.0,0.0,0.0,3.268704672417812e-05
2026-08-24T01:19:32.332105,26.53,1.0042041326018976,0.040135286083241094,0.0,-0.15994971615476672,0.0,0.0,-0.07988963243255365,0.9968037151966236,-5.383541952690961e-06,8.606551168629923e-07,0.0,0.0,0.0,0.00031347913585494955
2026-08-24T01:19:32.370309,26.55,1.0042041329186537,0.04013528592230926,0.0,-0.15995293330546057,0.0,0.0,-0.07989123586633227,0.9968035866868408,-5.315873163661429e-06,8.49774356947045e-07,0.0,0.0,0.0,0.0001061042782563098
2026-08-24T01:19:32.401407,26.57,1.0042041332313765,0.04013528576307659,0.0,-0.15995346203310937,0.0,0.0,-0.07989149938513782,0.9968035655664533,-5.249054941980878e-06,8.389975794511577e-07,0.0,0.0,0.0,-0.0003740904290723627
2026-08-24T01:19:32.431002,26.59,1.004204133540117,0.04013528560552942,0.0,-0.1599562375005576,0.0,0.0,-0.07989288268298518,0.9968034546973655,-5.183076596386389e-06,8.283242596505363e-07,0.0,0.0,0.0,0.00028543392881682
2026-08-24T01:19:32.459959,26.61,1.0042041338449268,0.04013528544965002,0.0,-0.15995110801696108,0.0,0.0,-0.0798903261392375,0.9968036595987027,-5.117927570000178e-06,8.177534474094327e-07,0.0,0.0,0.0,0.0002022754165450095
2026-08-24T01:19:32.491523,26.62,1.0042041578089835,0.04013527332242562,0.0,-0.15995264969931977,0.0,0.0,-0.07989109451652229,0.9968035980156533,-6.738166978387305e-12,8.029755642860002e-07,0.0,0.0,0.0,-0.00019302394686312196
2026-08-24T01:19:32.524063,26.65,1.0042041344429546,0.040135285142845305,0.0,-0.15994958338201662,0.0,0.0,-0.07988956625836817,0.9968037205002045,-4.990075909147372e-06,7.969176923325352e-07,0.0,0.0,0.0,0.00011504875581306695
2026-08-24T01:19:32.557531,26.67,1.0042041347362727,0.04013528499189176,0.0,-0.1599515090118486,0.0,0.0,-0.07989052599582157,0.9968036435808765,-4.927352817750393e-06,7.8665153287188e-07,0.0,0.0,0.0,0.00016818794793057925
2026-08-24T01:19:32.592378,26.69,1.0042041350258584,0.04013528484255484,0.0,-0.15995458884987326,0.0,0.0,-0.07989206099260913,0.9968035205547546,-4.8654181284269755e-06,7.764859819032688e-07,0.0,0.0,0.0,0.00019737693541164726
2026-08-24T01:19:32.621510,26.71,1.00420413531176,0.04013528469482181,0.0,-0.15995591771818907,0.0,0.0,-0.07989272330289929,0.9968034674715204,-4.804261931304673e-06,7.66420547230446e-07,0.0,0.0,0.0,0.00018361743141139458
2026-08-24T01:19:32.645731,26.73,1.0042041355940245,0.04013528454867887,0.0,-0.15995008565552518,0.0,0.0,-0.07988981659241667,0.9968037004369666,-4.743874441074013e-06,7.564546131230008e-07,0.0,0.0,0.0,-0.00010997793828884807
2026-08-24T01:19:32.678797,26.75,1.0042041358726992,0.04013528440411101,0.0,-0.15995146918020572,0.0,0.0,-0.07989050614365818,0.9968036451719617,-4.684245995422793e-06,7.465874347482702e-07,0.0,0.0,0.0,-5.1129894340430656e-05
2026-08-24T01:19:32.710208,26.77,1.0042041361478302,0.040135284261106664,0.0,-0.15995379795179646,0.0,0.0,-0.0798916668076092,0.9968035521479154,-4.625367053489411e-06,7.36818606960519e-07,0.0,0.0,0.0,-0.00013806204083704408
2026-08-24T01:19:32.741498,26.79,1.004204136419463,0.04013528411965373,0.0,-0.15995517123085534,0.0,0.0,-0.07989235125231238,0.9968034972909039,-4.567228194336854e-06,7.271476586492591e-07,0.0,0.0,0.0,-0.0005196418207972357
2026-08-24T01:19:32.773839,26.81,1.0042041366876433,0.04013528397973992,0.0,-0.1599532888315243,0.0,0.0,-0.07989141306115874,0.9968035724851168,-4.509820115445212e-06,7.175740927797261e-07,0.0,0.0,0.0,6.311803401477564e-05
2026-08-24T01:19:32.809752,26.83,1.0042041369524137,0.04013528384134716,0.0,-0.1599516817963038,0.0,0.0,-0.07989061211190852,0.9968036366789522,-4.453133631224083e-06,7.080968117826751e-07,0.0,0.0,0.0,8.290234705522532e-05
2026-08-24T01:19:32.840184,26.84,1.0042041578089855,0.04013527332242457,0.0,-0.1599526496998105,0.0,0.0,-0.07989109451676686,0.9968035980156337,-5.8629118082841916e-12,6.951424515365132e-07,0.0,0.0,0.0,5.98674680924646e-05
2026-08-24T01:19:32.871919,26.87,1.004204137471904,0.04013528356908121,0.0,-0.15995178894141615,0.0,0.0,-0.07989066551322722,0.9968036323990065,-4.341889280270797e-06,6.894295991180418e-07,0.0,0.0,0.0,-0.00011987348470978915
2026-08-24T01:19:32.902175,26.89,1.0042041377267097,0.04013528343518386,0.0,-0.15995148079493934,0.0,0.0,-0.07989051193246259,0.9968036447080082,-4.28731361386381e-06,6.802386459053185e-07,0.0,0.0,0.0,-2.7211158297367694e-06
2026-08-24T01:19:32.935500,26.92,1.0042041578089602,0.040135273322437284,0.0,-0.15995264970076703,0.0,0.0,-0.07989109451724362,0.9968035980155955,-1.6720916496090516e-11,6.588080282246727e-07,0.0,0.0,0.0,-0.0003034825035283845
2026-08-24T01:19:32.986063,26.94,1.0042041578089864,0.04013527332242413,0.0,-0.15995264970038292,0.0,0.0,-0.07989109451705217,0.9968035980156108,-5.503587853630276e-12,6.499566035629809e-07,0.0,0.0,0.0,-4.5356118126440315e-05
2026-08-24T01:19:33.019973,26.97,1.0042041387139777,0.04013528291419641,0.0,-0.15995095025819775,0.0,0.0,-0.07989024751198091,0.996803665900399,-4.075785187233939e-06,6.444114810104455e-07,0.0,0.0,0.0,-0.00017799679114499932
2026-08-24T01:19:33.052501,27.0,1.004204157808962,0.04013527332243627,0.0,-0.15995264970386103,0.0,0.0,-0.07989109451878566,0.9968035980154719,-1.589593622102457e-11,6.239502854109129e-07,0.0,0.0,0.0,-0.0005128269445101134
2026-08-24T01:19:33.085719,27.01,1.0042041391890097,0.0401352826622898,0.0,-0.15995231951021793,0.0,0.0,-0.07989092994967883,0.9968036112052241,-3.973967430272542e-06,6.270517255105295e-07,0.0,0.0,0.0,-8.021506592001873e-05
2026-08-24T01:19:33.117066,27.02,1.0042041578089869,0.040135273322423795,0.0,-0.15995264970044062,0.0,0.0,-0.07989109451708094,0.9968035980156085,-5.232050618976801e-12,6.154620756604174e-07,0.0,0.0,0.0,0.00029156357200523257
2026-08-24T01:19:33.147905,27.05,1.0042041396520613,0.04013528241597152,0.0,-0.15995342216469366,0.0,0.0,-0.07989147951464835,0.9968035671590268,-3.874693196867461e-06,6.100543791659721e-07,0.0,0.0,0.0,-2.0741618346921643e-05
2026-08-24T01:19:33.175829,27.06,1.0042041578089873,0.040135273322423635,0.0,-0.1599526497005819,0.0,0.0,-0.07989109451715133,0.9968035980156029,-5.101348034678951e-12,5.987528747948012e-07,0.0,0.0,0.0,-0.0001763485268914351
2026-08-24T01:19:33.214790,27.08,1.0042041578089875,0.04013527332242356,0.0,-0.15995264970050418,0.0,0.0,-0.0798910945171126,0.9968035980156059,-5.037226301300819e-12,5.90530821251053e-07,0.0,0.0,0.0,-2.8846898065723703e-05
2026-08-24T01:19:33.255389,27.11,1.0042041403248438,0.04013528205676511,0.0,-0.1599504271967236,0.0,0.0,-0.07988998681718072,0.9968036867941203,-3.730412394542975e-06,5.85228006763175e-07,0.0,0.0,0.0,-0.00022167809869620464
2026-08-24T01:19:33.287835,27.13,1.0042041405434414,0.04013528193971935,0.0,-0.15995061962500537,0.0,0.0,-0.07989008272379071,0.9968036791075693,-3.683522727565485e-06,5.771286116277059e-07,0.0,0.0,0.0,0.0001308114397641087
2026-08-24T01:19:33.323462,27.16,1.0042041578089824,0.04013527332242603,0.0,-0.1599526497018271,0.0,0.0,-0.07989109451777195,0.9968035980155531,-7.1830454107572374e-12,5.585115302894815e-07,0.0,0.0,0.0,-0.0001387843705174561
2026-08-24T01:19:33.349516,27.17,1.0042041409723572,0.04013528170959062,0.0,-0.15995015263867177,0.0,0.0,-0.07988984997694082,0.9968036977613305,-3.5915041336977395e-06,5.61190261231e-07,0.0,0.0,0.0,0.00032480852630605467
2026-08-24T01:19:33.376265,27.19,1.0042041411827467,0.04013528159648194,0.0,-0.15995243923605298,0.0,0.0,-0.07989098962125105,0.9968036064227181,-3.546360483354212e-06,5.533498834036983e-07,0.0,0.0,0.0,0.00022477072817751848
2026-08-24T01:19:33.402154,27.21,1.0042041413904705,0.04013528148466362,0.0,-0.15994969913688184,0.0,0.0,-0.0798896239508082,0.9968037158763998,-3.501784269129357e-06,5.455947822389752e-07,0.0,0.0,0.0,-0.00017954088368026883
2026-08-24T01:19:33.432275,27.23,1.0042041415955625,0.04013528137412324,0.0,-0.15995243250649252,0.0,0.0,-0.07989098626722597,0.9968036066915338,-3.4577683585971937e-06,5.379242747454463e-07,0.0,0.0,0.0,0.00015121184129701878
2026-08-24T01:19:33.464082,27.25,1.0042041417980567,0.040135281264848575,0.0,-0.15995256974212466,0.0,0.0,-0.07989105466571235,0.9968036012095864,-3.4143057089832236e-06,5.303376851355887e-07,0.0,0.0,0.0,-0.000402730093603879
2026-08-24T01:19:33.498035,27.27,1.0042041419979866,0.0401352811568299,0.0,-0.1599549149868951,0.0,0.0,-0.07989222353987385,0.996803507526862,-3.371389366037237e-06,5.228345842088495e-07,0.0,0.0,0.0,-0.00034497815492877447
2026-08-24T01:19:33.525450,27.29,1.0042041421953851,0.04013528105005443,0.0,-0.15995240134622124,0.0,0.0,-0.07989097073689058,0.996803607936246,-3.329012462921364e-06,5.154142306875412e-07,0.0,0.0,0.0,-5.826350318004713e-05
2026-08-24T01:19:33.549984,27.31,1.004204142390284,0.04013528094450863,0.0,-0.15995062935404514,0.0,0.0,-0.07989008757276203,0.9968036787189424,-3.2871682191110304e-06,5.080757939177397e-07,0.0,0.0,0.0,-0.00034170377979352116
2026-08-24T01:19:33.584160,27.33,1.0042041425827164,0.040135280840182995,0.0,-0.15995547191317175,0.0,0.0,-0.07989250111290375,0.996803485279784,-3.245849939309369e-06,5.008188488562865e-07,0.0,0.0,0.0,4.641336121729791e-05
2026-08-24T01:19:33.614238,27.34,1.0042041578089893,0.0401352733224226,0.0,-0.1599526497009647,0.0,0.0,-0.07989109451734212,0.9968035980155876,-4.273424853829909e-12,4.913861684858351e-07,0.0,0.0,0.0,-8.56198678461868e-05
2026-08-24T01:19:33.651299,27.37,1.004204142960306,0.040135280635146556,0.0,-0.1599491950203231,0.0,0.0,-0.07988937269817618,0.9968037360132094,-3.1647649102727727e-06,4.865469175059418e-07,0.0,0.0,0.0,0.00023387474642024448
2026-08-24T01:19:33.678315,27.39,1.0042041431455249,0.040135280534410775,0.0,-0.15995290839957918,0.0,0.0,-0.07989122345319633,0.9968035876817215,-3.124985187011885e-06,4.795304416988609e-07,0.0,0.0,0.0,-0.00032894373357341756
2026-08-24T01:19:33.705497,27.41,1.0042041433284012,0.040135280434852524,0.0,-0.15995422382618021,0.0,0.0,-0.07989187906415665,0.9968035351359856,-3.0857054776308517e-06,4.7259321720950857e-07,0.0,0.0,0.0,1.861849575193224e-05
2026-08-24T01:19:33.738160,27.43,1.0042041435089653,0.04013528033645754,0.0,-0.15995009513753988,0.0,0.0,-0.07988982131827035,0.9968037000582085,-3.046919497172344e-06,4.657343030797395e-07,0.0,0.0,0.0,-5.7415917286643945e-05
2026-08-24T01:19:33.765321,27.45,1.004204143687246,0.04013528023921452,0.0,-0.1599526041245438,0.0,0.0,-0.07989107180197194,0.9968035998361624,-3.0086210396778483e-06,4.589530521655148e-07,0.0,0.0,0.0,-1.2233360136672314e-05
2026-08-24T01:19:33.794017,27.47,1.0042041438632725,0.040135280143114,0.0,-0.15995403296779953,0.0,0.0,-0.079891783940002,0.9968035427599984,-2.970803977194806e-06,4.522489966751944e-07,0.0,0.0,0.0,-0.00038870783615038934
2026-08-24T01:19:33.823494,27.49,1.0042041440370744,0.04013528004814592,0.0,-0.15995278444026706,0.0,0.0,-0.07989116167165264,0.9968035926333502,-2.933462258796459e-06,4.456216010971363e-07,0.0,0.0,0.0,4.5404907660619524e-05
2026-08-24T01:19:33.850915,27.51,1.0042041442086793,0.040135279954296665,0.0,-0.15995053721503893,0.0,0.0,-0.07989004165051178,0.996803682399438,-2.8965899096140583e-06,4.3906996640985903e-07,0.0,0.0,0.0,-0.00023039649532779875
2026-08-24T01:19:33.878995,27.53,1.0042041443781162,0.04013527986155712,0.0,-0.15995288544927533,0.0,0.0,-0.0798912120147237,0.9968035885984854,-2.8601810298797787e-06,4.325936408297522e-07,0.0,0.0,0.0,-0.00013428888579151632
2026-08-24T01:19:33.908665,27.55,1.0042041445454128,0.040135279769916855,0.0,-0.15995336293585408,0.0,0.0,-0.07989144999488901,0.9968035695249662,-2.8242297939835107e-06,4.2619203365335415e-07,0.0,0.0,0.0,0.0002449180276357345
2026-08-24T01:19:33.936248,27.57,1.0042041447105958,0.040135279679364096,0.0,-0.15995218376030884,0.0,0.0,-0.07989086229167885,0.996803616627815,-2.788730449540718e-06,4.198644148052876e-07,0.0,0.0,0.0,0.00012498048856314988
2026-08-24T01:19:33.964456,27.58,1.0042041578089906,0.040135273322421845,0.0,-0.15995264969983314,0.0,0.0,-0.07989109451677816,0.9968035980156328,-3.6715899491836144e-12,4.118373976160994e-07,0.0,0.0,0.0,-1.0037279264087589e-05
2026-08-24T01:19:33.992009,27.61,1.004204145034731,0.040135279501481574,0.0,-0.1599528244747899,0.0,0.0,-0.07989118162493071,0.9968035910341477,-2.7190647860924997e-06,4.0742895016506877e-07,0.0,0.0,0.0,-7.15353938095424e-05
2026-08-24T01:19:34.021567,27.63,1.0042041451937358,0.04013527941413168,0.0,-0.15995342389281667,0.0,0.0,-0.07989148037594793,0.9968035670899957,-2.6848873202185625e-06,4.0131995783958017e-07,0.0,0.0,0.0,0.00011116621374820207
2026-08-24T01:19:34.051597,27.64,1.0042041578089909,0.04013527332242167,0.0,-0.15995264970021597,0.0,0.0,-0.07989109451696895,0.9968035980156175,-3.5348720423764594e-12,3.93617762034587e-07,0.0,0.0,0.0,0.00021162187716241215
2026-08-24T01:19:34.083349,27.67,1.0042041455057509,0.04013527924256063,0.0,-0.1599507736511936,0.0,0.0,-0.07989015949072603,0.9968036729549838,-2.617815776435038e-06,3.8931617295522704e-07,0.0,0.0,0.0,0.000130277811926896
2026-08-24T01:19:34.114585,27.69,1.0042041456588118,0.04013527915831923,0.0,-0.15995372356498327,0.0,0.0,-0.07989162973308936,0.996803555119358,-2.58491096672964e-06,3.834201905208532e-07,0.0,0.0,0.0,-0.0003424084384613022
2026-08-24T01:19:34.141941,27.71,1.0042041458099427,0.04013527907509575,0.0,-0.15995085184846136,0.0,0.0,-0.07989019846438783,0.996803669831387,-2.5524197562205254e-06,3.775942146645137e-07,0.0,0.0,0.0,-7.082617122892987e-05
2026-08-24T01:19:34.171406,27.73,1.0042041459591666,0.04013527899287716,0.0,-0.159952882653271,0.0,0.0,-0.07989121062119013,0.9968035887101735,-2.5203369461454557e-06,3.7183733942036573e-07,0.0,0.0,0.0,-6.6766405827778e-06
2026-08-24T01:19:34.199286,27.75,1.004204146106509,0.04013527891165507,0.0,-0.15995244133325673,0.0,0.0,-0.07989099066650117,0.9968036063389443,-2.488657403087771e-06,3.6614912731365984e-07,0.0,0.0,0.0,0.00012242203772944353
2026-08-24T01:19:34.230001,27.77,1.004204146251994,0.04013527883141889,0.0,-0.15995014540149022,0.0,0.0,-0.07988984636991617,0.9968036980504191,-2.457376058155939e-06,3.6052891203937426e-07,0.0,0.0,0.0,-8.369594525267854e-05
2026-08-24T01:19:34.256521,27.79,1.0042041463956448,0.04013527875215915,0.0,-0.15995193467215918,0.0,0.0,-0.07989073814569402,0.9968036265777408,-2.4264879061720603e-06,3.549761331352724e-07,0.0,0.0,0.0,0.00029660624890173504
2026-08-24T01:19:34.287819,27.81,1.0042041465374854,0.040135278673865696,0.0,-0.15995432725387282,0.0,0.0,-0.07989193061270136,0.996803531004468,-2.395988004871238e-06,3.4949016061737943e-07,0.0,0.0,0.0,-0.00014707475361183507
2026-08-24T01:19:34.321823,27.83,1.0042041466775389,0.040135278596530724,0.0,-0.15995502062550138,0.0,0.0,-0.07989227619034038,0.9968035033070091,-2.3658714741104228e-06,3.4407059258766464e-07,0.0,0.0,0.0,-3.35244164898386e-05
2026-08-24T01:19:34.351465,27.85,1.004204146815828,0.04013527852014304,0.0,-0.15995073172405894,0.0,0.0,-0.0798901385941651,0.9968036746297664,-2.336133495088281e-06,3.387166829468564e-07,0.0,0.0,0.0,0.0003977136045485315
2026-08-24T01:19:34.383076,27.87,1.0042041469523748,0.04013527844469148,0.0,-0.1599535255260585,0.0,0.0,-0.07989153103013681,0.9968035630301794,-2.3067693095737547e-06,3.334276774216998e-07,0.0,0.0,0.0,-0.00016435622721002385
2026-08-24T01:19:34.408002,27.89,1.0042041470872027,0.04013527837017,0.0,-0.15995434764965388,0.0,0.0,-0.07989194077799465,0.9968035301897388,-2.277774219144002e-06,3.282033458647589e-07,0.0,0.0,0.0,0.00021329147524762535
2026-08-24T01:19:34.432673,27.91,1.0042041472203327,0.040135278296566906,0.0,-0.15995163868388082,0.0,0.0,-0.0798905906245985,0.9968036384010909,-2.24914358443408e-06,3.230428708603838e-07,0.0,0.0,0.0,8.21336186059105e-06
2026-08-24T01:19:34.468410,27.93,1.0042041473517869,0.04013527822387331,0.0,-0.15995381514175921,0.0,0.0,-0.07989167537511718,0.996803551461248,-2.220872824393491e-06,3.179457206883577e-07,0.0,0.0,0.0,0.00019298131201816665
2026-08-24T01:19:34.493452,27.95,1.0042041474815864,0.04013527815208016,0.0,-0.15995068554136926,0.0,0.0,-0.0798901155766277,0.9968036764745368,-2.1929574155535943e-06,3.129113381885124e-07,0.0,0.0,0.0,-4.226583005532652e-05
2026-08-24T01:19:34.527808,27.98,1.004204157808989,0.04013527332242236,0.0,-0.15995264970118633,0.0,0.0,-0.07989109451745256,0.9968035980155787,-4.27637179525569e-12,3.0189016013592005e-07,0.0,0.0,0.0,-0.0002743606527395336
2026-08-24T01:19:34.552794,27.99,1.0042041477363064,0.04013527801115855,0.0,-0.15995040749026665,0.0,0.0,-0.07988997699544627,0.9968036875812946,-2.1381748411768993e-06,3.030285987468428e-07,0.0,0.0,0.0,-7.811307829725333e-05
2026-08-24T01:19:34.581738,28.01,1.0042041478612684,0.040135277942011376,0.0,-0.1599462978871231,0.0,0.0,-0.07988792876149362,0.9968038517372405,-2.111298910143382e-06,2.9817904584722127e-07,0.0,0.0,0.0,-0.0004259159683744093
2026-08-24T01:19:34.612358,28.03,1.0042041479846588,0.04013527787372803,0.0,-0.15995299991214917,0.0,0.0,-0.07989126906322527,0.9968035840261948,-2.084760797914506e-06,2.9338995758372827e-07,0.0,0.0,0.0,2.820695333741107e-05
2026-08-24T01:19:34.638514,28.05,1.0042041481064978,0.040135277806300114,0.0,-0.1599543256578464,0.0,0.0,-0.07989192981723897,0.9968035310682227,-2.0585562582542437e-06,2.886608215025455e-07,0.0,0.0,0.0,0.000414856665255222
2026-08-24T01:19:34.673694,28.07,1.0042041482268047,0.0401352777397179,0.0,-0.15995310409015806,0.0,0.0,-0.07989132098573148,0.9968035798647369,-2.0326810983000926e-06,2.839909879862999e-07,0.0,0.0,0.0,-0.00010187959355034309
2026-08-24T01:19:34.703102,28.09,1.0042041483456001,0.04013527767397376,0.0,-0.15995128298795394,0.0,0.0,-0.07989041334510018,0.996803652609454,-2.0071311778917547e-06,2.79380015432121e-07,0.0,0.0,0.0,0.00045303008784414634
2026-08-24T01:19:34.733608,28.11,1.004204148462902,0.04013527760905695,0.0,-0.15995665186776709,0.0,0.0,-0.07989308920431641,0.9968034381448486,-1.9819024089093596e-06,2.748271435539233e-07,0.0,0.0,0.0,-8.655024553942881e-05
2026-08-24T01:19:34.764581,28.13,1.0042041485787307,0.04013527754496197,0.0,-0.1599533819047809,0.0,0.0,-0.07989145944903601,0.9968035687672386,-1.9569907546182775e-06,2.703321407353227e-07,0.0,0.0,0.0,0.00019825000414650597
2026-08-24T01:19:34.792012,28.15,1.004204148693104,0.040135277481677306,0.0,-0.15995510754953512,0.0,0.0,-0.07989231951343098,0.9968034998347286,-1.9323922290246415e-06,2.658941559475507e-07,0.0,0.0,0.0,-0.00026859976292403434
2026-08-24T01:19:34.820257,28.17,1.0042041488060414,0.04013527741919657,0.0,-0.15995067250827155,0.0,0.0,-0.07989010908090784,0.9968036769951446,-1.908102896236173e-06,2.615128582455137e-07,0.0,0.0,0.0,4.37284148200173e-05
2026-08-24T01:19:34.847998,28.19,1.00420414891756,0.04013527735750894,0.0,-0.15995435499655478,0.0,0.0,-0.079891944439703,0.9968035298962596,-1.8841188698336249e-06,2.571874619861393e-07,0.0,0.0,0.0,8.495226480152699e-05
2026-08-24T01:19:34.875670,28.21,1.0042041490276792,0.040135277296607846,0.0,-0.1599510907711648,0.0,0.0,-0.07989031754390104,0.9968036602875887,-1.8604363122478158e-06,2.529176097166535e-07,0.0,0.0,0.0,0.0002536993299808502
2026-08-24T01:19:34.910190,28.23,1.0042041491364158,0.04013527723648361,0.0,-0.15995320133291546,0.0,0.0,-0.07989136945169574,0.9968035759803096,-1.8370514341465606e-06,2.4870262356269016e-07,0.0,0.0,0.0,-7.412453626511224e-05
2026-08-24T01:19:34.931075,28.25,1.0042041492437879,0.04013527717712965,0.0,-0.15994937961648503,0.0,0.0,-0.07988946470124776,0.9968037286395693,-1.8139604938275405e-06,2.445421373860758e-07,0.0,0.0,0.0,0.00010715362350637709
2026-08-24T01:19:34.963621,28.26,1.0042041578089937,0.0401352733224202,0.0,-0.15995264969910394,0.0,0.0,-0.07989109451641473,0.9968035980156619,-2.3882261975569084e-12,2.396348869562437e-07,0.0,0.0,0.0,-0.0002294195634429343
2026-08-24T01:19:34.991975,28.29,1.0042041494545078,0.04013527706069664,0.0,-0.15995239906646352,0.0,0.0,-0.07989096960065523,0.996803608027312,-1.7686456942949039e-06,2.3638220256943566e-07,0.0,0.0,0.0,0.00029184886937416753
2026-08-24T01:19:35.019276,28.31,1.0042041495578895,0.0401352770036013,0.0,-0.1599544713578296,0.0,0.0,-0.07989200243436763,0.9968035252480937,-1.7464145844777326e-06,2.3238168306940253e-07,0.0,0.0,0.0,0.0004090247144922969
2026-08-24T01:19:35.051097,28.33,1.004204149659975,0.040135276947243115,0.0,-0.15995283566470195,0.0,0.0,-0.07989118720200299,0.9968035905871601,-1.7244629100756139e-06,2.2843346963258466e-07,0.0,0.0,0.0,0.0002888412904896358
2026-08-24T01:19:35.079135,28.35,1.0042041497607808,0.04013527689161396,0.0,-0.15995613016117538,0.0,0.0,-0.07989282918485154,0.9968034589851904,-1.7027871587065204e-06,2.2453701869611476e-07,0.0,0.0,0.0,7.387031663763107e-05
2026-08-24T01:19:35.109980,28.37,1.004204149860323,0.040135276836706854,0.0,-0.1599516667396319,0.0,0.0,-0.07989060460763586,0.9968036372803956,-1.6813838621374167e-06,2.2069189946278675e-07,0.0,0.0,0.0,-4.0522653874801624e-05
2026-08-24T01:19:35.135710,28.39,1.0042041499586178,0.040135276782512656,0.0,-0.1599518256893031,0.0,0.0,-0.0798906838284408,0.9968036309310997,-1.6602495957297066e-06,2.168974619227027e-07,0.0,0.0,0.0,-0.0002953958190956873
2026-08-24T01:19:35.168799,28.41,1.0042041500556809,0.04013527672902452,0.0,-0.15995191367575945,0.0,0.0,-0.07989072768105031,0.9968036274164497,-1.6393809778907537e-06,2.1315328330000229e-07,0.0,0.0,0.0,-0.0001286825714041813
2026-08-24T01:19:35.197024,28.43,1.004204150151528,0.040135276676234156,0.0,-0.15994968448783897,0.0,0.0,-0.07988961664969801,0.9968037164615531,-1.6187746695332635e-06,2.0945878973230096e-07,0.0,0.0,0.0,8.852334304209863e-05
2026-08-24T01:19:35.230267,28.45,1.0042041502461747,0.04013527662413356,0.0,-0.1599548867474887,0.0,0.0,-0.07989220946530418,0.9968035086549164,-1.5984273735407847e-06,2.0581343477968142e-07,0.0,0.0,0.0,-0.00010406958389890742
2026-08-24T01:19:35.258191,28.47,1.0042041503396364,0.040135276572716816,0.0,-0.15994860121354829,0.0,0.0,-0.07988907674376683,0.9968037597325907,-1.5783358342399644e-06,2.0221687980714606e-07,0.0,0.0,0.0,-3.463705463117227e-05
2026-08-24T01:19:35.286649,28.49,1.0042041504319281,0.04013527652197447,0.0,-0.15995267581468783,0.0,0.0,-0.07989110753246872,0.9968035969724606,-1.5584968368802656e-06,1.9866842307022606e-07,0.0,0.0,0.0,0.00021023555519852007
2026-08-24T01:19:35.314153,28.51,1.0042041505230646,0.04013527647190029,0.0,-0.1599530633205668,0.0,0.0,-0.0798913006660942,0.996803581493305,-1.5389072071188063e-06,1.9516768964485495e-07,0.0,0.0,0.0,0.00015091031233294486
2026-08-24T01:19:35.345345,28.53,1.0042041506130603,0.04013527642248684,0.0,-0.15994903151749187,0.0,0.0,-0.07988929120805939,0.9968037425442753,-1.5195638105129672e-06,1.9171417523225894e-07,0.0,0.0,0.0,-9.266139154415508e-05
2026-08-24T01:19:35.370807,28.55,1.00420415070193,0.04013527637372647,0.0,-0.15995459216098465,0.0,0.0,-0.07989206264287288,0.9968035204224889,-1.500463552018743e-06,1.8830735332536103e-07,0.0,0.0,0.0,4.7646286986725844e-05
2026-08-24T01:19:35.403826,28.57,1.004204150789688,0.04013527632561273,0.0,-0.15995419933019897,0.0,0.0,-0.0798918668553163,0.9968035361145006,-1.4816033754953584e-06,1.8494681333681432e-07,0.0,0.0,0.0,-7.423120865471444e-05
2026-08-24T01:19:35.429683,28.59,1.0042041508763488,0.04013527627813797,0.0,-0.1599547470742753,0.0,0.0,-0.07989213985192938,0.9968035142343148,-1.4629802632165492e-06,1.8163202434032183e-07,0.0,0.0,0.0,0.00016241115689665165
2026-08-24T01:19:35.458443,28.61,1.0042041509619255,0.04013527623129476,0.0,-0.15995395447274594,0.0,0.0,-0.0798917448179282,0.9968035458955526,-1.4445912353875538e-06,1.783624701486448e-07,0.0,0.0,0.0,8.664088193969144e-05
2026-08-24T01:19:35.485048,28.63,1.004204151046433,0.040135276185076285,0.0,-0.1599528402370316,0.0,0.0,-0.07989118948086028,0.9968035904045156,-1.4264333496682575e-06,1.751376961949901e-07,0.0,0.0,0.0,-0.00011498384114326265
2026-08-24T01:19:35.521734,28.65,1.0042041511298836,0.04013527613947565,0.0,-0.1599530609243867,0.0,0.0,-0.07989129947183374,0.9968035815890218,-1.4085037007025285e-06,1.7195723893302206e-07,0.0,0.0,0.0,-0.00010659926302049163
2026-08-24T01:19:35.541350,28.67,1.0042041512122917,0.04013527609448587,0.0,-0.15995128935768796,0.0,0.0,-0.07989041651978726,0.9968036523550137,-1.390799419653286e-06,1.688206168736656e-07,0.0,0.0,0.0,0.00020944986031389473
2026-08-24T01:19:35.571256,28.69,1.0042041512936697,0.04013527605009946,0.0,-0.15995081885704332,0.0,0.0,-0.07989018202140453,0.9968036711492323,-1.3733176737435754e-06,1.6572729900705286e-07,0.0,0.0,0.0,-0.00015924097295052088
2026-08-24T01:19:35.600253,28.71,1.0042041513740314,0.04013527600631061,0.0,-0.1599542649346417,0.0,0.0,-0.07989189955268651,0.9968035334938693,-1.3560556658030264e-06,1.626769213190322e-07,0.0,0.0,0.0,-0.00015101450479624223
2026-08-24T01:19:35.626483,28.73,1.0042041514533897,0.04013527596311258,0.0,-0.15995471696304045,0.0,0.0,-0.07989212484443702,0.9968035154371402,-1.33901063382061e-06,1.5966902198845055e-07,0.0,0.0,0.0,7.818030829614346e-05
2026-08-24T01:19:35.657570,28.74,1.004204157808995,0.04013527332241941,0.0,-0.1599526497006667,0.0,0.0,-0.0798910945171936,0.9968035980155995,-1.7629161634333131e-12,1.563226822297158e-07,0.0,0.0,0.0,0.0002956965814960319
2026-08-24T01:19:35.688018,28.77,1.0042041516091456,0.040135275878460074,0.0,-0.15995103154919035,0.0,0.0,-0.07989028802756057,0.9968036626532195,-1.305560622836303e-06,1.537786000552959e-07,0.0,0.0,0.0,-0.00020459201481854512
2026-08-24T01:19:35.715299,28.78,1.004204157808995,0.040135273322419354,0.0,-0.15995264970042822,0.0,0.0,-0.07989109451707474,0.996803598015609,-1.7188765094649377e-12,1.5054229044387975e-07,0.0,0.0,0.0,4.411808655948988e-05
2026-08-24T01:19:35.745247,28.81,1.0042041517610376,0.04013527579609013,0.0,-0.15995438334729742,0.0,0.0,-0.07989195856976317,0.9968035287637615,-1.2729462312313757e-06,1.4805249685380046e-07,0.0,0.0,0.0,0.00013783298030030583
2026-08-24T01:19:35.780980,28.83,1.0042041518355649,0.040135275755744826,0.0,-0.15995445318448723,0.0,0.0,-0.07989199337674174,0.996803525974046,-1.2569458488205675e-06,1.4524993816201585e-07,0.0,0.0,0.0,-0.0003427422666599716
2026-08-24T01:19:35.804678,28.84,1.0042041578089953,0.04013527332241928,0.0,-0.15995264970176226,0.0,0.0,-0.07989109451773964,0.9968035980155557,-1.654871214157122e-12,1.4217348034203577e-07,0.0,0.0,0.0,4.031654099245351e-05
2026-08-24T01:19:35.838667,28.87,1.0042041519818432,0.04013527567670207,0.0,-0.1599534834304457,0.0,0.0,-0.0798915100496084,0.9968035647117206,-1.2255459096506322e-06,1.3976363985017512e-07,0.0,0.0,0.0,0.00033003928797721246
2026-08-24T01:19:35.872500,28.89,1.004204152053617,0.04013527563799117,0.0,-0.1599502247761064,0.0,0.0,-0.07988988593037158,0.9968036948798055,-1.2101413287380518e-06,1.370789399805279e-07,0.0,0.0,0.0,-0.0002676598198463273
2026-08-24T01:19:35.897067,28.91,1.004204152124496,0.04013527559981295,0.0,-0.15995254218478694,0.0,0.0,-0.0798910409310856,0.9968036023103787,-1.1949303767309158e-06,1.3443269747006828e-07,0.0,0.0,0.0,-7.348461419326834e-05
2026-08-24T01:19:35.930098,28.93,1.0042041521944913,0.040135275562161024,0.0,-0.15995166463451227,0.0,0.0,-0.07989060355844041,0.9968036373644852,-1.179910619797827e-06,1.3182445753409265e-07,0.0,0.0,0.0,0.00024102642045457348
2026-08-24T01:19:35.957042,28.95,1.0042041522636147,0.04013527552502882,0.0,-0.15995516231576,0.0,0.0,-0.07989234680901328,0.9968034976470279,-1.165079654699614e-06,1.2925374838921591e-07,0.0,0.0,0.0,4.269928231134996e-05
2026-08-24T01:19:35.983658,28.97,1.0042041523318768,0.040135275488411275,0.0,-0.1599528193064894,0.0,0.0,-0.07989117904904047,0.9968035912405985,-1.1504351084046506e-06,1.2672024689085854e-07,0.0,0.0,0.0,-0.00012265945927605502
2026-08-24T01:19:36.009361,28.99,1.0042041523992886,0.040135275452301764,0.0,-0.1599522095874324,0.0,0.0,-0.07989087516396393,0.9968036155961394,-1.1359746377094333e-06,1.2422346881460717e-07,0.0,0.0,0.0,0.0003357182987353657
2026-08-24T01:19:36.038018,29.01,1.004204152465861,0.04013527541669391,0.0,-0.15995002794783275,0.0,0.0,-0.07988978783079596,0.9968037027420947,-1.1216959288635067e-06,1.217629533673934e-07,0.0,0.0,0.0,5.7904125485549936e-05
2026-08-24T01:19:36.074594,29.03,1.004204152531604,0.04013527538158242,0.0,-0.15995535027689733,0.0,0.0,-0.07989244048917248,0.9968034901386953,-1.107596697199139e-06,1.1933834739857977e-07,0.0,0.0,0.0,7.774894460049292e-05
2026-08-24T01:19:36.109028,29.05,1.0042041525965288,0.04013527534696191,0.0,-0.15995292359481716,0.0,0.0,-0.07989123102653019,0.9968035870747384,-1.0936746867659076e-06,1.1694928565723283e-07,0.0,0.0,0.0,-0.0001471691216107854
2026-08-24T01:19:36.130288,29.07,1.004204152660646,0.04013527531282609,0.0,-0.15995046926585713,0.0,0.0,-0.0798900077845144,0.9968036851136688,-1.0799276699697934e-06,1.145953087318433e-07,0.0,0.0,0.0,-0.00022305790667576865
2026-08-24T01:19:36.167613,29.09,1.0042041527239647,0.04013527527916909,0.0,-0.15995202660532562,0.0,0.0,-0.07989078396535076,0.9968036229054354,-1.0663534472166427e-06,1.1227599937609645e-07,0.0,0.0,0.0,-0.00010417034510572666
2026-08-24T01:19:36.191257,29.11,1.004204152786496,0.04013527524598546,0.0,-0.15995199318983921,0.0,0.0,-0.07989076731101181,0.9968036242402301,-1.0529498465601989e-06,1.0999097838024762e-07,0.0,0.0,0.0,0.00034669509569507404
2026-08-24T01:19:36.228801,29.13,1.004204152848249,0.04013527521326915,0.0,-0.1599517228691747,0.0,0.0,-0.07989063258270203,0.9968036350382836,-1.0397147233547066e-06,1.0773980362536068e-07,0.0,0.0,0.0,-0.00011729041082613777
2026-08-24T01:19:36.255972,29.14,1.004204157808996,0.040135273322418924,0.0,-0.159952649700378,0.0,0.0,-0.07989109451704973,0.996803598015611,-1.3688688086979533e-12,1.0537363629257854e-07,0.0,0.0,0.0,-3.4075043113071274e-06
2026-08-24T01:19:36.282815,29.17,1.0042041529694614,0.04013527514921818,0.0,-0.15995565170008197,0.0,0.0,-0.0798925907190128,0.9968034780979671,-1.0137414651606793e-06,1.0333761344033621e-07,0.0,0.0,0.0,-0.00023823943516509483
2026-08-24T01:19:36.310053,29.19,1.0042041530289398,0.04013527511787283,0.0,-0.15995069560725428,0.0,0.0,-0.07989012059348329,0.9968036760724545,-1.000999174315742e-06,1.0118584663690502e-07,0.0,0.0,0.0,0.00016554431261979312
2026-08-24T01:19:36.340224,29.21,1.0042041530876789,0.040135275086972524,0.0,-0.15995046019987624,0.0,0.0,-0.07989000326601284,0.9968036854758094,-9.884170485440793e-07,9.906633495821661e-08,0.0,0.0,0.0,-4.642979731868727e-05
2026-08-24T01:19:36.366360,29.23,1.0042041531456878,0.04013527505651289,0.0,-0.15995522903029388,0.0,0.0,-0.0798923800596536,0.996803494982037,-9.759930746400491e-07,9.697879659955603e-08,0.0,0.0,0.0,-0.00013173038220716732
2026-08-24T01:19:36.392761,29.25,1.0042041532029766,0.04013527502648895,0.0,-0.15995115299961515,0.0,0.0,-0.07989034855867456,0.996803657801863,-9.637252647031984e-07,9.492288625658174e-08,0.0,0.0,0.0,9.577542912052713e-05
2026-08-24T01:19:36.421784,29.27,1.0042041532595536,0.04013527499689443,0.0,-0.1599520198428905,0.0,0.0,-0.07989078059494088,0.9968036231755636,-9.516116558202356e-07,9.289812636767889e-08,0.0,0.0,0.0,0.00031328946279565837
2026-08-24T01:19:36.448422,29.29,1.0042041533154276,0.04013527496772461,0.0,-0.15995653935672838,0.0,0.0,-0.07989303312862117,0.9968034426392743,-9.39650309750707e-07,9.090419123690996e-08,0.0,0.0,0.0,-0.000164285956387708
2026-08-24T01:19:36.479778,29.31,1.004204153370608,0.0401352749389752,0.0,-0.15995120998628565,0.0,0.0,-0.07989037696093533,0.9968036555255201,-9.278393126169598e-07,8.894080206244552e-08,0.0,0.0,0.0,-0.00016813018582892113
2026-08-24T01:19:36.505863,29.32,1.0042041578089964,0.040135273322418744,0.0,-0.15995264970037668,0.0,0.0,-0.07989109451704907,0.996803598015611,-1.2215757515014e-12,8.693617750083201e-08,0.0,0.0,0.0,1.5126393035536345e-05
2026-08-24T01:19:36.533076,29.35,1.0042041534789226,0.040135274882714275,0.0,-0.1599523176234161,0.0,0.0,-0.0798909290092934,0.9968036112805932,-9.046608296274789e-07,8.510389567510602e-08,0.0,0.0,0.0,-0.0001516346384349598
2026-08-24T01:19:36.570461,29.37,1.0042041535320738,0.040135274855193144,0.0,-0.1599501713804954,0.0,0.0,-0.07988985931790037,0.9968036970126897,-8.932896350938959e-07,8.322970137271351e-08,0.0,0.0,0.0,0.0002178496199789933
2026-08-24T01:19:36.589454,29.39,1.0042041535845656,0.04013527482807118,0.0,-0.1599536505676293,0.0,0.0,-0.07989159335107834,0.9968035580352961,-8.820613715471755e-07,8.138449159069274e-08,0.0,0.0,0.0,0.00020288992565992893
2026-08-24T01:19:36.617250,29.41,1.0042041536364061,0.04013527480134422,0.0,-0.15995633338827808,0.0,0.0,-0.07989293047359058,0.9968034508669912,-8.709742424066993e-07,7.956799059401387e-08,0.0,0.0,0.0,-5.365512999558423e-05
2026-08-24T01:19:36.643486,29.43,1.0042041536876043,0.04013527477500752,0.0,-0.15995395879253183,0.0,0.0,-0.07989174697091714,0.996803545722995,-8.600264736741426e-07,7.777986135101273e-08,0.0,0.0,0.0,2.309361030828575e-05
2026-08-24T01:19:36.680843,29.45,1.004204153738167,0.04013527474905569,0.0,-0.15995091556788177,0.0,0.0,-0.07989023022226384,0.9968036672861079,-8.492163136496349e-07,7.601969331196092e-08,0.0,0.0,0.0,0.00010263457217759494
2026-08-24T01:19:36.710390,29.47,1.0042041537881032,0.040135274723483924,0.0,-0.15995345415741152,0.0,0.0,-0.07989149545987596,0.9968035658810539,-8.385420326513551e-07,7.428714028669605e-08,0.0,0.0,0.0,-0.0001498085021142063
2026-08-24T01:19:36.738676,29.49,1.0042041538374205,0.04013527469828819,0.0,-0.1599505850744016,0.0,0.0,-0.07989006550370624,0.9968036804876944,-8.280019227387859e-07,7.2581930408791e-08,0.0,0.0,0.0,-0.00011978962779422069
2026-08-24T01:19:36.764722,29.51,1.0042041538861266,0.040135274673463235,0.0,-0.15995481338540474,0.0,0.0,-0.07989217290151278,0.9968035115854452,-8.175942974395785e-07,7.09036660904308e-08,0.0,0.0,0.0,-0.00013466529593576972
2026-08-24T01:19:36.796351,29.53,1.004204153934229,0.040135274649005,0.0,-0.15995209087028162,0.0,0.0,-0.07989081599512123,0.9968036203383461,-8.073174914795226e-07,6.92520700441242e-08,0.0,0.0,0.0,7.373466061373156e-05
2026-08-24T01:19:36.820196,29.55,1.004204153981736,0.04013527462490828,0.0,-0.15995468842727825,0.0,0.0,-0.07989211062216296,0.9968035165770314,-7.971698605162736e-07,6.762674575092523e-08,0.0,0.0,0.0,0.0003054797787640675
2026-08-24T01:19:36.854041,29.57,1.0042041540286544,0.04013527460116894,0.0,-0.15995372738312594,0.0,0.0,-0.07989163163605846,0.9968035549668391,-7.87149780876081e-07,6.602740379842515e-08,0.0,0.0,0.0,1.3682592097663063e-05
2026-08-24T01:19:36.882460,29.59,1.004204154074992,0.040135274577782626,0.0,-0.15995381506646214,0.0,0.0,-0.07989167533758898,0.9968035514642558,-7.772556492940906e-07,6.445373199659654e-08,0.0,0.0,0.0,9.104314161236894e-05
2026-08-24T01:19:36.908399,29.61,1.0042041541207558,0.040135274554744735,0.0,-0.15994692206661873,0.0,0.0,-0.07988823985375244,0.9968038268049884,-7.67485882657813e-07,6.290539104676511e-08,0.0,0.0,0.0,2.444436523871675e-05
2026-08-24T01:19:36.938573,29.63,1.004204154165953,0.04013527453205055,0.0,-0.15995453997253598,0.0,0.0,-0.07989203663205817,0.9968035225072099,-7.578389177538049e-07,6.138202597658445e-08,0.0,0.0,0.0,-0.00010781406881269824
2026-08-24T01:19:36.970966,29.65,1.004204154210591,0.04013527450969673,0.0,-0.15995372762730398,0.0,0.0,-0.07989163175775722,0.9968035549570853,-7.483132110174372e-07,5.988342554616491e-08,0.0,0.0,0.0,4.169078375130485e-05
2026-08-24T01:19:36.996472,29.67,1.004204154254677,0.04013527448767825,0.0,-0.15995230138707406,0.0,0.0,-0.0798909209170712,0.9968036119291614,-7.389072382861633e-07,5.8409201137036694e-08,0.0,0.0,0.0,3.2211573817368133e-05
2026-08-24T01:19:37.020854,29.69,1.0042041542982174,0.04013527446599097,0.0,-0.15995497215577892,0.0,0.0,-0.07989225203294578,0.996803505243187,-7.29619494555426e-07,5.695905108288339e-08,0.0,0.0,0.0,-2.779943421139035e-05
2026-08-24T01:19:37.049470,29.71,1.0042041543412192,0.04013527444463096,0.0,-0.1599510258916954,0.0,0.0,-0.07989028520785474,0.996803662879209,-7.204484937379093e-07,5.553269966079891e-08,0.0,0.0,0.0,-0.00013015853449592848
2026-08-24T01:19:37.076505,29.72,1.0042041578089969,0.04013527332241842,0.0,-0.1599526497002195,0.0,0.0,-0.07989109451697071,0.9968035980156174,-9.4852890821081e-13,5.418317080220627e-08,0.0,0.0,0.0,0.0002981466754014224
2026-08-24T01:19:37.106935,29.75,1.0042041544256346,0.040135274402875135,0.0,-0.1599486391310445,0.0,0.0,-0.07988909564191823,0.9968037582179937,-7.024508696560081e-07,5.2750069284426336e-08,0.0,0.0,0.0,-3.805731281749557e-05
2026-08-24T01:19:37.137238,29.76,1.004204157808997,0.04013527332241839,0.0,-0.15995264969930112,0.0,0.0,-0.079891094516513,0.996803598015654,-9.248335755002894e-13,5.145602033301492e-08,0.0,0.0,0.0,-0.0001030192993481734
2026-08-24T01:19:37.166262,29.79,1.004204154507976,0.040135274362378466,0.0,-0.15995426093527818,0.0,0.0,-0.07989189755939667,0.9968035336536277,-6.849028467258964e-07,5.005896061120395e-08,0.0,0.0,0.0,1.0610647703078653e-05
2026-08-24T01:19:37.202479,29.82,1.0042041578089929,0.04013527332241969,0.0,-0.15995264970187595,0.0,0.0,-0.0798910945177963,0.9968035980155512,-2.6711839485051253e-12,4.753314699837374e-08,0.0,0.0,0.0,-4.286633026823495e-05
2026-08-24T01:19:37.228022,29.83,1.0042041545882954,0.04013527432310922,0.0,-0.15995306330326198,0.0,0.0,-0.07989130065746945,0.9968035814939962,-6.677931933986253e-07,4.745705506389082e-08,0.0,0.0,0.0,-5.8223060527137055e-05
2026-08-24T01:19:37.260469,29.85,1.0042041546277125,0.04013527430392491,0.0,-0.15995365670976236,0.0,0.0,-0.07989159641232838,0.9968035577899437,-6.593993223901195e-07,4.6188818313258115e-08,0.0,0.0,0.0,-0.00018770466981697713
2026-08-24T01:19:37.290173,29.87,1.0042041546666427,0.0401352742850358,0.0,-0.15995183795806514,0.0,0.0,-0.07989068994321406,0.9968036304410198,-6.511109587021474e-07,4.4942028089717216e-08,0.0,0.0,0.0,0.0001696895120741809
2026-08-24T01:19:37.317785,29.89,1.0042041547050926,0.040135274266437655,0.0,-0.1599538886232672,0.0,0.0,-0.0798917119984312,0.996803548525967,-6.429267761534332e-07,4.3716362352061306e-08,0.0,0.0,0.0,-0.0003530803298383583
2026-08-24T01:19:37.343539,29.91,1.0042041547430673,0.04013527424812743,0.0,-0.15995239897684188,0.0,0.0,-0.07989096955598764,0.9968036080308921,-6.348454652321776e-07,4.2511617026016806e-08,0.0,0.0,0.0,-0.00013336466033606593
2026-08-24T01:19:37.371198,29.92,1.0042041578089973,0.040135273322418286,0.0,-0.15995264970061032,0.0,0.0,-0.07989109451716549,0.9968035980156017,-8.358255742645316e-13,4.142341814685871e-08,0.0,0.0,0.0,0.0002204296325462904
2026-08-24T01:19:37.397938,29.95,1.0042041548176175,0.0401352742123541,0.0,-0.15995071573613237,0.0,0.0,-0.07989013062575313,0.9968036752684052,-6.189863023181487e-07,4.0163613872355904e-08,0.0,0.0,0.0,-0.0004239364189640717
2026-08-24T01:19:37.429968,29.97,1.004204154854204,0.04013527419488405,0.0,-0.15995108166189453,0.0,0.0,-0.07989031300382408,0.99680366065146,-6.112059127768194e-07,3.901985495215912e-08,0.0,0.0,0.0,-0.0001153902600398577
2026-08-24T01:19:37.458301,30.0,1.0042041578089964,0.04013527332241852,0.0,-0.15995264970000364,0.0,0.0,-0.07989109451686315,0.996803598015626,-1.1918807487630665e-12,3.690140164255232e-08,0.0,0.0,0.0,7.414559106379115e-05
2026-08-24T01:19:37.483383,30.01,1.0042041549260292,0.04013527416075857,0.0,-0.1599534087048755,0.0,0.0,-0.07989147280625097,0.9968035676966892,-5.959372928124367e-07,3.6791435939554414e-08,0.0,0.0,0.0,-9.266865209743783e-05
2026-08-24T01:19:37.518006,30.04,1.0042041578089964,0.040135273322418494,0.0,-0.15995264969874246,0.0,0.0,-0.07989109451623455,0.9968035980156763,-1.1621062099390814e-12,3.475648465820772e-08,0.0,0.0,0.0,0.0001608061346162334
2026-08-24T01:19:37.543051,30.05,1.0042041549960936,0.040135274127696005,0.0,-0.15995431676735583,0.0,0.0,-0.07989192538620278,0.996803531423362,-5.810501003682172e-07,3.464011057582623e-08,0.0,0.0,0.0,-0.0001236699515788356
2026-08-24T01:19:37.571954,30.07,1.0042041550304794,0.04013527411155483,0.0,-0.15995030814677771,0.0,0.0,-0.07988992748246809,0.9968036915495678,-5.737465524432241e-07,3.359273680636766e-08,0.0,0.0,0.0,9.969177402965038e-06
2026-08-24T01:19:37.597066,30.09,1.0042041550644414,0.04013527409566875,0.0,-0.15995217593251398,0.0,0.0,-0.07989085839029174,0.9968036169404997,-5.665348069501829e-07,3.2563843312597264e-08,0.0,0.0,0.0,0.00013332642143795286
2026-08-24T01:19:37.631700,30.11,1.0042041550979854,0.040135274080034686,0.0,-0.15995100133536957,0.0,0.0,-0.07989027296893694,0.9968036638601148,-5.594137099722953e-07,3.155321108753858e-08,0.0,0.0,0.0,0.00015460890372176562
2026-08-24T01:19:37.659528,30.13,1.0042041551311158,0.0401352740646492,0.0,-0.15995197602741265,0.0,0.0,-0.0798907587572273,0.9968036249257898,-5.523821220970314e-07,3.056058238451562e-08,0.0,0.0,0.0,-0.00019896287755835607
2026-08-24T01:19:37.684065,30.14,1.0042041578089973,0.040135273322418175,0.0,-0.15995264970067516,0.0,0.0,-0.07989109451719781,0.9968035980155991,-7.272558909158223e-13,2.9716515744263613e-08,0.0,0.0,0.0,-0.00016923607774404866
2026-08-24T01:19:37.708477,30.17,1.0042041551961578,0.04013527403461162,0.0,-0.1599541179504285,0.0,0.0,-0.07989182629549474,0.9968035393652906,-5.385829874336986e-07,2.8628442120476066e-08,0.0,0.0,0.0,-2.0020068026880314e-05
2026-08-24T01:19:37.743165,30.19,1.0042041552280792,0.0401352740199526,0.0,-0.15995228977735065,0.0,0.0,-0.07989091513076409,0.9968036123929171,-5.318132327123551e-07,2.7688408489304924e-08,0.0,0.0,0.0,-0.00013120394969556843
2026-08-24T01:19:37.770138,30.21,1.004204155259608,0.0401352740055292,0.0,-0.1599494826513315,0.0,0.0,-0.07988951605400721,0.9968037245238686,-5.251285708737325e-07,2.6765417360607984e-08,0.0,0.0,0.0,0.0003984622727413003
2026-08-24T01:19:37.809541,30.24,1.0042041578089969,0.04013527332241834,0.0,-0.15995264969803816,0.0,0.0,-0.07989109451588353,0.9968035980157045,-1.0240258171710163e-12,2.511258967938937e-08,0.0,0.0,0.0,-1.5779097427633502e-05
2026-08-24T01:19:37.821141,30.25,1.0042041578089944,0.04013527332241898,0.0,-0.159952649700573,0.0,0.0,-0.0798910945171469,0.9968035980156033,-2.035118026600073e-12,2.467504995174324e-08,0.0,0.0,0.0,-0.0001958970648914519
2026-08-24T01:19:37.851293,30.27,1.0042041553518846,0.04013527396364076,0.0,-0.1599555462558517,0.0,0.0,-0.07989253816542496,0.9968034823100721,-5.055745140587715e-07,2.409632247521884e-08,0.0,0.0,0.0,0.0001460718752974117
2026-08-24T01:19:37.878363,30.29,1.00420415538189,0.04013527395012868,0.0,-0.15995360655211055,0.0,0.0,-0.07989157141366546,0.9968035597935309,-4.992196623185279e-07,2.323919660642767e-08,0.0,0.0,0.0,-0.00017727731908279864
2026-08-24T01:19:37.906333,30.31,1.0042041554115262,0.040135273936836836,0.0,-0.15995396052453967,0.0,0.0,-0.07989174783415293,0.9968035456538085,-4.929446882889468e-07,2.2397973596705212e-08,0.0,0.0,0.0,9.851257141273533e-05
2026-08-24T01:19:37.938567,30.33,1.004204155440798,0.04013527392376209,0.0,-0.15995417897342934,0.0,0.0,-0.07989185670946632,0.9968035369276707,-4.867485879350995e-07,2.1572414983492155e-08,0.0,0.0,0.0,8.219213664560515e-05
2026-08-24T01:19:37.965881,30.35,1.00420415546971,0.04013527391090158,0.0,-0.15995206699598663,0.0,0.0,-0.07989080409612938,0.9968036212920145,-4.806303698501144e-07,2.0762313180603142e-08,0.0,0.0,0.0,7.22120429612434e-06
2026-08-24T01:19:38.000175,30.37,1.0042041554982664,0.04013527389825234,0.0,-0.1599493534357124,0.0,0.0,-0.07988945165270185,0.9968037296853531,-4.7458905508864e-07,1.9967443169397452e-08,0.0,0.0,0.0,0.00037818282631879834
2026-08-24T01:19:38.024457,30.39,1.0042041555264718,0.040135273885811285,0.0,-0.1599542594204357,0.0,0.0,-0.07989189680439651,0.9968035337141395,-4.686236770102078e-07,1.9187568929502564e-08,0.0,0.0,0.0,5.4248991136643935e-05
2026-08-24T01:19:38.055727,30.41,1.0042041555543308,0.04013527387357614,0.0,-0.15995019459508164,0.0,0.0,-0.07988987088809306,0.9968036960853847,-4.6273328112453434e-07,1.84225390637503e-08,0.0,0.0,0.0,-9.508990304051137e-05
2026-08-24T01:19:38.083790,30.43,1.0042041555818473,0.04013527386154365,0.0,-0.15995352213940797,0.0,0.0,-0.07989152934222417,0.9968035631654617,-4.5691692493887123e-07,1.7672097961372203e-08,0.0,0.0,0.0,-0.00016070565288163274
2026-08-24T01:19:38.112665,30.45,1.004204155609026,0.04013527384971129,0.0,-0.15995476143499987,0.0,0.0,-0.07989214700933975,0.9968035136606602,-4.511736778071428e-07,1.6936064384036467e-08,0.0,0.0,0.0,8.342899592037281e-05
2026-08-24T01:19:38.145755,30.47,1.004204155635871,0.040135273838076094,0.0,-0.15995445285101928,0.0,0.0,-0.07989199321054075,0.9968035259873668,-4.4550262078106564e-07,1.6214211299325313e-08,0.0,0.0,0.0,-0.00015692304747749817
2026-08-24T01:19:38.169964,30.49,1.0042041556623862,0.04013527382663547,0.0,-0.15994972737137036,0.0,0.0,-0.07988963802292974,0.9968037147485784,-4.3990284646309956e-07,1.5506348336914656e-08,0.0,0.0,0.0,8.230981477840517e-05
2026-08-24T01:19:38.199896,30.51,1.0042041556885757,0.040135273815386355,0.0,-0.15995525774845823,0.0,0.0,-0.07989239437283686,0.9968034938348557,-4.3437345886128474e-07,1.4812238159249608e-08,0.0,0.0,0.0,0.0002707660871031334
2026-08-24T01:19:38.230123,30.53,1.0042041557144443,0.04013527380432651,0.0,-0.1599503732863661,0.0,0.0,-0.07988995994815913,0.9968036889475688,-4.289135732458375e-07,1.4131724310097859e-08,0.0,0.0,0.0,0.00022162238822414943
2026-08-24T01:19:38.258564,30.54,1.004204157808998,0.040135273322417994,0.0,-0.15995264969906176,0.0,0.0,-0.0798910945163937,0.9968035980156635,-5.646995272123141e-13,1.3633222548082897e-08,0.0,0.0,0.0,0.00015336531024307586
2026-08-24T01:19:38.288268,30.57,1.004204155765232,0.0401352737827635,0.0,-0.15995290168138257,0.0,0.0,-0.07989122010483506,0.996803587950084,-4.1819882451842715e-07,1.281063446908352e-08,0.0,0.0,0.0,-0.0004559220810638276
2026-08-24T01:19:38.316900,30.59,1.0042041557901593,0.04013527377225556,0.0,-0.15995169390096733,0.0,0.0,-0.07989061814489481,0.9968036361954277,-4.129422469927432e-07,1.2169713454894472e-08,0.0,0.0,0.0,-0.00015169515919995566
2026-08-24T01:19:38.344173,30.61,1.004204155814781,0.040135273761926264,0.0,-0.15994982518178968,0.0,0.0,-0.0798896867718243,0.9968037108415577,-4.0775174235173e-07,1.1541584843099544e-08,0.0,0.0,0.0,-0.0002439259453063475
2026-08-24T01:19:38.378327,30.63,1.0042041558391008,0.0401352737517732,0.0,-0.1599535914578647,0.0,0.0,-0.07989156389066646,0.9968035603964823,-4.026264800884792e-07,1.0926073166152538e-08,0.0,0.0,0.0,0.00019967459840876983
2026-08-24T01:19:38.406383,30.65,1.0042041558631223,0.04013527374179392,0.0,-0.1599535233306404,0.0,0.0,-0.07989152993593654,0.996803563117877,-3.975656401351696e-07,1.0322993913822513e-08,0.0,0.0,0.0,0.00020709747918852233
2026-08-24T01:19:38.432026,30.67,1.0042041558868493,0.04013527373198596,0.0,-0.1599547080868793,0.0,0.0,-0.0798921204205427,0.9968035157917078,-3.9256841273185916e-07,9.732165336869533e-09,0.0,0.0,0.0,-0.0001707140463200423
2026-08-24T01:19:38.454752,30.69,1.0042041559102852,0.040135273722347105,0.0,-0.15994718121184803,0.0,0.0,-0.0798883690122299,0.9968038164536519,-3.876339982969126e-07,9.153423646250026e-09,0.0,0.0,0.0,-0.0002545776761454262
2026-08-24T01:19:38.485507,30.71,1.0042041559334345,0.040135273712874536,0.0,-0.15995411075676413,0.0,0.0,-0.0798918227101597,0.9968035396526481,-3.827616072990763e-07,8.58654884934109e-09,0.0,0.0,0.0,0.0003108636451639293
2026-08-24T01:19:38.526963,30.73,1.0042041559562995,0.04013527370356617,0.0,-0.1599518124641315,0.0,0.0,-0.07989067723699125,0.9968036314593838,-3.779504601311381e-07,8.031391534176742e-09,0.0,0.0,0.0,-0.00029579640136952965
2026-08-24T01:19:38.561741,30.75,1.0042041559788843,0.04013527369441975,0.0,-0.15994833007221795,0.0,0.0,-0.07988894160641738,0.9968037705631969,-3.731997869851834e-07,7.487784567936911e-09,0.0,0.0,0.0,0.00011374495792648031
2026-08-24T01:19:38.588303,30.77,1.0042041560011923,0.0401352736854326,0.0,-0.15995495424217587,0.0,0.0,-0.07989224310477462,0.996803505958766,-3.6850882772944115e-07,6.955516964236199e-09,0.0,0.0,0.0,-0.00011095052550218234
2026-08-24T01:19:38.624881,30.79,1.0042041560232273,0.04013527367660295,0.0,-0.15995201515792346,0.0,0.0,-0.0798907782599448,0.9968036233627064,-3.6387683178663737e-07,6.4344721316656764e-09,0.0,0.0,0.0,1.3610831664472715e-05
2026-08-24T01:19:38.656499,30.81,1.0042041560449926,0.04013527366792816,0.0,-0.1599517243288924,0.0,0.0,-0.07989063331022798,0.9968036349799747,-3.593030580139396e-07,5.924437628417828e-09,0.0,0.0,0.0,8.884948354841446e-05
2026-08-24T01:19:38.686017,30.83,1.0042041560664912,0.04013527365940607,0.0,-0.15995245059378416,0.0,0.0,-0.07989099528196475,0.996803605969028,-3.5478677458431743e-07,5.425256923596488e-09,0.0,0.0,0.0,-0.0001561499064253443
2026-08-24T01:19:38.715982,30.85,1.0042041560877264,0.04013527365103463,0.0,-0.15995231152865233,0.0,0.0,-0.07989092597165211,0.9968036115240514,-3.503272588694823e-07,4.93677816774618e-09,0.0,0.0,0.0,-0.0004803245184892237
2026-08-24T01:19:38.745906,30.87,1.0042041561087018,0.04013527364281165,0.0,-0.15995289970349935,0.0,0.0,-0.07989121911905453,0.9968035880290917,-3.459237973242488e-07,4.458837568722139e-09,0.0,0.0,0.0,-1.1040172405567855e-05
2026-08-24T01:19:38.774655,30.89,1.0042041561294206,0.040135273634734764,0.0,-0.1599501114699966,0.0,0.0,-0.079889829458397,0.9968036994058099,-3.415756853723872e-07,3.991251426867539e-09,0.0,0.0,0.0,-7.675391849117997e-05
2026-08-24T01:19:38.808360,30.91,1.0042041561498858,0.040135273626801894,0.0,-0.15995237749010904,0.0,0.0,-0.07989095884696122,0.99680360888919,-3.3728222729385663e-07,3.5338668910303315e-09,0.0,0.0,0.0,0.00033506051440036484
2026-08-24T01:19:38.836030,30.93,1.0042041561701003,0.040135273619011,0.0,-0.15994982971768756,0.0,0.0,-0.07988968903252422,0.996803710660372,-3.330427361135031e-07,3.0865277538560495e-09,0.0,0.0,0.0,-0.0001221671630800002
2026-08-24T01:19:38.869657,30.96,1.0042041578089982,0.04013527332241787,0.0,-0.15995264970082698,0.0,0.0,-0.0798910945172735,0.996803598015593,-4.3296631415584733e-13,2.4043342268963023e-09,0.0,0.0,0.0,-0.00013747658927261278
2026-08-24T01:19:38.894991,30.97,1.0042041562097908,0.04013527360384715,0.0,-0.15995056501176075,0.0,0.0,-0.07989005550444911,0.9968036812890971,-3.247229496130157e-07,2.2214040947096517e-09,0.0,0.0,0.0,-9.53713009491249e-06
2026-08-24T01:19:38.920902,30.99,1.0042041562292727,0.040135273596469984,0.0,-0.15995191390318642,0.0,0.0,-0.07989072779440032,0.9968036274073651,-3.206413230846283e-07,1.8032967924094036e-09,0.0,0.0,0.0,0.00020808950805712546
2026-08-24T01:19:38.952003,31.01,1.0042041562485162,0.04013527358922665,0.0,-0.15995552611356878,0.0,0.0,-0.07989252812647607,0.996803483114681,-3.1661100082491575e-07,1.394627199526878e-09,0.0,0.0,0.0,-4.493780820712722e-05
2026-08-24T01:19:38.976558,31.03,1.0042041562675246,0.040135273582115404,0.0,-0.15995221404276938,0.0,0.0,-0.07989087738451194,0.996803615418169,-3.1263133796174164e-07,9.952668188133822e-10,0.0,0.0,0.0,-1.3037983642496601e-05
2026-08-24T01:19:39.003308,31.05,1.0042041562863007,0.04013527357513399,0.0,-0.1599553842841721,0.0,0.0,-0.07989245743845756,0.9968034887802331,-3.087016977287277e-07,6.050416624108446e-10,0.0,0.0,0.0,-5.3641383069897414e-05
2026-08-24T01:19:39.035223,31.07,1.0042041563048472,0.0401352735682807,0.0,-0.15995524250706292,0.0,0.0,-0.07989238677649883,0.9968034944436914,-3.0482145136336175e-07,2.2382733897901348e-10,0.0,0.0,0.0,0.00023024951217797838
2026-08-24T01:19:39.063589,31.09,1.004204156323167,0.04013527356155346,0.0,-0.15995467343633063,0.0,0.0,-0.07989210315064832,0.9968035171758606,-3.009899780063924e-07,-1.4853690438824974e-10,0.0,0.0,0.0,-0.00023193238792610632
2026-08-24T01:19:39.093503,31.11,1.004204156341263,0.04013527355495057,0.0,-0.1599524339163927,0.0,0.0,-0.07989098696992278,0.9968036066352146,-2.9720666460249233e-07,-5.121730050323092e-10,0.0,0.0,0.0,-0.00018054153315063336
2026-08-24T01:19:39.135179,31.13,1.004204156359138,0.04013527354847002,0.0,-0.1599516889650663,0.0,0.0,-0.07989061568483277,0.9968036363925938,-2.9347090580215745e-07,-8.67238355159152e-10,0.0,0.0,0.0,-2.120184480404092e-05
2026-08-24T01:19:39.164767,31.15,1.0042041563767943,0.04013527354210996,0.0,-0.15995260275778378,0.0,0.0,-0.07989107112077629,0.9968035998907584,-2.897821038648681e-07,-1.2138691285316766e-09,0.0,0.0,0.0,8.506151616810726e-05
2026-08-24T01:19:39.195663,31.17,1.004204156394235,0.04013527353586868,0.0,-0.159956505239077,0.0,0.0,-0.07989301612432499,0.9968034440021555,-2.8613966856342335e-07,-1.5521950923215973e-09,0.0,0.0,0.0,0.00021504760540754777
2026-08-24T01:19:39.225615,31.19,1.0042041564114625,0.040135273529744435,0.0,-0.15995268790432027,0.0,0.0,-0.07989111355796326,0.9968035964895334,-2.825430170895204e-07,-1.88234335285495e-09,0.0,0.0,0.0,-0.0004552608741756268
2026-08-24T01:19:39.254543,31.21,1.00420415642848,0.04013527352373547,0.0,-0.15994954237054992,0.0,0.0,-0.07988954581817687,0.9968037221383984,-2.789915739604955e-07,-2.2044458409692723e-09,0.0,0.0,0.0,-0.0002933722970541929
2026-08-24T01:19:39.288524,31.23,1.0042041564452897,0.04013527351783988,0.0,-0.15995339726514055,0.0,0.0,-0.07989146710466667,0.9968035681536578,-2.7548477092724455e-07,-2.5186523519876787e-09,0.0,0.0,0.0,7.098746683724839e-06
2026-08-24T01:19:39.316033,31.25,1.0042041564618942,0.04013527351205607,0.0,-0.1599546526622548,0.0,0.0,-0.0798920927968124,0.9968035180057028,-2.720220468833022e-07,-2.825077744239097e-09,0.0,0.0,0.0,-6.993648340201472e-05
2026-08-24T01:19:39.342877,31.27,1.004204156478296,0.04013527350638237,0.0,-0.15995231456072956,0.0,0.0,-0.07989092748284489,0.9968036114029337,-2.6860284777506904e-07,-3.123846820245842e-09,0.0,0.0,0.0,-3.494147187344344e-05
2026-08-24T01:19:39.374591,31.29,1.0042041564944977,0.04013527350081701,0.0,-0.15995489798918738,0.0,0.0,-0.07989221506818653,0.9968035082058543,-2.6522662651313456e-07,-3.415096621351645e-09,0.0,0.0,0.0,0.0001213303167240688
2026-08-24T01:19:39.400495,31.31,1.0042041565105013,0.0401352734953584,0.0,-0.1599531036315924,0.0,0.0,-0.07989132075718156,0.9968035798830546,-2.618928428847731e-07,-3.6989424116581276e-09,0.0,0.0,0.0,1.2831724309992544e-05
2026-08-24T01:19:39.432383,31.33,1.00420415652631,0.04013527349000489,0.0,-0.1599475661424599,0.0,0.0,-0.07988856086237989,0.9968038010778941,-2.586009634674824e-07,-3.975510819331872e-09,0.0,0.0,0.0,-0.0002939508793238757
2026-08-24T01:19:39.456196,31.35,1.0042041565419255,0.04013527348475482,0.0,-0.1599518245161757,0.0,0.0,-0.079890683243752,0.9968036309779608,-2.553504615436474e-07,-4.244926831039305e-09,0.0,0.0,0.0,-1.8557651309149102e-05
2026-08-24T01:19:39.487737,31.37,1.004204156557351,0.04013527347960669,0.0,-0.15995037503978216,0.0,0.0,-0.07988996082206494,0.9968036888775287,-2.52140817016259e-07,-4.507300600603606e-09,0.0,0.0,0.0,5.483753360530411e-05
2026-08-24T01:19:39.515810,31.39,1.0042041565725879,0.04013527347455884,0.0,-0.15994846383287478,0.0,0.0,-0.07988900827298072,0.996803765220196,-2.48971516325709e-07,-4.762758571311016e-09,0.0,0.0,0.0,-0.00038964432528444134
2026-08-24T01:19:39.543497,31.41,1.0042041565876394,0.04013527346960986,0.0,-0.15995342868282278,0.0,0.0,-0.07989148276329554,0.9968035668986553,-2.4584205236758023e-07,-5.011406349339793e-09,0.0,0.0,0.0,-0.000154817260743024
2026-08-24T01:19:39.576107,31.43,1.004204156602507,0.040135273464758175,0.0,-0.15995378405249025,0.0,0.0,-0.07989165988017033,0.9968035527031348,-2.4275192441155713e-07,-5.25335895819906e-09,0.0,0.0,0.0,-1.1538091459356714e-05
2026-08-24T01:19:39.608650,31.45,1.0042041566171935,0.040135273460002216,0.0,-0.1599517328692528,0.0,0.0,-0.07989063756675913,0.9968036346388273,-2.3970063802126666e-07,-5.4887378662457515e-09,0.0,0.0,0.0,-1.8788265937610783e-05
2026-08-24T01:19:39.635371,31.47,1.0042041566317008,0.04013527345534047,0.0,-0.15995222665686312,0.0,0.0,-0.07989088367139907,0.9968036149142935,-2.3668770497519053e-07,-5.717656806175567e-09,0.0,0.0,0.0,-0.00012610162428107425
2026-08-24T01:19:39.668403,31.49,1.0042041566460314,0.040135273450771565,0.0,-0.15995290182253497,0.0,0.0,-0.07989122017518568,0.9968035879444456,-2.337126431885344e-07,-5.940218577219718e-09,0.0,0.0,0.0,-8.621575745122162e-05
2026-08-24T01:19:39.696176,31.5,1.0042041578089984,0.04013527332241777,0.0,-0.15995264970061915,0.0,0.0,-0.07989109451716991,0.9968035980156014,-3.0770166121436033e-13,-5.979051825522721e-09,0.0,0.0,0.0,2.7141227385171066e-05
2026-08-24T01:19:39.721945,31.52,1.0042041578089986,0.040135273322417765,0.0,-0.1599526497002626,0.0,0.0,-0.07989109451699218,0.9968035980156156,-3.038339848201802e-13,-6.189777644134698e-09,0.0,0.0,0.0,6.687286074184857e-05
2026-08-24T01:19:39.752228,31.55,1.0042041566879838,0.040135273437607116,0.0,-0.1599551170601106,0.0,0.0,-0.07989232425351843,0.9968034994548176,-2.250099549749846e-07,-6.570860519879764e-09,0.0,0.0,0.0,0.00024905941953994677
2026-08-24T01:19:39.781595,31.57,1.0042041567016287,0.04013527343339499,0.0,-0.15995232449001848,0.0,0.0,-0.07989093243162043,0.9968036110063037,-2.2218167743315715e-07,-6.769084031047551e-09,0.0,0.0,0.0,0.00016666378685398922
2026-08-24T01:19:39.809523,31.59,1.004204156715107,0.04013527342926855,0.0,-0.159955965973237,0.0,0.0,-0.07989274735329882,0.9968034655439065,-2.1938895011163665e-07,-6.961488166156241e-09,0.0,0.0,0.0,0.00031503918647661977
2026-08-24T01:19:39.837782,31.61,1.0042041567284212,0.040135273425226506,0.0,-0.15994972571563393,0.0,0.0,-0.07988963719770761,0.9968037148147165,-2.1663132615965086e-07,-7.148166554204666e-09,0.0,0.0,0.0,6.97458600294765e-05
2026-08-24T01:19:39.870191,31.63,1.0042041567415734,0.04013527342126739,0.0,-0.15995293113954603,0.0,0.0,-0.07989123478683657,0.9968035867733596,-2.1390836434314822e-07,-7.329231305634623e-09,0.0,0.0,0.0,0.0003655539904090521
2026-08-24T01:19:39.897040,31.65,1.0042041567545652,0.040135273417389976,0.0,-0.15995370913041815,0.0,0.0,-0.07989162253887645,0.9968035556959585,-2.112196289742037e-07,-7.504773670235159e-09,0.0,0.0,0.0,-1.4841249596353882e-05
2026-08-24T01:19:39.923950,31.67,1.0042041567673994,0.040135273413593034,0.0,-0.15995043961218783,0.0,0.0,-0.07988999300507098,0.9968036862981846,-2.0856468984128779e-07,-7.674883408575473e-09,0.0,0.0,0.0,-0.00022025122926140346
2026-08-24T01:19:39.953232,31.69,1.0042041567800768,0.040135273409875154,0.0,-0.15995348316019745,0.0,0.0,-0.07989150991491618,0.9968035647225159,-2.0594312214045103e-07,-7.839668199866125e-09,0.0,0.0,0.0,-0.00021697094808685488
2026-08-24T01:19:39.980783,31.71,1.0042041567926001,0.04013527340623517,0.0,-0.15995351329066398,0.0,0.0,-0.0798915249319944,0.9968035635189315,-2.0335450640733414e-07,-7.99921539991081e-09,0.0,0.0,0.0,-0.00043140485245170295
2026-08-24T01:19:40.005701,31.73,1.0042041568049707,0.04013527340267177,0.0,-0.1599541548218912,0.0,0.0,-0.07989184467229701,0.9968035378924263,-2.007984284500639e-07,-8.153620710106787e-09,0.0,0.0,0.0,-0.00012707030126649763
2026-08-24T01:19:40.035588,31.75,1.0042041568171909,0.04013527339918368,0.0,-0.15995150957818138,0.0,0.0,-0.07989052627808285,0.9968036435582541,-1.9827447928295886e-07,-8.302984866327064e-09,0.0,0.0,0.0,0.00035906002355566845
2026-08-24T01:19:40.061728,31.77,1.0042041568292623,0.04013527339576955,0.0,-0.15995307802360959,0.0,0.0,-0.07989130799411706,0.9968035809059823,-1.9578225506113e-07,-8.447408128049338e-09,0.0,0.0,0.0,0.00019367853195692949
2026-08-24T01:19:40.089246,31.79,1.004204156841187,0.04013527339242838,0.0,-0.15995307032279227,0.0,0.0,-0.07989130415601592,0.9968035812135965,-1.9332135701583723e-07,-8.586961464105872e-09,0.0,0.0,0.0,0.0003469040098536225
2026-08-24T01:19:40.122362,31.81,1.0042041568529667,0.040135273389158906,0.0,-0.15995176127630684,0.0,0.0,-0.07989065172488648,0.9968036335040984,-1.9089139139068466e-07,-8.721742141372313e-09,0.0,0.0,0.0,4.0863943739529793e-05
2026-08-24T01:19:40.150817,31.83,1.0042041568646027,0.04013527338596001,0.0,-0.1599524976133142,0.0,0.0,-0.07989101871658329,0.9968036040908091,-1.8849196937862257e-07,-8.85183212085937e-09,0.0,0.0,0.0,0.00027631360644211374
2026-08-24T01:19:40.177730,31.85,1.004204156876097,0.04013527338283046,0.0,-0.15995056057499427,0.0,0.0,-0.07989005329315652,0.9968036814663239,-1.8612270705972511e-07,-8.977323492909309e-09,0.0,0.0,0.0,0.0001200446314060721
2026-08-24T01:19:40.206582,31.87,1.004204156887452,0.04013527337976917,0.0,-0.15995392281528933,0.0,0.0,-0.07989172903979568,0.9968035471601372,-1.8378322533977778e-07,-9.098299260517223e-09,0.0,0.0,0.0,0.00024108450709631104
2026-08-24T01:19:40.237248,31.88,1.0042041578089986,0.040135273322417724,0.0,-0.1599526496999939,0.0,0.0,-0.07989109451685827,0.9968035980156263,-2.419655306800504e-13,-9.050390964626604e-09,0.0,0.0,0.0,0.00025955168399460787
2026-08-24T01:19:40.265532,31.91,1.0042041569097488,0.0401352733738468,0.0,-0.1599481409297723,0.0,0.0,-0.0798888473374655,0.9968037781183873,-1.7919211108524938e-07,-9.327039059315982e-09,0.0,0.0,0.0,3.071785503937967e-05
2026-08-24T01:19:40.295434,31.93,1.0042041569206945,0.04013527337098353,0.0,-0.15994774732420458,0.0,0.0,-0.07988865116370547,0.9968037938407156,-1.7693974394865135e-07,-9.434968215101454e-09,0.0,0.0,0.0,0.0003570205282818331
2026-08-24T01:19:40.322695,31.95,1.004204156931507,0.04013527336818403,0.0,-0.15995231084850214,0.0,0.0,-0.07989092563266405,0.9968036115512203,-1.7471568808944726e-07,-9.53871599258905e-09,0.0,0.0,0.0,-0.00015775431354361685
2026-08-24T01:19:40.353396,31.97,1.0042041569421878,0.040135273365447456,0.0,-0.15995676893990043,0.0,0.0,-0.07989314755326878,0.9968034334682198,-1.7251958764720347e-07,-9.638340838283614e-09,0.0,0.0,0.0,0.00022469767760745923
2026-08-24T01:19:40.378525,31.99,1.0042041569527391,0.040135273362772596,0.0,-0.1599521301129445,0.0,0.0,-0.07989083555373543,0.9968036187707817,-1.7035109123448712e-07,-9.73393548730022e-09,0.0,0.0,0.0,-0.0003142689401678544
2026-08-24T01:19:40.412334,32.01,1.004204156963162,0.04013527336015844,0.0,-0.159951625816742,0.0,0.0,-0.07989058421159306,0.9968036389150725,-1.6820985188065718e-07,-9.825576991532093e-09,0.0,0.0,0.0,0.00023240042064503065
2026-08-24T01:19:40.439323,32.03,1.004204156973458,0.04013527335760385,0.0,-0.1599530961592088,0.0,0.0,-0.07989131703293219,0.9968035801815438,-1.6609552697633195e-07,-9.913351360820563e-09,0.0,0.0,0.0,9.67477074090804e-05
2026-08-24T01:19:40.467529,32.05,1.0042041569836293,0.04013527335510796,0.0,-0.1599522662565862,0.0,0.0,-0.0798909034079726,0.9968036133324648,-1.640077782185953e-07,-9.997320288604976e-09,0.0,0.0,0.0,0.00019491487242383134
2026-08-24T01:19:40.493375,32.08,1.0042041578089984,0.04013527332241772,0.0,-0.15995264969911283,0.0,0.0,-0.07989109451641915,0.9968035980156615,-3.1982300804251156e-13,-9.99825442114514e-09,0.0,0.0,0.0,7.392675342734664e-05
2026-08-24T01:19:40.566563,32.11,1.004204157013407,0.04013527334796236,0.0,-0.1599533865421523,0.0,0.0,-0.07989146176031019,0.9968035685819955,-1.5790066926046639e-07,-1.0227149735465823e-08,0.0,0.0,0.0,-2.2429885627553876e-06
2026-08-24T01:19:40.599595,32.13,1.0042041570230928,0.040135273345691294,0.0,-0.15994850627615875,0.0,0.0,-0.07988902942679335,0.9968037635248198,-1.559159263085197e-07,-1.0296640546531827e-08,0.0,0.0,0.0,-0.00014702595928824954
2026-08-24T01:19:40.628883,32.15,1.004204157032661,0.040135273343474005,0.0,-0.15995508362950295,0.0,0.0,-0.07989230759164509,0.996803500790242,-1.539561307143657e-07,-1.0362693833298703e-08,0.0,0.0,0.0,-0.0004686195810020002
2026-08-24T01:19:40.655601,32.17,1.0042041570421123,0.04013527334130973,0.0,-0.15995163642233168,0.0,0.0,-0.07989058949743828,0.9968036384914292,-1.5202096890057602e-07,-1.0425360114593057e-08,0.0,0.0,0.0,5.929407055611037e-06
2026-08-24T01:19:40.684330,32.19,1.004204157051449,0.04013527333919733,0.0,-0.15995132872478024,0.0,0.0,-0.07989043614041792,0.9968036507824868,-1.5011013123121626e-07,-1.0484731607778042e-08,0.0,0.0,0.0,-0.00025335161089050904
2026-08-24T01:19:40.712304,32.21,1.0042041570606728,0.04013527333713604,0.0,-0.1599519869454333,0.0,0.0,-0.0798907641987886,0.9968036244896652,-1.482233119623741e-07,-1.054086069094055e-08,0.0,0.0,0.0,-2.7214162339682333e-05
2026-08-24T01:19:40.741945,32.23,1.0042041570697842,0.04013527333512493,0.0,-0.15994955796046062,0.0,0.0,-0.07988955358821737,0.996803721515663,-1.4636020919320052e-07,-1.0593818340769695e-08,0.0,0.0,0.0,0.00010389044621190449
2026-08-24T01:19:40.766836,32.24,1.0042041578089986,0.04013527332241769,0.0,-0.15995264969916256,0.0,0.0,-0.07989109451644394,0.9968035980156595,-1.9269509292715176e-13,-1.0495115321458696e-08,0.0,0.0,0.0,-0.0001093821758250415
2026-08-24T01:19:40.794351,32.27,1.0042041570876772,0.04013527333124974,0.0,-0.15995521693938877,0.0,0.0,-0.07989237403352534,0.9968034954650226,-1.427039644765306e-07,-1.0690475649974775e-08,0.0,0.0,0.0,0.00015905446881221415
2026-08-24T01:19:40.825711,32.29,1.0042041570964606,0.040135273329384026,0.0,-0.15995214651616416,0.0,0.0,-0.07989084372912979,0.9968036181155483,-1.409102375109611e-07,-1.0734295167923491e-08,0.0,0.0,0.0,0.00016213377256928533
2026-08-24T01:19:40.852075,32.31,1.0042041571051372,0.040135273327565044,0.0,-0.15995334648860607,0.0,0.0,-0.07989144179755125,0.9968035701819634,-1.3913905691525328e-07,-1.0775198039360113e-08,0.0,0.0,0.0,0.00018232766929772597
2026-08-24T01:19:40.881923,32.33,1.004204157113709,0.04013527332579201,0.0,-0.15995078998447898,0.0,0.0,-0.07989016763126547,0.9968036723025494,-1.37390139291333e-07,-1.0813239935199956e-08,0.0,0.0,0.0,0.00012303721855994713
2026-08-24T01:19:40.911888,32.35,1.0042041571221767,0.04013527332406409,0.0,-0.15994930783966635,0.0,0.0,-0.07988942892754745,0.9968037315066745,-1.3566320480333313e-07,-1.0848484745702015e-08,0.0,0.0,0.0,-0.0002998776948996873
2026-08-24T01:19:40.941479,32.37,1.0042041571305416,0.04013527332238051,0.0,-0.15995297602087397,0.0,0.0,-0.0798912571557709,0.996803584980547,-1.3395797713277827e-07,-1.0880985715769148e-08,0.0,0.0,0.0,0.0004816120795812152
2026-08-24T01:19:40.967807,32.39,1.0042041571388047,0.04013527332074043,0.0,-0.15995514168141514,0.0,0.0,-0.0798923365248197,0.996803498471291,-1.3227418343440359e-07,-1.0910809369415083e-08,0.0,0.0,0.0,-0.00034947293636283295
2026-08-24T01:19:40.999116,32.4,1.0042041578089989,0.04013527332241768,0.0,-0.15995264970197232,0.0,0.0,-0.07989109451784432,0.9968035980155473,-1.7414969689381417e-13,-1.079706732382743e-08,0.0,0.0,0.0,0.00028987439160954673
2026-08-24T01:19:41.030024,32.43,1.0042041571550315,0.04013527331758788,0.0,-0.15995282569643177,0.0,0.0,-0.07989118223379922,0.9968035909853484,-1.2896982367776447e-07,-1.0962626450266878e-08,0.0,0.0,0.0,6.775323796133404e-05
2026-08-24T01:19:41.055978,32.45,1.0042041571629976,0.040135273316073826,0.0,-0.1599487069984593,0.0,0.0,-0.07988912946716525,0.9968037555070599,-1.2734872890480195e-07,-1.0984739194917066e-08,0.0,0.0,0.0,4.861989148690737e-05
2026-08-24T01:19:41.087357,32.48,1.0042041578089982,0.04013527332241767,0.0,-0.15995264970252254,0.0,0.0,-0.07989109451811856,0.9968035980155253,-4.966717282549253e-13,-1.0884596469224226e-08,0.0,0.0,0.0,7.028066645778014e-06
2026-08-24T01:19:41.117852,32.49,1.0042041571786409,0.04013527331316641,0.0,-0.1599547889155879,0.0,0.0,-0.07989216070571309,0.9968035125629185,-1.2416741261025417e-07,-1.102164519788481e-08,0.0,0.0,0.0,-0.0004310444415366447
2026-08-24T01:19:41.145366,32.51,1.0042041571863205,0.04013527331177169,0.0,-0.15995270676480544,0.0,0.0,-0.07989112295806299,0.9968035957361409,-1.2260668206157113e-07,-1.1036536912815103e-08,0.0,0.0,0.0,0.00024744880802042004
2026-08-24T01:19:41.172509,32.52,1.0042041578089989,0.040135273322417675,0.0,-0.15995264969963816,0.0,0.0,-0.07989109451668099,0.9968035980156406,-1.6142164680386093e-13,-1.0914040493790707e-08,0.0,0.0,0.0,1.5837858419284187e-05
2026-08-24T01:19:41.199139,32.54,1.0042041578089989,0.040135273322417675,0.0,-0.15995264970030698,0.0,0.0,-0.07989109451701432,0.9968035980156138,-1.5939264666055444e-13,-1.0925369642632274e-08,0.0,0.0,0.0,-0.00023310141232462753
2026-08-24T01:19:41.229245,32.57,1.0042041572088043,0.04013527330781432,0.0,-0.1599516174463158,0.0,0.0,-0.07989058003975745,0.9968036392494317,-1.1804121340748833e-07,-1.1067648782968096e-08,0.0,0.0,0.0,4.542641580655666e-05
2026-08-24T01:19:41.256398,32.59,1.004204157216118,0.04013527330656859,0.0,-0.1599511953641537,0.0,0.0,-0.07989036967323804,0.9968036561096039,-1.1655748652593732e-07,-1.1073658983786255e-08,0.0,0.0,0.0,7.701866100131419e-05
2026-08-24T01:19:41.288110,32.61,1.0042041572233429,0.04013527330535839,0.0,-0.15995197747224443,0.0,0.0,-0.0798907594773341,0.9968036248680754,-1.150924094478471e-07,-1.1077572032579616e-08,0.0,0.0,0.0,0.00014988337018267592
2026-08-24T01:19:41.317821,32.63,1.0042041572304805,0.04013527330418311,0.0,-0.15995205376450583,0.0,0.0,-0.07989079750153538,0.9968036218205513,-1.1364574775328321e-07,-1.1079435302428464e-08,0.0,0.0,0.0,0.00029923837982849565
2026-08-24T01:19:41.342654,32.64,1.004204157808999,0.040135273322417675,0.0,-0.1599526496993131,0.0,0.0,-0.07989109451651898,0.9968035980156535,-1.4962384957026606e-13,-1.095006870926959e-08,0.0,0.0,0.0,-0.00019088227468277335
2026-08-24T01:19:41.369348,32.67,1.004204157244496,0.04013527330193464,0.0,-0.15995136611198335,0.0,0.0,-0.07989045477426818,0.9968036492890466,-1.108067475307565e-07,-1.1077199351423992e-08,0.0,0.0,0.0,-9.894475080956419e-05
2026-08-24T01:19:41.399208,32.69,1.004204157251377,0.0401352733008602,0.0,-0.1599517913335569,0.0,0.0,-0.0798906667054745,0.9968036323034516,-1.0941395474801914e-07,-1.1073193719612234e-08,0.0,0.0,0.0,-1.6601957059591502e-08
2026-08-24T01:19:41.426019,32.71,1.0042041572581741,0.04013527329981808,0.0,-0.15995729774112233,0.0,0.0,-0.0798934111087028,0.9968034123443879,-1.0803866876659647e-07,-1.1067324566109608e-08,0.0,0.0,0.0,-0.0004315505537631647
2026-08-24T01:19:41.455056,32.73,1.004204157264889,0.040135273298807804,0.0,-0.1599556548961445,0.0,0.0,-0.07989259231193592,0.9968034779702962,-1.066806695335995e-07,-1.1059626435782532e-08,0.0,0.0,0.0,-0.00010993181352334422
2026-08-24T01:19:41.482976,32.75,1.0042041572715223,0.04013527329782859,0.0,-0.15995388016118198,0.0,0.0,-0.0798917077809129,0.9968035488639921,-1.0533973976209375e-07,-1.105015742189194e-08,0.0,0.0,0.0,0.00014723951367768873
2026-08-24T01:19:41.515909,32.77,1.004204157278075,0.04013527329687988,0.0,-0.159951827344635,0.0,0.0,-0.07989068465346122,0.9968036308649769,-1.0401566489635584e-07,-1.1038959927724961e-08,0.0,0.0,0.0,-5.0349298055805326e-05
2026-08-24T01:19:41.541789,32.79,1.0042041572845484,0.0401352732959611,0.0,-0.1599533435623952,0.0,0.0,-0.07989144033912254,0.996803570298853,-1.0270823307754144e-07,-1.102607233690809e-08,0.0,0.0,0.0,-0.00015380222823068877
2026-08-24T01:19:41.573779,32.81,1.0042041572909437,0.04013527329507173,0.0,-0.15994913333522567,0.0,0.0,-0.07988934195420834,0.9968037384772007,-1.0141723510976916e-07,-1.1011533894020533e-08,0.0,0.0,0.0,0.00029428819482247393
2026-08-24T01:19:41.604185,32.83,1.0042041572972609,0.040135273294211064,0.0,-0.15995320124873968,0.0,0.0,-0.07989136940974238,0.996803575983672,-1.0014246442666807e-07,-1.099539597642638e-08,0.0,0.0,0.0,-4.144228778203465e-05
2026-08-24T01:19:41.631215,32.85,1.0042041573035019,0.0401352732933787,0.0,-0.1599537494026486,0.0,0.0,-0.07989164261062769,0.9968035540872513,-9.888371705830908e-08,-1.0977684164235774e-08,0.0,0.0,0.0,0.00012803262044138507
2026-08-24T01:19:41.655593,32.87,1.004204157309667,0.04013527329257404,0.0,-0.15995391298713324,0.0,0.0,-0.07989172414142526,0.9968035475527314,-9.764079159858706e-08,-1.095844611327301e-08,0.0,0.0,0.0,0.00016336392836250243
2026-08-24T01:19:41.688538,32.89,1.0042041573157574,0.040135273291796496,0.0,-0.15995855267510395,0.0,0.0,-0.07989403656992465,0.9968033622137135,-9.64134891729677e-08,-1.0937719921509158e-08,0.0,0.0,0.0,0.00013130110658974713
2026-08-24T01:19:41.711440,32.91,1.0042041573217737,0.0401352732910456,0.0,-0.15994697288762214,0.0,0.0,-0.07988826518303775,0.9968038247749879,-9.52016134066943e-08,-1.0915539548543255e-08,0.0,0.0,0.0,-0.00028496325258357857
2026-08-24T01:19:41.746080,32.93,1.0042041573277174,0.04013527329032074,0.0,-0.15995511568148224,0.0,0.0,-0.07989232356640766,0.9968034995098886,-9.400497039334141e-08,-1.0891953328208691e-08,0.0,0.0,0.0,0.00017515501325692445
2026-08-24T01:19:41.775841,32.95,1.0042041573335891,0.04013527328962146,0.0,-0.15995209043855452,0.0,0.0,-0.07989081577994765,0.9968036203555917,-9.282336866382973e-08,-1.0866989104547121e-08,0.0,0.0,0.0,9.864699614403114e-05
2026-08-24T01:19:41.807870,32.97,1.0042041573393898,0.04013527328894722,0.0,-0.15995627742227114,0.0,0.0,-0.07989290258003613,0.9968034531026349,-9.165661915575146e-08,-1.0840688357407244e-08,0.0,0.0,0.0,-5.783322418307746e-06
2026-08-24T01:19:41.836304,32.99,1.0042041573451201,0.04013527328829757,0.0,-0.15995038160604924,0.0,0.0,-0.07988996409470457,0.9968036886152393,-9.050453518313024e-08,-1.0813080809104975e-08,0.0,0.0,0.0,-6.507775368987614e-05
2026-08-24T01:19:41.862900,33.01,1.0042041573507805,0.04013527328767193,0.0,-0.15995339046303325,0.0,0.0,-0.07989146371448425,0.996803568425373,-8.936693240653394e-08,-1.078421028394566e-08,0.0,0.0,0.0,9.691129363464208e-06
2026-08-24T01:19:41.890661,33.03,1.0042041573563727,0.04013527328706988,0.0,-0.15995353857539168,0.0,0.0,-0.07989153753394772,0.9968035625089137,-8.824362880361501e-08,-1.0754105250267296e-08,0.0,0.0,0.0,-8.429960493001798e-05
2026-08-24T01:19:41.920850,33.05,1.004204157361897,0.04013527328649093,0.0,-0.15995201113123647,0.0,0.0,-0.07989077625303671,0.996803623523554,-8.713444463996717e-08,-1.0722800876980651e-08,0.0,0.0,0.0,-0.00017276726247269028
2026-08-24T01:19:41.945942,33.07,1.0042041573673541,0.04013527328593458,0.0,-0.15995401397939712,0.0,0.0,-0.0798917744761486,0.9968035435185071,-8.603920244036336e-08,-1.069033201164338e-08,0.0,0.0,0.0,0.00031214322832760457
2026-08-24T01:19:41.975498,33.09,1.0042041573727452,0.04013527328540038,0.0,-0.15995146286256468,0.0,0.0,-0.07989050299493436,0.9968036454243214,-8.495772696035673e-08,-1.0656733179321333e-08,0.0,0.0,0.0,-8.232671867305688e-05
2026-08-24T01:19:42.004562,33.11,1.004204157378071,0.04013527328488788,0.0,-0.15995263689450478,0.0,0.0,-0.07989108813457947,0.9968035985271486,-8.388984515826121e-08,-1.0622033533676447e-08,0.0,0.0,0.0,0.00016950598517635718
2026-08-24T01:19:42.037485,33.13,1.0042041573833322,0.040135273284396616,0.0,-0.15995417811988677,0.0,0.0,-0.07989185628405919,0.9968035369617663,-8.283538616744139e-08,-1.0586266959972793e-08,0.0,0.0,0.0,-2.7193400240538556e-05
2026-08-24T01:19:42.067600,33.15,1.0042041573885296,0.04013527328392618,0.0,-0.15995319514364856,0.0,0.0,-0.07989136636695406,0.996803576227544,-8.17941812689904e-08,-1.0549461150347167e-08,0.0,0.0,0.0,9.455615477735019e-05
2026-08-24T01:19:42.097838,33.17,1.004204157393664,0.0401352732834761,0.0,-0.15995330620583426,0.0,0.0,-0.07989142172054586,0.9968035717910876,-8.076606386470593e-08,-1.0511650955138736e-08,0.0,0.0,0.0,-0.0001762482987823791
2026-08-24T01:19:42.122152,33.19,1.0042041573987366,0.04013527328304599,0.0,-0.15995272299495733,0.0,0.0,-0.07989113104719986,0.9968035950878182,-7.975086945046203e-08,-1.0472862858459625e-08,0.0,0.0,0.0,4.605912437119598e-05
2026-08-24T01:19:42.159440,33.2,1.004204157808999,0.04013527332241766,0.0,-0.15995264970020218,0.0,0.0,-0.07989109451696208,0.996803598015618,-1.0499849162050598e-13,-1.0330776171384019e-08,0.0,0.0,0.0,8.787428516145073e-05
2026-08-24T01:19:42.184305,33.23,1.004204157408697,0.04013527328224386,0.0,-0.15995584203925706,0.0,0.0,-0.0798926855843883,0.9968034704946176,-7.775860188835947e-08,-1.0392481536965037e-08,0.0,0.0,0.0,5.991539985124311e-05
2026-08-24T01:19:42.209729,33.26,1.0042041578089984,0.0401352733224176,0.0,-0.1599526497011379,0.0,0.0,-0.07989109451742844,0.9968035980155806,-3.03265682459218e-13,-1.0208944041989428e-08,0.0,0.0,0.0,0.00027865694641054066
2026-08-24T01:19:42.241868,33.27,1.004204157418418,0.04013527328151656,0.0,-0.15994906129633837,0.0,0.0,-0.0798893060498922,0.9968037413547697,-7.581610343903396e-08,-1.0308542629349779e-08,0.0,0.0,0.0,-5.257488550396486e-05
2026-08-24T01:19:42.276733,33.29,1.0042041574231901,0.040135273281179926,0.0,-0.15994685201344797,0.0,0.0,-0.07988820493911802,0.9968038296032,-7.486312788139265e-08,-1.0265313445244889e-08,0.0,0.0,0.0,8.568591879211493e-05
2026-08-24T01:19:42.304679,33.31,1.0042041574279044,0.04013527328086077,0.0,-0.15995366574727976,0.0,0.0,-0.07989160091664312,0.9968035574289329,-7.392213081337702e-08,-1.0221280869950607e-08,0.0,0.0,0.0,-0.0002856316699340034
2026-08-24T01:19:42.338026,33.32,1.004204157808999,0.040135273322417654,0.0,-0.15995264970138526,0.0,0.0,-0.07989109451755172,0.9968035980155707,-9.732448418450436e-14,-1.0079585429743206e-08,0.0,0.0,0.0,-4.291273472880068e-05
2026-08-24T01:19:42.364761,33.35,1.0042041574371625,0.040135273280273644,0.0,-0.15995239271823847,0.0,0.0,-0.0798909664366884,0.996803608280895,-7.207547178109281e-08,-1.0130890067375422e-08,0.0,0.0,0.0,-0.000155347841676962
2026-08-24T01:19:42.394411,33.37,1.0042041574417075,0.04013527328000483,0.0,-0.1599518826293549,0.0,0.0,-0.07989071220746595,0.9968036286566095,-7.116951434177735e-08,-1.0084592717871727e-08,0.0,0.0,0.0,-0.00028845457917743816
2026-08-24T01:19:42.419769,33.39,1.004204157446197,0.04013527327975203,0.0,-0.15994837838751685,0.0,0.0,-0.0798889656868534,0.9968037686332676,-7.027494439472984e-08,-1.0037592600876561e-08,0.0,0.0,0.0,-0.0002900110753259116
2026-08-24T01:19:42.447488,33.41,1.0042041574506326,0.04013527327951487,0.0,-0.15995456255450072,0.0,0.0,-0.07989204788694916,0.9968035216051503,-6.939161880410642e-08,-9.989917077419713e-09,0.0,0.0,0.0,0.0003823002260042302
2026-08-24T01:19:42.481354,33.43,1.0042041574550145,0.04013527327929303,0.0,-0.1599527470551987,0.0,0.0,-0.0798911430388674,0.9968035941267183,-6.851939623323331e-08,-9.94158856239606e-09,0.0,0.0,0.0,1.7394271416220096e-05
2026-08-24T01:19:42.512443,33.46,1.0042041578089989,0.04013527332241764,0.0,-0.1599526497010277,0.0,0.0,-0.07989109451737354,0.996803598015585,-1.3361609825170254e-13,-9.75239638389549e-09,0.0,0.0,0.0,0.00020606185222403763
2026-08-24T01:19:42.542418,33.47,1.0042041574636194,0.04013527327889393,0.0,-0.15995243927980154,0.0,0.0,-0.07989098964305541,0.9968036064209705,-6.68077036643728e-08,-9.843063010044914e-09,0.0,0.0,0.0,-0.0002430595933744648
2026-08-24T01:19:42.573404,33.5,1.0042041578089986,0.0401352733224176,0.0,-0.1599526497023378,0.0,0.0,-0.07989109451802648,0.9968035980155328,-2.605561745288977e-13,-9.65327153789131e-09,0.0,0.0,0.0,-0.0001165335866873366
2026-08-24T01:19:42.595197,33.51,1.0042041574720166,0.04013527327855203,0.0,-0.15995253627199046,0.0,0.0,-0.07989103798413719,0.9968036025465684,-6.513877112550461e-08,-9.74220234463298e-09,0.0,0.0,0.0,-0.00028939668163389877
2026-08-24T01:19:42.625874,33.53,1.0042041574761391,0.0401352732784017,0.0,-0.1599507604988868,0.0,0.0,-0.07989015293559217,0.9968036734803537,-6.432000500634936e-08,-9.69095267497395e-09,0.0,0.0,0.0,-9.509814830589811e-05
2026-08-24T01:19:42.654913,33.55,1.0042041574802116,0.040135273278264674,0.0,-0.1599500521981341,0.0,0.0,-0.07988979991719104,0.9968037017734189,-6.35115304223788e-08,-9.639188066746578e-09,0.0,0.0,0.0,-0.00030374825476056156
2026-08-24T01:19:42.684203,33.58,1.0042041578089986,0.04013527332241759,0.0,-0.1599526497007706,0.0,0.0,-0.0798910945172454,0.9968035980155954,-2.477007964371682e-13,-9.448676854104081e-09,0.0,0.0,0.0,-6.562681067917231e-05
2026-08-24T01:19:42.709309,33.59,1.004204157488209,0.04013527327802935,0.0,-0.15995576691427615,0.0,0.0,-0.0798926481419674,0.9968034734955852,-6.192494004546615e-08,-9.534190405956247e-09,0.0,0.0,0.0,1.2033877821575843e-05
2026-08-24T01:19:42.743976,33.61,1.0042041574921354,0.040135273277930476,0.0,-0.15995114706227784,0.0,0.0,-0.0798903455994948,0.9968036580390309,-6.114657038981643e-08,-9.480997969394468e-09,0.0,0.0,0.0,-5.05103649773478e-05
2026-08-24T01:19:42.770926,33.63,1.0042041574960139,0.040135273277843664,0.0,-0.15995081795501553,0.0,0.0,-0.07989018157183223,0.9968036711852639,-6.037798450332542e-08,-9.427373162437112e-09,0.0,0.0,0.0,-0.00024200409485842006
2026-08-24T01:19:42.796109,33.64,1.004204157808999,0.040135273322417654,0.0,-0.1599526497004731,0.0,0.0,-0.0798910945170971,0.9968035980156073,-7.949251642504849e-14,-9.29033289601658e-09,0.0,0.0,0.0,-0.00025534580390556064
2026-08-24T01:19:42.826378,33.67,1.0042041575036307,0.04013527327770524,0.0,-0.15994939889634854,0.0,0.0,-0.07988947431036766,0.9968037278694403,-5.886967367266281e-08,-9.318894832917897e-09,0.0,0.0,0.0,-3.459318149509155e-05
2026-08-24T01:19:42.856893,33.69,1.0042041575073701,0.04013527327765302,0.0,-0.1599525602216785,0.0,0.0,-0.07989104992070482,0.9968036015898857,-5.8129707390912985e-08,-9.264083355735813e-09,0.0,0.0,0.0,-9.459412614327896e-05
2026-08-24T01:19:42.889547,33.71,1.004204157511064,0.04013527327761179,0.0,-0.15995064780275708,0.0,0.0,-0.07989009676763398,0.9968036779820076,-5.739904216456955e-08,-9.208911515511072e-09,0.0,0.0,0.0,-0.00025722851231322274
2026-08-24T01:19:42.918001,33.73,1.0042041575147131,0.040135273277581235,0.0,-0.1599549580372428,0.0,0.0,-0.07989224499624263,0.9968035058071678,-5.667756108339598e-08,-9.153399574218295e-09,0.0,0.0,0.0,-0.00020962022227880478
2026-08-24T01:19:42.945529,33.75,1.0042041575183183,0.04013527327756115,0.0,-0.15995427456701175,0.0,0.0,-0.07989190435347675,0.9968035331090951,-5.596514870667106e-08,-9.097563164733136e-09,0.0,0.0,0.0,-2.9880966171318872e-05
2026-08-24T01:19:42.979009,33.77,1.0042041575218794,0.0401352732775512,0.0,-0.15994977250555165,0.0,0.0,-0.0798896605178895,0.9968037129457015,-5.52616910447101e-08,-9.041422944514672e-09,0.0,0.0,0.0,-0.00011719007799568644
2026-08-24T01:19:43.003492,33.79,1.0042041575253973,0.04013527327755116,0.0,-0.15995148325666222,0.0,0.0,-0.07989051315938973,0.9968036446096741,-5.456707554062574e-08,-8.98499639969349e-09,0.0,0.0,0.0,-0.00027453572252705475
2026-08-24T01:19:43.027584,33.81,1.0042041575288727,0.040135273277560786,0.0,-0.15995231744520397,0.0,0.0,-0.07989092892047216,0.996803611287712,-5.3881191052335435e-08,-8.928296877641701e-09,0.0,0.0,0.0,-0.00020780283787231587
2026-08-24T01:19:43.064589,33.83,1.0042041575323055,0.040135273277579826,0.0,-0.15995155918815174,0.0,0.0,-0.07989055100378244,0.9968036415765705,-5.320392783475622e-08,-8.871342301081873e-09,0.0,0.0,0.0,0.00010948773993302859
2026-08-24T01:19:43.091417,33.86,1.004204157808999,0.04013527332241763,0.0,-0.1599526497005277,0.0,0.0,-0.07989109451712433,0.996803598015605,-1.0375020271236091e-13,-8.682578975285425e-09,0.0,0.0,0.0,-8.148753047856289e-05
2026-08-24T01:19:43.120988,33.87,1.0042041575390475,0.04013527327764513,0.0,-0.15995374371028648,0.0,0.0,-0.07989163977354428,0.9968035543146374,-5.187483311127694e-08,-8.756734118193004e-09,0.0,0.0,0.0,0.00010455318597162958
2026-08-24T01:19:43.152931,33.89,1.0042041575423575,0.04013527327769092,0.0,-0.15995653988866024,0.0,0.0,-0.07989303339373692,0.9968034426180254,-5.122278894331677e-08,-8.699109950509385e-09,0.0,0.0,0.0,0.00022617611477608786
2026-08-24T01:19:43.179948,33.91,1.004204157545627,0.04013527327774519,0.0,-0.1599498633169083,0.0,0.0,-0.07988970577843817,0.9968037093182562,-5.057894068791293e-08,-8.641292150230953e-09,0.0,0.0,0.0,0.00032025919350546164
2026-08-24T01:19:43.206987,33.93,1.004204157548857,0.04013527327780765,0.0,-0.15994930353936976,0.0,0.0,-0.07988942678427162,0.9968037316784486,-4.994318532599015e-08,-8.583299594676677e-09,0.0,0.0,0.0,0.0001517485134656785
2026-08-24T01:19:43.236890,33.95,1.0042041575520477,0.04013527327787812,0.0,-0.15995242066390736,0.0,0.0,-0.07989098036486018,0.9968036071645916,-4.9315421133389075e-08,-8.525142653809693e-09,0.0,0.0,0.0,-0.00010590438464171432
2026-08-24T01:19:43.266077,33.97,1.0042041575551999,0.040135273277956414,0.0,-0.1599542866288557,0.0,0.0,-0.07989191036512108,0.9968035326272733,-4.8695547664581315e-08,-8.46683347636776e-09,0.0,0.0,0.0,0.00017003091273504935
2026-08-24T01:19:43.290228,33.99,1.0042041575583134,0.040135273278042276,0.0,-0.1599520246592232,0.0,0.0,-0.0798907829954098,0.9968036229831733,-4.8083465736590545e-08,-8.408388887336543e-09,0.0,0.0,0.0,-3.263341757022968e-05
2026-08-24T01:19:43.322752,34.01,1.0042041575613896,0.04013527327813549,0.0,-0.15995660083380292,0.0,0.0,-0.07989306376890092,0.9968034401834789,-4.747907741311227e-08,-8.349821921452269e-09,0.0,0.0,0.0,3.7381801577514014e-05
2026-08-24T01:19:43.349596,34.03,1.0042041575644285,0.04013527327823587,0.0,-0.15995589354159945,0.0,0.0,-0.0798927112532451,0.9968034684372871,-4.6882285988891104e-08,-8.291144232307446e-09,0.0,0.0,0.0,0.00025178572912988936
2026-08-24T01:19:43.378235,34.05,1.0042041575674303,0.040135273278343195,0.0,-0.1599542367350146,0.0,0.0,-0.07989188549794254,0.9968035346203301,-4.6292995974191503e-08,-8.232371571480267e-09,0.0,0.0,0.0,0.0003470804220239424
2026-08-24T01:19:43.405776,34.07,1.0042041575703957,0.04013527327845726,0.0,-0.15995312302565434,0.0,0.0,-0.07989133042321672,0.9968035791083459,-4.5711113079540574e-08,-8.173516336359447e-09,0.0,0.0,0.0,-9.69358132925307e-06
2026-08-24T01:19:43.436189,34.09,1.0042041575733252,0.04013527327857788,0.0,-0.15995416024870268,0.0,0.0,-0.07989184737702944,0.9968035376756472,-4.513654420065852e-08,-8.114588875786162e-09,0.0,0.0,0.0,0.00015630038471879423
2026-08-24T01:19:43.465037,34.11,1.0042041575762188,0.040135273278704864,0.0,-0.15995241294882098,0.0,0.0,-0.07989097651964723,0.9968036074727745,-4.456919740353283e-08,-8.055602477043862e-09,0.0,0.0,0.0,0.0001930803219432881
2026-08-24T01:19:43.489613,34.13,1.0042041575790779,0.040135273278838,0.0,-0.15995045154889143,0.0,0.0,-0.07988999895434606,0.996803685821373,-4.4008981909721423e-08,-7.996569470130234e-09,0.0,0.0,0.0,0.00024121218447170506
2026-08-24T01:19:43.515881,34.15,1.0042041575819018,0.04013527327897713,0.0,-0.15994974090114278,0.0,0.0,-0.07988964476619344,0.9968037142081341,-4.3455808081845e-08,-7.937501626616998e-09,0.0,0.0,0.0,0.0002823472219728872
2026-08-24T01:19:43.553847,34.17,1.0042041575846916,0.04013527327912206,0.0,-0.15995435381886167,0.0,0.0,-0.0798919438527387,0.9968035299433038,-4.29095874092077e-08,-7.878409600822937e-09,0.0,0.0,0.0,0.00028808576319581714
2026-08-24T01:19:43.581452,34.19,1.0042041575874476,0.04013527327927263,0.0,-0.15995528441960397,0.0,0.0,-0.07989240766578248,0.9968034927694447,-4.237023249367066e-08,-7.819302294168121e-09,0.0,0.0,0.0,0.00018496332139705113
2026-08-24T01:19:43.607168,34.21,1.0042041575901703,0.04013527327942866,0.0,-0.159953055445166,0.0,0.0,-0.07989129674098036,0.9968035818078929,-4.183765703563757e-08,-7.760191464056823e-09,0.0,0.0,0.0,-0.0001401707966301526
2026-08-24T01:19:43.637407,34.23,1.0042041575928597,0.040135273279589975,0.0,-0.15995221238169677,0.0,0.0,-0.07989087655663034,0.9968036154845212,-4.131177582027329e-08,-7.701088090710827e-09,0.0,0.0,0.0,0.00012231419657561453
2026-08-24T01:19:43.661601,34.24,1.004204157808999,0.040135273322417654,0.0,-0.15995264969984826,0.0,0.0,-0.07989109451678568,0.9968035980156321,-5.4390305422200885e-14,-7.581672843307323e-09,0.0,0.0,0.0,-7.73400996059916e-05
2026-08-24T01:19:43.694496,34.27,1.004204157598141,0.040135273279927754,0.0,-0.15995216701981496,0.0,0.0,-0.07989085394818643,0.9968036172965212,-4.027976060027141e-08,-7.582946602474399e-09,0.0,0.0,0.0,-0.00023831037916912265
2026-08-24T01:19:43.722970,34.28,1.004204157808999,0.04013527332241765,0.0,-0.1599526497008372,0.0,0.0,-0.07989109451727859,0.9968035980155927,-5.303157363125083e-14,-7.464941712117525e-09,0.0,0.0,0.0,0.0003148186752706827
2026-08-24T01:19:43.755715,34.31,1.004204157603295,0.04013527328028468,0.0,-0.15995498820930676,0.0,0.0,-0.0798922600340522,0.9968035046019107,-3.9273526296027784e-08,-7.46495642827538e-09,0.0,0.0,0.0,-3.6933125951219405e-06
2026-08-24T01:19:43.783152,34.33,1.0042041576058247,0.04013527328046994,0.0,-0.15995443875916804,0.0,0.0,-0.07989198618713723,0.9968035265502797,-3.877987509264436e-08,-7.406040872517924e-09,0.0,0.0,0.0,-0.00027763969642267673
2026-08-24T01:19:43.808014,34.35,1.0042041576083243,0.04013527328065951,0.0,-0.15995454534018805,0.0,0.0,-0.07989203930730543,0.9968035222927937,-3.829242887091254e-08,-7.347190328185224e-09,0.0,0.0,0.0,6.388814424725515e-05
2026-08-24T01:19:43.840289,34.37,1.0042041576107932,0.040135273280853256,0.0,-0.15995375529038247,0.0,0.0,-0.0798916455450847,0.996803553852061,-3.781110963691557e-08,-7.288415726379535e-09,0.0,0.0,0.0,-0.0001360244556622045
2026-08-24T01:19:43.870215,34.38,1.004204157808999,0.040135273322417654,0.0,-0.15995264970099402,0.0,0.0,-0.07989109451735672,0.9968035980155864,-4.978139430439988e-14,-7.174011911123077e-09,0.0,0.0,0.0,0.0001585822277870755
2026-08-24T01:19:43.900404,34.41,1.0042041576156413,0.04013527328125264,0.0,-0.15994959315709248,0.0,0.0,-0.07988957113028415,0.9968037201097412,-3.686654504580828e-08,-7.171124906966403e-09,0.0,0.0,0.0,-1.2446018742684104e-05
2026-08-24T01:19:43.931937,34.43,1.0042041576180216,0.040135273281457995,0.0,-0.15995117921401736,0.0,0.0,-0.07989036162398057,0.996803656754724,-3.640314855344631e-08,-7.112626671865874e-09,0.0,0.0,0.0,7.119138336233186e-06
2026-08-24T01:19:43.953532,34.45,1.0042041576203726,0.04013527328166695,0.0,-0.15995401060274175,0.0,0.0,-0.07989177279321757,0.9968035436533905,-3.5945576754143946e-08,-7.054235982419369e-09,0.0,0.0,0.0,-5.905732408224502e-05
2026-08-24T01:19:43.986156,34.47,1.0042041576226952,0.040135273281879394,0.0,-0.15995244030819888,0.0,0.0,-0.0798909901556105,0.9968036063798907,-3.54937564340266e-08,-6.995959898113622e-09,0.0,0.0,0.0,-0.0003674407846959318
2026-08-24T01:19:44.015512,34.49,1.0042041576249896,0.040135273282095166,0.0,-0.1599530113554457,0.0,0.0,-0.07989127476658478,0.9968035835690852,-3.504761529949433e-08,-6.9378067125295176e-09,0.0,0.0,0.0,0.00027823314625507605
2026-08-24T01:19:44.044485,34.51,1.004204157627256,0.04013527328231411,0.0,-0.15995050817674583,0.0,0.0,-0.07989002717777302,0.996803683559373,-3.460708196564426e-08,-6.87978615600267e-09,0.0,0.0,0.0,8.353381211394865e-05
2026-08-24T01:19:44.076312,34.53,1.004204157629495,0.04013527328253613,0.0,-0.1599521047816617,0.0,0.0,-0.07989082292857821,0.9968036197826503,-3.417208594485831e-08,-6.8219037423055615e-09,0.0,0.0,0.0,-0.0001749862775281587
2026-08-24T01:19:44.103869,34.55,1.0042041576317067,0.04013527328276111,0.0,-0.15994971885346532,0.0,0.0,-0.07988963377759004,0.9968037150888246,-3.3742557635517856e-08,-6.764165123714296e-09,0.0,0.0,0.0,5.3694006613137194e-05
2026-08-24T01:19:44.134562,34.57,1.0042041576338916,0.0401352732829889,0.0,-0.15995161931737686,0.0,0.0,-0.07989058097229769,0.9968036391746916,-3.3318428310846935e-08,-6.706579685186798e-09,0.0,0.0,0.0,-2.556849173596722e-06
2026-08-24T01:19:44.166151,34.59,1.0042041576360496,0.04013527328321941,0.0,-0.1599541435535654,0.0,0.0,-0.07989183905614348,0.9968035383425499,-3.2899630107955935e-08,-6.6491519462487055e-09,0.0,0.0,0.0,-0.0001409874506147852
2026-08-24T01:19:44.189499,34.61,1.0042041576381817,0.04013527328345252,0.0,-0.1599541133230327,0.0,0.0,-0.07989182398919248,0.9968035395501361,-3.2486096016949786e-08,-6.591887925725011e-09,0.0,0.0,0.0,2.8026538513069104e-07
2026-08-24T01:19:44.226469,34.64,1.004204157808999,0.040135273322417654,0.0,-0.15995264970159442,0.0,0.0,-0.07989109451765597,0.9968035980155624,-4.223297405991991e-14,-6.430074245419676e-09,0.0,0.0,0.0,-0.0003100219169360869
2026-08-24T01:19:44.254846,34.65,1.0042041576423684,0.04013527328392605,0.0,-0.15995507668538791,0.0,0.0,-0.07989230413068599,0.9968035010676327,-3.1674556331885635e-08,-6.4778795645342655e-09,0.0,0.0,0.0,5.229155330742756e-05
2026-08-24T01:19:44.280608,34.67,1.0042041576444236,0.040135273284166245,0.0,-0.159953891133255,0.0,0.0,-0.07989171324941356,0.9968035484257033,-3.127642088725914e-08,-6.421147625183611e-09,0.0,0.0,0.0,-0.00018511534724447495
2026-08-24T01:19:44.312821,34.69,1.0042041576464538,0.040135273284408565,0.0,-0.1599529999904998,0.0,0.0,-0.07989126910227538,0.9968035840230651,-3.088328983260684e-08,-6.364604353385983e-09,0.0,0.0,0.0,-0.0001572839169636019
2026-08-24T01:19:44.341658,34.71,1.0042041576484593,0.04013527328465295,0.0,-0.15994880483665416,0.0,0.0,-0.0798891782299052,0.9968037515989546,-3.0495100264913844e-08,-6.3082559212485476e-09,0.0,0.0,0.0,-0.0002173607883782114
2026-08-24T01:19:44.376745,34.73,1.0042041576504404,0.040135273284899256,0.0,-0.15995188716844713,0.0,0.0,-0.07989071446975775,0.9968036284752938,-3.0111790071830966e-08,-6.252108468120458e-09,0.0,0.0,0.0,-7.82250200986036e-05
2026-08-24T01:19:44.410919,34.75,1.0042041576523972,0.040135273285147405,0.0,-0.15995314880538558,0.0,0.0,-0.0798913432718809,0.9968035780785574,-2.9733297921735136e-08,-6.19616574052348e-09,0.0,0.0,0.0,-0.00014551466106628582
2026-08-24T01:19:44.435652,34.77,1.0042041576543306,0.04013527328539729,0.0,-0.15995500060445922,0.0,0.0,-0.0798922662118179,0.9968035041067723,-2.935956325391606e-08,-6.140432851596662e-09,0.0,0.0,0.0,5.005543142582759e-05
2026-08-24T01:19:44.464746,34.79,1.00420415765624,0.040135273285648816,0.0,-0.15995236543101402,0.0,0.0,-0.07989095283668649,0.9968036093708963,-2.8990526268886337e-08,-6.084915306583557e-09,0.0,0.0,0.0,-4.844192830874942e-05
2026-08-24T01:19:44.497682,34.81,1.0042041576581262,0.040135273285901885,0.0,-0.15995462335471847,0.0,0.0,-0.07989207818988471,0.996803519176423,-2.8626127918798543e-08,-6.029618176131619e-09,0.0,0.0,0.0,0.00022700847045958853
2026-08-24T01:19:44.527016,34.83,1.0042041576599896,0.040135273286156396,0.0,-0.15995345220314316,0.0,0.0,-0.07989149448586515,0.9968035659591187,-2.8266309898024207e-08,-5.974545805817234e-09,0.0,0.0,0.0,-0.0005090923788669604
2026-08-24T01:19:44.555080,34.85,1.0042041576618306,0.040135273286412296,0.0,-0.159953537712386,0.0,0.0,-0.07989153710382416,0.9968035625433871,-2.7911014633821528e-08,-5.919701129128367e-09,0.0,0.0,0.0,0.00013177773230549993
2026-08-24T01:19:44.584008,34.87,1.004204157663649,0.04013527328666945,0.0,-0.1599513589988275,0.0,0.0,-0.07989045122905833,0.9968036495731832,-2.756018527709627e-08,-5.865091651962939e-09,0.0,0.0,0.0,-0.0003431645972792683
2026-08-24T01:19:44.611438,34.9,1.0042041578089989,0.04013527332241761,0.0,-0.1599526496979129,0.0,0.0,-0.0798910945158211,0.9968035980157095,-1.0748725148530821e-13,-5.7158424770838255e-09,0.0,0.0,0.0,-5.752494091825192e-05
2026-08-24T01:19:44.640080,34.91,1.0042041576672194,0.04013527328718724,0.0,-0.15995611556854028,0.0,0.0,-0.07989282191185695,0.9968034595681138,-2.68717004535653e-08,-5.756589848986314e-09,0.0,0.0,0.0,9.548776936945638e-05
2026-08-24T01:19:44.672576,34.93,1.0042041576689722,0.04013527328744772,0.0,-0.1599531592354828,0.0,0.0,-0.07989134847026001,0.9968035776619201,-2.6533934825615792e-08,-5.702704902519399e-09,0.0,0.0,0.0,0.00017222753320321552
2026-08-24T01:19:44.697719,34.95,1.0042041576707035,0.040135273287709126,0.0,-0.15995529276508688,0.0,0.0,-0.07989241182518576,0.9968034924360744,-2.6200414765217852e-08,-5.649070465059727e-09,0.0,0.0,0.0,-0.0003170145559550395
2026-08-24T01:19:44.732820,34.97,1.0042041576724137,0.04013527328797142,0.0,-0.15995148243148008,0.0,0.0,-0.07989051274811744,0.9968036446426362,-2.5871086907418566e-08,-5.5956874885749745e-09,0.0,0.0,0.0,7.880555387398654e-05
2026-08-24T01:19:44.759836,34.99,1.004204157674103,0.04013527328823447,0.0,-0.15995753892421316,0.0,0.0,-0.07989353131476619,0.9968034027099107,-2.5545898558050624e-08,-5.5425630614433565e-09,0.0,0.0,0.0,-0.00037012161449482596
2026-08-24T01:19:44.787499,35.01,1.0042041576757723,0.04013527328849826,0.0,-0.1599496265929643,0.0,0.0,-0.07988958779478486,0.9968037187741523,-2.5224797685290283e-08,-5.489696312947606e-09,0.0,0.0,0.0,8.8980808095415e-05
2026-08-24T01:19:44.822802,35.02,1.0042041578089993,0.04013527332241766,0.0,-0.15995264969922296,0.0,0.0,-0.07989109451647404,0.9968035980156571,-3.3210493208675726e-14,-5.399330466668469e-09,0.0,0.0,0.0,0.0002526460538246033
2026-08-24T01:19:44.847732,35.05,1.0042041576790488,0.04013527328902762,0.0,-0.1599539962980128,0.0,0.0,-0.07989176566371532,0.9968035442248057,-2.459465350415152e-08,-5.38476148406903e-09,0.0,0.0,0.0,6.365468289672217e-05
2026-08-24T01:19:44.877781,35.07,1.0042041576806575,0.04013527328929309,0.0,-0.15995370452366586,0.0,0.0,-0.0798916202428629,0.9968035558799789,-2.4285509369420617e-08,-5.3326960077630425e-09,0.0,0.0,0.0,-0.000139301709110931
2026-08-24T01:19:44.905169,35.09,1.0042041576822465,0.04013527328955899,0.0,-0.15995305229936066,0.0,0.0,-0.07989129517310532,0.9968035819335541,-2.3980251042480338e-08,-5.280902732452909e-09,0.0,0.0,0.0,-0.00021123454034014573
2026-08-24T01:19:44.938355,35.11,1.0042041576838159,0.040135273289825246,0.0,-0.15995177156295526,0.0,0.0,-0.07989065685177074,0.9968036330931949,-2.36788296804016e-08,-5.229384709266191e-09,0.0,0.0,0.0,-7.91167819058352e-05
2026-08-24T01:19:44.972079,35.13,1.0042041576853664,0.040135273290091804,0.0,-0.15995090670656434,0.0,0.0,-0.07989022580576698,0.9968036676400742,-2.338119705419175e-08,-5.178145114009897e-09,0.0,0.0,0.0,-3.579084248399382e-05
2026-08-24T01:19:45.002534,35.15,1.004204157686898,0.040135273290358583,0.0,-0.1599521794838146,0.0,0.0,-0.07989086016026638,0.9968036167986414,-2.3087305541097033e-08,-5.127186389378614e-09,0.0,0.0,0.0,0.0001723108676623078
2026-08-24T01:19:45.029842,35.17,1.0042041576884106,0.04013527329062553,0.0,-0.15995159556503769,0.0,0.0,-0.07989056913408861,0.9968036401234857,-2.2797108116942716e-08,-5.076510834403156e-09,0.0,0.0,0.0,0.00011407704334979976
2026-08-24T01:19:45.062523,35.19,1.0042041576899052,0.04013527329089259,0.0,-0.15995228636790326,0.0,0.0,-0.07989091343148935,0.9968036125291091,-2.2510558348624114e-08,-5.026120510625915e-09,0.0,0.0,0.0,0.00011220959442009777
2026-08-24T01:19:45.093270,35.21,1.0042041576913812,0.04013527329115971,0.0,-0.15995355648244838,0.0,0.0,-0.07989154645885668,0.9968035617936025,-2.222761038670389e-08,-4.976017715834043e-09,0.0,0.0,0.0,0.0001828509025033351
2026-08-24T01:19:45.125067,35.23,1.0042041576928393,0.040135273291426805,0.0,-0.1599556494672889,0.0,0.0,-0.07989258960618485,0.9968034781871589,-2.1948218958020884e-08,-4.926204455904239e-09,0.0,0.0,0.0,-6.723314231266508e-05
2026-08-24T01:19:45.150769,35.25,1.0042041576942797,0.04013527329169386,0.0,-0.15994939483745976,0.0,0.0,-0.07988947228740993,0.9968037280315715,-2.1672339358502545e-08,-4.876682064352024e-09,0.0,0.0,0.0,6.811864126258789e-05
2026-08-24T01:19:45.177754,35.28,1.004204157808999,0.04013527332241762,0.0,-0.15995264969690168,0.0,0.0,-0.07989109451531712,0.9968035980157499,-8.452411213168822e-14,-4.7466519323417786e-09,0.0,0.0,0.0,0.0002930393646178349
2026-08-24T01:19:45.239950,35.31,1.0042041576984957,0.04013527329249407,0.0,-0.1599552452213313,0.0,0.0,-0.07989238812929493,0.9968034943352667,-2.0865332880475904e-08,-4.729888787276748e-09,0.0,0.0,0.0,5.3250415680698596e-05
2026-08-24T01:19:45.278069,35.33,1.004204157699867,0.04013527329276034,0.0,-0.159952572390619,0.0,0.0,-0.07989105598572668,0.9968036011037908,-2.060306468959856e-08,-4.6815522594851e-09,0.0,0.0,0.0,0.0002265162781741917
2026-08-24T01:19:45.302757,35.35,1.0042041577012215,0.04013527329302628,0.0,-0.1599509527262373,0.0,0.0,-0.07989024874205634,0.9968036658018129,-2.0344093096205946e-08,-4.633517095952655e-09,0.0,0.0,0.0,0.00014257404011186505
2026-08-24T01:19:45.336906,35.37,1.0042041577025596,0.040135273293291855,0.0,-0.15995332268479867,0.0,0.0,-0.07989142993369117,0.9968035711328236,-2.0088376663495994e-08,-4.585784068981814e-09,0.0,0.0,0.0,-0.00016145403047858813
2026-08-24T01:19:45.366724,35.39,1.004204157703881,0.04013527329355702,0.0,-0.15995369749568947,0.0,0.0,-0.07989161674010696,0.996803556160717,-1.9835874475518072e-08,-4.538353531252861e-09,0.0,0.0,0.0,-4.267561401239546e-05
2026-08-24T01:19:45.392378,35.41,1.0042041577051868,0.04013527329382174,0.0,-0.15995100311405433,0.0,0.0,-0.07989027385543669,0.996803663789065,-1.958654613059375e-08,-4.4912277423741675e-09,0.0,0.0,0.0,-0.00010731654138969191
2026-08-24T01:19:45.423762,35.43,1.0042041577064762,0.040135273294085935,0.0,-0.15995360419169113,0.0,0.0,-0.07989157023722822,0.9968035598878197,-1.9340351734910282e-08,-4.444408418445926e-09,0.0,0.0,0.0,0.0003222292069264368
2026-08-24T01:19:45.457506,35.45,1.0042041577077496,0.040135273294349585,0.0,-0.1599528864138975,0.0,0.0,-0.07989121249549312,0.996803588559953,-1.9097251896070642e-08,-4.3978964096078095e-09,0.0,0.0,0.0,-4.2071164203633164e-05
2026-08-24T01:19:45.490350,35.47,1.004204157709008,0.04013527329461265,0.0,-0.1599524855467291,0.0,0.0,-0.07989101270257554,0.996803604572815,-1.8857207716833443e-08,-4.3516919366120314e-09,0.0,0.0,0.0,0.00014435635028268477
2026-08-24T01:19:45.522998,35.5,1.004204157808999,0.04013527332241766,0.0,-0.1599526497003989,0.0,0.0,-0.07989109451706014,0.9968035980156101,-2.4514979081521717e-14,-4.2327546615612546e-09,0.0,0.0,0.0,-3.551046320676543e-05
2026-08-24T01:19:45.547365,35.51,1.0042041577114786,0.04013527329513686,0.0,-0.15995054402126826,0.0,0.0,-0.07989004504274902,0.996803682127563,-1.8386133186705215e-08,-4.260211766473881e-09,0.0,0.0,0.0,9.425375652931355e-05
2026-08-24T01:19:45.579890,35.52,1.004204157808999,0.04013527332241766,0.0,-0.15995264969946282,0.0,0.0,-0.07989109451659357,0.9968035980156476,-2.420683642188314e-14,-4.187857447526356e-09,0.0,0.0,0.0,1.9677949264003606e-05
2026-08-24T01:19:45.606177,35.54,1.004204157808999,0.04013527332241766,0.0,-0.1599526496992434,0.0,0.0,-0.07989109451648423,0.9968035980156563,-2.3902566980277448e-14,-4.143267857707739e-09,0.0,0.0,0.0,-1.8548043058258525e-06
2026-08-24T01:19:45.639028,35.57,1.004204157715072,0.04013527329591777,0.0,-0.1599515984823192,0.0,0.0,-0.07989057058806703,0.996803640006954,-1.770149419398294e-08,-4.125324616598485e-09,0.0,0.0,0.0,2.032960893355461e-05
2026-08-24T01:19:45.664917,35.59,1.0042041577162406,0.040135273296176485,0.0,-0.1599523256061679,0.0,0.0,-0.0798909329879113,0.9968036109617185,-1.747899408411354e-08,-4.080987130240006e-09,0.0,0.0,0.0,0.00023689343332178808
2026-08-24T01:19:45.694013,35.6,1.004204157808999,0.04013527332241766,0.0,-0.15995264969956177,0.0,0.0,-0.07989109451664292,0.9968035980156437,-2.3012514176274948e-14,-4.011349303097837e-09,0.0,0.0,0.0,-0.0003157410078589541
2026-08-24T01:19:45.728272,35.62,1.004204157808999,0.04013527332241766,0.0,-0.1599526497006729,0.0,0.0,-0.0798910945171967,0.9968035980155993,-2.2723256847270493e-14,-3.967995496552113e-09,0.0,0.0,0.0,-0.00015238993993713212
2026-08-24T01:19:45.756267,35.64,1.004204157808999,0.04013527332241766,0.0,-0.15995264970024928,0.0,0.0,-0.07989109451698555,0.9968035980156161,-2.243763535741122e-14,-3.924952330615635e-09,0.0,0.0,0.0,-0.0003855511996748384
2026-08-24T01:19:45.789745,35.67,1.0042041577207736,0.04013527329720261,0.0,-0.15995554731539577,0.0,0.0,-0.07989253869350355,0.9968034822677472,-1.661661161103476e-08,-3.906773929823613e-09,0.0,0.0,0.0,4.1478155286860205e-05
2026-08-24T01:19:45.813284,35.68,1.004204157808999,0.04013527332241766,0.0,-0.15995264970099937,0.0,0.0,-0.07989109451735939,0.9968035980155862,-2.1877117666198966e-14,-3.8397971435716575e-09,0.0,0.0,0.0,8.806210958333284e-05
2026-08-24T01:19:45.845072,35.71,1.0042041577229577,0.04013527329770996,0.0,-0.15995621945455515,0.0,0.0,-0.07989287368882637,0.996803455418239,-1.6201509724001227e-08,-3.821555445689205e-09,0.0,0.0,0.0,-0.0003309446581139103
2026-08-24T01:19:45.875653,35.73,1.00420415772403,0.04013527329796211,0.0,-0.15995392736375227,0.0,0.0,-0.07989173130675767,0.9968035469784449,-1.5997863768791437e-08,-3.779418051735789e-09,0.0,0.0,0.0,-0.00011697756009854979
2026-08-24T01:19:45.900880,35.75,1.0042041577250889,0.0401352732982132,0.0,-0.1599517549929423,0.0,0.0,-0.0798906485932462,0.9968036337550894,-1.579677755497575e-08,-3.737596674967886e-09,0.0,0.0,0.0,0.0005002689550782544
2026-08-24T01:19:45.932794,35.77,1.0042041577261347,0.0401352732984632,0.0,-0.1599499030327789,0.0,0.0,-0.07988972557290171,0.9968037077318114,-1.5598218907713714e-08,-3.696091872949284e-09,0.0,0.0,0.0,0.0003054918971470756
2026-08-24T01:19:45.960764,35.79,1.0042041577271679,0.04013527329871209,0.0,-0.15995632328729317,0.0,0.0,-0.07989292543924227,0.9968034512704897,-1.5402156056585928e-08,-3.6549023391959597e-09,0.0,0.0,0.0,0.00025127849340607274
2026-08-24T01:19:45.997658,35.82,1.0042041578089993,0.04013527332241763,0.0,-0.1599526496954118,0.0,0.0,-0.07989109451457455,0.9968035980158094,-6.00698219111154e-14,-3.551571376405641e-09,0.0,0.0,0.0,0.00046637993031015465
2026-08-24T01:19:46.023161,35.83,1.0042041577291967,0.04013527329920646,0.0,-0.15995260472677453,0.0,0.0,-0.07989107210212482,0.996803599812106,-1.501739265276159e-08,-3.573467950340324e-09,0.0,0.0,0.0,0.00022269826005608625
2026-08-24T01:19:46.053056,35.85,1.0042041577301921,0.040135273299451886,0.0,-0.15995500606049573,0.0,0.0,-0.07989226893111605,0.9968035038888248,-1.4828630535922458e-08,-3.533223288016935e-09,0.0,0.0,0.0,0.0003477985954785948
2026-08-24T01:19:46.079488,35.87,1.0042041577311753,0.04013527329969611,0.0,-0.15995276124031002,0.0,0.0,-0.07989115010875236,0.9968035935600859,-1.4642241077077196e-08,-3.493293160644992e-09,0.0,0.0,0.0,-0.00011894246281169404
2026-08-24T01:19:46.111852,35.89,1.0042041577321468,0.04013527329993912,0.0,-0.15995319923331008,0.0,0.0,-0.07989136840524866,0.9968035760641797,-1.4458194452941874e-08,-3.4536770866199374e-09,0.0,0.0,0.0,-6.068686294056554e-06
2026-08-24T01:19:46.147939,35.91,1.0042041577331062,0.04013527330018089,0.0,-0.1599533017484216,0.0,0.0,-0.07989141949896343,0.996803571969142,-1.4276461215105037e-08,-3.4143752277752274e-09,0.0,0.0,0.0,-0.000200604255916221
2026-08-24T01:19:46.181361,35.93,1.004204157734054,0.0401352733004214,0.0,-0.15995389795974724,0.0,0.0,-0.0798917166517494,0.9968035481530132,-1.4097012285301665e-08,-3.3753868193594373e-09,0.0,0.0,0.0,-0.00030020635753438005
2026-08-24T01:19:46.206695,35.95,1.0042041577349898,0.040135273300660634,0.0,-0.15995528109829316,0.0,0.0,-0.07989240601043539,0.9968034929021184,-1.3919818950765e-08,-3.336711434518365e-09,0.0,0.0,0.0,-6.014955382006629e-05
2026-08-24T01:19:46.244210,35.97,1.0042041577359144,0.040135273300898576,0.0,-0.1599524249138935,0.0,0.0,-0.07989098248306094,0.9968036069948238,-1.3744852859646579e-08,-3.2983490110832925e-09,0.0,0.0,0.0,0.0003358722291016324
2026-08-24T01:19:46.276928,35.99,1.0042041577368275,0.040135273301135185,0.0,-0.15995356504589076,0.0,0.0,-0.07989155072689162,0.9968035614515292,-1.3572086016458884e-08,-3.260299731331949e-09,0.0,0.0,0.0,0.00028061289663634494
2026-08-24T01:19:46.312371,36.01,1.0042041577377294,0.04013527330137047,0.0,-0.15995309953649484,0.0,0.0,-0.07989131871617758,0.9968035800466359,-1.3401490777604192e-08,-3.2225618780020335e-09,0.0,0.0,0.0,-0.00037446870460026483
2026-08-24T01:19:46.344816,36.03,1.0042041577386205,0.040135273301604414,0.0,-0.1599523015059776,0.0,0.0,-0.07989092097633295,0.9968036119244118,-1.3233039846967212e-08,-3.1851344471136094e-09,0.0,0.0,0.0,0.00015922094675983235
2026-08-24T01:19:46.373505,36.06,1.004204157808999,0.04013527332241766,0.0,-0.15995264970106948,0.0,0.0,-0.07989109451739435,0.9968035980155834,-2.5805060308503793e-14,-3.0928764768090244e-09,0.0,0.0,0.0,-7.634728025636391e-05
2026-08-24T01:19:46.403667,36.07,1.0042041577403693,0.040135273302068196,0.0,-0.15995591126858333,0.0,0.0,-0.0798927200884046,0.9968034677291586,-1.2902463437013307e-08,-3.1112112769188105e-09,0.0,0.0,0.0,0.00013200238668169598
2026-08-24T01:19:46.430439,36.09,1.004204157741228,0.04013527330229801,0.0,-0.1599502394302692,0.0,0.0,-0.07988989323403338,0.9968036942944457,-1.2740285063758476e-08,-3.0747134550649083e-09,0.0,0.0,0.0,-0.00019385030872543004
2026-08-24T01:19:46.460069,36.11,1.0042041577420757,0.040135273302526406,0.0,-0.1599497515451409,0.0,0.0,-0.07988965007118187,0.9968037137829614,-1.2580145202367504e-08,-3.0385242707502484e-09,0.0,0.0,0.0,-5.4870669182753747e-05
2026-08-24T01:19:46.492412,36.13,1.0042041577429133,0.04013527330275339,0.0,-0.15995131176834798,0.0,0.0,-0.07989042768930113,0.9968036514598151,-1.2422018229622082e-08,-3.002642729545585e-09,0.0,0.0,0.0,-0.00015133962595363822
2026-08-24T01:19:46.525040,36.15,1.0042041577437404,0.04013527330297895,0.0,-0.15995388215114792,0.0,0.0,-0.07989170877271547,0.9968035487845013,-1.2265878844386786e-08,-2.967067534671102e-09,0.0,0.0,0.0,-6.724018862702501e-05
2026-08-24T01:19:46.554667,36.17,1.0042041577445575,0.040135273303203066,0.0,-0.15995367258014162,0.0,0.0,-0.07989160432215361,0.9968035571559887,-1.2111702063551766e-08,-2.9317979725811274e-09,0.0,0.0,0.0,0.00018586855058230333
2026-08-24T01:19:46.582015,36.19,1.0042041577453644,0.040135273303425735,0.0,-0.15995311190424924,0.0,0.0,-0.07989132488028851,0.9968035795525978,-1.1959463218028992e-08,-2.896833615956106e-09,0.0,0.0,0.0,-5.437453547372367e-05
2026-08-24T01:19:46.615763,36.21,1.0042041577461616,0.04013527330364694,0.0,-0.15995369055473627,0.0,0.0,-0.07989161328072357,0.996803556437979,-1.1809137948811547e-08,-2.8621730369449703e-09,0.0,0.0,0.0,-0.00028219347477280096
2026-08-24T01:19:46.645745,36.24,1.0042041578089993,0.04013527332241764,0.0,-0.15995264969699985,0.0,0.0,-0.07989109451536604,0.9968035980157459,-4.605672159913742e-14,-2.7777866271400944e-09,0.0,0.0,0.0,8.726568437695852e-05
2026-08-24T01:19:46.708827,36.27,1.0042041577484941,0.040135273304301666,0.0,-0.15995092743694173,0.0,0.0,-0.07989023613782509,0.996803666811997,-1.1369404578625422e-08,-2.7600067677398594e-09,0.0,0.0,0.0,-0.0001718899405160735
2026-08-24T01:19:46.734921,36.28,1.004204157808999,0.040135273322417675,0.0,-0.1599526497003092,0.0,0.0,-0.07989109451701543,0.9968035980156138,-1.4968743783249558e-14,-2.7110695108963332e-09,0.0,0.0,0.0,-0.0004765546138857016
2026-08-24T01:19:46.766746,36.31,1.0042041577500018,0.0401352733047307,0.0,-0.15994963495201953,0.0,0.0,-0.07988959196095353,0.9968037184402516,-1.1085383900650935e-08,-2.693395798742053e-09,0.0,0.0,0.0,-1.5075393367652823e-05
2026-08-24T01:19:46.796597,36.33,1.004204157750742,0.04013527330494295,0.0,-0.15995374823143263,0.0,0.0,-0.07989164202689154,0.9968035541340365,-1.094604542960755e-08,-2.660537972079492e-09,0.0,0.0,0.0,-0.00020209260601418546
2026-08-24T01:19:46.827875,36.35,1.0042041577514726,0.040135273305153686,0.0,-0.15994855198765912,0.0,0.0,-0.07988905220949112,0.9968037616988958,-1.0808458382759091e-08,-2.6279762040663644e-09,0.0,0.0,0.0,0.0002203820286369697
2026-08-24T01:19:46.862071,36.37,1.0042041577521945,0.04013527330536288,0.0,-0.1599544223500247,0.0,0.0,-0.07989197800879125,0.9968035272057593,-1.0672600745452449e-08,-2.5957107162488445e-09,0.0,0.0,0.0,-0.0001941177276033566
2026-08-24T01:19:46.886725,36.38,1.004204157808999,0.040135273322417675,0.0,-0.15995264970134127,0.0,0.0,-0.0798910945175298,0.9968035980155725,-1.4051344989858847e-14,-2.5494318869005517e-09,0.0,0.0,0.0,7.924675299698388e-05
2026-08-24T01:19:46.915054,36.41,1.0042041577536118,0.04013527330577669,0.0,-0.15995210194916923,0.0,0.0,-0.07989082151685885,0.9968036198957955,-1.0405987021014927e-08,-2.5320599417722156e-09,0.0,0.0,0.0,0.00012313046161730378
2026-08-24T01:19:46.946622,36.43,1.0042041577543068,0.04013527330598129,0.0,-0.15995386270004675,0.0,0.0,-0.07989169907825212,0.9968035495614921,-1.0275188274292394e-08,-2.5006730386982155e-09,0.0,0.0,0.0,-9.38386960914502e-05
2026-08-24T01:19:46.978249,36.45,1.0042041577549938,0.04013527330618434,0.0,-0.15995260086034427,0.0,0.0,-0.07989107017508901,0.9968035999665525,-1.0146033611118814e-08,-2.4695761924867252e-09,0.0,0.0,0.0,-0.0001167437981025546
2026-08-24T01:19:47.015087,36.47,1.0042041577556722,0.04013527330638585,0.0,-0.15995405240621796,0.0,0.0,-0.07989179362814418,0.9968035419835134,-1.00185023660837e-08,-2.438768660998243e-09,0.0,0.0,0.0,0.00036915641345249006
2026-08-24T01:19:47.047779,36.5,1.004204157808999,0.040135273322417654,0.0,-0.15995264970370424,0.0,0.0,-0.07989109451870753,0.9968035980154781,-3.907307851780155e-14,-2.365027733553006e-09,0.0,0.0,0.0,-6.43509770383867e-05
2026-08-24T01:19:47.076742,36.51,1.004204157757004,0.040135273306784194,0.0,-0.1599512240230849,0.0,0.0,-0.07989038395690175,0.9968036549648175,-9.768228764270036e-09,-2.3780161037839444e-09,0.0,0.0,0.0,-0.0003562870423465211
2026-08-24T01:19:47.106812,36.53,1.0042041577576577,0.04013527330698104,0.0,-0.1599487668950559,0.0,0.0,-0.07988915931974142,0.996803753114516,-9.645446362413253e-09,-2.3480682494937804e-09,0.0,0.0,0.0,0.00011148917571024457
2026-08-24T01:19:47.137961,36.54,1.004204157808999,0.040135273322417675,0.0,-0.15995264969892187,0.0,0.0,-0.07989109451632398,0.9968035980156692,-1.2699012888666568e-14,-2.3058342827258394e-09,0.0,0.0,0.0,-0.00018650616441056344
2026-08-24T01:19:47.162241,36.57,1.0042041577589411,0.040135273307370024,0.0,-0.15995415670013505,0.0,0.0,-0.07989184560841704,0.996803537817398,-9.404492124544827e-09,-2.289023334143573e-09,0.0,0.0,0.0,0.00017035795983115395
2026-08-24T01:19:47.196588,36.59,1.0042041577595704,0.040135273307562176,0.0,-0.1599506821832959,0.0,0.0,-0.07989011390295775,0.9968036766086753,-9.286281734605883e-09,-2.259923254498302e-09,0.0,0.0,0.0,0.00026277486091241353
2026-08-24T01:19:47.227538,36.61,1.0042041577601923,0.04013527330775275,0.0,-0.15995478242704797,0.0,0.0,-0.0798921574718134,0.9968035128221103,-9.169557198026289e-09,-2.231103136524121e-09,0.0,0.0,0.0,-7.641708819991426e-05
2026-08-24T01:19:47.260700,36.62,1.004204157808999,0.040135273322417675,0.0,-0.15995264970111434,0.0,0.0,-0.0798910945174167,0.9968035980155816,-1.2072466183337055e-14,-2.1907942279338733e-09,0.0,0.0,0.0,-0.0003218020501621757
2026-08-24T01:19:47.285095,36.65,1.0042041577614134,0.040135273308129236,0.0,-0.15995267100222899,0.0,0.0,-0.07989110513393057,0.9968035971646969,-8.940491213600535e-09,-2.1742948883793237e-09,0.0,0.0,0.0,-6.118144967754064e-05
2026-08-24T01:19:47.321613,36.67,1.0042041577620122,0.04013527330831512,0.0,-0.1599539378584023,0.0,0.0,-0.07989173653730985,0.996803546559227,-8.82811311399946e-09,-2.146304743693798e-09,0.0,0.0,0.0,-0.00017249467055958418
2026-08-24T01:19:47.351685,36.69,1.0042041577626042,0.04013527330849945,0.0,-0.15994888910980398,0.0,0.0,-0.07988922023180106,0.9968037482326974,-8.717147558399079e-09,-2.1185882196828645e-09,0.0,0.0,0.0,0.0003255497845904257
2026-08-24T01:19:47.379414,36.71,1.0042041577631886,0.04013527330868219,0.0,-0.15995243780766355,0.0,0.0,-0.07989098890933918,0.9968036064797758,-8.60757679174358e-09,-2.0911449289826875e-09,0.0,0.0,0.0,-0.00035431281882863046
2026-08-24T01:19:47.414985,36.73,1.0042041577637657,0.040135273308863385,0.0,-0.15995237390885728,0.0,0.0,-0.07989095706205888,0.9968036090322447,-8.499383282136817e-09,-2.0639716969124913e-09,0.0,0.0,0.0,0.00020551864145002425
2026-08-24T01:19:47.444013,36.75,1.0042041577643361,0.040135273309043006,0.0,-0.15995367738810942,0.0,0.0,-0.07989160671845331,0.9968035569639305,-8.392549718046265e-09,-2.037068178622503e-09,0.0,0.0,0.0,0.00022590018897208265
2026-08-24T01:19:47.476887,36.77,1.004204157764899,0.040135273309221065,0.0,-0.15995294679962946,0.0,0.0,-0.07989124259185025,0.9968035861478078,-8.287059005560383e-09,-2.0104324764540772e-09,0.0,0.0,0.0,0.00027208081930893825
2026-08-24T01:19:47.508344,36.79,1.004204157765455,0.04013527330939756,0.0,-0.15995411511460178,0.0,0.0,-0.07989182488211369,0.9968035394785703,-8.182894265606708e-09,-1.984063105013034e-09,0.0,0.0,0.0,2.1354373239585085e-05
2026-08-24T01:19:47.539145,36.8,1.004204157808999,0.040135273322417675,0.0,-0.1599526497006574,0.0,0.0,-0.07989109451718895,0.9968035980155998,-1.077344436344933e-14,-1.94785609126706e-09,0.0,0.0,0.0,0.0001352078745606742
2026-08-24T01:19:47.570520,36.83,1.0042041577665466,0.04013527330974588,0.0,-0.1599560150267907,0.0,0.0,-0.07989277180167495,0.9968034635843946,-7.97847624520365e-09,-1.932116549896745e-09,0.0,0.0,0.0,1.0999776916741154e-05
2026-08-24T01:19:47.605621,36.85,1.0042041577670824,0.04013527330991771,0.0,-0.15995208870888303,0.0,0.0,-0.07989081491787624,0.9968036204246841,-7.878190256801992e-09,-1.906536206331691e-09,0.0,0.0,0.0,-0.0003387607456839266
2026-08-24T01:19:47.642680,36.87,1.0042041577676113,0.040135273310087996,0.0,-0.15995463789681172,0.0,0.0,-0.0798920854376896,0.9968035185955239,-7.779164819816924e-09,-1.8812159853597694e-09,0.0,0.0,0.0,-0.00030729246465489315
2026-08-24T01:19:47.678684,36.89,1.0042041577681335,0.04013527331025672,0.0,-0.15995112169047673,0.0,0.0,-0.07989033295414272,0.9968036590525118,-7.681384089652895e-09,-1.8561540121486605e-09,0.0,0.0,0.0,8.092085317111721e-05
2026-08-24T01:19:47.704413,36.91,1.0042041577686496,0.04013527331042391,0.0,-0.15995385193524972,0.0,0.0,-0.07989169371305817,0.996803549991501,-7.584832420881221e-09,-1.831349276480605e-09,0.0,0.0,0.0,0.0002661312217122107
2026-08-24T01:19:47.740594,36.93,1.0042041577691592,0.040135273310589546,0.0,-0.1599554112596442,0.0,0.0,-0.0798924708830799,0.9968034877026646,-7.489494364740845e-09,-1.80679971407479e-09,0.0,0.0,0.0,-0.0001816600925556064
2026-08-24T01:19:47.766487,36.95,1.0042041577696623,0.04013527331075365,0.0,-0.15995219883280232,0.0,0.0,-0.07989086980383685,0.9968036160257377,-7.395354666646318e-09,-1.7825033308829441e-09,0.0,0.0,0.0,-0.00022170099821821633
2026-08-24T01:19:47.793255,36.97,1.0042041577701597,0.04013527331091622,0.0,-0.15995251008161926,0.0,0.0,-0.07989102493080899,0.9968036035927563,-7.3023982637489124e-09,-1.7584590323613338e-09,0.0,0.0,0.0,0.00014562906361475657
2026-08-24T01:19:47.829681,36.98,1.004204157808999,0.040135273322417675,0.0,-0.15995264969986644,0.0,0.0,-0.07989109451679476,0.9968035980156315,-9.614199922570659e-15,-1.7260406499634123e-09,0.0,0.0,0.0,-9.585906577497052e-05
2026-08-24T01:19:47.859114,37.01,1.0042041577711354,0.04013527331123677,0.0,-0.15995150063784805,0.0,0.0,-0.07989052182220442,0.9968036439153781,-7.119976036495633e-09,-1.7111201919845227e-09,0.0,0.0,0.0,9.012203725784857e-05
2026-08-24T01:19:47.885938,37.03,1.0042041577716139,0.04013527331139475,0.0,-0.15995029329653487,0.0,0.0,-0.07988992008107966,0.9968036921427602,-7.0304810236339e-09,-1.6878223263316297e-09,0.0,0.0,0.0,2.9060893685054666e-05
2026-08-24T01:19:47.919210,37.05,1.0042041577720866,0.04013527331155122,0.0,-0.15995303945472597,0.0,0.0,-0.07989128877131639,0.9968035824466414,-6.942110924293991e-09,-1.6647698596046145e-09,0.0,0.0,0.0,-1.3526619820249344e-05
2026-08-24T01:19:47.945143,37.07,1.0042041577725536,0.04013527331170619,0.0,-0.15995471216316615,0.0,0.0,-0.07989212245217124,0.9968035156288763,-6.8548515987994e-09,-1.6419609071103658e-09,0.0,0.0,0.0,0.00028169747200310665
2026-08-24T01:19:47.979095,37.09,1.004204157773015,0.04013527331185964,0.0,-0.1599537663826536,0.0,0.0,-0.07989165107349233,0.996803553408971,-6.768689085204632e-09,-1.6193941103791197e-09,0.0,0.0,0.0,-0.00046818227758375154
2026-08-24T01:19:48.007684,37.11,1.0042041577734702,0.0401352733120116,0.0,-0.15995606703436185,0.0,0.0,-0.07989279772233844,0.9968034615068797,-6.683609597070811e-09,-1.5970674632353546e-09,0.0,0.0,0.0,-0.00020645544330378837
2026-08-24T01:19:48.038403,37.12,1.004204157808999,0.040135273322417675,0.0,-0.15995264970183198,0.0,0.0,-0.07989109451777439,0.996803598015553,-8.799514426229494e-15,-1.5673851657430201e-09,0.0,0.0,0.0,0.00012004626090646636
2026-08-24T01:19:48.072132,37.16,1.004204157808999,0.04013527332241766,0.0,-0.15995264969962397,0.0,0.0,-0.07989109451667391,0.9968035980156411,-2.573904370900034e-14,-1.5241964427305797e-09,0.0,0.0,0.0,4.3059435588873194e-05
2026-08-24T01:19:48.100036,37.17,1.0042041577748029,0.0401352733124585,0.0,-0.15995405592429932,0.0,0.0,-0.07989179538156217,0.9968035418429805,-6.434734007162849e-09,-1.5315142576615221e-09,0.0,0.0,0.0,-0.00013878495362372638
2026-08-24T01:19:48.137105,37.19,1.0042041577752359,0.04013527331260452,0.0,-0.15995194706809013,0.0,0.0,-0.07989074432384848,0.9968036260825808,-6.353852189615156e-09,-1.510132798452993e-09,0.0,0.0,0.0,-0.00034199045146608183
2026-08-24T01:19:48.167082,37.21,1.0042041577756637,0.04013527331274905,0.0,-0.15995179911138988,0.0,0.0,-0.0798906705819606,0.9968036319927635,-6.27398702145522e-09,-1.4889834083333825e-09,0.0,0.0,0.0,-0.0001011690755902638
2026-08-24T01:19:48.195572,37.22,1.004204157808999,0.040135273322417675,0.0,-0.1599526497003545,0.0,0.0,-0.079891094517038,0.9968035980156119,-8.260213063685137e-15,-1.4611472000350553e-09,0.0,0.0,0.0,0.00010170409198614591
2026-08-24T01:19:48.228838,37.25,1.0042041577765037,0.040135273313033716,0.0,-0.15995216466665643,0.0,0.0,-0.07989085277536795,0.9968036173905191,-6.117255678563829e-09,-1.4473745235825205e-09,0.0,0.0,0.0,7.420914319071591e-05
2026-08-24T01:19:48.261963,37.28,1.004204157808999,0.04013527332241767,0.0,-0.1599526497002657,0.0,0.0,-0.07989109451699374,0.9968035980156155,-2.3857858462477146e-14,-1.4001403318158746e-09,0.0,0.0,0.0,0.00010977107912348899
2026-08-24T01:19:48.290214,37.29,1.0042041577773224,0.04013527331331258,0.0,-0.15995054002554765,0.0,0.0,-0.0798900430512745,0.9968036822871721,-5.964439663166343e-09,-1.4066738357064388e-09,0.0,0.0,0.0,3.200498240474265e-05
2026-08-24T01:19:48.323967,37.31,1.0042041577777243,0.040135273313449855,0.0,-0.15995406464470022,0.0,0.0,-0.0798917997278254,0.9968035414946362,-5.8894692416829865e-09,-1.3866598822342408e-09,0.0,0.0,0.0,-7.38307625345053e-05
2026-08-24T01:19:48.349266,37.33,1.004204157778121,0.04013527331358569,0.0,-0.15995461944657752,0.0,0.0,-0.07989207624206039,0.9968035193325376,-5.815441165905857e-09,-1.3668677009533548e-09,0.0,0.0,0.0,-0.000526678232756806
2026-08-24T01:19:48.383284,37.35,1.004204157778513,0.04013527331372011,0.0,-0.15995203768269842,0.0,0.0,-0.07989078948633344,0.9968036224629455,-5.74234359095443e-09,-1.3472955385163412e-09,0.0,0.0,0.0,-0.0003654881556612078
2026-08-24T01:19:48.418211,37.37,1.0042041577788998,0.0401352733138531,0.0,-0.15995357800331256,0.0,0.0,-0.07989155718489371,0.9968035609339349,-5.670164820842135e-09,-1.3279422853065753e-09,0.0,0.0,0.0,9.563959655468354e-05
2026-08-24T01:19:48.448576,37.39,1.0042041577792824,0.04013527331398468,0.0,-0.159948236002724,0.0,0.0,-0.07988889472200415,0.996803774320752,-5.5988933065796495e-09,-1.3088060548703478e-09,0.0,0.0,0.0,-0.00011905238095770426
2026-08-24T01:19:48.486681,37.41,1.0042041577796594,0.04013527331411486,0.0,-0.15995154443173745,0.0,0.0,-0.07989054364915867,0.9968036421660195,-5.528517644370669e-09,-1.2898853588520056e-09,0.0,0.0,0.0,0.00026385744785425
2026-08-24T01:19:48.519042,37.42,1.004204157808999,0.040135273322417675,0.0,-0.15995264969927003,0.0,0.0,-0.07989109451649751,0.9968035980156553,-7.278742131161124e-15,-1.265478537092041e-09,0.0,0.0,0.0,-6.201132947775584e-05
2026-08-24T01:19:48.552833,37.45,1.0042041577804006,0.04013527331437103,0.0,-0.15995304618110895,0.0,0.0,-0.07989129212375773,0.9968035821779516,-5.390408975728427e-09,-1.252682681909394e-09,0.0,0.0,0.0,-9.610178470343665e-05
2026-08-24T01:19:48.584105,37.46,1.0042041578089993,0.040135273322417675,0.0,-0.15995264970068626,0.0,0.0,-0.07989109451720335,0.9968035980155987,-7.096910862137136e-15,-1.2289209363077182e-09,0.0,0.0,0.0,0.0002031065182702074
2026-08-24T01:19:48.613531,37.49,1.0042041577811232,0.040135273314621696,0.0,-0.15995324467729066,0.0,0.0,-0.07989139105460982,0.9968035742488885,-5.2557504189647855e-09,-1.2163207511506176e-09,0.0,0.0,0.0,-0.0004497654363102433
2026-08-24T01:19:48.647878,37.51,1.0042041577814775,0.040135273314744965,0.0,-0.1599510801470894,0.0,0.0,-0.07989031224884242,0.9968036607119691,-5.189687914133383e-09,-1.1984508813350177e-09,0.0,0.0,0.0,-8.71307898660224e-05
2026-08-24T01:19:48.680582,37.53,1.0042041577818277,0.040135273314866896,0.0,-0.15995313678778045,0.0,0.0,-0.079891337282285,0.9968035785586086,-5.1244557863519e-09,-1.180786449438398e-09,0.0,0.0,0.0,0.0001769732377784039
2026-08-24T01:19:48.710252,37.54,1.0042041578089993,0.040135273322417675,0.0,-0.15995264969995396,0.0,0.0,-0.07989109451683836,0.9968035980156279,-6.746761905826707e-15,-1.158276057042161e-09,0.0,0.0,0.0,-0.00022129746654503846
2026-08-24T01:19:48.737861,37.56,1.0042041578089993,0.040135273322417675,0.0,-0.15995264970121822,0.0,0.0,-0.0798910945174685,0.9968035980155775,-6.661958032583722e-15,-1.141119758633548e-09,0.0,0.0,0.0,0.0003199247432651225
2026-08-24T01:19:48.772303,37.59,1.0042041577828518,0.04013527331522458,0.0,-0.1599525946373106,0.0,0.0,-0.07989106707351783,0.996803600215135,-4.933637944857624e-09,-1.129007818376898e-09,0.0,0.0,0.0,-8.359536596295429e-05
2026-08-24T01:19:48.800369,37.61,1.0042041577831846,0.04013527331534115,0.0,-0.15995468512328337,0.0,0.0,-0.07989210897544612,0.9968035167090129,-4.871624254217887e-09,-1.112147602191684e-09,0.0,0.0,0.0,-0.000287681493238409
2026-08-24T01:19:48.830686,37.63,1.0042041577835132,0.0401352733154564,0.0,-0.1599554202120168,0.0,0.0,-0.07989247534495801,0.996803487345051,-4.810390048787691e-09,-1.0954840619071155e-09,0.0,0.0,0.0,0.00010407793684302406
2026-08-24T01:19:48.857149,37.65,1.004204157783838,0.04013527331557036,0.0,-0.15994993896862567,0.0,0.0,-0.07988974348339434,0.9968037062963587,-4.749925530779054e-09,-1.0790159184284014e-09,0.0,0.0,0.0,-0.00018326939036716433
2026-08-24T01:19:48.887937,37.66,1.0042041578089993,0.040135273322417675,0.0,-0.15995264970006584,0.0,0.0,-0.07989109451689413,0.9968035980156235,-6.2536624303621395e-15,-1.0582864185125657e-09,0.0,0.0,0.0,-0.00024917701514899166
2026-08-24T01:19:48.917472,37.69,1.0042041577844751,0.04013527331579437,0.0,-0.15995387128289673,0.0,0.0,-0.07989170335595978,0.9968035492186429,-4.63126698008976e-09,-1.0466590240788753e-09,0.0,0.0,0.0,0.00020115353320425107
2026-08-24T01:19:48.950584,37.71,1.0042041577847878,0.04013527331590444,0.0,-0.15994989574072482,0.0,0.0,-0.07988972193852843,0.9968037080230915,-4.573053961421305e-09,-1.0307669464803672e-09,0.0,0.0,0.0,-0.00016377432824836376
2026-08-24T01:19:48.979427,37.73,1.0111256566487135,0.039018621731090004,0.0,-0.15995137859431274,0.0,0.0,-0.07989046099548393,0.9968036487904371,0.35219943638169593,-9.531937113422394e-09,0.0,0.0,0.0,-0.00011108628989426776
2026-08-24T01:19:49.016378,37.75,1.0201126164804384,0.037568747549504275,0.0,-0.15995471412079398,0.0,0.0,-0.07989212342785638,0.9968035155506767,0.4578318552036958,-1.5473322699309715e-08,0.0,0.0,0.0,0.000535657671141609
2026-08-24T01:19:49.048297,37.77,1.0297192134683577,0.03601890702571113,0.0,-0.1599522895385821,0.0,0.0,-0.0798909150117614,0.9968036124024549,0.48949427947452745,5.316972975065098e-09,0.0,0.0,0.0,0.00031610037875512767
2026-08-24T01:19:49.076913,37.79,1.03951170324008,0.03443907580011501,0.0,-0.15995107084764415,0.0,0.0,-0.0798903076139819,0.9968036610834369,0.4989660493942453,1.320867871387568e-08,0.0,0.0,0.0,-0.00022333986400863823
2026-08-24T01:19:49.107716,37.81,1.0493599624830563,0.03285024696725057,0.0,-0.15995140236123673,0.0,0.0,-0.07989047284096219,0.9968036478410618,0.5017809607785166,1.647812205056875e-09,0.0,0.0,0.0,-0.0002324442978210615
2026-08-24T01:19:49.137525,37.83,1.0592249542535843,0.031258718787486955,0.0,-0.1599514885472022,0.0,0.0,-0.07989051579620451,0.9968036443983421,0.5025991493954144,-8.904529673899528e-09,0.0,0.0,0.0,0.0002902030641599995
2026-08-24T01:19:49.165077,37.85,1.0690949673652812,0.02966638024330348,0.0,-0.15995443793779532,0.0,0.0,-0.07989198577776362,0.9968035265830903,0.5028186515706196,-3.754372563964855e-09,0.0,0.0,0.0,-0.0002585644640968495
2026-08-24T01:19:49.195776,37.87,1.0789664884391956,0.02807379801701441,0.0,-0.1599515916000165,0.0,0.0,-0.07989056715791483,0.9968036402818695,0.5028588740490049,-6.453976351862068e-09,0.0,0.0,0.0,2.8201050585951372e-05
2026-08-24T01:19:49.221203,37.89,1.0871930291508565,0.026746602019684554,0.0,-0.15995312371684986,0.0,0.0,-0.07989133076770982,0.9968035790807357,0.5028379060474302,-7.807762036037278e-09,0.0,0.0,0.0,-9.911592317150285e-05
2026-08-24T01:19:49.257646,37.91,1.0987105758374485,0.02488846512056932,0.0,-0.15995148500459552,0.0,0.0,-0.0798905140305629,0.9968036445398524,0.502816675944326,-9.08989691587312e-09,0.0,0.0,0.0,-0.0003650481203885938
2026-08-24T01:19:49.280817,37.93,1.1085827321348105,0.02329578058240709,0.0,-0.15995637244964647,0.0,0.0,-0.07989294994184397,0.9968034493066273,0.5027833141469135,-2.3321302678958987e-08,0.0,0.0,0.0,-9.437487290982742e-05
2026-08-24T01:19:49.315545,37.95,1.1184549022785686,0.021703093808015828,0.0,-0.15995476612935455,0.0,0.0,-0.07989214934901437,0.9968035134731392,0.5027489418732417,-1.5205708407983355e-08,0.0,0.0,0.0,-0.00013330575483118482
2026-08-24T01:19:49.344108,37.97,1.128327078232094,0.020110405966079367,0.0,-0.1599500104856899,0.0,0.0,-0.07988977912763165,0.9968037034396182,0.5027145726989835,-1.3008305257922122e-08,0.0,0.0,0.0,-3.6151799774945164e-05
2026-08-24T01:19:49.376440,37.99,1.1381992574108384,0.01851771749875765,0.0,-0.15995568173251404,0.0,0.0,-0.07989260568722917,0.9968034768982825,0.5026805068467914,-2.1963774713340587e-08,0.0,0.0,0.0,2.6846421778499788e-05
2026-08-24T01:19:49.398849,38.01,1.1480714391620166,0.01692502941782464,0.0,-0.15995058490529906,0.0,0.0,-0.07989006541942524,0.9968036804944492,0.5026468305825309,-1.2063264695323482e-08,0.0,0.0,0.0,0.00015290434010096655
2026-08-24T01:19:49.433980,38.03,1.157943623075234,0.01533234081469649,0.0,-0.15995042165335027,0.0,0.0,-0.07988998405435324,0.9968036870155503,0.5026135660327998,-1.3399829980691518e-08,0.0,0.0,0.0,-0.00046854796034944736
2026-08-24T01:19:49.455712,38.05,1.167815808948597,0.013739651044867582,0.0,-0.1599560767145749,0.0,0.0,-0.0798928025469734,0.9968034611201901,0.5025807161295823,-3.390017604930414e-08,0.0,0.0,0.0,9.333795216030609e-05
2026-08-24T01:19:49.490771,38.07,1.1776879968481189,0.012146960814463158,0.0,-0.1599493185933096,0.0,0.0,-0.07988943428718334,0.9968037310771233,0.5025482780930688,-2.105521277833045e-08,0.0,0.0,0.0,0.00011766429477165613
2026-08-24T01:19:49.516586,38.09,1.187560186654086,0.01055426958397245,0.0,-0.159951752116497,0.0,0.0,-0.07989064715962063,0.9968036338699899,0.5025162474759248,-2.7547460648736697e-08,0.0,0.0,0.0,-0.0002871164344965344
2026-08-24T01:19:49.546225,38.11,1.197432378422928,0.008961577875934974,0.0,-0.1599523618625298,0.0,0.0,-0.07989095105814753,0.996803609513441,0.5024846193759438,-3.897983517977067e-08,0.0,0.0,0.0,0.00024746385339065075
2026-08-24T01:19:49.577765,38.13,1.2073045722178144,0.007368886244334379,0.0,-0.15995027268783746,0.0,0.0,-0.07988990980966681,0.9968036929659738,0.5024533887993244,-3.228938486971563e-08,0.0,0.0,0.0,0.0002074136116161692
2026-08-24T01:19:49.601145,38.14,1.21222863580848,0.006574481669554827,0.0,-0.15995291496798858,0.0,0.0,-0.07989122672690334,0.9968035874193424,0.5000000032285161,-3.328156957669603e-08,0.0,0.0,0.0,-0.00028829521766953034
2026-08-24T01:19:49.633673,38.17,1.2270488481216377,0.004182774076032463,0.0,-0.16014474790639754,0.0,0.0,-0.07998683623985396,0.996795919949685,0.5023921003569629,-3.0519367289651886e-07,0.0,0.0,0.0,-0.010038576721123852
2026-08-24T01:19:49.663172,38.18,1.231972980391959,0.003386872313177073,0.0,-0.1602486166573596,0.0,0.0,-0.08003860410554588,0.9967917645390313,0.5000000031492503,-8.886004714295329e-07,0.0,0.0,0.0,-0.010043253728380358
2026-08-24T01:19:49.692281,38.21,1.246791983628431,0.000989555048735486,0.0,-0.16054634635827816,0.0,0.0,-0.08018699047510747,0.9967798385594208,0.5023323429654706,-1.4694744912242621e-06,0.0,0.0,0.0,-0.010381059075825023
2026-08-24T01:19:49.718553,38.23,1.2566630702072032,-0.0006100445331747891,0.0,-0.16074950853560832,0.0,0.0,-0.08028824404238016,0.9967716879349008,0.5023030264252921,-2.058015664721938e-06,0.0,0.0,0.0,-0.009568824637329817
2026-08-24T01:19:49.747807,38.25,1.2665338327150146,-0.0022116541678338535,0.0,-0.16096064343955432,0.0,0.0,-0.08039347024209317,0.996763206555315,0.5022740783813043,-2.616994393138702e-06,0.0,0.0,0.0,-0.009822798973844096
2026-08-24T01:19:49.780536,38.27,1.2764042711403623,-0.003815271192540959,0.0,-0.1611587007549753,0.0,0.0,-0.0804921779701359,0.9967552404104149,0.5022454942016831,-3.151514116025004e-06,0.0,0.0,0.0,-0.004852938847037134
2026-08-24T01:19:49.812219,38.29,1.2862744492263218,-0.005420500960994966,0.0,-0.16125750111421103,0.0,0.0,-0.08054141775981152,0.9967512628661372,0.502217269312802,-3.5473705373134287e-06,0.0,0.0,0.0,-0.004634054071868731
2026-08-24T01:19:49.841336,38.31,1.2961444960932451,-0.00702654826897416,0.0,-0.16135518453684397,0.0,0.0,-0.08059010070116111,0.9967473278965822,0.5021893991985454,-3.768463073262295e-06,0.0,0.0,0.0,-0.004450146170725676
2026-08-24T01:19:49.872673,38.33,1.306014392942507,-0.00863352814365978,0.0,-0.16144756802756624,0.0,0.0,-0.0806361421139277,0.9967436042358047,0.5021618793995369,-3.9708454331847075e-06,0.0,0.0,0.0,-0.004760054415326477
2026-08-24T01:19:49.899355,38.35,1.3158841412380953,-0.010241430907318006,0.0,-0.1615366210307703,0.0,0.0,-0.08068052353966887,0.9967400128024183,0.5021347055124789,-4.180565850435805e-06,0.0,0.0,0.0,-0.004861303691104945
2026-08-24T01:19:49.931218,38.36,1.3208084795000565,-0.011044095988486947,0.0,-0.16158675956471003,0.0,0.0,-0.08070551105579418,0.996737989887625,0.5000000028105157,-4.3868983525192475e-06,0.0,0.0,0.0,-0.004682485937402553
2026-08-24T01:19:49.956745,38.39,1.335623191282634,-0.013460007825481872,0.0,-0.1617279263054794,0.0,0.0,-0.08077586398141456,0.9967322909377703,0.5020813781369994,-4.6119231719978575e-06,0.0,0.0,0.0,-0.00454200749061597
2026-08-24T01:19:49.986963,38.41,1.3454924927568408,-0.01507068231152672,0.0,-0.1618199623372045,0.0,0.0,-0.08082173153824566,0.9967285727374127,0.5020552161159209,-4.805236655038677e-06,0.0,0.0,0.0,-0.004575844604365349
2026-08-24T01:19:50.015528,38.43,1.355361644957258,-0.01668228139768196,0.0,-0.1619157208757738,0.0,0.0,-0.08086945408132636,0.9967247019095034,0.5020293829401126,-5.0010849820223195e-06,0.0,0.0,0.0,-0.004587784187549946
2026-08-24T01:19:50.042971,38.45,1.3652306478816336,-0.018294804425480926,0.0,-0.16200790277778587,0.0,0.0,-0.08091539398481376,0.9967209735007498,0.5020038744761233,-5.187550665887727e-06,0.0,0.0,0.0,-0.003937343133917585
2026-08-24T01:19:50.070646,38.47,1.3750995144874363,-0.01990817146689795,0.0,-0.16207832075677198,0.0,0.0,-0.08095048747293569,0.9967181239336897,0.5019786866424661,-5.3558620583073e-06,0.0,0.0,0.0,-0.003398392307548331
2026-08-24T01:19:50.097733,38.49,1.3849682712292748,-0.021522220189350075,0.0,-0.16215123302397405,0.0,0.0,-0.08098682390822273,0.9967151721295601,0.5019538154089657,-5.478428862610046e-06,0.0,0.0,0.0,-0.003692809018662578
2026-08-24T01:19:50.123557,38.51,1.3948369144521258,-0.023136972525428696,0.0,-0.1622216524542366,0.0,0.0,-0.08102191791529252,0.9967123199887356,0.5019292567960906,-5.601865001337331e-06,0.0,0.0,0.0,-0.0033086422323095562
2026-08-24T01:19:50.152731,38.53,1.4047054439437194,-0.024752429336180423,0.0,-0.16229392676336696,0.0,0.0,-0.08105793620954613,0.996709391436365,0.5019050068743354,-5.714482714770142e-06,0.0,0.0,0.0,-0.0037603089605989528
2026-08-24T01:19:50.184910,38.55,1.414573859612489,-0.026368590745636928,0.0,-0.1623657187177576,0.0,0.0,-0.08109371401490138,0.9967064811403954,0.5018810617635863,-5.835715881695622e-06,0.0,0.0,0.0,-0.003151994176315188
2026-08-24T01:19:50.212014,38.57,1.4244421614502816,-0.027985456369975566,0.0,-0.16243570783687877,0.0,0.0,-0.08112859326955849,0.996703642691298,0.501857417632501,-5.935454397670791e-06,0.0,0.0,0.0,-0.0034265419330544713
2026-08-24T01:19:50.247701,38.59,1.434310349344205,-0.029603026466483013,0.0,-0.16250735765171512,0.0,0.0,-0.08116430003321241,0.9967007356273591,0.5018340706979002,-6.0454187138790095e-06,0.0,0.0,0.0,-0.003658433249017223
2026-08-24T01:19:50.274351,38.6,1.4392354034870287,-0.030410629175976513,0.0,-0.16254393884018062,0.0,0.0,-0.08118253026836166,0.99669925091736,0.5000000024147055,-6.138507441747479e-06,0.0,0.0,0.0,-0.0033846471636796854
2026-08-24T01:19:50.313472,38.63,1.4540463830790058,-0.0328402797072263,0.0,-0.16265393909877712,0.0,0.0,-0.0812373487332168,0.996694784360186,0.5017882535225568,-6.267247927997067e-06,0.0,0.0,0.0,-0.0036722743769699293
2026-08-24T01:19:50.333985,38.64,1.4589715483317969,-0.033648620223489835,0.0,-0.16268665552506076,0.0,0.0,-0.0812536528680668,0.9966934553289671,0.5000000023543791,-6.3448412939411014e-06,0.0,0.0,0.0,-0.0030880141643825285
2026-08-24T01:19:50.364265,38.67,1.4737819602866293,-0.03608035027844024,0.0,-0.1627919294878271,0.0,0.0,-0.08130611569033262,0.9966891770012105,0.5017435809124509,-6.4785236597494804e-06,0.0,0.0,0.0,-0.0032818394725278436
2026-08-24T01:19:50.394123,38.69,1.483649577601776,-0.0377014415551407,0.0,-0.16286113425289495,0.0,0.0,-0.08134060346182086,0.9966863630192132,0.5017216648560824,-6.575495246908215e-06,0.0,0.0,0.0,-0.003505589070214389
2026-08-24T01:19:50.419972,38.71,1.4935170806519027,-0.039323236704702245,0.0,-0.16293502777498683,0.0,0.0,-0.08137742773918716,0.9966833570671045,0.5017000242750348,-6.683220273563009e-06,0.0,0.0,0.0,-0.003694145743341616
2026-08-24T01:19:50.451223,38.73,1.5033844693033656,-0.04094573611978206,0.0,-0.16300930555910262,0.0,0.0,-0.08141444339867085,0.9966803341122391,0.5016786557067117,-6.7870632999434725e-06,0.0,0.0,0.0,-0.003457611540570662
2026-08-24T01:19:50.478954,38.75,1.513251743458931,-0.04256893997252441,0.0,-0.16307858572207357,0.0,0.0,-0.08144896843780652,0.9966775133113104,0.5016575557320441,-6.873465188250466e-06,0.0,0.0,0.0,-0.008069545337429889
2026-08-24T01:19:50.509292,38.77,1.523118843695611,-0.044193208857405276,0.0,-0.16324745359275195,0.0,0.0,-0.081533121552091,0.9966706327016824,0.5016367209748996,-7.0999705213755235e-06,0.0,0.0,0.0,-0.008514122868187248
2026-08-24T01:19:50.538764,38.79,1.5329856496002177,-0.0458192728954636,0.0,-0.16341916371147439,0.0,0.0,-0.08161869046782601,0.9966636289974252,0.5016161481016268,-7.476254596750794e-06,0.0,0.0,0.0,-0.008427178004614566
2026-08-24T01:19:50.563099,38.81,1.542852176423445,-0.047447037412929126,0.0,-0.16359024569379876,0.0,0.0,-0.08170394576378916,0.9966566436073298,0.5015958338204498,-7.849308425103766e-06,0.0,0.0,0.0,-0.008394371311420233
2026-08-24T01:19:50.593184,38.83,1.5527184245201313,-0.04907649833416492,0.0,-0.16376202095023729,0.0,0.0,-0.0817895459376002,0.9966496225732097,0.5015757748809917,-8.217585069086382e-06,0.0,0.0,0.0,-0.008405402365223526
2026-08-24T01:19:50.621815,38.85,1.5625843935934425,-0.05070765554424581,0.0,-0.16393180922786676,0.0,0.0,-0.08187415535417772,0.9966426755287172,0.5015559680736997,-8.580323043248351e-06,0.0,0.0,0.0,-0.008418200637335328
2026-08-24T01:19:50.658099,38.87,1.5724500833120223,-0.052340509138382556,0.0,-0.16410694006728035,0.0,0.0,-0.08196142647435321,0.9966355023629698,0.5015364102293952,-8.943478846767058e-06,0.0,0.0,0.0,-0.00810746195379486
2026-08-24T01:19:50.686671,38.89,1.5822628956416185,-0.05396633984247719,0.0,-0.16427554918462123,0.0,0.0,-0.08204544709917519,0.996628589099418,0.4988387767183376,-9.279910957494907e-06,0.0,0.0,0.0,-0.008219710641457822
2026-08-24T01:19:50.720036,38.91,1.592059820874823,-0.05559125055107311,0.0,-0.1644514102012833,0.0,0.0,-0.08213308084034054,0.996621370948704,0.4980206966085517,-9.615822432167196e-06,0.0,0.0,0.0,-0.008514164547936798
2026-08-24T01:19:50.743753,38.93,1.6018518123414098,-0.05721705444580363,0.0,-0.16461769314861746,0.0,0.0,-0.0822159411258412,0.996614538838759,0.49776364738291184,-9.93746762095838e-06,0.0,0.0,0.0,-0.008619164629233237
2026-08-24T01:19:50.774291,38.95,1.611642138275067,-0.05884429280196086,0.0,-0.16478642061799142,0.0,0.0,-0.08230001895770599,0.9966075992483507,0.4976741740250731,-1.0267283636018621e-05,0.0,0.0,0.0,0.00021736991793838353
2026-08-24T01:19:50.801938,38.97,1.62070573091449,-0.06035186067659436,0.0,-0.16481871637528256,0.0,0.0,-0.08231611204554518,0.9966062701476974,0.4606566551412952,-1.0324122049926423e-05,0.0,0.0,0.0,-0.0012885955882713672
2026-08-24T01:19:50.836126,38.99,1.6295697122945736,-0.061826344534053834,0.0,-0.16484865851789854,0.0,0.0,-0.08233103229985611,0.996605037675628,0.45041856652369583,-1.0231204218095053e-05,0.0,0.0,0.0,-0.001398771722683295
2026-08-24T01:19:50.860908,39.01,1.6383785040984267,-0.0632919094360138,0.0,-0.164880093632493,0.0,0.0,-0.08234669648646825,0.9966037435098092,0.44757991230986244,-1.0136464540496906e-05,0.0,0.0,0.0,-0.0016334526782025589
2026-08-24T01:19:50.891597,39.03,1.6471720160586802,-0.06475519824431566,0.0,-0.16490988293289188,0.0,0.0,-0.0823615405414804,0.9966025168740213,0.44678588056669105,-1.0040659080698762e-05,0.0,0.0,0.0,-0.0014924175182858964
2026-08-24T01:19:50.922414,39.05,1.6559612719056542,-0.06621806747546746,0.0,-0.16494218108123215,0.0,0.0,-0.0823776347387032,0.9966011866814412,0.44655690966423206,-9.94756007815116e-06,0.0,0.0,0.0,0.001503109184928875
2026-08-24T01:19:50.954420,39.06,1.6603502018443452,-0.06694852596123044,0.0,-0.16492532617379752,0.0,0.0,-0.0823692359254026,0.996601880879755,0.44545260586887225,-9.752434583559219e-06,0.0,0.0,0.0,0.001622627798089324
2026-08-24T01:19:50.978392,39.09,1.6733899581335834,-0.06911768857158555,0.0,-0.16460303919075606,0.0,0.0,-0.0822086389499063,0.9966151412064759,0.4389496880142031,-9.212548792888392e-06,0.0,0.0,0.0,0.01856417219675315
2026-08-24T01:19:51.007267,39.11,1.6819911936157306,-0.07054478829334941,0.0,-0.16423220508470182,0.0,0.0,-0.08202384809533517,0.9966303669583991,0.43689403135125626,-8.167405617668957e-06,0.0,0.0,0.0,0.018450702472362645
2026-08-24T01:19:51.037570,39.12,1.6862820413611697,-0.07125497903350655,0.0,-0.16404525804368353,0.0,0.0,-0.08193068918809146,0.9966380296623064,0.4353956747829162,-7.051318993634876e-06,0.0,0.0,0.0,0.018332881616819018
2026-08-24T01:19:51.065983,39.15,1.6991706383711709,-0.0733852850935539,0.0,-0.16349587460959605,0.0,0.0,-0.08165691788883316,0.9966604977427852,0.4361644417213632,-6.003644774779114e-06,0.0,0.0,0.0,0.01787673704503383
2026-08-24T01:19:51.097591,39.17,1.7077588609905914,-0.07480048421380112,0.0,-0.16313845437451044,0.0,0.0,-0.08147880327112839,0.996675074744776,0.43611191880849265,-4.970692440119487e-06,0.0,0.0,0.0,6.846961378576336e-05
2026-08-24T01:19:51.124227,39.19,1.7142427714051782,-0.07586580860457355,0.0,-0.1626820996813008,0.0,0.0,-0.08125138247802642,0.9966936404158548,0.4018141075856069,-4.66832480048562e-06,0.0,0.0,0.0,0.014667539292516876
2026-08-24T01:19:51.152407,39.21,1.722676647328876,-0.07724458713808313,0.0,-0.16164029516005574,0.0,0.0,-0.0807321915077238,0.9967358292217453,0.37233056217666516,-2.4578452637901953e-06,0.0,0.0,0.0,0.0378666402309164
2026-08-24T01:19:51.188574,39.23,1.7299589171885539,-0.07842891700095547,0.0,-0.16084186880161647,0.0,0.0,-0.08033427500587577,0.9967679791502536,0.3693674868925461,-6.755314006523953e-07,0.0,0.0,0.0,0.037794916644011856
2026-08-24T01:19:51.215177,39.25,1.7372282447676748,-0.07960547391692611,0.0,-0.16008375685621037,0.0,0.0,-0.07995643838767569,0.9967983587267576,0.36865264361494376,9.941161241023857e-07,0.0,0.0,0.0,0.0372778768947421
2026-08-24T01:19:51.249833,39.27,1.744495135521267,-0.08077603500953723,0.0,-0.1593398885059383,0.0,0.0,-0.07958568949050539,0.9968280283119656,0.368476933279232,2.6157598553876465e-06,0.0,0.0,0.0,0.044361846284452854
2026-08-24T01:19:51.277352,39.29,1.7520189208571426,-0.08198073103041813,0.0,-0.15806854033655293,0.0,0.0,-0.07895201570913356,0.9968784174689834,0.3814848347320242,4.413002859173148e-06,0.0,0.0,0.0,0.063274021328033
2026-08-24T01:19:51.313658,39.3,1.755810547590134,-0.08258268157029208,0.0,-0.15743304284724588,0.0,0.0,-0.07863525486307471,0.9969034540478929,0.38417237506169977,7.19260407771133e-06,0.0,0.0,0.0,0.06334381736318284
2026-08-24T01:19:51.341849,39.33,1.7672130949156457,-0.08438290044864637,0.0,-0.15555942395847966,0.0,0.0,-0.07770131192316947,0.9969766828393823,0.3855038062736296,9.959526591761745e-06,0.0,0.0,0.0,0.062074312458416
2026-08-24T01:19:51.373995,39.35,1.774824137135677,-0.0855716384310365,0.0,-0.15431726811038615,0.0,0.0,-0.07708209676831111,0.9970247491200009,0.385696142598864,1.2627332656664052e-05,0.0,0.0,0.0,0.061709196777659694
2026-08-24T01:19:51.406004,39.37,1.782437611856253,-0.08675109948395149,0.0,-0.15308580308168374,0.0,0.0,-0.07646818163952263,0.9970720220709961,0.38573890445554326,1.5242248483356435e-05,0.0,0.0,0.0,0.07648161065107525
2026-08-24T01:19:51.428760,39.38,1.786249181200137,-0.08733665079912982,0.0,-0.1523208893259338,0.0,0.0,-0.07608683900361628,0.9971011949298014,0.3858897317090148,1.80752061963147e-05,0.0,0.0,0.0,0.0761999025625284
2026-08-24T01:19:51.457622,39.41,1.797699495192225,-0.0890822955328696,0.0,-0.1500482981615625,0.0,0.0,-0.07495378844421408,0.9971870083378844,0.38657212526066853,2.1317581072642625e-05,0.0,0.0,0.0,0.07458342804747434
2026-08-24T01:19:51.490290,39.43,1.8053355469894976,-0.09023085439719429,0.0,-0.14855050838736397,0.0,0.0,-0.07420697924331975,0.9972428612086334,0.3866075620388196,2.4396849046295867e-05,0.0,0.0,0.0,0.07288347731787648
2026-08-24T01:19:51.519411,39.45,1.8129734932285257,-0.0913681494789524,0.0,-0.14709978685384195,0.0,0.0,-0.07348359893836405,0.9972964256864986,0.386611588978874,2.7363848396414464e-05,0.0,0.0,0.0,0.0727599058594385
2026-08-24T01:19:51.559244,39.47,1.8206131341860488,-0.09249435773350237,0.0,-0.14564188157615776,0.0,0.0,-0.07275659761797429,0.997349726777451,0.38660786572010586,3.0250810302387773e-05,0.0,0.0,0.0,0.00017554098013719543
2026-08-24T01:19:51.586788,39.49,1.8298348717583708,-0.09383824159844188,0.0,-0.1444106618906953,0.0,0.0,-0.07214260556182248,0.9973943274667002,0.46682435327991384,3.209244395844162e-05,0.0,0.0,0.0,-9.153705461749026e-05
2026-08-24T01:19:51.614719,39.51,1.839531189411746,-0.09523001919528487,0.0,-0.14236333970076442,0.0,0.0,-0.07112157417230215,0.9974676544566514,0.4908787694755662,3.706461518051835e-05,0.0,0.0,0.0,0.024671976750885734
2026-08-24T01:19:51.639769,39.53,1.8493718667268009,-0.09662213781371233,0.0,-0.14008992124595965,0.0,0.0,-0.06998769778124994,0.9975478545710378,0.4980846432004268,4.257084138833527e-05,0.0,0.0,0.0,0.0599278045799059
2026-08-24T01:19:51.671763,39.55,1.859257790589825,-0.09800047242261876,0.0,-0.13773965063573756,0.0,0.0,-0.0688153960241037,0.9976294107884178,0.5002360855405174,4.822048045585252e-05,0.0,0.0,0.0,0.09672306561926786
2026-08-24T01:19:51.701259,39.57,1.8691591527899727,-0.09936112041490106,0.0,-0.1356145930105712,0.0,0.0,-0.06775534738514505,0.997701965970158,0.500871328186727,5.378496766694361e-05,0.0,0.0,0.0,0.137443812813727
2026-08-24T01:19:51.737350,39.59,1.879067504427382,-0.10069906455580131,0.0,-0.13255642429104775,0.0,0.0,-0.06622969829842676,0.9978044032090154,0.5010518390662333,5.979675909214486e-05,0.0,0.0,0.0,0.15133818705544091
2026-08-24T01:19:51.761329,39.61,1.8889812205484606,-0.10200559378172877,0.0,-0.12953788602835867,0.0,0.0,-0.06472366805319892,0.9979032251645144,0.5010960568164866,6.775837670243607e-05,0.0,0.0,0.0,0.1496668997618429
2026-08-24T01:19:51.793045,39.63,1.8988991685785634,-0.10328232817154614,0.0,-0.12653681353541923,0.0,0.0,-0.0632262057891093,0.9979992218942424,0.5010995115312885,7.551227526757732e-05,0.0,0.0,0.0,0.14782821614915018
2026-08-24T01:19:51.821567,39.64,1.9038545242918006,-0.1039060021186771,0.0,-0.12506235798036958,0.0,0.0,-0.062490435925555955,0.9980455627965258,0.49999775979227046,8.272412999375658e-05,0.0,0.0,0.0,0.14773125578236648
2026-08-24T01:19:51.857658,39.68,1.9237055813482404,-0.1063417533830725,0.0,-0.11891402513063154,0.0,0.0,-0.05942198731584441,0.9982329524832546,0.4999997996710238,9.792383178785477e-05,0.0,0.0,0.0,0.17487401599381433
2026-08-24T01:19:51.878049,39.69,1.9286756774150295,-0.10693458112036482,0.0,-0.11716038631480075,0.0,0.0,-0.05854669455946432,0.9982846711014653,0.501065606320486,9.827930836715878e-05,0.0,0.0,0.0,0.17432988851082204
2026-08-24T01:19:51.906809,39.71,1.938609099706829,-0.10808606704410958,0.0,-0.11367668794438003,0.0,0.0,-0.05680774528135083,0.9983851361453902,0.5010523516872946,0.0001069532907931298,0.0,0.0,0.0,0.1690520141678183
2026-08-24T01:19:51.938386,39.73,1.9485464300910906,-0.10920333499852246,0.0,-0.11029348542347783,0.0,0.0,-0.0551187952540025,0.9984798037064883,0.5010391659555591,0.0001153073683714425,0.0,0.0,0.0,0.16909737599825558
2026-08-24T01:19:51.963667,39.75,1.9584874669552532,-0.11028713147617769,0.0,-0.10691367239873406,0.0,0.0,-0.05343137983069028,0.9985715235522133,0.5010261166517047,0.00012336268000904033,0.0,0.0,0.0,0.16700398031214653
2026-08-24T01:19:51.996055,39.77,1.9684320930561046,-0.11133748976074813,0.0,-0.1035782608416409,0.0,0.0,-0.051765982799718155,0.9986592426973173,0.5010132225785913,0.00013122519892422836,0.0,0.0,0.0,0.20748288386761798
2026-08-24T01:19:52.026007,39.79,1.9783805199410287,-0.11235122353272033,0.0,-0.09930581542819096,0.0,0.0,-0.049632507756139026,0.9987675476174808,0.5010004879404698,0.00014006922706531196,0.0,0.0,0.0,0.2112331691099434
2026-08-24T01:19:52.058431,39.81,1.9883332953311483,-0.11332139258527014,0.0,-0.09507334984375014,0.0,0.0,-0.047518773559595884,0.9988703450195084,0.5009879125794778,0.00015027054828053863,0.0,0.0,0.0,0.21131568117928165
2026-08-24T01:19:52.084706,39.83,1.998290080380849,-0.11424950854070717,0.0,-0.09084578440536983,0.0,0.0,-0.045407274099155195,0.9989685577929288,0.500975495048139,0.0001602306092835222,0.0,0.0,0.0,0.20582074574112788
2026-08-24T01:19:52.111136,39.86,2.013227822392322,-0.11556001805518512,0.0,-0.08466741606273409,0.0,0.0,-0.042321064489112506,0.999104062398161,0.5000000037997846,0.00017854303998245222,0.0,0.0,0.0,0.20585067471460947
2026-08-24T01:19:52.141259,39.87,2.0182148015154673,-0.11598146953006085,0.0,-0.08260730987637645,0.0,0.0,-0.041291911989696777,0.9991471253044945,0.5009511261096115,0.00017917058560609097,0.0,0.0,0.0,0.24685836512596848
2026-08-24T01:19:52.167429,39.89,2.028182775873938,-0.11678051332075569,0.0,-0.07702951559676263,0.0,0.0,-0.038505236458867075,0.9992583983961539,0.5009391708696137,0.0001895124834553868,0.0,0.0,0.0,0.2748990580201291
2026-08-24T01:19:52.202562,39.91,2.0381551785854644,-0.1175223867678118,0.0,-0.07152978728299964,0.0,0.0,-0.03575726948526582,0.9993605043621436,0.5009273658987121,0.00020265393397208051,0.0,0.0,0.0,0.27375856237589646
2026-08-24T01:19:52.224712,39.93,2.048131495843341,-0.11820960866016658,0.0,-0.06606277195924859,0.0,0.0,-0.03302537970137302,0.9994545133699583,0.5009157093113054,0.00021542577203356432,0.0,0.0,0.0,0.2703702106106844
2026-08-24T01:19:52.253334,39.96,2.0630984560749916,-0.11913281817533583,0.0,-0.05743783150909156,0.0,0.0,-0.028714968138016377,0.9995876402821479,0.5000000035874668,0.0002473711346166982,0.0,0.0,0.0,0.31080910859166605
2026-08-24T01:19:52.285566,39.97,2.0680948118641482,-0.11941763191305699,0.0,-0.05422432211644158,0.0,0.0,-0.02710883962752494,0.9996324878744434,0.5008928345113238,0.00024823191189039844,0.0,0.0,0.0,0.32141399502344703
2026-08-24T01:19:52.312792,39.99,2.0780817845593216,-0.11992727441254,0.0,-0.04778645288718897,0.0,0.0,-0.023890953122665856,0.9997145704444297,0.5008816119614776,0.00026303022598994435,0.0,0.0,0.0,0.3332974446195621
2026-08-24T01:19:52.338297,40.01,2.088071867447648,-0.12037177298714867,0.0,-0.04111730372985223,0.0,0.0,-0.02055720368184694,0.9997886783599738,0.5008705304808622,0.0002779159237947269,0.0,0.0,0.0,0.3322814061926728
2026-08-24T01:19:52.367035,40.03,2.098064701868029,-0.12074943875834816,0.0,-0.03447147175107679,0.0,0.0,-0.01723488251650625,0.9998514683815003,0.5008595882895748,0.0002928631150798102,0.0,0.0,0.0,0.3299846185768751
2026-08-24T01:19:52.399520,40.05,2.108059817856689,-0.12106091356184587,0.0,-0.02788053811693736,0.0,0.0,-0.013939817558215686,0.9999028360228026,0.5008487836369705,0.0003074507458081465,0.0,0.0,0.0,0.3248145047685296
2026-08-24T01:19:52.430836,40.07,2.1180567590384345,-0.12130690501778024,0.0,-0.0213854919998604,0.0,0.0,-0.010692542242235476,0.9999428331361738,0.5008381147941706,0.00032158164583704393,0.0,0.0,0.0,0.3655228580978608
2026-08-24T01:19:52.458782,40.09,2.128055176688607,-0.12148290206483191,0.0,-0.013508240562225993,0.0,0.0,-0.0067540689294951625,0.999977191016323,0.5008275800559268,0.00033650848569818443,0.0,0.0,0.0,0.39193435028740536
2026-08-24T01:19:52.484774,40.1,2.133050809558919,-0.12153407763179765,0.0,-0.009589270688718619,0.0,0.0,-0.0047946169741122134,0.9999885057579769,0.5000000010863682,0.00035279533622263224,0.0,0.0,0.0,0.3915144051570644
2026-08-24T01:19:52.522533,40.13,2.1480546624747183,-0.12159606298293975,0.0,0.0021155908191046184,0.0,0.0,0.0010577952122856182,0.999999440534488,0.5008069061600475,0.00037103840249267967,0.0,0.0,0.0,0.3868125730437889
2026-08-24T01:19:52.545347,40.15,2.158054459479399,-0.12153600093361754,0.0,0.009844590158293975,0.0,0.0,0.004922275202132306,0.999987885530037,0.5007967636988297,0.00038764397368987305,0.0,0.0,0.0,0.38508278666430906
2026-08-24T01:19:52.568809,40.17,2.16805349443186,-0.12139880357614218,0.0,0.017551774119280772,0.0,0.0,0.008775774412504581,0.9999614921503032,0.5007867487241321,0.00040384127882409,0.0,0.0,0.0,0.42630111000413073
2026-08-24T01:19:52.601133,40.19,2.178051096210759,-0.12118092803575357,0.0,0.026232560615192746,0.0,0.0,0.013115904230329432,0.9999139828286335,0.5007768596360471,0.00042092030358237026,0.0,0.0,0.0,0.4313168920192453
2026-08-24T01:19:52.631429,40.21,2.1880464069165786,-0.12087519285556218,0.0,0.034864705958181474,0.0,0.0,0.01743147008179985,0.99984806038257,0.5007670948433209,0.00043930528518063976,0.0,0.0,0.0,0.42916549408932547
2026-08-24T01:19:52.657942,40.23,2.1980387148273755,-0.12048345202985383,0.0,0.04344661337616262,0.0,0.0,0.021721598182888473,0.9997640582519364,0.5007574527930034,0.000457236911517109,0.0,0.0,0.0,0.4260686621791619
2026-08-24T01:19:52.686758,40.25,2.208027306310204,-0.12000628599265623,0.0,0.051967165685866235,0.0,0.0,0.02598065915379349,0.9996624457035157,0.5007479319392969,0.00047468466427336603,0.0,0.0,0.0,0.42499968670866817
2026-08-24T01:19:52.710086,40.27,2.218011475809775,-0.11944416880638248,0.0,0.06046782466915077,0.0,0.0,0.03022930646168108,0.9995429900863924,0.5007385307586326,0.000491713879514502,0.0,0.0,0.0,0.46591098778766216
2026-08-24T01:19:52.742211,40.29,2.22799021495225,-0.11879273742589973,0.0,0.07016573124231452,0.0,0.0,0.035075669355243845,0.9993846593876061,0.5007292477500779,0.0005096308496665882,0.0,0.0,0.0,0.48449265144506204
2026-08-24T01:19:52.773490,40.31,2.2379620723834113,-0.11804312339815268,0.0,0.07985510483219649,0.0,0.0,0.03991694444819046,0.9992030011693921,0.5007200814171342,0.0005295122656420867,0.0,0.0,0.0,0.4788504848045279
2026-08-24T01:19:52.806123,40.32,2.2429410534064824,-0.11762580808361867,0.0,0.08464189401889932,0.0,0.0,0.042308314896828986,0.9991046023768436,0.500000000942626,0.0005470755053980276,0.0,0.0,0.0,0.4787880482964697
2026-08-24T01:19:52.830943,40.35,2.2578818493462194,-0.11625634616851468,0.0,0.0990044052280097,0.0,0.0,0.049481987829850395,0.9987750161474838,0.5007020929617418,0.0005677520897344602,0.0,0.0,0.0,0.4754574061620676
2026-08-24T01:19:52.867161,40.37,2.267828023378825,-0.11522030743341961,0.0,0.10851600168967267,0.0,0.0,0.05423138279788885,0.9985283957503807,0.5006932679570024,0.0005861969542553239,0.0,0.0,0.0,0.5165229232138495
2026-08-24T01:19:52.891039,40.39,2.2777631649018897,-0.11408334903130586,0.0,0.11970568398181315,0.0,0.0,0.05981711262656726,0.9982093533107274,0.500684553883147,0.0006054323420496411,0.0,0.0,0.0,0.5582437033337067
2026-08-24T01:19:52.916490,40.41,2.2876846881929196,-0.1128329379423381,0.0,0.1309100078535197,0.0,0.0,0.0654082751647623,0.9978585859429034,0.5006759493217864,0.0006282340080716851,0.0,0.0,0.0,0.5546887873217492
2026-08-24T01:19:52.950590,40.43,2.2975916809898247,-0.11147220920579602,0.0,0.14201655689286863,0.0,0.0,0.07094862078704983,0.9974799713319639,0.5006674529400226,0.0006502844359707122,0.0,0.0,0.0,0.5490804831351813
2026-08-24T01:19:52.975282,40.44,2.3025350527553345,-0.11074406758926603,0.0,0.14750591007010036,0.0,0.0,0.07368611003794176,0.9972814834275608,0.5000000008714356,0.0006695112020273621,0.0,0.0,0.0,0.5488916010014252
2026-08-24T01:19:53.004311,40.47,2.317357663397018,-0.1084236168965349,0.0,0.1639770588569336,0.0,0.0,0.08189670418891075,0.9966408228860556,0.500650779203731,0.0006925625114083847,0.0,0.0,0.0,0.589862612461716
2026-08-24T01:19:53.039342,40.49,2.3272136088593154,-0.10673238539350553,0.0,0.17615042247304033,0.0,0.0,0.08796138526073614,0.996123885218607,0.5006425991965153,0.0007142518344248811,0.0,0.0,0.0,0.6092311513796177
2026-08-24T01:19:53.065407,40.51,2.33704797304713,-0.10491978468872015,0.0,0.18832932429205945,0.0,0.0,0.09402556441010824,0.9955697832082694,0.5006345219950976,0.0007378952906451219,0.0,0.0,0.0,0.6044039351773607
2026-08-24T01:19:53.097589,40.53,2.346859597854286,-0.10298789148421081,0.0,0.2004149349279256,0.0,0.0,0.1000398454875976,0.9949834316785469,0.5006265463273948,0.0007609746924206361,0.0,0.0,0.0,0.6011073584154463
2026-08-24T01:19:53.119986,40.55,2.3566472152651183,-0.100937850752088,0.0,0.2124455655622297,0.0,0.0,0.10602313855380868,0.9943636628976342,0.5006186709108791,0.000783451532128866,0.0,0.0,0.0,0.6013364295589231
2026-08-24T01:19:53.154416,40.57,2.366409491225588,-0.0987703579754795,0.0,0.22446863389721153,0.0,0.0,0.11199883792925155,0.9937083376436454,0.5006108944849559,0.0008054206738520571,0.0,0.0,0.0,0.5821368038385641
2026-08-24T01:19:53.179990,40.59,2.3761453202547393,-0.09648701639271974,0.0,0.23611735460368874,0.0,0.0,0.11778462097817893,0.9930391649179939,0.5006032158052831,0.0008264406019839078,0.0,0.0,0.0,0.5790826602202847
2026-08-24T01:19:53.207445,40.61,2.3858540563091633,-0.0940911213641434,0.0,0.24770409806630014,0.0,0.0,0.12353565721634689,0.9923401339239108,0.5005956336438283,0.0008464473957006777,0.0,0.0,0.0,0.5720265194647014
2026-08-24T01:19:53.241417,40.63,2.395534535650295,-0.091583506020925,0.0,0.2591536564206787,0.0,0.0,0.12921453000401995,0.9916166624436281,0.5005881467864424,0.0008657801517183159,0.0,0.0,0.0,0.5723364068281371
2026-08-24T01:19:53.272276,40.65,2.405185714807233,-0.08896539910451373,0.0,0.27060215767039253,0.0,0.0,0.13488864432123196,0.9908607639992514,0.50058075403569,0.0008845709603933072,0.0,0.0,0.0,0.5685170138631267
2026-08-24T01:19:53.301969,40.67,2.4148063584379975,-0.08623722636343918,0.0,0.2819787657187835,0.0,0.0,0.14052274892028205,0.9900774500188798,0.5005734542084332,0.0009029077091636843,0.0,0.0,0.0,0.575063052769064
2026-08-24T01:19:53.334983,40.68,2.4196006681524596,-0.08482789952245672,0.0,0.2877339170631652,0.0,0.0,0.14337118597736456,0.989668986596753,0.5000000007473145,0.0009181138273863979,0.0,0.0,0.0,0.5752565715402743
2026-08-24T01:19:53.361458,40.71,2.4339507471616404,-0.08045123170895621,0.0,0.3049938957550848,0.0,0.0,0.15190657389816306,0.98839485672808,0.5005591286675092,0.0009389733365885685,0.0,0.0,0.0,0.5715961068585942
2026-08-24T01:19:53.393268,40.73,2.443471797167586,-0.0773935799342217,0.0,0.3164306916329398,0.0,0.0,0.157556094534701,0.9875100389742741,0.5005521006617584,0.000956494088449712,0.0,0.0,0.0,0.5647848199249872
2026-08-24T01:19:53.423431,40.75,2.4529574498435327,-0.07422782967351357,0.0,0.32772353957690425,0.0,0.0,0.16312945365961642,0.986604673285463,0.5005451609950983,0.0009733909208709098,0.0,0.0,0.0,0.5648611490179704
2026-08-24T01:19:53.447925,40.77,2.4624067992941336,-0.07095532149815305,0.0,0.3390220890952267,0.0,0.0,0.16870042181678796,0.985667371722752,0.5005383085571479,0.000989769975861598,0.0,0.0,0.0,0.5382249392839019
2026-08-24T01:19:53.476773,40.79,2.4718192566218535,-0.06757817062737259,0.0,0.34978619041831754,0.0,0.0,0.17400286461420988,0.9847451462718915,0.5005315422512375,0.001005047128566695,0.0,0.0,0.0,0.5687859071724811
2026-08-24T01:19:53.506471,40.81,2.4811942349766385,-0.06409835629504897,0.0,0.36116253493153616,0.0,0.0,0.17960141947911232,0.9837394625209909,0.5005248609954812,0.001020165402130834,0.0,0.0,0.0,0.5688153424492978
2026-08-24T01:19:53.539025,40.83,2.490528753255472,-0.06051140478879613,0.0,0.37253519608625535,0.0,0.0,0.18519235347912147,0.9827022907334978,0.5005182637187741,0.0010358883874302066,0.0,0.0,0.0,0.5678093276935892
2026-08-24T01:19:53.567727,40.85,2.499821897168457,-0.056818587152110966,0.0,0.3838917466124361,0.0,0.0,0.190769392048612,0.9816348807257222,0.5005117493676917,0.0010512918396287775,0.0,0.0,0.0,0.5675636431137875
2026-08-24T01:19:53.599294,40.87,2.5090725327107433,-0.05302054354453881,0.0,0.39524444589755703,0.0,0.0,0.19633839155310526,0.9805361982111316,0.5005053168992516,0.0010663466825373922,0.0,0.0,0.0,0.530221354904695
2026-08-24T01:19:53.625658,40.89,2.5182805546129785,-0.04912032233852059,0.0,0.4058443178123912,0.0,0.0,0.20153238877897556,0.979481850915595,0.5004989652841892,0.0010800132559418466,0.0,0.0,0.0,0.5278986778982061
2026-08-24T01:19:53.657899,40.91,2.5274471447054543,-0.04512372057543655,0.0,0.4164017791944859,0.0,0.0,0.20669997783121083,0.9784043740522509,0.5004926935071691,0.001092265524123117,0.0,0.0,0.0,0.5218954419048156
2026-08-24T01:19:53.687651,40.93,2.536571246668774,-0.04103105182275815,0.0,0.4268467812029596,0.0,0.0,0.21180685361517018,0.9773115453946309,0.500486500562773,0.0011040007689043015,0.0,0.0,0.0,0.5221708589530688
2026-08-24T01:19:53.717581,40.94,2.5411141376490196,-0.038948309373862997,0.0,0.43206919996433746,0.0,0.0,0.21435809369725875,0.9767551421244104,0.5000000006340409,0.0011120262104250868,0.0,0.0,0.0,0.5218662178924112
2026-08-24T01:19:53.750990,40.97,2.554696292336435,-0.032576940014238165,0.0,0.44311423548360734,0.0,0.0,0.2197489451379063,0.975556457162156,0.5004743472238422,0.0011196886554505534,0.0,0.0,0.0,0.2867451223170073
2026-08-24T01:19:53.779791,40.99,2.5637180660672785,-0.02826343294165479,0.0,0.44884882249376057,0.0,0.0,0.22254524468025338,0.9749223630988296,0.5004683848890815,0.0011169688220400251,0.0,0.0,0.0,0.2851383282699954
2026-08-24T01:19:53.814261,41.01,2.5727150498632336,-0.023898454690524883,0.0,0.4545489725347553,0.0,0.0,0.22532293893367106,0.9742841337055085,0.5004624974939,0.001114087159777161,0.0,0.0,0.0,0.27636118655713277
2026-08-24T01:19:53.843520,41.03,2.581687329115788,-0.019482916400848465,0.0,0.46007669967846665,0.0,0.0,0.22801486331725015,0.9736576513880101,0.5004566841007171,0.0011108753414996566,0.0,0.0,0.0,0.2762402908550286
2026-08-24T01:19:53.872195,41.04,2.5861641480207216,-0.0172614168980445,0.0,0.4628382926118713,0.0,0.0,0.2293590685684446,0.9733418811832847,0.500000000599448,0.0011042327172454828,0.0,0.0,0.0,0.2760974072917898
2026-08-24T01:19:53.902089,41.07,2.5995855920206874,-0.010558293047783517,0.0,0.45982856391099647,0.0,0.0,0.22789406191837175,0.9736859332158113,0.5004452756132627,0.001095818452780148,0.0,0.0,0.0,-0.08308298438663865
2026-08-24T01:19:53.929662,41.09,2.608592426680113,-0.006213081804452383,0.0,0.4483134025309741,0.0,0.0,0.22228424026092908,0.9749819057457536,0.5004396786878018,0.0010436348350920605,0.0,0.0,0.0,-0.16454781123867088
2026-08-24T01:19:53.960831,41.11,2.6176456510505277,-0.0019653765321438884,0.0,0.43666764841026273,0.0,0.0,0.21660330420674567,0.9762597034635405,0.5004341521143139,0.0009922356186931355,0.0,0.0,0.0,-0.24594563651533402
2026-08-24T01:19:53.991451,41.14,2.6313190127434787,0.004197355425035713,0.0,0.41680396431936906,0.0,0.0,0.20689672349327762,0.9783627884418674,0.5000000008460382,0.0008879717596021323,0.0,0.0,0.0,-0.32811353806390364
2026-08-24T01:19:54.020886,41.15,2.635889286128629,0.006230542592977817,0.0,0.4131158285976838,0.0,0.0,0.2050922053564257,0.9787426563208725,0.5004233064955086,0.00089021701513238,0.0,0.0,0.0,-0.40962363740651997
2026-08-24T01:19:54.050704,41.17,2.6450772659139767,0.010178287430575248,0.0,0.40136811306957476,0.0,0.0,0.1993397052078746,0.9799304474949422,0.5004179857148048,0.000840377065811048,0.0,0.0,0.0,-0.49134081792588563
2026-08-24T01:19:54.077175,41.19,2.6543076516568407,0.01402582044579637,0.0,0.3896665914513338,0.0,0.0,0.19360298743092444,0.9810799576272167,0.5004127318144082,0.0007914391827531125,0.0,0.0,0.0,-0.5434316847444501
2026-08-24T01:19:54.103193,41.21,2.663579254644708,0.017772924843334568,0.0,0.37868997262258075,0.0,0.0,0.1882156282918376,0.982127729608888,0.5004075439541716,0.0007442641063898889,0.0,0.0,0.0,-0.5435129901261525
2026-08-24T01:19:54.138891,41.23,2.672891039978055,0.021419015393793497,0.0,0.36781883211772026,0.0,0.0,0.18287444985989598,0.9831362751869348,0.500402421301679,0.0006981074361629711,0.0,0.0,0.0,-0.5427260583484047
2026-08-24T01:19:54.162756,41.25,2.6822418873943787,0.02496371279550895,0.0,0.3569631295036486,0.0,0.0,0.17753546466873302,0.9841144033011899,0.5003973630393853,0.0006526888917508321,0.0,0.0,0.0,-0.5425685654916715
2026-08-24T01:19:54.196050,41.26,2.686936678103633,0.026678627575206604,0.0,0.35153131767520657,0.0,0.0,0.1748620510630594,0.9845929428439044,0.5000000005209475,0.0006068808636278616,0.0,0.0,0.0,-0.5429083512697758
2026-08-24T01:19:54.229567,41.29,2.7010562549981714,0.031747526054998865,0.0,0.33524418432852743,0.0,0.0,0.1668382432196577,0.9859842800974965,0.5003874364561216,0.0005639812376042046,0.0,0.0,0.0,-0.5426946154185305
2026-08-24T01:19:54.259483,41.3,2.70578692523599,0.033360951118283654,0.0,0.32981652949692686,0.0,0.0,0.16416184096353895,0.9864334189246945,0.5000000005072034,0.0005199110096174411,0.0,0.0,0.0,-0.5431039893333405
2026-08-24T01:19:54.289141,41.32,2.715265350381335,0.03654822581855684,0.0,0.3189592587215931,0.0,0.0,0.15880446097440376,0.9873100542254338,0.5000000005004541,0.0004774474447250968,0.0,0.0,0.0,-0.5429090438113194
2026-08-24T01:19:54.317652,41.34,2.7247778211481073,0.039632405314971295,0.0,0.3081020180622778,0.0,0.0,0.1534424158959338,0.9881575911786639,0.5000000004937856,0.00043564049719104246,0.0,0.0,0.0,-0.5424405164815569
2026-08-24T01:19:54.350387,41.37,2.7375096284566354,0.04359810451139355,0.0,0.29362318638692125,0.0,0.0,0.14628477379137753,0.9892425207990231,0.5003682949213061,0.0004000553698798867,0.0,0.0,0.0,-0.5428812858917471
2026-08-24T01:19:54.373819,41.38,2.743900410063312,0.04549003592154796,0.0,0.2863875976628841,0.0,0.0,0.14270494826552932,0.9897652740627612,0.5000000004834465,0.00035038579446813596,0.0,0.0,0.0,-0.542661195989785
2026-08-24T01:19:54.404693,41.41,2.7583205629918472,0.049626561651691097,0.0,0.2701003058993185,0.0,0.0,0.13464000746263993,0.990894579857242,0.5003591202692852,0.00031054930532676655,0.0,0.0,0.0,-0.5428454852606274
2026-08-24T01:19:54.437105,41.43,2.7679725685572913,0.052242135021813685,0.0,0.2592452112625181,0.0,0.0,0.12925992352196256,0.991610746296699,0.5003546062821659,0.0002712460350362962,0.0,0.0,0.0,-0.542388862372977
2026-08-24T01:19:54.464673,41.44,2.7728114803767214,0.05349457781120016,0.0,0.25381593882822706,0.0,0.0,0.1265675881088817,0.991957985824148,0.5000000004615904,0.0002329148782384665,0.0,0.0,0.0,-0.5427891168774139
2026-08-24T01:19:54.499045,41.47,2.7873592700381793,0.05715670822936799,0.0,0.23713429448572135,0.0,0.0,0.11828953629591742,0.9929791466102885,0.5003457478112735,0.00019394069930160106,0.0,0.0,0.0,-0.5629593334304032
2026-08-24T01:19:54.523460,41.48,2.792224786309897,0.0583016439002458,0.0,0.2315039780353425,0.0,0.0,0.11549367784736829,0.9933082151967174,0.5000000004490216,0.00015594302746353432,0.0,0.0,0.0,-0.5626681505272848
2026-08-24T01:19:54.552808,41.51,2.8068513364091467,0.06163510496895892,0.0,0.21461844313787282,0.0,0.0,0.10710339102169678,0.994247888422024,0.5003371106347725,0.00011733239091390836,0.0,0.0,0.0,-0.5627342436015603
2026-08-24T01:19:54.584409,41.54,2.8215351771744226,0.06469052376996738,0.0,0.19772481468298864,0.0,0.0,0.09870144285930581,0.9951170911895199,0.5000000006500972,4.422250959753279e-05,0.0,0.0,0.0,-0.5629317748221029
2026-08-24T01:19:54.610512,41.55,2.826439282989746,0.06567347011730837,0.0,0.19209530702124017,0.0,0.0,0.09590004591579972,0.9953909690133558,0.5003286892249548,4.3198347457986233e-05,0.0,0.0,0.0,-0.5631006766462714
2026-08-24T01:19:54.653102,41.57,2.8362661158510267,0.06752695912109616,0.0,0.18083063026539348,0.0,0.0,0.09029217567616529,0.9959153191972019,0.5003245577428943,7.023880464680968e-06,0.0,0.0,0.0,-0.5628599349901913
2026-08-24T01:19:54.678314,41.59,2.8461131945411124,0.06926966700305455,0.0,0.16957197611284025,0.0,0.0,0.0846844415690365,0.9964078208023763,0.500320478192039,-2.8542211963432292e-05,0.0,0.0,0.0,-0.5629629017977266
2026-08-24T01:19:54.707702,41.61,2.8559792703184574,0.07090137266956742,0.0,0.15831068138068002,0.0,0.0,0.07907270772063342,0.9968688514010894,0.5003164499193331,-6.353524424129844e-05,0.0,0.0,0.0,-0.5629424692000394
2026-08-24T01:19:54.739606,41.62,2.860919562061766,0.07166217278167133,0.0,0.15267640318745146,0.0,0.0,0.07626407944867161,0.9970876542139345,0.5000000004090986,-9.643288780176972e-05,0.0,0.0,0.0,-0.5629554037484031
2026-08-24T01:19:54.769075,41.65,2.8757634060579584,0.0738309647544515,0.0,0.13578272597893062,0.0,0.0,0.06783922044216513,0.9976962664908591,0.5003085446384484,-0.00013179915014191655,0.0,0.0,0.0,-0.5628154437891671
2026-08-24T01:19:54.800071,41.67,2.885678957030104,0.07512848017938216,0.0,0.12452183447298504,0.0,0.0,0.06222070010257846,0.9980624151217924,0.5003046663653494,-0.00016506438605133698,0.0,0.0,0.0,-0.5626215580591452
2026-08-24T01:19:54.827708,41.69,2.8956084872915304,0.07631425255638975,0.0,0.11325961144951169,0.0,0.0,0.05659954256107049,0.9983969610239595,0.50030083684048,-0.00019777001875966136,0.0,0.0,0.0,-0.563204890313419
2026-08-24T01:19:54.861659,41.71,2.9055507377704526,0.07738813057929485,0.0,0.10199955009509187,0.0,0.0,0.05097766971506428,0.998699793326514,0.5002970554510691,-0.0002299425356548413,0.0,0.0,0.0,-0.3494543372045205
2026-08-24T01:19:54.890282,41.73,2.9155028766856357,0.07836598173149056,0.0,0.09500385182005691,0.0,0.0,0.04748406377346122,0.9988719956468686,0.5002933215925188,-0.00025529517302802306,0.0,0.0,0.0,-0.3465144283676322
2026-08-24T01:19:54.920731,41.75,2.925461043030453,0.0792798279970709,0.0,0.08806980702673607,0.0,0.0,0.04402067374632278,0.9990306202929516,0.5002896346715507,-0.00027383585426497516,0.0,0.0,0.0,-0.3475401558711485
2026-08-24T01:19:54.946050,41.77,2.9354253024666686,0.08012463208196031,0.0,0.08112623490541493,0.0,0.0,0.040551994835370975,0.9991774295463605,0.5002859940890351,-0.0002919946035128919,0.0,0.0,0.0,-0.34710860207668237
2026-08-24T01:19:54.978187,41.79,2.9453951897343167,0.08090018974145663,0.0,0.07417899716409693,0.0,0.0,0.03708099559016797,0.9993122633922001,0.5002823992670107,-0.00030984563710670675,0.0,0.0,0.0,-0.3471974546867443
2026-08-24T01:19:55.008320,41.81,2.9553702220656914,0.0816064838853906,0.0,0.06723127218019041,0.0,0.0,0.033609305441422765,0.9994350477083267,0.5002788496303588,-0.0003273760592056184,0.0,0.0,0.0,-0.3472598955210422
2026-08-24T01:19:55.039351,41.83,2.965349918450673,0.0822434781255283,0.0,0.060286002326818355,0.0,0.0,0.030138436713026306,0.9995457341375106,0.5002753446110839,-0.00034458988709944763,0.0,0.0,0.0,-0.347373834477175
2026-08-24T01:19:55.064920,41.85,2.975333797452665,0.08281114192379968,0.0,0.05334229056767683,0.0,0.0,0.02666798330981218,0.9996443460882413,0.5002718836483908,-0.0003614998906854298,0.0,0.0,0.0,-0.347282981771224
2026-08-24T01:19:55.100340,41.87,2.9853213774364273,0.08330944811538117,0.0,0.04639345864796063,0.0,0.0,0.02319464906536282,0.9997309679382422,0.5002684661884983,-0.0003781086873594566,0.0,0.0,0.0,-0.34707045550929233
2026-08-24T01:19:55.128966,41.89,2.9953121765893584,0.08373837295563542,0.0,0.039450761740248634,0.0,0.0,0.019724101734797293,0.9998054609826631,0.5002650916845962,-0.00039440169368653644,0.0,0.0,0.0,-0.3473126357624093
2026-08-24T01:19:55.157298,41.91,3.0053057129758254,0.08409789535449222,0.0,0.03250595288511971,0.0,0.0,0.016252260889684664,0.9998679232858576,0.5002617595967538,-0.0004104147599030347,0.0,0.0,0.0,-0.3472300627043534
2026-08-24T01:19:55.196621,41.93,3.0153015044985882,0.08438799819442482,0.0,0.02555824855773503,0.0,0.0,0.012778776463725708,0.9999183481025289,0.5002584693917934,-0.000426135898465553,0.0,0.0,0.0,-0.3471265653724228
2026-08-24T01:19:55.223087,41.95,3.0252990689650106,0.08460866735725261,0.0,0.01861268175472608,0.0,0.0,0.009306206544046512,0.9999566963222756,0.5002552205432927,-0.0004415600452163555,0.0,0.0,0.0,-0.34765759896323095
2026-08-24T01:19:55.249116,41.97,3.0352979241018248,0.08475989161370594,0.0,0.01166484555198899,0.0,0.0,0.005832389708978712,0.9999829914704963,0.5002520125313998,-0.00045671648820881086,0.0,0.0,0.0,-0.3472336053670642
2026-08-24T01:19:55.283597,41.99,3.045297587549752,0.08484166412659624,0.0,0.004718465911929037,0.0,0.0,0.0023592307673911644,0.9999972170112206,0.5002488448428447,-0.0004715740524332039,0.0,0.0,0.0,-0.34727133072123684
2026-08-24T01:19:55.312598,42.01,3.0552975769234143,0.0848539808189147,0.0,-0.0022264832067993012,0.0,0.0,-0.0011132413734583374,0.9999993803466303,0.5002457169707619,-0.0004861548259693826,0.0,0.0,0.0,-0.34745703391004
2026-08-24T01:19:55.339671,42.03,3.065297409818139,0.0847968411655062,0.0,-0.009173444490123028,0.0,0.0,-0.0045867061624853146,0.9999894810079649,0.5002426284146485,-0.0005004711395957805,0.0,0.0,0.0,-0.34723332180743494
2026-08-24T01:19:55.370303,42.05,3.075296603838698,0.08467024807292099,0.0,-0.01611810954467918,0.0,0.0,-0.008058967535552648,0.99996752599385,0.5002395786803738,-0.0005145087796571397,0.0,0.0,0.0,-0.36381143970819313
2026-08-24T01:19:55.393855,42.07,3.0852946519956537,0.08447296302497669,0.0,-0.023393671873384928,0.0,0.0,-0.011696569219522779,0.9999315927944735,0.5002365672799053,-0.000528772325888728,0.0,0.0,0.0,-0.36369716144188163
2026-08-24T01:19:55.423603,42.09,3.095290990711342,0.0842025174098146,0.0,-0.030667321064921097,0.0,0.0,-0.015333059661553395,0.9998824417307343,0.5002335937311582,-0.0005432519818121647,0.0,0.0,0.0,-0.3639947797413029
2026-08-24T01:19:55.455710,42.1,3.1002870765446744,0.08403644600199722,0.0,-0.03431159137635032,0.0,0.0,-0.01715495414780437,0.9998528429464941,0.5000000003044169,-0.0005546463057127419,0.0,0.0,0.0,-0.3636661380677883
2026-08-24T01:19:55.485221,42.13,3.115276435363154,0.08344336533001585,0.0,-0.045231189520780646,0.0,0.0,-0.022613666961685746,0.9997442783364884,0.5002277582930507,-0.0005714439486499082,0.0,0.0,0.0,-0.36407332991693986
2026-08-24T01:19:55.516116,42.15,3.1252644808017767,0.08295466634508714,0.0,-0.05251624345835548,0.0,0.0,-0.026255104385708015,0.9996552753292985,0.500224895469723,-0.0005851398435096661,0.0,0.0,0.0,-0.36400708490091443
2026-08-24T01:19:55.555235,42.17,3.1352487022299798,0.0823932533574859,0.0,-0.05979887408493889,0.0,0.0,-0.029894982343400645,0.9995530451310164,0.5002220686308444,-0.0005985621961667101,0.0,0.0,0.0,-0.363907628472051
2026-08-24T01:19:55.579289,42.19,3.1452285703342637,0.08175915660504608,0.0,-0.06708091303648,0.0,0.0,-0.03353416824753038,0.9994375716171302,0.5002192773240967,-0.0006117204542890391,0.0,0.0,0.0,-0.36417554980188516
2026-08-24T01:19:55.605541,42.21,3.1552035559572276,0.08105240893727494,0.0,-0.07436044626649796,0.0,0.0,-0.03717165759404322,0.99930889512288,0.5002165211028733,-0.000624631504300829,0.0,0.0,0.0,-0.36428423986461916
2026-08-24T01:19:55.641020,42.23,3.1651731302804547,0.08027304835182404,0.0,-0.08164250631300708,0.0,0.0,-0.040809916850428014,0.9991669283391345,0.5002137995261737,-0.0006373011960272094,0.0,0.0,0.0,-0.3640178239544271
2026-08-24T01:19:55.670996,42.25,3.175136764760054,0.07942111640437279,0.0,-0.08892367108394028,0.0,0.0,-0.04444718789087799,0.9990117354108474,0.5002111121584873,-0.000649714548107496,0.0,0.0,0.0,-0.3640740590218159
2026-08-24T01:19:55.700641,42.27,3.185093931128263,0.07849665801697317,0.0,-0.09620384873987978,0.0,0.0,-0.04808337684945154,0.9988433254874127,0.5002084585698479,-0.00066188739454035,0.0,0.0,0.0,-0.36376305426566347
2026-08-24T01:19:55.725168,42.28,3.1900686503504083,0.07800491944658182,0.0,-0.09984692066517686,0.0,0.0,-0.04990272511159812,0.9987540828584563,0.50000000027128,-0.0006707479893687401,0.0,0.0,0.0,-0.3640116459002491
2026-08-24T01:19:55.754682,42.31,3.204986748220081,0.07643036129743179,0.0,-0.11077146915032544,0.0,0.0,-0.055357422226496554,0.9984666022478856,0.5002032510367308,-0.0006855024842811599,0.0,0.0,0.0,-0.3641017602384452
2026-08-24T01:19:55.786260,42.34,3.219884213806212,0.07468868970958394,0.0,-0.12169208984333403,0.0,0.0,-0.06080850741543457,0.9981494504461279,0.5000000007895606,-0.0007050585363600416,0.0,0.0,0.0,-0.36418612963096225
2026-08-24T01:19:55.811862,42.35,3.2248473628179375,0.07407459567744436,0.0,-0.12533039363420606,0.0,0.0,-0.06262419126145853,0.9980371790012876,0.5001981735937062,-0.0007081855754432829,0.0,0.0,0.0,-0.36824621164368776
2026-08-24T01:19:55.841615,42.37,3.2347642391910743,0.0727880197887536,0.0,-0.13269384173513157,0.0,0.0,-0.06629825600743358,0.997799850295826,0.5001956826372032,-0.0007193204787099998,0.0,0.0,0.0,-0.3681424366884377
2026-08-24T01:19:55.866443,42.39,3.2446713620158296,0.07142837602749785,0.0,-0.1400572557478417,0.0,0.0,-0.06997140507313271,0.9975489975294906,0.500193222990908,-0.0007303368407855105,0.0,0.0,0.0,-0.36821182655192897
2026-08-24T01:19:55.896270,42.41,3.2545682040975477,0.06999581963836572,0.0,-0.14742011242010733,0.0,0.0,-0.07364332776632243,0.997284643557446,0.5001907942613361,-0.0007411337416021433,0.0,0.0,0.0,-0.36765059454119764
2026-08-24T01:19:55.923398,42.43,3.2644542283552536,0.06849042512074725,0.0,-0.15478668647364244,0.0,0.0,-0.07731610550592687,0.9970066297820674,0.500188396059878,-0.0007516979646052057,0.0,0.0,0.0,-0.36855381161726114
2026-08-24T01:19:55.955272,42.45,3.27432889881877,0.06691227462815948,0.0,-0.1621474945002599,0.0,0.0,-0.08098496078642761,0.9967153235133995,0.5001860280027368,-0.0007620640378625666,0.0,0.0,0.0,-0.3682389670722711
2026-08-24T01:19:55.989203,42.47,3.284191680080541,0.06526145385165467,0.0,-0.16951106815656747,0.0,0.0,-0.08465409694778148,0.9964103993184513,0.500183689711065,-0.0007722159958020388,0.0,0.0,0.0,-0.3682087239840492
2026-08-24T01:19:56.019505,42.49,3.2940420373660313,0.06353805233221912,0.0,-0.17687404068516036,0.0,0.0,-0.0883217861879799,0.9960919947899214,0.5001813808107061,-0.0007821573577019119,0.0,0.0,0.0,-0.36810738112347485
2026-08-24T01:19:56.047558,42.51,3.30387943659877,0.0617421636832774,0.0,-0.18423964984209196,0.0,0.0,-0.09198959109879018,0.9957599686317368,0.5001791009322238,-0.0007918907177456945,0.0,0.0,0.0,-0.36820689023958353
2026-08-24T01:19:56.082465,42.53,3.313703344286529,0.05987388479958397,0.0,-0.1916017687301413,0.0,0.0,-0.09565441121946446,0.9954146038783325,0.5001768497108441,-0.0008014176736793061,0.0,0.0,0.0,-0.3683058900606125
2026-08-24T01:19:56.108880,42.55,3.32351322772238,0.05793331683618114,0.0,-0.198964792146751,0.0,0.0,-0.0993183852334933,0.9950557061565003,0.5001746267863054,-0.0008107515247864216,0.0,0.0,0.0,-0.36817845141755307
2026-08-24T01:19:56.133204,42.57,3.333308555003018,0.05592056509710994,0.0,-0.2063310758866175,0.0,0.0,-0.10298263462892879,0.9946831540570518,0.5001724318030002,-0.0008198859378946951,0.0,0.0,0.0,-0.3680544647762081
2026-08-24T01:19:56.162416,42.6,3.3479720679660123,0.05276564506159774,0.0,-0.21737803487976673,0.0,0.0,-0.1084751477638758,0.9940991612095874,0.5000000003330421,-0.000834251853969724,0.0,0.0,0.0,-0.36821602388687125
2026-08-24T01:19:56.184561,42.61,3.352853417439211,0.05167895093653211,0.0,-0.2210592373147042,0.0,0.0,-0.1103047031104494,0.9938978179228062,0.5001681242595281,-0.000837550603229796,0.0,0.0,0.0,-0.3684285127703112
2026-08-24T01:19:56.215388,42.63,3.3609778415280815,0.04982476761300127,0.0,-0.22719657396249504,0.0,0.0,-0.11335412172061893,0.9935546502779539,0.5001659849042269,-0.0008425154010148605,0.0,0.0,0.0,-0.396146354156346
2026-08-24T01:19:56.247505,42.65,3.3723331975222695,0.0471478762289359,0.0,-0.236349506187425,0.0,0.0,-0.11789988799185319,0.9930254862849737,0.5001639246538445,-0.0008577528431859881,0.0,0.0,0.0,-0.3967794614578901
2026-08-24T01:19:56.276716,42.67,3.3820457796269006,0.04476767139958396,0.0,-0.24428710208818497,0.0,0.0,-0.121840066619775,0.9925497459402671,0.5001618641884651,-0.0008675488669114465,0.0,0.0,0.0,-0.3967506351222118
2026-08-24T01:19:56.301103,42.69,3.391739164050019,0.042310457121280606,0.0,-0.2522227335648548,0.0,0.0,-0.1257773516920662,0.9920584951510321,0.5001598296253108,-0.0008771452191808895,0.0,0.0,0.0,-0.19215578879427353
2026-08-24T01:19:56.331455,42.71,3.4014166437492652,0.039791309071153295,0.0,-0.2560667359124369,0.0,0.0,-0.1276838557940097,0.9918149187069,0.5001578206361157,-0.0008805238200859284,0.0,0.0,0.0,-0.18908998573954805
2026-08-24T01:19:56.355198,42.73,3.4110857385959914,0.03724022853265897,0.0,-0.2598456874954165,0.0,0.0,-0.12955763703427473,0.9915718928479644,0.5001558369019181,-0.0008776866883477096,0.0,0.0,0.0,-0.18609784985902342
2026-08-24T01:19:56.384759,42.75,3.420745198588892,0.034652904348829124,0.0,-0.26356342561943835,0.0,0.0,-0.1314006144508625,0.991329349168043,0.5001538780995423,-0.0008746746103653301,0.0,0.0,0.0,-0.18619168134068811
2026-08-24T01:19:56.412973,42.77,3.430394992132331,0.032029757127930575,0.0,-0.26728161188997124,0.0,0.0,-0.13324335990193747,0.9910833501991863,0.5001519439184811,-0.0008715760772917147,0.0,0.0,0.0,-0.1860466624078937
2026-08-24T01:19:56.442951,42.79,3.4400349703367823,0.029370764515098933,0.0,-0.27099749934184203,0.0,0.0,-0.13508450595995983,0.9908340810900449,0.5001500340491847,-0.0008684677901851754,0.0,0.0,0.0,-0.18567153071494974
2026-08-24T01:19:56.472973,42.81,3.4496650013277868,0.02667596781035103,0.0,-0.27471512819580163,0.0,0.0,-0.13692604821269597,0.9905812724460595,0.5001481481861534,-0.0008653491359065895,0.0,0.0,0.0,-0.1855264189665321
2026-08-24T01:19:56.504544,42.83,3.4592849518720397,0.02394540333235427,0.0,-0.2784310810144963,0.0,0.0,-0.1387662874500137,0.9903251574444326,0.5001462860275678,-0.0008622237455132309,0.0,0.0,0.0,-0.18596992615548016
2026-08-24T01:19:56.530742,42.85,3.4688946891066,0.021179108739708526,0.0,-0.2821430409489701,0.0,0.0,-0.14060407104666822,0.9900659044756078,0.5001444472755434,-0.0008591144072753788,0.0,0.0,0.0,-0.1857213231605051
2026-08-24T01:19:56.554803,42.86,3.473696084934478,0.019786535363887983,0.0,-0.28400465612685993,0.0,0.0,-0.1415255708611622,0.9899346002602506,0.5000000001893665,-0.0008529625170919488,0.0,0.0,0.0,-0.18561783557592376
2026-08-24T01:19:56.583487,42.88,3.4832902681899234,0.016966684064326457,0.0,-0.287720754883813,0.0,0.0,-0.1433646728739094,0.9896699301139532,0.5000000001869761,-0.0008498914854176812,0.0,0.0,0.0,-0.18553214645958818
2026-08-24T01:19:56.611552,42.91,3.4976612949458734,0.012666229975324048,0.0,-0.2932934821019359,0.0,0.0,-0.1461216930553834,0.9892666227153468,0.5001390685349193,-0.0008498109273489663,0.0,0.0,0.0,-0.18591783012224034
2026-08-24T01:19:56.639099,42.93,3.5072288533711893,0.009757402117112728,0.0,-0.29701251402178164,0.0,0.0,-0.14796099643911162,0.9889931969092332,0.5001373205036139,-0.0008467202996961417,0.0,0.0,0.0,-0.1854606932376739
2026-08-24T01:19:56.663357,42.95,3.5167855363826694,0.006813040042065601,0.0,-0.30072793072918236,0.0,0.0,-0.14979800099343848,0.988716622141233,0.5001355944443228,-0.0008436123971714166,0.0,0.0,0.0,-0.19628861872723724
2026-08-24T01:19:56.699763,42.97,3.5263309758341563,0.0038324301202125673,0.0,-0.30465044227725,0.0,0.0,-0.15173683783362069,0.9884209285745894,0.5001338900808585,-0.000840830379263824,0.0,0.0,0.0,-0.1965863271826237
2026-08-24T01:19:56.723490,42.99,3.5358645564435323,0.0008141023899364173,0.0,-0.3085830862177383,0.0,0.0,-0.15368009702965668,0.9881206544632873,0.5001322071403789,-0.0008383764812068719,0.0,0.0,0.0,-0.19662331732515914
2026-08-24T01:19:56.751959,43.01,3.545386198156665,-0.002241679762391028,0.0,-0.3125153658492703,0.0,0.0,-0.15562258209854954,0.9878165882090563,0.5001305453538378,-0.000835915049564982,0.0,0.0,0.0,-0.19632249390604065
2026-08-24T01:19:56.782684,43.03,3.5548957467158315,-0.005334891009046235,0.0,-0.31645230567654764,0.0,0.0,-0.15756676656802296,0.9875083362044587,0.5001289044552157,-0.0008334484387175494,0.0,0.0,0.0,-0.1965114889055418
2026-08-24T01:19:56.807404,43.05,3.5643930559535844,-0.00846548054685178,0.0,-0.32038253235307673,0.0,0.0,-0.1595070268868112,0.9871967931338361,0.5001272841820136,-0.0008309734706470153,0.0,0.0,0.0,-0.19622587470446437
2026-08-24T01:19:56.836127,43.07,3.5738779789646227,-0.011633399904436762,0.0,-0.32431654191956266,0.0,0.0,-0.1614485378738793,0.9868811324665127,0.5001256842749259,-0.0008284962854174326,0.0,0.0,0.0,-0.1967850252373557
2026-08-24T01:19:56.869666,43.08,3.5786162207162606,-0.013227974902960266,0.0,-0.3262815101853751,0.0,0.0,-0.16241805485048635,0.9867220355594499,0.5000000001645747,-0.0008233321030242674,0.0,0.0,0.0,-0.1967850252364016
2026-08-24T01:19:56.898022,43.11,3.5928100795005298,-0.018081031741973876,0.0,-0.3321806324183681,0.0,0.0,-0.1653277410685514,0.9862386820811532,0.5001225445383898,-0.0008235630555005938,0.0,0.0,0.0,-0.19614267931700424
2026-08-24T01:19:56.929853,43.13,3.6022569642865787,-0.02136064409257907,0.0,-0.33611270579344904,0.0,0.0,-0.16726640173049342,0.9859117358324391,0.5001210042065681,-0.0008210826461637837,0.0,0.0,0.0,-0.19638177096055362
2026-08-24T01:19:56.957504,43.15,3.611690877057959,-0.024677386925971663,0.0,-0.3400479975845929,0.0,0.0,-0.16920600186238574,0.9855807064536858,0.5001194832360497,-0.0008186118267356092,0.0,0.0,0.0,-0.19636665912011517
2026-08-24T01:19:56.986326,43.17,3.6211116717597687,-0.028031209257846454,0.0,-0.3439773343897769,0.0,0.0,-0.17114201332799966,0.9852463708504786,0.5001179813834716,-0.0008161342905582479,0.0,0.0,0.0,-0.19664332643445234
2026-08-24T01:19:57.012623,43.19,3.6305192026299316,-0.03142205926896046,0.0,-0.3479128793568518,0.0,0.0,-0.17308042143305827,0.984907695023526,0.500116498408529,-0.0008136764953816837,0.0,0.0,0.0,-0.1965048198075158
2026-08-24T01:19:57.038483,43.2,3.6352184916730583,-0.0331281511267043,0.0,-0.34988035602095335,0.0,0.0,-0.17404922898139955,0.9847369526381045,0.500000000152463,-0.0008086832364780134,0.0,0.0,0.0,-0.1965372281496223
2026-08-24T01:19:57.067733,43.23,3.6492938913446284,-0.03831463084085072,0.0,-0.35578334772024306,0.0,0.0,-0.17695491369088037,0.9842189586269171,0.5001135881453999,-0.0008087439084052962,0.0,0.0,0.0,-0.19650669505376564
2026-08-24T01:19:57.094029,43.25,3.6586607586293507,-0.0418162461026993,0.0,-0.3597125659349172,0.0,0.0,-0.17888817648140803,0.9838694122266209,0.5001121603915561,-0.0008062660140134627,0.0,0.0,0.0,-0.21032177167689922
2026-08-24T01:19:57.128246,43.27,3.668013427915553,-0.04535560737750501,0.0,-0.3639123393120869,0.0,0.0,-0.18095379483937402,0.983491598405004,0.5001107505839484,-0.0008042078351644582,0.0,0.0,0.0,-0.2098693380109207
2026-08-24T01:19:57.152622,43.29,3.6773510383764156,-0.04893451056412461,0.0,-0.368110125916012,0.0,0.0,-0.1830176386696489,0.9831096296628296,0.5001093584968863,-0.0008025153368593799,0.0,0.0,0.0,-0.209796764868581
2026-08-24T01:19:57.182750,43.31,3.6866735364535472,-0.052552597023476484,0.0,-0.37230919012626235,0.0,0.0,-0.1850813040096326,0.9827232117468753,0.5001079839078791,-0.0008008110841233244,0.0,0.0,0.0,-0.21039187307857707
2026-08-24T01:19:57.212009,43.32,3.691329553726848,-0.05437358514558228,0.0,-0.3744131394839343,0.0,0.0,-0.18611500134384862,0.982527967171815,0.5000000001411109,-0.0007967650803086447,0.0,0.0,0.0,-0.2102118035212496
2026-08-24T01:19:57.244190,43.35,3.705272497633755,-0.059906165983573345,0.0,-0.3807159699308769,0.0,0.0,-0.1892104256197218,0.9819365635502142,0.5001052863466505,-0.0007974448347954333,0.0,0.0,0.0,-0.21001430097924298
2026-08-24T01:19:57.271500,43.37,3.714548633752942,-0.06364151447170503,0.0,-0.38492283056698356,0.0,0.0,-0.19127544066188387,0.9815364006493097,0.5001039629427885,-0.0007957366919734565,0.0,0.0,0.0,-0.21052656526829788
2026-08-24T01:19:57.307236,43.39,3.723808988191478,-0.06741581816779615,0.0,-0.38912485589142115,0.0,0.0,-0.19333723738182884,0.9811323624473726,0.5001026561735747,-0.0007940245759846822,0.0,0.0,0.0,-0.21033285720033837
2026-08-24T01:19:57.338675,43.41,3.7330533974017497,-0.07122901028748994,0.0,-0.3933265485286612,0.0,0.0,-0.1953980175252132,0.9807240257825932,0.5001013658298483,-0.0007923023551268746,0.0,0.0,0.0,-0.2100959706764734
2026-08-24T01:19:57.369366,43.43,3.7422816982113467,-0.07508102314030322,0.0,-0.39752905533948774,0.0,0.0,-0.1974583343407596,0.9803112802571298,0.5001000917052189,-0.0007905702165723952,0.0,0.0,0.0,-0.21065413294791532
2026-08-24T01:19:57.392110,43.45,3.751493727701425,-0.07897178843341199,0.0,-0.4017307970107277,0.0,0.0,-0.19951740444764315,0.9798942827277214,0.5000988335957655,-0.0007888493389165735,0.0,0.0,0.0,-0.21007923777761495
2026-08-24T01:19:57.425502,43.47,3.7606893231228744,-0.08290123747288333,0.0,-0.4059359720745724,0.0,0.0,-0.2015772754105209,0.9794726142358811,0.5000975913001853,-0.0007871090349896363,0.0,0.0,0.0,-0.20997251904274966
2026-08-24T01:19:57.452403,43.49,3.769868321928401,-0.08686930108770823,0.0,-0.41013976351599896,0.0,0.0,-0.20363557791045314,0.979046756497909,0.50009636461974,-0.0007853537306282055,0.0,0.0,0.0,-0.05894296542446911
2026-08-24T01:19:57.478852,43.51,3.7790351236379616,-0.09086547929517001,0.0,-0.4113184508077024,0.0,0.0,-0.20421253749802853,0.9789265751467862,0.5000951533582559,-0.0007791514915889658,0.0,0.0,0.0,-0.056377376833427625
2026-08-24T01:19:57.510871,43.53,3.7881988088760403,-0.09486880279728806,0.0,-0.41245113304887354,0.0,0.0,-0.20476691109213627,0.9788107642040852,0.5000939573227291,-0.0007684978657515425,0.0,0.0,0.0,-0.05410114732799274
2026-08-24T01:19:57.537347,43.55,3.797358046511288,-0.09888229270987342,0.0,-0.4135391770604038,0.0,0.0,-0.20529937535967593,0.9786992216595081,0.5000927763199154,-0.0007578491338262511,0.0,0.0,0.0,-0.062269372651176
2026-08-24T01:19:57.565455,43.57,3.8065126963019016,-0.10290623568904564,0.0,-0.4147882276966413,0.0,0.0,-0.20591055772604405,0.9785708161481975,0.5000916101617761,-0.000747503901148562,0.0,0.0,0.0,-0.06243316031241021
2026-08-24T01:19:57.591736,43.59,3.815662225379872,-0.10694180815701887,0.0,-0.41603668234797736,0.0,0.0,-0.20652136821238704,0.9784420905049434,0.5000904586617207,-0.0007375390245672626,0.0,0.0,0.0,-0.06255240602691108
2026-08-24T01:19:57.626357,43.61,3.8248066933795384,-0.11098883622653026,0.0,-0.41728902586077776,0.0,0.0,-0.20713400048710653,0.9783125808463302,0.50008932163554,-0.0007277177097443105,0.0,0.0,0.0,-0.06273546318279444
2026-08-24T01:19:57.652345,43.63,3.8339460788130904,-0.11504732965071833,0.0,-0.4185459545054768,0.0,0.0,-0.20774879409421296,0.9781822113248637,0.5000881989012675,-0.0007180375641020942,0.0,0.0,0.0,-0.06295725265523203
2026-08-24T01:19:57.681810,43.64,3.8385157190146364,-0.11707561832008669,0.0,-0.4191719475977993,0.0,0.0,-0.20805495156662882,0.9781171387561961,0.5000000001160215,-0.0007067115640414456,0.0,0.0,0.0,-0.06279133471740654
2026-08-24T01:19:57.711727,43.67,3.852209547313433,-0.12319868069817524,0.0,-0.4210536072778717,0.0,0.0,-0.2089751011410255,0.9779209615828358,0.5000859955922219,-0.0006990396225285923,0.0,0.0,0.0,-0.06252068021360377
2026-08-24T01:19:57.742227,43.69,3.861333601865487,-0.12729152504624733,0.0,-0.42230648714272956,0.0,0.0,-0.20958766883831942,0.9777898593618769,0.5000849146648902,-0.0006897205343744965,0.0,0.0,0.0,-0.0629625735655239
2026-08-24T01:19:57.774497,43.71,3.8704525174213638,-0.1313958068470323,0.0,-0.4235584913716774,0.0,0.0,-0.21019972625134833,0.9776584654591082,0.5000838473243642,-0.0006805402364744494,0.0,0.0,0.0,-0.06276997411542487
2026-08-24T01:19:57.797332,43.73,3.879566279712147,-0.1355115194900548,0.0,-0.4248125184793574,0.0,0.0,-0.21081269000046177,0.9775264752091215,0.5000827933998285,-0.0006714811529013329,0.0,0.0,0.0,-0.06294456743380034
2026-08-24T01:19:57.826337,43.75,3.8886748743920485,-0.13963865653651852,0.0,-0.4260648909503421,0.0,0.0,-0.21142476225326812,0.9773942755644465,0.5000817527226493,-0.0006625469002525689,0.0,0.0,0.0,-0.06261339555571858
2026-08-24T01:19:57.856259,43.77,3.897778287070078,-0.14377721164618312,0.0,-0.42732214012319863,0.0,0.0,-0.212039134510815,0.9772611756515781,0.5000807251263494,-0.0006537262211906054,0.0,0.0,0.0,-0.06245955713501159
2026-08-24T01:19:57.883260,43.79,3.906876503380967,-0.14792717842189526,0.0,-0.4285751057129539,0.0,0.0,-0.21265133017278226,0.9771281450125906,0.5000797104465075,-0.000645008997038872,0.0,0.0,0.0,-0.062376442476696756
2026-08-24T01:19:57.913726,43.8,3.911425306284745,-0.15000187894089362,0.0,-0.4292021172371055,0.0,0.0,-0.21295765502120242,0.9770614295774195,0.5000000001048636,-0.0006350061581762837,0.0,0.0,0.0,-0.0626864653278757
2026-08-24T01:19:57.946291,43.82,3.92051567603758,-0.15416903239761245,0.0,-0.43045589309806864,0.0,0.0,-0.21357012115367457,0.9769277370155915,0.5000000001035266,-0.0006265671458950536,0.0,0.0,0.0,-0.06264215136951756
2026-08-24T01:19:57.972824,43.84,3.9296008139465215,-0.1583475799144534,0.0,-0.43170967662463466,0.0,0.0,-0.21418250709940886,0.9767936597115133,0.5000000001022241,-0.0006182433863191778,0.0,0.0,0.0,-0.0625005827191508
2026-08-24T01:19:58.002487,43.87,3.943216809531415,-0.16464169948268947,0.0,-0.43378820188879397,0.0,0.0,-0.21519753640076286,0.9765705403743461,0.5000757776748249,-0.000611602237405704,0.0,0.0,0.0,-0.0722623413006231
2026-08-24T01:19:58.027460,43.89,3.95228758509994,-0.16885130723625735,0.0,-0.4352409748823499,0.0,0.0,-0.2159068472189348,0.97641396616598,0.5000748251822662,-0.0006040256642741282,0.0,0.0,0.0,-0.07259202824725886
2026-08-24T01:19:58.057400,43.91,3.9613522264498204,-0.17307410810880205,0.0,-0.4366936169207457,0.0,0.0,-0.21661598019365835,0.9762568909486583,0.5000738846621435,-0.0005965667301725198,0.0,0.0,0.0,-0.07309214630178529
2026-08-24T01:19:58.085429,43.93,3.9704107019584294,-0.17731011975581915,0.0,-0.4381512663164875,0.0,0.0,-0.21732744273263208,0.9760987565996048,0.5000729559639331,-0.0005892400599594711,0.0,0.0,0.0,-0.07303220765699184
2026-08-24T01:19:58.112276,43.95,3.979462988110902,-0.181559342259913,0.0,-0.4396147949391209,0.0,0.0,-0.21804165871614675,0.9759394628071515,0.5000720389390921,-0.0005820159199067257,0.0,0.0,0.0,-0.07292500531746907
2026-08-24T01:19:58.150150,43.98,3.9930311093805795,-0.18795426112986846,0.0,-0.44180108522286643,0.0,0.0,-0.2191083717099984,0.9757005285673434,0.5000000001403444,-0.000566788025884674,0.0,0.0,0.0,-0.07343854722498817
2026-08-24T01:19:58.175055,43.99,3.9975489163978586,-0.1900973812927793,0.0,-0.4425314810335226,0.0,0.0,-0.2194646808801503,0.9756204455863836,0.5000702393242871,-0.0005678488503326294,0.0,0.0,0.0,-0.07310677393221503
2026-08-24T01:19:58.201383,44.01,4.006582520037238,-0.19438617965556917,0.0,-0.4439867458478007,0.0,0.0,-0.22017451577311778,0.9754604977158599,0.5000693564464113,-0.0005609063523360265,0.0,0.0,0.0,-0.07280753397451509
2026-08-24T01:19:58.233176,44.03,4.015609857634554,-0.19868815189443906,0.0,-0.445444992103801,0.0,0.0,-0.2208856879947911,0.9752997041110326,0.5000684846659277,-0.0005540603604431742,0.0,0.0,0.0,-0.07297679132975868
2026-08-24T01:19:58.262690,44.05,4.024617796007499,-0.20299700983081442,0.0,-0.44690591030803495,0.0,0.0,-0.221598045548556,0.9751380959684941,0.4993372184618544,-0.0005473101553219447,0.0,0.0,0.0,-0.07293393151717223
2026-08-24T01:19:58.290763,44.07,4.033615540115471,-0.20731710046413696,0.0,-0.44836415245068434,0.0,0.0,-0.22230898031608104,0.9749762649781913,0.4991173036891786,-0.000540632942063407,0.0,0.0,0.0,-0.07262963882969964
2026-08-24T01:19:58.320683,44.09,4.042605812990924,-0.2116497205397007,0.0,-0.44981750868638004,0.0,0.0,-0.22301741547454876,0.9748144604975105,0.4990508015587149,-0.000534030639198586,0.0,0.0,0.0,-0.07300040152609255
2026-08-24T01:19:58.345953,44.11,4.051589417675259,-0.21599525375501086,0.0,-0.4512700308114561,0.0,0.0,-0.2237253263823326,0.9746522345611889,0.49903032985384954,-0.0005275374267464662,0.0,0.0,0.0,-0.0729342687672337
2026-08-24T01:19:58.378382,44.13,4.060566582054309,-0.22035380815616296,0.0,-0.45272483628927945,0.0,0.0,-0.22443423183653635,0.974489238308943,0.49902367382620216,-0.0005211413005514863,0.0,0.0,0.0,-0.07291812304653761
2026-08-24T01:19:58.405698,44.15,4.069537360865691,-0.22472541033648222,0.0,-0.45418053132326375,0.0,0.0,-0.2251434518979881,0.9743256263013194,0.49902116896900817,-0.0005148361986385752,0.0,0.0,0.0,-0.07282372396288324
2026-08-24T01:19:58.436244,44.17,4.078501757012708,-0.22911006221962268,0.0,-0.45563916542488947,0.0,0.0,-0.2258539842500225,0.9741611662340018,0.49901991584888705,-0.0005086164479736891,0.0,0.0,0.0,-0.07300293235105167
2026-08-24T01:19:58.464514,44.2,4.091937506602476,-0.23570852335758435,0.0,-0.4578221081767247,0.0,0.0,-0.22691711853636862,0.9739140728602045,0.4989631004905872,-0.0004957070763190763,0.0,0.0,0.0,-0.07286251456858304
2026-08-24T01:19:58.490504,44.21,4.096411346606927,-0.23791848982954295,0.0,-0.45855137660033884,0.0,0.0,-0.2272722258335892,0.9738312663724892,0.49901829403673026,-0.0004964250791257762,0.0,0.0,0.0,-0.07288233119936897
2026-08-24T01:19:58.520924,44.23,4.105356504754872,-0.24234224800460663,0.0,-0.4600057458959409,0.0,0.0,-0.22798032082714093,0.973665740033793,0.49901758589838474,-0.0004904555852569331,0.0,0.0,0.0,-0.11352988044488063
2026-08-24T01:19:58.550657,44.25,4.114292593224621,-0.24678429125842818,0.0,-0.4630321491644849,0.0,0.0,-0.22945341184167256,0.9733196452318302,0.49901689654505893,-0.0004857668574510306,0.0,0.0,0.0,-0.15234872265328053
2026-08-24T01:19:58.583336,44.27,4.123214295018885,-0.25125516469626485,0.0,-0.466066312213647,0.0,0.0,-0.23092975247892192,0.9729704257684423,0.4990162188216363,-0.0004845780872831292,0.0,0.0,0.0,-0.15313329605181641
2026-08-24T01:19:58.614742,44.29,4.132122333663425,-0.25575319992918183,0.0,-0.4691282133707144,0.0,0.0,-0.23241905090562934,0.9726157436398645,0.49901555050660207,-0.0004834448284863394,0.0,0.0,0.0,-0.15322643543345726
2026-08-24T01:19:58.648996,44.31,4.141016551509334,-0.2602785026741452,0.0,-0.47219031070896783,0.0,0.0,-0.23390789995586256,0.9722587589413829,0.4990148908588708,-0.0004823523206300578,0.0,0.0,0.0,-0.15322157812248052
2026-08-24T01:19:58.678733,44.33,4.1498968762372845,-0.2648310086039953,0.0,-0.4752458716643324,0.0,0.0,-0.23539302434547715,0.9719002644764995,0.49901423958268165,-0.0004812640408331572,0.0,0.0,0.0,-0.1524609910203199
2026-08-24T01:19:58.706170,44.35,4.158763223587794,-0.26941067711485206,0.0,-0.4783098196588224,0.0,0.0,-0.23688167346905875,0.9715385081274434,0.499013596516751,-0.000480178066299208,0.0,0.0,0.0,-0.15321225169931374
2026-08-24T01:19:58.740093,44.37,4.167615510689679,-0.2740174648830001,0.0,-0.4813740434821385,0.0,0.0,-0.23836990058360394,0.9711744387574062,0.4990129615411129,-0.0004791135954895258,0.0,0.0,0.0,-0.15302062640401828
2026-08-24T01:19:58.767541,44.39,4.176453654623094,-0.27865132868413234,0.0,-0.4844308273917281,0.0,0.0,-0.23985395679076602,0.9708089819381635,0.4990123345489672,-0.0004780418943449491,0.0,0.0,0.0,-0.1532193199985627
2026-08-24T01:19:58.790162,44.41,4.18527757218091,-0.2833122258393575,0.0,-0.48748734957244544,0.0,0.0,-0.2413373257072692,0.9704412889095679,0.4990117154385432,-0.00047699688270447504,0.0,0.0,0.0,-0.1526866991265502
2026-08-24T01:19:58.820002,44.43,4.194087181066952,-0.2880001119349347,0.0,-0.4905576187606306,0.0,0.0,-0.24282679874394617,0.9700696602882533,0.4990111041102084,-0.00047595726597572826,0.0,0.0,0.0,-0.15352648428600985
2026-08-24T01:19:58.848824,44.45,4.2028823987593755,-0.292714942993185,0.0,-0.49361322648856637,0.0,0.0,-0.2443085909414418,0.969697536550551,0.49901050046612905,-0.0004749228611016747,0.0,0.0,0.0,-0.15269886119129497
2026-08-24T01:19:58.881822,44.47,4.211663142464804,-0.2974566755385773,0.0,-0.4966749474800283,0.0,0.0,-0.2457927757404651,0.9693223980667101,0.4990099044095942,-0.0004738881815444796,0.0,0.0,0.0,-0.1530049552092242
2026-08-24T01:19:58.910913,44.49,4.220429329705957,-0.30222526549659723,0.0,-0.49973779325893686,0.0,0.0,-0.24727692944444943,0.9689448488766143,0.49900931584524916,-0.00047286890807757704,0.0,0.0,0.0,-0.15307766236696174
2026-08-24T01:19:58.938838,44.51,4.229180878638512,-0.30702066762480656,0.0,-0.5027994081788081,0.0,0.0,-0.2487599071372726,0.9685651803575511,0.49900873467890283,-0.0004718544074118382,0.0,0.0,0.0,-0.15313730682376675
2026-08-24T01:19:58.963440,44.53,4.237917707221142,-0.31184283704885174,0.0,-0.5058577515358534,0.0,0.0,-0.2502407181568514,0.9681836514713225,0.4990081608175656,-0.0004708480358305709,0.0,0.0,0.0,-0.1529648937519639
2026-08-24T01:19:58.995088,44.55,4.246639733657672,-0.31669172844887783,0.0,-0.5089194877977001,0.0,0.0,-0.2517225858481828,0.9677994315837886,0.49900759416941665,-0.0004698525323943445,0.0,0.0,0.0,-0.15328089631551203
2026-08-24T01:19:59.029246,44.57,4.255346876225098,-0.3215672963740716,0.0,-0.5119814595696419,0.0,0.0,-0.25320397753109775,0.9674129137872987,0.4990070346437891,-0.00046887210631675326,0.0,0.0,0.0,-0.15292330061599907
2026-08-24T01:19:59.058273,44.59,4.264039053273131,-0.3264694952427788,0.0,-0.5150414393769759,0.0,0.0,-0.25468381258577716,0.9670243821159695,0.4990064821511744,-0.0004678863946305376,0.0,0.0,0.0,-0.15292700288518238
2026-08-24T01:19:59.094247,44.61,4.272716183311487,-0.3313982791874396,0.0,-0.5181044107581472,0.0,0.0,-0.2561644973366921,0.9666332036011591,0.49900593660313464,-0.00046691198452525047,0.0,0.0,0.0,-0.1529392939169984
2026-08-24T01:19:59.129219,44.64,4.285703719022596,-0.3388403723413489,0.0,-0.5226960074328834,0.0,0.0,-0.25838301520738544,0.966042554679834,0.49896307991530414,-0.00046447750662531145,0.0,0.0,0.0,-0.15310588072100575
2026-08-24T01:19:59.152820,44.65,4.290024977555836,-0.34133541679238005,0.0,-0.5242266880140338,0.0,0.0,-0.2591222907513393,0.9658445208395492,0.4990048659927692,-0.00046497875049565684,0.0,0.0,0.0,-0.15271541104199188
2026-08-24T01:19:59.180002,44.67,4.298656479576487,-0.34634367732271043,0.0,-0.5272854575653074,0.0,0.0,-0.2605991350355326,0.9654470937439981,0.4990043407591225,-0.00046401590686556026,0.0,0.0,0.0,-0.152862525486343
2026-08-24T01:19:59.206807,44.69,4.3072726103249375,-0.3513783364810254,0.0,-0.5303506176046131,0.0,0.0,-0.2620784533344505,0.9650465710512743,0.49900382212745253,-0.00046307205474991123,0.0,0.0,0.0,-0.15309306053588137
2026-08-24T01:19:59.235063,44.71,4.3158732890221625,-0.35643934715938785,0.0,-0.5334089152941793,0.0,0.0,-0.2635538462001669,0.9646446859611567,0.49900331001477577,-0.0004621308044749769,0.0,0.0,0.0,-0.15295067415355054
2026-08-24T01:19:59.267268,44.73,4.324458435067093,-0.36152666194667815,0.0,-0.5364673754628214,0.0,0.0,-0.26502870113350463,0.9642405237156793,0.49900280433911576,-0.00046120151914318277,0.0,0.0,0.0,-0.16534656638258508
2026-08-24T01:19:59.297572,44.75,4.3330274929347805,-0.3666410285813906,0.0,-0.5397753705669334,0.0,0.0,-0.26662318935167567,0.9638008481527397,0.499002305019554,-0.0004606510921584656,0.0,0.0,0.0,-0.16503240225274257
2026-08-24T01:19:59.326120,44.77,4.341579426711323,-0.37178397927807083,0.0,-0.5430857471558895,0.0,0.0,-0.2682180952785333,0.9633582165348233,0.49900181197616894,-0.0004604545695962409,0.0,0.0,0.0,-0.1654268116753032
2026-08-24T01:19:59.357500,44.79,4.350114292783419,-0.3769552049497004,0.0,-0.5463991955867655,0.0,0.0,-0.26981374534017,0.9629125312433678,0.49900132513017825,-0.0004602582489480648,0.0,0.0,0.0,-0.16542100014346786
2026-08-24T01:19:59.388266,44.81,4.358631979372741,-0.38215467896000754,0.0,-0.5497095743211546,0.0,0.0,-0.2714071775979008,0.9624646195826325,0.49900084440366616,-0.0004600619032657446,0.0,0.0,0.0,-0.1656631402567148
2026-08-24T01:19:59.420815,44.83,4.367132395531011,-0.3873823400707871,0.0,-0.5530267104315616,0.0,0.0,-0.27300311663847565,0.9620131487176664,0.4990003697196421,-0.0004598754469548136,0.0,0.0,0.0,-0.1659201075008432
2026-08-24T01:19:59.449018,44.85,4.375615448010218,-0.3926381308683526,0.0,-0.556336163631534,0.0,0.0,-0.2745946109011627,0.9615600863513621,0.49899990100220837,-0.00045967944482238406,0.0,0.0,0.0,-0.16553876846953933
2026-08-24T01:19:59.485877,44.87,4.3840810437096875,-0.39792199370152903,0.0,-0.5596508549017883,0.0,0.0,-0.2761878704562194,0.961103667776197,0.4989994381763675,-0.00045947779495861133,0.0,0.0,0.0,-0.16559417424616057
2026-08-24T01:19:59.520704,44.89,4.392529089740983,-0.4032338705785584,0.0,-0.5629619819618631,0.0,0.0,-0.2777786594100224,0.9606451042796038,0.4989989811680114,-0.00045926830564028905,0.0,0.0,0.0,-0.1656152495698257
2026-08-24T01:19:59.543326,44.91,4.400959493694665,-0.40857370274689103,0.0,-0.566275156570042,0.0,0.0,-0.2793696700143059,0.9601836217495577,0.49899852990406984,-0.00045906016186100383,0.0,0.0,0.0,-0.16542552831828886
2026-08-24T01:19:59.570309,44.93,4.409372162990654,-0.41394143172921577,0.0,-0.5695894339834013,0.0,0.0,-0.28096044314152663,0.9597193492837982,0.4989980843123207,-0.000458841430883336,0.0,0.0,0.0,-0.16576487445096136
2026-08-24T01:19:59.754667,44.95,4.417767005203573,-0.41933699880162084,0.0,-0.5729008582218058,0.0,0.0,-0.2825490762632005,0.9592528444069437,0.4989976443214843,-0.0004586245971665797,0.0,0.0,0.0,-0.16575261518087467
2026-08-24T01:19:59.780690,44.97,4.426143928130946,-0.42476034488841086,0.0,-0.5762128832685134,0.0,0.0,-0.28413722283251797,0.9587836244956544,0.4989972098611065,-0.0004584078755086734,0.0,0.0,0.0,-0.16562646317652885
2026-08-24T01:19:59.813360,44.99,4.434502840017924,-0.43021141022106596,0.0,-0.5795251068020173,0.0,0.0,-0.28572468529660877,0.9583117468820644,0.4989967808617073,-0.000458186126958016,0.0,0.0,0.0,-0.20637315100847556
2026-08-24T01:19:59.836921,45.01,4.4428326077366584,-0.43570689131058626,0.0,-0.5863318524075555,0.0,0.0,-0.2889845163709784,0.9573337711048492,0.49899635725493113,-0.00045915734461666287,0.0,0.0,0.0,-0.28807823118875747
2026-08-24T01:19:59.867744,45.03,4.451110625785429,-0.44128009931016404,0.0,-0.5958211436529927,0.0,0.0,-0.2935234560606485,0.9559518715616454,0.49899593897160005,-0.0004758345549226404,0.0,0.0,0.0,-0.36972943091947646
2026-08-24T01:19:59.898168,45.05,4.459339825828618,-0.44692513864471733,0.0,-0.6053524798485332,0.0,0.0,-0.29807585496701183,0.9545421859120135,0.4989955259460717,-0.0004922358041369938,0.0,0.0,0.0,-0.4473834497961569
2026-08-24T01:19:59.927205,45.07,4.467518815940989,-0.4526426831314745,0.0,-0.614567027082508,0.0,0.0,-0.3024705128196431,0.9531587427467799,0.4989951181071191,-0.000508495682881633,0.0,0.0,0.0,-0.4468250720219022
2026-08-24T01:19:59.951349,45.09,4.475646219276886,-0.45843332418884597,0.0,-0.62350701224578,0.0,0.0,-0.3067280893389519,0.951797183863493,0.49899471540320844,-0.0005239601141577622,0.0,0.0,0.0,-0.446666159930362
2026-08-24T01:19:59.984259,45.11,4.483721575710556,-0.46429632668499204,0.0,-0.6324349992500169,0.0,0.0,-0.3109738355551294,0.9504184728845139,0.49899431775750885,-0.0005391419760938264,0.0,0.0,0.0,-0.44634967767010497
2026-08-24T01:20:00.020032,45.13,4.489074493250974,-0.46824689519645685,0.0,-0.6383804610360002,0.0,0.0,-0.3137977956924993,0.9494898332360007,0.4989938730067378,-0.0005453538966501857,0.0,0.0,0.0,-0.44616112595383434
2026-08-24T01:20:00.047217,45.15,4.499713659852366,-0.4762374239339459,0.0,-0.650279801192966,0.0,0.0,-0.31944135963366743,0.9476060456515639,0.4989935380570864,-0.0005804708380878185,0.0,0.0,0.0,-0.44632467866083014
2026-08-24T01:20:00.081063,45.17,4.507629198508496,-0.4823144583628715,0.0,-0.6592001561649075,0.0,0.0,-0.3236646594235276,0.9461718597803741,0.4989931552045999,-0.0005946857550617367,0.0,0.0,0.0,-0.44556459768445406
2026-08-24T01:20:00.108249,45.19,4.515490200412461,-0.48846187259911267,0.0,-0.6681224394461341,0.0,0.0,-0.3278824313586086,0.9447185354413066,0.4989927771698747,-0.0006086443299288336,0.0,0.0,0.0,-0.44613482072456495
2026-08-24T01:20:00.139964,45.21,4.5232960403519815,-0.494679178384217,0.0,-0.6770458323319981,0.0,0.0,-0.33209420117418786,0.9432462253020035,0.498992403886914,-0.0006223835512675439,0.0,0.0,0.0,-0.4461759583942667
2026-08-24T01:20:00.169399,45.23,4.531046097108724,-0.5009658805950851,0.0,-0.6859655258607114,0.0,0.0,-0.33629761814454884,0.9417557602851725,0.49899203529592007,-0.0006358873270116961,0.0,0.0,0.0,-0.4461510837359209
2026-08-24T01:20:00.196542,45.25,4.538739753492654,-0.5073214790976611,0.0,-0.6948911858931202,0.0,0.0,-0.3404971510787434,0.9402455477731652,0.49899167133795147,-0.0006491678607298422,0.0,0.0,0.0,-0.4461500354412983
2026-08-24T01:20:00.224529,45.27,4.546376397093735,-0.5137454679077823,0.0,-0.703817858156246,0.0,0.0,-0.3446903774917619,0.9387164341080786,0.4989913119547745,-0.0006622112310412897,0.0,0.0,0.0,-0.4461539559373005
2026-08-24T01:20:00.259434,45.28,4.550170153260918,-0.5169862423413704,0.0,-0.7082757331175573,0.0,0.0,-0.3467818597644254,0.937945809595803,0.49896307989258437,-0.0006738708434536946,0.0,0.0,0.0,-0.4461747087606997
2026-08-24T01:20:00.288007,45.31,4.5614762185126425,-0.5267965659723557,0.0,-0.7216578489379953,0.0,0.0,-0.35304989993726665,0.9356044934448989,0.4989906066838795,-0.0006876075653240674,0.0,0.0,0.0,-0.4460631714763712
2026-08-24T01:20:00.315168,45.33,4.568938194802121,-0.5334226357393801,0.0,-0.7305821222764766,0.0,0.0,-0.3572211664784898,0.9340198275303084,0.4989902606831882,-0.0006999860011814976,0.0,0.0,0.0,-0.44596164545167827
2026-08-24T01:20:00.345741,45.35,4.576340755152901,-0.540115017181133,0.0,-0.7395047594190506,0.0,0.0,-0.3613845577128135,0.9324168603402204,0.4989899190315762,-0.0007121399827348476,0.0,0.0,0.0,-0.4490425936130041
2026-08-24T01:20:00.379575,45.37,4.583683155785545,-0.5468733453703796,0.0,-0.7484903036422681,0.0,0.0,-0.365570032818665,0.930783836937965,0.49898958167435364,-0.0007241708198542332,0.0,0.0,0.0,-0.44875858719295664
2026-08-24T01:20:00.405426,45.39,4.590964496640283,-0.553697414084587,0.0,-0.7574741181984046,0.0,0.0,-0.36974732536068267,0.9291323454646391,0.4989892485575301,-0.000736063588929946,0.0,0.0,0.0,-0.44910962379677544
2026-08-24T01:20:00.430654,45.41,4.598184232839275,-0.5605866249974433,0.0,-0.7664583219399588,0.0,0.0,-0.37391733791540777,0.9274620339433064,0.4989889196278931,-0.000747759419620515,0.0,0.0,0.0,-0.44940841060932685
2026-08-24T01:20:00.461149,45.43,4.605341776548029,-0.5675404272338858,0.0,-0.7754440575713915,0.0,0.0,-0.37808051430366885,0.9257727176277519,0.4989885948327583,-0.0007592616911842999,0.0,0.0,0.0,-0.44926842322129157
2026-08-24T01:20:00.496173,45.46,4.615957682557975,-0.5780933557112636,0.0,-0.7889200415245555,0.0,0.0,-0.3843097337505019,0.9232042182229337,0.49896307995485417,-0.0007801886323927223,0.0,0.0,0.0,-0.4490713054677276
2026-08-24T01:20:00.529877,45.47,4.6194679828777065,-0.5816395521905683,0.0,-0.793414010669454,0.0,0.0,-0.3863831874625394,0.9223383503065934,0.49898795743877555,-0.0007816490384468735,0.0,0.0,0.0,-0.44932245804338855
2026-08-24T01:20:00.556941,45.49,4.626435504998494,-0.588783736783937,0.0,-0.802397895742363,0.0,0.0,-0.39052236627234355,0.9205934398207765,0.49898764473795904,-0.0007925443271898344,0.0,0.0,0.0,-0.4493442142193786
2026-08-24T01:20:00.587592,45.51,4.633338554790172,-0.5959902354107853,0.0,-0.8113869926962614,0.0,0.0,-0.39465605972654905,0.9188289256010145,0.49898733596762024,-0.0008032481425605882,0.0,0.0,0.0,-0.44933250259872276
2026-08-24T01:20:00.612412,45.53,4.640176575012904,-0.6032584662498689,0.0,-0.8203678234552322,0.0,0.0,-0.39877799051724294,0.917047498376736,0.49898703107842723,-0.0008137467598976551,0.0,0.0,0.0,-0.4492410002589739
2026-08-24T01:20:00.646071,45.55,4.646949013347975,-0.6105878428049569,0.0,-0.8293527902192674,0.0,0.0,-0.40289377316317937,0.9152467468100264,0.4989867300215229,-0.0008240652104843198,0.0,0.0,0.0,-0.44921090479937364
2026-08-24T01:20:00.678231,45.57,4.653655323603413,-0.61797777286737,0.0,-0.8383386072994843,0.0,0.0,-0.4070018128077741,0.9134273503520604,0.49898643274880883,-0.0008341952025539169,0.0,0.0,0.0,-0.44904807048128076
2026-08-24T01:20:00.701983,45.59,4.660294964078999,-0.6254276601249389,0.0,-0.8473258761873099,0.0,0.0,-0.41110229836133455,0.9115892168526503,0.4989861392126488,-0.0008441330692855858,0.0,0.0,0.0,-0.4491721680222582
2026-08-24T01:20:00.734145,45.61,4.666867398165305,-0.6329369036662954,0.0,-0.8563079143754471,0.0,0.0,-0.41519210337208445,0.9097337617663007,0.4989858493661468,-0.0008538860733871797,0.0,0.0,0.0,-0.4492347558818147
2026-08-24T01:20:00.768362,45.62,4.670126177877566,-0.6367152228488713,0.0,-0.8608025916931875,0.0,0.0,-0.4172355330333671,0.9087983879686199,0.4989630798853214,-0.0008617959912756149,0.0,0.0,0.0,-0.44897365153904545
2026-08-24T01:20:00.792038,45.64,4.676596868193376,-0.6443122832246212,0.0,-0.8697879082324889,0.0,0.0,-0.4213142291622075,0.906914726038482,0.4989630798849446,-0.0008711737405534474,0.0,0.0,0.0,-0.44926259177972094
2026-08-24T01:20:00.821122,45.67,4.686174740082125,-0.6558158808465255,0.0,-0.8837637947917462,0.0,0.0,-0.4276413596197883,0.9039484872173519,0.4989850015033761,-0.0008828194770356703,0.0,0.0,0.0,-0.47441058963184723
2026-08-24T01:20:00.847819,45.69,4.6924672743472335,-0.6635611798867035,0.0,-0.8932559799893376,0.0,0.0,-0.4319267503519642,0.9019086884659622,0.4989847259568041,-0.0008933348469859915,0.0,0.0,0.0,-0.4753569204272412
2026-08-24T01:20:00.872367,45.71,4.698685987670946,-0.6713658727377372,0.0,-0.9027549329708515,0.0,0.0,-0.4362054567696174,0.8998470978362988,0.4989844538742259,-0.0009036849554036419,0.0,0.0,0.0,-0.47536715953943753
2026-08-24T01:20:00.900318,45.73,4.704830242733053,-0.6792293159034418,0.0,-0.9122606211127243,0.0,0.0,-0.4404773467832522,0.8977637255819522,0.4989841852116428,-0.0009138647891767192,0.0,0.0,0.0,-0.45096036488975316
2026-08-24T01:20:00.930675,45.75,4.710600291033483,-0.6867585463710179,0.0,-0.9213005987836946,0.0,0.0,-0.44453071544820555,0.8957636088964022,0.4742011052682669,-0.0009221536280244864,0.0,0.0,0.0,-0.44470000001763615
2026-08-24T01:20:00.957579,45.76,4.71341523877167,-0.6904849682818092,0.0,-0.9257497076383664,0.0,0.0,-0.4465222887953971,0.8947725105348957,0.4669466205347159,-0.0009269862194859342,0.0,0.0,0.0,-0.4446514888620419
2026-08-24T01:20:00.987823,45.79,4.721736675135386,-0.7016974670993754,0.0,-0.9390531370362467,0.0,0.0,-0.45246413814459263,0.891782598895645,0.46453971539510663,-0.0009349097081391872,0.0,0.0,0.0,-0.4421209136150701
2026-08-24T01:20:01.018919,45.81,4.727184521692913,-0.7092116613007572,0.0,-0.9478986508598862,0.0,0.0,-0.45640383767108617,0.8897727445584658,0.4638729708483839,-0.0009407497200461671,0.0,0.0,0.0,-0.44197268845408627
2026-08-24T01:20:01.050449,45.83,4.73256343993186,-0.7167704708317575,0.0,-0.9567292097812086,0.0,0.0,-0.4603279715112863,0.8877489277066486,0.46367464500869365,-0.0009464224818870352,0.0,0.0,0.0,-0.4418034447088697
2026-08-24T01:20:01.077298,45.84,4.735227369563864,-0.7205683472016848,0.0,-0.96115326677754,0.0,0.0,-0.4622905696290962,0.8867284980375931,0.46380580042389025,-0.0009501243172180929,0.0,0.0,0.0,-0.4418190536573846
2026-08-24T01:20:01.108421,45.87,4.743118278849044,-0.7320269534138839,0.0,-0.974411034659855,0.0,0.0,-0.46815838990867786,0.8836445676617461,0.46360113209278875,-0.0009574093844074345,0.0,0.0,0.0,-0.4417244720087697
2026-08-24T01:20:01.136528,45.89,4.748294012243244,-0.7397243138587745,0.0,-0.9832414148960403,0.0,0.0,-0.47205527288606935,0.8815689532534926,0.46359805900155676,-0.000962713135499066,0.0,0.0,0.0,-0.44179217457481745
2026-08-24T01:20:01.165788,45.91,4.753401504863536,-0.7474670836747054,0.0,-0.9920802142346227,0.0,0.0,-0.47594665587402146,0.8794741501387837,0.46359875084567265,-0.0009679242148817641,0.0,0.0,0.0,-0.44232714186151517
2026-08-24T01:20:01.193843,45.93,4.758440371724712,-0.7552546760885063,0.0,-1.0009203580386057,0.0,0.0,-0.4798293329099287,0.8773618474034603,0.4636005518860203,-0.0009730331610638973,0.0,0.0,0.0,-0.4414991508298708
2026-08-24T01:20:01.222499,45.95,4.763410223189324,-0.7630864885520969,0.0,-1.0097547080663203,0.0,0.0,-0.4837001000659359,0.8752338048751337,0.46360266565576513,-0.0009780007167018293,0.0,0.0,0.0,-0.48281163858317516
2026-08-24T01:20:01.257457,45.97,4.768307925328648,-0.7709636171962145,0.0,-1.0195208529102802,0.0,0.0,-0.4879681463798694,0.8728614369523918,0.46360485347041147,-0.0009839947035957127,0.0,0.0,0.0,-0.4889434680316002
2026-08-24T01:20:01.285475,45.99,4.7731274999937705,-0.7788887969398187,0.0,-1.0293066421942076,0.0,0.0,-0.4922331073180266,0.8704634214371332,0.46360704395992713,-0.0009912859550694892,0.0,0.0,0.0,-0.4887006560997918
2026-08-24T01:20:01.308981,46.01,4.7770822650690725,-0.7855301690329424,0.0,-1.0374588620306255,0.0,0.0,-0.4957771129383265,0.8684497995201207,0.4636091930774247,-0.0009940230197814659,0.0,0.0,0.0,-0.489511904626434
2026-08-24T01:20:01.344446,46.03,4.782532791552744,-0.7948787699891543,0.0,-1.0488747849588722,0.0,0.0,-0.5007260876184217,0.865605790864611,0.46361136371189193,-0.0010085421063534736,0.0,0.0,0.0,-0.48939992442579766
2026-08-24T01:20:01.367652,46.05,4.787117652432914,-0.8029420065539266,0.0,-1.0586603339766274,0.0,0.0,-0.5049552911791165,0.8631454998493671,0.46361348495880383,-0.0010154025122331655,0.0,0.0,0.0,-0.4891961756110571
2026-08-24T01:20:01.410004,46.07,4.7916233924714415,-0.8110497198807105,0.0,-1.0684459962312072,0.0,0.0,-0.5091724552462716,0.8606645169974672,0.46361557978956797,-0.0010221183377576222,0.0,0.0,0.0,-0.4890149252590372
2026-08-24T01:20:01.430803,46.09,4.796049580293103,-0.8192011342009279,0.0,-1.078233148796929,0.0,0.0,-0.5133780693175589,0.8581625475070417,0.4636176483625855,-0.0010286920041536918,0.0,0.0,0.0,-0.48949568991810954
2026-08-24T01:20:01.462210,46.11,4.800395791451455,-0.8273954693357835,0.0,-1.088018624473214,0.0,0.0,-0.5175706720961033,0.8556404615175628,0.46361969095651634,-0.0010351399368136059,0.0,0.0,0.0,-0.48918357414295843
2026-08-24T01:20:01.490603,46.12,4.802538277605795,-0.8315096325572511,0.0,-1.0929111468632122,0.0,0.0,-0.5196622414455394,0.8543717895716114,0.46378015206999196,-0.0010394523235057222,0.0,0.0,0.0,-0.48915423864171315
2026-08-24T01:20:01.516765,46.15,4.808846627506435,-0.8439097591069631,0.0,-1.1075896704022772,0.0,0.0,-0.5259186476860714,0.8505348764254491,0.46362369945867327,-0.0010476321110145072,0.0,0.0,0.0,-0.48933145619023005
2026-08-24T01:20:01.545094,46.17,4.812950443565273,-0.8522281322710648,0.0,-1.1173747016393625,0.0,0.0,-0.5300735918837137,0.8479516420100253,0.46362566600214894,-0.0010536836665304367,0.0,0.0,0.0,-0.48951308152321443
2026-08-24T01:20:01.576058,46.19,4.816972665117741,-0.8605862635730769,0.0,-1.1271607463959725,0.0,0.0,-0.5342162762776459,0.8453478397441173,0.4636276078271828,-0.0010596146972974578,0.0,0.0,0.0,-0.48945097864116527
2026-08-24T01:20:01.607472,46.22,4.822851865348029,-0.8731972047680008,0.0,-1.1418390260582543,0.0,0.0,-0.5404059594102075,0.8414044206170617,0.4637801516850892,-0.001069053820110726,0.0,0.0,0.0,-0.4891735129116296
2026-08-24T01:20:01.631046,46.23,4.824770792217902,-0.8774185955004465,0.0,-1.1467320293642291,0.0,0.0,-0.5424628373985073,0.8400797998056855,0.463631418560491,-0.0010710842091097123,0.0,0.0,0.0,-0.48895051350071794
2026-08-24T01:20:01.665661,46.25,4.828545950937129,-0.8858911844480541,0.0,-1.1565163528137636,0.0,0.0,-0.5465661358119731,0.8374159415628339,0.4636332880784666,-0.0010766288934299735,0.0,0.0,0.0,-0.5198996549220379
2026-08-24T01:20:01.696962,46.26,4.830401512049317,-0.8901423984094461,0.0,-1.1617187886369056,0.0,0.0,-0.5487425855784411,0.8359913724271842,0.463780152086668,-0.0010808573680538083,0.0,0.0,0.0,-0.5200774081107973
2026-08-24T01:20:01.731394,46.28,4.834046659138859,-0.8986717085604952,0.0,-1.172130359068026,0.0,0.0,-0.5530871219487078,0.8331234215495896,0.46378015208844114,-0.0010878526397870851,0.0,0.0,0.0,-0.5208968484875879
2026-08-24T01:20:01.763620,46.31,4.839348050144579,-0.9115346563239066,0.0,-1.187763895821667,0.0,0.0,-0.5595824912031032,0.8287746590834743,0.4636387568149777,-0.0010967920182735319,0.0,0.0,0.0,-0.5211969393883131
2026-08-24T01:20:01.803532,46.32,4.841069378709465,-0.9158419438316441,0.0,-1.1929713839192475,0.0,0.0,-0.561738509012279,0.827314841818193,0.4637801520931042,-0.001101465041450536,0.0,0.0,0.0,-0.5212253636987118
2026-08-24T01:20:01.842198,46.35,4.846101440654026,-0.9288126417964884,0.0,-1.208603443189759,0.0,0.0,-0.5681876021905092,0.8228990513525943,0.46364228903377164,-0.0011101375690521784,0.0,0.0,0.0,-0.5210916425865512
2026-08-24T01:20:01.878185,46.37,4.849342736528844,-0.9375034749383456,0.0,-1.2190220152352325,0.0,0.0,-0.572466589989307,0.8199280476639488,0.4636440219145233,-0.0011166128105272318,0.0,0.0,0.0,-0.5206963848310545
2026-08-24T01:20:01.907802,46.39,4.8524932935304275,-0.9462276113251565,0.0,-1.22944217967774,0.0,0.0,-0.5767306934336136,0.8169343347243909,0.4636457330137153,-0.0011229483182439045,0.0,0.0,0.0,-0.5213544426046199
2026-08-24T01:20:01.936837,46.41,4.8555527688440465,-0.9549841038710547,0.0,-1.239865407567939,0.0,0.0,-0.5809803882812139,0.8139175562872507,0.4636474226051487,-0.0011291708788631677,0.0,0.0,0.0,-0.5208193189021708
2026-08-24T01:20:01.971201,46.43,4.858520830421033,-0.9637720016508451,0.0,-1.2502855529270476,0.0,0.0,-0.5852130534226813,0.8108795731202643,0.4636490909591337,-0.0011352412122055517,0.0,0.0,0.0,-0.5210218315413847
2026-08-24T01:20:01.997036,46.45,4.861397155078939,-0.9725903506871484,0.0,-1.2607037822133718,0.0,0.0,-0.589429059154417,0.8078201434876076,0.46365073834263176,-0.0011411905214732075,0.0,0.0,0.0,-0.5205392591903958
2026-08-24T01:20:02.029296,46.47,4.864181430956113,-0.981438193232087,0.0,-1.271127470858662,0.0,0.0,-0.5936312675150252,0.8047371733855126,0.4636523650192157,-0.0011470070748662877,0.0,0.0,0.0,-0.5208793041123376
2026-08-24T01:20:02.060593,46.49,4.866873356071072,-0.9903145683871906,0.0,-1.2815483827547307,0.0,0.0,-0.5978162379487445,0.8016331739922008,0.46365397124919766,-0.0011527001091158375,0.0,0.0,0.0,-0.5214076125801402
2026-08-24T01:20:02.088419,46.51,4.869472637461427,-0.999218512463093,0.0,-1.2919676977857288,0.0,0.0,-0.6019843408406131,0.7985078918725178,0.4636555572895817,-0.001158284409792465,0.0,0.0,0.0,-0.5206407952985164
2026-08-24T01:20:02.120284,46.53,4.871978992926897,-1.0081490585562376,0.0,-1.3023911657229084,0.0,0.0,-0.6061377571228826,0.7953596792584103,0.4636571233940911,-0.0011637310262325056,0.0,0.0,0.0,-0.56189983290936
2026-08-24T01:20:02.149457,46.55,4.8743855598343275,-1.0171070040565555,0.0,-1.3146051979947628,0.0,0.0,-0.6109836982110006,0.7916431775240718,0.46365866981878073,-0.001170176961999656,0.0,0.0,0.0,-0.619013531311109
2026-08-24T01:20:02.174904,46.57,4.876678810184398,-1.0260946479558637,0.0,-1.3271506503461297,0.0,0.0,-0.615937406350821,0.7877950948424493,0.46366019678150716,-0.0011811662668320538,0.0,0.0,0.0,-0.418089332363614
2026-08-24T01:20:02.202364,46.59,4.878134451896776,-1.0320891802958885,0.0,-1.334818629392588,0.0,0.0,-0.6189532701182799,0.7854278129846738,0.30758683296075046,-0.0011794252174433448,0.0,0.0,0.0,-0.281061036629464
2026-08-24T01:20:02.232704,46.61,4.879337222089649,-1.0371908668561745,0.0,-1.3419699226206485,0.0,0.0,-0.6217577197024394,0.7832096385964761,0.26077800768252607,-0.0011679631598905437,0.0,0.0,0.0,-0.28704680785473136
2026-08-24T01:20:02.266137,46.63,4.880444240490969,-1.0420292483849152,0.0,-1.34888161135988,0.0,0.0,-0.6244606521555897,0.7810562680815101,0.24674848189099674,-0.0011548453977873938,0.0,0.0,0.0,-0.31648753803938995
2026-08-24T01:20:02.300510,46.64,4.880985589691963,-1.044415835836996,0.0,-1.3524215615839337,0.0,0.0,-0.6258421234307356,0.779949765394995,0.24400316359808447,-0.0011395118633351655,0.0,0.0,0.0,-0.32798948947454254
2026-08-24T01:20:02.337792,46.67,4.88252239016456,-1.0515396933132182,0.0,-1.362229874958399,0.0,0.0,-0.6296595779840617,0.7768711706923699,0.24130660502993295,-0.0011279067381162373,0.0,0.0,0.0,-0.3254816513445077
2026-08-24T01:20:02.366368,46.68,4.883029045171636,-1.0539171801184974,0.0,-1.3654820905939844,0.0,0.0,-0.6309220212302808,0.7758462496698022,0.24236995585860052,-0.0011126271339614443,0.0,0.0,0.0,-0.32587192477128635
2026-08-24T01:20:02.396852,46.71,4.884467905882495,-1.0610349738224396,0.0,-1.3752436653306013,0.0,0.0,-0.6347012318465642,0.7727576245450147,0.24084957217732456,-0.001101185746823178,0.0,0.0,0.0,-0.32515770330520927
2026-08-24T01:20:02.431433,46.73,4.885393950607671,-1.0657901358503903,0.0,-1.3817448998062711,0.0,0.0,-0.6372098133915672,0.7706903747403909,0.2408331278949168,-0.0010880893185403625,0.0,0.0,0.0,-0.325354400598446
2026-08-24T01:20:02.459233,46.75,4.886289013811994,-1.0705510201729032,0.0,-1.3882473482626638,0.0,0.0,-0.6397121283988548,0.7686145931345613,0.24084035750047553,-0.0010751794735238771,0.0,0.0,0.0,-0.3253852711510485
2026-08-24T01:20:02.489923,46.77,4.887153084652706,-1.0753175647729698,0.0,-1.3947532739927742,0.0,0.0,-0.6422090140788205,0.7665295703597542,0.24085453639013488,-0.0010624521650028796,0.0,0.0,0.0,-0.3250260531190567
2026-08-24T01:20:02.516282,46.79,4.887986137041934,-1.0800896094364087,0.0,-1.401254674440204,0.0,0.0,-0.6446973744112353,0.7644378950753681,0.24087064910444922,-0.0010498935485649793,0.0,0.0,0.0,-0.3250555011560125
2026-08-24T01:20:02.546102,46.81,4.88878813752328,-1.0848669650101077,0.0,-1.4077579127548012,0.0,0.0,-0.6471796227368529,0.7623375472283814,0.2408871929030667,-0.001037514337923321,0.0,0.0,0.0,-0.3251783926295547
2026-08-24T01:20:02.576993,46.83,4.889559052922374,-1.0896494332160858,0.0,-1.4142599319966982,0.0,0.0,-0.6496545650333657,0.7602295351611303,0.24090371883754033,-0.0010253112460020114,0.0,0.0,0.0,-0.36585124511552436
2026-08-24T01:20:02.600090,46.85,4.890297070559836,-1.0944370835154669,0.0,-1.4217532714207246,0.0,0.0,-0.6524983275743514,0.7577901639059947,0.24092009407563078,-0.001013862513758291,0.0,0.0,0.0,-0.3744115632383225
2026-08-24T01:20:02.630186,46.87,4.890998595561307,-1.099230216865526,0.0,-1.42924342359894,0.0,0.0,-0.6553317269304336,0.7553411995107744,0.24093628058682692,-0.0010034004113788977,0.0,0.0,0.0,-0.37546866955780445
2026-08-24T01:20:02.657936,46.89,4.89166414965186,-1.1040284768565332,0.0,-1.436759856113577,0.0,0.0,-0.6581658278145088,0.75287299267356,0.24095226877537246,-0.0009931038662888858,0.0,0.0,0.0,-0.3758229980799174
2026-08-24T01:20:02.689229,46.91,4.892293622103622,-1.1088316032716805,0.0,-1.4442713278914594,0.0,0.0,-0.6609887713947339,0.750395791626046,0.24096805753903597,-0.0009829664912047729,0.0,0.0,0.0,-0.3757118490688774
2026-08-24T01:20:02.720366,46.93,4.8928869871400495,-1.1136393235813333,0.0,-1.4517864164806753,0.0,0.0,-0.6638037438943781,0.7479068054188348,0.24098364830663416,-0.0009729735859072,0.0,0.0,0.0,-0.3756789991778572
2026-08-24T01:20:02.744134,46.95,4.89344420991301,-1.1184513665156872,0.0,-1.459296731114009,0.0,0.0,-0.6666075647950531,0.7454088506034853,0.2409990432436646,-0.0009631202047502732,0.0,0.0,0.0,-0.3756960473072564
2026-08-24T01:20:02.778307,46.97,4.893965259292942,-1.1232674603438058,0.0,-1.4668125611787852,0.0,0.0,-0.669404034441391,0.7428985386131737,0.24101424471467064,-0.0009534119191519514,0.0,0.0,0.0,-0.3755065307201789
2026-08-24T01:20:02.811010,46.99,4.894450105811578,-1.1280873331518835,0.0,-1.474323610110458,0.0,0.0,-0.6721892809008523,0.7403793423928001,0.24102925512223994,-0.0009438364127285071,0.0,0.0,0.0,-0.37554226364697546
2026-08-24T01:20:02.836294,47.01,4.894898721989126,-1.1329107128165203,0.0,-1.4818388049135185,0.0,0.0,-0.6749665763515661,0.7378483047403751,0.2410440768592313,-0.0009344021925811049,0.0,0.0,0.0,-0.3758248449156571
2026-08-24T01:20:02.860288,47.03,4.895311082310012,-1.1377373270209612,0.0,-1.4893519516851357,0.0,0.0,-0.6777335886309843,0.7353075430330956,0.24105871229451822,-0.0009251053905911224,0.0,0.0,0.0,-0.3754433724535957
2026-08-24T01:20:02.895898,47.05,4.895687163650821,-1.1425669032337815,0.0,-1.4968666144332237,0.0,0.0,-0.6804915922717812,0.7327558889885607,0.24107316376907845,-0.0009159378693478292,0.0,0.0,0.0,-0.3754982262029267
2026-08-24T01:20:02.919746,47.07,4.896026944540002,-1.1473991687891332,0.0,-1.504382782022933,0.0,0.0,-0.6832405384701357,0.7301933761621227,0.24108743359495458,-0.0009069023616359109,0.0,0.0,0.0,-0.3754359420755776
2026-08-24T01:20:02.953223,47.09,4.896281376308869,-1.1514279890421293,0.0,-1.5106415658401697,0.0,0.0,-0.6855222504670072,0.7280516768160415,0.24110151140917024,-0.0008962057836773642,0.0,0.0,0.0,-0.3755099672230015
2026-08-24T01:20:02.983114,47.12,4.896722030937225,-1.1594950122362198,0.0,-1.523165391286862,0.0,0.0,-0.6900677765797458,0.7237447503963576,0.24220842741222362,-0.0008882623013066075,0.0,0.0,0.0,-0.37553630490034534
2026-08-24T01:20:03.009540,47.13,4.896828220182776,-1.1619093841434174,0.0,-1.526920801096951,0.0,0.0,-0.6914255383372444,0.7224477316284215,0.24112917650657065,-0.0008890395108328891,0.0,0.0,0.0,-0.37549228292828146
2026-08-24T01:20:03.033338,47.15,4.897022630396773,-1.1667496774654977,0.0,-1.5344344611350134,0.0,0.0,-0.6941347659728248,0.7198450712951029,0.24114274227268523,-0.0008803851004216439,0.0,0.0,0.0,-0.3758549461244973
2026-08-24T01:20:03.059998,47.16,4.897110592251082,-1.1691754714293556,0.0,-1.5381930696613886,0.0,0.0,-0.6954863473209922,0.7185393104695832,0.2422084303140858,-0.0008711614621370151,0.0,0.0,0.0,-0.3756760577397135
2026-08-24T01:20:03.094107,47.19,4.897302311505024,-1.1764339610985042,0.0,-1.5494626394247974,0.0,0.0,-0.6995240992440788,0.7146090081833284,0.24116936440873435,-0.0008634625056067421,0.0,0.0,0.0,-0.37577766884450475
2026-08-24T01:20:03.124372,47.21,4.897387567455519,-1.1812774053829551,0.0,-1.55697679933094,0.0,0.0,-0.7022039989938396,0.711975802817104,0.24118242503428186,-0.0008551879400128515,0.0,0.0,0.0,-0.3759158689027639
2026-08-24T01:20:03.151807,47.23,4.897436426872438,-1.1861213533540256,0.0,-1.5644901339590769,0.0,0.0,-0.7048736939912054,0.7093328383200601,0.2411953214934979,-0.0008470372437890494,0.0,0.0,0.0,-0.4164248559971936
2026-08-24T01:20:03.184537,47.25,4.897446216921664,-1.190965533006343,0.0,-1.5734749501761174,0.0,0.0,-0.7080531830936234,0.706159110902768,0.2412080558527396,-0.0008395880910337175,0.0,0.0,0.0,-0.44929121083846735
2026-08-24T01:20:03.212301,47.27,4.897411591910543,-1.1958096018168916,0.0,-1.5824537631648614,0.0,0.0,-0.7112162724301734,0.7029732667964902,0.24122063013984948,-0.0008337566282128055,0.0,0.0,0.0,-0.45112349612459035
2026-08-24T01:20:03.243166,47.29,4.897333388625133,-1.2006531627185348,0.0,-1.5914760039837557,0.0,0.0,-0.7143802220385383,0.6997577426225227,0.24123304637721796,-0.0008280414408771335,0.0,0.0,0.0,-0.451011767907915
2026-08-24T01:20:03.266752,47.31,4.897211480143187,-1.2054958205281348,0.0,-1.600492604124515,0.0,0.0,-0.7175276694379906,0.6965300019316366,0.2412453065478449,-0.0008224299313562904,0.0,0.0,0.0,-0.4509401069812338
2026-08-24T01:20:03.298165,47.32,4.897188324743061,-1.206307647840465,0.0,-1.6019984916537593,0.0,0.0,-0.7180519139183328,0.69598954655815,0.24220843044525822,-0.0008121680216053942,0.0,0.0,0.0,-0.45100940937545453
2026-08-24T01:20:03.327986,47.35,4.896836591167388,-1.2151768485402044,0.0,-1.6185363686612892,0.0,0.0,-0.7237823947104502,0.6900282929758793,0.24126936683100086,-0.0008172309080126808,0.0,0.0,0.0,-0.450630664340677
2026-08-24T01:20:03.358025,47.37,4.896583696741887,-1.220014434026666,0.0,-1.6275577233746195,0.0,0.0,-0.7268875160505736,0.6867565354693227,0.24128117046659522,-0.0008117651628193595,0.0,0.0,0.0,-0.4511376400802535
2026-08-24T01:20:03.387429,47.39,4.896287174745064,-1.2248495406458169,0.0,-1.6365761814642232,0.0,0.0,-0.7299768581299269,0.6834718623284799,0.24129282573837688,-0.0008063857624652474,0.0,0.0,0.0,-0.4512214363836111
2026-08-24T01:20:03.419032,47.42,4.895762822486309,-1.232101354798314,0.0,-1.650106862564024,0.0,0.0,-0.7345840373666218,0.6785177168255473,0.24220842993022035,-0.0007955066912063693,0.0,0.0,0.0,-0.45109051211718276
2026-08-24T01:20:03.468870,47.45,4.895136104898495,-1.2393360575181316,0.0,-1.663635240197098,0.0,0.0,-0.7391568192126595,0.6735333671106605,0.24132691988624336,-0.0007907346064278037,0.0,0.0,0.0,-0.45091996638124054
2026-08-24T01:20:03.504019,47.47,4.8946653513143685,-1.244157319069222,0.0,-1.672655779539332,0.0,0.0,-0.7421871078832862,0.6701927311541385,0.2413380001076839,-0.0007856700922623288,0.0,0.0,0.0,-0.45110160933577786
2026-08-24T01:20:03.531616,47.49,4.894151124785284,-1.2489741375898797,0.0,-1.6816840371227322,0.0,0.0,-0.7452048720186236,0.6668355859728143,0.24134894105556093,-0.000780684573859884,0.0,0.0,0.0,-0.450848110208978
2026-08-24T01:20:03.563706,47.51,4.893593468219709,-1.2537861212198194,0.0,-1.69069759595313,0.0,0.0,-0.748202574799527,0.6634703513069429,0.24135974448044828,-0.0007757595964229378,0.0,0.0,0.0,-0.4510454903079117
2026-08-24T01:20:03.597295,47.53,4.892992427976431,-1.2585928785107654,0.0,-1.6997155907999328,0.0,0.0,-0.7511865449050676,0.6600899747410096,0.24137041211094865,-0.0007709212063135978,0.0,0.0,0.0,-0.4511065803451776
2026-08-24T01:20:03.625986,47.55,4.892348053249161,-1.2633940183743082,0.0,-1.708742184297594,0.0,0.0,-0.7541580659630543,0.6566929355055263,0.24138094565399246,-0.0007661603013566771,0.0,0.0,0.0,-0.45094413663136884
2026-08-24T01:20:03.652339,47.57,4.891660397080205,-1.2681891502305729,0.0,-1.71776173331379,0.0,0.0,-0.7571119239392942,0.6532851862922812,0.24139134679493077,-0.0007614599902952609,0.0,0.0,0.0,-0.4510901765555614
2026-08-24T01:20:03.680747,47.59,4.890929514262787,-1.2729778837398866,0.0,-1.7267794922562685,0.0,0.0,-0.7600498020965945,0.649864830817092,0.24140161719805292,-0.0007568346598802832,0.0,0.0,0.0,-0.4511429540820107
2026-08-24T01:20:03.711883,47.61,4.890155464437714,-1.277759829263547,0.0,-1.7358003002387241,0.0,0.0,-0.7629732139685867,0.6464301004489543,0.2414117585066589,-0.0007522846681277955,0.0,0.0,0.0,-0.45143379101344605
2026-08-24T01:20:03.735858,47.62,4.889753632384892,-1.2801523680494782,0.0,-1.7403107705007628,0.0,0.0,-0.7644291243323983,0.6447077740126939,0.24220843066682862,-0.0007476441880387016,0.0,0.0,0.0,-0.4510231335869521
2026-08-24T01:20:03.765451,47.65,4.888472718921259,-1.2873008152312317,0.0,-1.7561697142842596,0.0,0.0,-0.769517230734826,0.6386260498932098,0.241431660314962,-0.0007439851311003495,0.0,0.0,0.0,-0.573726022343126
2026-08-24T01:20:03.799009,47.67,4.887547955483633,-1.2920559201456983,0.0,-1.7689030205412783,0.0,0.0,-0.7735675179475496,0.6337138906292551,0.24144142399437263,-0.0007445240436332147,0.0,0.0,0.0,-0.6046159635553408
2026-08-24T01:20:03.821362,47.69,4.88656591974501,-1.2967995272736519,0.0,-1.7809886777297737,0.0,0.0,-0.7773827953940495,0.6290278129187399,0.2414510649423741,-0.0007445019926682116,0.0,0.0,0.0,-0.6079608885481408
2026-08-24T01:20:03.850465,47.71,4.88552646319605,-1.301530883118607,0.0,-1.7931537109451126,0.0,0.0,-0.7811944635461299,0.6242877622738366,0.24146058471383208,-0.0007445619062840138,0.0,0.0,0.0,-0.6067881239719585
2026-08-24T01:20:03.881506,47.73,4.884429551019251,-1.3062492493501652,0.0,-1.8052904706355926,0.0,0.0,-0.7849684717785407,0.6195357118953373,0.24146998482587,-0.0007446416444718636,0.0,0.0,0.0,-0.6069907498324338
2026-08-24T01:20:03.911610,47.75,4.883275447477972,-1.3109539527908036,0.0,-1.817430103595294,0.0,0.0,-0.7887144566379417,0.6147597139454701,0.2414792667826235,-0.0007447124978916732,0.0,0.0,0.0,-0.6068833549008964
2026-08-24T01:20:03.939655,47.76,4.882676205832943,-1.3133044882996596,0.0,-1.823505201000047,0.0,0.0,-0.7905781777238352,0.6123611229551236,0.2422084307527245,-0.0007446384678247776,0.0,0.0,0.0,-0.6069573635261365
2026-08-24T01:20:03.967061,47.79,4.880796312046618,-1.3203195895864888,0.0,-1.841714340480272,0.0,0.0,-0.7961206187014489,0.6051379681348892,0.24149748215207767,-0.0007448479750547187,0.0,0.0,0.0,-0.6072707179037524
2026-08-24T01:20:04.000337,47.81,4.879471647669386,-1.3249791428819875,0.0,-1.85385630353096,0.0,0.0,-0.7997797063682184,0.6002936125610253,0.24150641847935003,-0.0007449136463033841,0.0,0.0,0.0,-0.6067761197082572
2026-08-24T01:20:04.028004,47.83,4.878090508726196,-1.3296222692393211,0.0,-1.8659985790494447,0.0,0.0,-0.8034094098173938,0.5954270066237062,0.24151524248082387,-0.0007449683654885378,0.0,0.0,0.0,-0.6070878697096387
2026-08-24T01:20:04.059930,47.86,4.875912427323215,-1.3365579225709425,0.0,-1.8842111163004163,0.0,0.0,-0.8087981423671933,0.5880863583721164,0.2422084303600534,-0.000744929698248575,0.0,0.0,0.0,-0.606874833542392
2026-08-24T01:20:04.092885,47.87,4.875159632052578,-1.3388565065746862,0.0,-1.890283298981335,0.0,0.0,-0.8105798958368677,0.5856280666644084,0.2415325591365296,-0.0007450696592661659,0.0,0.0,0.0,-0.6071658202002939
2026-08-24T01:20:04.116709,47.89,4.873610327321715,-1.3434462566749885,0.0,-1.9024232976525788,0.0,0.0,-0.8141197031648624,0.5806970887810239,0.24154105456151653,-0.0007451158412352014,0.0,0.0,0.0,-0.606842682982835
2026-08-24T01:20:04.145452,47.91,4.872005412929415,-1.3480168579179999,0.0,-1.9145647366997225,0.0,0.0,-0.8176299290766667,0.5757441263947771,0.2415494432026758,-0.000745156118596971,0.0,0.0,0.0,-0.6069598478508348
2026-08-24T01:20:04.173623,47.93,4.870345125027282,-1.3525676364128263,0.0,-1.9267008737615547,0.0,0.0,-0.8211085093357847,0.5707721225641329,0.241557726402269,-0.0007451954422541916,0.0,0.0,0.0,-0.6066144929302955
2026-08-24T01:20:04.202187,47.95,4.868629709789828,-1.3570979218682713,0.0,-1.9388429088953891,0.0,0.0,-0.8245585237764329,0.5657766704872425,0.24156590548563325,-0.0007452338128847028,0.0,0.0,0.0,-0.6069787377533575
2026-08-24T01:20:04.232505,47.97,4.866859419695128,-1.3616070463654775,0.0,-1.9509853453100947,0.0,0.0,-0.827978259858418,0.5607601993738732,0.24157398176146427,-0.0007452732698246112,0.0,0.0,0.0,-0.6067514127131021
2026-08-24T01:20:04.261088,47.98,4.865952705498442,-1.3638564195292218,0.0,-1.9570577310634882,0.0,0.0,-0.829677017023159,0.5582437168688535,0.2422084308764652,-0.0007451701709076553,0.0,0.0,0.0,-0.606981668343335
2026-08-24T01:20:04.291268,48.01,4.863155265453032,-1.3705591564928241,0.0,-1.9752666059536494,0.0,0.0,-0.8347250557569476,0.550666942254173,0.2415898310432518,-0.0007453372094921488,0.0,0.0,0.0,-0.6066019364865874
2026-08-24T01:20:04.317881,48.03,4.861221946487446,-1.3750008221627676,0.0,-1.9874116018679453,0.0,0.0,-0.8380535687950488,0.5455879542565821,0.24159760658522927,-0.0007453633531539958,0.0,0.0,0.0,-0.6474326531407133
2026-08-24T01:20:04.349217,48.05,4.859225755484812,-1.379414575727217,0.0,-2.003117847959027,0.0,0.0,-0.8423122521978511,0.5389898605701072,0.24160528440004908,-0.0007459762665937288,0.0,0.0,0.0,-0.729237922689587
2026-08-24T01:20:04.377420,48.07,4.857148610912172,-1.383790863468728,0.0,-2.0216743914415822,0.0,0.0,-0.847276819315197,0.5311515710709354,0.24161286569941243,-0.0007544030029670938,0.0,0.0,0.0,-0.8112328638780179
2026-08-24T01:20:04.405864,48.09,4.85499357611195,-1.3881293251809665,0.0,-2.0403401857937205,0.0,0.0,-0.8521970304532787,0.5232210061595518,0.24162035170515403,-0.0007629956562099804,0.0,0.0,0.0,-0.8798781750682987
2026-08-24T01:20:04.436815,48.11,4.852761365173818,-1.3924285855075704,0.0,-2.0586455086389885,0.0,0.0,-0.8569501337711538,0.5153993288990601,0.2416277435828457,-0.0007712531871116382,0.0,0.0,0.0,-0.8952308536544448
2026-08-24T01:20:04.468966,48.13,4.850452503546738,-1.3966871709306747,0.0,-2.076551069792889,0.0,0.0,-0.8615299862078346,0.5077066897970997,0.24163504259852506,-0.0007790655888292647,0.0,0.0,0.0,-0.6370916221136229
2026-08-24T01:20:04.492768,48.14,4.849607159208125,-1.3981960080457159,0.0,-2.082924282426508,0.0,0.0,-0.863143470632433,0.5049587598057867,0.17266257532556795,-0.0007783943105091506,0.0,0.0,0.0,-0.6367298491902814
2026-08-24T01:20:04.522840,48.17,4.847236780907347,-1.4023202926040328,0.0,-2.1004855911878217,0.0,0.0,-0.8675440080837462,0.497360426690734,0.1506769958505103,-0.0007719046406753265,0.0,0.0,0.0,-0.5364327093478226
2026-08-24T01:20:04.552816,48.19,4.8457525268994,-1.4048240257370896,0.0,-2.1112140105924153,0.0,0.0,-0.8701994592660566,0.4926996053307358,0.14439261760474767,-0.0007636758170932335,0.0,0.0,0.0,-0.5293964747283227
2026-08-24T01:20:04.580151,48.21,4.844261301614992,-1.4072799426513476,0.0,-2.1217971245759917,0.0,0.0,-0.8727944121262146,0.4880880188667364,0.1425174915275854,-0.000755126062079529,0.0,0.0,0.0,-0.5274920787682928
2026-08-24T01:20:04.607758,48.22,4.843509141655821,-1.4085039925950724,0.0,-2.1270747518282764,0.0,0.0,-0.8740793451671893,0.48578318039234075,0.14309856535308596,-0.00074646186634039,0.0,0.0,0.0,-0.5273545583160877
2026-08-24T01:20:04.638917,48.25,4.841213548382386,-1.412124951609241,0.0,-2.142891934361077,0.0,0.0,-0.8778938308760187,0.4788553244037579,0.14197926094552057,-0.000738142818485018,0.0,0.0,0.0,-0.5261979723035881
2026-08-24T01:20:04.680779,48.27,4.839654866021203,-1.4145180018465813,0.0,-2.1534172325864325,0.0,0.0,-0.8804017099762247,0.47422866749168535,0.14177225400680354,-0.0007298093074288059,0.0,0.0,0.0,-0.5264740460536697
2026-08-24T01:20:04.707202,48.29,4.838070314062008,-1.4168956748592647,0.0,-2.163948994434123,0.0,0.0,-0.8828867236065208,0.46958602330067595,0.14177085828806024,-0.0007216086363076819,0.0,0.0,0.0,-0.5263512016575227
2026-08-24T01:20:04.734729,48.3,4.837268495663676,-1.4180845904622026,0.0,-2.169213139692666,0.0,0.0,-0.8841196484660804,0.46726057740431565,0.14285909694633306,-0.0007135388282201998,0.0,0.0,0.0,-0.526493403572604
2026-08-24T01:20:04.764374,48.33,4.83482666223419,-1.4216001368908897,0.0,-2.1850059910968778,0.0,0.0,-0.8877817347038007,0.46026469724095753,0.1417921890442367,-0.0007055920135140585,0.0,0.0,0.0,-0.5262479994570513
2026-08-24T01:20:04.792303,48.35,4.833167878554589,-1.4239264748301903,0.0,-2.1955351553075437,0.0,0.0,-0.890192522026516,0.4555845407035568,0.14180516918275643,-0.0006977735241769892,0.0,0.0,0.0,-0.5259389107771607
2026-08-24T01:20:04.820321,48.37,4.83148469306976,-1.4262352156101257,0.0,-2.2060640712756547,0.0,0.0,-0.8925785810210194,0.45089186808203086,0.1418182702749305,-0.0006900775906644981,0.0,0.0,0.0,-0.52607705535576
2026-08-24T01:20:04.848647,48.39,4.829777290394705,-1.4285261039043418,0.0,-2.2165941280103834,0.0,0.0,-0.8949401571849247,0.44618618877977645,0.14183129192455587,-0.0006825079996294951,0.0,0.0,0.0,-0.5263109527657421
2026-08-24T01:20:04.873248,48.41,4.828045861603125,-1.4307988876639017,0.0,-2.2271223377474,0.0,0.0,-0.8972765175005866,0.44146896962529486,0.14184417546743958,-0.0006750612700244824,0.0,0.0,0.0,-0.5263542668530005
2026-08-24T01:20:04.901358,48.43,4.826290598279223,-1.4330533148248137,0.0,-2.2376488534286145,0.0,0.0,-0.8995876436926058,0.43674027901670043,0.14185690474073742,-0.0006677362601975717,0.0,0.0,0.0,-0.5265669678521733
2026-08-24T01:20:04.931290,48.45,4.824511694978636,-1.4352891354661013,0.0,-2.248179774865988,0.0,0.0,-0.9018748013104307,0.4319975031887003,0.14186947631384425,-0.0006605342990014261,0.0,0.0,0.0,-0.5675095359242882
2026-08-24T01:20:04.958856,48.47,4.822705456280904,-1.4375029163517286,0.0,-2.261875588164585,0.0,0.0,-0.9048119106670857,0.4258114680407021,0.1418818905643858,-0.000653809125770894,0.0,0.0,0.0,-0.6488840902856363
2026-08-24T01:20:04.987251,48.49,4.8208642944959665,-1.4396877550634497,0.0,-2.277984256763525,0.0,0.0,-0.9082121530413918,0.4185100776181137,0.14189414897383196,-0.0006511481832113045,0.0,0.0,0.0,-0.730526085264666
2026-08-24T01:20:05.017162,48.51,4.8189896663271705,-1.4418439473521594,0.0,-2.294145299840832,0.0,0.0,-0.9115642453187514,0.41115766642062673,0.14190625336249652,-0.0006486239086608736,0.0,0.0,0.0,-0.7765086786481082
2026-08-24T01:20:05.048567,48.53,4.817081808160962,-1.443970793186943,0.0,-2.3097755389388785,0.0,0.0,-0.9147496216767843,0.40402119949599175,0.1419182055864534,-0.0006460043680563465,0.0,0.0,0.0,-0.7758105028232375
2026-08-24T01:20:05.073916,48.55,4.815141149047545,-1.4460677522815113,0.0,-2.325287672762858,0.0,0.0,-0.917855691752405,0.39691425915141176,0.14193000764422697,-0.0006433605761830873,0.0,0.0,0.0,-0.7751302503221998
2026-08-24T01:20:05.102494,48.57,4.813168208435597,-1.4481343675279177,0.0,-2.3407897071530095,0.0,0.0,-0.9209045787432498,0.3897880922369456,0.14194166133061373,-0.0006407525338087274,0.0,0.0,0.0,-0.774363207799951
2026-08-24T01:20:05.133542,48.59,4.811163487894021,-1.4501701687486854,0.0,-2.356283206301545,0.0,0.0,-0.9238965066949388,0.3826424504898651,0.14195316853572115,-0.0006381713601875446,0.0,0.0,0.0,-0.7745827116510346
2026-08-24T01:20:05.157004,48.6,4.8101467845835435,-1.451180122208501,0.0,-2.364027816145971,0.0,0.0,-0.9253712844486518,0.3790619816307782,0.14285714165592006,-0.000635911490707338,0.0,0.0,0.0,-0.7745030007571468
2026-08-24T01:20:05.188378,48.63,4.807060644027205,-1.4541473871108217,0.0,-2.387262549451485,0.0,0.0,-0.9297124425815267,0.36828626652251273,0.14197575084256844,-0.0006331444861879588,0.0,0.0,0.0,-0.7746239908893827
2026-08-24T01:20:05.217845,48.66,4.803901050551968,-1.4570493076516677,0.0,-2.4105041840132375,0.0,0.0,-0.9339293586107996,0.3574576242365247,0.14285714169954478,-0.0006285972657984647,0.0,0.0,0.0,-0.7745920596182759
2026-08-24T01:20:05.246037,48.67,4.802836556051134,-1.4579955892991656,0.0,-2.418251394974783,0.0,0.0,-0.9353069982485245,0.3538372776112414,0.1419977690177236,-0.0006282989433346344,0.0,0.0,0.0,-0.7742397802103554
2026-08-24T01:20:05.277120,48.69,4.80068030704066,-1.4598701485104597,0.0,-2.4337435259282034,0.0,0.0,-0.9380197577745908,0.346581785477105,0.1420085709736654,-0.0006259347314872505,0.0,0.0,0.0,-0.7745978412878302
2026-08-24T01:20:05.307462,48.71,4.798860639261581,-1.4614056987013384,0.0,-2.4466498313226137,0.0,0.0,-0.9402367564406626,0.34052142640066285,0.1420192296949978,-0.0006214365007377494,0.0,0.0,0.0,-0.774393102266821
2026-08-24T01:20:05.338742,48.73,4.796281980359083,-1.4635179255808477,0.0,-2.4647260262058874,0.0,0.0,-0.9432759779775304,0.33200968264575287,0.14202976935866124,-0.000622820594269798,0.0,0.0,0.0,-0.7745619472316502
2026-08-24T01:20:05.364720,48.75,4.794040967759113,-1.4652902796394258,0.0,-2.480219235833885,0.0,0.0,-0.9458195972592868,0.3246926076156964,0.1420401690834277,-0.0006205614652901953,0.0,0.0,0.0,-0.7747920958638884
2026-08-24T01:20:05.396755,48.77,4.791772767412046,-1.467027703294744,0.0,-2.495709377804765,0.0,0.0,-0.9483059715276523,0.3173575024558195,0.14205043808894444,-0.000618344076342043,0.0,0.0,0.0,-0.7740009730423361
2026-08-24T01:20:05.422020,48.79,4.78947792351639,-1.4687297795493512,0.0,-2.5112033001902225,0.0,0.0,-0.9507360468491522,0.31000156325677863,0.14206057801756386,-0.0006161620637198557,0.0,0.0,0.0,-0.7746367815420914
2026-08-24T01:20:05.451958,48.81,4.787156986856639,-1.4703960998743422,0.0,-2.5266920883242303,0.0,0.0,-0.9531082867597849,0.30262946603037133,0.1420705904915834,-0.0006140235872096163,0.0,0.0,0.0,-0.7745592507019131
2026-08-24T01:20:05.483156,48.83,4.7848105144716,-1.4720262643071322,0.0,-2.5421866731369698,0.0,0.0,-0.9554242193765757,0.2952364493565468,0.14208047711317626,-0.0006119264278937771,0.0,0.0,0.0,-0.7743412548658434
2026-08-24T01:20:05.508886,48.85,4.782439069498385,-1.4736198815166108,0.0,-2.557675487226974,0.0,0.0,-0.9576819767177892,0.28782847578012116,0.14209023946425398,-0.0006098640554181092,0.0,0.0,0.0,-0.774441206051237
2026-08-24T01:20:05.536615,48.87,4.78004322106481,-1.4751765689299927,0.0,-2.573169727876783,0.0,0.0,-0.9598830573735516,0.2804006351048497,0.14209987910673555,-0.0006078434398830311,0.0,0.0,0.0,-0.7746651847014997
2026-08-24T01:20:05.566814,48.89,4.777623544095048,-1.4766959527337413,0.0,-2.588664305900322,0.0,0.0,-0.9620265742217746,0.27295580318270635,0.14210939758328237,-0.000605860640135305,0.0,0.0,0.0,-0.7747704270592666
2026-08-24T01:20:05.599498,48.91,4.775180619409119,-1.4781776683355665,0.0,-2.6041556833949375,0.0,0.0,-0.9641119251924907,0.26549613123665133,0.1421187964167394,-0.0006039137086795614,0.0,0.0,0.0,-0.7742311777049322
2026-08-24T01:20:05.625077,48.93,4.77271503327146,-1.4796213599663566,0.0,-2.619648202305042,0.0,0.0,-0.9661395811423463,0.25801997936224147,0.14212807711100503,-0.0006019996554193342,0.0,0.0,0.0,-0.7747371249327818
2026-08-24T01:20:05.656811,48.95,4.77022737752927,-1.481026681219686,0.0,-2.635135989566935,0.0,0.0,-0.9681086719165416,0.25053063557176003,0.14213724115091253,-0.000600125637716245,0.0,0.0,0.0,-0.7746282730719628
2026-08-24T01:20:05.690896,48.97,4.767718249233612,-1.4823932947382719,0.0,-2.65063187859401,0.0,0.0,-0.970020692010819,0.2430223386251804,0.14214629000280973,-0.0005982899918695136,0.0,0.0,0.0,-0.7744724021959939
2026-08-24T01:20:05.719557,48.99,4.765188250582784,-1.4837208724368278,0.0,-2.666127868686627,0.0,0.0,-0.9718744933298239,0.23549940385253207,0.1421552251146144,-0.0005964850091252792,0.0,0.0,0.0,-0.774810389480896
2026-08-24T01:20:05.754361,49.01,4.762637988689206,-1.4850090954024324,0.0,-2.6816179040807024,0.0,0.0,-0.9736692731999679,0.22796523073979144,0.14216404791586523,-0.000594714293963459,0.0,0.0,0.0,-0.7747728037760222
2026-08-24T01:20:05.784056,49.03,4.760068075509081,-1.4862576540976244,0.0,-2.6971066158730883,0.0,0.0,-0.9754055016468408,0.2204180286570834,0.14217275981838134,-0.0005929795545248773,0.0,0.0,0.0,-0.7745096656008165
2026-08-24T01:20:05.809729,49.05,4.757479128106431,-1.4874662492939656,0.0,-2.712601680892177,0.0,0.0,-0.9770839065554566,0.21285450324183336,0.142181362216041,-0.0005912792629503336,0.0,0.0,0.0,-0.7741886910396371
2026-08-24T01:20:05.841606,49.07,4.754871767946396,-1.4886345910408514,0.0,-2.728092186479489,0.0,0.0,-0.9787031950404779,0.2052804326222066,0.142189856485291,-0.0005896069536089761,0.0,0.0,0.0,-0.7744443174922707
2026-08-24T01:20:05.867651,49.09,4.752246620576451,-1.4897623982878698,0.0,-2.743587649401767,0.0,0.0,-0.9802642624657323,0.19769161775986857,0.14219824398523984,-0.000587971142382945,0.0,0.0,0.0,-0.7744145964235386
2026-08-24T01:20:05.899701,49.11,4.749604316004826,-1.4908494000910208,0.0,-2.759081109454754,0.0,0.0,-0.9817662971622803,0.19009191922926424,0.14220652605789605,-0.0005863649456326675,0.0,0.0,0.0,-0.7748489022088837
2026-08-24T01:20:05.935328,49.12,4.748274059996186,-1.4913790208595836,0.0,-2.766827267109476,0.0,0.0,-0.9824951727081254,0.18628804471900734,0.142857141986395,-0.0005851941197444039,0.0,0.0,0.0,-0.7746086623677998
2026-08-24T01:20:05.957544,49.15,4.744270776321178,-1.492899953999063,0.0,-2.790064064955864,0.0,0.0,-0.9845931814458654,0.17486070756550545,0.14222277920576476,-0.0005832479497822319,0.0,0.0,0.0,-0.8154457775464741
2026-08-24T01:20:05.984018,49.17,4.741579205640303,-1.493858466665232,0.0,-2.80862778617961,0.0,0.0,-0.9861737783628618,0.1657144497909495,0.14223075289512246,-0.0005820916617964291,0.0,0.0,0.0,-0.8973861114631468
2026-08-24T01:20:06.010104,49.19,4.7388684628535005,-1.4947614101862852,0.0,-2.829447520704004,0.0,0.0,-0.9878453795884645,0.15543971830173373,0.1422386263447635,-0.0005847504900348238,0.0,0.0,0.0,-0.9742797377637267
2026-08-24T01:20:06.038951,49.21,4.736140205527063,-1.4956099616605316,0.0,-2.8499761467706883,0.0,0.0,-0.98938879617713,0.1452921539491014,0.14224640081783294,-0.0005873213401510612,0.0,0.0,0.0,-1.0001348263156786
2026-08-24T01:20:06.072485,49.23,4.73339552541279,-1.496403783447368,0.0,-2.8700636885890316,0.0,0.0,-0.990798149719135,0.13534779833133,0.1422540775486741,-0.0005896257959668881,0.0,0.0,0.0,-1.0000484530603029
2026-08-24T01:20:06.098025,49.25,4.730635519814114,-1.497142556566081,0.0,-2.8900641317697144,0.0,0.0,-0.9921020934447045,0.12543299479257758,0.14226165783990458,-0.0005918243693426764,0.0,0.0,0.0,-0.9999105970526838
2026-08-24T01:20:06.133157,49.27,4.727861292494128,-1.497825984847661,0.0,-2.910064789410446,0.0,0.0,-0.9933068357765659,0.11550554099066576,0.1422691428273318,-0.0005939917727304462,0.0,0.0,0.0,-0.9999946672035648
2026-08-24T01:20:06.155503,49.29,4.725073953118652,-1.4984537949533556,0.0,-2.930063287673339,0.0,0.0,-0.9944121277406149,0.105567609627115,0.14227653373168908,-0.0005961300093194966,0.0,0.0,0.0,-0.9997551526780498
2026-08-24T01:20:06.185148,49.31,4.722274616603799,-1.499025735815566,0.0,-2.950067957971461,0.0,0.0,-0.9954182893307688,0.09561605129791685,0.1422838317355776,-0.0005982385081792076,0.0,0.0,0.0,-1.000110099557392
2026-08-24T01:20:06.218416,49.33,4.719464402661531,-1.4995415787073358,0.0,-2.970062380618498,0.0,0.0,-0.9963244245338663,0.08566003197092659,0.14229103800671605,-0.0006003173296464688,0.0,0.0,0.0,-1.0001343250198391
2026-08-24T01:20:06.247957,49.35,4.7166444353435475,-1.5000011172792702,0.0,-2.990067639887789,0.0,0.0,-0.9971313938115041,0.07569004872192396,0.14229815369810875,-0.0006023726915681778,0.0,0.0,0.0,-0.9998349086575103
2026-08-24T01:20:06.275484,49.37,4.7138158426315755,-1.5004041678783273,0.0,-3.010063756020422,0.0,0.0,-0.9978382979132779,0.06571705423657016,0.14230517994837652,-0.0006043929563727507,0.0,0.0,0.0,-1.0003695498220182
2026-08-24T01:20:06.303396,49.38,4.712395821546206,-1.5005837381696143,0.0,-3.020066347509543,0.0,0.0,-0.9981544875485411,0.06072576872061235,0.14285714210837605,-0.0006066780876545523,0.0,0.0,0.0,-0.9999467506887795
2026-08-24T01:20:06.331004,49.41,4.7081373096195325,-1.5010401828148447,0.0,-3.0500669185300713,0.0,0.0,-0.9989530627083559,0.04574689613072744,0.1423189686082413,-0.0006083594448021357,0.0,0.0,0.0,-0.9999155656671991
2026-08-24T01:20:06.362310,49.43,4.705289640687447,-1.5012728929076915,0.0,-3.070065633278433,0.0,0.0,-0.9993605538308625,0.035755886884145126,0.14232573322413247,-0.0006102985013880641,0.0,0.0,0.0,-1.0000546418147596
2026-08-24T01:20:06.390765,49.45,4.702437888155577,-1.5014486063950319,0.0,-3.0900645350596734,0.0,0.0,-0.9996681249835557,0.02576120905279797,0.14233241281165804,-0.0006122129214062637,0.0,0.0,0.0,-1.0003334642584676
2026-08-24T01:20:06.421789,49.47,4.699583192695909,-1.5015672530212711,0.0,-3.1100643106589714,0.0,0.0,-0.9998757480221822,0.01576351855017467,0.14233900843967598,-0.0006141039674844039,0.0,0.0,0.0,-1.0001582373227416
2026-08-24T01:20:06.443841,49.49,4.696726696158657,-1.501628785411884,0.0,-3.130067370621794,0.0,0.0,-0.9999833960275123,0.0057626095897173905,0.14234552116380783,-0.0006159673462192179,0.0,0.0,0.0,-0.999868401399611
2026-08-24T01:20:06.470954,49.51,4.693869541109937,-1.5016331790283484,0.0,3.133119812828502,0.0,0.0,0.9999910263846002,0.004236407708635624,0.14235195202594494,-0.0006177996328250837,0.0,0.0,0.0,-0.9997662655763404
2026-08-24T01:20:06.500924,49.53,4.691012870377215,-1.5015804320914166,0.0,3.113122534735936,0.0,0.0,0.9998986832524493,0.014234578673707159,0.1423583020548792,-0.0006196069268410529,0.0,0.0,0.0,-0.9997295811677147
2026-08-24T01:20:06.525735,49.55,4.6881578265963295,-1.5014705657224567,0.0,3.093118460295983,0.0,0.0,0.9997062959512018,0.02423472375596876,0.14236457226666593,-0.000621390759028072,0.0,0.0,0.0,-1.000123909319936
2026-08-24T01:20:06.555879,49.57,4.685305551750561,-1.5013036239235746,0.0,3.0731179192047,0.0,0.0,0.9994139585935635,0.03423067875959982,0.14237076366464357,-0.0006231492386029714,0.0,0.0,0.0,-0.9995053623065819
2026-08-24T01:20:06.588088,49.59,4.682457186710569,-1.5010796735587182,0.0,3.0531207339387265,0.0,0.0,0.9990217494664615,0.04422153426748792,0.14237687723943276,-0.0006248771665738044,0.0,0.0,0.0,-1.0000099328251277
2026-08-24T01:20:06.616922,49.61,4.679613870795484,-1.500798804117071,0.0,3.0331202825754815,0.0,0.0,0.9985295785887048,0.05420959955084915,0.14238291396923577,-0.0006265871241710528,0.0,0.0,0.0,-0.9998857984947065
2026-08-24T01:20:06.648430,49.63,4.676776741289814,-1.5004611280575666,0.0,3.013119957871595,0.0,0.0,0.9979375551434956,0.06419218047568373,0.14238887481999757,-0.0006282712685280591,0.0,0.0,0.0,-0.9999115355497311
2026-08-24T01:20:06.679311,49.65,4.6739469330095105,-1.5000667804660284,0.0,2.9931187589047203,0.0,0.0,0.9972457031126559,0.07416877795504262,0.14239476074537774,-0.0006299312529634694,0.0,0.0,0.0,-0.9999158024926967
2026-08-24T01:20:06.716803,49.67,4.671125577838916,-1.4996159191184704,0.0,2.9731192606378727,0.0,0.0,0.996454186932089,0.0841371103943413,0.14240057268726242,-0.0006315664299797141,0.0,0.0,0.0,-1.000009687491066
2026-08-24T01:20:06.748958,49.68,4.669716341436958,-1.49936816721378,0.0,2.963118960763717,0.0,0.0,0.9960210341194341,0.08911845819836084,0.14285714223247617,-0.0006333382902895555,0.0,0.0,0.0,-0.99997592264585
2026-08-24T01:20:06.772849,49.71,4.665512737016639,-1.4985453991265196,0.0,2.9331175123372244,0.0,0.0,0.9945721817563185,0.1040489080984349,0.14241197832854785,-0.0006347680904679301,0.0,0.0,0.0,-0.9998069423247762
2026-08-24T01:20:06.804673,49.73,4.662723496416369,-1.4979261687758791,0.0,2.913115765686916,0.0,0.0,0.9934818822719795,0.11399012938550675,0.1424175738528395,-0.0006363314258402834,0.0,0.0,0.0,-0.9998722768994166
2026-08-24T01:20:06.834703,49.75,4.659947198143546,-1.4972512810122063,0.0,2.893122533390877,0.0,0.0,0.9922927456143741,0.12391572539870403,0.14242309904385142,-0.0006378711035544782,0.0,0.0,0.0,-1.0001368265577344
2026-08-24T01:20:06.861944,49.77,4.65718495269964,-1.4965210057267606,0.0,2.8731162973319684,0.0,0.0,0.991003577491233,0.1338353817179065,0.14242855478564176,-0.0006393962477100277,0.0,0.0,0.0,-1.0000058592912167
2026-08-24T01:20:06.888528,49.78,4.655807605823325,-1.4961339139545016,0.0,2.863118961125757,0.0,0.0,0.990322200703334,0.13878738701375412,0.14285714226931687,-0.0006410172918136965,0.0,0.0,0.0,-1.0000155564642172
2026-08-24T01:20:06.917998,49.81,4.651707033587112,-1.4948954834733539,0.0,2.833118883232042,0.0,0.0,0.988129052823268,0.15362608817056794,0.14243926140216323,-0.000642370626657085,0.0,0.0,0.0,-0.9999584440679778
2026-08-24T01:20:06.948553,49.83,4.649445025320547,-1.494152265380192,0.0,2.8164513841475767,0.0,0.0,0.986814473035518,0.16185547815144544,0.14244450653134733,-0.0006410244848759304,0.0,0.0,0.0,-1.000241970964064
2026-08-24T01:20:06.970415,49.85,4.646298509036683,-1.4930521847747038,0.0,2.7931205987839594,0.0,0.0,0.9848592653682039,0.1733557827659688,0.14244970064899412,-0.0006471704496384555,0.0,0.0,0.0,-0.8721354468783259
2026-08-24T01:20:07.004361,49.87,4.6436220055250015,-1.49205236862087,0.0,2.7756792765903153,0.0,0.0,0.983310058497466,0.18193770598122294,0.14245482201945422,-0.0006474796722863906,0.0,0.0,0.0,-0.8700337975109798
2026-08-24T01:20:07.032850,49.89,4.640963003337624,-1.4910069327966844,0.0,2.75828050213459,0.0,0.0,0.9816901240126958,0.19048490863041592,0.14245987902295765,-0.0006466917525312439,0.0,0.0,0.0,-0.8666885361881844
2026-08-24T01:20:07.059297,49.91,4.638322560402292,-1.4899154712456137,0.0,2.740943309587932,0.0,0.0,0.9800020238178785,0.19898752049528734,0.14246487245661585,-0.0006458718825825636,0.0,0.0,0.0,-0.8667250675409016
2026-08-24T01:20:07.091167,49.92,4.6370076439828045,-1.4893521151281788,0.0,2.732277292071874,0.0,0.0,0.9791306121094353,0.20323199657092017,0.14285714232299399,-0.0006451423560714196,0.0,0.0,0.0,-0.8665649035292965
2026-08-24T01:20:07.120054,49.95,4.633100395291623,-1.487596110294707,0.0,2.706274291031659,0.0,0.0,0.9764056111704861,0.21594462826101868,0.14247467181692403,-0.0006442240654984608,0.0,0.0,0.0,-0.8661997988507728
2026-08-24T01:20:07.148791,49.97,4.6305202489660005,-1.4863688907919852,0.0,2.688941285453474,0.0,0.0,0.974497482035694,0.22439843472291038,0.14247947931152316,-0.0006434162487816548,0.0,0.0,0.0,-0.8668607659957785
2026-08-24T01:20:07.177618,49.99,4.6279617624833636,-1.4850971326481233,0.0,2.6716076536501125,0.0,0.0,0.9725160876347047,0.2328356916189774,0.1424842263779628,-0.0006426293689604009,0.0,0.0,0.0,-0.8668252644481054
2026-08-24T01:20:07.205569,50.0,4.626689137128035,-1.4844440443242883,0.0,2.6629398769782604,0.0,0.0,0.9714978737352188,0.2370482679285992,0.14285714234845728,-0.0006419691983973927,0.0,0.0,0.0,-0.8666737090748868
2026-08-24T01:20:07.234366,50.03,4.622912837329203,-1.4824215422400322,0.0,2.6369376761058465,0.0,0.0,0.9683339679037951,0.2496584198533905,0.14249354225512958,-0.0006410951938253466,0.0,0.0,0.0,-0.8669428697725373
2026-08-24T01:20:07.264839,50.05,4.620423915618423,-1.481018514128389,0.0,2.6196005247440812,0.0,0.0,0.9661334299861769,0.25804301087831266,0.142498112556463,-0.0006403502472540383,0.0,0.0,0.0,-0.8663302066697716
2026-08-24T01:20:07.298580,50.06,4.619187029334681,-1.4803001728443548,0.0,2.610937131847587,0.0,0.0,0.965006605434402,0.26222557363455684,0.14285714236673955,-0.0006397295061677273,0.0,0.0,0.0,-0.8667149316275568
2026-08-24T01:20:07.326337,50.09,4.615520893768231,-1.4780840984645935,0.0,2.584934550741359,0.0,0.0,0.9615158725069588,0.27474938929355563,0.14250708154109043,-0.0006388925777705762,0.0,0.0,0.0,-0.8665084401381096
2026-08-24T01:20:07.365279,50.11,4.613108266326301,-1.4765535935255818,0.0,2.567604756277266,0.0,0.0,0.9590991317809174,0.2830704071730043,0.1425114816594501,-0.0006381842585606641,0.0,0.0,0.0,-0.866786584981529
2026-08-24T01:20:07.410155,50.14,4.609538473518376,-1.4741792159113725,0.0,2.5416003374087444,0.0,0.0,0.9553376244804377,0.2955165363428487,0.14285714149133938,-0.0006369386478436796,0.0,0.0,0.0,-0.8665209743083461
2026-08-24T01:20:07.457359,50.15,4.608364403281183,-1.4733682879581524,0.0,2.5329323354156426,0.0,0.0,0.9540478872180286,0.29965418217474604,0.14252011666867184,-0.0006368138427027098,0.0,0.0,0.0,-0.8668156937664985
2026-08-24T01:20:07.504297,50.17,4.606034592954774,-1.4717144446118646,0.0,2.515601243875281,0.0,0.0,0.95141543237822,0.3079101736425165,0.14252435294118074,-0.000636147112485264,0.0,0.0,0.0,-0.8665980394310092
2026-08-24T01:20:07.555106,50.19,4.603733799866749,-1.4700204657765163,0.0,2.4982635336319747,0.0,0.0,0.9487104883653145,0.3161461833798512,0.1425285359654734,-0.000635493792566848,0.0,0.0,0.0,-0.8668792050685119
2026-08-24T01:20:07.576893,50.21,4.60146271544384,-1.4682868603306525,0.0,2.4809305886736475,0.0,0.0,0.9459350229352986,0.3243561813568474,0.14253266641107015,-0.0006348524992790624,0.0,0.0,0.0,-0.8666615368619079
2026-08-24T01:20:07.626211,50.23,4.599222021763477,-1.4665141496120055,0.0,2.463597656461771,0.0,0.0,0.9430885130226189,0.33254181181437276,0.14253674493870283,-0.0006342225516333726,0.0,0.0,0.0,-0.8667691502543154
2026-08-24T01:20:07.653338,50.25,4.597012391988096,-1.4647028663951926,0.0,2.4462692446437035,0.0,0.0,0.9401719404579504,0.34070034102643937,0.1425407722010283,-0.0006336065357035262,0.0,0.0,0.0,-0.8669528212881175
2026-08-24T01:20:07.684117,50.27,4.594834490094806,-1.4628535548587,0.0,2.4289289686516575,0.0,0.0,0.9371827217453558,0.3488388540027717,0.14254474884242896,-0.0006330086973025412,0.0,0.0,0.0,-0.866536951332551
2026-08-24T01:20:07.715101,50.29,4.592688970461692,-1.4609667706895868,0.0,2.411591850217503,0.0,0.0,0.9341236177830117,0.35694966970145525,0.14254867549913627,-0.0006324138009613218,0.0,0.0,0.0,-0.8665563000695796
2026-08-24T01:20:07.773705,50.3,4.591627336412684,-1.4600085875985005,0.0,2.4029265406602693,0.0,0.0,0.9325683153067752,0.3609935418894402,0.14285714243329198,-0.0006319638923591705,0.0,0.0,0.0,-0.8664387458663948
2026-08-24T01:20:07.803503,50.33,4.588497647525055,-1.4570830623634419,0.0,2.3769216188890416,0.0,0.0,0.9277958124070543,0.3730883681916846,0.1425563813638733,-0.000631258257096701,0.0,0.0,0.0,-0.8664814339512293
2026-08-24T01:20:07.839433,50.35,4.5864531033403315,-1.4550873054444147,0.0,2.359591086493902,0.0,0.0,0.9245281104303662,0.3811138583468942,0.1425601618048461,-0.0006306931736458349,0.0,0.0,0.0,-0.8669681655872541
2026-08-24T01:20:07.872500,50.37,4.584443459714675,-1.453056409504935,0.0,2.342258171074402,0.0,0.0,0.9211905253645148,0.3891118296565257,0.1425638947273315,-0.000630146269360713,0.0,0.0,0.0,-0.8667125579161719
2026-08-24T01:20:07.895431,50.39,4.582469320372548,-1.4509909848772937,0.0,2.324922640192229,0.0,0.0,0.917783233148745,0.39708177615075274,0.1425675807285459,-0.0006296090278926412,0.0,0.0,0.0,-0.8667509488831489
2026-08-24T01:20:07.926076,50.41,4.580531278582906,-1.448891652059767,0.0,2.3075831588030358,0.0,0.0,0.9143061881429067,0.4050236960025769,0.142571220398358,-0.0006290815863691088,0.0,0.0,0.0,-0.8667803344425773
2026-08-24T01:20:07.954148,50.43,4.5786299168500015,-1.4467590416754488,0.0,2.2902561884838777,0.0,0.0,0.9107630034007006,0.4129294753787086,0.1425748143191343,-0.000628560554050552,0.0,0.0,0.0,-0.8665285466618571
2026-08-24T01:20:07.985114,50.45,4.576765806395345,-1.4445937945888836,0.0,2.2729189278844792,0.0,0.0,0.9071492957718374,0.42080892954006976,0.1425783630658305,-0.0006280540005687784,0.0,0.0,0.0,-0.8668585122155614
2026-08-24T01:20:08.011510,50.47,4.574939507009607,-1.442396561664424,0.0,2.2555909090148702,0.0,0.0,0.9034694014541277,0.4286525873433174,0.1425818672063543,-0.0006275576877671608,0.0,0.0,0.0,-0.8666402829157721
2026-08-24T01:20:08.041566,50.48,4.574039787493321,-1.4412851599978047,0.0,2.2469190243418584,0.0,0.0,0.9016023015988536,0.4325659368832109,0.14285714247702708,-0.0006272188756815155,0.0,0.0,0.0,-0.8662729811886831
2026-08-24T01:20:08.072226,50.51,4.5714025260447375,-1.4379087875849295,0.0,2.2209188007969995,0.0,0.0,0.8959028688328192,0.44424998550042105,0.14258874390443457,-0.0006265994277955662,0.0,0.0,0.0,-0.8669065978288377
2026-08-24T01:20:08.102078,50.53,4.569692907531768,-1.43561959465565,0.0,2.203583824518457,0.0,0.0,0.8920187332666267,0.4519984286492627,0.14259211756224507,-0.0006261354444122235,0.0,0.0,0.0,-0.8666916835249616
2026-08-24T01:20:08.133831,50.55,4.568023226410165,-1.433301111542388,0.0,2.1862490125136835,0.0,0.0,0.8880676226592314,0.4597128425271378,0.14259544881469227,-0.0006256789398044816,0.0,0.0,0.0,-0.720988397823601
2026-08-24T01:20:08.158209,50.57,4.5663914110372685,-1.4309558179167463,0.0,2.1718263433637723,0.0,0.0,0.8847294171323646,0.46610498652194904,0.14259873819487517,-0.0006240081096516893,0.0,0.0,0.0,-0.7190892438557163
2026-08-24T01:20:08.186984,50.59,4.5647926834890695,-1.4285878584379688,0.0,2.1574487299284293,0.0,0.0,0.8813558464928039,0.4724530366639135,0.1426019862344581,-0.0006211265728747735,0.0,0.0,0.0,-0.7164871466771808
2026-08-24T01:20:08.219347,50.61,4.563228108115095,-1.4261971960595263,0.0,2.1431204812258082,0.0,0.0,0.8779485455854737,0.47875500133612314,0.14260519344226366,-0.0006182517625740816,0.0,0.0,0.0,-0.7160433468538491
2026-08-24T01:20:08.247087,50.63,4.561697934986392,-1.423784369242508,0.0,2.128788841490583,0.0,0.0,0.8744953620631233,0.4850338768891169,0.14260836033684068,-0.0006154033372114338,0.0,0.0,0.0,-0.7163157685630618
2026-08-24T01:20:08.273519,50.65,4.560202488892123,-1.4213498661695894,0.0,2.114467765766684,0.0,0.0,0.8709998692660219,0.49128324593718115,0.14261148742485485,-0.0006126019396290344,0.0,0.0,0.0,-0.7162207750884555
2026-08-24T01:20:08.305344,50.67,4.558742075850812,-1.41889418721207,0.0,2.100137939806494,0.0,0.0,0.8674575409579213,0.49751122061239617,0.14261457520674553,-0.0006098523962973268,0.0,0.0,0.0,-0.7161712244426627
2026-08-24T01:20:08.333188,50.69,4.557316995761717,-1.4164178364127626,0.0,2.0858093912124884,0.0,0.0,0.8638710027722967,0.5037131034320892,0.1426176241765208,-0.0006071473516216,0.0,0.0,0.0,-0.7163679079259749
2026-08-24T01:20:08.362539,50.71,4.555927541137886,-1.4139213221402667,0.0,2.0714842425504383,0.0,0.0,0.860240991812437,0.5098876699877678,0.14262063482206722,-0.0006044892843733126,0.0,0.0,0.0,-0.7167755829443939
2026-08-24T01:20:08.392097,50.73,4.554573997406783,-1.4114051567772443,0.0,2.0571546134485317,0.0,0.0,0.8565656925162207,0.5160379970546812,0.14262360762515683,-0.0006018823245742711,0.0,0.0,0.0,-0.7164064161660268
2026-08-24T01:20:08.419040,50.75,4.553256642296614,-1.4088698569228022,0.0,2.0428248466064005,0.0,0.0,0.8528463860173595,0.5221618923831277,0.1426265430613652,-0.0005993154712351167,0.0,0.0,0.0,-0.7161918218425135
2026-08-24T01:20:08.447764,50.77,4.551975746256429,-1.4063159430197416,0.0,2.028503523817898,0.0,0.0,0.8490855286797374,0.5282553974988337,0.1426294416004131,-0.000596789362671887,0.0,0.0,0.0,-0.7164683303434822
2026-08-24T01:20:08.468763,50.79,4.550937372933637,-1.4041733503181781,0.0,2.0165604941746196,0.0,0.0,0.8459159237706627,0.5333162756856632,0.14263229624726817,-0.0005923110634028571,0.0,0.0,0.0,-0.7162874608929899
2026-08-24T01:20:08.499853,50.81,4.549524388305217,-1.4011543681410634,0.0,1.9998456227109456,0.0,0.0,0.8414292770985344,0.5403672562632175,0.14263512993043884,-0.0005932469842117233,0.0,0.0,0.0,-0.7161922616476545
2026-08-24T01:20:08.538311,50.83,4.548354416842329,-1.3985477725694169,0.0,1.985515314345098,0.0,0.0,0.8375358963621762,0.5463823041651387,0.1426379205354776,-0.0005908317238315988,0.0,0.0,0.0,-0.7168808085731228
2026-08-24T01:20:08.565761,50.85,4.54722191105065,-1.3959246819482942,0.0,1.9711903708027974,0.0,0.0,0.8336009988694325,0.5523670651694256,0.14264067606460623,-0.0005884624036696973,0.0,0.0,0.0,-0.7163505894811147
2026-08-24T01:20:08.594317,50.87,4.5461271031167305,-1.3932856347119245,0.0,1.9568641210346323,0.0,0.0,0.8296229723446384,0.5583240311486218,0.14264339695794617,-0.0005861325395857484,0.0,0.0,0.0,-0.7163863799673797
2026-08-24T01:20:08.617611,50.89,4.545070217930713,-1.3906311725502478,0.0,1.942530540980517,0.0,0.0,0.8256003096789769,0.5642553753913004,0.14264608365078257,-0.0005838453389266586,0.0,0.0,0.0,-0.7159757243380145
2026-08-24T01:20:08.646213,50.91,4.5440514723475065,-1.3879618404214722,0.0,1.9282013722666562,0.0,0.0,0.8215364995636624,0.570155925940163,0.14264873657312635,-0.0005815902941377336,0.0,0.0,0.0,-0.7166372244992012
2026-08-24T01:20:08.678845,50.93,4.543071075521946,-1.385278186281901,0.0,1.9138779266143973,0.0,0.0,0.8174321674339338,0.5760248706820402,0.14265135614935032,-0.0005793796843299109,0.0,0.0,0.0,-0.715916956810886
2026-08-24T01:20:08.703644,50.95,4.542129228459701,-1.3825807611281535,0.0,1.8995507296181344,0.0,0.0,0.8132848177757414,0.5818657965334267,0.14265394279863688,-0.0005772060199689153,0.0,0.0,0.0,-0.716302052105871
2026-08-24T01:20:08.737363,50.97,4.54122612455621,-1.3798701186684756,0.0,1.885221131386529,0.0,0.0,0.8090950272665642,0.587677834236172,0.1426564969348805,-0.000575074945812179,0.0,0.0,0.0,-0.7163956699866466
2026-08-24T01:20:08.766410,50.99,4.540361949177694,-1.37714681535248,0.0,1.8708932408994823,0.0,0.0,0.8048642093091861,0.5934590167594547,0.14265901896668526,-0.0005729813665561635,0.0,0.0,0.0,-0.716278348899989
2026-08-24T01:20:08.793965,51.01,4.539536879916472,-1.3744114101603917,0.0,1.856568123370989,0.0,0.0,0.8005929149889385,0.5992086318382891,0.1426615092976966,-0.0005709245619827528,0.0,0.0,0.0,-0.7165220555827404
2026-08-24T01:20:08.822426,51.03,4.538751086140042,-1.3716644646227492,0.0,1.8422430612899259,0.0,0.0,0.7962805653988067,0.6049274842228255,0.1426639683262906,-0.0005689093629802621,0.0,0.0,0.0,-0.7160697111262472
2026-08-24T01:20:08.852247,51.05,4.538004729002332,-1.368906542680455,0.0,1.8279125657731863,0.0,0.0,0.7919257064440635,0.6106174542813781,0.14266639644601456,-0.0005669293432755425,0.0,0.0,0.0,-0.7162484580438735
2026-08-24T01:20:08.889190,51.07,4.537297961781372,-1.3661382104631137,0.0,1.813586725788724,0.0,0.0,0.7875316241278585,0.616274241712679,0.142668794045255,-0.0005649847445713585,0.0,0.0,0.0,-0.7163853033476386
2026-08-24T01:20:08.913346,51.09,4.536630929776566,-1.3633600362044798,0.0,1.7992592309980184,0.0,0.0,0.7830966212046141,0.6219000577728846,0.1426711615077472,-0.0005630787168356014,0.0,0.0,0.0,-0.7162482601925781
2026-08-24T01:20:08.946198,51.11,4.536003769917505,-1.360572590216674,0.0,1.7849306629427621,0.0,0.0,0.7786210937673935,0.627494376341707,0.14267349921229783,-0.000561207080034378,0.0,0.0,0.0,-0.7163223584741591
2026-08-24T01:20:08.969899,51.13,4.535416610844816,-1.3577764447370646,0.0,1.7706015228850358,0.0,0.0,0.7741054211880232,0.633056709061134,0.14267580753286233,-0.0005593701158568505,0.0,0.0,0.0,-0.7162630362389393
2026-08-24T01:20:09.003041,51.15,4.534869573192637,-1.3549721737431022,0.0,1.7562744286358065,0.0,0.0,0.7695506663364298,0.6385857592689935,0.14267808683881988,-0.0005575658195161467,0.0,0.0,0.0,-0.716402429365727
2026-08-24T01:20:09.029754,51.17,4.534362769263396,-1.3521603529021535,0.0,1.7419484947418236,0.0,0.0,0.7649567947600567,0.6440815958792957,0.1426803374949603,-0.0005557971096627964,0.0,0.0,0.0,-0.7165620200077194
2026-08-24T01:20:09.056900,51.19,4.533896303021025,-1.3493415594450966,0.0,1.727619037691692,0.0,0.0,0.7603225306509024,0.6495457253993806,0.1426825598612751,-0.0005540645988588306,0.0,0.0,0.0,-0.716629889110488
2026-08-24T01:20:09.089646,51.21,4.533470270130937,-1.3465163720336668,0.0,1.7132909126345994,0.0,0.0,0.7556496730295678,0.6549760084539794,0.14268475429346203,-0.0005523639999790681,0.0,0.0,0.0,-0.7164097285070351
2026-08-24T01:20:09.121817,51.23,4.533084758126483,-1.3436853706142866,0.0,1.6989662863316772,0.0,0.0,0.7509391880072062,0.6603713621251893,0.14268692114249878,-0.0005506936007701355,0.0,0.0,0.0,-0.7165795157794187
2026-08-24T01:20:09.142452,51.25,4.532739846249145,-1.3408491363266246,0.0,1.6846390334767758,0.0,0.0,0.7461893066315141,0.6657338196822964,0.14268906075528848,-0.0005490592377916348,0.0,0.0,0.0,-0.6505276072953474
2026-08-24T01:20:09.181952,51.28,4.532294098596901,-1.336585897084923,0.0,1.6651418395977862,0.0,0.0,0.7396639819271736,0.6729763694511403,0.14285714219165907,-0.0005445873235924743,0.0,0.0,0.0,-0.6483262492332039
2026-08-24T01:20:09.204185,51.29,4.532165016124952,-1.3351639817704901,0.0,1.65865755965131,0.0,0.0,0.7374782146861306,0.675370922429562,0.14269325963902263,-0.0005442111646966365,0.0,0.0,0.0,-0.648465764992291
2026-08-24T01:20:09.233367,51.31,4.531932737314502,-1.3323163117868184,0.0,1.6456857968147052,0.0,0.0,0.7330823581136536,0.6801398798942206,0.14269531957971954,-0.000541554834863886,0.0,0.0,0.0,-0.6483924565307415
2026-08-24T01:20:09.266704,51.33,4.5317374130122605,-1.3294658684116671,0.0,1.632715085832996,0.0,0.0,0.7286560235218129,0.6848798430275045,0.14269735362781957,-0.000538945083308394,0.0,0.0,0.0,-0.6484380429267753
2026-08-24T01:20:09.294726,51.35,4.531579074800899,-1.3266131312654932,0.0,1.6197475841899802,0.0,0.0,0.7242001484492624,0.6895898382270915,0.14269936210881656,-0.0005363824300309641,0.0,0.0,0.0,-0.6485224106217687
2026-08-24T01:20:09.323925,51.37,4.531457749402932,-1.323758580242717,0.0,1.6067781989723668,0.0,0.0,0.7197131749596456,0.6942715216610188,0.14270134534407772,-0.0005338694222629649,0.0,0.0,0.0,-0.648700302425172
2026-08-24T01:20:09.349866,51.39,4.531373457178758,-1.3209026955519758,0.0,1.5938068119550202,0.0,0.0,0.7151952371926,0.6989247260592664,0.14270330365093103,-0.0005314045552531334,0.0,0.0,0.0,-0.6484277642329903
2026-08-24T01:20:09.377030,51.41,4.53132621234478,-1.3180459576225143,0.0,1.5808339349053018,0.0,0.0,0.710646691245763,0.703549060280411,0.14270523734269838,-0.0005289817320333712,0.0,0.0,0.0,-0.6483925512903079
2026-08-24T01:20:09.406935,51.43,4.531316022865397,-1.3151888470278892,0.0,1.5678650688702351,0.0,0.0,0.7060696659229284,0.7081423775368089,0.14270714672886983,-0.0005266011091257808,0.0,0.0,0.0,-0.6485077215205244
2026-08-24T01:20:09.438093,51.45,4.531342890447331,-1.31233184440447,0.0,1.5548965409681914,0.0,0.0,0.7014630724721918,0.7127058004239004,0.14270903211479583,-0.0005242667504391363,0.0,0.0,0.0,-0.6486485588327199
2026-08-24T01:20:09.460895,51.47,4.531406810418758,-1.3094754303678615,0.0,1.5419255559130107,0.0,0.0,0.6968261044497571,0.7172401133214568,0.14271089380229088,-0.0005219784110966354,0.0,0.0,0.0,-0.6481353211552753
2026-08-24T01:20:09.489729,51.49,4.531507771994124,-1.3066200854322716,0.0,1.5289554887057522,0.0,0.0,0.692160158125557,0.7217439403996434,0.1427127320891459,-0.0005197279172641593,0.0,0.0,0.0,-0.6485503919372307
2026-08-24T01:20:09.518363,51.51,4.531645758341981,-1.3037662899387246,0.0,1.5159856146302122,0.0,0.0,0.6874651727783223,0.7262173477801749,0.14271454726954924,-0.0005175233242091181,0.0,0.0,0.0,-0.6485271364696971
2026-08-24T01:20:09.544020,51.52,4.53172813353156,-1.3023393940686263,0.0,1.5095011788184631,0.0,0.0,0.6851070087091021,0.7284424387813125,0.14285714265950938,-0.0005158079742800098,0.0,0.0,0.0,-0.6485191769013309
2026-08-24T01:20:09.575924,51.55,4.532032706181955,-1.2980652672402226,0.0,1.490044746774327,0.0,0.0,0.6779882566922669,0.7350727336715603,0.1427181094690332,-0.0005132362316343906,0.0,0.0,0.0,-0.6482809179980569
2026-08-24T01:20:09.603171,51.57,4.532281602537769,-1.2952189990794667,0.0,1.477074456075938,0.0,0.0,0.6732069795234107,0.7394540977781962,0.1427198570581021,-0.0005111525033486821,0.0,0.0,0.0,-0.6485439140039856
2026-08-24T01:20:09.636343,51.59,4.532567393551492,-1.2923761983031308,0.0,1.4641061201333674,0.0,0.0,0.6683981162912933,0.743803709414151,0.14272158268076943,-0.0005091108426435346,0.0,0.0,0.0,-0.6482188168647576
2026-08-24T01:20:09.666202,51.61,4.532890031183064,-1.2895373431440225,0.0,1.4511349221056458,0.0,0.0,0.6635600801417828,0.7481229979369908,0.1427232866130368,-0.0005071074594848872,0.0,0.0,0.0,-0.6485375388075907
2026-08-24T01:20:09.694669,51.63,4.533249460941225,-1.2867029111412638,0.0,1.4381624788900256,0.0,0.0,0.6586936643195109,0.7524112283753716,0.142724969127685,-0.0005051446395833156,0.0,0.0,0.0,-0.6484388388877842
2026-08-24T01:20:09.719742,51.65,4.533645622372353,-1.2838733791123806,0.0,1.4251971838334796,0.0,0.0,0.653802241033383,0.7566654674423342,0.14272663049381826,-0.0005032172812607826,0.0,0.0,0.0,-0.6486400481071569
2026-08-24T01:20:09.751723,51.67,4.534078448962022,-1.2810492230684676,0.0,1.4122284485331846,0.0,0.0,0.6488820331671373,0.7608890241243345,0.1427282709772988,-0.0005013334455761502,0.0,0.0,0.0,-0.648483403819676
2026-08-24T01:20:09.778164,51.69,4.534547867729094,-1.278230918072947,0.0,1.3992564937311018,0.0,0.0,0.64393331024819,0.7650816243727255,0.14272989084061302,-0.0004994865572543278,0.0,0.0,0.0,-0.6487050580038625
2026-08-24T01:20:09.808568,51.71,4.535053799715577,-1.2754189382295353,0.0,1.386286891819286,0.0,0.0,0.6389584034708833,0.7692412876555313,0.14273149034294746,-0.0004976764928711087,0.0,0.0,0.0,-0.6486009249341623
2026-08-24T01:20:09.840530,51.73,4.535596160005424,-1.272613756612918,0.0,1.373318277412718,0.0,0.0,0.6339570087505256,0.7733682894042696,0.14273306974021296,-0.0004959020978346279,0.0,0.0,0.0,-0.648556414477665
2026-08-24T01:20:09.868014,51.75,4.536174857315475,-1.2698158451132762,0.0,1.3603471642705003,0.0,0.0,0.6289279872776187,0.777463559801309,0.142734629285157,-0.0004941641280064947,0.0,0.0,0.0,-0.6486743419251585
2026-08-24T01:20:09.898448,51.77,4.536789794298874,-1.2670256744064046,0.0,1.3473777135218798,0.0,0.0,0.6238731612509713,0.7815256097343961,0.14273616922731494,-0.0004924613113040569,0.0,0.0,0.0,-0.6484478987856694
2026-08-24T01:20:09.932863,51.79,4.537440867544417,-1.264243713873336,0.0,1.3344067913733522,0.0,0.0,0.6187915224794208,0.7855552505760498,0.14273768981303192,-0.0004907916514108422,0.0,0.0,0.0,-0.6481857489750702
2026-08-24T01:20:09.964888,51.81,4.538127967562377,-1.2614704315150862,0.0,1.3214373312985386,0.0,0.0,0.6136844338731436,0.7895514015070831,0.14273919128566342,-0.0004891531565814693,0.0,0.0,0.0,-0.6484953926783648
2026-08-24T01:20:09.992323,51.83,4.538850978795987,-1.258706293872532,0.0,1.308465756890179,0.0,0.0,0.6085506999917285,0.7935149938971394,0.14274067388543446,-0.00048755137043243784,0.0,0.0,0.0,-0.6484214250000361
2026-08-24T01:20:10.021886,51.85,4.539609779549624,-1.2559517659230128,0.0,1.2954976894043186,0.0,0.0,0.6033927655380753,0.7974441488256799,0.14274213784956913,-0.0004859807495457967,0.0,0.0,0.0,-0.6485579022010578
2026-08-24T01:20:10.048134,51.87,4.540404242195683,-1.2532073110494646,0.0,1.282528983110985,0.0,0.0,0.5982092069652019,0.8013399682419842,0.1427435834123089,-0.000484445521590163,0.0,0.0,0.0,-0.6484027538679494
2026-08-24T01:20:10.080009,51.89,4.5412342330565485,-1.250473390925965,0.0,1.269560523060855,0.0,0.0,0.5930005948139708,0.8052020209551618,0.14274501080495158,-0.0004829421950419618,0.0,0.0,0.0,-0.6481012546692008
2026-08-24T01:20:10.107199,51.92,4.54254552627058,-1.2463926979379594,0.0,1.25010132544484,0.0,0.0,0.5851383577889729,0.8109334758437488,0.14285714240990494,-0.000480534744526035,0.0,0.0,0.0,-0.6484302997523379
2026-08-24T01:20:10.140651,51.93,4.543000235044066,-1.24503899274334,0.0,1.2436167348459888,0.0,0.0,0.5825060009742152,0.8128264014099367,0.1427478119906361,-0.0004800268325480246,0.0,0.0,0.0,-0.6482121018352868
2026-08-24T01:20:10.167778,51.95,4.543935949390938,-1.2423394289828367,0.0,1.2306486849926763,0.0,0.0,0.5772234062720056,0.8165862717752136,0.14274918623188226,-0.00047861361806626176,0.0,0.0,0.0,-0.6419163542868014
2026-08-24T01:20:10.193599,51.97,4.544906460955867,-1.2396521785940975,0.0,1.2178127625517394,0.0,0.0,0.5719707352843931,0.820274026151158,0.1427505431995339,-0.00047717949953986823,0.0,0.0,0.0,-0.6419229363047636
2026-08-24T01:20:10.223505,51.99,4.545911334300399,-1.2369775879923188,0.0,1.2049793591498528,0.0,0.0,0.5666955425266129,0.8239272796069249,0.14275188311088713,-0.0004757177860410258,0.0,0.0,0.0,-0.6417315047154506
2026-08-24T01:20:10.253588,52.0,4.54642664750191,-1.2356446413627027,0.0,1.1985625799646984,0.0,0.0,0.564049150640383,0.825741215915654,0.1428571427088782,-0.00047479928785360383,0.0,0.0,0.0,-0.6416233787869179
2026-08-24T01:20:10.283904,52.03,4.548023622043862,-1.2316681886640486,0.0,1.1793158859535045,0.0,0.0,0.5560767612751818,0.8311309376805225,0.14275451261853828,-0.0004728807026032735,0.0,0.0,0.0,-0.6414274369791139
2026-08-24T01:20:10.311847,52.05,4.549130685487004,-1.2290342529113436,0.0,1.1664817146215247,0.0,0.0,0.5507319101526484,0.834682192897162,0.1427558026357856,-0.00047150499433267477,0.0,0.0,0.0,-0.6416590660706977
2026-08-24T01:20:10.342106,52.07,4.5502714543516865,-1.2264147388415807,0.0,1.1536535550209608,0.0,0.0,0.545366900036372,0.8381974375674969,0.1427570764381286,-0.00047015866055728604,0.0,0.0,0.0,-0.6415370437650506
2026-08-24T01:20:10.369304,52.09,4.551445740841591,-1.2238100777625243,0.0,1.140820460443785,0.0,0.0,0.5399773765411108,0.8416795309521192,0.14275833422929285,-0.00046884336514529983,0.0,0.0,0.0,-0.6417178395512113
2026-08-24T01:20:10.395406,52.11,4.552653351492287,-1.221220698468483,0.0,1.1279915842991164,0.0,0.0,0.5345674036852187,0.8451258432430311,0.1427595762105673,-0.00046755697453181293,0.0,0.0,0.0,-0.6414026522933161
2026-08-24T01:20:10.426456,52.13,4.553894087444105,-1.2186470272757115,0.0,1.1151588006391977,0.0,0.0,0.5291337782830872,0.8485384167377837,0.14276080258065763,-0.00046629838835301704,0.0,0.0,0.0,-0.6412632747190313
2026-08-24T01:20:10.453534,52.15,4.555167744521719,-1.2160894879807833,0.0,1.1023312204867217,0.0,0.0,0.5236805849475308,0.8519146934693708,0.14276201353582527,-0.0004650654455328507,0.0,0.0,0.0,-0.64134955667099
2026-08-24T01:20:10.479850,52.17,4.556474113087526,-1.213548501707956,0.0,1.0894975432554634,0.0,0.0,0.5182032419092729,0.8552575051262161,0.14276320926982888,-0.00046386401466741873,0.0,0.0,0.0,-0.6417641920463304
2026-08-24T01:20:10.509839,52.2,4.558494706763357,-1.2097685548238573,0.0,1.0702485411985734,0.0,0.0,0.5099479415897442,0.8602052643807656,0.14285714266426844,-0.00046206245562920153,0.0,0.0,0.0,-0.6410098213835843
2026-08-24T01:20:10.534932,52.21,4.559184118745077,-1.2085178587799477,0.0,1.0638352060110812,0.0,0.0,0.5071869321488249,0.8618360724972373,0.1427655558371276,-0.000461539419946105,0.0,0.0,0.0,-0.6419797568009289
2026-08-24T01:20:10.579718,52.24,4.561301055354316,-1.20479102644291,0.0,1.0445856963435156,0.0,0.0,0.4988686076330335,0.8666776288322426,0.1428571427283736,-0.00047056235587918793,0.0,0.0,0.0,-0.6413893645986679
2026-08-24T01:20:10.590134,52.25,4.562022412637148,-1.203558465465284,0.0,1.0381718025029976,0.0,0.0,0.49608665793746703,0.8682730145619145,0.1427678402747591,-0.0004700793674899978,0.0,0.0,0.0,-0.6414866593974482
2026-08-24T01:20:10.622977,52.27,4.563489003447218,-1.2011064630737827,0.0,1.0253367419829154,0.0,0.0,0.49050431228676844,0.8714387641298064,0.1427689628557929,-0.00046883632716588524,0.0,0.0,0.0,-0.6414598673077174
2026-08-24T01:20:10.654405,52.29,4.564986935668013,-1.198673480562025,0.0,1.012507965808739,0.0,0.0,0.48490451347856295,0.874567100231948,0.14277007132322922,-0.00046761716351911137,0.0,0.0,0.0,-0.6417299083574578
2026-08-24T01:20:10.684770,52.31,4.5665159626640115,-1.1962599185088612,0.0,0.9996768732294444,0.0,0.0,0.47928374713810296,0.8776600080493921,0.14277116585463934,-0.0004664292798435024,0.0,0.0,0.0,-0.6412815832348483
2026-08-24T01:20:10.710599,52.33,4.568075832492594,-1.1938661741750676,0.0,0.9868449117169142,0.0,0.0,0.4736428712712203,0.8807169979590233,0.14277224662525642,-0.0004652641299918098,0.0,0.0,0.0,-0.6412934634301826
2026-08-24T01:20:10.740793,52.35,4.56966628841682,-1.1914926417361076,0.0,0.974016679637364,0.0,0.0,0.4679841459723716,0.8837368607897432,0.14277331380817637,-0.00046412452126098203,0.0,0.0,0.0,-0.6414390174691356
2026-08-24T01:20:10.770191,52.37,4.571287068698542,-1.1891397120687657,0.0,0.9611807586381885,0.0,0.0,0.4623027584935713,0.8867221433398597,0.14277436757433318,-0.00046301437391233836,0.0,0.0,0.0,-0.6418389634664523
2026-08-24T01:20:10.800314,52.39,4.572937906432907,-1.1868077725425794,0.0,0.9483475471346736,0.0,0.0,0.45660353400850884,0.8896702831560356,0.1427754080924023,-0.00046192888444312064,0.0,0.0,0.0,-0.6414967403609705
2026-08-24T01:20:10.830977,52.41,4.5746185298160515,-1.184497207103805,0.0,0.935517559496125,0.0,0.0,0.4508869487095521,0.892581066056966,0.1427764355290057,-0.000460863701766965,0.0,0.0,0.0,-0.6417829480658216
2026-08-24T01:20:10.857894,52.43,4.5763286622375485,-1.1822083962510403,0.0,0.9226896879454527,0.0,0.0,0.4451527559394283,0.8954546464671072,0.14277745004877365,-0.0004598265697787608,0.0,0.0,0.0,-0.6414274314190479
2026-08-24T01:20:10.886163,52.44,4.5771949306903945,-1.1810719489940924,0.0,0.9162716645531646,0.0,0.0,0.44227694440207577,0.8968785338329618,0.14285714274255698,-0.000459302076293467,0.0,0.0,0.0,-0.6413661372816086
2026-08-24T01:20:10.916175,52.47,4.579836322453012,-1.1776975415405113,0.0,0.8970205498773538,0.0,0.0,0.43362363333739273,0.9010940819977004,0.14277944098522674,-0.0004578254677635956,0.0,0.0,0.0,-0.6416852128295051
2026-08-24T01:20:10.946663,52.49,4.5816332727905476,-1.17547624042269,0.0,0.8841934070566229,0.0,0.0,0.42783552343071346,0.9038566063766793,0.14278041772081332,-0.0004568556903490465,0.0,0.0,0.0,-0.64108294038885
2026-08-24T01:20:10.982125,52.51,4.583458577094108,-1.173278179064192,0.0,0.871359360385749,0.0,0.0,0.4220266855859933,0.9065834085473333,0.14278138217711428,-0.00045590737375239326,0.0,0.0,0.0,-0.6414770929660509
2026-08-24T01:20:11.007566,52.53,4.585311934627973,-1.171103719191784,0.0,0.858530473732425,0.0,0.0,0.4162028154371236,0.9092718055797241,0.14278233450858938,-0.00045498254400133426,0.0,0.0,0.0,-0.6416217087795086
2026-08-24T01:20:11.038168,52.56,4.588144173538384,-1.1678868243201677,0.0,0.8392834359686544,0.0,0.0,0.4074332835492562,0.9132349749414285,0.14285714275022582,-0.0004536931212969848,0.0,0.0,0.0,-0.6416814005387749
2026-08-24T01:20:11.089086,52.59,4.591037253207517,-1.1647255095595002,0.0,0.8200325847070231,0.0,0.0,0.3986242699881768,0.9171143284108002,0.1427851202691277,-0.0004523448207885089,0.0,0.0,0.0,-0.641372722496145
2026-08-24T01:20:11.119968,52.61,4.5929997274276255,-1.162648996593004,0.0,0.8072074121873607,0.0,0.0,0.39273503961469075,0.9196516670233612,0.14278602560693898,-0.0004515044479452488,0.0,0.0,0.0,-0.641674679144408
2026-08-24T01:20:11.150684,52.63,4.594988684322162,-1.1605978354754147,0.0,0.7943723646697536,0.0,0.0,0.38682510641061274,0.9221530984876742,0.14278691956335332,-0.00045069267395760927,0.0,0.0,0.0,-0.641413182539191
2026-08-24T01:20:11.175345,52.65,4.59700379622297,-1.1585723637370293,0.0,0.7815402413062432,0.0,0.0,0.380900593879835,0.9246159946604802,0.14278780228145838,-0.0004498959889776797,0.0,0.0,0.0,-0.6493234981323934
2026-08-24T01:20:11.203439,52.67,4.599044849518532,-1.1565730357374013,0.0,0.768554230972359,0.0,0.0,0.37488907044497227,0.9270696763786984,0.14278867390265826,-0.0004491850912361065,0.0,0.0,0.0,-0.6496767044236762
2026-08-24T01:20:11.234571,52.69,4.601111740062701,-1.154600428870322,0.0,0.755561728383421,0.0,0.0,0.3688587248473613,0.9294854711634705,0.14278953456617882,-0.0004485641786035849,0.0,0.0,0.0,-0.6498053806530457
2026-08-24T01:20:11.264881,52.71,4.603204083827636,-1.1526548410088502,0.0,0.7425718353256734,0.0,0.0,0.3628140288550622,0.9318615672222769,0.14279038441032513,-0.00044796111538521454,0.0,0.0,0.0,-0.6492722281251885
2026-08-24T01:20:11.295998,52.73,4.605321530542342,-1.1507366037552096,0.0,0.7295768063730832,0.0,0.0,0.35675162887626505,0.9341992695855267,0.14279122357091695,-0.0004473743285553648,0.0,0.0,0.0,-0.6494771395778801
2026-08-24T01:20:11.324253,52.75,4.607463722155011,-1.1488460403518292,0.0,0.7165858727815548,0.0,0.0,0.3506760853662506,0.936496814277658,0.14279205218225843,-0.0004468044109928253,0.0,0.0,0.0,-0.6497231857422371
2026-08-24T01:20:11.353980,52.77,4.6096302970678735,-1.1469834700410237,0.0,0.703592251464804,0.0,0.0,0.34458448494451316,0.9387553103634219,0.14279287037699875,-0.0004462548744162619,0.0,0.0,0.0,-0.6497230409344519
2026-08-24T01:20:11.383275,52.79,4.611820889510247,-1.1451492072778533,0.0,0.6906003007292406,0.0,0.0,0.33847912614967507,0.9409739003611909,0.1427936782861542,-0.00044572107364061617,0.0,0.0,0.0,-0.6497471115978845
2026-08-24T01:20:11.415546,52.81,4.614035129680525,-1.1433435617673156,0.0,0.6776023993722777,0.0,0.0,0.33235667819176296,0.943153772436572,0.14279447603905682,-0.0004452043309679444,0.0,0.0,0.0,-0.6492058346069345
2026-08-24T01:20:11.442618,52.82,4.615151355943739,-1.1424515224017446,0.0,0.671106127218791,0.0,0.0,0.3292914385400214,0.9442283349403593,0.14285714276467107,-0.0004451673050288665,0.0,0.0,0.0,-0.6495049281434081
2026-08-24T01:20:11.471525,52.85,4.618533054039981,-1.1398193370515304,0.0,0.6516163662188924,0.0,0.0,0.32007455680452285,0.9473923569917525,0.14279604158522707,-0.0004442075943102982,0.0,0.0,0.0,-0.649738502242338
2026-08-24T01:20:11.498433,52.86,4.619672081883573,-1.1389566153204753,0.0,0.6451194451803555,0.0,0.0,0.31699530675802945,0.9484271060515841,0.14285714276676775,-0.00044420230691917436,0.0,0.0,0.0,-0.6497557370765111
2026-08-24T01:20:11.526429,52.89,4.623121032827178,-1.1364131757593992,0.0,0.6256295647054428,0.0,0.0,0.3077380361411722,0.9514711246863851,0.14279756801800322,-0.0004432728820222099,0.0,0.0,0.0,-0.6497137503193623
2026-08-24T01:20:11.550982,52.91,4.625447826674559,-1.1347550906993142,0.0,0.6126356951842357,0.0,0.0,0.30154993899221566,0.9534503837608914,0.14279831687327083,-0.00044282711250293104,0.0,0.0,0.0,-0.6499221697605658
2026-08-24T01:20:11.578878,52.93,4.627795967622979,-1.1331273776332222,0.0,0.5996446508540966,0.0,0.0,0.2953504629949736,0.9553889804726946,0.14279905631479436,-0.00044239676952202093,0.0,0.0,0.0,-0.6497732739337406
2026-08-24T01:20:11.603711,52.95,4.630165059238926,-1.1315303113506867,0.0,0.5866526664718498,0.0,0.0,0.28913807572147104,0.9572874036401424,0.14279978646093625,-0.00044198095264727055,0.0,0.0,0.0,-0.649753181377761
2026-08-24T01:20:11.633671,52.97,4.632554701577688,-1.1299641615056504,0.0,0.5736565404511684,0.0,0.0,0.2829115012496635,0.9591460172782148,0.14280050742856967,-0.0004415796933583655,0.0,0.0,0.0,-0.6496763997517474
2026-08-24T01:20:11.660987,52.99,4.6349644912332515,-1.128429192547598,0.0,0.5606629949292773,0.0,0.0,0.2766742208150164,0.9609637743101472,0.14280121933308013,-0.0004411888122720545,0.0,0.0,0.0,-0.6494938881079646
2026-08-24T01:20:11.693152,53.01,4.6373940213974665,-1.1269256636636427,0.0,0.5476710317780964,0.0,0.0,0.2704260242468257,0.96274075711484,0.1428019222884543,-0.0004408094126802739,0.0,0.0,0.0,-0.6494751925153608
2026-08-24T01:20:11.720685,53.03,4.639842881882153,-1.125453828658553,0.0,0.5346760969352129,0.0,0.0,0.26416498327718574,0.9644775070524787,0.14280261640720962,-0.00044044397581228503,0.0,0.0,0.0,-0.6493297176810784
2026-08-24T01:20:11.754150,53.05,4.642310659180976,-1.1240139358908274,0.0,0.5216829744960704,0.0,0.0,0.25789366561994703,0.9661733060031761,0.1428033018003771,-0.000440088625386724,0.0,0.0,0.0,-0.6491744316521806
2026-08-24T01:20:11.780746,53.07,4.644796936696224,-1.1226062284936094,0.0,0.508689922614901,0.0,0.0,0.2516114976634865,0.9678283185790428,0.1428039785777863,-0.00043974462613614515,0.0,0.0,0.0,-0.6497558777947475
2026-08-24T01:20:11.807261,53.09,4.647301294722079,-1.1212309441983528,0.0,0.49569643636961347,0.0,0.0,0.24531849997351368,0.9694425375290405,0.1428046468476183,-0.00043941804126939124,0.0,0.0,0.0,-0.6498246591804899
2026-08-24T01:20:11.832321,53.11,4.649823310401547,-1.119888315086791,0.0,0.4827029493242492,0.0,0.0,0.2390151476089299,0.9710158388067012,0.14280530671699634,-0.00043910384605831367,0.0,0.0,0.0,-0.6494350569463111
2026-08-24T01:20:11.861927,53.13,4.652362557948065,-1.118578567815395,0.0,0.4697108997636832,0.0,0.0,0.23270240601735953,0.9725479886533784,0.14280595829134068,-0.0004387979796576702,0.0,0.0,0.0,-0.6495479077823734
2026-08-24T01:20:11.888905,53.15,4.654918608700553,-1.11730192355652,0.0,0.4567152535814394,0.0,0.0,0.2263780931801154,0.9740395058354332,0.1428066016751355,-0.0004385057071670266,0.0,0.0,0.0,-0.6493540324493837
2026-08-24T01:20:11.928653,53.16,4.656203131430055,-1.1166762037246363,0.0,0.4502197821942754,0.0,0.0,0.2232134819783168,0.9747695837802468,0.14285714278067096,-0.00043865971034325816,0.0,0.0,0.0,-0.6493311943216679
2026-08-24T01:20:11.953538,53.18,4.658783573727958,-1.1154496244501242,0.0,0.43722646642850554,0.0,0.0,0.216876071504542,0.9761991444417255,0.14285714278152514,-0.0004383912742285444,0.0,0.0,0.0,-0.6494838252916597
2026-08-24T01:20:11.984125,53.21,4.6626832511272065,-1.1136727358898628,0.0,0.41773302621105124,0.0,0.0,0.20735118094540486,0.9782665729547064,0.14280848370590116,-0.0004376967475188833,0.0,0.0,0.0,-0.6495669718444533
2026-08-24T01:20:12.010770,53.23,4.66530217209608,-1.1125306024076085,0.0,0.40473950209751086,0.0,0.0,0.2009912845865773,0.9795930295384087,0.1428090953439974,-0.00043744477256383733,0.0,0.0,0.0,-0.649476557623563
2026-08-24T01:20:12.041546,53.25,4.667935711703618,-1.111422592913516,0.0,0.3917528318181298,0.0,0.0,0.1946262662209936,0.9808774727237215,0.14280969929351034,-0.00043720243642896646,0.0,0.0,0.0,-0.6492558102061622
2026-08-24T01:20:12.071567,53.27,4.670583425287957,-1.1103488943327156,0.0,0.3787533804016135,0.0,0.0,0.18824676546627164,0.982121761947818,0.14281029565117212,-0.0004369740994365366,0.0,0.0,0.0,-0.649402534985321
2026-08-24T01:20:12.096144,53.29,4.673244865832717,-1.1093096878799322,0.0,0.365762029489249,0.0,0.0,0.18186329469579093,0.9833238235913904,0.1428108845123932,-0.00043675187965952754,0.0,0.0,0.0,-0.6498859564344985
2026-08-24T01:20:12.125335,53.31,4.675919584109923,-1.1083051492210243,0.0,0.3527682702665178,0.0,0.0,0.1754709649767599,0.984484606507448,0.1428114659714535,-0.00043654527156382084,0.0,0.0,0.0,-0.6495720902846046
2026-08-24T01:20:12.161662,53.34,4.6799558650174875,-1.1068639006700558,0.0,0.33328022117550127,0.0,0.0,0.16586994453744114,0.9861476367659896,0.14285714275812267,-0.000436572680641314,0.0,0.0,0.0,-0.6495049694849632
2026-08-24T01:20:12.181107,53.35,4.681307045450898,-1.106400747750056,0.0,0.3267849773369704,0.0,0.0,0.16266644076799341,0.9866811182179747,0.14281260705394772,-0.0004361554190343836,0.0,0.0,0.0,-0.6016870933021012
2026-08-24T01:20:12.213694,53.37,4.684018555815333,-1.1055002297741303,0.0,0.31475024533093654,0.0,0.0,0.15672631022041209,0.9876420726582557,0.14281316686010995,-0.00043557500466303,0.0,0.0,0.0,-0.6001603780036893
2026-08-24T01:20:12.243208,53.39,4.686740592182652,-1.1046320585815728,0.0,0.30273679143996185,0.0,0.0,0.15079102225048693,0.9885656617588198,0.14281371963079925,-0.00043459746337327383,0.0,0.0,0.0,-0.6006970717589601
2026-08-24T01:20:12.274461,53.41,4.689472855775592,-1.103796631239343,0.0,0.2907283530585593,0.0,0.0,0.14485277494744223,0.9894532195056145,0.14281426545158546,-0.00043363189438772406,0.0,0.0,0.0,-0.6004789301389527
2026-08-24T01:20:12.304518,53.42,4.690842885975526,-1.1033911358993467,0.0,0.2847223899114279,0.0,0.0,0.14188081649387993,0.9898837476749631,0.142857142792182,-0.0004331051160628728,0.0,0.0,0.0,-0.6000277291107071
2026-08-24T01:20:12.331877,53.45,4.694966495460835,-1.1022245112742355,0.0,0.2667083988723862,0.0,0.0,0.1329593034943793,0.991121497907441,0.14281533659612555,-0.0004317675732409489,0.0,0.0,0.0,-0.6005604121140103
2026-08-24T01:20:12.355830,53.47,4.697727078977466,-1.1014880445796658,0.0,0.2547006691808771,0.0,0.0,0.1270063833800639,0.9919018996759288,0.14281586209128694,-0.00043086497993661605,0.0,0.0,0.0,-0.6003901945564345
2026-08-24T01:20:12.388561,53.49,4.700496307863941,-1.1007847833545372,0.0,0.24269203499421108,0.0,0.0,0.12104843623547122,0.9926466018100032,0.14281638098087093,-0.0004299830929138549,0.0,0.0,0.0,-0.6002261338097193
2026-08-24T01:20:12.412063,53.51,4.703273782721409,-1.1001148290186076,0.0,0.23067843522393217,0.0,0.0,0.11508365879180621,0.9933558030630772,0.14281689334791914,-0.00042912086472873465,0.0,0.0,0.0,-0.6003991960825721
2026-08-24T01:20:12.442620,53.53,4.706059102968235,-1.0994782782131438,0.0,0.21934518371635872,0.0,0.0,0.1094528656400033,0.9939919869914402,0.14281739927675277,-0.0004282765468692576,0.0,0.0,0.0,-0.5604406731570614
2026-08-24T01:20:12.472681,53.55,4.708851867384177,-1.0988752250443892,0.0,0.2067942429146856,0.0,0.0,0.1032129840855099,0.9946592783039649,0.1428178989874734,-0.0004276848496036844,0.0,0.0,0.0,-0.5951432071491005
2026-08-24T01:20:12.505998,53.57,4.711651672289723,-1.0983057525493884,0.0,0.1947050269438972,0.0,0.0,0.09719880972599985,0.9952649855128276,0.1428183921764921,-0.0004269452122868446,0.0,0.0,0.0,-0.5958388060931676
2026-08-24T01:20:12.531359,53.59,4.714458116243724,-1.0977699549868092,0.0,0.18268038699326136,0.0,0.0,0.0912132374579227,0.9958313839764464,0.14281887921558972,-0.0004261624016510183,0.0,0.0,0.0,-0.595332725584143
2026-08-24T01:20:12.558129,53.61,4.717270796818247,-1.0972679238166034,0.0,0.1706724956576107,0.0,0.0,0.08523271186142174,0.9963610715141112,0.14281936017931174,-0.00042539476828794775,0.0,0.0,0.0,-0.5956870399489471
2026-08-24T01:20:12.592709,53.63,4.720089303853924,-1.0967997084758025,0.0,0.15866186764223353,0.0,0.0,0.07924774982330293,0.9968549514086507,0.1428198350973612,-0.000424648118810708,0.0,0.0,0.0,-0.5957526023677782
2026-08-24T01:20:12.614857,53.65,4.7229132308426385,-1.0963653765765478,0.0,0.14664879127895158,0.0,0.0,0.07325870893455763,0.9973129707194436,0.14282030404572263,-0.0004239193789486853,0.0,0.0,0.0,-0.5954787645522751
2026-08-24T01:20:12.642931,53.67,4.725742170456364,-1.0959649907286833,0.0,0.13463410903396866,0.0,0.0,0.06726622386714254,0.997735062592598,0.14282076709942498,-0.00042320362322123214,0.0,0.0,0.0,-0.5954290214898872
2026-08-24T01:20:12.673332,53.7,4.729994264534125,-1.0954282300212408,0.0,0.1165750193417954,0.0,0.0,0.058254510617914736,0.9983017639935668,0.14285714280139722,-0.00042223236223021564,0.0,0.0,0.0,-0.595618920481296
2026-08-24T01:20:12.703179,53.71,4.731413454727291,-1.0952662834518774,0.0,0.11061758071256379,0.0,0.0,0.05528059582991441,0.9984708587258266,0.1428216758180629,-0.000421817667969994,0.0,0.0,0.0,-0.5959847286561867
2026-08-24T01:20:12.727261,53.73,4.734254981333247,-1.0949680626183351,0.0,0.09860270841263397,0.0,0.0,0.049281384461513734,0.9987849343805485,0.14282212162850896,-0.0004211575164442014,0.0,0.0,0.0,-0.5956250980941377
2026-08-24T01:20:12.755425,53.74,4.735677210997246,-1.0948318166081108,0.0,0.092555593533473,0.0,0.0,0.04626128018130728,0.9989293738578251,0.14285714280259637,-0.00042092030837799526,0.0,0.0,0.0,-0.5963247050090822
2026-08-24T01:20:12.787701,53.77,4.739947753885237,-1.0944740974993246,0.0,0.07457970176956152,0.0,0.0,0.03728120935771279,0.9993048140726765,0.1428229965082556,-0.0004198789770105717,0.0,0.0,0.0,-0.5958655271058
2026-08-24T01:20:12.814305,53.79,4.742798178854512,-1.0942784256525466,0.0,0.06257358150903693,0.0,0.0,0.031281686755916596,0.9995106082847268,0.14282342571763287,-0.000419259988795122,0.0,0.0,0.0,-0.5964711467352246
2026-08-24T01:20:12.841526,53.81,4.745650748206403,-1.0941169996811924,0.0,0.05055744301492961,0.0,0.0,0.025276029351664956,0.9996805101332193,0.1428238495317644,-0.0004186652834047649,0.0,0.0,0.0,-0.596447806047811
2026-08-24T01:20:12.865574,53.83,4.748505050464811,-1.093989841872847,0.0,0.03855366913550551,0.0,0.0,0.019275640723037172,0.9998142075779461,0.14282426801863365,-0.00041807985068184926,0.0,0.0,0.0,-0.5966522683838988
2026-08-24T01:20:12.893307,53.85,4.7513606740417496,-1.0938969723775382,0.0,0.026542265483783023,0.0,0.0,0.013270743186782424,0.9999119398103368,0.14282468124511893,-0.00041751701279148077,0.0,0.0,0.0,-0.5964666530500135
2026-08-24T01:20:12.930907,53.87,4.754217207039408,-1.0938384042383178,0.0,0.014530697656035759,0.0,0.0,0.007265284910924752,0.9999736074692988,0.14282508927736573,-0.00041696634947406845,0.0,0.0,0.0,-0.5967320791598811
2026-08-24T01:20:12.956251,53.89,4.75707423745152,-1.0938141461978415,0.0,0.002520892148993869,0.0,0.0,0.001260445740746742,0.9999992056379519,0.14282549218066898,-0.0004164314634470331,0.0,0.0,0.0,-0.5967835518921616
2026-08-24T01:20:12.987223,53.9,4.758502961539154,-1.0938150098226305,0.0,-0.0035218737183178037,0.0,0.0,-0.0017609359490779292,0.9999984495510896,0.142857142807034,-0.0004163177048263414,0.0,0.0,0.0,-0.5962227501040485
2026-08-24T01:20:13.020489,53.94,4.763740382316617,-1.0938920723846843,0.0,-0.025539757524437608,0.0,0.0,-0.012769531701444941,0.9999184662061831,0.14285714280724177,-0.0004136421669858225,0.0,0.0,0.0,-0.5967367105320588
2026-08-24T01:20:13.044022,53.95,4.765168229929069,-1.0939326829181228,0.0,-0.03151193219991289,0.0,0.0,-0.015755314203722497,0.9998758773339529,0.1428266632987296,-0.0004132322229021512,0.0,0.0,0.0,-0.5969372972499918
2026-08-24T01:20:13.074526,53.97,4.768499091127181,-1.0940602191709747,0.0,-0.04552201198284944,0.0,0.0,-0.022759040768329436,0.9997409794858394,0.14282705387607456,-0.0004155837491664815,0.0,0.0,0.0,-0.5968448550859884
2026-08-24T01:20:13.101768,53.99,4.771352428193299,-1.0942074603423668,0.0,-0.05753240505124557,0.0,0.0,-0.028762235377812306,0.9995862813264652,0.14282743208376292,-0.0004150983103198105,0.0,0.0,0.0,-0.5969802022823342
2026-08-24T01:20:13.132132,54.01,4.774203791167906,-1.0943889564814617,0.0,-0.06954158319145476,0.0,0.0,-0.0347637856586851,0.9993955569276246,0.1428278055382075,-0.0004146264918225303,0.0,0.0,0.0,-0.5969593721511627
2026-08-24T01:20:13.163941,54.03,4.777052768868565,-1.094604682991853,0.0,-0.08155027963773341,0.0,0.0,-0.04076384188513237,0.9991688091582743,0.14282817429833727,-0.0004141687198244354,0.0,0.0,0.0,-0.5969113145667273
2026-08-24T01:20:13.187774,54.05,4.779898950400525,-1.0948546084523327,0.0,-0.09356252279217392,0.0,0.0,-0.04676419990394061,0.9989059563379049,0.142828538423251,-0.0004137245959785453,0.0,0.0,0.0,-0.6342438605380696
2026-08-24T01:20:13.221564,54.07,4.782741844551973,-1.0951394956927738,0.0,-0.1063178385379131,0.0,0.0,-0.05313388610086129,0.998587397350788,0.1428288979710659,-0.00041360486608772447,0.0,0.0,0.0,-0.6347860730830261
2026-08-24T01:20:13.249949,54.09,4.78558084432789,-1.09546090358122,0.0,-0.11908299992733264,0.0,0.0,-0.05950632520876651,0.9982279285113939,0.14282925299876978,-0.0004138117727395132,0.0,0.0,0.0,-0.6355669874972095
2026-08-24T01:20:13.279560,54.11,4.788415507239435,-1.0958185470217177,0.0,-0.1318635168178264,0.0,0.0,-0.06588400126666236,0.9978272888516801,0.14282960356430063,-0.0004140343155361657,0.0,0.0,0.0,-0.6359744439104473
2026-08-24T01:20:13.305457,54.13,4.789831074852408,-1.0960108952997079,0.0,-0.13825070604899906,0.0,0.0,-0.06907031573010539,0.9976117939784711,0.14282992734683786,-0.0004088926129433762,0.0,0.0,0.0,-0.6357989425259094
2026-08-24T01:20:13.338888,54.15,4.794069947843768,-1.0966424674349975,0.0,-0.1574221141746426,0.0,0.0,-0.07862980744616756,0.9969038837224874,0.1428302918134886,-0.0004253214925820997,0.0,0.0,0.0,-0.6356837087799168
2026-08-24T01:20:13.370466,54.17,4.796888818570602,-1.097108498214704,0.0,-0.17020656358532046,0.0,0.0,-0.08500059126119656,0.9963809008031251,0.1428306293190998,-0.00042538203029521477,0.0,0.0,0.0,-0.6358020234919879
2026-08-24T01:20:13.395335,54.19,4.799701503213425,-1.0976105132329477,0.0,-0.18298479035836618,0.0,0.0,-0.0913648036130238,0.9958174896338955,0.14283096258471822,-0.00042544334827681045,0.0,0.0,0.0,-0.6360233733097486
2026-08-24T01:20:13.421883,54.21,4.802507542903104,-1.09814843058348,0.0,-0.19576509496503297,0.0,0.0,-0.09772632033982423,0.9952133270373935,0.14283129166119424,-0.0004255114749462998,0.0,0.0,0.0,-0.636448395306083
2026-08-24T01:20:13.453171,54.22,4.803907986780868,-1.098431149970915,0.0,-0.20218162659924135,0.0,0.0,-0.10091872081368015,0.9948946737164344,0.14285714281356815,-0.00042591006833780194,0.0,0.0,0.0,-0.63628432891054
2026-08-24T01:20:13.479585,54.25,4.808097855724408,-1.0993316143016316,0.0,-0.2213208058107306,0.0,0.0,-0.11043468834544333,0.9938833833051264,0.14283193745697612,-0.0004256620427106755,0.0,0.0,0.0,-0.6362162948694587
2026-08-24T01:20:13.513423,54.27,4.810881216048619,-1.0999766868695575,0.0,-0.2341025511451527,0.0,0.0,-0.11678417200807677,0.9931573174318296,0.14283225427947757,-0.00042574443367557037,0.0,0.0,0.0,-0.6362147959696933
2026-08-24T01:20:13.537861,54.29,4.8136561061165954,-1.1006572735584659,0.0,-0.2468802823119196,0.0,0.0,-0.12312689402986039,0.9923909350485621,0.14283256711963813,-0.00042582761901439957,0.0,0.0,0.0,-0.6364922727222517
2026-08-24T01:20:13.567265,54.31,4.816422072618925,-1.1013732639664182,0.0,-0.25965759278615597,0.0,0.0,-0.12946438174800165,0.9915840730158022,0.1428328760274991,-0.0004259174568058899,0.0,0.0,0.0,-0.6362641487012904
2026-08-24T01:20:13.595024,54.33,4.819178663609659,-1.1021245421449355,0.0,-0.2724378113617947,0.0,0.0,-0.13579802598759058,0.9907365422441395,0.14283318105240178,-0.00042601053468472943,0.0,0.0,0.0,-0.6364150572399516
2026-08-24T01:20:13.623382,54.35,4.821925428969811,-1.1029109851954864,0.0,-0.2852189430456335,0.0,0.0,-0.14212657705720297,0.9898484914844307,0.14283348224320863,-0.00042610726618069164,0.0,0.0,0.0,-0.6361669905789034
2026-08-24T01:20:13.656855,54.37,4.824661920132823,-1.1037324646857622,0.0,-0.29799874807037346,0.0,0.0,-0.14844866781223254,0.9889201145819482,0.14283377964815105,-0.00042620344358920925,0.0,0.0,0.0,-0.6365653010442153
2026-08-24T01:20:13.680463,54.39,4.827387690175854,-1.1045888465726132,0.0,-0.3107781291038432,0.0,0.0,-0.15476448786060734,0.9879513921733416,0.1428340733147823,-0.00042630561801495787,0.0,0.0,0.0,-0.63650718345711
2026-08-24T01:20:13.713258,54.41,4.830102294001737,-1.105479990867093,0.0,-0.3235556361625953,0.0,0.0,-0.16107306443098374,0.9869424846032377,0.142834363290058,-0.00042641013983253905,0.0,0.0,0.0,-0.6366469259327073
2026-08-24T01:20:13.742789,54.43,4.832805288320184,-1.106405751970052,0.0,-0.3363391905726117,0.0,0.0,-0.16737804765863804,0.9858927878638644,0.14283464962041406,-0.00042652011419307286,0.0,0.0,0.0,-0.6369395546978049
2026-08-24T01:20:13.771746,54.44,4.834152294565667,-1.1068818813957593,0.0,-0.34275226330046804,0.0,0.0,-0.17053848283712766,0.9853510165781587,0.14285714281793585,-0.00042692593310140916,0.0,0.0,0.0,-0.6366367828614471
2026-08-24T01:20:13.797062,54.47,4.838174684769201,-1.1083605141557844,0.0,-0.3619007856616978,0.0,0.0,-0.17996453042344962,0.9836731000639731,0.14283521152911488,-0.0004267421232501624,0.0,0.0,0.0,-0.6366382326962948
2026-08-24T01:20:13.828816,54.49,4.840840210044434,-1.1093891960167483,0.0,-0.37468105957093417,0.0,0.0,-0.1862466191627331,0.9825030263823373,0.14283548719733738,-0.0004268538029841164,0.0,0.0,0.0,-0.6370316923367296
2026-08-24T01:20:13.858842,54.51,4.843492372498974,-1.110451855652103,0.0,-0.3874607936409729,0.0,0.0,-0.19252083789115498,0.9812928854209061,0.14283575940048185,-0.0004269703998867658,0.0,0.0,0.0,-0.6364678373176427
2026-08-24T01:20:13.886617,54.53,4.846130739281548,-1.111548318927213,0.0,-0.4002385690258765,0.0,0.0,-0.19878623614575625,0.980042872694355,0.14283602818210522,-0.0004270836651492673,0.0,0.0,0.0,-0.6367159325850733
2026-08-24T01:20:13.918919,54.55,4.848754879152864,-1.1126784077549798,0.0,-0.4130190753194017,0.0,0.0,-0.2050448568361588,0.9787525768472025,0.1428362935851798,-0.0004272027326077158,0.0,0.0,0.0,-0.6370193659046344
2026-08-24T01:20:13.953798,54.57,4.851364363637814,-1.1138419374559037,0.0,-0.4257947209874523,0.0,0.0,-0.21129272903705612,0.9774228269567236,0.14283655565226314,-0.00042732548598577196,0.0,0.0,0.0,-0.6364628248188359
2026-08-24T01:20:13.981704,54.59,4.853958766606635,-1.1150387180103465,0.0,-0.43857206220882583,0.0,0.0,-0.21753280709451464,0.9760530097477189,0.14283681442521828,-0.00042744870274566936,0.0,0.0,0.0,-0.6369988631532764
2026-08-24T01:20:14.007387,54.6,4.85525014279761,-1.1156498165329756,0.0,-0.4449846511701505,0.0,0.0,-0.2206611969574935,0.9753505196375744,0.14285714282080375,-0.000427853668362336,0.0,0.0,0.0,-0.6368460783322549
2026-08-24T01:20:14.037653,54.63,4.859100635835351,-1.1175312445416816,0.0,-0.46413423955927247,0.0,0.0,-0.22998972009370683,0.9731930582629628,0.14283732225394005,-0.00042770862999276505,0.0,0.0,0.0,-0.6369042461750268
2026-08-24T01:20:14.069067,54.66,4.8629142659225515,-1.1194867236691814,0.0,-0.4833219143743519,0.0,0.0,-0.2393156485914239,0.9709418212948014,0.14285714277024783,-0.0004282411002248222,0.0,0.0,0.0,-0.6372600239753028
2026-08-24T01:20:14.100940,54.67,4.864177128046611,-1.120154359678525,0.0,-0.4896910616884256,0.0,0.0,-0.24240646560179754,0.9701747808691198,0.14283781739630574,-0.00042797511105396223,0.0,0.0,0.0,-0.6373623082412324
2026-08-24T01:20:14.127276,54.69,4.866689819896408,-1.12151435571083,0.0,-0.5024722261405982,0.0,0.0,-0.24860145524439614,0.9686058622837096,0.1428380603094833,-0.0004281152178269397,0.0,0.0,0.0,-0.6373272181593078
2026-08-24T01:20:14.160156,54.72,4.870425697987398,-1.1236145594623008,0.0,-0.5216585945687985,0.0,0.0,-0.25788188798332035,0.9661764496457975,0.1428571428227421,-0.0004286516767950802,0.0,0.0,0.0,-0.6372214722401971
2026-08-24T01:20:14.186970,54.73,4.871662044585986,-1.124330112387138,0.0,-0.5280280998709421,0.0,0.0,-0.2609576079895019,0.9653502612173457,0.14283853701423418,-0.000428393200599881,0.0,0.0,0.0,-0.6372905512976628
2026-08-24T01:20:14.212022,54.75,4.874120765109855,-1.1257854138565175,0.0,-0.5408112301400365,0.0,0.0,-0.26712233473591707,0.9636626267969681,0.1428387708820676,-0.00042853761900184186,0.0,0.0,0.0,-0.6080768053986304
2026-08-24T01:20:14.242545,54.77,4.876561014495831,-1.127271480820241,0.0,-0.5530053168384668,0.0,0.0,-0.2729928261639294,0.9620160689214243,0.14283900181023992,-0.00042843476813932553,0.0,0.0,0.0,-0.6080566764518902
2026-08-24T01:20:14.269147,54.79,4.878983070282555,-1.1287870158995819,0.0,-0.5651979485934747,0.0,0.0,-0.27885247078938386,0.9603339520888845,0.14283922983659245,-0.00042809461585862805,0.0,0.0,0.0,-0.6077134196165838
2026-08-24T01:20:14.304026,54.81,4.881386474445234,-1.1303319590618184,0.0,-0.5773831559398834,0.0,0.0,-0.28469819329516255,0.9586172013554056,0.14283945499589626,-0.00042775895680472256,0.0,0.0,0.0,-0.6076284114266983
2026-08-24T01:20:14.338171,54.83,4.883770879811011,-1.1319060657865465,0.0,-0.589566496442524,0.0,0.0,-0.29053245472934536,0.9568651382242646,0.14283967732501962,-0.00042742651985086197,0.0,0.0,0.0,-0.607389961928848
2026-08-24T01:20:14.360455,54.85,4.886135931014004,-1.1335091047400376,0.0,-0.6017539321648555,0.0,0.0,-0.29635789061443796,0.9550769606008517,0.14283989685950182,-0.0004271010814361098,0.0,0.0,0.0,-0.6081947350380108
2026-08-24T01:20:14.389613,54.87,4.88848127714937,-1.1351408377851133,0.0,-0.6139311173500714,0.0,0.0,-0.30216743607504165,0.9532548665366654,0.14284011363450613,-0.00042678772256759065,0.0,0.0,0.0,-0.6076350034328156
2026-08-24T01:20:14.417622,54.89,4.890806570180899,-1.136801022619192,0.0,-0.6261182374131531,0.0,0.0,-0.30797050593824393,0.9513959046959063,0.14284032768475485,-0.000426483410507732,0.0,0.0,0.0,-0.6077517816423876
2026-08-24T01:20:14.444558,54.91,4.893111465072029,-1.1384894126929004,0.0,-0.6382990002698664,0.0,0.0,-0.3137591223475945,0.9495026135528365,0.14284053904442703,-0.000426185249673845,0.0,0.0,0.0,-0.6077399988792963
2026-08-24T01:20:14.472256,54.93,4.895395619617573,-1.140205757542871,0.0,-0.650485398148712,0.0,0.0,-0.3195387704047595,0.9475732025591556,0.14284074774741357,-0.00042589742193731344,0.0,0.0,0.0,-0.6075851973355597
2026-08-24T01:20:14.497018,54.94,4.896529816819174,-1.141074452365996,0.0,-0.656589646968314,0.0,0.0,-0.3224293888914325,0.9465935184539863,0.14285714282683493,-0.0004258619581059662,0.0,0.0,0.0,-0.6080546922933197
2026-08-24T01:20:14.530508,54.96,4.8987822221419925,-1.1428322520812568,0.0,-0.668772714905256,0.0,0.0,-0.3281895776619137,0.9446118785586463,0.1428571428270885,-0.00042558417820858153,0.0,0.0,0.0,-0.6075345046067736
2026-08-24T01:20:14.556676,54.99,4.9021202664648476,-1.1455199528825868,0.0,-0.687035614196904,0.0,0.0,-0.33680145091148056,0.941575691415152,0.14284135824782793,-0.00042507256789807923,0.0,0.0,0.0,-0.6078655105678539
2026-08-24T01:20:14.586966,55.01,4.90431810104769,-1.147345528206602,0.0,-0.6992187828105175,0.0,0.0,-0.3425308542506495,0.9395065800122532,0.1428415566536867,-0.00042481490127249086,0.0,0.0,0.0,-0.6076421880536111
2026-08-24T01:20:14.619830,55.03,4.906493532456218,-1.1491977432072924,0.0,-0.7113991721099526,0.0,0.0,-0.34824624453140524,0.9374030900150547,0.14284175256565218,-0.000424562798351597,0.0,0.0,0.0,-0.6077776778887571
2026-08-24T01:20:14.641278,55.04,4.907572729968826,-1.1501338803294885,0.0,-0.7175044194631455,0.0,0.0,-0.35110615638726383,0.9363356593374847,0.14285714282817563,-0.00042456521195451645,0.0,0.0,0.0,-0.6082239515312732
2026-08-24T01:20:14.671752,55.06,4.909713947970436,-1.1520255396665704,0.0,-0.7296874268885416,0.0,0.0,-0.3568032991329182,0.9341795361320356,0.14285714282839482,-0.00042433081172198905,0.0,0.0,0.0,-0.6081101376526096
2026-08-24T01:20:14.697657,55.09,4.912882193693422,-1.1549114600252344,0.0,-0.7479508239910034,0.0,0.0,-0.3653189500524728,0.9308824118719609,0.14284232564968213,-0.00042386065135321884,0.0,0.0,0.0,-0.6080884900799381
2026-08-24T01:20:14.723479,55.11,4.91496481605028,-1.1568674474322274,0.0,-0.7601333117085938,0.0,0.0,-0.3709823695235761,0.9286399094927338,0.14284251189567165,-0.0004236422055382655,0.0,0.0,0.0,-0.6078216534307673
2026-08-24T01:20:14.762343,55.13,4.917023455066665,-1.158848661226608,0.0,-0.7723142444494941,0.0,0.0,-0.3766313041484766,0.9263632444864259,0.14284269580059775,-0.0004234288092699577,0.0,0.0,0.0,-0.6077302608079912
2026-08-24T01:20:14.786879,55.15,4.919057804965642,-1.160854807599453,0.0,-0.784496696313209,0.0,0.0,-0.3822669700118878,0.92405192691641,0.1428428773938331,-0.00042322324643211806,0.0,0.0,0.0,-0.6081070913897246
2026-08-24T01:20:14.814693,55.17,4.921067563461813,-1.1628855891363221,0.0,-0.7966823258608223,0.0,0.0,-0.38788991710019805,0.9217057080283281,0.14284305670457711,-0.00042302830120546236,0.0,0.0,0.0,-0.6077573033626472
2026-08-24T01:20:14.844168,55.19,4.923052432342921,-1.1649407043301858,0.0,-0.8088658570024454,0.0,0.0,-0.39349750027250197,0.9193256861848755,0.1428432337614145,-0.00042283492870221975,0.0,0.0,0.0,-0.6080630742398053
2026-08-24T01:20:14.876324,55.21,4.925012116882291,-1.1670198482679321,0.0,-0.821047896463591,0.0,0.0,-0.399089797082431,0.9169118462887826,0.14284340859272898,-0.00042265040439330606,0.0,0.0,0.0,-0.6084111714481055
2026-08-24T01:20:14.902396,55.23,4.926946326234662,-1.16912271232817,0.0,-0.8332353665929054,0.0,0.0,-0.40466977057234205,0.9144628897800764,0.14284358122651286,-0.00042247617719304157,0.0,0.0,0.0,-0.6080523806046693
2026-08-24T01:20:14.935421,55.25,4.9288547734874495,-1.1712489842338998,0.0,-0.8454143016902402,0.0,0.0,-0.41023082536764655,0.9119817267457608,0.14284375169033633,-0.0004223014974513372,0.0,0.0,0.0,-0.6082173358443396
2026-08-24T01:20:14.974487,55.27,4.930737175359241,-1.1733983484162074,0.0,-0.8575999096737977,0.0,0.0,-0.41577970257016567,0.9094653588403818,0.14284392001142043,-0.0004221379313842154,0.0,0.0,0.0,-0.6078731293420232
2026-08-24T01:20:14.997347,55.29,4.932593252650711,-1.1755704856899436,0.0,-0.869786895931088,0.0,0.0,-0.42131377012662974,0.9069149392868581,0.14284408621684186,-0.0004219753155095457,0.0,0.0,0.0,-0.6081330494170725
2026-08-24T01:20:15.025946,55.31,4.934422729760278,-1.1777650737622751,0.0,-0.8819659727699722,0.0,0.0,-0.42682861770492003,0.9043325334787571,0.14284425033312298,-0.00042181756199667636,0.0,0.0,0.0,-0.608205936814453
2026-08-24T01:20:15.053740,55.33,4.936225335019539,-1.1799817870126699,0.0,-0.8941486206928698,0.0,0.0,-0.4323292475213923,0.9017158209422671,0.14284441238648768,-0.00042166975567052995,0.0,0.0,0.0,-0.6083045580479067
2026-08-24T01:20:15.086018,55.36,4.938878202388664,-1.1833477480119634,0.0,-0.9124318957363249,0.0,0.0,-0.4405542272400737,0.8977260009941238,0.14285714279875267,-0.0004216195433603698,0.0,0.0,0.0,-0.6082678373773881
2026-08-24T01:20:15.113170,55.37,4.939748864535192,-1.1844802691830274,0.0,-0.9185139603583817,0.0,0.0,-0.443282199713547,0.8963821123924323,0.14284473040800516,-0.00042139328026928537,0.0,0.0,0.0,-0.6081516479495859
2026-08-24T01:20:15.140443,55.39,4.941469265727079,-1.1867613704999753,0.0,-0.930699484856163,0.0,0.0,-0.4487353813384025,0.8936646784645114,0.14284488642706195,-0.00042126274845079813,0.0,0.0,0.0,-0.608116870666814
2026-08-24T01:20:15.165561,55.41,4.943161749527973,-1.189063261483459,0.0,-0.9428790588424194,0.0,0.0,-0.4541692544720976,0.8909154215144438,0.1428450404849474,-0.00042113525796827917,0.0,0.0,0.0,-0.6082970831737281
2026-08-24T01:20:15.194532,55.43,4.94482606485564,-1.1913856003982608,0.0,-0.955059980360024,0.0,0.0,-0.45958688295491473,0.8881328149639476,0.14284519260640066,-0.0004210172835250206,0.0,0.0,0.0,-0.6379181689161652
2026-08-24T01:20:15.223866,55.45,4.946461439638406,-1.193728408412806,0.0,-0.9678414716157131,0.0,0.0,-0.4652532901174413,0.8851775957596848,0.1428453428157602,-0.00042115515579179753,0.0,0.0,0.0,-0.6379912124923849
2026-08-24T01:20:15.252224,55.47,4.948066570068696,-1.1960920429297266,0.0,-0.9806196507102305,0.0,0.0,-0.47089923466993194,0.8821870044311877,0.14284549113647357,-0.0004215410613271937,0.0,0.0,0.0,-0.6384252190155981
2026-08-24T01:20:15.279745,55.49,4.949641360869438,-1.1984759987552254,0.0,-0.9934058440271869,0.0,0.0,-0.476529479851654,0.8791584924416712,0.14284563759316707,-0.0004219271518390274,0.0,0.0,0.0,-0.6385360476571325
2026-08-24T01:20:15.310854,55.51,4.951185538362209,-1.200879897082511,0.0,-1.0061929856891703,0.0,0.0,-0.4821406639566364,0.8760938192679216,0.14284578220911412,-0.00042231537358994607,0.0,0.0,0.0,-0.638654600149543
2026-08-24T01:20:15.338446,55.53,4.952698852534317,-1.2033033432198006,0.0,-1.018980456268916,0.0,0.0,-0.487732282875709,0.8729932532619307,0.14284592500731141,-0.0004227012023209874,0.0,0.0,0.0,-0.638626375806898
2026-08-24T01:20:15.370267,55.55,4.954181055741763,-1.2057459410759477,0.0,-1.031767300487492,0.0,0.0,-0.49330369101732596,0.8698571540366169,0.14284606601066158,-0.0004230832660294627,0.0,0.0,0.0,-0.6386143519197955
2026-08-24T01:20:15.397926,55.57,4.955631905690042,-1.2082072912611628,0.0,-1.0445539951247262,0.0,0.0,-0.4988548702017999,0.8666855360948084,0.14284620524163666,-0.0004234621818986013,0.0,0.0,0.0,-0.6387391632240348
2026-08-24T01:20:15.420952,55.59,4.957051165178082,-1.2106869913411706,0.0,-1.0573407207172858,0.0,0.0,-0.5043856721824442,0.8634784847910595,0.1428463427225325,-0.0004238392226392504,0.0,0.0,0.0,-0.6387836370043222
2026-08-24T01:20:15.451703,55.61,4.958438602186599,-1.2131846358725007,0.0,-1.070126522586764,0.0,0.0,-0.5098954601146137,0.8602363743498099,0.14284647847538282,-0.0004242136612938332,0.0,0.0,0.0,-0.6386179706692836
2026-08-24T01:20:15.476548,55.63,4.959793989879336,-1.2156998164900477,0.0,-1.082916602785804,0.0,0.0,-0.515386242282772,0.8569580043769028,0.14284661252181985,-0.0004245845107666101,0.0,0.0,0.0,-0.6383305925127677
2026-08-24T01:20:15.505580,55.66,4.961766236334427,-1.2195047505176706,0.0,-1.102100841689691,0.0,0.0,-0.5235824499323671,0.8519750102689752,0.14285714282699757,-0.0004255038360508945,0.0,0.0,0.0,-0.6388470572297112
2026-08-24T01:20:15.529690,55.67,4.962407736151782,-1.2207811382860243,0.0,-1.1084879162783996,0.0,0.0,-0.526300589353957,0.8502985885238653,0.1428468755811745,-0.0004253160401512686,0.0,0.0,0.0,-0.6387368572851972
2026-08-24T01:20:15.558453,55.69,4.963665667385355,-1.223346448677513,0.0,-1.1212710419155347,0.0,0.0,-0.5317245389946961,0.8469173599772755,0.14284700463616562,-0.0004256780436498897,0.0,0.0,0.0,-0.6386213929294022
2026-08-24T01:20:15.590252,55.71,4.9648906947496085,-1.225927633684246,0.0,-1.1340619965782714,0.0,0.0,-0.5371300685519316,0.8434994306206717,0.14284713206896849,-0.00042603909897653635,0.0,0.0,0.0,-0.6388218656789897
2026-08-24T01:20:15.622381,55.73,4.966082617898482,-1.228524271314309,0.0,-1.1468503424419498,0.0,0.0,-0.542512532662628,0.8400477081118554,0.14284725790000935,-0.00042639532812901375,0.0,0.0,0.0,-0.6383834373509495
2026-08-24T01:20:15.644661,55.75,4.967241242007187,-1.2311359369983645,0.0,-1.159633801959913,0.0,0.0,-0.5478707721149069,0.8365629785391031,0.14284738214940443,-0.0004267435769345694,0.0,0.0,0.0,-0.6386377080921517
2026-08-24T01:20:15.677122,55.77,4.968366377573157,-1.2337622037652254,0.0,-1.1724218944008102,0.0,0.0,-0.5532085585291973,0.8330427904796054,0.14284750483703362,-0.00042709384079678075,0.0,0.0,0.0,-0.6385424084451545
2026-08-24T01:20:15.712299,55.79,4.9694578407289445,-1.23640264218593,0.0,-1.1852096888700117,0.0,0.0,-0.5585236041554439,0.8294886277708773,0.14284762598256423,-0.0004274392250976019,0.0,0.0,0.0,-0.6386072376892086
2026-08-24T01:20:15.769291,55.81,4.970515453007099,-1.2390568205611507,0.0,-1.1979949959761165,0.0,0.0,-0.5638147891834298,0.8259012552951138,0.14284774560529084,-0.00042778132520748054,0.0,0.0,0.0,-0.6386850531229724
2026-08-24T01:20:15.823565,55.83,4.97153904136263,-1.241724304987819,0.0,-1.2107806284598597,0.0,0.0,-0.5690830671995167,0.8222800390540866,0.14284786372440736,-0.00042812244275183066,0.0,0.0,0.0,-0.6388920755566246
2026-08-24T01:20:15.878791,55.85,4.97252843852553,-1.244404659302326,0.0,-1.2235690482490422,0.0,0.0,-0.5743292288300987,0.8186244174903556,0.1428479803588492,-0.0004284633091887097,0.0,0.0,0.0,-0.6386897871007958
2026-08-24T01:20:15.906896,55.87,4.973483482791001,-1.247097445249616,0.0,-1.2363585604551623,0.0,0.0,-0.5795523536861727,0.814935009271793,0.14284809552719002,-0.0004287980975138615,0.0,0.0,0.0,-0.6388319543259595
2026-08-24T01:20:15.939841,55.89,4.974404017907064,-1.2498022226013903,0.0,-1.2491436387621697,0.0,0.0,-0.5847499806251764,0.8112135724695784,0.1428482092479645,-0.00042912888452157445,0.0,0.0,0.0,-0.6389122663835574
2026-08-24T01:20:15.979694,55.91,4.975289893393645,-1.2525185491216115,0.0,-1.2619276322030057,0.0,0.0,-0.5899232741041832,0.8074593058911395,0.14284832153927904,-0.0004294589178883184,0.0,0.0,0.0,-0.6385940893910758
2026-08-24T01:20:16.006582,55.93,4.97614096459421,-1.2552459806370524,0.0,-1.2747165749156408,0.0,0.0,-0.5950744535969501,0.8036705759677227,0.14284843241919062,-0.000429785616199956,0.0,0.0,0.0,-0.6387615372922341
2026-08-24T01:20:16.040111,55.94,4.976553160496233,-1.2566138336473567,0.0,-1.2811151875492233,0.0,0.0,-0.5976425921031963,0.801762640751097,0.14285714283606424,-0.0004302608222945325,0.0,0.0,0.0,-0.6387844307964087
2026-08-24T01:20:16.068910,55.97,4.9777381429384535,-1.2607323732998932,0.0,-1.3002891509364476,0.0,0.0,-0.6053014935987361,0.7959962951214906,0.142848650015298,-0.00043042686681299283,0.0,0.0,0.0,-0.6386023907429155
2026-08-24T01:20:16.103125,55.98,4.978115232906482,-1.2621103164006666,0.0,-1.3066886937093023,0.0,0.0,-0.6078453967230981,0.7940553971119014,0.142857142836333,-0.00043089122668022757,0.0,0.0,0.0,-0.638900317874981
2026-08-24T01:20:16.133729,56.01,4.979194508216657,-1.2662578127522817,0.0,-1.3258629964020217,0.0,0.0,-0.615430074998271,0.7881914886546432,0.1428488621756307,-0.0004310551889435999,0.0,0.0,0.0,-0.638395659440679
2026-08-24T01:20:16.160715,56.03,4.979869585209834,-1.2690340466324297,0.0,-1.3386507529494165,0.0,0.0,-0.6204570612306294,0.7842404192395666,0.1428489662598746,-0.00043136455189956847,0.0,0.0,0.0,-0.6389621083341098
2026-08-24T01:20:16.190966,56.05,4.980509109356554,-1.2718186852278863,0.0,-1.3514346296036568,0.0,0.0,-0.6254571685641228,0.780258502223302,0.14284906903589256,-0.00043167492883975164,0.0,0.0,0.0,-0.6388234523630334
2026-08-24T01:20:16.223273,56.07,4.981112976001897,-1.2746112732843116,0.0,-1.364224263600733,0.0,0.0,-0.630433956309744,0.7762428915820382,0.1428491705200761,-0.0004319836114283994,0.0,0.0,0.0,-0.6390209679176929
2026-08-24T01:20:16.253246,56.09,4.981681086192023,-1.277411354270914,0.0,-1.3770135304933788,0.0,0.0,-0.6353848216377361,0.7721956542433933,0.14284927072859194,-0.00043228872604994745,0.0,0.0,0.0,-0.6385842144233562
2026-08-24T01:20:16.279842,56.11,4.982213347063665,-1.2802184703757282,0.0,-1.389796964430253,0.0,0.0,-0.6403074651209495,0.7681187083455161,0.14284936967754602,-0.00043258522942710864,0.0,0.0,0.0,-0.6388160641124337
2026-08-24T01:20:16.314513,56.13,4.982709671421691,-1.2830321626729768,0.0,-1.4025837855016239,0.0,0.0,-0.6452052434447474,0.7640092891002074,0.14284946738276985,-0.0004328838239116129,0.0,0.0,0.0,-0.6353887870418933
2026-08-24T01:20:16.340101,56.15,4.983170050501152,-1.285851959378147,0.0,-1.4153040099414458,0.0,0.0,-0.6500513459371914,0.7598902865843503,0.14284956385988193,-0.00043315075341736337,0.0,0.0,0.0,-0.6357752191637459
2026-08-24T01:20:16.366429,56.17,4.98359455326548,-1.288677379375603,0.0,-1.4280218812674321,0.0,0.0,-0.6548702641012155,0.7557413163219305,0.14284965912438805,-0.00043338885383303216,0.0,0.0,0.0,-0.635603049729071
2026-08-24T01:20:16.394024,56.19,4.9839830879649805,-1.2915079696578489,0.0,-1.4407394648072744,0.0,0.0,-0.6596625938348257,0.7515618818800682,0.14284975319135257,-0.00043362438645923155,0.0,0.0,0.0,-0.6357325713355159
2026-08-24T01:20:16.422458,56.21,4.984335593969191,-1.2943432720846033,0.0,-1.4534541047291325,0.0,0.0,-0.66442715074724,0.7473530366231907,0.14284984607595175,-0.00043385884108053304,0.0,0.0,0.0,-0.635570867425391
2026-08-24T01:20:16.448330,56.23,4.9846520139820685,-1.2971828281249036,0.0,-1.4661756397700874,0.0,0.0,-0.6691674165089755,0.7431116798185204,0.14284993779302985,-0.0004340926197745797,0.0,0.0,0.0,-0.6354900757828753
2026-08-24T01:20:16.477338,56.25,4.9849322968685605,-1.300026178513455,0.0,-1.4788937242447175,0.0,0.0,-0.6738793335646225,0.7388414199234503,0.14285002835724478,-0.00043432060595923096,0.0,0.0,0.0,-0.6355061282069565
2026-08-24T01:20:16.506825,56.27,4.985176397203271,-1.3028728633849376,0.0,-1.4916095175440696,0.0,0.0,-0.6785631592898245,0.734542060643645,0.1428501177831048,-0.0004345465795144039,0.0,0.0,0.0,-0.6351180270328914
2026-08-24T01:20:16.532311,56.29,4.985384275482913,-1.3057224223258346,0.0,-1.5043314698467238,0.0,0.0,-0.6832218043396792,0.7302109052012529,0.14285020608499033,-0.0004347691385333763,0.0,0.0,0.0,-0.6354792511652345
2026-08-24T01:20:16.559211,56.31,4.985555898198082,-1.3085743944481456,0.0,-1.5170483912787767,0.0,0.0,-0.6878509791186737,0.7258519342989188,0.14285029327688709,-0.0004349893313459882,0.0,0.0,0.0,-0.6354335012206418
2026-08-24T01:20:16.606593,56.34,4.985745106794203,-1.312855902324668,0.0,-1.5361266631231016,0.0,0.0,-0.6947435790695601,0.7192575055858771,0.14285714283873416,-0.0004355397446829034,0.0,0.0,0.0,-0.6353543506815179
2026-08-24T01:20:16.689564,56.37,4.985852984585766,-1.3171401757233219,0.0,-1.5551978492524776,0.0,0.0,-0.7015704365923108,0.7126001140188475,0.1428505483317643,-0.00043564512665480613,0.0,0.0,0.0,-0.6354852030216982
2026-08-24T01:20:16.738362,56.39,4.985879366298846,-1.319997185102276,0.0,-1.5679139430424693,0.0,0.0,-0.7060869706483675,0.7081251230401386,0.14285063122177905,-0.00043586180522155855,0.0,0.0,0.0,-0.6350192270872062
2026-08-24T01:20:16.776665,56.41,4.985869412596202,-1.3228542989122445,0.0,-1.580636550569918,0.0,0.0,-0.7105772530031385,0.7036191921163846,0.14285071306990116,-0.0004360740294255936,0.0,0.0,0.0,-0.6354184314388522
2026-08-24T01:20:16.823596,56.44,4.985786179736364,-1.3271391749207133,0.0,-1.5997149076236712,0.0,0.0,-0.7172567707260448,0.6968089586447967,0.14285714283508266,-0.00043659438913769115,0.0,0.0,0.0,-0.6353200900384088
2026-08-24T01:20:16.845599,56.45,4.985740510543386,-1.3285669914878993,0.0,-1.6060728242894817,0.0,0.0,-0.7194682694255374,0.6945253122023863,0.14285087369268723,-0.00043649042544876274,0.0,0.0,0.0,-0.6354549822881153
2026-08-24T01:20:16.873933,56.46,4.985685408488401,-1.3299945256769024,0.0,-1.612432587142933,0.0,0.0,-0.7216731363431416,0.6922339808768806,0.1428571428393672,-0.0004367986442687596,0.0,0.0,0.0,-0.6355835691828042
2026-08-24T01:20:16.899269,56.49,4.985466361436281,-1.334274557787924,0.0,-1.6315066521538633,0.0,0.0,-0.7282420746046214,0.685319984223105,0.14285103030292812,-0.00043690472708192267,0.0,0.0,0.0,-0.6353745762057007
2026-08-24T01:20:16.929558,56.51,4.985274871371352,-1.3371252645523537,0.0,-1.6442226768381727,0.0,0.0,-0.7325845988699743,0.6806759915690569,0.14285110713478533,-0.0004371074610806343,0.0,0.0,0.0,-0.6354699328939398
2026-08-24T01:20:16.957315,56.53,4.985047143527809,-1.3399733055206426,0.0,-1.6569419354135773,0.0,0.0,-0.7368986020616215,0.6760032916189299,0.1428511830008805,-0.0004373106147949869,0.0,0.0,0.0,-0.6353440848385308
2026-08-24T01:20:16.986429,56.55,4.984783214731298,-1.3428182200614598,0.0,-1.6696613403686384,0.0,0.0,-0.741182850707308,0.671303196638738,0.14285125791337094,-0.0004375096117170564,0.0,0.0,0.0,-0.6354194061668436
2026-08-24T01:20:17.017349,56.57,4.9845346643917905,-1.3451861607570759,0.0,-1.68025676174759,0.0,0.0,-0.7447288032949579,0.6673672224067195,0.1428513244254243,-0.0004359326939787538,0.0,0.0,0.0,-0.6355373712366338
2026-08-24T01:20:17.051892,56.59,4.984146918782432,-1.3484968283491128,0.0,-1.6950954883668035,0.0,0.0,-0.7496597003208089,0.6618234913592257,0.14285140501953575,-0.0004391198902888113,0.0,0.0,0.0,-0.635766979583778
2026-08-24T01:20:17.077281,56.61,4.983774666787795,-1.351329605276964,0.0,-1.7078139914524364,0.0,0.0,-0.7538532159145432,0.6570428668323712,0.1428514771405407,-0.00043929741791837325,0.0,0.0,0.0,-0.6355058146488641
2026-08-24T01:20:17.108507,56.63,4.983366419777493,-1.3541574189177876,0.0,-1.7205278442566034,0.0,0.0,-0.7580147291847397,0.652237434021527,0.14285154835585473,-0.0004394704835343753,0.0,0.0,0.0,-0.6357673531175719
2026-08-24T01:20:17.143507,56.65,4.982922243631782,-1.356979812052993,0.0,-1.7332482157964182,0.0,0.0,-0.7621477209228852,0.6474031599336321,0.14285161867598659,-0.00043964746134900694,0.0,0.0,0.0,-0.6356438454523166
2026-08-24T01:20:17.177978,56.67,4.982442210273669,-1.3597963282131271,0.0,-1.745966506550427,0.0,0.0,-0.7662492138962547,0.642543494405921,0.14285168811218865,-0.0004398195714740167,0.0,0.0,0.0,-0.6354540517067887
2026-08-24T01:20:17.203669,56.69,4.981926397287499,-1.362606511858065,0.0,-1.7586793836994423,0.0,0.0,-0.7703179948123574,0.6376599304239439,0.14285175667566027,-0.0004399880346880323,0.0,0.0,0.0,-0.635952428733275
2026-08-24T01:20:17.241930,56.71,4.981374887882334,-1.3654099084383782,0.0,-1.7714015330801227,0.0,0.0,-0.7743585851619176,0.6327470123090533,0.1428518243773176,-0.00044016332563880475,0.0,0.0,0.0,-0.6353148512607774
2026-08-24T01:20:17.265555,56.73,4.980787771483506,-1.3682060645842218,0.0,-1.7841183551979956,0.0,0.0,-0.7783661702825068,0.6278105645493263,0.142851891227959,-0.0004403278825290355,0.0,0.0,0.0,-0.6360227279334635
2026-08-24T01:20:17.295412,56.75,4.980165142680884,-1.3709945279766096,0.0,-1.7968354759360048,0.0,0.0,-0.7823423796363056,0.6228486180646167,0.14285195723833316,-0.0004404977696121016,0.0,0.0,0.0,-0.6354793492828975
2026-08-24T01:20:17.321675,56.77,4.979507102420558,-1.3737748476680092,0.0,-1.8095537610657397,0.0,0.0,-0.7862873177013437,0.6178610313185532,0.14285202241900316,-0.00044066208752121096,0.0,0.0,0.0,-0.6352809545291024
2026-08-24T01:20:17.348522,56.79,4.978813757302411,-1.3765465740205565,0.0,-1.8222708477236573,0.0,0.0,-0.7902000922002244,0.6128489326797893,0.14285208678034436,-0.0004408226996410216,0.0,0.0,0.0,-0.6356745640468394
2026-08-24T01:20:17.378183,56.81,4.9780852193355765,-1.3793092587145241,0.0,-1.8349920680815082,0.0,0.0,-0.7940821744235568,0.6078104147369935,0.14285215033274387,-0.00044098569092670546,0.0,0.0,0.0,-0.6353958421414296
2026-08-24T01:20:17.409012,56.83,4.977321606437502,-1.382062454945903,0.0,-1.84770630039652,0.0,0.0,-0.7979300242684638,0.6027500944594939,0.14285221308626397,-0.0004411418762115197,0.0,0.0,0.0,-0.636071810469013
2026-08-24T01:20:17.435476,56.85,4.97652304194947,-1.3848057173777222,0.0,-1.8604266354278791,0.0,0.0,-0.8017474512225908,0.5976629689533051,0.14285227505101591,-0.00044130525137457845,0.0,0.0,0.0,-0.6297747419492175
2026-08-24T01:20:17.469190,56.87,4.9756897753234135,-1.387538639131873,0.0,-1.8730220302271954,0.0,0.0,-0.8054954278707919,0.5926019875761892,0.14285233623688398,-0.00044141198786607774,0.0,0.0,0.0,-0.6297703789266842
2026-08-24T01:20:17.492822,56.89,4.974822180748507,-1.3902608573186688,0.0,-1.885621968160171,0.0,0.0,-0.8092127924596095,0.5875156649143245,0.14285239665386773,-0.00044147359359297415,0.0,0.0,0.0,-0.6297481426211845
2026-08-24T01:20:17.523620,56.9,4.974375454997494,-1.3916178032549105,0.0,-1.8919252127979798,0.0,0.0,-0.8110603980365484,0.584962418225988,0.14285714284153223,-0.00044160381130108436,0.0,0.0,0.0,-0.629364015954596
2026-08-24T01:20:17.552524,56.93,4.972984462741819,-1.3956714271079023,0.0,-1.9108210954308007,0.0,0.0,-0.8165508076003523,0.5772735734530142,0.14285251521878245,-0.0004415947676178961,0.0,0.0,0.0,-0.6295958465051943
2026-08-24T01:20:17.580043,56.94,4.972503697028919,-1.3970166887035902,0.0,-1.9171195229107898,0.0,0.0,-0.8183647133774272,0.5746992221142129,0.14285714284167053,-0.0004417175716555868,0.0,0.0,0.0,-0.6294049311090233
2026-08-24T01:20:17.606027,56.97,4.971011027657583,-1.401033984917892,0.0,-1.936016511469725,0.0,0.0,-0.8237581458046924,0.5669413701789764,0.1428526308217915,-0.00044170829818462247,0.0,0.0,0.0,-0.6298401229858467
2026-08-24T01:20:17.635847,56.99,4.969973804374746,-1.403696194467462,0.0,-1.9486115041649097,0.0,0.0,-0.8273120989780431,0.5617425485794579,0.1428526875358277,-0.00044176362575422233,0.0,0.0,0.0,-0.62974857750799
2026-08-24T01:20:17.660570,57.01,4.968903128282197,-1.4063451271712624,0.0,-1.9612050093163342,0.0,0.0,-0.8308328284106018,0.5565220671592811,0.14285274353695723,-0.00044182004618976213,0.0,0.0,0.0,-0.6297411837070584
2026-08-24T01:20:17.695030,57.03,4.9677991692830945,-1.4089803626887294,0.0,-1.9738021785056152,0.0,0.0,-0.834321626137038,0.5512779917247275,0.14285279883412264,-0.000441879489023305,0.0,0.0,0.0,-0.629756806607229
2026-08-24T01:20:17.722522,57.05,4.96666210259532,-1.4116014828669816,0.0,-1.9864018304914144,0.0,0.0,-0.8377780024430272,0.5460110059536996,0.1428528534363149,-0.0004419389822910753,0.0,0.0,0.0,-0.6295379168064914
2026-08-24T01:20:17.748558,57.07,4.96549210854988,-1.414208071732373,0.0,-1.9989949074756734,0.0,0.0,-0.8411993516571719,0.54072511572106,0.14285290735214598,-0.00044199451351517333,0.0,0.0,0.0,-0.6295608861264781
2026-08-24T01:20:17.778966,57.09,4.964491202040877,-1.4163684194051895,0.0,-2.0094991265542794,0.0,0.0,-0.8440276840689958,0.5362996070529302,0.14285295313147012,-0.00044029583683646736,0.0,0.0,0.0,-0.6297632306459707
2026-08-24T01:20:17.807251,57.11,4.963054075069263,-1.4193759978799902,0.0,-2.0241921438578614,0.0,0.0,-0.8479448018452634,0.5300845338468166,0.14285301325349284,-0.00044331097781308764,0.0,0.0,0.0,-0.6295386492058598
2026-08-24T01:20:17.836989,57.13,4.9617864336823825,-1.4219365206312138,0.0,-2.036790677366656,0.0,0.0,-0.8512671001509399,0.5247326216280152,0.1428530651596687,-0.0004433484243724752,0.0,0.0,0.0,-0.6294733767776174
2026-08-24T01:20:17.869431,57.15,4.960486638933793,-1.4244808720423137,0.0,-2.049388653317271,0.0,0.0,-0.8545554748547084,0.519360125920198,0.14285311641424556,-0.0004433842803158999,0.0,0.0,0.0,-0.629585777764177
2026-08-24T01:20:17.891535,57.17,4.9591548968734855,-1.427008648443012,0.0,-2.061985952804793,0.0,0.0,-0.8578097694198772,0.5139673136375669,0.14285316702455664,-0.0004434205551384095,0.0,0.0,0.0,-0.6297277016391074
2026-08-24T01:20:17.921719,57.19,4.957791418660224,-1.4295194486276503,0.0,-2.074582789306854,0.0,0.0,-0.8610299144937569,0.5085543101251563,0.1428532169986998,-0.00044345817260081193,0.0,0.0,0.0,-0.6296986777225725
2026-08-24T01:20:17.948986,57.21,4.956396420769353,-1.432012874232032,0.0,-2.0871759208494485,0.0,0.0,-0.8642149705382681,0.5031227332346854,0.142853266344707,-0.0004434959802619272,0.0,0.0,0.0,-0.6294099617317814
2026-08-24T01:20:17.974937,57.23,4.95497012458837,-1.4344885296036851,0.0,-2.0997744060318273,0.0,0.0,-0.867367095562383,0.497668887449955,0.14285331507045593,-0.0004435348829991806,0.0,0.0,0.0,-0.6297134891989942
2026-08-24T01:20:18.005415,57.25,4.95351275643235,-1.4369460218880423,0.0,-2.1123702251117584,0.0,0.0,-0.8704841470550619,0.49219645440192,0.14285336318372507,-0.0004435753397998964,0.0,0.0,0.0,-0.6299331812200757
2026-08-24T01:20:18.039606,57.27,4.95202454746792,-1.4393849610634946,0.0,-2.12497083048942,0.0,0.0,-0.8735678368244545,0.4867024085268566,0.14285341069224844,-0.00044361885940693495,0.0,0.0,0.0,-0.6295060437133211
2026-08-24T01:20:18.066679,57.29,4.950505733788541,-1.4418049600684912,0.0,-2.1375617281836257,0.0,0.0,-0.8766145158435549,0.4811932985946187,0.1428534576036284,-0.00044365602951713094,0.0,0.0,0.0,-0.6299841802378147
2026-08-24T01:20:18.097774,57.31,4.9489565563003275,-1.4442056348160455,0.0,-2.1501627001116894,0.0,0.0,-0.8796288483678114,0.4756606869598515,0.14285350392535187,-0.00044370266547979614,0.0,0.0,0.0,-0.6293286734702098
2026-08-24T01:20:18.127022,57.33,4.94737726105348,-1.4465866044940088,0.0,-2.162764330258024,0.0,0.0,-0.8826084178694629,0.47010890302775976,0.14285354966479633,-0.0004437406275032319,0.0,0.0,0.0,-0.6298417054410992
2026-08-24T01:20:18.159344,57.35,4.945768098665852,-1.4489474912869653,0.0,-2.1753553621352872,0.0,0.0,-0.8855504860298198,0.4645431483644442,0.1428535948293511,-0.00044377921107819225,0.0,0.0,0.0,-0.6299255037925374
2026-08-24T01:20:18.183344,57.36,4.944952340917276,-1.4501202605370183,0.0,-2.1816580718833034,0.0,0.0,-0.88701002670761,0.4617501624473618,0.14285714284312742,-0.0004438749084966723,0.0,0.0,0.0,-0.6296417710609529
2026-08-24T01:20:18.218841,57.39,4.942740447205486,-1.453221811634659,0.0,-2.1984530056608462,0.0,0.0,-0.8908562381766477,0.45428533203456173,0.14285367600363766,-0.0004421104570794579,0.0,0.0,0.0,-0.6297133085842466
2026-08-24T01:20:18.244540,57.41,4.940763975669079,-1.4559059167755006,0.0,-2.213151347084207,0.0,0.0,-0.8941707709777611,0.4477260684045952,0.14285372703941276,-0.00044511110424607714,0.0,0.0,0.0,-0.6295910502496261
2026-08-24T01:20:18.276574,57.43,4.939037944968382,-1.4581827584302167,0.0,-2.225745548203743,0.0,0.0,-0.8969723999899823,0.4420865454367629,0.14285376997365837,-0.0004451300133922526,0.0,0.0,0.0,-0.6298256070342607
2026-08-24T01:20:18.308542,57.45,4.937283370606529,-1.4604376770034415,0.0,-2.238341147002565,0.0,0.0,-0.8997387660406962,0.4364288634858666,0.14285381236900704,-0.0004451536235501476,0.0,0.0,0.0,-0.6296542462627822
2026-08-24T01:20:18.339109,57.47,4.935500530958823,-1.4626703148426288,0.0,-2.250938594564913,0.0,0.0,-0.902469844701582,0.4307530376031056,0.14285385423146446,-0.00044517726899402275,0.0,0.0,0.0,-0.6300440864284749
2026-08-24T01:20:18.364700,57.49,4.933689708806435,-1.4648803175645724,0.0,-2.26354015911799,0.0,0.0,-0.9051659939456476,0.4250582588356424,0.14285389556772848,-0.0004452041433470222,0.0,0.0,0.0,-0.629404210486583
2026-08-24T01:20:18.391089,57.51,4.931851191455617,-1.4670673344406988,0.0,-2.2761337964182045,0.0,0.0,-0.9078245462073883,0.41935020365244796,0.1428539363844142,-0.0004452221594296323,0.0,0.0,0.0,-0.6296464909448453
2026-08-24T01:20:18.424845,57.53,4.9299852705086415,-1.469231018303634,0.0,-2.2887308144043477,0.0,0.0,-0.9104478025804795,0.41362398235157527,0.14285397668806918,-0.0004452455358671869,0.0,0.0,0.0,-0.6295439958184953
2026-08-24T01:20:18.453359,57.54,4.929042085630784,-1.4703039790920298,0.0,-2.295031754243132,0.0,0.0,-0.9117463920359468,0.4107535959787008,0.14285714284363019,-0.00044531096971224326,0.0,0.0,0.0,-0.6296066783153815
2026-08-24T01:20:18.480819,57.57,4.926172055435126,-1.4734866981032981,0.0,-2.3143678774820016,0.0,0.0,-0.9156749104660863,0.4019197162903618,0.14285405578186144,-0.0004454794254185145,0.0,0.0,0.0,-0.6526241596542419
2026-08-24T01:20:18.510479,57.59,4.924224323358242,-1.4755770412369311,0.0,-2.3274153148863923,0.0,0.0,-0.9182774180457688,0.39593760052209787,0.14285409458426046,-0.00044587833552326583,0.0,0.0,0.0,-0.652596485544367
2026-08-24T01:20:18.538611,57.61,4.922249483562548,-1.477641793582313,0.0,-2.3404645354534686,0.0,0.0,-0.9208411925436535,0.3899378131379183,0.1428541328991748,-0.00044627258974212867,0.0,0.0,0.0,-0.6524283053168013
2026-08-24T01:20:18.565415,57.63,4.920247865954576,-1.4796805974370133,0.0,-2.353513518342663,0.0,0.0,-0.9233657208495579,0.38392153568141546,0.14285417073264578,-0.0004466610096444598,0.0,0.0,0.0,-0.6524750950744705
2026-08-24T01:20:18.594906,57.65,4.918219806602005,-1.481693100664866,0.0,-2.3665702776924538,0.0,0.0,-0.9258524118621757,0.3778853152068657,0.1428542080906191,-0.00044704891868676893,0.0,0.0,0.0,-0.6526747998466426
2026-08-24T01:20:18.628507,57.67,4.916165651864084,-1.483678961181548,0.0,-2.3796188356823302,0.0,0.0,-0.9282981186488836,0.37183679607180253,0.14285424497896554,-0.00044742959844720445,0.0,0.0,0.0,-0.6528082842653832
2026-08-24T01:20:18.657489,57.69,4.914085751560465,-1.4856378404811472,0.0,-2.392674281870342,0.0,0.0,-0.9307055711881813,0.3657692438673338,0.14285428140371198,-0.0004478095105165881,0.0,0.0,0.0,-0.6523143415985825
2026-08-24T01:20:18.690323,57.72,4.91091828036326,-1.488524713307302,0.0,-2.412254895601407,0.0,0.0,-0.934241903362735,0.3566399669150584,0.1428571428434037,-0.0004485675493693704,0.0,0.0,0.0,-0.6525927646250759
2026-08-24T01:20:18.714953,57.73,4.909850136184987,-1.489473325242842,0.0,-2.4187808442717005,0.0,0.0,-0.935400634923603,0.353589666399515,0.14285435288536055,-0.00044853974007143894,0.0,0.0,0.0,-0.6523706314083175
2026-08-24T01:20:18.744228,57.75,4.907695142678302,-1.4913492771363075,0.0,-2.4318326079441848,0.0,0.0,-0.9376881849816037,0.34747786655541935,0.1428543879537532,-0.0004488970277417039,0.0,0.0,0.0,-0.6527313717560159
2026-08-24T01:20:18.773586,57.77,4.905515846800704,-1.4931969409907813,0.0,-2.4448876550387912,0.0,0.0,-0.9399363621280711,0.34134972557400367,0.14285442258129744,-0.0004492530262478114,0.0,0.0,0.0,-0.6525416093826311
2026-08-24T01:20:18.800327,57.79,4.903312619906149,-1.495016002071351,0.0,-2.457936753311179,0.0,0.0,-0.9421434930307073,0.33520984254627345,0.142854456773624,-0.0004496003555236696,0.0,0.0,0.0,-0.6522704122408738
2026-08-24T01:20:18.832595,57.81,4.901085837327314,-1.4968061504002603,0.0,-2.470992479362337,0.0,0.0,-0.9443116077197049,0.3290525604304365,0.14285449053616764,-0.00044994344936837477,0.0,0.0,0.0,-0.6528559751507511
2026-08-24T01:20:18.863200,57.83,4.898835878396157,-1.4985670809025382,0.0,-2.4840440262748795,0.0,0.0,-0.946438807920307,0.3228832340992456,0.14285452387436617,-0.00045028400659400883,0.0,0.0,0.0,-0.6523308808370809
2026-08-24T01:20:18.892871,57.85,4.896563126452351,-1.5002984935520756,0.0,-2.497099376091465,0.0,0.0,-0.9485263056750665,0.3166983540254202,0.1428545567934829,-0.0004506162628625847,0.0,0.0,0.0,-0.6524440769047851
2026-08-24T01:20:18.923714,57.87,4.894267968730341,-1.502000093367914,0.0,-2.5101494496208705,0.0,0.0,-0.950572567208692,0.31050248705972844,0.14285458929880274,-0.00045094248023368975,0.0,0.0,0.0,-0.6526821437175132
2026-08-24T01:20:18.950391,57.89,4.891950796270501,-1.5036715904330125,0.0,-2.5232018149481217,0.0,0.0,-0.952578705897542,0.3042923085958043,0.14285462139556196,-0.0004512681853240597,0.0,0.0,0.0,-0.6524563016504186
2026-08-24T01:20:18.981382,57.91,4.8896120039234034,-1.5053127000426518,0.0,-2.53625698757244,0.0,0.0,-0.9545446917768339,0.29806783020089433,0.1428546530888789,-0.0004515875557079084,0.0,0.0,0.0,-0.6520245760465869
2026-08-24T01:20:19.007698,57.93,4.8872519902008085,-1.5069231426440832,0.0,-2.549310058871065,0.0,0.0,-0.9564696986239718,0.2918316562920627,0.14285468438384283,-0.00045189652932213156,0.0,0.0,0.0,-0.6523737436616223
2026-08-24T01:20:19.029620,57.95,4.884871157055983,-1.5085026436539182,0.0,-2.562362938645691,0.0,0.0,-0.9583539368023839,0.28558314343702496,0.14285471528538893,-0.00045220367801684355,0.0,0.0,0.0,-0.652931845113492
2026-08-24T01:20:19.058224,57.97,4.882469910159273,-1.5100509340030548,0.0,-2.575416319849833,0.0,0.0,-0.9601974246281286,0.27932222564183673,0.14285474579853294,-0.0004525108989968436,0.0,0.0,0.0,-0.6522961362811628
2026-08-24T01:20:19.087330,57.99,4.880048658736018,-1.5115677500661173,0.0,-2.5884708257738627,0.0,0.0,-0.9620001639585269,0.2730488684169325,0.14285477592819376,-0.0004528076731301715,0.0,0.0,0.0,-0.6524013058121256
2026-08-24T01:20:19.115515,58.0,4.878830587125878,-1.5123141639693698,0.0,-2.5949964039931763,0.0,0.0,-0.962885942629424,0.26990861691810736,0.14285714284400744,-0.0004531081668718083,0.0,0.0,0.0,-0.6524152414067717
2026-08-24T01:20:19.145322,58.03,4.8751477956142555,-1.5145059308221094,0.0,-2.6145764441046424,0.0,0.0,-0.9654821679035875,0.2604691602861821,0.14285483505605479,-0.00045339076418693104,0.0,0.0,0.0,-0.6521296752139567
2026-08-24T01:20:19.170295,58.05,4.872669018965857,-1.5159267950184436,0.0,-2.6276243791405496,0.0,0.0,-0.967160901763891,0.2541648876207275,0.1428548640637341,-0.0004536714286737526,0.0,0.0,0.0,-0.65244390369547
2026-08-24T01:20:19.199362,58.07,4.87017190761273,-1.5173151837994219,0.0,-2.640680474105376,0.0,0.0,-0.96879948253102,0.24784584452362302,0.14285489270681648,-0.00045395452083372273,0.0,0.0,0.0,-0.6525176903055155
2026-08-24T01:20:19.233843,58.09,4.868076796760861,-1.5184463011534626,0.0,-2.651552481428483,0.0,0.0,-0.9701324527710313,0.24257581099619693,0.14285491353107052,-0.00045241093750120204,0.0,0.0,0.0,-0.6525471788346314
2026-08-24T01:20:19.267758,58.11,4.865124379795255,-1.5199935829686362,0.0,-2.666787643029622,0.0,0.0,-0.9719521286782554,0.23517878211651663,0.14285494901159965,-0.0004557571169608608,0.0,0.0,0.0,-0.6526473537939868
2026-08-24T01:20:19.296670,58.13,4.862574829003881,-1.5212831482462617,0.0,-2.679841757645403,0.0,0.0,-0.9734664394567892,0.22882983033538526,0.14285497658615567,-0.00045600533499748233,0.0,0.0,0.0,-0.6522421241990883
2026-08-24T01:20:19.326179,58.15,4.860008663475346,-1.5225393254712472,0.0,-2.692894369174722,0.0,0.0,-0.9749391111039152,0.22247186258020965,0.14285500381486246,-0.00045624515555310705,0.0,0.0,0.0,-0.6528113458266924
2026-08-24T01:20:19.354676,58.16,4.858719441358749,-1.523154739375334,0.0,-2.6994200556973653,0.0,0.0,-0.9756598109660526,0.21928961048277365,0.14285714284427195,-0.00045648189398510194,0.0,0.0,0.0,-0.6525252140118524
2026-08-24T01:20:19.383877,58.19,4.85482823934909,-1.5249506655324345,0.0,-2.7190009457249267,0.0,0.0,-0.9777599600458439,0.20972710967147234,0.14285505724987083,-0.00045672272870585044,0.0,0.0,0.0,-0.6524736571344707
2026-08-24T01:20:19.413780,58.21,4.85221486343336,-1.5261054176701834,0.0,-2.7320509495731833,0.0,0.0,-0.9791076058203044,0.20334280470385793,0.14285508346468725,-0.0004569524795517819,0.0,0.0,0.0,-0.6526408038520657
2026-08-24T01:20:19.444013,58.23,4.849586637720749,-1.5272259602172464,0.0,-2.7451026578696984,0.0,0.0,-0.9804137334448726,0.19694900678268568,0.14285510934999446,-0.0004571823245398239,0.0,0.0,0.0,-0.6526592063847619
2026-08-24T01:20:19.468279,58.25,4.846944010011704,-1.5283121022925246,0.0,-2.7581550645170263,0.0,0.0,-0.9816781750953313,0.19054647869089614,0.14285513490995227,-0.0004574095815409261,0.0,0.0,0.0,-0.6432777263140773
2026-08-24T01:20:19.500250,58.27,4.844287507175696,-1.5293638530037341,0.0,-2.77101383784928,0.0,0.0,-0.9828829738926113,0.18423099530756595,0.14285516014862157,-0.00045755470250084546,0.0,0.0,0.0,-0.6434094931657643
2026-08-24T01:20:19.528577,58.29,4.84161772562455,-1.5303814233293171,0.0,-2.783873858821672,0.0,0.0,-0.9840472543660007,0.1779072825230479,0.14285518507037334,-0.00045761710371006425,0.0,0.0,0.0,-0.6424464597798294
2026-08-24T01:20:19.555130,58.31,4.838935081449643,-1.531364583078937,0.0,-2.7967328250277075,0.0,0.0,-0.9851707590249938,0.17157673374358612,0.14285520967849885,-0.0004576693377929267,0.0,0.0,0.0,-0.6427034047010843
2026-08-24T01:20:19.584023,58.33,4.836240020199395,-1.5323131755183452,0.0,-2.8095911861059855,0.0,0.0,-0.9862534885907964,0.16523939071082253,0.14285523397738173,-0.0004577190586459496,0.0,0.0,0.0,-0.6427766013229441
2026-08-24T01:20:19.611416,58.35,4.833532986981932,-1.5332270430539598,0.0,-2.822440336223559,0.0,0.0,-0.9872947203386252,0.15889976460484756,0.14285525797082063,-0.00045776642683176044,0.0,0.0,0.0,-0.6424268028639799
2026-08-24T01:20:19.648050,58.38,4.82945096330632,-1.5345323947875242,0.0,-2.8417274565662884,0.0,0.0,-0.9887811480425903,0.14937148749201484,0.1428571428400389,-0.0004578556655900313,0.0,0.0,0.0,-0.6429481562353158
2026-08-24T01:20:19.679385,58.39,4.828084796295299,-1.5349500055318064,0.0,-2.84814956028159,0.0,0.0,-0.9892556892260693,0.14619569533284707,0.14285530505670935,-0.00045786448598944676,0.0,0.0,0.0,-0.6425190812596252
2026-08-24T01:20:19.729937,58.41,4.825801680708994,-1.5356255010008741,0.0,-2.858866247862066,0.0,0.0,-0.9900248506280719,0.14089284985003325,0.14285532069790502,-0.00045612058870685943,0.0,0.0,0.0,-0.6424415744146119
2026-08-24T01:20:19.773088,58.42,4.823970563464201,-1.536149982667766,0.0,-2.8674391805434825,0.0,0.0,-0.9906196859949299,0.1366478602807466,0.14285714284583023,-0.00045917394850159444,0.0,0.0,0.0,-0.6430424305545169
2026-08-24T01:20:19.821022,58.45,4.8198339630009706,-1.5372704139972908,0.0,-2.886721462634209,0.0,0.0,-0.9918910673937201,0.1270909533544643,0.1428553735815562,-0.0004592112741731149,0.0,0.0,0.0,-0.642706369097605
2026-08-24T01:20:19.865720,58.47,4.817064557727512,-1.5379729636400932,0.0,-2.8995792723604943,0.0,0.0,-0.9926876196496881,0.12071159759623859,0.14285539582021275,-0.00045923761098892025,0.0,0.0,0.0,-0.6425456241590137
2026-08-24T01:20:19.903141,58.49,4.814286349693639,-1.5386398531815122,0.0,-2.9124302327434797,0.0,0.0,-0.993442751916761,0.11433065496205612,0.14285541777935692,-0.0004592602860817452,0.0,0.0,0.0,-0.642848200156937
2026-08-24T01:20:19.937244,58.51,4.811499798012436,-1.5392709722225224,0.0,-2.925292524066197,0.0,0.0,-0.9941574798001673,0.10793935963021017,0.14285543946248358,-0.0004592890757821653,0.0,0.0,0.0,-0.6429190643918267
2026-08-24T01:20:19.979925,58.53,4.808705363256989,-1.5398662166133552,0.0,-2.938148803466603,0.0,0.0,-0.994830784594663,0.10154659040444038,0.1428554608730631,-0.00045931240813036736,0.0,0.0,0.0,-0.6430033662415358
2026-08-24T01:20:20.020872,58.55,4.805903507273758,-1.5404254880244392,0.0,-2.951006587865872,0.0,0.0,-0.9954630537475063,0.09514887610313241,0.14285548201453876,-0.0004593354912716523,0.0,0.0,0.0,-0.6427974500031154
2026-08-24T01:20:20.065533,58.57,4.8030946931424365,-1.5409486941145523,0.0,-2.9638541158783314,0.0,0.0,-0.9960537247760479,0.08875233720731456,0.14285550289027577,-0.00045935460677543673,0.0,0.0,0.0,-0.6424322041384652
2026-08-24T01:20:20.101927,58.6,4.7988694409023855,-1.5416656956936359,0.0,-2.9831418847676723,0.0,0.0,-0.9968633104090573,0.07914253193002858,0.1428571428409941,-0.00045938634853569157,0.0,0.0,0.0,-0.6428825672709795
2026-08-24T01:20:20.168145,58.63,4.7946311492182625,-1.5423010854192516,0.0,-3.0024235845973077,0.0,0.0,-0.9975799729983186,0.0695283932841393,0.1428555639561726,-0.00045942517042654745,0.0,0.0,0.0,-0.6426084809014749
2026-08-24T01:20:20.198095,58.65,4.791799154916594,-1.5426792250993309,0.0,-3.0152833164412596,0.0,0.0,-0.9980064066734047,0.06311269475183946,0.1428555838019205,-0.0004594457165420993,0.0,0.0,0.0,-0.643100989975222
2026-08-24T01:20:20.229748,58.67,4.788962533465898,-1.5430209268195434,0.0,-3.028136676757482,0.0,0.0,-0.9983913991163538,0.0566975675888264,0.14285560339819794,-0.00045946660938075415,0.0,0.0,0.0,-0.6428140882467411
2026-08-24T01:20:20.269872,58.68,4.788015933782432,-1.5431257093001238,0.0,-3.0324226386667417,0.0,0.0,-0.9985106083417081,0.054557905284861034,0.14285714284457748,-0.00045768730371907585,0.0,0.0,0.0,-0.6429206514042936
2026-08-24T01:20:20.313717,58.71,4.783277284043095,-1.5435947842092776,0.0,-3.053848494194087,0.0,0.0,-0.9990377746640334,0.04385800718610013,0.14285564194914874,-0.0004607329752201359,0.0,0.0,0.0,-0.6427565656611222
2026-08-24T01:20:20.345916,58.73,4.7804295966963215,-1.5438268575523286,0.0,-3.066701893191097,0.0,0.0,-0.9992990036654864,0.03743663009895824,0.14285566081379014,-0.00046073186746572835,0.0,0.0,0.0,-0.6427825626689103
2026-08-24T01:20:20.395266,58.75,4.777579161407294,-1.5440223032305433,0.0,-3.0795594696134625,0.0,0.0,-0.999519024071973,0.031011619083990496,0.14285567944207944,-0.00046073282098170964,0.0,0.0,0.0,-0.6428723646193722
2026-08-24T01:20:20.427067,58.77,4.774726449115954,-1.5441810890100152,0.0,-3.092419173372309,0.0,0.0,-0.9996977613313419,0.024584263037629395,0.1428556978362372,-0.0004607327430934332,0.0,0.0,0.0,-0.6429919436811097
2026-08-24T01:20:20.468578,58.78,4.773299387388499,-1.5442467417184693,0.0,-3.0988446264486367,0.0,0.0,-0.9997715844680812,0.02137238616023594,0.1428571428455232,-0.0004607126805184501,0.0,0.0,0.0,-0.6428863276662199
2026-08-24T01:20:20.505886,58.8,4.770920072953561,-1.5443347280787345,0.0,-3.109557882937404,0.0,0.0,-0.9998717244261871,0.016016700440572882,0.14285714284473164,-0.0004589223697830813,0.0,0.0,0.0,-0.6423804842564665
2026-08-24T01:20:20.549053,58.83,4.766635505070741,-1.5444306896711943,0.0,-3.1288413186596267,0.0,0.0,-0.9999796755010353,0.006375624270942493,0.14285574427851735,-0.000458959808635847,0.0,0.0,0.0,-0.6427461472509023
2026-08-24T01:20:20.583140,58.85,4.763302263386792,-1.5444491853385853,0.0,3.1393511118118465,0.0,0.0,0.999999371936373,0.0011207706543349073,0.14285576931617258,-0.0004619774297800505,0.0,0.0,0.0,-0.6426346833291712
2026-08-24T01:20:20.618563,58.87,4.7604452429205,-1.5444243990653936,0.0,3.126494143295762,0.0,0.0,0.9999715045086959,0.007549183440301251,0.14285578657984765,-0.0004619582560297519,0.0,0.0,0.0,-0.6432118171617585
2026-08-24T01:20:20.644452,58.89,4.757588777340638,-1.5443628865009413,0.0,3.113635173611753,0.0,0.0,0.9999022990051152,0.013978284740453513,0.14285580362731162,-0.0004619429332965379,0.0,0.0,0.0,-0.6430273705721311
2026-08-24T01:20:20.676125,58.91,4.754733338580898,-1.5442646576977148,0.0,3.1007800536072185,0.0,0.0,0.9997917986853652,0.02040488376546764,0.14285582046049666,-0.0004619233262213751,0.0,0.0,0.0,-0.6425514258915884
2026-08-24T01:20:20.702947,58.93,4.751879398575209,-1.5441297285873123,0.0,3.0879238967886335,0.0,0.0,0.9996399796724408,0.026831158016047605,0.14285583708209618,-0.0004619005226438382,0.0,0.0,0.0,-0.6424590435398485
2026-08-24T01:20:20.731768,58.95,4.749027428990867,-1.5439581217115181,0.0,3.0750660845571414,0.0,0.0,0.999446827959002,0.033257150850444256,0.14285585349476942,-0.00046187673391483706,0.0,0.0,0.0,-0.6289833341440568
2026-08-24T01:20:20.759505,58.97,4.746177878878411,-1.543750166308304,0.0,3.0624882635128188,0.0,0.0,0.9992179138981967,0.03954188342676545,0.14285586970113437,-0.0004617382223007092,0.0,0.0,0.0,-0.6280241010787135
2026-08-24T01:20:20.789486,58.99,4.74333116059754,-1.5435065044411052,0.0,3.049923717583386,0.0,0.0,0.9989497846483115,0.04581842152553957,0.1428558857042755,-0.00046147365206049366,0.0,0.0,0.0,-0.628238178115672
2026-08-24T01:20:20.823223,59.01,4.740487728788102,-1.5432270914043242,0.0,3.0373579606450853,0.0,0.0,0.9986421984804734,0.052093755999033396,0.14285590150576907,-0.00046121319747328054,0.0,0.0,0.0,-0.6283080232889717
2026-08-24T01:20:20.848988,59.03,4.7376480327094574,-1.5429119684710162,0.0,3.0247855613448777,0.0,0.0,0.9982949976260864,0.05837034961975203,0.14285591710867987,-0.00046095814216769046,0.0,0.0,0.0,-0.6283422027235491
2026-08-24T01:20:20.876346,59.04,4.73622971267271,-1.5427411506940756,0.0,3.0185066023505556,0.0,0.0,0.9981068256520645,0.06150418348989964,0.14285714284623818,-0.0004606866545199509,0.0,0.0,0.0,-0.6280044793127432
2026-08-24T01:20:20.909569,59.07,4.731981640778309,-1.5421747985295375,0.0,2.9996581510645353,0.0,0.0,0.9974828813145747,0.07090769693322392,0.14285594772863727,-0.0004604548525025768,0.0,0.0,0.0,-0.628419796869171
2026-08-24T01:20:20.937018,59.09,4.729155839757955,-1.5417528679679853,0.0,2.9870913326607145,0.0,0.0,0.997017651309589,0.07717384904947379,0.14285596275052914,-0.00046021228448890237,0.0,0.0,0.0,-0.6279633851067598
2026-08-24T01:20:20.968019,59.11,4.726335563960621,-1.5412954607092477,0.0,2.974523812876109,0.0,0.0,0.9965130286891128,0.08343730372472156,0.14285597758363813,-0.00045996940879135516,0.0,0.0,0.0,-0.6286485833264464
2026-08-24T01:20:20.992225,59.13,4.723521258809026,-1.5408026487197155,0.0,2.961958771897442,0.0,0.0,0.9959691694155519,0.08969622942853056,0.14285599223028334,-0.00045973533269829807,0.0,0.0,0.0,-0.6279023160202118
2026-08-24T01:20:21.020164,59.14,4.72211646616188,-1.5405430965841476,0.0,2.955673033671985,0.0,0.0,0.9956823474690802,0.09282598202260924,0.1428571428463193,-0.0004594893538735989,0.0,0.0,0.0,-0.628012751626734
2026-08-24T01:20:21.053270,59.17,4.717912337160981,-1.5397111275991662,0.0,2.9368224817483455,0.0,0.0,0.9947632241209751,0.10220630086468645,0.14285602097358246,-0.00045927040764228837,0.0,0.0,0.0,-0.628174666270709
2026-08-24T01:20:21.076432,59.19,4.71511860643492,-1.5391125908341305,0.0,2.924252248005816,0.0,0.0,0.9941012019553468,0.10845644411898671,0.14285603507481734,-0.0004590421039733364,0.0,0.0,0.0,-0.6282081257471758
2026-08-24T01:20:21.105053,59.21,4.7123326177447336,-1.5384789941118866,0.0,2.9116900791096647,0.0,0.0,0.9934003727634692,0.11469829725589015,0.14285604899884158,-0.0004588146889216199,0.0,0.0,0.0,-0.628358686123846
2026-08-24T01:20:21.136745,59.23,4.70955481104973,-1.537810437524464,0.0,2.8991176286749862,0.0,0.0,0.9926597303319723,0.1209407283641707,0.1428560627478288,-0.00045859584905861607,0.0,0.0,0.0,-0.6284928405452392
2026-08-24T01:20:21.168291,59.25,4.706785625012407,-1.5371070267000737,0.0,2.886554340673956,0.0,0.0,0.9918804440861964,0.12717383630043558,0.14285607632399747,-0.00045837670625510814,0.0,0.0,0.0,-0.6282557529198127
2026-08-24T01:20:21.197345,59.26,4.705404379296917,-1.536742377379536,0.0,2.8802726505599523,0.0,0.0,0.9914761190273212,0.13028854668972717,0.1428571428464123,-0.0004581566476751198,0.0,0.0,0.0,-0.6284734595608048
2026-08-24T01:20:21.225716,59.29,4.70127486264832,-1.5355960924372052,0.0,2.861429830434365,0.0,0.0,0.9902046325060283,0.13962372922824176,0.142856102966522,-0.0004579517443783344,0.0,0.0,0.0,-0.6286184620344225
2026-08-24T01:20:21.263413,59.31,4.698534156569587,-1.534788807646621,0.0,2.848858985031919,0.0,0.0,0.9893074844128076,0.14584478490780042,0.14285611603715798,-0.00045775391157365064,0.0,0.0,0.0,-0.6281175389513888
2026-08-24T01:20:21.286517,59.33,4.695803811515752,-1.533947145856961,0.0,2.8362876940639126,0.0,0.0,0.9883712184576141,0.15206029897580509,0.14285612894350236,-0.00045755151599864333,0.0,0.0,0.0,-0.627868900019624
2026-08-24T01:20:21.317056,59.35,4.693084258683402,-1.533071239917771,0.0,2.823719099541007,0.0,0.0,0.9873961161193365,0.15826847403210034,0.14285614168762006,-0.0004573464023789389,0.0,0.0,0.0,-0.6286042657339438
2026-08-24T01:20:21.342547,59.37,4.690375927671889,-1.5321612277755714,0.0,2.8111581714448786,0.0,0.0,0.9863826497177326,0.16446661769436624,0.1428561542715672,-0.0004571492510256855,0.0,0.0,0.0,-0.6281936372607894
2026-08-24T01:20:21.373460,59.39,4.687679246097741,-1.5312172534165682,0.0,2.7985918997025276,0.0,0.0,0.9853298203689982,0.17066090674667608,0.14285616669732182,-0.0004569566674389633,0.0,0.0,0.0,-0.6281979266739051
2026-08-24T01:20:21.402231,59.41,4.684994639754227,-1.5302394661107694,0.0,2.786025141358847,0.0,0.0,0.984238049470845,0.17684869797040176,0.14285617896690792,-0.00045676750871192714,0.0,0.0,0.0,-0.6283046568475005
2026-08-24T01:20:21.429931,59.43,4.682322532622336,-1.5292280201950457,0.0,2.7734569570300867,0.0,0.0,0.9831072896430637,0.18303020802771655,0.14285619108219927,-0.00045658217338898424,0.0,0.0,0.0,-0.628334484895884
2026-08-24T01:20:21.461701,59.45,4.6796633467745945,-1.5281830751617846,0.0,2.760892016466224,0.0,0.0,0.9819380140848564,0.1892028976921029,0.14285620304525973,-0.0004563989267579352,0.0,0.0,0.0,-0.6286059497649595
2026-08-24T01:20:21.499389,59.47,4.677017502156584,-1.527104796032724,0.0,2.7483218255898727,0.0,0.0,0.9807294692424019,0.1953706942187507,0.14285621485798508,-0.00045622246515128137,0.0,0.0,0.0,-0.6282990389472237
2026-08-24T01:20:21.527451,59.5,4.673074637489227,-1.5254253166234604,0.0,2.7294717894411598,0.0,0.0,0.9788445649294129,0.2046052729236184,0.14285714284604234,-0.000455874405911533,0.0,0.0,0.0,-0.6281793424617884
2026-08-24T01:20:21.556054,59.51,4.671767505699186,-1.5248489220833348,0.0,2.723190319399002,0.0,0.0,0.9781971272763471,0.20767855014011913,0.1428562380397901,-0.0004558709352469072,0.0,0.0,0.0,-0.6283703289277861
2026-08-24T01:20:21.591020,59.53,4.669164182902879,-1.523671683617241,0.0,2.710621587771106,0.0,0.0,0.9768726918560856,0.21382175732568773,0.14285624941259648,-0.0004556998423252171,0.0,0.0,0.0,-0.6279010821555441
2026-08-24T01:20:21.617187,59.55,4.666575859288081,-1.5224618237197953,0.0,2.6980555097585484,0.0,0.0,0.9755099685208972,0.21995522570822912,0.14285626064245188,-0.00045552591862537805,0.0,0.0,0.0,-0.628517994691837
2026-08-24T01:20:21.644655,59.57,4.664002943676574,-1.5212195333016774,0.0,2.6854911390694394,0.0,0.0,0.974108928511404,0.2260791794800319,0.14285627173122367,-0.00045536057500593233,0.0,0.0,0.0,-0.6281638771975563
2026-08-24T01:20:21.674914,59.59,4.661445842381039,-1.5199450085640884,0.0,2.672924545575307,0.0,0.0,0.9726691865270265,0.23219529190070265,0.14285628268054357,-0.00045519700963400953,0.0,0.0,0.0,-0.6285582022139835
2026-08-24T01:20:21.706559,59.6,4.660173322369369,-1.5192957785777048,0.0,2.666638059241322,0.0,0.0,0.9719345364932273,0.23525147559940102,0.14285714284670173,-0.00045504598904333237,0.0,0.0,0.0,-0.628263522991151
2026-08-24T01:20:21.738009,59.63,4.656380695421783,-1.5173000663761071,0.0,2.647789238680139,0.0,0.0,0.9696742998335581,0.24440080245837725,0.14285630416806358,-0.00045488066219501763,0.0,0.0,0.0,-0.6281385835532437
2026-08-24T01:20:21.767341,59.65,4.653873449725093,-1.5159300664887554,0.0,2.6352255831016187,0.0,0.0,0.9681198939077553,0.25048726718146086,0.14285631470970223,-0.00045472349115072114,0.0,0.0,0.0,-0.6453137315231116
2026-08-24T01:20:21.802239,59.67,4.651383803551904,-1.5145283388434054,0.0,2.622304375011012,0.0,0.0,0.9664814018101741,0.2567366353971338,0.14285632511878907,-0.000454715841272133,0.0,0.0,0.0,-0.6460179252815952
2026-08-24T01:20:21.825518,59.69,4.648912534230624,-1.513094458340553,0.0,2.6093841691256543,0.0,0.0,0.9648027012720958,0.26297480415063934,0.14285633539662654,-0.00045485870767862375,0.0,0.0,0.0,-0.6461688581495282
2026-08-24T01:20:21.860929,59.71,4.646459995863895,-1.5116287705252793,0.0,2.5964622137950144,0.0,0.0,0.963083501352969,0.26920284066425754,0.14285634554557464,-0.00045499853416490634,0.0,0.0,0.0,-0.6458416589006376
2026-08-24T01:20:21.887118,59.73,4.644026603726916,-1.5101315103881996,0.0,2.5835411151769314,0.0,0.0,0.9613242163698469,0.27541922776178834,0.14285635556709644,-0.00045513650697467874,0.0,0.0,0.0,-0.6461872320061463
2026-08-24T01:20:21.913287,59.75,4.641612763324971,-1.5086029294713508,0.0,2.5706189704170246,0.0,0.0,0.9595246597962241,0.2816246211589822,0.1428563654626162,-0.0004552768401932916,0.0,0.0,0.0,-0.6464819913095784
2026-08-24T01:20:21.944846,59.77,4.63921887781897,-1.5070432829782698,0.0,2.557695056418761,0.0,0.0,0.9576847929572679,0.2878191052352065,0.14285637523375302,-0.00045541822437464936,0.0,0.0,0.0,-0.6463276648966656
2026-08-24T01:20:21.972458,59.79,4.636845347001318,-1.5054528313602555,0.0,2.5447720573257717,0.0,0.0,0.9558050708122735,0.2940011336875163,0.14285638488214236,-0.0004555553800568054,0.0,0.0,0.0,-0.6462037143598447
2026-08-24T01:20:21.997352,59.81,4.634492567305453,-1.5038318401539978,0.0,2.531847157754642,0.0,0.0,0.9538851577766412,0.300171793767223,0.14285639440914913,-0.0004556894399142538,0.0,0.0,0.0,-0.6459003028629688
2026-08-24T01:20:22.024328,59.83,4.632160931608188,-1.5021805801318284,0.0,2.5189240079042072,0.0,0.0,0.9519256755239744,0.30632908493681255,0.14285640381645884,-0.00045581730594494474,0.0,0.0,0.0,-0.6459540985295732
2026-08-24T01:20:22.054023,59.85,4.629850829308132,-1.500499327042177,0.0,2.5060004845037076,0.0,0.0,0.9499263902936141,0.31247376373664437,0.14285641310557637,-0.00045594354400971563,0.0,0.0,0.0,-0.6461857936234819
2026-08-24T01:20:22.087843,59.87,4.627562646166014,-1.4987883617007982,0.0,2.493077285435671,0.0,0.0,0.9478874932957574,0.3186052417231794,0.14285642227788062,-0.0004560693159340886,0.0,0.0,0.0,-0.6458932040767825
2026-08-24T01:20:22.115384,59.89,4.625296764291358,-1.4970479698698123,0.0,2.4801560212158,0.0,0.0,0.9458093341272484,0.32472250226581295,0.1428564313348932,-0.0004561905012635704,0.0,0.0,0.0,-0.6463304020323917
2026-08-24T01:20:22.141580,59.91,4.623053562132615,-1.4952784421424847,0.0,2.4672363769169543,0.0,0.0,0.9436919651904334,0.3308254446608027,0.1428564402780447,-0.0004563149196651986,0.0,0.0,0.0,-0.64625773756758
2026-08-24T01:20:22.178191,59.92,4.621940618453657,-1.4943828066822613,0.0,2.4607711386822615,0.0,0.0,0.9426176036917895,0.33387430750261154,0.14285714284637632,-0.00045644017640535285,0.0,0.0,0.0,-0.6457834819935824
2026-08-24T01:20:22.204519,59.95,4.6186366915357135,-1.4916531659462446,0.0,2.4413860715720386,0.0,0.0,0.939337289575869,0.34299483438130673,0.14285645782856088,-0.0004565612669272514,0.0,0.0,0.0,-0.6462389461737991
2026-08-24T01:20:22.234062,59.97,4.616463760832918,-1.4897980227759302,0.0,2.428466451287343,0.0,0.0,0.9371020246718761,0.3490555763139596,0.14285646643873418,-0.00045667836030433885,0.0,0.0,0.0,-0.6464034309587167
2026-08-24T01:20:22.261423,59.98,4.61538636551524,-1.4888599261043616,0.0,2.422001997727792,0.0,0.0,0.9359689047709452,0.35208267395865606,0.1428571428464285,-0.00045679704362310334,0.0,0.0,0.0,-0.6463154767098206
2026-08-24T01:20:22.292335,60.01,4.612190722808213,-1.486004275510543,0.0,2.402615814459778,0.0,0.0,0.9325122189761405,0.36113842423673875,0.14285648333567338,-0.00045691268790705464,0.0,0.0,0.0,-0.6462702136089049
2026-08-24T01:20:22.325285,60.03,4.610091329053995,-1.4840663050214309,0.0,2.389695176352081,0.0,0.0,0.9301597062938401,0.36715517262781,0.14285649162525077,-0.0004570233865292267,0.0,0.0,0.0,-0.6459346727177038
2026-08-24T01:20:22.352596,60.05,4.608017154348205,-1.4821013666108502,0.0,2.376771653973533,0.0,0.0,0.9277678347160687,0.3731579355531077,0.14285649981059656,-0.00045713148976975166,0.0,0.0,0.0,-0.6461622286957116
2026-08-24T01:20:22.380905,60.07,4.605968545109404,-1.480109788399607,0.0,2.363850828144475,0.0,0.0,0.9253377361140313,0.3791438699535566,0.14285650789307386,-0.00045723933543074066,0.0,0.0,0.0,-0.645992038487782
2026-08-24T01:20:22.406199,60.09,4.603945843472276,-1.4780919029742203,0.0,2.350926747520017,0.0,0.0,0.9228683901505225,0.38511548198038337,0.14285651587392226,-0.00045734586901536374,0.0,0.0,0.0,-0.6463714093301202
2026-08-24T01:20:22.437147,60.11,4.601949387228408,-1.476048047331667,0.0,2.3380039083088446,0.0,0.0,0.9203607499553815,0.3910704411503991,0.1428565237544724,-0.00045745296805217093,0.0,0.0,0.0,-0.6460892828280638
2026-08-24T01:20:22.463221,60.13,4.599979509794726,-1.4739785627978974,0.0,2.3250788963077085,0.0,0.0,0.9178142535755764,0.39701007031750135,0.1428565315359855,-0.00045755610976613923,0.0,0.0,0.0,-0.6462032009380437
2026-08-24T01:20:22.493492,60.15,4.5980365402106065,-1.4718837949213501,0.0,2.3121594976356015,0.0,0.0,0.915230556644035,0.40293055007662293,0.14285653921965277,-0.00045765690700697124,0.0,0.0,0.0,-0.6461991969957336
2026-08-24T01:20:22.522394,60.17,4.596120802914925,-1.469764093574896,0.0,2.2992322874199758,0.0,0.0,0.9126070725448996,0.4088377809608946,0.14285654680677506,-0.0004577590740454057,0.0,0.0,0.0,-0.6465384644843025
2026-08-24T01:20:22.554809,60.19,4.594232617762392,-1.4676198128247915,0.0,2.2863104322484435,0.0,0.0,0.9099465719458466,0.41472549500121436,0.1428565542985129,-0.00045785886875715135,0.0,0.0,0.0,-0.6459156951975703
2026-08-24T01:20:22.584617,60.21,4.592372300127831,-1.4654513107317981,0.0,2.2733876696252455,0.0,0.0,0.9072478962112944,0.4205963086145436,0.14285656169604738,-0.00045795275781292295,0.0,0.0,0.0,-0.6460811407203916
2026-08-24T01:20:22.610872,60.23,4.590540160788013,-1.4632589493568193,0.0,2.2604648332193227,0.0,0.0,0.9045113277769373,0.42644959599371407,0.1428565690006333,-0.00045804678320306787,0.0,0.0,0.0,-0.6461573637426229
2026-08-24T01:20:22.638258,60.25,4.58873650556535,-1.4610430949566042,0.0,2.2475427404454056,0.0,0.0,0.901737156924141,0.43228474391582117,0.14285657621342152,-0.00045813998510778526,0.0,0.0,0.0,-0.6461658266969827
2026-08-24T01:20:22.670917,60.27,4.587256223630978,-1.459178241944092,0.0,2.236772852570015,0.0,0.0,0.8993962649786066,0.43713425688514973,0.14285657587672515,-0.000456430256221391,0.0,0.0,0.0,-0.6459735988792881
2026-08-24T01:20:22.699356,60.29,4.585215857575921,-1.4565423835839462,0.0,2.221696322543438,0.0,0.0,0.896075508139613,0.44390165995672326,0.14285659046229318,-0.0004595558709321305,0.0,0.0,0.0,-0.6462060507131545
2026-08-24T01:20:22.730130,60.31,4.583499442804265,-1.4542582857304793,0.0,2.2087739025572652,0.0,0.0,0.89318868198233,0.44968208589921405,0.14285659740454903,-0.000459625735500691,0.0,0.0,0.0,-0.6461627315813937
2026-08-24T01:20:22.761676,60.33,4.581812688135842,-1.4519521980475758,0.0,2.1958441141462623,0.0,0.0,0.8902628898398244,0.45544701884417316,0.14285660426025884,-0.00045969451754039646,0.0,0.0,0.0,-0.6465635782797683
2026-08-24T01:20:22.789885,60.35,4.580430738753711,-1.4500133513640607,0.0,2.185079496014284,0.0,0.0,0.8877986499634922,0.46023206876857314,0.1428566035710252,-0.00045795924481410266,0.0,0.0,0.0,-0.6595404817647302
2026-08-24T01:20:22.821148,60.37,4.578529529122513,-1.4472754254011884,0.0,2.169736574942024,0.0,0.0,0.8842419085137283,0.46702917170986147,0.1428566178085462,-0.0004611725671512586,0.0,0.0,0.0,-0.6594807557626884
2026-08-24T01:20:22.847612,60.39,4.576934383792736,-1.4449050464192386,0.0,2.156544150810147,0.0,0.0,0.8811420707767713,0.4728516163737027,0.14285662440665103,-0.00046144223785889524,0.0,0.0,0.0,-0.6599271019071294
2026-08-24T01:20:22.880389,60.41,4.575370651519005,-1.4425138280315528,0.0,2.1433419345136198,0.0,0.0,0.8780015511379209,0.4786577861054857,0.14285663092288767,-0.0004617111568938334,0.0,0.0,0.0,-0.6597686227787429
2026-08-24T01:20:22.910376,60.44,4.573084641408985,-1.438888784515819,0.0,2.1235487091685092,0.0,0.0,0.873221541076453,0.4873234451573867,0.14285714284624498,-0.00046220905270783304,0.0,0.0,0.0,-0.6597153979011976
2026-08-24T01:20:22.937515,60.45,4.572338531271907,-1.4376705274724513,0.0,2.1169532322090117,0.0,0.0,0.8716097305397451,0.4902004463772274,0.14285664371090157,-0.000462229067526942,0.0,0.0,0.0,-0.6597004502240935
2026-08-24T01:20:22.968520,60.47,4.57087067000118,-1.4352192896668996,0.0,2.10375400907677,0.0,0.0,0.8683556401317745,0.49594201500915025,0.14285664998454553,-0.00046248397838464226,0.0,0.0,0.0,-0.659426631984306
2026-08-24T01:20:22.995817,60.49,4.56943528395127,-1.4327488949245877,0.0,2.0905569839764406,0.0,0.0,0.865064280075608,0.5016610323089388,0.1428566561793861,-0.0004627301342156243,0.0,0.0,0.0,-0.6595852282690227
2026-08-24T01:20:23.026809,60.51,4.568032623208819,-1.4302597734029039,0.0,2.07735878367307,0.0,0.0,0.861734956814512,0.507358713538943,0.1428566622963424,-0.0004629731776388076,0.0,0.0,0.0,-0.6600974394114468
2026-08-24T01:20:23.053931,60.53,4.566662932077132,-1.4277523585734575,0.0,2.064161479076537,0.0,0.0,0.85836833651395,0.5130339159064189,0.14285666833639307,-0.0004632151294118064,0.0,0.0,0.0,-0.6598572362978735
2026-08-24T01:20:23.084717,60.55,4.565326449035223,-1.4252270871390282,0.0,2.0509663442819175,0.0,0.0,0.8549649038160706,0.5186858521714055,0.1428566743005408,-0.0004634504252087713,0.0,0.0,0.0,-0.6596588197629998
2026-08-24T01:20:23.110579,60.57,4.5640234068244965,-1.4226843988850917,0.0,2.03776694226349,0.0,0.0,0.8515231377430245,0.5243170280357812,0.14285668018973968,-0.0004636813300033883,0.0,0.0,0.0,-0.6599786172807748
2026-08-24T01:20:23.135605,60.59,4.562754032326442,-1.4201247366482037,0.0,2.024570767076943,0.0,0.0,0.848045137806261,0.529923998553717,0.1428566860048783,-0.0004639086423959832,0.0,0.0,0.0,-0.6601640153561866
2026-08-24T01:20:23.164831,60.6,4.562132107845134,-1.4188386524044938,0.0,2.0179745222630867,0.0,0.0,0.8462927744126724,0.5327180680030495,0.14285714284627352,-0.0004641081772522352,0.0,0.0,0.0,-0.6597484590637607
2026-08-24T01:20:23.196972,60.62,4.560913645971315,-1.4162543677620851,0.0,2.0047777611986017,0.0,0.0,0.8427593002451615,0.5382905923850849,0.14285714284629886,-0.0004643302944992583,0.0,0.0,0.0,-0.6599826369226349
2026-08-24T01:20:23.228221,60.65,4.559150096282232,-1.4123483780008153,0.0,1.9849819789620593,0.0,0.0,0.8373901640768815,0.5466056284994635,0.14285670301546477,-0.0004645721505333352,0.0,0.0,0.0,-0.6600102679661256
2026-08-24T01:20:23.258136,60.66,4.558579556246056,-1.4110386885803214,0.0,1.9783842500404856,0.0,0.0,0.8355824330175563,0.5493650859241611,0.14285714284631368,-0.0004647580045049221,0.0,0.0,0.0,-0.6599393444282925
2026-08-24T01:20:23.287470,60.69,4.556919705552338,-1.407087516659846,0.0,1.958590502431649,0.0,0.0,0.8301046033199658,0.557607700401458,0.14285671400248906,-0.0004649910154166963,0.0,0.0,0.0,-0.6598336221169884
2026-08-24T01:20:23.317367,60.71,4.555856771966072,-1.404435469605871,0.0,1.9453977595454885,0.0,0.0,0.8264083827443248,0.5630712076903858,0.14285671939258035,-0.0004651973012575502,0.0,0.0,0.0,-0.6596597896795413
2026-08-24T01:20:23.348658,60.73,4.554828928397439,-1.4017696266198276,0.0,1.9321968203327502,0.0,0.0,0.8226738736668799,0.5685135861049676,0.1428567247150091,-0.0004654017887587329,0.0,0.0,0.0,-0.6599361679228701
2026-08-24T01:20:23.377619,60.75,4.5538363538721205,-1.3990904519551923,0.0,1.9189942171071197,0.0,0.0,0.8189030464311042,0.5739318779662416,0.142856729970502,-0.00046560141117257033,0.0,0.0,0.0,-0.6598137679006967
2026-08-24T01:20:23.411383,60.77,4.552879221343389,-1.3963984121630875,0.0,1.9058037816135336,0.0,0.0,0.8151000583585872,0.5793202006350441,0.14285673515991823,-0.00046579152413754127,0.0,0.0,0.0,-0.6599731492820078
2026-08-24T01:20:23.436976,60.79,4.551957697688917,-1.3936939760053657,0.0,1.8926052937516697,0.0,0.0,0.8112592620418919,0.5846865910479262,0.1428567402841765,-0.0004659849457989382,0.0,0.0,0.0,-0.6598829777756282
2026-08-24T01:20:23.464122,60.81,4.551071943005005,-1.3909776146029535,0.0,1.8794073061124257,0.0,0.0,0.8073832830684863,0.5900273165045434,0.14285674534395434,-0.00046617262383876,0.0,0.0,0.0,-0.6597089987471942
2026-08-24T01:20:23.493264,60.83,4.5502221114660975,-1.388249801039359,0.0,1.8662103834725368,0.0,0.0,0.8034724623488615,0.5953419204516488,0.14285675034013304,-0.00046635424746804447,0.0,0.0,0.0,-0.6600192603415013
2026-08-24T01:20:23.524792,60.85,4.549408351362073,-1.3855110102770398,0.0,1.8530154702385193,0.0,0.0,0.7995272622677194,0.6006298002019925,0.14285675527352937,-0.0004665350758906172,0.0,0.0,0.0,-0.6598716680546038
2026-08-24T01:20:23.558182,60.87,4.548630804226361,-1.3827617193394932,0.0,1.839817235451126,0.0,0.0,0.7955462554907061,0.605892857999429,0.1428567601448971,-0.00046671283193576375,0.0,0.0,0.0,-0.6599767153914343
2026-08-24T01:20:23.592920,60.89,4.547889605481019,-1.3800024070172225,0.0,1.8266224837921197,0.0,0.0,0.791531668432452,0.6111281517558644,0.1428567649550694,-0.0004668869136683403,0.0,0.0,0.0,-0.6600996094330073
2026-08-24T01:20:23.620151,60.91,4.547184884273457,-1.3772335538325278,0.0,1.8134232543537694,0.0,0.0,0.7874812498799633,0.6163386091163613,0.1428567697047442,-0.0004670604463096761,0.0,0.0,0.0,-0.6596162890944158
2026-08-24T01:20:23.650930,60.93,4.546516763299905,-1.3744556419958955,0.0,1.8002279529234215,0.0,0.0,0.7833977534441211,0.6215206834037819,0.1428567743947358,-0.00046722463252191426,0.0,0.0,0.0,-0.6598157408198679
2026-08-24T01:20:23.678196,60.95,4.545885358972567,-1.3716691552730562,0.0,1.7870286316692623,0.0,0.0,0.7792788970505828,0.6266772699018428,0.14285677902579386,-0.00046738859339191043,0.0,0.0,0.0,-0.6601017398449525
2026-08-24T01:20:23.711074,60.97,4.545290781276073,-1.3688745789330556,0.0,1.7738346407655465,0.0,0.0,0.7751277827547878,0.63180449539525,0.14285678359862386,-0.0004675497467085614,0.0,0.0,0.0,-0.6597692848756741
2026-08-24T01:20:23.737186,60.99,4.544733133657328,-1.366072399680004,0.0,1.7606391974451343,0.0,0.0,0.7709424722243481,0.6369047845012709,0.1428567881139575,-0.00046770732925381094,0.0,0.0,0.0,-0.6598016209218864
2026-08-24T01:20:23.769024,61.01,4.544212513280383,-1.3632631055094344,0.0,1.7474408462694775,0.0,0.0,0.7667226693535298,0.6419784640464179,0.1428567925725708,-0.00046786330227661574,0.0,0.0,0.0,-0.65954291678294
2026-08-24T01:20:23.797271,61.03,4.543729010698883,-1.3604471856869462,0.0,1.7342444187023354,0.0,0.0,0.7624700988178136,0.6470234527501716,0.14285679697514175,-0.0004680127130660446,0.0,0.0,0.0,-0.6599074570120713
2026-08-24T01:20:23.826137,61.04,4.5435012382424045,-1.3590368950423848,0.0,1.727645134119821,0.0,0.0,0.7603310059978471,0.6495358044929485,0.14285714284645515,-0.000468126829106434,0.0,0.0,0.0,-0.6602133030225661
2026-08-24T01:20:23.856818,61.07,4.542873316288572,-1.354797485298411,0.0,1.7081980304206201,0.0,0.0,0.7539793670482406,0.6568981002145876,0.1428568056148882,-0.0004681554063484824,0.0,0.0,0.0,-0.6426348726786948
2026-08-24T01:20:23.884754,61.09,4.542500147411766,-1.35196483293827,0.0,1.6953599026430162,0.0,0.0,0.7497471915587294,0.6617243752120652,0.14285680985410698,-0.00046800640203067164,0.0,0.0,0.0,-0.6417795546914697
2026-08-24T01:20:23.913070,61.11,4.542163376536335,-1.3491276230754243,0.0,1.6825234800442388,0.0,0.0,0.745484691576714,0.6665227487676408,0.14285681403944064,-0.00046785195939331986,0.0,0.0,0.0,-0.6415835703659811
2026-08-24T01:20:23.942556,61.13,4.54186305224591,-1.3462863241069547,0.0,1.6696839506164025,0.0,0.0,0.7411904398257446,0.6712948174318935,0.14285681817220203,-0.000467697957006765,0.0,0.0,0.0,-0.6418184367422165
2026-08-24T01:20:23.968335,61.15,4.54159921868329,-1.3434414047032177,0.0,1.656854756775051,0.0,0.0,0.7368691348382652,0.6760354118851368,0.14285682225298105,-0.0004675428567292685,0.0,0.0,0.0,-0.6418138108708632
2026-08-24T01:20:24.000564,61.17,4.541371920299022,-1.3405933334052598,0.0,1.644016983816817,0.0,0.0,0.7325145898450408,0.6807513317388014,0.14285682628248364,-0.0004673945258788683,0.0,0.0,0.0,-0.6416584008391165
2026-08-24T01:20:24.026407,61.19,4.54118119434253,-1.3377425794014266,0.0,1.6311837337534687,0.0,0.0,0.7281314138962723,0.6854375566726815,0.14285683026135537,-0.0004672443877982168,0.0,0.0,0.0,-0.6417630855781947
2026-08-24T01:20:24.056612,61.21,4.541027072242696,-1.3348896123028515,0.0,1.618345686344945,0.0,0.0,0.723716603324358,0.6900972960913945,0.1428568341901965,-0.00046709838465229617,0.0,0.0,0.0,-0.6416083673496733
2026-08-24T01:20:24.082897,61.23,4.54090957953155,-1.332034902079845,0.0,1.6055130007201504,0.0,0.0,0.7192738354230543,0.694726672638822,0.1428568380696542,-0.00046695040045244317,0.0,0.0,0.0,-0.6418609407986009
2026-08-24T01:20:24.112104,61.25,4.54082873557195,-1.3291789189995002,0.0,1.592677158957212,0.0,0.0,0.7148003519235747,0.6993285757710275,0.14285684190036632,-0.00046680834113800183,0.0,0.0,0.0,-0.6418283870817161
2026-08-24T01:20:24.146907,61.27,4.540784553581774,-1.3263221335410418,0.0,1.5798433209421978,0.0,0.0,0.7102981313274687,0.7039009622331157,0.14285684568289259,-0.0004666670858350676,0.0,0.0,0.0,-0.6417144812323997
2026-08-24T01:20:24.171536,61.29,4.540777040778207,-1.323465016311664,0.0,1.567012106965428,0.0,0.0,0.7057675924843807,0.7084434383906744,0.1428568494178918,-0.0004665275668334111,0.0,0.0,0.0,-0.6417286020513459
2026-08-24T01:20:24.200828,61.31,4.540806198515679,-1.3206080379721357,0.0,1.5541708139157997,0.0,0.0,0.7012044113571857,0.7129602888613241,0.14285685310594343,-0.00046639311773330103,0.0,0.0,0.0,-0.6416505210509172
2026-08-24T01:20:24.227892,61.33,4.54087202187175,-1.317751669160413,0.0,1.5413389244894358,0.0,0.0,0.6966156966830068,0.7174444725097888,0.14285685674763837,-0.0004662543918688272,0.0,0.0,0.0,-0.6415547801596712
2026-08-24T01:20:24.256970,61.35,4.540974500199219,-1.3148963804192715,0.0,1.5285047456620777,0.0,0.0,0.6919974800184983,0.7218999152569892,0.14285686034355863,-0.00046611924888003233,0.0,0.0,0.0,-0.642225458487374
2026-08-24T01:20:24.284542,61.37,4.541113616675763,-1.3120426421151397,0.0,1.5156662360168838,0.0,0.0,0.6873491948686478,0.7263271193569889,0.14285686389429705,-0.00046599223119558967,0.0,0.0,0.0,-0.6417489766681989
2026-08-24T01:20:24.312242,61.39,4.541289348042576,-1.3091909243383764,0.0,1.5028315720020802,0.0,0.0,0.6826739913796369,0.7307230812652598,0.1428568674003872,-0.0004658597780377034,0.0,0.0,0.0,-0.641489479104261
2026-08-24T01:20:24.343338,61.41,4.54150166557709,-1.3063416968724237,0.0,1.4899976010272464,0.0,0.0,0.6779709287273025,0.735088715598763,0.14285687086237173,-0.0004657271549580751,0.0,0.0,0.0,-0.6417044399128415
2026-08-24T01:20:24.372180,61.43,4.541750534289358,-1.3034954290795464,0.0,1.4771623071780988,0.0,0.0,0.6732394598026828,0.7394245260772676,0.1428568742809114,-0.00046559893615544614,0.0,0.0,0.0,-0.6416627626317418
2026-08-24T01:20:24.400416,61.45,4.542035913007151,-1.3006525898186327,0.0,1.4643290668155642,0.0,0.0,0.6684810264228717,0.7437291962217323,0.14285687765641056,-0.00046547170519546226,0.0,0.0,0.0,-0.6417385596364558
2026-08-24T01:20:24.429792,61.47,4.542357754800073,-1.2978136474049622,0.0,1.451493205233219,0.0,0.0,0.6636940894174357,0.7480041147429343,0.1428568809895341,-0.0004653482014981235,0.0,0.0,0.0,-0.6416643504049194
2026-08-24T01:20:24.457346,61.49,4.542716006645543,-1.2949790695047128,0.0,1.438657273270314,0.0,0.0,0.6588797885835506,0.7522482463895118,0.14285688428076215,-0.0004652249348970301,0.0,0.0,0.0,-0.6413902941640084
2026-08-24T01:20:24.484670,61.51,4.5431106095247875,-1.292149323064888,0.0,1.4258242401485666,0.0,0.0,0.6540394448250312,0.756460444843592,0.1428568875306035,-0.0004651001566484882,0.0,0.0,0.0,-0.6415844458729228
2026-08-24T01:20:24.512593,61.53,4.543541498551673,-1.2893248742543384,0.0,1.4129877248828588,0.0,0.0,0.6491708489204632,0.7606426289078763,0.14285689073957755,-0.000464980312146019,0.0,0.0,0.0,-0.641903368508279
2026-08-24T01:20:24.549406,61.56,4.54425564745685,-1.2850991467761594,0.0,1.3937364879342853,0.0,0.0,0.641819232811543,0.7668559658718203,0.14285714284693404,-0.000464730733089415,0.0,0.0,0.0,-0.641774908454035
2026-08-24T01:20:24.574596,61.57,4.544511845042049,-1.2836937296813815,0.0,1.3873226054911463,0.0,0.0,0.639356674635813,0.7689102955472993,0.14285689703704346,-0.0004647484645150966,0.0,0.0,0.0,-0.6417385573121217
2026-08-24T01:20:24.609870,61.6,4.545334222820638,-1.2794877249004708,0.0,1.3680666208945509,0.0,0.0,0.6319240932178639,0.7750302835443145,0.1428571428471061,-0.00046450591630898386,0.0,0.0,0.0,-0.6415226790659938
2026-08-24T01:20:24.640243,61.61,4.545626406707426,-1.2780893461763627,0.0,1.3616479489758815,0.0,0.0,0.6294335105742833,0.7770543454393223,0.1428569031772089,-0.00046452253734247616,0.0,0.0,0.0,-0.6417074377704829
2026-08-24T01:20:24.664848,61.63,4.546237542671622,-1.275298344619944,0.0,1.3488143061494833,0.0,0.0,0.624434367223767,0.7810772823670227,0.14285690618954724,-0.0004644102670586717,0.0,0.0,0.0,-0.6417103072128235
2026-08-24T01:20:24.692235,61.64,4.546556471907433,-1.2739058356653072,0.0,1.3423966540407353,0.0,0.0,0.6219248156290864,0.783076958992363,0.1428571428471141,-0.0004642851678079941,0.0,0.0,0.0,-0.6416852115715087
2026-08-24T01:20:24.720828,61.67,4.547567021230414,-1.2697410206306319,0.0,1.3231456252833773,0.0,0.0,0.6143586028841309,0.7890269368419932,0.1428569121010914,-0.00046418956473935977,0.0,0.0,0.0,-0.6418237706153892
2026-08-24T01:20:24.752007,61.69,4.54828514466247,-1.2669756136389028,0.0,1.3103095159655789,0.0,0.0,0.6092819665318412,0.7929536463495784,0.142856915001207,-0.00046408493375070075,0.0,0.0,0.0,-0.6415791982094502
2026-08-24T01:20:24.775972,61.71,4.54903870176591,-1.2642196512187085,0.0,1.297474658147114,0.0,0.0,0.6041807316999639,0.7968473150124158,0.14285691786492283,-0.0004639787170047986,0.0,0.0,0.0,-0.6416160500775205
2026-08-24T01:20:24.804348,61.73,4.549827568456263,-1.2614735873827803,0.0,1.2846412654557673,0.0,0.0,0.5990552013099418,0.8007077280653067,0.1428569206926253,-0.0004638743480151359,0.0,0.0,0.0,-0.6418644697958394
2026-08-24T01:20:24.839837,61.75,4.550651614842714,-1.2587378745186044,0.0,1.2718084501984954,0.0,0.0,0.593905237793476,0.8045350014272062,0.14285692348476664,-0.00046377484920007606,0.0,0.0,0.0,-0.6279908746171173
2026-08-24T01:20:24.869342,61.78,4.551952458437085,-1.254654418997882,0.0,1.252964129917876,0.0,0.0,0.5862985299350711,0.8100950770100843,0.14285714284697862,-0.00046322227472280235,0.0,0.0,0.0,-0.6278532244248098
2026-08-24T01:20:24.897779,61.79,4.552403298468847,-1.2532988460583074,0.0,1.2466871150441803,0.0,0.0,0.5837531571003356,0.811931186477888,0.14285692896466826,-0.00046323306798536394,0.0,0.0,0.0,-0.6276743696333931
2026-08-24T01:20:24.927571,61.81,4.55333017636208,-1.2505962414350935,0.0,1.234130913381442,0.0,0.0,0.5786443005823959,0.8155800226853953,0.14285693165290217,-0.0004629074896351687,0.0,0.0,0.0,-0.627462244131369
2026-08-24T01:20:24.956210,61.83,4.554290904850326,-1.2479054840505064,0.0,1.2215807965689827,0.0,0.0,0.5735151294766413,0.8191949684058072,0.14285693430731122,-0.0004625807990582452,0.0,0.0,0.0,-0.6274978287485992
2026-08-24T01:20:24.985383,61.85,4.5552853336129875,-1.245226998247773,0.0,1.209029748588159,0.0,0.0,0.5683629924356074,0.8227779219386248,0.14285693692837312,-0.0004622617464562145,0.0,0.0,0.0,-0.6278141730855953
2026-08-24T01:20:25.011584,61.87,4.5563133059720915,-1.2425612060923354,0.0,1.1964761746748493,0.0,0.0,0.5631874284568062,0.8263291840593613,0.14285693951645356,-0.00046195188926178107,0.0,0.0,0.0,-0.627554589896817
2026-08-24T01:20:25.040407,61.89,4.557374659822778,-1.2399085275949895,0.0,1.1839219548560935,0.0,0.0,0.5579894080601887,0.829848070728998,0.14285694207202085,-0.0004616440788353491,0.0,0.0,0.0,-0.6276408952325192
2026-08-24T01:20:25.066163,61.91,4.558469228086858,-1.2372693808120294,0.0,1.171368259524936,0.0,0.0,0.5527696203131118,0.8333341147816392,0.14285694459546575,-0.00046134074253068345,0.0,0.0,0.0,-0.6275414316784851
2026-08-24T01:20:25.098267,61.93,4.559596838292808,-1.234644181606779,0.0,1.158815987241696,0.0,0.0,0.5475286495627292,0.8367869369845672,0.14285694708715643,-0.0004610407272779581,0.0,0.0,0.0,-0.6274602617075135
2026-08-24T01:20:25.125734,61.94,4.560172861119476,-1.2333368968933671,0.0,1.1525383909200446,0.0,0.0,0.5448994514379945,0.8385013940492722,0.14285714284762976,-0.0004607442332982434,0.0,0.0,0.0,-0.6275397457524998
2026-08-24T01:20:25.156133,61.97,4.561950468378179,-1.2294372782109917,0.0,1.1337080087225884,0.0,0.0,0.5369807658620568,0.8435944861686798,0.14285695197706125,-0.0004604530102371572,0.0,0.0,0.0,-0.6278459135701379
2026-08-24T01:20:25.184898,61.99,4.563176117437586,-1.2268563945136433,0.0,1.1211577928357759,0.0,0.0,0.5316765818364526,0.8469474672768706,0.1428569543760218,-0.0004601683192719611,0.0,0.0,0.0,-0.6276135166206501
2026-08-24T01:20:25.212899,62.01,4.564434066686009,-1.2242910991763498,0.0,1.1086060991171562,0.0,0.0,0.5263508337855519,0.8502674871905043,0.142856956744775,-0.0004598884825273206,0.0,0.0,0.0,-0.627563559384468
2026-08-24T01:20:25.240114,62.03,4.565724117852483,-1.2217417963959114,0.0,1.0960485781442468,0.0,0.0,0.521001867874797,0.8535555363718125,0.14285695908382504,-0.00045961370832986047,0.0,0.0,0.0,-0.6278010830819767
2026-08-24T01:20:25.269302,62.05,4.567046067648201,-1.2192088878679108,0.0,1.0834946247122783,0.0,0.0,0.5156338910132029,0.8568090163149454,0.14285696139342116,-0.0004593414303838353,0.0,0.0,0.0,-0.6277003759001065
2026-08-24T01:20:25.300245,62.07,4.568399707811414,-1.2166927727319072,0.0,1.070942953541798,0.0,0.0,0.5102465794227359,0.860028155462016,0.1428569636740224,-0.00045907185054882573,0.0,0.0,0.0,-0.6272363285815841
2026-08-24T01:20:25.329440,62.09,4.569784824879834,-1.2141938473694764,0.0,1.0583950469381431,0.0,0.0,0.504840796080566,0.8632124713028307,0.14285696592595787,-0.0004588037048928482,0.0,0.0,0.0,-0.6276275335600701
2026-08-24T01:20:25.359685,62.11,4.571201200670075,-1.2117125055808802,0.0,1.0458373066639686,0.0,0.0,0.4994108812435311,0.8663652645943047,0.14285696814956925,-0.0004585473311281775,0.0,0.0,0.0,-0.6273161761490675
2026-08-24T01:20:25.389577,62.13,4.572648611905041,-1.2092491383020276,0.0,1.0332855118592734,0.0,0.0,0.4939638623344427,0.8694824338120004,0.1428569703452135,-0.0004582884044730043,0.0,0.0,0.0,-0.6274443352575649
2026-08-24T01:20:25.413408,62.16,4.574877335356311,-1.2055885932551607,0.0,1.014456832466088,0.0,0.0,0.4857564904610023,0.8740941779779855,0.14285714284723244,-0.0004577991218170333,0.0,0.0,0.0,-0.6275833397039501
2026-08-24T01:20:25.440942,62.17,4.575635624278389,-1.2043778774372746,0.0,1.0081786147828504,0.0,0.0,0.4830102248835517,0.8756147113073997,0.14285697465412425,-0.00045778940699433743,0.0,0.0,0.0,-0.6281513489172735
2026-08-24T01:20:25.472590,62.19,4.577174754648745,-1.2019707513754818,0.0,0.9956265124026542,0.0,0.0,0.47750534563892294,0.8786288436457415,0.14285697676799086,-0.0004575499369312821,0.0,0.0,0.0,-0.6274505877433578
2026-08-24T01:20:25.497567,62.21,4.578743979324848,-1.1995831349361785,0.0,0.9830779742576753,0.0,0.0,0.471983229213666,0.8816075268173702,0.14285697885530488,-0.00045730921066528994,0.0,0.0,0.0,-0.6275439990733447
2026-08-24T01:20:25.529808,62.23,4.5803430511095655,-1.1972154043888248,0.0,0.9705225845925585,0.0,0.0,0.4664395022800792,0.8845531022571296,0.14285698091641746,-0.00045707693712386966,0.0,0.0,0.0,-0.6278148331635938
2026-08-24T01:20:25.560686,62.25,4.58197171793309,-1.1948679327574265,0.0,0.9579689762028565,0.0,0.0,0.46087818369005157,0.8874634075828474,0.14285698295162294,-0.0004568486700297848,0.0,0.0,0.0,-0.6273733570429684
2026-08-24T01:20:25.596888,62.27,4.583629723248119,-1.1925410899995208,0.0,0.9454203618621698,0.0,0.0,0.4553009305523618,0.8903376116048077,0.14285698496119373,-0.00045661990854390625,0.0,0.0,0.0,-0.6278815027770253
2026-08-24T01:20:25.621939,62.29,4.585316806008035,-1.1902352429163219,0.0,0.9328637655292793,0.0,0.0,0.44970218900482495,0.8931785606496994,0.14285698694555762,-0.00045640295245040117,0.0,0.0,0.0,-0.627795365418623
2026-08-24T01:20:25.653348,62.31,4.587032700143595,-1.1879507546849648,0.0,0.9203086894257773,0.0,0.0,0.44408640264250404,0.8959839658096789,0.1428569889049616,-0.000456185824050214,0.0,0.0,0.0,-0.6274413868122477
2026-08-24T01:20:25.680833,62.33,4.588777135339853,-1.1856879853278348,0.0,0.9077552694267226,0.0,0.0,0.43845386022500027,0.898753699549435,0.1428569908397192,-0.0004559675672427857,0.0,0.0,0.0,-0.6278378568677297
2026-08-24T01:20:25.707365,62.35,4.5905498368368685,-1.1834472914892427,0.0,0.8952057324778401,0.0,0.0,0.4328057943195092,0.9014871848248641,0.14285699275021094,-0.00045575602995318385,0.0,0.0,0.0,-0.62738657739928
2026-08-24T01:20:25.738791,62.37,4.592350525011948,-1.1812290260136196,0.0,0.8826515528679924,0.0,0.0,0.42713858881506966,0.9041861677470359,0.14285699463667123,-0.00045554705207457083,0.0,0.0,0.0,-0.6276327450935342
2026-08-24T01:20:25.772035,62.39,4.594178916158917,-1.179033538462611,0.0,0.8700966398156816,0.0,0.0,0.4214542207515411,0.9068496787289012,0.14285699649934822,-0.00045534259992275694,0.0,0.0,0.0,-0.6271168201954723
2026-08-24T01:20:25.802266,62.42,4.596972759639432,-1.1757837323609266,0.0,0.8512693532351694,0.0,0.0,0.4128989136417526,0.9107768591227274,0.1428571428476021,-0.00045495459608808415,0.0,0.0,0.0,-0.627162039268697
2026-08-24T01:20:25.857858,62.45,4.599827405341431,-1.1725871850021428,0.0,0.8324424537354899,0.0,0.0,0.4043071940878399,0.9146232518413349,0.14285700194823195,-0.0004547419647655876,0.0,0.0,0.0,-0.643080346617408
2026-08-24T01:20:25.887734,62.47,4.601763924382915,-1.1704864536203536,0.0,0.8195843376691752,0.0,0.0,0.39841871308764065,0.9172036464502245,0.14285700371904764,-0.0004546832192170683,0.0,0.0,0.0,-0.6426445895226897
2026-08-24T01:20:25.911832,62.49,4.603727370471581,-1.1684108660500878,0.0,0.8067265016403227,0.0,0.0,0.3925138931699631,0.9197460756472727,0.14285700546722999,-0.0004547478834253664,0.0,0.0,0.0,-0.6433546712428733
2026-08-24T01:20:25.939097,62.51,4.605717343209882,-1.1663606971027283,0.0,0.7938682371141677,0.0,0.0,0.3865926527306773,0.922250573789281,0.14285700719373728,-0.0004548164275973453,0.0,0.0,0.0,-0.6431274252348947
2026-08-24T01:20:25.975976,62.53,4.60773352428069,-1.1643362964039954,0.0,0.7810015366751465,0.0,0.0,0.380651532606395,0.9247185575754401,0.1428570088985956,-0.00045488937789727157,0.0,0.0,0.0,-0.6431139217017714
2026-08-24T01:20:26.003174,62.55,4.609775578399833,-1.1623379973220795,0.0,0.7681395001769107,0.0,0.0,0.37469682021399825,0.9271473954671494,0.1428570105820604,-0.00045495852733468887,0.0,0.0,0.0,-0.6431259567014488
2026-08-24T01:20:26.030787,62.57,4.611843167880262,-1.160366130709801,0.0,0.7552727039458249,0.0,0.0,0.3687243989884681,0.9295387660504499,0.14285701224434702,-0.00045502813784923025,0.0,0.0,0.0,-0.6431665531554711
2026-08-24T01:20:26.059774,62.59,4.613935950642118,-1.1584210228829115,0.0,0.7424094972718547,0.0,0.0,0.36273838936333563,0.9318910134141724,0.14285701388572175,-0.0004550945049294224,0.0,0.0,0.0,-0.6430518337144486
2026-08-24T01:20:26.087565,62.62,4.617121626358451,-1.1555542723196053,0.0,0.7231155967744334,0.0,0.0,0.3537317438097819,0.935346916080494,0.1428571428468871,-0.0004552399902484672,0.0,0.0,0.0,-0.6430044316838608
2026-08-24T01:20:26.119370,62.63,4.618195706416165,-1.15461236612303,0.0,0.7166831469292185,0.0,0.0,0.35072163341615836,0.9364797573113376,0.14285701710687163,-0.00045522341770149214,0.0,0.0,0.0,-0.6431287506864504
2026-08-24T01:20:26.145913,62.65,4.62036197457663,-1.1527494473762303,0.0,0.7038220744846049,0.0,0.0,0.344692356459357,0.9387157074420858,0.14285701868714415,-0.00045528767176423947,0.0,0.0,0.0,-0.6432153778753463
2026-08-24T01:20:26.174157,62.67,4.622552026356892,-1.1509145476099345,0.0,0.6909584856486122,0.0,0.0,0.3386476420508818,0.9409132662118107,0.14285702024758884,-0.00045535383961488123,0.0,0.0,0.0,-0.6432417146192827
2026-08-24T01:20:26.205267,62.69,4.624765499373764,-1.1491079704299365,0.0,0.678093542577499,0.0,0.0,0.3325882799513874,0.9430721266366521,0.14285702178834836,-0.0004554192754343635,0.0,0.0,0.0,-0.6434811390708115
2026-08-24T01:20:26.232538,62.71,4.627002027403918,-1.147330014799092,0.0,0.6652315360956855,0.0,0.0,0.32651654431712207,0.9451914865714803,0.14285702330977648,-0.0004554846330028538,0.0,0.0,0.0,-0.6429431557703633
2026-08-24T01:20:26.258525,62.73,4.629261240407288,-1.145580974944567,0.0,0.6523645315631366,0.0,0.0,0.32042893746543694,0.9472725563610355,0.14285702481206328,-0.00045554589941935455,0.0,0.0,0.0,-0.6430734972187067
2026-08-24T01:20:26.291608,62.75,4.631542764541261,-1.1438611402466676,0.0,0.6395062701374865,0.0,0.0,0.3143322180970626,0.9493130446097223,0.1428570262955563,-0.00045560452767168496,0.0,0.0,0.0,-0.6431523281443926
2026-08-24T01:20:26.316857,62.77,4.633846222316287,-1.1421707953124978,0.0,0.6266390711395308,0.0,0.0,0.3082182550297861,0.9513156717233211,0.14285702776029569,-0.00045566743463858206,0.0,0.0,0.0,-0.6434039144464919
2026-08-24T01:20:26.343043,62.79,4.636171232550195,-1.140510219784453,0.0,0.6137770268310915,0.0,0.0,0.30209399140973314,0.9532781442759171,0.1428570292066593,-0.00045572853441551035,0.0,0.0,0.0,-0.643031301492509
2026-08-24T01:20:26.367830,62.81,4.638517410501994,-1.1388796883853722,0.0,0.6009170129953754,0.0,0.0,0.29595820357039293,0.9552008907760638,0.14285703063484295,-0.00045578684522234574,0.0,0.0,0.0,-0.643030869649066
2026-08-24T01:20:26.403848,62.84,4.642075530779096,-1.1364908462000745,0.0,0.5816178041373644,0.0,0.0,0.286727256921019,0.9580122546912163,0.14285714284695245,-0.00045591512254346473,0.0,0.0,0.0,-0.6429976023209328
2026-08-24T01:20:26.431306,62.85,4.643271713491783,-1.1357098324573185,0.0,0.5751875787349361,0.0,0.0,0.2836456629182058,0.9589291620905538,0.14285703343756292,-0.0004559023250435205,0.0,0.0,0.0,-0.6432289709562479
2026-08-24T01:20:26.455909,62.87,4.6456790518592195,-1.13417103244381,0.0,0.562325375978804,0.0,0.0,0.2774728691328739,0.9607334733916432,0.14285703481258338,-0.0004559609078732469,0.0,0.0,0.0,-0.6431534399992279
2026-08-24T01:20:26.482111,62.89,4.648105984848669,-1.1326633256685916,0.0,0.5494609366580505,0.0,0.0,0.27128752302396997,0.9624983531682114,0.1428570361702849,-0.00045601924174008975,0.0,0.0,0.0,-0.6432543568919055
2026-08-24T01:20:26.513611,62.91,4.650552110795616,-1.131186961464899,0.0,0.5365942845833619,0.0,0.0,0.2650898860583242,0.964223704494753,0.14285703751093828,-0.00045607680009214827,0.0,0.0,0.0,-0.6428594722689155
2026-08-24T01:20:26.542764,62.93,4.65301702498397,-1.1297421841768296,0.0,0.5237329606653472,0.0,0.0,0.2588838509308292,0.9659084592896079,0.14285703883474077,-0.00045612764212051314,0.0,0.0,0.0,-0.6431048398931455
2026-08-24T01:20:26.576094,62.95,4.6555003196151015,-1.1283292329724484,0.0,0.5108710811933168,0.0,0.0,0.2526668413452988,0.9675533407955292,0.14285704014190329,-0.00045618174130816877,0.0,0.0,0.0,-0.6432168916837441
2026-08-24T01:20:26.604137,62.97,4.658001583717362,-1.1269483415278996,0.0,0.4980053986088273,0.0,0.0,0.24643753934751772,0.969158675966088,0.14285704143267094,-0.00045623742056237867,0.0,0.0,0.0,-0.6430833080661488
2026-08-24T01:20:26.636934,62.99,4.660520403349539,-1.125599738210179,0.0,0.48514545575716017,0.0,0.0,0.24020082528985137,0.9707232167461919,0.14285704270717917,-0.0004562893171890175,0.0,0.0,0.0,-0.6434329909266593
2026-08-24T01:20:26.662512,63.0,4.6617862746969765,-1.1249376451328317,0.0,0.4787100982906454,0.0,0.0,0.23707611177592286,0.97149107933383,0.14285714284725828,-0.0004563568741329605,0.0,0.0,0.0,-0.6432346460664652
2026-08-24T01:20:26.692576,63.03,4.665609039581936,-1.1230002837835016,0.0,0.4594119823748511,0.0,0.0,0.22769124718535017,0.9737333803229608,0.1428570452082828,-0.00045639588814125456,0.0,0.0,0.0,-0.643462463407015
2026-08-24T01:20:26.720550,63.05,4.668178014225288,-1.1217498628887428,0.0,0.4465531907618465,0.0,0.0,0.22142606696995054,0.9751771617845749,0.14285704643536817,-0.00045644647404805835,0.0,0.0,0.0,-0.6431095627060934
2026-08-24T01:20:26.752948,63.07,4.670762860650778,-1.120532590506784,0.0,0.43368669865389364,0.0,0.0,0.21514797358916093,0.9765814607396957,0.14285704764699425,-0.00045649740831569304,0.0,0.0,0.0,-0.6431767775556964
2026-08-24T01:20:26.778457,63.09,4.673363151036442,-1.1193486678038718,0.0,0.4208233660674683,0.0,0.0,0.20886252090358953,0.9779450124428253,0.14285704884335515,-0.0004565456367447796,0.0,0.0,0.0,-0.6427552718287255
2026-08-24T01:20:26.803370,63.11,4.675978455123361,-1.1181982906694299,0.0,0.4079611275685955,0.0,0.0,0.2025689640740588,0.9792679994740779,0.14285705002474966,-0.0004565897018352251,0.0,0.0,0.0,-0.6430651832487804
2026-08-24T01:20:26.835462,63.13,4.6786083402714125,-1.1170816496812856,0.0,0.3951011779983853,0.0,0.0,0.1962681513688279,0.980550260189789,0.14285705119125894,-0.0004566368887722419,0.0,0.0,0.0,-0.6158522622825631
2026-08-24T01:20:26.864158,63.15,4.68125215033943,-1.1159983885124516,0.0,0.38277850537060626,0.0,0.0,0.19022296430729826,0.9817409148294393,0.1428570523431427,-0.0004564577765184616,0.0,0.0,0.0,-0.6158674249665718
2026-08-24T01:20:26.893353,63.17,4.683909031598867,-1.1149475991489288,0.0,0.37045935971364014,0.0,0.0,0.18417228933151358,0.9828939758907821,0.14285705348129862,-0.0004560515959137278,0.0,0.0,0.0,-0.6159028450815548
2026-08-24T01:20:26.920665,63.18,4.685242212187414,-1.114434351108691,0.0,0.3643012284700604,0.0,0.0,0.1811450260271445,0.9834563943285056,0.1428571428480896,-0.0004556656085076311,0.0,0.0,0.0,-0.6156479495087064
2026-08-24T01:20:26.948983,63.21,4.6892606057020485,-1.1129445703650662,0.0,0.34583462937329523,0.0,0.0,0.17205688597230168,0.9850870154405216,0.14285705571338175,-0.0004552502299114582,0.0,0.0,0.0,-0.6153955423146399
2026-08-24T01:20:26.976899,63.23,4.691954481765113,-1.1119926203556172,0.0,0.3335208666285228,0.0,0.0,0.16598859930885673,0.9861276717035597,0.1428570568084168,-0.0004548565416482356,0.0,0.0,0.0,-0.6156121587515445
2026-08-24T01:20:27.004524,63.25,4.694659873561105,-1.1110739079043788,0.0,0.32121359223231494,0.0,0.0,0.15991722292819885,0.987130427963262,0.14285705788972342,-0.0004544694230548668,0.0,0.0,0.0,-0.6156277803679862
2026-08-24T01:20:27.035267,63.27,4.697376371021739,-1.110188572287216,0.0,0.30889957031198684,0.0,0.0,0.1538364573400554,0.9880963234386926,0.1428570589574029,-0.00045409255822041793,0.0,0.0,0.0,-0.6159393782538395
2026-08-24T01:20:27.066183,63.29,4.700103562379886,-1.1093367476753055,0.0,0.29658485255432954,0.0,0.0,0.14774951591712462,0.9890248129072674,0.1428570600116084,-0.0004537226523006399,0.0,0.0,0.0,-0.6153623235265501
2026-08-24T01:20:27.095076,63.31,4.702841034233558,-1.1085185631105052,0.0,0.28427424500184983,0.0,0.0,0.14165900725262973,0.9899155144072647,0.14285706105263443,-0.0004533515189324335,0.0,0.0,0.0,-0.6156308262723849
2026-08-24T01:20:27.122235,63.33,4.705588371712853,-1.1077341428351053,0.0,0.2719624978127629,0.0,0.0,0.1355625669037956,0.9907687875859099,0.14285706208059307,-0.0004529898542664831,0.0,0.0,0.0,-0.6155615595393327
2026-08-24T01:20:27.152555,63.36,4.709726925588467,-1.1066209570048373,0.0,0.25349560265953874,0.0,0.0,0.1264087064757509,0.9919782451884352,0.14285714284810225,-0.00045230823671320606,0.0,0.0,0.0,-0.6155558196146125
2026-08-24T01:20:27.180029,63.37,4.7111109762009695,-1.106267064986707,0.0,0.24734079955868224,0.0,0.0,0.12335539733436712,0.9923625577118881,0.14285706409780388,-0.00045228440403222533,0.0,0.0,0.0,-0.6154566895278617
2026-08-24T01:20:27.203589,63.39,4.713885406109871,-1.1055846297725531,0.0,0.23502413474423323,0.0,0.0,0.11724179834106996,0.9931033988068674,0.14285706508748608,-0.00045194064248769067,0.0,0.0,0.0,-0.615605807891891
2026-08-24T01:20:27.233848,63.41,4.716668027513121,-1.1049364033398321,0.0,0.22271888566379294,0.0,0.0,0.11112942547377533,0.9938059422210498,0.1428570660646576,-0.0004515998027315325,0.0,0.0,0.0,-0.6154361600992578
2026-08-24T01:20:27.271035,63.42,4.718062246101759,-1.10462503621042,0.0,0.21656057974641651,0.0,0.0,0.10806882298316128,0.9941434149553243,0.1428571428481417,-0.00045129587329375935,0.0,0.0,0.0,-0.6154988102268001
2026-08-24T01:20:27.299453,63.45,4.722256156479624,-1.1037429644957342,0.0,0.198092227669139,0.0,0.0,0.09888425066380731,0.9950989423020493,0.14285706798241252,-0.0004509418744134145,0.0,0.0,0.0,-0.6155646902562403
2026-08-24T01:20:27.328812,63.47,4.72506081700675,-1.103197932929128,0.0,0.18578387852793113,0.0,0.0,0.09275840415600217,0.9956886453397125,0.1428570689232316,-0.00045062036170304576,0.0,0.0,0.0,-0.6155560350357692
2026-08-24T01:20:27.355121,63.49,4.727871975142393,-1.1026874721124627,0.0,0.173471841123495,0.0,0.0,0.08662720734103832,0.996240797673079,0.14285706985218904,-0.00045030723746786937,0.0,0.0,0.0,-0.6154766943598037
2026-08-24T01:20:27.385443,63.51,4.730689204756338,-1.1022116593028308,0.0,0.161155516755644,0.0,0.0,0.08049059113602443,0.9967553685526722,0.1428570707694874,-0.0004499985910245011,0.0,0.0,0.0,-0.6156580892342417
2026-08-24T01:20:27.411345,63.53,4.733512078837606,-1.1017705667205646,0.0,0.14884921048968458,0.0,0.0,0.07435591768472902,0.9972317671962029,0.1428570716753093,-0.00044969302709986075,0.0,0.0,0.0,-0.6158277299679794
2026-08-24T01:20:27.438788,63.55,4.736340169510303,-1.101364261285975,0.0,0.1365376849798392,0.0,0.0,0.06821582548826989,0.9976705874951681,0.14285707256969174,-0.0004493988074881003,0.0,0.0,0.0,-0.6157822631690105
2026-08-24T01:20:27.466000,63.57,4.739173048074792,-1.1009928044178345,0.0,0.12422151196032741,0.0,0.0,0.06207082909550371,0.9980717470078976,0.14285707345286774,-0.0004491095683781648,0.0,0.0,0.0,-0.6158794751419928
2026-08-24T01:20:27.495730,63.58,4.740591130777217,-1.100820070645535,0.0,0.118066972612914,0.0,0.0,0.058999204131254576,0.9982580297257211,0.14285714284813367,-0.0004488568777524537,0.0,0.0,0.0,-0.615630643668255
2026-08-24T01:20:27.518127,63.61,4.744851450619662,-1.1003546562740045,0.0,0.09960053549541437,0.0,0.0,0.04977968563610912,0.9987602229253877,0.14285707518600368,-0.0004485366039710986,0.0,0.0,0.0,-0.6154861909164194
2026-08-24T01:20:27.549740,63.64,4.749119608730042,-1.09996781973062,0.0,0.08113177974006548,0.0,0.0,0.040554764972031816,0.9991773171154674,0.1428571428480931,-0.00044802194996766725,0.0,0.0,0.0,-0.6156513922532417
2026-08-24T01:20:27.581397,63.65,4.7505438437930545,-1.0998565096241129,0.0,0.07497647336459902,0.0,0.0,0.03747945650527964,0.9992973983454919,0.14285707687587912,-0.0004479851471761721,0.0,0.0,0.0,-0.615561059568711
2026-08-24T01:20:27.616575,63.66,4.751968711297185,-1.0997538044711235,0.0,0.06882006164097021,0.0,0.0,0.03440324068839046,0.999408033302783,0.1428571428481026,-0.00044775457107542786,0.0,0.0,0.0,-0.6156925584671381
2026-08-24T01:20:27.647868,63.69,4.756246776349146,-1.0994986661976092,0.0,0.050355046054569204,0.0,0.0,0.025174863074118804,0.9996830629100402,0.14285707852354018,-0.00044745094035712746,0.0,0.0,0.0,-0.6158193785057035
2026-08-24T01:20:27.677343,63.71,4.759101114588327,-1.0993724293265812,0.0,0.03804201469169044,0.0,0.0,0.019019860403906956,0.9998191060938053,0.14285707933186145,-0.00044719632523854125,0.0,0.0,0.0,-0.61594265229521
2026-08-24T01:20:27.705172,63.73,4.761956790688737,-1.099281342998221,0.0,0.025730933290706744,0.0,0.0,0.012865111732453322,0.9999172410255318,0.1428570801300225,-0.0004469462803154386,0.0,0.0,0.0,-0.6154236665804927
2026-08-24T01:20:27.737738,63.74,4.763384986887151,-1.0992489146553428,0.0,0.01957317944737991,0.0,0.0,0.009786433502185422,0.9999521117130097,0.14285714284814247,-0.00044673725117117213,0.0,0.0,0.0,-0.6155472364616681
2026-08-24T01:20:27.766554,63.76,4.766241859038065,-1.0992105808262744,0.0,0.007261436597729711,0.0,0.0,0.0036307103221121994,0.9999934089495575,0.1428571428481257,-0.0004464898527959132,0.0,0.0,0.0,-0.6152369492344568
2026-08-24T01:20:27.794878,63.79,4.770527516987571,-1.0992190990093331,0.0,-0.011205595212208317,0.0,0.0,-0.005602768292928453,0.9999843043705515,0.14285708246477863,-0.00044621035312625745,0.0,0.0,0.0,-0.6154058708689499
2026-08-24T01:20:27.823083,63.81,4.773384214935865,-1.099268699759779,0.0,-0.023519129388487773,0.0,0.0,-0.011759293662921659,0.9999308571159053,0.14285708322356022,-0.0004459734518349796,0.0,0.0,0.0,-0.6157626945505688
2026-08-24T01:20:27.855708,63.83,4.7762400857544876,-1.0993534667049656,0.0,-0.03582716621671623,0.0,0.0,-0.01791262505616311,0.9998395560606699,0.14285708397282204,-0.00044574239921931153,0.0,0.0,0.0,-0.6153965184224653
2026-08-24T01:20:27.883940,63.85,4.779094696560053,-1.0994733870053814,0.0,-0.04813786615521076,0.0,0.0,-0.0240666092351159,0.9997103572134902,0.14285708471266614,-0.00044551567344390606,0.0,0.0,0.0,-0.6329910556338562
2026-08-24T01:20:27.911485,63.87,4.781947593420233,-1.0996288253514181,0.0,-0.06080821699545292,0.0,0.0,-0.03039942440485489,0.9995378306976948,0.1428570854431451,-0.0004454418381126313,0.0,0.0,0.0,-0.6336340529348413
2026-08-24T01:20:27.939008,63.89,4.784798284475661,-1.0998205255602556,0.0,-0.07348055776407182,0.0,0.0,-0.0367320138073253,0.9993251518708305,0.14285708616408394,-0.00044552313039698485,0.0,0.0,0.0,-0.6337833779838684
2026-08-24T01:20:27.967367,63.91,4.787646316550341,-1.100048345169999,0.0,-0.08616014247716475,0.0,0.0,-0.043066747144589336,0.9990721972362078,0.14285708687620605,-0.00044560813431477367,0.0,0.0,0.0,-0.6335039741128065
2026-08-24T01:20:27.993069,63.93,4.790491231117684,-1.1003122573202209,0.0,-0.09884106336494856,0.0,0.0,-0.04940041677895695,0.9987790540565342,0.14285708757951854,-0.00044569178189928275,0.0,0.0,0.0,-0.6335996001070204
2026-08-24T01:20:28.018503,63.95,4.793332570978032,-1.100612217743062,0.0,-0.11151616508913388,0.0,0.0,-0.055729195392310985,0.9984459208093975,0.1428570882739193,-0.0004457738169818535,0.0,0.0,0.0,-0.6338212479141977
2026-08-24T01:20:28.048133,63.97,4.796169879347319,-1.1009481784809467,0.0,-0.12420143271129103,0.0,0.0,-0.06206080882679353,0.9980723701254154,0.14285708895976915,-0.00044586032824045594,0.0,0.0,0.0,-0.634026051416215
2026-08-24T01:20:28.073925,63.99,4.799002700135021,-1.1013200853535656,0.0,-0.13687993260362538,0.0,0.0,-0.0683865496825882,0.9976588995355632,0.1428570896368568,-0.0004459425013462714,0.0,0.0,0.0,-0.6338140717462131
2026-08-24T01:20:28.103769,64.01,4.801830577951233,-1.1017278786016587,0.0,-0.149555073875598,0.0,0.0,-0.07470786774237365,0.9972054625288552,0.1428570903054692,-0.00044602254622041874,0.0,0.0,0.0,-0.6338954984150852
2026-08-24T01:20:28.135850,64.03,4.8046530581904205,-1.1021714927581265,0.0,-0.16223493057063235,0.0,0.0,-0.08102853514460581,0.9967117820575412,0.14285709096567709,-0.0004461058622033546,0.0,0.0,0.0,-0.6340037591932068
2026-08-24T01:20:28.161830,64.05,4.807469687169019,-1.102650856247525,0.0,-0.17491575769704285,0.0,0.0,-0.08734642900198072,0.9961779968161322,0.14285709161755067,-0.0004461885027628172,0.0,0.0,0.0,-0.6336928176507125
2026-08-24T01:20:28.189680,64.07,4.810280012096904,-1.103165892069291,0.0,-0.18759141664599843,0.0,0.0,-0.09365823874112826,0.995604406537009,0.14285709226130192,-0.00044626618421545974,0.0,0.0,0.0,-0.6343818148876715
2026-08-24T01:20:28.222732,64.09,4.813083581169287,-1.1037165176219264,0.0,-0.20026927876553596,0.0,0.0,-0.09996738248820976,0.9949907147498694,0.14285709289692541,-0.00044635177213361816,0.0,0.0,0.0,-0.6339303065563385
2026-08-24T01:20:28.246720,64.11,4.815879943738955,-1.104302644194576,0.0,-0.21294978083933458,0.0,0.0,-0.10627382185674546,0.994336902054812,0.14285709352452394,-0.00044643364548267955,0.0,0.0,0.0,-0.6340424347936989
2026-08-24T01:20:28.277261,64.13,4.818668650262035,-1.104924177660023,0.0,-0.22563347138459913,0.0,0.0,-0.1125775732624884,0.993642938886162,0.1428570941443049,-0.000446514383852791,0.0,0.0,0.0,-0.6340759718937636
2026-08-24T01:20:28.307312,64.15,4.821449252418896,-1.105581018210119,0.0,-0.23830914005560278,0.0,0.0,-0.11887281442924119,0.9929094893240125,0.14285709475626052,-0.0004465907280794794,0.0,0.0,0.0,-0.6337117280090928
2026-08-24T01:20:28.339905,64.17,4.824221303229608,-1.1062730601969761,0.0,-0.2509863077773482,0.0,0.0,-0.12516402434282742,0.9921360627506229,0.1428570953605241,-0.00044666613859591434,0.0,0.0,0.0,-0.6339036070243713
2026-08-24T01:20:28.366589,64.19,4.8269843571275795,-1.1070001921718373,0.0,-0.2636676163877891,0.0,0.0,-0.13145225795582244,0.9913225024573566,0.14285709595719212,-0.00044674388883165155,0.0,0.0,0.0,-0.633960563479787
2026-08-24T01:20:28.398526,64.21,4.829737969930676,-1.1077622972996766,0.0,-0.2763466355758779,0.0,0.0,-0.13773407289235787,0.9904692449361983,0.1428570965463783,-0.00044681936745606475,0.0,0.0,0.0,-0.633595975568682
2026-08-24T01:20:28.423765,64.23,4.832481698947719,-1.108559253209701,0.0,-0.28902720830601414,0.0,0.0,-0.14401112107423686,0.9895760693382503,0.14285709712810546,-0.00044689105961989164,0.0,0.0,0.0,-0.6341100469292182
2026-08-24T01:20:28.452343,64.25,4.83521510309425,-1.1093909318508581,0.0,-0.30170805210284796,0.0,0.0,-0.15028251413326946,0.9886430933080874,0.1428570977025556,-0.0004469651083663594,0.0,0.0,0.0,-0.6337032564408096
2026-08-24T01:20:28.479941,64.27,4.8379377430177755,-1.1102571993515704,0.0,-0.31438056196204617,0.0,0.0,-0.15654375011972183,0.9876710253411578,0.1428570982698214,-0.00044703343945552297,0.0,0.0,0.0,-0.6334955766371102
2026-08-24T01:20:28.505861,64.29,4.840649181036918,-1.1111579164854049,0.0,-0.32706117043617017,0.0,0.0,-0.1628026964744636,0.9866586451355117,0.14285709882992131,-0.00044710482620399057,0.0,0.0,0.0,-0.6334843924574827
2026-08-24T01:20:28.536147,64.31,4.843348981298053,-1.112092938401184,0.0,-0.33973805130450563,0.0,0.0,-0.16905326129426887,0.9856069170038183,0.14285709938298108,-0.0004471739767333921,0.0,0.0,0.0,-0.6339724412160344
2026-08-24T01:20:28.567294,64.33,4.846036709677615,-1.1130621151358588,0.0,-0.35241729242440867,0.0,0.0,-0.17529819613432224,0.9845153845583383,0.14285709992907075,-0.0004472484273459411,0.0,0.0,0.0,-0.6338370082372357
2026-08-24T01:20:28.597232,64.35,4.848711934159178,-1.1140652907460247,0.0,-0.36510010242893065,0.0,0.0,-0.18153784041742,0.9833839598532098,0.14285710046829622,-0.0004473208162413535,0.0,0.0,0.0,-0.6338406505184981
2026-08-24T01:20:28.630584,64.37,4.851374224702405,-1.1151023039290124,0.0,-0.3777776675065891,0.0,0.0,-0.1877676086497364,0.9822134824680221,0.14285710100079757,-0.00044738929896211035,0.0,0.0,0.0,-0.6339214545087138
2026-08-24T01:20:28.656598,64.39,4.854023153277491,-1.116172988118471,0.0,-0.3904573130977722,0.0,0.0,-0.1939908528694521,0.9810033379163308,0.14285710152653433,-0.00044745905032736666,0.0,0.0,0.0,-0.633647268989961
2026-08-24T01:20:28.686191,64.41,4.8566582941139105,-1.1172771710523979,0.0,-0.40313447884789655,0.0,0.0,-0.2002050851554811,0.9797540119223226,0.14285710204573415,-0.0004475252909630354,0.0,0.0,0.0,-0.6338983284637375
2026-08-24T01:20:28.717308,64.43,4.859279223629066,-1.1184146751650041,0.0,-0.41581234405623807,0.0,0.0,-0.20641161589982496,0.9784652496750322,0.14285710255833642,-0.000447594467288103,0.0,0.0,0.0,-0.6340559657308688
2026-08-24T01:20:28.743090,64.45,4.861885520456345,-1.119585317692863,0.0,-0.42849252249865344,0.0,0.0,-0.2126109828000096,0.9771369248947734,0.14285710306456648,-0.000447665223320576,0.0,0.0,0.0,-0.633814087664843
2026-08-24T01:20:28.771408,64.46,4.863183023014642,-1.1201830508286885,0.0,-0.43483333713139954,0.0,0.0,-0.21570783113911493,0.976457951775323,0.1428571428476042,-0.0004477588769866454,0.0,0.0,0.0,-0.6336785133713037
2026-08-24T01:20:28.800748,64.48,4.865766585689514,-1.121403045579149,0.0,-0.4475123583182118,0.0,0.0,-0.22189372063560514,0.9750708572931959,0.14285714284760487,-0.000447826278018547,0.0,0.0,0.0,-0.6340553158834623
2026-08-24T01:20:28.829604,64.51,4.869612437116035,-1.1232941676933244,0.0,-0.4665296484942374,0.0,0.0,-0.23115515252899108,0.972916900592902,0.14285710454529288,-0.00044786574811527663,0.0,0.0,0.0,-0.6337500109224437
2026-08-24T01:20:28.861085,64.53,4.872156037972268,-1.124595429222583,0.0,-0.47920945167354123,0.0,0.0,-0.23731866306238333,0.9714318566746115,0.1428571050265127,-0.0004479301124987412,0.0,0.0,0.0,-0.6338763825614213
2026-08-24T01:20:28.888392,64.55,4.874682936171309,-1.12592883551041,0.0,-0.4918881136347925,0.0,0.0,-0.24347208131964146,0.969907905740479,0.14285710550168376,-0.0004479941893832592,0.0,0.0,0.0,-0.6564392824862959
2026-08-24T01:20:28.919869,64.58,4.878440358718829,-1.1279900347294702,0.0,-0.511576151400368,0.0,0.0,-0.25300792215455387,0.9674642067420558,0.14285714284712842,-0.0004487048567999591,0.0,0.0,0.0,-0.6564161383606937
2026-08-24T01:20:28.971586,64.61,4.882156597889483,-1.1301246202686306,0.0,-0.5312791041314134,0.0,0.0,-0.2625264414460251,0.964924798904913,0.1428571068909149,-0.00044911650209906507,0.0,0.0,0.0,-0.6569465682987959
2026-08-24T01:20:29.003704,64.63,4.884610340429276,-1.1315882936808852,0.0,-0.5444090897155385,0.0,0.0,-0.26885546298195534,0.9631805334540138,0.1428571073426261,-0.0004495468248810669,0.0,0.0,0.0,-0.6568175806585848
2026-08-24T01:20:29.029308,64.64,4.885829841632386,-1.1323323482458352,0.0,-0.5509817824448332,0.0,0.0,-0.2720193503009853,0.9622917816659508,0.14285714284693485,-0.000449991643165646,0.0,0.0,0.0,-0.6568842156848123
2026-08-24T01:20:29.056500,64.67,4.8894590891698755,-1.1346117014097814,0.0,-0.5706843682402765,0.0,0.0,-0.28148581580677173,0.9595653888608093,0.14285710822908618,-0.00045039095205102553,0.0,0.0,0.0,-0.6570218427496173
2026-08-24T01:20:29.085428,64.69,4.891853258492914,-1.1361709142286271,0.0,-0.5838258925176878,0.0,0.0,-0.2877847698221879,0.9576951113263502,0.14285710866394102,-0.00045080613194648834,0.0,0.0,0.0,-0.6566553282940103
2026-08-24T01:20:29.116836,64.71,4.894226739182519,-1.1377614425889417,0.0,-0.5969575758147992,0.0,0.0,-0.29406659587252304,0.9557849324989102,0.14285710909338376,-0.00045120760020990166,0.0,0.0,0.0,-0.6566727091556638
2026-08-24T01:20:29.149575,64.73,4.896579121529624,-1.139383012211824,0.0,-0.6100925897362197,0.0,0.0,-0.3003373331063155,0.9538330495126419,0.14285710951742842,-0.00045160712334316443,0.0,0.0,0.0,-0.6569077063027234
2026-08-24T01:20:29.172108,64.75,4.89890999965583,-1.1410353431746316,0.0,-0.6232311035221074,0.0,0.0,-0.3065967818475376,0.9518394892841615,0.14285710993610723,-0.0004520037216964407,0.0,0.0,0.0,-0.6567462941251806
2026-08-24T01:20:29.205371,64.77,4.901218971419906,-1.1427181502173756,0.0,-0.6363695839076273,0.0,0.0,-0.3128429835485705,0.9498048576652095,0.14285711034952342,-0.0004523910465326448,0.0,0.0,0.0,-0.6568155563074843
2026-08-24T01:20:29.227929,64.79,4.90350563822258,-1.1444311431523206,0.0,-0.6495075466225706,0.0,0.0,-0.31907543927947574,0.9477293200321544,0.14285711075779667,-0.00045277132571846894,0.0,0.0,0.0,-0.6567335069789075
2026-08-24T01:20:29.259208,64.81,4.905769605469623,-1.1461740263617357,0.0,-0.662639348188537,0.0,0.0,-0.3252912134384672,0.9456138886774715,0.14285711116086722,-0.0004531438121835132,0.0,0.0,0.0,-0.6566119899078829
2026-08-24T01:20:29.292125,64.84,4.909122038602667,-1.1488438519475155,0.0,-0.682347479248413,0.0,0.0,-0.3345934106769032,0.9423625892041753,0.1428571428469375,-0.00045387366577984655,0.0,0.0,0.0,-0.6562843230765985
2026-08-24T01:20:29.314024,64.85,4.910227882711023,-1.149748255227565,0.0,-0.6889129916263412,0.0,0.0,-0.33768514887325174,0.9412591249121837,0.1428571119519785,-0.00045387242219454904,0.0,0.0,0.0,-0.656768646248251
2026-08-24T01:20:29.345071,64.86,4.911327557297213,-1.1506601296099717,0.0,-0.6954840864865304,0.0,0.0,-0.340775872184356,0.9401445659774839,0.14285714284695863,-0.00045423125339889137,0.0,0.0,0.0,-0.6567640714276023
2026-08-24T01:20:29.375904,64.89,4.914590725656085,-1.1534383700234696,0.0,-0.7151891017414203,0.0,0.0,-0.35002196408495395,0.936741492973441,0.14285711272329166,-0.00045458266681537574,0.0,0.0,0.0,-0.6566702615586687
2026-08-24T01:20:29.400000,64.91,4.916735415639757,-1.1553260916908488,0.0,-0.7283300614191127,0.0,0.0,-0.35616920548566783,0.9344214772059277,0.14285711310169247,-0.00045492699889282086,0.0,0.0,0.0,-0.6567336304362063
2026-08-24T01:20:29.428064,64.92,4.917798315910899,-1.1562805767782725,0.0,-0.7348938029660474,0.0,0.0,-0.3592339324270352,0.9332475458274767,0.14285714284696016,-0.0004552586384160371,0.0,0.0,0.0,-0.6566786636574932
2026-08-24T01:20:29.456310,64.95,4.920949482515421,-1.1591852344743272,0.0,-0.754597080609571,0.0,0.0,-0.3684103689144823,0.9296632724144237,0.14285711384424932,-0.000455596779758365,0.0,0.0,0.0,-0.6567714129206993
2026-08-24T01:20:29.487710,64.97,4.92301813234604,-1.1611559894908765,0.0,-0.7677355181444754,0.0,0.0,-0.37450953712679325,0.9272230619441446,0.14285711420857744,-0.00045592686792226834,0.0,0.0,0.0,-0.6566054534297048
2026-08-24T01:20:29.510436,64.99,4.925060715656764,-1.1631537483921832,0.0,-0.7808685168094687,0.0,0.0,-0.3805900287953615,0.9247438726380109,0.1428571145683087,-0.00045624854098577427,0.0,0.0,0.0,-0.6570370354248992
2026-08-24T01:20:29.541018,65.01,4.926741977957171,-1.1648396524351632,0.0,-0.7918165602386598,0.0,0.0,-0.38564636939446917,0.9226466700600315,0.14285710746469757,-0.00045473927205151967,0.0,0.0,0.0,-0.6568563342478609
2026-08-24T01:20:29.567598,65.03,4.929066267657555,-1.1672289034965364,0.0,-0.8071426487138171,0.0,0.0,-0.39270525949058627,0.9196643839838701,0.1428571153684803,-0.0004581420954361658,0.0,0.0,0.0,-0.6569321558153458
2026-08-24T01:20:29.595823,65.04,4.930050737339732,-1.1682640932003963,0.0,-0.8137129625465739,0.0,0.0,-0.3957243767821109,0.9183693252828133,0.1428571428469454,-0.0004584174146368502,0.0,0.0,0.0,-0.6567985355158129
2026-08-24T01:20:29.635481,65.07,4.932963391951607,-1.1714078695309211,0.0,-0.8334196365817346,0.0,0.0,-0.40475402288787304,0.9144256016517053,0.1428571160536512,-0.0004587163350743155,0.0,0.0,0.0,-0.6571320315265847
2026-08-24T01:20:29.663889,65.09,4.934870446520194,-1.1735353863917606,0.0,-0.8465542193448335,0.0,0.0,-0.41075055074262723,0.9117477639482471,0.1428571163901904,-0.0004589961207044049,0.0,0.0,0.0,-0.6568974900928557
2026-08-24T01:20:29.688535,65.11,4.936749389068417,-1.1756877710719973,0.0,-0.8596893568827426,0.0,0.0,-0.4167296154243392,0.9090304877331026,0.14285711672248155,-0.00045927090232061494,0.0,0.0,0.0,-0.6573288935364978
2026-08-24T01:20:29.718778,65.13,4.93859989542257,-1.177864652083368,0.0,-0.872831735104417,0.0,0.0,-0.4226939864079792,0.906272472192845,0.14285711705063112,-0.0004595458117119599,0.0,0.0,0.0,-0.6570173146192896
2026-08-24T01:20:29.747932,65.14,4.939514307485503,-1.1789622166519578,0.0,-0.8793958166303589,0.0,0.0,-0.4256661276803836,0.9048802947050993,0.14285714284694762,-0.0004597883968175107,0.0,0.0,0.0,-0.6567313314751801
2026-08-24T01:20:29.777010,65.17,4.942214327296757,-1.1822903962169535,0.0,-0.8991004611495789,0.0,0.0,-0.4345604965540873,0.9006426454674823,0.142857117694574,-0.00046006909576036574,0.0,0.0,0.0,-0.6567011905435928
2026-08-24T01:20:29.803815,65.19,4.943977629261825,-1.1845384954773086,0.0,-0.9122358087802853,0.0,0.0,-0.4404662089433495,0.8977691901480434,0.14285711801048764,-0.0004603237603530019,0.0,0.0,0.0,-0.6566669740607783
2026-08-24T01:20:29.833994,65.21,4.945711247680678,-1.1868095637485219,0.0,-0.9253712703627915,0.0,0.0,-0.4463529731672609,0.894856984855539,0.14285711832243037,-0.0004605747554268971,0.0,0.0,0.0,-0.6572846497574102
2026-08-24T01:20:29.864420,65.22,4.946566759611063,-1.1879536338648324,0.0,-0.9319418967638731,0.0,0.0,-0.44929044453893013,0.8933857489606662,0.14285714284694928,-0.0004608042239284055,0.0,0.0,0.0,-0.6565010718700247
2026-08-24T01:20:29.892487,65.25,4.949088242279208,-1.1914190358786454,0.0,-0.9516472606281425,0.0,0.0,-0.45807074041813356,0.8889157422235152,0.14285711893460146,-0.00046107149239200783,0.0,0.0,0.0,-0.6528813631218098
2026-08-24T01:20:29.918651,65.27,4.950731105610159,-1.1937565952775717,0.0,-0.9647052774059218,0.0,0.0,-0.46386467424888506,0.8859060695039715,0.14285711923493136,-0.00046127625491364796,0.0,0.0,0.0,-0.6525234161134078
2026-08-24T01:20:29.948743,65.29,4.952343331420872,-1.196115389470692,0.0,-0.9777589861551627,0.0,0.0,-0.469636932858305,0.8828596441651663,0.14285711953159377,-0.0004614403158948843,0.0,0.0,0.0,-0.6524981531833584
2026-08-24T01:20:29.979007,65.31,4.9539246231112655,-1.1984950320047076,0.0,-0.9908176162179766,0.0,0.0,-0.4753913499105567,0.8797744395185727,0.14285711982445692,-0.0004616040805602227,0.0,0.0,0.0,-0.6527012733978222
2026-08-24T01:20:30.010447,65.33,4.955474714443669,-1.2008951150662073,0.0,-1.003870853147074,0.0,0.0,-0.4811231362205312,0.8766530258849964,0.14285712011356794,-0.00046176302788164026,0.0,0.0,0.0,-0.6526234672002549
2026-08-24T01:20:30.036801,65.34,4.95623793556739,-1.202102711725894,0.0,-1.0103994899591804,0.0,0.0,-0.48398224237884147,0.8750778188606705,0.14285714284705822,-0.0004618938934023248,0.0,0.0,0.0,-0.6529396928382393
2026-08-24T01:20:30.065926,65.37,4.958480242860763,-1.205754964267661,0.0,-1.0299818359443353,0.0,0.0,-0.49252694499306965,0.8702971954773805,0.14285712068103942,-0.0004620739294298091,0.0,0.0,0.0,-0.6527026043758368
2026-08-24T01:20:30.095506,65.39,4.959935167756116,-1.20821390205436,0.0,-1.0430370260986221,0.0,0.0,-0.4981973592127298,0.8670636604502937,0.14285712095940126,-0.00046222572069554385,0.0,0.0,0.0,-0.6528693107377112
2026-08-24T01:20:30.125385,65.41,4.961357867276285,-1.2106916242851335,0.0,-1.0560959290624237,0.0,0.0,-0.5038481491175397,0.8637922450629141,0.14285712123431754,-0.00046237623501766003,0.0,0.0,0.0,-0.6528501049236671
2026-08-24T01:20:30.150944,65.43,4.962748099007239,-1.2131877086184735,0.0,-1.0691505132369257,0.0,0.0,-0.5094756000436236,0.8604851032761635,0.14285712150572533,-0.0004625207726822259,0.0,0.0,0.0,-0.6526259991332591
2026-08-24T01:20:30.179239,65.45,4.964105625951034,-1.2157017296514423,0.0,-1.0822038322800327,0.0,0.0,-0.5150808023644162,0.8571416260079948,0.1428571217737215,-0.00046266135284838,0.0,0.0,0.0,-0.6527055968131967
2026-08-24T01:20:30.207700,65.47,4.965430216753662,-1.2182332588846383,0.0,-1.0952576140122199,0.0,0.0,-0.5206642612326896,0.853761516510915,0.14285712203836654,-0.00046280164521567027,0.0,0.0,0.0,-0.6528258863137512
2026-08-24T01:20:30.238427,65.49,4.966721645755333,-1.220781864793891,0.0,-1.1083184220182996,0.0,0.0,-0.5262285270990148,0.8503431879348486,0.14285712229968492,-0.0004629415287025,0.0,0.0,0.0,-0.6525972901875641
2026-08-24T01:20:30.273028,65.51,4.967979692850448,-1.223347112998102,0.0,-1.1213667254242763,0.0,0.0,-0.5317650563984745,0.8468919203732712,0.14285712255771918,-0.0004630722125039605,0.0,0.0,0.0,-0.6528727540433792
2026-08-24T01:20:30.299619,65.53,4.96920414348911,-1.2259285663445478,0.0,-1.134422316794824,0.0,0.0,-0.5372820247828674,0.8434026475208756,0.14285712281250937,-0.0004632086135975652,0.0,0.0,0.0,-0.6524820975587604
2026-08-24T01:20:30.325342,65.55,4.970394789227607,-1.2285257847351911,0.0,-1.147483686232476,0.0,0.0,-0.5427785249561474,0.8398758675223552,0.14285712306409726,-0.00046333882296395457,0.0,0.0,0.0,-0.6527303119591703
2026-08-24T01:20:30.353655,65.57,4.971551426986581,-1.2311383255750377,0.0,-1.1605377566837725,0.0,0.0,-0.5482488236696732,0.8363152679132551,0.14285712331252304,-0.00046346347428693005,0.0,0.0,0.0,-0.6524898637710816
2026-08-24T01:20:30.382017,65.59,4.9726738593680375,-1.2337657437001082,0.0,-1.1735855467020522,0.0,0.0,-0.5536931509453986,0.8327207782901517,0.1428571235578263,-0.0004635848353682572,0.0,0.0,0.0,-0.6527306469808464
2026-08-24T01:20:30.410802,65.61,4.9737618951335785,-1.236407591261553,0.0,-1.1866483023056855,0.0,0.0,-0.559120116355665,0.82908666343539,0.1428571238000455,-0.00046371221698057513,0.0,0.0,0.0,-0.6524451834712661
2026-08-24T01:20:30.443159,65.63,4.97481534919059,-1.2390634178404953,0.0,-1.1997015780361862,0.0,0.0,-0.5645193179724123,0.8254198565796455,0.14285712403922082,-0.00046382839340280296,0.0,0.0,0.0,-0.6524063822967959
2026-08-24T01:20:30.466506,65.65,4.975834041671677,-1.2417327709099641,0.0,-1.2127574795955425,0.0,0.0,-0.5698955516888837,0.821717141214191,0.14285712427538974,-0.0004639436488575255,0.0,0.0,0.0,-0.6523628613898742
2026-08-24T01:20:30.501422,65.67,4.976817798833128,-1.2444151955492746,0.0,-1.2258127683313227,0.0,0.0,-0.5752472492434244,0.8179795854652324,0.14285712450860802,-0.000464055918942928,0.0,0.0,0.0,-0.6525183032830849
2026-08-24T01:20:30.530334,65.69,4.9777664532725385,-1.247110234466628,0.0,-1.2388673617705575,0.0,0.0,-0.5805741524608514,0.8142073774502193,0.14285712473885923,-0.00046416719848684055,0.0,0.0,0.0,-0.652678828703478
2026-08-24T01:20:30.558816,65.71,4.978679843178241,-1.2498174283661236,0.0,-1.251920027782186,0.0,0.0,-0.5858755390601594,0.8104010443792429,0.14285712496623373,-0.0004642782357104131,0.0,0.0,0.0,-0.6528650247211782
2026-08-24T01:20:30.587585,65.73,4.97955781288851,-1.2525363158286882,0.0,-1.2649747026995384,0.0,0.0,-0.5911527816894182,0.806559600216167,0.14285712519074995,-0.00046439083655886284,0.0,0.0,0.0,-0.6528169529698177
2026-08-24T01:20:30.618026,65.75,4.980400212775167,-1.2552664334439425,0.0,-1.2780378406131285,0.0,0.0,-0.5964082342229099,0.8026812680953198,0.1428571254124619,-0.0004645013265104425,0.0,0.0,0.0,-0.652938918650198
2026-08-24T01:20:30.644376,65.77,4.981206899225689,-1.2580073159022411,0.0,-1.2910867243202748,0.0,0.0,-0.6016325503185628,0.7987729805127248,0.14285712563135203,-0.0004646040730674271,0.0,0.0,0.0,-0.6526954539399925
2026-08-24T01:20:30.679709,65.79,4.981977734536796,-1.2607584961084721,0.0,-1.3041446421516651,0.0,0.0,-0.6068348462986205,0.7948279495071431,0.142857125847526,-0.00046470816555071857,0.0,0.0,0.0,-0.6530079484671613
2026-08-24T01:20:30.709380,65.81,4.98271258734176,-1.2635195051417205,0.0,-1.3172007368323602,0.0,0.0,-0.6120105537180388,0.7908495951429321,0.1428571260609651,-0.00046481065692992156,0.0,0.0,0.0,-0.653041768072966
2026-08-24T01:20:30.740268,65.83,4.983411332473696,-1.2662898723900156,0.0,-1.3302565479440476,0.0,0.0,-0.6171600685928794,0.7868376260286695,0.1428571262716856,-0.0004649107341749001,0.0,0.0,0.0,-0.6531303638437783
2026-08-24T01:20:30.769864,65.86,4.984391476011967,-1.270461931981983,0.0,-1.3498386294605194,0.0,0.0,-0.6248343231427519,0.7807573685997072,0.14285714284709133,-0.00046507063620922033,0.0,0.0,0.0,-0.6526159795281613
2026-08-24T01:20:30.801678,65.87,4.984700029822348,-1.2718567912121677,0.0,-1.3563654704402932,0.0,0.0,-0.6273789310017875,0.7787141175906946,0.14285712668531997,-0.00046510304632690495,0.0,0.0,0.0,-0.6528921173588322
2026-08-24T01:20:30.829700,65.89,4.985289762534606,-1.2746523939305157,0.0,-1.3694226818547748,0.0,0.0,-0.6324494420771017,0.7746016416303045,0.14285712688819258,-0.000465196848736006,0.0,0.0,0.0,-0.6529746325639794
2026-08-24T01:20:30.853014,65.91,4.985842948532952,-1.2774554573282362,0.0,-1.382475358548203,0.0,0.0,-0.6374912496465829,0.7704575956040918,0.14285712708858636,-0.0004652877668980079,0.0,0.0,0.0,-0.6524711758783359
2026-08-24T01:20:30.883411,65.93,4.986359493475414,-1.2802655036650823,0.0,-1.3955326716165057,0.0,0.0,-0.642507680969501,0.766279244071764,0.14285712728639036,-0.0004653747638052927,0.0,0.0,0.0,-0.6354198351847282
2026-08-24T01:20:30.917145,65.94,4.986604108828293,-1.281672968900658,0.0,-1.4018882930835552,0.0,0.0,-0.6449395231046462,0.7642336105783045,0.14285714284706766,-0.0004652828122846828,0.0,0.0,0.0,-0.6356440709191924
2026-08-24T01:20:30.940107,65.97,4.987284135125975,-1.285904336844385,0.0,-1.420955891992631,0.0,0.0,-0.6521961525801583,0.7580502480440454,0.14285712767520187,-0.00046511130593330716,0.0,0.0,0.0,-0.6350811038185654
2026-08-24T01:20:30.971013,65.99,4.987626112989178,-1.2882605957023654,0.0,-1.4315474878850458,0.0,0.0,-0.6562014692078657,0.7545857352279054,0.14285712040687804,-0.0004631358998138708,0.0,0.0,0.0,-0.6352503984517253
2026-08-24T01:20:31.004975,66.01,4.988065270401276,-1.2915648321018642,0.0,-1.4463716088819882,0.0,0.0,-0.6617764277906164,0.7497012469115221,0.14285712814801801,-0.00046591781566003923,0.0,0.0,0.0,-0.6351912394432967
2026-08-24T01:20:31.029327,66.03,4.988401839420926,-1.2944020660296933,0.0,-1.459076529960448,0.0,0.0,-0.6665254908104761,0.7454822399627331,0.14285712833177414,-0.00046569802542824947,0.0,0.0,0.0,-0.6350606738170075
2026-08-24T01:20:31.062431,66.06,4.98883914587106,-1.2986653439289966,0.0,-1.4781363130752034,0.0,0.0,-0.6735994818761502,0.7390965688028744,0.14285714284757497,-0.0004652399834738807,0.0,0.0,0.0,-0.6351689698876187
2026-08-24T01:20:31.086618,66.07,4.988966695378824,-1.3000882173925814,0.0,-1.4844882864211466,0.0,0.0,-0.67594344152291,0.7369535018318079,0.14285712869391268,-0.00046527065127961856,0.0,0.0,0.0,-0.6351032390820608
2026-08-24T01:20:31.113528,66.09,4.989194890951104,-1.3029362169371879,0.0,-1.4971949021745385,0.0,0.0,-0.6806118604917927,0.7326441805937589,0.1428571288716284,-0.0004650616360593613,0.0,0.0,0.0,-0.6355459279461602
2026-08-24T01:20:31.143757,66.1,4.989295524077407,-1.304361231273655,0.0,-1.503549626497533,0.0,0.0,-0.6829362968721866,0.7304779356109975,0.1428571428476204,-0.00046483058735605155,0.0,0.0,0.0,-0.6356343008063003
2026-08-24T01:20:31.169954,66.13,4.989542632959656,-1.308639764683374,0.0,-1.5226095359747482,0.0,0.0,-0.689866601248552,0.723936511361163,0.1428571292202806,-0.00046465395694117635,0.0,0.0,0.0,-0.6348987514258251
2026-08-24T01:20:31.200476,66.15,4.989662123217947,-1.3114943920058573,0.0,-1.535313452523768,0.0,0.0,-0.694451067733785,0.7195399325425976,0.14285712939141612,-0.00046445071236217217,0.0,0.0,0.0,-0.6349880014099362
2026-08-24T01:20:31.236347,66.17,4.9897453319272715,-1.3143503071884388,0.0,-1.5480217559887874,0.0,0.0,-0.6990090836078762,0.7151127890295887,0.14285712956029392,-0.0004642533767972725,0.0,0.0,0.0,-0.6352751372537397
2026-08-24T01:20:31.259513,66.19,4.989792245668543,-1.317207049119809,0.0,-1.560729206617111,0.0,0.0,-0.7035385738772979,0.7106570727620305,0.14285712972712,-0.00046405982021104384,0.0,0.0,0.0,-0.6351687340406317
2026-08-24T01:20:31.289532,66.21,4.989802856783203,-1.3200641565568603,0.0,-1.5734349924346724,0.0,0.0,-0.7080390746907266,0.7061732568648431,0.14285712989176033,-0.00046386747615824003,0.0,0.0,0.0,-0.6357041573331824
2026-08-24T01:20:31.320173,66.23,4.989777163550374,-1.3229211681949082,0.0,-1.5861386758036957,0.0,0.0,-0.7125102620720318,0.7016616894501542,0.1428571300544016,-0.0004636831066820388,0.0,0.0,0.0,-0.6354285407378978
2026-08-24T01:20:31.348975,66.24,4.989750801741379,-1.3243494882903362,0.0,-1.5924964009092124,0.0,0.0,-0.7147371443701512,0.6993931758729146,0.14285714284762197,-0.0004634792968181565,0.0,0.0,0.0,-0.6354769455894775
2026-08-24T01:20:31.382853,66.27,4.989616886945916,-1.32863305901757,0.0,-1.6115590272391456,0.0,0.0,-0.7213707135886704,0.6925491271935676,0.14285713037354225,-0.0004633160747832942,0.0,0.0,0.0,-0.635305789924731
2026-08-24T01:20:31.407796,66.29,4.9894823293336845,-1.3314870159705456,0.0,-1.624261288819255,0.0,0.0,-0.7257546052373239,0.687953670661634,0.14285713053011062,-0.000463132759914062,0.0,0.0,0.0,-0.6352266985939424
2026-08-24T01:20:31.437022,66.31,4.989311519080883,-1.3343390328064495,0.0,-1.6369710554100496,0.0,0.0,-0.730111786516875,0.6833277245869196,0.1428571306846929,-0.0004629551760653606,0.0,0.0,0.0,-0.6351855090601366
2026-08-24T01:20:31.468516,66.33,4.9891044840645575,-1.3371886490620553,0.0,-1.6496759126126375,0.0,0.0,-0.7344378167260408,0.6786759855503115,0.1428571308373679,-0.00046277713906128554,0.0,0.0,0.0,-0.6355679292467387
2026-08-24T01:20:31.497075,66.35,4.988861257627788,-1.3400354046416674,0.0,-1.6623805392764142,0.0,0.0,-0.738734132318011,0.6739969449102535,0.14285713098812367,-0.00046260631754266454,0.0,0.0,0.0,-0.6349439156493281
2026-08-24T01:20:31.525232,66.37,4.9885818789914955,-1.3428788399113418,0.0,-1.675087529163439,0.0,0.0,-0.7430014295368741,0.6692898293760047,0.1428571311369314,-0.0004624344757520091,0.0,0.0,0.0,-0.6355076959772262
2026-08-24T01:20:31.553573,66.39,4.988266393300595,-1.3457184957808388,0.0,-1.6877982729898322,0.0,0.0,-0.7472399815432917,0.6645542942327445,0.1428571312839036,-0.0004622695239600631,0.0,0.0,0.0,-0.6354719326386943
2026-08-24T01:20:31.588427,66.41,4.987914851436134,-1.34855391375985,0.0,-1.7005053407214965,0.0,0.0,-0.7514471393363382,0.6597932985285875,0.14285713142902876,-0.0004621032439065163,0.0,0.0,0.0,-0.6354061322608238
2026-08-24T01:20:31.610330,66.43,4.987527310060635,-1.3513846360354644,0.0,-1.7132091224497423,0.0,0.0,-0.7556228870932935,0.6550069102694993,0.1428571315723298,-0.0004619385389104226,0.0,0.0,0.0,-0.6354748146204275
2026-08-24T01:20:31.642176,66.45,4.987103831819016,-1.354210205574155,0.0,-1.7259134853817995,0.0,0.0,-0.7597683371482872,0.6501938740613654,0.14285713171386513,-0.0004617792605273371,0.0,0.0,0.0,-0.6353137289592667
2026-08-24T01:20:31.675925,66.47,4.986644485288635,-1.3570301661976316,0.0,-1.7386250986503897,0.0,0.0,-0.7638854700088888,0.6453518332733695,0.1428571318535503,-0.00046162281692390365,0.0,0.0,0.0,-0.6351891815457792
2026-08-24T01:20:31.702995,66.49,4.986149344565544,-1.3598440625940316,0.0,-1.7513309580574516,0.0,0.0,-0.76796990221308,0.6404859321599752,0.1428571319915512,-0.0004614634132818644,0.0,0.0,0.0,-0.6352033266206716
2026-08-24T01:20:31.732721,66.51,4.985618489301697,-1.362651440386864,0.0,-1.7640362225561568,0.0,0.0,-0.7720231504143278,0.6355944109448542,0.14285713212774637,-0.0004613072441311122,0.0,0.0,0.0,-0.6353144572566751
2026-08-24T01:20:31.764692,66.53,4.9851479182794245,-1.3649854218384625,0.0,-1.774628453699743,0.0,0.0,-0.7753784889835904,0.6314967924079459,0.14285712480348023,-0.0004593838910527957,0.0,0.0,0.0,-0.6354494547868195
2026-08-24T01:20:31.795727,66.54,4.984755503687943,-1.366849301228353,0.0,-1.7830964617537326,0.0,0.0,-0.7780452909437038,0.6282081862251775,0.14285714284840087,-0.00046220192446911056,0.0,0.0,0.0,-0.6353236850412076
2026-08-24T01:20:31.830160,66.57,4.983812511911791,-1.3710299327186224,0.0,-1.8021592896350924,0.0,0.0,-0.7839975709421055,0.6207638913120497,0.1428571326185203,-0.0004620489995938175,0.0,0.0,0.0,-0.6352500777918776
2026-08-24T01:20:31.851655,66.59,4.983139714364399,-1.3738067151044984,0.0,-1.8148598912961194,0.0,0.0,-0.7879237740864763,0.6157727878278834,0.14285713274685244,-0.00046188172595926826,0.0,0.0,0.0,-0.6351620739723123
2026-08-24T01:20:31.882946,66.61,4.982431688634153,-1.3765747246134006,0.0,-1.8275694054232492,0.0,0.0,-0.7918209249378831,0.6107533240437707,0.1428571328736067,-0.00046172109767682703,0.0,0.0,0.0,-0.6355664150880279
2026-08-24T01:20:31.914093,66.63,4.981688548825132,-1.3793335142791,0.0,-1.8402724975495233,0.0,0.0,-0.7956841549055129,0.6057117512747294,0.14285713299876784,-0.00046156388455413644,0.0,0.0,0.0,-0.6352313796470449
2026-08-24T01:20:31.940724,66.65,4.980910414972837,-1.3820826386878586,0.0,-1.8529817275241969,0.0,0.0,-0.7995171287140492,0.6006432892265112,0.14285713312233814,-0.00046140908825788264,0.0,0.0,0.0,-0.6244774020515722
2026-08-24T01:20:31.965946,66.67,4.980097636404889,-1.3848217206272322,0.0,-1.865470942301993,0.0,0.0,-0.8032522972759548,0.5956389400642819,0.1428571332443808,-0.00046116422245863367,0.0,0.0,0.0,-0.6245432395781251
2026-08-24T01:20:31.992416,66.69,4.979250790853875,-1.387550461651808,0.0,-1.8779606214565008,0.0,0.0,-0.8069562801518262,0.5906111765988917,0.14285713336515773,-0.0004608325873113399,0.0,0.0,0.0,-0.6243930628262219
2026-08-24T01:20:32.025128,66.71,4.978369944714758,-1.3902684177305098,0.0,-1.8904416647921323,0.0,0.0,-0.8106262650274801,0.585563880757341,0.14285713348413445,-0.00046050069012819095,0.0,0.0,0.0,-0.6240890564620512
2026-08-24T01:20:32.054896,66.73,4.977455241005529,-1.392975167158503,0.0,-1.9029228837968775,0.0,0.0,-0.8142647318740067,0.5804937092046322,0.14285713360165148,-0.00046017166264955436,0.0,0.0,0.0,-0.624233656858832
2026-08-24T01:20:32.081880,66.75,4.976506821377897,-1.3956702878950666,0.0,-1.9154062451768232,0.0,0.0,-0.8178721034768198,0.5754000541835237,0.14285713371762016,-0.0004598503697973566,0.0,0.0,0.0,-0.6241974428454042
2026-08-24T01:20:32.107552,66.76,4.9760201470718,-1.3970133965906875,0.0,-1.9216488816992945,0.0,0.0,-0.8196641231486905,0.5728444162448372,0.14285714284794657,-0.00045952877131657334,0.0,0.0,0.0,-0.624055536978884
2026-08-24T01:20:32.138535,66.79,4.974509431149713,-1.4010239655047654,0.0,-1.9403732211923272,0.0,0.0,-0.8249911898576487,0.5651455889036566,0.14285713394527302,-0.00045922088611958584,0.0,0.0,0.0,-0.6241165601855007
2026-08-24T01:20:32.162549,66.81,4.97346077163724,-1.4036816881157852,0.0,-1.9528522301662237,0.0,0.0,-0.8285013364296545,0.5599870851495385,0.14285713405695802,-0.000458911999761894,0.0,0.0,0.0,-0.624157471885202
2026-08-24T01:20:32.193505,66.83,4.9723790186546895,-1.4063261137537644,0.0,-1.9653373835587336,0.0,0.0,-0.8319809328545452,0.5548042243589001,0.1428571341672389,-0.000458611574556618,0.0,0.0,0.0,-0.6239865374836123
2026-08-24T01:20:32.220495,66.85,4.971264340860009,-1.4089568304047244,0.0,-1.97781868391704,0.0,0.0,-0.8354270484694248,0.5496013525144068,0.14285713427613383,-0.0004583125342218156,0.0,0.0,0.0,-0.624296311928173
2026-08-24T01:20:32.252224,66.88,4.969531084201787,-1.4128763476379558,0.0,-1.996546004630858,0.0,0.0,-0.8405366295883953,0.5417547178568738,0.14285714284794285,-0.0004577345148719329,0.0,0.0,0.0,-0.623808000543445
2026-08-24T01:20:32.281028,66.89,4.968936910290869,-1.4141754991004116,0.0,-2.0027905312404535,0.0,0.0,-0.8422240307217214,0.5391277047925259,0.1428571344898522,-0.00045773220213438733,0.0,0.0,0.0,-0.6239886635058701
2026-08-24T01:20:32.312479,66.91,4.967724520224637,-1.416762637990561,0.0,-2.0152763607617543,0.0,0.0,-0.8455733248053057,0.533859300169718,0.14285713459467475,-0.0004574434351283481,0.0,0.0,0.0,-0.6240796015903302
2026-08-24T01:20:32.338746,66.93,4.966479930495376,-1.4193344416226092,0.0,-2.0277532120254853,0.0,0.0,-0.8488872908063373,0.5285738997599835,0.14285713469821532,-0.00045715762339473777,0.0,0.0,0.0,-0.6238675279984496
2026-08-24T01:20:32.363048,66.95,4.965203335147212,-1.421890509312627,0.0,-2.040236035249063,0.0,0.0,-0.8521697824213986,0.5232653838425261,0.1428571348004187,-0.0004568796601325082,0.0,0.0,0.0,-0.6239719100717986
2026-08-24T01:20:32.390758,66.97,4.963894933161683,-1.4244304428077468,0.0,-2.05271851285293,0.0,0.0,-0.855418988179262,0.5179366318985051,0.14285713490135496,-0.00045660702703111773,0.0,0.0,0.0,-0.6239236393015122
2026-08-24T01:20:32.420169,66.99,4.962554928302924,-1.426953846281021,0.0,-2.065198784064901,0.0,0.0,-0.8586343073713907,0.5125886520445534,0.1428571350010404,-0.00045633875145045653,0.0,0.0,0.0,-0.6241261036139607
2026-08-24T01:20:32.449981,67.01,4.961183529344598,-1.4294603265220114,0.0,-2.0776810538238255,0.0,0.0,-0.8618166989114439,0.507219851225661,0.14285713509945486,-0.00045607871605764423,0.0,0.0,0.0,-0.6242938467449468
2026-08-24T01:20:32.480415,67.03,4.959780949983132,-1.4319494929731353,0.0,-2.0901691632303856,0.0,0.0,-0.8649669865345675,0.5018287678135932,0.14285713519663212,-0.0004558248427102169,0.0,0.0,0.0,-0.6242156025651728
2026-08-24T01:20:32.505201,67.04,4.95906812503767,-1.4331875052871956,0.0,-2.096408718682511,0.0,0.0,-0.866528368842959,0.49912782530165634,0.14285714284796625,-0.00045558016035579426,0.0,0.0,0.0,-0.6241876901174209
2026-08-24T01:20:32.534974,67.07,4.956883128974838,-1.4368743357564444,0.0,-2.1151318550919167,0.0,0.0,-0.8711629492272102,0.4909940080018791,0.14285713538733835,-0.00045532075214881323,0.0,0.0,0.0,-0.6242925282341453
