wall_time,ros_time_sec,x,y,z,yaw,qx,qy,qz,qw,lin_vel_x,lin_vel_y,lin_vel_z,ang_vel_x,ang_vel_y,ang_vel_z
2026-08-24T01:48:21.205671,0.030000000000000002,0.0,0.0,0.0,0.0,0.0,0.0,0.0,1.0,0.0,0.0,0.0,0.0,0.0,-0.0002524612643954249
2026-08-24T01:48:26.958683,0.05,0.5857042789313466,3.968380451271146,0.0,-3.816867990558139e-06,0.0,0.0,-1.9084339952779102e-06,0.9999999999981789,6.013224910494735e-13,7.937538700379969e-08,0.0,0.0,0.0,0.00011648474128803934
2026-08-24T01:48:26.990828,0.07,0.5857046693999548,3.96838309705031,0.0,1.2885354117031511e-08,0.0,0.0,6.4426770585157556e-09,1.0,6.252364656140506e-13,9.921269918997928e-08,0.0,0.0,0.0,-0.00011059329136032099
2026-08-24T01:48:27.025289,0.08,0.5857046694000818,3.968383096059088,0.0,-3.015365734881925e-13,0.0,0.0,-1.5076828674409626e-13,1.0,5.2595882018305015e-18,9.918262493940899e-08,0.0,0.0,0.0,-0.00011607299042335333
2026-08-24T01:48:27.067345,0.11,0.5857046694000849,3.9683830970504843,0.0,1.546478234359938e-08,0.0,0.0,7.73239117179969e-09,1.0,6.242206187607129e-13,9.914196150319267e-08,0.0,0.0,0.0,-0.00013970984493712917
2026-08-24T01:48:27.111553,0.12000000000000001,0.5857046694000818,3.9683830960590876,0.0,-3.8191672047105385e-13,0.0,0.0,-1.9095836023552692e-13,1.0,-2.778023303114639e-18,9.907225737015857e-08,0.0,0.0,0.0,-0.0001240836057432045
2026-08-24T01:48:27.146883,0.15000000000000002,0.5857046694000849,3.968383097048985,0.0,1.3574077621925085e-06,0.0,0.0,6.787038810962021e-07,0.9999999999997696,6.233673473393563e-13,9.899200139325097e-08,0.0,0.0,0.0,-0.0004565975650919175
2026-08-24T01:48:27.189160,0.17,0.5857046694000849,3.968383097047939,0.0,1.7858987737540133e-06,0.0,0.0,8.92949386876888e-07,0.9999999999996013,6.227918463614672e-13,9.888740858629867e-08,0.0,0.0,0.0,0.0002443289510820401
2026-08-24T01:48:27.228917,0.19,0.5857046694000849,3.9683830970466962,0.0,6.721672476395213e-07,0.0,0.0,3.360836238197543e-07,0.9999999999999435,6.221255621307221e-13,9.876314243193341e-08,0.0,0.0,0.0,-0.0002917515838593438
2026-08-24T01:48:27.270577,0.21000000000000002,0.5857046694000849,3.9683830970452574,0.0,2.290730192200385e-07,0.0,0.0,1.1453650961001901e-07,0.9999999999999934,6.213685691553328e-13,9.861926706050336e-08,0.0,0.0,0.0,-0.0002453124306594573
2026-08-24T01:48:27.308850,0.23,0.5857046694000849,3.968383097043624,0.0,5.671284117880759e-07,0.0,0.0,2.8356420589403416e-07,0.9999999999999598,6.204948862801797e-13,9.845585678079031e-08,0.0,0.0,0.0,0.0003081294707901024
2026-08-24T01:48:27.350345,0.25,0.5857046694000849,3.9683830970417953,0.0,3.0257246401710356e-06,0.0,0.0,1.5128623200849403e-06,0.9999999999988556,6.19540034820137e-13,9.827299613824648e-08,0.0,0.0,0.0,0.0002758816928060175
2026-08-24T01:48:27.386242,0.26,0.5857046694000818,3.968383096059087,0.0,1.6084911180769268e-12,0.0,0.0,8.042455590384634e-13,1.0,-1.2963892322157562e-18,9.806652241650671e-08,0.0,0.0,0.0,-0.00012561590125260676
2026-08-24T01:48:27.419407,0.29000000000000004,0.5857046694000848,3.96838309703756,0.0,1.0815478344028406e-06,0.0,0.0,5.40773917201394e-07,0.9999999999998538,6.173192845432635e-13,9.784931184061811e-08,0.0,0.0,0.0,-0.0005145211558722149
2026-08-24T01:48:27.453718,0.31,0.5857046694000849,3.968383097035155,0.0,1.7570443264780524e-06,0.0,0.0,8.785221632389131e-07,0.9999999999996141,6.160847711075328e-13,9.760870715054896e-08,0.0,0.0,0.0,-0.00023341908757555988
2026-08-24T01:48:27.488463,0.32,0.5857046694000818,3.968383096059088,0.0,-1.580957587066223e-13,0.0,0.0,-7.904787935331115e-14,1.0,-1.0206036102317395e-17,9.734521241866467e-08,0.0,0.0,0.0,1.7628129437225513e-05
2026-08-24T01:48:27.524017,0.34,0.5857046694000819,3.968383096059088,0.0,4.214406601477094e-13,0.0,0.0,2.107203300738547e-13,1.0,1.3447203075853041e-17,9.706688441912803e-08,0.0,0.0,0.0,-0.00017625117693746155
2026-08-24T01:48:27.561015,0.37,0.5857046694000849,3.9683830970268033,0.0,1.2339612101008868e-06,0.0,0.0,6.169806050504042e-07,0.9999999999998097,6.117755658153315e-13,9.677336494935684e-08,0.0,0.0,0.0,-1.0924883790493255e-05
2026-08-24T01:48:27.595065,0.39,0.5857046694000849,3.968383097023647,0.0,-1.2512067022463214e-06,0.0,0.0,-6.256033511231199e-07,0.9999999999998043,6.101707081048297e-13,9.645755486117208e-08,0.0,0.0,0.0,8.184344573711807e-05
2026-08-24T01:48:27.629771,0.4,0.5857046694000818,3.968383096059088,0.0,-1.1812772982011666e-13,0.0,0.0,-5.906386491005833e-14,1.0,2.2870848413777053e-18,9.612025966831972e-08,0.0,0.0,0.0,0.00017001501957989817
2026-08-24T01:48:27.672575,0.43000000000000005,0.5857046694000848,3.968383097016783,0.0,-3.0452656987201014e-06,0.0,0.0,-1.5226328493594622e-06,0.9999999999988408,6.066608213531268e-13,9.577085406647229e-08,0.0,0.0,0.0,0.00017135698965196184
2026-08-24T01:48:27.711783,0.45,0.5857046694000848,3.968383097013078,0.0,-1.5532870083490027e-06,0.0,0.0,-7.766435041744232e-07,0.9999999999996985,6.048049406917282e-13,9.5400317671121e-08,0.0,0.0,0.0,6.860198564773395e-05
2026-08-24T01:48:27.753122,0.47000000000000003,0.5857046694000848,3.9683830970091964,0.0,4.946831437813161e-07,0.0,0.0,2.4734157189065543e-07,0.9999999999999694,6.028353619566566e-13,9.501190910615743e-08,0.0,0.0,0.0,-5.890476343839051e-05
2026-08-24T01:48:27.782564,0.49000000000000005,0.5857046694000848,3.9683830970051366,0.0,1.5010223801681381e-06,0.0,0.0,7.505111900839984e-07,0.9999999999997183,6.007982136578821e-13,9.460582790658811e-08,0.0,0.0,0.0,-4.274568691459011e-05
2026-08-24T01:48:27.820102,0.51,0.5857046694000847,3.9683830970009026,0.0,8.847125907429643e-07,0.0,0.0,4.423562953714677e-07,0.9999999999999022,5.986728823604775e-13,9.418228334612255e-08,0.0,0.0,0.0,-0.00013303785008249636
2026-08-24T01:48:27.854582,0.53,0.5857046694000848,3.9683830969964973,0.0,5.536438840714197e-07,0.0,0.0,2.768219420357063e-07,0.9999999999999617,5.964667215406866e-13,9.374149293809447e-08,0.0,0.0,0.0,-0.0002356053472029871
2026-08-24T01:48:27.888363,0.55,0.5857046694000848,3.968383096991922,0.0,2.3041225825082283e-06,0.0,0.0,1.1520612912538592e-06,0.9999999999993364,5.941802441594612e-13,9.32836824654032e-08,0.0,0.0,0.0,0.0005626388773391867
2026-08-24T01:48:27.928161,0.5700000000000001,0.5857046694000849,3.968383096987177,0.0,2.4125220439152888e-06,0.0,0.0,1.2062610219573517e-06,0.9999999999992725,5.918317984421779e-13,9.280908620474399e-08,0.0,0.0,0.0,0.00024635239633141146
2026-08-24T01:48:27.960358,0.5900000000000001,0.5857046694000848,3.968383096982269,0.0,-1.9565791316011882e-06,0.0,0.0,-9.78289565800438e-07,0.9999999999995215,5.893875934045209e-13,9.231794867600728e-08,0.0,0.0,0.0,0.00041413541505379607
2026-08-24T01:48:27.998807,0.61,0.5857046694000847,3.9683830969771976,0.0,-3.2598805934647154e-06,0.0,0.0,-1.6299402967316356e-06,0.9999999999986716,5.868735610098751e-13,9.181051936778262e-08,0.0,0.0,0.0,0.000288129870734296
2026-08-24T01:48:28.038360,0.63,0.5857046694000847,3.968383096971966,0.0,-5.701928693646607e-07,0.0,0.0,-2.850964346823265e-07,0.9999999999999594,5.84301004660772e-13,9.128705776476065e-08,0.0,0.0,0.0,-5.681170691011005e-05
2026-08-24T01:48:28.072959,0.65,0.5857046694000847,3.9683830969665763,0.0,4.704535494504114e-07,0.0,0.0,2.3522677472520353e-07,0.9999999999999724,5.816546086883128e-13,9.074782935040992e-08,0.0,0.0,0.0,3.970715815859518e-05
2026-08-24T01:48:28.109357,0.67,0.5857046694000847,3.968383096961033,0.0,-1.3174823561001858e-06,0.0,0.0,-6.587411780500453e-07,0.9999999999997831,5.789290480827289e-13,9.019310927234348e-08,0.0,0.0,0.0,-0.0001997853720725281
2026-08-24T01:48:28.143072,0.6900000000000001,0.5857046694000847,3.9683830969553364,0.0,-3.738745188996973e-07,0.0,0.0,-1.8693725944984754e-07,0.9999999999999826,5.761471578976181e-13,8.962317823352217e-08,0.0,0.0,0.0,0.00022308631392583552
2026-08-24T01:48:28.182664,0.7100000000000001,0.5857046694000846,3.968383096949492,0.0,-1.4149220728398862e-07,0.0,0.0,-7.074610364199424e-08,0.9999999999999974,5.732919004625632e-13,8.903832454901228e-08,0.0,0.0,0.0,1.5275167442057695e-05
2026-08-24T01:48:28.218112,0.7300000000000001,0.5857046694000846,3.968383096943501,0.0,5.130402906949882e-07,0.0,0.0,2.565201453474913e-07,0.9999999999999671,5.703613135863255e-13,8.843884342149555e-08,0.0,0.0,0.0,4.409922668727295e-05
2026-08-24T01:48:28.255075,0.75,0.5857046694000847,3.9683830969373672,0.0,1.1783588464986394e-06,0.0,0.0,5.891794232492856e-07,0.9999999999998265,5.674030423704414e-13,8.782503611248771e-08,0.0,0.0,0.0,0.00010013126598649086
2026-08-24T01:48:28.293957,0.77,0.5857046694000846,3.9683830969310927,0.0,-1.241622363590267e-06,0.0,0.0,-6.208111817950935e-07,0.9999999999998073,5.643606635947055e-13,8.719721104874511e-08,0.0,0.0,0.0,-0.0003701703657452589
2026-08-24T01:48:28.327911,0.79,0.5857046694000846,3.9683830969246823,0.0,5.113454322192013e-07,0.0,0.0,2.556727161095978e-07,0.9999999999999674,5.612780926935163e-13,8.655568249353596e-08,0.0,0.0,0.0,3.275646152038641e-05
2026-08-24T01:48:28.366020,0.81,0.5857046694000846,3.9683830969181377,0.0,-8.36977322560273e-07,0.0,0.0,-4.1848866128012417e-07,0.9999999999999124,5.581298821580815e-13,8.590077054435042e-08,0.0,0.0,0.0,-0.00016259410526638584
2026-08-24T01:48:28.403081,0.8200000000000001,0.5857046694000818,3.968383096059087,0.0,-6.821210263296962e-13,0.0,0.0,-3.410605131648481e-13,1.0,-6.91226051150604e-18,8.524215738825447e-08,0.0,0.0,0.0,-0.0002986191996328359
2026-08-24T01:48:28.439795,0.8500000000000001,0.5857046694000846,3.96838309690466,0.0,1.577112969108896e-07,0.0,0.0,7.885564845544471e-08,0.9999999999999969,5.516905745943063e-13,8.45521041403785e-08,0.0,0.0,0.0,0.0003762151455411044
2026-08-24T01:48:28.476266,0.8600000000000001,0.5857046694000818,3.9683830960590876,0.0,1.0906830993917538e-12,0.0,0.0,5.453415496958769e-13,1.0,-6.96746075111648e-18,8.387039684976116e-08,0.0,0.0,0.0,-0.00014703549387742458
2026-08-24T01:48:28.513524,0.89,0.5857046694000846,3.9683830968906886,0.0,2.700267898614328e-06,0.0,0.0,1.3501339493067538e-06,0.9999999999990886,5.450581974110491e-13,8.315387953178321e-08,0.0,0.0,0.0,-0.00029425190204817334
2026-08-24T01:48:28.549787,0.91,0.5857046694000846,3.968383096883526,0.0,-3.0549307150629095e-06,0.0,0.0,-1.5274653575308605e-06,0.9999999999988334,5.416505289611472e-13,8.243703728691432e-08,0.0,0.0,0.0,-0.00019911398845012224
2026-08-24T01:48:28.582026,0.92,0.5857046694000818,3.968383096059087,0.0,-1.3997691894473974e-12,0.0,0.0,-6.998845947236987e-13,1.0,-1.2914080649982515e-17,8.172353838098445e-08,0.0,0.0,0.0,-0.0002354289755315754
2026-08-24T01:48:28.619544,0.9500000000000001,0.5857046694000845,3.9683830968688634,0.0,-6.255243789610176e-08,0.0,0.0,-3.1276218948050876e-08,0.9999999999999996,5.3472990620915e-13,8.096964036877208e-08,0.0,0.0,0.0,-0.00019138354248624887
2026-08-24T01:48:28.658565,0.9700000000000001,0.5857046694000845,3.9683830968613707,0.0,-1.3463221892884292e-06,0.0,0.0,-6.731610946441638e-07,0.9999999999997734,5.312215609493205e-13,8.021979617023333e-08,0.0,0.0,0.0,-0.00012567933001530774
2026-08-24T01:48:28.699817,0.9900000000000001,0.5857046694000845,3.9683830968537754,0.0,2.3519416156858597e-06,0.0,0.0,1.1759708078426588e-06,0.9999999999993086,5.276774009280068e-13,7.945966808919903e-08,0.0,0.0,0.0,2.582696867953671e-05
2026-08-24T01:48:28.739943,1.01,0.5857046694000845,3.968383096846082,0.0,1.3269336642807161e-06,0.0,0.0,6.634668321403094e-07,0.99999999999978,5.240723757211444e-13,7.868961893933712e-08,0.0,0.0,0.0,-9.205470775070179e-05
2026-08-24T01:48:28.780007,1.03,0.5857046694000844,3.9683830968382927,0.0,-3.228402918331597e-07,0.0,0.0,-1.6142014591657914e-07,0.999999999999987,5.204619741522592e-13,7.79100147509093e-08,0.0,0.0,0.0,-0.0002993971745417798
2026-08-24T01:48:28.820474,1.06,5.856965200350259e-07,3.92987519948395e-06,0.0,8.197886813832156e-13,0.0,0.0,4.098943406916078e-13,1.0,-2.9492706159206517e-09,-1.9336302813644233,0.0,0.0,0.0,7.299089213484058e-05
2026-08-24T01:48:28.895357,1.09,0.5857046694000845,3.9683830968143883,0.0,-1.511989526914448e-06,0.0,0.0,-7.559947634571519e-07,0.9999999999997142,5.093870734419519e-13,7.551756866355785e-08,0.0,0.0,0.0,0.0001963121023229169
2026-08-24T01:48:28.933616,1.11,0.5857046694000844,3.9683830968062552,0.0,-3.38568090896274e-07,0.0,0.0,-1.692840454481362e-07,0.9999999999999857,5.056491051414798e-13,7.470345115556665e-08,0.0,0.0,0.0,0.0001313167598261455
2026-08-24T01:48:28.972356,1.13,0.5857046694000844,3.968383096798044,0.0,9.89650680072174e-07,0.0,0.0,4.948253400360667e-07,0.9999999999998775,5.01875222449015e-13,7.388163870053477e-08,0.0,0.0,0.0,0.0002136708272072268
2026-08-24T01:48:29.006713,1.15,0.5857046694000843,3.9683830967897613,0.0,-3.568114137486589e-07,0.0,0.0,-1.7840570687432849e-07,0.9999999999999841,4.9807879151695e-13,7.305250799463647e-08,0.0,0.0,0.0,-0.000279546968861768
2026-08-24T01:48:29.047866,1.17,0.5857046694000843,3.968383096781408,0.0,1.930194840848998e-06,0.0,0.0,9.650974204243492e-07,0.9999999999995343,4.942565811043645e-13,7.221643649732434e-08,0.0,0.0,0.0,-0.00029128875502421893
2026-08-24T01:48:29.079328,1.19,0.5857046694000843,3.9683830967729894,0.0,-1.8497675902118262e-06,0.0,0.0,-9.248837951057812e-07,0.9999999999995723,4.904316434811011e-13,7.137379992985804e-08,0.0,0.0,0.0,-6.0821571289866616e-06
2026-08-24T01:48:29.115216,1.21,0.5857046694000843,3.968383096764509,0.0,5.032525205450612e-07,0.0,0.0,2.516262602725279e-07,0.9999999999999684,4.865856137885023e-13,7.052497527193502e-08,0.0,0.0,0.0,5.904374741811802e-05
2026-08-24T01:48:29.154003,1.23,0.5857046694000843,3.9683830967559706,0.0,3.161577804000615e-07,0.0,0.0,1.5807889020003008e-07,0.9999999999999875,4.827085889512018e-13,6.967033909760501e-08,0.0,0.0,0.0,-0.00013725252041789908
2026-08-24T01:48:29.189963,1.25,0.5857046694000843,3.9683830967473783,0.0,3.6481473908445143e-06,0.0,0.0,1.8240736954212454e-06,0.9999999999983363,4.788307181550172e-13,6.881026678895452e-08,0.0,0.0,0.0,-3.657876583879001e-05
2026-08-24T01:48:29.230880,1.27,0.5857046694000841,3.9683830967387355,0.0,2.4938344944658297e-06,0.0,0.0,1.2469172472325917e-06,0.9999999999992226,4.749324826359388e-13,6.794513309732464e-08,0.0,0.0,0.0,-8.945087078769166e-06
2026-08-24T01:48:29.261078,1.29,0.5857046694000841,3.9683830967300455,0.0,-6.181899570023575e-08,0.0,0.0,-3.0909497850117866e-08,0.9999999999999996,4.710121257561564e-13,6.707531113425702e-08,0.0,0.0,0.0,-4.982214229276875e-05
2026-08-24T01:48:29.301221,1.31,0.5857046694000841,3.968383096721313,0.0,-8.510373512571334e-07,0.0,0.0,-4.2551867562855385e-07,0.9999999999999095,4.671106397846993e-13,6.62011727103895e-08,0.0,0.0,0.0,0.0005430613889415768
2026-08-24T01:48:29.340338,1.33,0.585704669400084,3.9683830967125413,0.0,-3.201147946718663e-07,0.0,0.0,-1.6005739733593247e-07,0.9999999999999872,4.631882326402571e-13,6.532308855083935e-08,0.0,0.0,0.0,0.00030284705543458067
2026-08-24T01:48:29.373105,1.35,0.5857046694000841,3.968383096703733,0.0,-3.838344930784389e-08,0.0,0.0,-1.9191724653921938e-08,0.9999999999999998,4.592452486334579e-13,6.44414242920166e-08,0.0,0.0,0.0,0.00011916203165880226
2026-08-24T01:48:29.409291,1.37,0.5857046694000841,3.968383096694893,0.0,-4.3427397544704155e-07,0.0,0.0,-2.1713698772351905e-07,0.9999999999999765,4.552903513677126e-13,6.355654748907425e-08,0.0,0.0,0.0,0.0002570802714403898
2026-08-24T01:48:29.441860,1.38,0.5857046694000819,3.968383096059087,0.0,5.95523630408934e-13,0.0,0.0,2.97761815204467e-13,1.0,1.6184190592699698e-18,6.27187712876065e-08,0.0,0.0,0.0,-0.00023350922101066996
2026-08-24T01:48:29.485604,1.4,0.5857046694000818,3.9683830960590876,0.0,-1.1675105326958146e-12,0.0,0.0,-5.837552663479073e-13,1.0,1.1056526718290178e-18,6.183038492313386e-08,0.0,0.0,0.0,0.00032817130086523327
2026-08-24T01:48:29.519212,1.4300000000000002,0.5857046694000841,3.968383096668218,0.0,8.823116015577171e-07,0.0,0.0,4.411558007788442e-07,0.9999999999999027,4.4346169372658426e-13,6.088624527667009e-08,0.0,0.0,0.0,2.586142966368598e-05
2026-08-24T01:48:29.558850,1.45,0.5857046694000841,3.9683830966592866,0.0,6.263105745141219e-07,0.0,0.0,3.1315528725705574e-07,0.9999999999999509,4.3949148276486903e-13,5.999210885371254e-08,0.0,0.0,0.0,-0.00018366321101149835
2026-08-24T01:48:29.596455,1.47,0.585704669400084,3.9683830966503395,0.0,8.551996746319902e-07,0.0,0.0,4.27599837315982e-07,0.9999999999999086,4.3555462960329544e-13,5.909653902902434e-08,0.0,0.0,0.0,-2.081168528039817e-05
2026-08-24T01:48:29.633613,1.49,0.5857046694000839,3.9683830966413827,0.0,2.9780691606084986e-06,0.0,0.0,1.489034580303699e-06,0.9999999999988914,4.3160002071367064e-13,5.819988156213762e-08,0.0,0.0,0.0,0.0001722019745231349
2026-08-24T01:48:29.671152,1.51,0.5857046694000839,3.968383096632418,0.0,1.3734861337155735e-07,0.0,0.0,6.867430668577862e-08,0.9999999999999977,4.276554299883658e-13,5.7302477224074886e-08,0.0,0.0,0.0,0.00048808778993660723
2026-08-24T01:48:29.706198,1.53,0.5857046694000839,3.96838309662345,0.0,-1.405028710266265e-06,0.0,0.0,-7.025143551330747e-07,0.9999999999997532,4.2371581875858013e-13,5.64046625717296e-08,0.0,0.0,0.0,-0.00022299281438347546
2026-08-24T01:48:29.739804,1.55,0.5857046694000839,3.9683830966144797,0.0,-1.5877243759732096e-06,0.0,0.0,-7.938621879865214e-07,0.9999999999996849,4.197900497283525e-13,5.550676861254544e-08,0.0,0.0,0.0,0.00018439776368601028
2026-08-24T01:48:29.777462,1.57,0.5857046694000839,3.968383096605514,0.0,2.1892034052228834e-07,0.0,0.0,1.0946017026114396e-07,0.999999999999994,4.158604347557572e-13,5.4609123915361215e-08,0.0,0.0,0.0,0.00017309877836800563
2026-08-24T01:48:29.809177,1.59,0.5857046694000839,3.9683830965965523,0.0,-2.4182793731952756e-06,0.0,0.0,-1.2091396865973433e-06,0.999999999999269,4.119327570057288e-13,5.3712048049825436e-08,0.0,0.0,0.0,1.7004342515638263e-05
2026-08-24T01:48:29.847006,1.6099999999999999,0.5857046694000838,3.9683830965876,0.0,1.6190770328883277e-06,0.0,0.0,8.095385164440753e-07,0.9999999999996724,4.0801751761525193e-13,5.2815859699628653e-08,0.0,0.0,0.0,0.0002828966340223971
2026-08-24T01:48:29.883702,1.63,0.5857046694000838,3.968383096578661,0.0,3.4314252390643674e-06,0.0,0.0,1.715712619531342e-06,0.9999999999985282,4.0410837107456675e-13,5.19208697696838e-08,0.0,0.0,0.0,-0.00018522307663935273
2026-08-24T01:48:29.919417,1.6400000000000001,0.5857046694000819,3.968383096059087,0.0,4.405364961712621e-13,0.0,0.0,2.2026824808563106e-13,1.0,8.996914901452298e-18,5.110204992497813e-08,0.0,0.0,0.0,-0.00024732060206226667
2026-08-24T01:48:29.964665,1.67,0.5857046694000838,3.9683830965608275,0.0,1.2163130671538627e-06,0.0,0.0,6.081565335768937e-07,0.999999999999815,3.963468573096602e-13,5.013570155865121e-08,0.0,0.0,0.0,-8.738255420683403e-05
2026-08-24T01:48:29.993297,1.69,0.5857046694000838,3.9683830965519413,0.0,-1.106231084957443e-06,0.0,0.0,-5.531155424786934e-07,0.999999999999847,3.924747154184967e-13,4.9246116959611455e-08,0.0,0.0,0.0,0.00024560927662669577
2026-08-24T01:48:30.032101,1.71,0.5857046694000838,3.9683830965430795,0.0,-8.531692605728837e-07,0.0,0.0,-4.2658463028642886e-07,0.999999999999909,3.886223665050611e-13,4.835891836751927e-08,0.0,0.0,0.0,-0.00028672220616512035
2026-08-24T01:48:30.066398,1.73,0.5857046694000837,3.9683830965342435,0.0,1.824499329838858e-06,0.0,0.0,9.122496649193024e-07,0.9999999999995839,3.847745772484131e-13,4.747438643870616e-08,0.0,0.0,0.0,2.9806240233402187e-06
2026-08-24T01:48:30.102012,1.74,0.5857046694000818,3.968383096059088,0.0,5.173639294753229e-13,0.0,0.0,2.5868196473766147e-13,1.0,1.2894993518971586e-18,4.6677158804797614e-08,0.0,0.0,0.0,0.00024875188935055627
2026-08-24T01:48:30.140004,1.77,0.5857046694000837,3.9683830965166633,0.0,7.943655671027728e-07,0.0,0.0,3.9718278355137594e-07,0.9999999999999212,3.7713502479198246e-13,4.571442238532342e-08,0.0,0.0,0.0,0.00023894830134293818
2026-08-24T01:48:30.176322,1.79,0.5857046694000837,3.968383096507924,0.0,3.267592669331521e-06,0.0,0.0,1.6337963346650335e-06,0.9999999999986654,3.7335395189528664e-13,4.483952108058631e-08,0.0,0.0,0.0,0.000143895153208772
2026-08-24T01:48:30.213977,1.81,0.5857046694000837,3.9683830964992217,0.0,-1.6391543118388083e-06,0.0,0.0,-8.195771559193125e-07,0.9999999999996642,3.69560904210285e-13,4.3968350858514247e-08,0.0,0.0,0.0,1.8278521352600675e-06
2026-08-24T01:48:30.251888,1.83,0.5857046694000836,3.9683830964905598,0.0,-3.480752852169644e-06,0.0,0.0,-1.7403764260839434e-06,0.9999999999984855,3.657874366046262e-13,4.3101160982494944e-08,0.0,0.0,0.0,5.643685084727424e-05
2026-08-24T01:48:30.282523,1.84,0.5857046694000818,3.968383096059087,0.0,-8.08242361927114e-13,0.0,0.0,-4.04121180963557e-13,1.0,-6.8692987283647304e-18,4.233211514659274e-08,0.0,0.0,0.0,-0.00013917860935031375
2026-08-24T01:48:30.320614,1.87,0.5857046694000836,3.9683830964733637,0.0,4.033549291904137e-06,0.0,0.0,2.0167746459507015e-06,0.9999999999979663,3.583350450954972e-13,4.13796844891956e-08,0.0,0.0,0.0,0.00021078505211546926
2026-08-24T01:48:30.353164,1.8900000000000001,0.5857046694000836,3.9683830964648346,0.0,4.692869861155914e-06,0.0,0.0,2.3464349305758032e-06,0.9999999999972471,3.5464507984266386e-13,4.05258636568262e-08,0.0,0.0,0.0,7.94452983455588e-05
2026-08-24T01:48:30.388375,1.9100000000000001,0.5857046694000836,3.9683830964563547,0.0,1.7911774685686055e-07,0.0,0.0,8.955887342843016e-08,0.999999999999996,3.509518451303916e-13,3.96769513003048e-08,0.0,0.0,0.0,-4.145134443393434e-05
2026-08-24T01:48:30.419999,1.9300000000000002,0.5857046694000836,3.968383096447926,0.0,6.199803643802682e-07,0.0,0.0,3.099901821901291e-07,0.9999999999999519,3.472795476911304e-13,3.8833163936435875e-08,0.0,0.0,0.0,4.05052776510022e-05
2026-08-24T01:48:30.453073,1.9500000000000002,0.5857046694000835,3.968383096439551,0.0,-3.537130477404559e-07,0.0,0.0,-1.7685652387022706e-07,0.9999999999999843,3.4365291921912245e-13,3.799470839171981e-08,0.0,0.0,0.0,-6.582601274448852e-05
2026-08-24T01:48:30.491969,1.9700000000000002,0.5857046694000835,3.96838309643123,0.0,-1.0940134842485351e-07,0.0,0.0,-5.470067421242672e-08,0.9999999999999986,3.4002010754115064e-13,3.716178669538328e-08,0.0,0.0,0.0,8.802490365386607e-05
2026-08-24T01:48:30.522554,1.98,0.5857046694000818,3.968383096059087,0.0,2.162714451969805e-13,0.0,0.0,1.0813572259849025e-13,1.0,-5.734573721005216e-18,3.644141377545651e-08,0.0,0.0,0.0,7.494121498351105e-05
2026-08-24T01:48:30.558720,2.01,0.5857046694000835,3.968383096414763,0.0,2.424538179113256e-07,0.0,0.0,1.212269089556625e-07,0.9999999999999927,3.3286047100655323e-13,3.551331487022802e-08,0.0,0.0,0.0,-0.00033242875623323766
2026-08-24T01:48:30.597317,2.03,0.5857046694000835,3.9683830964066202,0.0,-3.994845449994956e-07,0.0,0.0,-1.9974227249974642e-07,0.99999999999998,3.292980124420882e-13,3.469813036172109e-08,0.0,0.0,0.0,0.00011379958921638528
2026-08-24T01:48:30.632184,2.04,0.5857046694000818,3.968383096059088,0.0,2.0738966099997924e-13,0.0,0.0,1.0369483049998962e-13,1.0,-7.375570919144278e-18,3.400131509678772e-08,0.0,0.0,0.0,-1.8501131301915027e-05
2026-08-24T01:48:30.670669,2.07,0.5857046694000835,3.9683830963905242,0.0,-1.925972618721517e-06,0.0,0.0,-9.629863093606094e-07,0.9999999999995364,3.2227864020895076e-13,3.3086733309817264e-08,0.0,0.0,0.0,8.818861565670325e-06
2026-08-24T01:48:30.701193,2.09,0.5857046694000834,3.9683830963825732,0.0,2.9098703246965844e-06,0.0,0.0,1.4549351623477787e-06,0.9999999999989416,3.1879383783919377e-13,3.2290845133897686e-08,0.0,0.0,0.0,-0.00014545645675547797
2026-08-24T01:48:30.736274,2.11,0.5857046694000834,3.9683830963746902,0.0,7.109839339491942e-07,0.0,0.0,3.554919669745896e-07,0.9999999999999368,3.153426294637119e-13,3.150170384880191e-08,0.0,0.0,0.0,-8.214336577904918e-05
2026-08-24T01:48:30.774115,2.12,0.5857046694000818,3.9683830960590876,0.0,-2.842170943040401e-14,0.0,0.0,-1.4210854715202004e-14,1.0,1.2182544073481963e-18,3.0838302578217736e-08,0.0,0.0,0.0,-5.537509373846822e-05
2026-08-24T01:48:30.807080,2.15,0.5857046694000834,3.968383096359132,0.0,2.0100492035268758e-06,0.0,0.0,1.0050246017632687e-06,0.999999999999495,3.084984830674897e-13,2.994423398572366e-08,0.0,0.0,0.0,2.054176858285928e-05
2026-08-24T01:48:30.839267,2.17,0.5857046694000834,3.9683830963514595,0.0,2.612994665529556e-06,0.0,0.0,1.3064973327644061e-06,0.9999999999991466,3.051156934544859e-13,2.9176177809842053e-08,0.0,0.0,0.0,-4.368923673118475e-05
2026-08-24T01:48:30.876084,2.19,0.5857046694000834,3.9683830963438598,0.0,-8.548424568211032e-07,0.0,0.0,-4.274212284105386e-07,0.9999999999999086,3.0176145950950904e-13,2.8415411105209286e-08,0.0,0.0,0.0,-2.1646422840719486e-05
2026-08-24T01:48:30.912441,2.21,0.5857046694000833,3.968383096336334,0.0,-1.5360287251020568e-06,0.0,0.0,-7.680143625509528e-07,0.9999999999997051,2.9843148886483925e-13,2.7662050955390427e-08,0.0,0.0,0.0,-1.8654886166247372e-06
2026-08-24T01:48:30.951383,2.22,0.5857046694000818,3.9683830960590876,0.0,-4.298783551348606e-13,0.0,0.0,-2.149391775674303e-13,1.0,-7.742521190517437e-18,2.7042961647794073e-08,0.0,0.0,0.0,0.0002506675838139613
2026-08-24T01:48:30.989729,2.25,0.5857046694000833,3.9683830963215083,0.0,8.897287195885896e-07,0.0,0.0,4.4486435979428006e-07,0.9999999999999011,2.9185292669128596e-13,2.617799419346589e-08,0.0,0.0,0.0,0.0003671537619991276
2026-08-24T01:48:31.025082,2.27,0.5857046694000833,3.9683830963142106,0.0,1.3063669257462607e-07,0.0,0.0,6.531834628731298e-08,0.9999999999999979,2.886047483040707e-13,2.5447503964048935e-08,0.0,0.0,0.0,6.462697715911422e-05
2026-08-24T01:48:31.056993,2.29,0.5857046694000833,3.9683830963069915,0.0,1.1214747752674727e-07,0.0,0.0,5.60737387633736e-08,0.9999999999999984,2.8537037432454775e-13,2.4724830926525775e-08,0.0,0.0,0.0,0.00012663046080172992
2026-08-24T01:48:31.094540,2.31,0.5857046694000833,3.9683830962998505,0.0,3.096182857209584e-06,0.0,0.0,1.5480914286041737e-06,0.9999999999988017,2.821840546976245e-13,2.4010064048063384e-08,0.0,0.0,0.0,0.0002724500084341567
2026-08-24T01:48:31.127623,2.33,0.5857046694000833,3.96838309629279,0.0,-2.1334588367061266e-06,0.0,0.0,-1.0667294183528607e-06,0.999999999999431,2.790144204598209e-13,2.3303284260034474e-08,0.0,0.0,0.0,0.0001130195735289624
2026-08-24T01:48:31.159325,2.34,0.5857046694000817,3.9683830960590876,0.0,-2.76667577736589e-13,0.0,0.0,-1.383337888682945e-13,1.0,-9.734514149677498e-18,2.2739919725012214e-08,0.0,0.0,0.0,-0.00014475946391675755
2026-08-24T01:48:31.204363,2.37,0.5857046694000831,3.9683830962789104,0.0,1.3126542888208803e-06,0.0,0.0,6.56327144410393e-07,0.9999999999997846,2.727634808493079e-13,2.1913980025045633e-08,0.0,0.0,0.0,-9.499455087597222e-05
2026-08-24T01:48:31.233203,2.39,0.5857046694000831,3.9683830962720927,0.0,-5.188398470856725e-07,0.0,0.0,-2.5941992354283336e-07,0.9999999999999664,2.6965531611964386e-13,2.1231587880587987e-08,0.0,0.0,0.0,7.116886823746785e-05
2026-08-24T01:48:31.273881,2.41,0.5857046694000831,3.968383096265358,0.0,1.8202792531063496e-06,0.0,0.0,9.10139626553049e-07,0.9999999999995858,2.66596600829953e-13,2.0557449552094375e-08,0.0,0.0,0.0,0.00013543549813986626
2026-08-24T01:48:31.304975,2.43,0.5857046694000831,3.968383096258706,0.0,2.208357490651735e-06,0.0,0.0,1.1041787453256433e-06,0.9999999999993904,2.6356586421589206e-13,1.9891615516409723e-08,0.0,0.0,0.0,-0.00026640870930814633
2026-08-24T01:48:31.338108,2.45,0.5857046694000831,3.968383096252137,0.0,2.567350491755605e-06,0.0,0.0,1.2836752458774497e-06,0.9999999999991761,2.605422577646332e-13,1.923413312510114e-08,0.0,0.0,0.0,-2.448233058968891e-05
2026-08-24T01:48:31.378071,2.47,0.5857046694000831,3.968383096245653,0.0,-1.5572883032000109e-06,0.0,0.0,-7.786441515999267e-07,0.9999999999996969,2.5756647868589547e-13,1.8585045153951542e-08,0.0,0.0,0.0,-0.00023575926063316744
2026-08-24T01:48:31.406020,2.49,0.585704669400083,3.9683830962392515,0.0,-2.1005715589161866e-06,0.0,0.0,-1.0502857794579002e-06,0.9999999999994484,2.546082042304556e-13,1.7944385786727856e-08,0.0,0.0,0.0,-1.59099673183722e-05
2026-08-24T01:48:31.443891,2.51,0.585704669400083,3.968383096232935,0.0,2.4025472185051915e-06,0.0,0.0,1.2012736092523067e-06,0.9999999999992785,2.51685376294827e-13,1.7312188868578994e-08,0.0,0.0,0.0,3.897459579005092e-05
2026-08-24T01:48:31.477305,2.5300000000000002,0.585704669400083,3.9683830962267024,0.0,2.710231316704892e-06,0.0,0.0,1.3551156583520311e-06,0.9999999999990818,2.48791429616618e-13,1.668848054303673e-08,0.0,0.0,0.0,-0.0001190970312043493
2026-08-24T01:48:31.511121,2.55,0.585704669400083,3.968383096220556,0.0,1.0626737765306873e-06,0.0,0.0,5.313368882653185e-07,0.9999999999998589,2.4590119720645737e-13,1.6073282943507295e-08,0.0,0.0,0.0,8.138433388570906e-05
2026-08-24T01:48:31.550673,2.5700000000000003,0.585704669400083,3.968383096214495,0.0,-4.05615724075048e-06,0.0,0.0,-2.0280786203738495e-06,0.9999999999979434,2.430747826585722e-13,1.5466612064418683e-08,0.0,0.0,0.0,0.00015524326281577967
2026-08-24T01:48:31.580939,2.59,0.585704669400083,3.9683830962085187,0.0,-4.31089898844661e-06,0.0,0.0,-2.155449494221636e-06,0.999999999997677,2.402436978560811e-13,1.4868480544549811e-08,0.0,0.0,0.0,0.00011713473386856549
2026-08-24T01:48:31.613227,2.61,0.585704669400083,3.9683830962026274,0.0,1.567197206231441e-06,0.0,0.0,7.835986031156403e-07,0.999999999999693,2.374535878069448e-13,1.4278896561803478e-08,0.0,0.0,0.0,1.916688239225189e-05
2026-08-24T01:48:31.654788,2.63,0.585704669400083,3.968383096196822,0.0,-3.2907322373709746e-06,0.0,0.0,-1.645366118684745e-06,0.9999999999986464,2.346939022553791e-13,1.3697863834316593e-08,0.0,0.0,0.0,-1.5956390033084952e-05
2026-08-24T01:48:31.696524,2.65,0.5857046694000829,3.9683830961911015,0.0,1.2623295839730986e-06,0.0,0.0,6.311647919865074e-07,0.9999999999998008,2.319596275203639e-13,1.3125382612999558e-08,0.0,0.0,0.0,0.00015162354531236645
2026-08-24T01:48:31.733216,2.67,0.5857046694000829,3.9683830961854665,0.0,1.829284057119907e-06,0.0,0.0,9.146420285598258e-07,0.9999999999995817,2.2924875805867973e-13,1.2561446798287079e-08,0.0,0.0,0.0,-0.00030552854247050315
2026-08-24T01:48:31.762269,2.69,0.5857046694000829,3.9683830961799167,0.0,3.7416556253333515e-06,0.0,0.0,1.8708278126655841e-06,0.99999999999825,2.2654572425920164e-13,1.200604860307486e-08,0.0,0.0,0.0,9.300137398238277e-05
2026-08-24T01:48:31.802461,2.71,0.5857046694000828,3.9683830961744517,0.0,4.119447001293963e-07,0.0,0.0,2.059723500646967e-07,0.9999999999999788,2.2389930615246043e-13,1.1459176446626529e-08,0.0,0.0,0.0,4.4536095199490694e-05
2026-08-24T01:48:31.841122,2.73,0.585704669400083,3.9683830961690725,0.0,-3.0878594019512202e-06,0.0,0.0,-1.5439297009749969e-06,0.9999999999988082,2.2126508297779927e-13,1.0920813845460841e-08,0.0,0.0,0.0,-8.645400525641306e-05
2026-08-24T01:48:31.875395,2.75,0.5857046694000829,3.9683830961637767,0.0,2.923789345743444e-06,0.0,0.0,1.4618946728712012e-06,0.9999999999989314,2.1867421390027541e-13,1.0390940187177122e-08,0.0,0.0,0.0,-0.00018003893682393937
2026-08-24T01:48:31.913484,2.77,0.5857046694000829,3.9683830961585675,0.0,-6.793149007755518e-07,0.0,0.0,-3.3965745038776933e-07,0.9999999999999423,2.160889323105815e-13,9.869535066986402e-09,0.0,0.0,0.0,0.00023267558624891628
2026-08-24T01:48:31.945741,2.79,0.5857046694000829,3.9683830961534414,0.0,-1.2451688169434762e-06,0.0,0.0,-6.225844084716978e-07,0.9999999999998062,2.135244691219069e-13,9.356569162788376e-09,0.0,0.0,0.0,0.0002550736868249839
2026-08-24T01:48:31.980894,2.81,0.5857046694000829,3.968383096148398,0.0,-3.1715717128122374e-06,0.0,0.0,-1.5857858564054542e-06,0.9999999999987427,2.1101532920764858e-13,8.852015823679338e-09,0.0,0.0,0.0,0.00011291417656311616
2026-08-24T01:48:32.013520,2.83,0.5857046694000828,3.9683830961434396,0.0,2.726298358179946e-06,0.0,0.0,1.3631491790895508e-06,0.999999999999071,2.085090720605532e-13,8.355841381035845e-09,0.0,0.0,0.0,0.00014514187572017695
2026-08-24T01:48:32.047768,2.85,0.5857046694000828,3.968383096138564,0.0,-5.003579386375634e-07,0.0,0.0,-2.501789693187791e-07,0.9999999999999687,2.0604029343393203e-13,7.868010589717756e-09,0.0,0.0,0.0,8.666174917999322e-05
2026-08-24T01:48:32.088425,2.87,0.5857046694000828,3.9683830961337714,0.0,-9.055803995572377e-07,0.0,0.0,-4.5279019977860333e-07,0.9999999999998975,2.0359720674600652e-13,7.388483528325551e-09,0.0,0.0,0.0,-0.00022372478852439036
2026-08-24T01:48:32.122514,2.89,0.5857046694000829,3.9683830961290614,0.0,3.631550459459732e-06,0.0,0.0,1.815775229728868e-06,0.9999999999983514,2.011763392370035e-13,6.917221143654118e-09,0.0,0.0,0.0,-4.563523641177859e-05
2026-08-24T01:48:32.155202,2.91,0.5857046694000828,3.9683830961244335,0.0,-4.480620097169207e-08,0.0,0.0,-2.2403100485846036e-08,0.9999999999999998,1.9877564271808241e-13,6.454177939874128e-09,0.0,0.0,0.0,7.635654693875386e-05
2026-08-24T01:48:32.189871,2.92,0.5857046694000818,3.968383096059088,0.0,2.020605904817785e-13,0.0,0.0,1.0103029524088925e-13,1.0,-6.87486987557713e-19,6.160652876729955e-09,0.0,0.0,0.0,0.00015820982457249376
2026-08-24T01:48:32.226747,2.95,0.5857046694000828,3.968383096115421,0.0,4.637865481438298e-06,0.0,0.0,2.3189327407170703e-06,0.9999999999973113,1.940680478784825e-13,5.5525665465516736e-09,0.0,0.0,0.0,-6.140211988699308e-05
2026-08-24T01:48:32.258417,2.96,0.5857046694000818,3.968383096059087,0.0,1.119992987241858e-12,0.0,0.0,5.59996493620929e-13,1.0,-1.9696296987577713e-19,5.276064918291468e-09,0.0,0.0,0.0,0.0002188375865549358
2026-08-24T01:48:32.289920,2.99,0.5857046694000828,3.9683830961067326,0.0,4.0670245815555015e-06,0.0,0.0,2.033512290776349e-06,0.9999999999979324,1.894468719558381e-13,4.683251335624305e-09,0.0,0.0,0.0,-2.026745360062611e-05
2026-08-24T01:48:32.326892,3.01,0.5857046694000828,3.9683830961025066,0.0,2.501770465013209e-06,0.0,0.0,1.2508852325062783e-06,0.9999999999992176,1.8718120836411558e-13,4.260571310754635e-09,0.0,0.0,0.0,-0.0003715959064559253
2026-08-24T01:48:32.362746,3.03,0.5857046694000827,3.968383096098361,0.0,-1.4027913977088247e-06,0.0,0.0,-7.013956988543548e-07,0.999999999999754,1.849303650668837e-13,3.8458001139218825e-09,0.0,0.0,0.0,0.00015612084092663745
2026-08-24T01:48:32.398472,3.05,0.5857046694000827,3.9683830960942936,0.0,-2.46355589217373e-06,0.0,0.0,-1.2317779460865535e-06,0.9999999999992414,1.827019832173247e-13,3.4388777137017713e-09,0.0,0.0,0.0,-5.735375270197806e-05
2026-08-24T01:48:32.432961,3.07,0.5857046694000828,3.968383096090303,0.0,1.4619190107367785e-06,0.0,0.0,7.309595053683242e-07,0.9999999999997329,1.8050328310721802e-13,3.0397443145924187e-09,0.0,0.0,0.0,0.0002463814607976864
2026-08-24T01:48:32.460475,3.09,0.5857046694000826,3.9683830960863897,0.0,1.892089839472533e-06,0.0,0.0,9.460449197361252e-07,0.9999999999995525,1.783280360508265e-13,2.648338107702486e-09,0.0,0.0,0.0,-0.0002451952002049817
2026-08-24T01:48:32.500339,3.11,0.5857046694000827,3.9683830960825537,0.0,5.96406234176783e-07,0.0,0.0,2.9820311708838703e-07,0.9999999999999556,1.7617646444609664e-13,2.2645966002432515e-09,0.0,0.0,0.0,0.0003063741360459934
2026-08-24T01:48:32.537575,3.13,0.5857046694000827,3.968383096078793,0.0,3.978620538358513e-06,0.0,0.0,1.9893102691779443e-06,0.9999999999980214,1.7405808305888193e-13,1.8884492969384327e-09,0.0,0.0,0.0,0.0001747881123390548
2026-08-24T01:48:32.571863,3.15,0.5857046694000827,3.9683830960751076,0.0,1.8076985517367918e-06,0.0,0.0,9.038492758682728e-07,0.9999999999995915,1.7194820941732706e-13,1.5198325892251674e-09,0.0,0.0,0.0,-2.330748721649016e-05
2026-08-24T01:48:32.614288,3.16,0.5857046694000818,3.968383096059087,0.0,4.39648317751562e-13,0.0,0.0,2.19824158875781e-13,1.0,-7.770152955628004e-18,1.3232264173268504e-09,0.0,0.0,0.0,-5.667834391828891e-05
2026-08-24T01:48:32.644986,3.19,0.5857046694000827,3.968383096067959,0.0,-1.395795701242264e-06,0.0,0.0,-6.978978506210753e-07,0.9999999999997564,1.6782467360300563e-13,8.049155947320585e-10,0.0,0.0,0.0,0.00026066735996041967
2026-08-24T01:48:32.683407,3.21,0.5857046694000826,3.9683830960644957,0.0,1.2212800211131027e-06,0.0,0.0,6.106400105565134e-07,0.9999999999998136,1.65785912200766e-13,4.5847472707194467e-10,0.0,0.0,0.0,0.00011859087075518896
2026-08-24T01:48:32.720110,3.23,0.5857046694000826,3.968383096061103,0.0,-3.696516688300733e-07,0.0,0.0,-1.8482583441503558e-07,0.9999999999999829,1.637768961612052e-13,1.1928128096361233e-10,0.0,0.0,0.0,-0.0004722749472390579
2026-08-24T01:48:32.754957,3.25,0.5857046694000825,3.9683830960577833,0.0,-2.7089244158950976e-06,0.0,0.0,-1.3544622079471346e-06,0.9999999999990827,1.6178317737963982e-13,-2.1273414807509995e-10,0.0,0.0,0.0,3.678176809234591e-05
2026-08-24T01:48:32.787909,3.27,0.5857046694000826,3.968383096054534,0.0,-1.9052186948087524e-06,0.0,0.0,-9.526093474042321e-07,0.9999999999995463,1.5982461143994488e-13,-5.376474332408066e-10,0.0,0.0,0.0,-0.00016510748526655643
2026-08-24T01:48:32.819322,3.29,0.5857046694000827,3.968383096051355,0.0,-2.85432829327803e-06,0.0,0.0,-1.4271641466385305e-06,0.9999999999989816,1.5787626792574082e-13,-8.555322161818425e-10,0.0,0.0,0.0,-7.952338590766915e-05
2026-08-24T01:48:32.855383,3.31,0.5857046694000826,3.9683830960482456,0.0,-1.6204684420983999e-06,0.0,0.0,-8.102342210491111e-07,0.9999999999996717,1.5594954755165285e-13,-1.1664652654896912e-09,0.0,0.0,0.0,-0.00013348275079494394
2026-08-24T01:48:32.887193,3.33,0.5857046694000826,3.9683830960452053,0.0,1.13954259672866e-06,0.0,0.0,5.697712983642991e-07,0.9999999999998377,1.540481417681944e-13,-1.4705228928990621e-09,0.0,0.0,0.0,-1.2946728749989425e-05
2026-08-24T01:48:32.931014,3.35,0.5857046694000827,3.9683830960422317,0.0,-1.2644028140051944e-06,0.0,0.0,-6.322014070025551e-07,0.9999999999998002,1.5217587563397326e-13,-1.7677805308480288e-09,0.0,0.0,0.0,-3.394984241239601e-05
2026-08-24T01:48:32.963713,3.37,0.5857046694000826,3.9683830960393243,0.0,4.51319742467149e-06,0.0,0.0,2.2565987123338294e-06,0.9999999999974539,1.5032687120351732e-13,-2.05831472588347e-09,0.0,0.0,0.0,0.00012461852697186068
2026-08-24T01:48:32.992729,3.39,0.5857046694000826,3.9683830960364856,0.0,-1.4409613413590705e-07,0.0,0.0,-7.204806706795346e-08,0.9999999999999974,1.484707774403572e-13,-2.342203355709671e-09,0.0,0.0,0.0,0.00020127927385591799
2026-08-24T01:48:33.028693,3.4,0.5857046694000818,3.968383096059087,0.0,5.213607323639735e-13,0.0,0.0,2.6068036618198676e-13,1.0,3.2761821257948167e-18,-2.455588621330662e-09,0.0,0.0,0.0,-2.7606753323711794e-05
2026-08-24T01:48:33.065952,3.43,0.5857046694000826,3.9683830960310025,0.0,-4.2725344377991794e-06,0.0,0.0,-2.136267218897965e-06,0.9999999999977182,1.4487655338659056e-13,-2.8903623566778335e-09,0.0,0.0,0.0,-1.998443386461851e-05
2026-08-24T01:48:33.099488,3.45,0.5857046694000825,3.9683830960283566,0.0,-1.515990681433266e-06,0.0,0.0,-7.579953407165602e-07,0.9999999999997127,1.4311653010017434e-13,-3.154791393678025e-09,0.0,0.0,0.0,-2.0570857600132105e-05
2026-08-24T01:48:33.128970,3.47,0.5857046694000825,3.9683830960257755,0.0,-4.031415712368868e-07,0.0,0.0,-2.0157078561844206e-07,0.9999999999999797,1.413467195147887e-13,-3.4128897419272165e-09,0.0,0.0,0.0,0.0002287320395635923
2026-08-24T01:48:33.166196,3.49,0.5857046694000825,3.968383096023255,0.0,1.106356116942209e-06,0.0,0.0,5.531780584710762e-07,0.999999999999847,1.396083229929616e-13,-3.6647415191382036e-09,0.0,0.0,0.0,-1.9293919625293552e-05
2026-08-24T01:48:33.201166,3.51,0.5857046694000825,3.968383096020796,0.0,-2.0853917539476186e-06,0.0,0.0,-1.0426958769736204e-06,0.9999999999994564,1.3791215064403192e-13,-3.9104206112083875e-09,0.0,0.0,0.0,-0.0001466350792170793
2026-08-24T01:48:33.232560,3.5300000000000002,0.5857046694000825,3.968383096018399,0.0,9.676394130408995e-08,0.0,0.0,4.838197065204495e-08,0.9999999999999988,1.3622674197930757e-13,-4.150009785819364e-09,0.0,0.0,0.0,1.5461093511167054e-05
2026-08-24T01:48:33.267010,3.56,0.8785567112518698,5.95257270321343,0.0,-1.2470025012589758e-12,0.0,0.0,-6.235012506294879e-13,1.0,1.4821705157696055e-09,2.1759674288011035,0.0,0.0,0.0,-0.00021497078186362865
2026-08-24T01:48:33.299138,3.5700000000000003,0.5857046694000824,3.9683830960137834,0.0,9.30993137249203e-07,0.0,0.0,4.654965686245847e-07,0.9999999999998916,1.328951295299315e-13,-4.611241980478907e-09,0.0,0.0,0.0,0.00012936396331161598
2026-08-24T01:48:33.332378,3.59,0.5857046694000826,3.968383096011563,0.0,-1.3494195827412627e-06,0.0,0.0,-6.747097913705801e-07,0.9999999999997724,1.3126760417903205e-13,-4.833042762664164e-09,0.0,0.0,0.0,9.709052672110494e-05
2026-08-24T01:48:33.367042,3.61,0.5857046694000825,3.9683830960094015,0.0,-4.40259435485757e-06,0.0,0.0,-2.201297177427007e-06,0.9999999999975772,1.2965417042897847e-13,-5.04907497034246e-09,0.0,0.0,0.0,0.0002678681519878006
2026-08-24T01:48:33.399531,3.62,0.5857046694000818,3.9683830960590867,0.0,-4.773959005888173e-13,0.0,0.0,-2.3869795029440866e-13,1.0,9.350582793222198e-18,-5.098845790030282e-09,0.0,0.0,0.0,-3.566582599747717e-05
2026-08-24T01:48:33.431012,3.65,0.5857046694000825,3.9683830960052457,0.0,4.458955862318703e-07,0.0,0.0,2.229477931159333e-07,0.9999999999999751,1.2649504191868602e-13,-5.4641505214947375e-09,0.0,0.0,0.0,0.00011803918935347763
2026-08-24T01:48:33.468200,3.67,0.5857046694000825,3.9683830960032522,0.0,-1.3566327132785716e-06,0.0,0.0,-6.783163566392338e-07,0.99999999999977,1.2491831412973288e-13,-5.663351196338872e-09,0.0,0.0,0.0,-4.164864326388124e-05
2026-08-24T01:48:33.499556,3.69,0.5857046694000825,3.9683830960013124,0.0,-3.3423230316742556e-06,0.0,0.0,-1.6711615158363496e-06,0.9999999999986036,1.2337733033024402e-13,-5.857102386430668e-09,0.0,0.0,0.0,0.00015110615276061706
2026-08-24T01:48:33.537554,3.71,0.5857046694000824,3.968383095999427,0.0,1.9020664625557515e-06,0.0,0.0,9.510332312777324e-07,0.9999999999995478,1.218675137159877e-13,-6.045482196515017e-09,0.0,0.0,0.0,0.00013227869014500158
2026-08-24T01:48:33.569166,3.73,0.5857046694000823,3.968383095997593,0.0,-4.575957602614979e-06,0.0,0.0,-2.2879788013054926e-06,0.9999999999973825,1.2035519267142376e-13,-6.228569621180568e-09,0.0,0.0,0.0,-5.767284314156312e-06
2026-08-24T01:48:33.606089,3.75,0.5857046694000824,3.9683830959958115,0.0,5.1554751134830206e-08,0.0,0.0,2.5777375567415103e-08,0.9999999999999997,1.1888159758166842e-13,-6.406441637185623e-09,0.0,0.0,0.0,-3.366810152272186e-05
2026-08-24T01:48:33.635428,3.77,0.5857046694000825,3.968383095994082,0.0,-2.2716059522309706e-07,0.0,0.0,-1.1358029761154829e-07,0.9999999999999936,1.1740970433444903e-13,-6.579177461718544e-09,0.0,0.0,0.0,0.00019170771191939583
2026-08-24T01:48:33.670464,3.79,0.5857046694000824,3.9683830959924022,0.0,3.940986279982184e-06,0.0,0.0,1.9704931399898167e-06,0.9999999999980586,1.1596765418917345e-13,-6.746856297534798e-09,0.0,0.0,0.0,5.061097078858486e-05
2026-08-24T01:48:33.706717,3.81,0.5857046694000824,3.968383095990772,0.0,-2.171393600480798e-06,0.0,0.0,-1.0856968002401856e-06,0.9999999999994106,1.1452394363946315e-13,-6.909553796896617e-09,0.0,0.0,0.0,0.00019991839498693234
2026-08-24T01:48:33.740042,3.83,0.5857046694000824,3.968383095989192,0.0,-6.955620430737499e-07,0.0,0.0,-3.4778102153686786e-07,0.9999999999999395,1.1309677347971131e-13,-7.067347821410053e-09,0.0,0.0,0.0,0.00016871289074826926
2026-08-24T01:48:33.771171,3.85,0.5857046694000824,3.96838309598766,0.0,2.0921121857142566e-06,0.0,0.0,1.0460560928569375e-06,0.9999999999994529,1.117092993513877e-13,-7.220316468048438e-09,0.0,0.0,0.0,-0.0004470573224504523
2026-08-24T01:48:33.809737,3.8600000000000003,0.5857046694000818,3.9683830960590876,0.0,-6.585842982076429e-13,0.0,0.0,-3.2929214910382143e-13,1.0,2.0748582796085725e-18,-7.2140653450958325e-09,0.0,0.0,0.0,-6.575045504108885e-05
2026-08-24T01:48:33.843734,3.89,0.5857046694000824,3.968383095984736,0.0,3.117078900327641e-06,0.0,0.0,1.5585394501631895e-06,0.9999999999987855,1.0896177300128611e-13,-7.512079069904587e-09,0.0,0.0,0.0,-3.5986509397636435e-05
2026-08-24T01:48:33.876863,3.91,0.5857046694000823,3.9683830959833433,0.0,1.4323922963299651e-06,0.0,0.0,7.161961481649214e-07,0.9999999999997435,1.0761454109214609e-13,-7.651025191734995e-09,0.0,0.0,0.0,-0.00024228689864635913
2026-08-24T01:48:33.916840,3.93,0.5857046694000824,3.968383095981995,0.0,-2.282258864116926e-06,0.0,0.0,-1.1411294320582153e-06,0.999999999999349,1.062929471775549e-13,-7.785445586550033e-09,0.0,0.0,0.0,-0.0001227054851160117
2026-08-24T01:48:33.947431,3.95,0.5857046694000824,3.9683830959806925,0.0,-1.5970707485379874e-06,0.0,0.0,-7.985353742689089e-07,0.9999999999996811,1.0495634809007743e-13,-7.915414328985016e-09,0.0,0.0,0.0,0.00040425086008206057
2026-08-24T01:48:33.983996,3.97,0.5857046694000824,3.968383095979433,0.0,7.705847702155212e-07,0.0,0.0,3.85292385107751e-07,0.9999999999999257,1.0366556788400975e-13,-8.041008378034675e-09,0.0,0.0,0.0,-9.941268604046692e-05
2026-08-24T01:48:34.019618,3.98,0.5857046694000817,3.9683830960590867,0.0,-5.950795411990839e-14,0.0,0.0,-2.9753977059954195e-14,1.0,4.969016980757566e-19,-8.01163269059657e-09,0.0,0.0,0.0,0.0004916344765261126
2026-08-24T01:48:34.052860,4.01,0.5857046694000824,3.9683830959770434,0.0,1.3563041689756972e-06,0.0,0.0,6.781520844877966e-07,0.9999999999997701,1.0110853584767915e-13,-8.279358901797096e-09,0.0,0.0,0.0,-0.00022555684442777398
2026-08-24T01:48:34.086103,4.02,0.5857046694000818,3.968383096059087,0.0,-2.473576898864849e-13,0.0,0.0,-1.2367884494324244e-13,1.0,4.263835140743428e-18,-8.24295343093695e-09,0.0,0.0,0.0,0.00023653722017599884
2026-08-24T01:48:34.117336,4.04,0.5857046694000818,3.968383096059088,0.0,1.666666804567285e-12,0.0,0.0,8.333334022836425e-13,1.0,-1.6221241664977586e-17,-8.352463165550716e-09,0.0,0.0,0.0,0.00011395314196617804
2026-08-24T01:48:34.152685,4.07,0.5857046694000823,3.968383095973768,0.0,-1.5230802885568548e-07,0.0,0.0,-7.615401442784267e-08,0.9999999999999971,9.738881440748178e-14,-8.605874315392725e-09,0.0,0.0,0.0,3.512676809572801e-05
2026-08-24T01:48:34.185102,4.09,0.5857046694000823,3.9683830959727553,0.0,3.519182669720067e-07,0.0,0.0,1.7595913348600244e-07,0.9999999999999846,9.618315679461715e-14,-8.706726639662321e-09,0.0,0.0,0.0,-0.0002106525265270027
2026-08-24T01:48:34.222566,4.11,0.5857046694000823,3.9683830959717823,0.0,1.7846344735339417e-06,0.0,0.0,8.923172367668523e-07,0.9999999999996019,9.498242273080973e-14,-8.803699789727837e-09,0.0,0.0,0.0,-0.0003437277810275598
2026-08-24T01:48:34.258873,4.12,0.5857046694000818,3.968383096059087,0.0,-4.565237077258644e-13,0.0,0.0,-2.282618538629322e-13,1.0,6.239067373340877e-18,-8.751132485329549e-09,0.0,0.0,0.0,-4.13257597065096e-07
2026-08-24T01:48:34.291351,4.15,0.5857046694000823,3.968383095969949,0.0,-2.6960088219674105e-06,0.0,0.0,-1.348004410983297e-06,0.9999999999990914,9.262429800294276e-14,-8.986288945189714e-09,0.0,0.0,0.0,-0.00011978279134030443
2026-08-24T01:48:34.330620,4.16,0.5857046694000818,3.9683830960590867,0.0,-1.0791367799356522e-12,0.0,0.0,-5.395683899678261e-13,1.0,-1.2405529028742696e-18,-8.927804273639595e-09,0.0,0.0,0.0,0.00024042799129141165
2026-08-24T01:48:34.362219,4.19,0.5857046694000824,3.968383095968263,0.0,7.568332995866456e-07,0.0,0.0,3.7841664979331374e-07,0.9999999999999284,9.033973106576603e-14,-9.154189423155046e-09,0.0,0.0,0.0,9.480475059007719e-05
2026-08-24T01:48:34.393827,4.2,0.5857046694000818,3.9683830960590867,0.0,4.756195437494171e-13,0.0,0.0,2.3780977187470853e-13,1.0,-2.9814491471969713e-19,-9.090085573149054e-09,0.0,0.0,0.0,-0.00018415700345699837
2026-08-24T01:48:34.432699,4.22,0.5857046694000817,3.9683830960590862,0.0,-7.860379014346108e-13,0.0,0.0,-3.930189507173054e-13,1.0,2.3487881898371187e-18,-9.16599129929807e-09,0.0,0.0,0.0,0.0002109573207772622
2026-08-24T01:48:34.463811,4.25,0.5857046694000824,3.968383095965997,0.0,-4.116632421169442e-06,0.0,0.0,-2.0583162105832673e-06,0.9999999999978817,8.701980170678367e-14,-9.379650282581586e-09,0.0,0.0,0.0,-0.0002426183010300775
2026-08-24T01:48:34.500847,4.27,0.5857046694000824,3.968383095965308,0.0,8.469328376392583e-07,0.0,0.0,4.2346641881961645e-07,0.9999999999999103,8.592201362216494e-14,-9.448028386316309e-09,0.0,0.0,0.0,0.00029807148615311523
2026-08-24T01:48:34.530035,4.29,0.5857046694000823,3.9683830959646538,0.0,-3.823608287323311e-06,0.0,0.0,-1.9118041436604904e-06,0.9999999999981725,8.48653029747721e-14,-9.513124015203545e-09,0.0,0.0,0.0,0.0001729397748172737
2026-08-24T01:48:34.567351,4.31,0.5857046694000824,3.968383095964031,0.0,-2.656431075109822e-09,0.0,0.0,-1.328215537554911e-09,1.0,8.379915653380726e-14,-9.575000069483863e-09,0.0,0.0,0.0,0.00013168526384760008
2026-08-24T01:48:34.599569,4.33,0.5857046694000823,3.96838309596344,0.0,-5.503705384768408e-07,0.0,0.0,-2.7518526923841697e-07,0.9999999999999621,8.275643256644313e-14,-9.63371856177453e-09,0.0,0.0,0.0,7.214300366511893e-05
2026-08-24T01:48:34.634544,4.35,0.5857046694000823,3.96838309596288,0.0,-5.660044221755811e-06,0.0,0.0,-2.830022110874128e-06,0.9999999999959955,8.17350924479271e-14,-9.689340821905646e-09,0.0,0.0,0.0,0.00015247623995995427
2026-08-24T01:48:34.671618,4.37,0.5857046694000823,3.9683830959623494,0.0,-3.422904923944259e-07,0.0,0.0,-1.711452461972121e-07,0.9999999999999853,8.072147959324965e-14,-9.741928405637702e-09,0.0,0.0,0.0,-0.00032110926371633217
2026-08-24T01:48:34.697313,4.39,0.5857046694000823,3.9683830959618493,0.0,2.665907610222007e-07,0.0,0.0,1.3329538051109995e-07,0.9999999999999911,7.970141905007425e-14,-9.791537747272372e-09,0.0,0.0,0.0,0.00011459429612324139
2026-08-24T01:48:34.730482,4.4,0.5857046694000818,3.968383096059087,0.0,3.9479530755670567e-13,0.0,0.0,1.9739765377835283e-13,1.0,-7.514928859417538e-18,-9.70355173990356e-09,0.0,0.0,0.0,0.00035066479563706344
2026-08-24T01:48:34.767119,4.43,0.5857046694000823,3.9683830959609354,0.0,1.375594081309828e-06,0.0,0.0,6.877970406548597e-07,0.9999999999997635,7.772477575050886e-14,-9.882061017818523e-09,0.0,0.0,0.0,-0.00021167812774307285
2026-08-24T01:48:34.801677,4.44,0.5857046694000818,3.9683830960590867,0.0,-2.0383694732117874e-13,0.0,0.0,-1.0191847366058937e-13,1.0,-1.5254048490722928e-18,-9.790086075156523e-09,0.0,0.0,0.0,-0.00013328392734598634
2026-08-24T01:48:34.831749,4.47,0.5857046694000821,3.968383095960134,0.0,-2.8241065423983973e-06,0.0,0.0,-1.4120532711987292e-06,0.999999999999003,7.579379789740918e-14,-9.961376523648369e-09,0.0,0.0,0.0,0.00015132060941520123
2026-08-24T01:48:34.866135,4.49,0.5857046694000821,3.968383095959774,0.0,1.9590146598247316e-06,0.0,0.0,9.79507329912209e-07,0.9999999999995203,7.485400423487854e-14,-9.996974257853174e-09,0.0,0.0,0.0,9.437432796634529e-05
2026-08-24T01:48:34.896975,4.51,0.5857046694000821,3.96838309595944,0.0,-7.791396630096871e-07,0.0,0.0,-3.8956983150483363e-07,0.9999999999999242,7.391802576569246e-14,-1.0029938981026555e-08,0.0,0.0,0.0,-1.4900139147786212e-05
2026-08-24T01:48:34.935614,4.53,0.5857046694000823,3.9683830959591315,0.0,-3.4881975619072136e-06,0.0,0.0,-1.7440987809527225e-06,0.9999999999984791,7.298943866116872e-14,-1.0060324441285573e-08,0.0,0.0,0.0,-8.816953378362405e-05
2026-08-24T01:48:34.969412,4.55,0.5857046694000823,3.968383095958849,0.0,-2.0352565468506616e-06,0.0,0.0,-1.017628273425155e-06,0.9999999999994822,7.208603243098074e-14,-1.0088184823064949e-08,0.0,0.0,0.0,0.00017199674605417043
2026-08-24T01:48:35.002771,4.57,0.5857046694000821,3.96838309595859,0.0,-1.7149089925894147e-06,0.0,0.0,-8.574544962946022e-07,0.9999999999996324,7.118565470742481e-14,-1.0113573872261306e-08,0.0,0.0,0.0,-0.00011491273776106925
2026-08-24T01:48:35.037264,4.58,0.5857046694000817,3.968383096059087,0.0,-7.935874180020619e-13,0.0,0.0,-3.9679370900103095e-13,1.0,2.1886904982894516e-18,-1.0009516770992377e-08,0.0,0.0,0.0,-0.0001014935223892386
2026-08-24T01:48:35.071894,4.61,0.5857046694000821,3.968383095958146,0.0,3.885351074650601e-06,0.0,0.0,1.9426755373240783e-06,0.999999999998113,6.941966242279887e-14,-1.0157147557476875e-08,0.0,0.0,0.0,0.00013617101757391057
2026-08-24T01:48:35.110407,4.63,0.5857046694000821,3.968383095957959,0.0,1.005244735008404e-06,0.0,0.0,5.026223675041807e-07,0.9999999999998737,6.856752938988752e-14,-1.0175434991821496e-08,0.0,0.0,0.0,-1.164959874943802e-05
2026-08-24T01:48:35.146351,4.65,0.5857046694000823,3.968383095957795,0.0,-1.3771040103804923e-06,0.0,0.0,-6.885520051901916e-07,0.999999999999763,6.768999685293825e-14,-1.0191457124886227e-08,0.0,0.0,0.0,-5.563549452726695e-05
2026-08-24T01:48:35.183654,4.67,0.5857046694000821,3.9683830959576523,0.0,2.5080388610376762e-06,0.0,0.0,1.2540194305185093e-06,0.9999999999992137,6.686196216769029e-14,-1.0205263234475127e-08,0.0,0.0,0.0,-0.00024637152796331863
2026-08-24T01:48:35.208944,4.69,0.5857046694000823,3.968383095957532,0.0,-1.2880645523516423e-06,0.0,0.0,-6.440322761757766e-07,0.9999999999997926,6.601171112674973e-14,-1.0216902148196817e-08,0.0,0.0,0.0,-2.0420622418036027e-05
2026-08-24T01:48:35.244595,4.71,0.5857046694000821,3.968383095957432,0.0,8.067223600249919e-07,0.0,0.0,4.033611800124849e-07,0.9999999999999186,6.519460873349456e-14,-1.0226422025305659e-08,0.0,0.0,0.0,-2.178915458274716e-06
2026-08-24T01:48:35.275905,4.73,0.5857046694000821,3.968383095957354,0.0,7.724344275317208e-09,0.0,0.0,3.862172137658604e-09,1.0,6.435778081117214e-14,-1.0233871243769954e-08,0.0,0.0,0.0,-0.0002053517187113184
2026-08-24T01:48:35.306623,4.74,0.5857046694000818,3.9683830960590862,0.0,-5.662137425588298e-13,0.0,0.0,-2.831068712794149e-13,1.0,4.222250632842353e-18,-1.0119254767460006e-08,0.0,0.0,0.0,-0.00018164144814862123
2026-08-24T01:48:35.345009,4.76,0.5857046694000818,3.9683830960590876,0.0,-6.274980535181385e-13,0.0,0.0,-3.1374902675906924e-13,1.0,-1.0168199363893582e-18,-1.0123580418408551e-08,0.0,0.0,0.0,-0.00010618445975768288
2026-08-24T01:48:35.378577,4.79,0.585704669400082,3.9683830959572353,0.0,2.7658308812128496e-06,0.0,0.0,1.382915440605984e-06,0.9999999999990438,6.200618409897737e-14,-1.0244257787062061e-08,0.0,0.0,0.0,-0.0002725868984220524
2026-08-24T01:48:35.414537,4.8100000000000005,0.585704669400082,3.9683830959572353,0.0,-2.250408843718077e-06,0.0,0.0,-1.125204421858801e-06,0.999999999999367,6.121077618104506e-14,-1.024388496584372e-08,0.0,0.0,0.0,-0.00014183066501695368
2026-08-24T01:48:35.445149,4.82,0.5857046694000818,3.968383096059087,0.0,-1.0169642905566434e-12,0.0,0.0,-5.084821452783217e-13,1.0,3.455446538604377e-18,-1.0125152272166815e-08,0.0,0.0,0.0,-4.285252774585059e-05
2026-08-24T01:48:35.478110,4.84,0.5857046694000818,3.968383096059087,0.0,-3.863576125695545e-14,0.0,0.0,-1.9317880628477724e-14,1.0,2.4582000467136342e-17,-1.0122019666880533e-08,0.0,0.0,0.0,0.00024279168629405686
2026-08-24T01:48:35.508433,4.87,0.5857046694000823,3.968383095957342,0.0,-3.3528625458245642e-06,0.0,0.0,-1.676431272911497e-06,0.9999999999985948,5.893980587438367e-14,-1.0231882586753115e-08,0.0,0.0,0.0,-8.570200007418437e-05
2026-08-24T01:48:35.540114,4.89,0.5857046694000821,3.9683830959574125,0.0,-5.349034051249646e-07,0.0,0.0,-2.674517025624791e-07,0.9999999999999643,5.822196047197675e-14,-1.022439596432001e-08,0.0,0.0,0.0,7.0069387893358475e-06
2026-08-24T01:48:35.573843,4.91,0.5857046694000821,3.9683830959575,0.0,3.1174306114323263e-07,0.0,0.0,1.5587153057161565e-07,0.9999999999999879,5.745779628511248e-14,-1.0215236604382838e-08,0.0,0.0,0.0,3.1513708577876734e-05
2026-08-24T01:48:35.603490,4.93,0.5857046694000821,3.9683830959576034,0.0,2.7986119932599256e-06,0.0,0.0,1.399305996629506e-06,0.999999999999021,5.6752517871460996e-14,-1.0204445968220455e-08,0.0,0.0,0.0,-5.36752334533769e-05
2026-08-24T01:48:35.636666,4.95,0.5857046694000821,3.968383095957723,0.0,-6.166164312482181e-07,0.0,0.0,-3.0830821562410417e-07,0.9999999999999525,5.6041508537653136e-14,-1.0192061500324812e-08,0.0,0.0,0.0,7.544128467456941e-05
2026-08-24T01:48:35.670703,4.97,0.585704669400082,3.968383095957858,0.0,-8.139405691665047e-07,0.0,0.0,-4.0697028458324113e-07,0.9999999999999172,5.5330024076247715e-14,-1.017812554904296e-08,0.0,0.0,0.0,-0.0002496701660178626
2026-08-24T01:48:35.699764,4.99,0.585704669400082,3.9683830959580075,0.0,2.4661711806039936e-06,0.0,0.0,1.233085590301684e-06,0.9999999999992397,5.4652733438927155e-14,-1.0162675557201517e-08,0.0,0.0,0.0,-0.00011290728848423518
2026-08-24T01:48:35.729456,5.01,0.585704669400082,3.9683830959581723,0.0,1.962629414986594e-06,0.0,0.0,9.813147074931395e-07,0.9999999999995185,5.397328247971593e-14,-1.0145751861423414e-08,0.0,0.0,0.0,0.00015546482839288368
2026-08-24T01:48:35.769324,5.03,0.585704669400082,3.9683830959583517,0.0,5.66673481472435e-07,0.0,0.0,2.833367407362137e-07,0.9999999999999598,5.3294391419459114e-14,-1.0127391453229606e-08,0.0,0.0,0.0,-3.0675069001462544e-05
2026-08-24T01:48:35.801587,5.04,0.5857046694000818,3.9683830960590862,0.0,7.416289804496046e-14,0.0,0.0,3.708144902248023e-14,1.0,-5.735566147603549e-18,-1.00008028525167e-08,0.0,0.0,0.0,-0.0002814574544261735
2026-08-24T01:48:35.833337,5.07,0.5857046694000821,3.968383095958752,0.0,1.592933485117243e-06,0.0,0.0,7.964667425585372e-07,0.9999999999996828,5.1972256934328935e-14,-1.0086507151729763e-08,0.0,0.0,0.0,0.00034410722653758987
2026-08-24T01:48:35.862311,5.09,0.5857046694000821,3.968383095958972,0.0,-2.263636653676571e-06,0.0,0.0,-1.1318183268380437e-06,0.9999999999993595,5.132384452474827e-14,-1.0064056579217606e-08,0.0,0.0,0.0,3.954062541607371e-05
2026-08-24T01:48:35.897106,5.11,0.5857046694000821,3.9683830959592057,0.0,-1.3612052982558964e-06,0.0,0.0,-6.806026491278957e-07,0.9999999999997684,5.0671761675693626e-14,-1.0040314368797709e-08,0.0,0.0,0.0,3.888682961962947e-05
2026-08-24T01:48:35.929402,5.12,0.5857046694000819,3.968383096059087,0.0,-2.682298827494378e-13,0.0,0.0,-1.341149413747189e-13,1.0,-6.815979834608239e-18,-9.911983678279057e-09,0.0,0.0,0.0,-0.00015495550671471147
2026-08-24T01:48:35.963224,5.16,0.8785568576759437,5.952573674872341,0.0,-8.273381979506667e-13,0.0,0.0,-4.1366909897533333e-13,1.0,7.412611774747887e-10,2.298906477797331,0.0,0.0,0.0,-8.5007023668883e-05
2026-08-24T01:48:35.993570,5.17,0.585704669400082,3.9683830959599784,0.0,-3.3934040790661872e-06,0.0,0.0,-1.6967020395322794e-06,0.9999999999985606,4.878962598827105e-14,-9.961684648285286e-09,0.0,0.0,0.0,0.0004136392962653259
2026-08-24T01:48:36.026139,5.18,0.5857046694000818,3.968383096059087,0.0,2.0827783941967937e-13,0.0,0.0,1.0413891970983968e-13,1.0,-4.3672478972256126e-18,-9.832387348751581e-09,0.0,0.0,0.0,-3.8179367600620464e-05
2026-08-24T01:48:36.055984,5.21,0.585704669400082,3.9683830959605526,0.0,-3.870359601698682e-07,0.0,0.0,-1.9351798008493282e-07,0.9999999999999812,4.758006091907526e-14,-9.903428912494405e-09,0.0,0.0,0.0,-6.9787820267038715e-06
2026-08-24T01:48:36.089132,5.23,0.585704669400082,3.968383095960856,0.0,3.5603003336603938e-06,0.0,0.0,1.7801501668292565e-06,0.9999999999984155,4.698249073063929e-14,-9.872648791264815e-09,0.0,0.0,0.0,-0.00013855448300283037
2026-08-24T01:48:36.124675,5.25,0.585704669400082,3.96838309596117,0.0,-2.8233139950373247e-06,0.0,0.0,-1.4116569975181933e-06,0.9999999999990036,4.6383564485546774e-14,-9.840808311567529e-09,0.0,0.0,0.0,7.986228600532591e-05
2026-08-24T01:48:36.159577,5.27,0.585704669400082,3.9683830959614945,0.0,9.828325233662838e-07,0.0,0.0,4.914162616831221e-07,0.9999999999998792,4.579794947117943e-14,-9.807937991768156e-09,0.0,0.0,0.0,1.6051712434315195e-05
2026-08-24T01:48:36.185576,5.29,0.585704669400082,3.968383095961829,0.0,-9.790534827303077e-07,0.0,0.0,-4.895267413651343e-07,0.9999999999998802,4.522395872650849e-14,-9.77407057789481e-09,0.0,0.0,0.0,-0.0002517445378004329
2026-08-24T01:48:36.223401,5.31,0.585704669400082,3.968383095962172,0.0,1.7543520502982804e-07,0.0,0.0,8.77176025149139e-08,0.9999999999999961,4.4666516339983674e-14,-9.739232801342369e-09,0.0,0.0,0.0,-2.3233056869174123e-05
2026-08-24T01:48:36.254225,5.32,0.5857046694000818,3.9683830960590876,0.0,-1.3766765505351941e-14,0.0,0.0,-6.8833827526759706e-15,1.0,1.2412802400149378e-17,-9.608718265496918e-09,0.0,0.0,0.0,-0.0001912119730569705
2026-08-24T01:48:36.286516,5.34,0.5857046694000818,3.968383096059087,0.0,-7.704947790898586e-13,0.0,0.0,-3.852473895449293e-13,1.0,-3.721787186606924e-18,-9.57287715763755e-09,0.0,0.0,0.0,-0.0002013581477087239
2026-08-24T01:48:36.318464,5.37,0.585704669400082,3.96838309596326,0.0,5.768222712809745e-07,0.0,0.0,2.8841113564048324e-07,0.9999999999999584,4.300244966534564e-14,-9.629199804184196e-09,0.0,0.0,0.0,0.0003995712767856285
2026-08-24T01:48:36.353503,5.39,0.585704669400082,3.968383095963641,0.0,-3.982967191618059e-07,0.0,0.0,-1.991483595809016e-07,0.9999999999999801,4.24714363712881e-14,-9.590774163736882e-09,0.0,0.0,0.0,5.9189195804394514e-05
2026-08-24T01:48:36.385980,5.41,0.585704669400082,3.9683830959640294,0.0,-1.175816503717897e-06,0.0,0.0,-5.879082518589146e-07,0.9999999999998271,4.194076632986289e-14,-9.55152294146444e-09,0.0,0.0,0.0,0.0002535032380268994
2026-08-24T01:48:36.418946,5.43,0.585704669400082,3.968383095964425,0.0,-1.8749106991400308e-06,0.0,0.0,-9.374553495698782e-07,0.9999999999995606,4.141433449598454e-14,-9.511472632839357e-09,0.0,0.0,0.0,-0.0001203032096344673
2026-08-24T01:48:36.447614,5.44,0.5857046694000818,3.968383096059087,0.0,-8.526512829121202e-13,0.0,0.0,-4.263256414560601e-13,1.0,2.3252340476485096e-18,-9.380937582292859e-09,0.0,0.0,0.0,0.000370821940350427
2026-08-24T01:48:36.483426,5.47,0.585704669400082,3.968383095965241,0.0,1.1061261186995355e-06,0.0,0.0,5.530630593497395e-07,0.999999999999847,4.039233280250427e-14,-9.429071000655043e-09,0.0,0.0,0.0,0.00016232087194377785
2026-08-24T01:48:36.512802,5.49,0.585704669400082,3.96838309596566,0.0,8.857749049795417e-07,0.0,0.0,4.4288745248975634e-07,0.999999999999902,3.986915068212326e-14,-9.386771779862357e-09,0.0,0.0,0.0,0.00012997600493658626
2026-08-24T01:48:36.545475,5.5,0.5857046694000818,3.968383096059087,0.0,6.092903959142859e-13,0.0,0.0,3.0464519795714295e-13,1.0,-5.109812846052974e-18,-9.256536870339005e-09,0.0,0.0,0.0,-0.00011952876314892764
2026-08-24T01:48:36.575856,5.53,0.585704669400082,3.9683830959665176,0.0,-3.412849070016932e-08,0.0,0.0,-1.706424535008466e-08,0.9999999999999999,3.88708826622771e-14,-9.300105459630892e-09,0.0,0.0,0.0,-0.0002490938180548453
2026-08-24T01:48:36.604782,5.54,0.5857046694000818,3.968383096059087,0.0,-6.994405055138486e-13,0.0,0.0,-3.497202527569243e-13,1.0,-3.388195585144883e-18,-9.170174175565649e-09,0.0,0.0,0.0,-7.588991991756567e-05
2026-08-24T01:48:36.642269,5.5600000000000005,0.5857046694000818,3.968383096059088,0.0,-1.9584334154387761e-13,0.0,0.0,-9.792167077193881e-14,1.0,9.571305110092282e-18,-9.126035482864836e-09,0.0,0.0,0.0,-0.0001957184586155867
2026-08-24T01:48:36.670924,5.59,0.585704669400082,3.968383095967854,0.0,1.992397410610636e-06,0.0,0.0,9.96198705305153e-07,0.9999999999995038,3.7434908085611096e-14,-9.165285851930882e-09,0.0,0.0,0.0,-5.992589181422897e-05
2026-08-24T01:48:36.705873,5.61,0.585704669400082,3.9683830959683113,0.0,1.419080450482113e-06,0.0,0.0,7.09540225240997e-07,0.9999999999997483,3.6956249254041656e-14,-9.119154572578835e-09,0.0,0.0,0.0,-0.0003312943176944427
2026-08-24T01:48:36.733495,5.63,0.585704669400082,3.968383095968774,0.0,2.608982391461012e-06,0.0,0.0,1.3044911957301362e-06,0.9999999999991491,3.650055102950914e-14,-9.072464690618176e-09,0.0,0.0,0.0,6.968151285763609e-05
2026-08-24T01:48:36.762811,5.65,0.585704669400082,3.9683830959692425,0.0,-2.6485321806823947e-06,0.0,0.0,-1.3242660903408103e-06,0.9999999999991231,3.6031766033904083e-14,-9.025236910042978e-09,0.0,0.0,0.0,-0.00012166483561168069
2026-08-24T01:48:36.800326,5.67,0.585704669400082,3.968383095969716,0.0,-1.320722936792862e-06,0.0,0.0,-6.60361468396383e-07,0.999999999999782,3.559549635119868e-14,-8.977497052420347e-09,0.0,0.0,0.0,-0.0003953352903405917
2026-08-24T01:48:36.824822,5.69,0.585704669400082,3.968383095970195,0.0,1.3834202312601462e-06,0.0,0.0,6.91710115630018e-07,0.9999999999997607,3.513977664919242e-14,-8.92926114215431e-09,0.0,0.0,0.0,-1.8949273265199542e-05
2026-08-24T01:48:36.856965,5.71,0.585704669400082,3.968383095970678,0.0,3.799582111163603e-07,0.0,0.0,1.8997910555817896e-07,0.9999999999999819,3.4699772724849465e-14,-8.880551444767626e-09,0.0,0.0,0.0,1.227538107588848e-05
2026-08-24T01:48:36.889015,5.73,0.585704669400082,3.968383095971166,0.0,-1.3815998389787865e-06,0.0,0.0,-6.907999194893383e-07,0.9999999999997614,3.4262193500940925e-14,-8.831389095020904e-09,0.0,0.0,0.0,-5.2281372120713404e-05
2026-08-24T01:48:36.918972,5.74,0.5857046694000818,3.968383096059087,0.0,-5.271338920920243e-13,0.0,0.0,-2.6356694604601216e-13,1.0,-2.3032202073650193e-18,-8.704102327783403e-09,0.0,0.0,0.0,-0.0002369107590882184
2026-08-24T01:48:36.950697,5.77,0.585704669400082,3.9683830959721536,0.0,1.1308009777444283e-06,0.0,0.0,5.65400488872184e-07,0.9999999999998401,3.340343890786065e-14,-8.731782121795817e-09,0.0,0.0,0.0,-0.00019541153419981277
2026-08-24T01:48:36.978924,5.79,0.5857046694000819,3.9683830959726545,0.0,-1.20005040971094e-06,0.0,0.0,-6.00025204855434e-07,0.99999999999982,3.299111347056751e-14,-8.681374658592312e-09,0.0,0.0,0.0,5.670960341226951e-05
2026-08-24T01:48:37.011182,5.8100000000000005,0.5857046694000819,3.968383095973158,0.0,-1.3330816939216559e-06,0.0,0.0,-6.665408469607787e-07,0.9999999999997778,3.258730734012559e-14,-8.630591103453433e-09,0.0,0.0,0.0,0.00031908919628845765
2026-08-24T01:48:37.041262,5.83,0.5857046694000819,3.968383095973666,0.0,-1.4720322485395347e-06,0.0,0.0,-7.360161242697007e-07,0.9999999999997291,3.216916883107599e-14,-8.579448140810798e-09,0.0,0.0,0.0,-0.00036944894238523113
2026-08-24T01:48:37.073556,5.84,0.5857046694000818,3.968383096059087,0.0,-1.432631790976302e-12,0.0,0.0,-7.16315895488151e-13,1.0,6.038103382145509e-18,-8.454078104236373e-09,0.0,0.0,0.0,-1.6851162096834943e-05
2026-08-24T01:48:37.106387,5.88,0.8785567112519093,5.952572705943864,0.0,-1.3060663661690342e-12,0.0,0.0,-6.530331830845171e-13,1.0,1.4825548166506539e-09,2.3133363898153396,0.0,0.0,0.0,-5.149546850528128e-05
2026-08-24T01:48:37.135446,5.89,0.5857046694000819,3.968383095975209,0.0,-3.4084554605406936e-06,0.0,0.0,-1.7042277302695218e-06,0.9999999999985478,3.097697976605223e-14,-8.424041040289155e-09,0.0,0.0,0.0,-0.00020226081422826687
2026-08-24T01:48:37.168554,5.91,0.5857046694000819,3.968383095975729,0.0,-5.633320854236956e-07,0.0,0.0,-2.816660427118441e-07,0.9999999999999604,3.0582109586924946e-14,-8.371637331139326e-09,0.0,0.0,0.0,0.0003878095205114578
2026-08-24T01:48:37.195602,5.93,0.5857046694000819,3.968383095976252,0.0,-2.5225811226547994e-06,0.0,0.0,-1.2612905613270651e-06,0.9999999999992045,3.0198718845793455e-14,-8.318959650033264e-09,0.0,0.0,0.0,6.917290043810076e-05
2026-08-24T01:48:37.222463,5.95,0.5857046694000819,3.968383095976778,0.0,1.334328736390944e-08,0.0,0.0,6.67164368195472e-09,1.0,2.980930540017561e-14,-8.266026679804028e-09,0.0,0.0,0.0,0.00029720842584896474
2026-08-24T01:48:37.254470,5.97,0.5857046694000819,3.9683830959773054,0.0,2.751487611529768e-06,0.0,0.0,1.3757438057644502e-06,0.9999999999990536,2.9450204830412347e-14,-8.212851768107932e-09,0.0,0.0,0.0,0.00012627220447597952
2026-08-24T01:48:37.284547,5.99,0.5857046694000819,3.9683830959778357,0.0,1.9140092284430925e-06,0.0,0.0,9.570046142214e-07,0.999999999999542,2.9065672809181097e-14,-8.159450697875493e-09,0.0,0.0,0.0,-0.00012160798364283415
2026-08-24T01:48:37.315337,6.0,0.5857046694000818,3.968383096059087,0.0,1.9628743075372768e-13,0.0,0.0,9.814371537686384e-14,1.0,-1.034221567164455e-18,-8.037813525874071e-09,0.0,0.0,0.0,0.00014190128961560423
2026-08-24T01:48:37.350412,6.03,0.5857046694000819,3.9683830959789033,0.0,1.7740160425105955e-06,0.0,0.0,8.870080212551814e-07,0.9999999999996066,2.8359516451295463e-14,-8.052030373018048e-09,0.0,0.0,0.0,2.6325900836347035e-06
2026-08-24T01:48:37.378991,6.05,0.585704669400082,3.9683830959794393,0.0,4.410631426754463e-06,0.0,0.0,2.205315713375444e-06,0.9999999999975683,2.798757717092836e-14,-7.998040025269937e-09,0.0,0.0,0.0,-0.00036710353974616196
2026-08-24T01:48:37.408749,6.06,0.5857046694000818,3.9683830960590862,0.0,2.078337502098293e-13,0.0,0.0,1.0391687510491465e-13,1.0,-2.4593764862798335e-18,-7.877978713821676e-09,0.0,0.0,0.0,0.00011519684780950985
2026-08-24T01:48:37.438124,6.09,0.5857046694000819,3.968383095980518,0.0,-2.986889415801386e-07,0.0,0.0,-1.4934447079006874e-07,0.9999999999999889,2.7298057579964445e-14,-7.88957034369986e-09,0.0,0.0,0.0,-3.0509249948299612e-05
2026-08-24T01:48:37.470524,6.11,0.585704669400082,3.9683830959810584,0.0,-1.2364022414779186e-06,0.0,0.0,-6.182011207389199e-07,0.9999999999998089,2.6959452247834755e-14,-7.835120573451703e-09,0.0,0.0,0.0,0.0001739736814805746
2026-08-24T01:48:37.493209,6.13,0.5857046694000819,3.9683830959816007,0.0,8.546785723595463e-08,0.0,0.0,4.27339286179773e-08,0.9999999999999991,2.6602696784455684e-14,-7.78054293437691e-09,0.0,0.0,0.0,0.0001618133017961943
2026-08-24T01:48:37.525497,6.15,0.5857046694000819,3.9683830959821442,0.0,-1.3015630662138736e-07,0.0,0.0,-6.507815331069363e-08,0.9999999999999979,2.6281871778250007e-14,-7.725850982298609e-09,0.0,0.0,0.0,-7.991550727938931e-05
2026-08-24T01:48:37.552411,6.17,0.5857046694000819,3.968383095982689,0.0,-3.663459482439179e-07,0.0,0.0,-1.8317297412195795e-07,0.9999999999999832,2.5961665886937818e-14,-7.671058497860095e-09,0.0,0.0,0.0,-0.00018521690907136762
2026-08-24T01:48:37.581811,6.19,0.5857046694000819,3.968383095983234,0.0,8.32828371155614e-07,0.0,0.0,4.1641418557779494e-07,0.9999999999999133,2.5627119191056667e-14,-7.616176603830738e-09,0.0,0.0,0.0,-1.0605525708590196e-05
2026-08-24T01:48:37.610274,6.21,0.5857046694000819,3.9683830959837807,0.0,-1.0833412651400922e-06,0.0,0.0,-5.416706325700195e-07,0.9999999999998533,2.529625948346109e-14,-7.5612164079919e-09,0.0,0.0,0.0,7.3952879373848654e-06
2026-08-24T01:48:37.640483,6.23,0.5857046694000819,3.968383095984328,0.0,7.159128845302121e-07,0.0,0.0,3.579564422650984e-07,0.9999999999999359,2.4989626728117e-14,-7.506192569173286e-09,0.0,0.0,0.0,2.6678588103226238e-05
2026-08-24T01:48:37.667350,6.25,0.585704669400082,3.968383095984875,0.0,1.4940806223329162e-06,0.0,0.0,7.470403111663886e-07,0.999999999999721,2.4671667129150285e-14,-7.451116879608755e-09,0.0,0.0,0.0,-0.00050285124060193
2026-08-24T01:48:37.693580,6.27,0.5857046694000819,3.968383095985423,0.0,-1.885712686444663e-06,0.0,0.0,-9.428563432221917e-07,0.9999999999995555,2.43530374676318e-14,-7.3959977725523984e-09,0.0,0.0,0.0,-2.5200910347143577e-05
2026-08-24T01:48:37.723911,6.29,0.5857046694000819,3.9683830959859714,0.0,-5.295174627661938e-07,0.0,0.0,-2.6475873138309373e-07,0.9999999999999649,2.4050595124367016e-14,-7.340846804870793e-09,0.0,0.0,0.0,-5.9023027599211755e-05
2026-08-24T01:48:37.752905,6.31,0.5857046694000819,3.968383095986519,0.0,2.0978683243910727e-06,0.0,0.0,1.0489341621953439e-06,0.9999999999994499,2.3774817041437355e-14,-7.285676859591916e-09,0.0,0.0,0.0,0.00023393643594023488
2026-08-24T01:48:37.784231,6.32,0.5857046694000818,3.968383096059087,0.0,1.234568003383174e-12,0.0,0.0,6.17284001691587e-13,1.0,-9.733555576092983e-18,-7.173297733586992e-09,0.0,0.0,0.0,0.00042853559369853864
2026-08-24T01:48:37.811861,6.35,0.5857046694000819,3.968383095987617,0.0,-1.5405878523999663e-06,0.0,0.0,-7.702939261999069e-07,0.9999999999997033,2.3160007779092243e-14,-7.175312908835885e-09,0.0,0.0,0.0,0.00010878129636823205
2026-08-24T01:48:37.841662,6.37,0.5857046694000819,3.9683830959881656,0.0,-1.7963019471878283e-07,0.0,0.0,-8.98150973593913e-08,0.999999999999996,2.287334001798777e-14,-7.120142900829407e-09,0.0,0.0,0.0,-0.00015661929223273043
2026-08-24T01:48:37.868408,6.39,0.5857046694000819,3.9683830959887136,0.0,3.650533293431124e-07,0.0,0.0,1.825266646715552e-07,0.9999999999999833,2.257754069034457e-14,-7.064991012217803e-09,0.0,0.0,0.0,-0.00014912489380352112
2026-08-24T01:48:37.897741,6.41,0.5857046694000819,3.9683830959892616,0.0,-1.3054507981280494e-06,0.0,0.0,-6.527253990639783e-07,0.999999999999787,2.2292717093461535e-14,-7.009869666951829e-09,0.0,0.0,0.0,1.5518752365498715e-05
2026-08-24T01:48:37.923689,6.43,0.5857046694000819,3.96838309598981,0.0,-3.8409762925795134e-08,0.0,0.0,-1.920488146289756e-08,0.9999999999999998,2.203244650382945e-14,-6.954787756252578e-09,0.0,0.0,0.0,-4.914574657320216e-05
2026-08-24T01:48:37.953492,6.45,0.5857046694000819,3.9683830959903568,0.0,2.3327759945956927e-07,0.0,0.0,1.1663879972978437e-07,0.9999999999999932,2.1738525947975416e-14,-6.899753272060494e-09,0.0,0.0,0.0,0.00027316965926430106
2026-08-24T01:48:37.980208,6.47,0.5857046694000819,3.9683830959909034,0.0,1.1739544931721473e-06,0.0,0.0,5.869772465860398e-07,0.9999999999998277,2.14749294030967e-14,-6.844774423919731e-09,0.0,0.0,0.0,2.535592748822155e-05
2026-08-24T01:48:38.005211,6.49,0.5857046694000819,3.9683830959914497,0.0,1.369331831035936e-06,0.0,0.0,6.846659155179145e-07,0.9999999999997656,2.1191591057064633e-14,-6.789861648481832e-09,0.0,0.0,0.0,-0.00022348323572763155
2026-08-24T01:48:38.037865,6.51,0.5857046694000819,3.9683830959919955,0.0,1.6227038321936507e-06,0.0,0.0,8.113519160967362e-07,0.9999999999996708,2.092881495836971e-14,-6.73502182524377e-09,0.0,0.0,0.0,0.00020142062269908674
2026-08-24T01:48:38.068438,6.52,0.5857046694000818,3.968383096059087,0.0,1.0125233984581428e-12,0.0,0.0,5.062616992290714e-13,1.0,-7.289310033466968e-18,-6.629218507470114e-09,0.0,0.0,0.0,-5.842751825789691e-05
2026-08-24T01:48:38.094340,6.54,0.5857046694000818,3.9683830960590867,0.0,-3.090860900556436e-13,0.0,0.0,-1.545430450278218e-13,1.0,-1.403985492708771e-17,-6.575140654163647e-09,0.0,0.0,0.0,0.0003663252893398437
2026-08-24T01:48:38.127820,6.57,0.5857046694000819,3.9683830959936266,0.0,2.6597363111946493e-06,0.0,0.0,1.3298681555969327e-06,0.9999999999991157,2.0150752353428307e-14,-6.571030179980397e-09,0.0,0.0,0.0,4.858766718962722e-05
2026-08-24T01:48:38.153755,6.58,0.5857046694000819,3.968383096059087,0.0,8.757439218243235e-13,0.0,0.0,4.3787196091216174e-13,1.0,-7.234905630065182e-18,-6.467273383492511e-09,0.0,0.0,0.0,-9.875235052345329e-05
2026-08-24T01:48:38.183245,6.61,0.5857046694000819,3.968383095994708,0.0,-7.035577009872895e-07,0.0,0.0,-3.517788504936375e-07,0.9999999999999382,1.9659707033278628e-14,-6.462218585245871e-09,0.0,0.0,0.0,-0.00019610183099636367
2026-08-24T01:48:38.213134,6.62,0.5857046694000818,3.968383096059087,0.0,-7.380762667708041e-13,0.0,0.0,-3.6903813338540203e-13,1.0,2.0781942187332287e-18,-6.3598348809534855e-09,0.0,0.0,0.0,0.00018029295169067752
2026-08-24T01:48:38.236733,6.65,0.5857046694000819,3.968383095995786,0.0,-8.410363370181529e-07,0.0,0.0,-4.2051816850906403e-07,0.9999999999999116,1.9166559794064686e-14,-6.3538842726140746e-09,0.0,0.0,0.0,-4.324932971491068e-05
2026-08-24T01:48:38.263759,6.67,0.585704669400082,3.9683830959963227,0.0,-2.6319245205463915e-06,0.0,0.0,-1.3159622602728158e-06,0.9999999999991341,1.890917222716949e-14,-6.2999136152264156e-09,0.0,0.0,0.0,-2.1238463382674844e-05
2026-08-24T01:48:38.289149,6.69,0.5857046694000819,3.9683830959968587,0.0,6.079201098074805e-08,0.0,0.0,3.0396005490374016e-08,0.9999999999999996,1.8692172672359166e-14,-6.246081790672875e-09,0.0,0.0,0.0,-9.508285806919138e-05
2026-08-24T01:48:38.313896,6.7,0.5857046694000818,3.968383096059087,0.0,-2.4513724383723456e-13,0.0,0.0,-1.2256862191861728e-13,1.0,-2.3683138188768282e-18,-6.146475328705492e-09,0.0,0.0,0.0,0.00021028098267685474
2026-08-24T01:48:38.344835,6.73,0.5857046694000819,3.9683830959979254,0.0,-7.99670386797402e-07,0.0,0.0,-3.9983519339869035e-07,0.9999999999999201,1.822119871903923e-14,-6.1388659100547475e-09,0.0,0.0,0.0,0.00030029245327603494
2026-08-24T01:48:38.372030,6.75,0.585704669400082,3.968383095998456,0.0,-1.8421923364542183e-06,0.0,0.0,-9.210961682269788e-07,0.9999999999995758,1.7983292309027093e-14,-6.0854942662835756e-09,0.0,0.0,0.0,-3.503234540268676e-05
2026-08-24T01:48:38.399540,6.76,0.5857046694000818,3.9683830960590862,0.0,-6.075140390748857e-13,0.0,0.0,-3.0375701953744283e-13,1.0,-5.979459080737002e-18,-5.9879889935388064e-09,0.0,0.0,0.0,-0.00030427149253196937
2026-08-24T01:48:38.427900,6.79,0.5857046694000819,3.9683830959995143,0.0,5.065621184741076e-07,0.0,0.0,2.532810592370511e-07,0.9999999999999679,1.753445366334383e-14,-5.9792472517639084e-09,0.0,0.0,0.0,-2.323904489893121e-05
2026-08-24T01:48:38.453427,6.8100000000000005,0.5857046694000819,3.968383096000039,0.0,-2.5451582974511666e-06,0.0,0.0,-1.2725791487252398e-06,0.9999999999991903,1.731531105465212e-14,-5.9263860741065596e-09,0.0,0.0,0.0,2.3431040569702193e-05
2026-08-24T01:48:38.488186,6.83,0.5857046694000819,3.9683830960005637,0.0,1.8707121922645344e-06,0.0,0.0,9.353560961321307e-07,0.9999999999995626,1.710523484492979e-14,-5.87370627191941e-09,0.0,0.0,0.0,1.212891150706479e-06
2026-08-24T01:48:38.512496,6.85,0.5857046694000819,3.968383096001086,0.0,-2.735599151648671e-07,0.0,0.0,-1.3677995758243313e-07,0.9999999999999907,1.6874349678661733e-14,-5.821211607193178e-09,0.0,0.0,0.0,-7.781337408888122e-05
2026-08-24T01:48:38.543371,6.87,0.5857046694000819,3.968383096001607,0.0,-1.5422760668570845e-06,0.0,0.0,-7.711380334284658e-07,0.9999999999997027,1.6666194679897903e-14,-5.768910950609829e-09,0.0,0.0,0.0,5.699525266393207e-05
2026-08-24T01:48:38.572369,6.89,0.5857046694000819,3.9683830960021247,0.0,-2.4621090570775554e-06,0.0,0.0,-1.2310545285384666e-06,0.9999999999992423,1.6461679471736683e-14,-5.7168060618728586e-09,0.0,0.0,0.0,0.00013212925578782612
2026-08-24T01:48:38.599785,6.91,0.5857046694000819,3.9683830960026416,0.0,3.473906282636108e-07,0.0,0.0,1.7369531413180452e-07,0.9999999999999849,1.625052617418868e-14,-5.664901803204003e-09,0.0,0.0,0.0,0.00019516861092919773
2026-08-24T01:48:38.629270,6.93,0.5857046694000819,3.968383096003156,0.0,-5.8519131762579946e-09,0.0,0.0,-2.9259565881289973e-09,1.0,1.6049236919069106e-14,-5.6132054937485524e-09,0.0,0.0,0.0,-6.973499025562432e-05
2026-08-24T01:48:38.653729,6.95,0.5857046694000819,3.9683830960036683,0.0,3.4170355212026493e-06,0.0,0.0,1.7085177606004935e-06,0.9999999999985405,1.585627851772617e-14,-5.561717552615697e-09,0.0,0.0,0.0,8.785431813321417e-05
2026-08-24T01:48:38.682619,6.97,0.5857046694000819,3.9683830960041786,0.0,-3.4701630444722298e-06,0.0,0.0,-1.7350815222352444e-06,0.9999999999984948,1.5647707934284388e-14,-5.510443740752713e-09,0.0,0.0,0.0,6.456241101353966e-05
2026-08-24T01:48:38.709411,6.99,0.5857046694000819,3.968383096004686,0.0,8.681785006459111e-07,0.0,0.0,4.3408925032294176e-07,0.9999999999999057,1.545199191623254e-14,-5.4593902565347465e-09,0.0,0.0,0.0,0.00029965565199080316
2026-08-24T01:48:38.738475,7.0,0.5857046694000818,3.968383096059087,0.0,1.0751399770470016e-12,0.0,0.0,5.375699885235008e-13,1.0,-6.573380831270545e-18,-5.370341060739747e-09,0.0,0.0,0.0,-4.129228590806568e-05
2026-08-24T01:48:38.768337,7.03,0.5857046694000819,3.9683830960056965,0.0,-3.0344692820705177e-06,0.0,0.0,-1.5172346410346767e-06,0.999999999998849,1.5076156243612893e-14,-5.3579548497939555e-09,0.0,0.0,0.0,5.175633269172863e-05
2026-08-24T01:48:38.794826,7.06,0.43927857526215236,2.9762878065392013,0.0,-1.6981971384666394e-12,0.0,0.0,-8.490985692333197e-13,1.0,-3.7064412077103865e-10,-1.1608476976549276,0.0,0.0,0.0,-0.00032034788525785337
2026-08-24T01:48:38.824940,7.07,0.5857046694000819,3.9683830960066966,0.0,-4.9156446202403e-07,0.0,0.0,-2.4578223101201253e-07,0.9999999999999698,1.4683696989520586e-14,-5.257441608175206e-09,0.0,0.0,0.0,8.591954795153522e-05
2026-08-24T01:48:38.851393,7.09,0.5857046694000819,3.9683830960071935,0.0,-7.004529871679211e-07,0.0,0.0,-3.5022649358395337e-07,0.9999999999999387,1.449845875900592e-14,-5.207539213181178e-09,0.0,0.0,0.0,0.0005844326333405073
2026-08-24T01:48:38.878578,7.11,0.5857046694000819,3.968383096007688,0.0,2.6158683774646363e-06,0.0,0.0,1.3079341887319452e-06,0.9999999999991447,1.4324056885624298e-14,-5.157878570916097e-09,0.0,0.0,0.0,-0.00010657879648367266
2026-08-24T01:48:38.907038,7.13,0.5857046694000819,3.9683830960081794,0.0,3.306430412575168e-06,0.0,0.0,1.6532152062868308e-06,0.9999999999986334,1.4147466003085302e-14,-5.108462100000822e-09,0.0,0.0,0.0,0.0003297974794301461
2026-08-24T01:48:38.933000,7.14,0.5857046694000818,3.968383096059087,0.0,1.836752971939859e-12,0.0,0.0,9.183764859699295e-13,1.0,-9.944550314646336e-18,-5.024323179725343e-09,0.0,0.0,0.0,8.092553020868216e-05
2026-08-24T01:48:38.960553,7.17,0.5857046694000819,3.9683830960091555,0.0,-8.768706205586342e-08,0.0,0.0,-4.384353102793169e-08,0.999999999999999,1.3805850799125083e-14,-5.010373133607082e-09,0.0,0.0,0.0,-0.00023956145393999945
2026-08-24T01:48:38.986834,7.19,0.5857046694000819,3.9683830960096405,0.0,-3.4694650823396964e-06,0.0,0.0,-1.7347325411689776e-06,0.9999999999984953,1.3628051101635809e-14,-4.961706813189081e-09,0.0,0.0,0.0,0.0002808383485856825
2026-08-24T01:48:39.020655,7.21,0.5857046694000819,3.968383096010122,0.0,3.287977632382422e-07,0.0,0.0,1.6439888161912034e-07,0.9999999999999865,1.3452973301963516e-14,-4.91329746110658e-09,0.0,0.0,0.0,-0.00014169281740499017
2026-08-24T01:48:39.049561,7.23,0.5857046694000819,3.968383096010602,0.0,5.593473746401401e-07,0.0,0.0,2.796736873200664e-07,0.9999999999999609,1.3287683636214102e-14,-4.865143937715644e-09,0.0,0.0,0.0,0.00021175359569904916
2026-08-24T01:48:39.074508,7.25,0.5857046694000819,3.9683830960110784,0.0,4.554179415805494e-07,0.0,0.0,2.2770897079027268e-07,0.999999999999974,1.3103894192267172e-14,-4.817255336853066e-09,0.0,0.0,0.0,-0.00011899909322708296
2026-08-24T01:48:39.106200,7.27,0.5857046694000819,3.9683830960115527,0.0,-2.43981978176322e-06,0.0,0.0,-1.2199098908813071e-06,0.9999999999992559,1.2943970628031033e-14,-4.769630075340814e-09,0.0,0.0,0.0,0.0003172706956608598
2026-08-24T01:48:39.129678,7.29,0.5857046694000819,3.9683830960120243,0.0,4.2242462727770663e-07,0.0,0.0,2.1121231363885173e-07,0.9999999999999777,1.276791094635803e-14,-4.722270350310253e-09,0.0,0.0,0.0,-8.735317313902962e-05
2026-08-24T01:48:39.157955,7.31,0.5857046694000819,3.9683830960124924,0.0,2.4883015203869263e-06,0.0,0.0,1.2441507601931421e-06,0.9999999999992261,1.2612960532862165e-14,-4.675177911472872e-09,0.0,0.0,0.0,-0.0005144205456473759
2026-08-24T01:48:39.191701,7.33,0.5857046694000819,3.9683830960129587,0.0,-1.5761180032214386e-06,0.0,0.0,-7.880590016106377e-07,0.9999999999996895,1.246199617449855e-14,-4.62835517800464e-09,0.0,0.0,0.0,2.1981700343139864e-05
2026-08-24T01:48:39.219691,7.35,0.5857046694000819,3.9683830960134223,0.0,1.4118483493419376e-06,0.0,0.0,7.059241746709101e-07,0.9999999999997509,1.2307873108678886e-14,-4.581805909120718e-09,0.0,0.0,0.0,8.772829385935571e-06
2026-08-24T01:48:39.247284,7.36,0.5857046694000818,3.968383096059087,0.0,4.18332035678759e-13,0.0,0.0,2.091660178393795e-13,1.0,-1.5290146606034792e-17,-4.5052399588740855e-09,0.0,0.0,0.0,-8.490155757453379e-05
2026-08-24T01:48:39.277417,7.39,0.5857046694000819,3.968383096014341,0.0,-2.2643359467444672e-06,0.0,0.0,-1.1321679733719916e-06,0.9999999999993591,1.2014180723069392e-14,-4.489533215190633e-09,0.0,0.0,0.0,0.00010222464246038729
2026-08-24T01:48:39.307568,7.41,0.5857046694000819,3.9683830960147963,0.0,-9.585454887606204e-07,0.0,0.0,-4.792727443802919e-07,0.9999999999998852,1.1854201038559795e-14,-4.443813513277384e-09,0.0,0.0,0.0,-0.0001620299885243379
2026-08-24T01:48:39.340368,7.43,0.5857046694000819,3.9683830960152484,0.0,2.2623432522905777e-06,0.0,0.0,1.1311716261450475e-06,0.9999999999993602,1.1697973886605417e-14,-4.398373395497757e-09,0.0,0.0,0.0,0.00012113974736798923
2026-08-24T01:48:39.365564,7.45,0.5857046694000819,3.9683830960156987,0.0,1.5102789738818956e-06,0.0,0.0,7.55139486940876e-07,0.9999999999997149,1.1548482024335812e-14,-4.353212612606683e-09,0.0,0.0,0.0,5.118821147144409e-05
2026-08-24T01:48:39.391413,7.47,0.5857046694000819,3.9683830960161455,0.0,-1.1694252131100315e-06,0.0,0.0,-5.847126065549823e-07,0.999999999999829,1.1404905973623088e-14,-4.30833580700174e-09,0.0,0.0,0.0,0.0003111115191098675
2026-08-24T01:48:39.415365,7.49,0.5857046694000819,3.968383096016589,0.0,2.594882904105589e-07,0.0,0.0,1.2974414520527907e-07,0.9999999999999916,1.125521465098036e-14,-4.263744952659465e-09,0.0,0.0,0.0,0.00010503460964335649
2026-08-24T01:48:39.444090,7.5,0.5857046694000818,3.968383096059087,0.0,3.659295089164516e-13,0.0,0.0,1.829647544582258e-13,1.0,2.8567786389659583e-18,-4.1918661874973395e-09,0.0,0.0,0.0,-0.00010366424136430543
2026-08-24T01:48:39.477530,7.53,0.5857046694000818,3.968383096017469,0.0,-3.064725593304729e-07,0.0,0.0,-1.5323627966523584e-07,0.9999999999999882,1.0985742266133699e-14,-4.17541899777607e-09,0.0,0.0,0.0,0.00013084847537979296
2026-08-24T01:48:39.507539,7.55,0.5857046694000818,3.968383096017905,0.0,2.410780348682806e-07,0.0,0.0,1.2053901743414001e-07,0.9999999999999928,1.084459166686228e-14,-4.131686729413886e-09,0.0,0.0,0.0,-0.00022848522171508705
2026-08-24T01:48:39.537455,7.57,0.5857046694000818,3.968383096018337,0.0,6.8040302583227685e-06,0.0,0.0,3.402015129154822e-06,0.9999999999942132,1.0720350885376255e-14,-4.088244313638078e-09,0.0,0.0,0.0,7.023162084467474e-05
2026-08-24T01:48:39.561811,7.59,0.5857046694000818,3.9683830960187665,0.0,8.265580953015218e-07,0.0,0.0,4.132790476507491e-07,0.9999999999999146,1.0582070569870064e-14,-4.045089938009561e-09,0.0,0.0,0.0,0.0001686697750622894
2026-08-24T01:48:39.592370,7.61,0.5857046694000818,3.9683830960191937,0.0,1.168922159067165e-06,0.0,0.0,5.844610795335493e-07,0.9999999999998292,1.0434900400482217e-14,-4.002226912103168e-09,0.0,0.0,0.0,2.6166581567116777e-05
2026-08-24T01:48:39.618055,7.62,0.5857046694000818,3.968383096059087,0.0,3.992361996552063e-13,0.0,0.0,1.9961809982760315e-13,1.0,-3.1957195178930205e-18,-3.9342611390935645e-09,0.0,0.0,0.0,-0.00027074183802398513
2026-08-24T01:48:39.643578,7.64,0.5857046694000818,3.9683830960590876,0.0,-6.634692795159935e-13,0.0,0.0,-3.3173463975799677e-13,1.0,-9.681304104937466e-18,-3.892331346122546e-09,0.0,0.0,0.0,-1.9592464461876347e-05
2026-08-24T01:48:39.672891,7.67,0.5857046694000818,3.9683830960204567,0.0,2.7511096631904763e-06,0.0,0.0,1.3755548315948043e-06,0.999999999999054,1.005635918023008e-14,-3.875389914531624e-09,0.0,0.0,0.0,-9.271291395815368e-05
2026-08-24T01:48:39.704297,7.69,0.5857046694000818,3.9683830960208715,0.0,1.412605908246434e-06,0.0,0.0,7.063029541231581e-07,0.9999999999997505,9.919886078426106e-15,-3.833698484223547e-09,0.0,0.0,0.0,0.00034367181386491127
2026-08-24T01:48:39.734567,7.71,0.5857046694000818,3.9683830960212845,0.0,1.4725962236283867e-06,0.0,0.0,7.362981118141266e-07,0.9999999999997289,9.79957023710223e-15,-3.792299827498624e-09,0.0,0.0,0.0,-0.00027621868996036575
2026-08-24T01:48:39.765025,7.73,0.5857046694000818,3.9683830960216926,0.0,-2.426562590862602e-07,0.0,0.0,-1.213281295431298e-07,0.9999999999999927,9.674962261047515e-15,-3.751196588908101e-09,0.0,0.0,0.0,-0.0002052519881927589
2026-08-24T01:48:39.793379,7.75,0.5857046694000818,3.9683830960221,0.0,2.8769084980950774e-06,0.0,0.0,1.4384542490470421e-06,0.9999999999989654,9.55887095276753e-15,-3.7103869576782245e-09,0.0,0.0,0.0,-1.5759687798731065e-05
2026-08-24T01:48:39.822700,7.77,0.5857046694000818,3.968383096022503,0.0,-9.790425958833282e-07,0.0,0.0,-4.895212979416445e-07,0.9999999999998802,9.442368724880753e-15,-3.6698753624886392e-09,0.0,0.0,0.0,-6.232408708365249e-05
2026-08-24T01:48:39.849670,7.79,0.5857046694000818,3.968383096022904,0.0,1.9709636904785555e-06,0.0,0.0,9.854818452391183e-07,0.9999999999995144,9.312819887701082e-15,-3.629658220094534e-09,0.0,0.0,0.0,-0.0001756050565580152
2026-08-24T01:48:39.873375,7.8100000000000005,0.5857046694000818,3.9683830960233015,0.0,1.3004601622235157e-06,0.0,0.0,6.50230081111712e-07,0.9999999999997886,9.205479027693763e-15,-3.5897363881431945e-09,0.0,0.0,0.0,-0.00014067954910558408
2026-08-24T01:48:39.904291,7.83,0.5857046694000818,3.9683830960236963,0.0,1.633623882835167e-06,0.0,0.0,8.168119414174926e-07,0.9999999999996664,9.092304110031243e-15,-3.5501111761426783e-09,0.0,0.0,0.0,1.9661331785372695e-05
2026-08-24T01:48:39.934697,7.85,0.5857046694000818,3.968383096024088,0.0,3.240608984711458e-06,0.0,0.0,1.6203044923550196e-06,0.9999999999986873,8.988090101515678e-15,-3.510783226357006e-09,0.0,0.0,0.0,0.00013390167951949055
2026-08-24T01:48:39.959441,7.87,0.5857046694000818,3.9683830960244766,0.0,1.770352775487538e-07,0.0,0.0,8.851763877437679e-08,0.9999999999999961,8.858847928081666e-15,-3.471750509298488e-09,0.0,0.0,0.0,-8.862143469456815e-05
2026-08-24T01:48:39.986277,7.88,0.5857046694000818,3.9683830960590876,0.0,-1.949551631241775e-13,0.0,0.0,-9.747758156208874e-14,1.0,-9.358382500174712e-18,-3.4118832203944294e-09,0.0,0.0,0.0,1.3318948674536968e-05
2026-08-24T01:48:40.015956,7.91,0.5857046694000818,3.9683830960252453,0.0,1.06118627973828e-06,0.0,0.0,5.30593139869115e-07,0.9999999999998592,8.637379698425132e-15,-3.394574678572404e-09,0.0,0.0,0.0,0.00014741398016335631
2026-08-24T01:48:40.046975,7.93,0.5857046694000818,3.9683830960256254,0.0,-1.163751603527885e-06,0.0,0.0,-5.818758017639097e-07,0.9999999999998307,8.532375634394278e-15,-3.3564321744172786e-09,0.0,0.0,0.0,-0.00016325356021585258
2026-08-24T01:48:40.070101,7.95,0.5857046694000818,3.9683830960260034,0.0,-3.891404958267231e-07,0.0,0.0,-1.945702479133603e-07,0.9999999999999811,8.423402363795259e-15,-3.318585252154449e-09,0.0,0.0,0.0,-0.00012527377031397024
2026-08-24T01:48:40.095802,7.97,0.5857046694000818,3.968383096026377,0.0,7.596107067797677e-07,0.0,0.0,3.7980535338987464e-07,0.9999999999999278,8.320549419071443e-15,-3.2810352112999652e-09,0.0,0.0,0.0,-0.00014446499834720177
2026-08-24T01:48:40.122916,7.99,0.5857046694000818,3.968383096026748,0.0,-3.4021674428785786e-06,0.0,0.0,-1.701083721438469e-06,0.9999999999985532,8.196304767639653e-15,-3.2437822494735256e-09,0.0,0.0,0.0,0.00014195826595327478
2026-08-24T01:48:40.156240,8.01,0.5857046694000818,3.9683830960271163,0.0,3.3019809957401947e-06,0.0,0.0,1.6509904978693473e-06,0.9999999999986371,8.123621553558678e-15,-3.206823010470927e-09,0.0,0.0,0.0,0.00027539663680091134
2026-08-24T01:48:40.180829,8.03,0.5857046694000818,3.968383096027481,0.0,-2.736535348102365e-06,0.0,0.0,-1.3682676740507554e-06,0.999999999999064,8.002667880370064e-15,-3.170159020293717e-09,0.0,0.0,0.0,9.82929076951083e-05
2026-08-24T01:48:40.208420,8.05,0.5857046694000818,3.968383096027844,0.0,2.4245932421784744e-06,0.0,0.0,1.2122966210889403e-06,0.9999999999992651,7.912311086518272e-15,-3.133789140408183e-09,0.0,0.0,0.0,0.0004015015341914342
2026-08-24T01:48:40.236172,8.07,0.5857046694000818,3.9683830960282025,0.0,1.2183043289759612e-06,0.0,0.0,6.091521644879428e-07,0.9999999999998145,7.807118634490428e-15,-3.097713801025748e-09,0.0,0.0,0.0,-7.985336767143698e-06
2026-08-24T01:48:40.262195,8.09,0.5857046694000818,3.968383096028558,0.0,-7.276467628436478e-07,0.0,0.0,-3.6382338142181586e-07,0.9999999999999338,7.713770083430485e-15,-3.061930736736329e-09,0.0,0.0,0.0,-2.5089665112335667e-05
2026-08-24T01:48:40.289577,8.11,0.5857046694000818,3.968383096028913,0.0,1.078509078045187e-06,0.0,0.0,5.392545390225672e-07,0.9999999999998546,7.619975684415025e-15,-3.0264412642644345e-09,0.0,0.0,0.0,-6.854828463089059e-05
2026-08-24T01:48:40.314853,8.13,0.5857046694000818,3.9683830960292634,0.0,2.6580258527530987e-07,0.0,0.0,1.3290129263765454e-07,0.9999999999999911,7.517407991453092e-15,-2.9912449228675085e-09,0.0,0.0,0.0,-4.61370625621715e-05
2026-08-24T01:48:40.350072,8.15,0.5857046694000818,3.968383096029611,0.0,-4.599422643192241e-06,0.0,0.0,-2.2997113215940937e-06,0.9999999999973557,7.415519054111859e-15,-2.956340786619549e-09,0.0,0.0,0.0,0.00023340231774938725
2026-08-24T01:48:40.372892,8.17,0.5857046694000818,3.9683830960299558,0.0,-1.1352084028359856e-07,0.0,0.0,-5.676042014179924e-08,0.9999999999999983,7.332389704223685e-15,-2.9217288349814297e-09,0.0,0.0,0.0,-0.00012217018967634478
2026-08-24T01:48:40.401749,8.19,0.5857046694000818,3.9683830960302977,0.0,3.2231230804313786e-06,0.0,0.0,1.6115615402149916e-06,0.9999999999987015,7.24782888422845e-15,-2.8874077101503914e-09,0.0,0.0,0.0,-1.4038831560883049e-05
2026-08-24T01:48:40.429510,8.21,0.5857046694000818,3.9683830960306365,0.0,-2.2549530731552636e-07,0.0,0.0,-1.1274765365776294e-07,0.9999999999999937,7.140873912145328e-15,-2.853376714906375e-09,0.0,0.0,0.0,0.00010187779529320792
2026-08-24T01:48:40.459014,8.23,0.5857046694000818,3.9683830960309727,0.0,1.8746198664487683e-06,0.0,0.0,9.373099332242467e-07,0.9999999999995607,7.055188752221234e-15,-2.8196351609111046e-09,0.0,0.0,0.0,-0.00010943368281685761
2026-08-24T01:48:40.486726,8.25,0.5857046694000818,3.9683830960313062,0.0,2.2946126065903627e-07,0.0,0.0,1.1473063032951788e-07,0.9999999999999934,6.9740618161688395e-15,-2.7861814677621056e-09,0.0,0.0,0.0,5.6334920341463e-05
2026-08-24T01:48:40.511239,8.27,0.5857046694000818,3.9683830960316366,0.0,-1.1084795610294407e-06,0.0,0.0,-5.54239780514692e-07,0.9999999999998465,6.886411334105979e-15,-2.7530149421250984e-09,0.0,0.0,0.0,0.00028940448825031154
2026-08-24T01:48:40.537411,8.29,0.5857046694000818,3.968383096031964,0.0,-7.666998080857468e-07,0.0,0.0,-3.83349904042864e-07,0.9999999999999265,6.789928948989738e-15,-2.7201364555251572e-09,0.0,0.0,0.0,7.625313092257923e-05
2026-08-24T01:48:40.571169,8.31,0.5857046694000818,3.968383096032289,0.0,3.2777151042218126e-06,0.0,0.0,1.6388575521101726e-06,0.9999999999986571,6.696798248957663e-15,-2.6875446457186313e-09,0.0,0.0,0.0,-9.784221472379631e-05
2026-08-24T01:48:40.602507,8.33,0.5857046694000818,3.968383096032611,0.0,8.437628919999441e-07,0.0,0.0,4.218814459999595e-07,0.999999999999911,6.629019196194012e-15,-2.655238155457873e-09,0.0,0.0,0.0,-0.00034564889102396923
2026-08-24T01:48:40.625663,8.34,0.5857046694000818,3.968383096059087,0.0,-7.23421322845752e-13,0.0,0.0,-3.61710661422876e-13,1.0,-7.113262930041702e-19,-2.6082465076626704e-09,0.0,0.0,0.0,0.00016241929989975018
2026-08-24T01:48:40.654839,8.37,0.5857046694000818,3.968383096033246,0.0,-2.2554746470504483e-07,0.0,0.0,-1.1277373235252218e-07,0.9999999999999937,6.4551186935390755e-15,-2.5914739154586643e-09,0.0,0.0,0.0,-0.00010086627657807002
2026-08-24T01:48:40.688285,8.39,0.5857046694000818,3.9683830960335595,0.0,3.13992983436151e-06,0.0,0.0,1.56996491718011e-06,0.9999999999987677,6.369228836591891e-15,-2.5600154557325893e-09,0.0,0.0,0.0,0.00013718712854574475
2026-08-24T01:48:40.718106,8.42,0.878556711251864,5.952572706153296,0.0,7.891465259035613e-13,0.0,0.0,3.9457326295178063e-13,1.0,1.4825960939620839e-09,2.3238698242280393,0.0,0.0,0.0,3.120560265668822e-06
2026-08-24T01:48:40.775728,8.44,0.5857046694000818,3.9683830960590876,0.0,-3.9834802123550617e-13,0.0,0.0,-1.9917401061775308e-13,1.0,3.2269678992740674e-18,-2.4534883014126763e-09,0.0,0.0,0.0,4.739802944499227e-05
2026-08-24T01:48:40.806740,8.47,0.5857046694000818,3.968383096034786,0.0,-1.5879375228067259e-06,0.0,0.0,-7.939687614032796e-07,0.9999999999996848,6.0580633341439895e-15,-2.4369864876083724e-09,0.0,0.0,0.0,3.884435094244086e-05
2026-08-24T01:48:40.834767,8.49,0.5857046694000818,3.968383096035085,0.0,2.1393515523548956e-06,0.0,0.0,1.0696757761772439e-06,0.9999999999994279,5.983704122082472e-15,-2.406925456721609e-09,0.0,0.0,0.0,7.970712891288751e-05
2026-08-24T01:48:40.858244,8.51,0.5857046694000818,3.9683830960353816,0.0,-8.720020887587053e-07,0.0,0.0,-4.360010443793389e-07,0.999999999999905,5.916037932505143e-15,-2.37713996931177e-09,0.0,0.0,0.0,8.525508736187865e-05
2026-08-24T01:48:40.892669,8.53,0.5857046694000818,3.9683830960356756,0.0,5.036514165723817e-07,0.0,0.0,2.5182570828618813e-07,0.9999999999999682,5.826488999011021e-15,-2.3476280075485077e-09,0.0,0.0,0.0,0.0002492313395410681
2026-08-24T01:48:40.918194,8.55,0.5857046694000818,3.968383096035967,0.0,1.9546582787910442e-06,0.0,0.0,9.773291393953663e-07,0.9999999999995224,5.767518984281118e-15,-2.3183913266944244e-09,0.0,0.0,0.0,1.673636489651548e-05
2026-08-24T01:48:40.942334,8.57,0.5857046694000818,3.9683830960362556,0.0,-2.0892543433070902e-06,0.0,0.0,-1.044627171653355e-06,0.9999999999994543,5.6901449907719545e-15,-2.2894258977501634e-09,0.0,0.0,0.0,0.0004979132254878634
2026-08-24T01:48:40.969319,8.59,0.5857046694000818,3.9683830960365416,0.0,3.1910679907376505e-06,0.0,0.0,1.5955339953681482e-06,0.9999999999987271,5.618348183851043e-15,-2.260731703507268e-09,0.0,0.0,0.0,0.00014337747915532266
2026-08-24T01:48:40.998722,8.6,0.5857046694000818,3.9683830960590876,0.0,1.2869705301454815e-12,0.0,0.0,6.434852650727407e-13,1.0,-2.0290192465348732e-19,-2.220141182007751e-09,0.0,0.0,0.0,0.0005993552869151587
2026-08-24T01:48:41.029265,8.62,0.5857046694000818,3.9683830960590867,0.0,2.007283228522283e-12,0.0,0.0,1.0036416142611415e-12,1.0,-4.562151507160398e-18,-2.1921824355786157e-09,0.0,0.0,0.0,-0.0003369402436146562
2026-08-24T01:48:41.056463,8.65,0.5857046694000818,3.968383096037383,0.0,3.497721148271183e-07,0.0,0.0,1.7488605741355822e-07,0.9999999999999847,5.402839246276455e-15,-2.1762616231324472e-09,0.0,0.0,0.0,-1.1489495871953333e-05
2026-08-24T01:48:41.086726,8.67,0.5857046694000818,3.9683830960376585,0.0,-1.1679024902733206e-06,0.0,0.0,-5.83951245136627e-07,0.9999999999998295,5.339164223972041e-15,-2.148637904264561e-09,0.0,0.0,0.0,-5.5261898517639576e-05
2026-08-24T01:48:41.109293,8.69,0.5857046694000818,3.9683830960379316,0.0,-3.7959302368051344e-06,0.0,0.0,-1.8979651184014275e-06,0.9999999999981989,5.272778924361161e-15,-2.121279085720573e-09,0.0,0.0,0.0,0.0003630794000677023
2026-08-24T01:48:41.136378,8.71,0.5857046694000818,3.968383096038201,0.0,-1.5881709258813714e-06,0.0,0.0,-7.940854629406023e-07,0.9999999999996847,5.212113477811309e-15,-2.0941849210309726e-09,0.0,0.0,0.0,-0.00026461627596836954
2026-08-24T01:48:41.168785,8.73,0.5857046694000818,3.968383096038469,0.0,7.53071813797135e-08,0.0,0.0,3.7653590689856735e-08,0.9999999999999993,5.1435469175620635e-15,-2.067352055101779e-09,0.0,0.0,0.0,0.00022701814384656964
2026-08-24T01:48:41.199780,8.75,0.5857046694000818,3.968383096038734,0.0,-8.804791278294032e-07,0.0,0.0,-4.402395639146874e-07,0.9999999999999031,5.08234049209783e-15,-2.04078068555269e-09,0.0,0.0,0.0,-0.0002525723054661548
2026-08-24T01:48:41.230888,8.77,0.5857046694000818,3.9683830960389956,0.0,-2.3131533772868806e-06,0.0,0.0,-1.1565766886431824e-06,0.9999999999993312,5.013782175933819e-15,-2.0144679024891586e-09,0.0,0.0,0.0,-8.937109152279697e-05
2026-08-24T01:48:41.257301,8.79,0.5857046694000818,3.968383096039255,0.0,3.99570329268073e-07,0.0,0.0,1.9978516463403518e-07,0.99999999999998,4.949647140376197e-15,-1.9884121266189327e-09,0.0,0.0,0.0,3.249464946715879e-05
2026-08-24T01:48:41.284253,8.81,0.5857046694000818,3.9683830960395126,0.0,-2.5014774971410247e-06,0.0,0.0,-1.2507387485701863e-06,0.9999999999992178,4.893663360203847e-15,-1.962614007422481e-09,0.0,0.0,0.0,-3.250718645764555e-05
2026-08-24T01:48:41.316579,8.82,0.5857046694000818,3.9683830960590876,0.0,-7.833733661755105e-13,0.0,0.0,-3.9168668308775523e-13,1.0,7.340247789186989e-18,-1.9269414952560737e-09,0.0,0.0,0.0,1.5395307476975742e-05
2026-08-24T01:48:41.338731,8.85,0.5857046694000818,3.9683830960400193,0.0,-3.9080195657348327e-07,0.0,0.0,-1.954009782867404e-07,0.9999999999999809,4.775588939393528e-15,-1.911781304375637e-09,0.0,0.0,0.0,-0.0001494374475804701
2026-08-24T01:48:41.370403,8.870000000000001,0.5857046694000818,3.9683830960402693,0.0,9.891064518541275e-07,0.0,0.0,4.945532259270434e-07,0.9999999999998777,4.708516192417839e-15,-1.886742905798933e-09,0.0,0.0,0.0,-6.474664601938495e-05
2026-08-24T01:48:41.393735,8.89,0.5857046694000818,3.9683830960405158,0.0,-1.4513391155546174e-07,0.0,0.0,-7.25669557777308e-08,0.9999999999999973,4.648738475447982e-15,-1.861956745452531e-09,0.0,0.0,0.0,0.00016391898730177905
2026-08-24T01:48:41.424510,8.91,0.5857046694000818,3.9683830960407596,0.0,-1.5119391725271214e-06,0.0,0.0,-7.559695862634887e-07,0.9999999999997142,4.589000430767505e-15,-1.83741813153393e-09,0.0,0.0,0.0,-0.00026136567089261235
2026-08-24T01:48:41.456089,8.93,0.5857046694000818,3.968383096041002,0.0,-3.3383913446982665e-06,0.0,0.0,-1.669195672348358e-06,0.9999999999986069,4.522429337531929e-15,-1.813127041838669e-09,0.0,0.0,0.0,0.00011315480792344128
2026-08-24T01:48:41.484322,8.96,0.8785567112519272,5.95257270615814,0.0,-7.109868249699502e-13,0.0,0.0,-3.554934124849751e-13,1.0,1.4825695252625865e-09,2.324113388916442,0.0,0.0,0.0,9.70050441319592e-05
2026-08-24T01:48:41.508421,8.97,0.5857046694000818,3.9683830960414794,0.0,-7.28992398446593e-07,0.0,0.0,-3.644961992232884e-07,0.9999999999999336,4.422457451066344e-15,-1.7652815831326053e-09,0.0,0.0,0.0,0.0001669904626118612
2026-08-24T01:48:41.532420,8.99,0.5857046694000818,3.968383096041714,0.0,-7.319851151876833e-07,0.0,0.0,-3.659925575938335e-07,0.999999999999933,4.3644346420439904e-15,-1.7417262848651305e-09,0.0,0.0,0.0,0.00010167333076351203
2026-08-24T01:48:41.559708,9.01,0.5857046694000818,3.9683830960419466,0.0,9.645499217114661e-07,0.0,0.0,4.822749608557143e-07,0.9999999999998838,4.317136798545405e-15,-1.7184130995939739e-09,0.0,0.0,0.0,-0.0002101821811946833
2026-08-24T01:48:41.590908,9.03,0.5857046694000819,3.9683830960421766,0.0,-3.579250198892936e-06,0.0,0.0,-1.7896250994455127e-06,0.9999999999983986,4.262006449765024e-15,-1.6953393405794158e-09,0.0,0.0,0.0,-8.225614906006817e-05
2026-08-24T01:48:41.619295,9.05,0.5857046694000819,3.968383096042404,0.0,-2.0847380532984516e-07,0.0,0.0,-1.042369026649224e-07,0.9999999999999946,4.1983993257463995e-15,-1.672504987837442e-09,0.0,0.0,0.0,-0.0004561149837540514
2026-08-24T01:48:41.646344,9.06,0.5857046694000818,3.968383096059087,0.0,-1.3224976669334865e-12,0.0,0.0,-6.612488334667432e-13,1.0,-5.289504976904085e-18,-1.6416903392268978e-09,0.0,0.0,0.0,-0.0001543912701068191
2026-08-24T01:48:41.675134,9.09,0.5857046694000818,3.968383096042852,0.0,-2.7623009732913317e-06,0.0,0.0,-1.3811504866452267e-06,0.9999999999990462,4.09760422837694e-15,-1.627544848337159e-09,0.0,0.0,0.0,0.0005760444837707231
2026-08-24T01:48:41.701839,9.11,0.5857046694000818,3.9683830960430724,0.0,-1.5513964584101814e-06,0.0,0.0,-7.756982292050129e-07,0.9999999999996991,4.047832431163932e-15,-1.6054179208246921e-09,0.0,0.0,0.0,0.00038693647633491633
2026-08-24T01:48:41.729070,9.13,0.5857046694000818,3.9683830960432913,0.0,2.434237583948118e-06,0.0,0.0,1.2171187919737584e-06,0.9999999999992593,3.990746152330422e-15,-1.5835216515824867e-09,0.0,0.0,0.0,-4.438167276935156e-05
2026-08-24T01:48:41.752678,9.14,0.5857046694000818,3.968383096059087,0.0,5.551115123125783e-13,0.0,0.0,2.7755575615628914e-13,1.0,-8.778097986700018e-18,-1.5542114262245832e-09,0.0,0.0,0.0,-0.00023153586556225967
2026-08-24T01:48:41.782122,9.17,0.5857046694000818,3.9683830960437203,0.0,-1.4222204476332934e-06,0.0,0.0,-7.111102238165868e-07,0.9999999999997472,3.880787066598639e-15,-1.5404230280235965e-09,0.0,0.0,0.0,0.00021999545622135384
2026-08-24T01:48:41.809325,9.19,0.5857046694000818,3.9683830960439317,0.0,1.7431857135541406e-06,0.0,0.0,8.7159285677696e-07,0.9999999999996202,3.849590804159935e-15,-1.51921551228007e-09,0.0,0.0,0.0,-2.456422564043112e-05
2026-08-24T01:48:41.836799,9.21,0.5857046694000818,3.9683830960441413,0.0,1.374480756766161e-06,0.0,0.0,6.872403783830264e-07,0.9999999999997639,3.786524748829678e-15,-1.4982334672897223e-09,0.0,0.0,0.0,6.598627181678054e-05
2026-08-24T01:48:41.870309,9.23,0.5857046694000818,3.968383096044348,0.0,-4.549213330484747e-07,0.0,0.0,-2.274606665242354e-07,0.9999999999999741,3.752630091551995e-15,-1.4774779921733483e-09,0.0,0.0,0.0,0.00024797981605763396
2026-08-24T01:48:41.891557,9.25,0.5857046694000818,3.9683830960445525,0.0,-1.427060928982371e-06,0.0,0.0,-7.13530464491125e-07,0.9999999999997454,3.702002403724123e-15,-1.4569455070168046e-09,0.0,0.0,0.0,0.00010126602557382613
2026-08-24T01:48:41.920850,9.27,0.5857046694000818,3.968383096044755,0.0,-3.1297783316119876e-06,0.0,0.0,-1.5648891658053551e-06,0.9999999999987755,3.656958156522214e-15,-1.4366337697246933e-09,0.0,0.0,0.0,6.497041301928622e-05
2026-08-24T01:48:41.948246,9.29,0.5857046694000818,3.9683830960449553,0.0,1.8974503879221063e-06,0.0,0.0,9.487251939609107e-07,0.9999999999995499,3.607997328612286e-15,-1.4165434292223722e-09,0.0,0.0,0.0,0.00021289533824618573
2026-08-24T01:48:41.979196,9.31,0.5857046694000818,3.968383096045154,0.0,-4.7040787132246464e-07,0.0,0.0,-2.3520393566123015e-07,0.9999999999999724,3.579213874867291e-15,-1.3966693607203595e-09,0.0,0.0,0.0,-0.000197230894934581
2026-08-24T01:48:42.004313,9.33,0.5857046694000818,3.9683830960453492,0.0,4.946638988645447e-06,0.0,0.0,2.4733194943202016e-06,0.9999999999969413,3.5207636494948846e-15,-1.3770142115454576e-09,0.0,0.0,0.0,0.0004261090106669836
2026-08-24T01:48:42.030715,9.35,0.5857046694000818,3.9683830960455437,0.0,-1.035983387964734e-06,0.0,0.0,-5.179916939823438e-07,0.9999999999998659,3.459766984584961e-15,-1.3575728452508428e-09,0.0,0.0,0.0,5.531975809793197e-05
2026-08-24T01:48:42.058704,9.36,0.5857046694000818,3.968383096059087,0.0,-1.318944953254686e-13,0.0,0.0,-6.59472476627343e-14,1.0,1.1441926790609875e-17,-1.3321184155756782e-09,0.0,0.0,0.0,0.000454934858415072
2026-08-24T01:48:42.090081,9.39,0.5857046694000818,3.9683830960459243,0.0,2.5594320498534277e-06,0.0,0.0,1.2797160249263645e-06,0.9999999999991812,3.384755154655828e-15,-1.319330966698118e-09,0.0,0.0,0.0,0.000251158538761619
2026-08-24T01:48:42.111704,9.41,0.5857046694000818,3.9683830960461113,0.0,2.2092110456561898e-06,0.0,0.0,1.1046055228278702e-06,0.9999999999993899,3.3429907218362633e-15,-1.3005246368713585e-09,0.0,0.0,0.0,0.00032698529338819456
2026-08-24T01:48:42.140502,9.42,0.5857046694000819,3.968383096059087,0.0,1.5236700789955648e-12,0.0,0.0,7.618350394977824e-13,1.0,1.557093778615935e-17,-1.2760510426090832e-09,0.0,0.0,0.0,-0.00028948430637314334
2026-08-24T01:48:42.167951,9.45,0.5857046694000818,3.9683830960464794,0.0,-2.2819661644746247e-06,0.0,0.0,-1.1409830822370648e-06,0.9999999999993491,3.269250782952532e-15,-1.2635442325770185e-09,0.0,0.0,0.0,0.00011202450620867617
2026-08-24T01:48:42.194600,9.47,0.5857046694000818,3.968383096046661,0.0,-1.5133381339182965e-06,0.0,0.0,-7.566690669590758e-07,0.9999999999997137,3.2138312145889315e-15,-1.2453594477879192e-09,0.0,0.0,0.0,-9.513446469428643e-05
2026-08-24T01:48:42.219678,9.49,0.5857046694000818,3.9683830960468414,0.0,-3.035555951935721e-06,0.0,0.0,-1.5177779759672773e-06,0.9999999999988481,3.1783758403058123e-15,-1.2273801075490808e-09,0.0,0.0,0.0,0.0005437043909782275
2026-08-24T01:48:42.243365,9.51,0.5857046694000818,3.968383096047018,0.0,3.1228262065141617e-06,0.0,0.0,1.5614131032564466e-06,0.999999999998781,3.1270921777980333e-15,-1.2096070900469158e-09,0.0,0.0,0.0,-6.0527480283169516e-05
2026-08-24T01:48:42.276189,9.53,0.5857046694000818,3.9683830960471935,0.0,3.5512717642127716e-06,0.0,0.0,1.7756358821054526e-06,0.9999999999984236,3.087682556339461e-15,-1.1920314807456477e-09,0.0,0.0,0.0,-0.0001651348969546739
2026-08-24T01:48:42.301799,9.55,0.5857046694000819,3.9683830960473663,0.0,-2.0904060602511265e-06,0.0,0.0,-1.0452030301253729e-06,0.9999999999994538,3.048274422182674e-15,-1.1746563788328502e-09,0.0,0.0,0.0,-0.0002179335026068195
2026-08-24T01:48:42.326428,9.57,0.5857046694000818,3.9683830960475377,0.0,-4.840219633983622e-06,0.0,0.0,-2.4201098169894488e-06,0.9999999999970716,3.0312147896743276e-15,-1.1574775432565687e-09,0.0,0.0,0.0,1.9574500211355747e-05
2026-08-24T01:48:42.356561,9.59,0.5857046694000818,3.9683830960477073,0.0,1.8647324089293702e-06,0.0,0.0,9.323662044645501e-07,0.9999999999995653,2.988739161214015e-15,-1.1404960698069288e-09,0.0,0.0,0.0,1.0232711724675065e-05
2026-08-24T01:48:42.382930,9.61,0.5857046694000818,3.9683830960478748,0.0,-7.537397364032473e-07,0.0,0.0,-3.7686986820161466e-07,0.999999999999929,2.941630799926678e-15,-1.1237094987848194e-09,0.0,0.0,0.0,-0.00016236477245365347
2026-08-24T01:48:42.415126,9.63,0.5857046694000818,3.96838309604804,0.0,1.3169971113669021e-06,0.0,0.0,6.584985556834035e-07,0.9999999999997832,2.896011276176582e-15,-1.1071167049792052e-09,0.0,0.0,0.0,-0.00027185406017698945
2026-08-24T01:48:42.437743,9.64,0.5857046694000819,3.9683830960590876,0.0,-3.872457909892546e-13,0.0,0.0,-1.936228954946273e-13,1.0,7.648235132323746e-18,-1.0859964039156011e-09,0.0,0.0,0.0,-0.00037654229136920134
2026-08-24T01:48:42.465845,9.66,0.5857046694000818,3.9683830960590867,0.0,-1.738165167353145e-12,0.0,0.0,-8.690825836765725e-13,1.0,7.106585230960383e-18,-1.069881294668562e-09,0.0,0.0,0.0,-0.0001433203514877055
2026-08-24T01:48:42.493881,9.69,0.5857046694000818,3.968383096048525,0.0,9.78049772282219e-07,0.0,0.0,4.8902488614109e-07,0.9999999999998804,2.8064762408262834e-15,-1.0584788123768618e-09,0.0,0.0,0.0,-6.516561828945523e-05
2026-08-24T01:48:42.520012,9.71,0.5857046694000818,3.968383096048683,0.0,-4.2524446186575915e-06,0.0,0.0,-2.1262223093271936e-06,0.9999999999977396,2.7578411555746197e-15,-1.0426411822805904e-09,0.0,0.0,0.0,-0.00034059494851393417
2026-08-24T01:48:42.551885,9.73,0.5857046694000818,3.968383096048839,0.0,-1.2290579878282415e-06,0.0,0.0,-6.145289939140821e-07,0.9999999999998112,2.726457453221326e-15,-1.0269899131110093e-09,0.0,0.0,0.0,2.515457537331938e-05
2026-08-24T01:48:42.580898,9.74,0.5857046694000818,3.968383096059087,0.0,-2.69562150378988e-13,0.0,0.0,-1.34781075189494e-13,1.0,-8.379519128079286e-19,-1.007271155373246e-09,0.0,0.0,0.0,-0.0004218886890804429
2026-08-24T01:48:42.608168,9.77,0.5857046694000818,3.9683830960491453,0.0,-9.584706601728499e-07,0.0,0.0,-4.792353300864066e-07,0.9999999999998852,2.6698761568021356e-15,-9.962384139861058e-10,0.0,0.0,0.0,-0.00013802915181510052
2026-08-24T01:48:42.634946,9.79,0.5857046694000818,3.9683830960492963,0.0,2.0581108564066138e-06,0.0,0.0,1.0290554282031254e-06,0.9999999999994705,2.6360219469883237e-15,-9.811325901720735e-10,0.0,0.0,0.0,0.00047126618218876464
2026-08-24T01:48:42.659091,9.81,0.5857046694000818,3.968383096049445,0.0,-4.091374661285841e-07,0.0,0.0,-2.045687330642906e-07,0.9999999999999791,2.5967432040873344e-15,-9.662081856820493e-10,0.0,0.0,0.0,-6.22727264910008e-05
2026-08-24T01:48:42.693965,9.83,0.5857046694000818,3.9683830960495916,0.0,1.174247655999494e-06,0.0,0.0,5.871238279997133e-07,0.9999999999998277,2.557642694320276e-15,-9.514605120441998e-10,0.0,0.0,0.0,0.0003262823372357965
2026-08-24T01:48:42.717915,9.84,0.5857046694000818,3.968383096059088,0.0,1.234568003383174e-12,0.0,0.0,6.17284001691587e-13,1.0,5.292982347752211e-18,-9.330700656562385e-10,0.0,0.0,0.0,0.0002345274414918707
2026-08-24T01:48:42.740574,9.870000000000001,0.5857046694000818,3.9683830960498807,0.0,1.2027173825757136e-06,0.0,0.0,6.013586912878204e-07,0.9999999999998191,2.5115365899276843e-15,-9.224904201632356e-10,0.0,0.0,0.0,-8.719375709462227e-05
2026-08-24T01:48:42.770833,9.89,0.5857046694000818,3.968383096050023,0.0,8.814172143267742e-07,0.0,0.0,4.4070860716337276e-07,0.9999999999999029,2.466353751635037e-15,-9.082648572134033e-10,0.0,0.0,0.0,0.00015274786449761911
2026-08-24T01:48:42.796764,9.91,0.5857046694000818,3.9683830960501627,0.0,-1.9511981990127936e-06,0.0,0.0,-9.75599099506242e-07,0.9999999999995242,2.4468132759836735e-15,-8.942122003974262e-10,0.0,0.0,0.0,0.00033780171059889937
2026-08-24T01:48:42.832205,9.93,0.5857046694000818,3.9683830960503013,0.0,1.7187309815369645e-06,0.0,0.0,8.593654907683765e-07,0.9999999999996307,2.4011585562961387e-15,-8.803284229363939e-10,0.0,0.0,0.0,-0.0001559754419871868
2026-08-24T01:48:42.862238,9.95,0.5857046694000818,3.9683830960504385,0.0,-2.8200774115916265e-06,0.0,0.0,-1.4100387057953459e-06,0.9999999999990059,2.377644512327296e-15,-8.666130751899814e-10,0.0,0.0,0.0,-0.00023253544186877033
2026-08-24T01:48:42.891383,9.98,0.8785567112519442,5.952572706161748,0.0,-1.922462189440921e-12,0.0,0.0,-9.612310947204605e-13,1.0,1.4825626906689315e-09,2.3242948159789965,0.0,0.0,0.0,2.424759638218718e-05
2026-08-24T01:48:42.921793,9.99,0.5857046694000818,3.9683830960507063,0.0,-5.3994670698997985e-06,0.0,0.0,-2.69973353494662e-06,0.9999999999963557,2.3191356639106435e-15,-8.396818285127949e-10,0.0,0.0,0.0,8.059924882593337e-05
2026-08-24T01:48:42.946445,10.01,0.5857046694000818,3.9683830960508386,0.0,-2.2737406224493384e-06,0.0,0.0,-1.1368703112244244e-06,0.9999999999993537,2.2827723973934298e-15,-8.264612311181807e-10,0.0,0.0,0.0,-0.00010289827595686766
2026-08-24T01:48:42.975425,10.03,0.5857046694000818,3.9683830960509687,0.0,-1.8897907985149232e-06,0.0,0.0,-9.44895399257321e-07,0.9999999999995536,2.255319470723715e-15,-8.134059020781237e-10,0.0,0.0,0.0,-0.0002280824680388423
2026-08-24T01:48:43.004412,10.04,0.5857046694000818,3.968383096059087,0.0,-1.156408302449563e-12,0.0,0.0,-5.782041512247815e-13,1.0,-1.0318665353961948e-18,-7.974680915623367e-10,0.0,0.0,0.0,-1.325478719772853e-05
2026-08-24T01:48:43.034701,10.07,0.5857046694000818,3.9683830960512236,0.0,-2.4179924120737435e-06,0.0,0.0,-1.2089962060365774e-06,0.9999999999992691,2.201093128879499e-15,-7.877763097408064e-10,0.0,0.0,0.0,0.0005338966652157129
2026-08-24T01:48:43.060286,10.1,0.8785567112519818,5.9525727061619484,0.0,-3.781863711083133e-12,0.0,0.0,-1.8909318555415666e-12,1.0,1.482546699445829e-09,2.324304872760795,0.0,0.0,0.0,-3.671499359091241e-05
2026-08-24T01:48:43.088190,10.11,0.5857046694000818,3.9683830960514737,0.0,7.304544427100271e-07,0.0,0.0,3.652272213550053e-07,0.9999999999999333,2.1436994925086824e-15,-7.627776010821208e-10,0.0,0.0,0.0,0.00024751690519900026
2026-08-24T01:48:43.116183,10.12,0.5857046694000818,3.9683830960590876,0.0,8.926193117986259e-13,0.0,0.0,4.4630965589931293e-13,1.0,-3.3657007011978455e-18,-7.47743866824635e-10,0.0,0.0,0.0,5.3396932669803085e-05
2026-08-24T01:48:43.141571,10.15,0.5857046694000818,3.9683830960517166,0.0,1.8818288181066125e-06,0.0,0.0,9.409144090531673e-07,0.9999999999995574,2.1033432273612037e-15,-7.384005740185273e-10,0.0,0.0,0.0,-2.2006608081276256e-05
2026-08-24T01:48:43.175621,10.16,0.5857046694000818,3.968383096059087,0.0,4.636291350834654e-13,0.0,0.0,2.318145675417327e-13,1.0,-3.3899600784800705e-18,-7.238027954770132e-10,0.0,0.0,0.0,0.00023089910459691908
2026-08-24T01:48:43.204607,10.19,0.5857046694000819,3.9683830960519533,0.0,3.2832099794433134e-07,0.0,0.0,1.6416049897216493e-07,0.9999999999999866,2.0446543200875945e-15,-7.146284464187857e-10,0.0,0.0,0.0,-0.00015194949150235408
2026-08-24T01:48:43.233228,10.21,0.5857046694000819,3.96838309605207,0.0,-8.448895774115786e-07,0.0,0.0,-4.224447887057766e-07,0.9999999999999107,2.0316609535793844e-15,-7.02967445920244e-10,0.0,0.0,0.0,-0.0002303472020159007
2026-08-24T01:48:43.267117,10.23,0.5857046694000818,3.968383096052184,0.0,4.727834403084331e-06,0.0,0.0,2.3639172015399636e-06,0.9999999999972059,1.9896833903189836e-15,-6.914544703473525e-10,0.0,0.0,0.0,0.00014943352333796772
2026-08-24T01:48:43.287706,10.24,0.5857046694000818,3.9683830960590876,0.0,1.730171561575844e-12,0.0,0.0,8.65085780787922e-13,1.0,-4.5763879531788645e-18,-6.777018946024782e-10,0.0,0.0,0.0,-0.0001502601542027621
2026-08-24T01:48:43.324162,10.27,0.5857046694000818,3.9683830960524107,0.0,-2.107460546074691e-06,0.0,0.0,-1.0537302730371504e-06,0.9999999999994448,1.9336549514534167e-15,-6.688685444400377e-10,0.0,0.0,0.0,4.066449236724695e-06
2026-08-24T01:48:43.350168,10.29,0.5857046694000818,3.9683830960525204,0.0,-2.282935116060258e-06,0.0,0.0,-1.1414675580298813e-06,0.9999999999993485,1.925733930248204e-15,-6.577922384565227e-10,0.0,0.0,0.0,0.00020464053053714418
2026-08-24T01:48:43.375302,10.3,0.5857046694000818,3.968383096059087,0.0,-6.350475700855895e-14,0.0,0.0,-3.175237850427948e-14,1.0,2.6352491970899646e-18,-6.44648334713338e-10,0.0,0.0,0.0,0.00017218510314156787
2026-08-24T01:48:43.410593,10.33,0.5857046694000818,3.9683830960527375,0.0,-4.7021280247250274e-07,0.0,0.0,-2.351064012362492e-07,0.9999999999999724,1.8644232360685072e-15,-6.360626525481194e-10,0.0,0.0,0.0,-0.0001950388157756906
2026-08-24T01:48:43.431668,10.35,0.5857046694000818,3.9683830960528432,0.0,9.069147854923186e-07,0.0,0.0,4.534573927461438e-07,0.9999999999998972,1.8547334831385788e-15,-6.254082435264152e-10,0.0,0.0,0.0,0.0001845333276375315
2026-08-24T01:48:43.467212,10.37,0.5857046694000817,3.968383096052948,0.0,-2.6321442363475005e-06,0.0,0.0,-1.3160721181733701e-06,0.999999999999134,1.8185573463666457e-15,-6.148908848757628e-10,0.0,0.0,0.0,-0.00016485693208185927
2026-08-24T01:48:43.494763,10.39,0.5857046694000818,3.968383096053052,0.0,-2.486603629670015e-06,0.0,0.0,-1.2433018148346868e-06,0.9999999999992271,1.8006640614859497e-15,-6.045090122919206e-10,0.0,0.0,0.0,0.00012308157158839498
2026-08-24T01:48:43.520261,10.41,0.5857046694000818,3.968383096053154,0.0,1.9410102907180264e-06,0.0,0.0,9.705051453588607e-07,0.999999999999529,1.7717434406523643e-15,-5.942617348209112e-10,0.0,0.0,0.0,0.00031668046152240694
2026-08-24T01:48:43.552396,10.43,0.5857046694000818,3.968383096053255,0.0,-1.2185076814219542e-07,0.0,0.0,-6.092538407109767e-08,0.9999999999999981,1.7619552315327422e-15,-5.841503625259037e-10,0.0,0.0,0.0,0.00016609865523523694
2026-08-24T01:48:43.586403,10.44,0.5857046694000818,3.9683830960590867,0.0,4.289901767151605e-13,0.0,0.0,2.1449508835758024e-13,1.0,-7.09260888317065e-18,-5.723452822792297e-10,0.0,0.0,0.0,-0.00012225176817919322
2026-08-24T01:48:43.613154,10.46,0.5857046694000818,3.9683830960590867,0.0,9.352518759442319e-13,0.0,0.0,4.676259379721159e-13,1.0,8.306402437662424e-19,-5.62549340443752e-10,0.0,0.0,0.0,-0.0001569367386014493
2026-08-24T01:48:43.642696,10.49,0.5857046694000819,3.96838309605355,0.0,-1.7752036090001866e-06,0.0,0.0,-8.876018044999767e-07,0.9999999999996061,1.6992115736096279e-15,-5.546095976916021e-10,0.0,0.0,0.0,0.000320824853447912
2026-08-24T01:48:43.673011,10.51,0.5857046694000818,3.9683830960536453,0.0,-6.716486407043476e-07,0.0,0.0,-3.358243203521675e-07,0.9999999999999436,1.6781551069624062e-15,-5.450219847658033e-10,0.0,0.0,0.0,5.7537162002646624e-05
2026-08-24T01:48:43.706664,10.53,0.5857046694000818,3.96838309605374,0.0,-4.4387726472194794e-07,0.0,0.0,-2.2193863236097217e-07,0.9999999999999754,1.654636702302094e-15,-5.355604504320155e-10,0.0,0.0,0.0,0.0002484611616421277
2026-08-24T01:48:43.733026,10.55,0.5857046694000818,3.9683830960538327,0.0,1.699416609657334e-06,0.0,0.0,8.497083048285646e-07,0.999999999999639,1.6177721166203868e-15,-5.26226316965861e-10,0.0,0.0,0.0,-9.486975627190483e-05
2026-08-24T01:48:43.764445,10.57,0.5857046694000818,3.9683830960539246,0.0,-6.965528007718547e-07,0.0,0.0,-3.482764003859203e-07,0.9999999999999394,1.6059558319044628e-15,-5.17016464085529e-10,0.0,0.0,0.0,-0.0002589184993465968
2026-08-24T01:48:43.794257,10.6,0.8785567112518562,5.95257270616249,0.0,-7.349676423018536e-13,0.0,0.0,-3.674838211509268e-13,1.0,1.4826002181587278e-09,2.324332082672926,0.0,0.0,0.0,-0.0002128842356977238
2026-08-24T01:48:43.818508,10.61,0.5857046694000818,3.968383096054105,0.0,-2.851584260277207e-06,0.0,0.0,-1.4257921301381204e-06,0.9999999999989836,1.5631876209989865e-15,-4.989675678190863e-10,0.0,0.0,0.0,-0.0001531330639386938
2026-08-24T01:48:43.860286,10.63,0.5857046694000818,3.9683830960541924,0.0,-1.3825355971164302e-07,0.0,0.0,-6.912677985582144e-08,0.9999999999999976,1.5603753459011442e-15,-4.901249461841672e-10,0.0,0.0,0.0,5.475915228171588e-05
2026-08-24T01:48:43.887556,10.65,0.5857046694000818,3.96838309605428,0.0,-2.5891485990747758e-06,0.0,0.0,-1.294574299537026e-06,0.999999999999162,1.5229831272169523e-15,-4.81401007945692e-10,0.0,0.0,0.0,2.6689932397221323e-05
2026-08-24T01:48:43.918799,10.67,0.5857046694000818,3.9683830960543656,0.0,-1.3399936480418264e-06,0.0,0.0,-6.69996824020863e-07,0.9999999999997755,1.5015055386947922e-15,-4.72796640726969e-10,0.0,0.0,0.0,0.0002511108591348501
2026-08-24T01:48:43.945592,10.69,0.5857046694000818,3.96838309605445,0.0,-3.743503175890339e-06,0.0,0.0,-1.8717515879440767e-06,0.9999999999982483,1.493960409525565e-15,-4.643093820533295e-10,0.0,0.0,0.0,-0.00033449653254691064
2026-08-24T01:48:43.974596,10.71,0.5857046694000818,3.968383096054534,0.0,-7.631061338386759e-08,0.0,0.0,-3.815530669193378e-08,0.9999999999999992,1.4808867504651245e-15,-4.5593700370716305e-10,0.0,0.0,0.0,-0.00027010007704126617
2026-08-24T01:48:44.005476,10.73,0.5857046694000818,3.9683830960546165,0.0,5.48311203152352e-06,0.0,0.0,2.741556015758325e-06,0.9999999999962419,1.4404886048426989e-15,-4.476799408958954e-10,0.0,0.0,0.0,0.00016054286591947784
2026-08-24T01:48:44.037238,10.75,0.5857046694000818,3.9683830960546973,0.0,1.3491513466412641e-06,0.0,0.0,6.745756733205809e-07,0.9999999999997725,1.4318469950346428e-15,-4.395368502496666e-10,0.0,0.0,0.0,9.942897403201752e-05
2026-08-24T01:48:44.062531,10.77,0.5857046694000818,3.968383096054777,0.0,-2.1076774641137774e-06,0.0,0.0,-1.0538387320566937e-06,0.9999999999994447,1.4095446945997952e-15,-4.31506388398617e-10,0.0,0.0,0.0,0.00036186966128868263
2026-08-24T01:48:44.091986,10.79,0.5857046694000818,3.9683830960548563,0.0,-3.692330485804974e-08,0.0,0.0,-1.8461652429024866e-08,0.9999999999999998,1.399289892717937e-15,-4.235854367262704e-10,0.0,0.0,0.0,-9.852851959690796e-05
2026-08-24T01:48:44.126447,10.81,0.5857046694000818,3.9683830960549344,0.0,-1.5462843006019964e-07,0.0,0.0,-7.731421503009975e-08,0.999999999999997,1.3765217216516012e-15,-4.157755423284115e-10,0.0,0.0,0.0,0.00013065130173826368
2026-08-24T01:48:44.155489,10.82,0.5857046694000818,3.968383096059087,0.0,3.2240876635114546e-13,0.0,0.0,1.6120438317557273e-13,1.0,7.069384075847255e-18,-4.0707304194143035e-10,0.0,0.0,0.0,0.00041898335948754514
2026-08-24T01:48:44.183093,10.85,0.5857046694000818,3.968383096055087,0.0,1.1199079694712566e-06,0.0,0.0,5.599539847355991e-07,0.9999999999998432,1.3506636610627194e-15,-4.00482673135194e-10,0.0,0.0,0.0,0.00010272977764443943
2026-08-24T01:48:44.216715,10.86,0.5857046694000818,3.968383096059087,0.0,5.986322548778844e-13,0.0,0.0,2.993161274389422e-13,1.0,-1.1613466742494003e-17,-3.9206549118375733e-10,0.0,0.0,0.0,3.46719448275241e-05
2026-08-24T01:48:44.243659,10.89,0.5857046694000818,3.9683830960552355,0.0,-1.7117015587153615e-06,0.0,0.0,-8.558507793575763e-07,0.9999999999996337,1.3121402009849136e-15,-3.856145947001011e-10,0.0,0.0,0.0,0.00018141321296371609
2026-08-24T01:48:44.273488,10.9,0.5857046694000818,3.9683830960590876,0.0,3.019806626980426e-14,0.0,0.0,1.509903313490213e-14,1.0,1.5090742442295628e-18,-3.7747605041715815e-10,0.0,0.0,0.0,-0.00015368343748411333
2026-08-24T01:48:44.308764,10.93,0.5857046694000818,3.96838309605538,0.0,1.2148682193569016e-06,0.0,0.0,6.074341096784134e-07,0.9999999999998155,1.28875685918536e-15,-3.7116391404801164e-10,0.0,0.0,0.0,0.0001511140314015316
2026-08-24T01:48:44.337034,10.95,0.5857046694000818,3.9683830960554496,0.0,-8.126105579542299e-07,0.0,0.0,-4.063052789771037e-07,0.9999999999999175,1.2565426313516384e-15,-3.6409318338037623e-10,0.0,0.0,0.0,9.041308529464457e-05
2026-08-24T01:48:44.359368,10.97,0.5857046694000818,3.9683830960555198,0.0,3.7637873537832438e-06,0.0,0.0,1.8818936768905108e-06,0.9999999999982292,1.2521930815987161e-15,-3.5712099277773745e-10,0.0,0.0,0.0,0.00010679782372616947
2026-08-24T01:48:44.389354,10.99,0.5857046694000818,3.9683830960555886,0.0,9.324265737298277e-07,0.0,0.0,4.662132868648969e-07,0.9999999999998913,1.2268521727042726e-15,-3.502482331940726e-10,0.0,0.0,0.0,0.00017494213646376285
2026-08-24T01:48:44.415098,11.01,0.5857046694000819,3.9683830960556556,0.0,-3.547312706242423e-06,0.0,0.0,-1.7736563531202812e-06,0.999999999998427,1.216581778228001e-15,-3.434753331754692e-10,0.0,0.0,0.0,0.00034302734344721764
2026-08-24T01:48:44.447743,11.03,0.5857046694000818,3.968383096055722,0.0,-2.4409377981093883e-06,0.0,0.0,-1.2204688990543911e-06,0.9999999999992553,1.202012593513157e-15,-3.367991785463431e-10,0.0,0.0,0.0,-0.0002733531884710036
2026-08-24T01:48:44.474656,11.04,0.5857046694000819,3.9683830960590876,0.0,-1.4352963262354024e-12,0.0,0.0,-7.176481631177012e-13,1.0,2.0344958917335823e-18,-3.2957725437654517e-10,0.0,0.0,0.0,5.851853560500574e-05
2026-08-24T01:48:44.502829,11.06,0.5857046694000818,3.9683830960590867,0.0,8.042455590384634e-13,0.0,0.0,4.021227795192317e-13,1.0,-2.8498447291813546e-18,-3.231230838451893e-10,0.0,0.0,0.0,4.9521388754563306e-05
2026-08-24T01:48:44.529287,11.09,0.5857046694000818,3.9683830960559163,0.0,-4.7431249505791584e-07,0.0,0.0,-2.371562475289557e-07,0.9999999999999719,1.1584151345960842e-15,-3.173426488256581e-10,0.0,0.0,0.0,0.00023028587113270346
2026-08-24T01:48:44.558518,11.11,0.5857046694000817,3.9683830960559785,0.0,1.0286342755350122e-06,0.0,0.0,5.143171377674833e-07,0.9999999999998678,1.14027127927661e-15,-3.1104405384674294e-10,0.0,0.0,0.0,-8.582421794809265e-05
2026-08-24T01:48:44.589488,11.13,0.5857046694000818,3.9683830960560407,0.0,-1.059551846260831e-06,0.0,0.0,-5.297759231303908e-07,0.9999999999998597,1.1434054421557748e-15,-3.048370533775824e-10,0.0,0.0,0.0,-0.000315393192271885
2026-08-24T01:48:44.623330,11.15,0.5857046694000817,3.9683830960561024,0.0,-1.0074203946608409e-06,0.0,0.0,-5.03710197330399e-07,0.9999999999998731,1.1178460545191139e-15,-2.9872097684346953e-10,0.0,0.0,0.0,-0.000176950434021958
2026-08-24T01:48:44.655739,11.17,0.5857046694000818,3.968383096056163,0.0,4.197717673903867e-06,0.0,0.0,2.0988588369503923e-06,0.9999999999977974,1.1028291124512448e-15,-2.926951470083594e-10,0.0,0.0,0.0,-7.0721339898264526e-06
2026-08-24T01:48:44.678068,11.19,0.5857046694000818,3.968383096056222,0.0,2.6846328449181556e-07,0.0,0.0,1.3423164224590738e-07,0.999999999999991,1.0894174599189464e-15,-2.867600068512388e-10,0.0,0.0,0.0,1.2412693877749472e-05
2026-08-24T01:48:44.706943,11.21,0.5857046694000818,3.9683830960562805,0.0,1.0196409827578634e-06,0.0,0.0,5.098204913789096e-07,0.99999999999987,1.0699397369640292e-15,-2.809122057190194e-10,0.0,0.0,0.0,7.333867359632253e-05
2026-08-24T01:48:44.734170,11.23,0.5857046694000817,3.9683830960563373,0.0,2.7323715956484307e-07,0.0,0.0,1.366185797824211e-07,0.9999999999999907,1.0531493514348584e-15,-2.7515196787675223e-10,0.0,0.0,0.0,0.0001412070503409562
2026-08-24T01:48:44.767942,11.25,0.5857046694000818,3.968383096056394,0.0,-3.032246713274844e-06,0.0,0.0,-1.5161233566368413e-06,0.9999999999988507,1.0461078279130012e-15,-2.6947727993498207e-10,0.0,0.0,0.0,9.813773859416325e-05
2026-08-24T01:48:44.799397,11.27,0.5857046694000818,3.96838309605645,0.0,-9.073513620450058e-07,0.0,0.0,-4.536756810224873e-07,0.9999999999998971,1.0223432973716136e-15,-2.638872464988395e-10,0.0,0.0,0.0,-4.2459407019404706e-05
2026-08-24T01:48:44.826597,11.29,0.5857046694000818,3.9683830960565047,0.0,-1.3079537195537227e-06,0.0,0.0,-6.539768597768148e-07,0.9999999999997862,1.0176926485921121e-15,-2.583803082600866e-10,0.0,0.0,0.0,6.466025027780626e-05
2026-08-24T01:48:44.854864,11.31,0.5857046694000818,3.9683830960565594,0.0,9.963051943451262e-07,0.0,0.0,4.981525971725425e-07,0.9999999999998759,1.0083019621324412e-15,-2.5295601335795224e-10,0.0,0.0,0.0,0.00012482190693037268
2026-08-24T01:48:44.879074,11.33,0.5857046694000817,3.9683830960566118,0.0,1.1176437726412303e-06,0.0,0.0,5.58821886320586e-07,0.9999999999998439,1.0035714297377175e-15,-2.476152477504101e-10,0.0,0.0,0.0,-0.0003502314309563703
2026-08-24T01:48:44.909990,11.34,0.5857046694000818,3.9683830960590876,0.0,-6.603606550470431e-13,0.0,0.0,-3.3018032752352156e-13,1.0,9.901026923651864e-18,-2.4209434457134194e-10,0.0,0.0,0.0,-0.00028900492425875995
2026-08-24T01:48:44.944567,11.37,0.5857046694000818,3.9683830960567166,0.0,-1.1322526822787893e-06,0.0,0.0,-5.661263411393644e-07,0.9999999999998398,9.542301573815412e-16,-2.371722568339507e-10,0.0,0.0,0.0,5.933071135984236e-05
2026-08-24T01:48:44.977236,11.39,0.5857046694000818,3.9683830960567676,0.0,6.594753259037135e-07,0.0,0.0,3.297376629518507e-07,0.9999999999999456,9.630025101053025e-16,-2.3206868648983913e-10,0.0,0.0,0.0,-0.00015767307565831
2026-08-24T01:48:45.002803,11.41,0.5857046694000818,3.968383096056818,0.0,-3.1904099540014386e-07,0.0,0.0,-1.5952049770007124e-07,0.9999999999999872,9.491248727823213e-16,-2.2704506774662292e-10,0.0,0.0,0.0,-0.00021322017042982216
2026-08-24T01:48:45.037485,11.43,0.5857046694000818,3.9683830960568676,0.0,2.44466533683152e-07,0.0,0.0,1.222332668415757e-07,0.9999999999999926,9.442199496027616e-16,-2.2209938554951235e-10,0.0,0.0,0.0,0.00029803014295819727
2026-08-24T01:48:45.064163,11.45,0.5857046694000818,3.9683830960569155,0.0,3.0228485052852254e-06,0.0,0.0,1.5114242526420371e-06,0.9999999999988578,9.224798297657308e-16,-2.1722874554708227e-10,0.0,0.0,0.0,0.0002748993096253812
2026-08-24T01:48:45.093270,11.47,0.5857046694000818,3.9683830960569635,0.0,-1.7584199807352263e-06,0.0,0.0,-8.792099903674999e-07,0.9999999999996135,9.063177990042172e-16,-2.124324793850718e-10,0.0,0.0,0.0,-0.00017852968779731357
2026-08-24T01:48:45.121000,11.49,0.5857046694000818,3.96838309605701,0.0,-3.2329962600385893e-06,0.0,0.0,-1.6164981300185908e-06,0.9999999999986935,9.034634561537212e-16,-2.0770923703228307e-10,0.0,0.0,0.0,4.4355836244429814e-05
2026-08-24T01:48:45.147729,11.51,0.5857046694000819,3.968383096057057,0.0,-2.2485365360758185e-06,0.0,0.0,-1.1242682680376723e-06,0.9999999999993681,8.849692613406528e-16,-2.0306191006458362e-10,0.0,0.0,0.0,-2.0013584693195593e-05
2026-08-24T01:48:45.187747,11.53,0.5857046694000818,3.968383096057103,0.0,2.1610027935992093e-06,0.0,0.0,1.0805013967993944e-06,0.9999999999994162,8.745403373753067e-16,-1.9848671595212862e-10,0.0,0.0,0.0,-0.0001810033303320706
2026-08-24T01:48:45.208134,11.55,0.5857046694000817,3.9683830960571473,0.0,2.8476751934292116e-07,0.0,0.0,1.4238375967146008e-07,0.9999999999999899,8.556426101890505e-16,-1.939838722986309e-10,0.0,0.0,0.0,-0.00017191414031206788
2026-08-24T01:48:45.243617,11.57,0.5857046694000818,3.968383096057192,0.0,-1.5170731564317919e-06,0.0,0.0,-7.585365782158232e-07,0.9999999999997123,8.583436392882092e-16,-1.895520346240076e-10,0.0,0.0,0.0,0.00010614424580861252
2026-08-24T01:48:45.270763,11.59,0.5925598638567503,3.9683794315719085,0.0,-0.0007104003440701056,0.0,0.0,-0.00035520016456595327,0.9999999369164195,0.3443727846636945,-1.4233476216063412e-06,0.0,0.0,0.0,-0.00023867329918235007
2026-08-24T01:48:45.298772,11.61,0.6014607088202927,3.968357415920541,0.0,-0.002633222522086865,0.0,0.0,-0.001316610880660162,0.9999991332675189,0.4476578158182496,-5.811499387415699e-06,0.0,0.0,0.0,-9.218287650132502e-05
2026-08-24T01:48:45.327911,11.62,0.6062036967549485,3.9683332136363,0.0,-0.005233016578830353,0.0,0.0,-0.0026165053039298156,0.9999965769441386,0.4756888717149002,-1.2650704982234727e-05,0.0,0.0,0.0,-0.020131996121182293
2026-08-24T01:48:45.359597,11.65,0.6206735353411869,3.968230093297333,0.0,-0.008484323196737087,0.0,0.0,-0.0042421488747692426,0.9999910020459806,0.4878779166289813,-2.0490227173340234e-05,0.0,0.0,0.0,-0.059615327953137634
2026-08-24T01:48:45.389000,11.67,0.630426876898553,3.9681232656849676,0.0,-0.01174729050092083,0.0,0.0,-0.005873611477343815,0.9999827501953287,0.4906302743862248,-2.8799863527283387e-05,0.0,0.0,0.0,-0.0963641419929305
2026-08-24T01:48:45.422258,11.69,0.6401964347979225,3.9679876676633987,0.0,-0.01502283691442319,0.0,0.0,-0.007511347823277571,0.9999717894290208,0.49143028101957664,-3.722273645288385e-05,0.0,0.0,0.0,-0.13790340790721048
2026-08-24T01:48:45.448843,11.71,0.6499705300823081,3.9678236273989125,0.0,-0.018258949198496133,0.0,0.0,-0.00912934778025703,0.999958326636219,0.49164490538061556,-4.550985713337508e-05,0.0,0.0,0.0,-0.1498840835874818
2026-08-24T01:48:45.480380,11.73,0.6597455858754311,3.967630397858807,0.0,-0.0212572325402185,0.0,0.0,-0.010628416156566818,0.9999435167898248,0.4916842340786385,-5.333161679332472e-05,0.0,0.0,0.0,-0.15204821413826056
2026-08-24T01:48:45.504400,11.74,0.6646189958230181,3.96751990743969,0.0,-0.022779290058434935,0.0,0.0,-0.011389398779069701,0.9999351386942311,0.4888792697962438,-6.092991657480707e-05,0.0,0.0,0.0,-0.15191718907418783
2026-08-24T01:48:45.536962,11.77,0.6792947475438467,3.967154899904337,0.0,-0.02738294308802258,0.0,0.0,-0.013691043789042071,0.999906273267633,0.4916429728071974,-6.897811987273034e-05,0.0,0.0,0.0,-0.14925915892637667
2026-08-24T01:48:45.562755,11.79,0.6890682578111117,3.9668723424690366,0.0,-0.030366506691531295,0.0,0.0,-0.015182669983599368,0.9998847366232615,0.491610352395607,-7.65951769695881e-05,0.0,0.0,0.0,-0.15373271431384972
2026-08-24T01:48:45.593359,11.81,0.6988408887523537,3.96656042468391,0.0,-0.03344359422253574,0.0,0.0,-0.01672101783486251,0.9998601940084255,0.4915767439640058,-8.406031740935201e-05,0.0,0.0,0.0,-0.154061630340094
2026-08-24T01:48:45.626585,11.83,0.7086125156231117,3.9662183239282016,0.0,-0.03652367487321273,0.0,0.0,-0.018260822415845517,0.9998332572807813,0.4915431385618612,-9.154687669160613e-05,0.0,0.0,0.0,-0.15643071674430564
2026-08-24T01:48:45.668065,11.84,0.7134846385564644,3.966033612879725,0.0,-0.03808519178059777,0.0,0.0,-0.019041445038690562,0.999818695249713,0.4888888689997578,-9.86118311355433e-05,0.0,0.0,0.0,-0.15622981178347484
2026-08-24T01:48:45.695410,11.870000000000001,0.7281522943491309,3.9654416285551624,0.0,-0.04315103296385914,0.0,0.0,-0.021573842609933218,0.9997672575730022,0.49147690184816417,-0.00010688222900100097,0.0,0.0,0.0,-0.17822505018339224
2026-08-24T01:48:45.719601,11.89,0.7379200456470763,3.9650023785840296,0.0,-0.046710966914857106,0.0,0.0,-0.023353360195906638,0.9997272730937974,0.4914443765203771,-0.00011530206391861483,0.0,0.0,0.0,-0.17956518101276037
2026-08-24T01:48:45.748596,11.9,0.742790485256301,3.964767100041945,0.0,-0.04850322669450913,0.0,0.0,-0.024249236190150552,0.9997059440376427,0.48888889162152677,-0.00012324876681882614,0.0,0.0,0.0,-0.17924421181280645
2026-08-24T01:48:45.779283,11.93,0.7574505111439879,3.964018750028801,0.0,-0.053954617060989925,0.0,0.0,-0.026974036413656893,0.9996361344807193,0.4913805394406815,-0.00013207367096615167,0.0,0.0,0.0,-0.18555133257351442
2026-08-24T01:48:45.804541,11.95,0.767212911216506,3.963473251358571,0.0,-0.05766730645278396,0.0,0.0,-0.028829658107487627,0.9995843390196774,0.4913492206222477,-0.000140504713648669,0.0,0.0,0.0,-0.18682334786639473
2026-08-24T01:48:45.838749,11.97,0.7769732117190467,3.9628913616180523,0.0,-0.06140812927227656,0.0,0.0,-0.03069924054067745,0.9995286672378265,0.4913182953753864,-0.00014890193909588198,0.0,0.0,0.0,-0.19156782221018817
2026-08-24T01:48:45.868593,11.99,0.7867312471632283,3.962272620189219,0.0,-0.06523974467051864,0.0,0.0,-0.032614087747491,0.9994680191383809,0.4912877588173039,-0.00015732184377117558,0.0,0.0,0.0,-0.19416560102976138
2026-08-24T01:48:45.898977,12.0,0.7915972549832885,3.9619468223489887,0.0,-0.06717987445315465,0.0,0.0,-0.033583621085441225,0.9994359110992508,0.48888889204483704,-0.00016522770395278123,0.0,0.0,0.0,-0.19409785532889415
2026-08-24T01:48:45.926819,12.03,0.8062397559551073,3.960921603766089,0.0,-0.07305734320934533,0.0,0.0,-0.036520548511929006,0.9993329022584956,0.49122783234967776,-0.0001742995159018317,0.0,0.0,0.0,-0.22222257336093118
2026-08-24T01:48:45.953142,12.05,0.8159897350637417,3.9601866752774293,0.0,-0.07750887820853203,0.0,0.0,-0.03874473890841016,0.9992491407086218,0.4911984328593381,-0.00018347165655589395,0.0,0.0,0.0,-0.2566515707636162
2026-08-24T01:48:45.978409,12.07,0.8258524836878313,3.9593947276134442,0.0,-0.08297698699405842,0.0,0.0,-0.041476592197981436,0.9991394758989569,0.49703939357082183,-0.00019432820821365995,0.0,0.0,0.0,-0.27412915976930874
2026-08-24T01:48:46.007485,12.09,0.8357453838724421,3.958544470513242,0.0,-0.08846647540267094,0.0,0.0,-0.04421881480604564,0.9990218698392687,0.4987712688175005,-0.0002070683721307488,0.0,0.0,0.0,-0.27829499379683453
2026-08-24T01:48:46.038051,12.11,0.8456438561391412,3.9576386367298704,0.0,-0.09402523392163697,0.0,0.0,-0.04699530110198503,0.9988951104467044,0.49927067114677326,-0.00021978515490768855,0.0,0.0,0.0,-0.28092669994831787
2026-08-24T01:48:46.070963,12.13,0.8555402334907113,3.9566771616197953,0.0,-0.09964696482068014,0.0,0.0,-0.049802871504319744,0.9987590670376536,0.49940058499259654,-0.00023248520464258713,0.0,0.0,0.0,-0.2836294988788542
2026-08-24T01:48:46.096254,12.15,0.8654319640702576,3.9556597438712733,0.0,-0.1053170810384696,0.0,0.0,-0.05263420755653656,0.9986138594045726,0.4994199025135554,-0.0002451189595677833,0.0,0.0,0.0,-0.2890132078213996
2026-08-24T01:48:46.128671,12.17,0.875317994691382,3.9545857237641218,0.0,-0.11109664041456703,0.0,0.0,-0.055519757817797846,0.9984575887296631,0.49940628821209526,-0.00025778298368125794,0.0,0.0,0.0,-0.2904064073831637
2026-08-24T01:48:46.161808,12.19,0.8835513315035028,3.953645272584198,0.0,-0.11594505834105862,0.0,0.0,-0.05794006214417883,0.9983200635060525,0.49938158596508825,-0.0002676529324035662,0.0,0.0,0.0,-0.1557384989495973
2026-08-24T01:48:46.189137,12.21,0.8950718940529948,3.9522754167157883,0.0,-0.12003606392815148,0.0,0.0,-0.059982005985971414,0.9981994585041102,0.4993571391247609,-0.00028093020446792315,0.0,0.0,0.0,-0.1557744156045738
2026-08-24T01:48:46.226676,12.23,0.9049427664854749,3.9510691261510393,0.0,-0.12315693674027717,0.0,0.0,-0.061539559102475445,0.9981046451477285,0.4993306824136374,-0.0002853480403773957,0.0,0.0,0.0,-0.15739408698710813
2026-08-24T01:48:46.247477,12.24,0.9098662505479633,3.950454659181105,0.0,-0.12473732231746662,0.0,0.0,-0.06232823490046437,0.9980557054264018,0.4972221757902429,-0.0002887654094551352,0.0,0.0,0.0,-0.15771558745103542
2026-08-24T01:48:46.276023,12.26,0.9197314610817255,3.9492018534972932,0.0,-0.1278949801164462,0.0,0.0,-0.06390391575404193,0.997956055921953,0.4972222102006391,-0.0002931273686752611,0.0,0.0,0.0,-0.15804611557785786
2026-08-24T01:48:46.307239,12.28,0.9295925639867515,3.947917117612463,0.0,-0.1313712887277383,0.0,0.0,-0.06563841996346004,0.9978434736093134,0.4972222204997738,-0.00029831836767924,0.0,0.0,0.0,-0.18978600834711853
2026-08-24T01:48:46.335292,12.31,0.9443852077029902,3.945921288685877,0.0,-0.13707774710888912,0.0,0.0,-0.06848522504874344,0.9976521307299568,0.49922681037067707,-0.00030538770263600137,0.0,0.0,0.0,-0.19210123665984688
2026-08-24T01:48:46.369142,12.33,0.9542336035119728,3.944543388487289,0.0,-0.14092442448846135,0.0,0.0,-0.07040392013637646,0.9975185652555199,0.49920161449454326,-0.0003114243391387483,0.0,0.0,0.0,-0.1934752585545934
2026-08-24T01:48:46.393844,12.35,0.9640766067569986,3.9431274697551717,0.0,-0.14479954384763574,0.0,0.0,-0.07233653852579537,0.9973802811335836,0.4991767346759019,-0.0003174355824355319,0.0,0.0,0.0,-0.19877925115444542
2026-08-24T01:48:46.428383,12.37,0.9739139835002604,3.94167296434448,0.0,-0.1487922801930699,0.0,0.0,-0.07432753130445882,0.9972338833444162,0.4991521673924831,-0.00032354031925193525,0.0,0.0,0.0,-0.2056034261709668
2026-08-24T01:48:46.455320,12.39,0.9837453985693295,3.9401786819982103,0.0,-0.15289144497263996,0.0,0.0,-0.07637128676220614,0.9970794484685184,0.4991279088509069,-0.0003298671692823565,0.0,0.0,0.0,-0.2053634507115314
2026-08-24T01:48:46.485610,12.41,0.9935705716984409,3.9386438818101484,0.0,-0.15700314142500726,0.0,0.0,-0.07842096794173584,0.9969203337213467,0.49910395521100276,-0.00033627171565033263,0.0,0.0,0.0,-0.20691638758784422
2026-08-24T01:48:46.518798,12.43,1.0033893425438112,3.937068635103335,0.0,-0.1611342597020542,0.0,0.0,-0.08047999709033568,0.9967562239927773,0.49908030265253,-0.00034258993483979224,0.0,0.0,0.0,-0.20792862244805652
2026-08-24T01:48:46.547400,12.45,1.0132014922007557,3.93545264962174,0.0,-0.16530394631556522,0.0,0.0,-0.0825579012210012,0.9965862696956964,0.49905694739460327,-0.0003488774049845614,0.0,0.0,0.0,-0.208157032049531
2026-08-24T01:48:46.585149,12.48,1.3158496647239697,5.917985254472211,0.0,-0.169481869496638,0.0,0.0,-0.08463955001456046,0.9964116351053578,0.49722222911892905,2.3486157940236354,0.0,0.0,0.0,-0.2502407190281931
2026-08-24T01:48:46.610535,12.49,1.0311719989318284,3.932380483231939,0.0,-0.17366643954249383,0.0,0.0,-0.08672414037291425,0.9962323641985232,0.4990110879227858,-0.0003604239660291105,0.0,0.0,0.0,-0.2528596407325659
2026-08-24T01:48:46.637325,12.51,1.042593485718572,3.9303433682850417,0.0,-0.17955562537278527,0.0,0.0,-0.08965725891907766,0.9959726783015272,0.498988628625313,-0.0003730284830718669,0.0,0.0,0.0,-0.2934238956975612
2026-08-24T01:48:46.676344,12.52,1.0474749828627623,3.9294454194513655,0.0,-0.1832283242431347,0.0,0.0,-0.09148606058626811,0.9958063570385588,0.49722222454733117,-0.0003813717000718241,0.0,0.0,0.0,-0.3343590206658745
2026-08-24T01:48:46.696329,12.55,1.0621377036598978,3.926658382272833,0.0,-0.19202726046632893,0.0,0.0,-0.09586617939718456,0.9953942312711014,0.4989445017873599,-0.0003951999442989279,0.0,0.0,0.0,-0.2565124225002241
2026-08-24T01:48:46.736411,12.57,1.0718943302240629,3.924735325244236,0.0,-0.19716207064035632,0.0,0.0,-0.09842144084849896,0.9951448236218211,0.49892285348777893,-0.0004034128282653474,0.0,0.0,0.0,-0.27912927067651205
2026-08-24T01:48:46.765022,12.58,1.0767600575741045,3.923753865931534,0.0,-0.1999547284960288,0.0,0.0,-0.09981089395374401,0.995006424827576,0.49722222445968256,-0.0004108296354858453,0.0,0.0,0.0,-0.2791251439096143
2026-08-24T01:48:46.794002,12.61,1.0913756147709892,3.9207307964134643,0.0,-0.2083364193688495,0.0,0.0,-0.10397992338492962,0.9945793962941643,0.4988803697916564,-0.0004213672779502975,0.0,0.0,0.0,-0.28048276918365106
2026-08-24T01:48:46.829518,12.62,1.0962301916438375,3.919694566018422,0.0,-0.21114236813645215,0.0,0.0,-0.10537519000907264,0.9944325363394703,0.4972222244034584,-0.000429121365543863,0.0,0.0,0.0,-0.2803952518942703
2026-08-24T01:48:46.859087,12.65,1.110810596589595,3.916507243347417,0.0,-0.2197145505562155,0.0,0.0,-0.10963643761189146,0.9939717559104856,0.4988389473860349,-0.0004396705359641067,0.0,0.0,0.0,-0.2887849659013473
2026-08-24T01:48:46.890023,12.67,1.1205095477975657,3.9143116988163427,0.0,-0.2254944573135185,0.0,0.0,-0.11250850781553251,0.9936507614192837,0.49881862585589565,-0.0004489443828206214,0.0,0.0,0.0,-0.30710266661190133
2026-08-24T01:48:46.916238,12.69,1.130195340362542,3.912058810587417,0.0,-0.23163824332824803,0.0,0.0,-0.11556036099629462,0.993300459562164,0.4987985597584801,-0.00045859248428720497,0.0,0.0,0.0,-0.30858175138947064
2026-08-24T01:48:46.947029,12.7,1.1350246221470999,3.9109086773127326,0.0,-0.23472281946500934,0.0,0.0,-0.11709217839712008,0.9931210509088089,0.49722222429537144,-0.0004671943393147232,0.0,0.0,0.0,-0.3086448731980876
2026-08-24T01:48:46.975618,12.73,1.149524123036607,3.907373194594756,0.0,-0.24401436985853614,0.0,0.0,-0.12170471533471898,0.9925663515681433,0.4987591810589983,-0.0004786210246399068,0.0,0.0,0.0,-0.3104049877376478
2026-08-24T01:48:47.011845,12.75,1.159166336752107,3.9049405219698428,0.0,-0.2502302007795354,0.0,0.0,-0.12478893489734857,0.9921833105465871,0.4987398621563977,-0.0004884614817002509,0.0,0.0,0.0,-0.3107673335957204
2026-08-24T01:48:47.040400,12.77,1.1687932473766807,3.9024479758307837,0.0,-0.2564416801543419,0.0,0.0,-0.12786979119554748,0.9917909641147207,0.49872078608389775,-0.0004981372850363416,0.0,0.0,0.0,-0.32582143960794363
2026-08-24T01:48:47.071703,12.78,1.1735928576949506,3.901178189577546,0.0,-0.25970403196721575,0.0,0.0,-0.12948740588925062,0.991581066638564,0.49722222419291395,-0.0005065325967914024,0.0,0.0,0.0,-0.32597303835093805
2026-08-24T01:48:47.096542,12.81,1.1879981619440845,3.8972780708464096,0.0,-0.26950118337121065,0.0,0.0,-0.13434316779310138,0.9909348683275377,0.4986833502581963,-0.0005183158834055765,0.0,0.0,0.0,-0.32783861977637635
2026-08-24T01:48:47.129058,12.83,1.1975748082793622,3.8945988701706384,0.0,-0.2760492409500421,0.0,0.0,-0.13758679125493928,0.9904897146725804,0.4986649845153126,-0.0005284167342488122,0.0,0.0,0.0,-0.32798032952556677
2026-08-24T01:48:47.154745,12.84,1.2023488221318253,3.893234984837637,0.0,-0.2793311482893884,0.0,0.0,-0.13921195301564185,0.9902626076640331,0.4972222241191913,-0.0005367415280382025,0.0,0.0,0.0,-0.32759341984144374
2026-08-24T01:48:47.186766,12.870000000000001,1.2166743621156395,3.889052345415958,0.0,-0.2891802185174828,0.0,0.0,-0.1440868282745291,0.9895650488562066,0.4986289426757713,-0.0005481626082399772,0.0,0.0,0.0,-0.3549463859624328
2026-08-24T01:48:47.219222,12.89,1.2261958189641193,3.8861831717666813,0.0,-0.29628201941589394,0.0,0.0,-0.14759975947993026,0.9890471732943109,0.4986112608121998,-0.0005585695410851355,0.0,0.0,0.0,-0.3551424630307393
2026-08-24T01:48:47.245734,12.91,1.235696458990375,3.8832457870253476,0.0,-0.30339383339361575,0.0,0.0,-0.15111577866436543,0.9885160703998,0.49859380120151936,-0.0005695665585959902,0.0,0.0,0.0,-0.35594963820447373
2026-08-24T01:48:47.273764,12.93,1.2451759577976966,3.8802408744878556,0.0,-0.3105234129401748,0.0,0.0,-0.1546386630115486,0.9879710946692726,0.4985765610507601,-0.000580384140468355,0.0,0.0,0.0,-0.36562068575862655
2026-08-24T01:48:47.302378,12.95,1.254633575919569,3.8771677876021875,0.0,-0.31784125288790266,0.0,0.0,-0.1582525269910583,0.9873986721182809,0.4985595376011557,-0.0005913029566100787,0.0,0.0,0.0,-0.36591978577952977
2026-08-24T01:48:47.334075,12.97,1.2640683840718143,3.8740253624518677,0.0,-0.3251529863698859,0.0,0.0,-0.16186125936556964,0.9868135247941182,0.49854272812868494,-0.0006023032360723595,0.0,0.0,0.0,-0.37001192062211274
2026-08-24T01:48:47.366717,12.99,1.2734798470023694,3.870813694670074,0.0,-0.33255635666495387,0.0,0.0,-0.16551301504296298,0.9862076058576044,0.49852612994404993,-0.0006132341837632587,0.0,0.0,0.0,-0.3699472980198139
2026-08-24T01:48:47.401318,13.02,1.5803968231915881,5.850054653530247,0.0,-0.34365771045886756,0.0,0.0,-0.1709845569842153,0.9852737088103547,0.4972222253532006,2.3059188660870444,0.0,0.0,0.0,-0.37061178727488103
2026-08-24T01:48:47.424549,13.03,1.2906706635752014,3.864742993033235,0.0,-0.34612607309327054,0.0,0.0,-0.17220043285713132,0.9850619325320701,0.49849353088712023,-0.0006311664561746086,0.0,0.0,0.0,-0.37032376203435946
2026-08-24T01:48:47.456391,13.05,1.301567885717149,3.860761643625142,0.0,-0.35476392308493887,0.0,0.0,-0.17645322219909346,0.9843090268688779,0.4984775770534135,-0.000647672297314809,0.0,0.0,0.0,-0.4110704103150025
2026-08-24T01:48:47.491167,13.06,1.306219609484431,3.859023203616547,0.0,-0.35941267976888147,0.0,0.0,-0.1787406500580396,0.9838962242110849,0.4972222238742615,-0.000657156836309522,0.0,0.0,0.0,-0.4517539575643775
2026-08-24T01:48:47.520858,13.09,1.3200471092121278,3.8537303645730154,0.0,-0.371434354666301,0.0,0.0,-0.184651425760661,0.9828040755738425,0.49257622622186437,-0.0006720000405615084,0.0,0.0,0.0,-0.36731936166045903
2026-08-24T01:48:47.556334,13.11,1.3291587708782038,3.8501423852396597,0.0,-0.37878548918991317,0.0,0.0,-0.18826253281188074,0.9821187396334802,0.49080030079352194,-0.0006813507499961608,0.0,0.0,0.0,-0.26883112641919704
2026-08-24T01:48:47.582726,13.12,1.333694544210472,3.8483276511748308,0.0,-0.38147728415241794,0.0,0.0,-0.18958419303765628,0.9818644681167868,0.48911389076640294,-0.0006856176237250367,0.0,0.0,0.0,-0.26916649259853137
2026-08-24T01:48:47.610345,13.15,1.3472932474900297,3.8428088998157874,0.0,-0.3894956297231126,0.0,0.0,-0.19351912316116057,0.9810965033934916,0.4900845384526916,-0.0006908331969456896,0.0,0.0,0.0,-0.26467275258578427
2026-08-24T01:48:47.640503,13.17,1.3563290778452097,3.83907192172424,0.0,-0.39479161402823726,0.0,0.0,-0.19611637750265343,0.9805806272179951,0.4900228110730103,-0.0006938368355646928,0.0,0.0,0.0,-0.2651283344867375
2026-08-24T01:48:47.666524,13.19,1.365344740352466,3.8352872746765025,0.0,-0.4000869781856876,0.0,0.0,-0.19871195281357282,0.9800579369654716,0.48999454858881575,-0.000696738190441765,0.0,0.0,0.0,-0.26509967423566355
2026-08-24T01:48:47.695734,13.21,1.374340155380164,3.831454966059407,0.0,-0.40538527460716,0.0,0.0,-0.20130757122841456,0.9795280811524072,0.4899764480544663,-0.0006995648270167045,0.0,0.0,0.0,-0.2647419462697547
2026-08-24T01:48:47.723294,13.23,1.383315128037421,3.827575086743453,0.0,-0.4106767037435963,0.0,0.0,-0.20389841536278744,0.9789920511488049,0.4899615170467533,-0.000702297027020853,0.0,0.0,0.0,-0.2647600148503467
2026-08-24T01:48:47.752836,13.24,1.387790208415359,3.8256199755294222,0.0,-0.4133273274921451,0.0,0.0,-0.20519570570435236,0.9787209624609523,0.48888905432396557,-0.0007029938928728545,0.0,0.0,0.0,-0.2648964086995138
2026-08-24T01:48:47.787729,13.27,1.4012073890103043,3.8196833602848823,0.0,-0.41820361210513607,0.0,0.0,-0.2075813544284566,0.9782177576049453,0.4899342345946979,-0.0007031375734462255,0.0,0.0,0.0,-0.10716592250243617
2026-08-24T01:48:47.814761,13.28,1.405670856745913,3.8177015536726477,0.0,-0.4192742496475841,0.0,0.0,-0.20810498298853886,0.978106495252608,0.4888889050270885,-0.0006948618747609041,0.0,0.0,0.0,-0.10737670563980334
2026-08-24T01:48:47.844378,13.31,1.4190604285456667,3.81170323743621,0.0,-0.42249392088147575,0.0,0.0,-0.20967930332232074,0.9777702131678313,0.4899080768438502,-0.0006903962880261467,0.0,0.0,0.0,-0.1061047383429286
2026-08-24T01:48:47.877308,13.33,1.4279741156094656,3.8076845729814464,0.0,-0.4246157840169259,0.0,0.0,-0.21071653240788674,0.9775472075403806,0.4898952630303597,-0.0006840540179293618,0.0,0.0,0.0,-0.10566156683762448
2026-08-24T01:48:47.911609,13.35,1.4368792816286484,3.803647059216955,0.0,-0.42673106621250684,0.0,0.0,-0.21175030846261875,0.9773237983728759,0.48988261242564674,-0.0006777247734855132,0.0,0.0,0.0,-0.10597513105850764
2026-08-24T01:48:47.941581,13.37,1.445775874737859,3.7995906878915635,0.0,-0.42885317129211575,0.0,0.0,-0.21278718096883625,0.9770985700610434,0.489870121476916,-0.0006714864524186304,0.0,0.0,0.0,-0.10570685417102071
2026-08-24T01:48:47.974373,13.39,1.454663854778056,3.795515476733709,0.0,-0.4309705844019236,0.0,0.0,-0.21382152218423672,0.9768727433247465,0.4898577877269749,-0.0006653031207392715,0.0,0.0,0.0,-0.1060655330649113
2026-08-24T01:48:48.002537,13.41,1.4635431817999252,3.7914214439405156,0.0,-0.43308908802681234,0.0,0.0,-0.214856156259227,0.9766457044995952,0.4898456090647885,-0.0006592057262592327,0.0,0.0,0.0,-0.10590694129669188
2026-08-24T01:48:48.034407,13.43,1.4724138159007056,3.7873086078135816,0.0,-0.435207374962904,0.0,0.0,-0.21589044347316244,0.9764175932545262,0.48983358350044026,-0.0006531757391963395,0.0,0.0,0.0,-0.10540501213983754
2026-08-24T01:48:48.059854,13.45,1.4812757174800997,3.783176987305852,0.0,-0.43732764262664503,0.0,0.0,-0.21692545528604193,0.9761881718444162,0.4898217090973918,-0.0006472029987978433,0.0,0.0,0.0,-0.10582831333091519
2026-08-24T01:48:48.094065,13.47,1.4901288465515867,3.7790266005378252,0.0,-0.43944261005060603,0.0,0.0,-0.21795763689439776,0.9759582309296899,0.48980998395197334,-0.0006413082923144994,0.0,0.0,0.0,-0.10568645426495371
2026-08-24T01:48:48.121438,13.48,1.494549577723326,3.7769497498097615,0.0,-0.4405048169111377,0.0,0.0,-0.21847594089452513,0.9758423352418422,0.4888888901014041,-0.0006339373760800899,0.0,0.0,0.0,-0.1061637294841312
2026-08-24T01:48:48.149135,13.51,1.5078086283251386,3.770669603069965,0.0,-0.44368099979326037,0.0,0.0,-0.22002539160167323,0.9754941450621476,0.48978697394957776,-0.0006297335510805736,0.0,0.0,0.0,-0.10583991126243865
2026-08-24T01:48:48.182601,13.52,1.5122205745088486,3.768573886313318,0.0,-0.44474195184704973,0.0,0.0,-0.22054283687763318,0.9753772896176974,0.48888889007102965,-0.0006225674469832416,0.0,0.0,0.0,-0.10632137106305733
2026-08-24T01:48:48.210686,13.55,1.5254463001343275,3.7622241631362803,0.0,-0.45078918993484285,0.0,0.0,-0.2234909936012761,0.974705994533282,0.4897645387634013,-0.00061957359155148,0.0,0.0,0.0,-0.2282333650025792
2026-08-24T01:48:48.235769,13.57,1.534228573708289,3.757925852258398,0.0,-0.4578342447941073,0.0,0.0,-0.22692302854342347,0.97391269583915,0.48975353222435325,-0.0006269862855744254,0.0,0.0,0.0,-0.30957952916051595
2026-08-24T01:48:48.265582,13.59,1.542983846117063,3.7535728057090596,0.0,-0.46452413903306045,0.0,0.0,-0.23017943945273492,0.9731482033345306,0.4897426640327618,-0.0006342653100296161,0.0,0.0,0.0,-0.31603854055663744
2026-08-24T01:48:48.298927,13.61,1.5517115783237756,3.749164800828843,0.0,-0.4708392971047859,0.0,0.0,-0.233251079233564,0.972416543481433,0.48973193244924634,-0.0006404164298703622,0.0,0.0,0.0,-0.31527925132029216
2026-08-24T01:48:48.328913,13.63,1.5604112739433336,3.744701716072671,0.0,-0.47715019067995657,0.0,0.0,-0.23631832157855437,0.9716756922380507,0.489721335757474,-0.0006465149243681503,0.0,0.0,0.0,-0.3151695296854883
2026-08-24T01:48:48.365745,13.65,1.5690826692926616,3.740183891793569,0.0,-0.48344999007572514,0.0,0.0,-0.23937782512806055,0.9709264940441988,0.4897108722615095,-0.0006524599208968827,0.0,0.0,0.0,-0.31487850491846203
2026-08-24T01:48:48.392988,13.67,1.5777254359216064,3.7356115375600187,0.0,-0.4897475013802515,0.0,0.0,-0.24243384368809728,0.9701679398097091,0.4897005402871222,-0.0006582698964648579,0.0,0.0,0.0,-0.31510290105346206
2026-08-24T01:48:48.423315,13.69,1.5863392286199445,3.730984830409142,0.0,-0.4960440033295202,0.0,0.0,-0.24548696936605732,0.9693998905877123,0.48969033818114294,-0.0006639756346379911,0.0,0.0,0.0,-0.3155066840007922
2026-08-24T01:48:48.450110,13.71,1.594923705271057,3.7263039533724855,0.0,-0.502342515053829,0.0,0.0,-0.24853863526207734,0.9686219834290692,0.489680264311196,-0.0006695873604665531,0.0,0.0,0.0,-0.3150019245292212
2026-08-24T01:48:48.486510,13.73,1.6034785253233004,3.721569092389122,0.0,-0.5086478426301045,0.0,0.0,-0.25159113450733056,0.9678336122688209,0.489670317065399,-0.0006750744726091323,0.0,0.0,0.0,-0.3149776306739775
2026-08-24T01:48:48.510972,13.75,1.6120033490959929,3.7167804349826064,0.0,-0.514946524649832,0.0,0.0,-0.25463791987130985,0.967036467649288,0.489660494852138,-0.0006804332714250996,0.0,0.0,0.0,-0.3147614622472435
2026-08-24T01:48:48.540246,13.77,1.6204978380168682,3.711938170682983,0.0,-0.5212446860844495,0.0,0.0,-0.2576819281472562,0.9662297987054178,0.4896507960998306,-0.000685679380757571,0.0,0.0,0.0,-0.30878537245242105
2026-08-24T01:48:48.569197,13.79,1.628793225792887,3.7071402622458813,0.0,-0.5274184920488492,0.0,0.0,-0.2606633533367207,0.9654297572725091,0.4798579015310812,-0.0006903840378162514,0.0,0.0,0.0,-0.3071259552988062
2026-08-24T01:48:48.596446,13.81,1.63700890558247,3.702320978027055,0.0,-0.5335561191576104,0.0,0.0,-0.26362484519854096,0.9646252852761249,0.476914211139414,-0.0006945982957291797,0.0,0.0,0.0,-0.3061627463179812
2026-08-24T01:48:48.627990,13.83,1.645179933350928,3.697460383811853,0.0,-0.5396850812625811,0.0,0.0,-0.26657967862593923,0.9638128837817489,0.4760253617327513,-0.0006985888945323232,0.0,0.0,0.0,-0.3058573763260626
2026-08-24T01:48:48.656569,13.84,1.6492490934701247,3.6950141221032724,0.0,-0.5427440050835264,0.0,0.0,-0.268053481347091,0.9634040331749212,0.4751125010298445,-0.0007008465058528334,0.0,0.0,0.0,-0.30595443859668336
2026-08-24T01:48:48.688271,13.870000000000001,1.6614208564851427,3.687594494464886,0.0,-0.5523699559585253,0.0,0.0,-0.27268719870570046,0.9621027448573451,0.47566574047940946,-0.0007068409888284666,0.0,0.0,0.0,-0.3288079155067711
2026-08-24T01:48:48.713884,13.89,1.669491722679212,3.682583102703726,0.0,-0.5589409898228631,0.0,0.0,-0.2758467261012167,0.9612016352978392,0.4756340231177259,-0.000711769456518166,0.0,0.0,0.0,-0.3285929141895663
2026-08-24T01:48:48.739275,13.91,1.6775294746633567,3.6775187676038446,0.0,-0.5655156236520157,0.0,0.0,-0.27900500434333203,0.9602896477372738,0.4756261809729783,-0.0007166031604962407,0.0,0.0,0.0,-0.3292003925472336
2026-08-24T01:48:48.773817,13.93,1.6815357106546305,3.6749669348927507,0.0,-0.5688079386789973,0.0,0.0,-0.28058541361952044,0.9598290606477606,0.47561123097447744,-0.0007122258036574701,0.0,0.0,0.0,-0.3292560691782558
2026-08-24T01:48:48.794919,13.95,1.6935036479359737,3.6672320571007435,0.0,-0.5786804002103887,0.0,0.0,-0.285319913699815,0.9584323381680786,0.47560087915465227,-0.0007445498787908647,0.0,0.0,0.0,-0.3291092186797848
2026-08-24T01:48:48.830095,13.97,1.7014396933460088,3.662010148313292,0.0,-0.5852572979248607,0.0,0.0,-0.2884701210380149,0.957488897725876,0.47559313722569563,-0.0007488097140683654,0.0,0.0,0.0,-0.32915897130828425
2026-08-24T01:48:48.864656,13.99,1.7093412000048653,3.6567361277851873,0.0,-0.5918435370059427,0.0,0.0,-0.2916216765625264,0.956533741045689,0.4755856250091561,-0.0007529890566309745,0.0,0.0,0.0,-0.283177775539569
2026-08-24T01:48:48.896837,14.01,1.7172096868616993,3.651412966858153,0.0,-0.5974976389619481,0.0,0.0,-0.2943246772574735,0.955705490387747,0.4755782469351197,-0.0007557772221267192,0.0,0.0,0.0,-0.28281163903775386
2026-08-24T01:48:48.925037,14.03,1.7250485731838376,3.646046319630298,0.0,-0.6031500765421552,0.0,0.0,-0.2970245310161994,0.9548698487095542,0.47557097351607536,-0.0007571934342850248,0.0,0.0,0.0,-0.28232388431951544
2026-08-24T01:48:48.954008,14.05,1.7328570130478052,3.640635468017342,0.0,-0.6087947476681297,0.0,0.0,-0.2997183075851608,0.9540277438828951,0.47556379509461283,-0.0007585542955972684,0.0,0.0,0.0,-0.2820810133477026
2026-08-24T01:48:48.983572,14.07,1.740634808339358,3.6351806577969406,0.0,-0.6144369840885506,0.0,0.0,-0.30240853637198345,0.9531784078174216,0.4755567079751716,-0.0007598376668540856,0.0,0.0,0.0,-0.28194824790337947
2026-08-24T01:48:49.008800,14.09,1.7483817042408056,3.629682052062553,0.0,-0.6200775840834583,0.0,0.0,-0.30509557917748775,0.9523217353218151,0.4755497102594318,-0.0007610707253058416,0.0,0.0,0.0,-0.2819927985413182
2026-08-24T01:48:49.041312,14.1,1.7522417890032091,3.6269187095533764,0.0,-0.6228999466969847,0.0,0.0,-0.30643917357374784,0.9518902420444484,0.47500000073979065,-0.0007606050019805011,0.0,0.0,0.0,-0.28214755912359313
2026-08-24T01:48:49.071490,14.13,1.763781812065729,3.6185541550195053,0.0,-0.6313643462426644,0.0,0.0,-0.31046500682273226,0.9505848092298556,0.47553597781786405,-0.0007634072852811869,0.0,0.0,0.0,-0.2821199833467433
2026-08-24T01:48:49.099684,14.15,1.7714345338600954,3.612925218074903,0.0,-0.6370058585637328,0.0,0.0,-0.3131451360914308,0.9497052825704821,0.4755292408053438,-0.000764509743555795,0.0,0.0,0.0,-0.29050904528143784
2026-08-24T01:48:49.125595,14.17,1.7790550104587726,3.607252703794435,0.0,-0.64281557563907,0.0,0.0,-0.31590257051974363,0.9487916346274446,0.4755225884767358,-0.00076580566688531,0.0,0.0,0.0,-0.290482087750822
2026-08-24T01:48:49.159045,14.2,1.2047176771843027,-0.369716161058831,0.0,-0.6515386869787432,0.0,0.0,-0.3200377602039062,0.947404787851353,0.47500001180867646,-4.123141619917781,0.0,0.0,0.0,-0.29092255261941186
2026-08-24T01:48:49.184338,14.21,1.7941961496034151,3.5957749304045663,0.0,-0.6544431026848513,0.0,0.0,-0.32141325092828155,0.9469390276716413,0.47550953362080045,-0.0007687649472922012,0.0,0.0,0.0,-0.2904525652823999
2026-08-24T01:48:49.216504,14.23,1.8017164066976832,3.5899702039369985,0.0,-0.6602620859964868,0.0,0.0,-0.3241669978373979,0.9459998718356617,0.47550312900402236,-0.0007701703797076116,0.0,0.0,0.0,-0.10972361150474261
2026-08-24T01:48:49.249207,14.25,1.8064993432490304,3.5862568621886233,0.0,-0.6586216581825317,0.0,0.0,-0.3233909666317137,0.946265439874566,0.30244759063862436,-0.0007666755717369026,0.0,0.0,0.0,0.000373851379587901
2026-08-24T01:48:49.274139,14.27,1.8099538328143583,3.583594116569371,0.0,-0.657526444300359,0.0,0.0,-0.3228727366464594,0.9464423891238315,0.2678449562451613,-0.0007484725695949567,0.0,0.0,0.0,-0.006422804625952454
2026-08-24T01:48:49.307474,14.28,1.812354865593776,3.5817462671275178,0.0,-0.6585154183450683,0.0,0.0,-0.32334070063221226,0.9462826170413732,0.23596374392180613,-0.0007341537113572973,0.0,0.0,0.0,-0.026690673418573736
2026-08-24T01:48:49.337783,14.31,1.8178689796368641,3.577464998716411,0.0,-0.6599669158225501,0.0,0.0,-0.32402737883414917,0.9460477037474753,0.23031562772746364,-0.0007226808965694478,0.0,0.0,0.0,-0.04808224495396211
2026-08-24T01:48:49.369742,14.32,1.8196931421003961,3.57605707251206,0.0,-0.6604540601352538,0.0,0.0,-0.324257800099234,0.9459687516376031,0.22992762700577526,-0.0007084463473412285,0.0,0.0,0.0,-0.04781030506481467
2026-08-24T01:48:49.396653,14.34,1.8233200238741112,3.5732367893402577,0.0,-0.661417391654259,0.0,0.0,-0.3247134032246262,0.9458124580308093,0.22950974279495345,-0.0006957782019139103,0.0,0.0,0.0,-0.048097967021929096
2026-08-24T01:48:49.426204,14.36,1.8269399041295065,3.5704163554569073,0.0,-0.6623792471444157,0.0,0.0,-0.32516823310807585,0.9456561849728325,0.22938437754327848,-0.0006832826163800654,0.0,0.0,0.0,-0.04804947104255942
2026-08-24T01:48:49.455975,14.39,1.8323549533832386,3.5661789227906464,0.0,-0.6638185506126377,0.0,0.0,-0.3258486919606366,0.9454219322331919,0.22837940009568264,-0.0006721323641159149,0.0,0.0,0.0,-0.04802931764785168
2026-08-24T01:48:49.488427,14.41,1.8359664070463895,3.5633512369086846,0.0,-0.664783096854587,0.0,0.0,-0.3263046056347145,0.9452646742270513,0.22838020572204096,-0.0006599475316663951,0.0,0.0,0.0,-0.04813502575961653
2026-08-24T01:48:49.512438,14.43,1.839575085919827,3.5605201210223814,0.0,-0.6657412408258573,0.0,0.0,-0.32675741799674596,0.9451082423638574,0.22838880705038236,-0.0006479372589945548,0.0,0.0,0.0,-0.04815278856960274
2026-08-24T01:48:49.542133,14.44,1.8413857032751184,3.5591049851175827,0.0,-0.6662249025393266,0.0,0.0,-0.32698596477573577,0.945029194702302,0.22933108483215908,-0.0006351063936739353,0.0,0.0,0.0,-0.04823021588380982
2026-08-24T01:48:49.574804,14.47,1.8467841142192634,3.5548473689082822,0.0,-0.6677748200847806,0.0,0.0,-0.3277182251798288,0.9447755103118323,0.22841104330795894,-0.0006245158788875212,0.0,0.0,0.0,-0.05336526603611657
2026-08-24T01:48:49.603906,14.49,1.8503841286151546,3.552005292895724,0.0,-0.6688383836444922,0.0,0.0,-0.32822059322056446,0.9446011021515595,0.22842251205166206,-0.0006131669201297031,0.0,0.0,0.0,-0.05331643197689936
2026-08-24T01:48:49.638410,14.51,1.8539811022947836,3.549159371341839,0.0,-0.669913646052314,0.0,0.0,-0.3287283927882256,0.9444245040101776,0.2284338998654595,-0.0006019912140745322,0.0,0.0,0.0,-0.0534440588703663
2026-08-24T01:48:49.666028,14.53,1.8575750312720625,3.5463096070264517,0.0,-0.6709792752779138,0.0,0.0,-0.3292315492792567,0.9442492186701456,0.22844516350755226,-0.0005909734102146593,0.0,0.0,0.0,-0.0531832443142762
2026-08-24T01:48:49.700672,14.55,1.8611659113494263,3.5434560028942528,0.0,-0.6720459043341488,0.0,0.0,-0.3297350842611257,0.9440735004263748,0.2284562912610014,-0.000580119690231455,0.0,0.0,0.0,-0.05334891972241662
2026-08-24T01:48:49.731978,14.57,1.864753738478869,3.5405985622086065,0.0,-0.6731162348689406,0.0,0.0,-0.3302402723659359,0.9438969024780579,0.22846728085055315,-0.0005694324446666913,0.0,0.0,0.0,-0.053521071063385724
2026-08-24T01:48:49.760276,14.59,1.8683385086118927,3.5377372882712614,0.0,-0.6741861770252262,0.0,0.0,-0.3307451826290242,0.9437200984230936,0.22847813281787838,-0.0005589047834547688,0.0,0.0,0.0,-0.0535587909353529
2026-08-24T01:48:49.791964,14.61,1.8719202176663767,3.5348721843532522,0.0,-0.6752562558597504,0.0,0.0,-0.3312500627157084,0.9435430016437191,0.22848884853432525,-0.0005485335780475204,0.0,0.0,0.0,-0.053738562457540745
2026-08-24T01:48:49.831170,14.63,1.875498861557605,3.532003253725883,0.0,-0.6763237216475639,0.0,0.0,-0.3317536154468566,0.9433660682036106,0.22849942960496708,-0.000538318722427609,0.0,0.0,0.0,-0.05329471709114367
2026-08-24T01:48:49.857812,14.65,1.879074436259606,3.5291304997348045,0.0,-0.6773896429430875,0.0,0.0,-0.3322563452970237,0.943189122610023,0.22850987768997047,-0.0005282535453343699,0.0,0.0,0.0,-0.053344717731874186
2026-08-24T01:48:49.885213,14.67,1.8826469376510666,3.5262539256072234,0.0,-0.6784563488126728,0.0,0.0,-0.3327593507020739,0.9430117785692468,0.22852019445122448,-0.0005183450121618561,0.0,0.0,0.0,-0.05318674372247242
2026-08-24T01:48:49.914240,14.69,1.8862163616868375,3.523373534665434,0.0,-0.6795276878808023,0.0,0.0,-0.3332644456166693,0.9428333942366562,0.22853038153652364,-0.0005085874050327578,0.0,0.0,0.0,-0.05348430810261779
2026-08-24T01:48:49.940342,14.71,1.8897827042991477,3.520489330203631,0.0,-0.6805955998739077,0.0,0.0,-0.33376782962900364,0.9426553112907944,0.22854044057494224,-0.0004989787557422889,0.0,0.0,0.0,-0.05383252901220133
2026-08-24T01:48:49.967867,14.73,1.8933459613797026,3.5176013154660923,0.0,-0.681664146725053,0.0,0.0,-0.3342714176506468,0.9424768534780188,0.22855037317573718,-0.0004895226294257681,0.0,0.0,0.0,-0.05317941957594956
2026-08-24T01:48:49.997501,14.75,1.8969061289723326,3.514709493884892,0.0,-0.682737033764095,0.0,0.0,-0.3347769551298272,0.9422974001418033,0.22856018092807803,-0.0004802028865933457,0.0,0.0,0.0,-0.032596802991641236
2026-08-24T01:48:50.027848,14.77,1.9004636501480439,3.5118144166761844,0.0,-0.68339463917484,0.0,0.0,-0.33508676696210443,0.9421872736387837,0.2285698654012483,-0.0004707432814226911,0.0,0.0,0.0,-0.03261300458453823
2026-08-24T01:48:50.060396,14.79,1.9040194136912145,3.5089171806647856,0.0,-0.6840505422496239,0.0,0.0,-0.33539574070180544,0.942077330753207,0.22857942814483415,-0.00046115508459433255,0.0,0.0,0.0,-0.032905640593956224
2026-08-24T01:48:50.083730,14.81,1.9075732704660289,3.5060176069031193,0.0,-0.6847068845518541,0.0,0.0,-0.3357048852378882,0.9419672128197543,0.22858887068883924,-0.0004517217128568681,0.0,0.0,0.0,-0.03269749506710141
2026-08-24T01:48:50.122373,14.83,1.9111252204910159,3.503115698542675,0.0,-0.685363756849473,0.0,0.0,-0.33601424320971557,0.9418569043969482,0.22859819454416871,-0.00044243284006713406,0.0,0.0,0.0,-0.0329389215067801
2026-08-24T01:48:50.143155,14.85,1.9146752619115575,3.5002114564370825,0.0,-0.6860219931402655,0.0,0.0,-0.3363242072034013,0.9417462650040103,0.2286074012026875,-0.000433292582983537,0.0,0.0,0.0,-0.03281849557899622
2026-08-24T01:48:50.175400,14.88,2.2128539760731245,5.480041020957988,0.0,-0.6870069619473504,0.0,0.0,-0.3367879617460769,0.9415805163781391,0.22933064283512472,2.014838809496887,0.0,0.0,0.0,-0.03306164961136042
2026-08-24T01:48:50.204714,14.89,1.9217696129223156,3.4943959761133447,0.0,-0.6873336423330781,0.0,0.0,-0.33694175519578046,0.9415254928070651,0.22862546880320633,-0.0004154420130048189,0.0,0.0,0.0,-0.03268684200114223
2026-08-24T01:48:50.232947,14.91,1.9253139195107531,3.4914847404647995,0.0,-0.6879943716650683,0.0,0.0,-0.3372527835580313,0.9414141277792466,0.2286343326361205,-0.00040672473418688654,0.0,0.0,0.0,-0.03858898585042732
2026-08-24T01:48:50.262959,14.92,1.9270903002890896,3.4900288175411878,0.0,-0.6883803255979366,0.0,0.0,-0.3374344485197755,0.9413490282313755,0.2293306499607933,-0.00039820254888536295,0.0,0.0,0.0,-0.03885220526311535
2026-08-24T01:48:50.287726,14.95,1.9323962664885248,3.485654652692157,0.0,-0.6894228705727664,0.0,0.0,-0.33792510200233694,0.9411730050509897,0.22865172745877124,-0.00038985792766533666,0.0,0.0,0.0,-0.03301577839070752
2026-08-24T01:48:50.318062,14.97,1.9359344777537264,3.48273601437323,0.0,-0.6900827831587506,0.0,0.0,-0.33823562955736497,0.9410614533057514,0.22866026123178326,-0.0003815528566778772,0.0,0.0,0.0,-0.03305457896152171
2026-08-24T01:48:50.346151,14.99,1.9394707697156917,3.4798150516320936,0.0,-0.6907378704798539,0.0,0.0,-0.33854385012129407,0.9409506158906804,0.22866868773896676,-0.0003733774035047543,0.0,0.0,0.0,-0.032623226813829766
2026-08-24T01:48:50.377030,15.01,1.9430051412323792,3.476891766186871,0.0,-0.6913951794986176,0.0,0.0,-0.3388530794950436,0.9408393011118985,0.22867700832861573,-0.0003653299651267428,0.0,0.0,0.0,-0.03245304903653257
2026-08-24T01:48:50.409758,15.02,1.9447761725780182,3.475429676368356,0.0,-0.6917241378546798,0.0,0.0,-0.3390078233856882,0.9407835541097103,0.22933065001697045,-0.0003575433927191264,0.0,0.0,0.0,-0.03282128412261355
2026-08-24T01:48:50.438453,15.05,1.9500681174785217,3.471038232984916,0.0,-0.6927089692918287,0.0,0.0,-0.33947103887662505,0.9406165072780857,0.2286933370638979,-0.0003496192253353078,0.0,0.0,0.0,-0.03259430578236763
2026-08-24T01:48:50.464410,15.07,1.9535967191331218,3.468107987706044,0.0,-0.6933635066556391,0.0,0.0,-0.33977885501615807,0.9405053586683644,0.2287013478222223,-0.00034195497505245197,0.0,0.0,0.0,-0.03301068275540856
2026-08-24T01:48:50.497400,15.09,1.9571233944091828,3.4651754249410214,0.0,-0.6940250227673478,0.0,0.0,-0.3400899161483852,0.9403929226308461,0.2287092578887898,-0.00033442436240716894,0.0,0.0,0.0,-0.03285830304254068
2026-08-24T01:48:50.523084,15.11,1.9606481419108748,3.4622405460993404,0.0,-0.6946758612187213,0.0,0.0,-0.3403959200723427,0.940282201042912,0.22871706852925652,-0.0003270085776762955,0.0,0.0,0.0,-0.03273347588093701
2026-08-24T01:48:50.559343,15.13,1.964170960034572,3.459303352340637,0.0,-0.6953368713928842,0.0,0.0,-0.34070666952608397,0.9401696471065442,0.22872478099334778,-0.00031972101228818465,0.0,0.0,0.0,-0.03270703033395565
2026-08-24T01:48:50.582431,15.15,1.9676918473545244,3.4563638450382372,0.0,-0.695989467147478,0.0,0.0,-0.3410134267432187,0.9400584251953957,0.22873239651512878,-0.0003125475679938086,0.0,0.0,0.0,-0.03294659002481209
2026-08-24T01:48:50.612940,15.17,1.9712108022788173,3.453422025366307,0.0,-0.6966487690062612,0.0,0.0,-0.3413232993422349,0.9399459587264212,0.22873991631309573,-0.00030550174477838573,0.0,0.0,0.0,-0.03308561461832768
2026-08-24T01:48:50.639498,15.19,1.974727823349931,3.450477894660137,0.0,-0.6973077863663214,0.0,0.0,-0.3416330011590357,0.9398334387108549,0.22874734159046414,-0.0002985714789566082,0.0,0.0,0.0,-0.03267720595407863
2026-08-24T01:48:50.668710,15.21,1.978242909122643,3.4475314542694275,0.0,-0.6979611537841431,0.0,0.0,-0.34194001119717077,0.939721782626368,0.22875467353531703,-0.00029174829389219697,0.0,0.0,0.0,-0.03267742691805333
2026-08-24T01:48:50.708752,15.22,1.978832343751799,3.447040185487568,0.0,-0.6980725948225973,0.0,0.0,-0.341992372451977,0.9397027280925965,0.22933065011664003,-0.00028513529155682897,0.0,0.0,0.0,-0.033261324456146456
2026-08-24T01:48:50.729585,15.25,1.9852672656233075,3.4416316466133394,0.0,-0.6992782845274307,0.0,0.0,-0.34255880522633697,0.9394963890095078,0.22876906240885372,-0.0002788408217163923,0.0,0.0,0.0,-0.03303818371520818
2026-08-24T01:48:50.761891,15.26,1.9870258121376294,3.4401552800202246,0.0,-0.6996049738464452,0.0,0.0,-0.34271226237343805,0.9394404213247798,0.22933065013817155,-0.00027278301785541004,0.0,0.0,0.0,-0.03258710678101321
2026-08-24T01:48:50.797410,15.28,1.9905340441713997,3.4372007366708863,0.0,-0.7002617118432317,0.0,0.0,-0.3430207270014147,0.939327834596325,0.22933065014746076,-0.00026642714018898506,0.0,0.0,0.0,-0.03273803327299208
2026-08-24T01:48:50.815799,15.31,1.995789252509284,3.4327646478428,0.0,-0.7012504647723247,0.0,0.0,-0.3434850666378968,0.9391581384392937,0.22878997410959867,-0.0002597111298552371,0.0,0.0,0.0,-0.03275690838861875
2026-08-24T01:48:50.850783,15.33,1.9992926946678335,3.4298043759354484,0.0,-0.7019036562812087,0.0,0.0,-0.3437917733743274,0.939045907589259,0.22879677018218206,-0.0002535434989116818,0.0,0.0,0.0,-0.03262299731652514
2026-08-24T01:48:50.882560,15.34,2.0010470875678616,3.4283232916692326,0.0,-0.7022319174875037,0.0,0.0,-0.3439458949141529,0.9389894681899805,0.22933065017464221,-0.00024799305880184643,0.0,0.0,0.0,-0.032728503810270995
2026-08-24T01:48:50.914663,15.37,2.006293739858583,3.4238769310512875,0.0,-0.7032135073697385,0.0,0.0,-0.3444067047516148,0.9388205481997792,0.22881010713002897,-0.00024152963507287735,0.0,0.0,0.0,-0.03291157584832238
2026-08-24T01:48:50.949399,15.38,2.0080460574799393,3.4223934953219484,0.0,-0.703545381364954,0.0,0.0,-0.34456248507232623,0.9387633854602463,0.22933065019221024,-0.0002362317374482847,0.0,0.0,0.0,-0.032722530235933196
2026-08-24T01:48:50.976716,15.41,2.0132869895797305,3.417940293344898,0.0,-0.704529588408163,0.0,0.0,-0.34502441210098195,0.9385937113865466,0.22882311090571544,-0.00022994005975298935,0.0,0.0,0.0,-0.03242065306229528
2026-08-24T01:48:51.011313,15.43,2.0167806874471053,3.414968530463794,0.0,-0.7051865710350663,0.0,0.0,-0.3453327133612921,0.93848032322608,0.22882949046314768,-0.0002242885921758,0.0,0.0,0.0,-0.0327594903350541
2026-08-24T01:48:51.034301,15.45,2.0202724319392615,3.4119944732226672,0.0,-0.7058461518947139,0.0,0.0,-0.34564219640536864,0.9383663847688026,0.22883578983229197,-0.0002187402218574531,0.0,0.0,0.0,-0.03300225996069194
2026-08-24T01:48:51.065508,15.47,2.0237622215906654,3.40901812294709,0.0,-0.7065002637292599,0.0,0.0,-0.3459490761926985,0.9382532902587758,0.22884201002111557,-0.00021328875230158532,0.0,0.0,0.0,-0.03282749206220337
2026-08-24T01:48:51.090387,15.49,2.027250054895625,3.406039480915456,0.0,-0.7071583497711355,0.0,0.0,-0.34625778315632544,0.9381394073396913,0.22884815202485442,-0.00020793467038106634,0.0,0.0,0.0,-0.032872355337940556
2026-08-24T01:48:51.122421,15.51,2.030735930384459,3.4030585484483873,0.0,-0.7078124118624656,0.0,0.0,-0.3465645653462042,0.9380261201301361,0.22885421682626983,-0.00020267423184634558,0.0,0.0,0.0,-0.03297972285448704
2026-08-24T01:48:51.146355,15.53,2.034219846530656,3.40007532680006,0.0,-0.7084723553132499,0.0,0.0,-0.34687406857070274,0.9379117125578544,0.22886020539576146,-0.00019751244459569511,0.0,0.0,0.0,-0.03276118577722311
2026-08-24T01:48:51.176510,15.55,2.0377018019118416,3.397089817346354,0.0,-0.7091278025172207,0.0,0.0,-0.3471814257423685,0.9377979833735496,0.22886611869152265,-0.00019243563588399186,0.0,0.0,0.0,-0.032767556623473325
2026-08-24T01:48:51.208028,15.56,2.039444789706883,3.395595860986122,0.0,-0.7094553857999579,0.0,0.0,-0.3473350245556107,0.9377411053787464,0.22933065026594515,-0.00018813676511614103,0.0,0.0,0.0,-0.032919955579678195
2026-08-24T01:48:51.240043,15.59,2.044659831223989,3.3911119481230085,0.0,-0.7104383917269406,0.0,0.0,-0.34779588511557813,0.9375702759242486,0.22887772323465078,-0.00018255394525710172,0.0,0.0,0.0,-0.032473928592597956
2026-08-24T01:48:51.267914,15.61,2.04813590450638,3.3881195936445176,0.0,-0.711094320733663,0.0,0.0,-0.34810335617538857,0.937456160798696,0.22888341633876919,-0.00017774433461002713,0.0,0.0,0.0,-0.03287451165462401
2026-08-24T01:48:51.293019,15.62,2.0498757902746645,3.386622158372825,0.0,-0.7114218798679053,0.0,0.0,-0.34825688767019475,0.9373991360089198,0.22933065028844357,-0.0001737504696160846,0.0,0.0,0.0,-0.037054373633655296
2026-08-24T01:48:51.326071,15.65,2.055082160373368,3.382128050800288,0.0,-0.7124486915059309,0.0,0.0,-0.34873810792247883,0.9372202153617097,0.22889458876235438,-0.00016839198534686331,0.0,0.0,0.0,-0.036849057549826376
2026-08-24T01:48:51.351594,15.67,2.058552340033882,3.379128865070885,0.0,-0.7130999660492879,0.0,0.0,-0.3490432832609471,0.9371066035464792,0.22890006987417377,-0.0001638406216916012,0.0,0.0,0.0,-0.0368971656724891
2026-08-24T01:48:51.385832,15.69,2.062020552148646,3.376127404800279,0.0,-0.7137558054041758,0.0,0.0,-0.3493505601840639,0.9369920950035175,0.2289054820907779,-0.0001593794976698509,0.0,0.0,0.0,-0.03667784252750218
2026-08-24T01:48:51.411005,15.71,2.0654867954010054,3.3731236714744446,0.0,-0.7144088489642937,0.0,0.0,-0.349656489882127,0.9368779744893728,0.22891082627815848,-0.00015499757916250504,0.0,0.0,0.0,-0.036837312770953166
2026-08-24T01:48:51.439003,15.73,2.0689510684527015,3.370117666553813,0.0,-0.715067287962873,0.0,0.0,-0.34996490942536934,0.9367628099849465,0.22891610329141313,-0.00015070245350809673,0.0,0.0,0.0,-0.0365790180963116
2026-08-24T01:48:51.470090,15.75,2.0724133698577165,3.3671093913742483,0.0,-0.7157206177125869,0.0,0.0,-0.35027089825365426,0.9366484387626866,0.22892131397490026,-0.0001464800594218961,0.0,0.0,0.0,-0.0364057256795474
2026-08-24T01:48:51.499121,15.77,2.0758736980823693,3.3640988471705726,0.0,-0.7163798978578715,0.0,0.0,-0.3505796360767874,0.9365329245511165,0.2289264591623564,-0.00014233743538832254,0.0,0.0,0.0,-0.03638164234717476
2026-08-24T01:48:51.529469,15.79,2.07933205168501,3.361086035283611,0.0,-0.7170284139611499,0.0,0.0,-0.3508832959823297,0.9364191970482968,0.2289315396770426,-0.00013826742439996257,0.0,0.0,0.0,-0.03634765515319509
2026-08-24T01:48:51.551297,15.81,2.0827884291144074,3.3580709569283975,0.0,-0.7176860148766293,0.0,0.0,-0.35119117207045675,0.9363037758440254,0.22893655633184973,-0.00013428341436544909,0.0,0.0,0.0,-0.03656839862748256
2026-08-24T01:48:51.589521,15.82,2.0839421690942594,3.35706479597309,0.0,-0.7178670827231884,0.0,0.0,-0.3512759378852994,0.9362719772922841,0.22933065035358025,-0.0001310713198328154,0.0,0.0,0.0,-0.036034033240203676
2026-08-24T01:48:51.614421,15.85,2.089695248874404,3.352034005634055,0.0,-0.7189970605542851,0.0,0.0,-0.35180486508043585,0.9360733608567954,0.2289464014143201,-0.00012664373931619728,0.0,0.0,0.0,-0.03615470411760215
2026-08-24T01:48:51.647364,15.870000000000001,2.0931456893210942,3.349012135747113,0.0,-0.7196478086278137,0.0,0.0,-0.3521094204207063,0.9359588431394803,0.2289512312622653,-0.00012287673694754951,0.0,0.0,0.0,-0.03599773020989675
2026-08-24T01:48:51.675867,15.89,2.0965941475107224,3.3459880047796147,0.0,-0.7203018007118245,0.0,0.0,-0.3524154564275404,0.935843654715342,0.22895600040239214,-0.00011918674665970437,0.0,0.0,0.0,-0.03619658956003664
2026-08-24T01:48:51.703809,15.91,2.100040622161002,3.3429616138677707,0.0,-0.720954744562512,0.0,0.0,-0.35272096432097877,0.9357285510918638,0.22896070959649184,-0.00011557305391491227,0.0,0.0,0.0,-0.0361317974937159
2026-08-24T01:48:51.728607,15.93,2.1034851117998885,3.339932964317894,0.0,-0.7216132044944438,0.0,0.0,-0.3530290150783121,0.9356123740699654,0.2289653595980777,-0.00011203242429593098,0.0,0.0,0.0,-0.03597710240379604
2026-08-24T01:48:51.760558,15.95,2.1069276149840874,3.3369020574689485,0.0,-0.722268163832056,0.0,0.0,-0.35333539017329363,0.9354967140781877,0.22896995115114296,-0.00010855515800235452,0.0,0.0,0.0,-0.03623365275593169
2026-08-24T01:48:51.788750,15.97,2.110368130181237,3.333868894558694,0.0,-0.7229221247548258,0.0,0.0,-0.35364126042639377,0.9353811303014571,0.22897448499038214,-0.00010515059726924146,0.0,0.0,0.0,-0.03616454882607734
2026-08-24T01:48:51.816623,15.99,2.113806655944527,3.3308334769222205,0.0,-0.723579564759945,0.0,0.0,-0.3539487198017248,0.935264830810354,0.22897896184122418,-0.00010181464651016443,0.0,0.0,0.0,-0.035482165016889375
2026-08-24T01:48:51.842579,16.01,2.117243190889437,3.327795805964982,0.0,-0.7242323620308514,0.0,0.0,-0.3542539701067158,0.9351492526135227,0.2289833824199885,-9.853335136236547e-05,0.0,0.0,0.0,-0.03543949636027618
2026-08-24T01:48:51.879225,16.03,2.1206777334424594,3.3247558828784447,0.0,-0.7248861408985569,0.0,0.0,-0.35455964158382103,0.9350334007723747,0.22898774743399955,-9.532080701991929e-05,0.0,0.0,0.0,-0.0357231804086472
2026-08-24T01:48:51.900881,16.05,2.124110282107827,3.3217137089424336,0.0,-0.7255436416115009,0.0,0.0,-0.35486701498226614,0.934916788638206,0.22899205758166435,-9.217906874544299e-05,0.0,0.0,0.0,-0.03564569292738591
2026-08-24T01:48:51.932041,16.06,2.125827421901196,3.320191062413766,0.0,-0.7258414730922151,0.0,0.0,-0.3550062348727566,0.9348639329878274,0.22933065042877854,-9.000006936462047e-05,0.0,0.0,0.0,-0.03558288756511394
2026-08-24T01:48:51.961533,16.08,2.1292569405479096,3.3171455049509437,0.0,-0.726496913865598,0.0,0.0,-0.3553125897729448,0.9347475400068422,0.22933065043444403,-8.698849626320726e-05,0.0,0.0,0.0,-0.0354285089796177
2026-08-24T01:48:51.988764,16.11,2.1343959503285497,3.31257369540991,0.0,-0.727505267017055,0.0,0.0,-0.35578382240770334,0.934568280925992,0.22900466567991012,-8.312217244698248e-05,0.0,0.0,0.0,-0.03535983931178637
2026-08-24T01:48:52.022411,16.13,2.13782050864791,3.3095225310594696,0.0,-0.7281605918903815,0.0,0.0,-0.35609002622342945,0.9344516537650288,0.2290087631725615,-8.0228563007343e-05,0.0,0.0,0.0,-0.03514651912316974
2026-08-24T01:48:52.050837,16.14,2.1395335084836447,3.307995353974364,0.0,-0.7284633916396946,0.0,0.0,-0.3562314980050077,0.9343977310701842,0.22933065045099926,-7.831185172270856e-05,0.0,0.0,0.0,-0.03547400862941614
2026-08-24T01:48:52.088820,16.17,2.1446636198491658,3.303413470471137,0.0,-0.7294726940114495,0.0,0.0,-0.35670299754681956,0.9342178394470497,0.22901680429414012,-7.46105771119107e-05,0.0,0.0,0.0,-0.03538047603667828
2026-08-24T01:48:52.113441,16.19,2.148082169932403,3.3003555770102815,0.0,-0.7301243610401955,0.0,0.0,-0.35700737808812144,0.9341015640660523,0.22902074920967516,-7.189338342738371e-05,0.0,0.0,0.0,-0.03511989607957534
2026-08-24T01:48:52.142750,16.21,2.1514987143541324,3.297295443158188,0.0,-0.7307780879278357,0.0,0.0,-0.3573126826655106,0.933984821507489,0.2290246445393373,-6.923514802745589e-05,0.0,0.0,0.0,-0.03506763399862556
2026-08-24T01:48:52.168793,16.23,2.1549132515943263,3.2942330701685094,0.0,-0.7314337904901432,0.0,0.0,-0.3576188715771965,0.9338676258934414,0.22902849090637706,-6.663510537584344e-05,0.0,0.0,0.0,-0.03523420196092541
2026-08-24T01:48:52.199805,16.24,2.1566210730491338,3.2927002519643556,0.0,-0.7317407168451463,0.0,0.0,-0.35776218165873785,0.9338127335685567,0.22933065047723,-6.502719566578263e-05,0.0,0.0,0.0,-0.0348016214351003
2026-08-24T01:48:52.228265,16.27,2.1617362991173534,3.28810161253522,0.0,-0.7327468935102259,0.0,0.0,-0.35823192665553405,0.9336326294237279,0.22903603920668475,-6.159907834648028e-05,0.0,0.0,0.0,-0.03512401979550018
2026-08-24T01:48:52.255380,16.29,2.1651448063866936,3.2850325304286336,0.0,-0.7334009499571855,0.0,0.0,-0.358537231714278,0.93351542755043,0.229039742347702,-5.916068109225881e-05,0.0,0.0,0.0,-0.034999354932622184
2026-08-24T01:48:52.288461,16.31,2.168551300587616,3.28196121441544,0.0,-0.7340563627225564,0.0,0.0,-0.35884313142082547,0.9333978824874718,0.229043398941856,-5.6775694897426443e-05,0.0,0.0,0.0,-0.03456993848973234
2026-08-24T01:48:52.319254,16.33,2.171955780374537,3.278887665943458,0.0,-0.7347109686017063,0.0,0.0,-0.3591486160651697,0.9332803820816514,0.2290470095741984,-5.443733378138152e-05,0.0,0.0,0.0,-0.035108981340389665
2026-08-24T01:48:52.346367,16.35,2.175358238104665,3.2758118794954183,0.0,-0.7353702899929098,0.0,0.0,-0.35945626240409695,0.9331619341885292,0.22905057482244018,-5.215891359828588e-05,0.0,0.0,0.0,-0.03517790986950958
2026-08-24T01:48:52.374737,16.37,2.1787586598966686,3.2727338426847288,0.0,-0.7360288624630114,0.0,0.0,-0.35976352029072795,0.9330435196002504,0.2290540952570754,-4.993771868185518e-05,0.0,0.0,0.0,-0.035078889766624585
2026-08-24T01:48:52.408052,16.39,2.1821570463542543,3.2696535591650844,0.0,-0.7366930282619322,0.0,0.0,-0.36007334824515475,0.9329239968419312,0.22905757144136057,-4.776798360347785e-05,0.0,0.0,0.0,-0.03471055815780127
2026-08-24T01:48:52.439735,16.4,2.183856543213964,3.2681117325798157,0.0,-0.7370033078900403,0.0,0.0,-0.360218077566783,0.9328681239028864,0.22933065051590323,-4.6585203499138034e-05,0.0,0.0,0.0,-0.03487135915035383
2026-08-24T01:48:52.468494,16.43,2.188947707349309,3.263486257390754,0.0,-0.7380136566368725,0.0,0.0,-0.3606892926526787,0.9326860319344931,0.22906439327678663,-4.356065596522133e-05,0.0,0.0,0.0,-0.03504602955390134
2026-08-24T01:48:52.494539,16.44,2.190645111341303,3.261942177718556,0.0,-0.7383250156205015,0.0,0.0,-0.36083448836871457,0.9326298687065989,0.2293306505249558,-4.2480834402123045e-05,0.0,0.0,0.0,-0.03459519083233862
2026-08-24T01:48:52.524439,16.47,2.195730209049236,3.2573099847291163,0.0,-0.7393324907750145,0.0,0.0,-0.36130424327823135,0.9324479844951914,0.2290710446949782,-3.955289316189899e-05,0.0,0.0,0.0,-0.03462573824378425
2026-08-24T01:48:52.552075,16.49,2.1991183964295273,3.2542184876467095,0.0,-0.7399932495019516,0.0,0.0,-0.3616122851259387,0.9323285661428576,0.22907430783219693,-3.7615375994960533e-05,0.0,0.0,0.0,-0.03470089176189803
2026-08-24T01:48:52.580169,16.5,2.200812659102545,3.252671035233427,0.0,-0.7403076299875457,0.0,0.0,-0.36175883361151595,0.9322717127018472,0.22933065053814233,-3.667329965704961e-05,0.0,0.0,0.0,-0.034468209115968255
2026-08-24T01:48:52.605907,16.53,2.20588863687682,3.2480287787447395,0.0,-0.7413131778308003,0.0,0.0,-0.3622275097737955,0.9320897119714792,0.2290807115735048,-3.388041314167367e-05,0.0,0.0,0.0,-0.034723357626418906
2026-08-24T01:48:52.636017,16.54,2.207580803900349,3.2464790823588134,0.0,-0.7416293625375765,0.0,0.0,-0.3623748615027052,0.932032434924287,0.22933065054666218,-3.302883169298883e-05,0.0,0.0,0.0,-0.03441755138055009
2026-08-24T01:48:52.663183,16.57,2.2126506885335333,3.241830126018692,0.0,-0.7426337893423431,0.0,0.0,-0.3628428949645187,0.9318503278819873,0.22908695534205376,-3.032406442830682e-05,0.0,0.0,0.0,-0.03470011193381804
2026-08-24T01:48:52.694023,16.59,2.2160286398985476,3.238727449126587,0.0,-0.7432931924096234,0.0,0.0,-0.3631501077201045,0.9317306473777046,0.2290900184893294,-2.8610603202286553e-05,0.0,0.0,0.0,-0.03452156099461537
2026-08-24T01:48:52.727932,16.61,2.2194045396305313,3.2356225403261996,0.0,-0.7439566306092287,0.0,0.0,-0.36345916058596694,0.9316101322904041,0.22909304313419,-2.693837757862712e-05,0.0,0.0,0.0,-0.03485109284190663
2026-08-24T01:48:52.755447,16.63,2.222778386207688,3.232515400919813,0.0,-0.7446167562997834,0.0,0.0,-0.3637666306734473,0.9314901171824035,0.22909602976061239,-2.5308169651438767e-05,0.0,0.0,0.0,-0.03452620714979425
2026-08-24T01:48:52.781835,16.65,2.2261501782646125,3.2294060323796145,0.0,-0.7452707053177643,0.0,0.0,-0.3640711847461466,0.9313711249751826,0.22909897884663313,-2.371488467880459e-05,0.0,0.0,0.0,-0.02570047361571959
2026-08-24T01:48:52.814359,16.67,2.2295199150472906,3.226294436838783,0.0,-0.7459415066150488,0.0,0.0,-0.36438354674189505,0.9312489628793136,0.22910189088455296,-2.205185842661023e-05,0.0,0.0,0.0,-0.03471234871418916
2026-08-24T01:48:52.841605,16.68,2.2312047369129036,3.2247369138904833,0.0,-0.7462554374928803,0.0,0.0,-0.3645297161546249,0.9311917557840751,0.22933065057436883,-2.1479604504106808e-05,0.0,0.0,0.0,-0.034397164171008014
2026-08-24T01:48:52.869619,16.71,2.236253213237259,3.2200645662137957,0.0,-0.7472596768600974,0.0,0.0,-0.3649972398913942,0.93100860085805,0.22910760554898907,-1.9059983544905183e-05,0.0,0.0,0.0,-0.03470847732230662
2026-08-24T01:48:52.904701,16.73,2.2396167723846117,3.216946294583312,0.0,-0.7479192967154296,0.0,0.0,-0.365304275913921,0.9308881705119073,0.22911040913214373,-1.762664171915588e-05,0.0,0.0,0.0,-0.034236243602208206
2026-08-24T01:48:52.929682,16.74,2.2412984416537722,3.215385430849715,0.0,-0.7482380514791106,0.0,0.0,-0.36545263379312104,0.9308299374502687,0.22933065058605454,-1.7162759520772308e-05,0.0,0.0,0.0,-0.034301508624833825
2026-08-24T01:48:52.959903,16.77,2.2463377035717675,3.2107030856292424,0.0,-0.7492453301094503,0.0,0.0,-0.36592138997654217,0.9306457630901435,0.2291159110218674,-1.4862272117690688e-05,0.0,0.0,0.0,-0.034565359255044024
2026-08-24T01:48:52.990194,16.79,2.2496950726886,3.207578151041297,0.0,-0.7499053862572729,0.0,0.0,-0.36622850927184336,0.9305249480785152,0.22911861020879426,-1.3532403941331493e-05,0.0,0.0,0.0,-0.03421546029389176
2026-08-24T01:48:53.020057,16.81,2.253050375533146,3.2044509981970024,0.0,-0.7505622613468765,0.0,0.0,-0.36653410884291454,0.9304046146998254,0.22912127546809402,-1.223426035951783e-05,0.0,0.0,0.0,-0.03443922691974279
2026-08-24T01:48:53.055614,16.83,2.2564036105442495,3.2013216283574346,0.0,-0.7512269049639723,0.0,0.0,-0.3668432823418544,0.9302827560482105,0.22912390722625775,-1.097937361553068e-05,0.0,0.0,0.0,-0.034211451251697375
2026-08-24T01:48:53.081254,16.85,2.259754776458042,3.198190043102408,0.0,-0.7518877837446643,0.0,0.0,-0.3671506643751744,0.9301614857909717,0.22912650590435368,-9.750361555080525e-06,0.0,0.0,0.0,-0.03444108445555463
2026-08-24T01:48:53.111371,16.87,2.2631038716992853,3.19505624367794,0.0,-0.7525443274725553,0.0,0.0,-0.36745599043187993,0.9300409104419688,0.22912907191818377,-8.558061210678522e-06,0.0,0.0,0.0,-0.03404877375825237
2026-08-24T01:48:53.142987,16.89,2.266450894841948,3.1919202314899526,0.0,-0.7532087644357741,0.0,0.0,-0.3677649469274012,0.929918783449117,0.22913160567835034,-7.399324385862343e-06,0.0,0.0,0.0,-0.03434303757740467
2026-08-24T01:48:53.167583,16.91,2.269795844458803,3.1887820079429465,0.0,-0.753865643773993,0.0,0.0,-0.3680703493035614,0.9297979446974242,0.2291341075902325,-6.27214428263848e-06,0.0,0.0,0.0,-0.033607262303739
2026-08-24T01:48:53.197518,16.93,2.273138719104271,3.1856415744217697,0.0,-0.7545142090910814,0.0,0.0,-0.3683718472946928,0.9296785369796893,0.22913657805376478,-5.1723163882065636e-06,0.0,0.0,0.0,-0.033904703051901776
2026-08-24T01:48:53.229352,16.95,2.2764795171373984,3.1824989321034467,0.0,-0.7551844547175887,0.0,0.0,-0.3686833830901718,0.9295550349673685,0.22913901746801482,-4.124522126901358e-06,0.0,0.0,0.0,-0.03417425122692561
2026-08-24T01:48:53.258425,16.97,2.279818237320875,3.1793540825947426,0.0,-0.7558474961690423,0.0,0.0,-0.3689915295840661,0.9294327577050484,0.22914142621463152,-3.0982184476493337e-06,0.0,0.0,0.0,-0.03407162336786811
2026-08-24T01:48:53.291511,16.99,2.283154878111321,3.1762070271765257,0.0,-0.7565085981355609,0.0,0.0,-0.36929873433166777,0.9293107364176034,0.22914380468649045,-2.0977552608517886e-06,0.0,0.0,0.0,-0.03394095875485074
2026-08-24T01:48:53.328409,17.02,2.141730249995149,2.179386128995822,0.0,-0.7574902531595704,0.0,0.0,-0.3697548211058062,0.9291293625050353,0.22933065196759628,-0.962588486825676,0.0,0.0,0.0,-0.03411887987210553
2026-08-24T01:48:53.355129,17.03,2.2898219156025186,3.1699063040157514,0.0,-0.7578336510892978,0.0,0.0,-0.3699143462045041,0.9290658622896949,0.22914847231714844,-1.8383661387609852e-07,0.0,0.0,0.0,-0.034187096040459386
2026-08-24T01:48:53.385464,17.04,2.291487771267043,3.1683288506130065,0.0,-0.7581511254296145,0.0,0.0,-0.37006181882929895,0.9290071314283606,0.22933065063659414,-1.647717583132298e-07,0.0,0.0,0.0,-0.033981565446796834
2026-08-24T01:48:53.413020,17.07,2.296481102962638,3.1635972852600647,0.0,-0.7587449402526576,0.0,0.0,-0.37033763161670713,0.9288972163853911,0.2291530233453625,1.8918584261134734e-06,0.0,0.0,0.0,-0.033968842294489744
2026-08-24T01:48:53.439648,17.08,2.298145646968085,3.162018481107472,0.0,-0.7590646289238965,0.0,0.0,-0.3704861058433843,0.9288380081462023,0.22933065064249714,2.1307352035732767e-06,0.0,0.0,0.0,-0.03407433868773409
2026-08-24T01:48:53.467236,17.1,2.3014721000449407,3.1588606767554213,0.0,-0.7597255233535521,0.0,0.0,-0.3707930175429345,0.9287155313342214,0.22933065064557875,2.9582802127947616e-06,0.0,0.0,0.0,-0.033944509017246126
2026-08-24T01:48:53.506743,17.12,2.3047964650654182,3.15570067428577,0.0,-0.7603868666988108,0.0,0.0,-0.3711000971835309,0.9285928698145243,0.22933065064849023,3.752235317011632e-06,0.0,0.0,0.0,-0.03392939812708419
2026-08-24T01:48:53.525782,17.15,2.309778784188243,3.150957450695737,0.0,-0.7613801648924121,0.0,0.0,-0.37156123620682596,0.9284084487705049,0.2291617871715902,5.406706634319563e-06,0.0,0.0,0.0,-0.03340565168737866
2026-08-24T01:48:53.557016,17.17,2.313097968121733,3.1477919908043543,0.0,-0.7620339776393105,0.0,0.0,-0.3718647189865259,0.9282869334279527,0.2291639097151795,6.162150537755937e-06,0.0,0.0,0.0,-0.03375522417197412
2026-08-24T01:48:53.584957,17.19,2.316415081396889,3.144624361304279,0.0,-0.7626851884784487,0.0,0.0,-0.3721669545252823,0.9281658030542692,0.22916600557933392,6.887550775904464e-06,0.0,0.0,0.0,-0.03373935016834424
2026-08-24T01:48:53.613496,17.21,2.3197301226372513,3.141454563591495,0.0,-0.7633431946825372,0.0,0.0,-0.3724723038059482,0.9280433087402168,0.22916807509938467,7.584840624234801e-06,0.0,0.0,0.0,-0.03366111741107615
2026-08-24T01:48:53.641154,17.23,2.3230430905677673,3.1382825991677765,0.0,-0.7639940282340073,0.0,0.0,-0.37277428494021303,0.9279220508681281,0.22917011860644787,8.264599624899642e-06,0.0,0.0,0.0,-0.03339660942160571
2026-08-24T01:48:53.669747,17.25,2.326353983707771,3.135108469319731,0.0,-0.7646503528931007,0.0,0.0,-0.37307877392447103,0.9277996704283815,0.22917213642752207,8.919974053741033e-06,0.0,0.0,0.0,-0.033455159072250155
2026-08-24T01:48:53.697068,17.27,2.3296628006644955,3.1319321754259293,0.0,-0.7653008701740438,0.0,0.0,-0.3733805290439883,0.9276782742582859,0.22917412888546027,9.554464681468743e-06,0.0,0.0,0.0,-0.033227523918624345
2026-08-24T01:48:53.724267,17.29,2.332969540016995,3.1287537188355348,0.0,-0.7659575122344747,0.0,0.0,-0.37368508520100857,0.9275556355811305,0.2291760962990749,1.0164503790693344e-05,0.0,0.0,0.0,-0.03356784754924028
2026-08-24T01:48:53.763894,17.31,2.3362742003469283,3.1255731009005028,0.0,-0.766607648219221,0.0,0.0,-0.37398658410046937,0.9274341135158133,0.2291780389831356,1.0751143776543608e-05,0.0,0.0,0.0,-0.033255226961773895
2026-08-24T01:48:53.798318,17.32,2.337925962927592,3.1239811094656655,0.0,-0.7669289187627171,0.0,0.0,-0.3741355579055647,0.9273740261138932,0.22933065067576977,1.0470074137736533e-05,0.0,0.0,0.0,-0.033491936152477315
2026-08-24T01:48:53.821903,17.35,2.3428772783764935,3.119205386519408,0.0,-0.7679161027112184,0.0,0.0,-0.3745932566875058,0.927189242843255,0.2291818514021179,1.186478562623134e-05,0.0,0.0,0.0,-0.03316180143404777
2026-08-24T01:48:53.850253,17.37,2.3461756932226687,3.116018292759901,0.0,-0.7685692309435589,0.0,0.0,-0.37489602344365147,0.9270668646899948,0.22918372174702842,1.2387627021758849e-05,0.0,0.0,0.0,-0.03353777232085474
2026-08-24T01:48:53.877119,17.39,2.3494720233454327,3.11282904303553,0.0,-0.7692249099318776,0.0,0.0,-0.3751999324235043,0.9269439091495223,0.22918556858252312,1.2883488315341977e-05,0.0,0.0,0.0,-0.03353065887729255
2026-08-24T01:48:53.904657,17.41,2.352766267389781,3.1096376387640365,0.0,-0.7698792941503961,0.0,0.0,-0.37550320106743895,0.9268210970775894,0.22918739220409637,1.3361448110986466e-05,0.0,0.0,0.0,-0.033245006967969414
2026-08-24T01:48:53.938837,17.43,2.356058424003957,3.1064440813662504,0.0,-0.7705309611015112,0.0,0.0,-0.37580517046826706,0.9266986963675501,0.2291891929035282,1.3823902631056964e-05,0.0,0.0,0.0,-0.0336656658838548
2026-08-24T01:48:53.963448,17.45,2.35934849168761,3.1032483721097703,0.0,-0.77118375817513,0.0,0.0,-0.3761076235430634,0.9265759847485738,0.22919097096896662,1.425797390868799e-05,0.0,0.0,0.0,-0.03329068345506116
2026-08-24T01:48:53.991286,17.47,2.3626364691365844,3.1000505124644637,0.0,-0.7718392866215609,0.0,0.0,-0.3764113017930114,0.9264526603569609,0.22919272668487561,1.467643330828702e-05,0.0,0.0,0.0,-0.03343242561099902
2026-08-24T01:48:54.024363,17.48,2.36427980226974,3.0984499263996375,0.0,-0.7721593207410646,0.0,0.0,-0.3765595452039963,0.9263924162663247,0.22933065067602035,1.4267293816281136e-05,0.0,0.0,0.0,-0.032689437698427644
2026-08-24T01:48:54.052620,17.5,2.3675646322156956,3.09524884679488,0.0,-0.7728131213826377,0.0,0.0,-0.3768623630563587,0.9262692693334791,0.2293306506929933,1.4647252823185575e-05,0.0,0.0,0.0,-0.03327032214743372
2026-08-24T01:48:54.085322,17.53,2.3724878457671026,3.0904440445897827,0.0,-0.773798527475715,0.0,0.0,-0.3773186929859558,0.9260834756777436,0.22919786252261154,1.5809978365788477e-05,0.0,0.0,0.0,-0.0332131096785858
2026-08-24T01:48:54.115761,17.55,2.375767448101492,3.0872375969192105,0.0,-0.7744554472952738,0.0,0.0,-0.3776228539216701,0.925959491660436,0.22919953161461296,1.6155281808623106e-05,0.0,0.0,0.0,-0.033367781912576625
2026-08-24T01:48:54.141297,17.57,2.379044953121434,3.0840290056334942,0.0,-0.7751087280676754,0.0,0.0,-0.37792528953721877,0.9258360953906525,0.2292011797268603,1.6485134249666745e-05,0.0,0.0,0.0,-0.03331074283932818
2026-08-24T01:48:54.170378,17.59,2.3823203594339786,3.080818272111068,0.0,-0.775755292777473,0.0,0.0,-0.3782245762564078,0.9257138704349529,0.2292028071230512,1.6797806906113506e-05,0.0,0.0,0.0,-0.03340176551669817
2026-08-24T01:48:54.200533,17.61,2.385593665598394,3.0776053976816975,0.0,-0.7764152800039001,0.0,0.0,-0.37853003532223944,0.9255890083395244,0.22920441406358627,1.7082607045031833e-05,0.0,0.0,0.0,-0.033214140659838576
2026-08-24T01:48:54.234008,17.63,2.38886487036256,3.0743903838673248,0.0,-0.777067884320712,0.0,0.0,-0.3788320368564652,0.9254654438990046,0.22920600080555775,1.736192508925953e-05,0.0,0.0,0.0,-0.03257055628519785
2026-08-24T01:48:54.263601,17.65,2.392133972277169,3.071173231989306,0.0,-0.7777184284621911,0.0,0.0,-0.3791330448719137,0.9253421714620768,0.22920756759621186,1.763206257890095e-05,0.0,0.0,0.0,-0.036664734639962546
2026-08-24T01:48:54.294482,17.67,2.395400969519609,3.0679539429885683,0.0,-0.7784126386540642,0.0,0.0,-0.3794542130093199,0.9252105167092934,0.22920911471204763,1.7826672334104397e-05,0.0,0.0,0.0,-0.03635527846214353
2026-08-24T01:48:54.321215,17.69,2.3986658615088365,3.064732519069245,0.0,-0.7790653462403405,0.0,0.0,-0.37975613875831293,0.9250866311191492,0.2292106423595582,1.8065267689299056e-05,0.0,0.0,0.0,-0.036979579131303
2026-08-24T01:48:54.353107,17.71,2.4019286463482064,3.0615089610976964,0.0,-0.7797164664665952,0.0,0.0,-0.38005728993621246,0.9249629486451562,0.22921215081457572,1.8278627088139215e-05,0.0,0.0,0.0,-0.03677237090016733
2026-08-24T01:48:54.380596,17.72,2.403559276784639,3.059895573835374,0.0,-0.7800049471255592,0.0,0.0,-0.3801907029426233,0.9249081194345706,0.22933065071291805,1.772509679442858e-05,0.0,0.0,0.0,-0.036185398335678694
2026-08-24T01:48:54.411612,17.75,2.408447889802811,3.0550554493185786,0.0,-0.7810208929880549,0.0,0.0,-0.38066048215944404,0.9247148735270454,0.22921511108107198,1.8661192513894762e-05,0.0,0.0,0.0,-0.03653680139172137
2026-08-24T01:48:54.443598,17.77,2.4117043456906475,3.0518254983260658,0.0,-0.7816750801744844,0.0,0.0,-0.38096293010125765,0.9245903124566385,0.2292165633661997,1.8829247794717124e-05,0.0,0.0,0.0,-0.036177393222637855
2026-08-24T01:48:54.476845,17.79,2.414958688925528,3.048593418864397,0.0,-0.7823255162455731,0.0,0.0,-0.38126360339444837,0.9244663675476144,0.22921799739675164,1.8988673286009768e-05,0.0,0.0,0.0,-0.03633271995499962
2026-08-24T01:48:54.506998,17.81,2.4182109181740956,3.0453592123721394,0.0,-0.7829851454323955,0.0,0.0,-0.3815684851515734,0.9243405709689116,0.22921941340213536,1.9127749508286397e-05,0.0,0.0,0.0,-0.03613128591146361
2026-08-24T01:48:54.537886,17.83,2.4214610323745736,3.042122880560445,0.0,-0.7836354808012667,0.0,0.0,-0.3818690306569832,0.9242164483632046,0.22922081160895494,1.9264257084285948e-05,0.0,0.0,0.0,-0.035991736442763295
2026-08-24T01:48:54.560752,17.84,2.4230852840050736,3.0405031330231633,0.0,-0.7839274855485953,0.0,0.0,-0.382003964381652,0.9241606847278787,0.22933065072477368,1.8663595902384373e-05,0.0,0.0,0.0,-0.036113899471948714
2026-08-24T01:48:54.587372,17.87,2.427954909683271,3.03564384611183,0.0,-0.7849413082804455,0.0,0.0,-0.38247238283691615,0.9239669238490367,0.22922355551897067,1.9493423129668386e-05,0.0,0.0,0.0,-0.03612153917951487
2026-08-24T01:48:54.613271,17.89,2.429577060736376,3.034022761566791,0.0,-0.7852643500125724,0.0,0.0,-0.3826216177848622,0.9239051345261021,0.22922486573979797,1.9978924703113483e-05,0.0,0.0,0.0,-0.035360944109580315
2026-08-24T01:48:54.641855,17.91,2.4344403025571286,3.0291563204751055,0.0,-0.7862432915692361,0.0,0.0,-0.3830737964975491,0.9237177417571638,0.22922623133884346,1.8775693554894927e-05,0.0,0.0,0.0,-0.035695147523317775
2026-08-24T01:48:54.669953,17.92,2.43606029762135,3.0275323529241875,0.0,-0.7865425496966777,0.0,0.0,-0.3832120072295826,0.9236604124433797,0.22933065073256642,1.815718947335078e-05,0.0,0.0,0.0,-0.03552950428851791
2026-08-24T01:48:54.700751,17.95,2.4409172140313182,3.0226603256221916,0.0,-0.7875453464435211,0.0,0.0,-0.38367508086875957,0.9234681544700666,0.22922883985400008,1.8927125969023763e-05,0.0,0.0,0.0,-0.034982819578487416
2026-08-24T01:48:54.728243,17.97,2.4441524827867,3.0194091540568704,0.0,-0.7881944737999627,0.0,0.0,-0.3839747848759622,0.9233435788369672,0.2292301195748381,1.8985308732962317e-05,0.0,0.0,0.0,-0.03127645581680035
2026-08-24T01:48:54.755394,17.98,2.4457692738477848,3.0177820251157605,0.0,-0.7885038626526222,0.0,0.0,-0.3841176163862975,0.9232841690301579,0.22933065074004816,1.839264697727112e-05,0.0,0.0,0.0,-0.034594429482330845
2026-08-24T01:48:54.784328,18.01,2.4506166399359097,3.0129004690253933,0.0,-0.7895119287227294,0.0,0.0,-0.3845829332961216,0.9230904437905046,0.22923263095918017,1.910367666402353e-05,0.0,0.0,0.0,-0.034869379834376914
2026-08-24T01:48:54.815197,18.02,2.45223129237913,3.0112712355211912,0.0,-0.7898114163603118,0.0,0.0,-0.38472115607195567,0.9230328445243202,0.22933065074076117,1.8463537244150838e-05,0.0,0.0,0.0,-0.03515989343628669
2026-08-24T01:48:54.842752,18.05,2.4570722801989144,3.0063833368683097,0.0,-0.790818185495346,0.0,0.0,-0.3851857477981732,0.9228390648933118,0.22923507960983414,1.9145008322437676e-05,0.0,0.0,0.0,-0.0356557981447821
2026-08-24T01:48:54.874088,18.07,2.4602969030277797,3.0031216065767303,0.0,-0.7914702393919226,0.0,0.0,-0.3854865977255474,0.9227134349157283,0.2292362808992818,1.9144456463280445e-05,0.0,0.0,0.0,-0.0014642006420020476
2026-08-24T01:48:54.902511,18.08,2.4603244788958456,3.003092674972071,0.0,-0.7992552811961655,0.0,0.0,-0.3890753495989967,0.9212059337273173,0.003949129276141548,2.9402690466294366e-05,0.0,0.0,0.0,-0.021609175237004615
2026-08-24T01:48:54.933059,18.11,2.4603852651864413,3.003029466095568,0.0,-0.8154671721480692,0.0,0.0,-0.3965297306049842,0.9180218803200383,0.001286684930316513,3.0384007794160126e-05,0.0,0.0,0.0,-0.07940507118701182
2026-08-24T01:48:54.963605,18.13,2.4604229050321136,3.0029884456616096,0.0,-0.8314830896685721,0.0,0.0,-0.4038684192488713,0.9148170855058502,0.0012994609824670167,3.061341964190058e-05,0.0,0.0,0.0,-0.11973480543859548
2026-08-24T01:48:54.992005,18.14,2.46044609095766,3.0029619765732978,0.0,-0.8461029595849309,0.0,0.0,-0.41054482275042953,0.9118404183369031,0.0027786387270827824,3.0154992471252127e-05,0.0,0.0,0.0,-0.13927765935644293
2026-08-24T01:48:55.020819,18.17,2.4604962346159,3.002904667365806,0.0,-0.863511315510107,0.0,0.0,-0.4184659919094998,0.9082324667260021,0.001336381915797826,3.106761211645403e-05,0.0,0.0,0.0,-0.1761726075282451
2026-08-24T01:48:55.048540,18.19,2.460611274680204,3.0027669481145565,0.0,-0.8785898124500361,0.0,0.0,-0.42530142447377933,0.9050517655585089,0.007572509637084051,3.0574770839136725e-05,0.0,0.0,0.0,-0.21659202308599002
2026-08-24T01:48:55.075511,18.21,2.460724056952227,3.002627625363202,0.0,-0.8931872822655995,0.0,0.0,-0.4318957705602085,0.9019235241261887,0.007589926290926718,3.0324549770367516e-05,0.0,0.0,0.0,-0.25708490451651245
2026-08-24T01:48:55.105783,18.23,2.4608367899777086,3.0024842674919054,0.0,-0.9077858541380008,0.0,0.0,-0.4384676042349377,0.8987469944519837,0.00771239792621684,3.006555542732061e-05,0.0,0.0,0.0,-0.2969427677700563
2026-08-24T01:48:55.133485,18.25,2.4609468378893467,3.0023401355584425,0.0,-0.9223885850812987,0.0,0.0,-0.4450179389156951,0.8955216547036854,0.007729396027298123,2.9816831221441555e-05,0.0,0.0,0.0,-0.33750211389361895
2026-08-24T01:48:55.164845,18.27,2.4610548276360142,3.0021944565367726,0.0,-0.9369788415555089,0.0,0.0,-0.4515389846508072,0.8922513913357143,0.007746152516571083,2.957329432817625e-05,0.0,0.0,0.0,-0.3638844849618529
2026-08-24T01:48:55.190554,18.29,2.4611973173288444,3.0019966716966757,0.0,-0.9510356056178934,0.0,0.0,-0.4577988641168771,0.889055791282694,0.010898789753665102,2.9059984182199727e-05,0.0,0.0,0.0,-0.4040736721844764
2026-08-24T01:48:55.218934,18.31,2.4613378171837055,3.0017958824081226,0.0,-0.9648326387111802,0.0,0.0,-0.46392108838498325,0.8858765285025293,0.010985071660321762,2.8624012755906953e-05,0.0,0.0,0.0,-0.4448607626640878
2026-08-24T01:48:55.252681,18.33,2.461475629087245,3.001593204964459,0.0,-0.9786269735354969,0.0,0.0,-0.47002004413296766,0.8826557415624979,0.011002526062630318,2.8195395625013493e-05,0.0,0.0,0.0,-0.48547202472319867
2026-08-24T01:48:55.278737,18.34,2.461546392952729,3.0014856463135438,0.0,-0.9873636173957072,0.0,0.0,-0.47387127179325295,0.8805941277166485,0.012250310442633706,2.7148553636746557e-05,0.0,0.0,0.0,-0.5056743467820422
2026-08-24T01:48:55.311286,18.37,2.461743049430742,3.001182407113722,0.0,-1.00620825728077,0.0,0.0,-0.4821473536160861,0.8760901377147244,0.011033732249404371,2.7359462243927624e-05,0.0,0.0,0.0,-0.5837614739207817
2026-08-24T01:48:55.341379,18.39,2.4620156807163447,3.0007454411949572,0.0,-1.0199688448094033,0.0,0.0,-0.4881636515629382,0.872752112167446,0.02461011571395714,2.6017971557244915e-05,0.0,0.0,0.0,-0.6254900998230717
2026-08-24T01:48:55.368921,18.41,2.4622886084143762,3.000294265179916,0.0,-1.0333751612044488,0.0,0.0,-0.4940028361035973,0.8694602911701041,0.025261556583899863,2.4582732571360357e-05,0.0,0.0,0.0,-0.6473282630744546
2026-08-24T01:48:55.403140,18.43,2.4625559305327713,2.9998390781476427,0.0,-1.0463652111693205,0.0,0.0,-0.49963954290692997,0.8662334137885436,0.025305324431506807,2.3187587480590183e-05,0.0,0.0,0.0,-0.6474688315930095
2026-08-24T01:48:55.428493,18.45,2.4628173346985087,2.999380436995899,0.0,-1.0593454605312929,0.0,0.0,-0.5052509434964267,0.8629724700684087,0.025320365274602987,2.1807084810910512e-05,0.0,0.0,0.0,-0.6474376610504983
2026-08-24T01:48:55.456474,18.47,2.4630727656573526,2.9989184422741704,0.0,-1.0723189410956742,0.0,0.0,-0.510838152636118,0.8596769054774696,0.025333892703620322,2.0440719592099812e-05,0.0,0.0,0.0,-0.603898758873942
2026-08-24T01:48:55.489055,18.49,2.463379161725865,2.998347699969937,0.0,-1.0844269963808224,0.0,0.0,-0.5160332671936597,0.8565685420031703,0.03136944640621164,1.882789989797647e-05,0.0,0.0,0.0,-0.6034543768207655
2026-08-24T01:48:55.515468,18.51,2.463681629839117,2.997767275695556,0.0,-1.0965222860842063,0.0,0.0,-0.5212040212762435,0.8534321110700447,0.03172934791034392,1.7184819966859128e-05,0.0,0.0,0.0,-0.6037484001249286
2026-08-24T01:48:55.542348,18.53,2.4639772202892014,2.997182885523276,0.0,-1.1086156794198283,0.0,0.0,-0.526354906689453,0.8502649658805996,0.031761836297882706,1.555221290100131e-05,0.0,0.0,0.0,-0.6032653006717319
2026-08-24T01:48:55.574586,18.54,2.4641235166894924,2.996884491330631,0.0,-1.1146729155665955,0.0,0.0,-0.5289276165949814,0.8486669407978329,0.032742143565772555,1.3408054132618265e-05,0.0,0.0,0.0,-0.603251665101324
2026-08-24T01:48:55.605199,18.57,2.4645471096858707,2.996003555823129,0.0,-1.1327965188059965,0.0,0.0,-0.5365962461750657,0.8438391248282034,0.031787517839269024,1.23397791393502e-05,0.0,0.0,0.0,-0.6207946640223718
2026-08-24T01:48:55.631355,18.59,2.4649315926232473,2.995169673816602,0.0,-1.1457690872829318,0.0,0.0,-0.5420583004433567,0.8403408825711502,0.04502836740216817,9.982384538382258e-06,0.0,0.0,0.0,-0.655355615611958
2026-08-24T01:48:55.664518,18.61,2.4653131282558145,2.994311550334185,0.0,-1.1590438278458162,0.0,0.0,-0.5476239730302759,0.8367245569257159,0.04610822722919693,7.1131723335191374e-06,0.0,0.0,0.0,-0.6547719623855028
2026-08-24T01:48:55.701367,18.63,2.4656840077392346,2.993446933812341,0.0,-1.1721676061780606,0.0,0.0,-0.5531026375726689,0.8331131209566663,0.04620520942496707,4.303520532547957e-06,0.0,0.0,0.0,-0.6551322766693479
2026-08-24T01:48:55.728961,18.64,2.465865366568259,2.9930083425034,0.0,-1.1787331347905246,0.0,0.0,-0.5558345664129645,0.8312929295865037,0.047043599898490294,1.065857332415049e-06,0.0,0.0,0.0,-0.6550048751045966
2026-08-24T01:48:55.751197,18.67,2.466391683993577,2.9917032162886636,0.0,-1.1983936510826416,0.0,0.0,-0.5639794028581979,0.8257888550663,0.04623352510047497,-1.2064424875385756e-06,0.0,0.0,0.0,-0.41626778693958155
2026-08-24T01:48:55.785983,18.69,2.467646455975479,2.9884391231961187,0.0,-1.2093256885378236,0.0,0.0,-0.568484732641379,0.8226938122738373,0.17464611330295288,-1.0665599728726972e-05,0.0,0.0,0.0,-0.37533572958496875
2026-08-24T01:48:55.814815,18.71,2.4691187796551146,2.984441903009393,0.0,-1.2220825522198087,0.0,0.0,-0.5737206292783182,0.8190510603988561,0.21316690056122595,-2.547810955426756e-05,0.0,0.0,0.0,-0.3905046827855767
2026-08-24T01:48:55.844217,18.73,2.470613786919818,2.9802096001723446,0.0,-1.2353910947217577,0.0,0.0,-0.57915807504644,0.8152152624359422,0.2247200997948636,-4.15049928018752e-05,0.0,0.0,0.0,-0.42067947605143563
2026-08-24T01:48:55.872224,18.75,2.4720747952600086,2.97589290261745,0.0,-1.2488290648667233,0.0,0.0,-0.5846223800858185,0.811305535974452,0.22818306079071177,-5.768711640910549e-05,0.0,0.0,0.0,-0.45789230562785443
2026-08-24T01:48:55.901090,18.77,2.4734851676689784,2.9715377452321756,0.0,-1.2623622311227491,0.0,0.0,-0.5900987206460311,0.807331096819587,0.22921898801360047,-7.378685318349589e-05,0.0,0.0,0.0,-0.5185302480757179
2026-08-24T01:48:55.929122,18.79,2.474837864987937,2.967157863332759,0.0,-1.276806548374766,0.0,0.0,-0.5959139536211202,0.8030482923707922,0.22952684237251977,-9.001961346085776e-05,0.0,0.0,0.0,-0.5643444198565846
2026-08-24T01:48:55.962295,18.81,2.4761273765606586,2.962757022666938,0.0,-1.2915511270121256,0.0,0.0,-0.6018180102588091,0.7986332590921367,0.22961631149963965,-0.00010731187835807195,0.0,0.0,0.0,-0.6027878772271289
2026-08-24T01:48:55.991188,18.83,2.4773537207465943,2.958337588495541,0.0,-1.306278374138342,0.0,0.0,-0.6076824756970403,0.7941800858311142,0.22964030143677808,-0.0001243306209408015,0.0,0.0,0.0,-0.6394806146225699
2026-08-24T01:48:56.018177,18.85,2.4785165493002674,2.9539008489178045,0.0,-1.3210027326003277,0.0,0.0,-0.6135128503800764,0.7896847360931538,0.22964468343234706,-0.00014107197766108145,0.0,0.0,0.0,-0.6977142092601444
2026-08-24T01:48:56.051314,18.86,2.4790662770858134,2.9516759778386326,0.0,-1.3295599332431205,0.0,0.0,-0.6168859698333384,0.7870525396838394,0.22932957490875844,-0.00015767286642428825,0.0,0.0,0.0,-0.7331802352122858
2026-08-24T01:48:56.078111,18.88,2.480126558704798,2.947213651014585,0.0,-1.34546988789326,0.0,0.0,-0.6231273702236335,0.782120374672709,0.22933032831959305,-0.00017591070222255922,0.0,0.0,0.0,-0.7696542353278323
2026-08-24T01:48:56.108175,18.91,2.4815908943596985,2.9404899108401814,0.0,-1.369330172776031,0.0,0.0,-0.632413612558427,0.77463089445929,0.22963636884995053,-0.00019414074673545882,0.0,0.0,0.0,-0.7951450367134624
2026-08-24T01:48:56.139164,18.93,2.482472744576662,2.935988811605259,0.0,-1.3852320414800594,0.0,0.0,-0.6385525974012155,0.7695781833915,0.2296325931778145,-0.00021159572191161298,0.0,0.0,0.0,-0.7950693688229411
2026-08-24T01:48:56.166195,18.95,2.483282903337716,2.9314742598886383,0.0,-1.4011366899806994,0.0,0.0,-0.6446522773935236,0.7644759258808242,0.22962881799388216,-0.00022876973152621767,0.0,0.0,0.0,-0.8331858921125247
2026-08-24T01:48:56.193700,18.97,2.484015006249513,2.9269463938553937,0.0,-1.4196436189584156,0.0,0.0,-0.6516986277761523,0.7584780145493211,0.22962507620152212,-0.00024616863086348255,0.0,0.0,0.0,-0.9148999409830592
2026-08-24T01:48:56.226375,18.99,2.4846564355575063,2.9224047549157515,0.0,-1.4399901295801862,0.0,0.0,-0.6593809616443606,0.7518089833335049,0.229621377212395,-0.0002682128940618625,0.0,0.0,0.0,-0.9757784209718631
2026-08-24T01:48:56.254243,19.01,2.4852090507401763,2.917851459956904,0.0,-1.4597316529325954,0.0,0.0,-0.6667696463185381,0.7452638718925342,0.22961772341812603,-0.0002896224467425128,0.0,0.0,0.0,-0.9753463154501874
2026-08-24T01:48:56.279363,19.03,2.485672643572596,2.913288245742507,0.0,-1.4792555375121277,0.0,0.0,-0.6740129838509183,0.7387194985922475,0.22961411522795605,-0.0003103915843173966,0.0,0.0,0.0,-0.9754901012898289
2026-08-24T01:48:56.312367,19.05,2.486047037006515,2.9087168524452607,0.0,-1.498780394593127,0.0,0.0,-0.6811924474638088,0.732104397964024,0.22961055225149946,-0.0003308292673719351,0.0,0.0,0.0,-0.9744468865185562
2026-08-24T01:48:56.338509,19.07,2.4863320913238223,2.90413902364141,0.0,-1.5182976682668585,0.0,0.0,-0.688304239957806,0.725422134523139,0.22960703402629343,-0.00035092150232208277,0.0,0.0,0.0,-0.9715350614027934
2026-08-24T01:48:56.372996,19.09,2.486527699771296,2.8995565051356404,0.0,-1.5310722041930596,0.0,0.0,-0.6929236336196435,0.7210109832529252,0.2296035600120972,-0.00037065511106747977,0.0,0.0,0.0,0.013687128881482102
2026-08-24T01:48:56.402023,19.11,2.486727393791406,2.8949742551990534,0.0,-1.526907265783299,0.0,0.0,-0.691420649043088,0.7224524109426412,0.2296001297139741,-0.0003584871339825612,0.0,0.0,0.0,0.041221567076087755
2026-08-24T01:48:56.429924,19.13,2.486930961567018,2.8903921754879907,0.0,-1.5260041728558427,0.0,0.0,-0.6910943577344688,0.7227645458291255,0.22959674242923697,-0.00035055831210222243,0.0,0.0,0.0,0.04311033869367552
2026-08-24T01:48:56.458413,19.15,2.487034234872062,2.8881012099312757,0.0,-1.525560721033371,0.0,0.0,-0.6909340851203274,0.7229177615876762,0.22959336186631063,-0.00034337681798545894,0.0,0.0,0.0,0.04304751721516805
2026-08-24T01:48:56.500155,19.17,2.4873500395723043,2.8812285554666723,0.0,-1.524246356728201,0.0,0.0,-0.6904588473006262,0.72337167499446,0.22959009562817223,-0.00033390140226864857,0.0,0.0,0.0,0.04261081945730367
2026-08-24T01:48:56.529082,19.19,2.4875655916244,2.8766470225927674,0.0,-1.5233721637753241,0.0,0.0,-0.6901425981431689,0.7236734030128483,0.2295868345162827,-0.0003263697721938768,0.0,0.0,0.0,0.04271592907550331
2026-08-24T01:48:56.563283,19.21,2.48778514499718,2.8720656803503313,0.0,-1.5224965945796471,0.0,0.0,-0.6898257189488234,0.7239754674550367,0.22958361439896877,-0.000318946767436237,0.0,0.0,0.0,0.04213752858910037
2026-08-24T01:48:56.589511,19.23,2.4880086994290562,2.867484531465612,0.0,-1.5216260687809433,0.0,0.0,-0.6895105339527015,0.7242756544080855,0.2295804347571246,-0.00031164222791836283,0.0,0.0,0.0,0.04286780936773344
2026-08-24T01:48:56.614989,19.25,2.4882362549806354,2.862903579445828,0.0,-1.5207513731845639,0.0,0.0,-0.6891937076576552,0.7245771410451026,0.22957729508200903,-0.00030443030640772283,0.0,0.0,0.0,0.042828917187893285
2026-08-24T01:48:56.643622,19.27,2.488467811321064,2.858322827779245,0.0,-1.5198791195399683,0.0,0.0,-0.6888776345970427,0.7248776479875645,0.22957419487124872,-0.00029732600669403865,0.0,0.0,0.0,0.042559167982076346
2026-08-24T01:48:56.678813,19.29,2.4887033682849524,2.853742279962058,0.0,-1.5190065153891559,0.0,0.0,-0.6885613034176438,0.7251781377260318,0.22957113362877582,-0.00029032792624183627,0.0,0.0,0.0,0.0426278160047914
2026-08-24T01:48:56.703388,19.31,2.4889429257701714,2.8491619394937944,0.0,-1.5181303578815304,0.0,0.0,-0.688243552221008,0.7254797122085556,0.22956811086481146,-0.00028343071985116407,0.0,0.0,0.0,0.042715042260000245
2026-08-24T01:48:56.736797,19.33,2.4891864835523347,2.844581809867721,0.0,-1.5172556504731787,0.0,0.0,-0.68792619516867,0.7257806486816502,0.22956512609567106,-0.00027663777888101414,0.0,0.0,0.0,0.03581864009109928
2026-08-24T01:48:56.764589,19.34,2.4893128457184472,2.8422931571705563,0.0,-1.5168815023567321,0.0,0.0,-0.6877904084005587,0.7259093291260229,0.22933065118699117,-0.00026957313839625534,0.0,0.0,0.0,0.035582250756743636
2026-08-24T01:48:56.795360,19.37,2.489684380502329,2.8354221311951475,0.0,-1.5157924923506527,0.0,0.0,-0.6873950451986207,0.7262837268150693,0.22955926863759604,-0.00026363303643486276,0.0,0.0,0.0,0.035576037739109584
2026-08-24T01:48:56.822853,19.39,2.489938314516509,2.8308425652232203,0.0,-1.5150577385102288,0.0,0.0,-0.6871281789384541,0.7265362108723307,0.22955639501142813,-0.0002573264850748612,0.0,0.0,0.0,0.03550453338613059
2026-08-24T01:48:56.857961,19.41,2.4901955979204,2.826263186067414,0.0,-1.5143316136153688,0.0,0.0,-0.6868643556427099,0.7267856334212482,0.22955355750550455,-0.0002511196041855584,0.0,0.0,0.0,0.03598287763472877
2026-08-24T01:48:56.885062,19.43,2.4904562309328404,2.821683996198537,0.0,-1.5135939955310793,0.0,0.0,-0.6865962638217978,0.7270389057718633,0.2295507556658004,-0.00024499196647494783,0.0,0.0,0.0,0.03589008327839783
2026-08-24T01:48:56.912464,19.45,2.4907202132607056,2.8171049980594267,0.0,-1.5128631347570154,0.0,0.0,-0.6863305358751726,0.7272897603605446,0.22954798904399812,-0.00023896583948025059,0.0,0.0,0.0,0.03586497314218692
2026-08-24T01:48:56.943423,19.47,2.4909875448897836,2.812526194108728,0.0,-1.5121331479270002,0.0,0.0,-0.6860650341911898,0.727540218036255,0.22954525719742366,-0.00023302998838314908,0.0,0.0,0.0,-0.018628040569818725
2026-08-24T01:48:56.970522,19.49,2.491236058635934,2.8079463524251937,0.0,-1.5188020237806832,0.0,0.0,-0.6884871533966862,0.7252485364395629,0.22954255968770562,-0.0002279054560232986,0.0,0.0,0.0,-0.09978998866973512
2026-08-24T01:48:56.996328,19.51,2.4914212611412,2.803363457339521,0.0,-1.5317883165257407,0.0,0.0,-0.6931817516248143,0.7207628314600818,0.22953989608440575,-0.00024005488244952726,0.0,0.0,0.0,-0.18150572512000157
2026-08-24T01:48:57.029476,19.52,2.4914883987007324,2.801072144650851,0.0,-1.5425440819467924,0.0,0.0,-0.6970478869640191,0.7170245764818638,0.22933065115229936,-0.0002516334496030059,0.0,0.0,0.0,-0.2220760820323165
2026-08-24T01:48:57.054615,19.55,2.49162434563153,2.7941926078134576,0.0,-1.5577449118310565,0.0,0.0,-0.7024773859568152,0.7117060644811731,0.22953466889868987,-0.00026377029918743994,0.0,0.0,0.0,-0.34456497219575954
2026-08-24T01:48:57.085227,19.57,2.491642215586134,2.789606010782504,0.0,-1.570726691228019,0.0,0.0,-0.707082160867172,0.707131400648713,0.22953210447978306,-0.0002753431815033769,0.0,0.0,0.0,-0.4260783266971926
2026-08-24T01:48:57.119169,19.58,2.4916252107015535,2.7873137411819773,0.0,-1.5797872232294257,0.0,0.0,-0.7102783874310622,0.703920885006497,0.2293306511418546,-0.00028621798456492407,0.0,0.0,0.0,-0.46649866309370785
2026-08-24T01:48:57.143744,19.61,2.4914976460498757,2.780434097611906,0.0,-1.5989392775153994,0.0,0.0,-0.7169864837909058,0.6970870692109797,0.22952707193783578,-0.00029993806549687396,0.0,0.0,0.0,-0.5890094288629434
2026-08-24T01:48:57.175528,19.63,2.4913309277580935,2.7758504884828032,0.0,-1.613418806240013,0.0,0.0,-0.7220143957751569,0.6918780328160701,0.2295246030095737,-0.0003129389788126747,0.0,0.0,0.0,-0.6702649548462528
2026-08-24T01:48:57.201761,19.65,2.4911016098444017,2.771269586194192,0.0,-1.6276127732378949,0.0,0.0,-0.7269064187019089,0.6867365276799867,0.2295221651147743,-0.0003257187093193101,0.0,0.0,0.0,-0.6829578551677271
2026-08-24T01:48:57.233167,19.67,2.4908097569309646,2.7666922442196,0.0,-1.641265366673951,0.0,0.0,-0.731577313353561,0.6817584869925607,0.2295197578627607,-0.0003377363413346959,0.0,0.0,0.0,-0.6437947377758332
2026-08-24T01:48:57.258945,19.69,2.4904567750297164,2.7621192118207993,0.0,-1.6541499416321956,0.0,0.0,-0.7359541858383613,0.6770313407420625,0.22951738086941006,-0.0003490234827106794,0.0,0.0,0.0,-0.6434919186146926
2026-08-24T01:48:57.288621,19.71,2.4900453969630987,2.757551069712317,0.0,-1.6670154523196539,0.0,0.0,-0.7402941058118105,0.672283152325188,0.22951503375364712,-0.0003595815143827232,0.0,0.0,0.0,-0.6435260167162249
2026-08-24T01:48:57.323827,19.73,2.489575263469649,2.7529886013768037,0.0,-1.6798876433571257,0.0,0.0,-0.7446056218546533,0.6675046575885782,0.22951271614016985,-0.000369966731843281,0.0,0.0,0.0,-0.6428607637519712
2026-08-24T01:48:57.351602,19.75,2.489046472419359,2.748432560153998,0.0,-1.6927489910467912,0.0,0.0,-0.7488827010166667,0.6627025728922303,0.2295104276580788,-0.00038015707374527497,0.0,0.0,0.0,-0.6431848382986368
2026-08-24T01:48:57.379118,19.77,2.4884591300868983,2.74388369770222,0.0,-1.7052149415377782,0.0,0.0,-0.7529987360109663,0.6580219628294234,0.229508167941221,-0.0003901775018883605,0.0,0.0,0.0,-0.5782421803624657
2026-08-24T01:48:57.408937,19.79,2.487813579457644,2.7393427314892334,0.0,-1.7169425056980392,0.0,0.0,-0.7568442657985588,0.653595254976534,0.22950593592020826,-0.00039967619197218664,0.0,0.0,0.0,-0.49884698205127176
2026-08-24T01:48:57.439612,19.81,2.48711038567933,2.7348103359249283,0.0,-1.7295704290380798,0.0,0.0,-0.7609559275974909,0.6488035729357864,0.22950373214554334,-0.0004091899787380338,0.0,0.0,0.0,-0.47283848591861327
2026-08-24T01:48:57.470429,19.83,2.486349610017345,2.730287250533866,0.0,-1.7420276841597178,0.0,0.0,-0.7649822963837501,0.6440513071327814,0.2295015571159369,-0.0004183091624915093,0.0,0.0,0.0,-0.41053021720226973
2026-08-24T01:48:57.496388,19.85,2.485531395320353,2.725774203215151,0.0,-1.7540016203225222,0.0,0.0,-0.7688244780770634,0.6394598673173564,0.22949940888629183,-0.00042677427576610433,0.0,0.0,0.0,-0.34654466176117227
2026-08-24T01:48:57.527974,19.87,2.484660619402569,2.721271002424875,0.0,-1.7646760389348601,0.0,0.0,-0.7722264427631202,0.6353474018971175,0.2294972875622568,-0.0004352210106912409,0.0,0.0,0.0,-0.30385077604884725
2026-08-24T01:48:57.558494,19.89,2.4837469100227563,2.7167763333182635,0.0,-1.7741899567661965,0.0,0.0,-0.7752400156450127,0.6316667777734718,0.2294951931242152,-0.0004400135093029219,0.0,0.0,0.0,-0.26465918250400283
2026-08-24T01:48:57.585268,19.9,2.4832723259583034,2.7145335080901996,0.0,-1.78123354074046,0.0,0.0,-0.7774598023896162,0.6289326320587117,0.22933065045123002,-0.00044370402287928636,0.0,0.0,0.0,-0.2461258907347873
2026-08-24T01:48:57.618034,19.93,2.48178631626434,2.7078152142356195,0.0,-1.793367476045208,0.0,0.0,-0.7812611845518626,0.6242042626517545,0.22949108267888124,-0.00044935607416049685,0.0,0.0,0.0,-0.2317954172407878
2026-08-24T01:48:57.650556,19.95,2.4807396702713778,2.7033496305751967,0.0,-1.803407589920843,0.0,0.0,-0.7843848680800286,0.6202744382344609,0.2294890661055908,-0.00045422335315836347,0.0,0.0,0.0,-0.2504221242300736
2026-08-24T01:48:57.679830,19.97,2.479648955492929,2.6988946060976846,0.0,-1.8134812321991367,0.0,0.0,-0.7874991165413645,0.6163157806243245,0.22948707489790088,-0.00045903315873499734,0.0,0.0,0.0,-0.12347660540406791
2026-08-24T01:48:57.709729,19.99,2.478533247396544,2.694445769971015,0.0,-1.8162338675101048,0.0,0.0,-0.788346616703696,0.6152313483006501,0.2294851083562485,-0.00046178041001767076,0.0,0.0,0.0,-0.10357394256599464
2026-08-24T01:48:57.739172,20.01,2.477430661945461,2.6899936572585585,0.0,-1.8145369392772466,0.0,0.0,-0.7878243312820505,0.6159000105861258,0.22948316729572105,-0.0004508434892432931,0.0,0.0,0.0,-0.08673260523696084
2026-08-24T01:48:57.772605,20.03,2.4763349235257155,2.6855398543003033,0.0,-1.812841867848398,0.0,0.0,-0.7873020511353535,0.6165674985579968,0.2294812502341943,-0.0004400263276314002,0.0,0.0,0.0,-0.07026060140314325
2026-08-24T01:48:57.796753,20.05,2.4752460206987488,2.6810843752114017,0.0,-1.8111434497506458,0.0,0.0,-0.786778172615482,0.6172358601829959,0.22947935729785748,-0.0004293656892201193,0.0,0.0,0.0,-0.05433692835506016
2026-08-24T01:48:57.824689,20.07,2.4741639872995687,2.67662722288308,0.0,-1.809450714656288,0.0,0.0,-0.7862554824772938,0.6179015425408791,0.22947748814671146,-0.0004188528497694534,0.0,0.0,0.0,-0.039916096887573395
2026-08-24T01:48:57.856263,20.09,2.4730888193469385,2.672168409519301,0.0,-1.8066140191786408,0.0,0.0,-0.7853782926564621,0.6190161043333369,0.2294756424876547,-0.000408504767281857,0.0,0.0,0.0,-0.03054844566678086
2026-08-24T01:48:57.886012,20.11,2.472020500805483,2.6677079501607914,0.0,-1.8061639943086605,0.0,0.0,-0.7852389864546179,0.6191928085432877,0.22947382019771867,-0.0003999307259280128,0.0,0.0,0.0,-0.02225440530599014
2026-08-24T01:48:57.922938,20.13,2.470959064754133,2.663245847999863,0.0,-1.8046945498811346,0.0,0.0,-0.7847838398419471,0.6197695738925307,0.22947202062938277,-0.0003899025511970795,0.0,0.0,0.0,-0.02931420905656749
2026-08-24T01:48:57.945870,20.15,2.4699044934084777,2.658782118539028,0.0,-1.8030608218919046,0.0,0.0,-0.7842773106182984,0.6204104287077459,0.22947024367360155,-0.00038002415503020424,0.0,0.0,0.0,-0.018040711354234122
2026-08-24T01:48:57.970386,20.17,2.4688564831573996,2.654316844484192,0.0,-1.8013923148770317,0.0,0.0,-0.7837594581819163,0.6210644988327614,0.22946848905043965,-0.0003702735582478607,0.0,0.0,0.0,0.00023285550015030975
2026-08-24T01:48:57.999796,20.19,2.4678144414788146,2.64985017440643,0.0,-1.79982047735976,0.0,0.0,-0.7832711099405371,0.6216802782238786,0.2294667556358605,-0.0003609577016981808,0.0,0.0,0.0,0.03739413178695553
2026-08-24T01:48:58.028614,20.21,2.4667784719853407,2.645382092050191,0.0,-1.7980396449540434,0.0,0.0,-0.7827172453162458,0.6223774689724461,0.22946504543324106,-0.000351566342568479,0.0,0.0,0.0,0.08227977091240704
2026-08-24T01:48:58.063490,20.23,2.465748571526156,2.6409126068995645,0.0,-1.7973043516495226,0.0,0.0,-0.7824883774308702,0.6226651902793379,0.2294633561523748,-0.00034228006642089134,0.0,0.0,0.0,0.014329172813744266
2026-08-24T01:48:58.086510,20.25,2.4647247378934254,2.6364417281587738,0.0,-1.795552439063319,0.0,0.0,-0.7819426498072779,0.6233503769248663,0.22946168820502766,-0.00033321252275792684,0.0,0.0,0.0,0.05650949651436196
2026-08-24T01:48:58.110019,20.26,2.464219202212648,2.6342054993758417,0.0,-1.7945783374221866,0.0,0.0,-0.7816389537610696,0.6237311487839136,0.2293306505619984,-0.00032381007550821703,0.0,0.0,0.0,0.07502173080059492
2026-08-24T01:48:58.143756,20.29,2.4626952593310016,2.627495827140112,0.0,-1.7932377254021603,0.0,0.0,-0.7812206874555659,0.6242549459086832,0.2294584116632578,-0.00031671684063783623,0.0,0.0,0.0,-0.004570074708088078
2026-08-24T01:48:58.175905,20.31,2.461689630060328,2.6230208185352706,0.0,-1.7918662845386713,0.0,0.0,-0.7807924394482225,0.6247904980875539,0.22945680891594578,-0.00030828519560571895,0.0,0.0,0.0,0.01863525384211002
2026-08-24T01:48:58.203346,20.33,2.460690071491718,2.6185444501192583,0.0,-1.7901254470469936,0.0,0.0,-0.7802483143797372,0.6254698776980222,0.22945522293463552,-0.0002996908201166479,0.0,0.0,0.0,0.05742786221786296
2026-08-24T01:48:58.229897,20.35,2.459696586340709,2.614066729842498,0.0,-1.7883858479372141,0.0,0.0,-0.7797039858782103,0.6261483006490008,0.2294536571106927,-0.00029122307948266726,0.0,0.0,0.0,-0.0040716215304389125
2026-08-24T01:48:58.256749,20.37,2.4587091688796816,2.609587667691766,0.0,-1.7876559113355874,0.0,0.0,-0.7794754096729284,0.6264328261794879,0.22945210814810596,-0.00028422882340507663,0.0,0.0,0.0,0.033907143492857006
2026-08-24T01:48:58.286817,20.39,2.45772784495386,2.6051072664666384,0.0,-1.7859099924652975,0.0,0.0,-0.7789282622935004,0.6271130378172884,0.22945058426180043,-0.0002759835007943712,0.0,0.0,0.0,0.07104796957228483
2026-08-24T01:48:58.322463,20.41,2.4567525980147584,2.6006255385914883,0.0,-1.785129135025073,0.0,0.0,-0.7786833599911975,0.6274171059772112,0.22944907674567416,-0.00026788978529087323,0.0,0.0,0.0,0.0011610738728534062
2026-08-24T01:48:58.348932,20.43,2.4557834284161366,2.5961424926284375,0.0,-1.7837374469418799,0.0,0.0,-0.7782465870528225,0.6279587962124853,0.2294475875416665,-0.0002600905710009916,0.0,0.0,0.0,0.0236461663625914
2026-08-24T01:48:58.381253,20.45,2.454820346204497,2.591658134947392,0.0,-1.7819374800855425,0.0,0.0,-0.7776811194407118,0.6286589508353804,0.22944611813511145,-0.00025215454937364807,0.0,0.0,0.0,0.06137457706523382
2026-08-24T01:48:58.415807,20.48,2.3069642724882864,1.5928337724651644,0.0,-1.7796499815769373,0.0,0.0,-0.7769615827247233,0.6295480116479544,0.22933065325457389,0.07454243208713213,0.0,0.0,0.0,0.013992862371095444
2026-08-24T01:48:58.441980,20.49,2.4529124417269363,2.5826855196668412,0.0,-1.7793141115831448,0.0,0.0,-0.7768558486258396,0.6296784818110165,0.22944323390536267,-0.0002368370754608328,0.0,0.0,0.0,0.051564872075811015
2026-08-24T01:48:58.473295,20.51,2.45196762611397,2.5781972778962805,0.0,-1.7783088890470704,0.0,0.0,-0.7765392670150486,0.6300688587636522,0.22944181867383373,-0.0002293624931637156,0.0,0.0,0.0,-0.00022076187930442732
2026-08-24T01:48:58.499226,20.53,2.451030690004737,2.5737073832648734,0.0,-1.776171202755992,0.0,0.0,-0.7758653787932142,0.6308984973750232,0.2294404215670126,-0.00022223230096738269,0.0,0.0,0.0,0.04203440610163568
2026-08-24T01:48:58.525730,20.55,2.450103449270202,2.5692154751854477,0.0,-1.7739091211222637,0.0,0.0,-0.775151310729393,0.6317756290602732,0.22943904156347814,-0.00021354416866212867,0.0,0.0,0.0,-0.0038180031994216324
2026-08-24T01:48:58.557447,20.57,2.4491816825367603,2.5647224432672333,0.0,-1.7731786677624577,0.0,0.0,-0.774920517720157,0.6320586928571775,0.22943767622773342,-0.00020755045316493502,0.0,0.0,0.0,0.0204022160960961
2026-08-24T01:48:58.581084,20.59,2.4482660255531195,2.560228162139131,0.0,-1.77141021293447,0.0,0.0,-0.7743613312305778,0.6327436516432285,0.22943633376121825,-0.00020047985596204516,0.0,0.0,0.0,-0.0019590681564493825
2026-08-24T01:48:58.607707,20.6,2.4478132775590167,2.5579805254674195,0.0,-1.7704446916395173,0.0,0.0,-0.7740557772720001,0.6331174090734196,0.22933064809493897,-0.0001944578657002714,0.0,0.0,0.0,-0.0005471027102982548
2026-08-24T01:48:58.644862,20.63,2.446452966488877,2.5512359022325612,0.0,-1.7686833561929447,0.0,0.0,-0.7734979111074685,0.6337988494091661,0.22943369361139576,-0.00018751607981046164,0.0,0.0,0.0,-0.0013930673602534915
2026-08-24T01:48:58.667162,20.65,2.445555563667238,2.546737940720177,0.0,-1.7675759827543918,0.0,0.0,-0.7731468665545573,0.63422702775652,0.22943239615553426,-0.00018164608949914108,0.0,0.0,0.0,0.03469737331873271
2026-08-24T01:48:58.698782,20.67,2.4446642564386254,2.5422387672777482,0.0,-1.7658544847695887,0.0,0.0,-0.7726006699389517,0.6348922781148649,0.22943111959522347,-0.00017505341133420538,0.0,0.0,0.0,0.0714142470465324
2026-08-24T01:48:58.725804,20.68,2.4442234309228077,2.5399887358727824,0.0,-1.7650294132736728,0.0,0.0,-0.7723386884427472,0.6352109494762642,0.22933065052193893,-0.0001687386613155659,0.0,0.0,0.0,-0.003876548395944729
2026-08-24T01:48:58.751971,20.71,2.4428999166451635,2.5332368216120407,0.0,-1.7634732870283774,0.0,0.0,-0.7718442204976802,0.6358116853946052,0.22942860999095832,-0.0001624216889046125,0.0,0.0,0.0,0.03854845508165969
2026-08-24T01:48:58.782035,20.73,2.4420268931052713,2.5287340647102416,0.0,-1.76233661292245,0.0,0.0,-0.7714827405220746,0.6362502503548029,0.2294273784529742,-0.0001561445954876203,0.0,0.0,0.0,-0.005784666711656106
2026-08-24T01:48:58.814765,20.74,2.441595023881639,2.5264822784607093,0.0,-1.760966827182073,0.0,0.0,-0.7710467963531414,0.6367784841163818,0.2293306507460478,-0.00015051103683770886,0.0,0.0,0.0,0.01943519614533408
2026-08-24T01:48:58.848575,20.77,2.4402991306056983,2.519725027207842,0.0,-1.7596280159748316,0.0,0.0,-0.7706203605449267,0.6372944844525231,0.2294249620759275,-0.00014420931449722046,0.0,0.0,0.0,0.01603795135482202
2026-08-24T01:48:58.883808,20.79,2.439444403336999,2.5152187614827715,0.0,-1.7579111569071024,0.0,0.0,-0.7700730042693517,0.6379557728366247,0.22942377666665717,-0.00013824458796587872,0.0,0.0,0.0,0.0526242110035033
2026-08-24T01:48:58.912034,20.8,2.4390215061037672,2.512965255034371,0.0,-1.7569044599692323,0.0,0.0,-0.7697517926686822,0.6383433070717904,0.2293306505109213,-0.0001326710082508595,0.0,0.0,0.0,0.07081891441509232
2026-08-24T01:48:58.944382,20.83,2.437753238532079,2.5062027823068123,0.0,-1.7556326091645174,0.0,0.0,-0.7693456983274134,0.6388326826838969,0.22942144737292636,-0.0001278537159786171,0.0,0.0,0.0,-0.011875124233011894
2026-08-24T01:48:58.973524,20.85,2.436916819591944,2.5016930823868333,0.0,-1.7539977964175657,0.0,0.0,-0.76882325545878,0.6394613372720538,0.22942030913562486,-0.00012244828286468975,0.0,0.0,0.0,-0.001930542539346533
2026-08-24T01:48:59.002241,20.86,2.4365029231352553,2.4994378881384134,0.0,-1.7528411885560642,0.0,0.0,-0.7684533239136183,0.6399058438286931,0.2293306480711943,-0.00011772536027491444,0.0,0.0,0.0,0.00022856671049702358
2026-08-24T01:48:59.029973,20.88,2.4356756153508576,2.4949265049342686,0.0,-1.7514857435684523,0.0,0.0,-0.7680194688842485,0.6404264949350212,0.22933065050646909,-0.00011222737112474845,0.0,0.0,0.0,-0.0006420528795643952
2026-08-24T01:48:59.059759,20.91,2.434444226871097,2.488157242577418,0.0,-1.750129401095887,0.0,0.0,-0.767584973477421,0.6409471963365366,0.22941697034511785,-0.00010644626697165011,0.0,0.0,0.0,0.017800232664452437
2026-08-24T01:48:59.094750,20.92,2.4340393387620782,2.4859003979162324,0.0,-1.7487777430132396,0.0,0.0,-0.7671516274859049,0.6414658061391327,0.22933065050259083,-0.00010151748532378813,0.0,0.0,0.0,0.03556319022937558
2026-08-24T01:48:59.118970,20.96,2.7252796504096173,4.461060456570153,0.0,-1.7461062814551824,0.0,0.0,-0.7662941177528053,0.6424899416313455,0.22933064547974785,-0.07061651254493016,0.0,0.0,0.0,0.03222177269329692
2026-08-24T01:48:59.144437,20.97,2.432026504219832,2.47461149535434,0.0,-1.746104036631986,0.0,0.0,-0.7662933966141604,0.6424908017283462,0.22941375604715383,-9.147747722124404e-05,0.0,0.0,0.0,0.01786088413543318
2026-08-24T01:48:59.175443,20.99,2.431232377155948,2.47009415645256,0.0,-1.7444668690705858,0.0,0.0,-0.7657672073846549,0.6431178617441028,0.22941271144488262,-8.650347200620054e-05,0.0,0.0,0.0,-0.003110838233935362
2026-08-24T01:48:59.205515,21.01,2.430444028852305,2.465575805570628,0.0,-1.7436103828889964,0.0,0.0,-0.7654917263943702,0.6434457372784178,0.22941167721755293,-8.238001235099106e-05,0.0,0.0,0.0,0.017109313494268724
2026-08-24T01:48:59.234566,21.03,2.4296614804080368,2.4610564464839078,0.0,-1.741911123051893,0.0,0.0,-0.7649447594176655,0.6440958896309228,0.22941066137655378,-7.748212299888392e-05,0.0,0.0,0.0,-0.0014194516858788003
2026-08-24T01:48:59.261604,21.05,2.428884713012957,2.4565360902643665,0.0,-1.7410416182190813,0.0,0.0,-0.7646646648910979,0.6444283903328477,0.22940965336707436,-7.348355978840845e-05,0.0,0.0,0.0,0.018731897477825946
2026-08-24T01:48:59.295158,21.07,2.428113744706674,2.4520147412880884,0.0,-1.7393379281392451,0.0,0.0,-0.7641154343939944,0.645079532244573,0.22940866257026274,-6.872947863032647e-05,0.0,0.0,0.0,-0.0017650373939511813
2026-08-24T01:48:59.321553,21.1,1.8412654712029621,-1.523148096796887,0.0,-1.737137470532451,0.0,0.0,-0.7634052369732,0.6459198434495509,0.2293306709957639,0.09901937209391852,0.0,0.0,0.0,0.01776489406155071
2026-08-24T01:48:59.348934,21.11,2.4265891772871613,2.442969104220641,0.0,-1.7367889836677681,0.0,0.0,-0.7632926780944426,0.6460528519923224,0.2294067138623959,-6.039981368497196e-05,0.0,0.0,0.0,-0.0027962354025584044
2026-08-24T01:48:59.387459,21.13,2.4258355809669467,2.438444827403063,0.0,-1.7359276750488066,0.0,0.0,-0.7630143818768548,0.6463815073538856,0.22940575503139515,-5.671947852518685e-05,0.0,0.0,0.0,0.016516989135881725
2026-08-24T01:48:59.412339,21.15,2.425128205177983,2.434126732724871,0.0,-1.7323850288907634,0.0,0.0,-0.7618682349826574,0.6477320375930237,0.21880717707681036,-5.252086868868505e-05,0.0,0.0,0.0,-0.0013473025064762445
2026-08-24T01:48:59.447284,21.16,2.4247895804968227,2.431997119373124,0.0,-1.7297478052971116,0.0,0.0,-0.7610134657800408,0.6487360826264026,0.21563975787992012,-4.49122434432152e-05,0.0,0.0,0.0,0.015650417941575557
2026-08-24T01:48:59.474438,21.19,2.423749099725494,2.425631470963444,0.0,-1.7355872390684313,0.0,0.0,-0.7629043450624577,0.6465113767636439,0.21467414007005853,-4.067319857643474e-05,0.0,0.0,0.0,-0.00023139572215323534
2026-08-24T01:48:59.501970,21.21,2.422985600454174,2.4214117740456516,0.0,-1.7497594096377325,0.0,0.0,-0.7674663878495196,0.6410891853098215,0.21438822531232377,-5.641577563429668e-05,0.0,0.0,0.0,0.0011764244494382491
2026-08-24T01:48:59.531657,21.23,2.4221641382172736,2.4172009592849557,0.0,-1.7632533380266715,0.0,0.0,-0.7717742927575907,0.6358965647324419,0.2144876086884784,-7.128462765230493e-05,0.0,0.0,0.0,-0.0002735773186338386
2026-08-24T01:48:59.555988,21.25,2.421286412981997,2.4130076806290583,0.0,-1.7770938958148381,0.0,0.0,-0.7761563590472387,0.6305404874475024,0.21427710785108386,-8.612685306486925e-05,0.0,0.0,0.0,0.00032344575071204077
2026-08-24T01:48:59.588002,21.27,2.420351142135198,2.408825130014386,0.0,-1.7905845213832545,0.0,0.0,-0.7803918624083611,0.6252907652339106,0.21426962879464478,-0.00010052306476990285,0.0,0.0,0.0,-0.01635278589535086
2026-08-24T01:48:59.616172,21.29,2.4193510601778585,2.4046576445264396,0.0,-1.8070515197153196,0.0,0.0,-0.7855136838034762,0.6188442878119603,0.21426755528932115,-0.00011511433677496036,0.0,0.0,0.0,-0.02721388193766556
2026-08-24T01:48:59.639213,21.31,2.418270844433974,2.4005101689551793,0.0,-1.8259332132780253,0.0,0.0,-0.7913210051224749,0.6114009051775733,0.21426710064546353,-0.0001354829904860211,0.0,0.0,0.0,-0.05209795256844357
2026-08-24T01:48:59.675561,21.33,2.41711353688189,2.396383549181055,0.0,-1.8448148631778527,0.0,0.0,-0.7970577836661379,0.6039030464381051,0.21426712972925274,-0.00015553283325012585,0.0,0.0,0.0,-0.04153473540203041
2026-08-24T01:48:59.695957,21.35,2.4158795334637,2.3922792167872364,0.0,-1.8632254264066044,0.0,0.0,-0.8025830327785362,0.596540422348735,0.21426730190906784,-0.00017481999426128002,0.0,0.0,0.0,-0.04113822707994052
2026-08-24T01:48:59.728269,21.37,2.4145692305313275,2.3881986059299956,0.0,-1.8816917518476255,0.0,0.0,-0.8080566989298008,0.5891047201598993,0.2142675335873849,-0.00019409273655167519,0.0,0.0,0.0,-0.014571373815526036
2026-08-24T01:48:59.760868,21.39,2.41318462042276,2.3841427611529333,0.0,-1.899757416257051,0.0,0.0,-0.8133449453756507,0.5817817458737251,0.2142677380240996,-0.00021294300605902516,0.0,0.0,0.0,-0.0026391795214726326
2026-08-24T01:48:59.789817,21.41,2.4117290135452274,2.3801116426008346,0.0,-1.9173109542413322,0.0,0.0,-0.8184197173469993,0.5746208891588069,0.21427147258617515,-0.00023022927708284767,0.0,0.0,0.0,-0.013210145390064217
2026-08-24T01:48:59.821209,21.43,2.4102024795378334,2.3761070009077625,0.0,-1.9350473695795736,0.0,0.0,-0.8234833257869818,0.5673404728651144,0.2142681847167094,-0.0002475088859411958,0.0,0.0,0.0,-0.014806160455306132
2026-08-24T01:48:59.850515,21.45,2.4086055513579,2.372130179864033,0.0,-1.9527498413648259,0.0,0.0,-0.8284726671407479,0.560029499045091,0.21426840480455564,-0.00026443620095496133,0.0,0.0,0.0,0.00020383745826271608
2026-08-24T01:48:59.878287,21.47,2.406938438253664,2.3681816590459728,0.0,-1.970238403314212,0.0,0.0,-0.8333379867049188,0.5527637831068463,0.21428065206658226,-0.0002808482952098465,0.0,0.0,0.0,0.0022470658601498068
2026-08-24T01:48:59.915686,21.49,2.405222517545372,2.364254550896792,0.0,-1.9825194282476009,0.0,0.0,-0.8367165074484464,0.5476362717746825,0.21426883558835116,-0.0002906173089796767,0.0,0.0,0.0,0.0015587018708494785
2026-08-24T01:48:59.948689,21.51,2.403457799033332,2.360348997387266,0.0,-1.9949717793185724,0.0,0.0,-0.8401099472617963,0.5424161469865936,0.21426904715497744,-0.0003004478462855067,0.0,0.0,0.0,0.001022059631517927
2026-08-24T01:48:59.978546,21.53,2.4016446421412163,2.356465695857565,0.0,-2.0075942008973238,0.0,0.0,-0.8435164958607992,0.5371032686650847,0.21426925663042196,-0.0003101066944415315,0.0,0.0,0.0,0.018806690260732013
2026-08-24T01:49:00.008831,21.56,2.691683856538604,4.334875741995946,0.0,-2.0324568622256893,0.0,0.0,-0.8501280553938632,0.526576005370781,0.21428570891739585,-0.7007084732269998,0.0,0.0,0.0,0.018194225919312367
2026-08-24T01:49:00.037779,21.57,2.397874271268628,2.3487681846868016,0.0,-2.0324507103585874,0.0,0.0,-0.8501264356770394,0.526578620305698,0.21426966887285404,-0.0003280167057200009,0.0,0.0,0.0,0.018223418218801194
2026-08-24T01:49:00.062744,21.59,2.395937183730652,2.3449452048533566,0.0,-2.03805239184604,0.0,0.0,-0.8515979621082398,0.5241954892338286,0.21426987054997054,-0.0003367431922725643,0.0,0.0,0.0,0.018349807906624698
2026-08-24T01:49:00.095858,21.6,2.3949770128558967,2.343029408048905,0.0,-2.0370857799123923,0.0,0.0,-0.8513445158502666,0.5246070103722167,0.2142857137746867,-0.00032763244266176375,0.0,0.0,0.0,0.036032918072264566
2026-08-24T01:49:00.120286,21.63,2.3920876246578797,2.3372868481375937,0.0,-2.0353732458251113,0.0,0.0,-0.8508950001113071,0.5253357962156954,0.21427026633127483,-0.0003202526209553694,0.0,0.0,0.0,-0.0023759160681444402
2026-08-24T01:49:00.148592,21.64,2.3911314194046613,2.3353690708880883,0.0,-2.034814339760062,0.0,0.0,-0.8507481602069761,0.5255735608879555,0.21428571102042654,-0.0003125471211275781,0.0,0.0,0.0,0.006460096734078614
2026-08-24T01:49:00.178866,21.67,2.388256704772709,2.3296191493517084,0.0,-2.0331301641481754,0.0,0.0,-0.8503052795347396,0.526289779109711,0.21427065245908664,-0.00030492932893495074,0.0,0.0,0.0,0.06843521229702501
2026-08-24T01:49:00.208085,21.69,2.3863491338603917,2.325781367332111,0.0,-2.031414515321601,0.0,0.0,-0.8498535025151647,0.5270189980092814,0.21427084152146134,-0.00029639527633528275,0.0,0.0,0.0,-8.774515945543515e-05
2026-08-24T01:49:00.231257,21.71,2.384446857084164,2.321940958610482,0.0,-2.0307248807857974,0.0,0.0,-0.8496717267443965,0.5273120108353265,0.21427102575179643,-0.00028927513724448224,0.0,0.0,0.0,0.017274449035580963
2026-08-24T01:49:00.265066,21.73,2.382549901032771,2.3180979189881485,0.0,-2.0289897927834057,0.0,0.0,-0.849213940684724,0.5280489399162941,0.21427121307068459,-0.00028117167520459014,0.0,0.0,0.0,0.051848022092973754
2026-08-24T01:49:00.294739,21.75,2.3806582620611363,2.31425225954098,0.0,-2.0272662084202477,0.0,0.0,-0.8487585569436091,0.5287805896730724,0.2142713953378818,-0.000273200451298384,0.0,0.0,0.0,-0.0034023550498777366
2026-08-24T01:49:00.321591,21.77,2.378771935248188,2.310403991848155,0.0,-2.026660813171746,0.0,0.0,-0.8485984574336969,0.5290374826429127,0.21427157255703072,-0.0002664762073770592,0.0,0.0,0.0,0.016115079592840822
2026-08-24T01:49:00.352555,21.78,2.3778337661196827,2.308477335500706,0.0,-2.0251858012785906,0.0,0.0,-0.8482080583969415,0.5296631851190818,0.2142857136978105,-0.0002584195514800836,0.0,0.0,0.0,0.03303966246043349
2026-08-24T01:49:00.387946,21.81,2.375015272134748,2.3026996414254133,0.0,-2.023873829133545,0.0,0.0,-0.8478604242498189,0.5302194837903612,0.21427192611174817,-0.00025166602372535116,0.0,0.0,0.0,0.01698305324200493
2026-08-24T01:49:00.411485,21.82,2.374082301975113,2.3007704645460683,0.0,-2.022420494451257,0.0,0.0,-0.84747490724682,0.5308354562263093,0.2142857136475341,-0.00024391399627792605,0.0,0.0,0.0,0.033733040843333124
2026-08-24T01:49:00.438009,21.85,2.371279925753657,2.2949849338623656,0.0,-2.0208827644618643,0.0,0.0,-0.8470665159929804,0.5314868930495971,0.21427227055820094,-0.00023732150617234858,0.0,0.0,0.0,0.0323093773704361
2026-08-24T01:49:00.469105,21.87,2.369420259207488,2.2911237126369013,0.0,-2.019158849759474,0.0,0.0,-0.8466080823424941,0.5322168307300744,0.21427244182938301,-0.00023003666237883297,0.0,0.0,0.0,-0.0010718245516069744
2026-08-24T01:49:00.495534,21.89,2.367565929047801,2.2872599260039275,0.0,-2.0183390990748835,0.0,0.0,-0.8463898686787862,0.5325637897922718,0.2142726063619892,-0.00022371479880396478,0.0,0.0,0.0,0.017338864726624752
2026-08-24T01:49:00.526229,21.91,2.365716953274877,2.2833935742588936,0.0,-2.0165511648767063,0.0,0.0,-0.8459134360282505,0.5333202215806924,0.21427277324027333,-0.00021655069416812847,0.0,0.0,0.0,-0.0011557944041070758
2026-08-24T01:49:00.556444,21.93,2.363873319540031,2.279524672559639,0.0,-2.015346698637388,0.0,0.0,-0.845592099546907,0.5338295619238914,0.21427293372237027,-0.00021024279707423804,0.0,0.0,0.0,0.03251243558043363
2026-08-24T01:49:00.580983,21.95,2.3620350436675253,2.275653222279255,0.0,-2.013628812161515,0.0,0.0,-0.84513325837894,0.5345556805252336,0.21427309664461808,-0.00020338665366420721,0.0,0.0,0.0,0.06545397518665312
2026-08-24T01:49:00.614099,21.97,2.3602021257511026,2.2717792325681105,0.0,-2.012752806187604,0.0,0.0,-0.8448990403336856,0.5349258001285946,0.21427325523746227,-0.00019664547148254695,0.0,0.0,0.0,0.04740462584401081
2026-08-24T01:49:00.643200,21.99,2.3583745715011677,2.267902709826209,0.0,-2.011474023738981,0.0,0.0,-0.8445568407884426,0.5354659117791207,0.21427341029702426,-0.00018960051994156954,0.0,0.0,0.0,-0.011703814032372903
2026-08-24T01:49:00.679488,22.01,2.3565523744294645,2.264023666064934,0.0,-2.010140463095669,0.0,0.0,-0.8441996149387185,0.5360289265863545,0.21427356669693404,-0.00018328140318861315,0.0,0.0,0.0,-0.02177518801855996
2026-08-24T01:49:00.712588,22.03,2.354735542684687,2.2601421065620286,0.0,-2.0085988110919426,0.0,0.0,-0.8437861791450915,0.5366794982889951,0.2142737193834581,-0.00017712933476107722,0.0,0.0,0.0,0.002606243322380742
2026-08-24T01:49:00.740792,22.05,2.35292408454579,2.25625803653797,0.0,-2.0072408746034074,0.0,0.0,-0.8434215963445899,0.5372522785615186,0.21427386928082962,-0.00017096829023684795,0.0,0.0,0.0,-0.009034790686650989
2026-08-24T01:49:00.770778,22.07,2.3511180017731546,2.2523714641077763,0.0,-2.00581655949466,0.0,0.0,-0.8430387742297748,0.5378527913334268,0.21427401902381948,-0.0001650210077343879,0.0,0.0,0.0,0.0160111422526295
2026-08-24T01:49:00.796585,22.09,2.349317300791441,2.2484823954385575,0.0,-2.004098098630112,0.0,0.0,-0.8425763236022197,0.5385769572725587,0.21427416579279202,-0.0001589060595119748,0.0,0.0,0.0,0.0500836958221691
2026-08-24T01:49:00.826286,22.11,2.347521981937106,2.2445908393564267,0.0,-2.0023800822101796,0.0,0.0,-0.8421133707646676,0.5393005384564059,0.21427431094544658,-0.0001528838833915866,0.0,0.0,0.0,-0.0025081591240293383
2026-08-24T01:49:00.857975,22.13,2.3457320381054725,2.240696808238667,0.0,-2.001700604481459,0.0,0.0,-0.841930100816295,0.5395866059674417,0.214274451545241,-0.00014804430930960102,0.0,0.0,0.0,0.01859048937017359
2026-08-24T01:49:00.888193,22.15,2.3439474911793594,2.236800300882236,0.0,-2.000286407905309,0.0,0.0,-0.8415483496052815,0.5401817983573928,0.2142745957042243,-0.00014213316592551981,0.0,0.0,0.0,0.01633970217851302
2026-08-24T01:49:00.915374,22.17,2.342167918585332,2.23290151961813,0.0,-1.9987166919552533,0.0,0.0,-0.8411241244586659,0.5408421278466043,0.21427473555069057,-0.00013638717630555655,0.0,0.0,0.0,0.04936996422933586
2026-08-24T01:49:00.945551,22.19,2.340392490873469,2.229000849645354,0.0,-1.997285846925656,0.0,0.0,-0.8407369786004518,0.5414437485222112,0.21427487354175184,-0.0001310923360989925,0.0,0.0,0.0,-0.0024745601742675455
2026-08-24T01:49:00.974734,22.21,2.338621342156038,2.225098235011434,0.0,-1.996882224262703,0.0,0.0,-0.8406276919966952,0.5416134077442225,0.21427500708948852,-0.00012695561723889004,0.0,0.0,0.0,0.018244811852192892
2026-08-24T01:49:01.005392,22.22,2.3377390279862675,2.2231453915484884,0.0,-1.995747481539224,0.0,0.0,-0.8403202607731574,0.5420902686215027,0.21428571368063407,-0.00012204952685362625,0.0,0.0,0.0,-0.00035856549872596475
2026-08-24T01:49:01.032063,22.25,2.3350919253102393,2.217287174352823,0.0,-1.9943289203411088,0.0,0.0,-0.8399355553212086,0.5426861550723889,0.21427527719784822,-0.0001167083633338451,0.0,0.0,0.0,0.04913547201302697
2026-08-24T01:49:01.066781,22.27,2.33333365096972,2.213378742573121,0.0,-1.9929007909563201,0.0,0.0,-0.8395478281950687,0.5432857849906837,0.2142754083806752,-0.00011174019099975522,0.0,0.0,0.0,-0.0023499343898859965
2026-08-24T01:49:01.093386,22.29,2.3315796619203097,2.209468385932942,0.0,-1.9924509203308651,0.0,0.0,-0.8394256027993152,0.5434746151983607,0.2142755351976484,-0.00010791861932598132,0.0,0.0,0.0,0.01562206570774354
2026-08-24T01:49:01.122678,22.31,2.329829976301916,2.2055561018071246,0.0,-1.9910333285718342,0.0,0.0,-0.8390401794035195,0.5440694600384309,0.21427566582167346,-0.00010312084644264368,0.0,0.0,0.0,0.048446177205042844
2026-08-24T01:49:01.152221,22.33,2.328084587631302,2.2016418988826127,0.0,-1.989617216013885,0.0,0.0,-0.8386547373145871,0.5446634112732385,0.2142757921196771,-9.839336336517298e-05,0.0,0.0,0.0,-0.0023592754635330393
2026-08-24T01:49:01.181660,22.35,2.3263434881849983,2.1977257862836836,0.0,-1.9891411072868734,0.0,0.0,-0.8385250540508846,0.5448630412580404,0.21427591411523642,-9.478843117028676e-05,0.0,0.0,0.0,-0.002344059731235815
2026-08-24T01:49:01.213673,22.37,2.3246066998565156,2.193807759770648,0.0,-1.9878430988613236,0.0,0.0,-0.8381712590704652,0.5454071327625183,0.21427604020820812,-9.046095135600489e-05,0.0,0.0,0.0,0.037016397894343994
2026-08-24T01:49:01.236905,22.39,2.322874216472607,2.1898878278784943,0.0,-1.9869609120320193,0.0,0.0,-0.8379306020449766,0.5457767915151239,0.21427616157174098,-8.596465272919543e-05,0.0,0.0,0.0,0.015641080789683265
2026-08-24T01:49:01.268891,22.41,2.3211460381426297,2.185965996196119,0.0,-1.9855508167206075,0.0,0.0,-0.8375455951650871,0.546367436822108,0.21427628164868381,-8.15441348660772e-05,0.0,0.0,0.0,0.0470650010713944
2026-08-24T01:49:01.303751,22.44,2.3185630624855134,2.180079113265312,0.0,-1.983665167181429,0.0,0.0,-0.8370300942337933,0.5471568525998438,0.21428571108157088,-7.43817114905454e-05,0.0,0.0,0.0,-0.0018564421283078162
2026-08-24T01:49:01.327561,22.45,2.317702604333177,2.1781166526035576,0.0,-1.983667778136687,0.0,0.0,-0.8370308085341106,0.5471557598753147,0.21427651454730196,-7.393658669744152e-05,0.0,0.0,0.0,0.015810897420341235
2026-08-24T01:49:01.361507,22.47,2.3159873627006844,2.1741891458527784,0.0,-1.982254672639884,0.0,0.0,-0.8366440052304263,0.5477470296697102,0.21427663286108597,-6.97203858454286e-05,0.0,0.0,0.0,0.04674412107617635
2026-08-24T01:49:01.393857,22.49,2.314276434703547,2.170259758130118,0.0,-1.9808405643350928,0.0,0.0,-0.8362565093210463,0.548338445322028,0.2142767470038192,-6.558515042463865e-05,0.0,0.0,0.0,-0.0021315904129542013
2026-08-24T01:49:01.422503,22.51,2.3125698134126655,2.1663284981102096,0.0,-1.9803678019850095,0.0,0.0,-0.8361268690728684,0.5485361052970008,0.21427685701052493,-6.253734837317311e-05,0.0,0.0,0.0,0.019142116494134193
2026-08-24T01:49:01.455270,22.53,2.310867522412308,2.16239536103851,0.0,-1.9789250853404683,0.0,0.0,-0.8357309604799915,0.5491391096026497,0.21427697100453222,-5.8487654102623036e-05,0.0,0.0,0.0,0.04980867185194979
2026-08-24T01:49:01.477120,22.55,2.309169552109425,2.158460356832344,0.0,-1.9775214379070396,0.0,0.0,-0.8353453558383731,0.5497255101223353,0.21427708089700323,-5.455780120475678e-05,0.0,0.0,0.0,-0.0022297104843011922
2026-08-24T01:49:01.509199,22.57,2.3074758975461007,2.1545234932853847,0.0,-1.9770617861683035,0.0,0.0,-0.8352189926347661,0.5499174795750418,0.21427718670960608,-5.173724487728683e-05,0.0,0.0,0.0,-0.001527424865663096
2026-08-24T01:49:01.542607,22.59,2.305786575722212,2.150584768556227,0.0,-1.9757607966922761,0.0,0.0,-0.8348610975244909,0.5504606687495507,0.21427729679060964,-4.8154918047149816e-05,0.0,0.0,0.0,0.03683937687503559
2026-08-24T01:49:01.566518,22.61,2.3041015795211615,2.146644191459198,0.0,-1.974873479366609,0.0,0.0,-0.834616798724153,0.5508310079211652,0.21427740235918696,-4.441121024302338e-05,0.0,0.0,0.0,0.021802114462697517
2026-08-24T01:49:01.598660,22.63,2.302420911998375,2.142701766293373,0.0,-1.9737734459998113,0.0,0.0,-0.8343137062518924,0.5512899777433207,0.21427750683794788,-4.065945022251789e-05,0.0,0.0,0.0,0.001092625691982577
2026-08-24T01:49:01.623946,22.64,2.301583088326277,2.140729440345941,0.0,-1.972679873176511,0.0,0.0,-0.8340121436785782,0.5517460867071579,0.2142857307053276,-3.778301761470125e-05,0.0,0.0,0.0,0.015879896930188934
2026-08-24T01:49:01.656951,22.67,2.299072574570588,2.134811388845927,0.0,-1.971587727790949,0.0,0.0,-0.8337107258729693,0.5522014356775673,0.21427771184814343,-3.369833607430547e-05,0.0,0.0,0.0,0.0007851477965274157
2026-08-24T01:49:01.685911,22.69,2.297404912399271,2.130863444953753,0.0,-1.9703243562617185,0.0,0.0,-0.8333617417735498,0.5527279686682729,0.21427781112103675,-3.0391449472223425e-05,0.0,0.0,0.0,0.00045391646485251624
2026-08-24T01:49:01.713222,22.71,2.2957415881319676,2.126913671502877,0.0,-1.9692282784465829,0.0,0.0,-0.8330587002078839,0.553184600298988,0.21427790973134356,-2.7356415283154182e-05,0.0,0.0,0.0,0.03038639454202667
2026-08-24T01:49:01.745394,22.73,2.294082607758067,2.1229620715597144,0.0,-1.9678301909977727,0.0,0.0,-0.8326717964739909,0.5537668095478245,0.21427800981350428,-2.3998902521471887e-05,0.0,0.0,0.0,-0.00022050926406970428
2026-08-24T01:49:01.775687,22.75,2.2924279659198756,2.1190086531057672,0.0,-1.9670348492304504,0.0,0.0,-0.8324515137030546,0.5540978950812692,0.21427810446688492,-2.1464735520434526e-05,0.0,0.0,0.0,0.029893787236863124
2026-08-24T01:49:01.806730,22.77,2.2907776772826365,2.1150534154686182,0.0,-1.9660798613448374,0.0,0.0,-0.8321868404248209,0.55449532245435,0.2142782022673488,-1.8217852184126558e-05,0.0,0.0,0.0,0.0007843105856377727
2026-08-24T01:49:01.832770,22.79,2.289131733990166,2.111096366526167,0.0,-1.9649718071792095,0.0,0.0,-0.8318795072963923,0.5549562913782594,0.21427833352110984,-1.5216573801983985e-05,0.0,0.0,0.0,0.01588977539008898
2026-08-24T01:49:01.862970,22.82,2.1402455094214186,1.1130618122243305,0.0,-1.9627872102924802,0.0,0.0,-0.8312728332594447,0.5558646208249051,0.21428744357487883,0.28670214093192237,0.0,0.0,0.0,0.001585938660960585
2026-08-24T01:49:01.891767,22.83,2.2858528864816705,2.1031768229557377,0.0,-1.962620841094647,0.0,0.0,-0.8312265910078928,0.5559337679988483,0.21428022016040624,-9.212674138105581e-06,0.0,0.0,0.0,0.0014861807102259667
2026-08-24T01:49:01.924931,22.85,2.284220005523125,2.0992143859888865,0.0,-1.9615220333698515,0.0,0.0,-0.830921033413255,0.5563903631726994,0.2142785707288451,-6.57695933995247e-06,0.0,0.0,0.0,0.03191035891398349
2026-08-24T01:49:01.957294,22.87,2.282592341059748,2.0952497845122595,0.0,-1.9598183201026866,0.0,0.0,-0.830446767165902,0.5570979868063625,0.21427866249195784,-3.6084266499491534e-06,0.0,0.0,0.0,0.06653478798405828
2026-08-24T01:49:01.991812,22.88,2.281781992160201,2.093266018493749,0.0,-1.9586185806732106,0.0,0.0,-0.8301124315600142,0.5575960464077204,0.2142857137802668,-5.589323019676764e-07,0.0,0.0,0.0,0.02695867358200784
2026-08-24T01:49:02.020191,22.91,2.2793552726681514,2.0873131103382745,0.0,-1.9573563268321776,0.0,0.0,-0.829760352382035,0.5581198416243962,0.21427883802810557,2.441907948441009e-06,0.0,0.0,0.0,0.03054176662838457
2026-08-24T01:49:02.054978,22.92,2.278549231009478,2.0853275920456062,0.0,-1.95642069675461,0.0,0.0,-0.8294991647393004,0.5585079549091516,0.2142857137822658,4.5805582529115485e-06,0.0,0.0,0.0,0.044679936996986296
2026-08-24T01:49:02.079292,22.95,2.2761356386151483,2.0793693485517735,0.0,-1.9554113435312865,0.0,0.0,-0.8292171932129089,0.5589265125936552,0.21427900822321275,7.212704687666512e-06,0.0,0.0,0.0,0.015956370626141407
2026-08-24T01:49:02.110679,22.97,2.274532364006626,2.0753948215775915,0.0,-1.95391992440328,0.0,0.0,-0.8288001658488422,0.5595447123232705,0.21427909448445556,1.0028481817035999e-05,0.0,0.0,0.0,-0.004407080392623681
2026-08-24T01:49:02.133447,22.99,2.2729334445089533,2.0714185406856322,0.0,-1.9530231798047037,0.0,0.0,-0.8285491981979837,0.5599162671020359,0.21427917563682003,1.2037207367342993e-05,0.0,0.0,0.0,0.029641684814959657
2026-08-24T01:49:02.164096,23.01,2.2713388946289395,2.067440505455828,0.0,-1.9515820021790071,0.0,0.0,-0.8281455137233489,0.5605131649657219,0.2142792600026849,1.4684568410279143e-05,0.0,0.0,0.0,-0.004837413680241862
2026-08-24T01:49:02.197898,23.02,2.270543646593483,2.065450641917857,0.0,-1.950933724960112,0.0,0.0,-0.8279637862637604,0.5607815694508674,0.21428571160428947,1.5753151528885515e-05,0.0,0.0,0.0,0.009834681235764593
2026-08-24T01:49:02.225193,23.05,2.2681628909570004,2.0594791996447888,0.0,-1.9492871169860708,0.0,0.0,-0.827501812004837,0.5614630452030761,0.21427942122459706,1.89934530578553e-05,0.0,0.0,0.0,0.019704208879439196
2026-08-24T01:49:02.252177,23.07,2.266581302367257,2.0554959936808332,0.0,-1.9484382341094175,0.0,0.0,-0.8272634292920732,0.5618142206779027,0.21427949812137806,2.0816979073558794e-05,0.0,0.0,0.0,0.04945765528016055
2026-08-24T01:49:02.282159,23.09,2.265003672365499,2.0515112181943573,0.0,-1.9477829860246347,0.0,0.0,-0.8270793210511154,0.5620852219100108,0.21427957842106968,2.3113132867807428e-05,0.0,0.0,0.0,0.013732297992945687
2026-08-24T01:49:02.314933,23.11,2.2634300436311054,2.0475248633291234,0.0,-1.9464921611109267,0.0,0.0,-0.8267163720093339,0.5626189120992332,0.21427965554109377,2.5351637711231127e-05,0.0,0.0,0.0,-0.0007081672273800861
2026-08-24T01:49:02.342708,23.13,2.26186041152966,2.043536930772114,0.0,-1.945637186575489,0.0,0.0,-0.8264757840558679,0.5629722714035198,0.2142797292127225,2.7000701353671756e-05,0.0,0.0,0.0,0.027934656869139284
2026-08-24T01:49:02.373434,23.15,2.260294790493036,2.039547421749702,0.0,-1.944348797387422,0.0,0.0,-0.8261129488989097,0.5635045657858927,0.2142798068839779,2.916219631505722e-05,0.0,0.0,0.0,-0.0006377146629022445
2026-08-24T01:49:02.403924,23.16,2.259513695362294,2.037551963362855,0.0,-1.9437642083686628,0.0,0.0,-0.8259482043207397,0.5637460099897345,0.21428571158099316,2.988349153285925e-05,0.0,0.0,0.0,0.01343360854039359
2026-08-24T01:49:02.445527,23.19,2.257435000643615,2.0322292047571233,0.0,-1.9425113539348389,0.0,0.0,-0.8255948964441538,0.5642632957807613,0.2142799432657583,3.227933176105888e-05,0.0,0.0,0.0,-0.013963103915443725
2026-08-24T01:49:02.472536,23.2,2.256396474915717,2.029561657261003,0.0,-1.9417697765049935,0.0,0.0,-0.8253856172334717,0.5645693782557826,0.21482626147687733,3.315608578209243e-05,0.0,0.0,0.0,-0.004742887056520507
2026-08-24T01:49:02.506697,23.23,2.254070319915622,2.023568730826962,0.0,-1.9410042732865442,0.0,0.0,-0.8251694669417033,0.5648852545669298,0.21428005626811805,3.5542026962083295e-05,0.0,0.0,0.0,-0.033087271279018775
2026-08-24T01:49:02.531594,23.25,2.2525246889128696,2.0195714348493277,0.0,-1.9397612130859971,0.0,0.0,-0.8248182143940544,0.5653980130879517,0.21428012702634472,3.721851337905296e-05,0.0,0.0,0.0,3.245945781478706e-05
2026-08-24T01:49:02.558796,23.26,2.252267730405377,2.0189049387429794,0.0,-1.9390925898743723,0.0,0.0,-0.8246291491873028,0.5656737277889305,0.21428571166899393,3.7449902730581334e-05,0.0,0.0,0.0,0.014032905289917375
2026-08-24T01:49:02.586322,23.29,2.2494454792640677,2.0115721948318837,0.0,-1.937333064858983,0.0,0.0,-0.8241311715901354,0.566398986592906,0.21428026664726416,4.1326685845661314e-05,0.0,0.0,0.0,-0.00020948946358616966
2026-08-24T01:49:02.614336,23.31,2.2479118963841573,2.0075702606741865,0.0,-1.9366104625345402,0.0,0.0,-0.8239264771920154,0.5666967091681011,0.214280332961692,4.246575472632356e-05,0.0,0.0,0.0,0.02763453029136815
2026-08-24T01:49:02.650528,23.33,2.246382340298925,2.0035667861870383,0.0,-1.9353288928123789,0.0,0.0,-0.8235631773905489,0.5672245524008842,0.21428040272071006,4.428229717940115e-05,0.0,0.0,0.0,-0.0005506093984128657
2026-08-24T01:49:02.677445,23.35,2.244856898296907,1.9995617424069183,0.0,-1.9345757429745472,0.0,0.0,-0.8233495164615713,0.5675346454116231,0.21428046730116262,4.535392602733508e-05,0.0,0.0,0.0,0.02703437959303115
2026-08-24T01:49:02.707716,23.37,2.24333578988479,1.9955550506436124,0.0,-1.9332274296068086,0.0,0.0,-0.8229667221151061,0.5680895829806403,0.2142805353972357,4.718939445653916e-05,0.0,0.0,0.0,-0.0006341636914856674
2026-08-24T01:49:02.736578,23.39,2.2418189683787215,1.9915467341087598,0.0,-1.9324290678835696,0.0,0.0,-0.8227398860639538,0.5684180502759147,0.21428059831214308,4.828792385743635e-05,0.0,0.0,0.0,0.02704224040376356
2026-08-24T01:49:02.770789,23.41,2.24030644825884,1.987536792434331,0.0,-1.931087519334248,0.0,0.0,-0.8223584207961528,0.5689697951083673,0.21428066475932567,5.0050645695296164e-05,0.0,0.0,0.0,-9.106456108656097e-05
2026-08-24T01:49:02.798848,23.43,2.238798219608285,1.9835252347653949,0.0,-1.9302872138075629,0.0,0.0,-0.8221306801275249,0.5692988185417683,0.21428072605076925,5.1093485681738635e-05,0.0,0.0,0.0,0.02672130399464482
2026-08-24T01:49:02.827970,23.45,2.237294295820094,1.9795120611760555,0.0,-1.9289485890462565,0.0,0.0,-0.8217494572597743,0.5698489532264372,0.21428079088981405,5.278808778702065e-05,0.0,0.0,0.0,-0.00038630570342960274
2026-08-24T01:49:02.858136,23.47,2.2357946669482036,1.9754972807933764,0.0,-1.928145413083172,0.0,0.0,-0.8215205465120543,0.5701789119728435,0.21428085059849436,5.376784137337763e-05,0.0,0.0,0.0,0.02628444807774901
2026-08-24T01:49:02.884117,23.48,2.235046489566091,1.973489254054002,0.0,-1.9272060568497518,0.0,0.0,-0.8212526553516357,0.5705646992917521,0.21428571378524516,5.4705561785434814e-05,0.0,0.0,0.0,0.03979166242958544
2026-08-24T01:49:02.916576,23.51,2.2328083211884158,1.9674629101686154,0.0,-1.9260062267806197,0.0,0.0,-0.8209102172472599,0.5710572784047644,0.2142809720349438,5.6318453588600875e-05,0.0,0.0,0.0,0.026061016337609075
2026-08-24T01:49:02.946426,23.53,2.2313216075781144,1.963443329214388,0.0,-1.9250653567018914,0.0,0.0,-0.8206414810664635,0.5714434001307926,0.2142810337768786,5.788537399958745e-05,0.0,0.0,0.0,0.013352842254486127
2026-08-24T01:49:02.974560,23.55,2.229839189171549,1.9594221316842115,0.0,-1.923732763271091,0.0,0.0,-0.8202605480716669,0.5719900639671712,0.21428109260307562,5.9420540442209414e-05,0.0,0.0,0.0,-0.0008749961783824228
2026-08-24T01:49:03.002999,23.57,2.2283610844278248,1.95539937717785,0.0,-1.9229269125196136,0.0,0.0,-0.8200300121822793,0.5723205213167974,0.2142811482408548,6.041201343384668e-05,0.0,0.0,0.0,0.012936465020196793
2026-08-24T01:49:03.030315,23.59,2.2268872965945725,1.9513750390544502,0.0,-1.9215867094063024,0.0,0.0,-0.81964631522721,0.5728698961670591,0.21428120804588613,6.188683657733484e-05,0.0,0.0,0.0,0.039312690876521256
2026-08-24T01:49:03.061542,23.61,2.2254178221120444,1.947349123962513,0.0,-1.920778223916346,0.0,0.0,-0.8194146697640736,0.5732011854274502,0.21428126468072356,6.332123536021974e-05,0.0,0.0,0.0,0.012831757706475867
2026-08-24T01:49:03.094495,23.63,2.2239526502420817,1.943321598439434,0.0,-1.9197053411216423,0.0,0.0,-0.8191070630327268,0.5736406708819559,0.2142813206050712,6.472097530092402e-05,0.0,0.0,0.0,-0.00024577654361010145
2026-08-24T01:49:03.119265,23.65,2.222491808041958,1.9392925430798529,0.0,-1.9185077699752542,0.0,0.0,-0.8187634284523077,0.5741310375071381,0.21428137538990258,6.59223270791865e-05,0.0,0.0,0.0,-0.00025505799083019344
2026-08-24T01:49:03.153621,23.67,2.2210352826754005,1.9352619251764098,0.0,-1.917429499959076,0.0,0.0,-0.8184537753321818,0.5745723780730314,0.21428142840963693,6.693487044012855e-05,0.0,0.0,0.0,0.025897248202686993
2026-08-24T01:49:03.188898,23.68,2.220308542422336,1.9332460440905073,0.0,-1.916490402605748,0.0,0.0,-0.8181838954176345,0.5749566186063305,0.21428571378527742,6.755682401371042e-05,0.0,0.0,0.0,0.03910537459690385
2026-08-24T01:49:03.213569,23.71,2.2181314906077385,1.9271858375297968,0.0,-1.9157608487513418,0.0,0.0,-0.8179741100789987,0.5752550349544715,0.2148257557514592,6.869977637046118e-05,0.0,0.0,0.0,-0.04235012045463125
2026-08-24T01:49:03.246285,23.73,2.2166897084499912,1.923155684044498,0.0,-1.914357950809436,0.0,0.0,-0.8175703968256225,0.5758286604836497,0.2142815476425836,6.967297186612641e-05,0.0,0.0,0.0,0.002889044369500574
2026-08-24T01:49:03.272084,23.75,2.2152504216991,1.9191188783849291,0.0,-1.9133617021142535,0.0,0.0,-0.81728346113066,0.5762358407477697,0.2142815987944955,7.077933081940919e-05,0.0,0.0,0.0,0.015084183462606213
2026-08-24T01:49:03.308054,23.76,2.214532268357386,1.917099923229754,0.0,-1.9122161550235464,0.0,0.0,-0.8169532744403433,0.5767038645450551,0.21428571345243422,7.142835449897254e-05,0.0,0.0,0.0,0.02816760515299092
2026-08-24T01:49:03.336135,23.79,2.2123848459067994,1.911040645887238,0.0,-1.9111550878401742,0.0,0.0,-0.8166471987098615,0.5771372045184195,0.21428170220318324,7.328355244866534e-05,0.0,0.0,0.0,-2.111606760404395e-05
2026-08-24T01:49:03.362920,23.81,2.210958551469406,1.9069992315133837,0.0,-1.910072669492266,0.0,0.0,-0.8163347271744057,0.5775790969288005,0.21428175203037209,7.428339042959948e-05,0.0,0.0,0.0,0.012818871652137643
2026-08-24T01:49:03.389496,23.83,2.209536586881194,1.902956291632519,0.0,-1.908745511142904,0.0,0.0,-0.8159512780107638,0.5781206724487555,0.21428180241629907,7.540379307653692e-05,0.0,0.0,0.0,-0.000980423978888291
2026-08-24T01:49:03.416271,23.85,2.2081189478467573,1.8989118330564019,0.0,-1.9079286447581145,0.0,0.0,-0.8157150862879454,0.5784538858044346,0.21428184914731233,7.599949383282826e-05,0.0,0.0,0.0,1.6662615416575553e-05
2026-08-24T01:49:03.445472,23.87,2.2067056422882083,1.8948658580915685,0.0,-1.9067322545723557,0.0,0.0,-0.8153689120859713,0.5789417390409329,0.21428189966169553,7.690777271414202e-05,0.0,0.0,0.0,0.025586042658633276
2026-08-24T01:49:03.475943,23.89,2.2052966688553073,1.8908183724851495,0.0,-1.9057964142788415,0.0,0.0,-0.815097924330151,0.5793232031885822,0.21428194806338924,7.795419800246708e-05,0.0,0.0,0.0,-5.7341260930519194e-05
2026-08-24T01:49:03.505194,23.91,2.203892027150943,1.8867693816133724,0.0,-1.9045923349733886,0.0,0.0,-0.8147490010943286,0.5798138194418909,0.21428199480222232,7.882016245763646e-05,0.0,0.0,0.0,0.025473754145598857
2026-08-24T01:49:03.536465,23.93,2.2024917227873204,1.882718888638092,0.0,-1.9032646580515549,0.0,0.0,-0.8143639188866817,0.5803545533684785,0.2142820421345548,7.981614264741254e-05,0.0,0.0,0.0,0.05122746277378189
2026-08-24T01:49:03.564264,23.95,2.201095755329952,1.8786668989610238,0.0,-1.9025940685140086,0.0,0.0,-0.8141692832681028,0.5806275727027642,0.21428208828657178,8.078624575177345e-05,0.0,0.0,0.0,9.689117681083289e-05
2026-08-24T01:49:03.594225,23.97,2.1997041255865817,1.8746134175310596,0.0,-1.9013829164194251,0.0,0.0,-0.8138175198521362,0.5811205076244668,0.21428213325282958,8.159112101743458e-05,0.0,0.0,0.0,0.025097671757315032
2026-08-24T01:49:03.622942,23.99,2.1983168361096728,1.870558448575201,0.0,-1.9000610035996155,0.0,0.0,-0.8134332467921328,0.5816582785564125,0.21428217885457504,8.251069789993429e-05,0.0,0.0,0.0,-0.00019256233523350097
2026-08-24T01:49:03.648811,24.01,2.1969338809847483,1.8665019993987964,0.0,-1.8992408376206311,0.0,0.0,-0.8131946502363412,0.5819918047764889,0.21428222115384438,8.276927600766957e-05,0.0,0.0,0.0,0.02463178402539172
2026-08-24T01:49:03.677763,24.03,2.1955552759821684,1.8624440696868347,0.0,-1.8979238159281588,0.0,0.0,-0.812811226032725,0.5825271760486187,0.21428226716126278,8.36427100315261e-05,0.0,0.0,0.0,-0.00021470370215859874
2026-08-24T01:49:03.703845,24.05,2.19418100958157,1.8583846686834438,0.0,-1.8973398476274392,0.0,0.0,-0.8126411026845755,0.5827644792088802,0.21428230833680764,8.386842531016509e-05,0.0,0.0,0.0,0.010719582248448448
2026-08-24T01:49:03.738779,24.07,2.1928110965328083,1.8543237964395154,0.0,-1.895925616915953,0.0,0.0,-0.8122288178416919,0.5833389644687621,0.2142823530913859,8.483143030483376e-05,0.0,0.0,0.0,-0.00013907527155401084
2026-08-24T01:49:03.762788,24.09,2.1914455251233425,1.8502614622301246,0.0,-1.8949632140362098,0.0,0.0,-0.8119480202651399,0.5837297425928543,0.214282393336809,8.519934725822391e-05,0.0,0.0,0.0,0.024315814767914994
2026-08-24T01:49:03.792409,24.1,2.1907641018352755,1.8482298202796692,0.0,-1.8940140841242432,0.0,0.0,-0.8116709111657627,0.5841149989234488,0.21428571378757827,8.534799406670037e-05,0.0,0.0,0.0,0.03660378727166445
2026-08-24T01:49:03.829111,24.13,2.1887274346405863,1.842132419127014,0.0,-1.8928220728371246,0.0,0.0,-0.8113226311885546,0.5845986555931176,0.21428247626282218,8.614873781315205e-05,0.0,0.0,0.0,0.02439455278493175
2026-08-24T01:49:03.862543,24.15,2.18737491971635,1.8380657192077539,0.0,-1.89150791544298,0.0,0.0,-0.8109383287480225,0.5851316321712271,0.21428251906596468,8.691139408103299e-05,0.0,0.0,0.0,5.37791073014493e-07
2026-08-24T01:49:03.891794,24.17,2.186026749326711,1.833997577025872,0.0,-1.8906811743663392,0.0,0.0,-0.8106963832925077,0.5854668001829373,0.21428255708434085,8.703638323912026e-05,0.0,0.0,0.0,0.024762142884177225
2026-08-24T01:49:03.923453,24.19,2.184682938388891,1.8299279926628278,0.0,-1.8893675105625416,0.0,0.0,-0.8103116551696831,0.5859991650985252,0.21428259887384932,8.776780202176012e-05,0.0,0.0,0.0,-0.0004804339969690305
2026-08-24T01:49:03.953889,24.21,2.1833434783440437,1.8258569742547033,0.0,-1.8885456583029905,0.0,0.0,-0.8100707843927671,0.586332093845533,0.21428263589061916,8.785410019795665e-05,0.0,0.0,0.0,0.024161595710634393
2026-08-24T01:49:03.987149,24.23,2.1820083807439477,1.8217845230264138,0.0,-1.8872301756064673,0.0,0.0,-0.8096849543307434,0.5868647840264587,0.2142826766880289,8.855230961068293e-05,0.0,0.0,0.0,-0.0003161042135513964
2026-08-24T01:49:04.018870,24.24,2.181342164460222,1.819747845273141,0.0,-1.8865230696591822,0.0,0.0,-0.8094774159403576,0.58715101386485,0.21428571166632399,8.798898735650471e-05,0.0,0.0,0.0,0.012135242106810345
2026-08-24T01:49:04.049964,24.27,2.179351255988106,1.8136353485962777,0.0,-1.8850911733947346,0.0,0.0,-0.8090568388429027,0.5877304071779249,0.21428275255829918,8.927401477369718e-05,0.0,0.0,0.0,-0.0001263763122806294
2026-08-24T01:49:04.074913,24.29,2.178029231471892,1.8095586348402726,0.0,-1.884267683778769,0.0,0.0,-0.8088147753248573,0.5880634823011888,0.21428278764745554,8.930735859188755e-05,0.0,0.0,0.0,0.023647750469388863
2026-08-24T01:49:04.105939,24.31,2.1767115740904655,1.805480507400172,0.0,-1.882952898025611,0.0,0.0,-0.8084280118375895,0.5885950642643227,0.2142828265332745,8.994033268051436e-05,0.0,0.0,0.0,-0.013095806472402799
2026-08-24T01:49:04.135596,24.33,2.175394931479612,1.801390750045531,0.0,-1.882611176274973,0.0,0.0,-0.8083274321697934,0.5887331843898287,0.21482324519150234,8.978545527432702e-05,0.0,0.0,0.0,-0.0003323035710399158
2026-08-24T01:49:04.164394,24.35,2.174087599919127,1.7973149579167464,0.0,-1.8812838428113472,0.0,0.0,-0.807936531554753,0.5892695147207904,0.2142828547426664,9.06760844979417e-05,0.0,0.0,0.0,-0.019742857320241496
2026-08-24T01:49:04.191796,24.37,2.1727829691689644,1.7932326444999485,0.0,-1.8801236585525205,0.0,0.0,-0.8075945650282351,0.5897380931709055,0.21428289230987135,9.09807107345153e-05,0.0,0.0,0.0,0.013207810856081822
2026-08-24T01:49:04.222795,24.39,2.1714826767691013,1.7891489472197388,0.0,-1.8787948715622216,0.0,0.0,-0.8072025686604449,0.5902745235464425,0.2142829275421182,9.155811929345991e-05,0.0,0.0,0.0,0.002585540671262019
2026-08-24T01:49:04.251876,24.41,2.1701867224665268,1.7850638650961463,0.0,-1.8778085584346007,0.0,0.0,-0.8069113727593061,0.5906725289969833,0.21428325312838875,9.165035956199967e-05,0.0,0.0,0.0,0.03564251054154523
2026-08-24T01:49:04.281895,24.42,2.169540043100469,1.7830209045799608,0.0,-1.8769314966738424,0.0,0.0,-0.8066522670351588,0.5910263277444067,0.21428571378701772,9.16490362416718e-05,0.0,0.0,0.0,-0.010978773215968015
2026-08-24T01:49:04.312833,24.45,2.1676078511557635,1.7768895928198856,0.0,-1.8763068807968242,0.0,0.0,-0.8064676454852193,0.5912782228236777,0.2142830305704336,9.200819619268894e-05,0.0,0.0,0.0,-0.02850155776093876
2026-08-24T01:49:04.340204,24.47,2.166324936008864,1.7728004030936722,0.0,-1.8751068322781164,0.0,0.0,-0.8061127190528753,0.591762016507633,0.2142830649741764,9.255714722705385e-05,0.0,0.0,0.0,-0.0185399041983264
2026-08-24T01:49:04.368743,24.49,2.165046365634528,1.7687098528169736,0.0,-1.8737595339348467,0.0,0.0,-0.8057138961825393,0.5923049193602501,0.21428309828109923,9.304097333621671e-05,0.0,0.0,0.0,-0.00020518239175983458
2026-08-24T01:49:04.397712,24.51,2.163772141532181,1.7646179466215275,0.0,-1.8725617374847914,0.0,0.0,-0.8053590213425081,0.592787353730018,0.21428313056531342,9.337942126359274e-05,0.0,0.0,0.0,0.023899424301211218
2026-08-24T01:49:04.433032,24.53,2.1625022732594057,1.7605246865179567,0.0,-1.871254797954925,0.0,0.0,-0.8049714808040808,0.5933135048960924,0.2142831636199371,9.383981174309851e-05,0.0,0.0,0.0,0.00015969439718578615
2026-08-24T01:49:04.456271,24.55,2.161236752612236,1.756430080221155,0.0,-1.8704357854764395,0.0,0.0,-0.8047284477337993,0.5936430959827208,0.214283193551711,9.367832031960956e-05,0.0,0.0,0.0,0.024109797006681248
2026-08-24T01:49:04.484074,24.57,2.1599755911323837,1.752334129111064,0.0,-1.8691347352657646,0.0,0.0,-0.8043420977498316,0.5941664663942255,0.21428322732616334,9.411961516829136e-05,0.0,0.0,0.0,-0.00011356482917654342
2026-08-24T01:49:04.515388,24.59,2.158718777112923,1.7482368419971979,0.0,-1.8683088652098447,0.0,0.0,-0.8040966770340598,0.5944985567541631,0.21428325644875795,9.393993417111894e-05,0.0,0.0,0.0,0.023669333526563065
2026-08-24T01:49:04.543354,24.6,2.1580916486785218,1.7461877939500121,0.0,-1.8673648237409226,0.0,0.0,-0.8038159718212801,0.59487804081594,0.21428571378715142,9.37876431486828e-05,0.0,0.0,0.0,0.03542659950323201
2026-08-24T01:49:04.574665,24.63,2.15621503877272,1.7400279924371151,0.0,-1.8666331816274588,0.0,0.0,-0.803598299127262,0.595172053812821,0.2148238213240725,9.398565992651364e-05,0.0,0.0,0.0,-0.04372852831023735
2026-08-24T01:49:04.600779,24.64,2.155593806075745,1.7379827801159946,0.0,-1.8652538466160342,0.0,0.0,-0.8031876372217293,0.5957261278592504,0.2142857143770861,9.351822771278993e-05,0.0,0.0,0.0,0.0010549171720819583
2026-08-24T01:49:04.633614,24.67,2.1537333634133944,1.7318293158619016,0.0,-1.8642786105137203,0.0,0.0,-0.8028970549322427,0.5961177058107998,0.21428333711211514,9.433902759173278e-05,0.0,0.0,0.0,0.009735927488655172
2026-08-24T01:49:04.667332,24.69,2.1524982805702875,1.727725425775602,0.0,-1.8629206930838436,0.0,0.0,-0.802492130590133,0.5966627023209251,0.21428336725570654,9.479409912979834e-05,0.0,0.0,0.0,-0.0003777799689033759
2026-08-24T01:49:04.692580,24.71,2.1512675540041553,1.7236202272153298,0.0,-1.861952723398725,0.0,0.0,-0.8022032609089539,0.5970510264517104,0.21428339519085915,9.47334800188112e-05,0.0,0.0,0.0,0.022653887632766656
2026-08-24T01:49:04.724044,24.73,2.1500411975251255,1.7195137209952542,0.0,-1.8606591572287663,0.0,0.0,-0.801816930638918,0.5975697530337228,0.2142834262128746,9.507655285712767e-05,0.0,0.0,0.0,-0.00012510572468336922
2026-08-24T01:49:04.749865,24.75,2.148819201833655,1.7154059150711884,0.0,-1.8598301937318038,0.0,0.0,-0.801569180015816,0.5979020401777972,0.21428345285175404,9.482882392652781e-05,0.0,0.0,0.0,0.02286983950881572
2026-08-24T01:49:04.781763,24.77,2.1476015782799545,1.7112968109828142,0.0,-1.858536698759143,0.0,0.0,-0.8011823207601181,0.5984203279480328,0.21428348335923805,9.51610725631743e-05,0.0,0.0,0.0,-0.00028182099287947515
2026-08-24T01:49:04.810043,24.79,2.1463883172346185,1.7071864167711048,0.0,-1.8577046060289133,0.0,0.0,-0.8009332808248903,0.5987536051391067,0.214283509277934,9.489771864931545e-05,0.0,0.0,0.0,0.02244883444015968
2026-08-24T01:49:04.840590,24.81,2.1451794312359076,1.703074733644594,0.0,-1.8564119189088741,0.0,0.0,-0.8005461130161788,0.5992711581034811,0.21428353907801723,9.520769168540626e-05,0.0,0.0,0.0,-0.00012743593478117127
2026-08-24T01:49:04.874374,24.83,2.14397491057369,1.698961769642844,0.0,-1.8556970217210642,0.0,0.0,-0.8003318532452219,0.5995572738955542,0.21428356429777162,9.493077805266644e-05,0.0,0.0,0.0,0.010861563276385286
2026-08-24T01:49:04.902198,24.85,2.142774767686134,1.6948475260412779,0.0,-1.8544111630796654,0.0,0.0,-0.7999462149091261,0.6000717067589191,0.21428359340510544,9.522727493118538e-05,0.0,0.0,0.0,-0.0007783021431563772
2026-08-24T01:49:04.932042,24.87,2.1415789438724215,1.6907320250597828,0.0,-1.8534727371954849,0.0,0.0,-0.7996645654500725,0.60044698580603,0.21428361768081688,9.508363345101859e-05,0.0,0.0,0.0,0.021788614425330997
2026-08-24T01:49:04.958390,24.89,2.1403873483660325,1.6866152977654065,0.0,-1.8525519162465554,0.0,0.0,-0.7993880286226454,0.6008150960942982,0.21428364637503708,9.531383503175399e-05,0.0,0.0,0.0,0.010877716415554508
2026-08-24T01:49:04.985396,24.91,2.139199996678369,1.6824973445044435,0.0,-1.8512965658730172,0.0,0.0,-0.7990107544498534,0.6013167337381159,0.21428367236147017,9.553424365412189e-05,0.0,0.0,0.0,0.03381515251641071
2026-08-24T01:49:05.017572,24.93,2.1380168888718405,1.678378169937612,0.0,-1.8504917111423365,0.0,0.0,-0.7987687034484818,0.6016382288312732,0.21428369802099584,9.574853500475485e-05,0.0,0.0,0.0,-0.0007111671752814243
2026-08-24T01:49:05.044023,24.95,2.1368380261647624,1.6742577784973987,0.0,-1.8493478592921881,0.0,0.0,-0.7984244803283324,0.6020949669382999,0.21428372289366082,9.58017306908153e-05,0.0,0.0,0.0,-0.00042182451484524056
2026-08-24T01:49:05.080677,24.97,2.1356633999783283,1.6701361432581792,0.0,-1.8483215861430238,0.0,0.0,-0.798115418276752,0.6025045884546649,0.21428539254762283,9.570763672603439e-05,0.0,0.0,0.0,0.00024151228837362287
2026-08-24T01:49:05.105428,24.99,2.134493034911357,1.6660133471277279,0.0,-1.8472835242181784,0.0,0.0,-0.797802592250976,0.6029187538944387,0.21428377107744706,9.562061840609189e-05,0.0,0.0,0.0,0.021910896968693257
2026-08-24T01:49:05.135109,25.01,2.133326917886239,1.661889330350763,0.0,-1.8460307347897364,0.0,0.0,-0.7974247706380981,0.6034183749048222,0.2142837973478238,9.57915759698833e-05,0.0,0.0,0.0,-0.013825248368680577
2026-08-24T01:49:05.163736,25.02,2.1327435959411396,1.6598218303549666,0.0,-1.8453489216753882,0.0,0.0,-0.7972190150240894,0.6036901871688993,0.21482041368486685,9.474077113028324e-05,0.0,0.0,0.0,-0.03365612685072148
2026-08-24T01:49:05.196852,25.05,2.131005878321098,1.6536325866893793,0.0,-1.8444434904474745,0.0,0.0,-0.7969456333641151,0.604051038788834,0.21428380150572734,9.566369308151625e-05,0.0,0.0,0.0,-0.02495875973060116
2026-08-24T01:49:05.221366,25.07,2.1298524535318037,1.649505002102042,0.0,-1.8432884257969566,0.0,0.0,-0.7965966414744526,0.6045111998893175,0.21428382715251718,9.552028960778955e-05,0.0,0.0,0.0,0.011401674880569973
2026-08-24T01:49:05.256679,25.08,2.1292769468122623,1.6474408636395668,0.0,-1.8422584768342627,0.0,0.0,-0.79628522801838,0.6049213466556761,0.21428571378989963,9.519644537628325e-05,0.0,0.0,0.0,0.022498466698875744
2026-08-24T01:49:05.281770,25.11,2.1275583651182153,1.6412462787835562,0.0,-1.8412280902649596,0.0,0.0,-0.7959734709399763,0.605331507159314,0.21428387405541865,9.580976253173208e-05,0.0,0.0,0.0,0.010830825920687515
2026-08-24T01:49:05.315009,25.13,2.1264177067213006,1.6371151480299906,0.0,-1.8399729696563505,0.0,0.0,-0.7955934322001921,0.6058309092807318,0.2142838971822066,9.593630146343092e-05,0.0,0.0,0.0,0.03327063917826939
2026-08-24T01:49:05.339996,25.15,2.1252813053944366,1.6329828441854806,0.0,-1.8391640425517075,0.0,0.0,-0.795348330609331,0.6061526482635793,0.2142839200139762,9.605350052287075e-05,0.0,0.0,0.0,-0.0004100103327823603
2026-08-24T01:49:05.374884,25.17,2.124149159523923,1.6288493724286572,0.0,-1.8380218061477849,0.0,0.0,-0.7950020161057948,0.6066067872911756,0.21428394375866655,9.601516886994184e-05,0.0,0.0,0.0,0.02154294641909213
2026-08-24T01:49:05.404212,25.19,2.123021276660121,1.6247147354254958,0.0,-1.8371130231920374,0.0,0.0,-0.7947262970880408,0.606967966796215,0.21428396482484957,9.610711974369642e-05,0.0,0.0,0.0,0.00011798680029395355
2026-08-24T01:49:05.435479,25.21,2.1218976550147755,1.6205789383945803,0.0,-1.8359642214889405,0.0,0.0,-0.7943775230856834,0.6074243581025167,0.21428398621992337,9.607448199892434e-05,0.0,0.0,0.0,0.021694016576670028
2026-08-24T01:49:05.467152,25.23,2.1207782977556167,1.6164419851252727,0.0,-1.8347118061149352,0.0,0.0,-0.7939969935561929,0.6079216842848485,0.21428400851511167,9.615856977918508e-05,0.0,0.0,0.0,-0.0004452226368043405
2026-08-24T01:49:05.491718,25.25,2.119663199200449,1.6123038819597049,0.0,-1.8339058533926653,0.0,0.0,-0.7937519510260709,0.6082415969352194,0.21428402784643819,9.567587455775982e-05,0.0,0.0,0.0,0.021703945742806444
2026-08-24T01:49:05.527605,25.27,2.118552371882987,1.608164630114484,0.0,-1.832656231712305,0.0,0.0,-0.7933717601717383,0.6087374230010816,0.21428405111490892,9.575654107474144e-05,0.0,0.0,0.0,-0.00027847253193426236
2026-08-24T01:49:05.550790,25.29,2.117445804666369,1.6040242374271332,0.0,-1.8318464115755981,0.0,0.0,-0.7931252112294096,0.6090586173040362,0.21428406990844132,9.527609972834353e-05,0.0,0.0,0.0,0.021554435631346312
2026-08-24T01:49:05.578593,25.31,2.116343508223382,1.5998827056173235,0.0,-1.830598741224431,0.0,0.0,-0.7927451047341938,0.6095532781635844,0.2142840926504952,9.53489933768702e-05,0.0,0.0,0.0,-0.0005896575052841899
2026-08-24T01:49:05.605756,25.33,2.1152454732627404,1.5957400419997696,0.0,-1.8297864028930528,0.0,0.0,-0.7924974576036432,0.6098752164924901,0.214284110923175,9.486106500350665e-05,0.0,0.0,0.0,0.01040785835036565
2026-08-24T01:49:05.634934,25.35,2.1141517109868326,1.5915962481732084,0.0,-1.8288625412738133,0.0,0.0,-0.7922156529095596,0.6102412304040756,0.2142841331513329,9.478726273092919e-05,0.0,0.0,0.0,-0.0002823798533476638
2026-08-24T01:49:05.665241,25.37,2.1130621796585305,1.5874513399398757,0.0,-1.827738620863715,0.0,0.0,-0.7918725965500819,0.6106863276945304,0.21428415121086983,9.470822551712519e-05,0.0,0.0,0.0,0.021242690023189854
2026-08-24T01:49:05.696985,25.39,2.111976800710519,1.5833053423847898,0.0,-1.8265162087061328,0.0,0.0,-0.7914991934665451,0.6111702109411165,0.21428417263453597,9.472867651871926e-05,0.0,0.0,0.0,-0.00019404713665219925
2026-08-24T01:49:05.724470,25.4,2.1114352777077294,1.5812320307709118,0.0,-1.8258352133075724,0.0,0.0,-0.7912910455371854,0.6114396791611318,0.21428571170680494,9.378236249140864e-05,0.0,0.0,0.0,0.010645225195610052
2026-08-24T01:49:05.757183,25.43,2.1098185365779836,1.5750100877684785,0.0,-1.8245114938925135,0.0,0.0,-0.7908861849637223,0.6119632688597649,0.21428421113444435,9.42173958304423e-05,0.0,0.0,0.0,-0.00021320426043525131
2026-08-24T01:49:05.778434,25.45,2.108745650499794,1.5708608398666974,0.0,-1.8237227322655227,0.0,0.0,-0.7906447768924509,0.6122751315974596,0.21428422792365295,9.36872435876949e-05,0.0,0.0,0.0,0.021269955470955955
2026-08-24T01:49:05.808807,25.46,2.1082103857393553,1.5687859040069818,0.0,-1.822822816522517,0.0,0.0,-0.7903691988489654,0.6126308264451312,0.21428571378848368,9.329628607909639e-05,0.0,0.0,0.0,0.03150912067263889
2026-08-24T01:49:05.843884,25.49,2.106612382193562,1.562559121983926,0.0,-1.8217115223053117,0.0,0.0,-0.7900286703083709,0.6130698982096474,0.21428426499112835,9.316582998032627e-05,0.0,0.0,0.0,-0.0002481532867561441
2026-08-24T01:49:05.870909,25.51,2.1055520006831814,1.5584066606471485,0.0,-1.8207091324185474,0.0,0.0,-0.7897213035621469,0.6134657795672905,0.2142842900576222,9.290067863895296e-05,0.0,0.0,0.0,0.021560803935296184
2026-08-24T01:49:05.901228,25.53,2.1044957907026585,1.5542531364585195,0.0,-1.8198179062917115,0.0,0.0,-0.7894478567979849,0.6138176287767143,0.21428430322888448,9.291007086937252e-05,0.0,0.0,0.0,0.009592633311407608
2026-08-24T01:49:05.925829,25.55,2.103443751808903,1.5500985537989174,0.0,-1.8186019135304834,0.0,0.0,-0.7890745120108398,0.6142974967349737,0.2142843209797461,9.2904570338935e-05,0.0,0.0,0.0,-0.00016639168663801565
2026-08-24T01:49:05.960927,25.57,2.102395884055798,1.5459429171461796,0.0,-1.8177004993136268,0.0,0.0,-0.7887975636266726,0.6146530758213331,0.21428433684419837,9.250445177082432e-05,0.0,0.0,0.0,0.021003162525876418
2026-08-24T01:49:05.988345,25.59,2.101352196445074,1.54178622862874,0.0,-1.8164816533719468,0.0,0.0,-0.7884228334680897,0.6151336730062409,0.21428435575283453,9.250199471394817e-05,0.0,0.0,0.0,-0.00029642198215469595
2026-08-24T01:49:06.019697,25.61,2.1004857552024214,1.5383214947838464,0.0,-1.8158552996008706,0.0,0.0,-0.7882301491591756,0.6153805586435956,0.21428436024151282,9.166684830898035e-05,0.0,0.0,0.0,0.020685833260085038
2026-08-24T01:49:06.052003,25.63,2.099277348157155,1.5334697176964998,0.0,-1.8144786171574954,0.0,0.0,-0.7878063706499969,0.6159229841167478,0.21428438981999196,9.217606413132125e-05,0.0,0.0,0.0,-0.0003471812228684826
2026-08-24T01:49:06.077101,25.65,2.0982461865422564,1.5293099039350315,0.0,-1.8136852166272621,0.0,0.0,-0.7875619718563381,0.6162354586404101,0.21428440436637422,9.163046844854981e-05,0.0,0.0,0.0,0.020270077921924288
2026-08-24T01:49:06.111684,25.67,2.0972192083293417,1.52514905557343,0.0,-1.8124674081578898,0.0,0.0,-0.7871865974992416,0.6167148941914465,0.2142844228931947,9.161303623018536e-05,0.0,0.0,0.0,-0.00041386194153893163
2026-08-24T01:49:06.137248,25.69,2.096196405084575,1.5209871790353273,0.0,-1.8116753490224855,0.0,0.0,-0.7869422984417406,0.6170265949886038,0.21428443702613034,9.106137375875488e-05,0.0,0.0,0.0,0.020439464258402033
2026-08-24T01:49:06.167877,25.71,2.0951777867183523,1.5168242762026678,0.0,-1.8104624722047005,0.0,0.0,-0.7865679651322534,0.6175037135335352,0.21428445514137204,9.104277321898592e-05,0.0,0.0,0.0,-0.0007274537637928687
2026-08-24T01:49:06.200489,25.73,2.094163344122001,1.5126603538876573,0.0,-1.8096679670403713,0.0,0.0,-0.7863225981300151,0.6178161309565029,0.21428446886987296,9.0489452768111e-05,0.0,0.0,0.0,0.020309234762199202
2026-08-24T01:49:06.225490,25.74,2.0936573376160936,1.5105780908119872,0.0,-1.8087619411426772,0.0,0.0,-0.78604263874741,0.6181722818689048,0.21428571378800157,9.011639422265478e-05,0.0,0.0,0.0,0.03033801572107189
2026-08-24T01:49:06.260051,25.77,2.0921470142320753,1.5043294615105023,0.0,-1.8077542081552855,0.0,0.0,-0.7857310626796067,0.6185682639291932,0.2142844999177506,8.992296888527612e-05,0.0,0.0,0.0,0.011475782718474884
2026-08-24T01:49:06.292244,25.79,2.091145129907692,1.5001624990662445,0.0,-1.806768064669578,0.0,0.0,-0.7854259686466303,0.6189556105049073,0.21428451724145942,8.99099361181988e-05,0.0,0.0,0.0,0.011000115555923859
2026-08-24T01:49:06.323667,25.81,2.09014743283807,1.4959945326978938,0.0,-1.8055216047779434,0.0,0.0,-0.7850400644641731,0.6194449912511094,0.2142845322807487,8.990922985388885e-05,0.0,0.0,0.0,0.03911212472060402
2026-08-24T01:49:06.346404,25.83,2.0891539248229622,1.4918255657921098,0.0,-1.8046642438869007,0.0,0.0,-0.7847744483852827,0.6197814656486392,0.21428454712829162,8.995306337669189e-05,0.0,0.0,0.0,0.01777647821656685
2026-08-24T01:49:06.377789,25.85,2.08816456408893,1.487655612739749,0.0,-1.803468783272262,0.0,0.0,-0.7844038460487097,0.6202504383746875,0.21428456179500838,8.990817513813177e-05,0.0,0.0,0.0,-0.00021601529284351675
2026-08-24T01:49:06.406598,25.87,2.0871792244591005,1.48348452948008,0.0,-1.8027719440871914,0.0,0.0,-0.7841876910362463,0.6205237023895548,0.21429328815684864,8.934192369785168e-05,0.0,0.0,0.0,0.010018503441380716
2026-08-24T01:49:06.435388,25.89,2.08619803022564,1.479312734775845,0.0,-1.801785650013201,0.0,0.0,-0.7838815862685621,0.6209103467563436,0.2142845898938647,8.92630623389442e-05,0.0,0.0,0.0,0.010815787254921584
2026-08-24T01:49:06.462469,25.91,2.0852208985953653,1.4751398991804507,0.0,-1.800612209340216,0.0,0.0,-0.7835171506398927,0.6213701591267026,0.2142846040161352,8.918094570166457e-05,0.0,0.0,0.0,0.030122750137567836
2026-08-24T01:49:06.488910,25.93,2.0842478494549384,1.4709661096970092,0.0,-1.7998343016105163,0.0,0.0,-0.7832754070538539,0.6216748641409104,0.21428461796528744,8.909198182097269e-05,0.0,0.0,0.0,0.010013989988165512
2026-08-24T01:49:06.517987,25.95,2.083278885583772,1.4667913699300443,0.0,-1.7986549602778914,0.0,0.0,-0.7829086874668031,0.6221366305635826,0.2142846317395653,8.89994809131439e-05,0.0,0.0,0.0,0.02962105836678871
2026-08-24T01:49:06.548992,25.97,2.082314007007086,1.462615684044353,0.0,-1.7978723000842567,0.0,0.0,-0.7826651667381231,0.6224429586514622,0.21428464534017497,8.889762817030521e-05,0.0,0.0,0.0,0.010184370869651738
2026-08-24T01:49:06.576397,25.99,2.0813532141739333,1.458439056189362,0.0,-1.7967085789034274,0.0,0.0,-0.7823028592408999,0.6228982552740958,0.21428465878291036,8.879399105715103e-05,0.0,0.0,0.0,0.029320282034658102
2026-08-24T01:49:06.609114,26.01,2.0803965088357246,1.4542614901299273,0.0,-1.79591541005413,0.0,0.0,-0.7820557659812076,0.6232084554108254,0.21428467203116902,8.869526015404765e-05,0.0,0.0,0.0,0.008146017060965937
2026-08-24T01:49:06.642545,26.03,2.0794438907073727,1.4500829901825205,0.0,-1.7947514497517096,0.0,0.0,-0.7816929386090755,0.6236634907774449,0.21428468514214535,8.855964287962993e-05,0.0,0.0,0.0,0.00023338571674270947
2026-08-24T01:49:06.668399,26.04,2.0789687638277354,1.4479934658686089,0.0,-1.793967394803994,0.0,0.0,-0.7814483853250612,0.6239698879536213,0.21428571219269124,8.778234037841295e-05,0.0,0.0,0.0,0.009262280866746212
2026-08-24T01:49:06.697855,26.07,2.0775509194827904,1.4417232045822845,0.0,-1.7927098922076934,0.0,0.0,-0.7810559090095681,0.6244611012715181,0.2142847108226492,8.798400603992436e-05,0.0,0.0,0.0,-0.00028545038384873017
2026-08-24T01:49:06.723100,26.09,2.0766105667876325,1.4375419272920789,0.0,-1.7919154318975545,0.0,0.0,-0.7808077926138922,0.6247713109557936,0.21428472133930118,8.739963622443614e-05,0.0,0.0,0.0,0.018620323640113467
2026-08-24T01:49:06.752741,26.11,2.075674308520135,1.4333597312177275,0.0,-1.7907539594023831,0.0,0.0,-0.7804448336220607,0.6252246489643813,0.21428473587799549,8.728959240234888e-05,0.0,0.0,0.0,-0.00016197329704074545
2026-08-24T01:49:06.784424,26.12,2.0752073731495537,1.431268361405222,0.0,-1.7900545906011915,0.0,0.0,-0.7802261546038289,0.6254975201166844,0.21428571169727914,8.641640989680078e-05,0.0,0.0,0.0,0.017789189794063374
2026-08-24T01:49:06.821533,26.15,2.073814054016447,1.4249925789256108,0.0,-1.7890874700513457,0.0,0.0,-0.7799235976424759,0.6258747333455932,0.21428476015130782,8.657275940039303e-05,0.0,0.0,0.0,0.00872762302083689
2026-08-24T01:49:06.847294,26.17,2.0728900723313246,1.420807653463586,0.0,-1.7879214827378873,0.0,0.0,-0.7795585841228597,0.6263293174683444,0.21428477229380005,8.647204055808373e-05,0.0,0.0,0.0,0.026291925750205974
2026-08-24T01:49:06.880508,26.19,2.071970183419525,1.4166218264474542,0.0,-1.7871262367475598,0.0,0.0,-0.7793094795645691,0.626639238366702,0.21428478412783392,8.635286148956328e-05,0.0,0.0,0.0,0.007668275125174351
2026-08-24T01:49:06.918342,26.21,2.0710543886949035,1.4124351018009038,0.0,-1.7859659081267634,0.0,0.0,-0.778945794709239,0.6270912604276925,0.2142847958233757,8.622637332313385e-05,0.0,0.0,0.0,-0.0017294386769582566
2026-08-24T01:49:06.948319,26.22,2.0705976990206314,1.4103414710542757,0.0,-1.7851632670950472,0.0,0.0,-0.7786940674000835,0.627403816848379,0.21428571374636654,8.547337390909946e-05,0.0,0.0,0.0,-0.0007041972940332489
2026-08-24T01:49:06.981078,26.26,2.361634543800469,3.386154017264857,0.0,-1.783206609318486,0.0,0.0,-0.7780798875646688,0.6281653353754506,0.21428570365457986,-0.15666363991661308,0.0,0.0,0.0,0.026039090491488847
2026-08-24T01:49:07.036387,26.29,2.0674321860984524,1.3956793030794141,0.0,-1.7820545134055077,0.0,0.0,-0.7777179051312942,0.6286134424574383,0.2142848411123303,8.53876323935829e-05,0.0,0.0,0.0,-0.001615661113350965
2026-08-24T01:49:07.065312,26.3,2.0669834389129322,1.3935839557692151,0.0,-1.78149897826741,0.0,0.0,-0.7775432667034136,0.6288294430162954,0.21428571374658606,8.464501305913023e-05,0.0,0.0,0.0,-0.028786204279789545
2026-08-24T01:49:07.105239,26.33,2.065641761152148,1.3872969553288172,0.0,-1.781018183771388,0.0,0.0,-0.7773920753698623,0.6290163441057302,0.21428486288618892,8.371850242720963e-05,0.0,0.0,0.0,-0.0003383760764075705
2026-08-24T01:49:07.127832,26.35,2.0647502170950873,1.383104999674277,0.0,-1.7805116334179674,0.0,0.0,-0.7772327362116628,0.6292132180437183,0.21428487359877832,8.287386673358383e-05,0.0,0.0,0.0,-0.0441327944005526
2026-08-24T01:49:07.154284,26.37,2.0638629990526196,1.3789121262195734,0.0,-1.7799836704535856,0.0,0.0,-0.777066608494472,0.6294183711673016,0.21428488414167546,8.237842075505289e-05,0.0,0.0,0.0,-0.0878661735895293
2026-08-24T01:49:07.181684,26.39,2.0629798517935525,1.3747183934415759,0.0,-1.7783507779437058,0.0,0.0,-0.7765524632893743,0.6300525944389126,0.21428489456965608,8.189336693844295e-05,0.0,0.0,0.0,0.009363284410857597
2026-08-24T01:49:07.206901,26.41,2.062100787114031,1.370523803010968,0.0,-1.7771941188153788,0.0,0.0,-0.7761879554025053,0.6305015922962276,0.21428490488657692,8.180546309060516e-05,0.0,0.0,0.0,0.027694147611779463
2026-08-24T01:49:07.245681,26.43,2.0612258050613406,1.3663283590364859,0.0,-1.7764054401086486,0.0,0.0,-0.7759392634687664,0.6308076247221084,0.21428491505392383,8.171500322190764e-05,0.0,0.0,0.0,0.00921434197412868
2026-08-24T01:49:07.269245,26.45,2.0603549061483086,1.3621320655946096,0.0,-1.7752474090189236,0.0,0.0,-0.7755738859983357,0.6312567998504576,0.21428492510372746,8.162312863480508e-05,0.0,0.0,0.0,0.027653207866067266
2026-08-24T01:49:07.300160,26.47,2.0594880856690874,1.3579349277605754,0.0,-1.7744632689066169,0.0,0.0,-0.7753263295055192,0.6315608306216426,0.21428493500722715,8.152593738752119e-05,0.0,0.0,0.0,0.009316431564816477
2026-08-24T01:49:07.334934,26.49,2.058625345926919,1.3537369492346143,0.0,-1.7733058930096255,0.0,0.0,-0.774960723063958,0.6320093968511761,0.21428494480944368,8.143247525719116e-05,0.0,0.0,0.0,-0.0008714062451741257
2026-08-24T01:49:07.364064,26.5,2.0581952202436455,1.3516377008008031,0.0,-1.772514857440835,0.0,0.0,-0.7747106914988905,0.6323158581573854,0.21428571374549688,8.074296701865328e-05,0.0,0.0,0.0,-3.490595698036636e-05
2026-08-24T01:49:07.397190,26.53,2.0569121090214924,1.345338486474935,0.0,-1.7713619341796678,0.0,0.0,-0.7743460569671603,0.6327623440592932,0.2142849640063144,8.087264960617734e-05,0.0,0.0,0.0,0.027162584384920883
2026-08-24T01:49:07.426675,26.54,2.056486071417255,1.343238404653917,0.0,-1.7705704512282292,0.0,0.0,-0.7740955860342023,0.6330687353537252,0.21428571378827904,8.054297596642064e-05,0.0,0.0,0.0,-0.0002455662046875738
2026-08-24T01:49:07.454945,26.57,2.0552152073756793,1.3369367079578398,0.0,-1.7694157116084304,0.0,0.0,-0.7737299422544648,0.6335155692316509,0.2142849827455927,8.066789080689727e-05,0.0,0.0,0.0,-0.0006959478430518598
2026-08-24T01:49:07.492245,26.59,2.0543728765321534,1.332734586763654,0.0,-1.7689064061237476,0.0,0.0,-0.7735685906917606,0.6337125811400333,0.21428499188301955,8.020804469878255e-05,0.0,0.0,0.0,-0.05446753401018846
2026-08-24T01:49:07.514749,26.61,2.053534630075148,1.3285316488984067,0.0,-1.7676566871732453,0.0,0.0,-0.7731724583869407,0.6341958290558954,0.21428500097982095,7.965824693762759e-05,0.0,0.0,0.0,0.008891241809530055
2026-08-24T01:49:07.547094,26.63,2.0527004738019623,1.3243278973544568,0.0,-1.7665024866861518,0.0,0.0,-0.772806335089364,0.6346419214373926,0.2142850099586943,7.956214252292736e-05,0.0,0.0,0.0,0.027248028387134228
2026-08-24T01:49:07.578575,26.65,2.0518704054551145,1.3201233366872303,0.0,-1.7657106365346396,0.0,0.0,-0.7725550038738341,0.6349478450939888,0.21428501880530648,7.946593599198998e-05,0.0,0.0,0.0,0.009013365777442254
2026-08-24T01:49:07.610020,26.67,2.051044428600645,1.3159179703619748,0.0,-1.764559719904448,0.0,0.0,-0.7721894899602202,0.6353923131380919,0.2142850275503327,7.93670327782238e-05,0.0,0.0,0.0,0.027371852657729456
2026-08-24T01:49:07.639887,26.69,2.0502225408235386,1.3117118029431356,0.0,-1.7637694424978885,0.0,0.0,-0.7719383615893205,0.635697385480541,0.21428503616676986,7.927273847902279e-05,0.0,0.0,0.0,0.00831939023035048
2026-08-24T01:49:07.670418,26.71,2.049404742177183,1.3075048385894563,0.0,-1.7626172074012967,0.0,0.0,-0.7715719970828199,0.6361420071946428,0.21428504469666215,7.916556446569362e-05,0.0,0.0,0.0,-0.00043490791015305535
2026-08-24T01:49:07.695503,26.73,2.0485910309732676,1.303297081710809,0.0,-1.7620961730161628,0.0,0.0,-0.7714062449719165,0.6363429933756855,0.2142850530510709,7.872016423259412e-05,0.0,0.0,0.0,-0.0537437813772018
2026-08-24T01:49:07.728880,26.75,2.047781409603662,1.299088535982269,0.0,-1.760848567291116,0.0,0.0,-0.7710091423281908,0.6368240749581846,0.2142850613797364,7.817530611384664e-05,0.0,0.0,0.0,0.0006013665713246538
2026-08-24T01:49:07.759918,26.77,2.0469758839182726,1.2948792044172854,0.0,-1.760093536533911,0.0,0.0,-0.770768676510854,0.6371150973801409,0.21428506960212299,7.797401691219348e-05,0.0,0.0,0.0,-0.043349387020842955
2026-08-24T01:49:07.786381,26.79,2.0461744486498477,1.2906690921302226,0.0,-1.759551667370937,0.0,0.0,-0.7705960317113499,0.6373239018824888,0.21428507767669014,7.749236192685995e-05,0.0,0.0,0.0,-0.00021606473171557894
2026-08-24T01:49:07.818925,26.81,2.0453771201164006,1.286458200188951,0.0,-1.7578404696974688,0.0,0.0,-0.7700504561316543,0.6379829895941044,0.214285084098044,7.810248576658e-05,0.0,0.0,0.0,0.0187413760488079
2026-08-24T01:49:07.851108,26.83,2.0445838799610208,1.2822465361308844,0.0,-1.756678118163696,0.0,0.0,-0.769679545851142,0.6384304164890484,0.21428509358666573,7.800756924778117e-05,0.0,0.0,0.0,-9.321816086783896e-05
2026-08-24T01:49:07.877805,26.85,2.0437947341139178,1.278034103054343,0.0,-1.7558953755039084,0.0,0.0,-0.7694296235498834,0.6387315980941327,0.21428509929415912,7.743535580692205e-05,0.0,0.0,0.0,0.01833927947967271
2026-08-24T01:49:07.899934,26.87,2.0430096809000906,1.2738209052611773,0.0,-1.7550233517506055,0.0,0.0,-0.7691510558592158,0.6390670178241509,0.21428510908018283,7.734251654139799e-05,0.0,0.0,0.0,-0.0277125219107115
2026-08-24T01:49:07.932839,26.89,2.0422286823163263,1.2696069540033883,0.0,-1.7545951979749175,0.0,0.0,-0.7690142287572824,0.6392316606433399,0.2142851166619988,7.677908510440183e-05,0.0,0.0,0.0,2.530571229218681e-05
2026-08-24T01:49:07.960004,26.9,2.0418394630800045,1.2674997385783442,0.0,-1.753087647572103,0.0,0.0,-0.768532173361054,0.6398111428452422,0.21428571222264028,7.705935815806558e-05,0.0,0.0,0.0,0.009053827750051547
2026-08-24T01:49:07.994670,26.93,2.0406788941947602,1.2611767988723648,0.0,-1.7518449295538496,0.0,0.0,-0.7681344726087462,0.6402885536928513,0.2142851315975893,7.713588580737137e-05,0.0,0.0,0.0,0.0001273667104794811
2026-08-24T01:49:08.015407,26.94,2.040293738689555,1.2590688369781933,0.0,-1.751157677970346,0.0,0.0,-0.7679144076017101,0.640552466701764,0.21428571171138924,7.637761764677523e-05,0.0,0.0,0.0,0.008974753727214164
2026-08-24T01:49:08.045996,26.97,2.039145370603089,1.252743669916804,0.0,-1.749922109800666,0.0,0.0,-0.7675185379674313,0.6410267497354043,0.21428514614154903,7.645489715886449e-05,0.0,0.0,0.0,-0.0005431703764012183
2026-08-24T01:49:08.076198,26.99,2.0383847074266406,1.248526000510234,0.0,-1.7493789238142048,0.0,0.0,-0.7673444112887298,0.6412351787479791,0.2142851511738279,7.588403677897718e-05,0.0,0.0,0.0,0.005134882179301381
2026-08-24T01:49:08.107208,27.0,2.038005665518533,1.2464169307882176,0.0,-1.7482643744035096,0.0,0.0,-0.7669869480105743,0.6416627007871227,0.214285713619702,7.574627357816231e-05,0.0,0.0,0.0,-0.0007055854657993391
2026-08-24T01:49:08.134896,27.03,2.0368755928865023,1.2400884693139758,0.0,-1.7471142763592833,0.0,0.0,-0.7666178337081495,0.6421036497642916,0.21428516728008118,7.582808482657352e-05,0.0,0.0,0.0,0.028094005047369336
2026-08-24T01:49:08.163773,27.05,2.0361271415147817,1.2358686156868468,0.0,-1.7463443357923347,0.0,0.0,-0.7663705860829925,0.6423987272612007,0.2142851741491828,7.572798935739806e-05,0.0,0.0,0.0,0.00821668999230484
2026-08-24T01:49:08.192070,27.07,2.0353827609024115,1.231648042097187,0.0,-1.7451856967647312,0.0,0.0,-0.7659983033842315,0.6428425928736201,0.2142851809440386,7.562236154047302e-05,0.0,0.0,0.0,0.02762828156661347
2026-08-24T01:49:08.218684,27.09,2.034642448879012,1.2274267529332759,0.0,-1.7444140420013026,0.0,0.0,-0.7657502201016089,0.6431380881384164,0.21428518762989734,7.551414668927705e-05,0.0,0.0,0.0,0.007816894024130465
2026-08-24T01:49:08.252071,27.11,2.034151274358019,1.2246121456770094,0.0,-1.7435799760052846,0.0,0.0,-0.7654819437160468,0.6434573753130063,0.2142851704713426,7.458225834073147e-05,0.0,0.0,0.0,-0.0005354141739906011
2026-08-24T01:49:08.277940,27.12,2.033539384037774,1.221093523506802,0.0,-1.7424771056717496,0.0,0.0,-0.7651270023248097,0.6438793911234081,0.21428571374705105,7.51642304284307e-05,0.0,0.0,0.0,-0.027508699405229146
2026-08-24T01:49:08.309651,27.15,2.032445951746852,1.2147586278298932,0.0,-1.7415125512249032,0.0,0.0,-0.7648163849909289,0.6442483195549735,0.21428520634795156,7.54370500300279e-05,0.0,0.0,0.0,-0.021523137883587007
2026-08-24T01:49:08.342979,27.17,2.031721929152963,1.2105345142566255,0.0,-1.7409792685841903,0.0,0.0,-0.7646445745820987,0.6444522283010289,0.21428521384308957,7.493648215945508e-05,0.0,0.0,0.0,-0.06485343808727319
2026-08-24T01:49:08.374743,27.19,2.031001981073049,1.2063097043323772,0.0,-1.7404431652412824,0.0,0.0,-0.7644718006166934,0.6446571694023657,0.21428522012599552,7.443848819118024e-05,0.0,0.0,0.0,-0.008607607578331941
2026-08-24T01:49:08.399470,27.21,2.0304052563246744,1.2027884799289894,0.0,-1.738688026084864,0.0,0.0,-0.763905774798376,0.6453277982775055,0.2142852140316236,7.442731019000821e-05,0.0,0.0,0.0,0.018814173326022365
2026-08-24T01:49:08.431996,27.23,2.0295743349572275,1.1978580073586687,0.0,-1.737356913893151,0.0,0.0,-0.763476103788393,0.6458360774562651,0.2142852326020116,7.483238522105561e-05,0.0,0.0,0.0,0.00504508677042417
2026-08-24T01:49:08.458324,27.25,2.0288666245161897,1.1936311300526667,0.0,-1.7365419850283024,0.0,0.0,-0.7632128851860116,0.6461471131917591,0.2142852366024116,7.429510608866745e-05,0.0,0.0,0.0,0.024384296325896344
2026-08-24T01:49:08.489881,27.26,2.0285140777662662,1.1915174704639337,0.0,-1.7357231070802843,0.0,0.0,-0.7629482634097118,0.6464595481235504,0.21428571378700503,7.404276702936643e-05,0.0,0.0,0.0,-0.003410672714914092
2026-08-24T01:49:08.518955,27.29,2.0274634371806215,1.1851753376402097,0.0,-1.7353318743533699,0.0,0.0,-0.762821790747194,0.6466087809187594,0.2142852505181797,7.362850206708058e-05,0.0,0.0,0.0,0.00162691418188822
2026-08-24T01:49:08.548390,27.31,2.0267679688552533,1.1809464290614893,0.0,-1.7336843130409858,0.0,0.0,-0.7622888681706188,0.647236959283968,0.21428525479320698,7.415356542456495e-05,0.0,0.0,0.0,0.020295718740086732
2026-08-24T01:49:08.580392,27.33,2.026076572244589,1.176716852836685,0.0,-1.7325312829383865,0.0,0.0,-0.7619155996616831,0.6476763227046191,0.21428526210930565,7.404259284248691e-05,0.0,0.0,0.0,0.0010068252129878802
2026-08-24T01:49:08.602358,27.35,2.025389250679802,1.1724866125489397,0.0,-1.7317599029897182,0.0,0.0,-0.7616657407335496,0.6479701377322978,0.2142852657020058,7.344935669835062e-05,0.0,0.0,0.0,0.019707437555726327
2026-08-24T01:49:08.630592,27.36,2.02504691780726,1.1703712748290367,0.0,-1.7308936616573347,0.0,0.0,-0.7613850200428232,0.6482999701175296,0.21428571378810918,7.320130667751825e-05,0.0,0.0,0.0,0.02906893083040226
2026-08-24T01:49:08.659367,27.38,2.0244791317188504,1.1668452683330268,0.0,-1.7300792538376837,0.0,0.0,-0.7611209666430101,0.6486099553170687,0.21428571239632216,7.235473849422427e-05,0.0,0.0,0.0,0.010171096702146153
2026-08-24T01:49:08.685922,27.4,2.0236887798355787,1.1619081298873954,0.0,-1.7289391207705875,0.0,0.0,-0.7607510921612203,0.6490437394933493,0.21428571378942154,7.277706182973187e-05,0.0,0.0,0.0,-0.0007577945903909148
2026-08-24T01:49:08.714519,27.43,2.022681230285538,1.1555590083900793,0.0,-1.7279573543409121,0.0,0.0,-0.7604323958389053,0.6494171012213201,0.21428528991200177,7.237260578305483e-05,0.0,0.0,0.0,0.009934399815960563
2026-08-24T01:49:08.748993,27.44,2.022347184399206,1.1534423463436745,0.0,-1.7269852293395167,0.0,0.0,-0.760116648722476,0.6497866421641123,0.2142857137884239,7.215895102926846e-05,0.0,0.0,0.0,0.019410176154861316
2026-08-24T01:49:08.780511,27.47,2.0213520387808246,1.1470912690556372,0.0,-1.7260020258049007,0.0,0.0,-0.7597971206241148,0.6501602383192197,0.21428530051946265,7.220619586112676e-05,0.0,0.0,0.0,0.010008651387258172
2026-08-24T01:49:08.803303,27.49,2.02069364839294,1.1428564294787853,0.0,-1.7248423553468404,0.0,0.0,-0.7594200071092763,0.6506006861371626,0.214285305723958,7.21255587419474e-05,0.0,0.0,0.0,-0.0007877482744686644
2026-08-24T01:49:08.837482,27.51,2.0200393940517003,1.1386209489184262,0.0,-1.7243300061024405,0.0,0.0,-0.7592533148074901,0.65079520892047,0.21428531080020624,7.167937019574925e-05,0.0,0.0,0.0,-0.054818668267063275
2026-08-24T01:49:08.865366,27.53,2.019389276616666,1.1343848313942166,0.0,-1.7230673423613914,0.0,0.0,-0.7588422957666461,0.6512744200071166,0.21428531588873392,7.114234386500864e-05,0.0,0.0,0.0,0.000939144698236867
2026-08-24T01:49:08.895504,27.55,2.0187433033350244,1.130148079947544,0.0,-1.722314497210615,0.0,0.0,-0.7585970876162896,0.651560019230833,0.21428532091043698,7.095509601613363e-05,0.0,0.0,0.0,-0.04331462451488001
2026-08-24T01:49:08.929042,27.57,2.0181014689081502,1.1259106995093089,0.0,-1.7217745175154093,0.0,0.0,-0.7584211453793462,0.6517648089928456,0.21428532582630094,7.049421783236759e-05,0.0,0.0,0.0,-0.09213337009467201
2026-08-24T01:49:08.955782,27.59,2.0174637771602684,1.1216726936479047,0.0,-1.7201806740474452,0.0,0.0,-0.7579014990619435,0.652369004260364,0.21428533069305836,6.99756986285292e-05,0.0,0.0,0.0,0.008702729170113638
2026-08-24T01:49:08.979089,27.6,2.017146314177185,1.1195534812213987,0.0,-1.71916658077877,0.0,0.0,-0.7575706201413314,0.6527532117873329,0.21428571378762495,6.983826904948551e-05,0.0,0.0,0.0,0.018058124669262744
2026-08-24T01:49:09.015274,27.63,2.0162008376453566,1.1131948198641153,0.0,-1.7182001702592058,0.0,0.0,-0.7572551179267638,0.6531191976765979,0.2142853402932268,6.990047176034917e-05,0.0,0.0,0.0,0.008209664878180332
2026-08-24T01:49:09.042055,27.64,2.0158875202118063,1.1110749906205746,0.0,-1.717211396658657,0.0,0.0,-0.7569321318860747,0.6534934947789472,0.21428571379840233,6.972564779319941e-05,0.0,0.0,0.0,0.01821025287366185
2026-08-24T01:49:09.078816,27.67,2.0149544715649257,1.1047144937086473,0.0,-1.7162361262879722,0.0,0.0,-0.7566133754825423,0.6538625238082647,0.21428534962403975,6.978538770684326e-05,0.0,0.0,0.0,0.00895893455441731
2026-08-24T01:49:09.112263,27.68,2.014645296956958,1.1025940563245682,0.0,-1.7152574052046996,0.0,0.0,-0.7562933103819912,0.654232702233272,0.21428571380258904,6.960662182924505e-05,0.0,0.0,0.0,0.018108290353761925
2026-08-24T01:49:09.142120,27.71,2.013724676267819,1.0962317486556148,0.0,-1.7142840187218455,0.0,0.0,-0.7559748101883499,0.6546007075772897,0.21428535867787066,6.93109710978663e-05,0.0,0.0,0.0,0.009082819447399783
2026-08-24T01:49:09.170923,27.73,2.013115997672184,1.0919894786520803,0.0,-1.7131186789107078,0.0,0.0,-0.7555932657491474,0.6550410802037825,0.21428536318431785,6.925568297404237e-05,0.0,0.0,0.0,0.027321190800396224
2026-08-24T01:49:09.200548,27.75,2.0125114659288292,1.0877466157143627,0.0,-1.712327766541036,0.0,0.0,-0.7553341666274608,0.6553398330066617,0.21428536759104982,6.919345045424018e-05,0.0,0.0,0.0,0.008498547825983197
2026-08-24T01:49:09.236490,27.77,2.011911079096249,1.0835031642875954,0.0,-1.7111666040049978,0.0,0.0,-0.7549535613156246,0.6557782554010582,0.21428537195250352,6.912703956455323e-05,0.0,0.0,0.0,-0.0002703576690145891
2026-08-24T01:49:09.266197,27.79,2.01131483674455,1.0792591285206747,0.0,-1.7106450373495223,0.0,0.0,-0.7547825196104418,0.6559751124017686,0.21428537619680746,6.871823526653302e-05,0.0,0.0,0.0,-0.05420682251731043
2026-08-24T01:49:09.300286,27.81,2.0107227420978386,1.0750145121068817,0.0,-1.7093961323754783,0.0,0.0,-0.7543727471864137,0.6564463102969071,0.21428538046301437,6.820921620892782e-05,0.0,0.0,0.0,0.009131597465617815
2026-08-24T01:49:09.341623,27.83,2.01013480186804,1.0707693182635214,0.0,-1.7082303322236816,0.0,0.0,-0.7539899764464341,0.6568859226823983,0.21428538467206684,6.816312910483e-05,0.0,0.0,0.0,0.02779387793795541
2026-08-24T01:49:09.367824,27.85,2.009551012082829,1.0665235516543337,0.0,-1.7074402694527109,0.0,0.0,-0.7537304270670498,0.6571837211262332,0.21428538880867176,6.811357997483589e-05,0.0,0.0,0.0,-0.01520147731867755
2026-08-24T01:49:09.395109,27.86,2.009260520013657,1.0644004743562627,0.0,-1.7064601957121752,0.0,0.0,-0.7534082923270936,0.6575529979041785,0.21428571402297977,6.76591797142724e-05,0.0,0.0,0.0,0.003690364904251932
2026-08-24T01:49:09.425551,27.89,2.0083958931949275,1.0580303154673836,0.0,-1.70548978258481,0.0,0.0,-0.7530891546233339,0.6579184791360645,0.21428539692819915,6.771024415908383e-05,0.0,0.0,0.0,0.009283280852764756
2026-08-24T01:49:09.454365,27.91,2.0078245674735364,1.0537828537092846,0.0,-1.704327534753739,0.0,0.0,-0.7527066953211695,0.658356006138536,0.21428540091649675,6.76754866303992e-05,0.0,0.0,0.0,-0.00041768408652777603
2026-08-24T01:49:09.485915,27.92,2.0075403125476265,1.05165893239309,0.0,-1.7035250998025666,0.0,0.0,-0.752442490809783,0.6586579522210064,0.2142857122139018,6.71901688385243e-05,0.0,0.0,0.0,0.008936036691514356
2026-08-24T01:49:09.517072,27.96,2.299266331182486,3.0273513533982634,0.0,-1.7015682894085964,0.0,0.0,-0.7517976964012968,0.6593938304880503,0.21428570156350338,0.03511521329661593,0.0,0.0,0.0,-0.0008315352412845709
2026-08-24T01:49:09.545875,27.97,2.006135522463634,1.0410371437632966,0.0,-1.7014794263320516,0.0,0.0,-0.7517683977770054,0.6594272333652851,0.21428541047615626,6.673944636120069e-05,0.0,0.0,0.0,0.017592593014376032
2026-08-24T01:49:09.572705,27.99,2.005580822436491,1.0367874787436702,0.0,-1.7003251325379756,0.0,0.0,-0.7513876862101005,0.6598610043121442,0.2142854163475334,6.669718668143476e-05,0.0,0.0,0.0,-0.00042674744017948824
2026-08-24T01:49:09.603712,28.01,2.0050302733833107,1.0325372740307548,0.0,-1.6995264512155812,0.0,0.0,-0.7511241169743341,0.6601610113446014,0.21428541799225972,6.620415537912231e-05,0.0,0.0,0.0,0.017727771084284152
2026-08-24T01:49:09.629429,28.02,2.0047564242578284,1.0304119860349077,0.0,-1.698634201711039,0.0,0.0,-0.7508295280693592,0.6604960406990669,0.21428571378905575,6.608462499509118e-05,0.0,0.0,0.0,-0.0013009473204202812
2026-08-24T01:49:09.658488,28.05,2.003941656029122,1.0240352581460925,0.0,-1.6982020253133698,0.0,0.0,-0.7506867851410398,0.6606582706775193,0.21428542740458484,6.568561731587087e-05,0.0,0.0,0.0,-0.00024130644479392754
2026-08-24T01:49:09.692205,28.07,2.0034035940560617,1.0197834545399282,0.0,-1.6966762264026143,0.0,0.0,-0.7501825508993486,0.6612307769048158,0.21428542980755194,6.62302878186032e-05,0.0,0.0,0.0,-0.0221144667026466
2026-08-24T01:49:09.722503,28.08,2.003135983019513,1.017657372117196,0.0,-1.6956996481079012,0.0,0.0,-0.749859589668298,0.6615970040610006,0.2142857137698506,6.571451202038586e-05,0.0,0.0,0.0,-0.044074635856821864
2026-08-24T01:49:09.759886,28.11,2.002339927997117,1.0112782810434673,0.0,-1.6947225675217588,0.0,0.0,-0.7495362834017971,0.661963261717915,0.21428543806732694,6.538025723129872e-05,0.0,0.0,0.0,0.00879137524825999
2026-08-24T01:49:09.794057,28.13,2.0018143442069314,1.0070249169198993,0.0,-1.6935606418277562,0.0,0.0,-0.7491515808713666,0.6623986027143568,0.2142854415525365,6.535504168514817e-05,0.0,0.0,0.0,0.0275824852429964
2026-08-24T01:49:09.827021,28.15,2.0012929219603404,1.0027710406099386,0.0,-1.6927654806768806,0.0,0.0,-0.7488881648513563,0.6626963984703461,0.2142854449742208,6.533385032814217e-05,0.0,0.0,0.0,0.008795926664179336
2026-08-24T01:49:09.854551,28.17,2.000775662225336,0.9985166561644628,0.0,-1.6916019570333438,0.0,0.0,-0.7485025066796455,0.6631319608451152,0.2142854483613639,6.530612911896787e-05,0.0,0.0,0.0,0.02707160825615703
2026-08-24T01:49:09.889309,28.19,2.0002625649579278,0.9942617676801249,0.0,-1.6908116710748062,0.0,0.0,-0.7482404163129759,0.6634276745778581,0.21428545168953875,6.527464958925981e-05,0.0,0.0,0.0,0.008278309356186711
2026-08-24T01:49:09.926449,28.21,1.9997536301182828,0.9900063793344801,0.0,-1.6896521525650943,0.0,0.0,-0.747855662250681,0.6638613623638563,0.2142854549950977,6.52422157416348e-05,0.0,0.0,0.0,-0.001183020953772644
2026-08-24T01:49:09.956943,28.23,1.999248856053402,0.985750495412547,0.0,-1.689131513769453,0.0,0.0,-0.747682820922882,0.6640560212036343,0.21428545819409467,6.486194146200288e-05,0.0,0.0,0.0,-0.054720838550314656
2026-08-24T01:49:09.981866,28.25,1.9987482446494729,0.9814941198332678,0.0,-1.6879782572005244,0.0,0.0,-0.7472997831574747,0.6644870458427247,0.2142854614299017,6.43886020683581e-05,0.0,0.0,0.0,-0.06434929869784453
2026-08-24T01:49:10.009205,28.27,1.9982510358275076,0.9772314294874306,0.0,-1.6869065567143624,0.0,0.0,-0.746943610341336,0.6648873911951183,0.21428546493098546,6.35476895921633e-05,0.0,0.0,0.0,0.009669161697249972
2026-08-24T01:49:10.037617,28.29,1.9977587002524273,0.9729740887109306,0.0,-1.6857424739409574,0.0,0.0,-0.7465564918621618,0.665322030642652,0.21428546784388952,6.354876527672709e-05,0.0,0.0,0.0,0.027880640470911325
2026-08-24T01:49:10.070076,28.31,1.9972705324991862,0.9687162680004358,0.0,-1.684951435843908,0.0,0.0,-0.7462932859386001,0.6656172559083537,0.21428547093508277,6.35454884105539e-05,0.0,0.0,0.0,-0.014902353833226821
2026-08-24T01:49:10.103861,28.33,1.996786527386369,0.9644579721125476,0.0,-1.6839244278326868,0.0,0.0,-0.7459513904328295,0.6660003927261067,0.21428547422349498,6.323816749759811e-05,0.0,0.0,0.0,-0.0008210801996999494
2026-08-24T01:49:10.132029,28.35,1.9963066703780137,0.9601992068058237,0.0,-1.6829070528953691,0.0,0.0,-0.7456125078812531,0.6663797626661754,0.2142854753846244,6.305029573797412e-05,0.0,0.0,0.0,0.018249210504198754
2026-08-24T01:49:10.167537,28.37,1.9958309257852092,0.9559399800921036,0.0,-1.6817540793385586,0.0,0.0,-0.745228224882647,0.6668094876636497,0.21428547997865927,6.30335388745387e-05,0.0,0.0,0.0,-0.0005284655280639317
2026-08-24T01:49:10.192048,28.38,1.9955944857412866,0.9538102061284233,0.0,-1.6810660853274806,0.0,0.0,-0.7449988003272541,0.6670658044833,0.21428571171691052,6.248025356703163e-05,0.0,0.0,0.0,0.00825673296013146
2026-08-24T01:49:10.221491,28.41,1.9948917831817052,0.9474201576991882,0.0,-1.6798250842713203,0.0,0.0,-0.7445847422498172,0.6675279481855223,0.21428548581961138,6.254422530097315e-05,0.0,0.0,0.0,-0.0008592999909974933
2026-08-24T01:49:10.258197,28.43,1.9944283849974682,0.9431595700894305,0.0,-1.6790475481071099,0.0,0.0,-0.7443251724276869,0.6678173685151458,0.21428548658822813,6.206190189569838e-05,0.0,0.0,0.0,0.018390429147285545
2026-08-24T01:49:10.284110,28.45,1.9939691072322603,0.9388985362750022,0.0,-1.6778943144296712,0.0,0.0,-0.7439399739699402,0.6682464478989804,0.2142854915146313,6.206620378489393e-05,0.0,0.0,0.0,-0.000879961751298907
2026-08-24T01:49:10.313569,28.47,1.9935139403165931,0.9346370614398712,0.0,-1.6772046818501511,0.0,0.0,-0.7437095074871076,0.6685029307888514,0.21428549220998275,6.159023603520462e-05,0.0,0.0,0.0,-0.021561674912763482
2026-08-24T01:49:10.349009,28.49,1.9930628837687552,0.9303750763404407,0.0,-1.6766666150902891,0.0,0.0,-0.7435296309718532,0.6687029892761508,0.21428549704892996,6.120878133803499e-05,0.0,0.0,0.0,-0.0008530173043548653
2026-08-24T01:49:10.375797,28.5,1.9928388118381142,0.9282439657116175,0.0,-1.6752690479869836,0.0,0.0,-0.7430621708278581,0.6692223922468458,0.21428571230849497,6.157476624014324e-05,0.0,0.0,0.0,0.00984701172292448
2026-08-24T01:49:10.414472,28.53,1.992173155698238,0.9218499518851336,0.0,-1.6740158363218824,0.0,0.0,-0.7426426863249894,0.6696878679265463,0.2142855024819294,6.163362315819956e-05,0.0,0.0,0.0,-0.002002307329541167
2026-08-24T01:49:10.445714,28.55,1.9917344669040076,0.9175867492314523,0.0,-1.673263718156781,0.0,0.0,-0.7423907916132929,0.6699670980934723,0.21428550305532654,6.113105805682846e-05,0.0,0.0,0.0,0.01911452663063799
2026-08-24T01:49:10.475221,28.57,1.9912999085287022,0.9133231235067484,0.0,-1.6723708879473582,0.0,0.0,-0.7420916342167683,0.6702984457877597,0.21428550776023722,6.117341326316102e-05,0.0,0.0,0.0,-0.027341398313792495
2026-08-24T01:49:10.507970,28.59,1.9908694641363824,0.909059080503736,0.0,-1.6719368948587605,0.0,0.0,-0.741946164299905,0.670459461325335,0.21428551032941442,6.0720794089443915e-05,0.0,0.0,0.0,-0.039784570780476314
2026-08-24T01:49:10.536983,28.61,1.9904431466864525,0.9047946229317411,0.0,-1.6704366597513125,0.0,0.0,-0.7414430321983004,0.6710158194890714,0.21428551173284646,6.078934222718204e-05,0.0,0.0,0.0,-0.023401514288568303
2026-08-24T01:49:10.566022,28.63,1.99002094655894,0.9005297557243453,0.0,-1.6699158718697138,0.0,0.0,-0.7412682786099257,0.6712088640108067,0.21428551541233953,6.0389805884535246e-05,0.0,0.0,0.0,-0.06601905565019062
2026-08-24T01:49:10.597908,28.65,1.9896028711546772,0.8962644822127669,0.0,-1.6693772423795135,0.0,0.0,-0.7410874852857368,0.6714084741443639,0.21428551790663203,6.00207290768605e-05,0.0,0.0,0.0,0.0016489473687904543
2026-08-24T01:49:10.633871,28.67,1.9891889359932466,0.8919988049392935,0.0,-1.6674213380706302,0.0,0.0,-0.7404305256421426,0.6721329010674156,0.21428551868887338,6.105050462406348e-05,0.0,0.0,0.0,0.020594136027399457
2026-08-24T01:49:10.664071,28.69,1.9887791149559668,0.8877327303992888,0.0,-1.6662699085476222,0.0,0.0,-0.7400434461237667,0.6725590664389706,0.21428552281886287,6.105476316071992e-05,0.0,0.0,0.0,0.00043974133016989186
2026-08-24T01:49:10.691899,28.71,1.988373417031655,0.8834662618411737,0.0,-1.6656000174022012,0.0,0.0,-0.7398181339340935,0.6728069029835201,0.21428552313318372,6.0572990027683534e-05,0.0,0.0,0.0,0.00950200804814243
2026-08-24T01:49:10.725278,28.73,1.9879718472703316,0.8791994020289153,0.0,-1.6646298416451337,0.0,0.0,-0.7394916764302688,0.6731657006193577,0.21428552758955177,6.058584887333443e-05,0.0,0.0,0.0,0.009405766732355438
2026-08-24T01:49:10.749586,28.75,1.987574400638551,0.8749321568782981,0.0,-1.6634756286730936,0.0,0.0,-0.7391030650152904,0.6735923539389408,0.21428552993073993,6.059183304372642e-05,0.0,0.0,0.0,0.028203263112024247
2026-08-24T01:49:10.776542,28.77,1.987181077256371,0.870664529684218,0.0,-1.6626990119970777,0.0,0.0,-0.7388414477721877,0.6738793030312606,0.21428553224152755,6.0596421029001926e-05,0.0,0.0,0.0,0.009279919985871462
2026-08-24T01:49:10.813225,28.79,1.9867918794823567,0.8663965242873776,0.0,-1.6615471895639473,0.0,0.0,-0.7384532306172685,0.6743046983307466,0.21428553453429328,6.0601591924477984e-05,0.0,0.0,0.0,-0.0009708160697079506
2026-08-24T01:49:10.839803,28.81,1.9864068037676208,0.8621281449890136,0.0,-1.661045345104271,0.0,0.0,-0.7382840093333153,0.6744899714322854,0.21428553673409975,6.02433643891161e-05,0.0,0.0,0.0,-0.05502711659691764
2026-08-24T01:49:10.875208,28.83,1.9860258531972097,0.8578593955422724,0.0,-1.659797064502262,0.0,0.0,-0.737862889187178,0.6749506328320244,0.21428553898251415,5.97948530765908e-05,0.0,0.0,0.0,0.009400185342382074
2026-08-24T01:49:10.900066,28.85,1.9856490330625007,0.8535902795134624,0.0,-1.6586442082391168,0.0,0.0,-0.7374737060919134,0.6753758456023269,0.21428554119903154,5.9809523374196666e-05,0.0,0.0,0.0,0.028427843024911623
2026-08-24T01:49:10.931698,28.86,1.9854620909125942,0.8514555915893235,0.0,-1.6578674652402976,0.0,0.0,-0.7372113537512138,0.6756622084298504,0.21428571378900343,5.978320449354066e-05,0.0,0.0,0.0,-3.6255908808874684e-05
2026-08-24T01:49:10.957162,28.89,1.9849077843311955,0.8450509637573971,0.0,-1.656715690612987,0.0,0.0,-0.7368221262319025,0.6760866470320934,0.2142855455210376,5.985111077643798e-05,0.0,0.0,0.0,0.027703197685902403
2026-08-24T01:49:10.988762,28.91,1.984543358055264,0.840780771877052,0.0,-1.6559326664944323,0.0,0.0,-0.7365573736925646,0.6763750699568338,0.21428554762553684,5.986818152728768e-05,0.0,0.0,0.0,0.00926565425675913
2026-08-24T01:49:11.029392,28.93,1.984183062591561,0.8365102294985192,0.0,-1.6547846118286156,0.0,0.0,-0.7361689945858924,0.6767977625630839,0.21428554972816885,5.988456771498365e-05,0.0,0.0,0.0,-0.0005230170852795722
2026-08-24T01:49:11.068812,28.96,1.98365028447048,0.8301037733999794,0.0,-1.6530297536247127,0.0,0.0,-0.7355748692275341,0.6774434380528725,0.21428571231819485,5.975024996882072e-05,0.0,0.0,0.0,0.00013841269641796434
2026-08-24T01:49:11.102652,28.97,1.9834748642841902,0.8279681092555924,0.0,-1.652940221061485,0.0,0.0,-0.7355445418667655,0.6774763663258003,0.21428555233280752,5.979289250664469e-05,0.0,0.0,0.0,0.018212662747019496
2026-08-24T01:49:11.139105,28.99,1.9831269662328967,0.8236965390197035,0.0,-1.6517895854607147,0.0,0.0,-0.7351546559462286,0.6778994260512263,0.2142855558234249,5.9808039691725615e-05,0.0,0.0,0.0,-0.00011224078321122113
2026-08-24T01:49:11.162780,29.01,1.9827831955856237,0.8194246346912981,0.0,-1.6510077908575584,0.0,0.0,-0.7348896107305198,0.6781867442234071,0.21428555572090893,5.936055554132384e-05,0.0,0.0,0.0,0.017741248026736742
2026-08-24T01:49:11.199241,29.03,1.9824435614136742,0.8151523994394693,0.0,-1.6501311297335126,0.0,0.0,-0.7345922701647651,0.6785088036379313,0.21428555976975752,5.937739166472009e-05,0.0,0.0,0.0,-0.027092078122863114
2026-08-24T01:49:11.230527,29.05,1.9821080576292665,0.8108798378609907,0.0,-1.6496956128399851,0.0,0.0,-0.7344445017260167,0.6786687512214062,0.21428556168649224,5.894367899680881e-05,0.0,0.0,0.0,0.00037526176087308155
2026-08-24T01:49:11.265306,29.06,1.9819417878548693,0.8087434404731682,0.0,-1.64819191213882,0.0,0.0,-0.733934036852556,0.6792207517069182,0.21428571258235202,5.949280359847438e-05,0.0,0.0,0.0,-0.00018213729687708872
2026-08-24T01:49:11.302123,29.09,1.9814494668958234,0.802333749756016,0.0,-1.6476562573532965,0.0,0.0,-0.7337520966085924,0.6794172949833518,0.21428556548556174,5.915623480630283e-05,0.0,0.0,0.0,-0.06490640708868102
2026-08-24T01:49:11.330680,29.11,1.9811263694421681,0.7980602320847064,0.0,-1.6471187461660346,0.0,0.0,-0.7335694729130555,0.6796144704242707,0.21428556734907356,5.878801059983965e-05,0.0,0.0,0.0,-0.0004387181269474988
2026-08-24T01:49:11.359997,29.12,1.9809663024409165,0.7959233610418426,0.0,-1.6452896234964869,0.0,0.0,-0.7329476170955379,0.680285080384667,0.2142857121038803,5.973767923396586e-05,0.0,0.0,0.0,0.00888865980126597
2026-08-24T01:49:11.395611,29.15,1.9804925928753325,0.7895122679528462,0.0,-1.644042765194065,0.0,0.0,-0.7325233651376274,0.6807418890647513,0.21428557102645077,5.980197374683659e-05,0.0,0.0,0.0,-0.0003595543507710075
2026-08-24T01:49:11.424111,29.17,1.9801819046835132,0.7852378302478036,0.0,-1.6435039139257546,0.0,0.0,-0.7323399292376905,0.6809392249269639,0.21428557073131752,5.934137988538992e-05,0.0,0.0,0.0,0.0035967821933457628
2026-08-24T01:49:11.463961,29.19,1.9798753544154375,0.7809630937255277,0.0,-1.6425432729322424,0.0,0.0,-0.7320127757052314,0.6812909042430573,0.21428557441877386,5.947513814592556e-05,0.0,0.0,0.0,-0.03286305663777932
2026-08-24T01:49:11.490435,29.21,1.9795724802292098,0.7766827712843773,0.0,-1.642409385762687,0.0,0.0,-0.7319671660096219,0.6813399062757463,0.21428557664636783,5.9120804683748694e-05,0.0,0.0,0.0,0.0024150096949672045
2026-08-24T01:49:11.525127,29.23,1.9792741547118153,0.7724074529567867,0.0,-1.6405876304446636,0.0,0.0,-0.7313462451407571,0.6820063560690001,0.21428557610112417,6.028394310322166e-05,0.0,0.0,0.0,0.004868250073054532
2026-08-24T01:49:11.559373,29.26,1.9788343343776376,0.765993944658122,0.0,-1.638525915181297,0.0,0.0,-0.7306428052193723,0.6827599074207319,0.21428571378958708,6.036793199842849e-05,0.0,0.0,0.0,0.009131431897115098
2026-08-24T01:49:11.584037,29.27,1.9786899130251576,0.7638559603931714,0.0,-1.6383433878899902,0.0,0.0,-0.7305804910184204,0.6828265857033422,0.21428558154197871,6.040843198872597e-05,0.0,0.0,0.0,-0.002135391169796736
2026-08-24T01:49:11.613534,29.29,1.978404007954899,0.7595797881178874,0.0,-1.6374642379090234,0.0,0.0,-0.7302802669545394,0.6831476646354041,0.21428585217298632,6.00336930211972e-05,0.0,0.0,0.0,0.01832484749684311
2026-08-24T01:49:11.640838,29.3,1.9782625284896462,0.7574416087368327,0.0,-1.636588288090303,0.0,0.0,-0.7299809953856894,0.6834674435375236,0.21428571379024944,5.999567594625055e-05,0.0,0.0,0.0,-0.0015269421520513677
2026-08-24T01:49:11.665862,29.33,1.9778446208479281,0.7510266364759548,0.0,-1.6355307996876562,0.0,0.0,-0.7296195139144159,0.6838533211992842,0.21428558586267285,5.992253288485469e-05,0.0,0.0,0.0,0.01841833453696784
2026-08-24T01:49:11.696589,29.35,1.9775711349011347,0.7467496573241632,0.0,-1.6343809802904403,0.0,0.0,-0.7292262394519495,0.6842726734970264,0.21428558804619616,5.9926589921441376e-05,0.0,0.0,0.0,-0.0008999601342515665
2026-08-24T01:49:11.727194,29.36,1.9774358701971073,0.744611073151122,0.0,-1.633679161937207,0.0,0.0,-0.7289860769989829,0.6845285235413007,0.21428571172676947,5.942187616626822e-05,0.0,0.0,0.0,0.009129828337612826
2026-08-24T01:49:11.759500,29.39,1.977036676959721,0.7381949090876445,0.0,-1.6324301964361296,0.0,0.0,-0.7285584586270453,0.684983629266411,0.21428559118767665,5.9480623370578816e-05,0.0,0.0,0.0,-0.0010068619601626139
2026-08-24T01:49:11.788764,29.41,1.976775741893744,0.7339171459138292,0.0,-1.6316265191334054,0.0,0.0,-0.72828314691493,0.6852763369033593,0.21428559065088446,5.903732185099324e-05,0.0,0.0,0.0,0.01850469095562064
2026-08-24T01:49:11.818073,29.43,1.9765190056552298,0.7296391286216708,0.0,-1.6304626557544804,0.0,0.0,-0.7278842396064203,0.6857000318890055,0.21428559425064722,5.906909512855158e-05,0.0,0.0,0.0,-0.0007648966888751281
2026-08-24T01:49:11.845742,29.44,1.976392144691627,0.7275000295112316,0.0,-1.6297570510909682,0.0,0.0,-0.7276422777416154,0.6859567884662953,0.21428571171196287,5.85941592119302e-05,0.0,0.0,0.0,0.007890719960102568
2026-08-24T01:49:11.873323,29.47,1.9760181121239426,0.7210823495111655,0.0,-1.6285078884091089,0.0,0.0,-0.7272137000314157,0.6864111264297936,0.21428559723706822,5.8675364782122236e-05,0.0,0.0,0.0,-0.0010713163815628361
2026-08-24T01:49:11.898880,29.48,1.975895450584159,0.7189430054988799,0.0,-1.6277960304723162,0.0,0.0,-0.7269693403687584,0.6866699193672403,0.2142857117023034,5.821221374756301e-05,0.0,0.0,0.0,0.008438622808782797
2026-08-24T01:49:11.928531,29.51,1.975533998233996,0.7125246046585442,0.0,-1.6268222815754527,0.0,0.0,-0.7266349321808698,0.6870237807634483,0.2142856001488509,5.828277917302757e-05,0.0,0.0,0.0,0.008851775925001236
2026-08-24T01:49:11.964877,29.53,1.9752982356935196,0.7082453802876869,0.0,-1.625650155327308,0.0,0.0,-0.7262321681120115,0.6874495166914637,0.2142856015772113,5.832533565510839e-05,0.0,0.0,0.0,0.02683770990262289
2026-08-24T01:49:11.992403,29.55,1.9750666689554626,0.7039659267979238,0.0,-1.624861152053381,0.0,0.0,-0.7259609116470663,0.6877359629687546,0.21428560298743957,5.8352270773544374e-05,0.0,0.0,0.0,0.008778172049384247
2026-08-24T01:49:12.017034,29.57,1.9748392984622762,0.6996862483284484,0.0,-1.6236993526055419,0.0,0.0,-0.7255612835527656,0.6881575574018375,0.21428560438830196,5.8391514479422345e-05,0.0,0.0,0.0,0.026841614153033606
2026-08-24T01:49:12.049679,29.59,1.9746161275730338,0.6954063487885058,0.0,-1.6228998984561358,0.0,0.0,-0.7252861503870166,0.688447528906003,0.21428560575539377,5.843017563994058e-05,0.0,0.0,0.0,0.008259122326350895
2026-08-24T01:49:12.075094,29.61,1.974397155387219,0.6911262323975528,0.0,-1.621734442977269,0.0,0.0,-0.7248848497941911,0.6888700563523232,0.21428560712428846,5.8462669760240084e-05,0.0,0.0,0.0,-0.0010831265494199542
2026-08-24T01:49:12.106239,29.63,1.9741823775572374,0.6868459034632363,0.0,-1.6212105870332263,0.0,0.0,-0.7247043905935876,0.689059900338408,0.21428560841142755,5.814356247569834e-05,0.0,0.0,0.0,-0.000449597896299371
2026-08-24T01:49:12.145148,29.66,2.2667200794228513,2.6646145858431556,0.0,-1.6189694686289569,0.0,0.0,-0.7239318033544831,0.6898715417321734,0.2142857036829912,0.22859986158193285,0.0,0.0,0.0,0.01799521276526758
2026-08-24T01:49:12.205524,29.68,1.9736637563173933,0.6761441792233981,0.0,-1.6179882356534445,0.0,0.0,-0.7235932538884206,0.6902266315690577,0.21428571171608837,5.800456315534219e-05,0.0,0.0,0.0,0.00785350387702876
2026-08-24T01:49:12.233094,29.71,1.9733643636038793,0.6697225839859932,0.0,-1.6170269469416727,0.0,0.0,-0.723261416784556,0.6905743428413748,0.21428561365104243,5.807430830387865e-05,0.0,0.0,0.0,-0.0006644814882003115
2026-08-24T01:49:12.262534,29.73,1.9731669362996336,0.6654414197117414,0.0,-1.616795740151653,0.0,0.0,-0.7231815792133095,0.6906579497019807,0.2142856128347669,5.6942686515547736e-05,0.0,0.0,0.0,0.01730638049925306
2026-08-24T01:49:12.294828,29.75,1.9729721967723755,0.6611601324089529,0.0,-1.6161875189233372,0.0,0.0,-0.7229715093621933,0.690877844955642,0.21428561615282402,5.628542612668538e-05,0.0,0.0,0.0,-0.02726244217139727
2026-08-24T01:49:12.328277,29.77,1.9727819666230164,0.6568786422512826,0.0,-1.6152002498870468,0.0,0.0,-0.7226303801388989,0.6912346444589641,0.2142856173608697,5.590409188760679e-05,0.0,0.0,0.0,7.268484358706202e-05
2026-08-24T01:49:12.358851,29.79,1.9725959490357274,0.652596967008749,0.0,-1.6144361692034461,0.0,0.0,-0.7223662478897956,0.6915106679651575,0.21428561859395776,5.586788781009701e-05,0.0,0.0,0.0,-0.04370266058364736
2026-08-24T01:49:12.383554,29.8,1.9725044877421922,0.650456062245251,0.0,-1.6132305506128972,0.0,0.0,-0.7219492676102353,0.691945991387366,0.21428571376945887,5.554103810903615e-05,0.0,0.0,0.0,-0.06578757669708761
2026-08-24T01:49:12.412128,29.83,1.9722365407692422,0.6440330782846782,0.0,-1.612250332762633,0.0,0.0,-0.7216100520091788,0.6922997420476987,0.21428562095016626,5.525245032541235e-05,0.0,0.0,0.0,0.009024975874773427
2026-08-24T01:49:12.440226,29.85,1.9720631573376253,0.6397508728224834,0.0,-1.6110824041531913,0.0,0.0,-0.7212056506549598,0.6927210184939938,0.21428562213693247,5.533936380708552e-05,0.0,0.0,0.0,0.027171676834458074
2026-08-24T01:49:12.477240,29.87,1.9718939758871372,0.635468499273212,0.0,-1.6102881699898228,0.0,0.0,-0.720930502445127,0.6930073669480121,0.21428562328869288,5.542143794025326e-05,0.0,0.0,0.0,0.008337937865333624
2026-08-24T01:49:12.500818,29.89,1.9717289743588788,0.6311859626570556,0.0,-1.6091265206412164,0.0,0.0,-0.7205278650839804,0.6934259842532017,0.2142856244362128,5.5490672232042965e-05,0.0,0.0,0.0,-0.0004293218657560431
2026-08-24T01:49:12.530814,29.91,1.971568152678377,0.6269032670197261,0.0,-1.6086072655583514,0.0,0.0,-0.7203478083184295,0.69361302975855,0.21428562550657054,5.5215315115437507e-05,0.0,0.0,0.0,-0.05387098993614356
2026-08-24T01:49:12.562713,29.93,1.971411512906228,0.6226204163867511,0.0,-1.6073623787278164,0.0,0.0,-0.7199159339389287,0.6940612711143304,0.21428562663898917,5.4846985915873853e-05,0.0,0.0,0.0,0.009627660521544268
2026-08-24T01:49:12.591290,29.95,1.9712590615214256,0.6183374146311262,0.0,-1.6061856304386015,0.0,0.0,-0.7195074416440599,0.6944847308752149,0.2142856277536974,5.494683638598955e-05,0.0,0.0,0.0,0.028927949677761904
2026-08-24T01:49:12.616419,29.97,1.971110793967408,0.6140542659859383,0.0,-1.6054236750606412,0.0,0.0,-0.7192428062465663,0.6947587967507602,0.2142856288345133,5.503554318097852e-05,0.0,0.0,0.0,0.00583119441532131
2026-08-24T01:49:12.644933,29.99,1.9709667124270651,0.6097709745043804,0.0,-1.6041898229272427,0.0,0.0,-0.71881405459087,0.6952023841462526,0.21428562992661554,5.510378367631631e-05,0.0,0.0,0.0,0.02669539730030056
2026-08-24T01:49:12.677482,30.01,1.9708268139354004,0.6054875443390133,0.0,-1.6034438010624952,0.0,0.0,-0.7185546865005138,0.6954704612765005,0.21428563095648023,5.5109480027568805e-05,0.0,0.0,0.0,0.009425083840334084
2026-08-24T01:49:12.714824,30.02,1.9707584052886045,0.6033457791101478,0.0,-1.6024686566965145,0.0,0.0,-0.7182155090531475,0.6958207258737902,0.2142857138051266,5.5173940025354806e-05,0.0,0.0,0.0,-0.008599371611689338
2026-08-24T01:49:12.731567,30.05,1.9705595635074997,0.5969202844724429,0.0,-1.602010066768905,0.0,0.0,-0.7180559419858776,0.6959853907797016,0.2142856330065528,5.4878578380525784e-05,0.0,0.0,0.0,-0.07302709316012788
2026-08-24T01:49:12.759709,30.06,1.9704953413959634,0.5947783896079275,0.0,-1.600515059150117,0.0,0.0,-0.7175354896922786,0.6965219458366418,0.2142857137690515,5.4565172691645506e-05,0.0,0.0,0.0,-9.774467919258591e-05
2026-08-24T01:49:12.791788,30.09,1.9703090503627163,0.5883525188511224,0.0,-1.5993550106922185,0.0,0.0,-0.7171313694108018,0.6969380166176818,0.21428563504430542,5.466370092583167e-05,0.0,0.0,0.0,0.027723585935005665
2026-08-24T01:49:12.825483,30.11,1.970190068082636,0.5840684566642428,0.0,-1.598564386523498,0.0,0.0,-0.7168558053643102,0.697221452850876,0.2142856360338774,5.474832948897266e-05,0.0,0.0,0.0,-0.01473181899817651
2026-08-24T01:49:12.857073,30.13,1.970075264940756,0.5797842804661207,0.0,-1.5975463760484279,0.0,0.0,-0.7165008231446431,0.6975862458743355,0.214285637247138,5.453019949062642e-05,0.0,0.0,0.0,0.013625173821870708
2026-08-24T01:49:12.887161,30.15,1.9699646490021399,0.5754999940967731,0.0,-1.5965993706302322,0.0,0.0,-0.7161704338582692,0.6979254327413915,0.2142856379768515,5.462070714340009e-05,0.0,0.0,0.0,0.0008969158117780929
2026-08-24T01:49:12.918574,30.17,1.9698582163073413,0.571215601793448,0.0,-1.5955302189023768,0.0,0.0,-0.7157972374543793,0.6983081804280106,0.21428563834938988,5.4586540210802756e-05,0.0,0.0,0.0,0.019872427217334482
2026-08-24T01:49:12.953379,30.19,1.9697559704399628,0.5669311074892641,0.0,-1.5943701953377587,0.0,0.0,-0.715392090102774,0.6987232337759954,0.21428563987024024,5.467583445296102e-05,0.0,0.0,0.0,0.0009790492435415507
2026-08-24T01:49:12.978286,30.21,1.9696579049372527,0.5626465155129092,0.0,-1.5935824753834793,0.0,0.0,-0.7151168355051651,0.6990049438860062,0.2142856387148345,5.4294670340073264e-05,0.0,0.0,0.0,0.01877498041001864
2026-08-24T01:49:13.008169,30.22,1.969610423714529,0.5605041841740868,0.0,-1.5927026882926112,0.0,0.0,-0.7148092785622234,0.6993194515250907,0.21428571378915093,5.4371967203148354e-05,0.0,0.0,0.0,0.02822144565010583
2026-08-24T01:49:13.036704,30.25,1.9694743326361803,0.5540770542758796,0.0,-1.591629430320691,0.0,0.0,-0.7144339005700503,0.6997029381932475,0.21428564052691831,5.4002799863222554e-05,0.0,0.0,0.0,0.018503713450805946
2026-08-24T01:49:13.068080,30.27,1.9693888237484227,0.5497921932435178,0.0,-1.5904789058580173,0.0,0.0,-0.7140312697061526,0.7001138092351982,0.21428564351775858,5.409058840261129e-05,0.0,0.0,0.0,0.0003252266817629669
2026-08-24T01:49:13.093619,30.29,1.9693074921169529,0.5455072509504443,0.0,-1.5896823405813436,0.0,0.0,-0.7137523699053927,0.7003981399564362,0.21428564230217217,5.372767713524656e-05,0.0,0.0,0.0,-0.008907740488517397
2026-08-24T01:49:13.121861,30.31,1.9692303448758623,0.5412222312120759,0.0,-1.589113036649718,0.0,0.0,-0.7135529712841806,0.7006012825934002,0.21428564526301505,5.34800743859525e-05,0.0,0.0,0.0,-0.0002539505382023535
2026-08-24T01:49:13.154744,30.33,1.969157387367401,0.5369370623296522,0.0,-1.588037909980801,0.0,0.0,-0.7131762506414762,0.7009847612615886,0.2142894523879921,5.385915989844962e-05,0.0,0.0,0.0,9.755669207914958e-06
2026-08-24T01:49:13.181402,30.35,1.9690886130400362,0.532651858489236,0.0,-1.5870606784596055,0.0,0.0,-0.7128336533190546,0.7013331467254418,0.21428964045983412,5.411061776192501e-05,0.0,0.0,0.0,-0.04319552849724901
2026-08-24T01:49:13.212095,30.36,1.9690557747430613,0.530509292541361,0.0,-1.5858704825883654,0.0,0.0,-0.7124161652138857,0.701757228350333,0.21428571377231892,5.380600851750639e-05,0.0,0.0,0.0,0.0006234755470997601
2026-08-24T01:49:13.238109,30.39,1.9689635767252374,0.5240813831005096,0.0,-1.5847143596817543,0.0,0.0,-0.7120103874044659,0.7021689314033642,0.21428564805188102,5.389838212532252e-05,0.0,0.0,0.0,0.027415642971077323
2026-08-24T01:49:13.269449,30.41,1.9689073059470692,0.5197960383942074,0.0,-1.5839224730620038,0.0,0.0,-0.7117323125096119,0.702450792105554,0.2142856488779025,5.398328807576154e-05,0.0,0.0,0.0,0.009136785586871402
2026-08-24T01:49:13.303772,30.43,1.968855197734011,0.5155106410725576,0.0,-1.5827746235317557,0.0,0.0,-0.7113290414072535,0.7028591571934152,0.21428564970286632,5.4063256154706205e-05,0.0,0.0,0.0,0.02686646819604689
2026-08-24T01:49:13.333886,30.45,1.9688072487887636,0.5112251951760205,0.0,-1.5819792330040328,0.0,0.0,-0.7110494614042029,0.7031419937941361,0.21428565049950457,5.414085952703397e-05,0.0,0.0,0.0,0.009279149277031608
2026-08-24T01:49:13.362486,30.47,1.9687634622604446,0.5069397047499231,0.0,-1.580828913439854,0.0,0.0,-0.7106449248198746,0.7035508445220962,0.21428565130699986,5.421733088427972e-05,0.0,0.0,0.0,-0.0002850982236657709
2026-08-24T01:49:13.388746,30.49,1.9687238349861853,0.502654173826658,0.0,-1.580315196388658,0.0,0.0,-0.7104641883463925,0.7037333565188606,0.21428565203710953,5.394671058397792e-05,0.0,0.0,0.0,0.0007175150503402963
2026-08-24T01:49:13.420730,30.51,1.968688375658333,0.49836860640971864,0.0,-1.579067439280717,0.0,0.0,-0.7100250059610157,0.7041764629054706,0.21428565170080874,5.4269007662471106e-05,0.0,0.0,0.0,-0.022222119924774856
2026-08-24T01:49:13.446572,30.53,1.9686570740938965,0.49408300657715165,0.0,-1.5780955553627225,0.0,0.0,-0.7096827332521147,0.7045214106922569,0.2142856536021758,5.3949168621705975e-05,0.0,0.0,0.0,-0.022087524072193707
2026-08-24T01:49:13.471807,30.54,1.9686429680385416,0.4919401908115302,0.0,-1.5771273985713763,0.0,0.0,-0.7093416065205814,0.704864870211873,0.214285713768901,5.363017126913672e-05,0.0,0.0,0.0,-0.043698518930827525
2026-08-24T01:49:13.501560,30.57,1.968606966514613,0.485511720946721,0.0,-1.5770228696036936,0.0,0.0,-0.7093047661531684,0.704901942622092,0.21428565510511619,5.333604998440027e-05,0.0,0.0,0.0,0.0005993638036718568
2026-08-24T01:49:13.535428,30.59,1.968588170382344,0.48122604805756397,0.0,-1.5750834106209204,0.0,0.0,-0.7086208685516963,0.705589444828251,0.21428565417407006,5.4415255390226674e-05,0.0,0.0,0.0,0.019366402974080835
2026-08-24T01:49:13.564248,30.61,1.9685735271951061,0.4769403589273925,0.0,-1.5739266619813117,0.0,0.0,-0.7082126552364266,0.7059991749024713,0.21428565659031856,5.449223639373442e-05,0.0,0.0,0.0,0.0011155094984868566
2026-08-24T01:49:13.588078,30.62,1.9685677462388107,0.47479750940261156,0.0,-1.5732398337997093,0.0,0.0,-0.7079701634155313,0.706242343472399,0.21428571171579303,5.410065640329407e-05,0.0,0.0,0.0,0.010568076725531757
2026-08-24T01:49:13.615184,30.65,1.968556747275066,0.46836894812489527,0.0,-1.5722711851451794,0.0,0.0,-0.7076280300467173,0.7065851478004631,0.21428565801909072,5.418910680063525e-05,0.0,0.0,0.0,-0.02807724978679074
2026-08-24T01:49:13.649580,30.67,1.968554599587604,0.46408323453179556,0.0,-1.5712592515609758,0.0,0.0,-0.7072704308641586,0.7069430936258077,0.21428565869997493,5.3804674594253595e-05,0.0,0.0,0.0,0.015288605276811647
2026-08-24T01:49:13.681510,30.69,1.9685566170026867,0.4597975208855625,0.0,-1.5701757748528669,0.0,0.0,-0.7068873489099227,0.7073261453891699,0.21428565940679625,5.392059801799903e-05,0.0,0.0,0.0,0.02350477158312083
2026-08-24T01:49:13.710474,30.71,1.968562793058275,0.4555118112013812,0.0,-1.5693741615166814,0.0,0.0,-0.7066037911026185,0.7076094137300656,0.21428566009388875,5.399543501279663e-05,0.0,0.0,0.0,-0.0013812672458105362
2026-08-24T01:49:13.743069,30.72,1.968567422269798,0.4533689570760715,0.0,-1.5683840661686146,0.0,0.0,-0.7062534041380645,0.7079591295713303,0.21428589550863975,5.396262356804906e-05,0.0,0.0,0.0,-0.00116103055270405
2026-08-24T01:49:13.775528,30.75,1.968587633347764,0.4469404169989841,0.0,-1.5674303449309372,0.0,0.0,-0.7059157260226038,0.7082958335003674,0.21428566142363703,5.406272015529225e-05,0.0,0.0,0.0,-0.0005947280189447148
2026-08-24T01:49:13.805868,30.78,1.8221910752495851,-0.551583364189765,0.0,-1.5654702140608059,0.0,0.0,-0.7052212108435445,0.7089873368237016,0.2142857162981008,-0.1765884639117935,0.0,0.0,0.0,0.01786751881453293
2026-08-24T01:49:13.832054,30.79,1.9686291253617934,0.43836909018497544,0.0,-1.5651999877334877,0.0,0.0,-0.705125410884657,0.7090826150208054,0.21428566273104266,5.412169301239453e-05,0.0,0.0,0.0,-0.0003197207522673759
2026-08-24T01:49:13.860024,30.81,1.9686561083853964,0.4340834610383997,0.0,-1.5644139790750051,0.0,0.0,-0.7048466839001813,0.7093596775930514,0.2142856612852412,5.374143193949528e-05,0.0,0.0,0.0,0.017881819771722388
2026-08-24T01:49:13.893711,30.83,1.968688308392428,0.4297978679525851,0.0,-1.5629389974079178,0.0,0.0,-0.7043233460072088,0.7098793026065836,0.21428566400685237,5.383071636161943e-05,0.0,0.0,0.0,-0.000624925860535603
2026-08-24T01:49:13.917244,30.85,1.9687268070680668,0.42551232643123976,0.0,-1.5618111701418176,0.0,0.0,-0.7039229234249543,0.7102763672521182,0.2142856625318178,5.428385143635918e-05,0.0,0.0,0.0,0.017493373600927876
2026-08-24T01:49:13.952661,30.87,1.9687692205968215,0.42122682215175883,0.0,-1.5609068743747592,0.0,0.0,-0.7036017015255295,0.7105945718976325,0.21428566525073803,5.4390873097467384e-05,0.0,0.0,0.0,-0.027102368807983113
2026-08-24T01:49:13.980310,30.89,1.9688158842731207,0.41694136206651095,0.0,-1.5599079076212972,0.0,0.0,-0.7032466835954733,0.7109459205959116,0.21428566584155057,5.404628504886625e-05,0.0,0.0,0.0,-0.00020366967785969748
2026-08-24T01:49:14.007818,30.91,1.968866802533581,0.4126559504283467,0.0,-1.559136043117023,0.0,0.0,-0.7029722542699192,0.7112172732201237,0.21428566646585984,5.4036788742504566e-05,0.0,0.0,0.0,-0.04338875009236684
2026-08-24T01:49:14.043980,30.93,1.9689219692460764,0.4083705913649755,0.0,-1.558578776976918,0.0,0.0,-0.7027740583320585,0.7114131169267884,0.2142856670383503,5.376041590620001e-05,0.0,0.0,0.0,-0.08715782180864752
2026-08-24T01:49:14.068085,30.94,1.9689511423205543,0.4062279326558398,0.0,-1.556930941074584,0.0,0.0,-0.7021876738248085,0.7119919035554438,0.21428571376911407,5.348083263365135e-05,0.0,0.0,0.0,-4.51358912450942e-05
2026-08-24T01:49:14.099466,30.96,1.9690022544530013,0.4026568697386357,0.0,-1.556104028493609,0.0,0.0,-0.7018932362837716,0.7122821666018977,0.2142857132278263,5.3179432718292174e-05,0.0,0.0,0.0,0.018361365612376754
2026-08-24T01:49:14.126746,30.98,1.9690784890116553,0.39765745173239053,0.0,-1.554946744539059,0.0,0.0,-0.7014809624392737,0.7126881922238295,0.2142857137901656,5.3778412478888704e-05,0.0,0.0,0.0,0.00011068571133050339
2026-08-24T01:49:14.157922,31.01,1.9691851610180655,0.39122976587292485,0.0,-1.553775271176209,0.0,0.0,-0.7010633945118826,0.7130989530741694,0.21428566951368647,5.3888853672090946e-05,0.0,0.0,0.0,-0.0005017648933097162
2026-08-24T01:49:14.189156,31.03,1.9692615771011601,0.38694473305428717,0.0,-1.5532334139766761,0.0,0.0,-0.70087016988356,0.7132888650241148,0.2142856700165383,5.3648293264148485e-05,0.0,0.0,0.0,-0.05379681154779133
2026-08-24T01:49:14.219714,31.04,1.969301373559563,0.38480224534296026,0.0,-1.5519732334031249,0.0,0.0,-0.7004205944002324,0.7137303348884823,0.21428571376959762,5.3302808060873374e-05,0.0,0.0,0.0,-0.00018279998744104962
2026-08-24T01:49:14.248187,31.07,1.969427154184371,0.37837490524166345,0.0,-1.5507988266405897,0.0,0.0,-0.7000013688031153,0.7141415011562939,0.21428567115198516,5.3424251749729253e-05,0.0,0.0,0.0,0.027124186685542874
2026-08-24T01:49:14.278568,31.08,1.9694712023438201,0.37623250072917713,0.0,-1.5499895520339322,0.0,0.0,-0.6997123432136949,0.7144246893510893,0.2142857137889436,5.353207722985636e-05,0.0,0.0,0.0,2.25733528156702e-05
2026-08-24T01:49:14.306230,31.11,1.9696097346840797,0.3698054228240532,0.0,-1.548954417824158,0.0,0.0,-0.6993424867941085,0.714786741738144,0.21428567245278662,5.334458956164684e-05,0.0,0.0,0.0,0.013910263185789327
2026-08-24T01:49:14.342157,31.13,1.9697073991944145,0.36552082163660093,0.0,-1.5480171281948594,0.0,0.0,-0.6990074289086934,0.7151144064626708,0.21428567274026494,5.346668681937887e-05,0.0,0.0,0.0,-0.001098052806356083
2026-08-24T01:49:14.366496,31.15,1.9698093111343664,0.3612363194023177,0.0,-1.5469220485956887,0.0,0.0,-0.6986157705483106,0.7154970336354933,0.214285672674575,5.346677804804855e-05,0.0,0.0,0.0,0.018267166561488045
2026-08-24T01:49:14.405413,31.17,1.969915470474396,0.356951920265826,0.0,-1.5457446736402827,0.0,0.0,-0.6981944453749306,0.7159081759887878,0.21428567376501353,5.357948086126746e-05,0.0,0.0,0.0,-0.0013912349863783417
2026-08-24T01:49:14.435273,31.18,1.9699701393394315,0.3548097604908873,0.0,-1.5450313957496928,0.0,0.0,-0.6979390802413883,0.7161571337854599,0.21428571171641964,5.320634991021192e-05,0.0,0.0,0.0,0.007691498021106894
2026-08-24T01:49:14.464135,31.21,1.9701405362527091,0.34838344841724056,0.0,-1.5437637368954389,0.0,0.0,-0.6974850186110125,0.7165993642288524,0.21428567476492866,5.3347321266420804e-05,0.0,0.0,0.0,-0.0011460355183259864
