wall_time,ros_time_sec,x,y,z,yaw,qx,qy,qz,qw,lin_vel_x,lin_vel_y,lin_vel_z,ang_vel_x,ang_vel_y,ang_vel_z
2026-08-28T01:51:05.700612,0.02,-1.1744706240227434e-12,0.0,0.0,0.0,0.0,0.0,0.0,1.0,-4.697901288136747e-10,0.0,0.0,0.0,0.0,0.0
2026-08-28T01:51:05.799731,0.04,-2.617307052964351e-13,0.0,0.0,0.0,0.0,0.0,0.0,1.0,-1.5898969774657472e-11,0.0,0.0,0.0,0.0,0.0
2026-08-28T01:51:05.916528,0.060000000000000005,1.2056598665529211e-12,0.0,0.0,0.0,0.0,0.0,0.0,1.0,6.276065373444432e-10,0.0,0.0,0.0,0.0,0.0
2026-08-28T01:51:06.015801,0.08,1.666646964792243e-12,0.0,0.0,0.0,0.0,0.0,0.0,1.0,5.833474989950377e-10,0.0,0.0,0.0,0.0,0.0
2026-08-28T01:51:06.089903,0.1,3.0723925562755925e-13,0.0,0.0,0.0,0.0,0.0,0.0,1.0,1.0204051848410967e-10,0.0,0.0,0.0,0.0,0.0
2026-08-28T01:51:06.169976,0.12000000000000001,7.150068774439388e-13,0.0,0.0,0.0,0.0,0.0,0.0,1.0,3.1568739820592856e-10,0.0,0.0,0.0,0.0,0.0
2026-08-28T01:51:06.243099,0.14,5.129884117716926e-13,0.0,0.0,0.0,0.0,0.0,0.0,1.0,1.429135636059082e-10,0.0,0.0,0.0,0.0,0.0
2026-08-28T01:51:06.319690,0.16,6.876972728125762e-13,0.0,0.0,0.0,0.0,0.0,0.0,1.0,2.984733893688588e-10,0.0,0.0,0.0,0.0,0.0
2026-08-28T01:51:06.391346,0.18000000000000002,1.600824868862261e-13,0.0,0.0,0.0,0.0,0.0,0.0,1.0,-7.514079901235716e-11,0.0,0.0,0.0,0.0,0.0
2026-08-28T01:51:06.463910,0.2,-2.41762038540826e-15,0.0,0.0,0.0,0.0,0.0,0.0,1.0,1.2947340308168062e-10,0.0,0.0,0.0,0.0,0.0
2026-08-28T01:51:06.549565,0.22,1.4012329363917484e-12,0.0,0.0,0.0,0.0,0.0,0.0,1.0,5.652495233487119e-10,0.0,0.0,0.0,0.0,0.0
2026-08-28T01:51:06.630653,0.24000000000000002,3.4078036322424943e-13,0.0,0.0,0.0,0.0,0.0,0.0,1.0,-6.534586573562172e-11,0.0,0.0,0.0,0.0,0.0
2026-08-28T01:51:06.711569,0.26,-1.3911649366890043e-12,0.0,0.0,0.0,0.0,0.0,0.0,1.0,-5.068842854130673e-10,0.0,0.0,0.0,0.0,0.0
2026-08-28T01:51:06.786444,0.28,-4.958380405032708e-13,0.0,0.0,0.0,0.0,0.0,0.0,1.0,-1.8177345090556688e-10,0.0,0.0,0.0,0.0,0.0
2026-08-28T01:51:06.874273,0.30000000000000004,4.693276255459288e-13,0.0,0.0,0.0,0.0,0.0,0.0,1.0,3.301470937453789e-10,0.0,0.0,0.0,0.0,0.0
2026-08-28T01:51:06.959572,0.32,8.621295635203444e-13,0.0,0.0,0.0,0.0,0.0,0.0,1.0,2.6653731638784893e-10,0.0,0.0,0.0,0.0,0.0
2026-08-28T01:51:07.066002,0.34,3.1938061011658685e-13,0.0,0.0,0.0,0.0,0.0,0.0,1.0,1.0908977432326494e-10,0.0,0.0,0.0,0.0,0.0
2026-08-28T01:51:07.486469,0.36000000000000004,8.990313540446408e-14,0.0,0.0,0.0,0.0,0.0,0.0,1.0,1.0658270238063892e-10,0.0,0.0,0.0,0.0,0.0
2026-08-28T01:51:07.490299,0.403,8.106153337252128e-06,0.0,0.0,0.0,0.0,0.0,0.0,1.0,0.0003770302770149251,0.0,0.0,0.0,0.0,0.0
2026-08-28T01:51:07.503848,0.42000000000000004,-2.1106584016937646e-07,0.0,0.0,0.0,0.0,0.0,0.0,1.0,-2.550099430222045e-05,0.0,0.0,0.0,0.0,0.0
2026-08-28T01:51:07.533725,0.44,1.6986683097428143e-13,0.0,0.0,0.0,0.0,0.0,0.0,1.0,1.4265806690857385e-10,0.0,0.0,0.0,0.0,0.0
2026-08-28T01:51:07.622649,0.46,4.915973087206265e-13,-7.377478957083046e-41,0.0,0.0,0.0,0.0,0.0,1.0,2.462533177317785e-10,-1.5929756327102258e-41,0.0,0.0,0.0,-9.80394094074394e-66
2026-08-28T01:51:07.710966,0.48000000000000004,1.535242617451785e-12,2.0128415585090074e-41,0.0,0.0,0.0,0.0,0.0,1.0,7.008716905996561e-10,5.307957102580599e-42,0.0,0.0,0.0,7.184769001545408e-65
2026-08-28T01:51:07.789216,0.5,1.0862858132189494e-12,5.857227797138204e-41,0.0,0.0,0.0,0.0,0.0,1.0,3.5947326341187295e-10,1.4344455269500075e-41,0.0,0.0,0.0,1.5225090786503045e-65
2026-08-28T01:51:07.875881,0.52,1.4125243927323327e-13,3.5917414627872136e-41,0.0,0.0,0.0,0.0,0.0,1.0,-1.5307089251589403e-11,8.747530166585034e-42,0.0,0.0,0.0,-3.0377858658185213e-66
2026-08-28T01:51:07.955434,0.54,1.2915260298477052e-13,1.8669605883858573e-40,0.0,0.0,0.0,0.0,0.0,1.0,1.6462256042940396e-10,4.714551162639062e-41,0.0,0.0,0.0,2.3218244792721872e-65
2026-08-28T01:51:08.039812,0.56,-3.071682040053428e-14,3.3610224753186186e-40,0.0,0.0,0.0,0.0,0.0,1.0,-1.0949017005003857e-10,8.651104355295108e-41,0.0,0.0,0.0,1.7325474350183756e-65
2026-08-28T01:51:08.128908,0.5800000000000001,-1.1807338700905314e-12,-1.0924121118401624e-41,0.0,0.0,0.0,0.0,0.0,1.0,-4.882469508175283e-10,-8.936440784677449e-42,0.0,0.0,0.0,2.4332250070644126e-64
2026-08-28T01:51:08.217045,0.6000000000000001,8.884367653019291e-14,-9.304480555380703e-43,0.0,0.0,0.0,0.0,0.0,1.0,1.3132515370029973e-10,-6.080033361143811e-42,0.0,0.0,0.0,-1.2167287329748505e-66
2026-08-28T01:51:08.300110,0.62,8.948942379297158e-13,1.2597825816987878e-40,0.0,0.0,0.0,0.0,0.0,1.0,3.098966918854435e-10,3.116726058552134e-41,0.0,0.0,0.0,2.136802797080532e-65
2026-08-28T01:51:08.378147,0.64,5.58751853947849e-13,-1.7924162457327002e-40,0.0,0.0,0.0,0.0,0.0,1.0,1.4486198995726767e-10,-6.143597376012784e-41,0.0,0.0,0.0,-1.0849904144452793e-64
2026-08-28T01:51:08.459849,0.66,-1.0425285788061244e-12,2.6608719073407756e-40,0.0,0.0,0.0,0.0,0.0,1.0,-5.152346676477043e-10,7.796696476715859e-41,0.0,0.0,0.0,-1.8709508414560363e-64
2026-08-28T01:51:08.547040,0.68,-9.261027154235792e-13,6.798435772527016e-40,0.0,0.0,0.0,0.0,0.0,1.0,-2.6072650389044084e-10,2.108933224809969e-40,0.0,0.0,0.0,-6.4341677096432e-65
2026-08-28T01:51:08.635909,0.7000000000000001,-3.856297384194087e-13,7.780241596718557e-40,0.0,0.0,0.0,0.0,0.0,1.0,-9.857237547500385e-11,2.4255844893367938e-40,0.0,0.0,0.0,-2.4451283626886834e-65
2026-08-28T01:51:08.745223,0.7200000000000001,1.4303473825348344e-13,6.2083547442634505e-40,0.0,0.0,0.0,0.0,0.0,1.0,2.6603356311231865e-11,1.87899464237795e-40,0.0,0.0,0.0,-3.7472883700627553e-65
2026-08-28T01:51:08.833134,0.74,-4.166138550555e-13,4.916502967368123e-40,0.0,0.0,0.0,0.0,0.0,1.0,-1.3780595054294596e-10,1.4176311194547956e-40,0.0,0.0,0.0,3.239256801624763e-65
2026-08-28T01:51:08.920388,0.76,-4.18644433080737e-14,6.2079233509785416e-40,0.0,0.0,0.0,0.0,0.0,1.0,-3.117389454757903e-11,1.875293667719073e-40,0.0,0.0,0.0,2.5320035970696424e-66
2026-08-28T01:51:09.022353,0.78,2.9624812490210976e-13,9.540180363774461e-40,0.0,0.0,0.0,0.0,0.0,1.0,2.0401829256219434e-10,3.0960401390165385e-40,0.0,0.0,0.0,3.1045499909205022e-65
2026-08-28T01:51:09.113679,0.8,1.0530333051587433e-12,1.3998269738806776e-39,0.0,0.0,0.0,0.0,0.0,1.0,4.403009911963657e-10,4.767821556378766e-40,0.0,0.0,0.0,1.6042500623084558e-64
2026-08-28T01:51:09.214560,0.8200000000000001,3.4675492696102175e-13,1.110228699906738e-39,0.0,0.0,0.0,0.0,0.0,1.0,-6.49785001467177e-12,3.620699811862107e-40,0.0,0.0,0.0,-8.285900626755272e-65
2026-08-28T01:51:09.305925,0.8400000000000001,-9.360434259890896e-13,1.4153038361914346e-39,0.0,0.0,0.0,0.0,0.0,1.0,-3.4942526083432505e-10,4.812455453126034e-40,0.0,0.0,0.0,-9.049088516901776e-65
2026-08-28T01:51:09.396217,0.8600000000000001,-2.6508173354778077e-13,1.672690060737687e-39,0.0,0.0,0.0,0.0,0.0,1.0,-5.234755703030085e-12,5.831845727282297e-40,0.0,0.0,0.0,-2.8885619683796437e-66
2026-08-28T01:51:09.480170,0.88,4.2575417182135884e-13,1.2326738951052735e-39,0.0,0.0,0.0,0.0,0.0,1.0,2.1179564897136523e-10,3.97170359673824e-40,0.0,0.0,0.0,-1.1657938381550708e-64
2026-08-28T01:51:09.562365,0.9,9.006124227846935e-13,1.3779963055308757e-39,0.0,0.0,0.0,0.0,0.0,1.0,4.377670851686555e-10,4.565005382540551e-40,0.0,0.0,0.0,4.731952160570542e-65
2026-08-28T01:51:09.650029,0.92,9.701424916188168e-13,2.389429930073109e-39,0.0,0.0,0.0,0.0,0.0,1.0,3.1687693257103494e-10,8.923057213342116e-40,0.0,0.0,0.0,2.1690038659790357e-64
2026-08-28T01:51:09.739850,0.9400000000000001,8.366193100284268e-13,2.705004583075172e-39,0.0,0.0,0.0,0.0,0.0,1.0,3.219542851447873e-10,1.0267357579125729e-39,0.0,0.0,0.0,8.957762371913841e-65
2026-08-28T01:51:09.832712,0.9600000000000001,5.138149868700932e-13,2.9989038239879495e-39,0.0,0.0,0.0,0.0,0.0,1.0,1.6074397486633054e-10,1.1532869666861162e-39,0.0,0.0,0.0,4.044438374969808e-65
2026-08-28T01:51:09.925894,0.9800000000000001,6.10184773295123e-14,3.399420004667107e-39,0.0,0.0,0.0,0.0,0.0,1.0,-2.1042252746893164e-11,1.3306553113199702e-39,0.0,0.0,0.0,-1.016800306158856e-64
2026-08-28T01:51:10.012924,1.0,3.4823429078577594e-14,3.61920391623077e-39,0.0,0.0,0.0,0.0,0.0,1.0,-7.89555087095709e-11,1.4254720082032445e-39,0.0,0.0,0.0,2.003118988954493e-65
2026-08-28T01:51:10.092518,1.02,-6.302030426532499e-13,4.156643801089262e-39,0.0,0.0,0.0,0.0,0.0,1.0,-2.1407342101786332e-10,1.6733830141737648e-39,0.0,0.0,0.0,-2.3906962103816955e-64
2026-08-28T01:51:10.174208,1.04,5.050410127439663e-13,4.274640734851748e-39,0.0,0.0,0.0,0.0,0.0,1.0,2.3062541579157297e-10,1.719889574093923e-39,0.0,0.0,0.0,2.5730208338023643e-65
2026-08-28T01:51:10.263525,1.06,-2.747329472734076e-13,4.0307635272580276e-39,0.0,0.0,0.0,0.0,0.0,1.0,-2.2002471483759285e-10,1.5873418823493753e-39,0.0,0.0,0.0,7.733371280642744e-65
2026-08-28T01:51:10.354855,1.08,1.3948126754993042e-13,4.579418311532965e-39,0.0,0.0,0.0,0.0,0.0,1.0,1.5476900182720844e-10,1.8531874074230377e-39,0.0,0.0,0.0,8.728243445404772e-65
2026-08-28T01:51:10.455500,1.1,5.191061412276499e-13,4.2907651274528775e-39,0.0,0.0,0.0,0.0,0.0,1.0,2.1533653306933954e-10,1.6919179241419725e-39,0.0,0.0,0.0,-8.044220001803239e-65
2026-08-28T01:51:10.554428,1.12,3.142665689929264e-13,4.263192782670487e-39,0.0,0.0,0.0,0.0,0.0,1.0,1.1425929691764982e-10,1.6651627580357957e-39,0.0,0.0,0.0,-3.2991514271541835e-66
2026-08-28T01:51:10.645235,1.1400000000000001,2.457990055025437e-13,3.7519388026436736e-39,0.0,0.0,0.0,0.0,0.0,1.0,8.043220457070246e-11,1.3814100548120202e-39,0.0,0.0,0.0,-7.58529071671728e-65
2026-08-28T01:51:10.744804,1.16,-1.0007678499446287e-14,2.804611672919959e-39,0.0,0.0,0.0,0.0,0.0,1.0,-1.392370171576432e-12,8.598462634542145e-40,0.0,0.0,0.0,-4.971733948032276e-65
2026-08-28T01:51:10.835061,1.18,-1.1200336530963853e-12,3.011844118259307e-39,0.0,0.0,0.0,0.0,0.0,1.0,-5.995956888545789e-10,9.658030738723627e-40,0.0,0.0,0.0,-5.256368047246848e-65
2026-08-28T01:51:10.934902,1.2,-2.258085463506308e-12,2.6954482864608183e-39,0.0,0.0,0.0,0.0,0.0,1.0,-8.473490472650502e-10,7.814894576117288e-40,0.0,0.0,0.0,2.7487734276860185e-64
2026-08-28T01:51:11.034409,1.22,-6.682585524373651e-13,2.226924168998558e-39,0.0,0.0,0.0,0.0,0.0,1.0,-7.638946663131264e-11,5.09830541079899e-40,0.0,0.0,0.0,1.910940837383709e-64
2026-08-28T01:51:11.125583,1.24,8.198959140655483e-13,2.7141445737059277e-39,0.0,0.0,0.0,0.0,0.0,1.0,2.856145743090205e-10,7.833812917567722e-40,0.0,0.0,0.0,1.6396939547513678e-64
2026-08-28T01:51:11.219227,1.26,4.626877307292847e-13,1.8223398379862934e-39,0.0,0.0,0.0,0.0,0.0,1.0,1.9227813225885636e-10,2.578526198997696e-40,0.0,0.0,0.0,-1.83712353623116e-64
2026-08-28T01:51:11.315218,1.28,2.5185173083802525e-13,1.5330751325288074e-39,0.0,0.0,0.0,0.0,0.0,1.0,7.489607993174533e-11,8.372814882136588e-41,0.0,0.0,0.0,-1.5453744811680217e-65
2026-08-28T01:51:11.416677,1.3,5.875337218541386e-13,7.166076775179769e-40,0.0,0.0,0.0,0.0,0.0,1.0,2.9663002262814153e-10,-4.0627672054352505e-40,0.0,0.0,0.0,-6.112253309438881e-65
2026-08-28T01:51:11.523969,1.32,7.919591730733419e-13,5.79274827610779e-40,0.0,0.0,0.0,0.0,0.0,1.0,2.1506865625702757e-10,-4.880912106825183e-40,0.0,0.0,0.0,-3.510011933100402e-65
2026-08-28T01:51:11.627789,1.34,6.07853484382414e-14,-1.4871834474387537e-40,0.0,0.0,0.0,0.0,0.0,1.0,5.767931794960581e-12,-9.32474853705511e-40,0.0,0.0,0.0,-8.62625083005154e-66
2026-08-28T01:51:11.714955,1.36,0.005599997464123151,-2.8998412885760336e-21,0.0,0.0,0.0,0.0,0.0,1.0,0.5599990276877599,-1.8011686600891035e-21,0.0,0.0,0.0,-2.3382077547941e-43
2026-08-28T01:51:11.802847,1.38,0.018479999881465224,-1.8506765866921292e-20,0.0,0.0,0.0,0.0,0.0,1.0,0.7279999729335612,-1.1477790155640467e-20,0.0,0.0,0.0,-2.5357522337434834e-41
2026-08-28T01:51:11.891990,1.4,0.03304000089426435,-3.61493885323791e-20,0.0,0.0,0.0,0.0,0.0,1.0,0.7280003659768843,-2.2212710680506017e-20,0.0,0.0,0.0,-3.6345152506993377e-41
2026-08-28T01:51:11.984920,1.42,0.04860800019184391,-5.501342432909698e-20,0.0,0.0,0.0,0.0,0.0,1.0,0.7784002832256182,-3.3525691591156806e-20,0.0,0.0,0.0,-3.881190041797875e-41
2026-08-28T01:51:12.097504,1.44,0.06447840041995731,-7.42438847220492e-20,0.0,0.0,0.0,0.0,0.0,1.0,0.793520182805507,-4.485837520108832e-20,0.0,0.0,0.0,-3.9420350526507333e-41
2026-08-28T01:51:12.186028,1.46,0.08045312812200313,-9.360076147862384e-20,0.0,0.0,0.0,0.0,0.0,1.0,0.799416855124807,-5.616110651650571e-20,0.0,0.0,0.0,-3.687706953674619e-41
2026-08-28T01:51:12.268728,1.48,0.09644554645358568,-1.1297907415063031e-19,0.0,0.0,0.0,0.0,0.0,1.0,0.7998250602339498,-6.735802162063026e-20,0.0,0.0,0.0,-3.579957746289042e-41
2026-08-28T01:51:12.353894,1.5,0.11244327193105247,-1.3236381757747687e-19,0.0,0.0,0.0,0.0,0.0,1.0,0.7999475186126854,-7.844472410343319e-20,0.0,0.0,0.0,-3.5108577921944636e-41
2026-08-28T01:51:12.453734,1.52,0.12844258957323393,-1.5175049023085532e-19,0.0,0.0,0.0,0.0,0.0,1.0,0.7999842555116362,-8.942239253822523e-20,0.0,0.0,0.0,-3.4603929132163305e-41
2026-08-28T01:51:12.538352,1.54,0.14444238486498476,-1.711377416509284e-19,0.0,0.0,0.0,0.0,0.0,1.0,0.7999952765198066,-1.0029655483033832e-19,0.0,0.0,0.0,-3.415538763868954e-41
2026-08-28T01:51:12.624616,1.56,0.16044232345356274,-1.9052516670011277e-19,0.0,0.0,0.0,0.0,0.0,1.0,0.7999985832149832,-1.1107291200442199e-19,0.0,0.0,0.0,-3.373897849596597e-41
2026-08-28T01:51:12.718529,1.58,0.17644230503052188,-2.0991264383694547e-19,0.0,0.0,0.0,0.0,0.0,1.0,0.7999995753089514,-1.2175761544179189e-19,0.0,0.0,0.0,-3.3330355347043793e-41
2026-08-28T01:51:12.806570,1.6,0.19244229950314243,-2.2930013659901564e-19,0.0,0.0,0.0,0.0,0.0,1.0,0.7999998727100242,-1.3235688650876402e-19,0.0,0.0,0.0,-3.2918193722076103e-41
2026-08-28T01:51:12.888283,1.62,0.2084422969519836,-2.4868763296595435e-19,0.0,0.0,0.0,0.0,0.0,1.0,0.7999998726476216,-1.4287612823542853e-19,0.0,0.0,0.0,-3.251199813316168e-41
2026-08-28T01:51:12.973832,1.6400000000000001,0.22444229618663264,-2.680751314953264e-19,0.0,0.0,0.0,0.0,0.0,1.0,0.7999999619148301,-1.533204940539342e-19,0.0,0.0,0.0,-3.210550278969495e-41
2026-08-28T01:51:13.064312,1.6600000000000001,0.24044229603749293,-2.874626307700606e-19,0.0,0.0,0.0,0.0,0.0,1.0,0.7999999966918611,-1.6369436157718308e-19,0.0,0.0,0.0,-3.170599145598894e-41
2026-08-28T01:51:13.167781,1.6800000000000002,0.25644229596892953,-3.068501301410868e-19,0.0,0.0,0.0,0.0,0.0,1.0,0.79999999695548,-1.74001777664347e-19,0.0,0.0,0.0,-3.1314408420449016e-41
2026-08-28T01:51:13.251610,1.7000000000000002,0.2724422959541089,-3.262376295781302e-19,0.0,0.0,0.0,0.0,0.0,1.0,0.7999999992667587,-1.8424743979055825e-19,0.0,0.0,0.0,-3.0908664013598395e-41
2026-08-28T01:51:13.342591,1.7200000000000002,0.2884422959476101,-3.4562512902296844e-19,0.0,0.0,0.0,0.0,0.0,1.0,0.7999999995832914,-1.9443491761604289e-19,0.0,0.0,0.0,-3.051047721913357e-41
2026-08-28T01:51:13.427859,1.74,0.3044422959479152,-3.6501262847313697e-19,0.0,0.0,0.0,0.0,0.0,1.0,0.8000000002246122,-2.045661367551147e-19,0.0,0.0,0.0,-3.0127205435291364e-41
2026-08-28T01:51:13.520570,1.76,0.32044229594669554,-3.84400127923257e-19,0.0,0.0,0.0,0.0,0.0,1.0,0.7999999998033649,-2.146453540283446e-19,0.0,0.0,0.0,-2.972992316902048e-41
2026-08-28T01:51:13.606615,1.78,0.3364422959460758,-4.0378762737280794e-19,0.0,0.0,0.0,0.0,0.0,1.0,0.7999999997517523,-2.2467515104962673e-19,0.0,0.0,0.0,-2.9338025751345997e-41
2026-08-28T01:51:13.709899,1.8,0.3524422955830964,-4.231751268202327e-19,0.0,0.0,0.0,0.0,0.0,1.0,0.7272728728116387,-2.3468269168612623e-19,0.0,0.0,0.0,-2.8754078811468086e-41
2026-08-28T01:51:13.801614,1.82,0.36844229485635804,-4.425626262290254e-19,0.0,0.0,0.0,0.0,0.0,1.0,0.7999998548084842,-2.450504767838353e-19,0.0,0.0,0.0,-2.5407099452622027e-41
2026-08-28T01:51:13.889035,1.84,0.38444229594747653,-4.619501257275055e-19,0.0,0.0,0.0,0.0,0.0,1.0,0.8000000003312437,-2.5494315482385394e-19,0.0,0.0,0.0,-2.817019882748669e-41
2026-08-28T01:51:13.978666,1.86,0.4004422959471796,-4.813376251742121e-19,0.0,0.0,0.0,0.0,0.0,1.0,0.8000000001887227,-2.6479397654047703e-19,0.0,0.0,0.0,-2.778491664679319e-41
2026-08-28T01:51:14.064625,1.88,0.4164422959467518,-5.007251246202218e-19,0.0,0.0,0.0,0.0,0.0,1.0,0.8000000000079855,-2.746048075576586e-19,0.0,0.0,0.0,-2.7398694294349445e-41
2026-08-28T01:51:14.153516,1.9,0.43244229594676786,-5.201126240656156e-19,0.0,0.0,0.0,0.0,0.0,1.0,0.8000000000248054,-2.8437674768011405e-19,0.0,0.0,0.0,-2.7017741207302545e-41
2026-08-28T01:51:14.243030,1.92,0.4484422959474563,-5.395001235104011e-19,0.0,0.0,0.0,0.0,0.0,1.0,0.80000000037274,-2.941106872829772e-19,0.0,0.0,0.0,-2.664166876545098e-41
2026-08-28T01:51:14.334337,1.94,0.46444229594754227,-5.588876229545682e-19,0.0,0.0,0.0,0.0,0.0,1.0,0.8000000002055264,-3.038076520185519e-19,0.0,0.0,0.0,-2.626712313630076e-41
2026-08-28T01:51:14.419740,1.96,0.4804422959471223,-5.782751223980657e-19,0.0,0.0,0.0,0.0,0.0,1.0,0.8000000002795713,-3.1346907510604305e-19,0.0,0.0,0.0,-2.5892027910684e-41
2026-08-28T01:51:14.505324,1.98,0.4964422959469524,-5.976626218409468e-19,0.0,0.0,0.0,0.0,0.0,1.0,0.800000000132075,-3.2309609999387694e-19,0.0,0.0,0.0,-2.5511630892007424e-41
2026-08-28T01:51:14.597699,2.0,0.5124422959466023,-6.17050121283252e-19,0.0,0.0,0.0,0.0,0.0,1.0,0.7999999999041465,-3.3268935945485256e-19,0.0,0.0,0.0,-2.513329663128158e-41
2026-08-28T01:51:14.691948,2.02,0.5284422959465888,-6.364376207250268e-19,0.0,0.0,0.0,0.0,0.0,1.0,0.7999999999670987,-3.4224871042362567e-19,0.0,0.0,0.0,-2.476343915898388e-41
2026-08-28T01:51:14.786785,2.04,0.5444422959331194,4.569498944095886e-07,0.0,0.00010398139417988618,0.0,0.0,5.199069706652099e-05,0.9999999986484837,0.7999999997890248,2.8523964598855803e-07,0.0,0.0,0.0,0.011419887905119991
2026-08-28T01:51:14.884866,2.06,0.5604422954856929,4.125922173787304e-06,0.0,0.00033666184406744293,0.0,0.0,0.00016833092123877028,0.9999999858323504,0.799999999909087,9.68204529993222e-07,0.0,0.0,0.0,0.011754158724902508
2026-08-28T01:51:14.972874,2.08,0.5764422937343661,1.1551899852784986e-05,0.0,0.0005746256208087885,0.0,0.0,0.00028731280645151344,0.9999999587256748,0.7999999997469676,1.6548178165378452e-06,0.0,0.0,0.0,0.011949478661256443
2026-08-28T01:51:15.067482,2.1,0.5924422897552472,2.2795493909035003e-05,0.0,0.0008146142253342428,0.0,0.0,0.00040730710140514186,0.9999999170504591,0.8000000000603292,2.3370710929315675e-06,0.0,0.0,0.0,0.01195897379908526
2026-08-28T01:51:15.170179,2.12,0.6084422826290559,3.786677577385893e-05,0.0,0.0010546689488610816,0.0,0.0,0.0005273344499902012,0.9999998609591793,0.8000000000553995,3.0101064322228957e-06,0.0,0.0,0.0,0.011960639547147009
2026-08-28T01:51:15.260263,2.14,0.6244422714372759,5.676640607112711e-05,0.0,0.0012947286558970819,0.0,0.0,0.0006473642827322395,0.9999997904597208,0.7999999998321531,3.6741437767061113e-06,0.0,0.0,0.0,0.006147530064500863
2026-08-28T01:51:15.365940,2.16,0.640442256586338,7.856041775733264e-05,0.0,0.0014170729237581445,0.0,0.0,0.0007085364025953654,0.9999997489880516,0.7999999996558262,4.027389355443777e-06,0.0,0.0,0.0,0.006044087845204396
2026-08-28T01:51:15.462049,2.18,0.6564422389830346,0.0001022896558886017,0.0,0.001537301707286165,0.0,0.0,0.0007686507779535055,0.9999997045879472,0.7999999997313291,4.370933849793811e-06,0.0,0.0,0.0,0.005938030147069573
2026-08-28T01:51:15.547276,2.2,0.6724422184416599,0.00012792440678830092,0.0,0.0016564215689904853,0.0,0.0,0.0008282106898123801,0.9999996570334678,0.8000000003955026,4.707508207022123e-06,0.0,0.0,0.0,0.005934831203502555
2026-08-28T01:51:15.644694,2.22,0.6884421947415165,0.00015545960537282347,0.0,0.0017754833667047445,0.0,0.0,0.0008877415667496822,0.9999996059573777,0.8000000002271992,5.0399953856227426e-06,0.0,0.0,0.0,0.005933464587748446
2026-08-28T01:51:15.739470,2.24,0.7044421676583694,0.00018489477988232073,0.0,0.0018945156308336486,0.0,0.0,0.0009472576737548397,0.9999995513513491,0.8000000004208244,5.368598600726045e-06,0.0,0.0,0.0,0.005933078921493815
2026-08-28T01:51:15.833266,2.26,0.7204421369676659,0.00021622978267527818,0.0,0.0020135325263996866,0.0,0.0,0.0010067660931271107,0.9999994932108884,0.8000000002961398,5.693419690244439e-06,0.0,0.0,0.0,0.005932738403495419
2026-08-28T01:51:15.914863,2.2800000000000002,0.7364421024432366,0.0002494645305809466,0.0,0.002132528161756131,0.0,0.0,0.0010662638788354122,0.9999994315405087,0.8000000003639769,6.01455504089746e-06,0.0,0.0,0.0,0.00593241803326082
2026-08-28T01:51:16.015707,2.3,0.7524420638602235,0.00028459889175709693,0.0,0.002251509749221725,0.0,0.0,0.0011257546368281753,0.9999993663380481,0.800000000087336,6.33209337047794e-06,0.0,0.0,0.0,0.005932105208082883
2026-08-28T01:51:16.110529,2.32,0.7684420209928077,0.0003216327908582042,0.0,0.0023704715046632963,0.0,0.0,0.0011852354748316724,0.999999297608188,0.7999999999129683,6.646114231650695e-06,0.0,0.0,0.0,0.005931805698100739
2026-08-28T01:51:16.197760,2.34,0.7844419739743441,0.000360420252013629,0.0,0.002452842807775024,0.0,0.0,0.001226421096442196,0.9999992479453643,0.7999999996469782,6.857901694864343e-06,0.0,0.0,0.0,0.00228545489768817
2026-08-28T01:51:16.287512,2.36,0.8004419248102467,0.0004000833079286576,0.0,0.002497919317709485,0.0,0.0,0.0012489593341460247,0.9999992200499866,0.7999999991100467,6.966399391146879e-06,0.0,0.0,0.0,0.0022146178182943796
2026-08-28T01:51:16.372264,2.38,0.8164418738702578,0.0004404576140520824,0.0,0.002541909498120276,0.0,0.0,0.0012709544068924626,0.9999991923371216,0.7999999996929554,7.071288393323079e-06,0.0,0.0,0.0,0.0021773698309735102
2026-08-28T01:51:16.460403,2.4,0.8324418211499269,0.000481531338783518,0.0,0.0025855093711801835,0.0,0.0,0.0012927543255116878,0.9999991643927778,0.8000000000122824,7.174519030308457e-06,0.0,0.0,0.0,0.0021759027195146644
2026-08-28T01:51:16.566531,2.42,0.8484417666220574,0.0005233026228922189,0.0,0.002629088315895256,0.0,0.0,0.0013145437793531717,0.9999991359869528,0.7999999996898689,7.277154894299395e-06,0.0,0.0,0.0,0.002175474722188111
2026-08-28T01:51:16.657856,2.44,0.8644417102592644,0.0005657713029911893,0.0,0.0026726606675921975,0.0,0.0,0.0013363299360644129,0.9999991071107523,0.8000000000007476,7.3792316368934245e-06,0.0,0.0,0.0,0.0021754271244401437
2026-08-28T01:51:16.747965,2.46,0.8804416520304966,0.0006089373493195647,0.0,0.0027162304977546015,0.0,0.0,0.001358114831375276,0.9999990777616271,0.8000000001472313,7.480767226099412e-06,0.0,0.0,0.0,0.002175398918691253
2026-08-28T01:51:16.836260,2.48,0.8964415919041528,0.0006528007522015851,0.0,0.002759798067984765,0.0,0.0,0.0013798985960765567,0.999999047939479,0.8000000000643699,7.581787285030509e-06,0.0,0.0,0.0,0.0021753761312748557
2026-08-28T01:51:16.922887,2.5,0.9124415298509807,0.0006973615049555112,0.0,0.0028033637184483595,0.0,0.0,0.0014016814002406886,0.9999990176441436,0.7999999998582898,7.682298900009163e-06,0.0,0.0,0.0,0.0021753547237950924
2026-08-28T01:51:17.022434,2.52,0.9284414658407744,0.000742619603157998,0.0,0.0028469273097235796,0.0,0.0,0.0014234631741465902,0.9999989868757827,0.8000000000988823,7.782304503713857e-06,0.0,0.0,0.0,0.0021753344489854457
2026-08-28T01:51:17.130658,2.54,0.9444413998430945,0.0007885750392705825,0.0,0.002890488717665729,0.0,0.0,0.0014452438557117394,0.9999989556345534,0.800000000065252,7.881810555278961e-06,0.0,0.0,0.0,0.002175314964114588
2026-08-28T01:51:17.221328,2.56,0.9604413318263525,0.0008352278045368576,0.0,0.0029340481812227823,0.0,0.0,0.001467023564399764,0.9999989239203517,0.7999999998923544,7.980836583703084e-06,0.0,0.0,0.0,0.0021752964216137614
2026-08-28T01:51:17.311233,2.58,0.9764412617618203,0.0008825778936415715,0.0,0.002977605953798702,0.0,0.0,0.0014888024269022664,0.9999988917330527,0.7999999999405243,8.07938451753259e-06,0.0,0.0,0.0,0.0021752789637993256
2026-08-28T01:51:17.398150,2.6,0.9924411896188222,0.0009306253022928798,0.0,0.0030211617616635604,0.0,0.0,0.001510580306344191,0.9999988590729182,0.80000000007072,8.177453581592048e-06,0.0,0.0,0.0,0.00217526234296279
2026-08-28T01:51:17.487530,2.62,1.0084411153661954,0.0009793700229705714,0.0,0.0030647158233740868,0.0,0.0,0.0015323573119935406,0.999998825939845,0.8000000000838933,8.275055530480648e-06,0.0,0.0,0.0,0.0021752462831426474
2026-08-28T01:51:17.568160,2.64,1.0244410389768428,0.0010288109935426724,0.0,0.003108003187392683,0.0,0.0,0.0015540009682312487,0.9999987925397664,0.7999999998870173,8.371425521445764e-06,0.0,0.0,0.0,0.0021488081469322328
2026-08-28T01:51:17.666344,2.66,1.040440960441894,0.001078941843831477,0.0,0.0031510180156191225,0.0,0.0,0.0015755083560140468,0.9999987588859399,0.8000000001632875,8.466538938738275e-06,0.0,0.0,0.0,0.0021482000375439634
2026-08-28T01:51:17.758136,2.68,1.0564408797339164,0.001129761357174916,0.0,0.003194022200419866,0.0,0.0,0.0015970104213620022,0.999998724778044,0.8000000001084946,8.561199914158625e-06,0.0,0.0,0.0,0.002147872612212692
2026-08-28T01:51:17.843514,2.7,1.0724407968233833,0.0011812694295533234,0.0,0.003237021605412949,0.0,0.0,0.0016185100960708957,0.9999986902116766,0.7999999998251697,8.65543806945298e-06,0.0,0.0,0.0,0.0021478471318835536
2026-08-28T01:51:17.934892,2.72,1.088440711682261,0.0012334660410642784,0.0,0.0032800194307673887,0.0,0.0,0.0016400089802133947,0.9999986551843681,0.8000000001568298,8.749252788835546e-06,0.0,0.0,0.0,0.0021478321533319046
2026-08-28T01:51:18.020136,2.74,1.1044406242803002,0.0012863511865576392,0.0,0.003323015842756406,0.0,0.0,0.0016615071569161394,0.9999986196960311,0.8000000001546698,8.842654656267096e-06,0.0,0.0,0.0,0.002147821230469291
2026-08-28T01:51:18.107894,2.76,1.1204405345870954,0.0013399248622904599,0.0,0.0033660109055775322,0.0,0.0,0.0016830046582679916,0.9999985837466573,0.8000000001409745,8.935653801949632e-06,0.0,0.0,0.0,0.0021478106941419718
2026-08-28T01:51:18.200759,2.7800000000000002,1.1364404425735106,0.0013941870647842403,0.0,0.0034090046406136673,0.0,0.0,0.0017045014949505215,0.9999985473362717,0.7999999998930927,9.028261804680105e-06,0.0,0.0,0.0,0.0021478003191077095
2026-08-28T01:51:18.294835,2.8,1.152440348210464,0.001449137790615474,0.0,0.0034519971086672827,0.0,0.0,0.0017259976973550593,0.999998510464865,0.800000000003531,9.120469211573394e-06,0.0,0.0,0.0,0.0021477899896371897
2026-08-28T01:51:18.378727,2.8200000000000003,1.1684402514683576,0.0015047770367882655,0.0,0.0034949884602939467,0.0,0.0,0.001747493340749411,0.9999984731323464,0.8000000002842239,9.21227157479613e-06,0.0,0.0,0.0,0.0021477796347276223
2026-08-28T01:51:18.463107,2.84,1.1844401523157968,0.001561104800702994,0.0,0.0035379784551299322,0.0,0.0,0.0017689883049420304,0.9999984353389644,0.7999999998579873,9.303700566145338e-06,0.0,0.0,0.0,0.0021477691274363305
2026-08-28T01:51:18.554074,2.8600000000000003,1.2004400507249626,0.0016181210776465272,0.0,0.0035809672425441965,0.0,0.0,0.001790482664607424,0.9999983970846292,0.799999999857103,9.39474910441332e-06,0.0,0.0,0.0,0.002147758220072332
2026-08-28T01:51:18.637799,2.88,1.2164399466667661,0.0016758258640340946,0.0,0.0036239548673799855,0.0,0.0,0.0018119764421573137,0.999998358369339,0.8000000000739544,9.485409054643031e-06,0.0,0.0,0.0,0.002147747146175113
2026-08-28T01:51:18.748781,2.9,1.2324398401102232,0.0017342191561999527,0.0,0.003666941340124019,0.0,0.0,0.0018334696428251901,0.9999983191931219,0.8000000001200636,9.575688307413091e-06,0.0,0.0,0.0,0.0021477356480393774
2026-08-28T01:51:18.852387,2.92,1.2484397310255202,0.0017933009508325568,0.0,0.003709926780552042,0.0,0.0,0.001854962326488961,0.9999982795559037,0.8000000000028157,9.665598775202475e-06,0.0,0.0,0.0,0.0021477235867699684
2026-08-28T01:51:18.945981,2.94,1.264439619384239,0.0018530712454370181,0.0,0.0037529108483695954,0.0,0.0,0.0018764543229918297,0.9999982394580371,0.8000000002329927,9.755134610834648e-06,0.0,0.0,0.0,-0.002966941286244735
2026-08-28T01:51:19.041411,2.96,1.280439508299568,0.0019126921433351505,0.0,0.0036921792326309877,0.0,0.0,0.001846088567722349,0.9999982959770483,0.8000000002177016,9.495770633006459e-06,0.0,0.0,0.0,-0.003223044238047215
2026-08-28T01:51:19.129950,2.98,1.2964394009663869,0.0019712971966591416,0.0,0.0036259862091383432,0.0,0.0,0.0018129921113682012,0.9999983565284516,0.8000000000130422,9.217233033086063e-06,0.0,0.0,0.0,-0.003370475000590348
2026-08-28T01:51:19.215747,3.0,1.3124392975340893,0.002028827992376573,0.0,0.0035582272326188935,0.0,0.0,0.0017791126777544385,0.9999984173777876,0.8000000006086114,8.936345522893395e-06,0.0,0.0,0.0,-0.003379931493706791
2026-08-28T01:51:19.311713,3.02,1.3284391979559622,0.0020852762775648475,0.0,0.0034903587656458512,0.0,0.0,0.001745178496955149,0.9999984771748474,0.8000000002855564,8.657883915267974e-06,0.0,0.0,0.0,-0.003382093484915959
2026-08-28T01:51:19.406436,3.04,1.3444391021634827,0.0021406411548319814,0.0,0.003422475537184777,0.0,0.0,0.001711236933413021,0.999998535833007,0.8000000004237058,8.382090525809237e-06,0.0,0.0,0.0,-0.0033821080613609168
2026-08-28T01:51:19.495339,3.06,1.3604390100847437,0.0021949225406774006,0.0,0.0033545999854971424,0.0,0.0,0.0016772992062808116,0.9999985933326969,0.8000000007187059,8.109104534013881e-06,0.0,0.0,0.0,-0.0033819688291637463
2026-08-28T01:51:19.583412,3.08,1.3764389216440445,0.0022481204724132705,0.0,0.003286733944019905,0.0,0.0,0.0016433662323155124,0.9999986496728015,0.8000000006627663,7.838864624463607e-06,0.0,0.0,0.0,-0.0033818063454484023
2026-08-28T01:51:19.673171,3.1,1.392438836768595,0.002300235000496408,0.0,0.0032188774056662877,0.0,0.0,0.001609438008013616,0.9999987048538105,0.8000000005490998,7.571337818011895e-06,0.0,0.0,0.0,-0.0033816528231868197
2026-08-28T01:51:19.768745,3.12,1.4084387553842124,0.0023512661736732102,0.0,0.0031510300597754606,0.0,0.0,0.0015755143780847422,0.9999987588764521,0.7999999999283647,7.306463420760561e-06,0.0,0.0,0.0,-0.003381511586830871
2026-08-28T01:51:19.861180,3.14,1.424438677419064,0.0024012140317477585,0.0,0.003083190185299678,0.0,0.0,0.0015415944820458241,0.9999988117425205,0.7999999999019088,7.044223434881279e-06,0.0,0.0,0.0,-0.0033813833854006593
2026-08-28T01:51:19.953445,3.16,1.4404386028001064,0.002450078600651361,0.0,0.0030153587386454466,0.0,0.0,0.0015076787981391925,0.999998863451675,0.8000000001239289,6.784652416248572e-06,0.0,0.0,0.0,-0.002272287698465887
2026-08-28T01:51:20.053856,3.18,1.456438530922383,0.0024980373593742927,0.0,0.00296976838783003,0.0,0.0,0.0014848836482495666,0.9999988975596679,0.7999999999271745,6.604262692246822e-06,0.0,0.0,0.0,-0.0022525426798498294
2026-08-28T01:51:20.147650,3.2,1.472438461198972,0.002545271731201057,0.0,0.002924780334597532,0.0,0.0,0.0014623896460578755,0.9999989307076899,0.7999999997127484,6.427370616528173e-06,0.0,0.0,0.0,-0.002232304321039509
2026-08-28T01:51:20.236994,3.22,1.488438393576051,0.002591789757663582,0.0,0.0028800061296196944,0.0,0.0,0.0014400025671427211,0.9999989631957659,0.800000000025353,6.252694484505962e-06,0.0,0.0,0.0,-0.0022315619346181597
2026-08-28T01:51:20.393161,3.24,1.50443832801615,0.0026375924263450875,0.0,0.002835243064485571,0.0,0.0,0.0014176210574221232,0.999998995174764,0.8000000001559914,6.079455062156135e-06,0.0,0.0,0.0,0.0012168819937783937
2026-08-28T01:51:20.559237,3.26,1.520438262920995,0.002683232756775058,0.0,0.0028596148458479576,0.0,0.0,0.0014298069357530693,0.9999989778255408,0.8000000001762375,6.151593452313323e-06,0.0,0.0,0.0,0.0012807595978665545
2026-08-28T01:51:20.653759,3.2800000000000002,1.5364381966694725,0.0027292765736045914,0.0,0.0028859233187055197,0.0,0.0,0.0014429611586118435,0.9999989589310054,0.8000000002356961,6.230533671386664e-06,0.0,0.0,0.0,0.001346348914524742
2026-08-28T01:51:20.749360,3.3,1.5524381291760425,0.0027757498280123905,0.0,0.002912888403372893,0.0,0.0,0.0014564436867777152,0.9999989393853311,0.7999999999731836,6.311668909412316e-06,0.0,0.0,0.0,0.0013487791741430219
2026-08-28T01:51:20.895634,3.32,1.5684380604200492,0.002822655532316416,0.0,0.0029399013421627105,0.0,0.0,0.0014699501417142077,0.9999989196227068,0.7999999996714905,6.392817740815549e-06,0.0,0.0,0.0,0.0013494410812101454
2026-08-28T01:51:21.013328,3.34,1.584437990390798,0.002869994181244456,0.0,0.0029669267675003228,0.0,0.0,0.001483462839649573,0.9999988996683963,0.8000000001956692,6.473813841767407e-06,0.0,0.0,0.0,0.0013494904824024926
2026-08-28T01:51:21.100003,3.36,1.600437919074449,0.0029177658887133908,0.0,0.0029939524449575923,0.0,0.0,0.0014969756633737559,0.999998879531304,0.8000000004356724,6.55461940920773e-06,0.0,0.0,0.0,0.0013494941863091254
2026-08-28T01:51:21.206091,3.38,1.6244378021039867,0.002990235427862523,0.0,0.0030209924613626704,0.0,0.0,0.0015104956562903204,0.9999988592007855,0.8888887115019544,6.9425622836581945e-06,0.0,0.0,0.0,0.0013494849515645014
2026-08-28T01:51:21.306313,3.4,1.632437781500898,0.003014608531398478,0.0,0.003048158804720202,0.0,0.0,0.0015240788123336518,0.9999988385912124,0.7272730509331965,6.887120102932933e-06,0.0,0.0,0.0,0.0013494743149243544
2026-08-28T01:51:21.409436,3.42,1.6484376961893648,0.0030636799416513577,0.0,0.0030752818388619656,0.0,0.0,0.0015376403135135021,0.9999988178304343,0.7999998545949994,6.97912988869573e-06,0.0,0.0,0.0,0.0013629077225891042
2026-08-28T01:51:21.505810,3.44,1.6644376206840692,0.003113187663548781,0.0,0.003102433705053365,0.0,0.0,0.0015512162304180319,0.9999987968633794,0.7999999996522248,7.0559312160065385e-06,0.0,0.0,0.0,0.001349294061993624
2026-08-28T01:51:21.605356,3.46,1.6804375427423055,0.0031631289253534396,0.0,0.003129447369889072,0.0,0.0,0.0015647230464434121,0.9999987758201446,0.7999999997894537,7.1320865868234025e-06,0.0,0.0,0.0,0.0013491791112319419
2026-08-28T01:51:21.697766,3.48,1.6964374634426453,0.0032135031522210595,0.0,0.00315645776141471,0.0,0.0,0.0015782282255303373,0.9999987545970586,0.7999999996975304,7.208118862080269e-06,0.0,0.0,0.0,0.0013490291122853762
2026-08-28T01:51:21.806441,3.5,1.7124373827749948,0.0032643103030456796,0.0,0.003183465955406195,0.0,0.0,0.0015917323055637238,0.9999987331933313,0.8000000000343962,7.2840139843326815e-06,0.0,0.0,0.0,0.0013490171476782309
2026-08-28T01:51:21.912994,3.52,1.7284373007272233,0.003315550368517381,0.0,0.00321047338067748,0.0,0.0,0.0016052360009472368,0.9999987116078607,0.8000000003746593,7.359769129436044e-06,0.0,0.0,0.0,0.0013490071106847677
2026-08-28T01:51:22.028761,3.54,1.7444372178097678,0.003367061189599126,0.0,0.003196932328141777,0.0,0.0,0.0015984654833657373,0.9999987224532332,0.8000000005919926,7.282827596130654e-06,0.0,0.0,0.0,-0.0026972080440994376
2026-08-28T01:51:22.146615,3.56,1.7604371371350933,0.003417869828037304,0.0,0.003142844382178378,0.0,0.0,0.0015714215443527345,0.9999987653164027,0.8000000002334348,7.053173750719358e-06,0.0,0.0,0.0,-0.0027835087117177894
2026-08-28T01:51:22.261684,3.58,1.7764370592299152,0.0034677984987298988,0.0,0.0030865743474413065,0.0,0.0,0.0015432865611038028,0.9999988091325861,0.799999999827303,6.817544971255156e-06,0.0,0.0,0.0,-0.002829085496886142
2026-08-28T01:51:22.413308,3.6,1.7924369841243444,0.0035168223437925263,0.0,0.0030298228976808343,0.0,0.0,0.0015149108693977874,0.9999988525218705,0.8000000001044345,6.5825805683277095e-06,0.0,0.0,0.0,-0.0028319466045977
2026-08-28T01:51:22.565939,3.62,1.8084369117729708,0.003564938853416586,0.0,0.002973046721744144,0.0,0.0,0.0014865228133975445,0.9999988951243522,0.8000000002060997,6.350003658106942e-06,0.0,0.0,0.0,-0.0028325064052024994
2026-08-28T01:51:22.700481,3.64,1.8244368421251775,0.003612147823430263,0.0,0.002916263124881801,0.0,0.0,0.0014581310457404558,0.9999989369263617,0.8000000003566218,6.119886953434313e-06,0.0,0.0,0.0,-0.0028325501276550997
2026-08-28T01:51:22.821908,3.66,1.8404367751290083,0.00365844915710781,0.0,0.002859482395582092,0.0,0.0,0.0014297407106878266,0.9999989779202277,0.8000000002409781,5.892219501081662e-06,0.0,0.0,0.0,-0.002832569011296222
2026-08-28T01:51:22.940601,3.68,1.8564367107326207,0.0037038428442777243,0.0,0.002802704983098093,0.0,0.0,0.0014013520328890353,0.9999990181057579,0.799999999614974,5.666948282902183e-06,0.0,0.0,0.0,-0.002832581684389885
2026-08-28T01:51:23.057964,3.7,1.8724366488864512,0.0037483288797449383,0.0,0.002745930960029064,0.0,0.0,0.0013729650486667563,0.9999990574830434,0.7999999996954286,5.444021057787608e-06,0.0,0.0,0.0,-0.0028325996770373185
2026-08-28T01:51:23.172905,3.72,1.888436589540097,0.0037919072584580494,0.0,0.002689159911223538,0.0,0.0,0.001344579550468518,0.9999990960525077,0.8000000002055457,5.223548599211628e-06,0.0,0.0,0.0,-0.0028326237458870893
2026-08-28T01:51:23.290260,3.74,1.9044365326388681,0.0038345779735343474,0.0,0.002632391751504315,0.0,0.0,0.0013161954957288016,0.9999991338143334,0.800000000254451,5.005427522892995e-06,0.0,0.0,0.0,-0.0028326542491437625
2026-08-28T01:51:23.451249,3.76,1.920436478132137,0.003876341016104286,0.0,0.002575626239563089,0.0,0.0,0.0012878127638165848,0.9999991707687989,0.80000000003199,4.789648422645474e-06,0.0,0.0,0.0,-0.00283269098741398
2026-08-28T01:51:23.603467,3.7800000000000002,1.9364364259686722,0.0039171963752730275,0.0,0.002518863254465931,0.0,0.0,0.0012594312942879626,0.999999206916093,0.7999999999705216,4.576128951759258e-06,0.0,0.0,0.0,-0.0028327341489448456
2026-08-28T01:51:23.760960,3.8,1.9524363760980683,0.003957144038125787,0.0,0.0024621024747157882,0.0,0.0,0.0012310509264175293,0.9999992422565211,0.7999999999888767,4.364913257710491e-06,0.0,0.0,0.0,-0.0028327837427085706
2026-08-28T01:51:23.933127,3.8200000000000003,1.9684363284663908,0.003996183987437658,0.0,0.0024053432010888724,0.0,0.0,0.001202671310616619,0.9999992767905977,0.799999999326321,4.155926989452095e-06,0.0,0.0,0.0,-0.002832839929656139
2026-08-28T01:51:24.105448,3.84,1.9844362830245343,0.0040343162016677585,0.0,0.002348586374789185,0.0,0.0,0.0011742929175098437,0.9999993105178343,0.7999999993512761,3.949130692269329e-06,0.0,0.0,0.0,-0.00285334895879346
2026-08-28T01:51:24.245083,3.8600000000000003,2.000436239729636,0.004071537396934131,0.0,0.0022914214021625416,0.0,0.0,0.0011457104504278535,0.9999993436735665,0.7999999997468863,3.7429295285101063e-06,0.0,0.0,0.0,-0.0028539413553455096
2026-08-28T01:51:24.417123,3.88,2.0164361985346013,0.004107844196884251,0.0,0.002234247340731521,0.0,0.0,0.0011171234380105133,0.9999993760174174,0.7999999995007439,3.5389221571478546e-06,0.0,0.0,0.0,-0.0028545610947550565
2026-08-28T01:51:24.564824,3.9,2.0324361593881815,0.004143236407538221,0.0,0.002177063643522103,0.0,0.0,0.0010885316067938949,0.9999994075492951,0.7999999993867577,3.337030769600032e-06,0.0,0.0,0.0,-0.002854672369888512
2026-08-28T01:51:24.731464,3.92,2.04843612268562,0.004177713912780736,0.0,0.002119887871848026,0.0,0.0,0.0010599437374528523,0.9999994382594789,0.8888887113044215,3.140731460223942e-06,0.0,0.0,0.0,-0.0028547777644110294
2026-08-28T01:51:24.859158,3.94,2.0644360883719415,0.00421127667777556,0.0,0.002062662306787644,0.0,0.0,0.0010313309705656418,0.9999994681780732,0.8000001779738884,2.962670510304142e-06,0.0,0.0,0.0,-0.0028548762367425788
2026-08-28T01:51:25.007514,3.96,2.080436053726341,0.004243924664214994,0.0,0.0020054815445122998,0.0,0.0,0.0010027406042153462,0.999999497255514,0.7999999995922557,2.7666553822647125e-06,0.0,0.0,0.0,-0.0028549912821883754
2026-08-28T01:51:25.138798,3.98,2.0964360222562264,0.004275657845323428,0.0,0.0019483009218927982,0.0,0.0,0.0009741503068732887,0.9999995255154772,0.8000000000147505,2.5726927347155553e-06,0.0,0.0,0.0,-0.0028550444455273426
2026-08-28T01:51:25.268562,4.0,2.112435992575284,0.004306476191268334,0.0,0.0018911214487187249,0.0,0.0,0.000945560583457412,0.9999995529574915,0.8000000000541145,2.380875766238609e-06,0.0,0.0,0.0,-0.0028551648861370607
2026-08-28T01:51:25.368625,4.02,2.1284359646277986,0.0043363796741653785,0.0,0.0018339418873272175,0.0,0.0,0.0009169708151599614,0.9999995795821737,0.7999999994923221,2.1910631322386005e-06,0.0,0.0,0.0,-0.0028552925409657173
2026-08-28T01:51:25.460672,4.04,2.144435938365022,0.0043653682542278355,0.0,0.0017767619990745054,0.0,0.0,0.0008883808826824634,0.9999996053896257,0.7999999993955437,2.0032533343699915e-06,0.0,0.0,0.0,-0.002855429279673689
2026-08-28T01:51:25.561459,4.06,2.160435913735603,0.004393441883277062,0.0,0.0017195800366556213,0.0,0.0,0.0008597899123961135,0.9999996303805849,0.8000000000591707,1.8174557096594875e-06,0.0,0.0,0.0,-0.002855573835036703
2026-08-28T01:51:25.651692,4.08,2.1764358906855725,0.004420600498547678,0.0,0.0016623970455520445,0.0,0.0,0.0008311984270647645,0.9999996545545278,0.8000000003376713,1.633726906186589e-06,0.0,0.0,0.0,-0.0028557263177298375
2026-08-28T01:51:25.737545,4.1,2.192435869160382,0.004446844051237944,0.0,0.0016052130235437727,0.0,0.0,0.0008026064256017513,0.9999996779114109,0.8000000001027865,1.4519167834064346e-06,0.0,0.0,0.0,-0.002855884595343074
2026-08-28T01:51:25.829255,4.12,2.2084358491107654,0.004472172490539898,0.0,0.0015480277440622636,0.0,0.0,0.0007740137947461748,0.999999700451278,0.8000000000224717,1.2720258650246897e-06,0.0,0.0,0.0,-0.002856050629462862
2026-08-28T01:51:25.913735,4.14,2.2244358304028284,0.004496639352297088,0.0,0.0015042605923643038,0.0,0.0,0.0007521302252688046,0.9999997171500221,0.8000000000820934,1.1507946384601675e-06,0.0,0.0,0.0,-0.0015164947835567023
2026-08-28T01:51:26.008286,4.16,2.2404358125104036,0.004520567065814757,0.0,0.0014741488892218155,0.0,0.0,0.0007370743778714308,0.9999997283606439,0.799999999908991,1.0883922693136631e-06,0.0,0.0,0.0,-0.0014929197557773583
2026-08-28T01:51:26.087938,4.18,2.2564357953278336,0.0045440153627824,0.0,0.0014443966664452468,0.0,0.0,0.0007221982704430756,0.9999997392147951,0.7999999999547585,1.027373201195768e-06,0.0,0.0,0.0,-0.0014806322962372565
2026-08-28T01:51:26.177105,4.2,2.2724357788352463,0.00456698814827254,0.0,0.0014147710413987544,0.0,0.0,0.0007073854617041013,0.999999749802873,0.7999999998535824,9.667308739712568e-07,0.0,0.0,0.0,-0.001480303422241087
2026-08-28T01:51:26.274049,4.22,2.2884357630171572,0.004589485993168837,0.0,0.0013851490600647054,0.0,0.0,0.0006925744746656975,0.9999997601702698,0.7999999997686618,9.059232775556144e-07,0.0,0.0,0.0,-0.0014802915655032156
2026-08-28T01:51:26.355450,4.24,2.3044357478606834,0.0046115089134559535,0.0,0.0013555274017553747,0.0,0.0,0.0006777636489876888,0.9999997703181916,0.7999999999144666,8.449561981948716e-07,0.0,0.0,0.0,-0.0014803953631543619
2026-08-28T01:51:26.446734,4.26,2.3204357333497123,0.004633056888579574,0.0,0.001325902779551136,0.0,0.0,0.0006629513412138774,0.9999997802477354,0.799999999604921,7.83809123644608e-07,0.0,0.0,0.0,-0.001480505370166094
2026-08-28T01:51:26.543840,4.28,2.3364357194717407,0.004654129870983118,0.0,0.0012962761459145435,0.0,0.0,0.0006481380275786458,0.9999997899585266,0.7999999996221284,7.224827871176501e-07,0.0,0.0,0.0,-0.001480618707816463
2026-08-28T01:51:26.637503,4.3,2.3524357062138543,0.0046747278245015626,0.0,0.001266647438226798,0.0,0.0,0.0006333236767758218,0.9999997994505401,0.800000000064028,6.609968903542219e-07,0.0,0.0,0.0,-0.0014807324138832389
2026-08-28T01:51:26.733354,4.32,2.3684356935601465,0.004694850712693261,0.0,0.001237016627460452,0.0,0.0,0.0006185082742949064,0.9999998087237391,0.8000000003075609,5.99362530744627e-07,0.0,0.0,0.0,-0.0014808474001260258
2026-08-28T01:51:26.818035,4.34,2.384435681494678,0.0047144984987441884,0.0,0.0012073837180408555,0.0,0.0,0.0006036918223517964,0.9999998177780752,0.7999999996530259,5.375615221025571e-07,0.0,0.0,0.0,-0.001480963654332281
2026-08-28T01:51:26.902784,4.36,2.400435670006306,0.004733671145439492,0.0,0.0011777486837281081,0.0,0.0,0.0005888743078297686,0.9999998266135097,0.7999999996073336,4.7559618436581196e-07,0.0,0.0,0.0,-0.001481081193954731
2026-08-28T01:51:26.986445,4.38,2.4164356590812757,0.004752368619903567,0.0,0.0011481126753110085,0.0,0.0,0.0005740563061263521,0.9999998352296651,0.7999999996582714,4.13483065236171e-07,0.0,0.0,0.0,-0.0014812000687144018
2026-08-28T01:51:27.070122,4.4,2.4324356487046717,0.004770590893587784,0.0,0.0011184732776481354,0.0,0.0,0.0005592366096742668,0.999999843627195,0.7999999998271446,3.5121843031726044e-07,0.0,0.0,0.0,-0.001481320310903199
2026-08-28T01:51:27.179519,4.42,2.4484356388627595,0.004788337918599314,0.0,0.0010888328643710032,0.0,0.0,0.0005444164052923055,0.9999998518053779,0.8000000002688463,2.8882014266745725e-07,0.0,0.0,0.0,-0.001481443103131816
2026-08-28T01:51:27.279688,4.44,2.464435629540288,0.0048056096655437015,0.0,0.0010591889492070905,0.0,0.0,0.0005295944498476247,0.9999998597648495,0.8000000002043481,2.2627850654528354e-07,0.0,0.0,0.0,-0.0014815661319556315
2026-08-28T01:51:27.377383,4.46,2.4804356207229405,0.004822406085232372,0.0,0.0010295440081344866,0.0,0.0,0.0005147719813323195,0.9999998675048949,0.7999999999693772,1.6359500948427154e-07,0.0,0.0,0.0,-0.0014816917993366176
2026-08-28T01:51:27.469464,4.48,2.496435612398551,0.0048387271475894495,0.0,0.0009998959709416335,0.0,0.0,0.0004999479646439847,0.9999998750260085,0.8000000001805793,1.0077450769231092e-07,0.0,0.0,0.0,-0.001481657032287358
2026-08-28T01:51:27.566186,4.5,2.5124356045513414,0.004854572802282201,0.0,0.0009702495062078321,0.0,0.0,0.0004851247340752191,0.9999998823269892,0.7999999999264803,3.78002145678121e-08,0.0,0.0,0.0,-0.0014817996998201933
2026-08-28T01:51:27.682603,4.52,2.5284355971679178,0.0048699430236796935,0.0,0.0009406003697547404,0.0,0.0,0.0004703001675403605,0.9999998894088701,0.7999999998541766,-2.536613669482152e-08,0.0,0.0,0.0,-0.0014819422464599826
2026-08-28T01:51:27.767527,4.54,2.5444355902349316,0.00488483776508796,0.0,0.0009109471943622439,0.0,0.0,0.00045547358143265194,0.9999998962719029,0.7999999999697059,-8.870938015238437e-08,0.0,0.0,0.0,-0.0014820896481333393
2026-08-28T01:51:27.859080,4.5600000000000005,2.5604355837369615,0.004899256967934596,0.0,0.0008812912324911438,0.0,0.0,0.00044064560198565125,0.999999902915722,0.7999999998489273,-1.5222302119118986e-07,0.0,0.0,0.0,-0.001482237605692628
2026-08-28T01:51:27.940939,4.58,2.576435577660945,0.004913200588625707,0.0,0.0008516324823673038,0.0,0.0,0.00042581622831552277,0.9999999093402657,0.8000000000073871,-2.1589580880865524e-07,0.0,0.0,0.0,-0.0014823847282752984
2026-08-28T01:51:28.033088,4.6,2.5924355719927554,0.004926668588982265,0.0,0.0008219723144833324,0.0,0.0,0.0004109861456717469,0.9999999155451905,0.8000000002269886,-2.7970672505178986e-07,0.0,0.0,0.0,-0.001482532399996845
2026-08-28T01:51:28.176448,4.62,2.6084355667173558,0.004939660935968029,0.0,0.0007923079744105443,0.0,0.0,0.0003961539768433377,0.9999999215310102,0.8000000002458448,-3.436704776418281e-07,0.0,0.0,0.0,-0.0014826807106730244
2026-08-28T01:51:28.325338,4.64,2.6244355618207518,0.00495217757421353,0.0,0.0007626422246107545,0.0,0.0,0.0003813211030643277,0.9999999272971055,0.7999999999992757,-4.077627179124381e-07,0.0,0.0,0.0,-0.0014828312590497528
2026-08-28T01:51:28.453524,4.66,2.640435557288523,0.00496421846977979,0.0,0.0007329722352333865,0.0,0.0,0.00036648610941277497,0.9999999328439636,0.7999999997195713,-4.7200937748309033e-07,0.0,0.0,0.0,-0.0014829811064734804
2026-08-28T01:51:28.572075,4.68,2.6564355531088237,0.004975783565924657,0.0,0.000703300828710507,0.0,0.0,0.00035165040710785487,0.9999999381709936,0.799999999920025,-5.363693190367078e-07,0.0,0.0,0.0,-0.0014831334124955323
2026-08-28T01:51:28.685182,4.7,2.6724355492654928,0.004986872827982361,0.0,0.0006736250964216596,0.0,0.0,0.00033681254184267606,0.9999999432786543,0.7999999998507338,-6.00859051433414e-07,0.0,0.0,0.0,-0.0014832850899371753
2026-08-28T01:51:28.776616,4.72,2.688435545746165,0.004997486192059953,0.0,0.00064394644292598,0.0,0.0,0.0003219732159000035,0.9999999481666227,0.8000000005180391,-6.654485042981571e-07,0.0,0.0,0.0,-0.0014834394459332621
2026-08-28T01:51:28.880390,4.74,2.704435542533591,0.00500762424731713,0.0,0.0006144241937220407,0.0,0.0,0.00030721209202861136,0.9999999528103641,0.800000000080958,-7.294179995101757e-07,0.0,0.0,0.0,-0.0014676819818476164
2026-08-28T01:51:29.003992,4.76,2.7204355396123083,0.005017290770955798,0.0,0.0005850598484467008,0.0,0.0,0.00029252992005120295,0.9999999572131221,0.7999999999722722,-7.927743670719549e-07,0.0,0.0,0.0,-0.001467456303436806
2026-08-28T01:51:29.130430,4.78,2.736435536969812,0.0050264864304130396,0.0,0.0005557001708949016,0.0,0.0,0.0002778500818724154,0.9999999613996653,0.8000000001778452,-8.56221633024737e-07,0.0,0.0,0.0,-0.0014674095128134484
2026-08-28T01:51:29.259459,4.8,2.7524355345913154,0.005035211270819438,0.0,0.0005263415725877962,0.0,0.0,0.0002631707832560799,0.9999999653705688,0.800000000440039,-9.197688920919953e-07,0.0,0.0,0.0,-0.0014675533703397139
2026-08-28T01:51:29.369572,4.82,2.7684355320978096,0.005043465277838756,0.0,0.0004969807387937841,0.0,0.0,0.0002484903668396171,0.9999999691262683,0.7272728727603114,-9.874933855448337e-07,0.0,0.0,0.0,-0.001467707523510672
2026-08-28T01:51:29.451547,4.84,2.7844355294751884,0.005051248405047511,0.0,0.00046762997438598586,0.0,0.0,0.00023381498506257016,0.999999972665276,0.799999854001685,-1.0571488881090124e-06,0.0,0.0,0.0,-0.001467868037080216
2026-08-28T01:51:29.534903,4.86,2.8004355288953127,0.005058560597846101,0.0,0.0004382607922863713,0.0,0.0,0.0002191303943894803,0.9999999759909348,0.7999999998092199,-1.120970663493849e-06,0.0,0.0,0.0,-0.001468031075140035
2026-08-28T01:51:29.628298,4.88,2.8164355274336232,0.005065401784042335,0.0,0.000408888283286224,0.0,0.0,0.00020444414021890614,0.9999999791012966,0.8000000003143137,-1.1848810066307232e-06,0.0,0.0,0.0,-0.0014682124680860313
2026-08-28T01:51:29.715467,4.9,2.832435526165679,0.005071771908358773,0.0,0.0003795124605465716,0.0,0.0,0.00018975622913451355,0.9999999819962866,0.8000000005379553,-1.2488917319985296e-06,0.0,0.0,0.0,-0.0014683762181226386
2026-08-28T01:51:29.804616,4.92,2.848435525078135,0.005077670918315734,0.0,0.00035013348551915513,0.0,0.0,0.00017506674186532601,0.9999999846758179,0.800000000567267,-1.3129989906015265e-06,0.0,0.0,0.0,-0.001468541396216836
2026-08-28T01:51:29.892193,4.94,2.8644355241567254,0.005083098761632914,0.0,0.0003207513357366132,0.0,0.0,0.00016037566718082007,0.9999999871398226,0.8000000004366541,-1.3772060958971372e-06,0.0,0.0,0.0,-0.0014687081311545132
2026-08-28T01:51:30.005672,4.96,2.880435523388251,0.005088055392125249,0.0,0.00029136765258730435,0.0,0.0,0.00014568382577832533,0.9999999893881114,0.8000000003726169,-1.441503657140807e-06,0.0,0.0,0.0,-0.0014688767541000457
2026-08-28T01:51:30.131896,4.98,2.896435522758968,0.005092540776404035,0.0,0.0002619807410249031,0.0,0.0,0.00013099037013785233,0.9999999914207615,0.8000000002889083,-1.5058958987230119e-06,0.0,0.0,0.0,-0.0014690473765833587
2026-08-28T01:51:30.239246,5.0,2.912435522254296,0.005096554860554091,0.0,0.00023259056871660638,0.0,0.0,0.00011629528409616209,0.9999999932377034,0.7999999999208337,-1.5703871035779026e-06,0.0,0.0,0.0,-0.001469222406151597
2026-08-28T01:51:30.328149,5.02,2.928435521861118,0.005100097589563526,0.0,0.00020319704368620966,0.0,0.0,0.00010159852166831709,0.9999999948388701,0.7999999998269248,-1.6349737534378394e-06,0.0,0.0,0.0,-0.0014693997374893289
2026-08-28T01:51:30.409921,5.04,2.9444355215668634,0.005103168907282418,0.0,0.00017380008801737293,0.0,0.0,8.69000438993138e-05,0.9999999962241912,0.8000000002964255,-1.6996317306362417e-06,0.0,0.0,0.0,-0.0014695794804971797
2026-08-28T01:51:30.495339,5.06,2.960435521355212,0.005105768756749436,0.0,0.00014439966783852398,0.0,0.0,7.219983385653458e-05,0.999999997393592,0.8000000000609631,-1.7643704190040441e-06,0.0,0.0,0.0,-0.0014697616639086453
2026-08-28T01:51:30.575761,5.08,2.976435521212316,0.005107897072800451,0.0,0.00011499390425573351,0.0,0.0,5.7496952096186904e-05,0.9999999983470502,0.7999999998576774,-1.8292100398609703e-06,0.0,0.0,0.0,-0.0014699463417584566
2026-08-28T01:51:30.688400,5.1,2.9924355211261577,0.005109553774577101,0.0,8.558454655149818e-05,0.0,0.0,4.279227326268903e-05,0.9999999990844107,0.7999999998909294,-1.8941259865063678e-06,0.0,0.0,0.0,-0.0014701336218613285
2026-08-28T01:51:30.821848,5.12,3.0084355215262324,0.005110738809811468,0.0,5.617070920393986e-05,0.0,0.0,2.80853545982777e-05,0.9999999996056065,0.8888887109879832,-1.95252719898476e-06,0.0,0.0,0.0,-0.001470320840676356
2026-08-28T01:51:30.906229,5.14,3.0244355223994415,0.005111452141042208,0.0,2.6731519320311037e-05,0.0,0.0,1.3365759659757567e-05,0.9999999999106782,0.8000001779293775,-2.0043049848888813e-06,0.0,0.0,0.0,-0.0014705106991031486
2026-08-28T01:51:30.994547,5.16,3.040435521063931,0.005111733115039748,0.0,7.176084869886525e-06,0.0,0.0,3.588042434935563e-06,0.9999999999935629,0.8000000003657908,-2.022072179906897e-06,0.0,0.0,0.0,-0.000485329404385093
2026-08-28T01:51:31.087202,5.18,3.0564355210640546,0.0051118181450927605,0.0,-2.5166633217388323e-06,0.0,0.0,-1.2583316608690841e-06,0.9999999999992083,0.8000000004039078,-1.9933196467424544e-06,0.0,0.0,0.0,-0.00046795597801474595
2026-08-28T01:51:31.171526,5.2,3.0724355210633467,0.005111749779522337,0.0,-1.1771810969563035e-05,0.0,0.0,-5.885905484747532e-06,0.9999999999826781,0.8000000002266568,-1.9643759982705836e-06,0.0,0.0,0.0,-0.000458923223690651
2026-08-28T01:51:31.267938,5.22,3.0884355210614736,0.00511153298067255,0.0,-2.0933491337693507e-05,0.0,0.0,-1.0466745668655644e-05,0.9999999999452236,0.8000000000569725,-1.9369145118108158e-06,0.0,0.0,0.0,-0.00045855318639989714
2026-08-28T01:51:31.360902,5.24,3.104435521056758,0.005111168197965185,0.0,-3.009228622685711e-05,0.0,0.0,-1.504614311286085e-05,0.9999999998868068,0.7999999998316804,-1.9113473042756977e-06,0.0,0.0,0.0,-0.00045857025390281435
2026-08-28T01:51:31.446389,5.26,3.1204355210481443,0.005110655437990818,0.0,-3.925290720641072e-05,0.0,0.0,-1.962645360194535e-05,0.9999999998074012,0.7999999997070527,-1.8876652648828111e-06,0.0,0.0,0.0,-0.000458673205017099
2026-08-28T01:51:31.535456,5.28,3.136435521034693,0.005109994671044749,0.0,-4.8416231492875994e-05,0.0,0.0,-2.420811574407354e-05,0.9999999997069836,0.7999999998561693,-1.8658478585596308e-06,0.0,0.0,0.0,-0.0004587811538225393
2026-08-28T01:51:31.629373,5.3,3.152435521014648,0.0051091858671056195,0.0,-5.7581206726720076e-05,0.0,0.0,-2.879060335938262e-05,0.9999999995855505,0.8000000000684769,-1.8458581174688198e-06,0.0,0.0,0.0,-0.00045888986942626067
2026-08-28T01:51:31.720124,5.32,3.168435520986041,0.005108229000118111,0.0,-6.675000138312016e-05,0.0,0.0,-3.3375000685364056e-05,0.9999999994430546,0.8000000000404711,-1.8276706120380803e-06,0.0,0.0,0.0,-0.000458998555785614
2026-08-28T01:51:31.830543,5.34,3.184435520947964,0.005107124022227859,0.0,-7.592152010671427e-05,0.0,0.0,-3.7960760044240105e-05,0.9999999992794903,0.8000000001372195,-1.8112456657561915e-06,0.0,0.0,0.0,-0.00045910819790320967
2026-08-28T01:51:31.938727,5.36,3.2004355208986306,0.005105870898441078,0.0,-8.50957391347329e-05,0.0,0.0,-4.25478695545289e-05,0.9999999990948394,0.7999999999501574,-1.7965542347601563e-06,0.0,0.0,0.0,-0.0004592167498261992
2026-08-28T01:51:32.031202,5.38,3.216435520837072,0.005104469593992433,0.0,-9.427264162154003e-05,0.0,0.0,-4.713632079331518e-05,0.9999999988890836,0.7999999999898104,-1.7835552003255222e-06,0.0,0.0,0.0,-0.0004593252250549774
2026-08-28T01:51:32.122092,5.4,3.2324355207628073,0.0051029200741836474,0.0,-0.00010345218473517548,0.0,0.0,-5.1726092344521447e-05,0.9999999986622057,0.800000000275673,-1.7722354302239103e-06,0.0,0.0,0.0,-0.0004594336376671777
2026-08-28T01:51:32.222379,5.42,3.248435520672278,0.005101222304339498,0.0,-0.00011263436508057723,0.0,0.0,-5.631718251051912e-05,0.9999999984141875,0.8000000000435803,-1.762553396501053e-06,0.0,0.0,0.0,-0.000459541994501772
2026-08-28T01:51:32.311921,5.44,3.264435520565519,0.005099376249804157,0.0,-0.0001218191627283538,0.0,0.0,-6.0909581326514706e-05,0.9999999981450115,0.8000000000072293,-1.7544809678764923e-06,0.0,0.0,0.0,-0.0004596503289542672
2026-08-28T01:51:32.410811,5.46,3.280435520440552,0.005097381875933613,0.0,-0.0001310065588087106,0.0,0.0,-6.550327935751303e-05,0.9999999978546602,0.7999999996904748,-1.7479902806198112e-06,0.0,0.0,0.0,-0.000459758636406137
2026-08-28T01:51:32.505815,5.48,3.296435520296855,0.005095239148094942,0.0,-0.0001401965473086797,0.0,0.0,-7.009827359693208e-05,0.999999997543116,0.799999999784911,-1.7430446768518157e-06,0.0,0.0,0.0,-0.00045986692795961086
2026-08-28T01:51:32.602599,5.5,3.3124355201339193,0.005092948035991445,0.0,-0.00014938801791286593,0.0,0.0,-7.469400888697757e-05,0.9999999972104026,0.8000000002449886,-1.739619197916086e-06,0.0,0.0,0.0,-0.0004599752108897841
2026-08-28T01:51:32.696122,5.52,3.328435519948028,0.005090508517986881,0.0,-0.00015858203693763784,0.0,0.0,-7.929101838573428e-05,0.9999999968564672,0.8000000001167977,-1.7376925149812723e-06,0.0,0.0,0.0,-0.00046008348707791833
2026-08-28T01:51:32.787027,5.54,3.3444355197377655,0.0050879205550958895,0.0,-0.00016777968710179894,0.0,0.0,-8.388984345250358e-05,0.999999996481247,0.7999999997224743,-1.7372398065201435e-06,0.0,0.0,0.0,-0.00046019291217690546
2026-08-28T01:51:32.886975,5.5600000000000005,3.3604355195030555,0.005085184103783703,0.0,-0.00017697879154754406,0.0,0.0,-8.848939565828786e-05,0.9999999960848134,0.7999999995795104,-1.7382213833410486e-06,0.0,0.0,0.0,-0.00046030238459428133
2026-08-28T01:51:32.983339,5.58,3.3764355192428193,0.005082299137858607,0.0,-0.00018618152007121583,0.0,0.0,-9.309075990115553e-05,0.9999999956670552,0.7999999996126499,-1.7406172387724722e-06,0.0,0.0,0.0,-0.00046041074441795715
2026-08-28T01:51:33.079369,5.6,3.3924355189565323,0.00507926561386147,0.0,-0.00019538566606946978,0.0,0.0,-9.769283287933993e-05,0.9999999952280552,0.8000000001953304,-1.744393834438199e-06,0.0,0.0,0.0,-0.0004605202808284728
2026-08-28T01:51:33.166581,5.62,3.4084355186399917,0.005076083505640347,0.0,-0.00020459339752143538,0.0,0.0,-0.00010229669858230176,0.9999999947676927,0.7999999999159187,-1.7495427222250038e-06,0.0,0.0,0.0,-0.00046062866503276354
2026-08-28T01:51:33.248280,5.64,3.4244355182928117,0.005072752765357611,0.0,-0.0002138036207397498,0.0,0.0,-0.00010690181016626263,0.9999999942860015,0.7999999999128906,-1.756023170837915e-06,0.0,0.0,0.0,-0.00046073826984687415
2026-08-28T01:51:33.338702,5.66,3.4404355179149397,0.005069273362432369,0.0,-0.00022301524225731845,0.0,0.0,-0.00011150762089757918,0.9999999937830252,0.8000000001197798,-1.7638037736793153e-06,0.0,0.0,0.0,-0.00046084670607645837
2026-08-28T01:51:33.425633,5.68,3.4564355175044077,0.005065645270848886,0.0,-0.00023223039938224943,0.0,0.0,-0.00011611519943019955,0.9999999932586302,0.8000000003663927,-1.7728747555210856e-06,0.0,0.0,0.0,-0.00046095515311363736
2026-08-28T01:51:33.537251,5.7,3.4724355170583725,0.005061868442952321,0.0,-0.00024144800621117568,0.0,0.0,-0.0001207240028123435,0.9999999927128576,0.8000000001759368,-1.783209292536055e-06,0.0,0.0,0.0,-0.0004610648407947531
2026-08-28T01:51:33.644070,5.72,3.4884355165758487,0.005057942848155659,0.0,-0.0002506669701278774,0.0,0.0,-0.00012533348473580557,0.9999999921457587,0.7999999998465183,-1.794777284146974e-06,0.0,0.0,0.0,-0.0004611733312476959
2026-08-28T01:51:33.734713,5.74,3.5044355160569074,0.005053868460443205,0.0,-0.0002598894439356236,0.0,0.0,-0.00012994472160211205,0.9999999915571847,0.7999999999660532,-1.807558895558228e-06,0.0,0.0,0.0,-0.000461281832152851
2026-08-28T01:51:33.823403,5.76,3.5204355155001976,0.005049645232161892,0.0,-0.0002691143428839027,0.0,0.0,-0.0001345571710359109,0.9999999909471838,0.8000000001722759,-1.821528733294924e-06,0.0,0.0,0.0,-0.0004613916140252762
2026-08-28T01:51:33.916087,5.78,3.5364355149023234,0.0050452731327192005,0.0,-0.0002783405667265981,0.0,0.0,-0.00013917028291404886,0.9999999903158161,0.7999999998800008,-1.8366644496716374e-06,0.0,0.0,0.0,-0.0004615001316566772
2026-08-28T01:51:34.006135,5.8,3.5524355142628345,0.005040752136107832,0.0,-0.00028757026836156996,0.0,0.0,-0.00014378513368534538,0.9999999896629176,0.7999999997642111,-1.8529465943618687e-06,0.0,0.0,0.0,-0.00046160862958623494
2026-08-28T01:51:34.091196,5.82,3.568435513582079,0.005036082199076076,0.0,-0.0002968012728614689,0.0,0.0,-0.0001484006358860361,0.9999999889886255,0.8000000000023888,-1.8703428034312919e-06,0.0,0.0,0.0,-0.0004617184277871221
2026-08-28T01:51:34.187760,5.84,3.584435512856067,0.00503126329547743,0.0,-0.00030603575563992186,0.0,0.0,-0.00015301787722282213,0.9999999882927646,0.7999999998568612,-1.8888460945548182e-06,0.0,0.0,0.0,-0.00046182689459217804
2026-08-28T01:51:34.278215,5.86,3.6004355120835285,0.005026295381883518,0.0,-0.00031527151001098375,0.0,0.0,-0.00015763575435264257,0.9999999875754844,0.7999999992696417,-1.9084305248553406e-06,0.0,0.0,0.0,-0.0004619366718324184
2026-08-28T01:51:34.365182,5.88,3.6164355112651143,0.005021178436482575,0.0,-0.0003245096513464496,0.0,0.0,-0.00016225482496128773,0.9999999868366858,0.7999999994101996,-1.929068309132822e-06,0.0,0.0,0.0,-0.0004620450268978657
2026-08-28T01:51:34.454437,5.9,3.6324355103992443,0.005015912424526463,0.0,-0.00033375014315151214,0.0,0.0,-0.00016687507080125302,0.9999999860763553,0.7999999996506283,-1.9507383901066948e-06,0.0,0.0,0.0,-0.00046215471244082226
2026-08-28T01:51:34.549393,5.92,3.648435509482886,0.0050104973069299485,0.0,-0.00034299409114213475,0.0,0.0,-0.00017149704473041067,0.9999999852943817,0.7999999996462106,-1.9734292509587414e-06,0.0,0.0,0.0,-0.0004622643075866088
2026-08-28T01:51:34.650508,5.94,3.664435508515851,0.005004933035699177,0.0,-0.0003522403996485402,0.0,0.0,-0.00017612019891377782,0.9999999844908376,0.799999999887258,-1.997110292029517e-06,0.0,0.0,0.0,-0.0004623738188754553
2026-08-28T01:51:34.742604,5.96,3.6804355074950625,0.0049992195803298545,0.0,-0.0003614879420519302,0.0,0.0,-0.00018074397004186286,0.9999999836658086,0.7999999996399535,-2.021765510474169e-06,0.0,0.0,0.0,-0.00013944352319934968
2026-08-28T01:51:34.839055,5.98,3.6953466184251464,0.0049937606378056,0.0,-0.0003664367306708271,0.0,0.0,-0.0001832183643103383,0.9999999832155153,0.7455556644417748,-2.0619619693780896e-06,0.0,0.0,0.0,-0.00028347971172683274
2026-08-28T01:51:34.936780,6.0,3.7099310612747023,0.004988295898658056,0.0,-0.0003728711461525869,0.0,0.0,-0.00018643557199626523,0.9999999826208886,0.7292222551503349,-2.1715717092470476e-06,0.0,0.0,0.0,-0.0003275683497051427
2026-08-28T01:51:35.040298,6.02,3.724417504484465,0.004982745097435147,0.0,-0.000379824105725568,0.0,0.0,-0.00018991205172120407,0.9999999819667061,0.7243222322046883,-2.3232031645626494e-06,0.0,0.0,0.0,-0.00034016878702084266
2026-08-28T01:51:35.129733,6.04,3.7388745477676935,0.004977082867689152,0.0,-0.0003870283656866037,0.0,0.0,-0.0001935141816355237,0.9999999812761305,0.7228522250022925,-2.5054369949960476e-06,0.0,0.0,0.0,-0.00038840981782805526
2026-08-28T01:51:35.238116,6.06,3.7533214480402086,0.004971301022984832,0.0,-0.00039483117077399044,0.0,0.0,-0.00019741558410468513,0.9999999805135434,0.7222789233488336,-2.708069216889177e-06,0.0,0.0,0.0,-0.0003970867884965632
2026-08-28T01:51:35.339229,6.08,3.7677670252708677,0.004965395350361516,0.0,-0.00040278079606315137,0.0,0.0,-0.0002013903966702406,0.9999999797209539,0.7222789222806989,-2.9222608740948725e-06,0.0,0.0,0.0,-0.00040429058833727063
2026-08-28T01:51:35.430586,6.1,3.7822116895877858,0.0049593653532440714,0.0,-0.0004108789650878464,0.0,0.0,-0.0002054394810988146,0.9999999788973096,0.7222273257321836,-3.1447127169436655e-06,0.0,0.0,0.0,-0.00040974848312200083
2026-08-28T01:51:35.526481,6.12,3.7966561990585403,0.00495321024113141,0.0,-0.00041908057848427655,0.0,0.0,-0.00020954028770875274,0.9999999780464337,0.7222237530352625,-3.372892343021378e-06,0.0,0.0,0.0,-0.00041421609912286906
2026-08-28T01:51:35.608559,6.14,3.811100662037793,0.004946929742163384,0.0,-0.00042736661642761575,0.0,0.0,-0.0002136833065876581,0.999999977169722,0.7222226809738377,-3.604844653803478e-06,0.0,0.0,0.0,-0.00041782936155934777
2026-08-28T01:51:35.698350,6.16,3.8255451142474883,0.004940523681813865,0.0,-0.0004357168051005723,0.0,0.0,-0.00021785840082694322,0.9999999762688583,0.7222226811725252,-3.838762089908701e-06,0.0,0.0,0.0,-0.0004207636979325438
2026-08-28T01:51:35.780824,6.18,3.8399895590069777,0.004933991955472432,0.0,-0.00044412792392734,0.0,0.0,-0.00022206396013858536,0.9999999753437985,0.7222222635546542,-4.07335975327871e-06,0.0,0.0,0.0,-0.000423139322663214
2026-08-28T01:51:35.863926,6.2,3.854434002462707,0.004927350744955185,0.0,-0.0004482931886955476,0.0,0.0,-0.00022414659247085636,0.9999999748791523,0.7222222349513786,-4.282538733946281e-06,0.0,0.0,0.0,5.886152357873843e-06
2026-08-28T01:51:35.965417,6.22,3.868878445537759,0.004920698283063645,0.0,-0.0004480856372639508,0.0,0.0,-0.00022404281675766363,0.9999999749024078,0.7222222268162207,-4.458292618396496e-06,0.0,0.0,0.0,1.4356758804124687e-05
2026-08-28T01:51:36.058797,6.24,3.8833228885012496,0.004914052645662025,0.0,-0.0004477269672582551,0.0,0.0,-0.00022386348175931306,0.9999999749425704,0.7222222236691177,-4.624192876516775e-06,0.0,0.0,0.0,2.1017430556482583e-05
2026-08-28T01:51:36.146552,6.26,3.8977673314338896,0.004907415308725868,0.0,-0.0004472889343616337,0.0,0.0,-0.000223644465316485,0.9999999749915762,0.7222222225825614,-4.781473949411235e-06,0.0,0.0,0.0,2.2308582086305884e-05
2026-08-28T01:51:36.225470,6.28,3.912211774363921,0.004900786557680307,0.0,-0.0004468308855347658,0.0,0.0,-0.0002234154409087727,0.99999997504277,0.7222222224781865,-4.9310614320785834e-06,0.0,0.0,0.0,2.332074571589027e-05
2026-08-28T01:51:36.309656,6.3,3.9266562172925563,0.0048941664542763155,0.0,-0.00044635206968468566,0.0,0.0,-0.0002231760329897012,0.9999999750962288,0.7222222221661418,-5.07350311967702e-06,0.0,0.0,0.0,2.4139469036673366e-05
2026-08-28T01:51:36.409538,6.32,3.9411006602252265,0.004887555085217792,0.0,-0.0004458605251955738,0.0,0.0,-0.0002229302607512592,0.9999999751510491,0.7222222225025458,-5.2092685536877476e-06,0.0,0.0,0.0,2.4836887595766045e-05
2026-08-28T01:51:36.490386,6.34,3.9555451031608286,0.004880952494833066,0.0,-0.0004453543535638538,0.0,0.0,-0.00022267717494168094,0.9999999752074376,0.7222222224508403,-5.338796302284088e-06,0.0,0.0,0.0,2.5432074377643662e-05
2026-08-28T01:51:36.574588,6.36,3.9699895460991343,0.0048743587610630135,0.0,-0.000444837300261014,0.0,0.0,-0.00022241864829666315,0.9999999752649721,0.7222222219328401,-5.4625531966652995e-06,0.0,0.0,0.0,2.5947832965634274e-05
2026-08-28T01:51:36.656249,6.38,3.9844339890431133,0.004867773931178256,0.0,-0.00044431276662404434,0.0,0.0,-0.00022215638148465785,0.9999999753232708,0.7222222222355678,-5.580758807099557e-06,0.0,0.0,0.0,2.639573983871314e-05
2026-08-28T01:51:36.739023,6.4,3.998878431990398,0.004861198037659091,0.0,-0.0004437800325911567,0.0,0.0,-0.00022189001447477924,0.9999999753824105,0.7222222219878347,-5.693757383329901e-06,0.0,0.0,0.0,2.6789774029111676e-05
2026-08-28T01:51:36.829579,6.42,4.0133228749428,0.004854631137519994,0.0,-0.0004432384638861643,0.0,0.0,-0.00022161923012894088,0.9999999754424581,0.7222222223830568,-5.801712610998706e-06,0.0,0.0,0.0,2.7141702057188592e-05
2026-08-28T01:51:36.924534,6.44,4.0277673178974425,0.004848073299093822,0.0,-0.00044269041750411025,0.0,0.0,-0.00022134520694463492,0.9999999755031493,0.7222222216023549,-5.904958737462166e-06,0.0,0.0,0.0,2.7458164724593737e-05
2026-08-28T01:51:37.020161,6.46,4.042211760855761,0.004841524565174358,0.0,-0.0004421381793231482,0.0,0.0,-0.00022106908786090955,0.9999999755642289,0.7222222213102564,-6.003711855861821e-06,0.0,0.0,0.0,2.7744510595350093e-05
2026-08-28T01:51:37.102583,6.48,4.056656203821722,0.004834984965790727,0.0,-0.0004415807964499585,0.0,0.0,-0.00022079039643111616,0.9999999756258001,0.7222222220681286,-6.09799778350428e-06,0.0,0.0,0.0,2.7996294948468465e-05
2026-08-28T01:51:37.191237,6.5,4.071100646790929,0.004828454554597411,0.0,-0.0004410175262457018,0.0,0.0,-0.0002205087613358436,0.9999999756879427,0.7222222223802306,-6.188022873555712e-06,0.0,0.0,0.0,2.816939113065773e-05
2026-08-28T01:51:37.283293,6.52,4.085545089763081,0.004821933397122553,0.0,-0.00044045113419288745,0.0,0.0,-0.00022022556531631272,0.9999999757503499,0.7222222221566719,-6.273976329260995e-06,0.0,0.0,0.0,2.8334705870329977e-05
2026-08-28T01:51:37.363098,6.54,4.099989532738501,0.004815421462572867,0.0,-0.000439903363710581,0.0,0.0,-0.00021995168008179285,0.9999999758106289,0.7222222218122444,-6.3561184743072315e-06,0.0,0.0,0.0,2.632521085577569e-05
2026-08-28T01:51:37.448062,6.5600000000000005,4.1144339757200115,0.00480891832611833,0.0,-0.0004393746907878082,0.0,0.0,-0.00021968734362679294,0.9999999758687352,0.7222222222843605,-6.434463081500626e-06,0.0,0.0,0.0,2.6452804258028038e-05
2026-08-28T01:51:37.535733,6.58,4.128878418705125,0.004802423948202133,0.0,-0.0004388434693516353,0.0,0.0,-0.00021942173291510821,0.9999999759270513,0.7222222225084607,-6.509025388572523e-06,0.0,0.0,0.0,2.660170803621891e-05
2026-08-28T01:51:37.621128,6.6,4.143322861693919,0.0047959383656811135,0.0,-0.0004383109330086122,0.0,0.0,-0.00021915546474999875,0.9999999759854409,0.7222222226296537,-6.579924573684708e-06,0.0,0.0,0.0,2.6773279179697334e-05
2026-08-28T01:51:37.715830,6.62,4.157767304685848,0.004789461614997872,0.0,-0.00043777332245031886,0.0,0.0,-0.00021888665947729943,0.9999999760443149,0.7222222222995255,-6.647276749060075e-06,0.0,0.0,0.0,2.694756608952772e-05
2026-08-28T01:51:37.803352,6.64,4.172211747681489,0.004782993765113904,0.0,-0.0004372322725507693,0.0,0.0,-0.0002186161345339973,0.9999999761034926,0.7222222221228112,-6.711178824007862e-06,0.0,0.0,0.0,2.712585565041114e-05
2026-08-28T01:51:37.891391,6.66,4.186656190682951,0.004776534867391946,0.0,-0.00043668780605221613,0.0,0.0,-0.000218343901291218,0.9999999761629701,0.7222222225944067,-6.771658554384568e-06,0.0,0.0,0.0,2.7304638327964703e-05
2026-08-28T01:51:37.978125,6.68,4.201100633687636,0.004770084966994281,0.0,-0.0004361416337443913,0.0,0.0,-0.00021807081514380703,0.9999999762225595,0.7222222226560674,-6.8288524324469354e-06,0.0,0.0,0.0,2.7485545201371352e-05
2026-08-28T01:51:38.073092,6.7,4.215545076695146,0.004763644103111046,0.0,-0.0004355900148524938,0.0,0.0,-0.00021779500570440804,0.9999999762826675,0.722222222206354,-6.882873304208763e-06,0.0,0.0,0.0,2.7668700930250233e-05
2026-08-28T01:51:38.159242,6.72,4.229989519708147,0.004757212348294514,0.0,-0.00043503478435713555,0.0,0.0,-0.00021751739046330483,0.9999999763430921,0.7222222226487974,-6.933737570582173e-06,0.0,0.0,0.0,2.7855907447206756e-05
2026-08-28T01:51:38.240777,6.74,4.244433962725486,0.004750789756480438,0.0,-0.000434475847125082,0.0,0.0,-0.00021723792185388092,0.9999999764038424,0.7222222228200168,-6.981552228215664e-06,0.0,0.0,0.0,2.8043535626858207e-05
2026-08-28T01:51:38.324041,6.76,4.258878405745976,0.004744376375068616,0.0,-0.0004339150248080515,0.0,0.0,-0.0002169575107019737,0.9999999764647189,0.7222222226672195,-7.026431945024381e-06,0.0,0.0,0.0,2.823348748643921e-05
2026-08-28T01:51:38.407664,6.78,4.273322848769568,0.004737972238262916,0.0,-0.000433350338072902,0.0,0.0,-0.0002166751673410354,0.9999999765259356,0.7222222221037123,-7.0684755052206476e-06,0.0,0.0,0.0,2.842577486079984e-05
2026-08-28T01:51:38.489112,6.8,4.28776729179816,0.004731577408358507,0.0,-0.00043277984218947907,0.0,0.0,-0.00021638991940601103,0.9999999765877011,0.7222222222119805,-7.10768964568398e-06,0.0,0.0,0.0,2.862241110773866e-05
2026-08-28T01:51:38.600405,6.82,4.3022117348316815,0.004725191962900831,0.0,-0.0004322053794969527,0.0,0.0,-0.00021610268806646367,0.9999999766498139,0.7222222223686576,-7.144157519185815e-06,0.0,0.0,0.0,2.882147964717898e-05
2026-08-28T01:51:38.686173,6.84,4.316656177868745,0.00471881595931228,0.0,-0.00043162688322784254,0.0,0.0,-0.00021581343993865352,0.9999999767122792,0.7222222222569683,-7.177969406625792e-06,0.0,0.0,0.0,2.90210132368295e-05
2026-08-28T01:51:38.776195,6.86,4.338322835210223,0.004709269786998909,0.0,-0.0004307131668510599,0.0,0.0,-0.00021535658176087896,0.9999999768107711,0.7222222222939455,-7.538050686438313e-06,0.0,0.0,0.0,2.92230327934678e-05
2026-08-28T01:51:38.862239,6.88,4.345545071177329,0.0047060924986247485,0.0,-0.0004304773712080491,0.0,0.0,-0.00021523868394210591,0.9999999768361542,0.7222222220900945,-7.214683383707912e-06,0.0,0.0,0.0,2.9427575930445697e-05
2026-08-28T01:51:38.945096,6.9,4.3599895070051815,0.004699745145396102,0.0,-0.00042988589348791356,0.0,0.0,-0.00021494294508887923,0.9999999768997649,0.7222222221224319,-7.241087751612665e-06,0.0,0.0,0.0,2.9696757586179182e-05
2026-08-28T01:51:39.038108,6.92,4.374433950059684,0.004693407473915358,0.0,-0.000429291677417787,0.0,0.0,-0.00021464583706066968,0.999999976963582,0.7222222223472566,-7.265077161967383e-06,0.0,0.0,0.0,2.9866600254316102e-05
2026-08-28T01:51:39.123363,6.94,4.388878393117635,0.004687079529265209,0.0,-0.00042869184706351154,0.0,0.0,-0.00021434592189043133,0.9999999770279127,0.7222222221129484,-7.286729863085467e-06,0.0,0.0,0.0,3.0078757795432998e-05
2026-08-28T01:51:39.213673,6.96,4.403322836180086,0.004680761381924888,0.0,-0.00042808982869946277,0.0,0.0,-0.00021404491271531206,0.9999999770923874,0.7222222221163018,-7.306096556399462e-06,0.0,0.0,0.0,3.029540754310029e-05
2026-08-28T01:51:39.311148,6.98,4.41776727924781,0.004674453078711644,0.0,-0.0004274812318492137,0.0,0.0,-0.00021374061429714844,0.9999999771574747,0.7222222223847387,-7.323208449356231e-06,0.0,0.0,0.0,3.0513463933178452e-05
2026-08-28T01:51:39.434194,7.0,4.432211722318853,0.004668154706215019,0.0,-0.00042686813150405456,0.0,0.0,-0.00021343406413156115,0.9999999772229499,0.7222222222720478,-7.338145204483925e-06,0.0,0.0,0.0,3.0736997258365404e-05
2026-08-28T01:51:39.574438,7.02,4.446656165395011,0.004661866328816004,0.0,-0.0004262504733767436,0.0,0.0,-0.0002131252350749297,0.9999999772888168,0.7222222224603965,-7.350953915360109e-06,0.0,0.0,0.0,3.0961078767265704e-05
2026-08-28T01:51:39.676034,7.04,4.468322823195682,0.004652452623864881,0.0,-0.00042530058780343433,0.0,0.0,-0.0002126502922990376,0.9999999773899263,0.8024689755836764,-7.68081066135359e-06,0.0,0.0,0.0,3.118822841889845e-05
2026-08-28T01:51:39.829284,7.06,4.475545059655733,0.004649319766522311,0.0,-0.0004250389244915276,0.0,0.0,-0.00021251946064604048,0.9999999774177392,0.6565659480719381,-7.335132665106073e-06,0.0,0.0,0.0,3.1418552163128896e-05
2026-08-28T01:51:39.916167,7.08,4.489989493662168,0.0046430616960180995,0.0,-0.00042437297380137906,0.0,0.0,-0.00021218648530847378,0.9999999774884475,0.7222220908038653,-7.368434452421299e-06,0.0,0.0,0.0,3.175203213502264e-05
2026-08-28T01:51:40.001034,7.1,4.504433937740444,0.004636813867890264,0.0,-0.00042373506602721994,0.0,0.0,-0.00021186753142856356,0.9999999775560743,0.7222222220474128,-7.373482035975473e-06,0.0,0.0,0.0,3.193588828926055e-05
2026-08-28T01:51:40.088829,7.12,4.518878380838208,0.004630576374884658,0.0,-0.0004230952550470234,0.0,0.0,-0.00021154762594563446,0.9999999776238008,0.7222222222436234,-7.376638803202247e-06,0.0,0.0,0.0,3.213394273802618e-05
2026-08-28T01:51:40.176347,7.14,4.533322823941264,0.0046243492518194046,0.0,-0.0004224513873181125,0.0,0.0,-0.0002112256920883716,0.9999999776918532,0.7222222224987208,-7.3779615280698875e-06,0.0,0.0,0.0,3.641024106828375e-05
2026-08-28T01:51:40.267552,7.16,4.547767267048077,0.004618133157627662,0.0,-0.00042171837414883856,0.0,0.0,-0.00021085918551189652,0.9999999777692017,0.7222222224624057,-7.3770772930753645e-06,0.0,0.0,0.0,3.67604263027543e-05
2026-08-28T01:51:40.377320,7.18,4.5622117101596995,0.004611928798799889,0.0,-0.0004209781502293453,0.0,0.0,-0.0002104890735603634,0.9999999778471748,0.7222222223069423,-7.374457178842352e-06,0.0,0.0,0.0,3.711940936825703e-05
2026-08-28T01:51:40.461105,7.2,4.5766561532758665,0.00460573627498763,0.0,-0.00042023164687954317,0.0,0.0,-0.00021011582189371623,0.9999999779256704,0.7222222219300598,-7.370154963180438e-06,0.0,0.0,0.0,3.737555780406112e-05
2026-08-28T01:51:40.551669,7.22,4.591100596398068,0.004599555663925937,0.0,-0.000419479928447153,0.0,0.0,-0.00020973996268580314,0.9999999780045737,0.7222222220873757,-7.364182905699028e-06,0.0,0.0,0.0,3.763289595484703e-05
2026-08-28T01:51:40.633759,7.24,4.60554503952592,0.004593387039985947,0.0,-0.0004187229433703088,0.0,0.0,-0.00020936147015569118,0.9999999780838872,0.722222222295276,-7.3565915659460416e-06,0.0,0.0,0.0,3.789276239432094e-05
2026-08-28T01:51:40.719865,7.26,4.619989482658274,0.0045872304782797295,0.0,-0.00041796060694387915,0.0,0.0,-0.00020898030195081482,0.9999999781636164,0.7222222222294619,-7.347432939137202e-06,0.0,0.0,0.0,3.815678049059765e-05
2026-08-28T01:51:40.807971,7.28,4.634433925795308,0.004581086055066032,0.0,-0.0004171928375305002,0.0,0.0,-0.00020859641725249261,0.9999999782437671,0.7222222219948796,-7.3367429853617694e-06,0.0,0.0,0.0,3.842512836784579e-05
2026-08-28T01:51:40.896140,7.3,4.648878368937747,0.0045749538478525404,0.0,-0.00041641954309623586,0.0,0.0,-0.00020820977004375692,0.9999999783243456,0.7222222218318827,-7.324561940344815e-06,0.0,0.0,0.0,3.8697951198832345e-05
2026-08-28T01:51:40.990630,7.32,4.663322812085709,0.004568833925423877,0.0,-0.0004156445365435246,0.0,0.0,-0.00020782226677578506,0.9999999784049525,0.7222222218984492,-7.310933512167095e-06,0.0,0.0,0.0,-0.022371802357073003
2026-08-28T01:51:41.073044,7.34,4.677767082647886,0.0045043109074477845,0.0,-0.0012736724568456206,0.0,0.0,-0.000636836185376887,0.9999997972198159,0.7222222218847925,-8.509091346445955e-05,0.0,0.0,0.0,-0.10386478375452832
2026-08-28T01:51:41.159157,7.36,4.692210343262641,0.0043217626198995985,0.0,-0.0037672789775848874,0.0,0.0,-0.001883638374903144,0.9999982259516627,0.72222222230311,-0.0002975902413481493,0.0,0.0,0.0,-0.18535788187492203
2026-08-28T01:51:41.242571,7.38,4.706651598093488,0.004019741521916816,0.0,-0.007895336336738003,0.0,0.0,-0.0039476579149116215,0.9999922079681355,0.72222222254308,-0.0006113957069318193,0.0,0.0,0.0,-0.26685098305715466
2026-08-28T01:51:41.323251,7.4,4.721089785418646,0.003595737089766505,0.0,-0.013656652136854408,0.0,0.0,-0.006828273005587041,0.9999766870721343,0.72222222278317,-0.0009954208354531042,0.0,0.0,0.0,-0.348344088658427
2026-08-28T01:51:41.421234,7.42,4.735523820368057,0.0030483353318367904,0.0,-0.021049967307698033,0.0,0.0,-0.010524789336921818,0.9999446128708397,0.7222222230482828,-0.0014178190691912093,0.0,0.0,0.0,-0.42540546263418755
2026-08-28T01:51:41.503963,7.44,4.74995259883644,0.0023765080845814038,0.0,-0.02965986694488043,0.0,0.0,-0.014829389894802085,0.9998900385519139,0.7222222228362284,-0.0018475765499349475,0.0,0.0,0.0,-0.4336242392333105
2026-08-28T01:51:41.587730,7.46,4.7643750107691485,0.0015796226692319862,0.0,-0.03836157831933208,0.0,0.0,-0.019179613070700888,0.9998160543032194,0.7222222227590513,-0.002268466181280129,0.0,0.0,0.0,-0.43462318096147806
2026-08-28T01:51:41.668010,7.48,4.778789953177136,0.0006574375281393596,0.0,-0.04707287219921909,0.0,0.0,-0.023534263104106546,0.999723030874125,0.7222222224362514,-0.002679992957587469,0.0,0.0,0.0,-0.4345713114467815
2026-08-28T01:51:41.747222,7.5,4.793196335881681,-0.0003900012493970628,0.0,-0.05578151851809078,0.0,0.0,-0.027887143388538035,0.9996110779866473,0.722222222617403,-0.003082171821222226,0.0,0.0,0.0,-0.434433603066184
2026-08-28T01:51:41.836794,7.52,4.80759307403729,-0.001562571834081566,0.0,-0.0644871339424875,0.0,0.0,-0.032237980270432884,0.9994802212290562,0.722222222936443,-0.003475123154214201,0.0,0.0,0.0,-0.43428091212051456
2026-08-28T01:51:41.924249,7.54,4.821979084716444,-0.0028601421518882016,0.0,-0.07318944356125144,0.0,0.0,-0.03658655454624813,0.9993304878899845,0.7222222230976055,-0.0038590978434988655,0.0,0.0,0.0,-0.4341237734319277
2026-08-28T01:51:42.032987,7.5600000000000005,4.836353286513543,-0.00428257494437379,0.0,-0.08189011976730631,0.0,0.0,-0.04093362012461644,0.9991618681392388,0.7222222234976198,-0.0042341902635609436,0.0,0.0,0.0,-0.43396233736553075
2026-08-28T01:51:42.118596,7.58,4.850714599484327,-0.005829728197765801,0.0,-0.09058552834068091,0.0,0.0,-0.045277279902274876,0.9989744580942252,0.7222222234517576,-0.004600797898327384,0.0,0.0,0.0,-0.4337966497041325
2026-08-28T01:51:42.202791,7.6,4.865061949049677,-0.007501420353349918,0.0,-0.09927746959393335,0.0,0.0,-0.04961835230147131,0.9987682509545881,0.722222223798493,-0.004958905490986254,0.0,0.0,0.0,-0.4336249340332443
2026-08-28T01:51:42.289913,7.62,4.879394261402735,-0.009297476471658439,0.0,-0.1079654690285543,0.0,0.0,-0.05395651949930457,0.9985432859939128,0.722222223597417,-0.005308966234200958,0.0,0.0,0.0,-0.43345037266135844
2026-08-28T01:51:42.372308,7.64,4.893710464407429,-0.011217717833070084,0.0,-0.11665130187808213,0.0,0.0,-0.058292587070800934,0.9982995413665144,0.7222222234363633,-0.005651122955557146,0.0,0.0,0.0,-0.43327121758687615
2026-08-28T01:51:42.464647,7.66,4.908009487582494,-0.013261961667935751,0.0,-0.1253315231409302,0.0,0.0,-0.06262475490630086,0.9980371436339059,0.7222222240137866,-0.005985364015467034,0.0,0.0,0.0,-0.4330874077001265
2026-08-28T01:51:42.544379,7.68,4.922290267759991,-0.015429982651965147,0.0,-0.13400792190527697,0.0,0.0,-0.06695383614825377,0.9977560743112681,0.7222222242542921,-0.006311787936877737,0.0,0.0,0.0,-0.43289710402641474
2026-08-28T01:51:42.636712,7.7,4.936551742207287,-0.017721563958348372,0.0,-0.142680106270467,0.0,0.0,-0.07127955548323564,0.9974563774772871,0.722222224259829,-0.0066307672443182576,0.0,0.0,0.0,-0.4327034293321402
2026-08-28T01:51:42.724664,7.72,4.950792851242851,-0.020136478575706048,0.0,-0.1513477917681794,0.0,0.0,-0.07560169164793963,0.9971380968652085,0.7222222240379859,-0.006942603181393653,0.0,0.0,0.0,-0.43250438466964825
2026-08-28T01:51:42.806337,7.74,4.965012486430232,-0.02267477660453845,0.0,-0.1600881415864675,0.0,0.0,-0.07995862373344541,0.9967981834306547,0.7222222237842072,-0.007247749458680387,0.0,0.0,0.0,-0.44039242283767366
2026-08-28T01:51:42.891548,7.76,4.979209265372063,-0.025337938534588232,0.0,-0.16891035923567443,0.0,0.0,-0.08435481682596903,0.9964357806091957,0.7222222236123067,-0.0075464510496026805,0.0,0.0,0.0,-0.44035283178912665
2026-08-28T01:51:42.975459,7.78,4.993382038939879,-0.02812602987143104,0.0,-0.17773181029613072,0.0,0.0,-0.08874898677326312,0.9960540233073301,0.7222222239033206,-0.007838328159262824,0.0,0.0,0.0,-0.4402323092933011
2026-08-28T01:51:43.073575,7.8,5.007529713197384,-0.031038808283535044,0.0,-0.18654862997606658,0.0,0.0,-0.09313912453227377,0.9956531039882122,0.7222222241871128,-0.008123290346392071,0.0,0.0,0.0,-0.440016786409223
2026-08-28T01:51:43.165696,7.82,5.021651206402866,-0.03407597729519545,0.0,-0.19536071584543935,0.0,0.0,-0.09752509659914148,0.9952330659364811,0.7222222244205514,-0.008401666372468506,0.0,0.0,0.0,-0.439791211142633
2026-08-28T01:51:43.247824,7.84,5.0357454391340895,-0.03723723823400843,0.0,-0.2041678514678158,0.0,0.0,-0.10190671315587527,0.9947939594779244,0.7222222243398552,-0.008673635122697422,0.0,0.0,0.0,-0.43955927266030004
2026-08-28T01:51:43.341034,7.86,5.049811336202489,-0.040522281266369836,0.0,-0.21296978883977907,0.0,0.0,-0.10628376919801646,0.9943358388417178,0.7222222241156621,-0.008939419822924257,0.0,0.0,0.0,-0.4393207291784009
2026-08-28T01:51:43.427888,7.88,5.063847826783081,-0.043930785536247206,0.0,-0.2217664580426493,0.0,0.0,-0.11065614877600637,0.9938587508987695,0.7222222239932797,-0.00919911140748731,0.0,0.0,0.0,-0.43907544353887
2026-08-28T01:51:43.520624,7.9,5.077853844563221,-0.04746241918914538,0.0,-0.2305577281329709,0.0,0.0,-0.11502370603760498,0.9933627469607337,0.7222222238797739,-0.009452839568476576,0.0,0.0,0.0,-0.43882330303492467
2026-08-28T01:51:43.624674,7.92,5.091828327896198,-0.051116839400691345,0.0,-0.23934366109693395,0.0,0.0,-0.11938639138304763,0.9928478682822126,0.7222222241585233,-0.009700590451874462,0.0,0.0,0.0,-0.4385639800917646
2026-08-28T01:51:43.706042,7.94,5.105770219962499,-0.05489369236425398,0.0,-0.2481239488279767,0.0,0.0,-0.1237439718733262,0.9923141787886604,0.7222222241298335,-0.009942606705596348,0.0,0.0,0.0,-0.43829719868300454
2026-08-28T01:51:43.794837,7.96,5.119678468941426,-0.05879261327700644,0.0,-0.2568985457425517,0.0,0.0,-0.12809634543845647,0.9917617285846997,0.7222222243322639,-0.010178935621160927,0.0,0.0,0.0,-0.43802241670943803
2026-08-28T01:51:43.878215,7.98,5.133552028188421,-0.06281322629159829,0.0,-0.26566712317534075,0.0,0.0,-0.13244327013317173,0.9911905872214646,0.7222222240138771,-0.010409819032143811,0.0,0.0,0.0,-0.437739532795013
2026-08-28T01:51:43.961140,8.0,5.147389856404657,-0.06695514453800325,0.0,-0.2744295405021515,0.0,0.0,-0.13678459790672454,0.990600814544131,0.7222222239769047,-0.010635358270652054,0.0,0.0,0.0,-0.43744808861676004
2026-08-28T01:51:44.047657,8.02,5.161190917815887,-0.0712179701034633,0.0,-0.28318577818853896,0.0,0.0,-0.1411202412075277,0.9899924633660244,0.7222222241734013,-0.010855561786671178,0.0,0.0,0.0,-0.43714795041327037
2026-08-28T01:51:44.139276,8.04,5.174953975082329,-0.07560193984469193,0.0,-0.292090531126572,0.0,0.0,-0.1455266470354917,0.9893543323817849,0.7222222246615911,-0.011071353138465079,0.0,0.0,0.0,-0.45562039711203123
2026-08-28T01:51:44.229120,8.06,5.188676717559842,-0.08011051290568534,0.0,-0.3012146132137059,0.0,0.0,-0.1500385920869994,0.9886801408365351,0.7222222248133169,-0.011283604437374126,0.0,0.0,0.0,-0.45578474596349483
2026-08-28T01:51:44.320451,8.08,5.2023577935019265,-0.0847439838380462,0.0,-0.31033988518990346,0.0,0.0,-0.15454800230443114,0.9879852807525573,0.7222222249912916,-0.011490805462034627,0.0,0.0,0.0,-0.4557609246008129
2026-08-28T01:51:44.413611,8.1,5.215996069712796,-0.08950195762674977,0.0,-0.3194612486956845,0.0,0.0,-0.15905226584385215,0.9872701640027093,0.7222222244944749,-0.011693252233995546,0.0,0.0,0.0,-0.4554450721898228
2026-08-28T01:51:44.509433,8.12,5.229590440747308,-0.0943839623700745,0.0,-0.32857570069380726,0.0,0.0,-0.16354981190942242,0.9865350774424559,0.7222222244498907,-0.011890950196701102,0.0,0.0,0.0,-0.4551088278077048
2026-08-28T01:51:44.594445,8.14,5.243139807827734,-0.09938951395296815,0.0,-0.3376863143927716,0.0,0.0,-0.1680420694692458,0.9857798247522076,0.7222222239317205,-0.012084082189329347,0.0,0.0,0.0,-0.45475772654743307
2026-08-28T01:51:44.693582,8.16,5.256643965269009,-0.10451579786109762,0.0,-0.3461230562283695,0.0,0.0,-0.1721989469575506,0.9850621922836703,0.7222222232653481,-0.012269453895673302,0.0,0.0,0.0,-0.38535685340364906
2026-08-28T01:51:44.780360,8.18,5.270107309718466,-0.10974834572513005,0.0,-0.35383822290795713,0.0,0.0,-0.17599761579436698,0.984390592821111,0.7222222269631438,-0.012445850401694174,0.0,0.0,0.0,-0.3299036520420141
2026-08-28T01:51:44.863675,8.2,5.284540180171802,-0.1154907877333592,0.0,-0.3604803679420234,0.0,0.0,-0.17926587174458145,0.9838006643765064,0.7766665722894419,-0.01271672395204912,0.0,0.0,0.0,-0.33572077945532197
2026-08-28T01:51:44.957264,8.22,5.29927243457319,-0.12149544007506465,0.0,-0.3673618037835227,0.0,0.0,-0.18264978452004704,0.9831780389201035,0.7978999762069917,-0.012946304807272612,0.0,0.0,0.0,-0.3667539381962372
2026-08-28T01:51:45.055018,8.24,5.3140120926561485,-0.12764917738728818,0.0,-0.37498887993849994,0.0,0.0,-0.18639783417755676,0.9824743494941311,0.7993700171261097,-0.01315983452992494,0.0,0.0,0.0,-0.4039006595894463
2026-08-28T01:51:45.142102,8.26,5.328716410733587,-0.13393565924137704,0.0,-0.3833689998154749,0.0,0.0,-0.19051281229038497,0.98168470923877,0.7998110111445511,-0.013383450792994996,0.0,0.0,0.0,-0.42710427144766605
2026-08-28T01:51:45.242403,8.28,5.343371752986191,-0.14034979640613926,0.0,-0.39202650609633194,0.0,0.0,-0.19476048486562067,0.9808508314391686,0.7999433048108966,-0.013609777038807244,0.0,0.0,0.0,-0.4278163087658041
2026-08-28T01:51:45.328434,8.3,5.3579732537424505,-0.14688978243691028,0.0,-0.4006839719864349,0.0,0.0,-0.19900448821294217,0.9799985784025939,0.7999829929142497,-0.013833983864524968,0.0,0.0,0.0,-0.4278577727693412
2026-08-28T01:51:45.414022,8.32,5.372518725721097,-0.15355469035927385,0.0,-0.4093332001970981,0.0,0.0,-0.20324072976126792,0.9791287993752953,0.7999948989802427,-0.014055438371565126,0.0,0.0,0.0,-0.4276449643528362
2026-08-28T01:51:45.501379,8.34,5.3870066559242265,-0.1603441353036242,0.0,-0.41805183259411516,0.0,0.0,-0.20750711712431028,0.9782335080862635,0.7999984710426349,-0.014274178936191068,0.0,0.0,0.0,-0.43578357466373274
2026-08-28T01:51:45.587286,8.36,5.401435041792697,-0.16725932359392415,0.0,-0.4268501313862353,0.0,0.0,-0.21180849070127028,0.9773111905973705,0.7999995423886566,-0.014490129534987383,0.0,0.0,0.0,-0.4357118021720601
2026-08-28T01:51:45.675665,8.38,5.415802630732288,-0.1742999899177085,0.0,-0.4356410164906892,0.0,0.0,-0.21610214600531222,0.9763707607727193,0.799999863583257,-0.014703018900917311,0.0,0.0,0.0,-0.43557495323118445
2026-08-28T01:51:45.762884,8.4,5.430108343106227,-0.1814655549666038,0.0,-0.44442363619481917,0.0,0.0,-0.22038759515592196,0.9754123783822868,0.7999999602398947,-0.014912612359541598,0.0,0.0,0.0,-0.4353615791113198
2026-08-28T01:51:45.865678,8.42,5.444351120729542,-0.18875541476646013,0.0,-0.45319749413218346,0.0,0.0,-0.2246645255575703,0.9744361707962158,0.7999999892405368,-0.015118868147297244,0.0,0.0,0.0,-0.43514579694908767
2026-08-28T01:51:45.951361,8.44,5.458529911064067,-0.19616896215042226,0.0,-0.4619647818051043,0.0,0.0,-0.22893393438028714,0.973441962157561,0.7999999891009686,-0.015321939876562765,0.0,0.0,0.0,-0.434928375000845
2026-08-28T01:51:46.039849,8.46,5.472643664733096,-0.20370558909952804,0.0,-0.4707214254179163,0.0,0.0,-0.23319376863934602,0.9724302886416996,0.8000000003937164,-0.01552171902678635,0.0,0.0,0.0,-0.4347097270893353
2026-08-28T01:51:46.128397,8.48,5.486691359547222,-0.2113646400278282,0.0,-0.47946982987653686,0.0,0.0,-0.23744513089143185,0.9714009521386886,0.8000000011644635,-0.01571818705819434,0.0,0.0,0.0,-0.43448787020718405
2026-08-28T01:51:46.216973,8.5,5.500671963888876,-0.21914548148731264,0.0,-0.4882123163471914,0.0,0.0,-0.24168907869005338,0.9703537443849811,0.8000000011582015,-0.01591141727543323,0.0,0.0,0.0,-0.43426645104938955
2026-08-28T01:51:46.323756,8.52,5.514584448323245,-0.2270474793660884,0.0,-0.49694461079716706,0.0,0.0,-0.24592346885248467,0.9692892486082578,0.8000000013481307,-0.0161013943937486,0.0,0.0,0.0,-0.4340432223525531
2026-08-28T01:51:46.411202,8.54,5.528427812280876,-0.23506995213056425,0.0,-0.5056693213678352,0.0,0.0,-0.2501494995422981,0.9682072236245388,0.8000000018284844,-0.016287944889408167,0.0,0.0,0.0,-0.43381594260937667
2026-08-28T01:51:46.500351,8.56,5.542201049575254,-0.2432122325621688,0.0,-0.5143864885611126,0.0,0.0,-0.25436712223125985,0.967107732947983,0.800000001956114,-0.016471144727211857,0.0,0.0,0.0,-0.4335885015274467
2026-08-28T01:51:46.589515,8.58,5.555903161074769,-0.2514736451479278,0.0,-0.5230963144728147,0.0,0.0,-0.25857636684825347,0.9659908190596624,0.8000000022356595,-0.016650954697790266,0.0,0.0,0.0,-0.43335835145899887
2026-08-28T01:51:46.680301,8.6,5.56953315501676,-0.2598535057590156,0.0,-0.531798614065564,0.0,0.0,-0.26277707659589983,0.9648565738055126,0.8000000020244281,-0.016827600450513458,0.0,0.0,0.0,-0.43312530963060664
2026-08-28T01:51:46.786455,8.62,5.583090047177584,-0.2683511215988563,0.0,-0.5404935388091537,0.0,0.0,-0.2669692577353382,0.9637050458642636,0.8000000018583949,-0.017001048928936755,0.0,0.0,0.0,-0.43288901367843186
2026-08-28T01:51:46.885679,8.64,5.596572855827511,-0.276965799282564,0.0,-0.5491837059622551,0.0,0.0,-0.2711541033740335,0.9625359485356503,0.8000000019432809,-0.017171222785495096,0.0,0.0,0.0,-0.4488082791990897
2026-08-28T01:51:46.981165,8.66,5.609978848517447,-0.2856995298023667,0.0,-0.558228869483489,0.0,0.0,-0.2755044630053162,0.9612997923978515,0.8000000018219362,-0.01734032383907916,0.0,0.0,0.0,-0.4528009302663259
2026-08-28T01:51:47.077171,8.68,5.623305210139481,-0.29455428972130143,0.0,-0.5673153460663843,0.0,0.0,-0.2798690186661999,0.9600381931938011,0.8000000018115259,-0.017506567398726584,0.0,0.0,0.0,-0.4529785030405865
2026-08-28T01:51:47.166689,8.7,5.636550812985145,-0.30352940490504354,0.0,-0.5763996479107784,0.0,0.0,-0.2842267550338321,0.9587570869218845,0.8000000017523755,-0.017669635255017718,0.0,0.0,0.0,-0.4527982095375396
2026-08-28T01:51:47.272109,8.72,5.649714590700126,-0.31262410908424615,0.0,-0.5854801834033446,0.0,0.0,-0.28857682443202526,0.9574567438797056,0.800000001780157,-0.017829488520406823,0.0,0.0,0.0,-0.4525658519794577
2026-08-28T01:51:47.361206,8.74,5.662795489184878,-0.3218376200335466,0.0,-0.5945542359957862,0.0,0.0,-0.29291784583798514,0.9561376133118257,0.8000000018534033,-0.017986120713429813,0.0,0.0,0.0,-0.4523243823165979
2026-08-28T01:51:47.461736,8.76,5.67579248626373,-0.33116911285156053,0.0,-0.6036190392832967,0.0,0.0,-0.2972484220395608,0.9548001757409721,0.8000000015419427,-0.01813969002337569,0.0,0.0,0.0,-0.4520750186666167
2026-08-28T01:51:47.551802,8.78,5.688704575969163,-0.34061774404718503,0.0,-0.6126798526772054,0.0,0.0,-0.30157098990802444,0.9534437256838466,0.8000000018972497,-0.018289999886380113,0.0,0.0,0.0,-0.4518202410529588
2026-08-28T01:51:47.643667,8.8,5.701530739127821,-0.3501826921865976,0.0,-0.6217317026696132,0.0,0.0,-0.30588310128208007,0.9520690775096399,0.8000000024902989,-0.01843696394673246,0.0,0.0,0.0,-0.45156268716690867
2026-08-28T01:51:47.731614,8.82,5.7142699899711005,-0.3598630941897036,0.0,-0.6307794793170545,0.0,0.0,-0.3101870107441723,0.9506755589398492,0.8000000023551824,-0.018580863521049634,0.0,0.0,0.0,-0.4512964332549829
2026-08-28T01:51:47.821935,8.84,5.726921328318287,-0.36965811002756166,0.0,-0.6398174973498394,0.0,0.0,-0.3144799403168577,0.9492641187458344,0.8000000016629486,-0.018721941557911174,0.0,0.0,0.0,-0.45102646763943044
2026-08-28T01:51:47.922922,8.86,5.739483796448021,-0.3795668482603187,0.0,-0.6488487690599744,0.0,0.0,-0.3187632505700359,0.9478343684874613,0.800000001776861,-0.01885993890982887,0.0,0.0,0.0,-0.45074706884043175
2026-08-28T01:51:48.022715,8.88,5.751956428000787,-0.3895884330987394,0.0,-0.6578733159773892,0.0,0.0,-0.323036878818996,0.9463863771858095,0.8000000020209215,-0.018994829086859687,0.0,0.0,0.0,-0.45046414617257613
2026-08-28T01:51:48.104737,8.9,5.764338266763053,-0.39972197991317626,0.0,-0.6668911332720278,0.0,0.0,-0.3273007503741818,0.9449202182218864,0.8000000022919392,-0.019126619607200565,0.0,0.0,0.0,-0.4501739663772265
2026-08-28T01:51:48.194909,8.92,5.776628367197763,-0.40996659484615566,0.0,-0.6759017901893025,0.0,0.0,-0.3315545901553146,0.9434360358534867,0.8000000018458957,-0.019255609939061953,0.0,0.0,0.0,-0.4498760493799369
2026-08-28T01:51:48.284305,8.94,5.788825786797548,-0.4203213840662163,0.0,-0.6849084190942829,0.0,0.0,-0.3357998029989559,0.941933379972205,0.80000000177293,-0.01938172460094725,0.0,0.0,0.0,-0.4671529810614326
2026-08-28T01:51:48.375805,8.96,5.800927199401249,-0.4307882071391049,0.0,-0.6943134281246106,0.0,0.0,-0.34022551979033955,0.9403438709766727,0.8000000022383598,-0.01950744153391144,0.0,0.0,0.0,-0.4724439694696059
2026-08-28T01:51:48.475509,8.98,5.812929172457551,-0.44136890718896876,0.0,-0.7037733337539853,0.0,0.0,-0.34466947951228794,0.9387241074419728,0.8000000028757523,-0.019630552872884267,0.0,0.0,0.0,-0.47269037096456773
2026-08-28T01:51:48.579823,9.0,5.824830588540286,-0.45206259061524817,0.0,-0.713234725063165,0.0,0.0,-0.34910642424946725,0.9370830830549397,0.800000002607578,-0.01975091872412477,0.0,0.0,0.0,-0.4724543507915874
2026-08-28T01:51:48.675434,9.02,5.836630411644435,-0.4628682718567411,0.0,-0.7226874516753528,0.0,0.0,-0.35353150360703894,0.9354226189040685,0.8000000027015398,-0.01986838182111892,0.0,0.0,0.0,-0.4721350303741474
2026-08-28T01:51:48.757625,9.04,5.84832767518052,-0.47378489221883135,0.0,-0.7321326784501885,0.0,0.0,-0.35794518415594573,0.9337426011163709,0.800000002379768,-0.01998314805011927,0.0,0.0,0.0,-0.47179519992934826
2026-08-28T01:51:48.844088,9.06,5.859921401156033,-0.4848114099542995,0.0,-0.7415735297760451,0.0,0.0,-0.3623488423891655,0.9320425507557215,0.8000000017614726,-0.020095364466176942,0.0,0.0,0.0,-0.471446540805666
2026-08-28T01:51:48.932463,9.08,5.871410605424098,-0.49594679332220165,0.0,-0.7510066206309949,0.0,0.0,-0.36674081675872106,0.9303231553192397,0.8000000014640795,-0.020204937412105158,0.0,0.0,0.0,-0.4710869296299764
2026-08-28T01:51:49.025429,9.1,5.8827943559897475,-0.5071899603096462,0.0,-0.7604283668658737,0.0,0.0,-0.3711193654832533,0.9285851692565995,0.8000000019060403,-0.020311616110413874,0.0,0.0,0.0,-0.47071150510601856
2026-08-28T01:51:49.121870,9.12,5.894071757454365,-0.5185397972825849,0.0,-0.7698418560827249,0.0,0.0,-0.3754858518061756,0.9268281259723351,0.8000000017773404,-0.02041566524202818,0.0,0.0,0.0,-0.47032374724650394
2026-08-28T01:51:49.216932,9.14,5.9052418990517355,-0.5299952118173464,0.0,-0.7792470253380546,0.0,0.0,-0.3798401716435816,0.9250521304260504,0.8000000018523118,-0.02051704084526361,0.0,0.0,0.0,-0.46992762208747624
2026-08-28T01:51:49.313970,9.16,5.916303884149172,-0.541555102543991,0.0,-0.7886437633685768,0.0,0.0,-0.3841821995046294,0.9232572976065693,0.8000000020747039,-0.020615727714973768,0.0,0.0,0.0,-0.4695182497693465
2026-08-28T01:51:49.415584,9.18,5.927256831126338,-0.5532183586448245,0.0,-0.7980315097811789,0.0,0.0,-0.38851160405396,0.9214438309063765,0.8000000016088332,-0.02071201282054876,0.0,0.0,0.0,-0.4690947608579842
2026-08-28T01:51:49.496080,9.2,5.938099873842905,-0.5649838598087716,0.0,-0.8074104127681898,0.0,0.0,-0.39282838250277474,0.919611799565585,0.8000000019791519,-0.020805618270529957,0.0,0.0,0.0,-0.4686562828244132
2026-08-28T01:51:49.589313,9.22,5.948832148477803,-0.5768504884565274,0.0,-0.8167844764782268,0.0,0.0,-0.39713430164853675,0.9177605060439946,0.8000000018480298,-0.020896811262720447,0.0,0.0,0.0,-0.4682025256378288
2026-08-28T01:51:49.683399,9.24,5.9594527793601815,-0.5888171419847018,0.0,-0.8261491851612442,0.0,0.0,-0.4014272123698538,0.9158909286421436,0.8000000019453386,-0.020985490995480853,0.0,0.0,0.0,-0.48938919479745685
2026-08-28T01:51:49.771193,9.26,5.969956923181309,-0.6008861666337292,0.0,-0.8360545640171377,0.0,0.0,-0.4059583938241956,0.9138915594772059,0.8000000021753528,-0.02107625757664498,0.0,0.0,0.0,-0.5015394748077349
2026-08-28T01:51:49.863030,9.28,5.9803474363171105,-0.6130531856196751,0.0,-0.8441782518878118,0.0,0.0,-0.4096671196421358,0.9122350854270603,0.8000000014496846,-0.02115285599445839,0.0,0.0,0.0,-0.2424811912114646
2026-08-28T01:51:49.949067,9.3,5.9906709168120935,-0.6252771528192946,0.0,-0.8490219996840063,0.0,0.0,-0.41187523437951395,0.9112402489491015,0.8000000008763082,-0.0212000468659218,0.0,0.0,0.0,-0.23802122592442176
2026-08-28T01:51:50.044338,9.32,6.000935635170896,-0.6375505060305113,0.0,-0.853745902249393,0.0,0.0,-0.41402638856604407,0.9102648787968034,0.8000000007977927,-0.021245053743059395,0.0,0.0,0.0,-0.23496517999760358
2026-08-28T01:51:50.144556,9.34,6.011142469207962,-0.6498720394414768,0.0,-0.8584393409877791,0.0,0.0,-0.4161613827874225,0.9092907694882096,0.8000000009962253,-0.02128829531853761,0.0,0.0,0.0,-0.23468018153583822
2026-08-28T01:51:50.233316,9.36,6.021291322459489,-0.6622413735051178,0.0,-0.8631271144558674,0.0,0.0,-0.4182915122537234,0.9083128375050598,0.8000000009053372,-0.02133000284705432,0.0,0.0,0.0,-0.23449066718430572
2026-08-28T01:51:50.316066,9.38,6.031382035249587,-0.6746581832274842,0.0,-0.867809149761322,0.0,0.0,-0.42041674050402666,0.9073311216441161,0.8000000002069259,-0.021370439180065988,0.0,0.0,0.0,-0.23432115579026216
2026-08-28T01:51:50.398663,9.4,6.041414446128722,-0.6871221465138185,0.0,-0.872488114159202,0.0,0.0,-0.4225382730682688,0.9063450820700055,0.8000000007229542,-0.02140919114191371,0.0,0.0,0.0,-0.2341501338747199
2026-08-28T01:51:50.486839,9.42,6.051388377545663,-0.6996329554987305,0.0,-0.8771636172768007,0.0,0.0,-0.4246559261640737,0.9053548168390848,0.8000000006295113,-0.021446574769582644,0.0,0.0,0.0,-0.23397757309460532
2026-08-28T01:51:50.572395,9.44,6.0613036486276854,-0.7121903058945483,0.0,-0.8818374688265913,0.0,0.0,-0.4267705116755785,0.9043599561923145,0.8000000005320758,-0.021482554360442184,0.0,0.0,0.0,-0.22081259956760618
2026-08-28T01:51:50.659423,9.46,6.071161712466898,-0.7247926178054082,0.0,-0.8862463779637124,0.0,0.0,-0.4287630935270986,0.9034169633281591,0.800000000580394,-0.02151577917955319,0.0,0.0,0.0,-0.22065757877671613
2026-08-28T01:51:50.743935,9.48,6.08096406377822,-0.737438312620214,0.0,-0.8906522246372276,0.0,0.0,-0.43075220986315443,0.9024702397852291,0.800000000479149,-0.021547683240688113,0.0,0.0,0.0,-0.22049795496513352
2026-08-28T01:51:50.837849,9.5,6.090710545432343,-0.7501271180842886,0.0,-0.8950569233963543,0.0,0.0,-0.4327387183815845,0.9015193850458589,0.8000000001927522,-0.021578393840871016,0.0,0.0,0.0,-0.22054516456346038
2026-08-28T01:51:50.927395,9.52,6.100400962325628,-0.7628587915430214,0.0,-0.8994628323548546,0.0,0.0,-0.43472367290075054,0.9005638945792138,0.8000000004476415,-0.02160774050997237,0.0,0.0,0.0,-0.22059434916116025
2026-08-28T01:51:51.026272,9.54,6.110033952212777,-0.7756339682900322,0.0,-0.9040889472179572,0.0,0.0,-0.4368055641159039,0.899555945540569,0.800000000434543,-0.021637826410912993,0.0,0.0,0.0,-0.25697111911608467
2026-08-28T01:51:51.116001,9.56,6.119602313082658,-0.7884576201550808,0.0,-0.9092267421474263,0.0,0.0,-0.4391149872718192,0.8984308698799647,0.800000000581845,-0.021671628555776732,0.0,0.0,0.0,-0.25725837238977645
2026-08-28T01:51:51.201953,9.58,6.129104571516667,-0.8013303300812005,0.0,-0.9143687659781308,0.0,0.0,-0.44142340990196116,0.8972989319009163,0.8000000004284493,-0.021704222839831366,0.0,0.0,0.0,-0.2573975656152488
2026-08-28T01:51:51.288108,9.6,6.138540439757971,-0.814251783810238,0.0,-0.9195122685804691,0.0,0.0,-0.44372957728848506,0.8961607346003184,0.8000000003420961,-0.021735525810041605,0.0,0.0,0.0,-0.2571743360163928
2026-08-28T01:51:51.387764,9.62,6.147909699854657,-0.8272216158192677,0.0,-0.9246491594219964,0.0,0.0,-0.44602985107115384,0.8950180847074791,0.800000000637309,-0.02176542935664503,0.0,0.0,0.0,-0.2569393903671682
2026-08-28T01:51:51.470284,9.64,6.157212178695114,-0.8402394291875769,0.0,-0.9297837596236684,0.0,0.0,-0.448326158668937,0.8938700439399203,0.8000000005872369,-0.021794103455193656,0.0,0.0,0.0,-0.2793498816874304
2026-08-28T01:51:51.558361,9.66,6.166440137189159,-0.8533101655841433,0.0,-0.9356903064285983,0.0,0.0,-0.45096404234813575,0.8925421180588784,0.800000000505616,-0.021831555415832298,0.0,0.0,0.0,-0.3141572940354541
2026-08-28T01:51:51.646239,9.68,6.17558578793462,-0.8664386247932188,0.0,-0.9419686506789472,0.0,0.0,-0.4537636590953718,0.8911220689021113,0.8000000007217692,-0.021871828263434343,0.0,0.0,0.0,-0.31394697141570854
2026-08-28T01:51:51.730291,9.7,6.184648841040714,-0.879624239643814,0.0,-0.9482380903811797,0.0,0.0,-0.4565548431142877,0.8896952709938882,0.8000000009808719,-0.021910526819313176,0.0,0.0,0.0,-0.31325478135855966
2026-08-28T01:51:51.835722,9.72,6.193629115193588,-0.8928663712683452,0.0,-0.9544908914216058,0.0,0.0,-0.4593341510725503,0.8882635519137659,0.8000000004222413,-0.021947927888833766,0.0,0.0,0.0,-0.31230707943207253
2026-08-28T01:51:51.931010,9.74,6.202526469997776,-0.9061643580797911,0.0,-0.9607344350714113,0.0,0.0,-0.4621048644887242,0.8868252895671491,0.8000000006760708,-0.02198374492782972,0.0,0.0,0.0,-0.3347175718517158
2026-08-28T01:51:52.033053,9.76,6.211332788354287,-0.919522796558876,0.0,-0.9677530865009608,0.0,0.0,-0.46521417140144966,0.8851981556280281,0.8000000007679423,-0.02202847491055921,0.0,0.0,0.0,-0.37005041645938486
2026-08-28T01:51:52.123714,9.78,6.220040000372255,-0.9329460444716889,0.0,-0.9751441408840399,0.0,0.0,-0.46848226111652713,0.8834729033870513,0.8000000010835552,-0.022075983923395187,0.0,0.0,0.0,-0.3691789898897819
2026-08-28T01:51:52.216273,9.8,6.228647878852204,-0.9464332072165753,0.0,-0.9825130501129867,0.0,0.0,-0.4717341896994093,0.8817408090071831,0.8000000008623226,-0.02212185945181929,0.0,0.0,0.0,-0.36784889177843394
2026-08-28T01:51:52.309369,9.82,6.237156308287071,-0.9599833277411098,0.0,-0.9898526175300901,0.0,0.0,-0.4749668040002545,0.8800037131159072,0.8000000005007728,-0.022166139255606315,0.0,0.0,0.0,-0.36626272685572525
2026-08-28T01:51:52.397630,9.84,6.24556286397733,-0.9735968796224667,0.0,-0.9974008615221654,0.0,0.0,-0.47828465477708776,0.8782048673315139,0.8000000007260504,-0.022212421926164762,0.0,0.0,0.0,-0.426623343521787
2026-08-28T01:51:52.501324,9.86,6.253853118131612,-0.987281560111274,0.0,-1.0060021625160385,0.0,0.0,-0.4820570722609337,0.8761398170858444,0.8000000019378899,-0.02227135602511656,0.0,0.0,0.0,-0.4334587061630131
2026-08-28T01:51:52.589854,9.88,6.262024431551139,-1.00103759291532,0.0,-1.0146574577740197,0.0,0.0,-0.4858441707236707,0.8740454460574855,0.80000000199031,-0.022329184149673966,0.0,0.0,0.0,-0.4320237569667827
2026-08-28T01:51:52.677112,9.9,6.27007660178194,-1.0148637046444933,0.0,-1.0232780340763679,0.0,0.0,-0.4896070336465879,0.8719432049186397,0.8000000015945606,-0.022385147859225806,0.0,0.0,0.0,-0.4300128157476321
2026-08-28T01:51:52.778968,9.92,6.278009570302721,-1.028758553789934,0.0,-1.0318572358358833,0.0,0.0,-0.4933428059716595,0.8698349704375017,0.800000001371069,-0.022439149232345416,0.0,0.0,0.0,-0.4278988130281867
2026-08-28T01:51:52.863340,9.94,6.285821284929044,-1.0427219266848025,0.0,-1.0406394466703928,0.0,0.0,-0.49715757448519177,0.8676602711499478,0.8000000011362066,-0.022494499740936244,0.0,0.0,0.0,-0.48212341693431554
2026-08-28T01:51:52.950871,9.96,6.293499379693068,-1.0567592114792426,0.0,-1.0502874142812972,0.0,0.0,-0.5013373527272944,0.8652519048002081,0.8000000015126453,-0.022558750662253137,0.0,0.0,0.0,-0.48257723921147394
2026-08-28T01:51:53.039049,9.98,6.301041642448538,-1.070869944577722,0.0,-1.0599194123409115,0.0,0.0,-0.5054985749934373,0.8628274396886113,0.8000000023604547,-0.022620701569177067,0.0,0.0,0.0,-0.4804859047558498
2026-08-28T01:51:53.126525,10.0,6.308447974937648,-1.0850524961610009,0.0,-1.069504823843003,0.0,0.0,-0.5096280315473659,0.8603948334695862,0.8000000025728901,-0.02268039672309078,0.0,0.0,0.0,-0.4779175209415584
2026-08-28T01:51:53.219199,10.02,6.315718316897172,-1.0993052385624589,0.0,-1.0790644647579224,0.0,0.0,-0.5137347270701589,0.8579490836886239,0.8000000024808629,-0.022738085473851064,0.0,0.0,0.0,-0.47525382310513514
2026-08-28T01:51:53.307447,10.04,6.322852096397161,-1.1136268205982065,0.0,-1.0886677736558954,0.0,0.0,-0.5178483639816692,0.855472426160837,0.8000000022092748,-0.02279433630846469,0.0,0.0,0.0,-0.4858646218051133
2026-08-28T01:51:53.391298,10.06,6.3298468536949,-1.128016812537785,0.0,-1.0983583935922834,0.0,0.0,-0.5219872980782968,0.8529532581829554,0.8000000017003353,-0.02284961152945991,0.0,0.0,0.0,-0.483110171348966
2026-08-28T01:51:53.484629,10.08,6.336702251607949,-1.142473715201126,0.0,-1.1079926804503137,0.0,0.0,-0.5260900240583415,0.8504288839087568,0.8000000018975264,-0.022902670262247755,0.0,0.0,0.0,-0.48022165370351627
2026-08-28T01:51:53.586449,10.1,6.343418490164376,-1.156995790572579,0.0,-1.1175676286262406,0.0,0.0,-0.5301553857950208,0.8479005053144695,0.8000000021264256,-0.022953578327987095,0.0,0.0,0.0,-0.47717072182281195
2026-08-28T01:51:53.684706,10.12,6.349995837688213,-1.1715812988563383,0.0,-1.1270804259731673,0.0,0.0,-0.5341823264988987,0.8453692933009951,0.80000000195251,-0.02300249838978168,0.0,0.0,0.0,-0.474017235953137
2026-08-28T01:51:53.764083,10.14,6.356435422076758,-1.1862281548392093,0.0,-1.1363100014747913,0.0,0.0,-0.5380778244773596,0.8428951624049765,0.800000002027811,-0.02304813713345755,0.0,0.0,0.0,-0.4488513192235269
2026-08-28T01:51:53.850678,10.16,6.362742459979775,-1.2009325757041103,0.0,-1.1452547938093118,0.0,0.0,-0.5418421916083251,0.840480243309197,0.80000000215789,-0.023090562720438707,0.0,0.0,0.0,-0.4455426290513754
2026-08-28T01:51:53.967223,10.18,6.368918219196477,-1.2156926142203472,0.0,-1.1541333946023613,0.0,0.0,-0.5455679844921594,0.8380665691322874,0.8000000020076412,-0.023131153879061717,0.0,0.0,0.0,-0.4422398042664599
2026-08-28T01:51:54.079790,10.2,6.374963187826456,-1.2305066991345956,0.0,-1.162945995754006,0.0,0.0,-0.5492554495239427,0.8356545046658049,0.8000000019161976,-0.023169915647651095,0.0,0.0,0.0,-0.4389451537526498
2026-08-28T01:51:54.196253,10.22,6.380877750313396,-1.2453733301391279,0.0,-1.1717252996291105,0.0,0.0,-0.552918378353678,0.8332354210418199,0.8000000012951347,-0.0232073430356059,0.0,0.0,0.0,-0.43553912153202345
2026-08-28T01:51:54.289634,10.24,6.386665131563623,-1.260289939046447,0.0,-1.1796591904357208,0.0,0.0,-0.5562194185703289,0.8310354736142648,0.8000000009833329,-0.02323849292926522,0.0,0.0,0.0,-0.35380661329299556
2026-08-28T01:51:54.379217,10.26,6.392343926215753,-1.2752482310630924,0.0,-1.1866912288718472,0.0,0.0,-0.559137911148634,0.8290746626910885,0.8000000009779464,-0.023262635238015618,0.0,0.0,0.0,-0.3494079818480196
2026-08-28T01:51:54.461761,10.28,6.397918037118019,-1.2902458480477674,0.0,-1.19363886369124,0.0,0.0,-0.5620145856842782,0.8271273212015965,0.8000000005927376,-0.023285373490358276,0.0,0.0,0.0,-0.3453849770010761
2026-08-28T01:51:54.543470,10.3,6.403388399211381,-1.305281618162407,0.0,-1.2005103612272094,0.0,0.0,-0.5648530646574391,0.8251915022266643,0.8000000002437263,-0.02330673046304619,0.0,0.0,0.0,-0.34180507899894025
2026-08-28T01:51:54.639334,10.32,6.408757999122125,-1.3203536709710726,0.0,-1.206758677200049,0.0,0.0,-0.5674283325024297,0.8234227878031504,0.8000000004566539,-0.02332332496736906,0.0,0.0,0.0,-0.2811509460986634
2026-08-28T01:51:54.752690,10.34,6.4140506369714405,-1.3354529374107542,0.0,-1.2104270764993246,0.0,0.0,-0.5689376989484646,0.8223806264225989,0.8000000000684927,-0.023320130903892126,0.0,0.0,0.0,-0.012056099782071783
2026-08-28T01:51:54.879261,10.36,6.419329474342443,-1.3505570386765333,0.0,-1.2106661026906376,0.0,0.0,-0.5690359801395256,0.8223126250439363,0.7999999999303223,-0.023284469412633072,0.0,0.0,0.0,-0.006933713292004013
2026-08-28T01:51:55.013830,10.38,6.424605442311503,-1.3656621425061266,0.0,-1.2108028115576113,0.0,0.0,-0.5690921875237543,0.8222737269908531,0.8000000001289371,-0.0232484714267059,0.0,0.0,0.0,-0.003546259544490313
2026-08-28T01:51:55.126883,10.4,6.429879862369156,-1.3807677869140667,0.0,-1.210862188749668,0.0,0.0,-0.5691165994254536,0.822256831080416,0.7999999999247664,-0.023212379615328137,0.0,0.0,0.0,-0.002585939754178432
2026-08-28T01:51:55.234228,10.42,6.4351534637444665,-1.3958737171558129,0.0,-1.2109119844071468,0.0,0.0,-0.5691370716588132,0.822242661057933,0.7999999996615221,-0.023176592053101575,0.0,0.0,0.0,-0.001673553419128467
2026-08-28T01:51:55.340046,10.44,6.4404273282082585,-1.4109795555276654,0.0,-1.2107622754087577,0.0,0.0,-0.5690755215017675,0.8222852612247719,0.7999999994816388,-0.02313967554880713,0.0,0.0,0.0,0.022354202943846865
2026-08-28T01:51:55.425735,10.46,6.445707039314182,-1.4260833513239872,0.0,-1.2103135570600456,0.0,0.0,-0.5688910199382333,0.8224129178421485,0.7999999998959766,-0.023100164292235516,0.0,0.0,0.0,0.02302677588675341
2026-08-28T01:51:55.520767,10.48,6.450993624382385,-1.4411847424813438,0.0,-1.209846564756517,0.0,0.0,-0.568698974180403,0.822545729285708,0.8000000002954853,-0.023060821164076026,0.0,0.0,0.0,0.023532307848335425
2026-08-28T01:51:55.646540,10.5,6.456287307277975,-1.4562836470054228,0.0,-1.209372266143037,0.0,0.0,-0.5685038920410129,0.8226805727220136,0.800000000312711,-0.02302180313518164,0.0,0.0,0.0,0.023768595174885467
2026-08-28T01:51:55.787140,10.52,6.461588168008235,-1.4713800330589815,0.0,-1.2088935197549853,0.0,0.0,-0.5683069480790364,0.8228166337435646,0.800000000487321,-0.022983057976660882,0.0,0.0,0.0,0.02399622633276352
2026-08-28T01:51:55.869830,10.54,6.466896265826416,-1.4864738759712992,0.0,-1.2084124910070306,0.0,0.0,-0.5681090324159088,0.8229532959332867,0.8000000003206537,-0.022944751671505788,0.0,0.0,0.0,0.024225522224011663
2026-08-28T01:51:55.958641,10.56,6.472211651525781,-1.5015651539505577,0.0,-1.2079245424608405,0.0,0.0,-0.5679082360778306,0.8230918754276262,0.7999999999984566,-0.022906843445174706,0.0,0.0,0.0,0.0244594024642488
2026-08-28T01:51:56.044131,10.58,6.477534420482085,-1.5166538293983352,0.0,-1.2074319397688928,0.0,0.0,-0.5677054902172096,0.8232317270229796,0.8000000000037393,-0.022869271011787234,0.0,0.0,0.0,0.02470022668774699
2026-08-28T01:51:56.128795,10.6,6.4828646439204745,-1.531739873086552,0.0,-1.2069346795434444,0.0,0.0,-0.5675007924753245,0.8233728502567221,0.800000000205844,-0.02283195493026207,0.0,0.0,0.0,0.02494369554534983
2026-08-28T01:51:56.217026,10.62,6.488202394078189,-1.5468232553075816,0.0,-1.2064324937586568,0.0,0.0,-0.5672940315172146,0.8235153197147856,0.8000000000443435,-0.02279504235366366,0.0,0.0,0.0,0.02519224652102041
2026-08-28T01:51:56.299744,10.64,6.493547735031045,-1.561903949125424,0.0,-1.205927922754083,0.0,0.0,-0.5670862524897853,0.8236584135654121,0.8000000000075229,-0.02275845811856795,0.0,0.0,0.0,0.025446124915455764
2026-08-28T01:51:56.385702,10.66,6.498900713074666,-1.5769819338027877,0.0,-1.2054184411590192,0.0,0.0,-0.5668764146909608,0.8238028468432977,0.8000000001680625,-0.022722128864728425,0.0,0.0,0.0,0.025705336649188837
2026-08-28T01:51:56.481027,10.68,6.504261414265762,-1.5920571743803127,0.0,-1.2049011170675834,0.0,0.0,-0.5666633091999724,0.8239494486960571,0.8000000001349733,-0.022686154252654037,0.0,0.0,0.0,0.02597279722010877
2026-08-28T01:51:56.564933,10.7,6.509629936736064,-1.6071296314510997,0.0,-1.204381151909017,0.0,0.0,-0.5664490775488614,0.8240967434373491,0.7999999999509219,-0.02265054624303521,0.0,0.0,0.0,0.026246235366348465
2026-08-28T01:51:56.652953,10.72,6.515006340745205,-1.6221992789418884,0.0,-1.2038531926838976,0.0,0.0,-0.566231513075775,0.8242462457299508,0.8000000003268787,-0.022615101825247008,0.0,0.0,0.0,0.02652287615590143
2026-08-28T01:51:56.734763,10.74,6.520390231481049,-1.637266253356469,0.0,-1.2034544774825198,0.0,0.0,-0.5660671820709402,0.8243591119058884,0.8000000003085896,-0.022580771918702152,0.0,0.0,0.0,0.013326179735801537
2026-08-28T01:51:56.821745,10.76,6.525778635938363,-1.6523316141636717,0.0,-1.2031877285559376,0.0,0.0,-0.5659572285823435,0.824434603480102,0.8000000000827345,-0.022547589635023183,0.0,0.0,0.0,0.013321445856682868
2026-08-28T01:51:56.903184,10.78,6.531171055923429,-1.667395538139764,0.0,-1.2029210550336407,0.0,0.0,-0.5658472961118729,0.8245100590550017,0.7999999999419908,-0.022514778597291105,0.0,0.0,0.0,0.013460788877155608
2026-08-28T01:51:57.003186,10.8,6.536567511329259,-1.6824580169491088,0.0,-1.2026516934210971,0.0,0.0,-0.5657362453007466,0.8245862603469776,0.799999999892274,-0.022482223444539994,0.0,0.0,0.0,0.013754472719325351
2026-08-28T01:51:57.100634,10.82,6.541968066987838,-1.6975190261244033,0.0,-1.2023765439108474,0.0,0.0,-0.5656227976944658,0.8246640835687495,0.7999999999713228,-0.022449912972271783,0.0,0.0,0.0,0.01406136515471117
2026-08-28T01:51:57.182592,10.84,6.5473728249016085,-1.7125785277965793,0.0,-1.2020922193498922,0.0,0.0,-0.565505555852462,0.8247444854620114,0.8000000001948872,-0.022417780967252922,0.0,0.0,0.0,0.014379011478099795
2026-08-28T01:51:57.272242,10.86,6.552781914856196,-1.727636474021181,0.0,-1.2018014671737434,0.0,0.0,-0.5653856517501712,0.8248266877320557,0.8000000000559614,-0.022385950286807198,0.0,0.0,0.0,0.014704413196293493
2026-08-28T01:51:57.355627,10.88,6.558195434260927,-1.7426928283692502,0.0,-1.2015043280695588,0.0,0.0,-0.5652631013792181,0.8249106777216233,0.8000000003242136,-0.02235428802330552,0.0,0.0,0.0,0.015034101745504617
2026-08-28T01:51:57.461541,10.9,6.563613482045946,-1.7577475537643288,0.0,-1.2012005553192093,0.0,0.0,-0.5651378021668574,0.8249965239696553,0.8000000003138548,-0.022322891065601556,0.0,0.0,0.0,0.015371572500653113
2026-08-28T01:51:57.564104,10.92,6.569036146327928,-1.772800616925861,0.0,-1.2008932580273322,0.0,0.0,-0.565011035897684,0.8250833468891648,0.7999999998574553,-0.022291925742513458,0.0,0.0,0.0,0.01571732145903064
2026-08-28T01:51:57.707695,10.94,6.574463504665805,-1.7878519882868869,0.0,-1.2005755304835701,0.0,0.0,-0.5648799529158434,0.8251730962615023,0.7999999998417288,-0.02226120588864431,0.0,0.0,0.0,0.01607156665577533
2026-08-28T01:51:57.817818,10.96,6.579895688534727,-1.8029016187393845,0.0,-1.2002543442964875,0.0,0.0,-0.5647474285320103,0.8252638014395651,0.7999999998713989,-0.02223072380844516,0.0,0.0,0.0,0.016438549136823
2026-08-28T01:51:57.899754,10.98,6.585332779920747,-1.817949476908745,0.0,-1.1999220574738028,0.0,0.0,-0.5646103085948722,0.825357619113317,0.7999999997204511,-0.022200532360706036,0.0,0.0,0.0,0.016810564770292382
2026-08-28T01:51:57.987248,11.0,6.590774931942987,-1.8329955056043985,0.0,-1.1995822215790415,0.0,0.0,-0.5644700573723072,0.8254535446226542,0.7999999996878975,-0.022170591448699598,0.0,0.0,0.0,0.017196598300634428
2026-08-28T01:51:58.110534,11.02,6.596222259806441,-1.848039661187798,0.0,-1.1992347011687448,0.0,0.0,-0.5643266178743631,0.8255516145938318,0.7999999998076014,-0.022140851417851385,0.0,0.0,0.0,0.01758786842303371
2026-08-28T01:51:58.224419,11.04,6.601674865667473,-1.8630819046155895,0.0,-1.1988832907171947,0.0,0.0,-0.5641815554312405,0.8256507569857767,0.7999999997411883,-0.022111384954953642,0.0,0.0,0.0,0.00865714221229337
2026-08-28T01:51:58.320095,11.06,6.607131420319906,-1.8781227161245477,0.0,-1.1987105185158275,0.0,0.0,-0.5641102285767879,0.8256994913496338,0.7999999997521147,-0.022083250814475035,0.0,0.0,0.0,0.008829359247403454
2026-08-28T01:51:58.413501,11.08,6.612590612867379,-1.893162570385567,0.0,-1.1985323998185986,0.0,0.0,-0.564036690080895,0.8257497273645256,0.799999999362937,-0.022055454702951165,0.0,0.0,0.0,0.00900870280098425
2026-08-28T01:51:58.510615,11.1,6.617866622898703,-1.9076897147495073,0.0,-1.1984873780400818,0.0,0.0,-0.5640181015773187,0.8257624241227723,0.7455556589650598,-0.02195745335078954,0.0,0.0,0.0,0.008719170586833379
2026-08-28T01:51:58.633966,11.12,6.6229034903477215,-1.921550699911,0.0,-1.198415857126483,0.0,0.0,-0.5639885715751944,0.8257825931397269,0.7292222514233672,-0.021828785165788272,0.0,0.0,0.0,0.008948222360208414
2026-08-28T01:51:58.717247,11.14,6.627870316060649,-1.9352112191389115,0.0,-1.198323405903011,0.0,0.0,-0.5639503986671119,0.8258086629741817,0.724322230354922,-0.021690532826197078,0.0,0.0,0.0,0.009466185469777672
2026-08-28T01:51:58.826800,11.16,6.632817966181403,-1.9488109303352108,0.0,-1.1982044781490757,0.0,0.0,-0.5639012918853559,0.825842196191274,0.7228522244483906,-0.02155197323155291,0.0,0.0,0.0,0.009984326873942403
2026-08-28T01:51:58.911883,11.18,6.637761807450557,-1.962391691551495,0.0,-1.1980712099652338,0.0,0.0,-0.5638462613886938,0.8258797694083521,0.7224112225423834,-0.021416527315513415,0.0,0.0,0.0,0.010501366836290861
2026-08-28T01:51:58.991697,11.2,6.642706548559314,-1.9759660238035113,0.0,-1.1979248802556,0.0,0.0,-0.5637858345061612,0.8259210209276621,0.7222789224633719,-0.021284730289020157,0.0,0.0,0.0,0.011007647634173825
2026-08-28T01:51:59.087855,11.22,6.647653816337151,-1.989538027247836,0.0,-1.1977702715641625,0.0,0.0,-0.5637219855375052,0.8259646015548443,0.7222789223272219,-0.021156992794695302,0.0,0.0,0.0,0.011517889234525559
2026-08-28T01:51:59.174727,11.24,6.652603853378393,-2.003108049212435,0.0,-1.197597444176226,0.0,0.0,-0.5636506087805386,0.8260133117700514,0.7222273251297777,-0.021033027546509833,0.0,0.0,0.0,0.012034120693204775
2026-08-28T01:51:59.262147,11.26,6.6575571040426915,-2.0166767717319196,0.0,-1.197416720755708,0.0,0.0,-0.563575966503921,0.8260642408306822,0.7222273254135264,-0.020912718289361178,0.0,0.0,0.0,0.012563207287610989
2026-08-28T01:51:59.342595,11.28,6.662513687224309,-2.0302441897825774,0.0,-1.197217258246384,0.0,0.0,-0.5634935792781338,0.8261204428606749,0.7222226815616349,-0.020796124637417215,0.0,0.0,0.0,0.013092815421386754
2026-08-28T01:51:59.433836,11.3,6.667473822938963,-2.043810294621978,0.0,-1.1970044669607274,0.0,0.0,-0.563405680473345,0.8261803914463034,0.7222223597698376,-0.020682997351889783,0.0,0.0,0.0,0.013637325271574305
2026-08-28T01:51:59.533784,11.32,6.672437642727072,-2.057375048473279,0.0,-1.1967835920416439,0.0,0.0,-0.5633144357742063,0.8262426074999931,0.7222223595391007,-0.02057335300908104,0.0,0.0,0.0,0.014182845502563969
2026-08-28T01:51:59.625007,11.34,6.677405257448341,-2.0709384106564706,0.0,-1.1965439902259871,0.0,0.0,-0.5632154471175612,0.8263100871514069,0.7222222341722937,-0.020466839461809546,0.0,0.0,0.0,0.014737391066964318
2026-08-28T01:51:59.712566,11.36,6.68237687293169,-2.0845003064787004,0.0,-1.1962909927750465,0.0,0.0,-0.5631109154387056,0.8263813265761654,0.7222222258134793,-0.020363327713590257,0.0,0.0,0.0,0.015309147307440044
2026-08-28T01:51:59.802605,11.38,6.687352623642067,-2.0980606855703092,0.0,-1.1960300810127604,0.0,0.0,-0.5630031043431745,0.8264547806746287,0.7222222258081594,-0.020262853740184782,0.0,0.0,0.0,0.03772034853888996
2026-08-28T01:51:59.891602,11.4,6.692338350703198,-2.1116173991675216,0.0,-1.1951093713078815,0.0,0.0,-0.5626225822303444,0.8267138743026268,0.722222222400986,-0.020156770038777787,0.0,0.0,0.0,0.058919528592012674
2026-08-28T01:51:59.989716,11.42,6.697340051882458,-2.1251682272730203,0.0,-1.1939663413219712,0.0,0.0,-0.5621500109974853,0.8270352865117226,0.722222222046064,-0.020050957366190583,0.0,0.0,0.0,0.05982064602573718
2026-08-28T01:52:00.067276,11.44,6.702357933130186,-2.13871307221535,0.0,-1.192812501620994,0.0,0.0,-0.5616727843980877,0.8273594643602619,0.7222222226192062,-0.019947969102247838,0.0,0.0,0.0,0.06020072383762354
2026-08-28T01:52:00.158399,11.46,6.707392076075223,-2.1522518816601544,0.0,-1.1916469936940541,0.0,0.0,-0.5611905420456582,0.827686640896481,0.7222222226474639,-0.01984794218976416,0.0,0.0,0.0,0.06040583582148118
2026-08-28T01:52:00.250718,11.48,6.712442573187407,-2.165784598870945,0.0,-1.1904753698239443,0.0,0.0,-0.5607055770672138,0.8280152509741127,0.7222222222174097,-0.01975088756610354,0.0,0.0,0.0,0.06060793032914192
2026-08-28T01:52:00.347107,11.5,6.717509471641383,-2.1793111836634296,0.0,-1.1892980831592603,0.0,0.0,-0.560218074296287,0.8283451631003587,0.7222222224785884,-0.019656474848688387,0.0,0.0,0.0,0.06080632017702047
2026-08-28T01:52:00.454431,11.52,6.722592817694656,-2.1928315959678315,0.0,-1.188115141456296,0.0,0.0,-0.5597280343131962,0.828676370849251,0.7222222226965104,-0.019564685897299892,0.0,0.0,0.0,0.06100553074395198
2026-08-28T01:52:00.540372,11.54,6.727692650849503,-2.2063457980411765,0.0,-1.1869284520330445,0.0,0.0,-0.5592362450714058,0.8290083366278258,0.7222222225021199,-0.01947555525271776,0.0,0.0,0.0,0.06120606709252175
2026-08-28T01:52:00.631712,11.56,6.732809004113592,-2.2198537543985113,0.0,-1.1857340496354043,0.0,0.0,-0.5587410606027715,0.8293421653313486,0.7222222221002456,-0.019388976651816586,0.0,0.0,0.0,0.06140805625483761
2026-08-28T01:52:00.721241,11.58,6.737941944681794,-2.2333554163956255,0.0,-1.1845339645979336,0.0,0.0,-0.5582433194832127,0.8296772844018111,0.7222222219493979,-0.01930487300137055,0.0,0.0,0.0,0.06161322661689514
2026-08-28T01:52:00.804963,11.6,6.743091520037675,-2.2468507425895674,0.0,-1.1833284116559517,0.0,0.0,-0.5577431081520307,0.8300136295922569,0.7222222219073654,-0.01922302736712482,0.0,0.0,0.0,0.061818251497824044
2026-08-28T01:52:00.900214,11.62,6.748257777704681,-2.2603396912907114,0.0,-1.1821175942689237,0.0,0.0,-0.5572405085037249,0.8303511399898901,0.7222222224477088,-0.019143244530713872,0.0,0.0,0.0,0.062024905740173435
2026-08-28T01:52:00.981538,11.64,6.753440651077702,-2.273822264482527,0.0,-1.1809351516627393,0.0,0.0,-0.5567494898596622,0.8306804473087144,0.7222222224543393,-0.019065883265043906,0.0,0.0,0.0,0.05883814495240558
2026-08-28T01:52:01.082059,11.66,6.758639500104835,-2.287298685595051,0.0,-1.1797818792472154,0.0,0.0,-0.556270396901016,0.831001351100939,0.7222222226702001,-0.018990744493619063,0.0,0.0,0.0,0.05898776803668101
2026-08-28T01:52:01.171946,11.68,6.763854246482317,-2.30076896314643,0.0,-1.1786240629214557,0.0,0.0,-0.5557892302496273,0.8313232413078121,0.7222222224575061,-0.018917649155243296,0.0,0.0,0.0,0.05916880992502945
2026-08-28T01:52:01.254725,11.7,6.769084931771345,-2.314233059417574,0.0,-1.1774611891427536,0.0,0.0,-0.5553057743298789,0.8316462571285304,0.7222222226304412,-0.018846465043471303,0.0,0.0,0.0,0.05938334086935105
2026-08-28T01:52:01.349038,11.72,6.774331605371219,-2.3276909334314198,0.0,-1.1762928820008052,0.0,0.0,-0.5548198704816294,0.8319704990675739,0.7222222224886483,-0.018777170767053267,0.0,0.0,0.0,0.05960117799253041
2026-08-28T01:52:01.440189,11.74,6.779594318474787,-2.341142543279038,0.0,-1.175119055949595,0.0,0.0,-0.5543314806283035,0.832295986764584,0.7222222223394312,-0.018709758117884237,0.0,0.0,0.0,0.059822002031308656
2026-08-28T01:52:01.531750,11.76,6.784873122976777,-2.3545878465325534,0.0,-1.1739397004522902,0.0,0.0,-0.5538405978570323,0.8326227189822321,0.7222222220938757,-0.01864416696523175,0.0,0.0,0.0,0.06004560903413454
2026-08-28T01:52:01.633003,11.78,6.790168071422908,-2.3680268002627467,0.0,-1.172754861366176,0.0,0.0,-0.5533472387269679,0.8329506788479376,0.7222222218489579,-0.018580296951428724,0.0,0.0,0.0,0.060272065425567345
2026-08-28T01:52:01.722738,11.8,6.795479217018725,-2.3814593610297576,0.0,-1.1715646331843983,0.0,0.0,-0.5528514400832873,0.8332798360681934,0.7222222220297292,-0.01851801046063956,0.0,0.0,0.0,0.06050151450122543
2026-08-28T01:52:01.824130,11.82,6.8008066058561285,-2.394885487961661,0.0,-1.17037120755976,0.0,0.0,-0.5523541129325187,0.8336095812348431,0.722222221989397,-0.01845735159695016,0.0,0.0,0.0,0.06073415654159539
2026-08-28T01:52:01.908098,11.84,6.806150269058688,-2.408305145917044,0.0,-1.1691723153239435,0.0,0.0,-0.5518543096948645,0.8339405379709063,0.7222222219540667,-0.0183982195259849,0.0,0.0,0.0,0.06097026696817339
2026-08-28T01:52:02.001155,11.86,6.811510261646885,-2.4217182900448737,0.0,-1.167968100948021,0.0,0.0,-0.5513520881002448,0.8342726622318988,0.7222222223409843,-0.018340433405354715,0.0,0.0,0.0,0.06121220211559225
2026-08-28T01:52:02.100389,11.88,6.816886639769693,-2.4351248747727583,0.0,-1.1667582967236936,0.0,0.0,-0.550847333963845,0.8346060236212798,0.7222222225393214,-0.018284085145349075,0.0,0.0,0.0,0.06145796641107298
2026-08-28T01:52:02.195477,11.9,6.822279460750766,-2.4485248537815405,0.0,-1.1655426907806763,0.0,0.0,-0.5503399562256482,0.8349406760851645,0.7222222220018111,-0.018229255098481528,0.0,0.0,0.0,0.06170791065203333
2026-08-28T01:52:02.284127,11.92,6.8276887913733075,-2.4619181766548115,0.0,-1.1643189791301978,0.0,0.0,-0.5498289899264238,0.8352772484848899,0.7222222222203725,-0.018175672007051818,0.0,0.0,0.0,0.06196198774998787
2026-08-28T01:52:02.375235,11.94,6.833114501134125,-2.475304872692992,0.0,-1.1631536793190758,0.0,0.0,-0.549342222415792,0.8355974644954821,0.7222222220615204,-0.018123862671432258,0.0,0.0,0.0,0.05578296365226335
2026-08-28T01:52:02.468276,11.96,6.838555354492839,-2.4886854210281175,0.0,-1.1620482696297643,0.0,0.0,-0.5488802997652418,0.8359009609574679,0.7222222219376055,-0.018073657385994223,0.0,0.0,0.0,0.0559096492170276
2026-08-28T01:52:02.558114,11.98,6.844011169796319,-2.502059875721992,0.0,-1.1609392172923043,0.0,0.0,-0.548416686441536,0.8362052009121241,0.722222222488615,-0.018024546848303596,0.0,0.0,0.0,0.05610475699500066
2026-08-28T01:52:02.646791,12.0,6.849481992548568,-2.5154281986238236,0.0,-1.1598248635767594,0.0,0.0,-0.5479506871524507,0.8365106361841176,0.7222222222081263,-0.017976684989586256,0.0,0.0,0.0,0.05637323441863703
2026-08-28T01:52:02.741036,12.02,6.854967885403743,-2.5287903443437827,0.0,-1.1587046673918031,0.0,0.0,-0.5474820732165151,0.8368174110918979,0.7222222224613803,-0.017929853574461245,0.0,0.0,0.0,0.05664910854563564
2026-08-28T01:52:02.828920,12.04,6.860468905620406,-2.542146269438755,0.0,-1.1575810669378006,0.0,0.0,-0.5470118626317297,0.8371248545707897,0.7222222222699318,-0.017884232819390864,0.0,0.0,0.0,0.05693093887833573
2026-08-28T01:52:02.916105,12.06,6.865985102569924,-2.5554959334613487,0.0,-1.1564485200333112,0.0,0.0,-0.5465377333717595,0.8374344786315283,0.7222222222263489,-0.01783962102247886,0.0,0.0,0.0,0.05721847365225698
2026-08-28T01:52:02.999281,12.08,6.8715165741665905,-2.5688392756267655,0.0,-1.1553098117292686,0.0,0.0,-0.5460608480160972,0.8377455164093335,0.7222222225662901,-0.01779593517169295,0.0,0.0,0.0,0.05751474762785891
2026-08-28T01:52:03.109977,12.1,6.877063382023454,-2.582176249821056,0.0,-1.1541676606803242,0.0,0.0,-0.5455823430392834,0.838057221771739,0.7222222225454811,-0.017753290739218486,0.0,0.0,0.0,0.057813951286637744
2026-08-28T01:52:03.197106,12.12,6.882625578750176,-2.5955068134004096,0.0,-1.1530159736015555,0.0,0.0,-0.5450996627727632,0.8383712528737014,0.7222222223954634,-0.01771165368219267,0.0,0.0,0.0,0.058119506214166734
2026-08-28T01:52:03.288580,12.14,6.888203268380091,-2.608830901961437,0.0,-1.151857738054639,0.0,0.0,-0.5446140556995561,0.8386867891736943,0.7222222224798469,-0.01767090866135675,0.0,0.0,0.0,0.058434913493119196
2026-08-28T01:52:03.377469,12.16,6.893796527165007,-2.622148462307638,0.0,-1.1506928440037738,0.0,0.0,-0.5441254727228828,0.8390038557325582,0.7222222226058927,-0.017631025998808548,0.0,0.0,0.0,0.058753579426196294
2026-08-28T01:52:03.479011,12.18,6.899405421587469,-2.6354594450156665,0.0,-1.1495242629747715,0.0,0.0,-0.543635157875276,0.8393216398508522,0.7222222223707684,-0.01759214269552568,0.0,0.0,0.0,0.059079282178846566
2026-08-28T01:52:03.567257,12.2,6.905030008920231,-2.6487638042388184,0.0,-1.1483456143201223,0.0,0.0,-0.5431404308399911,0.8396418715065065,0.7222222226168078,-0.017554007306168018,0.0,0.0,0.0,0.059412340089275276
2026-08-28T01:52:03.656469,12.22,6.910670402537854,-2.6620614700728815,0.0,-1.1471598992830798,0.0,0.0,-0.5426425474212571,0.839963728817006,0.7222222227000711,-0.017516673611233297,0.0,0.0,0.0,0.059756791751995206
2026-08-28T01:52:03.740523,12.24,6.916326685797523,-2.675352384874266,0.0,-1.145966871229402,0.0,0.0,-0.5421414007607261,0.84028727324719,0.7222222226057927,-0.017480194914856625,0.0,0.0,0.0,0.060105453766958555
2026-08-28T01:52:03.853107,12.26,6.921998931534598,-2.68863649510947,0.0,-1.1447699509761444,0.0,0.0,-0.5416384252775975,0.8406115727628334,0.7222222223388892,-0.017444594017994024,0.0,0.0,0.0,0.06046236716727286
2026-08-28T01:52:03.936724,12.28,6.92768720265168,-2.7019137511441627,0.0,-1.1435618939720258,0.0,0.0,-0.54113057315086,0.8409385844408744,0.7222222221981954,-0.017409776766103256,0.0,0.0,0.0,0.06082777059252383
2026-08-28T01:52:04.020436,12.3,6.933391623532692,-2.71518407662185,0.0,-1.1423460180827838,0.0,0.0,-0.5406192347099464,0.8412674028283943,0.7222222219592166,-0.017375773118650552,0.0,0.0,0.0,0.061206555791631714
2026-08-28T01:52:04.110048,12.32,6.939112273210379,-2.728447414173485,0.0,-1.141125939857725,0.0,0.0,-0.5401059281268521,0.8415970451482299,0.7222222215982991,-0.017342618025845965,0.0,0.0,0.0,0.06159015927062498
2026-08-28T01:52:04.195848,12.34,6.944849219557731,-2.741703710866497,0.0,-1.1398941664185935,0.0,0.0,-0.5395874972807593,0.841929529579695,0.7222222219167486,-0.017310024085892033,0.0,0.0,0.0,0.06198333798743563
2026-08-28T01:52:04.284478,12.36,6.950602582875267,-2.7549528906830134,0.0,-1.1386581972719183,0.0,0.0,-0.5390670948171989,0.8422628255392405,0.7222222219225614,-0.01727814657951422,0.0,0.0,0.0,0.0623914991247537
2026-08-28T01:52:04.367050,12.38,6.956372435103073,-2.7681948980891553,0.0,-1.1374098358201135,0.0,0.0,-0.5385412656187982,0.8425991367344872,0.7222222221471486,-0.017246804010319167,0.0,0.0,0.0,0.06280554037746847
2026-08-28T01:52:04.451520,12.4,6.962158917763147,-2.7814296467844333,0.0,-1.136152798920281,0.0,0.0,-0.538011570178905,0.8429374534054287,0.722222222156926,-0.01721610925706116,0.0,0.0,0.0,0.0632361304407196
2026-08-28T01:52:04.547241,12.42,6.967962120851261,-2.794657072399011,0.0,-1.1348914323600374,0.0,0.0,-0.537479836655983,0.843276600640773,0.7222222225611064,-0.01718592364348322,0.0,0.0,0.0,0.06367299545220487
2026-08-28T01:52:04.631998,12.44,6.973782121917392,-2.807877115576469,0.0,-1.1336166986315983,0.0,0.0,-0.5369422509577879,0.8436190011707796,0.7222222226955791,-0.017156277254844303,0.0,0.0,0.0,0.06412189502290178
2026-08-28T01:52:04.714248,12.46,6.979619073716012,-2.8210896833583954,0.0,-1.1323324754999011,0.0,0.0,-0.5364004427845998,0.8439636040615054,0.7222222224156025,-0.017127313231209723,0.0,0.0,0.0,0.0645898345302057
2026-08-28T01:52:04.800669,12.48,6.985473074154174,-2.8342947063568182,0.0,-1.1310431995898043,0.0,0.0,-0.5358562803976543,0.8443092127641333,0.7222222220087781,-0.017099082686150065,0.0,0.0,0.0,0.08700032379166939
2026-08-28T01:52:04.881077,12.5,6.991396942357663,-2.847468491829942,0.0,-1.1289011766162558,0.0,0.0,-0.534951708374145,0.8448826366469984,0.7222222223118879,-0.016989714241109014,0.0,0.0,0.0,0.16849332977001877
2026-08-28T01:52:04.975533,12.52,6.997444444965923,-2.860585980823511,0.0,-1.1251336211040401,0.0,0.0,-0.5333591890285009,0.8458888670971264,0.7222222226937607,-0.01673967065731956,0.0,0.0,0.0,0.2499864302092472
2026-08-28T01:52:05.062644,12.54,7.0036165926301,-2.8736452833196546,0.0,-1.1197384747055024,0.0,0.0,-0.5310754040586461,0.8473245630830879,0.7222222226583808,-0.01638439040737969,0.0,0.0,0.0,0.33147953478607245
2026-08-28T01:52:05.150397,12.56,7.009914064801667,-2.8866446135764603,0.0,-1.112714461766216,0.0,0.0,-0.5280963256396183,0.8491844739783778,0.7222222224603732,-0.015958444938355965,0.0,0.0,0.0,0.412972644856459
2026-08-28T01:52:05.231605,12.58,7.016338212350815,-2.8995818099192254,0.0,-1.104060642139209,0.0,0.0,-0.5244170489297351,0.8514615427556478,0.7222222226529299,-0.015494295431817651,0.0,0.0,0.0,0.48824163971263373
2026-08-28T01:52:05.314866,12.6,7.022889370284182,-2.9124551558376814,0.0,-1.0942434620715156,0.0,0.0,-0.5202312723636399,0.8540254230729366,0.7222222232043501,-0.015025046905650692,0.0,0.0,0.0,0.49463522847776126
2026-08-28T01:52:05.410175,12.62,7.029567516019614,-2.9252630856479396,0.0,-1.0843499355421742,0.0,0.0,-0.5160002628655148,0.8565884243455077,0.7222222235181107,-0.014566739740655437,0.0,0.0,0.0,0.4956973448634315
2026-08-28T01:52:05.518685,12.64,7.036372275744421,-2.9380041977965234,0.0,-1.0744444589575075,0.0,0.0,-0.5117514932884124,0.8591335222868911,0.7222222230755304,-0.014119366036266777,0.0,0.0,0.0,0.49578515042903626
2026-08-28T01:52:05.620391,12.66,7.043303026565122,-2.950677215837344,0.0,-1.0645356970865825,0.0,0.0,-0.5074887552725168,0.8616583796795291,0.7222222233869875,-0.013682730378004772,0.0,0.0,0.0,0.49580894188757874
2026-08-28T01:52:05.702760,12.68,7.050359102721283,-2.9632808852406822,0.0,-1.0546253704022717,0.0,0.0,-0.5032128843923535,0.8641624806606266,0.722222223575658,-0.013256660326351265,0.0,0.0,0.0,0.49582293916127823
2026-08-28T01:52:05.786440,12.7,7.057539813248424,-2.975813965045004,0.0,-1.0447136103752794,0.0,0.0,-0.49892403672755636,0.8666457209122307,0.7222222240493894,-0.012840742452735962,0.0,0.0,0.0,0.49583448264854846
2026-08-28T01:52:05.874563,12.72,7.064844456264673,-2.988275220335277,0.0,-1.0348002987064646,0.0,0.0,-0.4946222608688892,0.8691080594799179,0.7222222243928836,-0.012434991066243567,0.0,0.0,0.0,0.4958450263801697
2026-08-28T01:52:05.954946,12.74,7.072272316035264,-3.0006634240848444,0.0,-1.0248857509342622,0.0,0.0,-0.49030779427675947,0.8715493485003927,0.7222222242837385,-0.012038997466368955,0.0,0.0,0.0,0.4958546548022782
2026-08-28T01:52:06.049509,12.76,7.079822664430067,-3.01297735651771,0.0,-1.0149704646586772,0.0,0.0,-0.48598095589420187,0.8739693990685016,0.7222222240133527,-0.01165222584647956,0.0,0.0,0.0,0.49586334041965147
2026-08-28T01:52:06.142253,12.78,7.08749476098307,-3.0252158052466225,0.0,-1.0050540345869559,0.0,0.0,-0.4816416717933678,0.8763682445137374,0.722222223781742,-0.011274794713593043,0.0,0.0,0.0,0.49587115252719066
2026-08-28T01:52:06.225577,12.8,7.095287853025563,-3.037377565366019,0.0,-0.9951370609812352,0.0,0.0,-0.4772903082737999,0.8787456751688175,0.7222222241615246,-0.010906097988326306,0.0,0.0,0.0,0.4958785630757701
2026-08-28T01:52:06.314638,12.82,7.103201175840468,-3.0494614395303508,0.0,-0.9852188265835898,0.0,0.0,-0.47292665439357673,0.881101798638556,0.7222222247477279,-0.010546484751801862,0.0,0.0,0.0,0.49588521673911645
2026-08-28T01:52:06.402875,12.84,7.111233844861292,-3.0614663106417828,0.0,-0.9753358157491222,0.0,0.0,-0.4685669287397168,0.8834280011927566,0.7222222247046869,-0.010195613289969853,0.0,0.0,0.0,0.49229270115864676
2026-08-28T01:52:06.488575,12.86,7.119384427071859,-3.073391440453456,0.0,-0.9654890201946023,0.0,0.0,-0.46421179987044187,0.8857242261906608,0.7222222246078064,-0.009853116306111912,0.0,0.0,0.0,0.49222749926979836
2026-08-28T01:52:06.577072,12.88,7.127652011838803,-3.085235753594454,0.0,-0.9556424378928744,0.0,0.0,-0.45984551328563655,0.8879989323817171,0.7222222247203638,-0.009518929140744297,0.0,0.0,0.0,0.4921953365416101
2026-08-28T01:52:06.670568,12.9,7.136035790395738,-3.0969981074747532,0.0,-0.945795853425386,0.0,0.0,-0.45546807965783304,0.8902521150847135,0.7222222243595732,-0.009192544948795931,0.0,0.0,0.0,0.49219884350329607
2026-08-28T01:52:06.770936,12.92,7.144534949987813,-3.108677362499523,0.0,-0.9359490690813745,0.0,0.0,-0.4510795168564427,0.8924837642627221,0.7222222243567283,-0.008873712918953213,0.0,0.0,0.0,0.4922028314237893
2026-08-28T01:52:06.850931,12.94,7.1531486676965175,-3.120272386385585,0.0,-0.9261016185305806,0.0,0.0,-0.44667972197860406,0.8946939286555582,0.7222222242724398,-0.008562550031175002,0.0,0.0,0.0,0.4922071068927819
2026-08-28T01:52:06.944458,12.96,7.161876110127691,-3.131782054507354,0.0,-0.9162539573036632,0.0,0.0,-0.44226900375875605,0.8968824495519117,0.7222222245947468,-0.00825860092400129,0.0,0.0,0.0,0.4922114797970964
2026-08-28T01:52:07.036070,12.98,7.1707164325093995,-3.1432052507257495,0.0,-0.9064057265239113,0.0,0.0,-0.43784730711508313,0.8990493510659301,0.7222222247270165,-0.007961977372751838,0.0,0.0,0.0,0.49221546622543505
2026-08-28T01:52:07.122877,13.0,7.17966877904659,-3.154540867298541,0.0,-0.8965570406972416,0.0,0.0,-0.433414789004683,0.9011945520652165,0.7222222247167627,-0.007672452638184013,0.0,0.0,0.0,0.4922195435360947
2026-08-28T01:52:07.228051,13.02,7.188732283064157,-3.1657878049483585,0.0,-0.886708254430584,0.0,0.0,-0.4289717156093142,0.9033179214469298,0.722222224631587,-0.007389629399460555,0.0,0.0,0.0,0.4922233315801972
2026-08-28T01:52:07.343667,13.04,7.197906067042517,-3.176944973006774,0.0,-0.8768591821532761,0.0,0.0,-0.42451811034217846,0.905419446439884,0.7222222245018558,-0.00711350461014846,0.0,0.0,0.0,0.4922269505111838
2026-08-28T01:52:07.433959,13.06,7.207189242723075,-3.188011289503888,0.0,-0.8670098030386048,0.0,0.0,-0.420054070855997,0.9074990785435019,0.7222222242815055,-0.00684395562866033,0.0,0.0,0.0,0.4922307942869264
2026-08-28T01:52:07.523738,13.08,7.216580911259519,-3.198985681222978,0.0,-0.8571604803590542,0.0,0.0,-0.4155798696662794,0.9095566897825326,0.7222222240897025,-0.006580584549463552,0.0,0.0,0.0,0.49223468534640413
2026-08-28T01:52:07.614299,13.1,7.226080163283025,-3.2098670838229983,0.0,-0.8473108528592483,0.0,0.0,-0.4110954507978053,0.9115923048892796,0.7222222248632262,-0.006323519366263995,0.0,0.0,0.0,0.49223856893433715
2026-08-28T01:52:07.719041,13.12,7.235686078987294,-3.2206544419309715,0.0,-0.8374608243026493,0.0,0.0,-0.4066008781226395,0.9136058920069958,0.7222222242115142,-0.006072698248518267,0.0,0.0,0.0,0.49224290799007575
2026-08-28T01:52:07.831103,13.14,7.245397728165831,-3.231346709307955,0.0,-0.8276111271003351,0.0,0.0,-0.40209659474534126,0.9155972523408973,0.7222222240355274,-0.00582749517544435,0.0,0.0,0.0,0.49933294731110667
2026-08-28T01:52:07.942903,13.16,7.255214955521301,-3.241942119641363,0.0,-0.8176158583555555,0.0,0.0,-0.39751577205158,0.9175953416240932,0.7222222243733751,-0.005587571238329246,0.0,0.0,0.0,0.49984681090496513
2026-08-28T01:52:08.045317,13.18,7.265137594204495,-3.252438876934386,0.0,-0.8076138784974956,0.0,0.0,-0.3929219352125482,0.919571831250189,0.7222222243037689,-0.005353102550911495,0.0,0.0,0.0,0.5000329291866548
2026-08-28T01:52:08.139156,13.2,7.275164691284016,-3.262835895510708,0.0,-0.7976078803601996,0.0,0.0,-0.3883164199817654,0.9215261027081898,0.7222222244153615,-0.005124247134450294,0.0,0.0,0.0,0.5000501866728576
2026-08-28T01:52:08.228786,13.22,7.285295266380722,-3.273132114197038,0.0,-0.7876015569070839,0.0,0.0,-0.383701035003747,0.9234573708282658,0.7222222244053622,-0.004900857156252664,0.0,0.0,0.0,0.5000601032660343
2026-08-28T01:52:08.334364,13.24,7.295528308334699,-3.283326501052131,0.0,-0.7775950834202803,0.0,0.0,-0.3790759759664732,0.9253655517929473,0.7222222244426924,-0.004682777430428072,0.0,0.0,0.0,0.5000657400517609
2026-08-28T01:52:08.426988,13.26,7.305862794692796,-3.2934180352608933,0.0,-0.7675887059005513,0.0,0.0,-0.3744414722686687,0.9272505507387266,0.7222222245099736,-0.004469791195941939,0.0,0.0,0.0,0.5000714731560392
2026-08-28T01:52:08.515911,13.28,7.316297692594882,-3.3034057064965396,0.0,-0.7575820429247422,0.0,0.0,-0.36979746299937577,0.9291123916724098,0.7222222245848486,-0.004261977404903529,0.0,0.0,0.0,0.5000775618692282
2026-08-28T01:52:08.606414,13.3,7.326831959891059,-3.3132885139628776,0.0,-0.7475754008856806,0.0,0.0,-0.36514420623450017,0.9309509700587764,0.7222222246407984,-0.004059042685642908,0.0,0.0,0.0,0.5000843531502356
2026-08-28T01:52:08.700988,13.32,7.337464544138009,-3.3230654676343874,0.0,-0.7375686219865836,0.0,0.0,-0.36048174492378815,0.9327662684599508,0.7222222247264494,-0.0038609890346823633,0.0,0.0,0.0,0.5000913912293876
2026-08-28T01:52:08.797717,13.34,7.346651611922564,-3.3313571199720173,0.0,-0.7281727759398532,0.0,0.0,-0.35609571891941083,0.9344494844384409,0.5153336434713495,-0.003632804427989651,0.0,0.0,0.0,0.2596315928675065
2026-08-28T01:52:08.897043,13.36,7.353891436318171,-3.3377916566207246,0.0,-0.7244482319557122,0.0,0.0,-0.3543549033424459,0.9351110107774188,0.4532667246189551,-0.0033075860488126865,0.0,0.0,0.0,0.13279061519325497
2026-08-28T01:52:08.992044,13.38,7.360706298188104,-3.3437697599897387,0.0,-0.7219279636245731,0.0,0.0,-0.3531762569742354,0.9355568029305698,0.45326663211414153,-0.0028728156863156765,0.0,0.0,0.0,0.13120306937853404
2026-08-28T01:52:09.094857,13.4,7.367276293539134,-3.3494620430169375,0.0,-0.7195071713963053,0.0,0.0,-0.35204360421996894,0.9359836006724764,0.4346466796032688,-0.002365855794894477,0.0,0.0,0.0,0.15858214520561406
2026-08-28T01:52:09.192724,13.42,7.3737954054018555,-3.355042207454714,0.0,-0.7165953960777296,0.0,0.0,-0.35068054463053966,0.93649514447093,0.4290606567268871,-0.0017917866919060377,0.0,0.0,0.0,0.19624289287932478
2026-08-28T01:52:09.287266,13.44,7.380318715613337,-3.3605579536339607,0.0,-0.7128825894705804,0.0,0.0,-0.34894142868581673,0.9371445349286849,0.42688211108581836,-0.001180758596141732,0.0,0.0,0.0,0.2458541619424267
2026-08-28T01:52:09.387603,13.46,7.386872096894232,-3.3660277427049423,0.0,-0.708251943855733,0.0,0.0,-0.3467707032206731,0.9379499343716805,0.4267312851418035,-0.0005547641698380045,0.0,0.0,0.0,0.2871437512590548
2026-08-28T01:52:09.475221,13.48,7.393459291684256,-3.3714536796472583,0.0,-0.7027797664415734,0.0,0.0,-0.3442030942060269,0.9388952177634078,0.42668604281103156,6.045831778918117e-05,0.0,0.0,0.0,0.3248146509137583
2026-08-28T01:52:09.577991,13.5,7.400081306160999,-3.376836133545039,0.0,-0.6966953509216718,0.0,0.0,-0.3413451914912243,0.9399380087249475,0.4266724790227634,0.0006409442706990442,0.0,0.0,0.0,0.3279252270426408
2026-08-28T01:52:09.678768,13.52,7.406738334333743,-3.3821749394356924,0.0,-0.6905302683576506,0.0,0.0,-0.3384461766252483,0.9409857520322777,0.42666841089667207,0.0011819948831626465,0.0,0.0,0.0,0.3287459838660859
2026-08-28T01:52:09.769517,13.54,7.413430274209883,-3.387469834033521,0.0,-0.6843181339407298,0.0,0.0,-0.33552178373245917,0.942032447764401,0.4266671901750922,0.0016882764070914216,0.0,0.0,0.0,0.3290604849277583
2026-08-28T01:52:09.869127,13.56,7.4201569035639565,-3.392720568926552,0.0,-0.6780709815159733,0.0,0.0,-0.33257764157609054,0.9430758783489722,0.4266671905373305,0.0021632179433893413,0.0,0.0,0.0,0.3293097380543784
2026-08-28T01:52:09.956417,13.58,7.426917951780182,-3.3979268978638575,0.0,-0.6717899557414597,0.0,0.0,-0.32961426441943587,0.9441156903109037,0.42666682422175817,0.002609584294160624,0.0,0.0,0.0,0.3295205388606209
2026-08-28T01:52:10.045304,13.6,7.433713155414951,-3.403088564071155,0.0,-0.6654766359902237,0.0,0.0,-0.32663237503177794,0.9451514648886177,0.4266666818320274,0.0030298151071668626,0.0,0.0,0.0,0.3297021302029598
2026-08-28T01:52:10.152265,13.62,7.440542245923925,-3.4082053122163707,0.0,-0.6591283981478324,0.0,0.0,-0.3236307115069726,0.9461834719384453,0.47407399560000196,0.0034198694139452087,0.0,0.0,0.0,0.32985455050392637
2026-08-28T01:52:10.254392,13.64,7.447404937981586,-3.4132769043120055,0.0,-0.6526786801684022,0.0,0.0,-0.3205777256881535,0.947222213523633,0.42666676369411605,0.0037431103797090914,0.0,0.0,0.0,0.3299782657644314
2026-08-28T01:52:10.354985,13.66,7.454300950041754,-3.4183030942546444,0.0,-0.6462944722622942,0.0,0.0,-0.3175524657844255,0.9482407033418421,0.4266666680478636,0.004099667587437805,0.0,0.0,0.0,0.3300700696332305
2026-08-28T01:52:10.443371,13.68,7.46122999159364,-3.42328365273207,0.0,-0.6398908605368075,0.0,0.0,-0.31451476062579015,0.9492525824818713,0.426666667847513,0.0044372989530191064,0.0,0.0,0.0,0.3300677611436981
2026-08-28T01:52:10.537681,13.7,7.468191761779815,-3.428218359949176,0.0,-0.6334697577760048,0.0,0.0,-0.31146552072128897,0.9502574542732176,0.426666667505502,0.004757394244642226,0.0,0.0,0.0,0.3301226955562806
2026-08-28T01:52:10.654958,13.72,7.475185961464541,-3.433106994742415,0.0,-0.6270323149125255,0.0,0.0,-0.30840529855272525,0.9512550508799438,0.4266666673661989,0.005061333397708053,0.0,0.0,0.0,0.33015734353761206
2026-08-28T01:52:10.778991,13.74,7.4822122888982765,-3.4379493394400873,0.0,-0.6205799110640982,0.0,0.0,-0.3053347580027367,0.9522450764143705,0.4266666680184362,0.0053500267958533215,0.0,0.0,0.0,0.3474528502659928
2026-08-28T01:52:10.898308,13.76,7.489271514356514,-3.4427435950876566,0.0,-0.6137153998124365,0.0,0.0,-0.30206461742133256,0.953287452399382,0.4266666680446586,0.005627439603640268,0.0,0.0,0.0,0.35294894916020636
2026-08-28T01:52:11.004527,13.78,7.496364401605227,-3.447487907626687,0.0,-0.6067841774045553,0.0,0.0,-0.29875908639308413,0.9543285641211677,0.4266666676947055,0.005892267475534643,0.0,0.0,0.0,0.35336853681362906
2026-08-28T01:52:11.116026,13.8,7.503490622318626,-3.452182002724077,0.0,-0.5998330458485465,0.0,0.0,-0.29544045693533016,0.9553611549596537,0.4266666675718161,0.006144852879546365,0.0,0.0,0.0,0.3533995951977612
2026-08-28T01:52:11.233631,13.82,7.510649842181559,-3.45682561353969,0.0,-0.592871429325009,0.0,0.0,-0.29211324486898904,0.9563837368818596,0.42666666760394745,0.00638585535751734,0.0,0.0,0.0,0.3533627370168928
2026-08-28T01:52:11.326584,13.84,7.517841701360147,-3.4614185115374543,0.0,-0.5859006470041385,0.0,0.0,-0.28877810590843644,0.9573960546962452,0.42666666749697557,0.006616126914070396,0.0,0.0,0.0,0.3533015084141851
2026-08-28T01:52:11.425619,13.86,7.525065837432779,-3.465960472410331,0.0,-0.5789220745189986,0.0,0.0,-0.285435725852805,0.9583978539243931,0.4266666678632512,0.00683621749743645,0.0,0.0,0.0,0.353224292891405
2026-08-28T01:52:11.512286,13.88,7.532321882377908,-3.4704512810750074,0.0,-0.5719377397161256,0.0,0.0,-0.28208710643654905,0.9593887972987046,0.42666666763555333,0.007046802948964083,0.0,0.0,0.0,0.3531317618585185
2026-08-28T01:52:11.603024,13.9,7.539609463223664,-3.474890731066769,0.0,-0.5649480322019329,0.0,0.0,-0.2787324670146275,0.9603687894928383,0.4266666672319054,0.007248585367511949,0.0,0.0,0.0,0.3530246923505079
2026-08-28T01:52:11.699734,13.92,7.546928207080037,-3.4792786165905656,0.0,-0.5579533728702639,0.0,0.0,-0.2753720429733923,0.9613377335508371,0.42666666785510565,0.007441853223998831,0.0,0.0,0.0,0.3529045404154482
2026-08-28T01:52:11.791919,13.94,7.554277738675736,-3.483614736570224,0.0,-0.5509547294990544,0.0,0.0,-0.27200633386240425,0.9622954610402847,0.4266666679358641,0.007627186150001889,0.0,0.0,0.0,0.3527711332835194
2026-08-28T01:52:11.890028,13.96,7.561657680446733,-3.4878988946882505,0.0,-0.543952938716949,0.0,0.0,-0.26863577811006145,0.9632418277458688,0.42666666796013164,0.0078050734549248105,0.0,0.0,0.0,0.35262431659475213
2026-08-28T01:52:11.986180,13.98,7.569067652602988,-3.4921308994340112,0.0,-0.536948689832855,0.0,0.0,-0.26526074486669604,0.964176714732712,0.42666666794769903,0.00797591276809448,0.0,0.0,0.0,0.35246450975005833
2026-08-28T01:52:12.072082,14.0,7.576507273231927,-3.496310564089571,0.0,-0.5299426417682627,0.0,0.0,-0.2618815900421624,0.9651000118106873,0.42666666808650106,0.00814007693401823,0.0,0.0,0.0,0.35229200967290536
2026-08-28T01:52:12.168692,14.02,7.58397615840088,-3.5004377067212262,0.0,-0.5229354530810726,0.0,0.0,-0.25849867069817745,0.9660116134122173,0.4266666682292006,0.008297929537645474,0.0,0.0,0.0,0.35210696540034975
2026-08-28T01:52:12.259628,14.04,7.591474126949769,-3.504511771859097,0.0,-0.5157656759449716,0.0,0.0,-0.25503397308966036,0.9669320930500251,0.4266666682961898,0.008450596651179119,0.0,0.0,0.0,0.3720730732832601
2026-08-28T01:52:12.356882,14.06,7.5990020061486145,-3.508530298994122,0.0,-0.5083515473622859,0.0,0.0,-0.2514477494872534,0.9678708742791031,0.42666666765848943,0.00859909993569104,0.0,0.0,0.0,0.37232135798192406
2026-08-28T01:52:12.446778,14.08,7.606559598624652,-3.5124926620922303,0.0,-0.5009305234298412,0.0,0.0,-0.24785473031561497,0.9687972092549471,0.42666666747501386,0.008742220407504126,0.0,0.0,0.0,0.37239774837844175
2026-08-28T01:52:12.547951,14.1,7.614146492264706,-3.516398628070264,0.0,-0.49350522408965203,0.0,0.0,-0.2442562257551651,0.9697107280936114,0.42666666777263185,0.008880139551669945,0.0,0.0,0.0,0.3722031242324286
2026-08-28T01:52:12.646578,14.12,7.621762257437739,-3.520247997701116,0.0,-0.4860828413381943,0.0,0.0,-0.2406557698636611,0.9706105297344185,0.4266666676287053,0.009013156150252213,0.0,0.0,0.0,0.37199000232388907
2026-08-28T01:52:12.730754,14.14,7.629406450268881,-3.5240406012902676,0.0,-0.4786619924540912,0.0,0.0,-0.2370527445118076,0.971496781425147,0.42666666764708544,0.009141488713006053,0.0,0.0,0.0,0.3717604308642909
2026-08-28T01:52:12.832875,14.16,7.6370786305628195,-3.5277762639986743,0.0,-0.47124327215434164,0.0,0.0,-0.2334474904846985,0.9723694098368154,0.42666666739688225,0.009265406926575449,0.0,0.0,0.0,0.3715217851140784
2026-08-28T01:52:12.930319,14.18,7.64477835660547,-3.531454816099693,0.0,-0.4638268304548295,0.0,0.0,-0.2298401331742866,0.9732283972338797,0.42666666803727593,0.009384979149486205,0.0,0.0,0.0,0.37127197767278086
2026-08-28T01:52:13.018519,14.2,7.652505185188291,-3.5350760930955896,0.0,-0.45641324984454906,0.0,0.0,-0.22623100881446645,0.9740736782455364,0.4266666682030699,0.009500474505232266,0.0,0.0,0.0,0.37101110086956124
2026-08-28T01:52:13.122054,14.22,7.660258671674789,-3.5386399357804046,0.0,-0.44900299145733685,0.0,0.0,-0.22262039540413825,0.9749052054174833,0.4266666682664824,0.009612093875489941,0.0,0.0,0.0,0.37073872128416435
2026-08-28T01:52:13.218529,14.24,7.6680383700583254,-3.542146190308445,0.0,-0.4415964806314485,0.0,0.0,-0.21900855415960785,0.9757229387510156,0.42666666830808514,0.009720013690111495,0.0,0.0,0.0,0.3704548959488846
2026-08-28T01:52:13.326884,14.26,7.675843835576986,-3.545594702449697,0.0,-0.43419111598211607,0.0,0.0,-0.2153942690494624,0.9765271674974781,0.42666666852374646,0.009824378440237001,0.0,0.0,0.0,0.3701595394903659
2026-08-28T01:52:13.461263,14.28,7.683674627251841,-3.548985311549334,0.0,-0.42679037243181656,0.0,0.0,-0.2117792890592792,0.9773175188880767,0.42666666790872565,0.009925449204691825,0.0,0.0,0.0,0.36985249040297297
2026-08-28T01:52:13.582624,14.3,7.691530295476403,-3.552317878950674,0.0,-0.41939448063458473,0.0,0.0,-0.20816378196712892,0.9780939831514871,0.4266666678108218,0.010023292785951108,0.0,0.0,0.0,0.36952980496495486
2026-08-28T01:52:13.716226,14.32,7.699410386707565,-3.555592278379428,0.0,-0.4120071114676947,0.0,0.0,-0.2045495994959662,0.9788562005453303,0.426666668183918,0.010117970882385871,0.0,0.0,0.0,0.3691949650617952
2026-08-28T01:52:13.867612,14.34,7.707322899477141,-3.5588111332488315,0.0,-0.40462323600788797,0.0,0.0,-0.2009343375215061,0.9796047121185123,0.42729189646595817,0.010211360375316864,0.0,0.0,0.0,0.39160545877698894
2026-08-28T01:52:13.987476,14.36,7.715243807795145,-3.561961602502223,0.0,-0.3963952347189937,0.0,0.0,-0.19690255406819918,0.9804230638869221,0.3878789704174659,0.010311491144421526,0.0,0.0,0.0,0.4265732371206898
2026-08-28T01:52:14.095930,14.38,7.723199741149018,-3.5650471305347393,0.0,-0.3879302383115668,0.0,0.0,-0.19275116394328948,0.981247669448701,0.4266665901897915,0.010435876476740881,0.0,0.0,0.0,0.42774420560862547
2026-08-28T01:52:14.195847,14.4,7.731181750131426,-3.5680645776645754,0.0,-0.3793729365969375,0.0,0.0,-0.18855099624018212,0.9820634001004389,0.4266666683886327,0.010526423759175486,0.0,0.0,0.0,0.42782692918960324
2026-08-28T01:52:14.304300,14.42,7.739189284576836,-3.571013617623274,0.0,-0.3708140580852089,0.0,0.0,-0.18434660188057542,0.9828612976280451,0.4266666684379865,0.010614246136209506,0.0,0.0,0.0,0.42759880622529206
2026-08-28T01:52:14.433645,14.44,7.747221752824952,-3.5738940514046167,0.0,-0.3622590885637807,0.0,0.0,-0.18014075399773122,0.9836408433717709,0.4266666685071539,0.010699428274733337,0.0,0.0,0.0,0.427229204547944
2026-08-28T01:52:14.543192,14.46,7.7552785502969845,-3.57670571639173,0.0,-0.35371085561116006,0.0,0.0,-0.17593492585312076,0.9844017989952359,0.4266666688641803,0.010782015185923671,0.0,0.0,0.0,0.4268348204118017
2026-08-28T01:52:14.659183,14.48,7.763359067299881,-3.57944846885998,0.0,-0.34516990364000755,0.0,0.0,-0.17172947013084575,0.9851441463504612,0.42666666944507786,0.010862080434466133,0.0,0.0,0.0,0.42642170683848185
2026-08-28T01:52:14.770634,14.5,7.77146268997228,-3.582122182878601,0.0,-0.33664132070572395,0.0,0.0,-0.1675269797078492,0.9858674916386917,0.4266666688801026,0.010939854837969618,0.0,0.0,0.0,0.4259925896681932
2026-08-28T01:52:14.885875,14.52,7.779588798035387,-3.5847267587540403,0.0,-0.3281212064620989,0.0,0.0,-0.16332562043735568,0.986572218192238,0.4266666687497218,0.011015354138446842,0.0,0.0,0.0,0.4255471462601113
2026-08-28T01:52:14.981706,14.54,7.787736779086933,-3.5872620798877373,0.0,-0.3196098775210335,0.0,0.0,-0.15912563380697994,0.9872583414008346,0.4266666688325604,0.011088648074696063,0.0,0.0,0.0,0.42509160697800163
2026-08-28T01:52:15.080299,14.56,7.795906020406996,-3.589728037191419,0.0,-0.3111077720510127,0.0,0.0,-0.154927321361983,0.9879258702431073,0.4266666685760803,0.011159857789410928,0.0,0.0,0.0,0.4246193836409573
2026-08-28T01:52:15.180551,14.58,7.804095908876169,-3.5921245297874247,0.0,-0.30261529757894406,0.0,0.0,-0.15073096964274177,0.9885748200265667,0.4266666681875098,0.011229055166424229,0.0,0.0,0.0,0.42412969976342446
2026-08-28T01:52:15.282195,14.6,7.812305831045447,-3.5944514652586057,0.0,-0.29413255659873094,0.0,0.0,-0.14653671438048455,0.9892052321629583,0.4266666689105333,0.011296167748685589,0.0,0.0,0.0,0.42362189091914954
2026-08-28T01:52:15.383252,14.62,7.820535176192814,-3.5967087489224827,0.0,-0.28565500364022034,0.0,0.0,-0.14234239063821635,0.9898174800575091,0.42666666885206533,0.011361407568880339,0.0,0.0,0.0,0.4230951912214411
2026-08-28T01:52:15.480466,14.64,7.828783707296819,-3.598894871536709,0.0,-0.27696443205117666,0.0,0.0,-0.13804002052053577,0.9904266518701372,0.42666666807577636,0.011426857540272664,0.0,0.0,0.0,0.48320169458272644
2026-08-28T01:52:15.573306,14.66,7.837052955751296,-3.6010012588423495,0.0,-0.2672028390963699,0.0,0.0,-0.13320432459650464,0.9910885974063011,0.426666668644252,0.01149815531472846,0.0,0.0,0.0,0.49259242623245447
2026-08-28T01:52:15.678450,14.68,7.845342546398633,-3.603026110185819,0.0,-0.2573473338931937,0.0,0.0,-0.1283188876676149,0.9917329595550135,0.42666666900554384,0.01156794537218794,0.0,0.0,0.0,0.49391959340524777
2026-08-28T01:52:15.765773,14.7,7.853651707226688,-3.604969092504477,0.0,-0.24746850411580734,0.0,0.0,-0.12341876169332715,0.9923546791657133,0.4266666692364431,0.01163585937030104,0.0,0.0,0.0,0.4935989229865203
2026-08-28T01:52:15.869852,14.72,7.861979643287327,-3.6068299567296314,0.0,-0.23759791449041098,0.0,0.0,-0.11851971561396404,0.9929516992335453,0.42666666947435733,0.011701859147482308,0.0,0.0,0.0,0.4930989330597635
2026-08-28T01:52:15.959140,14.74,7.8703255282587214,-3.6086085908057393,0.0,-0.22773258630709314,0.0,0.0,-0.11362039642526146,0.9935242349918629,0.42666666921983104,0.011766091819938047,0.0,0.0,0.0,0.49252367352924825
2026-08-28T01:52:16.052130,14.76,7.878688538375663,-3.6103048802702866,0.0,-0.21787887311536205,0.0,0.0,-0.10872408579500362,0.9940719657892182,0.42666666941111514,0.011828510654675124,0.0,0.0,0.0,0.4919201824808188
2026-08-28T01:52:16.144905,14.78,7.887067842186304,-3.611918759107233,0.0,-0.20803748265527533,0.0,0.0,-0.10383126407592796,0.994594926892549,0.4266666693486531,0.011889213606390232,0.0,0.0,0.0,0.49128111114349365
2026-08-28T01:52:16.255993,14.8,7.895462606078704,-3.613450189216992,0.0,-0.19821580885318824,0.0,0.0,-0.09894573822776223,0.9950928302859805,0.4266666694021711,0.011948223473713328,0.0,0.0,0.0,0.4906144414233164
2026-08-28T01:52:16.359626,14.82,7.9038719925156125,-3.614899175055225,0.0,-0.18840795698235446,0.0,0.0,-0.09406470650264204,0.9955660856972639,0.4266666695868955,0.012005562404697854,0.0,0.0,0.0,0.4899190358548968
2026-08-28T01:52:16.446560,14.84,7.912295172873552,-3.6162656940379683,0.0,-0.17861452466145877,0.0,0.0,-0.08918859371251774,0.996014756292086,0.4266666697015613,0.012061319608397125,0.0,0.0,0.0,0.4892055537705074
2026-08-28T01:52:16.539898,14.86,7.920731320096934,-3.6175497356139097,0.0,-0.16883610159614904,0.0,0.0,-0.08431782028333056,0.9964389119171672,0.42666666937454917,0.01211557095103241,0.0,0.0,0.0,0.4884613736193645
2026-08-28T01:52:16.622367,14.88,7.929179611019756,-3.6187512862329507,0.0,-0.15906558425254722,0.0,0.0,-0.07944897165836982,0.9968389342829801,0.42666666905568273,0.012168381785103537,0.0,0.0,0.0,0.4876847387407727
2026-08-28T01:52:16.711517,14.9,7.9376392283114985,-3.6198703126225404,0.0,-0.14931109639780882,0.0,0.0,-0.07458621935000936,0.9972145686275709,0.42666666869290104,0.012219775679357798,0.0,0.0,0.0,0.4868736099821484
2026-08-28T01:52:16.815296,14.92,7.946109347237755,-3.6209068609159543,0.0,-0.1395818966878579,0.0,0.0,-0.06973430612209149,0.9975656001234557,0.4266666684640985,0.012269733576665113,0.0,0.0,0.0,0.4860107868079898
2026-08-28T01:52:16.903387,14.94,7.954589379096268,-3.6218588657780026,0.0,-0.1296377821744934,0.0,0.0,-0.06477351131564622,0.997899991097225,0.42666666785419066,0.012321128623678557,0.0,0.0,0.0,0.5491677540077354
2026-08-28T01:52:17.014784,14.96,7.9630797840106196,-3.6227133668977745,0.0,-0.11834459252879982,0.0,0.0,-0.05913777171752762,0.9982498304313834,0.42666659211762226,0.012396467917246443,0.0,0.0,0.0,0.5176216958221747
2026-08-28T01:52:17.104890,14.98,7.965628804436472,-3.622950242913462,0.0,-0.10921657424008302,0.0,0.0,-0.05458115025606183,0.9985093379817362,0.12800032638765438,0.01196986563123062,0.0,0.0,0.0,0.14976001114951645
2026-08-28T01:52:17.206817,15.0,7.966125956468209,-3.6229953801458623,0.0,-0.10656882531642123,0.0,0.0,-0.05325920179910038,0.9985807215361824,0.011519950283012375,0.011321435238327229,0.0,0.0,0.0,0.004194334959038159
2026-08-28T01:52:17.304453,15.02,7.9663554221422626,-3.6230160963320124,0.0,-0.10535123321763386,0.0,0.0,-0.052651259968583,0.998612960472535,0.01151988635499187,0.010719172998995594,0.0,0.0,0.0,0.0038932219330968312
2026-08-28T01:52:17.399983,15.04,7.966424263816422,-3.623022296988804,0.0,-0.10437326064250745,0.0,0.0,-0.05216294564913091,0.99863858682769,0.003455980277891714,0.010187462825274102,0.0,0.0,0.0,0.0013892065492024878
2026-08-28T01:52:17.494445,15.06,7.966437687933728,-3.623023505361222,0.0,-0.10355464836648663,0.0,0.0,-0.05175419238783279,0.9986598537892084,0.00031103476151226944,0.00971114318118068,0.0,0.0,0.0,0.0004155160287606506
2026-08-28T01:52:17.578906,15.08,7.966443883674168,-3.623024062992263,0.0,-0.10282515485771307,0.0,0.0,-0.051389931012809725,0.9986786645315392,0.0003110362189079872,0.009283303404789294,0.0,0.0,0.0,0.00012155190491448586
2026-08-28T01:52:17.671172,15.1,7.96644574241186,-3.6230242302781153,0.0,-0.10216921359041907,0.0,0.0,-0.051062390980393335,0.9986954652081712,9.331114026728309e-05,0.008896832193313251,0.0,0.0,0.0,3.3658871483942514e-05
2026-08-28T01:52:17.762687,15.12,7.966446104864255,-3.6230242629036753,0.0,-0.10157391687983797,0.0,0.0,-0.05076512866020266,0.9987106196051553,8.398087213598261e-06,0.008546121237513641,0.0,0.0,0.0,7.372640440276427e-06
2026-08-28T01:52:17.851085,15.14,7.966446213598579,-3.6230242726954742,0.0,-0.10102994751178597,0.0,0.0,-0.05049349279355284,0.9987243900023206,2.5193555710881785e-06,0.008226461932141228,0.0,0.0,0.0,2.5143423905088936e-07
2026-08-28T01:52:17.959364,15.16,7.96644624621848,-3.623024275636915,0.0,-0.10053097402086754,0.0,0.0,-0.050244322727016,0.9987369563772552,7.556393547032832e-07,0.007934009043808993,0.0,0.0,0.0,7.526067926562619e-08
2026-08-28T01:52:18.046162,15.18,7.966446261273617,-3.6230242769971612,0.0,-0.10007170820984924,0.0,0.0,-0.050014978535175815,0.9987484677946324,7.557887828559317e-07,0.007665484572061426,0.0,0.0,0.0,2.2531967672851407e-08
2026-08-28T01:52:18.134675,15.2,7.966446265789475,-3.623024277408514,0.0,-0.09964771718100396,0.0,0.0,-0.04980324721766377,0.9987590483027307,2.2649944611869322e-07,0.007418105623813112,0.0,0.0,0.0,6.746766688223606e-09
2026-08-28T01:52:18.219345,15.22,7.9664462671437235,-3.6230242775349653,0.0,-0.09925529828053926,0.0,0.0,-0.04960728029647269,0.9987688009452373,6.77069050071305e-08,0.007189519299009951,0.0,0.0,0.0,2.0204941155187706e-09
2026-08-28T01:52:18.317102,15.24,7.966446267549164,-3.6230242775756927,0.0,-0.0988911046257872,0.0,0.0,-0.04942540684507332,0.9987778177143298,1.9866492045406484e-08,0.006977655064579153,0.0,0.0,0.0,7.30133446782965e-10
2026-08-28T01:52:18.428258,15.26,7.966446267671193,-3.623024277590624,0.0,-0.09855239214171485,0.0,0.0,-0.049256256879246396,0.9987861738922129,5.859541295883753e-09,0.006780766893374717,0.0,0.0,0.0,2.1880595386791758e-10
2026-08-28T01:52:18.528285,15.28,7.966446267708419,-3.623024277597657,0.0,-0.09823691461791696,0.0,0.0,-0.04909870897264299,0.998793931087499,1.904602416576205e-09,0.006597371854730815,0.0,0.0,0.0,6.554760613881696e-11
2026-08-28T01:52:18.621576,15.3,7.966446267714696,-3.6230242776016484,0.0,-0.09794238875244421,0.0,0.0,-0.048951623117296963,0.9988011506772417,-1.8347394553619965e-11,0.006426087834047641,0.0,0.0,0.0,1.9672435546953956e-11
2026-08-28T01:52:18.709068,15.32,7.966446267717363,-3.6230242776050976,0.0,-0.09766698460448842,0.0,0.0,-0.04881408566368492,0.9988078819476839,-6.176067654257295e-11,0.006265750458108334,0.0,0.0,0.0,5.8620314235577074e-12
2026-08-28T01:52:18.797359,15.34,7.966446267717105,-3.6230242776080837,0.0,-0.09740898419895093,0.0,0.0,-0.04868523883858514,0.9988141706640079,-4.771649823312116e-10,0.006115308640252827,0.0,0.0,0.0,1.7770406510322552e-12
2026-08-28T01:52:18.895290,15.36,7.9664462677174575,-3.623024277610951,0.0,-0.09716703808401349,0.0,0.0,-0.04856440887856995,0.9988200529576261,-2.417149867848384e-10,0.005973874314165197,0.0,0.0,0.0,5.322064102735757e-13
2026-08-28T01:52:18.984299,15.38,7.966446267717872,-3.6230242776136605,0.0,-0.09693991104441002,0.0,0.0,-0.048450979044791675,0.9988255616620958,-8.389923251344927e-12,0.005840648128959253,0.0,0.0,0.0,1.7693703143250311e-13
2026-08-28T01:52:19.077557,15.4,7.966446267717887,-3.6230242776161816,0.0,-0.09672636848673123,0.0,0.0,-0.048344332886265017,0.998830729141721,1.2266968938844016e-10,0.0057148882210567185,0.0,0.0,0.0,4.44058819533485e-14
2026-08-28T01:52:19.170286,15.42,7.9664462677182915,-3.623024277618602,0.0,-0.0965255105063081,0.0,0.0,-0.048244021081113614,0.9988355792771526,3.479437373258513e-10,0.005595976786253705,0.0,0.0,0.0,4.51007515006168e-14
2026-08-28T01:52:19.260350,15.44,7.966446267717485,-3.6230242776207806,0.0,-0.09633631169129188,0.0,0.0,-0.04814953161138788,0.9988401386636422,1.125462999163572e-10,0.005483313349632535,0.0,0.0,0.0,-1.353035885338254e-18
2026-08-28T01:52:19.345453,15.46,7.96644626771655,-3.623024277622833,0.0,-0.09615784785809023,0.0,0.0,-0.04806040299986403,0.9988444311620758,-1.413729310890564e-10,0.005376361406454525,0.0,0.0,0.0,-9.08416950469057e-19
2026-08-28T01:52:19.431089,15.48,7.966446267717327,-3.6230242776249435,0.0,-0.0959895598246421,0.0,0.0,-0.04797635604730375,0.9988484716214078,3.074804260489415e-10,0.005274691191689133,0.0,0.0,0.0,-6.217225722058812e-19
2026-08-28T01:52:19.516630,15.5,7.966446267716383,-3.623024277626791,0.0,-0.09583071217455252,0.0,0.0,-0.04789702352980997,0.9988522789366728,-2.044670361028931e-10,0.005177868857505401,0.0,0.0,0.0,6.93680711623334e-16
2026-08-28T01:52:19.612287,15.52,7.966446267715088,-3.6230242776285158,0.0,-0.09568056842838947,0.0,0.0,-0.04782203768340018,0.998855871841282,-5.095041797319178e-10,0.005085491269059769,0.0,0.0,0.0,-5.058948869597421e-19
2026-08-28T01:52:19.702956,15.54,7.9664462677158285,-3.623024277630353,0.0,-0.09553874958408048,0.0,0.0,-0.047751209270543556,0.9988592603631409,-6.980407799093286e-11,0.0049972442332683565,0.0,0.0,0.0,-1.923920288166896e-19
2026-08-28T01:52:19.790185,15.56,7.966446267715613,-3.6230242776320227,0.0,-0.09540468854844386,0.0,0.0,-0.04768425510986869,0.9988624589074399,-2.0919343771889747e-10,0.004912802319475006,0.0,0.0,0.0,4.579656769467429e-14
2026-08-28T01:52:19.874987,15.58,7.966446267715637,-3.6230242776336437,0.0,-0.09527791471921532,0.0,0.0,-0.047620940204721615,0.9988654794585797,-5.3463243309862614e-11,0.004831877852477318,0.0,0.0,0.0,-9.116031529436769e-20
2026-08-28T01:52:19.957710,15.6,7.966446267715669,-3.6230242776352,0.0,-0.09515806775322533,0.0,0.0,-0.04756108462068561,0.9988683312778036,-5.440594959751498e-11,0.004754219148919893,0.0,0.0,0.0,-6.068561257533893e-20
2026-08-28T01:52:20.056195,15.62,7.966446267714681,-3.623024277636599,0.0,-0.09504466904032857,0.0,0.0,-0.047504449352705765,0.9988710263551027,-3.7935161511636756e-10,0.004679573628760181,0.0,0.0,0.0,-4.0868551129736025e-20
2026-08-28T01:52:20.141589,15.64,7.966446267714271,-3.623024277637997,0.0,-0.09493734876800278,0.0,0.0,-0.04745084972905567,0.9988735740122423,-4.027271607019191e-10,0.004607721754998295,0.0,0.0,0.0,-3.0345271154760055e-20
2026-08-28T01:52:20.229174,15.66,7.96644626771496,-3.623024277639447,0.0,-0.0948358873595545,0.0,0.0,-0.04740017610817704,0.9988759799419115,-3.793071409806219e-11,0.004538478393753609,0.0,0.0,0.0,4.4408677470406304e-14
2026-08-28T01:52:20.319658,15.68,7.9664462677147245,-3.6230242776407606,0.0,-0.0947398922859799,0.0,0.0,-0.04735223246700283,0.99887825388302,-1.2401656028612935e-10,0.004471647280243256,0.0,0.0,0.0,-1.32336486834338e-20
2026-08-28T01:52:20.405244,15.7,7.966446267714896,-3.623024277642068,0.0,-0.094649095041901,0.0,0.0,-0.04730688472190965,0.9988804025797623,3.103949734772123e-11,0.00440706130374877,0.0,0.0,0.0,2.033757216952949e-19
2026-08-28T01:52:20.495163,15.72,7.966446267715017,-3.623024277643329,0.0,-0.09456325245520558,0.0,0.0,-0.047264011439569154,0.9988824321323507,6.28224536465289e-11,0.004344567103222124,0.0,0.0,0.0,4.4408692056781974e-14
2026-08-28T01:52:20.592806,15.74,7.966446267715023,-3.6230242776445394,0.0,-0.0944820940879727,0.0,0.0,-0.04722347756704143,0.998884349244934,1.4710277914937835e-10,0.0042840180022330095,0.0,0.0,0.0,-5.830336345296085e-21
2026-08-28T01:52:20.694225,15.76,7.966446267714471,-3.6230242776456607,0.0,-0.09440540028706043,0.0,0.0,-0.04718517341362244,0.9988861593845049,-1.6817247621607814e-10,0.004225282799662351,0.0,0.0,0.0,2.0384157145449999e-19
2026-08-28T01:52:20.803157,15.78,7.966446267714303,-3.623024277646784,0.0,-0.09433294943546498,0.0,0.0,-0.04714898830622308,0.9988878680320928,-2.83078467655832e-11,0.004168238370627859,0.0,0.0,0.0,-4.142128107613967e-21
2026-08-28T01:52:20.890146,15.8,7.966446267714484,-3.623024277647909,0.0,-0.09426456580607123,0.0,0.0,-0.047114834489782535,0.9988894795576738,6.441240813295779e-11,0.004112774242032224,0.0,0.0,0.0,-2.4074429645091377e-21
2026-08-28T01:52:20.982539,15.82,7.9664462677144,-3.6230242776489794,0.0,-0.09420007170799405,0.0,0.0,-0.047082623227259986,0.9988909983526931,6.3241478799104e-11,0.004058786634041234,0.0,0.0,0.0,-1.396117127594747e-21
2026-08-28T01:52:21.069328,15.84,7.966446267714083,-3.62302427765,0.0,-0.0941392088123636,0.0,0.0,-0.04705222550617424,0.9988924306825616,3.5471065991941105e-11,0.004006171269960716,0.0,0.0,0.0,-1.4492649482099139e-21
2026-08-28T01:52:21.161207,15.86,7.96644626771401,-3.6230242776510178,0.0,-0.09408190710864961,0.0,0.0,-0.047023606367813685,0.9988937783589229,-1.0985317980928078e-10,0.003954847645787727,0.0,0.0,0.0,-4.2321468003490314e-22
2026-08-28T01:52:21.256504,15.88,7.966446267713417,-3.6230242776519628,0.0,-0.09402795719477197,0.0,0.0,-0.04699666123405094,0.998895046455258,-1.9961672672620927e-10,0.003904728079829577,0.0,0.0,0.0,-7.218191666282097e-22
2026-08-28T01:52:21.362925,15.9,7.966446267712926,-3.623024277652895,0.0,-0.09397720683894042,0.0,0.0,-0.04697131407940009,0.9988962386823039,-3.774090176933854e-10,0.003855735683928544,0.0,0.0,0.0,-3.9996584804753517e-22
2026-08-28T01:52:21.447874,15.92,7.9664462677130325,-3.6230242776538617,0.0,-0.09392952383139264,0.0,0.0,-0.046947498877608435,0.9988973582651708,-2.2540110847669298e-10,0.0038078000548150037,0.0,0.0,0.0,-7.967680601288364e-22
2026-08-28T01:52:21.532081,15.94,7.966446267713322,-3.6230242776548254,0.0,-0.09388481574932371,0.0,0.0,-0.04692516947334452,0.9988984074819109,-1.4460585140885392e-10,0.003760858085133635,0.0,0.0,0.0,-2.734058234021688e-22
2026-08-28T01:52:21.626249,15.96,7.96644626771354,-3.6230242776557646,0.0,-0.09384293137270515,0.0,0.0,-0.046904250344504614,0.9988993899786004,4.602896656083185e-11,0.0037148465410318555,0.0,0.0,0.0,-7.108789239010614e-23
2026-08-28T01:52:21.720312,15.98,7.966446267713615,-3.623024277656672,0.0,-0.09380378592727914,0.0,0.0,-0.046884699154743296,0.9989003078311515,3.16768501416897e-11,0.0036697107895368028,0.0,0.0,0.0,-1.5198669020998932e-22
2026-08-28T01:52:21.812932,16.0,7.966446267712316,-3.623024277657434,0.0,-0.09376719120009946,0.0,0.0,-0.046866421904773595,0.998901165530326,-5.284181071765585e-10,0.003625393564751748,0.0,0.0,0.0,-2.1858406022265467e-22
2026-08-28T01:52:21.905370,16.02,7.966446267712122,-3.623024277658285,0.0,-0.09373303797999055,0.0,0.0,-0.046849364052254344,0.9989019657042923,-3.869672147549085e-10,0.0035818464649103893,0.0,0.0,0.0,-1.8820927762196901e-22
2026-08-28T01:52:21.996780,16.04,7.966446267712983,-3.623024277659219,0.0,-0.09370132022950316,0.0,0.0,-0.046833522584708825,0.9989027085568982,-6.538383990993676e-11,0.003539029620772537,0.0,0.0,0.0,-1.389295641385211e-22
2026-08-28T01:52:22.094393,16.06,7.9664462677135,-3.6230242776601087,0.0,-0.09367187255127085,0.0,0.0,-0.046818814896859316,0.9989033980178732,2.4323047346846635e-10,0.003496897276049592,0.0,0.0,0.0,-1.1765353241672686e-22
2026-08-28T01:52:22.178887,16.08,7.966446267713204,-3.623024277660908,0.0,-0.09364465765190522,0.0,0.0,-0.046805222364798664,0.9989040350100613,-1.1410109074477641e-10,0.0034554132792319046,0.0,0.0,0.0,-8.899940392748377e-23
2026-08-28T01:52:22.262232,16.1,7.966446267712232,-3.623024277661632,0.0,-0.09361946620837092,0.0,0.0,-0.04679264044378905,0.9989046244763803,-2.773969861051464e-10,0.0034145362748528745,0.0,0.0,0.0,-7.437315104321492e-23
2026-08-28T01:52:22.356145,16.12,7.966446267713407,-3.623024277662546,0.0,-0.09359631869263742,0.0,0.0,-0.04678107936039966,0.9989051659761681,2.9226000661458987e-10,0.003374237750723795,0.0,0.0,0.0,-6.128062167033425e-23
2026-08-28T01:52:22.446920,16.14,7.966446267713252,-3.623024277663324,0.0,-0.09357515245882995,0.0,0.0,-0.046770507827632805,0.99890566100986,6.2188063127419206e-12,0.00333448730718072,0.0,0.0,0.0,-4.895689460287087e-23
2026-08-28T01:52:22.540141,16.16,7.9664462677124535,-3.623024277664032,0.0,-0.09355576093020757,0.0,0.0,-0.04676082267157628,0.9989061144387281,-6.961700255847655e-11,0.00329525183381329,0.0,0.0,0.0,-5.832397752344347e-23
2026-08-28T01:52:22.626172,16.18,7.966446267713731,-3.6230242776649235,0.0,-0.09353817153412923,0.0,0.0,-0.046752037592122035,0.9989065256474126,4.936568595310248e-10,0.0032565087447060186,0.0,0.0,0.0,-3.442961638083965e-23
2026-08-28T01:52:22.708160,16.2,7.966446267714326,-3.6230242776657424,0.0,-0.09352234481159272,0.0,0.0,-0.04674413288244761,0.9989068955818996,6.071681815634188e-10,0.003218234386442953,0.0,0.0,0.0,-4.4228057413947906e-23
2026-08-28T01:52:22.802895,16.22,7.966446267712971,-3.62302427766637,0.0,-0.0935081209601898,0.0,0.0,-0.046737028729641465,0.9989072279974376,3.2448901269281237e-11,0.0031804036687839055,0.0,0.0,0.0,-1.0550686377864162e-23
2026-08-28T01:52:22.888311,16.24,7.966446267712299,-3.623024277667052,0.0,-0.09349540806361833,0.0,0.0,-0.04673067922656031,0.9989075250587636,-3.8517678965370753e-11,0.0031429956499277054,0.0,0.0,0.0,-8.63160560628454e-24
2026-08-28T01:52:22.994265,16.26,7.966446267711902,-3.6230242776677524,0.0,-0.09348423100551795,0.0,0.0,-0.04672509680210835,0.9989077861989232,-3.367178667133799e-10,0.003105993479336489,0.0,0.0,0.0,-7.058396397241195e-24
2026-08-28T01:52:23.089139,16.28,7.966446267710088,-3.623024277668313,0.0,-0.09347442494033321,0.0,0.0,-0.04672019912411424,0.9989080152815889,-9.92342981658706e-10,0.0030693776658739804,0.0,0.0,0.0,-5.7734868898100875e-24
2026-08-28T01:52:23.169921,16.3,7.966446267710823,-3.623024277669104,0.0,-0.09346595250355438,0.0,0.0,-0.04671596753119137,0.9989082131895927,-3.5933221936151893e-10,0.0030331329387977505,0.0,0.0,0.0,-4.717937083600077e-24
2026-08-28T01:52:23.261430,16.32,7.966446267712096,-3.6230242776699386,0.0,-0.09345889871923863,0.0,0.0,-0.04671244448935729,0.9989083779455595,-1.2171017345412273e-10,0.0029972465905333374,0.0,0.0,0.0,-3.8748740590687895e-24
2026-08-28T01:52:23.358092,16.34,7.96644626771168,-3.623024277670608,0.0,-0.09345305192991617,0.0,0.0,-0.04670952428573854,0.9989085145002019,-1.0670056904135217e-10,0.0029617028512641604,0.0,0.0,0.0,-3.1632879149330632e-24
2026-08-28T01:52:23.448273,16.36,7.966446267712131,-3.623024277671352,0.0,-0.09344844524540052,0.0,0.0,-0.046707223457421496,0.9989086220855732,4.040682456395183e-12,0.0029264904344189387,0.0,0.0,0.0,-2.5697628329197804e-24
2026-08-28T01:52:23.536694,16.38,7.966446267711295,-3.623024277671969,0.0,-0.0934449306272942,0.0,0.0,-0.0467054680661845,0.9989087041630574,-3.521729361041434e-10,0.002891597324798944,0.0,0.0,0.0,-2.1093970774230447e-24
2026-08-28T01:52:23.629258,16.4,7.966446267712211,-3.6230242776727444,0.0,-0.09344254520281937,0.0,0.0,-0.04670427665551576,0.9989087598685302,1.7013257716156326e-10,0.0028570139764130193,0.0,0.0,0.0,-1.7249760295454077e-24
2026-08-28T01:52:23.713906,16.42,7.9664462677132,-3.62302427767352,0.0,-0.09344123937715842,0.0,0.0,-0.04670362445516003,0.9989087903621388,5.995201604038977e-10,0.0028227309084395565,0.0,0.0,0.0,-1.4383439719793755e-24
2026-08-28T01:52:23.806081,16.44,7.966446267712467,-3.623024277674129,0.0,-0.0934409541595498,0.0,0.0,-0.04670348200197133,0.9989087970224767,1.0064861908455148e-10,0.002788739537718637,0.0,0.0,0.0,-1.148313784179569e-24
2026-08-28T01:52:23.899646,16.46,7.966446267711064,-3.6230242776746695,0.0,-0.09344155767965746,0.0,0.0,-0.04670378343274157,0.998908782929186,-2.6106688756329446e-10,0.002755032348906907,0.0,0.0,0.0,-9.392071388198857e-25
2026-08-28T01:52:23.983898,16.48,7.966446267711281,-3.6230242776753565,0.0,-0.09344303702376688,0.0,0.0,-0.04670452229764074,0.9989087483834292,-9.048330627917404e-11,0.002721602740627673,0.0,0.0,0.0,-7.857519586057707e-25
2026-08-28T01:52:24.070067,16.5,7.966446267711804,-3.623024277676066,0.0,-0.09344542990524964,0.0,0.0,-0.04670571743273078,0.998908692503521,-2.9744781708395285e-12,0.0026884442759356844,0.0,0.0,0.0,-6.711078467983261e-25
2026-08-28T01:52:24.167988,16.52,7.966446267711715,-3.6230242776767128,0.0,-0.09344861371600775,0.0,0.0,-0.0467073076007924,0.9989086181511725,1.285608828730878e-10,0.0026555518171239062,0.0,0.0,0.0,-4.771929026411157e-25
2026-08-28T01:52:24.251219,16.54,7.966446267711517,-3.623024277677345,0.0,-0.09345261950861518,0.0,0.0,-0.046709308311077745,0.9989085245992751,-1.246239521356194e-10,0.0026229199746000374,0.0,0.0,0.0,-4.788878503469869e-25
2026-08-28T01:52:24.340829,16.56,7.966446267710612,-3.623024277677905,0.0,-0.09345729399946688,0.0,0.0,-0.046711643005330136,0.9989084154254296,-2.6529668978141074e-10,0.002590545448602723,0.0,0.0,0.0,-2.866401523053354e-25
2026-08-28T01:52:24.427953,16.58,7.9664462677118815,-3.623024277678665,0.0,-0.09346268370794908,0.0,0.0,-0.04671433491774029,0.9989082895407332,2.935140593302108e-10,0.0025584237210576725,0.0,0.0,0.0,-2.8496420340343734e-25
2026-08-28T01:52:24.506390,16.6,7.966446267712117,-3.6230242776793222,0.0,-0.09346879363179017,0.0,0.0,-0.046717386544308966,0.9989081468255575,1.6349315384324697e-10,0.0025265508055509556,0.0,0.0,0.0,-2.8666382136106584e-25
2026-08-28T01:52:24.594073,16.62,7.966446267711432,-3.623024277679888,0.0,-0.09347547919331012,0.0,0.0,-0.04672072567498213,0.9989079906539956,1.2448879732238852e-10,0.0024949252289716965,0.0,0.0,0.0,-9.442825160109352e-26
2026-08-28T01:52:24.695084,16.64,7.966446267711088,-3.6230242776804813,0.0,-0.09348277589728182,0.0,0.0,-0.04672437004262257,0.9989078201936954,-1.9464252521490984e-10,0.002463543520864372,0.0,0.0,0.0,-9.442310061412326e-26
2026-08-28T01:52:24.790147,16.66,7.966446267710652,-3.6230242776810613,0.0,-0.09349058222983198,0.0,0.0,-0.04672826894558234,0.998907637813101,-1.477078589106305e-10,0.002432404702658766,0.0,0.0,0.0,-9.441180131119096e-26
2026-08-28T01:52:24.888679,16.68,7.966446267710916,-3.6230242776817017,0.0,-0.09349895314542556,0.0,0.0,-0.04673244983093399,0.9989074422251539,-1.887857153183613e-10,0.0024015054492949744,0.0,0.0,0.0,-9.442098329187071e-26
2026-08-28T01:52:24.979365,16.7,7.966446267710188,-3.6230242776822448,0.0,-0.09350779543445586,0.0,0.0,-0.04673686614463659,0.9989072356044771,-3.811972959239917e-10,0.0023708453923983576,0.0,0.0,0.0,-9.441473433140321e-26
2026-08-28T01:52:25.069282,16.72,7.966446267710626,-3.6230242776828923,0.0,-0.0935170968589456,0.0,0.0,-0.046741511774243245,0.9989070182339587,-6.708126123398635e-11,0.002340422991939676,0.0,0.0,0.0,-9.442095567086548e-26
2026-08-28T01:52:25.160943,16.74,7.966446267711039,-3.6230242776835326,0.0,-0.0935268600228527,0.0,0.0,-0.04674638802015979,0.9989067900495364,-3.852661792344466e-12,0.002310236539524675,0.0,0.0,0.0,-9.442763279730413e-26
2026-08-28T01:52:25.250927,16.76,7.966446267710466,-3.623024277684076,0.0,-0.09353703366869714,0.0,0.0,-0.046751469281511755,0.9989065522460145,-2.203319912858024e-10,0.0022802857412187218,0.0,0.0,0.0,-9.443046275184537e-26
2026-08-28T01:52:25.343847,16.78,7.966446267709747,-3.623024277684601,0.0,-0.09354756719985337,0.0,0.0,-0.04675673028750843,0.9989063060031312,-4.1183940559610423e-10,0.002250570609400347,0.0,0.0,0.0,-9.442631825103834e-26
2026-08-28T01:52:25.427477,16.8,7.966446267709907,-3.6230242776852037,0.0,-0.09355841717165213,0.0,0.0,-0.046762149339445246,0.9989060523338296,-2.339683976751829e-10,0.0022210912697984155,0.0,0.0,0.0,-9.441377169815301e-26
2026-08-28T01:52:25.524036,16.82,7.9664462677103085,-3.623024277685824,0.0,-0.09356962124273371,0.0,0.0,-0.046767745245918535,0.9989057903549328,-2.6951284509257184e-10,0.002191845842637892,0.0,0.0,0.0,-1.6849919407896974e-26
2026-08-28T01:52:25.605290,16.84,7.966446267710481,-3.6230242776864183,0.0,-0.09358113024154947,0.0,0.0,-0.04677349344792328,0.9989055212134315,-2.910596064464616e-11,0.00216283487862157,0.0,0.0,0.0,1.5929636065288885e-27
2026-08-28T01:52:25.688377,16.86,7.966446267710853,-3.6230242776870276,0.0,-0.09359293131277946,0.0,0.0,-0.046779387524712945,0.9989052452073783,1.18708891315726e-10,0.0021340580819768766,0.0,0.0,0.0,-8.782007246937707e-24
2026-08-28T01:52:25.773874,16.88,7.966446267710677,-3.62302427768758,0.0,-0.09360496569225019,0.0,0.0,-0.04678539812625411,0.9989049637088445,3.3005323859847157e-11,0.0021055166424150083,0.0,0.0,0.0,1.69245452999809e-27
2026-08-28T01:52:25.877302,16.9,7.966446267711016,-3.6230242776881765,0.0,-0.0936172535828117,0.0,0.0,-0.04679153534280875,0.9989046762430651,1.7951655284086532e-10,0.0020772095083298305,0.0,0.0,0.0,8.76636001851928e-24
2026-08-28T01:52:25.971304,16.92,7.966446267710796,-3.623024277688715,0.0,-0.09362975311559828,0.0,0.0,-0.04679777826277057,0.9989043837873917,1.1412150350696877e-10,0.002049137593321058,0.0,0.0,0.0,-8.78412530901237e-24
2026-08-28T01:52:26.058408,16.94,7.966446267710762,-3.623024277689267,0.0,-0.09364242711938696,0.0,0.0,-0.04680410832080321,0.9989040872097253,1.8006325110694974e-10,0.0020213018065908775,0.0,0.0,0.0,-8.784071579996103e-24
2026-08-28T01:52:26.151666,16.96,7.9664462677108006,-3.623024277689821,0.0,-0.09365528784257249,0.0,0.0,-0.046810531634312744,0.9989037862217327,1.1126747507844877e-10,0.0019937014922062424,0.0,0.0,0.0,1.6824729426528984e-27
2026-08-28T01:52:26.240436,16.98,7.966446267710891,-3.6230242776903747,0.0,-0.0936682822442787,0.0,0.0,-0.046817021711856685,0.9989034820632229,3.052431967940066e-10,0.0019663382507786277,0.0,0.0,0.0,1.5903047268302369e-27
2026-08-28T01:52:26.326015,17.0,7.966446267711083,-3.623024277690934,0.0,-0.09368143435287647,0.0,0.0,-0.04682359055438174,0.9989031741703475,2.4308411783035416e-10,0.0019392110723962372,0.0,0.0,0.0,1.7239114219363685e-27
2026-08-28T01:52:26.438541,17.02,7.9664462677101335,-3.623024277691381,0.0,-0.09369468313080143,0.0,0.0,-0.046830207676515884,0.9989028639707539,-1.1384248688325275e-10,0.0019123219542449942,0.0,0.0,0.0,1.6899356481637527e-27
2026-08-28T01:52:26.528267,17.04,7.96644626771011,-3.6230242776919104,0.0,-0.0937080274169806,0.0,0.0,-0.04683687249831446,0.998902551490673,2.1848462314450162e-11,0.001885670837282294,0.0,0.0,0.0,-1.2573450166418939e-30
2026-08-28T01:52:26.613758,17.06,7.966446267710692,-3.623024277692492,0.0,-0.09372146262648995,0.0,0.0,-0.046843582729786976,0.9989022368365372,2.940287227289149e-10,0.0018592577831952754,0.0,0.0,0.0,1.680143452286458e-27
2026-08-28T01:52:26.693544,17.08,7.96644626771066,-3.623024277693011,0.0,-0.0937349654004418,0.0,0.0,-0.04685032670427133,0.9989019205546174,1.703672762083273e-10,0.0018330835431719405,0.0,0.0,0.0,1.6879467115664317e-27
2026-08-28T01:52:26.781751,17.1,7.966446267710061,-3.623024277693472,0.0,-0.09374853238336067,0.0,0.0,-0.046857102745840255,0.9989016027228437,-1.0089480450116775e-10,0.0018071481156795568,0.0,0.0,0.0,-8.121761717766848e-31
2026-08-28T01:52:26.878400,17.12,7.9664462677098005,-3.62302427769396,0.0,-0.09376211538631242,0.0,0.0,-0.04686388678646871,0.9989012844697243,1.7304077480734498e-11,0.0017814532575960013,0.0,0.0,0.0,-4.3317810667576276e-29
2026-08-28T01:52:26.963425,17.14,7.966446267710387,-3.6230242776945225,0.0,-0.09377572207605132,0.0,0.0,-0.0468706826553129,0.9989009656154232,1.9233080197369155e-10,0.001755998546699902,0.0,0.0,0.0,5.066125597540477e-29
2026-08-28T01:52:27.056886,17.16,7.966446267711207,-3.623024277695103,0.0,-0.09378936916273076,0.0,0.0,-0.04687749869825262,0.998900645768034,5.063100974177399e-10,0.0017307831676500755,0.0,0.0,0.0,1.6812629424301818e-27
2026-08-28T01:52:27.141449,17.18,7.9664462677108325,-3.6230242776955657,0.0,-0.09380302661373284,0.0,0.0,-0.046884319915472365,0.9989003256311731,2.8012098093584473e-10,0.0017058081334064218,0.0,0.0,0.0,1.05218584050497e-23
2026-08-28T01:52:27.224298,17.2,7.966446267711316,-3.6230242776961044,0.0,-0.09381666437083336,0.0,0.0,-0.04689113129438661,0.9989000059094667,7.624397277807352e-10,0.0016810744972287908,0.0,0.0,0.0,-1.053927064430736e-23
2026-08-28T01:52:27.317073,17.22,7.966446267711194,-3.6230242776965818,0.0,-0.09383032020987114,0.0,0.0,-0.04689795170214128,0.9988996857173115,4.097528168004773e-10,0.001656580436662075,0.0,0.0,0.0,-1.0539103301811837e-23
2026-08-28T01:52:27.397976,17.24,7.9664462677092125,-3.623024277696879,0.0,-0.09384388892272402,0.0,0.0,-0.04690472859256408,0.998899367521903,-2.509603554698772e-10,0.0016323300660387498,0.0,0.0,0.0,2.023988617712987e-26
2026-08-28T01:52:27.485887,17.26,7.966446267709415,-3.623024277697377,0.0,-0.09385740678630361,0.0,0.0,-0.04691148008418261,0.9988990504732255,-3.4576790256392147e-11,0.0016083215763972988,0.0,0.0,0.0,1.5985460565226221e-27
2026-08-28T01:52:27.581652,17.28,7.966446267709949,-3.623024277697902,0.0,-0.09387090025855875,0.0,0.0,-0.0469182193914265,0.9988987339511137,9.548733951838173e-11,0.0015845535028241335,0.0,0.0,0.0,1.7279207644685652e-27
2026-08-28T01:52:27.674000,17.3,7.96644626770933,-3.623024277698313,0.0,-0.093884322790005,0.0,0.0,-0.046924923265203894,0.9988984190479805,-1.628970528887337e-10,0.0015610274601804818,0.0,0.0,0.0,5.639662919876531e-30
2026-08-28T01:52:27.768138,17.32,7.966446267709521,-3.623024277698795,0.0,-0.09389767805571216,0.0,0.0,-0.04693159354105804,0.9988981056783004,3.9320607120513825e-11,0.0015377428836416678,0.0,0.0,0.0,1.6871328827508926e-27
2026-08-28T01:52:27.854691,17.34,7.966446267709664,-3.6230242776992685,0.0,-0.0939109768936297,0.0,0.0,-0.04693823563202224,0.9988977935883895,3.2842046864976684e-11,0.0015146988370250347,0.0,0.0,0.0,1.6817463532428543e-27
2026-08-28T01:52:27.942388,17.36,7.966446267709547,-3.6230242776997126,0.0,-0.0939241828140864,0.0,0.0,-0.04694483131340223,0.998897483635311,1.1150443722784129e-10,0.0014918964320289204,0.0,0.0,0.0,1.6822354742332617e-27
2026-08-28T01:52:28.033755,17.38,7.96644626771024,-3.6230242777002277,0.0,-0.09393729815032972,0.0,0.0,-0.04695138175057801,0.9988971757652093,4.1870466824050177e-10,0.0014693350299113464,0.0,0.0,0.0,1.6824404629138192e-27
2026-08-28T01:52:28.142305,17.4,7.9664462677106425,-3.623024277700711,0.0,-0.09395033234994621,0.0,0.0,-0.04695789166217354,0.9988968697571554,4.504625140781815e-10,0.0014470136174222171,0.0,0.0,0.0,1.7932986144899323e-27
2026-08-28T01:52:28.227745,17.42,7.966446267710026,-3.623024277701094,0.0,-0.0939632683662839,0.0,0.0,-0.046964352534304664,0.9988965660122341,1.806314791209622e-10,0.0014249323162564779,0.0,0.0,0.0,1.6284381563194843e-27
2026-08-28T01:52:28.310610,17.44,7.966446267709205,-3.623024277701452,0.0,-0.09397607236839271,0.0,0.0,-0.04697074747021103,0.9988962653259295,-4.947920080993211e-11,0.0014030919623251863,0.0,0.0,0.0,1.689747262577042e-27
2026-08-28T01:52:28.404871,17.46,7.966446267709024,-3.6230242777018664,0.0,-0.09398876818356604,0.0,0.0,-0.0469770883704456,0.9988959671398395,-1.4736444784715572e-10,0.0013814907386986873,0.0,0.0,0.0,1.68929279315291e-27
2026-08-28T01:52:28.495940,17.48,7.966446267708534,-3.6230242777022466,0.0,-0.09400134941425978,0.0,0.0,-0.04698337203981687,0.9988956716052824,-3.0976624555895983e-10,0.0013601281607031877,0.0,0.0,0.0,1.6869713665908282e-27
2026-08-28T01:52:28.580687,17.5,7.966446267708826,-3.6230242777026955,0.0,-0.09401378829204354,0.0,0.0,-0.046989584609497065,0.9988953793757517,1.7705468145960495e-11,0.001339004694042638,0.0,0.0,0.0,-1.0517429288395152e-23
2026-08-28T01:52:28.670599,17.52,7.966446267709551,-3.6230242777031805,0.0,-0.09402613103407953,0.0,0.0,-0.046995749162596495,0.9988950893665692,1.0885406200825554e-10,0.0013181173527772375,0.0,0.0,0.0,1.7364973942273114e-24
2026-08-28T01:52:28.766509,17.54,7.966446267709354,-3.6230242777035744,0.0,-0.0940383447171209,0.0,0.0,-0.047001849255726695,0.9988948023523508,1.5669242928184352e-10,0.0012974667637783324,0.0,0.0,0.0,1.780120428233338e-27
2026-08-28T01:52:28.859313,17.56,7.9664462677085375,-3.623024277703905,0.0,-0.09405040364336692,0.0,0.0,-0.04700787205424684,0.9988945189382769,-2.540720082239156e-10,0.0012770531419512162,0.0,0.0,0.0,1.6568459179327042e-27
2026-08-28T01:52:28.944838,17.58,7.96644626770856,-3.62302427770431,0.0,-0.09406232913161629,0.0,0.0,-0.04701382820583511,0.9988942386246065,-1.5447862159920743e-10,0.0012568745061631566,0.0,0.0,0.0,1.6957178098291905e-27
2026-08-28T01:52:29.028086,17.6,7.966446267708393,-3.6230242777046917,0.0,-0.09407409885922792,0.0,0.0,-0.047019706561571714,0.9988939619373338,-2.3283698213016294e-10,0.001236930851528185,0.0,0.0,0.0,1.7041798187115094e-27
2026-08-28T01:52:29.117579,17.62,7.966446267708178,-3.623024277705065,0.0,-0.09408573446179112,0.0,0.0,-0.0470255179273479,0.9988936883691201,-4.2866208575364356e-10,0.0012172200826374407,0.0,0.0,0.0,8.766624972884601e-24
2026-08-28T01:52:29.207038,17.64,7.966446267708643,-3.6230242777054977,0.0,-0.0940972236620703,0.0,0.0,-0.04703125617139357,0.9988934182098412,2.9638708811720055e-11,0.001197741681461002,0.0,0.0,0.0,1.6510840951603332e-27
2026-08-28T01:52:29.313670,17.66,7.966446267708655,-3.623024277705883,0.0,-0.09410858558415214,0.0,0.0,-0.0470369308452275,0.9988931510109884,-1.7654904963101611e-10,0.0011784935936525148,0.0,0.0,0.0,-1.696386321048768e-26
2026-08-28T01:52:29.396288,17.68,7.9664462677071315,-3.623024277706119,0.0,-0.09411975666630834,0.0,0.0,-0.04704251020322134,0.9988928882686972,-7.332935438877052e-10,0.0011594775762389692,0.0,0.0,0.0,1.710914986275311e-27
2026-08-28T01:52:29.475948,17.7,7.966446267707952,-3.6230242777065715,0.0,-0.09413078683979714,0.0,0.0,-0.04704801918343305,0.9988926288099814,-2.6094723002420897e-10,0.0011406900631364052,0.0,0.0,0.0,1.7010526232735914e-27
2026-08-28T01:52:29.565286,17.72,7.966446267708573,-3.6230242777070005,0.0,-0.0941416754382427,0.0,0.0,-0.047053457453098434,0.9988923726516834,-6.882131549487604e-11,0.0011221298344662551,0.0,0.0,0.0,1.6975195025833852e-27
2026-08-28T01:52:29.647968,17.74,7.966446267709214,-3.623024277707427,0.0,-0.09415241865896284,0.0,0.0,-0.04705882311303709,0.9988921198844327,2.7875661197732104e-10,0.0011037957915973266,0.0,0.0,0.0,8.766659826933861e-24
2026-08-28T01:52:29.740712,17.76,7.966446267708919,-3.6230242777077613,0.0,-0.0941630090507446,0.0,0.0,-0.04706411244182597,0.998891870684742,2.8049847282396196e-11,0.0010856869451361187,0.0,0.0,0.0,-8.784073560609517e-24
2026-08-28T01:52:29.840236,17.78,7.966446267708716,-3.623024277708099,0.0,-0.0941734336360054,0.0,0.0,-0.04706931895792276,0.9988916253592466,1.0271417580137634e-10,0.0010678025400759385,0.0,0.0,0.0,1.6916546173128233e-27
2026-08-28T01:52:29.930283,17.8,7.9664462677087915,-3.6230242777084585,0.0,-0.09418369833136973,0.0,0.0,-0.04707444561642097,0.9988913837699805,7.88210728511294e-11,0.0010501408924618873,0.0,0.0,0.0,1.6944337249121538e-27
2026-08-28T01:52:30.029297,17.82,7.966446267709182,-3.623024277708844,0.0,-0.09419380307386674,0.0,0.0,-0.047079492385927846,0.9988911459196559,2.9848873269984824e-10,0.0010327005841515586,0.0,0.0,0.0,1.6931131671367375e-27
2026-08-28T01:52:30.109599,17.84,7.9664462677086645,-3.623024277709139,0.0,-0.0942037528837614,0.0,0.0,-0.0470844617738489,0.9988909116912952,-1.1241338967945018e-10,0.001015479909949317,0.0,0.0,0.0,1.4605901717062939e-30
2026-08-28T01:52:30.200065,17.86,7.966446267708406,-3.6230242777094537,0.0,-0.09421353371373531,0.0,0.0,-0.047089346764370724,0.9988906814167929,2.587460625329296e-11,0.0009984780502796183,0.0,0.0,0.0,1.6946978927843738e-27
2026-08-28T01:52:30.289893,17.88,7.966446267708328,-3.623024277709782,0.0,-0.09422315029788032,0.0,0.0,-0.04709414972197111,0.9988904549859131,-1.201800147300567e-10,0.0009816932591123434,0.0,0.0,0.0,8.766670600498964e-24
2026-08-28T01:52:30.373819,17.9,7.966446267708583,-3.6230242777101367,0.0,-0.09423261541763849,0.0,0.0,-0.047098877030334586,0.9988902320988435,4.8843174618636844e-11,0.0009651234163600685,0.0,0.0,0.0,-8.784071333645912e-24
2026-08-28T01:52:30.472671,17.92,7.966446267708784,-3.6230242777104826,0.0,-0.09424192301806533,0.0,0.0,-0.04710352566539986,0.9988900128992626,1.7962818538652062e-10,0.0009487672585003462,0.0,0.0,0.0,1.6925334883995407e-27
2026-08-28T01:52:30.563530,17.94,7.966446267708207,-3.62302427771075,0.0,-0.09425107012245526,0.0,0.0,-0.047108094140518225,0.9988897974583824,-1.7239840753428305e-10,0.0009326233347672573,0.0,0.0,0.0,6.3582921031767945e-31
2026-08-28T01:52:30.651693,17.96,7.9664462677081085,-3.6230242777110595,0.0,-0.0942600434730707,0.0,0.0,-0.04711257583423346,0.9988895860896057,-2.0855574706720326e-11,0.0009166906589091648,0.0,0.0,0.0,1.7917804822463594e-27
2026-08-28T01:52:30.740798,17.98,7.966446267708476,-3.6230242777114077,0.0,-0.0942688760462822,0.0,0.0,-0.04711698721647367,0.998889378017227,-2.1309820016096755e-11,0.0009009660856505475,0.0,0.0,0.0,1.6505494712532393e-27
2026-08-28T01:52:30.827938,18.0,7.966446267708329,-3.6230242777117043,0.0,-0.09427753636209736,0.0,0.0,-0.047121312564770944,0.9988891739838676,8.006704407961069e-11,0.0008854494410668088,0.0,0.0,0.0,-8.783674728676431e-24
2026-08-28T01:52:30.915684,18.02,7.96644626770859,-3.6230242777120347,0.0,-0.09428605242327445,0.0,0.0,-0.04712556586500117,0.9988889733308219,4.733574753481716e-11,0.0008701377782888485,0.0,0.0,0.0,8.655243783647171e-29
2026-08-28T01:52:31.011896,18.04,7.966446267707531,-3.623024277712236,0.0,-0.09429440428259106,0.0,0.0,-0.04712973715467933,0.9988887765290643,-3.8923630936221407e-10,0.0008550303387413019,0.0,0.0,0.0,-1.7548346920744416e-23
2026-08-28T01:52:31.099577,18.06,7.96644626770707,-3.623024277712491,0.0,-0.09430259246046103,0.0,0.0,-0.0471338266937716,0.9988885835673573,-4.3891786597393886e-10,0.0008401254055139566,0.0,0.0,0.0,4.7592472707694025e-29
2026-08-28T01:52:31.192977,18.08,7.966446267708227,-3.6230242777128936,0.0,-0.09431063343418432,0.0,0.0,-0.04713784271181714,0.9988883940583533,1.8712662642290587e-10,0.0008254205469000185,0.0,0.0,0.0,1.6924681296860104e-27
2026-08-28T01:52:31.277191,18.1,7.9664462677089665,-3.6230242777132533,0.0,-0.09431852865151849,0.0,0.0,-0.047141785931931655,0.9988882079688136,3.3394841408786353e-10,0.0008109140011094463,0.0,0.0,0.0,1.7859219800194204e-27
2026-08-28T01:52:31.373353,18.12,7.966446267708096,-3.6230242777134567,0.0,-0.09432627205830982,0.0,0.0,-0.04714565333044499,0.9988880254423143,-1.8195829389121114e-10,0.0007966043167660895,0.0,0.0,0.0,1.6528418194292714e-27
2026-08-28T01:52:31.461664,18.14,7.96644626770752,-3.623024277713684,0.0,-0.09433384301920711,0.0,0.0,-0.0471494346011979,0.9988878469662084,-1.8317054897322698e-10,0.000782490685796493,0.0,0.0,0.0,1.7014730416534867e-27
2026-08-28T01:52:31.570021,18.16,7.966446267707913,-3.6230242777139994,0.0,-0.09434128234313377,0.0,0.0,-0.04715315012600171,0.9988876715793397,-1.76037084391391e-10,0.0007685695287464262,0.0,0.0,0.0,-8.783576300560827e-24
2026-08-28T01:52:31.659462,18.18,7.966446267708068,-3.6230242777142885,0.0,-0.09434856157974326,0.0,0.0,-0.04715678569554325,0.9988874999532553,1.2090144949636686e-10,0.0007548403916979326,0.0,0.0,0.0,8.784633235150613e-24
2026-08-28T01:52:31.744353,18.2,7.966446267708725,-3.623024277714621,0.0,-0.09435571378739474,0.0,0.0,-0.04716035782065176,0.9988873313093064,2.058284170950971e-10,0.0007413000514363845,0.0,0.0,0.0,1.691991945289217e-27
2026-08-28T01:52:31.840147,18.22,7.9664462677077905,-3.623024277714799,0.0,-0.09436271226196394,0.0,0.0,-0.047163853164155854,0.9988871662779084,-1.26813993550981e-10,0.0007279479416511639,0.0,0.0,0.0,1.6949067931131392e-27
2026-08-28T01:52:31.933066,18.24,7.966446267707653,-3.6230242777150496,0.0,-0.09436955737076858,0.0,0.0,-0.04716727190954799,0.9988870048512047,-6.836357260180722e-11,0.000714782272322757,0.0,0.0,0.0,1.790055408227434e-27
2026-08-28T01:52:32.021630,18.26,7.966446267708222,-3.623024277715363,0.0,-0.09437626786243448,0.0,0.0,-0.0471706234207431,0.9988868465877897,1.1740115285908525e-10,0.0007018004524994839,0.0,0.0,0.0,1.650502813669799e-27
2026-08-28T01:52:32.114270,18.28,7.96644626770783,-3.623024277715581,0.0,-0.09438283561363069,0.0,0.0,-0.047173903640629546,0.9988866916799446,-1.1104124632049968e-10,0.0006890010694822977,0.0,0.0,0.0,1.696956954797613e-27
2026-08-28T01:52:32.211636,18.3,7.966446267706904,-3.623024277715746,0.0,-0.09438926060940922,0.0,0.0,-0.047177112561774745,0.9988865401287244,-5.140198258354878e-10,0.0006763823409206965,0.0,0.0,0.0,-8.783573722993807e-24
2026-08-28T01:52:32.299447,18.32,7.966446267706511,-3.623024277715957,0.0,-0.09439553758409058,0.0,0.0,-0.04718024755430336,0.9988863920590343,-5.167988474229918e-10,0.0006639427143579863,0.0,0.0,0.0,8.786235054827621e-24
2026-08-28T01:52:32.384636,18.34,7.96644626770741,-3.6230242777162878,0.0,-0.09440168359386147,0.0,0.0,-0.04718331713684339,0.9988862470691866,-1.2845380072395041e-10,0.0006516796821200054,0.0,0.0,0.0,1.698974320162466e-27
2026-08-28T01:52:32.478625,18.36,7.966446267708095,-3.6230242777165937,0.0,-0.09440770426599833,0.0,0.0,-0.047186324119927396,0.9988861050270191,8.048566617325191e-11,0.0006395912442073294,0.0,0.0,0.0,1.6964662968855945e-27
2026-08-28T01:52:32.565185,18.38,7.9664462677086805,-3.6230242777168873,0.0,-0.09441359227751933,0.0,0.0,-0.0471892648461702,0.9988859661058804,3.981591574183426e-10,0.0006276759566875119,0.0,0.0,0.0,8.766363755454492e-24
2026-08-28T01:52:32.656695,18.4,7.9664462677092285,-3.6230242777171737,0.0,-0.09441935148949954,0.0,0.0,-0.04719214124398597,0.9988858302152492,5.229520645189979e-10,0.0006159318876957353,0.0,0.0,0.0,8.7666769680284e-24
2026-08-28T01:52:32.760934,18.42,7.966446267709909,-3.62302427771747,0.0,-0.09442499812719608,0.0,0.0,-0.047194961416989596,0.9988856969728063,8.329304032519275e-10,0.0006043566033517193,0.0,0.0,0.0,1.7372230688217556e-27
2026-08-28T01:52:32.847561,18.44,7.966446267709171,-3.6230242777176276,0.0,-0.09443050446960743,0.0,0.0,-0.0471977115201494,0.9988855670332116,5.268381559459488e-10,0.0005929495039821428,0.0,0.0,0.0,8.768217616494449e-24
2026-08-28T01:52:32.936112,18.46,7.966446267708869,-3.623024277717824,0.0,-0.09443588787453105,0.0,0.0,-0.047200400222718264,0.9988854399873968,3.498561521324446e-10,0.0005817080896126961,0.0,0.0,0.0,-8.78222825801389e-24
2026-08-28T01:52:33.027652,18.48,7.966446267709048,-3.6230242777180623,0.0,-0.09444114250715786,0.0,0.0,-0.047203024610567045,0.9988853159735677,6.107961919988962e-10,0.0005706308506231916,0.0,0.0,0.0,1.693126597972204e-27
2026-08-28T01:52:33.114418,18.5,7.9664462677095385,-3.623024277718327,0.0,-0.09444628490605078,0.0,0.0,-0.04720559294378253,0.9988851946018751,6.850680173966714e-10,0.0005597153541220697,0.0,0.0,0.0,1.691042789128895e-27
2026-08-28T01:52:33.204059,18.52,7.966446267709047,-3.623024277718496,0.0,-0.0944513022102802,0.0,0.0,-0.04720809879908977,0.9988850761763214,5.12449491478148e-10,0.0005489603851512835,0.0,0.0,0.0,1.693030561356251e-27
2026-08-28T01:52:33.319014,18.54,7.966446267707847,-3.623024277718594,0.0,-0.0944562014426782,0.0,0.0,-0.047210545684011666,0.9988849605316009,-1.178423592634501e-10,0.0005383639020989669,0.0,0.0,0.0,1.6956598865565742e-27
2026-08-28T01:52:33.411669,18.56,7.966446267706058,-3.6230242777186326,0.0,-0.09446096726742682,0.0,0.0,-0.047212925939210594,0.9988848480301714,-7.296005549392061e-10,0.0005279247741755762,0.0,0.0,0.0,1.702006203787069e-27
2026-08-28T01:52:33.496457,18.58,7.966446267705792,-3.6230242777188133,0.0,-0.09446562110473034,0.0,0.0,-0.04721525026286662,0.9988847381668292,-7.710414761091106e-10,0.0005176403987619038,0.0,0.0,0.0,8.766571743687989e-24
2026-08-28T01:52:33.585943,18.6,7.966446267706238,-3.623024277719058,0.0,-0.0944701584576837,0.0,0.0,-0.0472175164090535,0.998884631048131,-4.366575893184274e-10,0.0005075092438042875,0.0,0.0,0.0,-8.783967373913763e-24
2026-08-28T01:52:33.675579,18.62,7.966446267708313,-3.623024277719454,0.0,-0.0944746019803744,0.0,0.0,-0.047219735692198686,0.9988845261396129,4.514277193159652e-10,0.0004975287191596566,0.0,0.0,0.0,1.6922060808245206e-27
2026-08-28T01:52:33.759314,18.64,7.966446267708222,-3.623024277719642,0.0,-0.09447894000117474,0.0,0.0,-0.04722190228301338,0.9988844237171653,1.60636105871019e-10,0.000487697597395544,0.0,0.0,0.0,-1.244983537479761e-30
2026-08-28T01:52:33.858429,18.66,7.966446267708228,-3.623024277719836,0.0,-0.09448316808930102,0.0,0.0,-0.047224013968593576,0.9988843238857511,3.5569341306422413e-10,0.0004780143653244253,0.0,0.0,0.0,1.693463027286917e-27
2026-08-28T01:52:33.954819,18.68,7.966446267707722,-3.623024277719979,0.0,-0.09448729468154848,0.0,0.0,-0.04722607496264659,0.9988842264464999,-5.7686590889587195e-11,0.0004684770033707899,0.0,0.0,0.0,1.695133962882916e-27
2026-08-28T01:52:34.041755,18.7,7.966446267706387,-3.6230242777200403,0.0,-0.09449130761037594,0.0,0.0,-0.047228079188205326,0.9988841316870504,-5.077109717886719e-10,0.00045908430080241283,0.0,0.0,0.0,2.7919703947414776e-30
2026-08-28T01:52:34.134117,18.72,7.966446267706002,-3.623024277720189,0.0,-0.0944952157902619,0.0,0.0,-0.04723003109755107,0.9988840393972287,-6.261489526740785e-10,0.00044983423811038696,0.0,0.0,0.0,8.766571585086074e-24
2026-08-28T01:52:34.224435,18.74,7.966446267706287,-3.623024277720398,0.0,-0.0944990242820394,0.0,0.0,-0.0472319332182908,0.9988839494578251,-4.6306439881031204e-10,0.00044072496834520977,0.0,0.0,0.0,-8.78396757489245e-24
2026-08-28T01:52:34.319321,18.76,7.9664462677066235,-3.6230242777206096,0.0,-0.09450274164060479,0.0,0.0,-0.047233789823111896,0.998883861667084,-3.868638396014191e-10,0.00043175453007806685,0.0,0.0,0.0,1.6982651127487926e-27
2026-08-28T01:52:34.414644,18.78,7.966446267706729,-3.6230242777207957,0.0,-0.0945063616655837,0.0,0.0,-0.04723559781529965,0.9988837761716982,-2.530343211435554e-10,0.00042292153287175826,0.0,0.0,0.0,1.69799782274407e-27
2026-08-28T01:52:34.499018,18.8,7.9664462677077,-3.6230242777210617,0.0,-0.09450988870036306,0.0,0.0,-0.04723735936413574,0.9988836928693468,1.8673737718893219e-10,0.00041422419831597116,0.0,0.0,0.0,1.0999644548434293e-30
2026-08-28T01:52:34.588646,18.82,7.966446267708433,-3.6230242777213024,0.0,-0.09451333515306803,0.0,0.0,-0.04723908066676824,0.9988836114672012,3.3513055110417737e-10,0.0004056604668894455,0.0,0.0,0.0,1.6938861450915266e-27
2026-08-28T01:52:34.676078,18.84,7.966446267707852,-3.6230242777214157,0.0,-0.09451669394461253,0.0,0.0,-0.04724075818761567,0.9988835321326802,1.592499644252534e-10,0.0003972290134730965,0.0,0.0,0.0,-3.97187896400996e-30
2026-08-28T01:52:34.763969,18.86,7.9664462677065435,-3.6230242777214583,0.0,-0.09451995344712752,0.0,0.0,-0.04724238611924552,0.9988834551406686,-3.4984880986112243e-10,0.00038892866730253465,0.0,0.0,0.0,-8.763125417530836e-24
2026-08-28T01:52:34.852069,18.88,7.966446267706265,-3.623024277721595,0.0,-0.09452312223586465,0.0,0.0,-0.047243968744507425,0.9988833802888444,-4.246106759383736e-10,0.00038075753075906215,0.0,0.0,0.0,8.766963865266462e-24
2026-08-28T01:52:34.946148,18.9,7.966446267707434,-3.623024277721867,0.0,-0.09452620958702916,0.0,0.0,-0.0472455106963348,0.9988833073582932,1.8848391642215748e-10,0.0003727137142441548,0.0,0.0,0.0,-1.0920047537956877e-30
2026-08-28T01:52:35.073206,18.92,7.9664462677086565,-3.6230242777221413,0.0,-0.09452922052668768,0.0,0.0,-0.04724701448496343,0.9988832362304704,6.025539390900649e-10,0.0003647955007957964,0.0,0.0,0.0,1.692820487467607e-27
2026-08-28T01:52:35.188428,18.94,7.966446267708474,-3.62302427772228,0.0,-0.09453215070370025,0.0,0.0,-0.047248477937261245,0.9988831670083405,3.9747071126495885e-10,0.0003570015129723425,0.0,0.0,0.0,1.7869674676750906e-27
2026-08-28T01:52:35.280747,18.96,7.966446267708246,-3.6230242777224118,0.0,-0.09453499686658295,0.0,0.0,-0.04724989942931045,0.9988830997688969,4.1034398394392685e-10,0.00034933034004500443,0.0,0.0,0.0,1.650479657772729e-27
2026-08-28T01:52:35.368086,18.98,7.966446267707851,-3.623024277722525,0.0,-0.09453776875523356,0.0,0.0,-0.04725128382562884,0.9988830342822076,1.138604175881879e-10,0.0003417801269563835,0.0,0.0,0.0,1.6940773092754198e-27
2026-08-28T01:52:35.454108,19.0,7.966446267706781,-3.6230242777225725,0.0,-0.09454045498791075,0.0,0.0,-0.04725262544170991,0.9988829708173352,-1.940534933669814e-10,0.00033434976536770233,0.0,0.0,0.0,-8.764821411280442e-24
2026-08-28T01:52:35.552394,19.02,7.966446267705955,-3.6230242777226405,0.0,-0.0945430669298748,0.0,0.0,-0.047253929953843934,0.9988829091059258,-6.645434638772457e-10,0.0003270373682093565,0.0,0.0,0.0,8.766963646089634e-24
2026-08-28T01:52:35.642921,19.04,7.966446267705573,-3.623024277722748,0.0,-0.09454559833200896,0.0,0.0,-0.047255194240970015,0.9988828492957761,-5.773015777444171e-10,0.00031984167466442466,0.0,0.0,0.0,1.6986196033189704e-27
2026-08-28T01:52:35.739929,19.06,7.966446267706871,-3.6230242777230126,0.0,-0.09454806360326586,0.0,0.0,-0.04725642549952281,0.9988827910465812,-5.445747139297126e-11,0.00031276074083310003,0.0,0.0,0.0,1.696238247370993e-27
2026-08-28T01:52:35.825605,19.08,7.966446267706817,-3.6230242777231467,0.0,-0.09455046037328832,0.0,0.0,-0.04725762254565364,0.998882734414472,-2.583410150570637e-10,0.000305793205366542,0.0,0.0,0.0,1.7903539003917473e-27
2026-08-28T01:52:35.915072,19.1,7.96644626770671,-3.6230242777232737,0.0,-0.09455278679454704,0.0,0.0,-0.04725878445663584,0.9988826794432273,-1.7401116231806086e-10,0.00029893769972513,0.0,0.0,0.0,1.6527879334084754e-27
2026-08-28T01:52:36.004955,19.12,7.966446267706778,-3.6230242777234154,0.0,-0.09455504291158201,0.0,0.0,-0.04725991125472028,0.9988826261319175,-1.9658490030868402e-10,0.0002921927999899664,0.0,0.0,0.0,1.6985046484323725e-27
2026-08-28T01:52:36.088314,19.14,7.966446267707237,-3.6230242777235917,0.0,-0.09455723859149279,0.0,0.0,-0.04726100786794951,0.9988825742474966,-3.976318903862238e-11,0.00028555678058503423,0.0,0.0,0.0,-8.763076283055263e-24
2026-08-28T01:52:36.189070,19.16,7.966446267707511,-3.623024277723748,0.0,-0.09455936833148648,0.0,0.0,-0.04726207154800641,0.998882523920101,1.8805338906360217e-10,0.0002790284335168176,0.0,0.0,0.0,8.768559322971729e-24
2026-08-28T01:52:36.281478,19.18,7.966446267707866,-3.6230242777239106,0.0,-0.09456144143434655,0.0,0.0,-0.04726310694108961,0.9988824749299965,2.2408886218524583e-10,0.00027260608390454537,0.0,0.0,0.0,1.6942813691580553e-27
2026-08-28T01:52:36.365963,19.2,7.966446267707117,-3.623024277723966,0.0,-0.09456344397638183,0.0,0.0,-0.04726410709313811,0.9988824276063166,-1.301447145344236e-11,0.000266288808300315,0.0,0.0,0.0,1.6975873615111235e-27
2026-08-28T01:52:36.446590,19.22,7.966446267707203,-3.623024277724098,0.0,-0.0945653908071358,0.0,0.0,-0.04726507942063053,0.9988823815982347,-1.0597410592832514e-10,0.00026007478033842425,0.0,0.0,0.0,1.789884229713542e-27
2026-08-28T01:52:36.528437,19.24,7.966446267707034,-3.6230242777242045,0.0,-0.09456727763185711,0.0,0.0,-0.04726602177859516,0.9988823370073301,-6.9331492824132365e-12,0.00025396280044150083,0.0,0.0,0.0,1.6521204554822878e-27
2026-08-28T01:52:36.615341,19.26,7.966446267706987,-3.62302427772432,0.0,-0.09456910808038234,0.0,0.0,-0.04726693597992568,0.9988822937479018,-8.7259622562287e-11,0.0002479514299972192,0.0,0.0,0.0,1.69599163385936e-27
2026-08-28T01:52:36.705165,19.28,7.966446267706727,-3.623024277724414,0.0,-0.09457088074103169,0.0,0.0,-0.047267821319574854,0.9988822518533907,-1.4872826201942774e-10,0.00024203940068277962,0.0,0.0,0.0,8.766469161220379e-24
2026-08-28T01:52:36.812401,19.3,7.9664462677068855,-3.623024277724545,0.0,-0.09457259828989882,0.0,0.0,-0.047268679134097456,0.9988822112606259,-6.72712471326358e-11,0.00023622533178704576,0.0,0.0,0.0,-8.78387256133584e-24
2026-08-28T01:52:36.911264,19.32,7.966446267707625,-3.6230242777247303,0.0,-0.0945742628181754,0.0,0.0,-0.04726951046792388,0.9988821719202535,2.88522389248376e-10,0.00023050787753011289,0.0,0.0,0.0,1.6958360750147857e-27
2026-08-28T01:52:36.997334,19.34,7.966446267708314,-3.623024277724908,0.0,-0.09457588006957132,0.0,0.0,-0.04727031818970187,0.998882133696586,4.759327488861563e-10,0.0002248855989150243,0.0,0.0,0.0,1.6943476390437896e-27
2026-08-28T01:52:37.090926,19.36,7.966446267708002,-3.623024277724989,0.0,-0.09457744542984647,0.0,0.0,-0.04727109999489323,0.998882096698741,3.7005122235792345e-10,0.00021935737775959703,0.0,0.0,0.0,1.694546069771486e-27
2026-08-28T01:52:37.177570,19.38,7.966446267707758,-3.6230242777250745,0.0,-0.09457895813722317,0.0,0.0,-0.047271855503037766,0.9988820609447844,2.891695483867203e-10,0.00021392198854774795,0.0,0.0,0.0,1.6956165258152835e-27
2026-08-28T01:52:37.270376,19.4,7.966446267707792,-3.6230242777251846,0.0,-0.09458042383807452,0.0,0.0,-0.04727258753416864,0.9988820263013167,2.5133712616026184e-10,0.00020857803362036027,0.0,0.0,0.0,-7.516952141546989e-31
2026-08-28T01:52:37.372563,19.42,7.966446267707693,-3.6230242777252806,0.0,-0.09458183888163464,0.0,0.0,-0.04727329426494612,0.9988819928546814,2.869320813391439e-10,0.00020332439938601746,0.0,0.0,0.0,8.766468930061426e-24
2026-08-28T01:52:37.456181,19.44,7.96644626770785,-3.623024277725399,0.0,-0.0945832122779975,0.0,0.0,-0.047273980195382925,0.9988819603919606,2.2894066006046877e-10,0.00019815962282907404,0.0,0.0,0.0,-8.783873986111689e-24
2026-08-28T01:52:37.547991,19.46,7.966446267707109,-3.6230242777254302,0.0,-0.09458453581077242,0.0,0.0,-0.04727464122187901,0.9988819291074109,4.494880495234518e-11,0.0001930827445170869,0.0,0.0,0.0,1.6963088522393132e-27
2026-08-28T01:52:37.630458,19.48,7.966446267707237,-3.6230242777255426,0.0,-0.09458581849315009,0.0,0.0,-0.047275281845993194,0.9988818987880308,5.05723509097234e-11,0.0001880923305551542,0.0,0.0,0.0,1.6953064793354767e-27
2026-08-28T01:52:37.711313,19.5,7.9664462677072265,-3.6230242777256394,0.0,-0.09458705499880528,0.0,0.0,-0.047275899407542524,0.9988818695597632,1.8873293950079102e-10,0.00018318736384391682,0.0,0.0,0.0,-1.6605519000369454e-31
2026-08-28T01:52:37.805008,19.52,7.966446267707287,-3.623024277725742,0.0,-0.09458825328911935,0.0,0.0,-0.047276497882768644,0.9988818412344578,8.407866556742205e-12,0.00017836647050471291,0.0,0.0,0.0,1.6955691959502522e-27
2026-08-28T01:52:37.894692,19.54,7.966446267706856,-3.6230242777257957,0.0,-0.09458940636317471,0.0,0.0,-0.04727707377512853,0.9988818139776402,1.831200939649458e-11,0.00017362870123889597,0.0,0.0,0.0,1.6964452054136217e-27
2026-08-28T01:52:37.983927,19.56,7.966446267707528,-3.623024277725953,0.0,-0.09459052308324047,0.0,0.0,-0.04727763151080365,0.998881787579856,2.053697219608127e-10,0.0001689726880316322,0.0,0.0,0.0,8.766418999271705e-24
2026-08-28T01:52:38.070227,19.58,7.966446267707638,-3.6230242777260546,0.0,-0.09459160038803563,0.0,0.0,-0.04727816956086657,0.9988817621135015,3.013829405766784e-10,0.00016439740002383452,0.0,0.0,0.0,-8.783824098885154e-24
2026-08-28T01:52:38.162379,19.6,7.966446267707266,-3.6230242777261097,0.0,-0.09459264120267362,0.0,0.0,-0.04727868938624,0.9988817375094609,7.773876462398516e-12,0.00015990165607743115,0.0,0.0,0.0,-1.929834933768935e-31
2026-08-28T01:52:38.254032,19.62,7.966446267706677,-3.6230242777261417,0.0,-0.09459364410517425,0.0,0.0,-0.047279190276730235,0.9988817138013774,-9.389534246385881e-11,0.00015548440341274213,0.0,0.0,0.0,1.6957073366095203e-27
2026-08-28T01:52:38.348373,19.64,7.966446267707008,-3.6230242777262602,0.0,-0.09459460968234092,0.0,0.0,-0.04727967252541225,0.9988816909754077,1.353796620840635e-10,0.0001511445478837317,0.0,0.0,0.0,1.7890736722030942e-27
2026-08-28T01:52:38.454915,19.66,7.966446267707201,-3.6230242777263637,0.0,-0.09459554317929976,0.0,0.0,-0.04728013875191748,0.9988816689075836,1.9815992778081707e-11,0.00014688088907317587,0.0,0.0,0.0,1.6518412582036493e-27
2026-08-28T01:52:38.544014,19.68,7.966446267706453,-3.623024277726377,0.0,-0.09459644068879448,0.0,0.0,-0.0472805870048037,0.9988816476902963,-2.0958782403828966e-10,0.00014269247345719026,0.0,0.0,0.0,1.6963437679193243e-27
2026-08-28T01:52:38.630726,19.7,7.966446267706332,-3.623024277726448,0.0,-0.09459730526649993,0.0,0.0,-0.047281018810200755,0.9988816272513322,-2.361280846145588e-10,0.0001385781814069295,0.0,0.0,0.0,2.425582858504005e-31
2026-08-28T01:52:38.723769,19.72,7.9664462677071475,-3.623024277726606,0.0,-0.09459813643039139,0.0,0.0,-0.047281433927366896,0.9988816076021082,2.43470522754796e-10,0.00013453699655691537,0.0,0.0,0.0,1.696236981701563e-27
2026-08-28T01:52:38.812584,19.74,7.966446267708222,-3.623024277726788,0.0,-0.09459894239098565,0.0,0.0,-0.04728183645697009,0.9988815885485408,4.70564471882675e-10,0.0001305677018615395,0.0,0.0,0.0,1.694669353496491e-27
2026-08-28T01:52:38.901559,19.76,7.966446267706713,-3.623024277726722,0.0,-0.09459971457433226,0.0,0.0,-0.047282222116830516,0.998881570293343,-1.6444430367380195e-10,0.00012666950228882947,0.0,0.0,0.0,1.3000842646684138e-31
2026-08-28T01:52:38.991824,19.78,7.966446267706264,-3.6230242777267563,0.0,-0.0946004552487989,0.0,0.0,-0.04728259203986443,0.9988815527829071,-2.350523502643283e-10,0.00012284134585165374,0.0,0.0,0.0,4.438260246659385e-29
2026-08-28T01:52:39.082479,19.8,7.96644626770722,-3.623024277726923,0.0,-0.09460116886844225,0.0,0.0,-0.04728294845061016,0.9988815359119504,2.302710790059656e-10,0.00011908214468556397,0.0,0.0,0.0,-4.4292561451583133e-29
2026-08-28T01:52:39.167202,19.82,7.96644626770698,-3.623024277726974,0.0,-0.09460185553663703,0.0,0.0,-0.04728329140069789,0.9988815196780431,-7.18139537433612e-11,0.00011539092682866211,0.0,0.0,0.0,1.69606678633053e-27
2026-08-28T01:52:39.248304,19.84,7.96644626770656,-3.6230242777270063,0.0,-0.0946025128572572,0.0,0.0,-0.047283619693405325,0.9988815041378479,-9.179735898696582e-11,0.00011176678921794879,0.0,0.0,0.0,1.696468283119427e-27
2026-08-28T01:52:39.340960,19.86,7.966446267706766,-3.6230242777270973,0.0,-0.09460314525621129,0.0,0.0,-0.0472839355392122,0.9988814891867421,-1.0054538030336655e-10,0.00010820868078031324,0.0,0.0,0.0,1.6962491899244987e-27
2026-08-28T01:52:39.425898,19.88,7.966446267707045,-3.6230242777271937,0.0,-0.09460375158310662,0.0,0.0,-0.047284238363566114,0.9988814748519353,1.4681917128182755e-10,0.00010471569305899821,0.0,0.0,0.0,1.69600962485543e-27
2026-08-28T01:52:39.514698,19.9,7.966446267707418,-3.623024277727298,0.0,-0.0946043342657359,0.0,0.0,-0.047284529379006145,0.9988814610760407,1.878168674323286e-10,0.00010128684606304088,0.0,0.0,0.0,1.6959055366765443e-27
2026-08-28T01:52:39.614011,19.92,7.966446267707205,-3.6230242777273447,0.0,-0.09460489284078742,0.0,0.0,-0.04728480835413611,0.9988814478700225,1.139618267714305e-10,9.792123693227047e-05,0.0,0.0,0.0,1.7889936061780265e-27
2026-08-28T01:52:39.703171,19.94,7.9664462677068,-3.623024277727373,0.0,-0.09460542821673901,0.0,0.0,-0.04728507574268724,0.9988814352124121,-5.1794873189801036e-11,9.461794224208226e-05,0.0,0.0,0.0,1.6518648690187657e-27
2026-08-28T01:52:39.797021,19.96,7.9664462677067815,-3.623024277727436,0.0,-0.09460593838273382,0.0,0.0,-0.04728533054035624,0.9988814231507608,7.581912151604676e-11,9.13761132108447e-05,0.0,0.0,0.0,1.6964040501768474e-27
2026-08-28T01:52:39.879954,19.98,7.966446267707595,-3.623024277727577,0.0,-0.09460642992790014,0.0,0.0,-0.04728557603802246,0.9988814115292928,2.4243100959337426e-10,8.819472519215369e-05,0.0,0.0,0.0,1.695493246714092e-27
2026-08-28T01:52:39.968253,20.0,7.966446267706337,-3.62302427772752,0.0,-0.09460689755169228,0.0,0.0,-0.04728580958837794,0.9988814004733353,-2.7370301077661585e-10,8.50730218440967e-05,0.0,0.0,0.0,1.696529625138886e-27
2026-08-28T01:52:40.056623,20.02,7.96644626770572,-3.6230242777275232,0.0,-0.09460734491469358,0.0,0.0,-0.0472860330196674,0.9988813898963494,-5.335005485887327e-10,8.201006324522822e-05,0.0,0.0,0.0,1.696381166483086e-27
2026-08-28T01:52:40.155384,20.04,7.966446267705815,-3.623024277727592,0.0,-0.09460777093150338,0.0,0.0,-0.047286245789797884,0.9988813798240044,-2.572806094417509e-10,7.900502282778101e-05,0.0,0.0,0.0,8.784736455845084e-24
2026-08-28T01:52:40.252532,20.06,7.966446267706873,-3.623024277727752,0.0,-0.09460817911224373,0.0,0.0,-0.04728644965186745,0.9988813701733161,8.169957372168015e-11,7.605698839291072e-05,0.0,0.0,0.0,1.602621478718927e-27
2026-08-28T01:52:40.350106,20.08,7.966446267707065,-3.6230242777278283,0.0,-0.09460856828228262,0.0,0.0,-0.04728664401921738,0.9988813609720625,1.247251691846845e-10,7.31651561048149e-05,0.0,0.0,0.0,1.7398920927069876e-27
2026-08-28T01:52:40.437103,20.1,7.966446267707098,-3.623024277727888,0.0,-0.09460893863288211,0.0,0.0,-0.047286828987372014,0.9988813522157269,9.576911639885615e-11,7.032870269302011e-05,0.0,0.0,0.0,1.696247164093483e-27
2026-08-28T01:52:40.529584,20.12,7.966446267707274,-3.6230242777279607,0.0,-0.09460929214777904,0.0,0.0,-0.0472870055470904,0.998881343857412,1.414176838647604e-10,6.754677933697677e-05,0.0,0.0,0.0,8.766370091133076e-24
2026-08-28T01:52:40.618170,20.14,7.966446267707505,-3.6230242777280375,0.0,-0.09460962813549267,0.0,0.0,-0.0472871733530192,0.9988813359134715,3.5923731304672406e-10,6.481860150311469e-05,0.0,0.0,0.0,-8.783774594873156e-24
2026-08-28T01:52:40.700508,20.16,7.966446267707381,-3.623024277728079,0.0,-0.09460994851151042,0.0,0.0,-0.04728733336183088,0.9988813283386205,1.4809883498050937e-10,6.214334213840866e-05,0.0,0.0,0.0,1.695696091243493e-27
2026-08-28T01:52:40.785332,20.18,7.966446267705798,-3.623024277727981,0.0,-0.09461025018748662,0.0,0.0,-0.04728748403108026,0.9988813212058829,-4.855863868554605e-10,5.9520280951220445e-05,0.0,0.0,0.0,1.6966867852857412e-27
2026-08-28T01:52:40.877622,20.2,7.96644626770652,-3.623024277728101,0.0,-0.09461053702814892,0.0,0.0,-0.04728762729096966,0.9988813144238861,-2.5167249825087468e-11,5.694857286067489e-05,0.0,0.0,0.0,1.6028457965081275e-27
2026-08-28T01:52:40.961005,20.22,7.966446267706735,-3.623024277728172,0.0,-0.09461081006585381,0.0,0.0,-0.04728776365709999,0.9988813079682242,-4.5905452063997295e-11,5.442743890625968e-05,0.0,0.0,0.0,1.739666763357375e-27
2026-08-28T01:52:41.049595,20.24,7.966446267706459,-3.623024277728195,0.0,-0.09461106702717137,0.0,0.0,-0.04728789199402809,0.9988813018926529,-4.570886661655954e-12,5.1956171411129176e-05,0.0,0.0,0.0,1.6960555481219353e-27
2026-08-28T01:52:41.138076,20.26,7.966446267705864,-3.6230242777281876,0.0,-0.09461131081439024,0.0,0.0,-0.04728801375127501,0.9988812961285536,-5.512855281867082e-10,4.953397376595508e-05,0.0,0.0,0.0,8.766321023784999e-24
2026-08-28T01:52:41.218184,20.28,7.966446267704998,-3.6230242777281525,0.0,-0.09461153879447837,0.0,0.0,-0.04728812761379767,0.9988812907381843,-5.947440004675994e-10,4.71601621483674e-05,0.0,0.0,0.0,-8.78372455281341e-24
2026-08-28T01:52:41.313516,20.3,7.966446267706433,-3.623024277728336,0.0,-0.09461175441457485,0.0,0.0,-0.04728823530323752,0.9988812856400432,-5.6477377865415046e-11,4.48339500684314e-05,0.0,0.0,0.0,2.311070550211886e-31
2026-08-28T01:52:41.412159,20.32,7.966446267707568,-3.623024277728489,0.0,-0.09461195871649197,0.0,0.0,-0.047288337339918114,0.9988812808094994,3.5125445380004144e-10,4.255460611146523e-05,0.0,0.0,0.0,1.6957723443659844e-27
2026-08-28T01:52:41.492390,20.34,7.9664462677073065,-3.623024277728509,0.0,-0.09461215008523238,0.0,0.0,-0.04728843291724416,0.9988812762847401,2.144346171033826e-10,4.032145448546264e-05,0.0,0.0,0.0,1.6027980773403618e-27
2026-08-28T01:52:41.578677,20.36,7.966446267707436,-3.6230242777285655,0.0,-0.09461232995532945,0.0,0.0,-0.047288522751680016,0.9988812720318485,2.58862547635472e-10,3.81337735215445e-05,0.0,0.0,0.0,4.3739521670476306e-29
2026-08-28T01:52:41.660059,20.38,7.966446267706879,-3.6230242777285557,0.0,-0.09461249790872198,0.0,0.0,-0.047288606634429034,0.9988812680607111,2.401584801082254e-11,3.5990882973341964e-05,0.0,0.0,0.0,1.6960135682606604e-27
2026-08-28T01:52:41.746161,20.4,7.96644626770669,-3.6230242777285797,0.0,-0.09461265476634352,0.0,0.0,-0.04728868497549885,0.9988812643519188,-5.708941987237297e-12,3.3892089680145776e-05,0.0,0.0,0.0,8.766320791408947e-24
2026-08-28T01:52:41.835115,20.42,7.96644626770684,-3.6230242777286352,0.0,-0.09461280028040697,0.0,0.0,-0.04728875765113458,0.9988812609113319,1.3146803039113843e-10,3.183672747734436e-05,0.0,0.0,0.0,-1.919875404631215e-26
2026-08-28T01:52:41.934171,20.44,7.966446267708206,-3.6230242777288058,0.0,-0.09461293609447541,0.0,0.0,-0.04728882548219843,0.9988812577000903,6.721146184095542e-10,2.9824107105074705e-05,0.0,0.0,0.0,1.6520277751842167e-27
2026-08-28T01:52:42.023979,20.46,7.9664462677079495,-3.6230242777288204,0.0,-0.09461306226966748,0.0,0.0,-0.04728888849921561,0.9988812547167499,3.504938380272018e-10,2.7853574496513095e-05,0.0,0.0,0.0,-1.3314276015438377e-31
2026-08-28T01:52:42.109666,20.48,7.9664462677071315,-3.6230242777287818,0.0,-0.09461317817650583,0.0,0.0,-0.04728894638779959,0.9988812519761955,1.6259031793174668e-10,2.592449483062986e-05,0.0,0.0,0.0,4.380638417663513e-29
2026-08-28T01:52:42.195905,20.5,7.966446267707167,-3.6230242777288226,0.0,-0.09461328496768086,0.0,0.0,-0.047288999723650825,0.9988812494511731,1.7231754560851232e-10,2.4036212239983846e-05,0.0,0.0,0.0,-4.4008554102204947e-29
2026-08-28T01:52:42.285339,20.52,7.96644626770697,-3.623024277728841,0.0,-0.09461338245668172,0.0,0.0,-0.047289048413618265,0.9988812471460932,1.2160624920644304e-10,2.2188100926851964e-05,0.0,0.0,0.0,1.696064915481369e-27
2026-08-28T01:52:42.369194,20.54,7.966446267707143,-3.623024277728894,0.0,-0.09461347159031512,0.0,0.0,-0.04728909293057565,0.9988812450385698,1.3730926955884439e-10,2.0379525081311306e-05,0.0,0.0,0.0,1.696003503789927e-27
2026-08-28T01:52:42.456847,20.56,7.966446267706619,-3.62302427772888,0.0,-0.09461355217161185,0.0,0.0,-0.04728913317614862,0.9988812431332608,-7.618984717623232e-11,1.860987502374428e-05,0.0,0.0,0.0,5.881563535799524e-32
2026-08-28T01:52:42.537315,20.58,7.966446267706537,-3.623024277728907,0.0,-0.09461362476761524,0.0,0.0,-0.04728916943354167,0.9988812414167592,-8.60155156736514e-11,1.687853694914319e-05,0.0,0.0,0.0,1.6960892405105007e-27
2026-08-28T01:52:42.628122,20.6,7.966446267706602,-3.6230242777289465,0.0,-0.09461368984545618,0.0,0.0,-0.047289201936058886,0.99888123987802,-3.990911295420575e-11,1.518490665555681e-05,0.0,0.0,0.0,1.6960187899532406e-27
2026-08-28T01:52:42.717363,20.62,7.966446267706424,-3.623024277728963,0.0,-0.09461374740810147,0.0,0.0,-0.047289230685182135,0.9988812385169739,-7.854561551406784e-11,1.3528394678689694e-05,0.0,0.0,0.0,1.789181663139944e-27
2026-08-28T01:52:42.806195,20.64,7.966446267706787,-3.62302427772903,0.0,-0.09461379795254343,0.0,0.0,-0.04728925592912951,0.9988812373218696,8.79582762961656e-11,1.1908411733171615e-05,0.0,0.0,0.0,1.6520910488684036e-27
2026-08-28T01:52:42.895333,20.66,7.966446267707056,-3.6230242777290873,0.0,-0.0946138416527438,0.0,0.0,-0.0472892777547846,0.9988812362885945,1.835567262558702e-10,1.0324380943958108e-05,0.0,0.0,0.0,1.6960367038304563e-27
2026-08-28T01:52:42.976421,20.68,7.966446267707099,-3.623024277729123,0.0,-0.09461387892354664,0.0,0.0,-0.04728929636933742,0.9988812354073396,1.1898780277860756e-10,8.775729350421209e-06,0.0,0.0,0.0,1.6960131543667943e-27
2026-08-28T01:52:43.056326,20.7,7.966446267706695,-3.6230242777291144,0.0,-0.09461390974892894,0.0,0.0,-0.04728931176478537,0.9988812346784841,1.4460250411252329e-11,7.261897599118745e-06,0.0,0.0,0.0,1.6960661984398387e-27
2026-08-28T01:52:43.153143,20.72,7.966446267707294,-3.623024277729201,0.0,-0.09461393468705559,0.0,0.0,-0.047289324219898746,0.9988812340888307,2.833951379772534e-10,5.782325423970071e-06,0.0,0.0,0.0,1.6960091486638312e-27
2026-08-28T01:52:43.238883,20.74,7.966446267707271,-3.623024277729228,0.0,-0.09461395378299198,0.0,0.0,-0.047289333757185,0.9988812336373136,2.722566472127593e-10,4.336467088703351e-06,0.0,0.0,0.0,1.6960276357552934e-27
2026-08-28T01:52:43.339017,20.76,7.96644626770751,-3.623024277729279,0.0,-0.09461396733777547,0.0,0.0,-0.04728934052699443,0.9988812333168153,3.3344413639729495e-10,2.923780336989048e-06,0.0,0.0,0.0,1.7891731548674918e-27
2026-08-28T01:52:43.427482,20.78,7.966446267707529,-3.6230242777293085,0.0,-0.09461397562449969,0.0,0.0,-0.04728934466572108,0.9988812331208784,2.812455017681993e-10,1.5437304062777827e-06,0.0,0.0,0.0,1.6521128501439477e-27
2026-08-28T01:52:43.507121,20.8,7.9664462677068135,-3.623024277729268,0.0,-0.09461397879819745,0.0,0.0,-0.04728934625079464,0.9988812330458373,1.255703263080204e-11,1.9579111019891498e-07,0.0,0.0,0.0,1.6960542592329895e-27
2026-08-28T01:52:43.591843,20.82,7.9664462677073375,-3.623024277729344,0.0,-0.09461397712731756,0.0,0.0,-0.04728934541628936,0.9988812330853448,2.8971891566039777e-10,-1.1205583616885215e-06,0.0,0.0,0.0,1.696050104256557e-27
2026-08-28T01:52:43.687429,20.84,7.966446267708468,-3.623024277729477,0.0,-0.0946139707746334,0.0,0.0,-0.04728934224350087,0.9988812332355519,7.876554909062687e-10,-2.405830610568018e-06,0.0,0.0,0.0,1.696060961258869e-27
2026-08-28T01:52:43.793807,20.86,7.966446267707737,-3.623024277729433,0.0,-0.09461395998843744,0.0,0.0,-0.04728933685643652,0.998881233490588,3.061585321741979e-10,-3.6605326312924134e-06,0.0,0.0,0.0,1.6960647266202465e-27
2026-08-28T01:52:43.879459,20.88,7.96644626770672,-3.6230242777293613,0.0,-0.09461394502523791,0.0,0.0,-0.047289329383206895,0.9988812338443878,-1.2552677847225925e-11,-4.8851647984655605e-06,0.0,0.0,0.0,-1.8656455498548608e-26
2026-08-28T01:52:43.969409,20.9,7.966446267706064,-3.6230242777293227,0.0,-0.09461392609039132,0.0,0.0,-0.04728931992637544,0.9988812342920959,-2.933318669884853e-10,-6.080220188932161e-06,0.0,0.0,0.0,-8.763076727084594e-24
2026-08-28T01:52:44.064754,20.92,7.966446267705827,-3.623024277729324,0.0,-0.09461390331215067,0.0,0.0,-0.04728930854999688,0.9988812348306796,-3.344126967800166e-10,-7.246184421461191e-06,0.0,0.0,0.0,1.739864891954278e-27
2026-08-28T01:52:44.150970,20.94,7.966446267705819,-3.6230242777293458,0.0,-0.09461387689280308,0.0,0.0,-0.047289295355101596,0.9988812354553558,-2.844294309356076e-10,-8.383537627930028e-06,0.0,0.0,0.0,1.6960357083018752e-27
2026-08-28T01:52:44.239558,20.96,7.966446267705134,-3.6230242777293027,0.0,-0.09461384708317365,0.0,0.0,-0.047289280466961854,0.9988812361601939,-7.003126690748387e-10,-9.492754101775919e-06,0.0,0.0,0.0,8.766813860362364e-24
2026-08-28T01:52:44.323747,20.98,7.966446267704922,-3.6230242777293054,0.0,-0.09461381415060989,0.0,0.0,-0.047289264019101836,0.9988812369388723,-6.516297031047141e-10,-1.0574302012089327e-05,0.0,0.0,0.0,-8.784218182050994e-24
2026-08-28T01:52:44.412920,21.0,7.966446267706046,-3.6230242777294324,0.0,-0.09461377785352941,0.0,0.0,-0.04728924589086552,0.9988812377971034,-1.7197858573705666e-10,-1.1628637324517613e-05,0.0,0.0,0.0,1.6960281519416788e-27
2026-08-28T01:52:44.500770,21.02,7.966446267706643,-3.62302427772951,0.0,-0.09461373846733692,0.0,0.0,-0.04728922621980114,0.9988812387283748,3.690077877863216e-11,-1.2656216162153819e-05,0.0,0.0,0.0,1.6960578567263234e-27
2026-08-28T01:52:44.584087,21.04,7.966446267706888,-3.623024277729553,0.0,-0.09461369627517206,0.0,0.0,-0.04728920514732017,0.998881239725992,1.0834752442023116e-10,-1.3657488544768408e-05,0.0,0.0,0.0,1.6029060689224795e-27
2026-08-28T01:52:44.669284,21.06,7.9664462677075925,-3.62302427772964,0.0,-0.09461365136502312,0.0,0.0,-0.04728918271736754,0.9988812407878743,4.370077070125957e-10,-1.463289622722736e-05,0.0,0.0,0.0,1.739902768204113e-27
2026-08-28T01:52:44.762783,21.08,7.966446267707588,-3.623024277729659,0.0,-0.09461360359903105,0.0,0.0,-0.04728915886109082,0.9988812419172814,2.5406319412103924e-10,-1.558287250022563e-05,0.0,0.0,0.0,1.696120977666648e-27
2026-08-28T01:52:44.860221,21.1,7.966446267707212,-3.6230242777296415,0.0,-0.09461355382088277,0.0,0.0,-0.047289133999861524,0.9988812430942645,3.079044783894924e-10,-1.650785581962641e-05,0.0,0.0,0.0,8.766764659819843e-24
2026-08-28T01:52:44.954253,21.12,7.966446267708331,-3.623024277729766,0.0,-0.09461350138355898,0.0,0.0,-0.04728910781053191,0.998881244334122,7.516948355001246e-10,-1.7408262194240982e-05,0.0,0.0,0.0,-8.784168589217084e-24
2026-08-28T01:52:45.045684,21.14,7.966446267707776,-3.623024277729731,0.0,-0.09461344696818763,0.0,0.0,-0.047289080633284984,0.9988812456207488,3.498895645871053e-10,-1.8284516573735894e-05,0.0,0.0,0.0,5.368348032077613e-32
2026-08-28T01:52:45.138412,21.16,7.966446267707107,-3.6230242777296846,0.0,-0.09461339054462183,0.0,0.0,-0.04728905245306411,0.9988812469548577,1.2971266812392135e-10,-1.913703034662572e-05,0.0,0.0,0.0,1.696131602658351e-27
2026-08-28T01:52:45.218895,21.18,7.966446267706513,-3.623024277729645,0.0,-0.09461333276189032,0.0,0.0,-0.04728902359402065,0.9988812483211026,-2.987327337506307e-11,-1.9966216482353502e-05,0.0,0.0,0.0,-4.386993301089493e-29
2026-08-28T01:52:45.310466,21.2,7.96644626770631,-3.6230242777296415,0.0,-0.09461327292578091,0.0,0.0,-0.0472889937094368,0.9988812497358978,-2.335185098133012e-10,-2.0772468212959828e-05,0.0,0.0,0.0,4.3823495121069204e-29
2026-08-28T01:52:45.413641,21.22,7.966446267705663,-3.623024277729596,0.0,-0.09461321179869753,0.0,0.0,-0.04728896318008805,0.9988812511812164,-3.6362081154797145e-10,-2.1556188699501186e-05,0.0,0.0,0.0,1.695987712756535e-27
2026-08-28T01:52:45.505299,21.24,7.96644626770543,-3.6230242777295896,0.0,-0.09461314942854228,0.0,0.0,-0.047288932029898666,0.9988812526559259,-5.053200482292748e-10,-2.2317768047819862e-05,0.0,0.0,0.0,8.766764432106611e-24
2026-08-28T01:52:45.600481,21.26,7.9664462677065595,-3.6230242777297113,0.0,-0.09461308523734235,0.0,0.0,-0.04728889997020556,0.998881254173692,1.0152259825049964e-10,-2.3057585048211296e-05,0.0,0.0,0.0,-8.784168725682906e-24
2026-08-28T01:52:45.686367,21.28,7.966446267707471,-3.6230242777298125,0.0,-0.09461301924274725,0.0,0.0,-0.04728886700982356,0.9988812557340974,3.9691650194437905e-10,-2.377601945611752e-05,0.0,0.0,0.0,1.6963180844860224e-27
2026-08-28T01:52:45.770947,21.3,7.966446267707455,-3.623024277729825,0.0,-0.09461295207078901,0.0,0.0,-0.047288833461418545,0.9988812573223397,3.466148028319349e-10,-2.4473451647175992e-05,0.0,0.0,0.0,1.696188602057283e-27
2026-08-28T01:52:45.861629,21.32,7.966446267706858,-3.6230242777297823,0.0,-0.09461288382139976,0.0,0.0,-0.04728879937490064,0.9988812589360562,2.4856859199260967e-11,-2.5150251401150624e-05,0.0,0.0,0.0,1.789246646853157e-27
2026-08-28T01:52:45.945433,21.34,7.966446267705793,-3.6230242777296944,0.0,-0.09461281487404083,0.0,0.0,-0.047288764939788265,0.9988812605662745,-3.8847022086206835e-10,-2.580678599573384e-05,0.0,0.0,0.0,1.6520883460421133e-27
2026-08-28T01:52:46.036561,21.36,7.966446267704698,-3.623024277729603,0.0,-0.09461274578963907,0.0,0.0,-0.04728873043623109,0.9988812621997318,-8.237619903155198e-10,-2.6443419132201464e-05,0.0,0.0,0.0,-3.111095305097816e-31
2026-08-28T01:52:46.130026,21.38,7.9664462677052885,-3.6230242777296713,0.0,-0.09461267582393651,0.0,0.0,-0.04728869549251641,0.9988812638540259,-4.5487204861039895e-10,-2.7060497491281777e-05,0.0,0.0,0.0,1.6958347478947337e-27
2026-08-28T01:52:46.215739,21.4,7.966446267706139,-3.623024277729764,0.0,-0.09461260433550313,0.0,0.0,-0.04728865978828803,0.9988812655443227,-1.8243237258038555e-10,-2.765836430125976e-05,0.0,0.0,0.0,1.6960380425548785e-27
2026-08-28T01:52:46.307951,21.42,7.966446267706527,-3.6230242777298125,0.0,-0.0946125327322691,0.0,0.0,-0.0472886240267235,0.9988812672373325,5.745815140275083e-11,-2.8237376619773404e-05,0.0,0.0,0.0,1.6959045444640576e-27
2026-08-28T01:52:46.397794,21.44,7.966446267707375,-3.6230242777299044,0.0,-0.0946124594127089,0.0,0.0,-0.047288587407955864,0.9988812689709223,2.2344627455825675e-10,-2.8797859401746455e-05,0.0,0.0,0.0,1.6961355599073806e-27
2026-08-28T01:52:46.486845,21.46,7.966446267706337,-3.6230242777298174,0.0,-0.09461238561610322,0.0,0.0,-0.04728855055093225,0.9988812707157902,-1.9919894181960433e-10,-2.934015841354335e-05,0.0,0.0,0.0,1.7892477802343215e-27
2026-08-28T01:52:46.581944,21.48,7.9664462677055505,-3.623024277729753,0.0,-0.09461231215888155,0.0,0.0,-0.04728851386341077,0.9988812724526324,-3.693185473424305e-10,-2.986461039110045e-05,0.0,0.0,0.0,1.6520379740224133e-27
2026-08-28T01:52:46.676824,21.5,7.966446267706131,-3.6230242777298187,0.0,-0.09461223802426669,0.0,0.0,-0.04728847683757151,0.9988812742054896,-1.1056241480748548e-10,-3.0371531620279104e-05,0.0,0.0,0.0,1.6960809497516088e-27
2026-08-28T01:52:46.774005,21.52,7.9664462677068695,-3.6230242777298987,0.0,-0.09461216357694148,0.0,0.0,-0.047288439655551955,0.9988812759657392,2.0878282287165213e-10,-3.0861245983288786e-05,0.0,0.0,0.0,1.6960945421513237e-27
2026-08-28T01:52:46.859878,21.54,7.966446267707346,-3.6230242777299533,0.0,-0.09461208854414903,0.0,0.0,-0.0472884021811262,0.9988812777398304,2.599050628036316e-10,-3.133406735403814e-05,0.0,0.0,0.0,1.696067789186225e-27
2026-08-28T01:52:46.949137,21.56,7.966446267706817,-3.623024277729912,0.0,-0.09461201267670559,0.0,0.0,-0.04728836428984175,0.9988812795336547,-2.8754479442579146e-11,-3.17903054675075e-05,0.0,0.0,0.0,1.696224097472244e-27
2026-08-28T01:52:47.039962,21.58,7.966446267705989,-3.6230242777298427,0.0,-0.09461193780908593,0.0,0.0,-0.047288326897909856,0.9988812813038377,-1.541600869989267e-10,-3.223028245327682e-05,0.0,0.0,0.0,1.696023068101896e-27
2026-08-28T01:52:47.137899,21.6,7.9664462677059396,-3.6230242777298463,0.0,-0.09461186278152889,0.0,0.0,-0.047288289426098654,0.9988812830778008,-3.289493574179427e-10,-3.265429141839075e-05,0.0,0.0,0.0,1.7890169823294316e-27
2026-08-28T01:52:47.250263,21.62,7.966446267706193,-3.623024277729879,0.0,-0.09461178779177981,0.0,0.0,-0.047288251973170235,0.9988812848508686,-1.024996055778082e-10,-3.3062632536182154e-05,0.0,0.0,0.0,1.6520501766235182e-27
2026-08-28T01:52:47.340567,21.64,7.96644626770739,-3.6230242777300004,0.0,-0.09461171242902068,0.0,0.0,-0.04728821433394536,0.9988812866327544,4.283201409380818e-10,-3.3455597028631046e-05,0.0,0.0,0.0,1.6961474579834435e-27
2026-08-28T01:52:47.424090,21.66,7.966446267707533,-3.6230242777300217,0.0,-0.09461163663304231,0.0,0.0,-0.04728817647835312,0.9988812884248819,2.555652725306102e-10,-3.383347463990586e-05,0.0,0.0,0.0,1.6960960586723366e-27
2026-08-28T01:52:47.510475,21.68,7.966446267706657,-3.6230242777299457,0.0,-0.09461156129111803,0.0,0.0,-0.0472881388495339,0.9988812902062724,-6.781235144405874e-11,-3.419655803736522e-05,0.0,0.0,0.0,8.766616672888446e-24
2026-08-28T01:52:47.597391,21.7,7.966446267706424,-3.62302427772993,0.0,-0.09461148616872393,0.0,0.0,-0.04728810133035691,0.9988812919824707,-5.3212032592459945e-11,-3.454512712846859e-05,0.0,0.0,0.0,1.652159911434476e-27
2026-08-28T01:52:47.687396,21.72,7.9664462677064485,-3.6230242777299395,0.0,-0.09461141130021478,0.0,0.0,-0.04728806393798029,0.9988812937526649,-3.4447770807730094e-11,-3.4879459850121404e-05,0.0,0.0,0.0,1.6960723266483253e-27
2026-08-28T01:52:47.774687,21.74,7.966446267706459,-3.6230242777299466,0.0,-0.09461133700311121,0.0,0.0,-0.04728802683098678,0.9988812955093472,-5.529641497229137e-11,-3.519983213058758e-05,0.0,0.0,0.0,1.695916318747958e-27
2026-08-28T01:52:47.868772,21.76,7.966446267707067,-3.623024277730011,0.0,-0.09461126229350957,0.0,0.0,-0.04728798951797492,0.9988812972757813,2.1012799505493e-10,-3.5506506702711455e-05,0.0,0.0,0.0,1.6961755219894536e-27
2026-08-28T01:52:47.951816,21.78,7.966446267707573,-3.623024277730065,0.0,-0.09461118802713742,0.0,0.0,-0.047287952426329806,0.9988812990317344,4.726045291063036e-10,-3.579975567698285e-05,0.0,0.0,0.0,1.696193861361553e-27
2026-08-28T01:52:48.042451,21.8,7.966446267708114,-3.623024277730122,0.0,-0.09461111338179508,0.0,0.0,-0.04728791514541151,0.9988813007966464,5.853703542398926e-10,-3.607983533350681e-05,0.0,0.0,0.0,8.768362336440986e-24
2026-08-28T01:52:48.130910,21.82,7.966446267707555,-3.6230242777300745,0.0,-0.09461103912697456,0.0,0.0,-0.047287878059535625,0.9988813025523235,3.2696624579922964e-10,-3.6347009218952326e-05,0.0,0.0,0.0,-8.782324579958307e-24
2026-08-28T01:52:48.220156,21.84,7.966446267707588,-3.6230242777300825,0.0,-0.09461096636366806,0.0,0.0,-0.047287841718582406,0.998881304272734,5.106861478295331e-10,-3.6601538992365826e-05,0.0,0.0,0.0,1.6961087574352674e-27
2026-08-28T01:52:48.317197,21.86,7.966446267707245,-3.6230242777300554,0.0,-0.09461089297438185,0.0,0.0,-0.04728780506498941,0.9988813060079439,1.0309803332843944e-11,-3.6843660790954574e-05,0.0,0.0,0.0,1.6960767819814764e-27
2026-08-28T01:52:48.417884,21.88,7.966446267706643,-3.6230242777300026,0.0,-0.09461082112357035,0.0,0.0,-0.047287769179773155,0.9988813077067767,1.3106530231509882e-10,-3.7073635966352784e-05,0.0,0.0,0.0,1.69611458072895e-27
2026-08-28T01:52:48.508742,21.9,7.966446267707444,-3.623024277730083,0.0,-0.09461074946311587,0.0,0.0,-0.0472877333896289,0.9988813094011076,3.772688274522422e-10,-3.729169878322433e-05,0.0,0.0,0.0,8.577226076957633e-32
2026-08-28T01:52:48.610512,21.92,7.966446267707677,-3.623024277730109,0.0,-0.09461067758973174,0.0,0.0,-0.04728769749313884,0.9988813111004717,3.792280093737558e-10,-3.749808648642218e-05,0.0,0.0,0.0,1.696271680743002e-27
2026-08-28T01:52:48.707277,21.94,7.966446267707184,-3.6230242777300665,0.0,-0.09461060629016282,0.0,0.0,-0.04728766188323537,0.9988813127862674,2.2875805352903181e-10,-3.7693040278995444e-05,0.0,0.0,0.0,8.766666289347672e-24
2026-08-28T01:52:48.806553,21.96,7.966446267707192,-3.623024277730071,0.0,-0.09461053639755157,0.0,0.0,-0.0472876269760237,0.9988813144387958,3.456588734316278e-10,-3.787679779510897e-05,0.0,0.0,0.0,-8.784070049684989e-24
2026-08-28T01:52:48.908406,21.98,7.966446267706989,-3.6230242777300554,0.0,-0.09461046602683122,0.0,0.0,-0.047287591830024844,0.9988813161026273,9.770291691542485e-12,-3.804957640450276e-05,0.0,0.0,0.0,1.696227667655004e-27
2026-08-28T01:52:49.013936,22.0,7.966446267706116,-3.623024277729976,0.0,-0.09461039786402245,0.0,0.0,-0.047287557786746766,0.9988813177142544,-1.0872796047967656e-10,-3.821161802226793e-05,0.0,0.0,0.0,-8.999937067218535e-32
2026-08-28T01:52:49.111160,22.02,7.966446267707004,-3.6230242777300634,0.0,-0.09461032971922559,0.0,0.0,-0.04728752375246447,0.9988813193254542,2.0524938179448688e-10,-3.836313160606773e-05,0.0,0.0,0.0,1.6960961068592336e-27
2026-08-28T01:52:49.207362,22.04,7.96644626770743,-3.6230242777301065,0.0,-0.09461026151204166,0.0,0.0,-0.04728748968702352,0.9988813209381281,3.362849885439178e-10,-3.850433587080125e-05,0.0,0.0,0.0,1.696280991252947e-27
2026-08-28T01:52:49.303473,22.06,7.9664462677077115,-3.6230242777301362,0.0,-0.094610193934058,0.0,0.0,-0.047287455935830704,0.9988813225359241,5.345592185589977e-10,-3.863545063908867e-05,0.0,0.0,0.0,3.4855091562438066e-31
2026-08-28T01:52:49.389243,22.08,7.966446267706908,-3.623024277730062,0.0,-0.09461012667821134,0.0,0.0,-0.047287422345526145,0.9988813241261025,-1.7121379258745652e-11,-3.875668641267167e-05,0.0,0.0,0.0,-8.78362623856568e-24
2026-08-28T01:52:49.481513,22.1,7.9664462677059635,-3.6230242777299755,0.0,-0.09461006149538999,0.0,0.0,-0.04728738979057466,0.9988813256672657,-1.7021411005940096e-10,-3.8868262003522605e-05,0.0,0.0,0.0,8.78627896891747e-24
2026-08-28T01:52:49.585940,22.12,7.9664462677067025,-3.623024277730047,0.0,-0.09460999729225118,0.0,0.0,-0.04728735772491644,0.9988813271852647,1.3470226530607008e-10,-3.897037696687002e-05,0.0,0.0,0.0,-9.623533081151682e-32
2026-08-28T01:52:49.681948,22.14,7.966446267707369,-3.6230242777301127,0.0,-0.09460993217818814,0.0,0.0,-0.047287325204305564,0.9988813287248002,2.393134615984432e-10,-3.9063223928046775e-05,0.0,0.0,0.0,1.696283781490988e-27
2026-08-28T01:52:49.774736,22.16,7.972022178232642,-3.623543116240376,0.0,-0.09460498624194269,0.0,0.0,-0.04728485500247665,0.9988814456617936,0.5599990274971105,-2.7128967081938898e-05,0.0,0.0,0.0,6.957486363803324e-16
2026-08-28T01:52:49.863381,22.18,7.984834126418153,-3.6248646549617343,0.0,-0.09547778957109988,0.0,0.0,-0.04772076401162833,0.9988607153563236,0.7279999734439886,-0.00014231775757135763,0.0,0.0,0.0,4.252263911452177e-18
2026-08-28T01:52:49.951589,22.2,7.999793421627843,-3.626636617730817,0.0,-0.0985148352404357,0.0,0.0,-0.04923750121369695,0.9987870986723002,0.7784002656987887,-0.0004492274762725803,0.0,0.0,0.0,3.2966833705319586e-18
2026-08-28T01:52:50.040133,22.22,8.015370521530214,-3.6287444124723756,0.0,-0.10304547505601616,0.0,0.0,-0.05149994524147778,0.9986729973520485,0.79352018623853,-0.0008897668943086168,0.0,0.0,0.0,-0.02493865115717301
2026-08-28T01:52:50.134338,22.24,8.031059182480213,-3.6311383545022586,0.0,-0.10880340341497563,0.0,0.0,-0.054374871629308985,0.998520592344142,0.7935200814924677,-0.0014368869867789741,0.0,0.0,0.0,-0.05486829821621583
2026-08-28T01:52:50.224659,22.26,8.046807821914559,-3.6338156146342424,0.0,-0.11548874205485848,0.0,0.0,-0.05771228578617799,0.9983332570185842,0.7994168275097657,-0.002066962497054685,0.0,0.0,0.0,-0.08981821908508536
2026-08-28T01:52:50.314857,22.28,8.062522416922466,-3.636760754257416,0.0,-0.12320117439539358,0.0,0.0,-0.06156163599195083,0.9981032837206751,0.7994168263440373,-0.0027532124246313094,0.0,0.0,0.0,-0.1265577785283531
2026-08-28T01:52:50.398942,22.3,8.078194495717577,-3.639971469851135,0.0,-0.13173787004853124,0.0,0.0,-0.06582131424910946,0.9978314259385299,0.7999475330441739,-0.0034858119791410704,0.0,0.0,0.0,-0.16401509709153525
2026-08-28T01:52:50.495121,22.32,8.093812408834568,-3.643443433139118,0.0,-0.14106000825127474,0.0,0.0,-0.07047154363482243,0.9975137901491514,0.7999842743563218,-0.004255037532665229,0.0,0.0,0.0,-0.2019296693666276
2026-08-28T01:52:50.585975,22.34,8.10937088619103,-3.647174291004848,0.0,-0.15112768146988964,0.0,0.0,-0.07549195100834365,0.9971464111819055,0.7999842739539498,-0.005055245175287289,0.0,0.0,0.0,-0.24014412445025446
2026-08-28T01:52:50.689272,22.36,8.12486574745273,-3.65116214268356,0.0,-0.16186068631582895,0.0,0.0,-0.08084202689803476,0.9967269268395519,0.7999986033118737,-0.0058821736475372375,0.0,0.0,0.0,-0.2786017428403968
2026-08-28T01:52:50.817869,22.38,8.140292934609903,-3.6554044286358787,0.0,-0.17324840246066883,0.0,0.0,-0.08651590744482124,0.9962504693896004,0.7999995955931309,-0.006732157563944702,0.0,0.0,0.0,-0.3172619687181536
2026-08-28T01:52:50.923754,22.4,8.155648460032221,-3.6598992328193685,0.0,-0.18527938608289896,0.0,0.0,-0.09250724250805342,0.9957120116196029,0.7999995953173367,-0.0076027100805654635,0.0,0.0,0.0,-0.35607540038167157
2026-08-28T01:52:51.029467,22.42,8.170928331707838,-3.6646448795007998,0.0,-0.19792347052219933,0.0,0.0,-0.09880028528267885,0.9951072824716244,0.7999998929147509,-0.008491317743192789,0.0,0.0,0.0,-0.39500830714809754
2026-08-28T01:52:51.126838,22.44,8.186128663782203,-3.6696394388797002,0.0,-0.21116785976790498,0.0,0.0,-0.10538786485437342,0.9944311931659406,0.7999999823107553,-0.009395601600177633,0.0,0.0,0.0,-0.4340242488447981
2026-08-28T01:52:51.228479,22.46,8.201245602701194,-3.6748809958023525,0.0,-0.22499525052856573,0.0,0.0,-0.1122604857123766,0.9936788129710834,0.8000000170695865,-0.010313406399015795,0.0,0.0,0.0,-0.4730790353140906
2026-08-28T01:52:51.332038,22.48,8.216275322471478,-3.680367642676916,0.0,-0.23941025285441556,0.0,0.0,-0.1194194490590951,0.9928438926570593,0.8000000173746905,-0.011242305344131653,0.0,0.0,0.0,-0.5121287858873158
2026-08-28T01:52:51.416277,22.5,8.231213927102731,-3.6860977278500067,0.0,-0.2543958927699466,0.0,0.0,-0.12685522775547814,0.9919212424336449,0.8000000206121675,-0.012180053907645285,0.0,0.0,0.0,-0.5511256686848445
2026-08-28T01:52:51.504768,22.52,8.246057582805056,-3.692069467509739,0.0,-0.26995078443162773,0.0,0.0,-0.13456592708049264,0.9909046428738577,0.8000000213169504,-0.013123921541512165,0.0,0.0,0.0,-0.5900230459409233
2026-08-28T01:52:51.587859,22.54,8.260802002744436,-3.6982821749606996,0.0,-0.28616902871441635,0.0,0.0,-0.14259678143598425,0.9897808635875408,0.8000000216596072,-0.014071830234709377,0.0,0.0,0.0,-0.6421259836727763
2026-08-28T01:52:51.677298,22.56,8.275440735096875,-3.704739963155651,0.0,-0.30312124924031375,0.0,0.0,-0.15098105035321702,0.9885366571019202,0.8000000218380855,-0.0150227815657828,0.0,0.0,0.0,-0.6805030700515637
2026-08-28T01:52:51.763876,22.58,8.289969257412357,-3.7114420188251485,0.0,-0.32062779941230607,0.0,0.0,-0.15962808911426238,0.987177224800962,0.8000000221048416,-0.015973450625897456,0.0,0.0,0.0,-0.7186343524352575
2026-08-28T01:52:51.861930,22.6,8.304383439505614,-3.7183865749249003,0.0,-0.33868142682592417,0.0,0.0,-0.16853252952855854,0.9856960923584437,0.8000000220725159,-0.016920606399204747,0.0,0.0,0.0,-0.7564737515322546
2026-08-28T01:52:51.956535,22.62,8.318679130020024,-3.7255718883030537,0.0,-0.35727393540797564,0.0,0.0,-0.17768839680790952,0.9840868018827581,0.8000000223254673,-0.0178609399511153,0.0,0.0,0.0,-0.7939128371316442
2026-08-28T01:52:52.042050,22.64,8.332852184944098,-3.7329961730828467,0.0,-0.37639039780019967,0.0,0.0,-0.1870862660294027,0.9823434883294008,0.8000000226933434,-0.018790742343473294,0.0,0.0,0.0,-0.8308830285185194
2026-08-28T01:52:52.129525,22.66,8.346898470414411,-3.740657591599582,0.0,-0.3959517956741125,0.0,0.0,-0.1966851702966454,0.9804666969282433,0.8000000150461432,-0.01970892012912734,0.0,0.0,0.0,-0.8421536346501204
2026-08-28T01:52:52.214181,22.68,8.36081372293938,-3.7485545023715607,0.0,-0.4154183375148057,0.0,0.0,-0.20621885104115653,0.9785058944509559,0.800000008521873,-0.020616181695321718,0.0,0.0,0.0,-0.843768510576007
2026-08-28T01:52:52.323025,22.7,8.374593733118324,-3.7566851083927038,0.0,-0.4347248925854465,0.0,0.0,-0.21565488505243322,0.9764696465088005,0.8000000071802345,-0.021509471460401917,0.0,0.0,0.0,-0.8455262369410571
2026-08-28T01:52:52.415847,22.72,8.388234287404227,-3.765047565872692,0.0,-0.45389280674009636,0.0,0.0,-0.2250032808512983,0.9743580058716363,0.8000000067485806,-0.02238890515143632,0.0,0.0,0.0,-0.8471995699834607
2026-08-28T01:52:52.499897,22.74,8.401731198201178,-3.773639934443646,0.0,-0.4729354300124906,0.0,0.0,-0.23427010809884702,0.9721715468225526,0.8000000063703807,-0.0232556522764952,0.0,0.0,0.0,-0.8487666900793147
2026-08-28T01:52:52.584133,22.76,8.415080346768919,-3.78246011713582,0.0,-0.4918504086312403,0.0,0.0,-0.24345379608585985,0.9699124956259635,0.8000000065111688,-0.02411027446139191,0.0,0.0,0.0,-0.8502411474504896
2026-08-28T01:52:52.674946,22.78,8.428277687560463,-3.791505865450301,0.0,-0.5106767466058098,0.0,0.0,-0.25257282561298466,0.9675778871811163,0.8000000060747752,-0.024954063963083927,0.0,0.0,0.0,-0.8516325809721789
2026-08-28T01:52:52.764895,22.8,8.44131904922415,-3.800775074574178,0.0,-0.5294097465483335,0.0,0.0,-0.26162443215762754,0.9651697552753086,0.8000000066794526,-0.025787256803697232,0.0,0.0,0.0,-0.8529441662925493
2026-08-28T01:52:52.851632,22.82,8.454200428943796,-3.810265353871742,0.0,-0.5480449360509628,0.0,0.0,-0.27060600596130757,0.9626901835677295,0.8000000065812335,-0.026610452398653565,0.0,0.0,0.0,-0.8541935541409906
2026-08-28T01:52:52.944563,22.84,8.466914365969837,-3.819978762388301,0.0,-0.5668327650786629,0.0,0.0,-0.27963736243154547,0.9601056949796353,0.8000000044426202,-0.027428638842437358,0.0,0.0,0.0,-0.9173505913155718
2026-08-28T01:52:53.031268,22.86,8.479435114854354,-3.8299399093192403,0.0,-0.5870130648821275,0.0,0.0,-0.2893105734553527,0.9572352856466037,0.8000000069646407,-0.028257847333443734,0.0,0.0,0.0,-0.9877576514084019
2026-08-28T01:52:53.111876,22.88,8.491754150014307,-3.840149462390574,0.0,-0.6082503893248877,0.0,0.0,-0.2994586300055424,0.9541092856246625,0.8000000106366296,-0.029082259546619638,0.0,0.0,0.0,-0.9999964970379004
2026-08-28T01:52:53.200417,22.9,8.50386654397758,-3.850603337895939,0.0,-0.6295260692524568,0.0,0.0,-0.30959115671190307,0.9508697679944325,0.8000000086110941,-0.029900306173936027,0.0,0.0,0.0,-0.9999965007159732
2026-08-28T01:52:53.298440,22.92,8.515767451974028,-3.8612973544271187,0.0,-0.6507213357794273,0.0,0.0,-0.3196505522692175,0.9475355003555193,0.8000000083099713,-0.030710475862606314,0.0,0.0,0.0,-0.9999965023080358
2026-08-28T01:52:53.384961,22.94,8.527452113797816,-3.8722272345181783,0.0,-0.6718427627742409,0.0,0.0,-0.32963919227864213,0.9441069870061785,0.800000008481977,-0.03151249313129602,0.0,0.0,0.0,-0.9999965037039948
2026-08-28T01:52:53.479947,22.96,8.538915855738493,-3.8833886063618066,0.0,-0.6928952535815062,0.0,0.0,-0.3395586484429234,0.9405848841373198,0.8000000086395156,-0.03230660372718598,0.0,0.0,0.0,-0.9999965050248099
2026-08-28T01:52:53.566257,22.98,8.550154092452987,-3.8947770055588617,0.0,-0.7138837992430456,0.0,0.0,-0.34941052407623696,0.936969735725103,0.8000000092916483,-0.033092754053131876,0.0,0.0,0.0,-0.9999965065227638
2026-08-28T01:52:53.654601,23.0,8.561162328795579,-3.9063878769008875,0.0,-0.7348127217541252,0.0,0.0,-0.3591960977108182,0.93326210862186,0.8000000095616855,-0.033870992681617126,0.0,0.0,0.0,-0.9999965092517739
2026-08-28T01:52:53.744194,23.02,8.571936161617026,-3.918216576192834,0.0,-0.7556850804969586,0.0,0.0,-0.3689160511444528,0.9294627196439799,0.8000000090727732,-0.034641825234302884,0.0,0.0,0.0,-0.9999965006674562
2026-08-28T01:52:53.828170,23.04,8.582471281529445,-3.930258372114078,0.0,-0.776504279743238,0.0,0.0,-0.3785712235376741,0.9255721628858489,0.8000000088499948,-0.03540541081915081,0.0,0.0,0.0,-0.9999965001169483
2026-08-28T01:52:53.923076,23.06,8.59276347462627,-3.942508448107768,0.0,-0.7972741760081228,0.0,0.0,-0.3881626559416693,0.9215908813200732,0.8000000088402724,-0.03616149426162277,0.0,0.0,0.0,-0.9999965033435687
2026-08-28T01:52:54.021835,23.08,8.602808624166842,-3.9549619043063116,0.0,-0.8179980105482438,0.0,0.0,-0.397691095329749,0.9175193691118594,0.8000000090467846,-0.03690998257258922,0.0,0.0,0.0,-0.9999965043835365
2026-08-28T01:52:54.119462,23.1,8.612602712225424,-3.967613759493485,0.0,-0.8386787140207109,0.0,0.0,-0.40715713831276007,0.9133581251190378,0.8000000093982634,-0.037650807258600226,0.0,0.0,0.0,-0.9999965048582263
2026-08-28T01:52:54.204097,23.12,8.622141821296834,-3.980458953095357,0.0,-0.8593188388805504,0.0,0.0,-0.416561202193912,0.9091076750455706,0.8000000094218759,-0.038383979871490274,0.0,0.0,0.0,-0.9999965050292486
2026-08-28T01:52:54.292055,23.14,8.631422135864385,-3.9934923472054606,0.0,-0.8799205081797359,0.0,0.0,-0.4259035045512747,0.9047685918570242,0.8000000093137971,-0.03910964111263528,0.0,0.0,0.0,-0.9999965049279584
2026-08-28T01:52:54.380918,23.16,8.640439943926532,-4.006708728640534,0.0,-0.9004859382576256,0.0,0.0,-0.4351843021182012,0.9003413925783342,0.800000009094265,-0.03982778003990477,0.0,0.0,0.0,-0.9999965044468648
2026-08-28T01:52:54.467113,23.18,8.649191638480556,-4.020102811024586,0.0,-0.9210173562445978,0.0,0.0,-0.4444038518112386,0.8958265549174877,0.8000000091250075,-0.0405382821734628,0.0,0.0,0.0,-0.9999965031622031
2026-08-28T01:52:54.556245,23.2,8.657673718965073,-4.033669236902977,0.0,-0.9415167357493351,0.0,0.0,-0.45356229182970875,0.8912245774383594,0.8000000088909074,-0.04124108825891254,0.0,0.0,0.0,-0.9999964989615799
2026-08-28T01:52:54.656680,23.22,8.66588279266082,-4.047402579886009,0.0,-0.9619858705100605,0.0,0.0,-0.462659676287881,0.886535968778026,0.8000000087339547,-0.04193616272988231,0.0,0.0,0.0,-0.9999965242628756
2026-08-28T01:52:54.743592,23.24,8.673815576048241,-4.0612973468202656,0.0,-0.9824266834690057,0.0,0.0,-0.47169611276230883,0.8817611792344496,0.8000000086598391,-0.0426233192547395,0.0,0.0,0.0,-0.9999965212204881
2026-08-28T01:52:54.837550,23.26,8.681468896119927,-4.0753479799845636,0.0,-1.0028411726582096,0.0,0.0,-0.4806717362189783,0.8769006112440754,0.8000000090541554,-0.04330224990213755,0.0,0.0,0.0,-0.9999965151553699
2026-08-28T01:52:54.929733,23.28,8.688839691649134,-4.0895488593118525,0.0,-1.0232301984648569,0.0,0.0,-0.4895861785383422,0.8719549149951633,0.800000008862107,-0.0439732680324998,0.0,0.0,0.0,-0.9999965141671309
2026-08-28T01:52:55.016313,23.3,8.695925014416677,-4.103894304640936,0.0,-1.0435958694969514,0.0,0.0,-0.4984396161621146,0.866924419450833,0.8000000090654956,-0.04463587838993602,0.0,0.0,0.0,-0.9999965158795779
2026-08-28T01:52:55.124753,23.32,8.702722030387054,-4.11837857798353,0.0,-1.063938967454888,0.0,0.0,-0.5072316441438339,0.8618097581132063,0.8000000089745685,-0.045290336534252795,0.0,0.0,0.0,-0.9999964260252161
2026-08-28T01:52:55.220830,23.34,8.70922802084518,-4.132995885824535,0.0,-1.0842608455020404,0.0,0.0,-0.515962105605037,0.8566114087377174,0.8000000087845422,-0.04593650630614074,0.0,0.0,0.0,-0.9999965037951162
2026-08-28T01:52:55.311546,23.36,8.715440383481374,-4.147740381435292,0.0,-1.104562746493869,0.0,0.0,-0.5246307936754433,0.8513298598824515,0.8000000086789244,-0.04657427456571128,0.0,0.0,0.0,-0.9999965067678406
2026-08-28T01:52:55.397403,23.38,8.721356633433816,-4.162606167214928,0.0,-1.1248458431649906,0.0,0.0,-0.5332374694301579,0.8459656028443009,0.8000000088717792,-0.04720352853712731,0.0,0.0,0.0,-0.9999965076083354
2026-08-28T01:52:55.482344,23.4,8.72697440428162,-4.177587297047885,0.0,-1.1451116471288332,0.0,0.0,-0.5417820342420986,0.8405190226119178,0.8000000092816588,-0.04782390047273738,0.0,0.0,0.0,-0.9999965079906161
2026-08-28T01:52:55.577315,23.42,8.732291448989912,-4.192677778678907,0.0,-1.165360250795514,0.0,0.0,-0.5502637906537623,0.8349908746180119,0.8000000087059257,-0.04843588778711861,0.0,0.0,0.0,-0.9999965082104296
2026-08-28T01:52:55.678554,23.44,8.737305640812972,-4.207871576119224,0.0,-1.1855930543196795,0.0,0.0,-0.5586825925341484,0.829381553206558,0.8000000087739798,-0.04903913041592744,0.0,0.0,0.0,-0.9999965083619938
2026-08-28T01:52:55.767158,23.46,8.742014974141016,-4.223162612052763,0.0,-1.2058111190418201,0.0,0.0,-0.5670381483425398,0.8236915310504678,0.8000000090270973,-0.04963344954880113,0.0,0.0,0.0,-0.9999965084856788
2026-08-28T01:52:55.861371,23.48,8.74641756530306,-4.2385447702680095,0.0,-1.2260152077344824,0.0,0.0,-0.5753300419459951,0.8179213549201533,0.8000000090974903,-0.0502188301544556,0.0,0.0,0.0,-0.9999965086038954
2026-08-28T01:52:55.946673,23.5,8.750511653321459,-4.25401189810707,0.0,-1.2462062764797848,0.0,0.0,-0.5835579363182852,0.8120715085261544,0.8000000094215568,-0.05079510566019848,0.0,0.0,0.0,-0.9999965087356582
2026-08-28T01:52:56.044457,23.52,8.754295600615393,-4.269557808924477,0.0,-1.26638482661639,0.0,0.0,-0.5917213091989452,0.8061426004373459,0.8000000093112554,-0.051362384853938556,0.0,0.0,0.0,-0.999996508905203
2026-08-28T01:52:56.135260,23.54,8.757769052380002,-4.285176032938963,0.0,-1.2862540182133195,0.0,0.0,-0.5997006782725088,0.8002244038265096,0.8000000089285789,-0.05191978217586876,0.0,0.0,0.0,-0.9703532132969387
2026-08-28T01:52:56.222629,23.56,8.760937603026589,-4.300858961901795,0.0,-1.305815058067419,0.0,0.0,-0.6074984811944243,0.7943208390483455,0.8000000090049189,-0.052466930325027514,0.0,0.0,0.0,-0.9703532140507996
2026-08-28T01:52:56.320920,23.58,8.763801215389849,-4.316600426199851,0.0,-1.3253654117035745,0.0,0.0,-0.6152339599413612,0.7883445785536116,0.8000000086434425,-0.053005156800369185,0.0,0.0,0.0,-0.9703532151633334
2026-08-28T01:52:56.406831,23.6,8.766358810960728,-4.3323944972044535,0.0,-1.344905789242149,0.0,0.0,-0.62290674891692,0.7822960962153354,0.8000000084284197,-0.05353435999039609,0.0,0.0,0.0,-0.970353217918736
2026-08-28T01:52:56.499441,23.62,8.768609426484884,-4.348235226473769,0.0,-1.3644370384455808,0.0,0.0,-0.6305165352222833,0.7761758169456757,0.8000000086147874,-0.05405432723218327,0.0,0.0,0.0,-0.970353188936196
2026-08-28T01:52:56.583000,23.64,8.770557318526025,-4.364116047046873,0.0,-1.38281241617839,0.0,0.0,-0.6376210848986342,0.7703501490184115,0.8000000077406095,-0.05456043496185797,0.0,0.0,0.0,-0.8418666464038154
2026-08-28T01:52:56.669285,23.66,8.772232446581725,-4.380027973709019,0.0,-1.399749328247669,0.0,0.0,-0.6441218200122362,0.7649229248650641,0.8000000069272082,-0.05505047933635207,0.0,0.0,0.0,-0.8418665811910095
2026-08-28T01:52:56.764196,23.68,8.7736394343301,-4.3959658483985296,0.0,-1.4166786263923394,0.0,0.0,-0.6505734712007621,0.7594433214992354,0.8000000066151625,-0.055531639160017215,0.0,0.0,0.0,-0.8418665835087813
2026-08-28T01:52:56.854092,23.7,8.774777882894384,-4.411925152863049,0.0,-1.4336006089043676,0.0,0.0,-0.6569757512275384,0.7539117072303703,0.8000000060389483,-0.05600401812187266,0.0,0.0,0.0,-0.8418665848495362
2026-08-28T01:52:56.941988,23.72,8.775647469534226,-4.427901362776631,0.0,-1.4505159244954213,0.0,0.0,-0.6633285051904936,0.7483283331544686,0.8000000058972713,-0.05646746624222666,0.0,0.0,0.0,-0.8418665855018395
2026-08-28T01:52:57.026302,23.74,8.776250344608233,-4.443889868744602,0.0,-1.4668436549821158,0.0,0.0,-0.6694155841310181,0.7428881313646947,0.8000000058195014,-0.056919400711217844,0.0,0.0,0.0,-0.7819109298700407
2026-08-28T01:52:57.118025,23.76,8.776600725829617,-4.459885909510621,0.0,-1.4825456284661973,0.0,0.0,-0.6752272984745621,0.7376097175300395,0.800000005759979,-0.05735955759127735,0.0,0.0,0.0,-0.7819109177696213
2026-08-28T01:52:57.209018,23.78,8.776700923665858,-4.475885473492448,0.0,-1.4982425260349008,0.0,0.0,-0.6809955348638382,0.7322875674866499,0.800000005967296,-0.05779066310357267,0.0,0.0,0.0,-0.7819108492417639
2026-08-28T01:52:57.310736,23.8,8.776550913610532,-4.491884647976013,0.0,-1.513934248774233,0.0,0.0,-0.6867199425578941,0.7269220869483074,0.8000000055920092,-0.05821304815044941,0.0,0.0,0.0,-0.7819109358227773
2026-08-28T01:52:57.410539,23.82,8.776150732348867,-4.507879520345451,0.0,-1.52962115723883,0.0,0.0,-0.6924003408978704,0.7215135258084306,0.8000000052748043,-0.05862671666592232,0.0,0.0,0.0,-0.7819109328363081
2026-08-28T01:52:57.494404,23.84,8.775501562544207,-4.523866227336142,0.0,-1.545031825091488,0.0,0.0,-0.6979392339794669,0.7161569839582345,0.8000000052218159,-0.05903039467466563,0.0,0.0,0.0,-0.7547640613606764
2026-08-28T01:52:57.587034,23.86,8.774610066454713,-4.539841257504374,0.0,-1.5601665763255421,0.0,0.0,-0.7033386274435159,0.7108549606958307,0.8000000052141248,-0.0594241181986808,0.0,0.0,0.0,-0.7547640617512742
2026-08-28T01:52:57.669982,23.88,8.773477532361147,-4.555801010656783,0.0,-1.5752976677609136,0.0,0.0,-0.7086964532735264,0.7055135272392192,0.80000000522774,-0.059809102511993874,0.0,0.0,0.0,-0.7547640624125884
2026-08-28T01:52:57.753091,23.9,8.772104218327724,-4.571741850117263,0.0,-1.590425358148987,0.0,0.0,-0.7140125247049595,0.7001329263535958,0.8000000052559741,-0.060185393261885226,0.0,0.0,0.0,-0.7547640634821079
2026-08-28T01:52:57.845713,23.92,8.77049043728518,-4.587660143520796,0.0,-1.6055497218474817,0.0,0.0,-0.7192865908751196,0.6947134662486747,0.8000000050650278,-0.06055316540816574,0.0,0.0,0.0,-0.7547640665412071
2026-08-28T01:52:57.937586,23.94,8.76863655695831,-4.6035522636402995,0.0,-1.6206714846069397,0.0,0.0,-0.7245186273360386,0.6892552202508897,0.8000000055424782,-0.060912117459613425,0.0,0.0,0.0,-0.7504185870728748
2026-08-28T01:52:58.026994,23.96,8.766543688921887,-4.619414681469616,0.0,-1.6357034148914096,0.0,0.0,-0.7296785329370621,0.6837903469418216,0.8000000054821579,-0.06126221433310649,0.0,0.0,0.0,-0.7504184828490945
2026-08-28T01:52:58.110214,23.98,8.764212995347041,-4.635243903289575,0.0,-1.6507327287337865,0.0,0.0,-0.7347963320375814,0.6782878079577404,0.8000000053476537,-0.06160394298646076,0.0,0.0,0.0,-0.7504184845151919
2026-08-28T01:52:58.199412,24.0,8.761645001219941,-4.651036363584378,0.0,-1.6657596967131443,0.0,0.0,-0.739871848247432,0.6727478340142976,0.8000000053478569,-0.06193731985186062,0.0,0.0,0.0,-0.7504184852330873
2026-08-28T01:52:58.292745,24.02,8.758840297127586,-4.666788507323121,0.0,-1.6807809790541621,0.0,0.0,-0.7449037004350808,0.6671719996208799,0.8000000047233206,-0.06226271909917351,0.0,0.0,0.0,-0.7501097921533173
2026-08-28T01:52:58.388829,24.04,8.755799234901938,-4.682496731163123,0.0,-1.6958813905052943,0.0,0.0,-0.7499197066850175,0.6615288606897338,0.8000000046667961,-0.0625803318515385,0.0,0.0,0.0,-0.7590949149620336
2026-08-28T01:52:58.479939,24.06,8.752520402555643,-4.698157049506051,0.0,-1.71107576562119,0.0,0.0,-0.7549237756185084,0.6558125441053229,0.8000000047127163,-0.0628903082225396,0.0,0.0,0.0,-0.7590949179433879
2026-08-28T01:52:58.559705,24.08,8.749004202709147,-4.713765785867411,0.0,-1.7262685298627383,0.0,0.0,-0.7598837490492187,0.6500589880394732,0.8000000047964841,-0.06319217820099816,0.0,0.0,0.0,-0.7587336424449734
2026-08-28T01:52:58.646070,24.1,8.745251546994144,-4.7293193673324,0.0,-1.741441102171282,0.0,0.0,-0.7647933690365237,0.6442756418473103,0.8000000050448961,-0.06348585559874334,0.0,0.0,0.0,-0.7575746832364955
2026-08-28T01:52:58.736638,24.12,8.741263624977137,-4.744814295692717,0.0,-1.756600700110351,0.0,0.0,-0.7696548322544883,0.6384602095568019,0.8000000050799796,-0.06377157768840977,0.0,0.0,0.0,-0.7564497506969926
2026-08-28T01:52:58.830516,24.14,8.737041044883751,-4.760246926343127,0.0,-1.7718566361701242,0.0,0.0,-0.7745025476728908,0.6325707894364089,0.800000005052824,-0.06405004889005873,0.0,0.0,0.0,-0.7700945037315736
2026-08-28T01:52:58.939033,24.16,8.732581842140306,-4.775612853582001,0.0,-1.7872555236826728,0.0,0.0,-0.7793499860695354,0.6265888597903853,0.8000000051934195,-0.06432165925343222,0.0,0.0,0.0,-0.7691776674640474
2026-08-28T01:52:59.031111,24.18,8.727886790731901,-4.790908366325341,0.0,-1.8026357671340232,0.0,0.0,-0.7841454387049359,0.6205770950963656,0.8000000055282231,-0.06458535471968242,0.0,0.0,0.0,-0.7683097141891453
2026-08-28T01:52:59.116060,24.2,8.722957265647374,-4.806129930256306,0.0,-1.8179984237300544,0.0,0.0,-0.7888891149541873,0.6145355679753605,0.8000000057622326,-0.06484132994718773,0.0,0.0,0.0,-0.7674997939466648
2026-08-28T01:52:59.209215,24.22,8.717794647734818,-4.821274025022116,0.0,-1.8333518506448239,0.0,0.0,-0.7935834368180001,0.6084614439782781,0.8000000053703489,-0.06509005247293875,0.0,0.0,0.0,-0.7667103668418656
2026-08-28T01:52:59.299256,24.24,8.712399689933305,-4.8363369127809355,0.0,-1.848826677265606,0.0,0.0,-0.7982675526830009,0.6023030087368753,0.8000000053914502,-0.06533210497093969,0.0,0.0,0.0,-0.7830156428780909
2026-08-28T01:52:59.395021,24.26,8.706770148349797,-4.851313706191995,0.0,-1.864483210592894,0.0,0.0,-0.8029580335957607,0.5960355662911646,0.8000000056346744,-0.0655680658147112,0.0,0.0,0.0,-0.7823663386206822
2026-08-28T01:52:59.478968,24.28,8.70090695598301,-4.866200581647883,0.0,-1.8801264669331539,0.0,0.0,-0.8075953931319588,0.5897369591538562,0.800000005455452,-0.06579689530176253,0.0,0.0,0.0,-0.7817590204394346
2026-08-28T01:52:59.569346,24.3,8.69481170718544,-4.880993959581967,0.0,-1.8957630333548612,0.0,0.0,-0.812181394494913,0.5834049900680475,0.8000000052762594,-0.06601872748747957,0.0,0.0,0.0,-0.7812036451562172
2026-08-28T01:52:59.661451,24.32,8.688485996180441,-4.895690267773437,0.0,-1.9113881694846238,0.0,0.0,-0.8167144532083059,0.5770420278633592,0.8000000053892089,-0.06623347539341366,0.0,0.0,0.0,-0.7806633599226876
2026-08-28T01:52:59.743940,24.34,8.681931528148546,-4.910285987981901,0.0,-1.9270022160549762,0.0,0.0,-0.8211944989053583,0.5706483987251497,0.8000000055383244,-0.0664412734837527,0.0,0.0,0.0,-0.7818325302486683
2026-08-28T01:52:59.833619,24.36,8.675149825022553,-4.924777523183283,0.0,-1.9426352990156113,0.0,0.0,-0.8256298636886296,0.564212130484178,0.8000000052244001,-0.06664260659670748,0.0,0.0,0.0,-0.7814464065634851
2026-08-28T01:52:59.919155,24.38,8.668142457245581,-4.939161294891681,0.0,-1.958264259005708,0.0,0.0,-0.8300136343531148,0.5577431010670897,0.8000000051099581,-0.06683732400652766,0.0,0.0,0.0,-0.7810714633479687
2026-08-28T01:53:00.005952,24.4,8.660911216722809,-4.953433829977947,0.0,-1.973881966754691,0.0,0.0,-0.8343436182259605,0.5512447067551877,0.8000000051374121,-0.06702545915904223,0.0,0.0,0.0,-0.7807119178883127
2026-08-28T01:53:00.113530,24.42,8.653458010490914,-4.967591718862305,0.0,-1.9894922461299538,0.0,0.0,-0.8386207024157567,0.5447158135025115,0.8000000048475016,-0.06720733561108763,0.0,0.0,0.0,-0.7803639712588816
2026-08-28T01:53:00.196374,24.44,8.645784706510252,-4.981631537364112,0.0,-2.005109182185618,0.0,0.0,-0.8428484890733966,0.5381509309354509,0.800000004997562,-0.06738281569637478,0.0,0.0,0.0,-0.7813652833974661
2026-08-28T01:53:00.291708,24.46,8.637892989022452,-4.995549758848274,0.0,-2.020733135414417,0.0,0.0,-0.8470267506836429,0.5315502644400716,0.8000000053482433,-0.06755195288401146,0.0,0.0,0.0,-0.7810413227185182
2026-08-28T01:53:00.377697,24.48,8.629784827596536,-5.009343011388836,0.0,-2.036350943327766,0.0,0.0,-0.8511517081785797,0.5249197745033863,0.8000000055907566,-0.06771483527214368,0.0,0.0,0.0,-0.7807295204139231
2026-08-28T01:53:00.462203,24.5,8.62146228591553,-5.023007981215463,0.0,-2.0519626269185465,0.0,0.0,-0.8552231765820426,0.5182598944901297,0.8000000055405924,-0.06787177289505848,0.0,0.0,0.0,-0.780429632662886
2026-08-28T01:53:00.545328,24.52,8.612927464578782,-5.036541381625027,0.0,-2.0675716686242693,0.0,0.0,-0.8592418597513889,0.5115695714670434,0.8000000058233365,-0.06802264103904436,0.0,0.0,0.0,-0.7801395854075306
2026-08-28T01:53:00.654413,24.54,8.604182783552218,-5.049940139104541,0.0,-2.0830878361281004,0.0,0.0,-0.8631847616834301,0.5048881729626078,0.8000000060153803,-0.06816718005705902,0.0,0.0,0.0,-0.7714125639587497
2026-08-28T01:53:00.739985,24.56,8.595232150508112,-5.063202203837129,0.0,-2.098513986862519,0.0,0.0,-0.8670532876367495,0.4982154116426992,0.8000000060453435,-0.06830559944500413,0.0,0.0,0.0,-0.7711249723398494
2026-08-28T01:53:00.826712,24.58,8.586078054903693,-5.076324655184272,0.0,-2.113934388610862,0.0,0.0,-0.8708688186633909,0.49151551418020356,0.8000000058271576,-0.06843861103992882,0.0,0.0,0.0,-0.7708352715509836
2026-08-28T01:53:00.914700,24.6,8.576722749231708,-5.0893044261504405,0.0,-2.129349097970771,0.0,0.0,-0.8746311994360393,0.4847888870148277,0.8000000056376205,-0.06856627060054592,0.0,0.0,0.0,-0.7705439453141039
2026-08-28T01:53:01.005234,24.62,8.567168531400954,-5.102138487200555,0.0,-2.144758407219483,0.0,0.0,-0.878340333752091,0.4780358334939604,0.800000005720223,-0.0686885418910032,0.0,0.0,0.0,-0.7702623267088123
2026-08-28T01:53:01.091690,24.64,8.557418605862214,-5.114824514535725,0.0,-2.159888616044854,0.0,0.0,-0.8819315563085354,0.4713774814171809,0.8000000052091818,-0.0688045009486204,0.0,0.0,0.0,-0.7426689229713025
2026-08-28T01:53:01.183441,24.66,8.547480470773696,-5.127363650946131,0.0,-2.174740459714726,0.0,0.0,-0.8854076198249962,0.4648153899730893,0.8000000046703153,-0.06891420696617413,0.0,0.0,0.0,-0.742448901458779
2026-08-28T01:53:01.277027,24.68,8.537357244696357,-5.139753839282566,0.0,-2.1895880323985315,0.0,0.0,-0.8888338798250308,0.45822956482006116,0.8000000047567378,-0.0690189093347986,0.0,0.0,0.0,-0.7422012475800831
2026-08-28T01:53:01.364712,24.7,8.527051211897,-5.151992391580747,0.0,-2.204433672360895,0.0,0.0,-0.8922107176739321,0.4516193477562349,0.8000000050237723,-0.06911862855534712,0.0,0.0,0.0,-0.741926656730485
2026-08-28T01:53:01.457580,24.72,8.516564684064146,-5.164076646255076,0.0,-2.219274337420557,0.0,0.0,-0.8955372896141607,0.4449864749748277,0.8000000052258469,-0.06921348011887839,0.0,0.0,0.0,-0.7416618125575304
2026-08-28T01:53:01.544281,24.74,8.505900035319518,-5.176003999132749,0.0,-2.2341098763761695,0.0,0.0,-0.8988134288388242,0.4383314044635588,0.8000000050081286,-0.06930384584361568,0.0,0.0,0.0,-0.7505223388833856
2026-08-28T01:53:01.631474,24.76,8.495058507450215,-5.1877708024065115,0.0,-2.249135479081269,0.0,0.0,-0.9020811292517356,0.43156649110874384,0.8000000053320679,-0.06939058133428044,0.0,0.0,0.0,-0.7517263543664987
2026-08-28T01:53:01.718409,24.78,8.484041317391812,-5.199373298109809,0.0,-2.2641733836325453,0.0,0.0,-0.9053005272297812,0.4247716508872506,0.8000000052076032,-0.06947308781939586,0.0,0.0,0.0,-0.752255057798825
2026-08-28T01:53:01.810807,24.8,8.472850879810558,-5.210808790444859,0.0,-2.2792218652946103,0.0,0.0,-0.9084709549603551,0.4179479919719923,0.8000000047605558,-0.06955162099030097,0.0,0.0,0.0,-0.7527851972412053
2026-08-28T01:53:01.906530,24.82,8.46148959143931,-5.2220745570429905,0.0,-2.294286847056363,0.0,0.0,-0.9115933421471714,0.41109315070060487,0.8000000047221341,-0.0696259387356933,0.0,0.0,0.0,-0.7533266060028431
2026-08-28T01:53:01.995275,24.84,8.44996018238074,-5.233168210532335,0.0,-2.309247163661357,0.0,0.0,-0.9146428523487974,0.40426285093643705,0.80000000475927,-0.06969551438896411,0.0,0.0,0.0,-0.7422798632438358
2026-08-28T01:53:02.083560,24.86,8.438267035283708,-5.244089143702323,0.0,-2.3241044659112466,0.0,0.0,-0.917620715308368,0.3974571962324486,0.8000000049655086,-0.06976041564663724,0.0,0.0,0.0,-0.7429801201927835
2026-08-28T01:53:02.173748,24.88,8.426412903113999,-5.254835120346011,0.0,-2.338976212818139,0.0,0.0,-0.9205507609637085,0.3906229595007662,0.8000000046613116,-0.06982163427223069,0.0,0.0,0.0,-0.7437042868950293
2026-08-28T01:53:02.273271,24.9,8.414400250290361,-5.265403593683523,0.0,-2.3538633489281033,0.0,0.0,-0.9234328604716576,0.38376001902378015,0.8000000049543305,-0.0698789017489149,0.0,0.0,0.0,-0.7444525652197014
2026-08-28T01:53:02.400745,24.92,8.40223159898229,-5.2757920670219125,0.0,-2.3687581879511272,0.0,0.0,-0.9262652473573485,0.37687224829911525,0.8000000047122263,-0.06993261505456853,0.0,0.0,0.0,-0.74521579631942
2026-08-28T01:53:02.531160,24.94,8.389909549182061,-5.285998120833954,0.0,-2.383668850008802,0.0,0.0,-0.9290491869958193,0.36995622462989763,0.8000000048146836,-0.06998264258316916,0.0,0.0,0.0,-0.7273428232181927
2026-08-28T01:53:02.650772,24.96,8.37743854584511,-5.2960216277029915,0.0,-2.3982228713383105,0.0,0.0,-0.9317167398898553,0.36318578800528484,0.8000000055124469,-0.07002669336899096,0.0,0.0,0.0,-0.728155112745332
2026-08-28T01:53:02.762000,24.98,8.364822976186508,-5.3058625630637755,0.0,-2.4127933795994787,0.0,0.0,-0.9343378919570199,0.3563884168338139,0.8000000054960058,-0.07006753673272838,0.0,0.0,0.0,-0.7289830724254399
2026-08-28T01:53:02.849356,25.0,8.352065333052598,-5.315518604506564,0.0,-2.427389682662744,0.0,0.0,-0.9369139628214463,0.3495600467304774,0.8000000052541555,-0.0701051974724275,0.0,0.0,0.0,-0.7298691371056736
2026-08-28T01:53:02.942526,25.02,8.339168100325022,-5.3249873939918135,0.0,-2.4420040699136947,0.0,0.0,-0.9394432298494136,0.342704563567662,0.8000000050060867,-0.07013984962568691,0.0,0.0,0.0,-0.7307714168240822
2026-08-28T01:53:03.034934,25.04,8.326132928976637,-5.334265362239998,0.0,-2.456853612842298,0.0,0.0,-0.9419618152020192,0.33572003023548824,0.8000000088720114,-0.07017102816966722,0.0,0.0,0.0,-0.7719287060991595
2026-08-28T01:53:03.129943,25.06,8.312956981953615,-5.343342289037036,0.0,-2.4723152458650812,0.0,0.0,-0.9445290310220591,0.32842793662618003,0.8000000070417496,-0.0702069835306802,0.0,0.0,0.0,-0.7731426414422653
2026-08-28T01:53:03.217227,25.08,8.299642260449165,-5.3522144003839935,0.0,-2.4878001104925747,0.0,0.0,-0.9470435268094275,0.3211052137981588,0.8000000057091876,-0.07024043870826907,0.0,0.0,0.0,-0.7742900225642588
2026-08-28T01:53:03.313454,25.1,8.286191750445564,-5.3608792684296285,0.0,-2.5033073956543075,0.0,0.0,-0.9495047694218093,0.3137525981489825,0.800000005440689,-0.07027098695145399,0.0,0.0,0.0,-0.7753622973530845
2026-08-28T01:53:03.399337,25.12,8.272608494091786,-5.369334520862894,0.0,-2.5188365171761644,0.0,0.0,-0.9519122741358182,0.306370726978892,0.800000005244564,-0.07029871463233711,0.0,0.0,0.0,-0.7764529678147121
2026-08-28T01:53:03.494287,25.14,8.258893463672047,-5.37757427484153,0.0,-2.534599837135295,0.0,0.0,-0.9542973925224802,0.29885863986974714,0.8000000033935167,-0.07033053213702858,0.0,0.0,0.0,-0.8396099651114709
2026-08-28T01:53:03.587059,25.16,8.24503748125534,-5.38557469842988,0.0,-2.551753148210161,0.0,0.0,-0.9568254703311984,0.290663068389297,0.8000000083976917,-0.07038376862725404,0.0,0.0,0.0,-0.8822620499660719
2026-08-28T01:53:03.671024,25.18,8.231042494054924,-5.393329396614703,0.0,-2.569429974884673,0.0,0.0,-0.9593570650366662,0.28219500662526575,0.8000000085671354,-0.07044033752805305,0.0,0.0,0.0,-0.8836312660523014
2026-08-28T01:53:03.759183,25.2,8.216912678900878,-5.400835615794436,0.0,-2.587119797742056,0.0,0.0,-0.9618154961453552,0.2736986506628488,0.8000000072715463,-0.07049406158243465,0.0,0.0,0.0,-0.88471211386581
2026-08-28T01:53:03.851600,25.22,8.202652326349687,-5.408090774653688,0.0,-2.604840927655176,0.0,0.0,-0.9642028334522215,0.26516578957834613,0.8000000067681896,-0.07054464895694787,0.0,0.0,0.0,-0.8856891051031719
2026-08-28T01:53:03.934185,25.24,8.18826500502882,-5.415090755304732,0.0,-2.6227972669202844,0.0,0.0,-0.9665446441648162,0.25649844217130985,0.8000000115218372,-0.07059054532140512,0.0,0.0,0.0,-0.9266473444133054
2026-08-28T01:53:04.040525,25.26,8.17375109420027,-5.421824319750571,0.0,-2.641360656416027,0.0,0.0,-0.9688837166823624,0.24751635006150952,0.8000000098972275,-0.07064104272267767,0.0,0.0,0.0,-0.927614446116535
2026-08-28T01:53:04.144508,25.28,8.159114765924286,-5.428287475557365,0.0,-2.6599404724481004,0.0,0.0,-0.9711412795430602,0.23850495837082253,0.800000008574494,-0.07068881310391885,0.0,0.0,0.0,-0.928355136684111
2026-08-28T01:53:04.233575,25.3,8.144360967640644,-5.434477783860357,0.0,-2.6785333597014183,0.0,0.0,-0.9733165309174281,0.22946662206705176,0.8000000080509373,-0.0707334379721408,0.0,0.0,0.0,-0.9289265629839656
2026-08-28T01:53:04.332180,25.32,8.129494715148219,-5.440392934813201,0.0,-2.6971376620938385,0.0,0.0,-0.9754089231027079,0.22040288730326474,0.800000007907936,-0.07077491869130956,0.0,0.0,0.0,-0.9294922759413928
2026-08-28T01:53:04.416518,25.34,8.11452107579739,-5.446030717341845,0.0,-2.7157535938394615,0.0,0.0,-0.9774181424874259,0.21131439784460987,0.8000000078959898,-0.07081308133157273,0.0,0.0,0.0,-0.9300530450496177
2026-08-28T01:53:04.505235,25.36,8.099445171353088,-5.4513890350941585,0.0,-2.734375559496299,0.0,0.0,-0.9793432907538755,0.20220464597869686,0.8000000081084622,-0.07084792611688705,0.0,0.0,0.0,-0.9306089670902548
2026-08-28T01:53:04.589537,25.38,8.084272181930345,-5.456465928757203,0.0,-2.753008523567609,0.0,0.0,-0.9811845978111229,0.19307196849419941,0.8000000077281559,-0.07087999767226408,0.0,0.0,0.0,-0.9311598777828328
2026-08-28T01:53:04.681906,25.4,8.069007300877127,-5.461259450834511,0.0,-2.7716584775460626,0.0,0.0,-0.9829423041421623,0.18391418305203322,0.800000007874528,-0.0709089142665428,0.0,0.0,0.0,-0.9317074112083663
2026-08-28T01:53:04.774429,25.42,8.053655757889054,-5.465767729010433,0.0,-2.790314131836213,0.0,0.0,-0.9846150371853762,0.17473759912634734,0.8000000079026597,-0.07093490250964934,0.0,0.0,0.0,-0.9322496261477259
2026-08-28T01:53:04.857572,25.44,8.03822284849432,-5.469989072655396,0.0,-2.808986308501463,0.0,0.0,-0.9862034686822225,0.16553766447293083,0.8000000079518034,-0.07095801220409514,0.0,0.0,0.0,-0.9327841192968414
2026-08-28T01:53:04.946081,25.46,8.022713877089082,-5.473921785987478,0.0,-2.827669347516363,0.0,0.0,-0.9877067898034841,0.1563179368341842,0.8000000079663375,-0.07097837862522419,0.0,0.0,0.0,-0.9333146684634414
2026-08-28T01:53:05.027893,25.48,8.007134202597006,-5.477564335179114,0.0,-2.846363076766532,0.0,0.0,-0.98912470648954,0.14707928138246165,0.8000000078294243,-0.07099611067396237,0.0,0.0,0.0,-0.9338369396569223
2026-08-28T01:53:05.116019,25.5,7.99148921830358,-5.48091528760479,0.0,-2.8650674327981167,0.0,0.0,-0.9904569423530597,0.1378225139250762,0.800000007815797,-0.07101120989316707,0.0,0.0,0.0,-0.9343527470113427
2026-08-28T01:53:05.217126,25.52,7.975784349829307,-5.483973312418345,0.0,-2.8837819784404113,0.0,0.0,-0.9917032052241886,0.12854863961968196,0.8000000074803172,-0.07102398589035326,0.0,0.0,0.0,-0.9348617911257182
2026-08-28T01:53:05.312419,25.54,7.960025280237584,-5.4867385121014625,0.0,-2.9021693865283105,0.0,0.0,-0.9928431155613207,0.11942590959456904,0.8000000075839392,-0.07103228854004827,0.0,0.0,0.0,-0.9016136020511307
2026-08-28T01:53:05.405649,25.56,7.944218699147515,-5.489217784261372,0.0,-2.920226085842833,0.0,0.0,-0.9938808561923757,0.11045742933053629,0.8000000073571306,-0.07103649903803363,0.0,0.0,0.0,-0.9018034506944749
2026-08-28T01:53:05.500795,25.58,7.928369974280371,-5.491411573990135,0.0,-2.93828800431049,0.0,0.0,-0.9948378498706074,0.10147734951616906,0.8000000072812022,-0.07103844923523,0.0,0.0,0.0,-0.9021174464071376
2026-08-28T01:53:05.587955,25.6,7.912484249325132,-5.493319067516699,0.0,-2.9563579360739323,0.0,0.0,-0.9957140774542438,0.09248500397061225,0.8000000073722751,-0.0710380383393563,0.0,0.0,0.0,-0.9025645715372832
2026-08-28T01:53:05.683843,25.62,7.896566681688304,-5.494939507064328,0.0,-2.974437201371105,0.0,0.0,-0.9965094144394651,0.08348045839305485,0.8000000076725007,-0.07103529775409913,0.0,0.0,0.0,-0.903006272278389
2026-08-28T01:53:05.793209,25.64,7.880622446218826,-5.496272223838571,0.0,-2.9925254392084546,0.0,0.0,-0.9972236563322407,0.07446461744585157,0.8000000076396994,-0.07103047184480434,0.0,0.0,0.0,-0.9034410649828459
2026-08-28T01:53:05.881454,25.66,7.864656734224417,-5.497316644366487,0.0,-3.0106225405821916,0.0,0.0,-0.9978566198050636,0.06543826335725085,0.8000000076858513,-0.07102358447296862,0.0,0.0,0.0,-0.903868027555794
2026-08-28T01:53:05.967684,25.68,7.848674751660398,-5.498072291210167,0.0,-3.0287283019593354,0.0,0.0,-0.9984081272888772,0.05640222835595519,0.8000000076982703,-0.07101472438305459,0.0,0.0,0.0,-0.9042869631383267
2026-08-28T01:53:06.048112,25.7,7.832681717270367,-5.498538783453981,0.0,-3.046842463733945,0.0,0.0,-0.9988780100633188,0.0473573754756799,0.8000000075335463,-0.07100402003219526,0.0,0.0,0.0,-0.9046975495591044
2026-08-28T01:53:06.139081,25.72,7.816682860707471,-5.498715837153501,0.0,-3.064965140216335,0.0,0.0,-0.999266117805692,0.038304383633480515,0.8000000076838361,-0.07099129592475308,0.0,0.0,0.0,-0.9050994968245332
2026-08-28T01:53:06.220935,25.74,7.800683420642758,-5.498603265741779,0.0,-3.08309555839886,0.0,0.0,-0.9995722917243173,0.029244377527933556,0.8000000073507275,-0.0709770782528378,0.0,0.0,0.0,-0.9054925320250958
2026-08-28T01:53:06.315595,25.76,7.78468864284795,-5.4982009803998295,0.0,-3.101234061962478,0.0,0.0,-0.9997964049191004,0.020177926326614314,0.8000000073620426,-0.07096099469665552,0.0,0.0,0.0,-0.9058761780034492
2026-08-28T01:53:06.405583,25.78,7.768703778266549,-5.497508990416834,0.0,-3.119380124764961,0.0,0.0,-0.9999383260793566,0.011106036089187296,0.8000000072322851,-0.07094336310218015,0.0,0.0,0.0,-0.9062504018963983
2026-08-28T01:53:06.493404,25.8,7.7527340810707335,-5.496527403435066,0.0,-3.137533858584186,0.0,0.0,-0.9999979407735945,0.002029396109807182,0.8000000072309793,-0.0709239843069131,0.0,0.0,0.0,-0.9066145786309808
2026-08-28T01:53:06.589418,25.82,7.736784806694635,-5.495256425760618,0.0,3.1274905641127404,0.0,0.0,0.9999751414870393,0.007050986312267252,0.8000000070839279,-0.07090315750693375,0.0,0.0,0.0,-0.9069684900278099
2026-08-28T01:53:06.676556,25.84,7.720859543310528,-5.493712779962704,0.0,3.111570910269272,0.0,0.0,0.9998873389814806,0.015010307942663281,0.800000008856321,-0.07085646443473997,0.0,0.0,0.0,-0.4947677635645827
2026-08-28T01:53:06.765276,25.86,7.70495201189259,-5.4919955431334335,0.0,3.10173630686843,0.0,0.0,0.9998014405245788,0.019926854367338227,0.8000000051421303,-0.07074570069880401,0.0,0.0,0.0,-0.4867997924952375
2026-08-28T01:53:06.861370,25.88,7.689061989799362,-5.490123196747707,0.0,3.0919821906623817,0.0,0.0,0.999692366020421,0.024802687767511353,0.8000000034989864,-0.07063587901784661,0.0,0.0,0.0,-0.48060421014406357
2026-08-28T01:53:06.957716,25.9,7.673190819534425,-5.488097245585131,0.0,3.0823594782931156,0.0,0.0,0.9995614609245365,0.029612258178097935,0.8000000026391801,-0.07052652055419094,0.0,0.0,0.0,-0.47991125802224505
2026-08-28T01:53:07.056082,25.92,7.657339825847839,-5.485919052069246,0.0,3.0727503842691313,0.0,0.0,0.9994076512330972,0.034414337953011825,0.8000000021316137,-0.07041802129924621,0.0,0.0,0.0,-0.4792604030371652
2026-08-28T01:53:07.136877,25.94,7.64151043905029,-5.483589020914794,0.0,3.06315351750402,0.0,0.0,0.9992310113187455,0.03920951439277296,0.8000000017484545,-0.07031037057425102,0.0,0.0,0.0,-0.47870430418195836
2026-08-28T01:53:07.226275,25.96,7.62570408529202,-5.481107546369393,0.0,3.0535675530932505,0.0,0.0,0.9990316040491496,0.043998342139031706,0.8000000018482204,-0.07020314442705021,0.0,0.0,0.0,-0.47813253093725205
2026-08-28T01:53:07.314927,25.98,7.609922183309449,-5.4784750364503685,0.0,3.0439925223427515,0.0,0.0,0.9988095130824368,0.04878069880624388,0.8000000025517124,-0.07009609491848766,0.0,0.0,0.0,-0.47754288740174605
2026-08-28T01:53:07.414730,26.0,7.594166147727541,-5.475691893772174,0.0,3.0344232753633396,0.0,0.0,0.9985646840331205,0.053559049672621546,0.8000000025990514,-0.06998970488909995,0.0,0.0,0.0,-0.476933122773649
2026-08-28T01:53:07.506838,26.02,7.578437393977967,-5.472758491374965,0.0,3.0248660289695053,0.0,0.0,0.9982973452797772,0.05833018435895082,0.8000000026428815,-0.06988386735639412,0.0,0.0,0.0,-0.4763021821035172
2026-08-28T01:53:07.598006,26.04,7.5627373116044465,-5.469675317126485,0.0,3.015328180248682,0.0,0.0,0.9980078221602026,0.06309030755234483,0.8000000023879247,-0.06977884913420117,0.0,0.0,0.0,-0.475643666362564
2026-08-28T01:53:07.684538,26.06,7.547067268952104,-5.466442931425086,0.0,3.0058036247089754,0.0,0.0,0.9976960526939295,0.06784236463266871,0.8000000022091109,-0.06967444497146814,0.0,0.0,0.0,-0.47496260729688966
2026-08-28T01:53:07.776158,26.08,7.5314286440246105,-5.463061812301808,0.0,2.9962859011902,0.0,0.0,0.99736190420498,0.0725894761009895,0.8000000022058336,-0.06957078985566202,0.0,0.0,0.0,-0.4742655616868211
2026-08-28T01:53:07.868178,26.1,7.515822811403183,-5.459532428398902,0.0,2.9867892441464683,0.0,0.0,0.9970059832697706,0.07732444195904556,0.8000000020063425,-0.06946771524072236,0.0,0.0,0.0,-0.47354504831861416
2026-08-28T01:53:07.958781,26.12,7.500251104474323,-5.455855403735824,0.0,2.9773070255121983,0.0,0.0,0.9966281756231226,0.08205046955457537,0.8000000022743657,-0.06936508943777489,0.0,0.0,0.0,-0.4727928249305853
2026-08-28T01:53:08.039872,26.14,7.484715196739067,-5.452029957890152,0.0,2.967617867503815,0.0,0.0,0.9962189818141943,0.08687773174461937,0.8000000021591371,-0.06926508114083058,0.0,0.0,0.0,-0.5066318453102229
2026-08-28T01:53:08.134377,26.16,7.4692185150169355,-5.448048599753178,0.0,2.957465199526343,0.0,0.0,0.9957651274868192,0.09193373092156464,0.8000000023409409,-0.06917025211185397,0.0,0.0,0.0,-0.5066902012993302
2026-08-28T01:53:08.220777,26.18,7.4537629725273815,-5.443910416123275,0.0,2.9473132257066315,0.0,0.0,0.9952856468391228,0.09698701560533178,0.8000000027387139,-0.06907565734965856,0.0,0.0,0.0,-0.506518386767259
2026-08-28T01:53:08.311759,26.2,7.438350145842066,-5.439615869404513,0.0,2.9371627603363963,0.0,0.0,0.994780599030871,0.10203705107352631,0.8000000030033778,-0.06898147489146665,0.0,0.0,0.0,-0.5058274580476395
2026-08-28T01:53:08.405754,26.22,7.422981575871897,-5.435165541126447,0.0,2.9270341158054496,0.0,0.0,0.9942510960092741,0.10707361058803086,0.8000000021437729,-0.06888832234166173,0.0,0.0,0.0,-0.5050979225067141
2026-08-28T01:53:08.492887,26.24,7.4076587460785515,-5.430560190246213,0.0,2.9169199896714026,0.0,0.0,0.9936969069102356,0.1121002105128739,0.8000000023722595,-0.06879529560166571,0.0,0.0,0.0,-0.504328600767519
2026-08-28T01:53:08.597899,26.26,7.392383156593848,-5.4258004908876,0.0,2.906814013678656,0.0,0.0,0.9931177824531803,0.1171198965815705,0.8000000019963581,-0.06870317916761697,0.0,0.0,0.0,-0.503540006671947
2026-08-28T01:53:08.684054,26.28,7.377156313867324,-5.420887076825088,0.0,2.8967234607986754,0.0,0.0,0.9925142429176035,0.12212893844497441,0.8000000020882839,-0.06861127939283627,0.0,0.0,0.0,-0.5027226333129983
2026-08-28T01:53:08.775595,26.3,7.361979672363824,-5.415820723314141,0.0,2.8866575923832976,0.0,0.0,0.99188700822239,0.12712262945532746,0.8000000023191252,-0.0685196511523322,0.0,0.0,0.0,-0.5018674418818596
2026-08-28T01:53:08.868141,26.32,7.3468546470817575,-5.4106022943336844,0.0,2.876608886343009,0.0,0.0,0.9912357823098127,0.1321045944267405,0.8000000025321498,-0.06842830397778729,0.0,0.0,0.0,-0.5009807361684774
2026-08-28T01:53:08.952444,26.34,7.3317826667175074,-5.40523258256765,0.0,2.8665781397628827,0.0,0.0,0.990560764502014,0.1370743295777349,0.8000000024586056,-0.0683374396598232,0.0,0.0,0.0,-0.5000715632965241
2026-08-28T01:53:09.042108,26.36,7.3167651569432115,-5.399712365213686,0.0,2.856556502449523,0.0,0.0,0.9898614771441129,0.1420361083178318,0.8000000023304896,-0.06824712289178256,0.0,0.0,0.0,-0.4991294418249124
2026-08-28T01:53:09.155357,26.38,7.301803540304858,-5.394042406115562,0.0,2.84656349116705,0.0,0.0,0.9891394399263793,0.1469801632266362,0.8000000023322162,-0.06815724128056906,0.0,0.0,0.0,-0.4981532134595381
2026-08-28T01:53:09.247847,26.4,7.2868991700027514,-5.3882236298189,0.0,2.8365804476933167,0.0,0.0,0.9883934659712356,0.15191562271658562,0.8000000020161847,-0.06806805231267636,0.0,0.0,0.0,-0.49712983785263853
2026-08-28T01:53:09.340466,26.42,7.272053434747391,-5.382256841211341,0.0,2.8266284095958767,0.0,0.0,0.9876252973941808,0.15683198636456772,0.8000000018503852,-0.0679793054160624,0.0,0.0,0.0,-0.49608081636641255
2026-08-28T01:53:09.427359,26.44,7.257268293602622,-5.37614145981204,0.0,2.8164629525605918,0.0,0.0,0.98681540922452,0.1618497702100412,0.800000001623177,-0.06789356440393313,0.0,0.0,0.0,-0.5382005622940096
2026-08-28T01:53:09.515282,26.46,7.242549178839674,-5.369868836238519,0.0,2.805677283955516,0.0,0.0,0.9859282348879327,0.16716912289883357,0.8000000023400835,-0.06781456472573608,0.0,0.0,0.0,-0.5382701463366267
2026-08-28T01:53:09.606556,26.48,7.227898438803415,-5.3634381315491355,0.0,2.7948929332092813,0.0,0.0,0.9850125008577222,0.17248296482266268,0.8000000025597125,-0.06773575443922672,0.0,0.0,0.0,-0.5380486986656436
2026-08-28T01:53:09.697888,26.5,7.213317750793476,-5.356850136960033,0.0,2.7842866908426878,0.0,0.0,0.9840839563133078,0.17770415562599437,0.7272728752617534,-0.0677991960946254,0.0,0.0,0.0,-0.5369868231889294
2026-08-28T01:53:09.809920,26.52,7.198808708726421,-5.350105818356389,0.0,2.773986520629002,0.0,0.0,0.9831557182478026,0.18276989269747748,0.7999998570443083,-0.0680779165587216,0.0,0.0,0.0,-0.5358577897171846
2026-08-28T01:53:09.892142,26.54,7.184372779866568,-5.343206386620916,0.0,2.763259119981618,0.0,0.0,0.9821612577079673,0.18804059098371256,0.8000000029468882,-0.06800252444490665,0.0,0.0,0.0,-0.5348933506805322
2026-08-28T01:53:09.977862,26.56,7.170011492329888,-5.336152905833904,0.0,2.7525476783549863,0.0,0.0,0.9811400836175397,0.19329805047896176,0.8000000027263489,-0.06792747328761932,0.0,0.0,0.0,-0.5342742181601279
2026-08-28T01:53:10.067517,26.58,7.1557263817341905,-5.328946395399692,0.0,2.7418551913614806,0.0,0.0,0.9800926484988529,0.19854067683601753,0.8000000024865808,-0.06785270508651224,0.0,0.0,0.0,-0.5330048453096439
2026-08-28T01:53:10.153635,26.6,7.141518902589088,-5.321588017683743,0.0,2.731188456547401,0.0,0.0,0.9790198239035128,0.20376502252333376,0.8000000026061355,-0.06777791802812358,0.0,0.0,0.0,-0.5316729399152346
2026-08-28T01:53:10.252293,26.62,7.1273904693163175,-5.314078985203345,0.0,2.7205492057709284,0.0,0.0,0.9779220231072056,0.2089701335643688,0.8000000023994094,-0.06770349043519913,0.0,0.0,0.0,-0.53027827591131
2026-08-28T01:53:10.341108,26.64,7.1133251590957,-5.306452255273769,0.0,2.7122069384484435,0.0,0.0,0.9770418761709979,0.21304734733916847,0.8000000014537022,-0.06757934195919262,0.0,0.0,0.0,0.0010320459575977603
2026-08-28T01:53:10.433934,26.66,7.099219777615653,-5.298899953544398,0.0,2.712722443303605,0.0,0.0,0.977096757185826,0.21279550534948574,0.8000000006695274,-0.06721111235604071,0.0,0.0,0.0,0.091679614221132
2026-08-28T01:53:10.521784,26.68,7.085054946144452,-5.291459759363477,0.0,2.7149659175492618,0.0,0.0,0.9773348430161749,0.2116993259945549,0.8000000002747504,-0.06669333267154733,0.0,0.0,0.0,0.17317271190472058
2026-08-28T01:53:10.606023,26.7,7.070828916629501,-5.284137261779134,0.0,2.7188444892783874,0.0,0.0,0.9777435504749228,0.20980359745412414,0.7999999999615501,-0.06605923096090827,0.0,0.0,0.0,0.25466581246195535
2026-08-28T01:53:10.698831,26.72,7.056541419081838,-5.276935440999227,0.0,2.7243555266236417,0.0,0.0,0.978317955529777,0.20710861374659767,0.7999999998630103,-0.0653435121347847,0.0,0.0,0.0,0.3361589172470058
2026-08-28T01:53:10.795316,26.74,7.042192555320331,-5.269856669869356,0.0,2.731498479812018,0.0,0.0,0.9790513980898942,0.20361326061488125,0.8000000002341568,-0.06458272197061739,0.0,0.0,0.0,0.39660601745839474
2026-08-28T01:53:10.906092,26.76,7.027787311307437,-5.2628933417611155,0.0,2.7394427289980534,0.0,0.0,0.9798524495874796,0.19972275042522256,0.8000000003186878,-0.0638249438381075,0.0,0.0,0.0,0.400359842872437
2026-08-28T01:53:10.993248,26.78,7.013326999839085,-5.256045103886316,0.0,2.7474794921556525,0.0,0.0,0.9806470986293473,0.1957837274899097,0.8000000005270492,-0.06308345666516615,0.0,0.0,0.0,0.4021291799464865
2026-08-28T01:53:11.086821,26.8,6.998812095185091,-5.249313350323868,0.0,2.755541228421631,0.0,0.0,0.9814283081641813,0.19182928851974854,0.8000000005904917,-0.06235797604051796,0.0,0.0,0.0,0.4029230673582738
2026-08-28T01:53:11.184474,26.82,6.984243427502427,-5.242698754112518,0.0,2.7636108157940775,0.0,0.0,0.9821943090665737,0.1878678770765135,0.8000000004467098,-0.06164870551743637,0.0,0.0,0.0,0.4036379371310029
2026-08-28T01:53:11.310069,26.84,6.969621883117703,-5.236201878156875,0.0,2.771694010158927,0.0,0.0,0.9829455714627667,0.18389671976882804,0.8000000003445379,-0.060954777367551616,0.0,0.0,0.0,0.404360635465244
2026-08-28T01:53:11.418436,26.86,6.9549483215377625,-5.229823356053173,0.0,2.779791081883128,0.0,0.0,0.9836820263500469,0.17991573315267825,0.8000000004994876,-0.06027593984244496,0.0,0.0,0.0,0.4051152885680176
2026-08-28T01:53:11.515775,26.88,6.940223596124311,-5.223563850538417,0.0,2.787910157181475,0.0,0.0,0.984404293583398,0.17592096741028657,0.8000000016405243,-0.05961155213709617,0.0,0.0,0.0,0.4058960738742659
2026-08-28T01:53:11.616133,26.9,6.925448541495734,-5.217424086344421,0.0,2.796045134199077,0.0,0.0,0.9851117049148497,0.1719154700419892,0.8000000019414748,-0.058962054556786256,0.0,0.0,0.0,0.40670440106659134
2026-08-28T01:53:11.743279,26.92,6.9106240465748945,-5.211404676755789,0.0,2.8041880883356214,0.0,0.0,0.9858034878245722,0.16790319649401714,0.8000000015231076,-0.05832707954957457,0.0,0.0,0.0,0.4075306540190682
2026-08-28T01:53:11.868153,26.94,6.8957510311306125,-5.205506172813505,0.0,2.8123468283508437,0.0,0.0,0.986480222694293,0.16388035340765553,0.8000000016618136,-0.057705757724909545,0.0,0.0,0.0,0.40838522338247824
2026-08-28T01:53:11.962678,26.96,6.880830384135773,-5.199729216350574,0.0,2.820522242769334,0.0,0.0,0.9871418740204968,0.1598465531542723,0.8000000017202885,-0.05709803811940083,0.0,0.0,0.0,0.40928154488247565
2026-08-28T01:53:12.057801,26.98,6.865862999903879,-5.194074453997288,0.0,2.8287154438974884,0.0,0.0,0.9877884165056525,0.15580129722584307,0.8000000017075537,-0.056503835775166926,0.0,0.0,0.0,0.43169205996736915
2026-08-28T01:53:12.151185,27.0,6.850840480397017,-5.1885679346547,0.0,2.8377653894227866,0.0,0.0,0.9884832980725426,0.15133000175652148,0.8000000009815441,-0.05588691761248631,0.0,0.0,0.0,0.5131850869806363
2026-08-28T01:53:12.246676,27.02,6.83575495853253,-5.183236437945886,0.0,2.848446003860732,0.0,0.0,0.989277347746755,0.1460490644788457,0.8000000010126553,-0.05523390461541882,0.0,0.0,0.0,0.5824589521408113
2026-08-28T01:53:12.333797,27.04,6.820608339714707,-5.178081072827105,0.0,2.8600287687836863,0.0,0.0,0.9901065788195526,0.14031736378025753,0.8000000015020879,-0.05458113365988616,0.0,0.0,0.0,0.5748564801657429
2026-08-28T01:53:12.421324,27.06,6.805403324962521,-5.173100569974299,0.0,2.8715430980845547,0.0,0.0,0.9908979960549417,0.13461486327408553,0.800000002567426,-0.05394316184643535,0.0,0.0,0.0,0.5756675717706502
2026-08-28T01:53:12.508424,27.08,6.790141986430633,-5.168295424247283,0.0,2.883065194371575,0.0,0.0,0.9916570707271157,0.12890404988562734,0.8000000026275554,-0.05331945307413741,0.0,0.0,0.0,0.5757487464929336
2026-08-28T01:53:12.599364,27.1,6.774826331516884,-5.163666321457203,0.0,2.8945899831474495,0.0,0.0,0.9923833985552744,0.12318762223488022,0.800000002584222,-0.052709681269180644,0.0,0.0,0.0,0.5758953888986594
2026-08-28T01:53:12.721516,27.12,6.7594583774154176,-5.159213921624213,0.0,2.9061159107518337,0.0,0.0,0.9930768410835067,0.11746653865507249,0.8000000026748707,-0.052113603524981476,0.0,0.0,0.0,0.5760447428420936
2026-08-28T01:53:12.810757,27.14,6.744040154811878,-5.154938844062985,0.0,2.917644563134706,0.0,0.0,0.9937374541160399,0.11174019995942197,0.8000000023403926,-0.05153096252136471,0.0,0.0,0.0,0.5762013973270074
2026-08-28T01:53:12.896758,27.16,6.728573695439107,-5.150841709802235,0.0,2.9291771266720836,0.0,0.0,0.9943652551811648,0.10600820387355414,0.8000000028791838,-0.050960960647857094,0.0,0.0,0.0,0.5763670512494451
2026-08-28T01:53:12.984938,27.18,6.713061035294659,-5.146923132423078,0.0,2.9407130851183556,0.0,0.0,0.994960163894639,0.10027099412468726,0.8000000030238102,-0.05040402104763007,0.0,0.0,0.0,0.5765407061534125
2026-08-28T01:53:13.072439,27.2,6.697504222727587,-5.143183686630903,0.0,2.9522520854559957,0.0,0.0,0.9955221145633468,0.09452893427582132,0.8000000029846523,-0.04985945665691682,0.0,0.0,0.0,0.5767216805810326
2026-08-28T01:53:13.173893,27.22,6.681905313284341,-5.139623926115104,0.0,2.963794198854943,0.0,0.0,0.996051065441131,0.08878217745464356,0.8000000034257457,-0.04932692356508523,0.0,0.0,0.0,0.5769108017660547
2026-08-28T01:53:13.265661,27.24,6.666266371169819,-5.1362443759155925,0.0,2.975338325486751,0.0,0.0,0.9965469264165369,0.08303146060231242,0.8000000030763024,-0.04880672946193959,0.0,0.0,0.0,0.5771087903375944
2026-08-28T01:53:13.362424,27.26,6.650589468779529,-5.133045532499588,0.0,2.9868879932595833,0.0,0.0,0.997009799914528,0.07727521513650384,0.8000000028497184,-0.048298096055577125,0.0,0.0,0.0,0.5773160295389865
2026-08-28T01:53:13.452029,27.28,6.634876677072506,-5.130027910426181,0.0,2.998441544072376,0.0,0.0,0.9974395633664341,0.0715144561006875,0.8000000027339322,-0.0478008731788458,0.0,0.0,0.0,0.5775340022991411
2026-08-28T01:53:13.540974,27.3,6.619130078511805,-5.127191980533805,0.0,3.0099990545212183,0.0,0.0,0.9978361713951579,0.06574933501909466,0.8000000030099463,-0.047314718676525744,0.0,0.0,0.0,0.5777598691477863
2026-08-28T01:53:13.632669,27.32,6.603351761992625,-5.124538192544094,0.0,3.0215610322731195,0.0,0.0,0.9981995917400217,0.05997978867963775,0.8000000031183297,-0.046839647020138334,0.0,0.0,0.0,0.5779956495653313
2026-08-28T01:53:13.716033,27.34,6.5875437784447755,-5.122067263536264,0.0,3.03319688868109,0.0,0.0,0.9985316542493752,0.05417135277991719,0.80000000304849,-0.04637481755444312,0.0,0.0,0.0,0.5855304011447697
2026-08-28T01:53:13.828353,27.36,6.571707985010839,-5.119781339047222,0.0,3.044914959081173,0.0,0.0,0.998831905401423,0.04832002433942707,0.8000000033444105,-0.045919856396111666,0.0,0.0,0.0,0.5859147273809616
2026-08-28T01:53:13.915591,27.38,6.5558464925252276,-5.1176811347961015,0.0,3.056640011674567,0.0,0.0,0.9990980167072204,0.04246354921222016,0.8000000034834396,-0.04547526114008005,0.0,0.0,0.0,0.586245044392811
2026-08-28T01:53:14.015573,27.4,6.539961466410658,-5.115767043671357,0.0,3.068370801140934,0.0,0.0,0.9993298948940132,0.036602748136176505,0.800000003230416,-0.04504076813930306,0.0,0.0,0.0,0.5865103418246871
2026-08-28T01:53:14.118011,27.42,6.5240550808814,-5.114039416140546,0.0,3.0801066046464953,0.0,0.0,0.9995274704418883,0.030738181989832674,0.800000003414049,-0.04461602807737575,0.0,0.0,0.0,0.5867845945522873
2026-08-28T01:53:14.206613,27.44,6.508129516176701,-5.112498577344972,0.0,3.091847993313543,0.0,0.0,0.9996906995425274,0.024869765744214397,0.8000000029234288,-0.04420112148718901,0.0,0.0,0.0,0.5870694569244398
2026-08-28T01:53:14.309118,27.46,6.492186957961622,-5.11114483042189,0.0,3.1035948741706916,0.0,0.0,0.9998195265236094,0.018997746763907832,0.800000002812414,-0.04379557802700606,0.0,0.0,0.0,0.5873666575198231
2026-08-28T01:53:14.400058,27.48,6.476229597166666,-5.109978456812894,0.0,3.115347357750654,0.0,0.0,0.9999138992913732,0.013122271294312834,0.8000000032517653,-0.04339908020989724,0.0,0.0,0.0,0.5876758846469324
2026-08-28T01:53:14.486439,27.5,6.460259629868605,-5.108999716274819,0.0,3.127106052260176,0.0,0.0,0.9999737674124318,0.007243237327858132,0.8000000032218181,-0.04301170916027551,0.0,0.0,0.0,0.5879980412266576
2026-08-28T01:53:14.588019,27.52,6.444279257162464,-5.108208847003095,0.0,3.138871212216868,0.0,0.0,0.9999990742197495,0.0013607202665531248,0.8000000029268074,-0.0426332553749949,0.0,0.0,0.0,0.5883337365364717
2026-08-28T01:53:14.669155,27.54,6.42829068553573,-5.107606051756116,0.0,-3.1325457081449892,0.0,0.0,-0.99998976911471,0.004523457296014639,0.8000000027939832,-0.04226352844951909,0.0,0.0,0.0,0.5886830624259087
2026-08-28T01:53:14.754694,27.56,6.412296126279644,-5.1071914978151165,0.0,-3.1207669701240475,0.0,0.0,-0.9999457868533743,0.010412653561220902,0.8000000026207901,-0.041902183092776046,0.0,0.0,0.0,0.5890465520469955
2026-08-28T01:53:14.845692,27.58,6.396297793467872,-5.1069653857299855,0.0,-3.1089849896115256,0.0,0.0,-0.9998670954752749,0.01630310969838673,0.800000002915105,-0.04154897546875178,0.0,0.0,0.0,0.5894286772802174
2026-08-28T01:53:14.936932,27.6,6.3802979070444525,-5.106927822557362,0.0,-3.097195653764531,0.0,0.0,-0.9997536234183825,0.0221966768191768,0.8000000032196289,-0.041203782481311235,0.0,0.0,0.0,0.5898223411959458
2026-08-28T01:53:15.037106,27.62,6.364298690256981,-5.107078937633578,0.0,-3.085398717331651,0.0,0.0,-0.9996053061575816,0.028093271465024085,0.800000003569009,-0.0408664347268452,0.0,0.0,0.0,0.5902365593660163
2026-08-28T01:53:15.123050,27.64,6.348302370763331,-5.107418839173158,0.0,-3.073593467082738,0.0,0.0,-0.9994220695051542,0.03399304320055303,0.8000000031405017,-0.04053699601427751,0.0,0.0,0.0,0.5942418296076857
2026-08-28T01:53:15.208709,27.66,6.332311201101664,-5.107948207631184,0.0,-3.0617034655492716,0.0,0.0,-0.9992023207755331,0.039933972464417336,0.8000000031584955,-0.04021454377731701,0.0,0.0,0.0,0.5947413832642912
2026-08-28T01:53:15.299586,27.68,6.316327458523591,-5.108667727954719,0.0,-3.0498088235513805,0.0,0.0,-0.9989471508683715,0.04587580813416869,0.8000000037487693,-0.039899382607928816,0.0,0.0,0.0,0.595250021623453
2026-08-28T01:53:15.387256,27.7,6.300353410908315,-5.109577416627622,0.0,-3.037899613371747,0.0,0.0,-0.9986562702191263,0.05182329545699817,0.8000000033652336,-0.039591597881774354,0.0,0.0,0.0,0.5956868979284538
2026-08-28T01:53:15.493217,27.72,6.284391334718547,-5.110677348898307,0.0,-3.0259817866223964,0.0,0.0,-0.9983297311034549,0.057773246359395194,0.8000000033352452,-0.03929077023360856,0.0,0.0,0.0,0.5961454996099298
2026-08-28T01:53:15.579700,27.74,6.268443505818951,-5.1119674957687655,0.0,-3.014059340495196,0.0,0.0,-0.9979675955743776,0.06372345081283148,0.8000000033461306,-0.03899706422104054,0.0,0.0,0.0,0.5966149653396975
2026-08-28T01:53:15.672254,27.76,6.252512201422871,-5.113447786377006,0.0,-3.002122594032913,0.0,0.0,-0.9975694980061804,0.06967852357575502,0.8000000027478378,-0.03871026271533346,0.0,0.0,0.0,0.5971035271321316
2026-08-28T01:53:15.750477,27.78,6.236599708472986,-5.115118201405947,0.0,-2.990181474580769,0.0,0.0,-0.9971357002730851,0.07563329452631468,0.8000000032615648,-0.03842984013240838,0.0,0.0,0.0,0.5976174152429045
2026-08-28T01:53:15.837461,27.8,6.22070831025454,-5.11697862473604,0.0,-2.978224969561391,0.0,0.0,-0.9966657295194195,0.0815930364769158,0.8000000035199066,-0.03815585467915246,0.0,0.0,0.0,0.5981458820846078
2026-08-28T01:53:15.921212,27.82,6.204840305131284,-5.119029020186642,0.0,-2.9662575906716575,0.0,0.0,-0.9961596625162923,0.08755527839843023,0.8000000031656724,-0.03788834659851077,0.0,0.0,0.0,0.5987028575387647
2026-08-28T01:53:16.022710,27.84,6.188997988910294,-5.121269270286849,0.0,-2.95427881223144,0.0,0.0,-0.9956173955545756,0.0935200602497863,0.8000000027795687,-0.03762723824245599,0.0,0.0,0.0,0.5992756187687311
2026-08-28T01:53:16.135924,27.86,6.173183657240615,-5.123699211727597,0.0,-2.942294480914395,0.0,0.0,-0.9950391369245583,0.09948424995158851,0.8000000026264116,-0.03737220260880139,0.0,0.0,0.0,0.5998714012582266
2026-08-28T01:53:16.232091,27.88,6.157399600777192,-5.126318612151217,0.0,-2.9302984187639125,0.0,0.0,-0.9944245319819649,0.10545070029378707,0.8000000026652524,-0.03712306060516912,0.0,0.0,0.0,0.6004910843960554
2026-08-28T01:53:16.321658,27.9,6.141648128002679,-5.129127312067646,0.0,-2.918283981881344,0.0,0.0,-0.9937731277177537,0.11142248707542432,0.8000000033984151,-0.036879344451260766,0.0,0.0,0.0,0.6011445164622414
2026-08-28T01:53:16.412072,27.92,6.125931556931524,-5.1321251581283045,0.0,-2.9062629411814767,0.0,0.0,-0.9930854739777871,0.1173935320804086,0.8000000033314275,-0.03664149474596572,0.0,0.0,0.0,0.6018252501148663
2026-08-28T01:53:16.512809,27.94,6.110252280316926,-5.135312307564269,0.0,-2.894122664490939,0.0,0.0,-0.9923545875280554,0.12341949850823065,0.8000000029761228,-0.03640858384108827,0.0,0.0,0.0,0.6135197135993862
2026-08-28T01:53:16.601967,27.96,6.094611400715692,-5.138682949869011,0.0,-2.8835211332130273,0.0,0.0,-0.9916864311402058,0.12867797905003744,0.800000002523415,-0.03619242239199142,0.0,0.0,0.0,0.403752818260082
2026-08-28T01:53:16.696672,27.98,6.079000066410934,-5.142187974532414,0.0,-2.875448623339345,0.0,0.0,-0.9911589774758828,0.13267961926747673,0.8000000020376787,-0.03600329718247353,0.0,0.0,0.0,0.40072556599161074
2026-08-28T01:53:16.784368,28.0,6.06341741672046,-5.145818402288922,0.0,-2.86745542965756,0.0,0.0,-0.9906207961655703,0.1366398119300942,0.8000000017893897,-0.03581924856357991,0.0,0.0,0.0,0.39884639318400344
2026-08-28T01:53:16.877817,28.02,6.047864241039429,-5.149573093731266,0.0,-2.859479958049989,0.0,0.0,-0.9900680377056789,0.1405890490529983,0.8000000017788615,-0.03563970846330548,0.0,0.0,0.0,0.39896379491063716
2026-08-28T01:53:16.965609,28.04,6.032341520886329,-5.153451771321543,0.0,-2.8515013539761958,0.0,0.0,-0.9894993087898788,0.14453760031338578,0.8000000014992781,-0.035464599364109686,0.0,0.0,0.0,0.39915203343642164
2026-08-28T01:53:17.058569,28.06,6.016850259226421,-5.1574542445527625,0.0,-2.843518694773874,0.0,0.0,-0.9889145314152111,0.1484858564168099,0.8000000013104461,-0.03529380848122952,0.0,0.0,0.0,0.39936307393118803
2026-08-28T01:53:17.172557,28.08,6.001391458317066,-5.161580314558917,0.0,-2.835534115870581,0.0,0.0,-0.9883138536367383,0.15243269567156437,0.8000000013901861,-0.035127050264810986,0.0,0.0,0.0,0.39958042765283086
2026-08-28T01:53:17.292233,28.1,5.985966115752022,-5.165829759804545,0.0,-2.8275451614193,0.0,0.0,-0.9876970816421774,0.15637926625843346,0.8000000012647697,-0.03496439464064703,0.0,0.0,0.0,0.3998036002143509
2026-08-28T01:53:17.434237,28.12,5.9705752379678545,-5.170202385724084,0.0,-2.819549435229215,0.0,0.0,-0.9870640072842091,0.1603266837555084,0.8000000011398299,-0.03480571275494907,0.0,0.0,0.0,0.4000346388650594
2026-08-28T01:53:17.571336,28.14,5.955219834196553,-5.1746980003498315,0.0,-2.811551812288192,0.0,0.0,-0.9864150010011838,0.16427247426101058,0.8000000016200232,-0.034650613503358255,0.0,0.0,0.0,0.4002717761559698
2026-08-28T01:53:17.706234,28.16,5.939900900864891,-5.179316361119534,0.0,-2.803549531477042,0.0,0.0,-0.9857498297108634,0.1682179337199327,0.8000000016862252,-0.034499258564057424,0.0,0.0,0.0,0.40051322160793507
2026-08-28T01:53:17.826643,28.18,5.924619441838936,-5.184057245361596,0.0,-2.7955424102279776,0.0,0.0,-0.985068460780327,0.17216308424246288,0.8000000015657928,-0.03435163949710586,0.0,0.0,0.0,0.4007634267929886
2026-08-28T01:53:17.956872,28.2,5.909376460975764,-5.1889204240008695,0.0,-2.787530298476149,0.0,0.0,-0.9843708632728526,0.176107931506389,0.8000000014830136,-0.03420765243009328,0.0,0.0,0.0,0.40102033584880276
2026-08-28T01:53:18.054753,28.22,5.894172962236776,-5.193905661893723,0.0,-2.779513122089245,0.0,0.0,-0.9836570121799639,0.1800524434413103,0.8000000014472515,-0.034067167776102816,0.0,0.0,0.0,0.401284090548274
2026-08-28T01:53:18.143802,28.24,5.879010088429305,-5.199013126955686,0.0,-2.771391958493314,0.0,0.0,-0.9829177870977134,0.18404516784456545,0.8000000013892565,-0.033929551292633704,0.0,0.0,0.0,0.4120928474655607
2026-08-28T01:53:18.249322,28.26,5.863889689832723,-5.20424499643539,0.0,-2.763149128305602,0.0,0.0,-0.9821509147727977,0.18809460548074367,0.8000000016174609,-0.03379430179105764,0.0,0.0,0.0,0.4125375100667754
2026-08-28T01:53:18.342471,28.28,5.848812971691316,-5.209601439278493,0.0,-2.754898281389654,0.0,0.0,-0.981366589416431,0.1921447818109103,0.8000000017733695,-0.033662308833460344,0.0,0.0,0.0,0.41290559657135484
2026-08-28T01:53:18.439651,28.3,5.83378100038753,-5.215082200799168,0.0,-2.7466411316562254,0.0,0.0,-0.9805649438042013,0.19619477817277284,0.8000000017932908,-0.03353351508508569,0.0,0.0,0.0,0.4131778649061055
2026-08-28T01:53:18.543169,28.32,5.8187948290194536,-5.220686982251412,0.0,-2.7383812011822513,0.0,0.0,-0.9797463059476711,0.20024279258413397,0.8000000016191763,-0.033407995634947944,0.0,0.0,0.0,0.41345493410690676
2026-08-28T01:53:18.635119,28.34,5.803855500575069,-5.226415452515831,0.0,-2.7301157998017427,0.0,0.0,-0.9789103981391785,0.20429006930097016,0.8000000016280826,-0.03328555948717752,0.0,0.0,0.0,0.4137386331223924
2026-08-28T01:53:18.730214,28.36,5.788964073043664,-5.232267314588516,0.0,-2.7218416422732297,0.0,0.0,-0.9780568592229143,0.208338138916062,0.8000000013169,-0.033166288871529406,0.0,0.0,0.0,0.41403259041792456
2026-08-28T01:53:18.832734,28.38,5.77412160881442,-5.238242275549696,0.0,-2.7135646752083997,0.0,0.0,-0.9771862821265721,0.21238401546172753,0.8000000013991774,-0.033049930725920704,0.0,0.0,0.0,0.414334717182755
2026-08-28T01:53:18.918734,28.4,5.759329153096044,-5.244339992686822,0.0,-2.705278581931509,0.0,0.0,-0.9762979811536519,0.21643070945525172,0.800000001335779,-0.03293649181558366,0.0,0.0,0.0,0.4146423023538836
2026-08-28T01:53:19.021790,28.42,5.744587773566371,-5.250560171813497,0.0,-2.6969864407632165,0.0,0.0,-0.9753922555055853,0.22047663799080192,0.8000000015354356,-0.03282574218086578,0.0,0.0,0.0,0.41496135894470393
2026-08-28T01:53:19.136915,28.44,5.72989851923501,-5.256902466756755,0.0,-2.6886911246869567,0.0,0.0,-0.974469406570493,0.22452032348576192,0.8000000015182972,-0.032717797439037646,0.0,0.0,0.0,0.41528626422868886
2026-08-28T01:53:19.267695,28.46,5.715262427858685,-5.263366499972622,0.0,-2.6803890487186233,0.0,0.0,-0.9735290212702241,0.22856343702490886,0.80000000106297,-0.032612796360245284,0.0,0.0,0.0,0.41562037995182943
2026-08-28T01:53:19.388878,28.48,5.700680551731066,-5.269951921982874,0.0,-2.6720805789039903,0.0,0.0,-0.9725711173845657,0.2326057214028438,0.8000000013391854,-0.032510237065051,0.0,0.0,0.0,0.41596706995022936
2026-08-28T01:53:19.524780,28.5,5.6861539432643395,-5.2766583770177595,0.0,-2.6637659981703687,0.0,0.0,-0.9715957061532547,0.23664696022674445,0.8000000024349595,-0.03240963102703934,0.0,0.0,0.0,0.4163232975842875
2026-08-28T01:53:19.633630,28.52,5.671683661318787,-5.283485516255102,0.0,-2.6554406512476896,0.0,0.0,-0.9706022071567666,0.2406893339190857,0.8000000024669945,-0.03231153333363422,0.0,0.0,0.0,0.41668995351961746
2026-08-28T01:53:19.738645,28.54,5.657270771397943,-5.290432997297893,0.0,-2.6471113311001737,0.0,0.0,-0.9695914035540959,0.24472946319149727,0.8000000019531447,-0.032216191610967414,0.0,0.0,0.0,0.43315670543505036
2026-08-28T01:53:19.844927,28.56,5.642917749204196,-5.297503324681491,0.0,-2.6384097456750975,0.0,0.0,-0.9685174628723922,0.24894562480835947,0.8000000015436383,-0.032120671252116914,0.0,0.0,0.0,0.43821334364121756
2026-08-28T01:53:19.940507,28.58,5.628627202036909,-5.304699089431403,0.0,-2.6296415204221093,0.0,0.0,-0.9674167530588834,0.2531893084255482,0.8000000016192529,-0.03202692504080989,0.0,0.0,0.0,0.4390358651666833
2026-08-28T01:53:20.030862,28.6,5.614400382932086,-5.312020044509324,0.0,-2.6208607268574604,0.0,0.0,-0.9662958313585563,0.2574341979983941,0.8000000018806598,-0.03193535451866009,0.0,0.0,0.0,0.4394947792317329
2026-08-28T01:53:20.141120,28.62,5.600238462716704,-5.319465766667448,0.0,-2.6120712073525545,0.0,0.0,-0.9651551420861939,0.2616783363302718,0.8000000018002285,-0.03184616571202403,0.0,0.0,0.0,0.43990355065641257
2026-08-28T01:53:20.265601,28.64,5.586142598517402,-5.3270357978930045,0.0,-2.603273328278592,0.0,0.0,-0.9639947004351748,0.26592144993004546,0.8000000015241421,-0.0317593601423921,0.0,0.0,0.0,0.4403192228747383
2026-08-28T01:53:20.370200,28.66,5.572113937254604,-5.33472965403528,0.0,-2.594471508728749,0.0,0.0,-0.9628150725916185,0.27016131475545596,0.8000000017670952,-0.03167464555396698,0.0,0.0,0.0,0.4407464787470999
2026-08-28T01:53:20.481917,28.68,5.558153608198163,-5.342546812686312,0.0,-2.5856611962739504,0.0,0.0,-0.9616156317512218,0.2744000305606737,0.8000000017872201,-0.031592075601053746,0.0,0.0,0.0,0.4411864181703941
2026-08-28T01:53:20.576179,28.7,5.544262773057248,-5.35048680336907,0.0,-2.576837522849558,0.0,0.0,-0.9603956689759192,0.2786398374466518,0.8000000017557122,-0.03151159711427577,0.0,0.0,0.0,0.44164477340367386
2026-08-28T01:53:20.679446,28.72,5.530442612952083,-5.358549180499725,0.0,-2.568004593987553,0.0,0.0,-0.9591557037258469,0.2828786595170716,0.8000000017802629,-0.031433159858718786,0.0,0.0,0.0,0.4421173210355084
2026-08-28T01:53:20.769380,28.74,5.516694273506286,-5.366733428263979,0.0,-2.5591669531236048,0.0,0.0,-0.9578963535838441,0.2871142208090279,0.8000000017384005,-0.03135677465712852,0.0,0.0,0.0,0.44259923928997874
2026-08-28T01:53:20.872468,28.76,5.503018879261506,-5.375038988962441,0.0,-2.5503197707950505,0.0,0.0,-0.9566169096770134,0.29134873969180103,0.8000000018243467,-0.03128229922851387,0.0,0.0,0.0,0.4430959210200286
2026-08-28T01:53:20.976785,28.78,5.489417583103614,-5.383465345603098,0.0,-2.5414623920535733,0.0,0.0,-0.955317239641291,0.295582427833835,0.8000000014163209,-0.031209972814292896,0.0,0.0,0.0,0.4436138796165504
2026-08-28T01:53:21.066135,28.8,5.475891550181227,-5.392011992452916,0.0,-2.532589574463467,0.0,0.0,-0.9539965183310793,0.29981768295445593,0.8000000016924917,-0.031139297942865674,0.0,0.0,0.0,0.44414830625958535
2026-08-28T01:53:21.164104,28.82,5.4624419705735265,-5.400678453339585,0.0,-2.52370606856675,0.0,0.0,-0.9526553958688672,0.30405212829699463,0.8000000018891461,-0.03107033699265873,0.0,0.0,0.0,0.44469945456852034
2026-08-28T01:53:21.251743,28.84,5.449069951188545,-5.409464114208987,0.0,-2.5148348776557468,0.0,0.0,-0.951297376555414,0.3082747173525374,0.8000000021794383,-0.031003104861158783,0.0,0.0,0.0,0.4429429023561017
2026-08-28T01:53:21.348689,28.86,5.435776337300718,-5.418367965774276,0.0,-2.505976319261938,0.0,0.0,-0.9499226147222508,0.3124852413142774,0.8000000022744519,-0.030937687460022668,0.0,0.0,0.0,0.4434463626062622
2026-08-28T01:53:21.459244,28.88,5.422562214568882,-5.4273893681216,0.0,-2.4971071276013195,0.0,0.0,-0.9485275331131484,0.31669467776753873,0.8000000020754736,-0.03087408224638028,0.0,0.0,0.0,0.4439943871204993
2026-08-28T01:53:21.575122,28.9,5.409428709009376,-5.436527736138708,0.0,-2.4882321056917065,0.0,0.0,-0.9471128626721363,0.3209006471806982,0.8000000015661104,-0.030812463725733822,0.0,0.0,0.0,0.4445900740515459
2026-08-28T01:53:21.683397,28.92,5.396376938071662,-5.445782465124265,0.0,-2.47933922262318,0.0,0.0,-0.9456766388137523,0.325108743041346,0.8000000017899023,-0.030752270896301077,0.0,0.0,0.0,0.445206050428073
2026-08-28T01:53:21.782036,28.94,5.383408090109084,-5.455153042061624,0.0,-2.4704337251396797,0.0,0.0,-0.9442196411145908,0.3293163666346289,0.8000000017435446,-0.030693681259852085,0.0,0.0,0.0,0.4458498853771352
2026-08-28T01:53:21.874030,28.96,5.370523299533108,-5.464638868308455,0.0,-2.461521968201813,0.0,0.0,-0.9427428786073012,0.3335204114221787,0.8000000019154225,-0.030636537037711492,0.0,0.0,0.0,0.44650737398466883
2026-08-28T01:53:21.961098,28.98,5.357723685464264,-5.474239316307786,0.0,-2.4525905032869657,0.0,0.0,-0.9412440701964271,0.33772710924659793,0.8000000021882083,-0.03058067883899172,0.0,0.0,0.0,0.44718664737720554
2026-08-28T01:53:22.054533,29.0,5.345010447616942,-5.483953857033579,0.0,-2.4436448396419506,0.0,0.0,-0.9397240633173518,0.3419337433221907,0.8000000017850141,-0.03052652924743831,0.0,0.0,0.0,0.44789784164250634
2026-08-28T01:53:22.170223,29.02,5.332384724438711,-5.493781869561805,0.0,-2.434691959538617,0.0,0.0,-0.9381840072038027,0.3461369217910957,0.8000000015928537,-0.030473941678821705,0.0,0.0,0.0,0.4486244035861218
2026-08-28T01:53:22.262095,29.04,5.31984761864117,-5.503722678890464,0.0,-2.4257245731191834,0.0,0.0,-0.9366226102603956,0.3503399576825389,0.8000000016005622,-0.03042273570794774,0.0,0.0,0.0,0.4493753246595923
2026-08-28T01:53:22.363186,29.06,5.307400286440799,-5.513775669922731,0.0,-2.4167424519865905,0.0,0.0,-0.9350397719332492,0.3545428393057986,0.8000000019312606,-0.030372669250896874,0.0,0.0,0.0,0.45016233246887294
2026-08-28T01:53:22.447605,29.08,5.295043908699641,-5.523940247129618,0.0,-2.4077362593695115,0.0,0.0,-0.9334337564836633,0.35874980453903677,0.800000001673707,-0.030324029749318582,0.0,0.0,0.0,0.45097735635604136
2026-08-28T01:53:22.540479,29.1,5.2827726414162255,-5.534207445781618,0.0,-2.4006887531287324,0.0,0.0,-0.9321638182156292,0.3620367605777892,0.800000000881651,-0.030292796359376005,0.0,0.0,0.0,0.17702777103000628
2026-08-28T01:53:22.647697,29.12,5.270544742286332,-5.5445262774623085,0.0,-2.397198244426296,0.0,0.0,-0.9315305526602186,0.36366307134564524,0.8000000003525343,-0.03029629402932219,0.0,0.0,0.0,0.1725729077885006
2026-08-28T01:53:22.737028,29.14,5.2583526469765065,-5.554887388470729,0.0,-2.393752219590986,0.0,0.0,-0.9309025742320124,0.36526756944493805,0.8000000002597253,-0.03030028270546124,0.0,0.0,0.0,0.1758282152432107
2026-08-28T01:53:22.835841,29.16,5.246196724793213,-5.565290914699148,0.0,-2.3902408910976036,0.0,0.0,-0.9302598526626682,0.36690135802969,0.8000000000231696,-0.0303042179056856,0.0,0.0,0.0,0.176156950470008
2026-08-28T01:53:22.928157,29.18,5.234077507467801,-5.57573717586616,0.0,-2.386719202004268,0.0,0.0,-0.9296123545719149,0.3685388313695864,0.8000000000588164,-0.0303082516305353,0.0,0.0,0.0,0.17653705836535621
2026-08-28T01:53:23.018252,29.2,5.221995248282289,-5.5862261611912984,0.0,-2.3831906592459,0.0,0.0,-0.9289607056167217,0.3701783454229628,0.8000000003660609,-0.030312173299306838,0.0,0.0,0.0,0.17687185410361617
2026-08-28T01:53:23.116419,29.22,5.209950169640357,-5.596757822024407,0.0,-2.3796554502515628,0.0,0.0,-0.928304925815377,0.3718198013916248,0.8000000004543301,-0.030316168409795976,0.0,0.0,0.0,0.1772095495573609
2026-08-28T01:53:23.232554,29.24,5.197942493779207,-5.607332107770672,0.0,-2.376113544273407,0.0,0.0,-0.9276449950617491,0.37346320185111587,0.8000000005568185,-0.03032018286927415,0.0,0.0,0.0,0.17755349291492378
2026-08-28T01:53:23.329280,29.26,5.185972444583988,-5.617948967949087,0.0,-2.372564154417729,0.0,0.0,-0.9269807513315067,0.37510889973563066,0.799999999940031,-0.03032473544017706,0.0,0.0,0.0,0.17790415099322243
2026-08-28T01:53:23.420663,29.28,5.174040247767094,-5.628608352365599,0.0,-2.3690078560636216,0.0,0.0,-0.926312286631422,0.37675661591492493,0.800000000157914,-0.030329251676784776,0.0,0.0,0.0,0.178261804860416
2026-08-28T01:53:23.516353,29.3,5.162146130937664,-5.639310211132561,0.0,-2.365444487311781,0.0,0.0,-0.9256395553683546,0.37840641318227525,0.8000000002941294,-0.03033374749817422,0.0,0.0,0.0,0.17862604193011872
2026-08-28T01:53:23.609419,29.32,5.150290313588608,-5.650054483595544,0.0,-2.3618774311339297,0.0,0.0,-0.9249631850426508,0.38005671460422175,0.8000000002912758,-0.030338392613890857,0.0,0.0,0.0,0.1789977164265643
2026-08-28T01:53:23.701228,29.34,5.138472996886332,-5.660841087366573,0.0,-2.3583031476170584,0.0,0.0,-0.9242824930706519,0.3817091471305085,0.8000000004796874,-0.030342960041931984,0.0,0.0,0.0,0.17937704293017612
2026-08-28T01:53:23.798000,29.36,5.12669441330205,-5.671669972941237,0.0,-2.354721145045566,0.0,0.0,-0.9235973694594166,0.3833639251776905,0.800000000313343,-0.0303477141679591,0.0,0.0,0.0,0.1797676469235071
2026-08-28T01:53:23.890863,29.38,5.114954797816212,-5.68254109162338,0.0,-2.3511313354657926,0.0,0.0,-0.9229077803146525,0.38502107609153174,0.8000000003412371,-0.03035253975512322,0.0,0.0,0.0,0.18016658732557633
2026-08-28T01:53:23.971048,29.4,5.103254388023529,-5.693454395566041,0.0,-2.347533695072521,0.0,0.0,-0.9222137038494393,0.38668059743449573,0.8000000005118234,-0.030357317956696602,0.0,0.0,0.0,0.18057378316634431
2026-08-28T01:53:24.066794,29.42,5.091593435226673,-5.704409849491688,0.0,-2.3439241028357025,0.0,0.0,-0.9215143226291089,0.3883443744789082,0.800000000887286,-0.030361858086148438,0.0,0.0,0.0,0.18098956578565475
2026-08-28T01:53:24.149782,29.44,5.079972538572694,-5.715407782796905,0.0,-2.340200649782471,0.0,0.0,-0.9207897350276476,0.3900593081413575,0.8000000004382726,-0.03036610052766209,0.0,0.0,0.0,0.19312411598473803
2026-08-28T01:53:24.237922,29.46,5.068393892262521,-5.7264501878818415,0.0,-2.3363369495698745,0.0,0.0,-0.9200344811667049,0.3918374069232187,0.8000000002018043,-0.03036964166852238,0.0,0.0,0.0,0.1937845953881459
2026-08-28T01:53:24.331254,29.48,5.056858128107214,-5.737537383393533,0.0,-2.3324612093427057,0.0,0.0,-0.9192734241208319,0.39361957739060827,0.8000000004583429,-0.030373049305860985,0.0,0.0,0.0,0.1943534826740653
2026-08-28T01:53:24.416455,29.5,5.0453655451437465,-5.748669332661584,0.0,-2.328575271967852,0.0,0.0,-0.9185068989018373,0.3954049527632777,0.8000000004108914,-0.03037657465074201,0.0,0.0,0.0,0.19479925106996207
2026-08-28T01:53:24.517629,29.52,5.033916407607568,-5.759845960364527,0.0,-2.3246849633300295,0.0,0.0,-0.9177360380928298,0.3971908412661049,0.8000000004906819,-0.030380137339529836,0.0,0.0,0.0,0.19525121438713028
2026-08-28T01:53:24.602749,29.54,5.02251096535467,-5.771067174310895,0.0,-2.3207809191543434,0.0,0.0,-0.9169589648243092,0.39898152441977985,0.8000000003842795,-0.030383821313605654,0.0,0.0,0.0,0.19571171012614677
2026-08-28T01:53:24.695836,29.56,5.011149534133954,-5.782332947025566,0.0,-2.316867442252129,0.0,0.0,-0.9161765073950792,0.40077500832431473,0.8000000003064959,-0.030387631895789646,0.0,0.0,0.0,0.19618738917944603
2026-08-28T01:53:24.782684,29.58,4.999832395363486,-5.793643213295833,0.0,-2.3129445012433245,0.0,0.0,-0.9153886371085694,0.40257128940414494,0.8000000004260874,-0.03039142110776504,0.0,0.0,0.0,0.19666893677967515
2026-08-28T01:53:24.878747,29.6,4.988559832787445,-5.804997907690873,0.0,-2.3090119725995737,0.0,0.0,-0.9145953065201665,0.40437040605277075,0.8000000005948906,-0.030395148730148584,0.0,0.0,0.0,0.19716140856396247
2026-08-28T01:53:24.978824,29.62,4.977332118733047,-5.816396950997707,0.0,-2.305074406137845,0.0,0.0,-0.9137974168257282,0.40617026110071897,0.8000000004762707,-0.030399051160199843,0.0,0.0,0.0,0.19766535681980438
2026-08-28T01:53:25.062420,29.64,4.966149514224897,-5.827840250594871,0.0,-2.301121362030384,0.0,0.0,-0.9129928279318762,0.4079756072916069,0.8000000002046677,-0.030403165294284995,0.0,0.0,0.0,0.19818131573308803
2026-08-28T01:53:25.150656,29.66,4.955012340474178,-5.839327770321091,0.0,-2.2971632120345253,0.0,0.0,-0.9121836261585937,0.4097816884246524,0.8000000002582286,-0.03040731307454596,0.0,0.0,0.0,0.19871502669887173
2026-08-28T01:53:25.240977,29.68,4.943920864377397,-5.8508594182758715,0.0,-2.293188657204642,0.0,0.0,-0.9113674755703286,0.4115936399807054,0.7999999998867758,-0.03041173028758234,0.0,0.0,0.0,0.1992555921330432
2026-08-28T01:53:25.329517,29.7,4.93287543260723,-5.8624351766597,0.0,-2.2892029727279573,0.0,0.0,-0.9105454252114661,0.4134090330731423,0.7999999997493986,-0.030416284989368093,0.0,0.0,0.0,0.19981538803881
2026-08-28T01:53:25.416038,29.72,4.921876350328736,-5.874054984437457,0.0,-2.285206434389861,0.0,0.0,-0.9097175052966431,0.41522772132512065,0.8000000002237908,-0.030420542421810762,0.0,0.0,0.0,0.20038229235784638
2026-08-28T01:53:25.505976,29.74,4.910924180290709,-5.8857190190070545,0.0,-2.2811180124498054,0.0,0.0,-0.9088667920624135,0.41708650695770244,0.8000000007093209,-0.030423963406740688,0.0,0.0,0.0,0.20968725563641857
2026-08-28T01:53:25.599668,29.76,4.9000207747698346,-5.897428650322185,0.0,-2.27692181595846,0.0,0.0,-0.9079897038134379,0.41899247937019735,0.8000000004335759,-0.030426978475244743,0.0,0.0,0.0,0.21049273233464566
2026-08-28T01:53:25.683783,29.78,4.889166760314277,-5.909184078244447,0.0,-2.2727103945191263,0.0,0.0,-0.9071054144897377,0.42090351270024007,0.8000000005619329,-0.030429909641436718,0.0,0.0,0.0,0.21122357850003332
2026-08-28T01:53:25.769908,29.8,4.87836248239018,-5.920985234670282,0.0,-2.268491720094328,0.0,0.0,-0.90621556971305,0.4228159661243321,0.8000000006278969,-0.03043286689888821,0.0,0.0,0.0,0.2118561373588076
2026-08-28T01:53:25.864698,29.82,4.867608230251575,-5.932831996830936,0.0,-2.2642606041071573,0.0,0.0,-0.9053190507613972,0.4247321701125108,0.8000000008574826,-0.030435692487324844,0.0,0.0,0.0,0.2125013687860766
2026-08-28T01:53:25.950793,29.84,4.856904368264759,-5.944724307314577,0.0,-2.2600098445083767,0.0,0.0,-0.9044142894958962,0.42665535617830147,0.8000000007836242,-0.03043855182701372,0.0,0.0,0.0,0.213170140792811
2026-08-28T01:53:26.056405,29.86,4.846251306608788,-5.956662145709628,0.0,-2.25574518562367,0.0,0.0,-0.903502464299894,0.42858289397037164,0.8000000004373993,-0.03044170889502956,0.0,0.0,0.0,0.21385722527225634
2026-08-28T01:53:26.152161,29.88,4.836009317601068,-5.968236929132567,0.0,-2.252087949772608,0.0,0.0,-0.9027172397891652,0.4302343372947245,0.7455556560087288,-0.030349751984007987,0.0,0.0,0.0,0.16438105491557856
2026-08-28T01:53:26.243579,29.9,4.826173652883879,-5.9794441010814765,0.0,-2.248598114816008,0.0,0.0,-0.9019651424872697,0.4318088486100294,0.7455555393537187,-0.030285140629727803,0.0,0.0,0.0,0.17093106213181208
2026-08-28T01:53:26.336636,29.92,4.816596967238024,-5.9904437790067355,0.0,-2.2450788082007653,0.0,0.0,-0.9012039125977285,0.433395325215381,0.7292222457379222,-0.03011762058276788,0.0,0.0,0.0,0.1940931460154921
2026-08-28T01:53:26.422297,29.94,4.807127572563368,-6.00140678183463,0.0,-2.2412273687661095,0.0,0.0,-0.9003676441802304,0.43512998668598096,0.7243222297107024,-0.029977780450780707,0.0,0.0,0.0,0.19679343336777813
2026-08-28T01:53:26.514863,29.96,4.79772047718179,-6.0123845997637675,0.0,-2.2373251751054988,0.0,0.0,-0.8995169502313786,0.436885861806536,0.7228522246342786,-0.029850602177537808,0.0,0.0,0.0,0.19796997262753535
2026-08-28T01:53:26.622305,29.98,4.78836340445296,-6.023391776768234,0.0,-2.233388118073617,0.0,0.0,-0.8986551856491107,0.4386557389410999,0.7222789234635743,-0.029729842107182304,0.0,0.0,0.0,0.19868382903934417
2026-08-28T01:53:26.705859,30.0,4.779051260684621,-6.0344347402009575,0.0,-2.2294328100684524,0.0,0.0,-0.8977859195652518,0.4404321089911308,0.7222392323569334,-0.02961477165683955,0.0,0.0,0.0,0.19938171250528725
2026-08-28T01:53:26.794764,30.02,4.769783563274242,-6.0455143584320625,0.0,-2.225461894077886,0.0,0.0,-0.896909691132631,0.44221375595108814,0.7222273255821293,-0.02950349396377517,0.0,0.0,0.0,0.20007248003653036
2026-08-28T01:53:26.877794,30.04,4.760560378845078,-6.056630857485253,0.0,-2.221475302591771,0.0,0.0,-0.8960264471063578,0.4440006825287066,0.7222237535906786,-0.029395983308956354,0.0,0.0,0.0,0.20077537223535305
2026-08-28T01:53:26.968579,30.06,4.7513819413497576,-6.067784270609613,0.0,-2.2174726069026405,0.0,0.0,-0.895136053422074,0.4457930527318183,0.7222226816897427,-0.02929230420141421,0.0,0.0,0.0,0.20149369703334935
2026-08-28T01:53:27.057334,30.08,4.74224851556195,-6.078974559356529,0.0,-2.213461303452849,0.0,0.0,-0.8942401480124349,0.4475874860657953,0.7222226818597295,-0.029192051987331165,0.0,0.0,0.0,0.20222818704840043
2026-08-28T01:53:27.140743,30.1,4.7331603708783545,-6.09020164442546,0.0,-2.2094263278929014,0.0,0.0,-0.893335326448435,0.4493906925151744,0.722222263940482,-0.029095163758118738,0.0,0.0,0.0,0.20297951420479277
2026-08-28T01:53:27.237101,30.12,4.724117882665036,-6.101465532829146,0.0,-2.205374580913738,0.0,0.0,-0.8924230851843015,0.45119955344629165,0.7222222348404894,-0.029001596234036277,0.0,0.0,0.0,0.20375904682385915
2026-08-28T01:53:27.322885,30.14,4.715121374700783,-6.112766179138348,0.0,-2.2013060168704053,0.0,0.0,-0.8915033721195286,0.4530140588320736,0.7222222263308475,-0.028911036898703404,0.0,0.0,0.0,0.2045479571086663
2026-08-28T01:53:27.416064,30.16,4.706171152198813,-6.1241035190539375,0.0,-2.1972282265153464,0.0,0.0,-0.8905778715487565,0.4548307978882769,0.7222222261805727,-0.02882362348747383,0.0,0.0,0.0,0.20535676438239187
2026-08-28T01:53:27.516048,30.18,4.697262167032793,-6.135473298893156,0.0,-2.1946685862781234,0.0,0.0,-0.8899950407457095,0.45597020456170473,0.7222222225503514,-0.028751644712976573,0.0,0.0,0.0,0.018624537046316746
2026-08-28T01:53:27.608620,30.2,4.688362728162812,-6.1468505552182915,0.0,-2.1942980562614296,0.0,0.0,-0.889910550148734,0.45613508167425326,0.7222222226229913,-0.028703073086161598,0.0,0.0,0.0,0.015867707649428863
2026-08-28T01:53:27.705121,30.22,4.6794672155801305,-6.158230881661181,0.0,-2.1939821843722123,0.0,0.0,-0.8898384989251813,0.4562756248481613,0.7222222224300889,-0.02865654490306618,0.0,0.0,0.0,0.014290090485584137
2026-08-28T01:53:27.785282,30.24,4.670575136828647,-6.169613891357541,0.0,-2.1936975047959293,0.0,0.0,-0.8897735437352879,0.4564022796489383,0.722222222436978,-0.0286118048952742,0.0,0.0,0.0,0.014493045696636479
2026-08-28T01:53:27.870572,30.26,4.661686343385647,-6.180999466675226,0.0,-2.1934058923764144,0.0,0.0,-0.889706987990955,0.45653200930500226,0.7222222223918335,-0.028568584249946634,0.0,0.0,0.0,0.014748994176647849
2026-08-28T01:53:27.951373,30.28,4.652800910992848,-6.192387665186534,0.0,-2.1931082507501647,0.0,0.0,-0.889639036673911,0.45666441116635714,0.7222222220592132,-0.028527043114447582,0.0,0.0,0.0,0.015039912302207182
2026-08-28T01:53:28.037838,30.3,4.64391890574439,-6.203778536833785,0.0,-2.1928049833256322,0.0,0.0,-0.8895697807266127,0.4567993051855552,0.7222222226021565,-0.02848654353345994,0.0,0.0,0.0,0.015334670036197953
2026-08-28T01:53:28.129369,30.32,4.63504039558281,-6.215172132902616,0.0,-2.1924954041627656,0.0,0.0,-0.889499062296683,0.4569369958466065,0.7222222224481467,-0.028447513920933455,0.0,0.0,0.0,0.015634224459522502
2026-08-28T01:53:28.226786,30.34,4.626165440908168,-6.226568498705764,0.0,-2.192182298692421,0.0,0.0,-0.889427516660215,0.4570762437576941,0.7222222220324818,-0.028410060772824784,0.0,0.0,0.0,0.020528835643334
2026-08-28T01:53:28.314168,30.36,4.61729463066298,-6.23796809074466,0.0,-2.191766591779677,0.0,0.0,-0.8893324925708137,0.45726110446634705,0.7222222222178798,-0.028373121565960006,0.0,0.0,0.0,0.02101312987901911
2026-08-28T01:53:28.400904,30.38,4.608428613221078,-6.249371410773763,0.0,-2.1913419520782993,0.0,0.0,-0.8892353869166877,0.4574499171003628,0.7222222223050223,-0.028337322939813767,0.0,0.0,0.0,0.021416154197298448
2026-08-28T01:53:28.492737,30.4,4.599567479568726,-6.26077852623964,0.0,-2.1909096567516837,0.0,0.0,-0.8891364894143409,0.4576421125638917,0.7222222219969617,-0.028302888533492193,0.0,0.0,0.0,0.021741333115744686
2026-08-28T01:53:28.581284,30.42,4.590711307852369,-6.272189494442348,0.0,-2.1904706371594447,0.0,0.0,-0.889036011067002,0.45783727570619837,0.7222222218850018,-0.028269653669904356,0.0,0.0,0.0,0.022070009304054183
2026-08-28T01:53:28.675804,30.44,4.581860174820696,-6.283604371436718,0.0,-2.190025128743231,0.0,0.0,-0.8889340038313205,0.4580353008583703,0.7222222221376102,-0.028237351417870638,0.0,0.0,0.0,0.02240355856822666
2026-08-28T01:53:28.777538,30.46,4.573014158405072,-6.295023214032804,0.0,-2.1895728255462688,0.0,0.0,-0.8888303956846909,0.4582363229895638,0.7222222221381542,-0.028206105562240156,0.0,0.0,0.0,0.022743066318579738
2026-08-28T01:53:28.862426,30.48,4.564173328078984,-6.3064460723328395,0.0,-2.189117011577576,0.0,0.0,-0.888725937343471,0.4584388817421236,0.7222222220459364,-0.028175946991385887,0.0,0.0,0.0,0.023089015537348743
2026-08-28T01:53:28.949002,30.5,4.555337744964846,-6.317872989831753,0.0,-2.1886508886801685,0.0,0.0,-0.8886190687777702,0.4586459970440477,0.7222222222181207,-0.028146627410979095,0.0,0.0,0.0,0.02344144289909809
2026-08-28T01:53:29.044288,30.52,4.546507521252778,-6.329304049344673,0.0,-2.1881775748817502,0.0,0.0,-0.8885105021550718,0.45885628203190404,0.7222222221781741,-0.02811827490565853,0.0,0.0,0.0,0.02380370238080003
2026-08-28T01:53:29.124612,30.54,4.537682741562734,-6.3407393121639695,0.0,-2.187697255857194,0.0,0.0,-0.8884002778321041,0.4590696530460713,0.722222222496544,-0.028090624685398375,0.0,0.0,0.0,0.02416980496647364
2026-08-28T01:53:29.216173,30.56,4.528863491748136,-6.352178840341172,0.0,-2.187209375919135,0.0,0.0,-0.8882882659633803,0.45928635572132015,0.7222222222824148,-0.02806398896492042,0.0,0.0,0.0,0.02454293786811518
2026-08-28T01:53:29.313792,30.58,4.520049859286901,-6.363622696986516,0.0,-2.1867135887173905,0.0,0.0,-0.8881743845227886,0.4595065425840698,0.7222222218101918,-0.02803849454701204,0.0,0.0,0.0,0.024923616485490917
2026-08-28T01:53:29.394744,30.6,4.511241933458873,-6.375070946399371,0.0,-2.1862101811276857,0.0,0.0,-0.8880586968484268,0.45973008488881173,0.7222222218288845,-0.02801379408334085,0.0,0.0,0.0,0.025311660505618564
2026-08-28T01:53:29.486330,30.62,4.502439794014093,-6.386523645346637,0.0,-2.185703206742978,0.0,0.0,-0.8879421326297741,0.4599551816219583,0.7222222221450113,-0.02798970304365189,0.0,0.0,0.0,0.02570708246686914
2026-08-28T01:53:29.565283,30.64,4.493643333588304,-6.397980706775603,0.0,-2.185246337814226,0.0,0.0,-0.8878370398477039,0.4601580062048977,0.7222222222004993,-0.027966673589508443,0.0,0.0,0.0,0.019910932880538162
2026-08-28T01:53:29.655355,30.66,4.484851611511453,-6.40944140466591,0.0,-2.1848446472684757,0.0,0.0,-0.8877446013808524,0.46033631479511955,0.7222222222898452,-0.027944661245245868,0.0,0.0,0.0,0.020200556094759174
2026-08-28T01:53:29.743561,30.68,4.476064523101836,-6.420905655641032,0.0,-2.184436564481662,0.0,0.0,-0.887650655238711,0.46051744185675214,0.7222222222380448,-0.027923380552732066,0.0,0.0,0.0,0.020553593588348282
2026-08-28T01:53:29.841789,30.7,4.467282151001424,-6.4323735200168635,0.0,-2.184020693296298,0.0,0.0,-0.887554878082419,0.46070200606476897,0.7222222221274051,-0.02790284051756978,0.0,0.0,0.0,0.02097820919754279
2026-08-28T01:53:29.937130,30.72,4.458504592373796,-6.443845069061838,0.0,-2.183596137885392,0.0,0.0,-0.8874570613209876,0.46089040379630053,0.7222222219136424,-0.027883072294767774,0.0,0.0,0.0,0.021413653394642376
2026-08-28T01:53:30.026137,30.74,4.4497319486754465,-6.4553203771356324,0.0,-2.183162723260919,0.0,0.0,-0.8873571621627215,0.4610827114070983,0.722222221731453,-0.027864033265982833,0.0,0.0,0.0,0.02185900914510226
2026-08-28T01:53:30.114610,30.76,4.440964323748819,-6.466799520218378,0.0,-2.182720533949073,0.0,0.0,-0.8872551975518495,0.4612788900624312,0.7222222218692312,-0.02784549994998441,0.0,0.0,0.0,0.02231384068940382
2026-08-28T01:53:30.195981,30.78,4.432201823736534,-6.4782825758311615,0.0,-2.1822694495320296,0.0,0.0,-0.8871511371261025,0.46147899182504865,0.7222222220910735,-0.027827401947495868,0.0,0.0,0.0,0.022778462691960044
2026-08-28T01:53:30.278674,30.8,4.423444557145085,-6.489769623075293,0.0,-2.1818089484912044,0.0,0.0,-0.8870448578327215,0.46168324660152765,0.7222222219558474,-0.027809958350117823,0.0,0.0,0.0,0.023253487842810238
2026-08-28T01:53:30.370417,30.82,4.414692634975244,-6.501260742724123,0.0,-2.181339374232755,0.0,0.0,-0.8869364361004646,0.4618915005901348,0.7222222224106208,-0.027792742607346214,0.0,0.0,0.0,0.023739340071175247
2026-08-28T01:53:30.460806,30.84,4.405946156546498,-6.512756006421303,0.0,-2.1808650551637476,0.0,0.0,-0.886826869185508,0.46210183303102126,0.7222222224189734,-0.02777607502468533,0.0,0.0,0.0,0.024236017508963995
2026-08-28T01:53:30.553857,30.86,4.397205194906056,-6.524255465619333,0.0,-2.1803809493453326,0.0,0.0,-0.8867149901141445,0.4623164785153917,0.7222222224353708,-0.027759889879621243,0.0,0.0,0.0,0.024744520478021993
2026-08-28T01:53:30.634716,30.88,4.388469882824901,-6.535759216958724,0.0,-2.1798814614652655,0.0,0.0,-0.8865995017233486,0.46253791579059766,0.72222222233355,-0.027744218555639348,0.0,0.0,0.0,0.025270357194691943
2026-08-28T01:53:30.718442,30.9,4.3797403716955134,-6.547267370911205,0.0,-2.1793764729941043,0.0,0.0,-0.8864826853052757,0.4627617623075046,0.7222222219369894,-0.02772931165065999,0.0,0.0,0.0,0.025808672403892417
2026-08-28T01:53:30.811366,30.92,4.371016756537857,-6.5587799948661685,0.0,-2.1788552542337283,0.0,0.0,-0.8863620551468587,0.4629927722933015,0.722222221764992,-0.027714930406219623,0.0,0.0,0.0,0.026353792813292917
2026-08-28T01:53:30.904276,30.94,4.362298967770947,-6.5702970314510685,0.0,-2.1784078382883316,0.0,0.0,-0.8862584577941506,0.46319104696478514,0.7222222217460177,-0.027701467090471645,0.0,0.0,0.0,0.018434534304781987
2026-08-28T01:53:30.992941,30.96,4.353585665373598,-6.581817462643571,0.0,-2.1780363621730423,0.0,0.0,-0.8861724103019141,0.4633556508986331,0.722222222110105,-0.02768864141233673,0.0,0.0,0.0,0.01880269353256095
2026-08-28T01:53:31.076262,30.98,4.344876699868895,-6.593341172691403,0.0,-2.1776567486610885,0.0,0.0,-0.8860844463065901,0.46352384406149344,0.722222222290455,-0.027676096296671535,0.0,0.0,0.0,0.019277965808044525
2026-08-28T01:53:31.167418,31.0,4.336172182304733,-6.604868242886626,0.0,-2.1772665851706,0.0,0.0,-0.8859940044058938,0.463696694140479,0.7222222222760513,-0.027663944043866913,0.0,0.0,0.0,0.01986881561790931
2026-08-28T01:53:31.259524,31.02,4.327472247438106,-6.616398772211774,0.0,-2.1768648131981845,0.0,0.0,-0.8859008363615932,0.4638746685623495,0.7222222225620575,-0.027651958741917695,0.0,0.0,0.0,0.020478287360405325
2026-08-28T01:53:31.347731,31.04,4.31877703718324,-6.627932864793416,0.0,-2.1764508450487896,0.0,0.0,-0.8858048027161688,0.4640580259891745,0.722222222592334,-0.027640298545639295,0.0,0.0,0.0,0.021104491032910316
2026-08-28T01:53:31.452880,31.06,4.310086678952378,-6.6394706135682116,0.0,-2.176030541766413,0.0,0.0,-0.8857072606009042,0.46424416907360505,0.722222222371718,-0.027629154072318446,0.0,0.0,0.0,0.021747095699695178
2026-08-28T01:53:31.535448,31.08,4.301401285544643,-6.651012100219263,0.0,-2.1755909688270076,0.0,0.0,-0.8856052046221967,0.4644388243311245,0.7222222224120735,-0.02761826512062504,0.0,0.0,0.0,0.02240641843057941
2026-08-28T01:53:31.618279,31.1,4.2927210469362596,-6.66255746423987,0.0,-2.1751445362934136,0.0,0.0,-0.8855015122596731,0.464636494246666,0.7222222219855611,-0.027608010065308324,0.0,0.0,0.0,0.023090927014721506
2026-08-28T01:53:31.706548,31.12,4.284046083008396,-6.674106792067947,0.0,-2.1746775469455573,0.0,0.0,-0.8853929979752736,0.46484324146571954,0.722222221932897,-0.027598054634311864,0.0,0.0,0.0,0.023785473400032633
2026-08-28T01:53:31.794842,31.14,4.275376615857584,-6.685660246599706,0.0,-2.1741969899160503,0.0,0.0,-0.8852812805741603,0.46505596895962403,0.7222222224321446,-0.027588048334671187,0.0,0.0,0.0,0.024507008611705062
2026-08-28T01:53:31.879676,31.16,4.2667127926026325,-6.697217934032631,0.0,-2.1737095139861156,0.0,0.0,-0.885167902483331,0.4652717318011705,0.7222222226177714,-0.027578232922590314,0.0,0.0,0.0,0.025239016487250007
2026-08-28T01:53:31.963074,31.18,4.258054742564291,-6.708779946894329,0.0,-2.1731999189330353,0.0,0.0,-0.8850493236648441,0.46549725528772123,0.7222222225399635,-0.027568702508771,0.0,0.0,0.0,0.025991758140667013
2026-08-28T01:53:32.050953,31.2,4.249402683161756,-6.720346443333179,0.0,-2.172682788783759,0.0,0.0,-0.8849289327482446,0.46572608256898473,0.72222222238595,-0.027559564136017765,0.0,0.0,0.0,0.026775602527735736
2026-08-28T01:53:32.145006,31.22,4.240756752222716,-6.731917521486919,0.0,-2.1721420622517944,0.0,0.0,-0.8848029851825289,0.4659653178210645,0.7222222223163333,-0.027550690960666684,0.0,0.0,0.0,0.027571601132553622
2026-08-28T01:53:32.230456,31.24,4.2321171811172285,-6.7434933489938365,0.0,-2.171593593038696,0.0,0.0,-0.8846751680978966,0.4662079438951662,0.7222222224269096,-0.027542027001261103,0.0,0.0,0.0,0.028554727217784962
2026-08-28T01:53:32.321033,31.26,4.22348410935869,-6.7550740244078735,0.0,-2.171025245912172,0.0,0.0,-0.8845426484062413,0.4664593263624091,0.7222222220591753,-0.027533819007156533,0.0,0.0,0.0,-0.01833581674679022
2026-08-28T01:53:32.405197,31.28,4.214799268975304,-6.7666158755506975,0.0,-2.1718013095789357,0.0,0.0,-0.8847235828770864,0.46611606054836935,0.7222222223200712,-0.027624781694538678,0.0,0.0,0.0,-0.09982894384509275
2026-08-28T01:53:32.492940,31.3,4.206003370305997,-6.778073314358488,0.0,-2.174206532256903,0.0,0.0,-0.8852834994253697,0.46505174512646597,0.7222222223987029,-0.02788706859024302,0.0,0.0,0.0,-0.18132204184526837
2026-08-28T01:53:32.589719,31.32,4.197095308309312,-6.789443764097737,0.0,-2.1782421683199704,0.0,0.0,-0.8862200863305557,0.4632644585809086,0.7222222222969391,-0.02828611026496957,0.0,0.0,0.0,-0.262815142841049
2026-08-28T01:53:32.675449,31.34,4.188074229897074,-6.800724757128614,0.0,-2.183909446868278,0.0,0.0,-0.8875292509831323,0.4607513740069802,0.7222222224456813,-0.02878779504979263,0.0,0.0,0.0,-0.3443082481895688
2026-08-28T01:53:32.761292,31.36,4.1789396131051495,-6.811914011152827,0.0,-2.191210550737285,0.0,0.0,-0.8892053302312053,0.45750833947417074,0.7222222231534206,-0.0293575970972557,0.0,0.0,0.0,-0.42580135924043594
2026-08-28T01:53:32.844658,31.38,4.16969137578627,-6.8230095382995515,0.0,-2.200143895021579,0.0,0.0,-0.8912399928666048,0.45353200010047157,0.7222222231472298,-0.0299637684553909,0.0,0.0,0.0,-0.505035140767111
2026-08-28T01:53:32.924909,31.4,4.160329872174821,-6.834009667408729,0.0,-2.210370880589404,0.0,0.0,-0.8935474634087801,0.4489687412679582,0.7222222229000591,-0.03057387202651379,0.0,0.0,0.0,-0.516468550760517
2026-08-28T01:53:33.021123,31.42,4.1508552840750745,-6.844912546025324,0.0,-2.2207224042501905,0.0,0.0,-0.8958592399318019,0.4443379594732079,0.7222222229702232,-0.031170289908265765,0.0,0.0,0.0,-0.5173307624106646
2026-08-28T01:53:33.113660,31.44,4.141268419732143,-6.855716832746954,0.0,-2.231085215223668,0.0,0.0,-0.898149499248443,0.4396902057128077,0.7222222232478013,-0.03175145868253391,0.0,0.0,0.0,-0.5170144664893906
2026-08-28T01:53:33.202071,31.46,4.131570315715698,-6.8664213812973385,0.0,-2.2414436859830156,0.0,0.0,-0.9004147019676163,0.43503260162954294,0.7222222234411217,-0.03231807345931304,0.0,0.0,0.0,-0.516561270377111
2026-08-28T01:53:33.286549,31.48,4.121762104114767,-6.877025133941071,0.0,-2.2517899709453713,0.0,0.0,-0.9026531294085814,0.4303688278313087,0.7222222235367827,-0.032870528353564986,0.0,0.0,0.0,-0.5160721664614811
2026-08-28T01:53:33.367832,31.5,4.111844970578472,-6.887527088523398,0.0,-2.262127978309826,0.0,0.0,-0.9048656387714215,0.42569728184566497,0.7222222236733031,-0.0334091417957751,0.0,0.0,0.0,-0.5155604227707316
2026-08-28T01:53:33.462833,31.52,4.101820064166064,-6.897926215430636,0.0,-2.2724630602377207,0.0,0.0,-0.9070533556195067,0.42101568861432315,0.7222222240345185,-0.03393387005999918,0.0,0.0,0.0,-0.5150325189324341
2026-08-28T01:53:33.546664,31.54,4.091688518492164,-6.908221475218356,0.0,-2.2827889091588234,0.0,0.0,-0.9092149290751486,0.4163270502223854,0.7222222242524953,-0.034445569335128504,0.0,0.0,0.0,-0.5229290112725264
2026-08-28T01:53:33.644192,31.56,4.081450623765816,-6.918410982529608,0.0,-2.293275242768702,0.0,0.0,-0.9113852937499916,0.4115541839615309,0.722222224429702,-0.03494502731451038,0.0,0.0,0.0,-0.522997684282958
2026-08-28T01:53:33.736653,31.58,4.071106698832119,-6.928492835813779,0.0,-2.3037628269584745,0.0,0.0,-0.9135308581221055,0.4067694325520164,0.7222222242550806,-0.035432564987003104,0.0,0.0,0.0,-0.522600208019946
2026-08-28T01:53:33.828414,31.6,4.0606579393540265,-6.938465998693629,0.0,-2.314237790471401,0.0,0.0,-0.9156487662619543,0.40197927414601964,0.7222222244130041,-0.0359078746708945,0.0,0.0,0.0,-0.5220140545294297
2026-08-28T01:53:33.916995,31.62,4.050105628618051,-6.948329532234043,0.0,-2.3247028609940616,0.0,0.0,-0.9177395924501996,0.39718262858456116,0.7222222250238405,-0.036370495987145465,0.0,0.0,0.0,-0.5213934982201354
2026-08-28T01:53:34.009521,31.64,4.039451037538998,-6.958082493224798,0.0,-2.3351552843829975,0.0,0.0,-0.9198028102845713,0.39238092485823634,0.7222222244863407,-0.03682223910495043,0.0,0.0,0.0,-0.5207513790448931
2026-08-28T01:53:34.103276,31.66,4.028695448606379,-6.9677239593686995,0.0,-2.345594389774775,0.0,0.0,-0.9218383244978882,0.38757464247151957,0.7222222243026133,-0.03726347246392288,0.0,0.0,0.0,-0.5200836406446784
2026-08-28T01:53:34.194290,31.68,4.017840155715078,-6.9772530297667,0.0,-2.356020597413268,0.0,0.0,-0.923846256076434,0.38276375890822767,0.7222222241238301,-0.03769375760927616,0.0,0.0,0.0,-0.5193918248491683
2026-08-28T01:53:34.281760,31.7,4.006886446816681,-6.986668805339454,0.0,-2.3664403498197,0.0,0.0,-0.9258278609909246,0.37794546142660473,0.7222222242445726,-0.03811351456428995,0.0,0.0,0.0,-0.5186753437414878
2026-08-28T01:53:34.374798,31.72,3.9958356041994985,-6.99597038862565,0.0,-2.3768391352094387,0.0,0.0,-0.9277804247673069,0.37312663188064654,0.7222222243306898,-0.03852264395582581,0.0,0.0,0.0,-0.5179322391411034
2026-08-28T01:53:34.460386,31.74,3.9846890044040872,-7.005157003415289,0.0,-2.387223841380107,0.0,0.0,-0.9297053145818559,0.3683042601413297,0.7222222247607997,-0.038921141621787385,0.0,0.0,0.0,-0.5171538347888917
2026-08-28T01:53:34.544547,31.76,3.973447966277019,-7.014227816068905,0.0,-2.397601035220864,0.0,0.0,-0.9316037738369656,0.363475458006072,0.7222222245221406,-0.03930987228294228,0.0,0.0,0.0,-0.5163545926708694
2026-08-28T01:53:34.627947,31.78,3.962113800269742,-7.023181992067477,0.0,-2.4079542635181364,0.0,0.0,-0.9334728554111655,0.35864805619231394,0.7222222245851859,-0.03968892167491265,0.0,0.0,0.0,-0.515525247836363
2026-08-28T01:53:34.725197,31.8,3.950687916351519,-7.032018833593812,0.0,-2.4182908569015233,0.0,0.0,-0.9353139796168249,0.35381882303424383,0.7222222245640361,-0.04005850003671684,0.0,0.0,0.0,-0.514656401202125
2026-08-28T01:53:34.814960,31.82,3.9391716609159007,-7.040737575162795,0.0,-2.428619262177,0.0,0.0,-0.937128691683125,0.34898397559812755,0.7222222247057161,-0.04041873074253798,0.0,0.0,0.0,-0.5137652106275195
2026-08-28T01:53:34.898549,31.84,3.9275660883898875,-7.049337066545438,0.0,-2.4390403485708543,0.0,0.0,-0.9389343581539129,0.34409631075921104,0.7222222249942343,-0.04077007601969603,0.0,0.0,0.0,-0.5259699632710884
2026-08-28T01:53:34.984140,31.86,3.9158709694865643,-7.057814373182361,0.0,-2.449589768135199,0.0,0.0,-0.9407362961639161,0.3391389406715142,0.7222222246588871,-0.041113900723083865,0.0,0.0,0.0,-0.5253842844780815
2026-08-28T01:53:35.068052,31.88,3.904087423432951,-7.06616832913196,0.0,-2.4601258074559027,0.0,0.0,-0.9425098248660847,0.3341784404040787,0.7222222246289857,-0.041449336354770654,0.0,0.0,0.0,-0.5246463554755276
2026-08-28T01:53:35.153153,31.9,3.892216873706691,-7.074398188878549,0.0,-2.4706463630599695,0.0,0.0,-0.9442546483515863,0.3292159763231761,0.7222222251571234,-0.04177548230651437,0.0,0.0,0.0,-0.5237028492118169
2026-08-28T01:53:35.250154,31.92,3.88026077673485,-7.082503267080928,0.0,-2.481147183089684,0.0,0.0,-0.9459701442569765,0.3242537373330262,0.7222222248266564,-0.0420937846752586,0.0,0.0,0.0,-0.5227186241618682
2026-08-28T01:53:35.344360,31.94,3.8682205808501995,-7.090482880680596,0.0,-2.491637691644992,0.0,0.0,-0.9476579166978966,0.31928744560317834,0.7222222246311302,-0.042404469179020805,0.0,0.0,0.0,-0.5216937763141886
2026-08-28T01:53:35.428762,31.96,3.8560977231032845,-7.098336343528256,0.0,-2.502097684315527,0.0,0.0,-0.949314820707269,0.3143268540636096,0.722222224945892,-0.04270682088972656,0.0,0.0,0.0,-0.5206310675889428
2026-08-28T01:53:35.510894,31.98,3.8438937491550864,-7.10606315298781,0.0,-2.5125361209085053,0.0,0.0,-0.950942423974719,0.30936791411697157,0.7222222249208761,-0.04300132763001656,0.0,0.0,0.0,-0.5195157953264027
2026-08-28T01:53:35.592821,32.0,3.8316101295715423,-7.113662709386768,0.0,-2.522962539702993,0.0,0.0,-0.9525422942720577,0.30440627066951903,0.7222222245515115,-0.04328898450337308,0.0,0.0,0.0,-0.5183712179260811
2026-08-28T01:53:35.678241,32.02,3.819249444457534,-7.121136276073274,0.0,-2.5327694864134207,0.0,0.0,-0.9540234848631215,0.2997318640545668,0.7222222245125591,-0.04356639866105788,0.0,0.0,0.0,-0.4567166809748638
2026-08-28T01:53:35.765359,32.04,3.8068198704774123,-7.128494711913424,0.0,-2.5419394033512885,0.0,0.0,-0.95538771054778,0.29535457087079464,0.7222222246136736,-0.04383337227510655,0.0,0.0,0.0,-0.4556145329941509
2026-08-28T01:53:35.861913,32.06,3.7943236933541127,-7.135739465293864,0.0,-2.5510801309859548,0.0,0.0,-0.9567276055327881,0.2909850319372076,0.722222224475211,-0.044093486211099986,0.0,0.0,0.0,-0.4549134739142975
2026-08-28T01:53:35.941959,32.08,3.781762106542939,-7.142870203871281,0.0,-2.560213188977838,0.0,0.0,-0.9580464171077305,0.28661308879226083,0.7222222241659985,-0.04434737208148176,0.0,0.0,0.0,-0.4546425762753161
2026-08-28T01:53:36.028194,32.1,3.7691361861757273,-7.149886401751932,0.0,-2.569338723561161,0.0,0.0,-0.9593441887042019,0.28223877763248034,0.7222222244988836,-0.044594321561637756,0.0,0.0,0.0,-0.4543804357489474
2026-08-28T01:53:36.113562,32.12,3.755967520485441,-7.157045436609129,0.0,-2.577785976932071,0.0,0.0,-0.9605276995243481,0.27818436053535367,0.7766665683830789,-0.04499159031834731,0.0,0.0,0.0,-0.4121224141268301
2026-08-28T01:53:36.197605,32.14,3.742105241115264,-7.1644089306796195,0.0,-2.586220040200091,0.0,0.0,-0.9616922676055745,0.27413132332451184,0.7929999850351603,-0.0452619926039973,0.0,0.0,0.0,-0.43026085666960034
2026-08-28T01:53:36.290121,32.16,3.7279812587747276,-7.171730664467313,0.0,-2.595267287322054,0.0,0.0,-0.9629224906698302,0.2697781995681098,0.7979000102601697,-0.0454945635036846,0.0,0.0,0.0,-0.46121598377049156
2026-08-28T01:53:36.384978,32.18,3.713726857562029,-7.178937434936699,0.0,-2.605029414870569,0.0,0.0,-0.9642278193508759,0.26507491844732256,0.7993700179964316,-0.045721348424443,0.0,0.0,0.0,-0.49766068657899276
2026-08-28T01:53:36.475821,32.2,3.69938658303202,-7.186005095390394,0.0,-2.6154524345128403,0.0,0.0,-0.9655961595340099,0.2600462587563428,0.799370012178035,-0.04596113516495067,0.0,0.0,0.0,-0.5106214971304477
2026-08-28T01:53:36.560134,32.22,3.6849657864540966,-7.192930435699721,0.0,-2.625976979078204,0.0,0.0,-0.966951218061221,0.2549614517724612,0.7999433041825266,-0.04621932288625324,0.0,0.0,0.0,-0.5107466586646267
2026-08-28T01:53:36.646106,32.24,3.6704734496372105,-7.1997088513765775,0.0,-2.6364827605026377,0.0,0.0,-0.9682771560995809,0.24987866850875426,0.7999829933922202,-0.0464761800076933,0.0,0.0,0.0,-0.5102556984253729
2026-08-28T01:53:36.735132,32.26,3.6559122224098783,-7.206339230032584,0.0,-2.6469605652069115,0.0,0.0,-0.9695729523711559,0.24480255315310773,0.7999948999397581,-0.04673323987758492,0.0,0.0,0.0,-0.5096413969894483
2026-08-28T01:53:36.816074,32.28,3.6412840255565504,-7.2128209021689305,0.0,-2.6574113271440867,0.0,0.0,-0.970838896278454,0.23973284604499498,0.7999984720561402,-0.046989133995542574,0.0,0.0,0.0,-0.5090112053301374
2026-08-28T01:53:36.899608,32.3,3.6265905573691706,-7.219153334525961,0.0,-2.667833356444667,0.0,0.0,-0.9720749606206355,0.23467055830331568,0.7999995427436921,-0.04724529539767644,0.0,0.0,0.0,-0.50837599485077
2026-08-28T01:53:36.999607,32.32,3.611833449337872,-7.225336045863492,0.0,-2.678229215278148,0.0,0.0,-0.9732816241664101,0.22961463381064118,0.7999998642692523,-0.0475001142573135,0.0,0.0,0.0,-0.5077358745743799
2026-08-28T01:53:37.090859,32.34,3.597014304828374,-7.231368559264518,0.0,-2.688606387097426,0.0,0.0,-0.9744598930403473,0.22456161037852174,0.7999998642404494,-0.04775313627586272,0.0,0.0,0.0,-0.5070925829184293
2026-08-28T01:53:37.176621,32.36,3.5821347103212315,-7.237250396264974,0.0,-2.6989522061207714,0.0,0.0,-0.9756084869963667,0.2195178354955701,0.7999999896478482,-0.04800434974660975,0.0,0.0,0.0,-0.5064437430841013
2026-08-28T01:53:37.261051,32.38,3.567196292674353,-7.242981192787244,0.0,-2.7092804319659654,0.0,0.0,-0.9767290880838096,0.21447677844225824,0.7999999894945943,-0.048253495077360584,0.0,0.0,0.0,-0.5057824476096949
2026-08-28T01:53:37.351406,32.4,3.552200640315145,-7.248560509385156,0.0,-2.7195779352720417,0.0,0.0,-0.977820424530912,0.20944502230940484,0.8000000007302122,-0.04850058350977773,0.0,0.0,0.0,-0.5051198117640235
2026-08-28T01:53:37.456593,32.42,3.5371493886982215,-7.253988049674395,0.0,-2.729852156616754,0.0,0.0,-0.9788834597917605,0.20441910905322108,0.8000000015313188,-0.0487452096303012,0.0,0.0,0.0,-0.5044429415105343
2026-08-28T01:53:37.574008,32.44,3.5220439248872037,-7.259262827569892,0.0,-2.740250053574514,0.0,0.0,-0.9799329902975716,0.1993272046822995,0.8000000026714266,-0.04898631713467512,0.0,0.0,0.0,-0.5206038496347662
2026-08-28T01:53:37.675912,32.46,3.5068845710484378,-7.264380664774508,0.0,-2.750822440507945,0.0,0.0,-0.9809729760432545,0.19414432845911397,0.8000000025288909,-0.049225778531005925,0.0,0.0,0.0,-0.5202909546411257
2026-08-28T01:53:37.785239,32.48,3.4916727845922697,-7.269340485519793,0.0,-2.7613789137077602,0.0,0.0,-0.9819840461705165,0.18896384063248964,0.8000000026518265,-0.04946230937705216,0.0,0.0,0.0,-0.5198413880107631
2026-08-28T01:53:37.889638,32.5,3.476410249138716,-7.274141867662577,0.0,-2.7716909946088983,0.0,0.0,-0.9829452941867701,0.18389820182939218,0.7272728756962126,-0.04987118295837881,0.0,0.0,0.0,-0.5191993449781601
2026-08-28T01:53:38.014294,32.52,3.461098649831676,-7.278784407731374,0.0,-2.7813570023704677,0.0,0.0,-0.9838225916902446,0.17914549416574907,0.7999998576118806,-0.05074379454997038,0.0,0.0,0.0,-0.5185410793972707
2026-08-28T01:53:38.146940,32.54,3.445739696039388,-7.283267805140985,0.0,-2.7918668754277216,0.0,0.0,-0.9847504017754672,0.1739731191967767,0.8000000026915972,-0.05096938073757472,0.0,0.0,0.0,-0.5180901173341841
2026-08-28T01:53:38.250475,32.56,3.430335092538118,-7.287591746990026,0.0,-2.8023602282840314,0.0,0.0,-0.9856496243681611,0.1688040816535638,0.8000000024362314,-0.051192200022654163,0.0,0.0,0.0,-0.5182541131816985
2026-08-28T01:53:38.360199,32.58,3.414886505805626,-7.291755813398988,0.0,-2.8128509305964586,0.0,0.0,-0.9865214975855082,0.16363170475689037,0.8000000028112377,-0.05141135242504382,0.0,0.0,0.0,-0.5175556507157344
2026-08-28T01:53:38.497191,32.6,3.399395616294965,-7.295759640054935,0.0,-2.8233214092459917,0.0,0.0,-0.987364625680958,0.15846480982824507,0.8000000027183491,-0.05162718528524131,0.0,0.0,0.0,-0.5168381882111499
2026-08-28T01:53:38.636252,32.62,3.383864140469037,-7.299603017356893,0.0,-2.8337706965236147,0.0,0.0,-0.9881790681083494,0.15330404219235086,0.8000000023113686,-0.051840338060092986,0.0,0.0,0.0,-0.5160863195300934
2026-08-28T01:53:38.727886,32.64,3.368293801277655,-7.303285792864937,0.0,-2.8441921754226187,0.0,0.0,-0.9889644765212112,0.14815284060431214,0.8000000025384677,-0.0520496223711524,0.0,0.0,0.0,-0.5153167360720602
2026-08-28T01:53:38.832774,32.66,3.3526863335096353,-7.306807902031541,0.0,-2.854593198948712,0.0,0.0,-0.989721570237058,0.14300773897762445,0.8000000026696141,-0.05225512068793077,0.0,0.0,0.0,-0.5145294886239227
2026-08-28T01:53:38.922163,32.68,3.3370434478627895,-7.3101692167939,0.0,-2.8649725492721427,0.0,0.0,-0.9904504026954012,0.1378695027934665,0.8000000022277122,-0.05245771329788533,0.0,0.0,0.0,-0.5137307483480874
2026-08-28T01:53:39.004122,32.7,3.3213668455799303,-7.313369599864499,0.0,-2.875339347508007,0.0,0.0,-0.9911517266585834,0.1327337739300313,0.8000000022597272,-0.05265667214030848,0.0,0.0,0.0,-0.5129117107879381
2026-08-28T01:53:39.097184,32.72,3.305658213133897,-7.316408873300169,0.0,-2.8856859097322203,0.0,0.0,-0.9918251297346272,0.12760451413210228,0.8000000024780735,-0.052851577924783975,0.0,0.0,0.0,-0.5120725025777638
2026-08-28T01:53:39.195749,32.74,3.289919052955621,-7.319285862098863,0.0,-2.8962106444675557,0.0,0.0,-0.9924828954343808,0.12238342318381185,0.8000000025017407,-0.05304386420579286,0.0,0.0,0.0,-0.5404127729959973
2026-08-28T01:53:39.291731,32.76,3.274149913124812,-7.321993695273869,0.0,-2.907100234221795,0.0,0.0,-0.9931345333435299,0.11697777002716839,0.8000000027464903,-0.05323453808454589,0.0,0.0,0.0,-0.540249891003585
2026-08-28T01:53:39.388811,32.78,3.2583524349897237,-7.324530980558846,0.0,-2.917984115828248,0.0,0.0,-0.9937564106371372,0.11157148523522298,0.8000000025671402,-0.05342176854003774,0.0,0.0,0.0,-0.5398619181717234
2026-08-28T01:53:39.479427,32.8,3.2425284778480616,-7.326897521909441,0.0,-2.928848619753404,0.0,0.0,-0.9943478295534495,0.10617153037582233,0.8000000026139951,-0.053605053937092736,0.0,0.0,0.0,-0.5390331375723222
2026-08-28T01:53:39.571955,32.82,3.2266799277407445,-7.329093336783655,0.0,-2.939692881136092,0.0,0.0,-0.9949088860167764,0.10077851221791777,0.8000000026339298,-0.053784447156900714,0.0,0.0,0.0,-0.5381590469315385
2026-08-28T01:53:39.657389,32.84,3.210808661925079,-7.33111844689838,0.0,-2.9505157635698684,0.0,0.0,-0.9954396730807389,0.09539317196168527,0.8000000023591288,-0.053960399669804794,0.0,0.0,0.0,-0.5372570560255739
2026-08-28T01:53:39.765078,32.86,3.1949165524574226,-7.3329729043702025,0.0,-2.96131637376245,0.0,0.0,-0.995940307694305,0.090016129164573,0.800000001851666,-0.054133304511848626,0.0,0.0,0.0,-0.5363264784566198
2026-08-28T01:53:39.853594,32.88,3.1790054655238773,-7.334656791234,0.0,-2.972095854835815,0.0,0.0,-0.9964110032747858,0.08464698785506096,0.8000000020615942,-0.05430197748014301,0.0,0.0,0.0,-0.5353668765674733
2026-08-28T01:53:39.951397,32.9,3.163077260852557,-7.336170219468778,0.0,-2.982854164550932,0.0,0.0,-0.9968519146404691,0.07928593997444326,0.800000002494494,-0.05446612730664085,0.0,0.0,0.0,-0.5343774672266659
2026-08-28T01:53:40.044049,32.92,3.1471337911280233,-7.337513331190207,0.0,-2.9935904156785402,0.0,0.0,-0.9972631664848343,0.07393359704925528,0.800000002691494,-0.0546260773080046,0.0,0.0,0.0,-0.5333548567600531
2026-08-28T01:53:40.125184,32.94,3.1311769014383946,-7.338686299419705,0.0,-3.004304160931177,0.0,0.0,-0.9976449087130935,0.06859035004170223,0.8000000029466622,-0.054781765176577256,0.0,0.0,0.0,-0.5322969146106594
2026-08-28T01:53:40.217158,32.96,3.1152084118927754,-7.339689049700937,0.0,-3.015061746726174,0.0,0.0,-0.9979994086181133,0.06322325836190337,0.8000000026038306,-0.054934459379990364,0.0,0.0,0.0,-0.5381877390147171
2026-08-28T01:53:40.312160,32.98,3.0992300553592105,-7.340519861518568,0.0,-3.0259360672224043,0.0,0.0,-0.9983284101635289,0.0577960678624482,0.8000000027234366,-0.0550837520204382,0.0,0.0,0.0,-0.5441169497629536
2026-08-28T01:53:40.395996,33.0,3.083243605257883,-7.341176746472857,0.0,-3.0369272978997697,0.0,0.0,-0.998630957908253,0.05230879378503321,0.8000000029039231,-0.055229579989039504,0.0,0.0,0.0,-0.5499952826312849
2026-08-28T01:53:40.482803,33.02,3.0672508982058524,-7.341657750621693,0.0,-3.04803379735144,0.0,0.0,-0.9989060420679542,0.046762368632636574,0.8000000031724867,-0.05537180891827035,0.0,0.0,0.0,-0.5557220683118324
2026-08-28T01:53:40.574608,33.04,3.05125383431222,-7.341960983903312,0.0,-3.0592511968298988,0.0,0.0,-0.9991526052690223,0.0411590984367417,0.800000002766844,-0.05551149135340531,0.0,0.0,0.0,-0.5612888330222803
2026-08-28T01:53:40.660600,33.06,3.035254376913729,-7.342084877680586,0.0,-3.0705152546563688,0.0,0.0,-0.9993685668825958,0.035531219047854945,0.8000000024398662,-0.05564822865032085,0.0,0.0,0.0,-0.5604431521054313
2026-08-28T01:53:40.748456,33.08,3.0192545359248806,-7.342029396688308,0.0,-3.0817703616891823,0.0,0.0,-0.9995526950249048,0.029906686015833763,0.8000000028883776,-0.05578056660985717,0.0,0.0,0.0,-0.5593884870373884
2026-08-28T01:53:40.844964,33.1,3.003256318365268,-7.341794798027269,0.0,-3.0929914228126116,0.0,0.0,-0.9997047545753219,0.02429822379301113,0.8000000030304283,-0.055908907351471304,0.0,0.0,0.0,-0.5581988633770549
2026-08-28T01:53:40.947947,33.12,2.9872617164491424,-7.341381615412572,0.0,-3.1041869187017186,0.0,0.0,-0.9998251064728808,0.01870177709450576,0.8000000030726513,-0.056033447625687675,0.0,0.0,0.0,-0.5569430142965687
2026-08-28T01:53:41.038768,33.14,2.971272708778294,-7.340790300694387,0.0,-3.1153555012434584,0.0,0.0,-0.9999139527136452,0.01311819989838205,0.8000000029183014,-0.056154543482306994,0.0,0.0,0.0,-0.5556517176424692
2026-08-28T01:53:41.131969,33.16,2.955291259247866,-7.340021340565227,0.0,-3.1264967999564557,0.0,0.0,-0.999971514535623,0.007547855147799189,0.8000000029715181,-0.05627191348433718,0.0,0.0,0.0,-0.5543100760723831
2026-08-28T01:53:41.220122,33.18,2.9393186369487205,-7.3390863351396485,0.0,-3.1356352173959263,0.0,0.0,-0.9999955636225297,0.0029787136920262037,0.8000000020760122,-0.05637408367685647,0.0,0.0,0.0,-0.2754834258565667
2026-08-28T01:53:41.308809,33.2,2.923352092757421,-7.338052415466244,0.0,-3.1411177705235884,0.0,0.0,-0.9999999718107593,0.00023744153087130733,0.8000000010179169,-0.05644589929055034,0.0,0.0,0.0,-0.2702892347970512
2026-08-28T01:53:41.403772,33.22,2.9073913749272746,-7.336932136475592,0.0,3.1366744764412964,0.0,0.0,0.9999969764432156,0.00245908609584995,0.8000000005980593,-0.05651521266968065,0.0,0.0,0.0,-0.2666472282875101
2026-08-28T01:53:41.487097,33.24,2.891436867478741,-7.335726633251131,0.0,3.1313237572200636,0.0,0.0,0.9999868187498762,0.0051344256253630614,0.8000000007238991,-0.05658149466039718,0.0,0.0,0.0,-0.26605671471229936
2026-08-28T01:53:41.593229,33.26,2.875489000735921,-7.33443624795279,0.0,3.1259846585415616,0.0,0.0,0.9999695489658673,0.007803918310690016,0.8000000006577693,-0.05664527364010415,0.0,0.0,0.0,-0.2655225349655015
2026-08-28T01:53:41.691697,33.28,2.8595482132732744,-7.333061168384283,0.0,3.1206516029468307,0.0,0.0,0.9999451845505424,0.010470334005264915,0.8000000003628589,-0.05670690446355715,0.0,0.0,0.0,-0.2650053563628316
2026-08-28T01:53:41.783422,33.3,2.8436149433955196,-7.331601558013384,0.0,3.1153337291530967,0.0,0.0,0.9999138098490806,0.013129085006070743,0.8000000006519918,-0.056765504118338646,0.0,0.0,0.0,-0.2644783887986419
2026-08-28T01:53:41.879600,33.32,2.827689617094357,-7.330057687733793,0.0,3.110026885616346,0.0,0.0,0.9998754528719479,0.015782228743658623,0.8000000005854575,-0.05682176663543188,0.0,0.0,0.0,-0.2639362234407883
2026-08-28T01:53:41.973470,33.34,2.81177275274249,-7.328428900909226,0.0,3.1045569107136526,0.0,0.0,0.9998285491181597,0.01851681312417743,0.8000000007807017,-0.05687628511178603,0.0,0.0,0.0,-0.2853062805957329
2026-08-28T01:53:42.067587,33.36,2.7958653504017628,-7.3267101717113245,0.0,3.0988286992948977,0.0,0.0,0.9997714142357391,0.021380347917423,0.8000000007178748,-0.056930475022352,0.0,0.0,0.0,-0.28516808706758223
2026-08-28T01:53:42.155198,33.38,2.7799680086620064,-7.324900750345082,0.0,3.093104983470674,0.0,0.0,0.9997061326249361,0.024241460188973954,0.8000000007001098,-0.056982315181453184,0.0,0.0,0.0,-0.2848721226290452
2026-08-28T01:53:42.258074,33.4,2.764081232860107,-7.323000793447134,0.0,3.0873898340220034,0.0,0.0,0.9996327792712412,0.02709809230285621,0.8000000006283211,-0.0570318178180038,0.0,0.0,0.0,-0.2843241043079979
2026-08-28T01:53:42.358598,33.42,2.7482055179239655,-7.321010527402999,0.0,3.0816852901996574,0.0,0.0,0.999551422017502,0.029949202707078192,0.8000000009537201,-0.057078502669705024,0.0,0.0,0.0,-0.28375778818040764
2026-08-28T01:53:42.443781,33.44,2.732341353668208,-7.318930196133971,0.0,3.075992375788255,0.0,0.0,0.9994621236694536,0.03279425788374789,0.8000000009079397,-0.05712296385873589,0.0,0.0,0.0,-0.2831761576888181
2026-08-28T01:53:42.530111,33.46,2.7164892258008346,-7.316760050994874,0.0,3.0703112391716045,0.0,0.0,0.9993649372236584,0.03563316219413203,0.8000000008940916,-0.057165139998081115,0.0,0.0,0.0,-0.28258043695496515
2026-08-28T01:53:42.618509,33.48,2.7006496158678717,-7.314500350301412,0.0,3.0646416195998727,0.0,0.0,0.9992599086032188,0.038466024726852885,0.8000000011820974,-0.057204658832307326,0.0,0.0,0.0,-0.28197093120133504
2026-08-28T01:53:42.721273,33.5,2.6848230011649488,-7.312151359177696,0.0,3.0589847326262385,0.0,0.0,0.9991471126879689,0.04129221727269361,0.8000000009944159,-0.05724230736138162,0.0,0.0,0.0,-0.2813471250537854
2026-08-28T01:53:42.820787,33.52,2.6690098546076673,-7.3097133496535704,0.0,3.053341647822938,0.0,0.0,0.9990266279475016,0.04411118511040146,0.8000000003280904,-0.05727874669258786,0.0,0.0,0.0,-0.28070805874369537
2026-08-28T01:53:42.922420,33.54,2.6532106445873502,-7.3071866008389055,0.0,3.0477114541087733,0.0,0.0,0.9988984923272797,0.04692336333094297,0.8000000003006159,-0.05731307248352521,0.0,0.0,0.0,-0.2800541854316697
2026-08-28T01:53:43.026845,33.56,2.63742583928807,-7.304571372417391,0.0,3.0420873491322737,0.0,0.0,0.9987625920787381,0.04973212909337725,0.8000000004779754,-0.05734504684392419,0.0,0.0,0.0,-0.2793858403392342
2026-08-28T01:53:43.126183,33.58,2.6216559070236514,-7.301867904636426,0.0,3.0364830925198243,0.0,0.0,0.9986193153535043,0.05253059111506504,0.8000000006828228,-0.05737470722477911,0.0,0.0,0.0,-0.27870131296953976
2026-08-28T01:53:43.214429,33.6,2.6059012888341364,-7.299076577026321,0.0,3.030892770735922,0.0,0.0,0.998468583024712,0.05532168392794961,0.8000000006397985,-0.05740242880437598,0.0,0.0,0.0,-0.277992884009058
2026-08-28T01:53:43.331808,33.62,2.590162433512656,-7.296197698796128,0.0,3.0253157206767254,0.0,0.0,0.9983104353449708,0.058105719867625645,0.8000000011219702,-0.05742745748174293,0.0,0.0,0.0,-0.27727355939673887
2026-08-28T01:53:43.420566,33.64,2.574439790367532,-7.293231556436522,0.0,3.0197456234002473,0.0,0.0,0.998144736605276,0.06088583404359388,0.8000000012551143,-0.05745048460911667,0.0,0.0,0.0,-0.2945049429349348
2026-08-28T01:53:43.513266,33.66,2.5587345177830447,-7.290174787006887,0.0,3.013783656740592,0.0,0.0,0.9979588023334339,0.06386101193387154,0.800000000798022,-0.057475173527278406,0.0,0.0,0.0,-0.29926228885972067
2026-08-28T01:53:43.600897,33.68,2.543047822041038,-7.287024072168686,0.0,3.0077764856993916,0.0,0.0,0.9977624890588179,0.06685817397410937,0.8000000007806923,-0.05749847081631381,0.0,0.0,0.0,-0.2990019322470368
2026-08-28T01:53:43.688673,33.7,2.5273802447024956,-7.28377962313886,0.0,3.0017784176674525,0.0,0.0,0.9975574923845598,0.06985019246522492,0.800000001056321,-0.057519605241998575,0.0,0.0,0.0,-0.29830351212108974
2026-08-28T01:53:43.806318,33.72,2.511732302171928,-7.280441760573798,0.0,2.9957954327609073,0.0,0.0,0.9973440727914127,0.07283406117907486,0.8000000008153408,-0.057539199725383496,0.0,0.0,0.0,-0.2975222953068838
2026-08-28T01:53:43.904173,33.74,2.4961044982590237,-7.277010845266332,0.0,2.98982854458984,0.0,0.0,0.9971223381188286,0.07580925289462125,0.8000000006876713,-0.05755722588155657,0.0,0.0,0.0,-0.29671408873299887
2026-08-28T01:53:44.007854,33.76,2.480497336755339,-7.273487218395019,0.0,2.9838690807310284,0.0,0.0,0.996892020578893,0.0787800692188818,0.8000000009311248,-0.05757308944648679,0.0,0.0,0.0,-0.29588412109693
2026-08-28T01:53:44.112220,33.78,2.464911322545615,-7.269871198156411,0.0,2.9779344128742533,0.0,0.0,0.9966538653005628,0.08173782956163994,0.8000000011167303,-0.05758699922972536,0.0,0.0,0.0,-0.2950322532599819
2026-08-28T01:53:44.202275,33.8,2.4493469245262363,-7.26616323952741,0.0,2.972007783083294,0.0,0.0,0.9964072748044046,0.08469086560461969,0.8000000012843168,-0.057598965631116474,0.0,0.0,0.0,-0.29414747816563563
2026-08-28T01:53:44.295714,33.82,2.433804634655485,-7.262363677249973,0.0,2.966108049581136,0.0,0.0,0.9961531131758098,0.08762976155474926,0.8000000011611684,-0.05760946691020213,0.0,0.0,0.0,-0.29324789118988454
2026-08-28T01:53:44.380036,33.84,2.4182848960874486,-7.258473026133404,0.0,2.9602275133817244,0.0,0.0,0.9958911525979317,0.09055833576851441,0.8000000006522678,-0.057619106387572304,0.0,0.0,0.0,-0.292313106447335
2026-08-28T01:53:44.483331,33.86,2.402788177930627,-7.254491672158772,0.0,2.9543559463880555,0.0,0.0,0.9956210016096114,0.09348166212618503,0.8000000006934894,-0.05762699788619811,0.0,0.0,0.0,-0.29136341204814264
2026-08-28T01:53:44.567605,33.88,2.3873149520597283,-7.250419972308137,0.0,2.94851245738473,0.0,0.0,0.9953436228643024,0.09639020916755582,0.8000000011098609,-0.057632840318730276,0.0,0.0,0.0,-0.2903885444287536
2026-08-28T01:53:44.655133,33.9,2.371865634312315,-7.246258476988953,0.0,2.9426891012897256,0.0,0.0,0.9950587468113701,0.0992879166574954,0.8000000008844632,-0.057637443154494955,0.0,0.0,0.0,-0.2893746563477992
2026-08-28T01:53:44.757097,33.92,2.3564406598111507,-7.242007638531586,0.0,2.9368864253483196,0.0,0.0,0.9947664913319616,0.10217449644161837,0.8000000006960815,-0.0576408236017969,0.0,0.0,0.0,-0.28834290386728295
2026-08-28T01:53:44.846465,33.94,2.341040782077359,-7.237666765456246,0.0,2.9308922777961346,0.0,0.0,0.9944557995691347,0.10515542165439246,0.800000001114527,-0.05764371611032168,0.0,0.0,0.0,-0.317218372277989
2026-08-28T01:53:44.947840,33.96,2.3256684325227526,-7.233229398475524,0.0,2.924524832757567,0.0,0.0,0.99411597450873,0.10832095469740867,0.8000000006447878,-0.057649430964595,0.0,0.0,0.0,-0.31691732716916154
2026-08-28T01:53:45.055945,33.98,2.3103245143934963,-7.228694695091934,0.0,2.918165291818587,0.0,0.0,0.9937665135968146,0.11148146237663144,0.8000000009428637,-0.05765316056086287,0.0,0.0,0.0,-0.3163484575745998
2026-08-28T01:53:45.143982,34.0,2.29500958837038,-7.224063021247231,0.0,2.911822383565993,0.0,0.0,0.9934079581377755,0.11463258135685403,0.8000000009089623,-0.057655590231313114,0.0,0.0,0.0,-0.31526208339864364
2026-08-28T01:53:45.240310,34.02,2.279724170043779,-7.219334876501154,0.0,2.9055016851013464,0.0,0.0,0.9930407187708628,0.11777151974500605,0.8000000008561651,-0.057656645675548616,0.0,0.0,0.0,-0.3141260173215316
2026-08-28T01:53:45.330087,34.04,2.264468771842371,-7.214510750241538,0.0,2.8991922334734763,0.0,0.0,0.9926642410206781,0.12090369969046133,0.800000000851649,-0.057656345782922336,0.0,0.0,0.0,-0.31294866210039174
2026-08-28T01:53:45.419265,34.06,2.249243909482523,-7.2095911017045475,0.0,2.8929186987242588,0.0,0.0,0.992280111300565,0.1240168565854589,0.8000000007117005,-0.057654857157903,0.0,0.0,0.0,-0.3117347331790792
2026-08-28T01:53:45.506188,34.08,2.2340500148942235,-7.204576627875632,0.0,2.8866702089103473,0.0,0.0,0.9918878101257009,0.12711637236816337,0.8000000005271719,-0.05765227639345653,0.0,0.0,0.0,-0.3104670584517638
2026-08-28T01:53:45.599024,34.1,2.2188875495264195,-7.199467906936703,0.0,2.8804464380583976,0.0,0.0,0.9914874365445276,0.1302023931207152,0.8000000009153893,-0.057647758685687146,0.0,0.0,0.0,-0.30917593657710735
2026-08-28T01:53:45.700010,34.12,2.203756980813076,-7.194265476864865,0.0,2.8742346626990223,0.0,0.0,0.9910782609791244,0.1332812087827634,0.8000000013993779,-0.057641371623195194,0.0,0.0,0.0,-0.30784448307703294
2026-08-28T01:53:45.790886,34.14,2.1886588002170013,-7.188969786526465,0.0,2.868049226938573,0.0,0.0,0.9906613206783572,0.13634569194445825,0.8000000015282179,-0.05763356265776014,0.0,0.0,0.0,-0.3064693401097734
2026-08-28T01:53:45.879838,34.16,2.1735934172246436,-7.183581499508964,0.0,2.861905600037421,0.0,0.0,0.9902378188513977,0.13938817064739167,0.8000000015501397,-0.05762442904889799,0.0,0.0,0.0,-0.30502916998888524
2026-08-28T01:53:45.968952,34.18,2.1585611856494773,-7.178101406329608,0.0,2.8557918391535253,0.0,0.0,0.9898070998983357,0.142414553297218,0.8000000012201275,-0.057614611925230076,0.0,0.0,0.0,-0.3035404872625509
2026-08-28T01:53:46.056089,34.2,2.1435624993215137,-7.172530156771705,0.0,2.849709087319134,0.0,0.0,0.9893693865352193,0.14542426546805615,0.8000000006733096,-0.05760442915644521,0.0,0.0,0.0,-0.30202262066356084
2026-08-28T01:53:46.155701,34.22,2.128597738837704,-7.166868411205885,0.0,2.8436568766657713,0.0,0.0,0.988924788083162,0.14841753102202343,0.8000000006975712,-0.057592907166042775,0.0,0.0,0.0,-0.3004552242142286
2026-08-28T01:53:46.247957,34.24,2.113667293236823,-7.161116783922549,0.0,2.8376202616943518,0.0,0.0,0.9884723143804163,0.15140172952586586,0.8000000008048345,-0.057580350393601355,0.0,0.0,0.0,-0.32286571651458557
2026-08-28T01:53:46.340198,34.26,2.098771028645608,-7.155277179440102,0.0,2.832884172594853,0.0,0.0,0.9881110171803973,0.15374204931221824,0.7999999999505137,-0.05756321526895622,0.0,0.0,0.0,-0.09260267349174145
2026-08-28T01:53:46.426831,34.28,2.0838894503282597,-7.149400226837248,0.0,2.8310077102078743,0.0,0.0,0.9879663367090936,0.15466905808730386,0.8000000001593646,-0.05752205826710356,0.0,0.0,0.0,-0.08835207582843017
2026-08-28T01:53:46.515099,34.3,2.069018483885653,-7.143496473039606,0.0,2.8292482454125443,0.0,0.0,0.9878298870374089,0.1555381441179618,0.8000000002251073,-0.05748002395862757,0.0,0.0,0.0,-0.08514463923563695
2026-08-28T01:53:46.609160,34.32,2.0541576300411166,-7.137567309778796,0.0,2.827527870262866,0.0,0.0,0.9876957296160862,0.15638780546496292,0.8000000001480772,-0.05743767892269568,0.0,0.0,0.0,-0.0844461153362561
2026-08-28T01:53:46.695815,34.34,2.0393068221278248,-7.131613029079824,0.0,2.825815176276765,0.0,0.0,0.987561445251977,0.1572335582877474,0.7999999996954243,-0.057395753628617895,0.0,0.0,0.0,-0.08383044989112676
2026-08-28T01:53:46.812225,34.36,2.0244660463298145,-7.125633787570801,0.0,2.8241210771336345,0.0,0.0,0.9874279063655408,0.15807001527982695,0.7999999994181287,-0.05735384730122528,0.0,0.0,0.0,-0.08322868089311963
2026-08-28T01:53:46.901636,34.38,2.009635253457574,-7.119629827339123,0.0,2.822432293539208,0.0,0.0,0.9872940813403172,0.1589037348534613,0.799999999779028,-0.05731127106795468,0.0,0.0,0.0,-0.08261193869896777
2026-08-28T01:53:46.983566,34.4,1.994814438423427,-7.1136012787534435,0.0,2.820755474983775,0.0,0.0,0.9871605079910086,0.1597314354250086,0.7999999999530497,-0.05726826003430507,0.0,0.0,0.0,-0.08198977095325206
2026-08-28T01:53:47.076352,34.42,1.9800035669998837,-7.107548341890818,0.0,2.8190903607920763,0.0,0.0,0.9870271803405948,0.16055324745670807,0.8000000002886083,-0.057224526782464855,0.0,0.0,0.0,-0.08134927796150473
2026-08-28T01:53:47.162232,34.44,1.9652025926498733,-7.101471244205696,0.0,2.8174447315770372,0.0,0.0,0.9868947406777432,0.16136533339788334,0.800000000226691,-0.05718074252094948,0.0,0.0,0.0,-0.08069601681813388
2026-08-28T01:53:47.254739,34.46,1.95041145594576,-7.095370241558074,0.0,2.815805575634119,0.0,0.0,0.9867621577673859,0.1621741163017474,0.800000000191651,-0.05713682821438534,0.0,0.0,0.0,-0.0800291821658725
2026-08-28T01:53:47.351110,34.48,1.935630134317002,-7.089245497460704,0.0,2.8141861430684187,0.0,0.0,0.9866305192785295,0.1629730604369298,0.8000000003198139,-0.057092482161966655,0.0,0.0,0.0,-0.07935568022095732
2026-08-28T01:53:47.444099,34.5,1.9208585521110866,-7.0830973010426135,0.0,2.8125798122289414,0.0,0.0,0.9864993067409386,0.1637654353019818,0.8000000006030556,-0.05704757528559623,0.0,0.0,0.0,-0.07866233078451702
2026-08-28T01:53:47.535346,34.52,1.9060966719723933,-7.076925846177218,0.0,2.810980766910908,0.0,0.0,0.9863680572754441,0.1645541114243772,0.8000000004043231,-0.05700288665704638,0.0,0.0,0.0,-0.07796143925717221
2026-08-28T01:53:47.632194,34.54,1.8913444763550447,-7.07073127714035,0.0,2.8093955960226866,0.0,0.0,0.9862373242815253,0.16533584062149836,0.8000000004146015,-0.056957986596898,0.0,0.0,0.0,-0.09558065187469106
2026-08-28T01:53:47.725755,34.56,1.876603386221627,-7.064510328933966,0.0,2.807405738129596,0.0,0.0,0.9860723387648879,0.16631699469009212,0.8000000006859008,-0.056915740490879926,0.0,0.0,0.0,-0.10073365854123029
2026-08-28T01:53:47.818407,34.58,1.8618748596495338,-7.058259693750124,0.0,2.80536740719789,0.0,0.0,0.985902322141099,0.16732187901403925,0.8000000003146625,-0.05687451589516349,0.0,0.0,0.0,-0.100491118943336
2026-08-28T01:53:47.925007,34.6,1.8471589191485083,-7.05197948428337,0.0,2.803338399012759,0.0,0.0,0.985732066084744,0.16832199467776643,0.8000000001898592,-0.056833263947419756,0.0,0.0,0.0,-0.09981550108932313
2026-08-28T01:53:48.032923,34.62,1.8324555444104438,-7.04566991155644,0.0,2.801324223227156,0.0,0.0,0.9855620511929515,0.1693146279809932,0.7999999998828897,-0.05679226924775321,0.0,0.0,0.0,-0.0990603631441798
2026-08-28T01:53:48.122139,34.64,1.8177646992048264,-7.039331220461671,0.0,2.7993258543999,0.0,0.0,0.9853923827063222,0.17029930153807724,0.799999999563675,-0.05675150412079409,0.0,0.0,0.0,-0.0982834497883108
2026-08-28T01:53:48.218770,34.66,1.8030863423293924,-7.032963663778817,0.0,2.7973427414582943,0.0,0.0,0.9852230369484911,0.17127628985353505,0.7999999997556877,-0.056710225695154645,0.0,0.0,0.0,-0.09748955652987012
2026-08-28T01:53:48.308269,34.68,1.7884204289442236,-7.026567498968852,0.0,2.795374931958345,0.0,0.0,0.9850540405388525,0.17224557241938238,0.8000000001407268,-0.05666820791843566,0.0,0.0,0.0,-0.09667883399216667
2026-08-28T01:53:48.406368,34.7,1.7737669106110077,-7.020142988001884,0.0,2.793423182800538,0.0,0.0,0.9848854814412714,0.1732067794464035,0.8000000003679562,-0.05662577930615166,0.0,0.0,0.0,-0.09584977605315582
2026-08-28T01:53:48.511537,34.72,1.75912573510891,-7.013690397698778,0.0,2.7914882701447734,0.0,0.0,0.9847174505601479,0.1741595319307061,0.8000000002873282,-0.0565832639366228,0.0,0.0,0.0,-0.09500145468498224
2026-08-28T01:53:48.604200,34.74,1.7444968462883288,-7.007209999978204,0.0,2.7895710670846228,0.0,0.0,0.9845500485552151,0.1751034034218742,0.8000000000140405,-0.056541055633663934,0.0,0.0,0.0,-0.09413367468521494
2026-08-28T01:53:48.701080,34.76,1.729880184007336,-7.000702071922293,0.0,2.7876706374560065,0.0,0.0,0.984383218253167,0.17603885827151272,0.8000000003354407,-0.056498099109759406,0.0,0.0,0.0,-0.0932462407697968
2026-08-28T01:53:48.792177,34.78,1.7152756840808834,-6.994166895812069,0.0,2.785788530615392,0.0,0.0,0.9842171204321638,0.17696513738083974,0.8000000002063089,-0.05645532267245734,0.0,0.0,0.0,-0.09233904520047025
2026-08-28T01:53:48.881304,34.8,1.7006832782035772,-6.987604759219925,0.0,2.7839252235862215,0.0,0.0,0.9840518231243081,0.1778820097866151,0.7999999999377011,-0.05641277781284456,0.0,0.0,0.0,-0.09140988336678034
2026-08-28T01:53:48.972092,34.82,1.6861028937093696,-6.981015955455449,0.0,2.7820810807691654,0.0,0.0,0.9838873849041179,0.17878930008962,0.7999999996913417,-0.05637041447155666,0.0,0.0,0.0,-0.09045931889777557
2026-08-28T01:53:49.057839,34.84,1.6715346399239073,-6.974400373609233,0.0,2.780151061671771,0.0,0.0,0.9837143934298094,0.1797386774153581,0.8000000001404204,-0.05632789395753724,0.0,0.0,0.0,-0.10074407766690721
2026-08-28T01:53:49.155644,34.86,1.6569795629816264,-6.967755851751242,0.0,2.7781169215605406,0.0,0.0,0.9835310778421583,0.18073909073203395,0.8000000002356328,-0.05628591473905917,0.0,0.0,0.0,-0.10001152276519662
2026-08-28T01:53:49.243276,34.88,1.6424378184429822,-6.961082201943253,0.0,2.7760901090464447,0.0,0.0,0.9833474107087182,0.18173571430090288,0.800000000289131,-0.05624387687018284,0.0,0.0,0.0,-0.09913653401211814
2026-08-28T01:53:49.336429,34.9,1.6279093760757142,-6.954379642721715,0.0,2.7740914277740423,0.0,0.0,0.9831653038291032,0.18271832241630095,0.8000000001653913,-0.056201784128040715,0.0,0.0,0.0,-0.09808842791422748
2026-08-28T01:53:49.454189,34.92,1.6133941102881464,-6.947648595387674,0.0,2.77211409588456,0.0,0.0,0.9829841759731672,0.18369025501194525,0.8000000001703172,-0.05615953310964324,0.0,0.0,0.0,-0.09699783481316164
2026-08-28T01:53:49.557839,34.94,1.5988919299088724,-6.940889401301222,0.0,2.770159273790103,0.0,0.0,0.9828041655789805,0.1846509467091999,0.799999999938472,-0.05611756527776349,0.0,0.0,0.0,-0.09588849538404151
2026-08-28T01:53:49.660695,34.96,1.5844027580926807,-6.934102366514167,0.0,2.7682157935112173,0.0,0.0,0.9826242688499351,0.18560588963481278,0.7999999997403463,-0.0560757410674483,0.0,0.0,0.0,-0.09475052039606524
2026-08-28T01:53:49.754223,34.98,1.5699265518137393,-6.927287720938592,0.0,2.7662944787454125,0.0,0.0,0.9824455117956098,0.18654976910374982,0.8000000000246192,-0.056033325878531076,0.0,0.0,0.0,-0.09358353694161572
2026-08-28T01:53:49.843049,35.0,1.555463185219889,-6.920445866550982,0.0,2.7644084479062574,0.0,0.0,0.9822691556793023,0.18747614728564996,0.8000000002024887,-0.05599058324241999,0.0,0.0,0.0,-0.0923710300983476
2026-08-28T01:53:49.933924,35.02,1.5410124829866707,-6.913577304031954,0.0,2.7625469854462024,0.0,0.0,0.9820942403488161,0.1883902945315439,0.8000000001880592,-0.05594771066497092,0.0,0.0,0.0,-0.09112462949908738
2026-08-28T01:53:50.022967,35.04,1.5265743228179678,-6.906682416177663,0.0,2.7607108421260307,0.0,0.0,0.9819208707008947,0.18929184790158474,0.8000000001189191,-0.05590489335007566,0.0,0.0,0.0,-0.08985975001180493
2026-08-28T01:53:50.113268,35.06,1.5121485773100414,-6.899761591402591,0.0,2.758900870825708,0.0,0.0,0.9817491622221433,0.1901803945629515,0.7999999997789285,-0.055862392634577346,0.0,0.0,0.0,-0.08856036170827629
2026-08-28T01:53:50.224893,35.08,1.497735112093976,-6.892815226511233,0.0,2.7567604596699002,0.0,0.0,0.9815450679236974,0.19123095888130698,0.8888887110289134,-0.05553453847412382,0.0,0.0,0.0,-0.08722515597235059
2026-08-28T01:53:50.311912,35.1,1.4833338101331592,-6.8858436785130905,0.0,2.7540060927625394,0.0,0.0,0.9812807770786872,0.19258254473302577,0.8000001778198939,-0.05470313700533148,0.0,0.0,0.0,-0.08585288410552892
2026-08-28T01:53:50.408912,35.12,1.4689445985029128,-6.8788472151993725,0.0,2.7522627609043315,0.0,0.0,0.9811125366678853,0.1934378204827262,0.7999999998036316,-0.05465832286346226,0.0,0.0,0.0,-0.08393514076701998
2026-08-28T01:53:50.500561,35.14,1.4545672860038497,-6.871826329200006,0.0,2.7505569063585753,0.0,0.0,0.9809471914229216,0.1942745676600052,0.8000000002285281,-0.054612693822078597,0.0,0.0,0.0,-0.10608357343605954
2026-08-28T01:53:50.589161,35.16,1.440204468749889,-6.864775840906549,0.0,2.7482487569743093,0.0,0.0,0.9807223308548123,0.19540652436063655,0.8000000000341585,-0.0545738260020386,0.0,0.0,0.0,-0.12172721501823008
2026-08-28T01:53:50.678330,35.18,1.4258588774404821,-6.857690368773089,0.0,2.745790927631802,0.0,0.0,0.9804814524119387,0.19661160056358587,0.7999999998236058,-0.05453694906410282,0.0,0.0,0.0,-0.12141346134506827
2026-08-28T01:53:50.767241,35.2,1.4115305399723728,-6.850570070250643,0.0,2.7433361974083113,0.0,0.0,0.9802393997425787,0.19781486089854072,0.7999999998837986,-0.054499960721807274,0.0,0.0,0.0,-0.12015097119711138
2026-08-28T01:53:50.872133,35.22,1.3972194166856908,-6.8434152355855185,0.0,2.740922260511133,0.0,0.0,0.9799999295118026,0.19899783455319783,0.8000000000165883,-0.054462510103696724,0.0,0.0,0.0,-0.11857569239829836
2026-08-28T01:53:50.959552,35.24,1.3829227828227804,-6.836231486870006,0.0,2.739706206344956,0.0,0.0,0.9798787522948947,0.19959366423060723,0.8000000000515479,-0.05441702365369344,0.0,0.0,0.0,0.023092978369090272
2026-08-28T01:53:51.050698,35.26,1.3686253746999666,-6.829049278469984,0.0,2.7401432763197073,0.0,0.0,0.9799223470951408,0.19937952167549808,0.7999999994320444,-0.05435918664299465,0.0,0.0,0.0,0.026161595471104176
2026-08-28T01:53:51.140022,35.28,1.3543244301997317,-6.821874114216845,0.0,2.7406404571793175,0.0,0.0,0.9799718806573886,0.1991359162000188,0.8000000001599746,-0.05430044683194961,0.0,0.0,0.0,0.02824087041007012
2026-08-28T01:53:51.224112,35.3,1.3400195724263855,-6.814706754949405,0.0,2.7411861985232013,0.0,0.0,0.9800261825244049,0.1988685032041069,0.7999999999491492,-0.05424239059385922,0.0,0.0,0.0,0.02887646945519519
2026-08-28T01:53:51.325905,35.32,1.3257105777245421,-6.807547658276244,0.0,2.7417437789962946,0.0,0.0,0.9800815870349613,0.198595273747971,0.8000000002168351,-0.05418429341547348,0.0,0.0,0.0,0.029478901446782425
2026-08-28T01:53:51.419259,35.34,1.311397364538085,-6.800396999380824,0.0,2.7423128030503285,0.0,0.0,0.9801380501107114,0.1983164207149086,0.8000000005340949,-0.054126292070305886,0.0,0.0,0.0,0.030057774211348018
2026-08-28T01:53:51.507192,35.36,1.2970798650713384,-6.793254926626747,0.0,2.742888014823354,0.0,0.0,0.980195046542804,0.19803451904390384,0.80000000035236,-0.05406903093929145,0.0,0.0,0.0,0.03064649261115562
2026-08-28T01:53:51.609151,35.38,1.2827580321574885,-6.78612154762658,0.0,2.7434754284352287,0.0,0.0,0.980253168350402,0.19774662055013323,0.8000000001597074,-0.05401249299630989,0.0,0.0,0.0,0.03124592762374427
2026-08-28T01:53:51.711918,35.4,1.268431786423871,-6.778997035228745,0.0,2.744075364884538,0.0,0.0,0.980312441950162,0.19745256685520782,0.799999999897185,-0.053956758131220306,0.0,0.0,0.0,0.031861551345938155
2026-08-28T01:53:51.827910,35.42,1.2541010357556497,-6.771881588746728,0.0,2.7446942193999764,0.0,0.0,0.98037349222536,0.19714922201685733,0.7999999997062148,-0.053901626960068394,0.0,0.0,0.0,0.03248833873190595
2026-08-28T01:53:51.933663,35.44,1.2397656753241557,-6.7647754340517015,0.0,2.7453193258807875,0.0,0.0,0.98043506396643,0.1968427934803364,0.7999999997896221,-0.0538468849241517,0.0,0.0,0.0,0.01803312178128818
2026-08-28T01:53:52.031398,35.46,1.2254267259366078,-6.75767652368397,0.0,2.7456540195916723,0.0,0.0,0.9804679912602544,0.1966787179998937,0.8000000004349246,-0.053793207494833115,0.0,0.0,0.0,0.018380328452163208
2026-08-28T01:53:52.116250,35.48,1.2110851856886515,-6.750582848957661,0.0,2.7459999699587287,0.0,0.0,0.9805019971294228,0.1965091184276533,0.8000000002043954,-0.053740445588577074,0.0,0.0,0.0,0.018737636260329437
2026-08-28T01:53:52.214448,35.5,1.196740982117568,-6.74349456132589,0.0,2.746356333828973,0.0,0.0,0.9805369959393462,0.19633440756587364,0.800000000038446,-0.053688175473097524,0.0,0.0,0.0,0.01940057000357083
2026-08-28T01:53:52.315181,35.52,1.1823940284907153,-6.736411841571232,0.0,2.746726628899828,0.0,0.0,0.9805733299646061,0.19615286019358374,0.7999999998070134,-0.05363662867485845,0.0,0.0,0.0,0.020078116639699675
2026-08-28T01:53:52.401348,35.54,1.168044243312901,-6.7293348603813685,0.0,2.747103647145769,0.0,0.0,0.9806102891453558,0.19596800969102504,0.7999999998251536,-0.053585376845402245,0.0,0.0,0.0,0.020771831421977586
2026-08-28T01:53:52.490453,35.56,1.1536915678485244,-6.722263742769454,0.0,2.7474938798270667,0.0,0.0,0.9806485070399421,0.1957766728707295,0.8000000002482851,-0.05353388848700272,0.0,0.0,0.0,0.021478921557046025
2026-08-28T01:53:52.581969,35.58,1.139335892659361,-6.715198717163169,0.0,2.747905444403303,0.0,0.0,0.9806887736479188,0.19557486863332177,0.8000000003469951,-0.05348256763836033,0.0,0.0,0.0,0.022207528428192815
2026-08-28T01:53:52.665291,35.6,1.1249770932687937,-6.708140043285972,0.0,2.7483243557491566,0.0,0.0,0.9807297164011051,0.19536945351770857,0.800000000355002,-0.05343161897497173,0.0,0.0,0.0,0.022951846120281703
2026-08-28T01:53:52.756523,35.62,1.110615093892806,-6.701087882595464,0.0,2.748766806730731,0.0,0.0,0.9807729131051838,0.19515248632587726,0.7999999997938563,-0.05338180703924219,0.0,0.0,0.0,0.02370417450068583
2026-08-28T01:53:52.854116,35.64,1.0962497518711887,-6.694042533431294,0.0,2.74922512514517,0.0,0.0,0.9808176083417197,0.1949277280605017,0.7999999994231889,-0.05333273713874031,0.0,0.0,0.0,0.02447986991072228
2026-08-28T01:53:52.948397,35.66,1.0818809615261258,-6.687004219706751,0.0,2.749698316344084,0.0,0.0,0.980863699932113,0.19469566547688189,0.7999999998441683,-0.053283366016548726,0.0,0.0,0.0,0.025262648955252338
2026-08-28T01:53:53.035712,35.68,1.0675086160735516,-6.679973168435157,0.0,2.750187421535511,0.0,0.0,0.9809112839312515,0.19445578689343151,0.7999999998426056,-0.05323433826769808,0.0,0.0,0.0,0.026061358400484205
2026-08-28T01:53:53.136599,35.7,1.0531326212866328,-6.672949581776222,0.0,2.7506840391713254,0.0,0.0,0.9809595387771788,0.19421221197974325,0.800000000146802,-0.05318523662546367,0.0,0.0,0.0,0.02687794649296413
2026-08-28T01:53:53.228839,35.72,1.0387528951144804,-6.665933637759724,0.0,2.7512054218930766,0.0,0.0,0.9810101348894471,0.19395647770618255,0.800000000118273,-0.05313641219409849,0.0,0.0,0.0,0.027712278694105315
2026-08-28T01:53:53.317023,35.74,1.0243694173378297,-6.658925388100139,0.0,2.751665950750782,0.0,0.0,0.9810547701591977,0.19373058082781788,0.8000000003091252,-0.05308803680911788,0.0,0.0,0.0,0.020823550452892938
2026-08-28T01:53:53.404846,35.76,1.0099828887773397,-6.651923403159642,0.0,2.752064775616951,0.0,0.0,0.9810933829394498,0.19353494245852884,0.8000000002179602,-0.05304055173775199,0.0,0.0,0.0,0.021517397913947665
