wall_time,ros_time_sec,x,y,z,yaw,qx,qy,qz,qw,lin_vel_x,lin_vel_y,lin_vel_z,ang_vel_x,ang_vel_y,ang_vel_z
2026-08-24T01:58:46.099557,0.030000000000000002,0.0,0.0,0.0,0.0,0.0,0.0,0.0,1.0,0.0,0.0,0.0,0.0,0.0,0.0
2026-08-24T01:58:49.594804,0.05,1.3894251784603834e-07,2.926342410870037e-43,0.0,0.0,0.0,0.0,0.0,1.0,2.7788397372386514e-05,0.0,0.0,0.0,0.0,3.4409940636897585e-24
2026-08-24T01:58:49.617350,0.07,-3.196701540375156e-07,-2.5313332701619182e-39,0.0,0.0,0.0,0.0,0.0,1.0,-6.393397294919605e-05,-1.8983294848639896e-41,0.0,0.0,0.0,8.602313112395008e-35
2026-08-24T01:58:49.634833,0.09000000000000001,-2.7302039399698657e-07,4.539963890102916e-39,0.0,0.0,0.0,0.0,0.0,1.0,-5.460372188686927e-05,1.0470794218776032e-40,0.0,0.0,0.0,-6.6109308201923635e-24
2026-08-24T01:58:49.656139,0.11,6.906458162699871e-08,1.170815529673432e-38,0.0,0.0,0.0,0.0,0.0,1.0,1.3813070466475098e-05,3.0170552565816952e-40,0.0,0.0,0.0,-6.479309372605651e-24
2026-08-24T01:58:49.677441,0.13,4.1108619357859896e-07,1.497167024797106e-38,0.0,0.0,0.0,0.0,0.0,1.0,8.221700379927966e-05,4.23854486652401e-40,0.0,0.0,0.0,-6.3503540145278046e-24
2026-08-24T01:58:49.694902,0.15000000000000002,7.966578565735374e-08,2.0150931532185286e-38,0.0,0.0,0.0,0.0,0.0,1.0,1.5932799155869195e-05,6.693464218839698e-40,0.0,0.0,0.0,-6.2240734129163915e-24
2026-08-24T01:58:49.721588,0.17,3.525289024855262e-07,2.3686203586662223e-38,0.0,0.0,0.0,0.0,0.0,1.0,7.05055724348661e-05,8.718131052286415e-40,0.0,0.0,0.0,-6.100143359381382e-24
2026-08-24T01:58:49.748121,0.19,-1.9135908642140054e-07,2.204238238080458e-38,0.0,0.0,0.0,0.0,0.0,1.0,-3.8271973589772305e-05,7.601241678644807e-40,0.0,0.0,0.0,-8.968032227800641e-24
2026-08-24T01:58:49.766693,0.21000000000000002,-3.8501537861064035e-07,2.0835205689327513e-38,0.0,0.0,0.0,0.0,0.0,1.0,-7.700276998276458e-05,6.657269750525434e-40,0.0,0.0,0.0,-1.1719697832062821e-23
2026-08-24T01:58:49.784627,0.23,-8.094501075915316e-08,2.095539072073359e-38,0.0,0.0,0.0,0.0,0.0,1.0,-1.6188651593027657e-05,6.752153544049649e-40,0.0,0.0,0.0,-1.4358339379184124e-23
2026-08-24T01:58:49.809525,0.25,-4.040529791225323e-07,1.8197811709382918e-38,0.0,0.0,0.0,0.0,0.0,1.0,-8.081034099203835e-05,4.058443205520402e-40,0.0,0.0,0.0,-1.68872109186237e-23
2026-08-24T01:58:49.836168,0.27,-5.165494591696167e-07,2.9863607546233305e-38,0.0,0.0,0.0,0.0,0.0,1.0,-0.00010330935572608013,1.6555396149019965e-39,0.0,0.0,0.0,-1.3792148942746535e-23
2026-08-24T01:58:49.860121,0.29000000000000004,1.0540464759430643e-07,2.9452131178142793e-38,0.0,0.0,0.0,0.0,0.0,1.0,2.108124768980249e-05,1.6046292756086914e-39,0.0,0.0,0.0,-1.3517611679468446e-23
2026-08-24T01:58:49.885683,0.31,3.7107497225212003e-07,5.078161571863374e-38,0.0,0.0,0.0,0.0,0.0,1.0,7.421475536859948e-05,4.310895845947496e-39,0.0,0.0,0.0,-1.3248708975072932e-23
2026-08-24T01:58:49.903838,0.33,1.3498736992736672e-07,1.1299081617952236e-38,0.0,0.0,0.0,0.0,0.0,1.0,2.699715790134666e-05,-1.103302768314474e-39,0.0,0.0,0.0,-1.0388128472140015e-23
2026-08-24T01:58:49.919719,0.35000000000000003,1.8515643101300788e-07,4.4070634624266196e-38,0.0,0.0,0.0,0.0,0.0,1.0,3.7031090236056954e-05,3.7088010617262393e-39,0.0,0.0,0.0,-1.0181263160402823e-23
2026-08-24T01:58:49.947697,0.37,-2.2493043283306974e-07,4.432661787494991e-38,0.0,0.0,0.0,0.0,0.0,1.0,-4.498609566067275e-05,3.7407988575022476e-39,0.0,0.0,0.0,-2.494797936882363e-24
2026-08-24T01:58:49.970491,0.39,1.514970779967704e-07,5.715156560437085e-38,0.0,0.0,0.0,0.0,0.0,1.0,3.029954097017695e-05,5.8675624537000336e-39,0.0,0.0,0.0,-4.89013664977015e-24
2026-08-24T01:58:49.992452,0.41000000000000003,-6.88728913620887e-07,4.4098484162776705e-38,0.0,0.0,0.0,0.0,0.0,1.0,-0.00013774556584289044,3.551005284587171e-39,0.0,0.0,0.0,-4.792961328740428e-24
2026-08-24T01:58:50.010517,0.43000000000000005,-3.0874740758952723e-07,3.7016191307062673e-38,0.0,0.0,0.0,0.0,0.0,1.0,-6.174885275506255e-05,2.222254078557515e-39,0.0,0.0,0.0,-2.348766439714218e-24
2026-08-24T01:58:50.030369,0.45,5.286152676628101e-07,3.5522896496087556e-38,0.0,0.0,0.0,0.0,0.0,1.0,0.00010572304918849928,1.9219322831862788e-39,0.0,0.0,0.0,-2.3020540093807235e-24
2026-08-24T01:58:50.057233,0.47000000000000003,1.073029733492901e-07,3.350378631204124e-38,0.0,0.0,0.0,0.0,0.0,1.0,2.146014612952636e-05,1.4991329697883013e-39,0.0,0.0,0.0,-2.2562014673912148e-24
2026-08-24T01:58:50.071319,0.49000000000000005,1.4816495285410015e-08,3.462302096826437e-38,0.0,0.0,0.0,0.0,0.0,1.0,2.963222845564161e-06,1.7338110374295343e-39,0.0,0.0,0.0,-2.2112561157385267e-24
2026-08-24T01:58:50.092752,0.51,-2.1786114923005283e-07,3.180729492450392e-38,0.0,0.0,0.0,0.0,0.0,1.0,-4.357214556769067e-05,1.0919642897633983e-39,0.0,0.0,0.0,-4.334593677421262e-24
2026-08-24T01:58:50.110041,0.53,5.82357915365378e-07,2.604429495931777e-38,0.0,0.0,0.0,0.0,0.0,1.0,0.00011647147565170681,-2.6832995619236232e-40,0.0,0.0,0.0,-4.24837117678881e-24
2026-08-24T01:58:50.131966,0.55,5.911566272004102e-07,2.5500599004468345e-38,0.0,0.0,0.0,0.0,0.0,1.0,0.0001182306393608951,-4.034257140574301e-40,0.0,0.0,0.0,-4.1639630549998094e-24
2026-08-24T01:58:50.158019,0.5700000000000001,-2.8270287284582235e-08,1.2172656746317142e-38,0.0,0.0,0.0,0.0,0.0,1.0,-5.654460888406757e-06,-3.795332870353846e-39,0.0,0.0,0.0,-6.1213336917175495e-24
2026-08-24T01:58:50.181667,0.5900000000000001,1.589711557166133e-07,2.982114426688046e-39,0.0,0.0,0.0,0.0,0.0,1.0,3.179417640684583e-05,-6.21223345124863e-39,0.0,0.0,0.0,-9.999887059495974e-24
2026-08-24T01:58:50.206450,0.61,-2.7363636560858153e-07,-4.3828158578608357e-39,0.0,0.0,0.0,0.0,0.0,1.0,-5.47272675304468e-05,-8.209033296122097e-39,0.0,0.0,0.0,-1.1760496741766982e-23
2026-08-24T01:58:50.233859,0.63,-9.001192446055659e-07,7.893639007497584e-40,0.0,0.0,0.0,0.0,0.0,1.0,-0.0001800232467558046,-6.717266174680741e-39,0.0,0.0,0.0,-1.344751531592339e-23
2026-08-24T01:58:50.259963,0.65,-5.126649843731882e-07,1.5172409542878735e-38,0.0,0.0,0.0,0.0,0.0,1.0,-0.00010253210754205592,-2.4828109420699297e-39,0.0,0.0,0.0,-1.5062984203609785e-23
2026-08-24T01:58:50.287911,0.67,-1.290057144729903e-07,-7.587412551739643e-39,0.0,0.0,0.0,0.0,0.0,1.0,-2.5800703452842902e-05,-9.35620360369124e-39,0.0,0.0,0.0,-1.2917686182951458e-23
2026-08-24T01:58:50.310705,0.6900000000000001,-1.0159716116489772e-07,-1.2013286882025721e-39,0.0,0.0,0.0,0.0,0.0,1.0,-2.0319279095952285e-05,-7.328844607937818e-39,0.0,0.0,0.0,-1.0852083920307578e-23
2026-08-24T01:58:50.330549,0.7100000000000001,4.679806664243871e-07,-2.2130678069820607e-38,0.0,0.0,0.0,0.0,0.0,1.0,9.35959827046392e-05,-1.4025633212362926e-38,0.0,0.0,0.0,-1.0636369892712639e-23
2026-08-24T01:58:50.355866,0.7300000000000001,4.94220395000509e-07,-5.5634156364264116e-39,0.0,0.0,0.0,0.0,0.0,1.0,9.884347606801185e-05,-8.486492834244645e-39,0.0,0.0,0.0,-1.042432407369786e-23
2026-08-24T01:58:50.375683,0.75,-5.115329085091686e-08,-1.798259226421433e-38,0.0,0.0,0.0,0.0,0.0,1.0,-1.0231011078569923e-05,-1.2674682192816033e-38,0.0,0.0,0.0,-8.514373395247171e-24
2026-08-24T01:58:50.394023,0.77,-6.830406365704535e-08,-8.03822412177474e-39,0.0,0.0,0.0,0.0,0.0,1.0,-1.3660761928290542e-05,-9.140265936482472e-39,0.0,0.0,0.0,-6.675893518709516e-24
2026-08-24T01:58:50.413948,0.79,1.434637261579445e-08,-7.368646675869041e-39,0.0,0.0,0.0,0.0,0.0,1.0,2.8693293127721157e-06,-8.85578327513254e-39,0.0,0.0,0.0,-4.90735442737475e-24
2026-08-24T01:58:50.439390,0.81,8.427044248187682e-08,-9.822394491974858e-39,0.0,0.0,0.0,0.0,0.0,1.0,1.6854032343558226e-05,-9.714930014266752e-39,0.0,0.0,0.0,-4.8096654598875874e-24
2026-08-24T01:58:50.464139,0.8300000000000001,-1.8609077606901794e-07,-7.26886625364809e-39,0.0,0.0,0.0,0.0,0.0,1.0,-3.721812314682125e-05,-8.700414405620043e-39,0.0,0.0,0.0,-6.285162758897141e-24
2026-08-24T01:58:50.483996,0.8500000000000001,3.1196319326299805e-08,-4.209809651717665e-39,0.0,0.0,0.0,0.0,0.0,1.0,6.239375853028841e-06,-7.46982775055095e-39,0.0,0.0,0.0,-6.160222899014268e-24
2026-08-24T01:58:50.509550,0.8700000000000001,4.4660984677078476e-07,-1.5730582629941725e-38,0.0,0.0,0.0,0.0,0.0,1.0,8.932174171637263e-05,-1.1989639707286582e-38,0.0,0.0,0.0,-6.037712636451384e-24
2026-08-24T01:58:50.528156,0.89,4.3605714404306603e-07,5.305076247172812e-39,0.0,0.0,0.0,0.0,0.0,1.0,8.721092298354003e-05,-3.3985035137845195e-39,0.0,0.0,0.0,-7.397043001461664e-24
2026-08-24T01:58:50.553323,0.91,3.7499474617652665e-07,4.930062645396136e-39,0.0,0.0,0.0,0.0,0.0,1.0,7.499845051420922e-05,-3.529294584609622e-39,0.0,0.0,0.0,-2.899781270733181e-24
2026-08-24T01:58:50.580139,0.93,4.1217367376341264e-07,3.652030991761346e-39,0.0,0.0,0.0,0.0,0.0,1.0,8.24342653282388e-05,-4.043846769143973e-39,0.0,0.0,0.0,-5.684209249374746e-24
2026-08-24T01:58:50.597688,0.9500000000000001,1.0329687349843359e-07,4.0100328379083454e-39,0.0,0.0,0.0,0.0,0.0,1.0,2.065902078745877e-05,-3.858958243663617e-39,0.0,0.0,0.0,-8.356988601104856e-24
2026-08-24T01:58:50.617780,0.9700000000000001,-2.513578653010672e-07,8.419011886667696e-39,0.0,0.0,0.0,0.0,0.0,1.0,-5.0271564640728576e-05,-1.8829994111470333e-39,0.0,0.0,0.0,-8.190499640937466e-24
2026-08-24T01:58:50.640048,0.9900000000000001,1.5013849440160514e-07,1.36597353705625e-38,0.0,0.0,0.0,0.0,0.0,1.0,3.0027807482855963e-05,4.96702915357552e-40,0.0,0.0,0.0,-6.6896461787348e-24
2026-08-24T01:58:50.667791,1.01,4.386616062518994e-07,1.3109182657439975e-38,0.0,0.0,0.0,0.0,0.0,1.0,8.773202176023177e-05,2.4965073299957937e-40,0.0,0.0,0.0,-7.867822963724741e-24
2026-08-24T01:58:50.694124,1.03,9.951560840984809e-07,5.92613419602213e-38,0.0,0.0,0.0,0.0,0.0,1.0,0.00019903042356741156,2.1865264108771347e-38,0.0,0.0,0.0,-6.426067749227961e-24
2026-08-24T01:58:50.715262,1.05,5.264071445534407e-07,1.851897878890565e-38,0.0,0.0,0.0,0.0,0.0,1.0,0.00010528045411732951,2.3083652927131734e-39,0.0,0.0,0.0,-7.558155600590466e-24
2026-08-24T01:58:50.737552,1.07,3.743233242864621e-08,2.8994135845814085e-38,0.0,0.0,0.0,0.0,0.0,1.0,7.486059778201441e-06,7.389880619268345e-39,0.0,0.0,0.0,-7.407522601896031e-24
2026-08-24T01:58:50.762166,1.09,3.007019732763119e-08,4.160074015210984e-38,0.0,0.0,0.0,0.0,0.0,1.0,6.013989300445658e-06,1.3584781900179038e-38,0.0,0.0,0.0,-3.630166687332055e-24
2026-08-24T01:58:50.778581,1.11,-2.5435575018961446e-07,6.981347587953081e-38,0.0,0.0,0.0,0.0,0.0,1.0,-5.08710536188975e-05,2.7701197267509314e-38,0.0,0.0,0.0,-3.557683976907275e-24
2026-08-24T01:58:50.797872,1.13,-1.5035629306335103e-07,1.3968036308254106e-37,0.0,0.0,0.0,0.0,0.0,1.0,-3.0070984888030155e-05,6.328614828323254e-38,0.0,0.0,0.0,-3.487159807839088e-24
2026-08-24T01:58:50.822478,1.15,-1.122110952657517e-07,2.1780624530720317e-37,0.0,0.0,0.0,0.0,0.0,1.0,-2.2442072238058268e-05,1.0352924716625985e-37,0.0,0.0,0.0,-4.556612838077219e-24
2026-08-24T01:58:50.854603,1.17,5.450484002081306e-07,1.2109622717906129e-37,0.0,0.0,0.0,0.0,0.0,1.0,0.00010900949671710413,5.168960877173681e-38,0.0,0.0,0.0,-5.582571692024748e-24
2026-08-24T01:58:50.877542,1.19,1.7864882316067235e-07,2.2551878198349865e-37,0.0,0.0,0.0,0.0,0.0,1.0,3.5729277330144726e-05,1.0744128822064283e-37,0.0,0.0,0.0,-6.566196876090493e-24
2026-08-24T01:58:50.906393,1.21,4.880637724643607e-07,3.698979950294374e-37,0.0,0.0,0.0,0.0,0.0,1.0,9.761241558390548e-05,1.8548383295553736e-37,0.0,0.0,0.0,-6.4355670302837366e-24
2026-08-24T01:58:50.924939,1.23,2.2802003805751367e-07,3.945260756526005e-37,0.0,0.0,0.0,0.0,0.0,1.0,4.560355057206788e-05,1.978122046481769e-37,0.0,0.0,0.0,-6.307061585864854e-24
2026-08-24T01:58:50.948391,1.25,-6.644882254009021e-09,3.229485420716748e-37,0.0,0.0,0.0,0.0,0.0,1.0,-1.3291466103442537e-06,1.5611793310180349e-37,0.0,0.0,0.0,-6.181751024562412e-24
2026-08-24T01:58:50.974020,1.27,-4.4492204037441607e-07,2.1870871619080223e-37,0.0,0.0,0.0,0.0,0.0,1.0,-8.898423012417566e-05,9.546100527085286e-38,0.0,0.0,0.0,-6.05904370306394e-24
2026-08-24T01:58:50.993505,1.29,-2.250619763609893e-07,2.293303027221831e-37,0.0,0.0,0.0,0.0,0.0,1.0,-4.501195483566227e-05,1.0085024008145928e-37,0.0,0.0,0.0,-6.927791543351704e-24
2026-08-24T01:58:51.019153,1.31,-1.8946594231171685e-07,5.1778973813706525e-37,0.0,0.0,0.0,0.0,0.0,1.0,-3.789291045259052e-05,2.6933866258601043e-37,0.0,0.0,0.0,-6.789883927162718e-24
2026-08-24T01:58:51.040340,1.32,-5.406525043035351e-14,6.909292192442926e-37,0.0,0.0,0.0,0.0,0.0,1.0,1.2056341061706623e-11,3.7168322927221884e-37,0.0,0.0,0.0,-7.682869663222115e-24
2026-08-24T01:58:51.065471,1.34,1.474533778681604e-13,7.117002744300103e-37,0.0,0.0,0.0,0.0,0.0,1.0,-7.541363420053533e-12,3.81306323190434e-37,0.0,0.0,0.0,-7.529993263348015e-24
2026-08-24T01:58:51.092563,1.36,-6.766129209722804e-13,6.164966798863259e-37,0.0,0.0,0.0,0.0,0.0,1.0,-2.802867978403227e-10,3.1982998669156894e-37,0.0,0.0,0.0,-7.379167712183417e-24
2026-08-24T01:58:51.118779,1.3900000000000001,-4.878043751092267e-07,6.461173570671174e-37,0.0,0.0,0.0,0.0,0.0,1.0,-9.756039979152787e-05,3.3416720522165548e-37,0.0,0.0,0.0,-7.160959593811111e-24
2026-08-24T01:58:51.139616,1.4100000000000001,4.3760802348692085e-08,8.095931961590503e-37,0.0,0.0,0.0,0.0,0.0,1.0,8.752488667667875e-06,4.337711151309404e-37,0.0,0.0,0.0,-7.89545282256175e-24
2026-08-24T01:58:51.159373,1.4300000000000002,1.58683158672715e-07,7.428969100924268e-37,0.0,0.0,0.0,0.0,0.0,1.0,3.1736535611801475e-05,3.877690427846896e-37,0.0,0.0,0.0,-8.597791097633512e-24
2026-08-24T01:58:51.185857,1.44,3.0469742994786326e-13,4.492155341858336e-37,0.0,0.0,0.0,0.0,0.0,1.0,2.0051826709257057e-10,1.9674402902798545e-37,0.0,0.0,0.0,-7.660810429185001e-24
2026-08-24T01:58:51.203230,1.47,-1.5162250153468327e-07,2.7567736163536147e-37,0.0,0.0,0.0,0.0,0.0,1.0,-3.0324513764713962e-05,8.118934502733458e-38,0.0,0.0,0.0,-6.6076570464211844e-24
2026-08-24T01:58:51.222581,1.49,-1.1204906658643844e-07,3.2578241320393913e-37,0.0,0.0,0.0,0.0,0.0,1.0,-2.240966075126434e-05,1.1317936665260758e-37,0.0,0.0,0.0,-6.476070952909007e-24
2026-08-24T01:58:51.247433,1.51,2.3938895056782275e-07,3.4720114155993813e-37,0.0,0.0,0.0,0.0,0.0,1.0,4.787777191493238e-05,1.26192433130334e-37,0.0,0.0,0.0,-7.140745544192992e-24
2026-08-24T01:58:51.271545,1.52,3.285073638247594e-13,3.3173800492469073e-37,0.0,0.0,0.0,0.0,0.0,1.0,6.18788181625192e-12,1.1507489469089236e-37,0.0,0.0,0.0,-7.069042094768827e-24
2026-08-24T01:58:51.295035,1.54,-6.661830142676582e-13,3.3397825912634314e-37,0.0,0.0,0.0,0.0,0.0,1.0,-2.9126423270312875e-10,1.153200484328108e-37,0.0,0.0,0.0,-6.928289578012728e-24
2026-08-24T01:58:51.321873,1.56,-6.602980958818674e-13,5.763836247292078e-37,0.0,0.0,0.0,0.0,0.0,1.0,-1.720748745858043e-10,2.812184450194543e-37,0.0,0.0,0.0,-7.546046581763936e-24
2026-08-24T01:58:51.344475,1.58,-8.124026807523647e-14,7.197391167760491e-37,0.0,0.0,0.0,0.0,0.0,1.0,3.230415701648351e-11,3.783375525967678e-37,0.0,0.0,0.0,-8.134043814590606e-24
2026-08-24T01:58:51.369855,1.6099999999999999,4.2075853567072664e-07,5.8241130079461985e-37,0.0,0.0,0.0,0.0,0.0,1.0,8.415135851529426e-05,2.7648351394141895e-37,0.0,0.0,0.0,-7.892806509846073e-24
2026-08-24T01:58:51.395209,1.63,2.270331248534968e-07,4.144743698207915e-37,0.0,0.0,0.0,0.0,0.0,1.0,4.540621922870849e-05,1.5470233622139352e-37,0.0,0.0,0.0,-4.922617729468187e-24
2026-08-24T01:58:51.415346,1.65,5.371715755898818e-07,7.33685739743689e-37,0.0,0.0,0.0,0.0,0.0,1.0,0.00010743392581472074,3.81234684112101e-37,0.0,0.0,0.0,-4.135958488346229e-24
2026-08-24T01:58:51.437883,1.67,4.976458713892811e-07,9.27956280239656e-37,0.0,0.0,0.0,0.0,0.0,1.0,9.952855420087672e-05,5.176277316259827e-37,0.0,0.0,0.0,-4.053009764144646e-24
2026-08-24T01:58:51.456736,1.7000000000000002,3.4008979034369174e-13,1.0874630558510023e-36,0.0,0.0,0.0,0.0,0.0,1.0,2.4260143603759866e-10,6.271681338109632e-37,0.0,0.0,0.0,-3.972782604758867e-24
2026-08-24T01:58:51.475154,1.71,-2.8977054377357184e-07,1.0937419584056481e-36,0.0,0.0,0.0,0.0,0.0,1.0,-5.795407465447701e-05,6.286114063758965e-37,0.0,0.0,0.0,-3.8937420145960685e-24
2026-08-24T01:58:51.495309,1.73,-8.228756259646964e-09,1.162399576857912e-36,0.0,0.0,0.0,0.0,0.0,1.0,-1.6455556951834083e-06,6.731227860825245e-37,0.0,0.0,0.0,-4.4522720074341e-24
2026-08-24T01:58:51.516897,1.75,-1.2160829216649834e-07,1.1849553978932557e-36,0.0,0.0,0.0,0.0,0.0,1.0,-2.4321593690849547e-05,6.830216037654892e-37,0.0,0.0,0.0,-3.740147511992248e-24
2026-08-24T01:58:51.545982,1.76,2.255393783722533e-14,1.278184095834429e-36,0.0,0.0,0.0,0.0,0.0,1.0,-8.946658775032036e-11,7.502066448446793e-37,0.0,0.0,0.0,-3.702755503885488e-24
2026-08-24T01:58:51.570431,1.79,1.0904382485662377e-07,1.2601086688452862e-36,0.0,0.0,0.0,0.0,0.0,1.0,2.1808725671044216e-05,7.244654385018303e-37,0.0,0.0,0.0,-5.38888056156825e-24
2026-08-24T01:58:51.596690,1.81,2.8915185093633117e-08,1.2725553354152669e-36,0.0,0.0,0.0,0.0,0.0,1.0,5.782913811604023e-06,7.262031699449334e-37,0.0,0.0,0.0,-5.869717073371436e-24
2026-08-24T01:58:51.623248,1.83,-1.5314090252233403e-07,1.1314870925890277e-36,0.0,0.0,0.0,0.0,0.0,1.0,-3.062812716939499e-05,6.088972488550844e-37,0.0,0.0,0.0,-5.752374007818397e-24
2026-08-24T01:58:51.646473,1.85,-6.986188464173225e-07,1.0576892765686025e-36,0.0,0.0,0.0,0.0,0.0,1.0,-0.00013972332946001484,5.443479350324349e-37,0.0,0.0,0.0,-5.6375947451226136e-24
2026-08-24T01:58:51.671645,1.87,-3.587834396225635e-07,9.8699752887574e-37,0.0,0.0,0.0,0.0,0.0,1.0,-7.175602219629875e-05,4.8235420122087586e-37,0.0,0.0,0.0,-4.972666647716845e-24
2026-08-24T01:58:51.689906,1.8900000000000001,-3.115992256866737e-07,1.0326549936134991e-36,0.0,0.0,0.0,0.0,0.0,1.0,-6.231945163227942e-05,5.12844353360917e-37,0.0,0.0,0.0,-4.8739800847599785e-24
2026-08-24T01:58:51.714973,1.9100000000000001,-1.920588788919986e-07,1.0225307178025459e-36,0.0,0.0,0.0,0.0,0.0,1.0,-3.84114575577806e-05,4.986058594469577e-37,0.0,0.0,0.0,-5.30785086799135e-24
2026-08-24T01:58:51.738521,1.9300000000000002,2.9323231360946224e-08,1.0196284415899532e-36,0.0,0.0,0.0,0.0,0.0,1.0,5.864783300753358e-06,4.902025854170967e-37,0.0,0.0,0.0,-4.682284139018035e-24
2026-08-24T01:58:51.760939,1.96,3.5441704006474813e-15,1.0043010776825782e-36,0.0,0.0,0.0,0.0,0.0,1.0,-7.573961013348845e-11,4.684266000817261e-37,0.0,0.0,0.0,-4.589277433841888e-24
2026-08-24T01:58:51.787138,1.9700000000000002,1.8844840604363957e-07,1.008989808986825e-36,0.0,0.0,0.0,0.0,0.0,1.0,3.768957607065098e-05,4.693195281068294e-37,0.0,0.0,0.0,-4.9970396604882494e-24
2026-08-24T01:58:51.808640,1.98,-3.281015226460456e-14,9.821444928931101e-37,0.0,0.0,0.0,0.0,0.0,1.0,-3.6727438978628665e-11,4.440970446129295e-37,0.0,0.0,0.0,-4.9473414155836634e-24
2026-08-24T01:58:51.828592,2.01,4.433850460103567e-07,9.87023781610192e-37,0.0,0.0,0.0,0.0,0.0,1.0,8.867695503004752e-05,4.395148319786267e-37,0.0,0.0,0.0,-4.800021637589322e-24
2026-08-24T01:58:51.849399,2.03,7.790736596790011e-08,1.0019508677724736e-36,0.0,0.0,0.0,0.0,0.0,1.0,1.558111133593022e-05,4.4621732844267004e-37,0.0,0.0,0.0,-4.7053583200881574e-24
2026-08-24T01:58:51.865078,2.05,-9.598347823320702e-07,1.0084982440275829e-36,0.0,0.0,0.0,0.0,0.0,1.0,-0.0001919665771748277,4.458282928969878e-37,0.0,0.0,0.0,-4.6106973381719734e-24
2026-08-24T01:58:51.887310,2.07,-9.090629454936593e-07,9.790490651529444e-37,0.0,0.0,0.0,0.0,0.0,1.0,-0.0001818114684934429,4.149678460285435e-37,0.0,0.0,0.0,-5.4230222850049455e-24
2026-08-24T01:58:51.908928,2.09,-4.770132159730755e-07,9.713419364155617e-37,0.0,0.0,0.0,0.0,0.0,1.0,-9.540176202205706e-05,4.027447091431356e-37,0.0,0.0,0.0,-4.4294609179089295e-24
2026-08-24T01:58:51.929003,2.11,9.706705004548424e-08,9.627316260381074e-37,0.0,0.0,0.0,0.0,0.0,1.0,1.941372357101928e-05,3.897903999813284e-37,0.0,0.0,0.0,-4.340707351858669e-24
2026-08-24T01:58:51.953932,2.13,4.653688003511223e-07,9.515694847628337e-37,0.0,0.0,0.0,0.0,0.0,1.0,9.30734667232956e-05,3.7468611668553996e-37,0.0,0.0,0.0,-4.679974573500466e-24
2026-08-24T01:58:51.973455,2.15,9.091761300627381e-07,9.514642278112473e-37,0.0,0.0,0.0,0.0,0.0,1.0,0.00018183447040700384,3.6923641747388837e-37,0.0,0.0,0.0,-4.169918956028236e-24
2026-08-24T01:58:51.993248,2.17,7.172079370093185e-07,9.580252957356416e-37,0.0,0.0,0.0,0.0,0.0,1.0,0.00014344061278026972,3.696192454393376e-37,0.0,0.0,0.0,-4.4966630911534276e-24
2026-08-24T01:58:52.018520,2.19,1.4577693315932406e-07,9.769638375556534e-37,0.0,0.0,0.0,0.0,0.0,1.0,2.9154784091867998e-05,3.80848502382579e-37,0.0,0.0,0.0,-4.406636402406973e-24
2026-08-24T01:58:52.039961,2.21,2.4500524673425634e-07,9.62183712804299e-37,0.0,0.0,0.0,0.0,0.0,1.0,4.9000846962814836e-05,3.6223983998092666e-37,0.0,0.0,0.0,-3.926752566216118e-24
2026-08-24T01:58:52.059359,2.22,2.380620482819498e-13,9.802915756189723e-37,0.0,0.0,0.0,0.0,0.0,1.0,1.1407961227385682e-10,3.7569181838927867e-37,0.0,0.0,0.0,-3.498758026798148e-24
2026-08-24T01:58:52.081528,2.25,3.758672945105803e-07,9.732250697496295e-37,0.0,0.0,0.0,0.0,0.0,1.0,7.517310681718256e-05,3.609958599481178e-37,0.0,0.0,0.0,-3.394746651758943e-24
2026-08-24T01:58:52.099103,2.27,2.2948282621339793e-09,9.981976383959057e-37,0.0,0.0,0.0,0.0,0.0,1.0,4.586937876691348e-07,3.7793979946185164e-37,0.0,0.0,0.0,-3.696405175955671e-24
2026-08-24T01:58:52.125299,2.29,-2.767443775370489e-07,1.0162803379402825e-36,0.0,0.0,0.0,0.0,0.0,1.0,-5.534878524291389e-05,3.885461398205775e-37,0.0,0.0,0.0,-3.623435533357539e-24
2026-08-24T01:58:52.144558,2.31,1.0764791998615232e-07,1.0032669460943279e-36,0.0,0.0,0.0,0.0,0.0,1.0,2.1529729547695465e-05,3.7087606448478983e-37,0.0,0.0,0.0,-3.551256552006039e-24
2026-08-24T01:58:52.163651,2.33,-4.867751924959208e-07,9.352657870542673e-37,0.0,0.0,0.0,0.0,0.0,1.0,-9.735487608336635e-05,3.032096328152031e-37,0.0,0.0,0.0,-3.479862842690904e-24
2026-08-24T01:58:52.184435,2.35,-3.239092657376984e-07,1.0103068491725044e-36,0.0,0.0,0.0,0.0,0.0,1.0,-6.47813349924048e-05,3.6700165131798975e-37,0.0,0.0,0.0,-3.0697537621443042e-24
2026-08-24T01:58:52.203595,2.37,3.9340366857732705e-07,8.840168151086789e-37,0.0,0.0,0.0,0.0,0.0,1.0,7.868078915224268e-05,2.45055352602637e-37,0.0,0.0,0.0,-3.00869592452165e-24
2026-08-24T01:58:52.225646,2.4,-8.737543706298891e-14,8.42054681114717e-37,0.0,0.0,0.0,0.0,0.0,1.0,2.8899704823643442e-11,2.0054273982054544e-37,0.0,0.0,0.0,-2.948703049129743e-24
2026-08-24T01:58:52.246824,2.41,-6.624157569919138e-08,8.44060038096708e-37,0.0,0.0,0.0,0.0,0.0,1.0,-1.3248240090021692e-05,2.0052644732322615e-37,0.0,0.0,0.0,-2.8897767596084884e-24
2026-08-24T01:58:52.271721,2.43,-2.0942995786025266e-07,8.517542165804688e-37,0.0,0.0,0.0,0.0,0.0,1.0,-4.188585533338611e-05,2.0393184831736186e-37,0.0,0.0,0.0,-3.1471607411146567e-24
2026-08-24T01:58:52.293989,2.45,1.3621445048216545e-07,8.532477447707278e-37,0.0,0.0,0.0,0.0,0.0,1.0,2.7242966824418005e-05,2.0149797860256195e-37,0.0,0.0,0.0,-3.084447856247053e-24
2026-08-24T01:58:52.320639,2.47,-2.1162336454529105e-07,8.826625752092152e-37,0.0,0.0,0.0,0.0,0.0,1.0,-4.2324666130323505e-05,2.2537420134223255e-37,0.0,0.0,0.0,-3.023112360818439e-24
2026-08-24T01:58:52.336029,2.49,3.750810880584863e-08,1.08923030318217e-36,0.0,0.0,0.0,0.0,0.0,1.0,7.501748626625238e-06,4.165837033133802e-37,0.0,0.0,0.0,-2.96315892511918e-24
2026-08-24T01:58:52.362257,2.51,-1.995603725572084e-07,1.0037310856714577e-36,0.0,0.0,0.0,0.0,0.0,1.0,-3.991201895933472e-05,3.288279622759226e-37,0.0,0.0,0.0,-2.9043902537563166e-24
2026-08-24T01:58:52.387231,2.5300000000000002,-4.6932599461928935e-07,8.588104371742173e-37,0.0,0.0,0.0,0.0,0.0,1.0,-9.386481021478736e-05,1.8513346808673806e-37,0.0,0.0,0.0,-3.4161608839439576e-24
2026-08-24T01:58:52.408937,2.55,-1.8292655092779303e-07,1.102872425596089e-36,0.0,0.0,0.0,0.0,0.0,1.0,-3.6584878459361637e-05,4.151333554734011e-37,0.0,0.0,0.0,-2.7900039485489598e-24
2026-08-24T01:58:52.434887,2.56,-4.895952586655742e-13,1.0424478907172456e-36,0.0,0.0,0.0,0.0,0.0,1.0,-1.29847012339201e-10,3.53328453211476e-37,0.0,0.0,0.0,-2.762196598667486e-24
2026-08-24T01:58:52.451132,2.58,-2.345730639415528e-13,1.3580145633336784e-36,0.0,0.0,0.0,0.0,0.0,1.0,-7.828308268683021e-11,6.539131212397274e-37,0.0,0.0,0.0,-3.520092011924588e-24
2026-08-24T01:58:52.472151,2.61,7.351922968920074e-08,1.4868132354286161e-36,0.0,0.0,0.0,0.0,0.0,1.0,1.4703792189836825e-05,7.640095220255008e-37,0.0,0.0,0.0,-3.152761646443533e-24
2026-08-24T01:58:52.491537,2.62,3.789662347494404e-13,1.432568137467757e-36,0.0,0.0,0.0,0.0,0.0,1.0,1.26524834629169e-10,7.052367312436162e-37,0.0,0.0,0.0,-3.380879205491562e-24
2026-08-24T01:58:52.507462,2.65,-1.4783437084943663e-07,1.3113371932581419e-36,0.0,0.0,0.0,0.0,0.0,1.0,-2.956686731975272e-05,5.710032330129811e-37,0.0,0.0,0.0,-1.766221487888522e-24
2026-08-24T01:58:52.528699,2.67,-7.869480305278889e-07,1.217326250478212e-36,0.0,0.0,0.0,0.0,0.0,1.0,-0.00015738914629600072,4.699881778765105e-37,0.0,0.0,0.0,-1.4839670147634888e-24
2026-08-24T01:58:52.551721,2.69,4.853721154458726e-07,1.6175766684563734e-36,0.0,0.0,0.0,0.0,0.0,1.0,9.707475973395247e-05,8.558271772670032e-37,0.0,0.0,0.0,-1.4546201389543763e-24
2026-08-24T01:58:52.567484,2.71,9.453082072990076e-07,1.571047083337096e-36,0.0,0.0,0.0,0.0,0.0,1.0,0.00018906086568453082,7.971658377637989e-37,0.0,0.0,0.0,-1.187434138368663e-24
2026-08-24T01:58:52.591869,2.73,5.421028818865732e-07,1.5281970511087234e-36,0.0,0.0,0.0,0.0,0.0,1.0,0.00010841966329135884,7.426778041060728e-37,0.0,0.0,0.0,-1.3972305039521103e-24
2026-08-24T01:58:52.610835,2.75,-5.044520451942098e-07,1.308545683464361e-36,0.0,0.0,0.0,0.0,0.0,1.0,-0.00010089058454647038,5.1308997061275235e-37,0.0,0.0,0.0,-2.053244966951014e-24
2026-08-24T01:58:52.630139,2.77,6.843220911010598e-08,1.233427212661808e-36,0.0,0.0,0.0,0.0,0.0,1.0,1.3686759671586734e-05,4.297845436373726e-37,0.0,0.0,0.0,-1.7894521673387703e-24
2026-08-24T01:58:52.649972,2.79,6.782358641791622e-08,1.5274834188986598e-36,0.0,0.0,0.0,0.0,0.0,1.0,1.3564641873760907e-05,7.16352154530595e-37,0.0,0.0,0.0,-1.9730190007113373e-24
2026-08-24T01:58:52.666628,2.81,1.4751159228155384e-07,1.5015933480008991e-36,0.0,0.0,0.0,0.0,0.0,1.0,2.9502192538569743e-05,6.791362560695424e-37,0.0,0.0,0.0,-1.933793998269797e-24
2026-08-24T01:58:52.690324,2.83,-6.986971723891714e-08,1.5317670301491823e-36,0.0,0.0,0.0,0.0,0.0,1.0,-1.3974003747315973e-05,6.986681320890792e-37,0.0,0.0,0.0,-1.6842181178488353e-24
2026-08-24T01:58:52.707363,2.85,-1.6885712527493116e-07,1.3666403100520787e-36,0.0,0.0,0.0,0.0,0.0,1.0,-3.3771272710058446e-05,5.209230623374113e-37,0.0,0.0,0.0,-1.8571156750241118e-24
2026-08-24T01:58:52.728174,2.87,-9.200065880733049e-07,1.456779302576272e-36,0.0,0.0,0.0,0.0,0.0,1.0,-0.0001840007747310479,6.033311487154516e-37,0.0,0.0,0.0,-2.0224422492927198e-24
2026-08-24T01:58:52.746852,2.88,-1.5665225511506247e-12,9.787914004805497e-37,0.0,0.0,0.0,0.0,0.0,1.0,-5.928542234604103e-10,1.0993471215596778e-37,0.0,0.0,0.0,-2.002326293256553e-24
2026-08-24T01:58:52.771088,2.91,-7.310904390588714e-07,7.749440971318585e-37,0.0,0.0,0.0,0.0,0.0,1.0,-0.00014621742285182492,-1.0249136352795805e-37,0.0,0.0,0.0,-2.1374769133191817e-24
2026-08-24T01:58:52.794092,2.93,2.431651473850641e-07,4.234484393987367e-37,0.0,0.0,0.0,0.0,0.0,1.0,4.863346663827905e-05,-4.616323779905535e-37,0.0,0.0,0.0,-2.2849338074767697e-24
2026-08-24T01:58:52.813354,2.95,9.555148317800305e-08,3.426409451742284e-37,0.0,0.0,0.0,0.0,0.0,1.0,1.9110074439212795e-05,-5.3980739632704255e-37,0.0,0.0,0.0,-2.239733995698941e-24
2026-08-24T01:58:52.831489,2.97,9.787386369680157e-08,2.036943766072974e-37,0.0,0.0,0.0,0.0,0.0,1.0,1.9574652555186813e-05,-6.767285065745038e-37,0.0,0.0,0.0,-1.6462551098456185e-24
2026-08-24T01:58:52.851718,2.98,-1.8884925256307544e-13,2.5610569370111116e-37,0.0,0.0,0.0,0.0,0.0,1.0,-1.8500703379718144e-10,-6.186046607920283e-37,0.0,0.0,0.0,-1.8114210277883264e-24
2026-08-24T01:58:52.876979,3.01,-2.645671025276061e-07,-1.0051196082234076e-37,0.0,0.0,0.0,0.0,0.0,1.0,-5.2912814074481895e-05,-9.760951444326255e-37,0.0,0.0,0.0,-1.756990542858128e-24
2026-08-24T01:58:52.899664,3.03,-7.997012990697788e-07,-2.579658689211621e-37,0.0,0.0,0.0,0.0,0.0,1.0,-0.00015993969422216885,-1.1270078610701385e-36,0.0,0.0,0.0,-1.7218853580379795e-24
2026-08-24T01:58:52.922057,3.05,3.1993251413605927e-07,-2.190794373012873e-37,0.0,0.0,0.0,0.0,0.0,1.0,6.398696422702393e-05,-1.0726004719679049e-36,0.0,0.0,0.0,-1.8561100669905177e-24
2026-08-24T01:58:52.948972,3.07,6.79914363700509e-07,-2.49259604440699e-37,0.0,0.0,0.0,0.0,0.0,1.0,0.00013598231891875776,-1.090496762419001e-36,0.0,0.0,0.0,-1.9850905141173633e-24
2026-08-24T01:58:52.970364,3.09,-5.5336444404875035e-08,-3.96393680473154e-37,0.0,0.0,0.0,0.0,0.0,1.0,-1.106777306364709e-05,-1.2299142559106026e-36,0.0,0.0,0.0,-1.2976795267262028e-24
2026-08-24T01:58:52.986824,3.11,1.0831753552734397e-07,1.4009868043407137e-38,0.0,0.0,0.0,0.0,0.0,1.0,2.1663494326335317e-05,-7.85584949446461e-37,0.0,0.0,0.0,-1.4300660422977016e-24
2026-08-24T01:58:53.012481,3.13,-5.739525092075966e-07,-3.221376746643208e-37,0.0,0.0,0.0,0.0,0.0,1.0,-0.00011479030652130556,-1.1275117416173024e-36,0.0,0.0,0.0,-1.5578031514669402e-24
2026-08-24T01:58:53.032047,3.15,-4.053856127078404e-07,1.836821845527503e-37,0.0,0.0,0.0,0.0,0.0,1.0,-8.107651684727076e-05,-5.824110836526077e-37,0.0,0.0,0.0,-1.3741570892455295e-24
2026-08-24T01:58:53.050810,3.17,-5.61122828078461e-07,4.4795488493782215e-37,0.0,0.0,0.0,0.0,0.0,1.0,-0.00011222400757464291,-2.9756866441826405e-37,0.0,0.0,0.0,-1.346467305298711e-24
2026-08-24T01:58:53.071203,3.19,3.4574796320970943e-07,5.78172893205069e-37,0.0,0.0,0.0,0.0,0.0,1.0,6.914986586228382e-05,-1.5727653328439348e-37,0.0,0.0,0.0,-1.4668869252379702e-24
2026-08-24T01:58:53.086839,3.21,-5.451758312356926e-07,1.9902166383562717e-37,0.0,0.0,0.0,0.0,0.0,1.0,-0.00010903513359285767,-5.562212057563572e-37,0.0,0.0,0.0,-1.5816859145839812e-24
2026-08-24T01:58:53.107872,3.24,-1.6796424850048906e-12,-3.957035672745132e-38,0.0,0.0,0.0,0.0,0.0,1.0,-7.293149456208924e-10,-7.907230563105674e-37,0.0,0.0,0.0,-1.4081175001370654e-24
2026-08-24T01:58:53.150480,3.27,4.5153735632004655e-07,-5.187600752380247e-37,0.0,0.0,0.0,0.0,0.0,1.0,9.03072623564076e-05,-1.2839131245722554e-36,0.0,0.0,0.0,-1.3530951047668574e-24
2026-08-24T01:58:53.166200,3.2800000000000002,8.611237524972185e-13,-9.042859655994798e-37,0.0,0.0,0.0,0.0,0.0,1.0,2.6152240506467033e-10,-1.6881408033070494e-36,0.0,0.0,0.0,-1.3396830993512442e-24
2026-08-24T01:58:53.187489,3.31,-1.566937210985642e-07,-8.650442333875445e-37,0.0,0.0,0.0,0.0,0.0,1.0,-3.13388538222816e-05,-1.6111711163341415e-36,0.0,0.0,0.0,-1.2998462780830092e-24
2026-08-24T01:58:53.206074,3.33,-2.13026049849917e-08,-4.679383339430229e-37,0.0,0.0,0.0,0.0,0.0,1.0,-4.260411074654007e-06,-1.1647015169360666e-36,0.0,0.0,0.0,-1.5292858277685347e-24
2026-08-24T01:58:53.228251,3.35,2.123932260494725e-08,-6.447186233595536e-37,0.0,0.0,0.0,0.0,0.0,1.0,4.2478722107502885e-06,-1.3376114898122959e-36,0.0,0.0,0.0,-9.985420765800997e-25
2026-08-24T01:58:53.248301,3.37,2.1613370048216294e-07,-5.2434978834238e-37,0.0,0.0,0.0,0.0,0.0,1.0,4.322664060071821e-05,-1.1898415208139322e-36,0.0,0.0,0.0,-1.2237199250520179e-24
2026-08-24T01:58:53.270581,3.38,-1.4470763722075682e-13,-7.018044580258764e-37,0.0,0.0,0.0,0.0,0.0,1.0,-1.355989880383699e-10,-1.3732499820082913e-36,0.0,0.0,0.0,-1.2116904105667718e-24
2026-08-24T01:58:53.295648,3.41,-4.747460803039877e-07,-1.0691484721675937e-36,0.0,0.0,0.0,0.0,0.0,1.0,-9.494858360661979e-05,-1.738914867908713e-36,0.0,0.0,0.0,-1.1761922606828376e-24
2026-08-24T01:58:53.320391,3.43,1.580855087422055e-07,-1.1969372159654078e-36,0.0,0.0,0.0,0.0,0.0,1.0,3.161737405629232e-05,-1.8515996682290908e-36,0.0,0.0,0.0,-1.267779003295995e-24
2026-08-24T01:58:53.340154,3.45,-5.131897960079085e-07,-1.7835575885707964e-36,0.0,0.0,0.0,0.0,0.0,1.0,-0.00010263784030380898,-2.45771172381752e-36,0.0,0.0,0.0,-1.1296488744575853e-24
2026-08-24T01:58:53.363666,3.47,-3.006905107621771e-07,-1.3841701856797236e-36,0.0,0.0,0.0,0.0,0.0,1.0,-6.0137590512642755e-05,-1.9904554325268803e-36,0.0,0.0,0.0,-1.1071663356977107e-24
2026-08-24T01:58:53.387551,3.49,4.1585746663556163e-07,-6.792355832947468e-37,0.0,0.0,0.0,0.0,0.0,1.0,8.317154554103931e-05,-1.1984558147009629e-36,0.0,0.0,0.0,-1.1927177607018281e-24
2026-08-24T01:58:53.403323,3.51,5.493088360738751e-07,-7.843777407663866e-37,0.0,0.0,0.0,0.0,0.0,1.0,0.00010986119444527033,-1.2946978206205345e-36,0.0,0.0,0.0,-1.063384555460615e-24
2026-08-24T01:58:53.423798,3.5300000000000002,-3.039059459642992e-08,-9.485654512557493e-37,0.0,0.0,0.0,0.0,0.0,1.0,-6.078505390026708e-06,-1.4536992218688116e-36,0.0,0.0,0.0,-9.376992835518326e-25
2026-08-24T01:58:53.439666,3.55,2.9024646422423713e-07,-1.2888762062922339e-36,0.0,0.0,0.0,0.0,0.0,1.0,5.804920551195897e-05,-1.801990322081857e-36,0.0,0.0,0.0,-8.166288501079874e-25
2026-08-24T01:58:53.459297,3.5700000000000003,7.990790709104266e-08,-1.570068775862202e-36,0.0,0.0,0.0,0.0,0.0,1.0,1.598135427358888e-05,-2.0812291074194236e-36,0.0,0.0,0.0,-8.010099081578904e-25
2026-08-24T01:58:53.478886,3.59,-3.1953744711249775e-07,-1.7369611049642774e-36,0.0,0.0,0.0,0.0,0.0,1.0,-6.390742163043839e-05,-2.2320445128938844e-36,0.0,0.0,0.0,-6.865264564713982e-25
2026-08-24T01:58:53.498596,3.61,-2.59748484597064e-07,-2.3138352857745346e-36,0.0,0.0,0.0,0.0,0.0,1.0,-5.194933724142365e-05,-2.8282979262914314e-36,0.0,0.0,0.0,-6.729969928986893e-25
2026-08-24T01:58:53.518220,3.62,-5.752329371803576e-13,-2.6087325149329784e-36,0.0,0.0,0.0,0.0,0.0,1.0,-3.074581385997939e-10,-3.131636447877498e-36,0.0,0.0,0.0,-5.708202618990369e-25
2026-08-24T01:58:53.540164,3.65,2.0552548921766755e-07,-3.6899064047469536e-36,0.0,0.0,0.0,0.0,0.0,1.0,4.110528862197499e-05,-4.244274415773547e-36,0.0,0.0,0.0,-5.53898714777058e-25
2026-08-24T01:58:53.559320,3.66,3.9779489749913e-13,-4.074949869104796e-36,0.0,0.0,0.0,0.0,0.0,1.0,2.1323793492614289e-10,-4.6372222468968536e-36,0.0,0.0,0.0,-5.486922286587869e-25
2026-08-24T01:58:53.577783,3.69,3.6691446325816414e-07,-3.6922133769605935e-36,0.0,0.0,0.0,0.0,0.0,1.0,7.338257434609825e-05,-4.112106187258605e-36,0.0,0.0,0.0,-4.436356747463442e-25
2026-08-24T01:58:53.596667,3.71,1.152299804073372e-07,-3.9643014259528204e-36,0.0,0.0,0.0,0.0,0.0,1.0,2.304569617859343e-05,-4.3484900993103645e-36,0.0,0.0,0.0,-5.219494041861972e-25
2026-08-24T01:58:53.620452,3.73,-3.173468002719129e-07,-3.844707923971504e-36,0.0,0.0,0.0,0.0,0.0,1.0,-6.346930133732397e-05,-4.150526908770643e-36,0.0,0.0,0.0,-5.115368782479453e-25
2026-08-24T01:58:53.637428,3.75,-3.5829756534217837e-07,-4.732034603848005e-36,0.0,0.0,0.0,0.0,0.0,1.0,-7.165913938724904e-05,-5.064057614502541e-36,0.0,0.0,0.0,-5.015972314337853e-25
2026-08-24T01:58:53.658166,3.77,-3.6203828747958567e-07,-4.7873555738075396e-36,0.0,0.0,0.0,0.0,0.0,1.0,-7.240721710382647e-05,-5.047375824453208e-36,0.0,0.0,0.0,-4.916575828447267e-25
2026-08-24T01:58:53.681307,3.79,-8.109696361393938e-08,-5.136174348439028e-36,0.0,0.0,0.0,0.0,0.0,1.0,-1.6219093900399895e-05,-5.3546451129588724e-36,0.0,0.0,0.0,-4.812450266321853e-25
2026-08-24T01:58:53.701121,3.81,-5.68521105492828e-08,-5.6202287644983714e-36,0.0,0.0,0.0,0.0,0.0,1.0,-1.1370333102212054e-05,-5.8068509465841277e-36,0.0,0.0,0.0,-4.720149474879791e-25
2026-08-24T01:58:53.725660,3.83,3.3572758915919544e-07,-5.183879406532072e-36,0.0,0.0,0.0,0.0,0.0,1.0,6.714538484668e-05,-5.2341708137116034e-36,0.0,0.0,0.0,-5.395020013789348e-25
2026-08-24T01:58:53.747681,3.85,7.823582507371383e-07,-5.34330299945445e-36,0.0,0.0,0.0,0.0,0.0,1.0,0.00015647104522571552,-5.328984018715551e-36,0.0,0.0,0.0,-6.042671026556699e-25
2026-08-24T01:58:53.768124,3.8600000000000003,1.538609905059658e-12,-5.194645790565078e-36,0.0,0.0,0.0,0.0,0.0,1.0,7.676362889043529e-10,-5.1208026628199194e-36,0.0,0.0,0.0,-5.982721404942625e-25
2026-08-24T01:58:53.786730,3.89,2.7369126086056385e-07,-5.780104638444045e-36,0.0,0.0,0.0,0.0,0.0,1.0,5.4737506269743875e-05,-5.649283831856475e-36,0.0,0.0,0.0,-6.533539878657055e-25
2026-08-24T01:58:53.810721,3.91,5.065085118869705e-07,-6.301267697372768e-36,0.0,0.0,0.0,0.0,0.0,1.0,0.00010130128128464599,-6.139197547298378e-36,0.0,0.0,0.0,-7.10960567302286e-25
2026-08-24T01:58:53.831673,3.93,2.0793028990076318e-07,-7.227930033977695e-36,0.0,0.0,0.0,0.0,0.0,1.0,4.158559666895639e-05,-7.072875301238517e-36,0.0,0.0,0.0,-6.969586452613371e-25
2026-08-24T01:58:53.847128,3.95,-6.02756738193456e-08,-6.624398357185563e-36,0.0,0.0,0.0,0.0,0.0,1.0,-1.2055265806697456e-05,-6.289748461522684e-36,0.0,0.0,0.0,-6.829570566059373e-25
2026-08-24T01:58:53.874784,3.97,3.9528697726491875e-07,-6.830446928238008e-36,0.0,0.0,0.0,0.0,0.0,1.0,7.905725773752582e-05,-6.419325347117367e-36,0.0,0.0,0.0,-7.369338346945532e-25
2026-08-24T01:58:53.890800,3.99,3.085986718796519e-07,-6.758018482358041e-36,0.0,0.0,0.0,0.0,0.0,1.0,6.171932312624882e-05,-6.236173998802143e-36,0.0,0.0,0.0,-7.213147314292325e-25
2026-08-24T01:58:53.911692,4.01,-6.937635897067491e-07,-7.143328439818905e-36,0.0,0.0,0.0,0.0,0.0,1.0,-0.0001387526235524703,-6.56622520950956e-36,0.0,0.0,0.0,-7.080819035088087e-25
2026-08-24T01:58:53.934926,4.03,-3.436703356431451e-07,-7.37918608842111e-36,0.0,0.0,0.0,0.0,0.0,1.0,-6.873339282559018e-05,-6.724290682607974e-36,0.0,0.0,0.0,-6.935474565739544e-25
2026-08-24T01:58:53.957687,4.04,-6.217162847318156e-13,-6.082878187395887e-36,0.0,0.0,0.0,0.0,0.0,1.0,-2.5239551740692405e-10,-5.209218676547721e-36,0.0,0.0,0.0,-5.614132453909281e-25
2026-08-24T01:58:53.979929,4.07,-1.644445198228458e-10,-5.82578889032691e-36,0.0,0.0,0.0,0.0,0.0,1.0,-3.281419836025833e-08,-4.7927666852723735e-36,0.0,0.0,0.0,-6.056479915377183e-25
2026-08-24T01:58:54.002139,4.09,-2.95111279056276e-08,-5.885010348973751e-36,0.0,0.0,0.0,0.0,0.0,1.0,-5.902196358658941e-06,-4.77931965764084e-36,0.0,0.0,0.0,-6.527624104225757e-25
2026-08-24T01:58:54.029378,4.11,3.5241241378572654e-07,-6.304540591221416e-36,0.0,0.0,0.0,0.0,0.0,1.0,7.04823331649568e-05,-5.1697317105334496e-36,0.0,0.0,0.0,-4.655857299316026e-25
2026-08-24T01:58:54.045095,4.13,-5.128795624111382e-09,-7.004696948611274e-36,0.0,0.0,0.0,0.0,0.0,1.0,-1.026003244851592e-06,-5.869125667841697e-36,0.0,0.0,0.0,-5.695570316276706e-25
2026-08-24T01:58:54.061257,4.15,-8.777806849181414e-07,-6.131880532889523e-36,0.0,0.0,0.0,0.0,0.0,1.0,-0.0001755557140140962,-4.792189412745347e-36,0.0,0.0,0.0,-5.596968329618545e-25
2026-08-24T01:58:54.079549,4.17,-7.180978863585411e-08,-6.016910123480333e-36,0.0,0.0,0.0,0.0,0.0,1.0,-1.436128842662014e-05,-4.582020325463865e-36,0.0,0.0,0.0,-5.480611395401953e-25
2026-08-24T01:58:54.099039,4.19,1.3419609400030164e-07,-6.160688476480071e-36,0.0,0.0,0.0,0.0,0.0,1.0,2.6839220352910457e-05,-4.6656156615264773e-36,0.0,0.0,0.0,-5.3701708883920885e-25
2026-08-24T01:58:54.123290,4.2,3.13902025534909e-13,-6.304567388401621e-36,0.0,0.0,0.0,0.0,0.0,1.0,1.2284101836311576e-10,-4.78861797693826e-36,0.0,0.0,0.0,-5.848612359113314e-25
2026-08-24T01:58:54.146643,4.22,1.9995167925091896e-13,-7.065431608752971e-36,0.0,0.0,0.0,0.0,0.0,1.0,5.414664004912604e-11,-5.5694511764114546e-36,0.0,0.0,0.0,-5.206482250572017e-25
2026-08-24T01:58:54.166631,4.24,-5.14516193823946e-13,-7.481475160641366e-36,0.0,0.0,0.0,0.0,0.0,1.0,-1.9624084770923124e-10,-5.947075923012999e-36,0.0,0.0,0.0,-4.600637003378882e-25
2026-08-24T01:58:54.194274,4.27,-3.7193055772821665e-07,-7.099324368141248e-36,0.0,0.0,0.0,0.0,0.0,1.0,-7.438576092872805e-05,-5.366061958556177e-36,0.0,0.0,0.0,-4.952072096128299e-25
2026-08-24T01:58:54.212502,4.29,-4.822878664878823e-07,-7.532387331499264e-36,0.0,0.0,0.0,0.0,0.0,1.0,-9.645706648502628e-05,-5.763233444451167e-36,0.0,0.0,0.0,-4.851497274836282e-25
2026-08-24T01:58:54.231758,4.31,-1.4355205072852087e-08,-7.817002244609815e-36,0.0,0.0,0.0,0.0,0.0,1.0,-2.8706866384910008e-06,-5.9867454045789e-36,0.0,0.0,0.0,-4.762747951929323e-25
2026-08-24T01:58:54.250351,4.33,6.261822231683512e-07,-7.075990416595278e-36,0.0,0.0,0.0,0.0,0.0,1.0,0.00012523616294056537,-5.047974224412313e-36,0.0,0.0,0.0,-4.664140348637132e-25
2026-08-24T01:58:54.271255,4.35,5.243551488112756e-07,-7.290881023870566e-36,0.0,0.0,0.0,0.0,0.0,1.0,0.00010487033788598059,-5.2033682399034755e-36,0.0,0.0,0.0,-4.5714491824129e-25
2026-08-24T01:58:54.291743,4.37,8.842330668838203e-07,-7.588947052023769e-36,0.0,0.0,0.0,0.0,0.0,1.0,0.00017684581941974128,-5.450351072996819e-36,0.0,0.0,0.0,-4.0308822323304666e-25
2026-08-24T01:58:54.311350,4.39,4.317676774383156e-07,-7.315002933669208e-36,0.0,0.0,0.0,0.0,0.0,1.0,8.635270291779444e-05,-5.046032837753164e-36,0.0,0.0,0.0,-5.272742103649857e-25
2026-08-24T01:58:54.332367,4.41,-7.499101121189276e-07,-6.808803153534374e-36,0.0,0.0,0.0,0.0,0.0,1.0,-0.00014998200197440567,-4.384410735795287e-36,0.0,0.0,0.0,-4.309155066271482e-25
2026-08-24T01:58:54.353901,4.43,-4.881567084037367e-07,-6.491499286312819e-36,0.0,0.0,0.0,0.0,0.0,1.0,-9.763056756425422e-05,-3.9464140352787534e-36,0.0,0.0,0.0,-3.791267813944502e-25
2026-08-24T01:58:54.373764,4.45,5.7164546862656884e-08,-6.092760055487067e-36,0.0,0.0,0.0,0.0,0.0,1.0,1.143323660009009e-05,-3.422400528867009e-36,0.0,0.0,0.0,-3.7184932694784846e-25
2026-08-24T01:58:54.395013,4.47,1.9221464547840615e-07,-6.1387852084157e-36,0.0,0.0,0.0,0.0,0.0,1.0,3.844278725078185e-05,-3.410575434588409e-36,0.0,0.0,0.0,-3.642171012396647e-25
2026-08-24T01:58:54.418311,4.48,4.629831677588734e-13,-5.803775210953206e-36,0.0,0.0,0.0,0.0,0.0,1.0,1.727617379957944e-10,-2.9951276575039483e-36,0.0,0.0,0.0,-3.6048973080013855e-25
2026-08-24T01:58:54.443725,4.5,-1.64327143287693e-13,-5.7605728900022494e-36,0.0,0.0,0.0,0.0,0.0,1.0,-1.7195273454900448e-10,-2.8874538484067456e-36,0.0,0.0,0.0,-3.5356727786264954e-25
2026-08-24T01:58:54.464737,4.53,-2.84752056981402e-07,-5.5077475336301504e-36,0.0,0.0,0.0,0.0,0.0,1.0,-5.69502624720375e-05,-2.5158588768588607e-36,0.0,0.0,0.0,-3.8121705315556717e-25
2026-08-24T01:58:54.488976,4.5600000000000005,-1.6502778065894644e-12,-5.422429655327859e-36,0.0,0.0,0.0,0.0,0.0,1.0,-5.813450797685117e-10,-2.3445913940176528e-36,0.0,0.0,0.0,-3.737228715977538e-25
2026-08-24T01:58:54.504262,4.57,-4.534798636835927e-08,-5.4458889799663255e-36,0.0,0.0,0.0,0.0,0.0,1.0,-9.068962553308525e-06,-2.3472734942265608e-36,0.0,0.0,0.0,-3.662286949702767e-25
2026-08-24T01:58:54.524045,4.59,3.4400352241029495e-07,-5.298870227016424e-36,0.0,0.0,0.0,0.0,0.0,1.0,6.880058386799736e-05,-2.1318614687112924e-36,0.0,0.0,0.0,-3.5853748238245096e-25
2026-08-24T01:58:54.548348,4.61,4.9521468322828517e-08,-4.751647953182053e-36,0.0,0.0,0.0,0.0,0.0,1.0,9.904021198119332e-06,-1.4640177439220977e-36,0.0,0.0,0.0,-3.5163477019579555e-25
2026-08-24T01:58:54.564613,4.63,-5.547092687188639e-07,-5.3242046176128195e-36,0.0,0.0,0.0,0.0,0.0,1.0,-0.00011094161522278978,-2.0815557597758782e-36,0.0,0.0,0.0,-2.7578630908174934e-25
2026-08-24T01:58:54.583725,4.65,9.072174915045953e-07,-4.3238091841432416e-36,0.0,0.0,0.0,0.0,0.0,1.0,0.0001814434782533353,-8.974715302766439e-37,0.0,0.0,0.0,-2.3661884370737138e-25
2026-08-24T01:58:54.609691,4.67,1.8704435490541123e-07,-4.7880221162516875e-36,0.0,0.0,0.0,0.0,0.0,1.0,3.7408136938395375e-05,-1.4007929844698604e-36,0.0,0.0,0.0,-2.320631657666682e-25
2026-08-24T01:58:54.630123,4.69,1.1841109578602498e-07,-4.5511148146568467e-36,0.0,0.0,0.0,0.0,0.0,1.0,2.368200219463185e-05,-1.0969690959694124e-36,0.0,0.0,0.0,-2.6016633679623063e-25
2026-08-24T01:58:54.653304,4.71,2.74381623914567e-07,-4.7621674314331394e-36,0.0,0.0,0.0,0.0,0.0,1.0,5.4876111805439264e-05,-1.308841301112342e-36,0.0,0.0,0.0,-2.5432892899577696e-25
2026-08-24T01:58:54.676358,4.73,-2.4595792587781037e-07,-4.040225860886757e-36,0.0,0.0,0.0,0.0,0.0,1.0,-4.919166352109917e-05,-4.525910674658431e-37,0.0,0.0,0.0,-1.874333575901936e-25
2026-08-24T01:58:54.693897,4.75,-4.2188655522368147e-07,-4.59032251789988e-36,0.0,0.0,0.0,0.0,0.0,1.0,-8.437696681026815e-05,-1.061823190196756e-36,0.0,0.0,0.0,-9.194205236922284e-26
2026-08-24T01:58:54.715686,4.77,3.7385236129328533e-08,-5.0982791894001065e-36,0.0,0.0,0.0,0.0,0.0,1.0,7.477357890354962e-06,-1.613783728195691e-36,0.0,0.0,0.0,-1.1967005535639176e-25
2026-08-24T01:58:54.733914,4.79,-4.788006406322513e-08,-5.576416831439998e-36,0.0,0.0,0.0,0.0,0.0,1.0,-9.576028934557039e-06,-2.1233550632491122e-36,0.0,0.0,0.0,-1.7583695762516932e-25
2026-08-24T01:58:54.756664,4.8100000000000005,1.456869714992804e-07,-5.4115834396290415e-36,0.0,0.0,0.0,0.0,0.0,1.0,2.9137370125878838e-05,-1.890149688094458e-36,0.0,0.0,0.0,-1.7299720479795783e-25
2026-08-24T01:58:54.774131,4.83,2.516611300357852e-07,-5.28505665942532e-36,0.0,0.0,0.0,0.0,0.0,1.0,5.0332016560318104e-05,-1.7042565995008985e-36,0.0,0.0,0.0,-1.6956565808535072e-25
2026-08-24T01:58:54.794787,4.85,-1.0069262085317355e-07,-5.7906248142173786e-36,0.0,0.0,0.0,0.0,0.0,1.0,-2.0138667689904657e-05,-2.2443275250669585e-36,0.0,0.0,0.0,-2.2135423994223514e-25
2026-08-24T01:58:54.815872,4.87,-4.375513350597582e-07,-5.266569709178485e-36,0.0,0.0,0.0,0.0,0.0,1.0,-8.750998306546733e-05,-1.5978174387948005e-36,0.0,0.0,0.0,-2.1693675919093124e-25
2026-08-24T01:58:54.834867,4.89,-1.219348108572985e-07,-5.614071199984231e-36,0.0,0.0,0.0,0.0,0.0,1.0,-2.4386590889693972e-05,-1.958913731756812e-36,0.0,0.0,0.0,-1.858161951987495e-25
2026-08-24T01:58:54.856377,4.91,-1.609349989638135e-07,-4.9137327309158694e-36,0.0,0.0,0.0,0.0,0.0,1.0,-3.2186834930337826e-05,-1.1144699614759308e-36,0.0,0.0,0.0,-2.090481454049353e-25
2026-08-24T01:58:54.873766,4.93,-3.3298583122644275e-07,-4.662466492063814e-36,0.0,0.0,0.0,0.0,0.0,1.0,-6.659688579922837e-05,-7.973324451353788e-37,0.0,0.0,0.0,-2.0431511190931563e-25
2026-08-24T01:58:54.894301,4.95,-1.312915476993951e-07,-4.42434432791333e-36,0.0,0.0,0.0,0.0,0.0,1.0,-2.625799854684468e-05,-5.0011724670857785e-37,0.0,0.0,0.0,-2.2488453409228817e-25
2026-08-24T01:58:54.919804,4.97,1.6629876045258874e-07,-3.836818150914526e-36,0.0,0.0,0.0,0.0,0.0,1.0,3.325976389138469e-05,1.930696773374512e-37,0.0,0.0,0.0,-2.208023028562962e-25
2026-08-24T01:58:54.939116,4.99,2.146860544528143e-07,-3.3778490744791964e-36,0.0,0.0,0.0,0.0,0.0,1.0,4.293700497783284e-05,7.28197511679012e-37,0.0,0.0,0.0,-2.3941930346928223e-25
2026-08-24T01:58:54.959245,5.01,-1.0737131491711364e-07,-3.282670107625892e-36,0.0,0.0,0.0,0.0,0.0,1.0,-2.1474373010022953e-05,8.377553534514498e-37,0.0,0.0,0.0,-2.1157250898025934e-25
2026-08-24T01:58:54.980881,5.03,-9.206430710690614e-09,-3.247507150673286e-36,0.0,0.0,0.0,0.0,0.0,1.0,-1.8411849632707448e-06,8.76642913713857e-37,0.0,0.0,0.0,-2.0784513499030055e-25
2026-08-24T01:58:54.996652,5.05,3.0483405705776485e-07,-3.272081018766131e-36,0.0,0.0,0.0,0.0,0.0,1.0,6.096666680278599e-05,8.462347782268619e-37,0.0,0.0,0.0,-2.260086641362907e-25
2026-08-24T01:58:55.019145,5.07,6.152403464926465e-07,-3.2739204088115375e-36,0.0,0.0,0.0,0.0,0.0,1.0,0.00012304755495818763,8.422541892533597e-37,0.0,0.0,0.0,-2.4405374345313986e-25
2026-08-24T01:58:55.039335,5.09,1.4652784878764112e-07,-3.88287956527869e-36,0.0,0.0,0.0,0.0,0.0,1.0,2.930506118200783e-05,1.4098132222330175e-37,0.0,0.0,0.0,-2.390642004961338e-25
2026-08-24T01:58:55.057763,5.11,-3.332205538430435e-07,-3.593224159943026e-36,0.0,0.0,0.0,0.0,0.0,1.0,-6.664408423948168e-05,4.825716741608876e-37,0.0,0.0,0.0,-2.1240091794624462e-25
2026-08-24T01:58:55.078514,5.13,-1.0283682578373875e-07,-3.348303790849964e-36,0.0,0.0,0.0,0.0,0.0,1.0,-2.056707741908676e-05,7.674284472918236e-37,0.0,0.0,0.0,-2.2995296363349833e-25
2026-08-24T01:58:55.096678,5.15,-3.7244865690220923e-07,-3.669141007775065e-36,0.0,0.0,0.0,0.0,0.0,1.0,-7.448948510147993e-05,3.9756624618933996e-37,0.0,0.0,0.0,-2.053010604450024e-25
2026-08-24T01:58:55.119834,5.17,-2.7048295439489827e-08,-3.490464174561211e-36,0.0,0.0,0.0,0.0,0.0,1.0,-5.409389822755616e-06,6.075025669740306e-37,0.0,0.0,0.0,-2.2062458521760583e-25
2026-08-24T01:58:55.139025,5.19,-1.5199762324062773e-07,-2.8173940406784942e-36,0.0,0.0,0.0,0.0,0.0,1.0,-3.0399431199199795e-05,1.3826079094966434e-36,0.0,0.0,0.0,-1.9682080669991647e-25
2026-08-24T01:58:55.161875,5.21,-2.2601598037631256e-09,-2.8827809090748156e-36,0.0,0.0,0.0,0.0,0.0,1.0,-4.5191511653996747e-07,1.296323071605044e-36,0.0,0.0,0.0,-1.7287887802924944e-25
2026-08-24T01:58:55.182794,5.23,-6.991850058268709e-08,-3.3393159787187377e-36,0.0,0.0,0.0,0.0,0.0,1.0,-1.3983667389933666e-05,7.612101988789944e-37,0.0,0.0,0.0,-1.511458536675761e-25
2026-08-24T01:58:55.198545,5.25,-7.076723644493529e-07,-3.0941029359157094e-36,0.0,0.0,0.0,0.0,0.0,1.0,-0.00014153410590623394,1.041695072782187e-36,0.0,0.0,0.0,-1.6631160921739628e-25
2026-08-24T01:58:55.215606,5.27,-3.5759177966301277e-07,-2.4192747033350895e-36,0.0,0.0,0.0,0.0,0.0,1.0,-7.15176736767421e-05,1.8122143957354464e-36,0.0,0.0,0.0,-1.6329421625539492e-25
2026-08-24T01:58:55.238393,5.29,-1.5464798547421682e-07,-2.072042337446573e-36,0.0,0.0,0.0,0.0,0.0,1.0,-3.092925610330045e-05,2.1935803157775367e-36,0.0,0.0,0.0,-1.770992830823892e-25
2026-08-24T01:58:55.257579,5.31,-3.4279065410232026e-07,-1.5941777281024552e-36,0.0,0.0,0.0,0.0,0.0,1.0,-6.855784953303347e-05,2.7193054957083377e-36,0.0,0.0,0.0,-2.2612681430118904e-25
2026-08-24T01:58:55.281225,5.33,-3.211061053307692e-07,-1.7386631333580526e-36,0.0,0.0,0.0,0.0,0.0,1.0,-6.422083192490042e-05,2.5199396513456993e-36,0.0,0.0,0.0,-2.0494616010678252e-25
2026-08-24T01:58:55.301307,5.35,3.438066220581443e-07,-1.2603791381913084e-36,0.0,0.0,0.0,0.0,0.0,1.0,6.876141311544652e-05,3.0408341330878876e-36,0.0,0.0,0.0,-1.6743590640006767e-25
2026-08-24T01:58:55.327571,5.37,2.654637212934468e-07,-6.270968332541376e-37,0.0,0.0,0.0,0.0,0.0,1.0,5.30923747764615e-05,3.732055604157276e-36,0.0,0.0,0.0,-1.644775026829038e-25
2026-08-24T01:58:55.344812,5.39,-3.491334819080342e-07,-6.349331581388036e-37,0.0,0.0,0.0,0.0,0.0,1.0,-6.982671827255328e-05,3.6735051800144025e-36,0.0,0.0,0.0,-1.6073041831343032e-25
2026-08-24T01:58:55.365779,5.41,1.1149727368002615e-08,-1.1156144718542208e-36,0.0,0.0,0.0,0.0,0.0,1.0,2.2301742930818006e-06,3.070553215621294e-36,0.0,0.0,0.0,-1.7354932519370527e-25
2026-08-24T01:58:55.385139,5.43,-2.2750410822703569e-07,-7.770830959786655e-37,0.0,0.0,0.0,0.0,0.0,1.0,-4.5500717007571454e-05,3.421104497419931e-36,0.0,0.0,0.0,-1.5461674235410163e-25
2026-08-24T01:58:55.405961,5.45,-4.216766012442714e-07,-6.122843477493076e-37,0.0,0.0,0.0,0.0,0.0,1.0,-8.433495882184753e-05,3.565661868819168e-36,0.0,0.0,0.0,-1.3684772451717553e-25
2026-08-24T01:58:55.432884,5.47,-2.792507237936601e-07,-9.939707867502098e-37,0.0,0.0,0.0,0.0,0.0,1.0,-5.584972893143526e-05,3.077464508003404e-36,0.0,0.0,0.0,-1.3329770135085074e-25
2026-08-24T01:58:55.450756,5.49,6.243412287275414e-07,-1.0117520196467007e-36,0.0,0.0,0.0,0.0,0.0,1.0,0.00012486816573294634,3.0163346900817816e-36,0.0,0.0,0.0,-1.3045788107555067e-25
2026-08-24T01:58:55.473101,5.51,-1.9277103279903615e-07,-1.0486642088347683e-36,0.0,0.0,0.0,0.0,0.0,1.0,-3.855456452824303e-05,2.9338484416915748e-36,0.0,0.0,0.0,-1.425866184790111e-25
2026-08-24T01:58:55.495955,5.53,-2.0368757212931702e-07,-8.164121040265477e-37,0.0,0.0,0.0,0.0,0.0,1.0,-4.073727621337505e-05,3.163002063913816e-36,0.0,0.0,0.0,-1.5380809001374718e-25
2026-08-24T01:58:55.515349,5.55,6.203477042196351e-07,-7.754622637414857e-37,0.0,0.0,0.0,0.0,0.0,1.0,0.00012406941948280335,3.167599343356202e-36,0.0,0.0,0.0,-1.3706465623717284e-25
2026-08-24T01:58:55.540648,5.57,1.7075812288342185e-08,-1.2320638791284093e-36,0.0,0.0,0.0,0.0,0.0,1.0,3.414697329035625e-06,2.597581506877801e-36,0.0,0.0,0.0,-1.3450085701297029e-25
2026-08-24T01:58:55.557556,5.59,-4.991732038316687e-07,-1.2377026431868885e-36,0.0,0.0,0.0,0.0,0.0,1.0,-9.983443445188421e-05,2.556803257038166e-36,0.0,0.0,0.0,-1.1803338640567797e-25
2026-08-24T01:58:55.574972,5.61,9.958980212802615e-08,-1.1138092328697403e-36,0.0,0.0,0.0,0.0,0.0,1.0,1.991827799749215e-05,2.6660247192756047e-36,0.0,0.0,0.0,-1.0270982810596096e-25
2026-08-24T01:58:55.596471,5.63,4.663759716605909e-07,-8.832478403367366e-37,0.0,0.0,0.0,0.0,0.0,1.0,9.327489324169794e-05,2.8965374701491222e-36,0.0,0.0,0.0,-1.1377347204232314e-25
2026-08-24T01:58:55.614943,5.65,7.90074590190638e-07,-5.911523776721004e-37,0.0,0.0,0.0,0.0,0.0,1.0,0.0001580142007655621,3.1943395866078344e-36,0.0,0.0,0.0,-1.1146605300743066e-25
2026-08-24T01:58:55.636635,5.67,5.704544815889952e-07,-6.6110020346882945e-37,0.0,0.0,0.0,0.0,0.0,1.0,0.00011409004684804344,3.069086159539486e-36,0.0,0.0,0.0,-1.0880358779560748e-25
2026-08-24T01:58:55.654806,5.69,1.1906216594825881e-06,-4.522479663140386e-37,0.0,0.0,0.0,0.0,0.0,1.0,0.0002381233621706533,3.2676593378900865e-36,0.0,0.0,0.0,-9.513668817931738e-26
2026-08-24T01:58:55.675225,5.71,-3.5753128442361626e-07,-4.607743324619637e-37,0.0,0.0,0.0,0.0,0.0,1.0,-7.150695535927432e-05,3.2117510159691225e-36,0.0,0.0,0.0,-8.186410127962877e-26
2026-08-24T01:58:55.695591,5.73,-2.7809078965697244e-07,-2.165509781276806e-37,0.0,0.0,0.0,0.0,0.0,1.0,-5.561778905634872e-05,3.448573732940112e-36,0.0,0.0,0.0,-7.937907839740588e-26
2026-08-24T01:58:55.715711,5.75,9.898823947461755e-08,3.550133191358144e-39,0.0,0.0,0.0,0.0,0.0,1.0,1.9797821994364794e-05,3.653607515109047e-36,0.0,0.0,0.0,-9.040346052690334e-26
2026-08-24T01:58:55.736150,5.77,1.063682809240634e-06,4.454389213560754e-37,0.0,0.0,0.0,0.0,0.0,1.0,0.00021273598169743778,4.111586350231161e-36,0.0,0.0,0.0,-8.787910720824071e-26
2026-08-24T01:58:55.754089,5.79,6.264078124346477e-07,6.832422628174818e-37,0.0,0.0,0.0,0.0,0.0,1.0,0.00012528051086948034,4.326246344700115e-36,0.0,0.0,0.0,-7.509961812989091e-26
2026-08-24T01:58:55.776145,5.8100000000000005,4.650727624007444e-07,2.6762286008161664e-37,0.0,0.0,0.0,0.0,0.0,1.0,9.30138739755511e-05,3.7817931004026666e-36,0.0,0.0,0.0,-6.306954079765348e-26
2026-08-24T01:58:55.795851,5.82,7.247473434801271e-13,6.966441237584833e-37,0.0,0.0,0.0,0.0,0.0,1.0,1.9100196216236273e-10,4.253740256145529e-36,0.0,0.0,0.0,-7.275264856871258e-26
2026-08-24T01:58:55.815262,5.85,2.5226326982864827e-07,8.32585838978171e-37,0.0,0.0,0.0,0.0,0.0,1.0,5.045241310330727e-05,4.315897096954963e-36,0.0,0.0,0.0,-6.05845204791999e-26
2026-08-24T01:58:55.834213,5.87,6.83602746297074e-07,6.925905309016038e-37,0.0,0.0,0.0,0.0,0.0,1.0,0.00013672002941593042,4.0894228792825254e-36,0.0,0.0,0.0,-5.904619497470893e-26
2026-08-24T01:58:55.854516,5.89,-1.0938799256600906e-07,6.200311483668448e-37,0.0,0.0,0.0,0.0,0.0,1.0,-2.187805016039876e-05,3.94422308954735e-36,0.0,0.0,0.0,-5.857292339595202e-26
2026-08-24T01:58:55.875913,5.91,-4.165543242789254e-07,6.05408450919787e-37,0.0,0.0,0.0,0.0,0.0,1.0,-8.331060669732203e-05,3.8680633902679144e-36,0.0,0.0,0.0,-5.691631904483306e-26
2026-08-24T01:58:55.898138,5.93,-7.87460813343479e-07,6.4352995201924996e-37,0.0,0.0,0.0,0.0,0.0,1.0,-0.000157491498069993,3.853875515318014e-36,0.0,0.0,0.0,-6.557406343652451e-26
2026-08-24T01:58:55.917109,5.95,-3.635417968643222e-07,8.526562522664422e-37,0.0,0.0,0.0,0.0,0.0,1.0,-7.270762118965937e-05,4.0375472910496764e-36,0.0,0.0,0.0,-5.514138082503154e-26
2026-08-24T01:58:55.934897,5.97,3.1807108219730224e-07,1.0315249217908686e-36,0.0,0.0,0.0,0.0,0.0,1.0,6.361433482840882e-05,4.183097796143731e-36,0.0,0.0,0.0,-5.407641564456494e-26
2026-08-24T01:58:55.954431,5.99,2.800980559758154e-07,1.3615355408041736e-36,0.0,0.0,0.0,0.0,0.0,1.0,5.601924901188685e-05,4.501056300932889e-36,0.0,0.0,0.0,-5.277479810914018e-26
2026-08-24T01:58:55.975476,6.01,2.977707133883953e-07,1.3233100199194262e-36,0.0,0.0,0.0,0.0,0.0,1.0,5.955379761866872e-05,4.387566282099062e-36,0.0,0.0,0.0,-5.1473177615525483e-26
2026-08-24T01:58:55.996583,6.03,-2.0039775526217965e-07,1.3888446510228536e-36,0.0,0.0,0.0,0.0,0.0,1.0,-4.007969529474146e-05,4.3956979677942974e-36,0.0,0.0,0.0,-4.230266653573759e-26
2026-08-24T01:58:56.017595,6.05,7.231717505727496e-08,1.542064294172056e-36,0.0,0.0,0.0,0.0,0.0,1.0,1.4463549253742423e-05,4.5049583373021543e-36,0.0,0.0,0.0,-4.957991025950694e-26
2026-08-24T01:58:56.035147,6.07,1.6904961535279396e-07,1.660823097410268e-36,0.0,0.0,0.0,0.0,0.0,1.0,3.3809761444193615e-05,4.572354171786758e-36,0.0,0.0,0.0,-3.242222471819565e-26
2026-08-24T01:58:56.053994,6.09,-6.581631113283441e-07,1.7994060975727384e-36,0.0,0.0,0.0,0.0,0.0,1.0,-0.0001316324449184729,4.6613898767441724e-36,0.0,0.0,0.0,-4.75682744238755e-26
2026-08-24T01:58:56.075587,6.1,-1.626666094639521e-12,1.6756244091088e-36,0.0,0.0,0.0,0.0,0.0,1.0,-5.534060941003518e-10,4.480041674183507e-36,0.0,0.0,0.0,-3.944308588679449e-26
2026-08-24T01:58:56.096303,6.13,2.940018440735401e-07,2.0481453168034876e-36,0.0,0.0,0.0,0.0,0.0,1.0,5.880033589684082e-05,4.805582880862527e-36,0.0,0.0,0.0,-4.6266693866138535e-26
2026-08-24T01:58:56.116428,6.15,7.632471180203935e-08,1.9144509469511907e-36,0.0,0.0,0.0,0.0,0.0,1.0,1.5264680269809384e-05,4.574835493636114e-36,0.0,0.0,0.0,-4.484678259454754e-26
2026-08-24T01:58:56.137716,6.17,2.73170670491445e-07,1.7742838092362393e-36,0.0,0.0,0.0,0.0,0.0,1.0,5.46339450451316e-05,4.339937482372187e-36,0.0,0.0,0.0,-4.4255097966188104e-26
2026-08-24T01:58:56.153960,6.19,-1.3999228224988493e-07,1.7443193615082475e-36,0.0,0.0,0.0,0.0,0.0,1.0,-2.7998586736585165e-05,4.236125244807915e-36,0.0,0.0,0.0,-3.599181715870216e-26
2026-08-24T01:58:56.175822,6.21,7.268738953785958e-07,1.9032467097808735e-36,0.0,0.0,0.0,0.0,0.0,1.0,0.00014537454180909703,4.3525299368561316e-36,0.0,0.0,0.0,-3.510431324054198e-26
2026-08-24T01:58:56.197612,6.23,1.4368970331067212e-07,1.9310456552466145e-36,0.0,0.0,0.0,0.0,0.0,1.0,2.8737324790723653e-05,4.314957149150756e-36,0.0,0.0,0.0,-2.7846825748510406e-26
2026-08-24T01:58:56.215138,6.25,5.781289507371372e-07,1.8727580125154825e-36,0.0,0.0,0.0,0.0,0.0,1.0,0.00011562539412679025,4.1779931058514584e-36,0.0,0.0,0.0,-4.0823520290900924e-26
2026-08-24T01:58:56.235382,6.27,5.42928113951632e-07,1.9684259414229097e-36,0.0,0.0,0.0,0.0,0.0,1.0,0.00010858496018726507,4.221340471841015e-36,0.0,0.0,0.0,-4.6661090989719146e-26
2026-08-24T01:58:56.254797,6.29,-5.49287063269209e-07,2.0470515917682954e-36,0.0,0.0,0.0,0.0,0.0,1.0,-0.00010985755818369359,4.2440366856206664e-36,0.0,0.0,0.0,-3.8930288039398246e-26
2026-08-24T01:58:56.275727,6.31,-1.4113110292120648e-07,1.7703974919715242e-36,0.0,0.0,0.0,0.0,0.0,1.0,-2.8225767490350822e-05,3.854418584308464e-36,0.0,0.0,0.0,-4.431426618236119e-26
2026-08-24T01:58:56.297227,6.33,-5.415471092390969e-07,1.886956656325881e-36,0.0,0.0,0.0,0.0,0.0,1.0,-0.00010830908157864329,3.9264199541187356e-36,0.0,0.0,0.0,-4.3900080385357183e-26
2026-08-24T01:58:56.314419,6.35,-4.373277636010489e-07,1.7998901159190394e-36,0.0,0.0,0.0,0.0,0.0,1.0,-8.746495475788655e-05,3.761078009888936e-36,0.0,0.0,0.0,-4.293378701088829e-26
2026-08-24T01:58:56.335234,6.37,-2.6157255511555084e-07,1.7378960546857785e-36,0.0,0.0,0.0,0.0,0.0,1.0,-5.2314086045197105e-05,3.6271927719755134e-36,0.0,0.0,0.0,-4.238155144277063e-26
2026-08-24T01:58:56.354343,6.39,4.2839459028001905e-07,1.9383370412824158e-36,0.0,0.0,0.0,0.0,0.0,1.0,8.567890002070455e-05,3.7994359410682704e-36,0.0,0.0,0.0,-5.289306906701361e-26
2026-08-24T01:58:56.375005,6.41,2.2434967041460655e-07,2.006193463819714e-36,0.0,0.0,0.0,0.0,0.0,1.0,4.4869511803558905e-05,3.815090123772333e-36,0.0,0.0,0.0,-5.778406130731808e-26
2026-08-24T01:58:56.396945,6.43,-1.489791639044247e-07,1.914785747184095e-36,0.0,0.0,0.0,0.0,0.0,1.0,-2.9795920834927175e-05,3.6456658999213784e-36,0.0,0.0,0.0,-5.040824379220003e-26
2026-08-24T01:58:56.414670,6.45,1.394457523012316e-07,1.9376377255903317e-36,0.0,0.0,0.0,0.0,0.0,1.0,2.788918646570213e-05,3.611188596684288e-36,0.0,0.0,0.0,-3.879229131863702e-26
2026-08-24T01:58:56.436009,6.47,-3.319528611703836e-07,1.895446672417475e-36,0.0,0.0,0.0,0.0,0.0,1.0,-6.639053080772165e-05,3.501658367782107e-36,0.0,0.0,0.0,-3.7963933134511525e-26
2026-08-24T01:58:56.455239,6.49,-5.97125954832363e-08,1.9792926216984327e-36,0.0,0.0,0.0,0.0,0.0,1.0,-1.1942268460502948e-05,3.539820376303736e-36,0.0,0.0,0.0,-3.183056819232953e-26
2026-08-24T01:58:56.476043,6.51,-2.7537596484308084e-07,1.994302249039264e-36,0.0,0.0,0.0,0.0,0.0,1.0,-5.507498691323391e-05,3.497391664660961e-36,0.0,0.0,0.0,-2.583522403076652e-26
2026-08-24T01:58:56.495887,6.52,-6.117965646880577e-13,2.079766538003831e-36,0.0,0.0,0.0,0.0,0.0,1.0,-2.697145066440997e-10,3.5673608676761353e-36,0.0,0.0,0.0,-3.1002207740399804e-26
2026-08-24T01:58:56.516126,6.55,-4.6761404385263913e-07,2.2076722048966572e-36,0.0,0.0,0.0,0.0,0.0,1.0,-9.352220836943739e-05,3.6247153606755556e-36,0.0,0.0,0.0,-4.054742518631917e-26
2026-08-24T01:58:56.534830,6.57,6.330077520514058e-07,2.1848356551297312e-36,0.0,0.0,0.0,0.0,0.0,1.0,0.0001266015940349343,3.536545992307816e-36,0.0,0.0,0.0,-3.8969708503700773e-26
2026-08-24T01:58:56.555282,6.59,2.6875254086149664e-07,2.2230199347923368e-36,0.0,0.0,0.0,0.0,0.0,1.0,5.374991882899775e-05,3.520368957115792e-36,0.0,0.0,0.0,-2.9109017494818574e-26
2026-08-24T01:58:56.576211,6.61,-7.157868084170851e-08,2.2318786699177073e-36,0.0,0.0,0.0,0.0,0.0,1.0,-1.431590978871732e-05,3.4702683322488495e-36,0.0,0.0,0.0,-2.7925677228127607e-26
2026-08-24T01:58:56.595519,6.63,-9.596705691289605e-08,2.2397438461237345e-36,0.0,0.0,0.0,0.0,0.0,1.0,-1.9193310811591027e-05,3.4196423624257955e-36,0.0,0.0,0.0,-2.768901895653763e-26
2026-08-24T01:58:56.615520,6.65,5.262680375293506e-07,2.2129084020170236e-36,0.0,0.0,0.0,0.0,0.0,1.0,0.00010525344682147727,3.3294025995973255e-36,0.0,0.0,0.0,-2.709737386926754e-26
2026-08-24T01:58:56.636830,6.68,-2.487761833916432e-13,2.1991349700774166e-36,0.0,0.0,0.0,0.0,0.0,1.0,-2.3215693294642223e-10,3.2259975179757986e-36,0.0,0.0,0.0,-3.119944949163207e-26
2026-08-24T01:58:56.654366,6.69,6.277911555495201e-07,2.2314415291368114e-36,0.0,0.0,0.0,0.0,0.0,1.0,0.00012555799857941012,3.235314145152075e-36,0.0,0.0,0.0,-3.470990418535261e-26
2026-08-24T01:58:56.676473,6.71,-4.2017464768425445e-08,2.229436301607047e-36,0.0,0.0,0.0,0.0,0.0,1.0,-8.403927770463578e-06,3.1763343763228e-36,0.0,0.0,0.0,-2.5440787464657535e-26
2026-08-24T01:58:56.697478,6.73,-3.7674939885474616e-07,2.2190624821739608e-36,0.0,0.0,0.0,0.0,0.0,1.0,-7.534965772982339e-05,3.1084343577915836e-36,0.0,0.0,0.0,-2.100344497127459e-26
2026-08-24T01:58:56.718413,6.75,-6.324841480441069e-07,2.2251915761591433e-36,0.0,0.0,0.0,0.0,0.0,1.0,-0.00012649625342108466,3.0606162105524106e-36,0.0,0.0,0.0,-2.0609013532501667e-26
2026-08-24T01:58:56.735966,6.76,-1.3198404255735193e-12,2.195680345583588e-36,0.0,0.0,0.0,0.0,0.0,1.0,-6.290251317177366e-10,2.9987167559600816e-36,0.0,0.0,0.0,-1.61716707436341e-26
2026-08-24T01:58:56.754484,6.79,2.495851174430566e-07,2.2271002231291146e-36,0.0,0.0,0.0,0.0,0.0,1.0,4.9917434775611445e-05,2.954936279025027e-36,0.0,0.0,0.0,-1.569833201390636e-26
2026-08-24T01:58:56.775294,6.8100000000000005,3.518270221234429e-08,2.2253841636129106e-36,0.0,0.0,0.0,0.0,0.0,1.0,7.036389310037541e-06,2.9000533110115297e-36,0.0,0.0,0.0,-1.9425699297943977e-26
2026-08-24T01:58:56.795170,6.83,-7.578611798450529e-07,2.2237987392901705e-36,0.0,0.0,0.0,0.0,0.0,1.0,-0.00015157188790138477,2.8460677751815518e-36,0.0,0.0,0.0,-1.1241287818043344e-26
2026-08-24T01:58:56.816369,6.85,7.017404964812113e-08,2.2195265165388952e-36,0.0,0.0,0.0,0.0,0.0,1.0,1.4035339199356053e-05,2.7896999984126976e-36,0.0,0.0,0.0,-7.375850055550711e-27
2026-08-24T01:58:56.834815,6.87,-8.909137504333575e-07,2.2098317396003306e-36,0.0,0.0,0.0,0.0,0.0,1.0,-0.0001781823736787426,2.727816427521171e-36,0.0,0.0,0.0,-7.33640661576882e-27
2026-08-24T01:58:56.855629,6.89,-2.2035529118706091e-07,2.1984047280095867e-36,0.0,0.0,0.0,0.0,0.0,1.0,-4.407031521123568e-05,2.664790705753645e-36,0.0,0.0,0.0,-1.0649605260146945e-26
2026-08-24T01:58:56.877477,6.92,-8.190741343920849e-14,2.134397786773441e-36,0.0,0.0,0.0,0.0,0.0,1.0,-1.9614615856690778e-11,2.5173465977347914e-36,0.0,0.0,0.0,-1.7354906092791016e-26
2026-08-24T01:58:56.894115,6.93,-9.975866572670004e-07,2.1596009558716335e-36,0.0,0.0,0.0,0.0,0.0,1.0,-0.00019951682577476154,2.523287051795412e-36,0.0,0.0,0.0,-2.047092293851775e-26
2026-08-24T01:58:56.914794,6.95,-7.716220853199897e-07,2.1470189612910742e-36,0.0,0.0,0.0,0.0,0.0,1.0,-0.00015432332895240142,2.4618511269825736e-36,0.0,0.0,0.0,-1.999762513063852e-26
2026-08-24T01:58:56.935772,6.97,-2.690283603110002e-07,2.1130683244389077e-36,0.0,0.0,0.0,0.0,0.0,1.0,-5.3804985233716797e-05,2.376491519342473e-36,0.0,0.0,0.0,-2.2640293583283896e-26
2026-08-24T01:58:56.954229,6.98,-2.738608887849979e-13,2.1023332284306433e-36,0.0,0.0,0.0,0.0,0.0,1.0,-7.478621984559285e-11,2.3413987984845414e-36,0.0,0.0,0.0,-2.2502258011604248e-26
2026-08-24T01:58:56.976987,7.01,-2.6047381796061644e-07,2.0846665509644513e-36,0.0,0.0,0.0,0.0,0.0,1.0,-5.209477107373796e-05,2.254534268113285e-36,0.0,0.0,0.0,-1.9405992369202234e-26
2026-08-24T01:58:56.996620,7.03,-3.9520274356962557e-07,2.130532905675492e-36,0.0,0.0,0.0,0.0,0.0,1.0,-7.904018052927976e-05,2.2648545669896242e-36,0.0,0.0,0.0,-1.8341019596236364e-26
2026-08-24T01:58:57.014669,7.05,-3.127384362384664e-07,2.1570659364333695e-36,0.0,0.0,0.0,0.0,0.0,1.0,-6.254723681276544e-05,2.252497726492249e-36,0.0,0.0,0.0,-2.1397836770093203e-26
2026-08-24T01:58:57.038726,7.07,-1.2117657869901275e-07,2.156038162907511e-36,0.0,0.0,0.0,0.0,0.0,1.0,-2.4235010519421557e-05,2.208269269793841e-36,0.0,0.0,0.0,-2.0431499515977614e-26
2026-08-24T01:58:57.054973,7.09,1.781026623240952e-08,2.0999796996542494e-36,0.0,0.0,0.0,0.0,0.0,1.0,3.562142957541886e-06,2.100781367693108e-36,0.0,0.0,0.0,-2.0155397508890062e-26
2026-08-24T01:58:57.075316,7.11,1.8261072550595332e-07,2.1374596419387586e-36,0.0,0.0,0.0,0.0,0.0,1.0,3.652202028654932e-05,2.1035159401748015e-36,0.0,0.0,0.0,-1.7157726463542726e-26
2026-08-24T01:58:57.096947,7.13,-2.992030160394832e-08,2.1552730391566016e-36,0.0,0.0,0.0,0.0,0.0,1.0,-5.984173909462605e-06,2.083314346227588e-36,0.0,0.0,0.0,-1.692106760027059e-26
2026-08-24T01:58:57.115053,7.15,-7.207917713181214e-08,2.1239611805293913e-36,0.0,0.0,0.0,0.0,0.0,1.0,-1.4415787708142664e-05,2.0063357341184216e-36,0.0,0.0,0.0,-1.6329420738090083e-26
2026-08-24T01:58:57.135297,7.17,3.8856177684397835e-07,2.1608563756986723e-36,0.0,0.0,0.0,0.0,0.0,1.0,7.77122280885672e-05,2.0097045758227427e-36,0.0,0.0,0.0,-1.6447749282218683e-26
2026-08-24T01:58:57.154810,7.19,-2.8702784689120335e-07,2.1821803030543622e-36,0.0,0.0,0.0,0.0,0.0,1.0,-5.7405704032356485e-05,1.994887114174826e-36,0.0,0.0,0.0,-1.55011197458009e-26
2026-08-24T01:58:57.174416,7.21,1.05400925810295e-08,2.1733332474015043e-36,0.0,0.0,0.0,0.0,0.0,1.0,2.1082163565297433e-06,1.945218118514054e-36,0.0,0.0,0.0,-1.5264460882580036e-26
2026-08-24T01:58:57.195214,7.23,-1.0040760506315515e-07,2.2293100636866085e-36,0.0,0.0,0.0,0.0,0.0,1.0,-2.008147939037193e-05,1.971549601916914e-36,0.0,0.0,0.0,-1.7670486347619708e-26
2026-08-24T01:58:57.214564,7.25,8.278859976967359e-07,2.1648948068525338e-36,0.0,0.0,0.0,0.0,0.0,1.0,0.00016557686282700701,1.8576220379707085e-36,0.0,0.0,0.0,-1.7946571591700462e-26
2026-08-24T01:58:57.237257,7.27,3.6810983485647087e-07,2.103508336863697e-36,0.0,0.0,0.0,0.0,0.0,1.0,7.36212002823579e-05,1.7489585053078497e-36,0.0,0.0,0.0,-1.9563738222282195e-26
2026-08-24T01:58:57.254552,7.29,-3.544378272963883e-07,2.0190783775197627e-36,0.0,0.0,0.0,0.0,0.0,1.0,-7.088768550224952e-05,1.615207451078685e-36,0.0,0.0,0.0,-1.893266330301861e-26
2026-08-24T01:58:57.275713,7.31,2.5623925159295346e-07,1.9407151638370812e-36,0.0,0.0,0.0,0.0,0.0,1.0,5.124799981181981e-05,1.490574502968689e-36,0.0,0.0,0.0,-2.1476724635540444e-26
2026-08-24T01:58:57.297719,7.33,-1.6465812022099058e-07,1.895140427228038e-36,0.0,0.0,0.0,0.0,0.0,1.0,-3.2931735745074776e-05,1.405954728572176e-36,0.0,0.0,0.0,-2.058926134337577e-26
2026-08-24T01:58:57.316064,7.35,-4.1565487520749485e-07,1.7836507931916376e-36,0.0,0.0,0.0,0.0,0.0,1.0,-8.313065270455734e-05,1.2461021711795522e-36,0.0,0.0,0.0,-2.2679752011115664e-26
2026-08-24T01:58:57.337109,7.37,-8.847190862738536e-07,1.5978114163216568e-36,0.0,0.0,0.0,0.0,0.0,1.0,-0.00017694310346935663,1.0024119858369682e-36,0.0,0.0,0.0,-2.2088105346203592e-26
2026-08-24T01:58:57.354466,7.39,1.6730360645859576e-07,1.7039592266542284e-36,0.0,0.0,0.0,0.0,0.0,1.0,3.3461287921324366e-05,1.101652555012092e-36,0.0,0.0,0.0,-1.7354949874202038e-26
2026-08-24T01:58:57.375314,7.41,-2.515234704411869e-07,1.6859009087320347e-36,0.0,0.0,0.0,0.0,0.0,1.0,-5.030469642516711e-05,1.0550857136582916e-36,0.0,0.0,0.0,-1.5323621013240447e-26
2026-08-24T01:58:57.395391,7.43,-8.309217852110266e-08,1.745007707376942e-36,0.0,0.0,0.0,0.0,0.0,1.0,-1.6618209812424317e-05,1.0988712708179577e-36,0.0,0.0,0.0,-1.8459335715906445e-26
2026-08-24T01:58:57.415800,7.45,-7.600646272379126e-07,1.7241493593682753e-36,0.0,0.0,0.0,0.0,0.0,1.0,-0.00015201250162095377,1.0490974613390728e-36,0.0,0.0,0.0,-1.7926867620982014e-26
2026-08-24T01:58:57.436640,7.47,-1.016889508047312e-06,1.6619384088623425e-36,0.0,0.0,0.0,0.0,0.0,1.0,-0.00020337687686130713,9.520819761825607e-37,0.0,0.0,0.0,-1.9918741801028308e-26
2026-08-24T01:58:57.454543,7.49,-4.706659320834312e-07,1.5241648347747505e-36,0.0,0.0,0.0,0.0,0.0,1.0,-9.41322091432362e-05,7.688398468450652e-37,0.0,0.0,0.0,-1.8932675530188108e-26
2026-08-24T01:58:57.475327,7.51,-5.312138642238503e-07,1.5425619507007873e-36,0.0,0.0,0.0,0.0,0.0,1.0,-0.00010624217499295803,7.698833539949022e-37,0.0,0.0,0.0,-2.319249878065772e-26
2026-08-24T01:58:57.498970,7.53,1.4547230655678762e-07,1.6231625302555294e-36,0.0,0.0,0.0,0.0,0.0,1.0,2.9094798326923045e-05,8.431764751941233e-37,0.0,0.0,0.0,-1.9129892531480687e-26
2026-08-24T01:58:57.515242,7.55,1.6372297641100422e-07,1.63737176530833e-36,0.0,0.0,0.0,0.0,0.0,1.0,3.274443685289787e-05,8.382180848698661e-37,0.0,0.0,0.0,-2.0175126821372145e-26
2026-08-24T01:58:57.534952,7.57,3.1405557492962727e-07,1.7942087471379527e-36,0.0,0.0,0.0,0.0,0.0,1.0,6.281085268082459e-05,9.990152724860406e-37,0.0,0.0,0.0,-1.7749372339656467e-26
2026-08-24T01:58:57.556296,7.59,-8.134385454252864e-08,1.8642644810207986e-36,0.0,0.0,0.0,0.0,0.0,1.0,-1.6268983883448344e-05,1.056489568371618e-36,0.0,0.0,0.0,-1.794658657983481e-26
2026-08-24T01:58:57.575492,7.6,-6.908427790452742e-13,1.8141437247544556e-36,0.0,0.0,0.0,0.0,0.0,1.0,-3.947506953538819e-10,9.853123290515455e-37,0.0,0.0,0.0,-1.9307363851434053e-26
2026-08-24T01:58:57.598700,7.63,5.1387155882464655e-08,1.8047713866750524e-36,0.0,0.0,0.0,0.0,0.0,1.0,1.0278103335965417e-05,9.389170350723155e-37,0.0,0.0,0.0,-1.6763305871628448e-26
2026-08-24T01:58:57.615219,7.65,-1.5481693018044794e-07,1.5763359867707123e-36,0.0,0.0,0.0,0.0,0.0,1.0,-3.096334183951571e-05,6.50636860200824e-37,0.0,0.0,0.0,-1.8005744935513813e-26
2026-08-24T01:58:57.637276,7.67,2.3297403292192968e-08,1.609775038879711e-36,0.0,0.0,0.0,0.0,0.0,1.0,4.659574736505577e-06,6.711080341002912e-37,0.0,0.0,0.0,-1.5974437275021975e-26
2026-08-24T01:58:57.654382,7.69,-3.351091949005198e-07,1.6401542660301774e-36,0.0,0.0,0.0,0.0,0.0,1.0,-6.70217257184507e-05,6.877261543150137e-37,0.0,0.0,0.0,-1.5777219090486843e-26
2026-08-24T01:58:57.675254,7.71,-3.6928303262013164e-07,1.570288251853661e-36,0.0,0.0,0.0,0.0,0.0,1.0,-7.385618504804354e-05,5.876580427777862e-37,0.0,0.0,0.0,-1.7571867690595347e-26
2026-08-24T01:58:57.697138,7.73,4.1854990655765005e-07,1.732227209385166e-36,0.0,0.0,0.0,0.0,0.0,1.0,8.371004590579056e-05,7.584652442669437e-37,0.0,0.0,0.0,-1.6704124047527332e-26
2026-08-24T01:58:57.715740,7.75,8.673536676936517e-07,1.6531802272213978e-36,0.0,0.0,0.0,0.0,0.0,1.0,0.00017347005231105973,6.466611140302687e-37,0.0,0.0,0.0,-1.6487201596464718e-26
2026-08-24T01:58:57.737624,7.77,1.5412492585485165e-07,1.7959290497895226e-36,0.0,0.0,0.0,0.0,0.0,1.0,3.0824267216369524e-05,7.942927192041978e-37,0.0,0.0,0.0,-1.4791141972938e-26
2026-08-24T01:58:57.754573,7.79,-8.755304770148781e-08,1.6120683247439374e-36,0.0,0.0,0.0,0.0,0.0,1.0,-1.751067977713111e-05,5.602014554063071e-37,0.0,0.0,0.0,-1.4593925760532618e-26
2026-08-24T01:58:57.775649,7.8100000000000005,1.0302785653929301e-07,1.564420644732238e-36,0.0,0.0,0.0,0.0,0.0,1.0,2.0605588075613342e-05,4.88060372466564e-37,0.0,0.0,0.0,-1.400228205374939e-26
2026-08-24T01:58:57.798925,7.83,2.0114589866560648e-07,1.5954019503682106e-36,0.0,0.0,0.0,0.0,0.0,1.0,4.022903292273243e-05,5.0843075893368125e-37,0.0,0.0,0.0,-1.40022820537346e-26
2026-08-24T01:58:57.816073,7.85,1.514052103279638e-07,1.8643589831938704e-36,0.0,0.0,0.0,0.0,0.0,1.0,3.028081215488605e-05,8.04972079731818e-37,0.0,0.0,0.0,-1.3805063869251476e-26
2026-08-24T01:58:57.837136,7.87,-3.9907522829517843e-08,1.6864609941925764e-36,0.0,0.0,0.0,0.0,0.0,1.0,-7.98159183103423e-06,5.77735592933003e-37,0.0,0.0,0.0,-1.2424556594900093e-26
2026-08-24T01:58:57.854681,7.89,1.5720936229725298e-07,1.3661144739677054e-36,0.0,0.0,0.0,0.0,0.0,1.0,3.144184332782409e-05,1.8861416752317124e-37,0.0,0.0,0.0,-1.301620296401066e-26
2026-08-24T01:58:57.877135,7.91,1.8743898783029345e-07,1.137080696922694e-36,0.0,0.0,0.0,0.0,0.0,1.0,3.7487587040544304e-05,-8.825103964092359e-38,0.0,0.0,0.0,-1.262177448354632e-26
2026-08-24T01:58:57.897008,7.92,-2.3132296994243555e-13,1.1356844949224457e-36,0.0,0.0,0.0,0.0,0.0,1.0,-1.2224566478488164e-10,-9.308236866210199e-38,0.0,0.0,0.0,-1.2227346003058486e-26
2026-08-24T01:58:57.915045,7.95,2.414103708826278e-07,1.2434549341796962e-36,0.0,0.0,0.0,0.0,0.0,1.0,4.828219075016322e-05,2.2818849613016265e-38,0.0,0.0,0.0,-1.3667005026491453e-26
2026-08-24T01:58:57.935663,7.97,3.41821682288078e-07,1.120155109805888e-36,0.0,0.0,0.0,0.0,0.0,1.0,6.836400285484083e-05,-1.284185272353926e-37,0.0,0.0,0.0,-9.781880450963856e-27
2026-08-24T01:58:57.955116,7.99,5.560831422897337e-07,6.993093042505048e-37,0.0,0.0,0.0,0.0,0.0,1.0,0.0001112161309318713,-6.2289878004963365e-37,0.0,0.0,0.0,-1.0472129404247106e-26
2026-08-24T01:58:57.975854,8.01,1.9938910251423668e-07,9.652213023263443e-37,0.0,0.0,0.0,0.0,0.0,1.0,3.987730105949965e-05,-3.116219608536379e-37,0.0,0.0,0.0,-1.183291160615873e-26
2026-08-24T01:58:57.995849,8.03,-1.1260270826063814e-07,8.811633003293638e-37,0.0,0.0,0.0,0.0,0.0,1.0,-2.2520639341730238e-05,-4.117732365516693e-37,0.0,0.0,0.0,-1.3016200597449803e-26
2026-08-24T01:58:58.016444,8.05,-5.715592924525749e-07,8.960332976935147e-37,0.0,0.0,0.0,0.0,0.0,1.0,-0.00011431150760823211,-3.953316110839541e-37,0.0,0.0,0.0,-1.1931516754219141e-26
2026-08-24T01:58:58.038117,8.07,8.953330505452286e-08,9.644982725151452e-37,0.0,0.0,0.0,0.0,0.0,1.0,1.7907046172304732e-05,-3.168027962023099e-37,0.0,0.0,0.0,-1.2365397943331202e-26
2026-08-24T01:58:58.055047,8.09,-2.2308748208503485e-07,1.0684496703454982e-36,0.0,0.0,0.0,0.0,0.0,1.0,-4.461744578423949e-05,-1.982081525904793e-37,0.0,0.0,0.0,-1.0846837446827107e-26
2026-08-24T01:58:58.075693,8.11,-3.6469143911819307e-07,1.190567430051401e-36,0.0,0.0,0.0,0.0,0.0,1.0,-7.293797283139077e-05,-6.030883353552709e-38,0.0,0.0,0.0,-9.407170534860522e-27
2026-08-24T01:58:58.095882,8.13,-9.53862276521799e-08,1.3685339659183797e-36,0.0,0.0,0.0,0.0,0.0,1.0,-1.9076927774488303e-05,1.403649920606572e-37,0.0,0.0,0.0,-7.178639365086045e-27
2026-08-24T01:58:58.115454,8.15,-2.9585784902616197e-07,1.2828545933474383e-36,0.0,0.0,0.0,0.0,0.0,1.0,-5.9171356345193614e-05,3.1600939463048707e-38,0.0,0.0,0.0,-7.573061337503457e-27
2026-08-24T01:58:58.134555,8.17,1.2712925423275824e-07,1.5107396578985056e-36,0.0,0.0,0.0,0.0,0.0,1.0,2.5425996235452912e-05,2.8892551508166154e-37,0.0,0.0,0.0,-7.17863542079483e-27
2026-08-24T01:58:58.155529,8.19,-4.89079552665338e-07,1.6494381481153415e-36,0.0,0.0,0.0,0.0,0.0,1.0,-9.781575709532027e-05,4.386093524904319e-37,0.0,0.0,0.0,-7.573062027746395e-27
2026-08-24T01:58:58.176627,8.2,-1.024410961573126e-12,1.5826839758358868e-36,0.0,0.0,0.0,0.0,0.0,1.0,-3.7561700343108337e-10,3.534819277107231e-37,0.0,0.0,0.0,-7.730836082301126e-27
2026-08-24T01:58:58.196777,8.22,-4.246158578964781e-13,1.721678132783732e-36,0.0,0.0,0.0,0.0,0.0,1.0,-9.215031186981517e-11,5.0375391264330186e-37,0.0,0.0,0.0,-9.071896761581343e-27
2026-08-24T01:58:58.217859,8.25,1.0993823059763074e-07,1.8938537807936352e-36,0.0,0.0,0.0,0.0,0.0,1.0,2.1987751209733824e-05,6.8166139899278455e-37,0.0,0.0,0.0,-8.874692875010099e-27
2026-08-24T01:58:58.236132,8.27,-3.841349179215031e-07,2.2554599254141993e-36,0.0,0.0,0.0,0.0,0.0,1.0,-7.682687682080615e-05,1.0842597468363011e-36,0.0,0.0,0.0,-8.283042463019614e-27
2026-08-24T01:58:58.254119,8.29,-2.1474778150337255e-07,2.3332174918168846e-36,0.0,0.0,0.0,0.0,0.0,1.0,-4.294918147159063e-05,1.1506964452234694e-36,0.0,0.0,0.0,-8.480256703245315e-27
2026-08-24T01:58:58.276831,8.31,3.9185316254235944e-08,1.8918814589496812e-36,0.0,0.0,0.0,0.0,0.0,1.0,7.837179596329956e-06,6.129192505234046e-37,0.0,0.0,0.0,-8.480255717187399e-27
2026-08-24T01:58:58.297071,8.33,-4.225667028085319e-07,2.0641482425056816e-36,0.0,0.0,0.0,0.0,0.0,1.0,-8.451316178361572e-05,7.966000420582017e-37,0.0,0.0,0.0,-7.277249837790923e-27
2026-08-24T01:58:58.316648,8.35,-2.480940523462186e-07,2.2824805701467362e-36,0.0,0.0,0.0,0.0,0.0,1.0,-4.961837463231921e-05,1.030920716011441e-36,0.0,0.0,0.0,-6.310892960948163e-27
2026-08-24T01:58:58.336224,8.37,-1.7159968270372825e-07,1.9207223224238132e-36,0.0,0.0,0.0,0.0,0.0,1.0,-3.4319678041840496e-05,5.875036903951958e-37,0.0,0.0,0.0,-5.245927090476211e-27
2026-08-24T01:58:58.355395,8.39,1.3034448324426606e-07,1.7137377129140057e-36,0.0,0.0,0.0,0.0,0.0,1.0,2.6068966365051218e-05,3.309294370793658e-37,0.0,0.0,0.0,-7.277238596610784e-27
2026-08-24T01:58:58.376736,8.41,-9.625227260501564e-08,2.028851931489344e-36,0.0,0.0,0.0,0.0,0.0,1.0,-1.925051059198251e-05,6.850920721167642e-37,0.0,0.0,0.0,-8.085822306372648e-27
2026-08-24T01:58:58.395736,8.43,-3.2401776108026764e-07,1.597651304235502e-36,0.0,0.0,0.0,0.0,0.0,1.0,-6.480334211865926e-05,1.6648874563286907e-37,0.0,0.0,0.0,-8.460529362846936e-27
2026-08-24T01:58:58.414961,8.45,-5.737745001971827e-07,1.819551895346932e-36,0.0,0.0,0.0,0.0,0.0,1.0,-0.00011475440082518525,4.149869860060193e-37,0.0,0.0,0.0,-7.296968106419335e-27
2026-08-24T01:58:58.434394,8.47,-5.024430933875443e-07,1.2895886634617721e-36,0.0,0.0,0.0,0.0,0.0,1.0,-0.00010048794828466446,-2.140587317178396e-37,0.0,0.0,0.0,-6.310891186038243e-27
2026-08-24T01:58:58.454532,8.49,-9.634530065894604e-08,9.314234960149651e-37,0.0,0.0,0.0,0.0,0.0,1.0,-1.9268650504499448e-05,-6.3350651022981625e-37,0.0,0.0,0.0,-5.383974987913754e-27
2026-08-24T01:58:58.477239,8.51,-1.4524614428847496e-07,1.2306813033854297e-36,0.0,0.0,0.0,0.0,0.0,1.0,-2.9049094115079742e-05,-2.8233681575820088e-37,0.0,0.0,0.0,-3.904868186098185e-27
2026-08-24T01:58:58.499397,8.53,9.436877492813343e-08,9.712560144329067e-37,0.0,0.0,0.0,0.0,0.0,1.0,1.887379684519664e-05,-5.858258853805944e-37,0.0,0.0,0.0,-4.1415191607684154e-27
2026-08-24T01:58:58.515893,8.55,-4.024082917137799e-08,1.3784001885361263e-36,0.0,0.0,0.0,0.0,0.0,1.0,-8.04821816270119e-06,-1.0989202668208775e-37,0.0,0.0,0.0,-3.786535894890638e-27
2026-08-24T01:58:58.536584,8.57,-5.739643379325841e-07,1.2657480188747511e-36,0.0,0.0,0.0,0.0,0.0,1.0,-0.00011479254941330731,-2.4541180267681763e-37,0.0,0.0,0.0,-4.141519160764721e-27
2026-08-24T01:58:58.554148,8.59,-3.2945024194972987e-07,1.2844707640821636e-36,0.0,0.0,0.0,0.0,0.0,1.0,-6.588949524474301e-05,-2.2607504943404368e-37,0.0,0.0,0.0,-3.904861480850008e-27
2026-08-24T01:58:58.577263,8.61,-2.313453567458087e-07,1.0421517495254418e-36,0.0,0.0,0.0,0.0,0.0,1.0,-4.626872222959317e-05,-5.10320302021473e-37,0.0,0.0,0.0,-4.417621069225726e-27
2026-08-24T01:58:58.597294,8.63,-1.2659714554834203e-07,7.813828538205445e-37,0.0,0.0,0.0,0.0,0.0,1.0,-2.531920986040513e-05,-8.114522604092813e-37,0.0,0.0,0.0,-4.27957110107047e-27
2026-08-24T01:58:58.615862,8.65,5.614984590253997e-08,7.118951068287812e-37,0.0,0.0,0.0,0.0,0.0,1.0,1.1230012928091593e-05,-8.854735716143581e-37,0.0,0.0,0.0,-3.668209027054977e-27
2026-08-24T01:58:58.636482,8.67,-3.0296125709142473e-07,3.5549353721673372e-37,0.0,0.0,0.0,0.0,0.0,1.0,-6.059216774701152e-05,-1.2916390826532371e-36,0.0,0.0,0.0,-1.8341090001447976e-27
2026-08-24T01:58:58.654650,8.69,7.661443801826227e-07,-3.3947030946561223e-37,0.0,0.0,0.0,0.0,0.0,1.0,0.00015322874875826653,-2.084714039496507e-36,0.0,0.0,0.0,-5.522057890830569e-28
2026-08-24T01:58:58.675213,8.71,1.5150684848597802e-07,8.388234093118921e-38,0.0,0.0,0.0,0.0,0.0,1.0,3.0300761811148803e-05,-1.56559639884933e-36,0.0,0.0,0.0,-1.3804868628711586e-38
2026-08-24T01:58:58.695772,8.73,-4.401736947220441e-08,2.0447200213103954e-37,0.0,0.0,0.0,0.0,0.0,1.0,-8.803579675905723e-06,-1.4063517221544565e-36,0.0,0.0,0.0,-1.14384525575174e-27
2026-08-24T01:58:58.715371,8.75,-2.511348261837813e-07,2.049823796139408e-37,0.0,0.0,0.0,0.0,0.0,1.0,-5.022680271387e-05,-1.3890335877587354e-36,0.0,0.0,0.0,-1.0649620248380926e-27
2026-08-24T01:58:58.740396,8.77,4.5901618750433393e-07,2.146275549249932e-37,0.0,0.0,0.0,0.0,0.0,1.0,9.180318748530968e-05,-1.3612539950651885e-36,0.0,0.0,0.0,-5.324845622521982e-28
2026-08-24T01:58:58.755090,8.79,5.690008560830987e-07,1.0228660944738432e-37,0.0,0.0,0.0,0.0,0.0,1.0,0.00011379958636299265,-1.475551320203754e-36,0.0,0.0,0.0,-1.0255164158034402e-27
2026-08-24T01:58:58.776148,8.81,-4.9476643779286765e-08,3.94256258180645e-38,0.0,0.0,0.0,0.0,0.0,1.0,-9.89570042602114e-06,-1.53042688282479e-36,0.0,0.0,0.0,-1.1044044784583953e-27
2026-08-24T01:58:58.796552,8.83,5.845936832208907e-07,-1.0271767143627456e-39,0.0,0.0,0.0,0.0,0.0,1.0,0.00011691850080913037,-1.5582737481094232e-36,0.0,0.0,0.0,-5.3248081522009e-28
2026-08-24T01:58:58.814939,8.85,5.999108886245345e-07,5.742994436910976e-37,0.0,0.0,0.0,0.0,0.0,1.0,0.00011998145042814766,-8.69973718293873e-37,0.0,0.0,0.0,-4.141523696685344e-28
2026-08-24T01:58:58.837391,8.870000000000001,9.192632133969516e-07,7.139394810005837e-37,0.0,0.0,0.0,0.0,0.0,1.0,0.0001838517937002158,-6.98734049478969e-37,0.0,0.0,0.0,-2.5637698391247995e-33
2026-08-24T01:58:58.855822,8.89,2.760764832245102e-07,1.3256537475264932e-36,0.0,0.0,0.0,0.0,0.0,1.0,5.521449460617518e-05,1.847317067206241e-38,0.0,0.0,0.0,9.071902381937718e-28
2026-08-24T01:58:58.874658,8.91,4.400489564301274e-07,1.0759777274160303e-36,0.0,0.0,0.0,0.0,0.0,1.0,8.800936155990452e-05,-2.765948133516869e-37,0.0,0.0,0.0,9.860763287365817e-28
2026-08-24T01:58:58.896492,8.93,1.843832322954625e-07,4.932368675473641e-37,0.0,0.0,0.0,0.0,0.0,1.0,3.6876247119573574e-05,-9.540158461501923e-37,0.0,0.0,0.0,9.07190041006155e-28
2026-08-24T01:58:58.916030,8.95,1.586026355800928e-07,1.97587457966933e-37,0.0,0.0,0.0,0.0,0.0,1.0,3.172034956675918e-05,-1.2870498237937658e-36,0.0,0.0,0.0,1.0255181907232207e-27
2026-08-24T01:58:58.936988,8.97,1.3435119388839253e-07,6.716392960125238e-37,0.0,0.0,0.0,0.0,0.0,1.0,2.6870060807040862e-05,-7.202632908165602e-37,0.0,0.0,0.0,2.3665728548603563e-33
2026-08-24T01:58:58.955830,8.99,-1.0030688418112506e-06,1.1131193789166627e-36,0.0,0.0,0.0,0.0,0.0,1.0,-0.00020061339600799304,-2.0018372937640974e-37,0.0,0.0,0.0,-4.141520738368204e-28
2026-08-24T01:58:58.975560,9.01,-4.281816713867284e-07,1.2429270042151398e-36,0.0,0.0,0.0,0.0,0.0,1.0,-8.563539973077561e-05,-5.044925261822191e-38,0.0,0.0,0.0,-4.535945274704351e-28
2026-08-24T01:58:58.995709,9.03,8.737484229009188e-08,1.7383896044660413e-36,0.0,0.0,0.0,0.0,0.0,1.0,1.747525529512943e-05,5.2189131779534635e-37,0.0,0.0,0.0,4.141499044906051e-28
2026-08-24T01:58:59.017254,9.05,-8.665139858910621e-08,1.6918928389084214e-36,0.0,0.0,0.0,0.0,0.0,1.0,-1.733031035512574e-05,4.554017693723492e-37,0.0,0.0,0.0,4.733161487066019e-28
2026-08-24T01:58:59.037770,9.07,-1.8264842289504937e-07,1.5540960780473367e-36,0.0,0.0,0.0,0.0,0.0,1.0,-3.652953182926447e-05,2.838650476721722e-37,0.0,0.0,0.0,1.6763161116904354e-33
2026-08-24T01:58:59.055353,9.09,1.0047829730515561e-07,2.13618426077674e-36,0.0,0.0,0.0,0.0,0.0,1.0,2.0095730362081032e-05,9.516355025097013e-37,0.0,0.0,0.0,-3.549856324301753e-28
2026-08-24T01:58:59.075429,9.11,-9.285663215747459e-08,2.19996468132189e-36,0.0,0.0,0.0,0.0,0.0,1.0,-1.8571339683565986e-05,1.0065293902353936e-36,0.0,0.0,0.0,-1.972131555670965e-33
2026-08-24T01:58:59.094211,9.13,-4.532618247701039e-07,1.415046899920418e-36,0.0,0.0,0.0,0.0,0.0,1.0,-9.065208459341924e-05,7.424440210162164e-38,0.0,0.0,0.0,3.9443035399451965e-28
2026-08-24T01:58:59.116412,9.15,2.9186311665934548e-08,1.5630553375537888e-36,0.0,0.0,0.0,0.0,0.0,1.0,5.837556469293952e-06,2.408494109084517e-37,0.0,0.0,0.0,3.9443045261051433e-28
2026-08-24T01:58:59.134264,9.17,-5.039789781948923e-07,1.5341238351994934e-36,0.0,0.0,0.0,0.0,0.0,1.0,-0.00010079557133872737,1.992215585538832e-37,0.0,0.0,0.0,-3.3526223627373495e-28
2026-08-24T01:58:59.154290,9.19,-2.488103904254527e-07,1.1349494183318451e-36,0.0,0.0,0.0,0.0,0.0,1.0,-4.976160956246465e-05,-2.7199947620323265e-37,0.0,0.0,0.0,-7.494174655250872e-28
2026-08-24T01:58:59.175996,9.21,-5.912424725792577e-07,4.017089245431727e-37,0.0,0.0,0.0,0.0,0.0,1.0,-0.00011824802915830431,-1.1239779394053096e-36,0.0,0.0,0.0,-3.352627293052354e-33
2026-08-24T01:58:59.195525,9.24,-7.090922307378827e-13,5.953988002012473e-37,0.0,0.0,0.0,0.0,0.0,1.0,-1.81135538087295e-10,-8.761684805521769e-37,0.0,0.0,0.0,3.549874073405883e-28
2026-08-24T01:58:59.234760,9.27,-1.85228903446393e-07,6.272114107525795e-37,0.0,0.0,0.0,0.0,0.0,1.0,-3.7045813428222696e-05,-8.24269827137999e-37,0.0,0.0,0.0,-2.9582293805662433e-28
2026-08-24T01:58:59.254536,9.29,1.8245456645407365e-07,1.0116806625442781e-36,0.0,0.0,0.0,0.0,0.0,1.0,3.6490979130248625e-05,-3.682753490901852e-37,0.0,0.0,0.0,-3.7470853555354684e-28
2026-08-24T01:58:59.276876,9.31,-1.4814434218832145e-07,1.3804070000099456e-36,0.0,0.0,0.0,0.0,0.0,1.0,-2.9628913797602502e-05,6.228874920351562e-38,0.0,0.0,0.0,3.549856324208078e-28
2026-08-24T01:58:59.294003,9.33,-4.4418493948181047e-07,1.3382936777943435e-36,0.0,0.0,0.0,0.0,0.0,1.0,-8.883666406946247e-05,8.639661649696935e-39,0.0,0.0,0.0,3.155442634832634e-28
2026-08-24T01:58:59.314958,9.35,-1.4861058374183993e-07,6.855155483976805e-37,0.0,0.0,0.0,0.0,0.0,1.0,-2.9721727072142258e-05,-7.538174632033834e-37,0.0,0.0,0.0,3.352659833245782e-28
2026-08-24T01:58:59.334465,9.37,-2.4198118868684496e-07,1.2484150974063038e-36,0.0,0.0,0.0,0.0,0.0,1.0,-4.8396022122127096e-05,-9.139605034703075e-38,0.0,0.0,0.0,1.4791003923569942e-33
2026-08-24T01:58:59.354542,9.39,-7.463589004856215e-08,1.5664253547894815e-36,0.0,0.0,0.0,0.0,0.0,1.0,-1.4926968699486008e-05,2.760234218567346e-37,0.0,0.0,0.0,3.6976770271045765e-44
2026-08-24T01:58:59.376268,9.41,3.9290081082349925e-07,1.8889420968314774e-36,0.0,0.0,0.0,0.0,0.0,1.0,7.85800495143585e-05,6.429027683221878e-37,0.0,0.0,0.0,9.244007687002579e-55
2026-08-24T01:58:59.395427,9.43,7.786853507958723e-07,2.660924350186715e-36,0.0,0.0,0.0,0.0,0.0,1.0,0.00015573642258312682,1.5263397761291146e-36,0.0,0.0,0.0,2.4282796321871804e-65
2026-08-24T01:58:59.416334,9.45,-1.3076915632583752e-07,3.2925213063061525e-36,0.0,0.0,0.0,0.0,0.0,1.0,-2.6154325607056353e-05,2.2326495764238302e-36,0.0,0.0,0.0,1.7925267717207168e-66
2026-08-24T01:58:59.436313,9.47,2.712253102936813e-08,3.130068428549914e-36,0.0,0.0,0.0,0.0,0.0,1.0,5.424597116327338e-06,2.0049235162377944e-36,0.0,0.0,0.0,6.153057392161766e-68
2026-08-24T01:58:59.453993,9.49,-5.33026212388958e-07,2.7439938995639086e-36,0.0,0.0,0.0,0.0,0.0,1.0,-0.00010660502546487332,1.520817302167397e-36,0.0,0.0,0.0,5.522009573366362e-28
2026-08-24T01:58:59.474680,9.51,-6.113889367875396e-07,3.0597705888805536e-36,0.0,0.0,0.0,0.0,0.0,1.0,-0.0001222771296936851,1.8599442401666083e-36,0.0,0.0,0.0,5.127591939701184e-28
2026-08-24T01:58:59.496690,9.53,-3.3792880378347457e-07,1.8860252986734263e-36,0.0,0.0,0.0,0.0,0.0,1.0,-6.758515502113509e-05,4.625893662899398e-37,0.0,0.0,0.0,5.522020420170277e-28
2026-08-24T01:58:59.516137,9.55,-2.722409940333064e-07,1.0241598971485556e-36,0.0,0.0,0.0,0.0,0.0,1.0,-5.444780930328264e-05,-5.502903430388789e-37,0.0,0.0,0.0,2.1693842524844333e-28
2026-08-24T01:58:59.535013,9.57,1.558211339992513e-07,1.0651737152512708e-36,0.0,0.0,0.0,0.0,0.0,1.0,3.1164325142414784e-05,-4.978574135134584e-37,0.0,0.0,0.0,4.733154584587332e-28
2026-08-24T01:58:59.555291,9.59,1.5554861765112481e-07,1.98708395392565e-36,0.0,0.0,0.0,0.0,0.0,1.0,3.1109565194039184e-05,5.775534747582576e-37,0.0,0.0,0.0,1.380497709467954e-33
2026-08-24T01:58:59.575521,9.61,2.33219919310894e-07,2.1843901009943525e-36,0.0,0.0,0.0,0.0,0.0,1.0,4.6643741674961986e-05,7.939062558756818e-37,0.0,0.0,0.0,-5.127582078950641e-28
2026-08-24T01:58:59.594779,9.63,6.247950548707225e-07,1.3304777201933473e-36,0.0,0.0,0.0,0.0,0.0,1.0,0.00012495858459487922,-2.1485758164766384e-37,0.0,0.0,0.0,-4.733169375581395e-28
2026-08-24T01:58:59.614017,9.65,2.183738406424789e-07,9.874262297296817e-37,0.0,0.0,0.0,0.0,0.0,1.0,4.367418662939677e-05,-6.139794572958605e-37,0.0,0.0,0.0,-1.972151277060255e-28
2026-08-24T01:58:59.635253,9.67,5.293945453739966e-08,1.1443722023758724e-36,0.0,0.0,0.0,0.0,0.0,1.0,1.0587684374019836e-05,-4.256672638435452e-37,0.0,0.0,0.0,-1.7749370367522448e-28
2026-08-24T01:58:59.655271,9.69,8.243927858760943e-08,1.4651090769897727e-36,0.0,0.0,0.0,0.0,0.0,1.0,1.648779386308157e-05,-4.991682383706487e-38,0.0,0.0,0.0,-1.7749409809926767e-28
2026-08-24T01:58:59.675229,9.71,-3.986024236336595e-07,1.6614145119516458e-36,0.0,0.0,0.0,0.0,0.0,1.0,-7.972035154699657e-05,1.753330597831947e-37,0.0,0.0,0.0,-2.9582264224265945e-28
2026-08-24T01:58:59.694689,9.73,5.013212660847426e-07,8.5737794669568e-37,0.0,0.0,0.0,0.0,0.0,1.0,0.00010026431076167746,-7.655197359655047e-37,0.0,0.0,0.0,-1.9721512770158823e-28
2026-08-24T01:58:59.716918,9.75,5.272215907443524e-07,1.4912411413199009e-36,0.0,0.0,0.0,0.0,0.0,1.0,0.00010544371401194768,-2.0386244322556894e-38,0.0,0.0,0.0,-2.1693655172302173e-28
2026-08-24T01:58:59.736015,9.77,6.824364102752634e-07,2.4560577753159907e-36,0.0,0.0,0.0,0.0,0.0,1.0,0.00013648657194266606,1.0976609731491267e-36,0.0,0.0,0.0,-9.860667639011859e-34
2026-08-24T01:58:59.755321,9.79,2.035205912188591e-07,2.7523656002059475e-36,0.0,0.0,0.0,0.0,0.0,1.0,4.070350968679642e-05,1.4211309119176897e-36,0.0,0.0,0.0,3.155433760192384e-28
2026-08-24T01:58:59.774167,9.81,-5.127775206215988e-07,2.2070233075676126e-36,0.0,0.0,0.0,0.0,0.0,1.0,-0.00010255541795559068,7.613035032165576e-37,0.0,0.0,0.0,3.9443025539627405e-28
2026-08-24T01:58:59.794331,9.83,-4.6536838853622476e-08,2.0842610043959574e-36,0.0,0.0,0.0,0.0,0.0,1.0,-9.30698402828361e-06,6.029710957510234e-37,0.0,0.0,0.0,3.549870129259127e-28
2026-08-24T01:58:59.814834,9.85,1.9230679687286055e-07,2.375943301283094e-36,0.0,0.0,0.0,0.0,0.0,1.0,3.846131248815036e-05,9.287865483145005e-37,0.0,0.0,0.0,3.5498721013719474e-28
2026-08-24T01:58:59.834994,9.870000000000001,-2.687310139256122e-07,2.5248051044920024e-36,0.0,0.0,0.0,0.0,0.0,1.0,-5.3746223959599764e-05,1.0834602229752987e-36,0.0,0.0,0.0,2.7610190846613645e-28
2026-08-24T01:58:59.855694,9.89,2.5638017415576673e-07,2.7619001845646025e-36,0.0,0.0,0.0,0.0,0.0,1.0,5.127610194607587e-05,1.3382067409748835e-36,0.0,0.0,0.0,1.9721562073176555e-28
2026-08-24T01:58:59.876000,9.91,2.6874430782039637e-08,3.2144689558961245e-36,0.0,0.0,0.0,0.0,0.0,1.0,5.3746941159859e-06,1.83931199868598e-36,0.0,0.0,0.0,1.0846809836849745e-27
2026-08-24T01:58:59.894805,9.93,8.578743677808443e-07,2.882996687009538e-36,0.0,0.0,0.0,0.0,0.0,1.0,0.00017157443285137393,1.421245975693367e-36,0.0,0.0,0.0,8.283039504884893e-28
2026-08-24T01:58:59.915008,9.95,2.1887341835755578e-07,2.7895620223539113e-36,0.0,0.0,0.0,0.0,0.0,1.0,4.37739700373386e-05,1.2863601266492491e-36,0.0,0.0,0.0,1.1044060561518063e-27
2026-08-24T01:58:59.934938,9.97,4.796044121592948e-07,3.4539509671854116e-36,0.0,0.0,0.0,0.0,0.0,1.0,9.592048277367067e-05,2.0342888436165632e-36,0.0,0.0,0.0,1.5777192466707392e-27
2026-08-24T01:58:59.954621,9.99,3.089952901869476e-07,3.4614910956461795e-36,0.0,0.0,0.0,0.0,0.0,1.0,6.179858027241186e-05,2.0069664283847623e-36,0.0,0.0,0.0,1.5777227965033978e-27
2026-08-24T01:58:59.975053,10.0,1.9170544606942104e-13,3.033958993662263e-36,0.0,0.0,0.0,0.0,0.0,1.0,-7.000971394805272e-11,1.4881297730469759e-36,0.0,0.0,0.0,1.1044076338734205e-27
2026-08-24T01:58:59.994198,10.03,-1.096628372517697e-07,2.7319743543842823e-36,0.0,0.0,0.0,0.0,0.0,1.0,-2.1932058656389254e-05,1.0957220475855324e-36,0.0,0.0,0.0,1.2424544466397113e-27
2026-08-24T01:59:00.014553,10.05,-7.087043984213325e-07,1.4905128332700551e-36,0.0,0.0,0.0,0.0,0.0,1.0,-0.00014174045254004727,-3.6855378779744966e-37,0.0,0.0,0.0,7.888628773550495e-28
2026-08-24T01:59:00.038445,10.07,-8.060519081279317e-07,1.9486788887608806e-36,0.0,0.0,0.0,0.0,0.0,1.0,-0.00016120948184921121,1.6558630679262626e-37,0.0,0.0,0.0,7.099736314272893e-28
2026-08-24T01:59:00.054442,10.09,4.1810077028596945e-07,1.6857129686675428e-36,0.0,0.0,0.0,0.0,0.0,1.0,8.362054582479068e-05,-1.4676152980128465e-37,0.0,0.0,0.0,2.1693635450759823e-27
2026-08-24T01:59:00.077526,10.11,-5.399827624012517e-07,7.730361212897462e-37,0.0,0.0,0.0,0.0,0.0,1.0,-0.00010799660829640027,-1.2092373407634485e-36,0.0,0.0,0.0,1.3805067813690345e-27
2026-08-24T01:59:00.094232,10.13,-7.872482964348935e-07,7.250110832827168e-37,0.0,0.0,0.0,0.0,0.0,1.0,-0.00015744888476299117,-1.2499807926721961e-36,0.0,0.0,0.0,9.860781036588275e-28
2026-08-24T01:59:00.114417,10.15,-6.530853538798204e-07,1.1950515600150006e-36,0.0,0.0,0.0,0.0,0.0,1.0,-0.0001306162075789889,-6.878895602882557e-37,0.0,0.0,0.0,1.577720824365926e-27
2026-08-24T01:59:00.134655,10.17,7.339037690094266e-07,6.221733564805668e-37,0.0,0.0,0.0,0.0,0.0,1.0,0.00014678086644849997,-1.3466614190217462e-36,0.0,0.0,0.0,1.0649622220612075e-27
2026-08-24T01:59:00.155131,10.19,6.473809167815845e-07,9.322588198421248e-37,0.0,0.0,0.0,0.0,0.0,1.0,0.00012947533981970088,-9.687725558842471e-37,0.0,0.0,0.0,8.874694058334587e-28
2026-08-24T01:59:00.174940,10.21,2.7120498924162445e-07,1.62675963541837e-36,0.0,0.0,0.0,0.0,0.0,1.0,5.424039923031383e-05,-1.4998989776921533e-37,0.0,0.0,0.0,1.2621766594952058e-27
2026-08-24T01:59:00.194869,10.23,-4.1518734422559516e-08,1.8824217381247007e-36,0.0,0.0,0.0,0.0,0.0,1.0,-8.303913515692899e-06,1.4591006393771455e-37,0.0,0.0,0.0,8.28304542129731e-28
2026-08-24T01:59:00.216075,10.25,-4.354365475988718e-08,1.516760604597399e-36,0.0,0.0,0.0,0.0,0.0,1.0,-8.708697785686029e-06,-2.849336606213211e-37,0.0,0.0,0.0,8.283046407250184e-28
2026-08-24T01:59:00.235364,10.27,5.378088963080649e-07,6.087503925423158e-37,0.0,0.0,0.0,0.0,0.0,1.0,0.0001075615744029908,-1.3392623174156636e-36,0.0,0.0,0.0,6.902539823147897e-28
2026-08-24T01:59:00.254130,10.29,4.890635389930679e-07,9.42190653579034e-37,0.0,0.0,0.0,0.0,0.0,1.0,9.781208491764908e-05,-9.340643327215844e-37,0.0,0.0,0.0,1.2424536577684527e-27
2026-08-24T01:59:00.274909,10.31,5.278580974692204e-07,7.448366963754325e-37,0.0,0.0,0.0,0.0,0.0,1.0,0.00010557101280683003,-1.1520611648703192e-36,0.0,0.0,0.0,5.916476510547226e-28
2026-08-24T01:59:00.295386,10.33,2.890267756439053e-07,-3.2289707546461265e-39,0.0,0.0,0.0,0.0,0.0,1.0,5.780485743435228e-05,-2.0065696711959708e-36,0.0,0.0,0.0,7.888609052160984e-28
2026-08-24T01:59:00.314269,10.35,-3.725091430768967e-07,4.213388335020339e-37,0.0,0.0,0.0,0.0,0.0,1.0,-7.450188466017936e-05,-1.4846415409427917e-36,0.0,0.0,0.0,5.522026336606363e-28
2026-08-24T01:59:00.334817,10.37,-7.456798058435297e-07,6.088485644627492e-38,0.0,0.0,0.0,0.0,0.0,1.0,-0.0001491353411419046,-1.8831831926323507e-36,0.0,0.0,0.0,5.522033238977565e-28
2026-08-24T01:59:00.355899,10.39,-5.667191743080895e-07,9.82559959822679e-37,0.0,0.0,0.0,0.0,0.0,1.0,-0.00011334302809441453,-7.852246123558916e-37,0.0,0.0,0.0,5.5220263365472e-28
2026-08-24T01:59:00.374867,10.41,-2.947360181541271e-07,1.515940676045997e-36,0.0,0.0,0.0,0.0,0.0,1.0,-5.894665063685438e-05,-1.5577738788706684e-37,0.0,0.0,0.0,1.1044045770526968e-27
2026-08-24T01:59:00.395271,10.43,-3.6375406380257826e-07,1.9169148643954948e-36,0.0,0.0,0.0,0.0,0.0,1.0,-7.275042650111976e-05,3.098982380721146e-37,0.0,0.0,0.0,1.3805067813421658e-27
2026-08-24T01:59:00.415279,10.45,2.2102398514046173e-08,1.671471945948788e-36,0.0,0.0,0.0,0.0,0.0,1.0,4.420734374252857e-06,1.6972020885621637e-38,0.0,0.0,0.0,9.860756385056512e-28
2026-08-24T01:59:00.434913,10.47,-8.300446664573667e-08,1.597068061004842e-36,0.0,0.0,0.0,0.0,0.0,1.0,-1.6600849950113638e-05,-7.253635378529225e-38,0.0,0.0,0.0,1.5974373180831215e-27
2026-08-24T01:59:00.455892,10.49,-2.638747605136917e-07,2.154730640314432e-36,0.0,0.0,0.0,0.0,0.0,1.0,-5.2774775769296966e-05,5.739803890486683e-37,0.0,0.0,0.0,7.888618913025833e-28
2026-08-24T01:59:00.475641,10.51,-1.0455413872946492e-06,3.6685332575526797e-36,0.0,0.0,0.0,0.0,0.0,1.0,-0.00020910759903253014,2.321527625902274e-36,0.0,0.0,0.0,5.324808152122016e-28
2026-08-24T01:59:00.494478,10.53,-1.5522288608615312e-07,4.442799986714782e-36,0.0,0.0,0.0,0.0,0.0,1.0,-3.104375142809713e-05,3.181936136317767e-36,0.0,0.0,0.0,1.1832881038130593e-27
2026-08-24T01:59:00.517218,10.55,-2.2067407811668252e-07,3.795413199698693e-36,0.0,0.0,0.0,0.0,0.0,1.0,-4.413458380627318e-05,2.3763767524012303e-36,0.0,0.0,0.0,1.3805041189785181e-27
2026-08-24T01:59:00.535476,10.57,-3.6991237080541984e-07,4.156698995196697e-36,0.0,0.0,0.0,0.0,0.0,1.0,-7.398215312138227e-05,2.7556844822085667e-36,0.0,0.0,0.0,7.099761952015655e-28
2026-08-24T01:59:00.554445,10.59,-1.4713878666355295e-07,3.27207864048571e-36,0.0,0.0,0.0,0.0,0.0,1.0,-2.942741567428931e-05,1.680884626613396e-36,0.0,0.0,0.0,7.099765896093389e-28
2026-08-24T01:59:00.576283,10.61,3.70184500937755e-07,2.71782622021987e-36,0.0,0.0,0.0,0.0,0.0,1.0,7.403683112387198e-05,1.0069065383204587e-36,0.0,0.0,0.0,7.099748146990519e-28
2026-08-24T01:59:00.594740,10.63,-4.030743698254878e-08,4.711723167904717e-36,0.0,0.0,0.0,0.0,0.0,1.0,-8.061735504071293e-06,3.3049926675164445e-36,0.0,0.0,0.0,1.064961827614978e-27
2026-08-24T01:59:00.616615,10.65,1.5501418786335226e-07,4.634392167225193e-36,0.0,0.0,0.0,0.0,0.0,1.0,3.1002773810306466e-05,3.1595105788823806e-36,0.0,0.0,0.0,8.874694058333008e-28
2026-08-24T01:59:00.635304,10.67,2.709303185500041e-07,3.096547850914829e-36,0.0,0.0,0.0,0.0,0.0,1.0,5.418579916993803e-05,1.3187505812644172e-36,0.0,0.0,0.0,3.549909571836008e-28
2026-08-24T01:59:00.654464,10.69,-1.7158476663287627e-07,4.7522196401595615e-36,0.0,0.0,0.0,0.0,0.0,1.0,-3.431704608355576e-05,3.218478557349226e-36,0.0,0.0,0.0,7.099748146901775e-28
2026-08-24T01:59:00.677080,10.71,-9.481226280592088e-07,5.790568228242448e-36,0.0,0.0,0.0,0.0,0.0,1.0,-0.00018962398901116868,4.3706602711844876e-36,0.0,0.0,0.0,3.1554633422095323e-28
2026-08-24T01:59:00.694108,10.73,2.638403937103375e-07,5.019418253136748e-36,0.0,0.0,0.0,0.0,0.0,1.0,5.276863509822009e-05,3.401455346791893e-36,0.0,0.0,0.0,1.5777296989722247e-28
2026-08-24T01:59:00.716213,10.75,7.522153514011928e-08,4.5462046564010956e-36,0.0,0.0,0.0,0.0,0.0,1.0,1.5044113704099196e-05,2.793626377726688e-36,0.0,0.0,0.0,3.1554278438632227e-28
2026-08-24T01:59:00.734657,10.77,-9.311859287159801e-07,3.414659431424811e-36,0.0,0.0,0.0,0.0,0.0,1.0,-0.0001862368333103672,1.4301312513037308e-36,0.0,0.0,0.0,3.1554515093748386e-28
2026-08-24T01:59:00.754659,10.79,-3.8980375884813095e-07,2.0672204348495728e-36,0.0,0.0,0.0,0.0,0.0,1.0,-7.795991061437774e-05,-1.6283958665149258e-37,0.0,0.0,0.0,3.155443620884675e-28
2026-08-24T01:59:00.774947,10.81,-2.701180337228615e-08,1.3838364226487786e-36,0.0,0.0,0.0,0.0,0.0,1.0,-5.402049902295163e-06,-9.588953786770947e-37,0.0,0.0,0.0,3.1554515093748395e-28
2026-08-24T01:59:00.794238,10.83,-1.1070165722059759e-07,2.0817648433208117e-36,0.0,0.0,0.0,0.0,0.0,1.0,-2.2140251887903562e-05,-1.3694524338695755e-37,0.0,0.0,0.0,5.916442984229923e-28
2026-08-24T01:59:00.814422,10.85,1.3897721081386545e-07,3.037947538392219e-36,0.0,0.0,0.0,0.0,0.0,1.0,2.7795469284848964e-05,9.72238606841035e-37,0.0,0.0,0.0,7.888617926713049e-28
2026-08-24T01:59:00.834618,10.870000000000001,5.429656662871895e-07,1.4880415828481416e-36,0.0,0.0,0.0,0.0,0.0,1.0,0.00010859276801370406,-8.486810086110351e-37,0.0,0.0,0.0,5.324828859410168e-28
2026-08-24T01:59:00.854091,10.89,6.210818641539878e-07,1.548373985311304e-36,0.0,0.0,0.0,0.0,0.0,1.0,0.00012421568812273778,-7.693906815693303e-37,0.0,0.0,0.0,1.774947883510807e-28
2026-08-24T01:59:00.875587,10.91,5.29105742281403e-07,1.711904361984998e-36,0.0,0.0,0.0,0.0,0.0,1.0,0.00010582042578774291,-5.71337073513616e-37,0.0,0.0,0.0,1.0649622220262026e-27
2026-08-24T01:59:00.894483,10.93,7.770501588117661e-07,2.311624924534285e-36,0.0,0.0,0.0,0.0,0.0,1.0,0.00015540928437849768,1.3060401870052052e-37,0.0,0.0,0.0,3.54990957188038e-28
2026-08-24T01:59:00.915483,10.95,5.223305589017814e-07,1.9469369782297518e-36,0.0,0.0,0.0,0.0,0.0,1.0,0.0001044652975629686,-2.9933949560524196e-37,0.0,0.0,0.0,7.099748146901775e-28
2026-08-24T01:59:00.934623,10.97,2.961091172897653e-07,2.4096861332891363e-36,0.0,0.0,0.0,0.0,0.0,1.0,5.922130914676389e-05,2.391964007076837e-37,0.0,0.0,0.0,3.5498829481354397e-28
2026-08-24T01:59:00.954432,10.99,6.70939342326567e-07,2.5362472779037505e-36,0.0,0.0,0.0,0.0,0.0,1.0,0.0001341873551890881,3.785409342299807e-37,0.0,0.0,0.0,5.522006615271086e-28
2026-08-24T01:59:00.975266,11.01,-8.011236119778334e-08,3.0540702681870297e-36,0.0,0.0,0.0,0.0,0.0,1.0,-1.6022925725512546e-05,9.704276567701508e-37,0.0,0.0,0.0,2.761026973201392e-28
2026-08-24T01:59:00.994610,11.03,5.444781829108711e-08,3.231661005280088e-36,0.0,0.0,0.0,0.0,0.0,1.0,1.0889580650726103e-05,1.1575405405621016e-36,0.0,0.0,0.0,2.761020070703475e-28
2026-08-24T01:59:01.015527,11.05,-3.3752441575220845e-07,3.756123990996555e-36,0.0,0.0,0.0,0.0,0.0,1.0,-6.750476076460172e-05,1.7448091979607133e-36,0.0,0.0,0.0,4.141526654805273e-28
2026-08-24T01:59:01.035651,11.07,-3.055097819986205e-07,2.9671703153812344e-36,0.0,0.0,0.0,0.0,0.0,1.0,-6.110158662130333e-05,7.962858149325776e-37,0.0,0.0,0.0,3.5498681571413763e-28
2026-08-24T01:59:01.054673,11.09,-1.188510436184375e-07,2.8790787387330954e-36,0.0,0.0,0.0,0.0,0.0,1.0,-2.3769945342776874e-05,6.772463658367846e-37,0.0,0.0,0.0,2.3665827156926676e-28
2026-08-24T01:59:01.077273,11.11,2.960241474532261e-07,2.6905855285499568e-36,0.0,0.0,0.0,0.0,0.0,1.0,5.920478651225501e-05,4.433873694648108e-37,0.0,0.0,0.0,2.3665767992954627e-28
2026-08-24T01:59:01.095245,11.13,-1.1172318079763596e-07,3.596280693076506e-36,0.0,0.0,0.0,0.0,0.0,1.0,-2.234479788170597e-05,1.4849002787303723e-36,0.0,0.0,0.0,1.1832972742291681e-28
2026-08-24T01:59:01.117246,11.15,1.9452832163673397e-07,5.375012916860817e-36,0.0,0.0,0.0,0.0,0.0,1.0,3.8905665947569314e-05,3.5246043824012606e-36,0.0,0.0,0.0,1.1832854414634997e-28
2026-08-24T01:59:01.135524,11.17,3.136914324913903e-07,6.530877615906027e-36,0.0,0.0,0.0,0.0,0.0,1.0,6.273798710629577e-05,4.808094562480979e-36,0.0,0.0,0.0,1.1832972741995864e-28
2026-08-24T01:59:01.156553,11.19,9.573507569748638e-08,6.593061567809613e-36,0.0,0.0,0.0,0.0,0.0,1.0,1.91467332539991e-05,4.8000301356046394e-36,0.0,0.0,0.0,2.9581840216208586e-39
2026-08-24T01:59:01.174925,11.21,-8.27379788176398e-07,6.116948626431339e-36,0.0,0.0,0.0,0.0,0.0,1.0,-0.00016547565999251146,4.1662405052669145e-36,0.0,0.0,0.0,7.395312147133836e-50
2026-08-24T01:59:01.195470,11.23,-6.90900967405601e-07,4.83315418723306e-36,0.0,0.0,0.0,0.0,0.0,1.0,-0.00013817927219398523,2.603540352498957e-36,0.0,0.0,0.0,8.677446291742208e-28
2026-08-24T01:59:01.216865,11.25,-7.127184196419301e-07,4.916763819848235e-36,0.0,0.0,0.0,0.0,0.0,1.0,-0.00014254284349236098,2.654573635463088e-36,0.0,0.0,0.0,6.508091621452973e-28
2026-08-24T01:59:01.236514,11.27,-7.278399500494264e-07,3.1406124251294085e-36,0.0,0.0,0.0,0.0,0.0,1.0,-0.00014556713541731556,5.432493728642163e-37,0.0,0.0,0.0,-1.7749084407616813e-28
2026-08-24T01:59:01.254965,11.29,1.78966345681629e-07,3.62408500845719e-36,0.0,0.0,0.0,0.0,0.0,1.0,3.579371874247962e-05,1.0913734527438446e-36,0.0,0.0,0.0,-1.7749084409687515e-28
2026-08-24T01:59:01.274996,11.31,-1.4878238771636685e-07,3.8248692802728526e-36,0.0,0.0,0.0,0.0,0.0,1.0,-2.975654845698291e-05,1.302293289085659e-36,0.0,0.0,0.0,-1.7749084409684359e-28
2026-08-24T01:59:01.295119,11.33,-1.4607140754456548e-07,4.62370867504261e-36,0.0,0.0,0.0,0.0,0.0,1.0,-2.9214106684500313e-05,2.2049245730527053e-36,0.0,0.0,0.0,5.324823928861882e-28
2026-08-24T01:59:01.315339,11.35,-3.7794687186372834e-07,6.935261508752665e-36,0.0,0.0,0.0,0.0,0.0,1.0,-7.558907416308885e-05,4.8513472886655495e-36,0.0,0.0,0.0,1.242450699580266e-27
2026-08-24T01:59:01.335996,11.37,-3.545743649469172e-07,4.7606203860559356e-36,0.0,0.0,0.0,0.0,0.0,1.0,-7.09144164247817e-05,2.241908727613686e-36,0.0,0.0,0.0,6.508079788811716e-28
2026-08-24T01:59:01.354670,11.39,2.7004696860117517e-08,5.383200104129875e-36,0.0,0.0,0.0,0.0,0.0,1.0,5.401174418358457e-06,2.924480614925459e-36,0.0,0.0,0.0,2.3666034230547745e-28
2026-08-24T01:59:01.376722,11.41,6.512433620709514e-07,6.460683258264288e-36,0.0,0.0,0.0,0.0,0.0,1.0,0.0001302483420290409,4.124870823913859e-36,0.0,0.0,0.0,1.0846733910306187e-33
2026-08-24T01:59:01.393953,11.43,5.027942603726676e-07,7.583264036350902e-36,0.0,0.0,0.0,0.0,0.0,1.0,0.00010055814368657503,5.3585699672409435e-36,0.0,0.0,0.0,4.338724131932444e-28
2026-08-24T01:59:01.416722,11.45,4.402840045934094e-07,9.096119853091118e-36,0.0,0.0,0.0,0.0,0.0,1.0,8.805621156542798e-05,7.026156057476806e-36,0.0,0.0,0.0,3.9442956515636386e-28
2026-08-24T01:59:01.435729,11.47,5.296203755181757e-07,9.36733089285765e-36,0.0,0.0,0.0,0.0,0.0,1.0,0.0001059235223238384,7.224055497094522e-36,0.0,0.0,0.0,3.5498563244003585e-28
2026-08-24T01:59:01.455173,11.49,5.203823296290305e-07,1.0370653778146199e-35,0.0,0.0,0.0,0.0,0.0,1.0,0.00010407584179865634,8.269352166944617e-36,0.0,0.0,0.0,8.874640810121457e-34
2026-08-24T01:59:01.478225,11.51,2.14061851866204e-09,1.0379754101138122e-35,0.0,0.0,0.0,0.0,0.0,1.0,4.277312111381214e-07,8.142261508910432e-36,0.0,0.0,0.0,8.8745520655534e-34
2026-08-24T01:59:01.494918,11.52,-1.9347509309016558e-13,9.809628652485e-36,0.0,0.0,0.0,0.0,0.0,1.0,-1.2921001779927654e-10,7.405765632856604e-36,0.0,0.0,0.0,5.916427207215012e-28
2026-08-24T01:59:01.517878,11.55,1.7528787022665101e-07,8.55315845456748e-36,0.0,0.0,0.0,0.0,0.0,1.0,3.505761185086805e-05,5.758092980053489e-36,0.0,0.0,0.0,3.549885906240577e-28
2026-08-24T01:59:01.534126,11.57,8.969541258260914e-07,8.891943116257368e-36,0.0,0.0,0.0,0.0,0.0,1.0,0.00017939026041960635,6.0527141399307e-36,0.0,0.0,0.0,3.5498829480466947e-28
2026-08-24T01:59:01.554711,11.59,4.823294799200064e-07,7.860844745155552e-36,0.0,0.0,0.0,0.0,0.0,1.0,9.646500072054136e-05,4.7503129714675525e-36,0.0,0.0,0.0,7.099730397796382e-28
2026-08-24T01:59:01.577084,11.61,6.940689558058265e-07,8.933469778915171e-36,0.0,0.0,0.0,0.0,0.0,1.0,0.00013881314244123248,5.913217305607255e-36,0.0,0.0,0.0,7.099748146990518e-28
2026-08-24T01:59:01.594542,11.63,4.431051101307881e-07,8.269193580895657e-36,0.0,0.0,0.0,0.0,0.0,1.0,8.862031288745396e-05,5.038872951113667e-36,0.0,0.0,0.0,1.0649604471291011e-27
2026-08-24T01:59:01.615235,11.65,4.6613514419895436e-07,7.820648824219484e-36,0.0,0.0,0.0,0.0,0.0,1.0,9.322650617881793e-05,4.4288185185998104e-36,0.0,0.0,0.0,7.099765896182133e-28
2026-08-24T01:59:01.636536,11.67,2.0647393395728053e-07,8.218734568681931e-36,0.0,0.0,0.0,0.0,0.0,1.0,4.129435827139375e-05,4.812167549467666e-36,0.0,0.0,0.0,7.099748146989258e-28
2026-08-24T01:59:01.655312,11.69,5.381258721417123e-07,7.72915462945679e-36,0.0,0.0,0.0,0.0,0.0,1.0,0.00010762476631631569,4.1576153933875226e-36,0.0,0.0,0.0,1.0649604471292902e-27
2026-08-24T01:59:01.679856,11.71,2.7889932063885095e-07,7.507005253246014e-36,0.0,0.0,0.0,0.0,0.0,1.0,5.5779340366847285e-05,3.824029477993556e-36,0.0,0.0,0.0,3.54990957188038e-28
2026-08-24T01:59:01.696013,11.73,-5.758207913672013e-08,6.268370159920209e-36,0.0,0.0,0.0,0.0,0.0,1.0,-1.1516581552971652e-05,2.314180972977703e-36,0.0,0.0,0.0,3.549882948046695e-28
2026-08-24T01:59:01.717230,11.75,1.474643292421488e-07,6.398784810109862e-36,0.0,0.0,0.0,0.0,0.0,1.0,2.9492842281509426e-05,2.419204687334645e-36,0.0,0.0,0.0,1.7749281622396219e-28
2026-08-24T01:59:01.738227,11.77,-2.434114431334919e-07,7.149496106849436e-36,0.0,0.0,0.0,0.0,0.0,1.0,-4.86822938634136e-05,3.2434333239315915e-36,0.0,0.0,0.0,5.324784486497947e-28
2026-08-24T01:59:01.754983,11.79,5.969776380841606e-07,6.809563527653029e-36,0.0,0.0,0.0,0.0,0.0,1.0,0.0001193954268938843,2.7870007734226313e-36,0.0,0.0,0.0,3.5498740735396314e-28
2026-08-24T01:59:01.775111,11.81,7.36407401466435e-07,6.605634677115197e-36,0.0,0.0,0.0,0.0,0.0,1.0,0.0001472806895205341,2.4957469818477655e-36,0.0,0.0,0.0,3.5498474498384325e-28
2026-08-24T01:59:01.797309,11.83,7.84591499137591e-07,5.967139285776119e-36,0.0,0.0,0.0,0.0,0.0,1.0,0.00015691738929087505,1.703958552414297e-36,0.0,0.0,0.0,-3.5498474496609433e-28
2026-08-24T01:59:01.816773,11.85,1.4927395923079565e-07,5.579057826622842e-36,0.0,0.0,0.0,0.0,0.0,1.0,2.985413683836275e-05,1.2156651727302707e-36,0.0,0.0,0.0,8.874463320985342e-34
2026-08-24T01:59:01.836423,11.870000000000001,6.814667565859541e-08,4.999827024668565e-36,0.0,0.0,0.0,0.0,0.0,1.0,1.3629187481525135e-05,5.12918742220758e-37,0.0,0.0,0.0,1.5777139219118905e-28
2026-08-24T01:59:01.854140,11.89,-3.517726471513806e-08,4.727802968675878e-36,0.0,0.0,0.0,0.0,0.0,1.0,-7.035482842858794e-06,1.7833706863413113e-37,0.0,0.0,0.0,1.5777139219513322e-28
2026-08-24T01:59:01.876866,11.9,8.704330434354141e-14,5.9372365768590693e-36,0.0,0.0,0.0,0.0,0.0,1.0,3.961704406092786e-12,1.5885283524068754e-36,0.0,0.0,0.0,-3.1554199553330555e-28
2026-08-24T01:59:01.897152,11.93,9.674008670716807e-08,7.362771524157314e-36,0.0,0.0,0.0,0.0,0.0,1.0,1.9347875226219918e-05,3.192321298921005e-36,0.0,0.0,0.0,1.5777139219513318e-28
2026-08-24T01:59:01.915505,11.95,1.2285203829781083e-07,5.360644648087627e-36,0.0,0.0,0.0,0.0,0.0,1.0,2.457029052460546e-05,8.047114635449572e-37,0.0,0.0,0.0,-7.888451282632076e-34
2026-08-24T01:59:01.938062,11.97,3.563539193696541e-07,6.376304351409578e-36,0.0,0.0,0.0,0.0,0.0,1.0,7.127052807190787e-05,1.9620888301450995e-36,0.0,0.0,0.0,-1.5777218104026153e-28
2026-08-24T01:59:01.954494,11.99,2.9857176243028087e-07,7.837464941497132e-36,0.0,0.0,0.0,0.0,0.0,1.0,5.971396069062402e-05,3.618965431854919e-36,0.0,0.0,0.0,1.5776981448909987e-28
2026-08-24T01:59:01.975066,12.01,1.3748688329491338e-07,8.62491920937622e-36,0.0,0.0,0.0,0.0,0.0,1.0,2.7497090726092245e-05,4.466612644201947e-36,0.0,0.0,0.0,1.5777139219513318e-28
2026-08-24T01:59:01.994987,12.03,-5.297426398432312e-07,8.041729292228455e-36,0.0,0.0,0.0,0.0,0.0,1.0,-0.0001059483815218193,3.7077406571233085e-36,0.0,0.0,0.0,1.5777060334608879e-28
2026-08-24T01:59:02.014569,12.05,-4.059432951329643e-07,8.731094835159509e-36,0.0,0.0,0.0,0.0,0.0,1.0,-8.118809421544681e-05,4.439687854297599e-36,0.0,0.0,0.0,1.3804996817123458e-28
2026-08-24T01:59:02.036261,12.07,-3.8923942637958537e-07,8.731655055725381e-36,0.0,0.0,0.0,0.0,0.0,1.0,-7.784740098064291e-05,4.359389228114414e-36,0.0,0.0,0.0,-1.380499681638392e-28
2026-08-24T01:59:02.055050,12.09,1.419220919582182e-07,9.083210725817045e-36,0.0,0.0,0.0,0.0,0.0,1.0,2.8384630478822163e-05,4.688127125038664e-36,0.0,0.0,0.0,-6.902463895921394e-34
2026-08-24T01:59:02.074675,12.11,4.763725520889569e-07,9.81505756560078e-36,0.0,0.0,0.0,0.0,0.0,1.0,9.527415528791566e-05,5.453486707626767e-36,0.0,0.0,0.0,-1.3804927792437655e-28
2026-08-24T01:59:02.096647,12.13,7.257184325174136e-07,1.0315251500383362e-35,0.0,0.0,0.0,0.0,0.0,1.0,0.00014514301645836164,5.9373323093903823e-36,0.0,0.0,0.0,1.3804824256737595e-33
2026-08-24T01:59:02.114957,12.15,8.113372345399339e-07,1.086280409821152e-35,0.0,0.0,0.0,0.0,0.0,1.0,0.0001622665623947444,6.468347318603071e-36,0.0,0.0,0.0,-1.3805065841022877e-28
2026-08-24T01:59:02.135708,12.17,3.42099024477669e-07,1.1237166797888082e-35,0.0,0.0,0.0,0.0,0.0,1.0,6.841904284239628e-05,6.789434444390791e-36,0.0,0.0,0.0,1.18329234382879e-28
2026-08-24T01:59:02.155546,12.19,-7.735934613413054e-08,1.1864363175649398e-35,0.0,0.0,0.0,0.0,0.0,1.0,-1.5472091087752084e-05,7.399018952436502e-36,0.0,0.0,0.0,-2.3665767992067177e-28
2026-08-24T01:59:02.175296,12.21,-5.171435171031222e-07,1.231271526696264e-35,0.0,0.0,0.0,0.0,0.0,1.0,-0.00010342840086088242,7.790817701201305e-36,0.0,0.0,0.0,2.366576799176716e-28
2026-08-24T01:59:02.193919,12.23,-4.926594904312668e-07,1.255525939371867e-35,0.0,0.0,0.0,0.0,0.0,1.0,-9.853129386643125e-05,7.936905198280205e-36,0.0,0.0,0.0,5.916427206822374e-34
2026-08-24T01:59:02.215380,12.25,2.026000888592901e-07,1.2637868035464547e-35,0.0,0.0,0.0,0.0,0.0,1.0,4.052030184655159e-05,7.894461654221252e-36,0.0,0.0,0.0,-5.916368043328587e-34
2026-08-24T01:59:02.234527,12.27,-4.7326928499380083e-07,1.4084820346624525e-35,0.0,0.0,0.0,0.0,0.0,1.0,-9.465376385898823e-05,9.438011358963883e-36,0.0,0.0,0.0,-1.1832913578021716e-28
2026-08-24T01:59:02.255001,12.29,-5.149786024898232e-07,1.4151732663676233e-35,0.0,0.0,0.0,0.0,0.0,1.0,-0.00010299515607004481,9.352898914245495e-36,0.0,0.0,0.0,-1.1832736087276225e-28
2026-08-24T01:59:02.276269,12.31,-9.047087295931487e-09,1.2937689018485915e-35,0.0,0.0,0.0,0.0,0.0,1.0,-1.8090452462611843e-06,7.779954337866987e-36,0.0,0.0,0.0,1.1832854414043364e-28
2026-08-24T01:59:02.296755,12.34,7.6104859759159e-13,1.4608301886478842e-35,0.0,0.0,0.0,0.0,0.0,1.0,3.732191738818613e-10,9.499745412038052e-36,0.0,0.0,0.0,-9.860771175333934e-29
2026-08-24T01:59:02.315411,12.35,-7.084618277924921e-08,1.470343991510296e-35,0.0,0.0,0.0,0.0,0.0,1.0,-1.4169466087594226e-05,9.52786031125029e-36,0.0,0.0,0.0,-1.9721374721081614e-28
2026-08-24T01:59:02.334483,12.37,-2.6899232600514805e-07,1.558797031899012e-35,0.0,0.0,0.0,0.0,0.0,1.0,-5.379829003740528e-05,1.0389986619296341e-35,0.0,0.0,0.0,1.4790870806493649e-33
2026-08-24T01:59:02.353937,12.39,1.397306059189614e-07,1.6470383415720696e-35,0.0,0.0,0.0,0.0,0.0,1.0,2.7946231115515926e-05,1.1235600360077535e-35,0.0,0.0,0.0,-4.9303067025869825e-34
2026-08-24T01:59:02.376798,12.41,4.588670279637441e-07,1.755861638030463e-35,0.0,0.0,0.0,0.0,0.0,1.0,9.177309225440934e-05,1.230658654669929e-35,0.0,0.0,0.0,-9.860662708882286e-29
2026-08-24T01:59:02.397100,12.43,2.262718079215931e-07,1.805958779680178e-35,0.0,0.0,0.0,0.0,0.0,1.0,4.5253922873946685e-05,1.267760155910642e-35,0.0,0.0,0.0,9.860613405568739e-29
2026-08-24T01:59:02.414472,12.45,2.4005506681207176e-07,1.8666399025655885e-35,0.0,0.0,0.0,0.0,0.0,1.0,4.80107370787495e-05,1.316519587336017e-35,0.0,0.0,0.0,9.860761315264606e-29
2026-08-24T01:59:02.435124,12.47,5.5414625372275176e-08,1.9481212010489129e-35,0.0,0.0,0.0,0.0,0.0,1.0,1.1082745930708552e-05,1.388624411523532e-35,0.0,0.0,0.0,9.860712012195828e-29
2026-08-24T01:59:02.455914,12.49,-1.7516283826919802e-07,2.0933905735172424e-35,0.0,0.0,0.0,0.0,0.0,1.0,-3.5032536701368e-05,1.5336645860874088e-35,0.0,0.0,0.0,9.860712012195827e-29
2026-08-24T01:59:02.475519,12.51,-4.3856132122879784e-07,2.1097334919967614e-35,0.0,0.0,0.0,0.0,0.0,1.0,-8.771192004233732e-05,1.526506231889524e-35,0.0,0.0,0.0,9.860712012195827e-29
2026-08-24T01:59:02.494037,12.53,-2.1852627271724877e-07,2.2506450164399936e-35,0.0,0.0,0.0,0.0,0.0,1.0,-4.370485901758173e-05,1.6641659539657146e-35,0.0,0.0,0.0,9.860712012197578e-29
2026-08-24T01:59:02.514775,12.55,3.992734785181395e-07,2.1586738671791035e-35,0.0,0.0,0.0,0.0,0.0,1.0,7.985466375248526e-05,1.5289170504690908e-35,0.0,0.0,0.0,9.860810618329888e-29
2026-08-24T01:59:02.534766,12.57,2.2994075385252141e-07,2.076898544417362e-35,0.0,0.0,0.0,0.0,0.0,1.0,4.5987735130892526e-05,1.4075792238190958e-35,0.0,0.0,0.0,2.958213603609446e-28
2026-08-24T01:59:02.555795,12.59,-4.068525263506476e-09,1.9040897599833638e-35,0.0,0.0,0.0,0.0,0.0,1.0,-8.138671196061569e-07,1.1822897892811045e-35,0.0,0.0,0.0,9.860712012688853e-29
2026-08-24T01:59:02.576270,12.61,-2.2354831295144734e-07,1.787181087557679e-35,0.0,0.0,0.0,0.0,0.0,1.0,-4.470954643774611e-05,1.0254692932667191e-35,0.0,0.0,0.0,1.9721522630282702e-28
2026-08-24T01:59:02.594621,12.63,3.539105779066101e-07,1.503214174347458e-35,0.0,0.0,0.0,0.0,0.0,1.0,7.078211876457074e-05,6.76921051457183e-36,0.0,0.0,0.0,9.86066270890755e-34
2026-08-24T01:59:02.614801,12.65,3.329407819528395e-10,1.4685420447308778e-35,0.0,0.0,0.0,0.0,0.0,1.0,6.632092988451046e-08,6.235806126470921e-36,0.0,0.0,0.0,1.577717866157253e-28
2026-08-24T01:59:02.638597,12.67,1.9010504445597684e-07,1.5314244045943407e-35,0.0,0.0,0.0,0.0,0.0,1.0,3.8020933427713804e-05,6.844434023759106e-36,0.0,0.0,0.0,2.3665827156433648e-28
2026-08-24T01:59:02.654166,12.69,4.769053543567836e-07,1.491197934952162e-35,0.0,0.0,0.0,0.0,0.0,1.0,9.53807034671592e-05,6.244912997943493e-36,0.0,0.0,0.0,1.7749340785783987e-28
2026-08-24T01:59:02.675699,12.71,4.6186189184184096e-07,1.6028803887640956e-35,0.0,0.0,0.0,0.0,0.0,1.0,9.237181520619091e-05,7.42018737351381e-36,0.0,0.0,0.0,1.1832913578463338e-28
2026-08-24T01:59:02.695612,12.73,1.3088497717708528e-07,1.4021301821720523e-35,0.0,0.0,0.0,0.0,0.0,1.0,2.6176615723774905e-05,4.945547500859908e-36,0.0,0.0,0.0,1.1832883996475213e-28
2026-08-24T01:59:02.716094,12.75,-3.6352676368833824e-07,1.4234443595530049e-35,0.0,0.0,0.0,0.0,0.0,1.0,-7.27052938625501e-05,5.090689496531576e-36,0.0,0.0,0.0,5.916486371145841e-29
2026-08-24T01:59:02.735682,12.77,1.9234680095215877e-07,1.475493328749159e-35,0.0,0.0,0.0,0.0,0.0,1.0,3.846953349255162e-05,5.590649460103703e-36,0.0,0.0,0.0,1.7749281621659826e-28
2026-08-24T01:59:02.755041,12.79,1.7354067334253863e-07,1.521539035406553e-35,0.0,0.0,0.0,0.0,0.0,1.0,3.4707928927598876e-05,6.012831145916469e-36,0.0,0.0,0.0,5.916427207614362e-29
2026-08-24T01:59:02.775543,12.81,1.4650173808747516e-07,1.6467232246235193e-35,0.0,0.0,0.0,0.0,0.0,1.0,2.930015062384165e-05,7.347973137481749e-36,0.0,0.0,0.0,2.3665767992506696e-28
2026-08-24T01:59:02.794500,12.83,2.0128323254515253e-07,1.8637001734762402e-35,0.0,0.0,0.0,0.0,0.0,1.0,4.025645405045719e-05,9.72868564209669e-36,0.0,0.0,0.0,1.1832972742291681e-28
2026-08-24T01:59:02.815694,12.85,4.705631540333181e-08,2.024678688742401e-35,0.0,0.0,0.0,0.0,0.0,1.0,9.411095618559703e-06,1.1420698925938925e-35,0.0,0.0,0.0,1.183294316015775e-28
2026-08-24T01:59:02.837136,12.870000000000001,-9.137219545044518e-08,2.0074633232223884e-35,0.0,0.0,0.0,0.0,0.0,1.0,-1.8274444488675374e-05,1.1014591122654928e-35,0.0,0.0,0.0,1.5777287128615809e-28
2026-08-24T01:59:02.854688,12.89,-4.8727147444521846e-08,2.1890301787049628e-35,0.0,0.0,0.0,0.0,0.0,1.0,-9.745330540773377e-06,1.2924748947855485e-35,0.0,0.0,0.0,-1.9721424019954385e-29
2026-08-24T01:59:02.875157,12.91,7.615951215469682e-08,2.1396561524693037e-35,0.0,0.0,0.0,0.0,0.0,1.0,1.5231894997941461e-05,1.2120232823824603e-35,0.0,0.0,0.0,3.944240432189485e-34
2026-08-24T01:59:02.894407,12.93,-3.165867980951756e-07,2.3873998242946324e-35,0.0,0.0,0.0,0.0,0.0,1.0,-6.331726025033362e-05,1.4781081833456662e-35,0.0,0.0,0.0,9.86040387168891e-45
2026-08-24T01:59:02.915107,12.95,5.367981788659734e-07,2.481486923182502e-35,0.0,0.0,0.0,0.0,0.0,1.0,0.00010735961570417695,1.5613545461697237e-35,0.0,0.0,0.0,5.916427207170639e-29
2026-08-24T01:59:02.934729,12.97,2.8743029676218014e-08,2.258873069919696e-35,0.0,0.0,0.0,0.0,0.0,1.0,5.748189044964605e-06,1.275145623238688e-35,0.0,0.0,0.0,7.888569609707359e-29
2026-08-24T01:59:02.955550,12.99,-2.319891143495562e-07,2.211408728141574e-35,0.0,0.0,0.0,0.0,0.0,1.0,-4.6397765056778125e-05,1.1969592761091415e-35,0.0,0.0,0.0,1.183275580840233e-28
2026-08-24T01:59:02.975104,13.01,2.679078066518871e-07,2.1519011519449518e-35,0.0,0.0,0.0,0.0,0.0,1.0,5.3581589757753085e-05,1.1059627419380808e-35,0.0,0.0,0.0,-2.7609993633162262e-28
2026-08-24T01:59:02.993891,13.03,2.918775526915271e-07,2.1237226832201915e-35,0.0,0.0,0.0,0.0,0.0,1.0,5.837518578216544e-05,1.0527716346363435e-35,0.0,0.0,0.0,7.88842170110939e-34
2026-08-24T01:59:03.015821,13.05,-1.2382754084964677e-07,2.0683893783438019e-35,0.0,0.0,0.0,0.0,0.0,1.0,-2.476567627562938e-05,9.688221836229967e-36,0.0,0.0,0.0,-9.860613405846588e-34
2026-08-24T01:59:03.036741,13.07,-3.16058780371645e-07,1.987371155692942e-35,0.0,0.0,0.0,0.0,0.0,1.0,-6.321154015353689e-05,8.563124514443082e-36,0.0,0.0,0.0,-2.169356642628849e-28
2026-08-24T01:59:03.054582,13.09,-1.7153133517514095e-07,2.0219878990011102e-35,0.0,0.0,0.0,0.0,0.0,1.0,-3.430595554265098e-05,8.799441366211186e-36,0.0,0.0,0.0,-2.169356642683082e-28
2026-08-24T01:59:03.077034,13.11,-9.534389221675704e-08,2.1713097435084717e-35,0.0,0.0,0.0,0.0,0.0,1.0,-1.9068610633802055e-05,1.0364900521191663e-35,0.0,0.0,0.0,-2.1693566426834675e-28
2026-08-24T01:59:03.094469,13.13,1.9570770516293474e-07,2.02458940367888e-35,0.0,0.0,0.0,0.0,0.0,1.0,3.9141540017968754e-05,8.4646757632469e-36,0.0,0.0,0.0,-2.169356642683082e-28
2026-08-24T01:59:03.116079,13.15,-1.9390505701030223e-07,1.9676688237803632e-35,0.0,0.0,0.0,0.0,0.0,1.0,-3.878106053597191e-05,7.63782939657302e-36,0.0,0.0,0.0,-2.169356642683082e-28
2026-08-24T01:59:03.135366,13.17,4.538953147612888e-07,2.0060613534701362e-35,0.0,0.0,0.0,0.0,0.0,1.0,9.077898567914397e-05,7.931572636306877e-36,0.0,0.0,0.0,-2.169356642683082e-28
2026-08-24T01:59:03.154644,13.19,-1.517385823219173e-08,1.7916964730744672e-35,0.0,0.0,0.0,0.0,0.0,1.0,-3.035082096265435e-06,5.282879716751793e-36,0.0,0.0,0.0,-2.1693566426834675e-28
2026-08-24T01:59:03.176575,13.21,-2.65854544533224e-08,1.7988904873997902e-35,0.0,0.0,0.0,0.0,0.0,1.0,-5.31708129460831e-06,5.250877217463105e-36,0.0,0.0,0.0,-1.0846728979529255e-33
2026-08-24T01:59:03.194155,13.23,1.4064629317694426e-07,1.743833539633477e-35,0.0,0.0,0.0,0.0,0.0,1.0,2.8129191786241606e-05,4.495832381926055e-36,0.0,0.0,0.0,-2.169356642628849e-28
2026-08-24T01:59:03.214702,13.25,-7.862183971482185e-07,1.5303333705054828e-35,0.0,0.0,0.0,0.0,0.0,1.0,-0.00015724342822974772,1.9112142260071115e-36,0.0,0.0,0.0,-1.0846728979529255e-33
2026-08-24T01:59:03.235233,13.27,-1.023866963300747e-06,1.4807330658517256e-35,0.0,0.0,0.0,0.0,0.0,1.0,-0.00020477233802977744,1.2723415543066722e-36,0.0,0.0,0.0,-1.08466747468124e-33
2026-08-24T01:59:03.254794,13.29,-3.244846897740263e-07,1.6424821299557502e-35,0.0,0.0,0.0,0.0,0.0,1.0,-6.489602000905466e-05,3.10005667272402e-36,0.0,0.0,0.0,-4.338724131933215e-28
2026-08-24T01:59:03.276612,13.31,-6.968518497825252e-08,1.6711091909785161e-35,0.0,0.0,0.0,0.0,0.0,1.0,-1.3936763344433396e-05,3.351863891812071e-36,0.0,0.0,0.0,-6.508069927995014e-28
2026-08-24T01:59:03.294249,13.33,-3.306598961449583e-07,1.6672882285021225e-35,0.0,0.0,0.0,0.0,0.0,1.0,-6.613178017754241e-05,3.222637277621551e-36,0.0,0.0,0.0,-1.0846837444962964e-33
2026-08-24T01:59:03.314010,13.35,-5.549820714342012e-07,1.6136009726387717e-35,0.0,0.0,0.0,0.0,0.0,1.0,-0.00011099591489806252,2.515949101581303e-36,0.0,0.0,0.0,-1.08466747468124e-33
2026-08-24T01:59:03.339822,13.37,-4.379866272811399e-07,1.614630615715882e-35,0.0,0.0,0.0,0.0,0.0,1.0,-8.75967191576545e-05,2.456427501018586e-36,0.0,0.0,0.0,-1.08466747468124e-33
2026-08-24T01:59:03.354099,13.39,-1.429436418153235e-07,1.611381933555119e-35,0.0,0.0,0.0,0.0,0.0,1.0,-2.8588324289420524e-05,2.348221329961949e-36,0.0,0.0,0.0,-1.08466747468124e-33
2026-08-24T01:59:03.377063,13.41,3.445270259025809e-08,1.8175827270925835e-35,0.0,0.0,0.0,0.0,0.0,1.0,6.890639767821189e-06,4.676095113664883e-36,0.0,0.0,0.0,-1.08466747468124e-33
2026-08-24T01:59:03.394456,13.43,2.3410024813574916e-07,1.84539903337305e-35,0.0,0.0,0.0,0.0,0.0,1.0,4.681989891951979e-05,4.894036319648354e-36,0.0,0.0,0.0,9.86061340562238e-34
2026-08-24T01:59:03.414850,13.45,-2.64446453449103e-07,1.8528155683175644e-35,0.0,0.0,0.0,0.0,0.0,1.0,-5.288934975737242e-05,4.871415060209973e-36,0.0,0.0,0.0,2.3665600361935097e-28
2026-08-24T01:59:03.437166,13.47,1.1116510088192247e-07,2.086995520982229e-35,0.0,0.0,0.0,0.0,0.0,1.0,2.2233169824535052e-05,7.484609351645329e-36,0.0,0.0,0.0,-1.9721424023307e-28
2026-08-24T01:59:03.455219,13.49,-1.7355971377287616e-07,2.023367823400522e-35,0.0,0.0,0.0,0.0,0.0,1.0,-3.471196522790025e-05,6.595254920455056e-36,0.0,0.0,0.0,2.1693566425795463e-28
2026-08-24T01:59:03.474459,13.51,1.3609695600164473e-07,1.9775737804142198e-35,0.0,0.0,0.0,0.0,0.0,1.0,2.721946910739787e-05,5.927050559912657e-36,0.0,0.0,0.0,-4.338701452467378e-28
2026-08-24T01:59:03.497653,13.53,-1.4476273552261922e-07,2.0322408498886798e-35,0.0,0.0,0.0,0.0,0.0,1.0,-2.8952591080711953e-05,6.436864698747236e-36,0.0,0.0,0.0,2.366581729434537e-28
2026-08-24T01:59:03.514388,13.55,-3.7002720668724406e-08,2.0908883432145572e-35,0.0,0.0,0.0,0.0,0.0,1.0,-7.4003969388445495e-06,6.984785827070952e-36,0.0,0.0,0.0,-1.7749044967613012e-33
2026-08-24T01:59:03.538351,13.57,8.44651929872377e-08,2.290586606969171e-35,0.0,0.0,0.0,0.0,0.0,1.0,1.6893032095687127e-05,9.1632457188584e-36,0.0,0.0,0.0,2.1693566426288487e-28
2026-08-24T01:59:03.554425,13.59,5.973214537207942e-07,2.339312381187301e-35,0.0,0.0,0.0,0.0,0.0,1.0,0.00011946397914403331,9.552468994307529e-36,0.0,0.0,0.0,4.733120072440412e-28
2026-08-24T01:59:03.576024,13.61,7.56259648001948e-07,2.4689026854455403e-35,0.0,0.0,0.0,0.0,0.0,1.0,0.00015125115557930395,1.0875092581075004e-35,0.0,0.0,0.0,1.1832563529030498e-38
2026-08-24T01:59:03.594507,13.63,5.84475450321147e-07,2.474241959444695e-35,0.0,0.0,0.0,0.0,0.0,1.0,0.00011689426109748515,1.0732436613480409e-35,0.0,0.0,0.0,2.169345795954103e-28
2026-08-24T01:59:03.615731,13.65,-9.63268450923406e-08,2.6915945127753423e-35,0.0,0.0,0.0,0.0,0.0,1.0,-1.92657411291397e-05,1.3055741062647188e-35,0.0,0.0,0.0,-9.860559173353941e-34
2026-08-24T01:59:03.634339,13.67,-1.3697634347516158e-07,2.795234050312421e-35,0.0,0.0,0.0,0.0,0.0,1.0,-2.7395150087930383e-05,1.4020354884373906e-35,0.0,0.0,0.0,-3.9442631114302337e-28
2026-08-24T01:59:03.655070,13.69,-2.7527177164154537e-07,2.931196717135511e-35,0.0,0.0,0.0,0.0,0.0,1.0,-5.5054096658616426e-05,1.53449026796918e-35,0.0,0.0,0.0,2.169367489205377e-28
2026-08-24T01:59:03.675771,13.71,2.671746134722894e-07,2.9006278109584066e-35,0.0,0.0,0.0,0.0,0.0,1.0,5.34349839193024e-05,1.4712508045420635e-35,0.0,0.0,0.0,-1.9721172578976322e-33
2026-08-24T01:59:03.696074,13.73,5.122473276644042e-07,3.1985733403752194e-35,0.0,0.0,0.0,0.0,0.0,1.0,0.00010244901656069648,1.7907584729212002e-35,0.0,0.0,0.0,-2.169344809892762e-28
2026-08-24T01:59:03.715530,13.75,8.741452606906244e-07,3.2514150407458154e-35,0.0,0.0,0.0,0.0,0.0,1.0,0.0001748282624036029,1.820292297346653e-35,0.0,0.0,0.0,-1.972131555769349e-28
2026-08-24T01:59:03.734961,13.77,2.1533117690054453e-07,3.5150419944672336e-35,0.0,0.0,0.0,0.0,0.0,1.0,4.3065492480055734e-05,2.094265151629466e-35,0.0,0.0,0.0,-2.1693457960037894e-28
2026-08-24T01:59:03.756154,13.79,-8.830932751647323e-08,3.6701673228787023e-35,0.0,0.0,0.0,0.0,0.0,1.0,-1.7661965340361388e-05,2.2377278968455902e-35,0.0,0.0,0.0,1.183268185483715e-33
2026-08-24T01:59:03.775310,13.81,-1.4006004382149167e-07,3.7698378460949797e-35,0.0,0.0,0.0,0.0,0.0,1.0,-2.8011890938794576e-05,2.3143819358678598e-35,0.0,0.0,0.0,2.958111301282224e-44
2026-08-24T01:59:03.797392,13.83,-4.5842252776919857e-07,3.810992059391344e-35,0.0,0.0,0.0,0.0,0.0,1.0,-9.16841849640572e-05,2.321718317574149e-35,0.0,0.0,0.0,7.395130350131543e-55
2026-08-24T01:59:03.815010,13.85,-4.264193023748868e-07,3.8586881268446785e-35,0.0,0.0,0.0,0.0,0.0,1.0,-8.52833094729487e-05,2.3364417684555584e-35,0.0,0.0,0.0,2.1693566426292348e-28
2026-08-24T01:59:03.834986,13.870000000000001,1.972309855832809e-07,3.688779217638127e-35,0.0,0.0,0.0,0.0,0.0,1.0,3.9446429042967855e-05,2.0979273130819832e-35,0.0,0.0,0.0,2.1693349493335878e-28
2026-08-24T01:59:03.854618,13.89,6.641468199478686e-07,3.6340082659577204e-35,0.0,0.0,0.0,0.0,0.0,1.0,0.00013282891617430744,1.9969010319424587e-35,0.0,0.0,0.0,5.423228908573188e-39
2026-08-24T01:59:03.875601,13.91,3.5035614730206097e-07,3.868321078602797e-35,0.0,0.0,0.0,0.0,0.0,1.0,7.007057275981009e-05,2.23336642644598e-35,0.0,0.0,0.0,2.1693457959541028e-28
2026-08-24T01:59:03.894131,13.93,2.3715082673125949e-07,3.8418178698959316e-35,0.0,0.0,0.0,0.0,0.0,1.0,4.7429800766721184e-05,2.1628866222352496e-35,0.0,0.0,0.0,5.423256024348489e-39
2026-08-24T01:59:03.915086,13.95,3.9236279383743397e-07,4.0269107057218026e-35,0.0,0.0,0.0,0.0,0.0,1.0,7.847219475130521e-05,2.3393511259888204e-35,0.0,0.0,0.0,2.3665600361935097e-28
2026-08-24T01:59:03.935879,13.97,5.319321192151508e-07,4.117092740536723e-35,0.0,0.0,0.0,0.0,0.0,1.0,0.00010638589073136905,2.402630109997685e-35,0.0,0.0,0.0,5.916281764515249e-39
2026-08-24T01:59:03.954097,13.99,-4.993834654700556e-07,4.1600582128060697e-35,0.0,0.0,0.0,0.0,0.0,1.0,-9.987683917791454e-05,2.409935662532068e-35,0.0,0.0,0.0,2.366560036193089e-28
2026-08-24T01:59:03.975983,14.01,2.3654721118469549e-07,4.0910795281868974e-35,0.0,0.0,0.0,0.0,0.0,1.0,4.730972485036234e-05,2.286922289153998e-35,0.0,0.0,0.0,2.169345796013265e-28
2026-08-24T01:59:03.994538,14.03,4.030067769235107e-07,4.4201502797795585e-35,0.0,0.0,0.0,0.0,0.0,1.0,8.060100106757362e-05,2.628377323541463e-35,0.0,0.0,0.0,5.423256024519546e-39
2026-08-24T01:59:04.015715,14.05,6.965424331711568e-07,4.61057479672572e-35,0.0,0.0,0.0,0.0,0.0,1.0,0.00013930786757200978,2.8032032353511664e-35,0.0,0.0,0.0,2.1693457959541028e-28
2026-08-24T01:59:04.037888,14.07,5.718353064517887e-07,4.4927195357934423e-35,0.0,0.0,0.0,0.0,0.0,1.0,0.00011436628990081135,2.6168648603504897e-35,0.0,0.0,0.0,5.423256024348489e-39
2026-08-24T01:59:04.054095,14.09,-1.998301111769175e-08,4.772069966787984e-35,0.0,0.0,0.0,0.0,0.0,1.0,-3.997034071732885e-06,2.894996011680989e-35,0.0,0.0,0.0,2.1693349492793555e-28
2026-08-24T01:59:04.075399,14.11,-4.0886632970923154e-07,4.900510348467181e-35,0.0,0.0,0.0,0.0,0.0,1.0,-8.177306898590094e-05,2.993230173670699e-35,0.0,0.0,0.0,5.423228908231074e-39
2026-08-24T01:59:04.094440,14.13,-6.615960557600457e-07,4.890226484104221e-35,0.0,0.0,0.0,0.0,0.0,1.0,-0.00013231860878365207,2.9285601968657653e-35,0.0,0.0,0.0,2.3665708828678355e-28
2026-08-24T01:59:04.114224,14.15,3.992068015610608e-07,5.033254131798662e-35,0.0,0.0,0.0,0.0,0.0,1.0,7.984167718439768e-05,3.042968324376462e-35,0.0,0.0,0.0,5.916308880632664e-39
2026-08-24T01:59:04.135253,14.17,4.4874805744648434e-07,5.137385366797096e-35,0.0,0.0,0.0,0.0,0.0,1.0,8.974914852007902e-05,3.1102386894783587e-35,0.0,0.0,0.0,2.366560036193089e-28
2026-08-24T01:59:04.154050,14.19,5.215821355951094e-07,4.975647162885106e-35,0.0,0.0,0.0,0.0,0.0,1.0,0.00010431583920301438,2.8673180984760585e-35,0.0,0.0,0.0,5.916281764515249e-39
2026-08-24T01:59:04.175841,14.21,8.450282556761126e-09,4.86120426876663e-35,0.0,0.0,0.0,0.0,0.0,1.0,1.689685773751347e-06,2.683076412210541e-35,0.0,0.0,0.0,2.366560036193089e-28
2026-08-24T01:59:04.194437,14.23,8.106313162162932e-08,5.248659411323807e-35,0.0,0.0,0.0,0.0,0.0,1.0,1.6212555311347642e-05,3.084949786631966e-35,0.0,0.0,0.0,2.366560036252252e-28
2026-08-24T01:59:04.214150,14.25,5.09711231851748e-07,5.194868139558086e-35,0.0,0.0,0.0,0.0,0.0,1.0,0.00010194195814012077,2.967536445563445e-35,0.0,0.0,0.0,2.366549189577505e-28
2026-08-24T01:59:04.235637,14.27,3.5731120063097753e-07,5.154234752932397e-35,0.0,0.0,0.0,0.0,0.0,1.0,7.146169774739235e-05,2.8671459456889156e-35,0.0,0.0,0.0,5.916254648397834e-39
2026-08-24T01:59:04.254532,14.29,5.2045827621193e-07,5.352996990462992e-35,0.0,0.0,0.0,0.0,0.0,1.0,0.00010409116588409699,3.046455209169745e-35,0.0,0.0,0.0,-2.1693566426292348e-28
2026-08-24T01:59:04.275079,14.31,2.491637461156512e-07,5.17756058154933e-35,0.0,0.0,0.0,0.0,0.0,1.0,4.9832245936100566e-05,2.78791427815559e-35,0.0,0.0,0.0,-4.33871328531193e-28
2026-08-24T01:59:04.296285,14.32,-2.2335126959545934e-14,5.122149231916642e-35,0.0,0.0,0.0,0.0,0.0,1.0,-1.0541145137303539e-10,2.697448334809323e-35,0.0,0.0,0.0,2.1693349492793564e-28
2026-08-24T01:59:04.315964,14.35,4.409552853717583e-07,5.227568387218392e-35,0.0,0.0,0.0,0.0,0.0,1.0,8.819100363582073e-05,2.745896535179249e-35,0.0,0.0,0.0,-2.169356642683467e-28
2026-08-24T01:59:04.335508,14.37,5.522918127011219e-07,5.266729722184194e-35,0.0,0.0,0.0,0.0,0.0,1.0,0.00011045774686337148,2.74119068444254e-35,0.0,0.0,0.0,-2.1693566426834675e-28
2026-08-24T01:59:04.354971,14.39,-1.0393442119139146e-07,5.324018632699306e-35,0.0,0.0,0.0,0.0,0.0,1.0,-2.0787230237794944e-05,2.75752524707424e-35,0.0,0.0,0.0,-2.169356642683082e-28
2026-08-24T01:59:04.375027,14.41,-1.1181293460409e-07,5.168385120855166e-35,0.0,0.0,0.0,0.0,0.0,1.0,-2.2362444537167677e-05,2.526036955393084e-35,0.0,0.0,0.0,-2.169356642683082e-28
2026-08-24T01:59:04.394572,14.43,-3.4161424544079377e-07,5.086160460708934e-35,0.0,0.0,0.0,0.0,0.0,1.0,-6.832260701560529e-05,2.383425556141117e-35,0.0,0.0,0.0,2.1693566425750016e-28
2026-08-24T01:59:04.415163,14.45,2.2605355645420556e-07,4.956057423582544e-35,0.0,0.0,0.0,0.0,0.0,1.0,4.5210845424816304e-05,2.1873364234670158e-35,0.0,0.0,0.0,-1.084662051364713e-33
2026-08-24T01:59:04.434766,14.46,3.196875338613487e-13,4.832603162518394e-35,0.0,0.0,0.0,0.0,0.0,1.0,1.4972799601839377e-10,2.0216120148081876e-35,0.0,0.0,0.0,-2.366570882922068e-28
2026-08-24T01:59:04.454722,14.49,2.1378675111908323e-07,4.8134198601806894e-35,0.0,0.0,0.0,0.0,0.0,1.0,4.275724722550519e-05,1.9403344503869755e-35,0.0,0.0,0.0,-1.1832736087554005e-33
2026-08-24T01:59:04.475015,14.5,1.502025032285201e-13,4.604902053325073e-35,0.0,0.0,0.0,0.0,0.0,1.0,7.279229665457043e-11,1.676870292399741e-35,0.0,0.0,0.0,-3.944284804838889e-28
2026-08-24T01:59:04.494198,14.53,-3.1564419627103425e-08,4.5503348145948274e-35,0.0,0.0,0.0,0.0,0.0,1.0,-6.31281806044256e-06,1.5624889035437545e-35,0.0,0.0,0.0,-1.0846674747260816e-33
2026-08-24T01:59:04.514657,14.55,3.693905615736632e-07,4.669110780551445e-35,0.0,0.0,0.0,0.0,0.0,1.0,7.387795930259871e-05,1.6683400181409418e-35,0.0,0.0,0.0,-1.08466747468124e-33
2026-08-24T01:59:04.538571,14.57,1.439311757816417e-07,4.5262219663383683e-35,0.0,0.0,0.0,0.0,0.0,1.0,2.8785922427611843e-05,1.4683733810057755e-35,0.0,0.0,0.0,-1.77491041311068e-33
2026-08-24T01:59:04.554744,14.59,1.852549793287663e-08,4.668507316248054e-35,0.0,0.0,0.0,0.0,0.0,1.0,3.705006308911678e-06,1.6029683081146468e-35,0.0,0.0,0.0,2.169336921402037e-28
2026-08-24T01:59:04.575445,14.61,3.309542689584748e-07,4.733809249459039e-35,0.0,0.0,0.0,0.0,0.0,1.0,6.61907130353479e-05,1.6459375585951644e-35,0.0,0.0,0.0,2.169336921456655e-28
2026-08-24T01:59:04.594861,14.62,5.960223266254458e-13,5.00614394601079e-35,0.0,0.0,0.0,0.0,0.0,1.0,2.703285118642096e-10,1.9480048495927412e-35,0.0,0.0,0.0,-3.944273958204285e-28
2026-08-24T01:59:04.614769,14.65,4.262275547076125e-07,5.125169104310572e-35,0.0,0.0,0.0,0.0,0.0,1.0,8.524498583509678e-05,2.0286417439727273e-35,0.0,0.0,0.0,-1.9721424023898634e-28
2026-08-24T01:59:04.636033,14.67,9.466656863694184e-07,5.818787200570867e-35,0.0,0.0,0.0,0.0,0.0,1.0,0.0001893323812544268,2.795003666502791e-35,0.0,0.0,0.0,-1.0846724049200738e-33
2026-08-24T01:59:04.654476,14.69,2.1513871755529798e-07,6.154810059141156e-35,0.0,0.0,0.0,0.0,0.0,1.0,4.3026962647193205e-05,3.1335851916904704e-35,0.0,0.0,0.0,2.1693457959544875e-28
2026-08-24T01:59:04.675291,14.71,1.0176244618067438e-07,6.165044627524128e-35,0.0,0.0,0.0,0.0,0.0,1.0,2.0352270210362296e-05,3.0880758388443375e-35,0.0,0.0,0.0,-1.9721522629490363e-28
2026-08-24T01:59:04.695763,14.73,8.802242360423151e-07,6.556949673139993e-35,0.0,0.0,0.0,0.0,0.0,1.0,0.0001760443658064729,3.4867562878406587e-35,0.0,0.0,0.0,-4.930282051314976e-39
2026-08-24T01:59:04.714684,14.75,1.186884089536347e-07,6.719049639460723e-35,0.0,0.0,0.0,0.0,0.0,1.0,2.3736983046739624e-05,3.6119344998089345e-35,0.0,0.0,0.0,-9.860613406070796e-34
2026-08-24T01:59:04.734370,14.77,-7.399894745042643e-07,6.802310775575344e-35,0.0,0.0,0.0,0.0,0.0,1.0,-0.00014799766233076985,3.6433707795272675e-35,0.0,0.0,0.0,-9.860613406295004e-34
2026-08-24T01:59:04.754445,14.79,-2.993902034460009e-07,6.536562827529743e-35,0.0,0.0,0.0,0.0,0.0,1.0,-5.987737571555559e-05,3.268543556004499e-35,0.0,0.0,0.0,-1.9721522630036193e-28
2026-08-24T01:59:04.778275,14.81,-4.535349791838736e-07,6.486266100624886e-35,0.0,0.0,0.0,0.0,0.0,1.0,-9.07065590296711e-05,3.149905649566774e-35,0.0,0.0,0.0,-1.9721424024391656e-28
2026-08-24T01:59:04.794763,14.83,9.539719965755416e-08,6.303418312979494e-35,0.0,0.0,0.0,0.0,0.0,1.0,1.907971882433289e-05,2.878971340049409e-35,0.0,0.0,0.0,-1.9721424024391654e-28
2026-08-24T01:59:04.816715,14.85,1.158148032784647e-07,6.07179497413714e-35,0.0,0.0,0.0,0.0,0.0,1.0,2.3162843698925603e-05,2.5555224586328883e-35,0.0,0.0,0.0,1.9721424023409106e-28
2026-08-24T01:59:04.835058,14.870000000000001,-4.3965896450485526e-07,6.13001360122114e-35,0.0,0.0,0.0,0.0,0.0,1.0,-8.793166966545718e-05,2.5739544507683977e-35,0.0,0.0,0.0,-1.9721424023405604e-28
2026-08-24T01:59:04.854236,14.89,-4.3528699249462793e-07,5.974737727246051e-35,0.0,0.0,0.0,0.0,0.0,1.0,-8.705689230388263e-05,2.3438903090127234e-35,0.0,0.0,0.0,-4.930257400299144e-39
2026-08-24T01:59:04.875759,14.91,-2.945872428431311e-07,5.951003704568582e-35,0.0,0.0,0.0,0.0,0.0,1.0,-5.891698717981882e-05,2.2702685423399626e-35,0.0,0.0,0.0,8.874552065329192e-34
2026-08-24T01:59:04.894335,14.93,-2.9160428885739e-08,6.039423847854218e-35,0.0,0.0,0.0,0.0,0.0,1.0,-5.831855391648171e-06,2.328095713805061e-35,0.0,0.0,0.0,-8.874552065104984e-34
2026-08-24T01:59:04.914439,14.95,1.1778898461081194e-07,5.902961105790025e-35,0.0,0.0,0.0,0.0,0.0,1.0,2.3557759310338677e-05,2.123585464467564e-35,0.0,0.0,0.0,-1.7749192875991265e-28
2026-08-24T01:59:04.934512,14.97,1.2432959907737196e-07,5.514394732203233e-35,0.0,0.0,0.0,0.0,0.0,1.0,2.486574967208942e-05,1.6292471662278525e-35,0.0,0.0,0.0,-1.7749281621952487e-28
2026-08-24T01:59:04.954919,14.99,-4.011742595499841e-08,5.165192637384608e-35,0.0,0.0,0.0,0.0,0.0,1.0,-8.023568564077988e-06,1.1884268321827527e-35,0.0,0.0,0.0,-1.774928162195249e-28
2026-08-24T01:59:04.976562,15.01,2.3282936507970165e-07,5.228035114274338e-35,0.0,0.0,0.0,0.0,0.0,1.0,4.656577137849736e-05,1.2334436272630274e-35,0.0,0.0,0.0,-1.7749281621955641e-28
2026-08-24T01:59:04.995269,15.03,1.0801110243450027e-07,4.889935985435978e-35,0.0,0.0,0.0,0.0,0.0,1.0,2.1602006556977316e-05,8.11768002300542e-36,0.0,0.0,0.0,1.7749059758598563e-33
2026-08-24T01:59:05.015771,15.05,4.432056766823294e-07,4.888931006283683e-35,0.0,0.0,0.0,0.0,0.0,1.0,8.86408586495704e-05,7.885399008649008e-36,0.0,0.0,0.0,-7.88849072436338e-34
2026-08-24T01:59:05.036709,15.07,1.1637329876658021e-07,4.7269371647531967e-35,0.0,0.0,0.0,0.0,0.0,1.0,2.3274282082405348e-05,5.785982019091006e-36,0.0,0.0,0.0,1.5777060334211654e-28
2026-08-24T01:59:05.054818,15.09,3.201673700126389e-07,4.5099275732399496e-35,0.0,0.0,0.0,0.0,0.0,1.0,6.403324547642992e-05,3.080611592363986e-36,0.0,0.0,0.0,7.8885301665431e-34
2026-08-24T01:59:05.075018,15.11,5.572230058126826e-07,4.3731897407439575e-35,0.0,0.0,0.0,0.0,0.0,1.0,0.00011144408154354732,1.3513283089844188e-36,0.0,0.0,0.0,-1.5777060334214455e-28
2026-08-24T01:59:05.095751,15.13,5.25135652659032e-07,4.269013067768192e-35,0.0,0.0,0.0,0.0,0.0,1.0,0.0001050264911890405,2.8340734925197745e-38,0.0,0.0,0.0,-1.380491793221621e-28
2026-08-24T01:59:05.114627,15.15,5.143016444246368e-07,4.1501403470036316e-35,0.0,0.0,0.0,0.0,0.0,1.0,0.00010285969625119067,-1.4439178222522405e-36,0.0,0.0,0.0,2.76100626574068e-28
2026-08-24T01:59:05.136541,15.17,1.147375392298758e-07,4.030669742404792e-35,0.0,0.0,0.0,0.0,0.0,1.0,2.294710270416464e-05,-2.8991653224138905e-36,0.0,0.0,0.0,-6.902360360367786e-34
2026-08-24T01:59:05.156016,15.19,3.0797268517807844e-08,3.857743001547352e-35,0.0,0.0,0.0,0.0,0.0,1.0,6.159335180388914e-06,-4.951924362562773e-36,0.0,0.0,0.0,1.3804927792437649e-28
2026-08-24T01:59:05.174881,15.21,-1.9022894843858417e-08,3.7510173960942653e-35,0.0,0.0,0.0,0.0,0.0,1.0,-3.8045907263229114e-06,-6.201985833409978e-36,0.0,0.0,0.0,-1.3804996816383923e-28
2026-08-24T01:59:05.194344,15.23,4.463403687402353e-07,3.417162712501592e-35,0.0,0.0,0.0,0.0,0.0,1.0,8.926787520689613e-05,-1.007108631149956e-35,0.0,0.0,0.0,-1.3804996817074157e-28
2026-08-24T01:59:05.217117,15.25,6.593041338561164e-07,3.4234080749555385e-35,0.0,0.0,0.0,0.0,0.0,1.0,0.00013186022178308094,-9.92527780309182e-36,0.0,0.0,0.0,-1.3804996817074157e-28
2026-08-24T01:59:05.235227,15.27,1.0366248574063393e-06,3.3319971995429286e-35,0.0,0.0,0.0,0.0,0.0,1.0,0.00020732402180945092,-1.091554888957323e-35,0.0,0.0,0.0,-1.380499681707661e-28
2026-08-24T01:59:05.255755,15.29,4.0048311847385583e-07,3.020992237630193e-35,0.0,0.0,0.0,0.0,0.0,1.0,8.00956573235625e-05,-1.4441139608350669e-35,0.0,0.0,0.0,-1.380499681707661e-28
2026-08-24T01:59:05.275236,15.31,-5.424402664791302e-07,2.9404566792306274e-35,0.0,0.0,0.0,0.0,0.0,1.0,-0.00010848809942148993,-1.5231168785496715e-35,0.0,0.0,0.0,-1.3804996817074157e-28
2026-08-24T01:59:05.294048,15.33,-3.7541157951689763e-07,2.6905525234335275e-35,0.0,0.0,0.0,0.0,0.0,1.0,-7.508174942152113e-05,-1.797571875330345e-35,0.0,0.0,0.0,-1.3804996817074157e-28
2026-08-24T01:59:05.316120,15.35,8.863557510845274e-08,2.504342948979051e-35,0.0,0.0,0.0,0.0,0.0,1.0,1.7727348297409534e-05,-1.9935132573222584e-35,0.0,0.0,0.0,-1.380499681707661e-28
2026-08-24T01:59:05.335651,15.37,-1.6329386094368605e-07,2.710275630356141e-35,0.0,0.0,0.0,0.0,0.0,1.0,-3.265875425213469e-05,-1.730439049198968e-35,0.0,0.0,0.0,-1.380499681707661e-28
2026-08-24T01:59:05.354526,15.39,5.726414783454691e-08,2.6179568266744227e-35,0.0,0.0,0.0,0.0,0.0,1.0,1.1452912285970865e-05,-1.8179899961718876e-35,0.0,0.0,0.0,1.183285441399406e-28
2026-08-24T01:59:05.374660,15.4,2.0797402255556186e-13,2.6334740165465386e-35,0.0,0.0,0.0,0.0,0.0,1.0,8.54814072825286e-11,-1.7890647235467455e-35,0.0,0.0,0.0,-9.860652848268878e-29
2026-08-24T01:59:05.394284,15.43,1.1075174765290284e-07,2.4877331726742354e-35,0.0,0.0,0.0,0.0,0.0,1.0,2.215015160144921e-05,-1.926908011689306e-35,0.0,0.0,0.0,-4.930306703147502e-34
2026-08-24T01:59:05.415751,15.45,2.4662741754619917e-07,2.467716902843865e-35,0.0,0.0,0.0,0.0,0.0,1.0,4.932528217917335e-05,-1.9268531530013113e-35,0.0,0.0,0.0,-9.860761315018096e-29
2026-08-24T01:59:05.437162,15.47,6.778007842720223e-07,2.434883726616941e-35,0.0,0.0,0.0,0.0,0.0,1.0,0.00013555964177412925,-1.941533852412779e-35,0.0,0.0,0.0,-2.3665787713832117e-28
2026-08-24T01:59:05.454596,15.49,1.423025281860596e-07,2.4057814204226073e-35,0.0,0.0,0.0,0.0,0.0,1.0,2.8459949938041043e-05,-1.9514860885822784e-35,0.0,0.0,0.0,-1.5777218104617783e-28
2026-08-24T01:59:05.475570,15.51,1.0121849280796269e-07,2.3752178071396869e-35,0.0,0.0,0.0,0.0,0.0,1.0,2.0243535202628678e-05,-1.962819490034776e-35,0.0,0.0,0.0,-1.5777257546877e-28
2026-08-24T01:59:05.493908,15.53,3.6274440228126593e-07,2.330530515650526e-35,0.0,0.0,0.0,0.0,0.0,1.0,7.254864744324225e-05,-1.9902293573899836e-35,0.0,0.0,0.0,-1.5777218104423375e-28
2026-08-24T01:59:05.515029,15.55,-4.5499218166183734e-07,2.1188620717205099e-35,0.0,0.0,0.0,0.0,0.0,1.0,-9.099847937757812e-05,-2.21111646143752e-35,0.0,0.0,0.0,-1.5777257546874198e-28
2026-08-24T01:59:05.534809,15.57,2.814429061370954e-07,2.1466957841962206e-35,0.0,0.0,0.0,0.0,0.0,1.0,5.62887812266904e-05,-2.1499965301653017e-35,0.0,0.0,0.0,-1.577717866196695e-28
2026-08-24T01:59:05.555790,15.59,3.8365740219511413e-07,2.1759339018042573e-35,0.0,0.0,0.0,0.0,0.0,1.0,7.673112769320041e-05,-2.0880408692683237e-35,0.0,0.0,0.0,-1.5777218104423375e-28
2026-08-24T01:59:05.575317,15.61,3.3780188838428497e-07,2.2629771681367014e-35,0.0,0.0,0.0,0.0,0.0,1.0,6.755997018283099e-05,-1.9597171506386992e-35,0.0,0.0,0.0,-9.860712012345488e-29
2026-08-24T01:59:05.595690,15.63,4.2026089641631267e-07,2.4115117298863176e-35,0.0,0.0,0.0,0.0,0.0,1.0,8.4051712754178e-05,-1.761795528076337e-35,0.0,0.0,0.0,-9.860712012195827e-29
2026-08-24T01:59:05.614137,15.65,-6.719935823623235e-07,2.318117806474145e-35,0.0,0.0,0.0,0.0,0.0,1.0,-0.00013439869256024598,-1.8480264347354054e-35,0.0,0.0,0.0,-9.860712012195827e-29
2026-08-24T01:59:05.634744,15.67,-5.101560742033611e-07,2.3456249949929888e-35,0.0,0.0,0.0,0.0,0.0,1.0,-0.00010203050395207293,-1.79223949310526e-35,0.0,0.0,0.0,9.860712011702802e-29
2026-08-24T01:59:05.655059,15.69,-3.149890621082576e-07,2.409232519402574e-35,0.0,0.0,0.0,0.0,0.0,1.0,-6.299729905925676e-05,-1.6952342811431302e-35,0.0,0.0,0.0,9.860712012197578e-29
2026-08-24T01:59:05.675217,15.71,-4.509928478673071e-08,2.3530729490775257e-35,0.0,0.0,0.0,0.0,0.0,1.0,-9.019590382540242e-06,-1.7388195430588358e-35,0.0,0.0,0.0,7.888569609805964e-29
2026-08-24T01:59:05.695217,15.73,1.2629187966465412e-07,2.4145851490459324e-35,0.0,0.0,0.0,0.0,0.0,1.0,2.5258335186855506e-05,-1.644821492186666e-35,0.0,0.0,0.0,-7.88856960936224e-29
2026-08-24T01:59:05.715115,15.75,1.9763547712272848e-07,2.410920225121093e-35,0.0,0.0,0.0,0.0,0.0,1.0,3.9526910836891886e-05,-1.627925674961231e-35,0.0,0.0,0.0,-7.888569609756661e-29
2026-08-24T01:59:05.734937,15.77,-3.874250781707074e-07,2.5143778660763954e-35,0.0,0.0,0.0,0.0,0.0,1.0,-7.748497602033712e-05,-1.486668382226838e-35,0.0,0.0,0.0,7.888569609363642e-29
2026-08-24T01:59:05.754320,15.79,-5.086559809013681e-07,2.6206567259164416e-35,0.0,0.0,0.0,0.0,0.0,1.0,-0.00010173069414558112,-1.344239636792396e-35,0.0,0.0,0.0,1.577717866177254e-28
2026-08-24T01:59:05.774723,15.81,-4.368625633888307e-07,2.779706031416386e-35,0.0,0.0,0.0,0.0,0.0,1.0,-8.737193474240686e-05,-1.1426146742142381e-35,0.0,0.0,0.0,-7.888451282632076e-34
2026-08-24T01:59:05.796007,15.83,4.4582226347749773e-07,2.863882119159117e-35,0.0,0.0,0.0,0.0,0.0,1.0,8.91645731837614e-05,-1.0310888841936804e-35,0.0,0.0,0.0,-9.860662708882287e-29
2026-08-24T01:59:05.814467,15.85,1.3458387611815181e-07,2.970264049673366e-35,0.0,0.0,0.0,0.0,0.0,1.0,2.691639651394961e-05,-8.954219720990009e-36,0.0,0.0,0.0,1.1832795250414333e-28
2026-08-24T01:59:05.838045,15.870000000000001,2.9684433877260915e-07,3.151696888462041e-35,0.0,0.0,0.0,0.0,0.0,1.0,5.936862018389924e-05,-6.745849195967733e-36,0.0,0.0,0.0,-1.1832854414043364e-28
2026-08-24T01:59:05.855816,15.89,-3.201245713126017e-07,3.441428923730953e-35,0.0,0.0,0.0,0.0,0.0,1.0,-6.402499252091155e-05,-3.312909846159911e-36,0.0,0.0,0.0,9.860771175333934e-29
2026-08-24T01:59:05.876489,15.91,4.743255993612859e-07,3.660815025678093e-35,0.0,0.0,0.0,0.0,0.0,1.0,9.486514186986521e-05,-7.511514799265475e-37,0.0,0.0,0.0,-1.1832854414092663e-28
2026-08-24T01:59:05.895006,15.93,1.8203619950234018e-07,3.6637755924501975e-35,0.0,0.0,0.0,0.0,0.0,1.0,3.640683354063107e-05,-7.4476447792812045e-37,0.0,0.0,0.0,1.3805065840729517e-28
2026-08-24T01:59:05.915108,15.95,1.2581137786553337e-07,3.679503468769503e-35,0.0,0.0,0.0,0.0,0.0,1.0,2.516208938142232e-05,-5.897519878645932e-37,0.0,0.0,0.0,-1.5776946937772388e-33
2026-08-24T01:59:05.935221,15.97,-1.3242707601321854e-07,3.6939958612525466e-35,0.0,0.0,0.0,0.0,0.0,1.0,-2.6485440273526744e-05,-4.512110397999671e-37,0.0,0.0,0.0,-2.760991474855083e-28
2026-08-24T01:59:05.955595,15.99,9.860584673795911e-08,3.7364285209193e-35,0.0,0.0,0.0,0.0,0.0,1.0,1.9721219127182995e-05,1.019491272132943e-38,0.0,0.0,0.0,1.5777296988243164e-28
2026-08-24T01:59:05.975103,16.01,7.391718919183828e-07,3.6405457596288975e-35,0.0,0.0,0.0,0.0,0.0,1.0,0.00014783397727452586,-1.1429119534641955e-36,0.0,0.0,0.0,-1.5777218103628922e-28
2026-08-24T01:59:05.994928,16.03,6.061335909547113e-07,3.5870145481804037e-35,0.0,0.0,0.0,0.0,0.0,1.0,0.00012122587998303598,-1.7852742025130078e-36,0.0,0.0,0.0,-1.5777139219510522e-28
2026-08-24T01:59:06.015623,16.05,2.1999748315723283e-07,3.6997397847355546e-35,0.0,0.0,0.0,0.0,0.0,1.0,4.399894845851797e-05,-4.848557760877752e-37,0.0,0.0,0.0,7.888451282632076e-34
2026-08-24T01:59:06.037343,16.07,-6.791817785874479e-07,3.846589043865555e-35,0.0,0.0,0.0,0.0,0.0,1.0,-0.00013583619443054574,1.1919793361471403e-36,0.0,0.0,0.0,3.155419955333616e-28
2026-08-24T01:59:06.055275,16.09,3.41516483414133e-07,4.031304697260115e-35,0.0,0.0,0.0,0.0,0.0,1.0,6.830363649038077e-05,3.2826975702356627e-36,0.0,0.0,0.0,-1.5777218103240114e-28
2026-08-24T01:59:06.074931,16.11,3.823035905586601e-07,4.2875292214431636e-35,0.0,0.0,0.0,0.0,0.0,1.0,7.646031047857362e-05,6.171657872482909e-36,0.0,0.0,0.0,-1.5777139219516127e-28
2026-08-24T01:59:06.094164,16.13,1.0878979578231657e-07,4.2228246548865525e-35,0.0,0.0,0.0,0.0,0.0,1.0,2.175762412711852e-05,5.285114471028394e-36,0.0,0.0,0.0,1.5777139218727283e-28
2026-08-24T01:59:06.114571,16.15,-4.5583616913880976e-08,4.3058667137154835e-35,0.0,0.0,0.0,0.0,0.0,1.0,-9.116777026411844e-06,6.129669287153125e-36,0.0,0.0,0.0,-1.5777060333820033e-28
2026-08-24T01:59:06.135001,16.17,-1.0527622344634212e-07,4.43651460929069e-35,0.0,0.0,0.0,0.0,0.0,1.0,-2.1055170951199032e-05,7.514136798366868e-36,0.0,0.0,0.0,1.577713921872168e-28
2026-08-24T01:59:06.155285,16.19,-1.981414075626061e-07,4.439213189783093e-35,0.0,0.0,0.0,0.0,0.0,1.0,-3.962808170817525e-05,7.389589322657189e-36,0.0,0.0,0.0,-7.888451282632076e-34
2026-08-24T01:59:06.176600,16.2,-5.262279259820632e-13,4.528745809854459e-35,0.0,0.0,0.0,0.0,0.0,1.0,-2.759490921931428e-10,8.360742607873842e-36,0.0,0.0,0.0,-1.5777139219516122e-28
2026-08-24T01:59:06.194708,16.23,-1.5362876062442907e-07,4.6185920582789956e-35,0.0,0.0,0.0,0.0,0.0,1.0,-3.0725626516946444e-05,9.1505169257576e-36,0.0,0.0,0.0,-6.902389942338887e-34
2026-08-24T01:59:06.216664,16.25,2.37004849605079e-07,4.667100405616988e-35,0.0,0.0,0.0,0.0,0.0,1.0,4.7400965944315406e-05,9.532041782930999e-36,0.0,0.0,0.0,1.380492779243765e-28
2026-08-24T01:59:06.235135,16.27,-1.9006106824381272e-07,4.6967500564022314e-35,0.0,0.0,0.0,0.0,0.0,1.0,-3.801230688342781e-05,9.688124037063095e-36,0.0,0.0,0.0,-1.183278538970232e-28
2026-08-24T01:59:06.257086,16.3,1.1174099439139002e-13,4.7487579079234933e-35,0.0,0.0,0.0,0.0,0.0,1.0,1.4612783700359167e-10,1.0018597199091836e-35,0.0,0.0,0.0,5.9163384622543165e-34
2026-08-24T01:59:06.277260,16.31,3.073962975242414e-07,4.758785632400596e-35,0.0,0.0,0.0,0.0,0.0,1.0,6.147909200477551e-05,1.0036851750981275e-35,0.0,0.0,0.0,2.366564966500212e-28
2026-08-24T01:59:06.295359,16.32,6.113268413267908e-13,4.844417121694632e-35,0.0,0.0,0.0,0.0,0.0,1.0,2.8070417836751143e-10,1.0940547973219224e-35,0.0,0.0,0.0,-1.183273608727622e-28
2026-08-24T01:59:06.319325,16.35,2.611195926396247e-07,5.148259192532568e-35,0.0,0.0,0.0,0.0,0.0,1.0,5.222336869768851e-05,1.415406550391729e-35,0.0,0.0,0.0,-1.1832854414041261e-28
2026-08-24T01:59:06.334813,16.37,-1.5441909263883552e-07,5.272934190552703e-35,0.0,0.0,0.0,0.0,0.0,1.0,-3.088393405504571e-05,1.5340146759881932e-35,0.0,0.0,0.0,-1.1832736087272019e-28
2026-08-24T01:59:06.354309,16.39,-5.035818462829664e-07,5.51203258485861e-35,0.0,0.0,0.0,0.0,0.0,1.0,-0.00010071602786248827,1.7836828974162386e-35,0.0,0.0,0.0,1.1832854414045465e-28
2026-08-24T01:59:06.377096,16.41,-6.3732637818077e-07,5.763172371958776e-35,0.0,0.0,0.0,0.0,0.0,1.0,-0.00012746461041684512,2.0433416071432403e-35,0.0,0.0,0.0,-1.3804996816435676e-28
2026-08-24T01:59:06.394229,16.43,-2.2369467084563504e-07,5.712632590368643e-35,0.0,0.0,0.0,0.0,0.0,1.0,-4.4738369176260353e-05,1.9482055814850874e-35,0.0,0.0,0.0,-1.5777060334559573e-28
2026-08-24T01:59:06.414807,16.45,3.009295215285409e-07,5.843151132066698e-35,0.0,0.0,0.0,0.0,0.0,1.0,6.018591362071372e-05,2.0649207827296718e-35,0.0,0.0,0.0,-7.8885301665431e-34
2026-08-24T01:59:06.439011,16.47,-8.047063954437288e-08,5.933186274405124e-35,0.0,0.0,0.0,0.0,0.0,1.0,-1.6094302128311822e-05,2.132661965935411e-35,0.0,0.0,0.0,1.5777060334214455e-28
2026-08-24T01:59:06.454620,16.49,4.121340526209044e-08,5.973041682576391e-35,0.0,0.0,0.0,0.0,0.0,1.0,8.242733568433316e-06,2.1409283930433388e-35,0.0,0.0,0.0,-1.5777139218727286e-28
2026-08-24T01:59:06.475678,16.51,-4.5481744458841837e-07,5.927197993757344e-35,0.0,0.0,0.0,0.0,0.0,1.0,-9.096331126017836e-05,2.0493760513685552e-35,0.0,0.0,0.0,-1.577713921951052e-28
2026-08-24T01:59:06.494048,16.53,7.637187641317767e-08,5.90583410876539e-35,0.0,0.0,0.0,0.0,0.0,1.0,1.5274676830776127e-05,1.9876361523796768e-35,0.0,0.0,0.0,-1.5776981449696028e-28
2026-08-24T01:59:06.515051,16.55,2.3670901649660688e-07,5.944443157968534e-35,0.0,0.0,0.0,0.0,0.0,1.0,4.73416369530924e-05,1.9964939224974083e-35,0.0,0.0,0.0,1.5777139218727288e-28
2026-08-24T01:59:06.537851,16.57,-3.740220930070315e-07,5.785196348441893e-35,0.0,0.0,0.0,0.0,0.0,1.0,-7.480442437306366e-05,1.7751824226292496e-35,0.0,0.0,0.0,7.888530166767307e-34
2026-08-24T01:59:06.554385,16.59,-2.1007729345817435e-09,5.78341396643601e-35,0.0,0.0,0.0,0.0,0.0,1.0,-4.1989057900666596e-07,1.7403031115907152e-35,0.0,0.0,0.0,-7.888490724587588e-34
2026-08-24T01:59:06.574677,16.61,2.0302847498712723e-07,5.924629019379769e-35,0.0,0.0,0.0,0.0,0.0,1.0,4.060559665896328e-05,1.8721067319074534e-35,0.0,0.0,0.0,7.888490724587588e-34
2026-08-24T01:59:06.594234,16.63,2.523663401705597e-07,6.177133644936226e-35,0.0,0.0,0.0,0.0,0.0,1.0,5.047299802519145e-05,2.1311081011474337e-35,0.0,0.0,0.0,1.5777218104028955e-28
2026-08-24T01:59:06.614367,16.65,4.1223063640710353e-07,6.202303282354481e-35,0.0,0.0,0.0,0.0,0.0,1.0,8.244574106352431e-05,2.1217315324652378e-35,0.0,0.0,0.0,3.549840547360376e-28
2026-08-24T01:59:06.636602,16.67,3.5389285325508797e-07,6.287412435628635e-35,0.0,0.0,0.0,0.0,0.0,1.0,7.077813181529737e-05,2.1820843341944335e-35,0.0,0.0,0.0,-1.7749015386538742e-33
2026-08-24T01:59:06.655771,16.69,6.363010993761668e-07,6.578154151752866e-35,0.0,0.0,0.0,0.0,0.0,1.0,0.00012725968569136123,2.4803927083592804e-35,0.0,0.0,0.0,-9.860613406519212e-34
2026-08-24T01:59:06.675171,16.71,-7.550381674268444e-08,6.769375230294596e-35,0.0,0.0,0.0,0.0,0.0,1.0,-1.5101186392369004e-05,2.658234710850303e-35,0.0,0.0,0.0,1.9721325417761062e-28
2026-08-24T01:59:06.694830,16.73,1.2230345879989014e-07,6.767384984112636e-35,0.0,0.0,0.0,0.0,0.0,1.0,2.4460680165414387e-05,2.6086099635847166e-35,0.0,0.0,0.0,-1.9721424023409108e-28
2026-08-24T01:59:06.714217,16.75,1.8811882084023156e-07,6.866267085758594e-35,0.0,0.0,0.0,0.0,0.0,1.0,3.762359879985141e-05,2.6768973264785547e-35,0.0,0.0,0.0,9.86056410345825e-34
2026-08-24T01:59:06.737022,16.77,1.826063142806693e-07,6.885609731597225e-35,0.0,0.0,0.0,0.0,0.0,1.0,3.6521033911988694e-05,2.6515569396469513e-35,0.0,0.0,0.0,-1.5777139219121703e-28
2026-08-24T01:59:06.756031,16.79,-3.3719970365329535e-07,6.965945382759639e-35,0.0,0.0,0.0,0.0,0.0,1.0,-6.74399003861699e-05,2.6973964998615155e-35,0.0,0.0,0.0,7.888451282632076e-34
2026-08-24T01:59:06.776356,16.81,-4.925330681459841e-07,7.022179015461995e-35,0.0,0.0,0.0,0.0,0.0,1.0,-9.850614379632467e-05,2.714393177104793e-35,0.0,0.0,0.0,1.5777139219121707e-28
2026-08-24T01:59:06.794676,16.83,-6.204456398837678e-07,6.954408676201418e-35,0.0,0.0,0.0,0.0,0.0,1.0,-0.00012408846282341542,2.5868929999528317e-35,0.0,0.0,0.0,1.577702089180331e-33
2026-08-24T01:59:06.815062,16.85,-5.114359715291235e-07,7.226471091473288e-35,0.0,0.0,0.0,0.0,0.0,1.0,-0.00010228650081834874,2.856262653717624e-35,0.0,0.0,0.0,-1.5777218104023344e-28
2026-08-24T01:59:06.836172,16.87,6.900905246554433e-07,7.135527507072716e-35,0.0,0.0,0.0,0.0,0.0,1.0,0.00013801817352420993,2.6993784642330963e-35,0.0,0.0,0.0,-1.5777060334603274e-28
2026-08-24T01:59:06.854503,16.89,4.2442523922422146e-07,7.240608176942457e-35,0.0,0.0,0.0,0.0,0.0,1.0,8.488435732660992e-05,2.7726848955871074e-35,0.0,0.0,0.0,1.5777139218727286e-28
2026-08-24T01:59:06.876586,16.91,2.3520876786581874e-07,7.440673538175245e-35,0.0,0.0,0.0,0.0,0.0,1.0,4.704132509015331e-05,2.955120730171781e-35,0.0,0.0,0.0,7.888530166767307e-34
2026-08-24T01:59:06.894394,16.93,3.5806614144288077e-07,7.324825384693167e-35,0.0,0.0,0.0,0.0,0.0,1.0,7.161289231174568e-05,2.767401530749197e-35,0.0,0.0,0.0,-1.7749104130658384e-33
2026-08-24T01:59:06.915554,16.95,-2.31563110801019e-07,7.450721050165292e-35,0.0,0.0,0.0,0.0,0.0,1.0,-4.6312770224461135e-05,2.863493851273582e-35,0.0,0.0,0.0,-3.549847449750319e-28
2026-08-24T01:59:06.935120,16.97,1.5237987697763904e-07,7.795178354275701e-35,0.0,0.0,0.0,0.0,0.0,1.0,3.047605149515143e-05,3.211977875762301e-35,0.0,0.0,0.0,1.9721621235282805e-28
2026-08-24T01:59:06.954430,16.99,-3.2011028426674415e-08,7.713261032402884e-35,0.0,0.0,0.0,0.0,0.0,1.0,-6.402316906256029e-06,3.0592978788445836e-35,0.0,0.0,0.0,-9.860564103009835e-34
2026-08-24T01:59:06.975490,17.01,-3.610200703479516e-07,7.711785213396218e-35,0.0,0.0,0.0,0.0,0.0,1.0,-7.220382234629383e-05,3.0023941928745535e-35,0.0,0.0,0.0,4.338713285256927e-28
2026-08-24T01:59:06.994825,17.03,-9.004426865905552e-07,7.667008857242841e-35,0.0,0.0,0.0,0.0,0.0,1.0,-0.0001800878587372769,2.895945830137167e-35,0.0,0.0,0.0,-2.169324102729426e-33
2026-08-24T01:59:07.014977,17.05,1.407878321817127e-07,7.780973658751346e-35,0.0,0.0,0.0,0.0,0.0,1.0,2.8158159479322337e-05,2.975557882756934e-35,0.0,0.0,0.0,1.9721325417768067e-28
2026-08-24T01:59:07.035451,17.07,-5.3681606646634154e-08,8.024739474069537e-35,0.0,0.0,0.0,0.0,0.0,1.0,-1.0736368321492616e-05,3.2046598162364135e-35,0.0,0.0,0.0,-9.860564103682458e-34
2026-08-24T01:59:07.054534,17.09,-4.4612226772481556e-08,8.007187456576326e-35,0.0,0.0,0.0,0.0,0.0,1.0,-8.922403793664992e-06,3.1263166133537284e-35,0.0,0.0,0.0,-1.9721424023902134e-28
2026-08-24T01:59:07.076306,17.11,3.5778011024906236e-07,8.139432264877033e-35,0.0,0.0,0.0,0.0,0.0,1.0,7.155587382196813e-05,3.223185283049807e-35,0.0,0.0,0.0,1.9721424023409106e-28
2026-08-24T01:59:07.097195,17.13,-2.2088301653650157e-07,8.327969741447913e-35,0.0,0.0,0.0,0.0,0.0,1.0,-4.417675442739518e-05,3.383827577341374e-35,0.0,0.0,0.0,-1.9721424023409106e-28
2026-08-24T01:59:07.115703,17.15,-1.6607008739203036e-07,8.506435668617966e-35,0.0,0.0,0.0,0.0,0.0,1.0,-3.321377905747974e-05,3.530100422812891e-35,0.0,0.0,0.0,-4.930257400470201e-39
2026-08-24T01:59:07.134857,17.17,-6.603696947097309e-08,8.645336175100415e-35,0.0,0.0,0.0,0.0,0.0,1.0,-1.3207255362520078e-05,3.6279445659067544e-35,0.0,0.0,0.0,-8.874552065329192e-34
2026-08-24T01:59:07.154161,17.19,-1.4350343034079805e-07,8.77400762822227e-35,0.0,0.0,0.0,0.0,0.0,1.0,-2.8700578841059204e-05,3.7122140993353956e-35,0.0,0.0,0.0,-8.8745520655534e-34
2026-08-24T01:59:07.176479,17.21,-7.312279050030787e-07,8.623496185047758e-35,0.0,0.0,0.0,0.0,0.0,1.0,-0.00014624513176373386,3.470534956381151e-35,0.0,0.0,0.0,-8.8745520655534e-34
2026-08-24T01:59:07.194484,17.23,-3.5595261566009115e-07,8.708465973266016e-35,0.0,0.0,0.0,0.0,0.0,1.0,-7.118984066915388e-05,3.506212657926595e-35,0.0,0.0,0.0,3.5498474497503184e-28
2026-08-24T01:59:07.214593,17.25,-1.2420411835931953e-07,8.650103832030422e-35,0.0,0.0,0.0,0.0,0.0,1.0,-2.4840483821684186e-05,3.3746102177868235e-35,0.0,0.0,0.0,1.7749192876878704e-28
2026-08-24T01:59:07.234533,17.27,-3.832082308363956e-07,8.870694699961875e-35,0.0,0.0,0.0,0.0,0.0,1.0,-7.664137394377655e-05,3.5691613174261494e-35,0.0,0.0,0.0,-1.7749281621068196e-28
2026-08-24T01:59:07.254345,17.29,2.583664955782642e-07,8.794205895852016e-35,0.0,0.0,0.0,0.0,0.0,1.0,5.167345202200897e-05,3.4152379812294646e-35,0.0,0.0,0.0,1.7749459112109502e-28
2026-08-24T01:59:07.276149,17.31,-1.524726530866981e-07,8.842570258555331e-35,0.0,0.0,0.0,0.0,0.0,1.0,-3.0494636841868787e-05,3.408721233785989e-35,0.0,0.0,0.0,1.77493703674763e-28
2026-08-24T01:59:07.296273,17.33,-5.2924389401070113e-08,8.952973799384811e-35,0.0,0.0,0.0,0.0,0.0,1.0,-1.0584726012600886e-05,3.4742856723926226e-35,0.0,0.0,0.0,-3.944275930183988e-28
2026-08-24T01:59:07.314467,17.35,-6.143738857901071e-07,8.924451122574702e-35,0.0,0.0,0.0,0.0,0.0,1.0,-0.0001228744538565192,3.377226087852051e-35,0.0,0.0,0.0,1.084657614158731e-33
2026-08-24T01:59:07.335333,17.37,-1.1435872217497313e-07,8.975314183074166e-35,0.0,0.0,0.0,0.0,0.0,1.0,-2.2871226332017735e-05,3.373838720057036e-35,0.0,0.0,0.0,-1.9721512769415774e-28
2026-08-24T01:59:07.354161,17.39,9.512697024992125e-08,9.129219212910748e-35,0.0,0.0,0.0,0.0,0.0,1.0,1.902540915376423e-05,3.490142381155832e-35,0.0,0.0,0.0,1.9721424023409104e-28
2026-08-24T01:59:07.375067,17.41,-1.1861691382025676e-07,9.106104506296801e-35,0.0,0.0,0.0,0.0,0.0,1.0,-2.3723406414158505e-05,3.398751180117665e-35,0.0,0.0,0.0,-9.86056410345825e-34
2026-08-24T01:59:07.394657,17.43,-1.5473191968388732e-07,9.196704661543459e-35,0.0,0.0,0.0,0.0,0.0,1.0,-3.094623843663005e-05,3.4408425157021675e-35,0.0,0.0,0.0,1.9721325417768071e-28
2026-08-24T01:59:07.414785,17.45,-8.639184427756061e-08,9.277425458315481e-35,0.0,0.0,0.0,0.0,0.0,1.0,-1.7278217960433003e-05,3.470667438834005e-35,0.0,0.0,0.0,-1.7749192875498241e-28
2026-08-24T01:59:07.436856,17.48,5.1089261069501537e-14,9.445050931214214e-35,0.0,0.0,0.0,0.0,0.0,1.0,-5.404352173296687e-11,3.567926205675001e-35,0.0,0.0,0.0,-1.774928162195564e-28
2026-08-24T01:59:07.454267,17.49,3.0882398779215807e-07,9.480772258515009e-35,0.0,0.0,0.0,0.0,0.0,1.0,6.176461854019359e-05,3.5763392549799984e-35,0.0,0.0,0.0,8.874507693045163e-34
2026-08-24T01:59:07.476250,17.51,3.843704373401509e-07,9.309532094760089e-35,0.0,0.0,0.0,0.0,0.0,1.0,7.687367620708387e-05,3.310820481577857e-35,0.0,0.0,0.0,1.5777139219116102e-28
2026-08-24T01:59:07.494659,17.53,-4.7164662337244494e-07,9.280149501650183e-35,0.0,0.0,0.0,0.0,0.0,1.0,-9.4329394438625e-05,3.2142458507727323e-35,0.0,0.0,0.0,1.5777060334603274e-28
2026-08-24T01:59:07.516348,17.55,1.1559378929873272e-07,9.385959433626111e-35,0.0,0.0,0.0,0.0,0.0,1.0,2.311905933361115e-05,3.276213100371902e-35,0.0,0.0,0.0,3.9441861996661296e-39
2026-08-24T01:59:07.534484,17.57,8.676805350499816e-08,9.662242182422624e-35,0.0,0.0,0.0,0.0,0.0,1.0,1.735349488555469e-05,3.535224755475047e-35,0.0,0.0,0.0,-5.9163680435527946e-34
2026-08-24T01:59:07.556198,17.59,5.012009577588946e-07,9.839244856881415e-35,0.0,0.0,0.0,0.0,0.0,1.0,0.00010023989799547326,3.6746489810448803e-35,0.0,0.0,0.0,1.1832913578021714e-28
2026-08-24T01:59:07.575775,17.61,7.065793129223497e-07,1.0160243532270332e-34,0.0,0.0,0.0,0.0,0.0,1.0,0.0001413151617784782,3.979104350518711e-35,0.0,0.0,0.0,-1.3804996816435674e-28
2026-08-24T01:59:07.594944,17.63,1.3001278680808609e-07,1.0332016858967091e-34,0.0,0.0,0.0,0.0,0.0,1.0,2.6001984867751867e-05,4.1051855154909593e-35,0.0,0.0,0.0,-1.5777139219466824e-28
2026-08-24T01:59:07.614737,17.65,-6.107883179367257e-07,1.0372335861009064e-34,0.0,0.0,0.0,0.0,0.0,1.0,-0.00012215746777313632,4.0763512072818836e-35,0.0,0.0,0.0,1.5777218103634531e-28
2026-08-24T01:59:07.636294,17.67,5.09873112695091e-08,1.0537376708259807e-34,0.0,0.0,0.0,0.0,0.0,1.0,1.0197877864682867e-05,4.192779176256773e-35,0.0,0.0,0.0,1.3804927792827167e-28
2026-08-24T01:59:07.655006,17.69,4.0127382945700976e-07,1.0851574191866158e-34,0.0,0.0,0.0,0.0,0.0,1.0,8.025456967933006e-05,4.480573578055959e-35,0.0,0.0,0.0,1.5777070195167373e-28
2026-08-24T01:59:07.676925,17.71,1.9504087799033926e-07,1.090818739732971e-34,0.0,0.0,0.0,0.0,0.0,1.0,3.900778660005727e-05,4.4642953192612983e-35,0.0,0.0,0.0,-1.5777218103634534e-28
2026-08-24T01:59:07.696375,17.73,4.867954200084873e-07,1.0933714005439322e-34,0.0,0.0,0.0,0.0,0.0,1.0,9.735869635328352e-05,4.4119790052344694e-35,0.0,0.0,0.0,-1.5776981449701633e-28
2026-08-24T01:59:07.715392,17.75,4.031650398575206e-07,1.092016115509463e-34,0.0,0.0,0.0,0.0,0.0,1.0,8.063246383844484e-05,4.3149072291151555e-35,0.0,0.0,0.0,-1.577713921951612e-28
2026-08-24T01:59:07.735991,17.77,2.0199205219247982e-07,1.1079709168483265e-34,0.0,0.0,0.0,0.0,0.0,1.0,4.0398012133826064e-05,4.42039276126342e-35,0.0,0.0,0.0,-7.888530166767307e-34
2026-08-24T01:59:07.756111,17.8,6.825724677817982e-13,1.110440005710829e-34,0.0,0.0,0.0,0.0,0.0,1.0,2.7053227288019975e-10,4.321273405717631e-35,0.0,0.0,0.0,-7.888490725036003e-34
2026-08-24T01:59:07.775153,17.81,2.0954778756651325e-07,1.114766336100922e-34,0.0,0.0,0.0,0.0,0.0,1.0,4.190921004132923e-05,4.331387374163731e-35,0.0,0.0,0.0,-7.888490725036003e-34
2026-08-24T01:59:07.796473,17.83,3.764124524179745e-07,1.096527029193485e-34,0.0,0.0,0.0,0.0,0.0,1.0,7.528216150775247e-05,4.038718058358753e-35,0.0,0.0,0.0,7.888490724587588e-34
2026-08-24T01:59:07.815027,17.85,1.7846085431428684e-07,1.092850562150918e-34,0.0,0.0,0.0,0.0,0.0,1.0,3.569180361717158e-05,3.919779522620588e-35,0.0,0.0,0.0,1.577706033420885e-28
2026-08-24T01:59:07.834418,17.87,7.872028851086083e-07,1.0991044423852222e-34,0.0,0.0,0.0,0.0,0.0,1.0,0.00015744007323748895,3.9180018909488767e-35,0.0,0.0,0.0,-1.577713921872168e-28
2026-08-24T01:59:07.854404,17.89,4.131687260458836e-07,1.068960843816454e-34,0.0,0.0,0.0,0.0,0.0,1.0,8.263297984830493e-05,3.493107367730452e-35,0.0,0.0,0.0,-3.944205920307738e-39
2026-08-24T01:59:07.877343,17.91,1.4212902179497167e-07,1.0711121406811179e-34,0.0,0.0,0.0,0.0,0.0,1.0,2.8425442910433613e-05,3.4501468568023973e-35,0.0,0.0,0.0,1.5777139219121705e-28
2026-08-24T01:59:07.894477,17.93,1.75190009494497e-08,1.073698119887726e-34,0.0,0.0,0.0,0.0,0.0,1.0,3.5036969896401977e-06,3.41281825133321e-35,0.0,0.0,0.0,-7.888451282632076e-34
2026-08-24T01:59:07.915607,17.95,-3.0048477164480552e-09,1.0652852982985895e-34,0.0,0.0,0.0,0.0,0.0,1.0,-6.009721141819284e-07,3.248153070773386e-35,0.0,0.0,0.0,2.760999363346298e-28
2026-08-24T01:59:07.934553,17.97,4.3692955891411485e-07,1.0575777561348457e-34,0.0,0.0,0.0,0.0,0.0,1.0,8.738571252094499e-05,3.094195388099649e-35,0.0,0.0,0.0,-1.3804927791747414e-28
2026-08-24T01:59:07.955565,17.99,1.6043706492995876e-07,1.0512954732012397e-34,0.0,0.0,0.0,0.0,0.0,1.0,3.208700627512119e-05,2.959153544012325e-35,0.0,0.0,0.0,-1.3804996817076608e-28
2026-08-24T01:59:07.976428,18.01,-3.045889684280528e-07,1.058500686333328e-34,0.0,0.0,0.0,0.0,0.0,1.0,-6.091775716400439e-05,2.98292769865469e-35,0.0,0.0,0.0,-1.3804996817071707e-28
2026-08-24T01:59:07.994198,18.03,-4.072556121229062e-07,1.062885957444326e-34,0.0,0.0,0.0,0.0,0.0,1.0,-8.14507353251069e-05,2.9734855810459743e-35,0.0,0.0,0.0,1.1832923438285799e-28
2026-08-24T01:59:08.015357,18.05,-2.0723637607018632e-07,1.0640107459320236e-34,0.0,0.0,0.0,0.0,0.0,1.0,-4.144689541210948e-05,2.926231594852831e-35,0.0,0.0,0.0,5.916397625299688e-34
2026-08-24T01:59:08.034243,18.07,-9.06157448469688e-08,1.0660632855032848e-34,0.0,0.0,0.0,0.0,0.0,1.0,-1.8122959113819073e-05,2.8904413601977086e-35,0.0,0.0,0.0,-5.9163680435527946e-34
2026-08-24T01:59:08.054595,18.09,5.332733527647784e-07,1.0558658101314617e-34,0.0,0.0,0.0,0.0,0.0,1.0,0.00010665450910831654,2.712781700922132e-35,0.0,0.0,0.0,-9.860613405817011e-29
2026-08-24T01:59:08.080044,18.11,-3.8409889229589143e-07,1.0764672891833362e-34,0.0,0.0,0.0,0.0,0.0,1.0,-7.681998604614211e-05,2.8958236678516703e-35,0.0,0.0,0.0,4.930282051953333e-34
2026-08-24T01:59:08.097238,18.13,-7.767683018440911e-08,1.0859654735708025e-34,0.0,0.0,0.0,0.0,0.0,1.0,-1.5535058805829732e-05,2.9468757962608746e-35,0.0,0.0,0.0,-4.93030670281119e-34
2026-08-24T01:59:08.114353,18.15,4.704715387071431e-07,1.0810784018106501e-34,0.0,0.0,0.0,0.0,0.0,1.0,9.409416482557074e-05,2.829871873292687e-35,0.0,0.0,0.0,-4.930306703147502e-34
2026-08-24T01:59:08.134389,18.17,7.079226771813135e-07,1.0801953734685852e-34,0.0,0.0,0.0,0.0,0.0,1.0,0.00014158386626946017,2.761191873657708e-35,0.0,0.0,0.0,4.930306702923294e-34
2026-08-24T01:59:08.155045,18.19,4.755188155209871e-07,1.091996300483661e-34,0.0,0.0,0.0,0.0,0.0,1.0,9.510300896697651e-05,2.8409585047301623e-35,0.0,0.0,0.0,9.860662708880535e-29
2026-08-24T01:59:08.175610,18.21,-4.5061669403459554e-10,1.0727223672713231e-34,0.0,0.0,0.0,0.0,0.0,1.0,-9.047621098580671e-08,2.5582534418458616e-35,0.0,0.0,0.0,-9.860712011704554e-29
2026-08-24T01:59:08.194875,18.23,-2.367368003742249e-07,1.1068429416025803e-34,0.0,0.0,0.0,0.0,0.0,1.0,-4.734726213725772e-05,2.9005272531040637e-35,0.0,0.0,0.0,9.860712011704553e-29
2026-08-24T01:59:08.214878,18.25,-5.434741902847519e-07,1.1322346011990602e-34,0.0,0.0,0.0,0.0,0.0,1.0,-0.00010869441285977481,3.135899786017419e-35,0.0,0.0,0.0,1.9721473327215674e-28
2026-08-24T01:59:08.237881,18.27,-3.3735951984970306e-07,1.1436602308758679e-34,0.0,0.0,0.0,0.0,0.0,1.0,-6.747135759649776e-05,3.2051758447224263e-35,0.0,0.0,0.0,-9.860761314525068e-29
2026-08-24T01:59:08.254199,18.29,-1.6720971561965659e-07,1.1553608547524795e-34,0.0,0.0,0.0,0.0,0.0,1.0,-3.344158293975795e-05,3.276481893491678e-35,0.0,0.0,0.0,-5.916392694971171e-34
2026-08-24T01:59:08.276432,18.31,-4.5020442553587056e-08,1.174490085006492e-34,0.0,0.0,0.0,0.0,0.0,1.0,-9.003947894015619e-06,3.4329234105478613e-35,0.0,0.0,0.0,9.860712011951064e-29
2026-08-24T01:59:08.295962,18.33,-8.501754587691837e-08,1.1738562344776724e-34,0.0,0.0,0.0,0.0,0.0,1.0,-1.700343256150567e-05,3.3571225731525833e-35,0.0,0.0,0.0,-9.86061340557049e-29
2026-08-24T01:59:08.314863,18.35,-2.2611061033480485e-09,1.1706623909891993e-34,0.0,0.0,0.0,0.0,0.0,1.0,-4.5216618152535325e-07,3.2526822456212643e-35,0.0,0.0,0.0,-1.1832903717650614e-28
2026-08-24T01:59:08.336225,18.37,-6.473936173311289e-07,1.1868648297030287e-34,0.0,0.0,0.0,0.0,0.0,1.0,-0.0001294784191571142,3.375241086676255e-35,0.0,0.0,0.0,1.1832854414041257e-28
2026-08-24T01:59:08.355915,18.39,-3.825111761042692e-08,1.1899767434980917e-34,0.0,0.0,0.0,0.0,0.0,1.0,-7.64974072830123e-06,3.3436465420056284e-35,0.0,0.0,0.0,-5.916338462030109e-34
2026-08-24T01:59:08.375453,18.41,-2.4870133063143056e-07,1.1946744517992443e-34,0.0,0.0,0.0,0.0,0.0,1.0,-4.974012861398632e-05,3.3309017273357574e-35,0.0,0.0,0.0,5.9163680435527946e-34
2026-08-24T01:59:08.395443,18.43,-7.03611144433159e-07,1.2004283976982079e-34,0.0,0.0,0.0,0.0,0.0,1.0,-0.00014072173903665805,3.3305562811206025e-35,0.0,0.0,0.0,1.1832795250660845e-28
2026-08-24T01:59:08.414909,18.45,-4.383218954196467e-07,1.2215264390603533e-34,0.0,0.0,0.0,0.0,0.0,1.0,-8.766367578564427e-05,3.508472171540011e-35,0.0,0.0,0.0,1.1832854414637093e-28
2026-08-24T01:59:08.435097,18.47,-1.2060529646562256e-07,1.2421153991522266e-34,0.0,0.0,0.0,0.0,0.0,1.0,-2.4120667808080735e-05,3.677581631218103e-35,0.0,0.0,0.0,1.3804937653346871e-28
2026-08-24T01:59:08.454458,18.49,-7.07337353295766e-07,1.2773741567552753e-34,0.0,0.0,0.0,0.0,0.0,1.0,-0.0001414670410160818,4.0144269740000295e-35,0.0,0.0,0.0,1.3804927792782767e-28
2026-08-24T01:59:08.476951,18.51,-2.124148091200204e-07,1.2794405380299578e-34,0.0,0.0,0.0,0.0,0.0,1.0,-4.248236463370326e-05,3.9600815871366443e-35,0.0,0.0,0.0,-6.902394872667404e-34
2026-08-24T01:59:08.500414,18.53,-2.1145604179443368e-07,1.2863111209196568e-34,0.0,0.0,0.0,0.0,0.0,1.0,-4.229093899864718e-05,3.9623187771007336e-35,0.0,0.0,0.0,-1.380492779243275e-28
2026-08-24T01:59:08.519755,18.55,3.5665353650812196e-07,1.3053150784584344e-34,0.0,0.0,0.0,0.0,0.0,1.0,7.133071508711747e-05,4.1054289303355086e-35,0.0,0.0,0.0,1.3804996816386375e-28
2026-08-24T01:59:08.537154,18.57,9.738233123438103e-08,1.3364850845841065e-34,0.0,0.0,0.0,0.0,0.0,1.0,1.947614879338502e-05,4.387564654948237e-35,0.0,0.0,0.0,-1.5777208243070427e-28
2026-08-24T01:59:08.560335,18.59,5.624205681201282e-08,1.3449883399913905e-34,0.0,0.0,0.0,0.0,0.0,1.0,1.1248317634781905e-05,4.401685366284378e-35,0.0,0.0,0.0,1.5777296988541777e-28
2026-08-24T01:59:08.578097,18.61,-4.3228226225232995e-07,1.3531258169464454e-34,0.0,0.0,0.0,0.0,0.0,1.0,-8.645631155969211e-05,4.411201701278437e-35,0.0,0.0,0.0,-1.5776942006995456e-33
2026-08-24T01:59:08.596425,18.63,-5.127081195033321e-07,1.3682478389777477e-34,0.0,0.0,0.0,0.0,0.0,1.0,-0.00010254107364958931,4.5016138073824395e-35,0.0,0.0,0.0,-8.874552065777607e-34
2026-08-24T01:59:08.614764,18.65,-1.6302434946697756e-07,1.3729892953678484e-34,0.0,0.0,0.0,0.0,0.0,1.0,-3.260441246213418e-05,4.469821509559044e-35,0.0,0.0,0.0,1.7749192875991259e-28
2026-08-24T01:59:08.637406,18.67,9.52558837687038e-08,1.387762438609653e-34,0.0,0.0,0.0,0.0,0.0,1.0,1.905126207331495e-05,4.5549892035807874e-35,0.0,0.0,0.0,1.5777218104467069e-28
2026-08-24T01:59:08.655146,18.69,3.6504660926187335e-08,1.3851788801635903e-34,0.0,0.0,0.0,0.0,0.0,1.0,7.300847085811388e-06,4.4369558772861277e-35,0.0,0.0,0.0,7.888530166991515e-34
2026-08-24T01:59:08.679222,18.71,6.802572180772121e-07,1.3941090870211804e-34,0.0,0.0,0.0,0.0,0.0,1.0,0.00013605108647630484,4.454470459433173e-35,0.0,0.0,0.0,2.1693566426292348e-28
2026-08-24T01:59:08.696539,18.73,2.682799154355724e-07,1.4033975010299643e-34,0.0,0.0,0.0,0.0,0.0,1.0,5.365536959626813e-05,4.4757444784442864e-35,0.0,0.0,0.0,-1.774947883323771e-28
2026-08-24T01:59:08.714595,18.75,-8.683739303369179e-08,1.4352244115640574e-34,0.0,0.0,0.0,0.0,0.0,1.0,-1.7367660456141527e-05,4.758502864725966e-35,0.0,0.0,0.0,-9.86065777880324e-34
2026-08-24T01:59:08.735613,18.77,5.305628354700937e-08,1.42046641459813e-34,0.0,0.0,0.0,0.0,0.0,1.0,1.0611288991685434e-05,4.4952420945375995e-35,0.0,0.0,0.0,-9.860613406295004e-34
2026-08-24T01:59:08.754606,18.79,-7.634647128607588e-08,1.4346152036344991e-34,0.0,0.0,0.0,0.0,0.0,1.0,-1.526930387306528e-05,4.571964103910741e-35,0.0,0.0,0.0,9.86061340562238e-34
2026-08-24T01:59:08.778332,18.81,-2.1621342263582997e-07,1.437871184770713e-34,0.0,0.0,0.0,0.0,0.0,1.0,-4.324256028819984e-05,4.520748010912624e-35,0.0,0.0,0.0,-1.7749281621511916e-28
2026-08-24T01:59:08.793976,18.83,-1.5485065673650135e-07,1.4441080483176694e-34,0.0,0.0,0.0,0.0,0.0,1.0,-3.0969892988712416e-05,4.504856960712895e-35,0.0,0.0,0.0,1.7749459112109502e-28
2026-08-24T01:59:08.816283,18.86,-6.310963687990336e-13,1.4700404150033339e-34,0.0,0.0,0.0,0.0,0.0,1.0,-2.4013571686687385e-10,4.6735370074410936e-35,0.0,0.0,0.0,-1.9721512768972051e-28
2026-08-24T01:59:08.834812,18.87,3.5325349031321444e-07,1.474718385638318e-34,0.0,0.0,0.0,0.0,0.0,1.0,7.065076155795576e-05,4.6824042621892817e-35,0.0,0.0,0.0,9.860564103234043e-34
2026-08-24T01:59:08.854213,18.89,1.1044639150493833e-06,1.4756912405527619e-34,0.0,0.0,0.0,0.0,0.0,1.0,0.00022089202507685936,4.602399447154566e-35,0.0,0.0,0.0,3.9442749441670203e-28
2026-08-24T01:59:08.875594,18.91,1.7249936993167216e-07,1.5144183061631052e-34,0.0,0.0,0.0,0.0,0.0,1.0,3.449899658116519e-05,4.962316193954453e-35,0.0,0.0,0.0,1.9721325418754121e-28
2026-08-24T01:59:08.896148,18.93,-4.212227458271335e-10,1.5174939284608031e-34,0.0,0.0,0.0,0.0,0.0,1.0,-8.436922687840912e-08,4.902065489461454e-35,0.0,0.0,0.0,-9.860564103682458e-34
2026-08-24T01:59:08.915132,18.95,-2.1454588853374112e-07,1.5260001150842118e-34,0.0,0.0,0.0,0.0,0.0,1.0,-4.2909064053891875e-05,4.905737420269503e-35,0.0,0.0,0.0,-1.774918301537786e-28
2026-08-24T01:59:08.935299,18.97,5.357613275257068e-07,1.5376899990965004e-34,0.0,0.0,0.0,0.0,0.0,1.0,0.00010715218707518085,4.946211939784401e-35,0.0,0.0,0.0,-1.7749192876434984e-28
2026-08-24T01:59:08.954647,18.99,1.1005074960447949e-06,1.5452662677197954e-34,0.0,0.0,0.0,0.0,0.0,1.0,0.00022010061060913878,4.938096847352955e-35,0.0,0.0,0.0,-1.9721325418211794e-28
2026-08-24T01:59:08.975550,19.01,5.795370386280765e-07,1.5349323490706143e-34,0.0,0.0,0.0,0.0,0.0,1.0,0.00011590633452946743,4.721812437548918e-35,0.0,0.0,0.0,-1.7749173155251172e-28
2026-08-24T01:59:08.993962,19.03,6.584907144624703e-07,1.5434999257959498e-34,0.0,0.0,0.0,0.0,0.0,1.0,0.0001316974057527058,4.728486119797046e-35,0.0,0.0,0.0,1.9721325417317342e-28
2026-08-24T01:59:09.014847,19.05,1.0791711523806215e-07,1.5525372161099758e-34,0.0,0.0,0.0,0.0,0.0,1.0,2.15828903943976e-05,4.740386672970815e-35,0.0,0.0,0.0,1.9721424024395154e-28
2026-08-24T01:59:09.037682,19.07,-2.4923559124596955e-07,1.5710384509280407e-34,0.0,0.0,0.0,0.0,0.0,1.0,-4.984709451798476e-05,4.861965030736945e-35,0.0,0.0,0.0,-9.86056410345825e-34
2026-08-24T01:59:09.054774,19.09,2.173767572423071e-07,1.58124238495614e-34,0.0,0.0,0.0,0.0,0.0,1.0,4.3475432761727034e-05,4.885061715490149e-35,0.0,0.0,0.0,-1.9721325417768071e-28
2026-08-24T01:59:09.074979,19.11,-8.254543063089407e-08,1.5710202260012942e-34,0.0,0.0,0.0,0.0,0.0,1.0,-1.6509207441889716e-05,4.670264715167292e-35,0.0,0.0,0.0,3.9442848047311236e-28
2026-08-24T01:59:09.095340,19.13,-8.249600753629486e-07,1.576026726019458e-34,0.0,0.0,0.0,0.0,0.0,1.0,-0.00016499158942185203,4.6357235917461627e-35,0.0,0.0,0.0,2.1693369215010274e-28
2026-08-24T01:59:09.114637,19.15,-4.2713911588169456e-07,1.601351592011839e-34,0.0,0.0,0.0,0.0,0.0,1.0,-8.542701883097799e-05,4.837754430256156e-35,0.0,0.0,0.0,1.9721325418310396e-28
2026-08-24T01:59:09.136131,19.17,1.313380834136978e-07,1.6226477317730302e-34,0.0,0.0,0.0,0.0,0.0,1.0,2.6267887119090526e-05,4.989651299040957e-35,0.0,0.0,0.0,-9.860564103682458e-34
2026-08-24T01:59:09.154540,19.19,-9.456303160968847e-08,1.633929460542173e-34,0.0,0.0,0.0,0.0,0.0,1.0,-1.891263852413773e-05,5.022629631134792e-35,0.0,0.0,0.0,1.972142402389512e-28
2026-08-24T01:59:09.175217,19.21,-2.96620167176708e-07,1.6587651201223482e-34,0.0,0.0,0.0,0.0,0.0,1.0,-5.932383206433791e-05,5.212479201060252e-35,0.0,0.0,0.0,4.930257400470201e-39
2026-08-24T01:59:09.195848,19.23,-8.899529106276401e-08,1.651310488978354e-34,0.0,0.0,0.0,0.0,0.0,1.0,-1.7798793464022515e-05,5.023906285283201e-35,0.0,0.0,0.0,2.1693457959544884e-28
2026-08-24T01:59:09.215417,19.25,-1.923745976568599e-07,1.6687973574767657e-34,0.0,0.0,0.0,0.0,0.0,1.0,-3.84747492015383e-05,5.128046835902764e-35,0.0,0.0,0.0,3.944274944221253e-28
2026-08-24T01:59:09.237764,19.27,3.6145082821583555e-08,1.6628044349610204e-34,0.0,0.0,0.0,0.0,0.0,1.0,7.229133101239118e-06,4.957520021455273e-35,0.0,0.0,0.0,9.860490150266684e-39
2026-08-24T01:59:09.254524,19.29,-2.942272099856045e-07,1.696945063004276e-34,0.0,0.0,0.0,0.0,0.0,1.0,-5.8845321322367805e-05,5.255993583844426e-35,0.0,0.0,0.0,-1.972162123617025e-28
2026-08-24T01:59:09.275924,19.31,-6.963173107906024e-08,1.7023882799369128e-34,0.0,0.0,0.0,0.0,0.0,1.0,-1.3926116360911522e-05,5.21609187331991e-35,0.0,0.0,0.0,-1.972142402439516e-28
2026-08-24T01:59:09.296048,19.33,-3.4092691921155984e-07,1.7067508690717136e-34,0.0,0.0,0.0,0.0,0.0,1.0,-6.818517872810798e-05,5.164118987988109e-35,0.0,0.0,0.0,-1.9721424024395156e-28
2026-08-24T01:59:09.315574,19.35,-5.118702016906103e-07,1.7072536995654352e-34,0.0,0.0,0.0,0.0,0.0,1.0,-0.00010237355828663288,5.067969434374167e-35,0.0,0.0,0.0,-1.972142402438815e-28
2026-08-24T01:59:09.338932,19.37,-1.9446944551607435e-07,1.6915374170553067e-34,0.0,0.0,0.0,0.0,0.0,1.0,-3.8893415922562445e-05,4.7847025474971165e-35,0.0,0.0,0.0,-1.972142402438815e-28
2026-08-24T01:59:09.354054,19.39,9.02763703343005e-08,1.6912015780955459e-34,0.0,0.0,0.0,0.0,0.0,1.0,1.8055368922885292e-05,4.68454116551538e-35,0.0,0.0,0.0,-1.9721424024395156e-28
2026-08-24T01:59:09.375432,19.41,-7.158838724090346e-08,1.6961167012235636e-34,0.0,0.0,0.0,0.0,0.0,1.0,-1.4317689499283383e-05,4.6468792104821e-35,0.0,0.0,0.0,-1.9721424024395156e-28
2026-08-24T01:59:09.394954,19.43,-4.1291723371087557e-07,1.6807545949410793e-34,0.0,0.0,0.0,0.0,0.0,1.0,-8.258320290879258e-05,4.374040233372856e-35,0.0,0.0,0.0,-1.9721424024395156e-28
2026-08-24T01:59:09.417857,19.45,-5.172314788668128e-07,1.6791261459907518e-34,0.0,0.0,0.0,0.0,0.0,1.0,-0.00010344575562293404,4.265028658532779e-35,0.0,0.0,0.0,-1.9721424024395156e-28
2026-08-24T01:59:09.434371,19.47,-9.981092404080619e-08,1.657310455455494e-34,0.0,0.0,0.0,0.0,0.0,1.0,-1.996175332729654e-05,3.9230331969898714e-35,0.0,0.0,0.0,-1.9721424024395156e-28
2026-08-24T01:59:09.455192,19.49,-4.8081751654102496e-08,1.6439272350974471e-34,0.0,0.0,0.0,0.0,0.0,1.0,-9.616238018256855e-06,3.6843699499450996e-35,0.0,0.0,0.0,3.9442946653445296e-28
2026-08-24T01:59:09.477875,19.51,4.5365966725658196e-07,1.6270157288380323e-34,0.0,0.0,0.0,0.0,0.0,1.0,9.073176727085264e-05,3.4084138351721477e-35,0.0,0.0,0.0,9.860712011295887e-34
2026-08-24T01:59:09.494466,19.53,4.224678503122507e-07,1.6203953993335874e-34,0.0,0.0,0.0,0.0,0.0,1.0,8.449303925581266e-05,3.256381366958691e-35,0.0,0.0,0.0,-1.7749281621505612e-28
2026-08-24T01:59:09.516371,19.55,1.4728869243852024e-07,1.6232463404743354e-34,0.0,0.0,0.0,0.0,0.0,1.0,2.9457365583209114e-05,3.2167993911362406e-35,0.0,0.0,0.0,-4.437231660474498e-39
2026-08-24T01:59:09.535009,19.57,-3.3840425874964846e-07,1.6362338336233992e-34,0.0,0.0,0.0,0.0,0.0,1.0,-6.768079304109348e-05,3.295630339314957e-35,0.0,0.0,0.0,3.1554357323150656e-28
2026-08-24T01:59:09.555949,19.59,-4.2461480516914073e-07,1.6046554581354752e-34,0.0,0.0,0.0,0.0,0.0,1.0,-8.492250996423834e-05,2.855239881387438e-35,0.0,0.0,0.0,-7.888411840452356e-34
2026-08-24T01:59:09.576982,19.61,-9.217720348349819e-08,1.5954560527258987e-34,0.0,0.0,0.0,0.0,0.0,1.0,-1.8435095604750884e-05,2.6818832356257106e-35,0.0,0.0,0.0,1.5777060334214457e-28
2026-08-24T01:59:09.596686,19.63,-1.2599288372675232e-07,1.5796312639940932e-34,0.0,0.0,0.0,0.0,0.0,1.0,-2.519845261089129e-05,2.434266938085457e-35,0.0,0.0,0.0,-1.577698144891279e-28
2026-08-24T01:59:09.615074,19.65,-1.7832465107145385e-07,1.587421926136176e-34,0.0,0.0,0.0,0.0,0.0,1.0,-3.566475913982262e-05,2.465040953951487e-35,0.0,0.0,0.0,1.5777139218727288e-28
2026-08-24T01:59:09.634146,19.67,-2.1641295839454292e-08,1.5792674864813679e-34,0.0,0.0,0.0,0.0,0.0,1.0,-4.328121100322861e-06,2.3100346297301073e-35,0.0,0.0,0.0,7.888530166767307e-34
2026-08-24T01:59:09.654018,19.69,5.264382799767768e-07,1.5561157962450437e-34,0.0,0.0,0.0,0.0,0.0,1.0,0.00010528744891581675,1.9832002267206688e-35,0.0,0.0,0.0,1.5777060334208852e-28
2026-08-24T01:59:09.677059,19.7,1.044901726492397e-12,1.5444996421744302e-34,0.0,0.0,0.0,0.0,0.0,1.0,4.0882102960178515e-10,1.8206413636120532e-35,0.0,0.0,0.0,1.5777218103634531e-28
2026-08-24T01:59:09.696726,19.73,-5.2677247812334e-07,1.5423377470298443e-34,0.0,0.0,0.0,0.0,0.0,1.0,-0.00010535438824962949,1.720627379722171e-35,0.0,0.0,0.0,1.3804996816386375e-28
2026-08-24T01:59:09.715742,19.75,-3.671055434208523e-07,1.5390818915633016e-34,0.0,0.0,0.0,0.0,0.0,1.0,-7.342055445074264e-05,1.6344847418089118e-35,0.0,0.0,0.0,-6.902394872443196e-34
2026-08-24T01:59:09.735863,19.77,4.492050058576277e-07,1.5527855509045204e-34,0.0,0.0,0.0,0.0,0.0,1.0,8.984104944068762e-05,1.7468742197106833e-35,0.0,0.0,0.0,6.902429384070191e-34
2026-08-24T01:59:09.755855,19.79,5.715836212546302e-07,1.5496288356386726e-34,0.0,0.0,0.0,0.0,0.0,1.0,0.00011431615291757804,1.6615979696658754e-35,0.0,0.0,0.0,1.380492779243765e-28
2026-08-24T01:59:09.778052,19.81,-1.809019588970614e-08,1.5389799998322125e-34,0.0,0.0,0.0,0.0,0.0,1.0,-3.618455285021528e-06,1.4906551859354813e-35,0.0,0.0,0.0,-1.3804996816386375e-28
2026-08-24T01:59:09.795437,19.83,3.791224450255732e-07,1.5514873385933196e-34,0.0,0.0,0.0,0.0,0.0,1.0,7.582431410173656e-05,1.5916064670919184e-35,0.0,0.0,0.0,-1.3804858768488927e-28
2026-08-24T01:59:09.814842,19.85,2.3852571618673517e-07,1.5638082175005405e-34,0.0,0.0,0.0,0.0,0.0,1.0,4.7704773563192895e-05,1.6888675660554798e-35,0.0,0.0,0.0,1.3804996816381474e-28
2026-08-24T01:59:09.835460,19.87,8.379984324749234e-08,1.573760275943258e-34,0.0,0.0,0.0,0.0,0.0,1.0,1.675974354988544e-05,1.7571267545464743e-35,0.0,0.0,0.0,2.760992460951426e-28
2026-08-24T01:59:09.854571,19.89,8.474855176115254e-08,1.5827585563859928e-34,0.0,0.0,0.0,0.0,0.0,1.0,1.6949624765568663e-05,1.8132826930073528e-35,0.0,0.0,0.0,-6.902360360816201e-34
2026-08-24T01:59:09.876082,19.91,4.767356320845521e-07,1.5971850310384462e-34,0.0,0.0,0.0,0.0,0.0,1.0,9.534682271301519e-05,1.9316952594266318e-35,0.0,0.0,0.0,-2.760992460916915e-28
2026-08-24T01:59:09.895058,19.93,3.050179531167118e-07,1.591310786823902e-34,0.0,0.0,0.0,0.0,0.0,1.0,6.1003109948003744e-05,1.8123490064100876e-35,0.0,0.0,0.0,-1.5776981449997444e-28
2026-08-24T01:59:09.917771,19.95,4.740040176583288e-07,1.580306358934262e-34,0.0,0.0,0.0,0.0,0.0,1.0,9.480036709413227e-05,1.6353123869734457e-35,0.0,0.0,0.0,-1.380491793221866e-28
2026-08-24T01:59:09.938547,19.97,-1.7033140392748207e-07,1.585024670121752e-34,0.0,0.0,0.0,0.0,0.0,1.0,-3.4066554046933836e-05,1.6438615092429819e-35,0.0,0.0,0.0,1.3804927792092532e-28
2026-08-24T01:59:09.954364,19.99,1.2140269899633368e-07,1.5827911240615075e-34,0.0,0.0,0.0,0.0,0.0,1.0,2.4280593318470002e-05,1.5715415682484098e-35,0.0,0.0,0.0,2.7609924609514254e-28
2026-08-24T01:59:09.974637,20.01,-4.7012606761956264e-07,1.578080973965412e-34,0.0,0.0,0.0,0.0,0.0,1.0,-9.40251079117281e-05,1.4716429393399874e-35,0.0,0.0,0.0,1.3804927793122982e-28
2026-08-24T01:59:09.995063,20.03,-4.470390853941814e-07,1.5782834963522796e-34,0.0,0.0,0.0,0.0,0.0,1.0,-8.940727695356607e-05,1.4304852089633637e-35,0.0,0.0,0.0,1.3804927792777864e-28
2026-08-24T01:59:10.014170,20.05,8.659693598213876e-08,1.5844893977618514e-34,0.0,0.0,0.0,0.0,0.0,1.0,1.73197061122165e-05,1.4598209547058583e-35,0.0,0.0,0.0,1.5777070195172978e-28
2026-08-24T01:59:10.037289,20.07,1.1556698388943466e-08,1.6126825509946965e-34,0.0,0.0,0.0,0.0,0.0,1.0,2.3112804806243816e-06,1.7443053671377375e-35,0.0,0.0,0.0,1.7749202736999088e-28
2026-08-24T01:59:10.055861,20.09,-6.730828292768618e-07,1.6248804598758214e-34,0.0,0.0,0.0,0.0,0.0,1.0,-0.00013461623893699793,1.838459948556272e-35,0.0,0.0,0.0,1.9721335278825197e-28
2026-08-24T01:59:10.075236,20.11,-1.027402941553793e-06,1.6261245651048003e-34,0.0,0.0,0.0,0.0,0.0,1.0,-0.00020547964762440506,1.8038710320238178e-35,0.0,0.0,0.0,3.9442749442163223e-28
2026-08-24T01:59:10.094374,20.13,-7.166607019938741e-07,1.6333652208683102e-34,0.0,0.0,0.0,0.0,0.0,1.0,-0.0001433310474649935,1.839569869788023e-35,0.0,0.0,0.0,4.338693564130261e-28
2026-08-24T01:59:10.116898,20.15,-2.1050250472461746e-07,1.670711473996284e-34,0.0,0.0,0.0,0.0,0.0,1.0,-4.209987570177772e-05,2.224647334440388e-35,0.0,0.0,0.0,1.9721226812718667e-28
2026-08-24T01:59:10.135618,20.17,-2.1957365181860478e-07,1.6723161576856812e-34,0.0,0.0,0.0,0.0,0.0,1.0,-4.391446409479288e-05,2.1882849797641323e-35,0.0,0.0,0.0,-9.860564103906666e-34
2026-08-24T01:59:10.155858,20.19,5.387490898154865e-07,1.6836551175787698e-34,0.0,0.0,0.0,0.0,0.0,1.0,0.00010774971539680777,2.2656564855077832e-35,0.0,0.0,0.0,-1.9721424023895128e-28
2026-08-24T01:59:10.175245,20.21,4.145356935267499e-07,1.7091050265992887e-34,0.0,0.0,0.0,0.0,0.0,1.0,8.290656208149286e-05,2.5058317588427645e-35,0.0,0.0,0.0,9.86056410345825e-34
2026-08-24T01:59:10.194733,20.23,1.3006258439910847e-07,1.723362226734615e-34,0.0,0.0,0.0,0.0,0.0,1.0,2.6012153778802647e-05,2.612146695971012e-35,0.0,0.0,0.0,-1.972132541776807e-28
2026-08-24T01:59:10.214481,20.25,-2.093243802409669e-08,1.7392115203165745e-34,0.0,0.0,0.0,0.0,0.0,1.0,-4.18659188179901e-06,2.7352925534177244e-35,0.0,0.0,0.0,-1.7749173155257477e-28
2026-08-24T01:59:10.236248,20.27,-7.17132197958108e-08,1.763367580768091e-34,0.0,0.0,0.0,0.0,0.0,1.0,-1.4342594352565832e-05,2.953036630909134e-35,0.0,0.0,0.0,1.9721325417324348e-28
2026-08-24T01:59:10.254709,20.29,-1.7865547023259558e-09,1.784004676810479e-34,0.0,0.0,0.0,0.0,0.0,1.0,-3.572614189995899e-07,3.126434650659422e-35,0.0,0.0,0.0,4.930232749454369e-39
2026-08-24T01:59:10.275694,20.31,-3.4586817183161525e-07,1.793334043158426e-34,0.0,0.0,0.0,0.0,0.0,1.0,-6.917344513375928e-05,3.165652977089255e-35,0.0,0.0,0.0,-1.7749281621511919e-28
2026-08-24T01:59:10.294490,20.33,1.0644138395416698e-07,1.8224444705083283e-34,0.0,0.0,0.0,0.0,0.0,1.0,2.1288482987933824e-05,3.434125080144466e-35,0.0,0.0,0.0,8.874507693045163e-34
2026-08-24T01:59:10.316069,20.35,2.4202587571797056e-07,1.8388361659964288e-34,0.0,0.0,0.0,0.0,0.0,1.0,4.8404991994227904e-05,3.550503401198172e-35,0.0,0.0,0.0,1.7749192875984963e-28
2026-08-24T01:59:10.334418,20.37,-5.182444557168925e-07,1.840320054934915e-34,0.0,0.0,0.0,0.0,0.0,1.0,-0.00010364882004680945,3.4917365048901365e-35,0.0,0.0,0.0,3.1554199553779876e-28
2026-08-24T01:59:10.354640,20.39,-6.098818636412279e-07,1.8607568856808958e-34,0.0,0.0,0.0,0.0,0.0,1.0,-0.00012197572721483557,3.6541254209070424e-35,0.0,0.0,0.0,-7.888411840900772e-34
2026-08-24T01:59:10.378403,20.4,-1.2370815451633925e-12,1.8676035560976363e-34,0.0,0.0,0.0,0.0,0.0,1.0,-5.084012472568156e-10,3.695141322335273e-35,0.0,0.0,0.0,1.5777139218727288e-28
2026-08-24T01:59:10.394972,20.42,-4.49661216837874e-13,1.8508179936263592e-34,0.0,0.0,0.0,0.0,0.0,1.0,-4.154025561709353e-11,3.419405100207722e-35,0.0,0.0,0.0,-7.888451282632076e-34
2026-08-24T01:59:10.414441,20.45,1.1261371050263847e-07,1.8710330952610103e-34,0.0,0.0,0.0,0.0,0.0,1.0,2.252235700424916e-05,3.54311616461317e-35,0.0,0.0,0.0,-1.7749360506024745e-28
2026-08-24T01:59:10.435890,20.47,-4.0459436330850713e-07,1.9029747934887494e-34,0.0,0.0,0.0,0.0,0.0,1.0,-8.091878497533977e-05,3.838208910161136e-35,0.0,0.0,0.0,8.874507692820955e-34
2026-08-24T01:59:10.455010,20.49,-5.369992889484127e-07,1.9107564802842653e-34,0.0,0.0,0.0,0.0,0.0,1.0,-0.00010739932159955504,3.847794990655851e-35,0.0,0.0,0.0,3.549847449750319e-28
2026-08-24T01:59:10.478131,20.51,-2.0120948060726302e-07,1.9274429717920903e-34,0.0,0.0,0.0,0.0,0.0,1.0,-4.024139370681154e-05,3.960660285921599e-35,0.0,0.0,0.0,-8.874463320985342e-34
2026-08-24T01:59:10.495030,20.53,8.514829732704033e-08,1.9458535152410418e-34,0.0,0.0,0.0,0.0,0.0,1.0,1.702977555333229e-05,4.0917150786157985e-35,0.0,0.0,0.0,-1.774919287598496e-28
2026-08-24T01:59:10.515127,20.55,-1.5725205221361794e-07,1.934473339266004e-34,0.0,0.0,0.0,0.0,0.0,1.0,-3.145039668364239e-05,3.8743939784399213e-35,0.0,0.0,0.0,1.7749281621068196e-28
2026-08-24T01:59:10.534630,20.57,1.8626207570613866e-07,1.947618017768599e-34,0.0,0.0,0.0,0.0,0.0,1.0,3.725246410864847e-05,3.9454676178930956e-35,0.0,0.0,0.0,-1.9721512768979062e-28
2026-08-24T01:59:10.554748,20.59,-5.058634170576288e-07,1.9680509818902083e-34,0.0,0.0,0.0,0.0,0.0,1.0,-0.00010117256953485827,4.1000605390103435e-35,0.0,0.0,0.0,3.549856324253081e-28
2026-08-24T01:59:10.576664,20.61,6.287365354752417e-07,1.9835721909809445e-34,0.0,0.0,0.0,0.0,0.0,1.0,0.00012574737524685502,4.195056755017693e-35,0.0,0.0,0.0,-8.874463320761135e-34
2026-08-24T01:59:10.594780,20.63,-2.539646672430177e-07,1.9985565166704094e-34,0.0,0.0,0.0,0.0,0.0,1.0,-5.079326343639299e-05,4.282236391829498e-35,0.0,0.0,0.0,-1.7749192875991265e-28
2026-08-24T01:59:10.614088,20.65,-4.6828895238952407e-07,2.031429756214737e-34,0.0,0.0,0.0,0.0,0.0,1.0,-9.365737358803524e-05,4.575867144619326e-35,0.0,0.0,0.0,1.9721325417324348e-28
2026-08-24T01:59:10.636156,20.67,-9.541326067886575e-08,2.0364649228034326e-34,0.0,0.0,0.0,0.0,0.0,1.0,-1.9082258926629118e-05,4.5412303126606226e-35,0.0,0.0,0.0,-3.9442650835029106e-28
2026-08-24T01:59:10.655290,20.69,-2.230427751769192e-07,2.0413845640080195e-34,0.0,0.0,0.0,0.0,0.0,1.0,-4.460837795562026e-05,4.5056993001134845e-35,0.0,0.0,0.0,1.9721532489656544e-28
2026-08-24T01:59:10.674810,20.71,-3.8166587057392253e-07,2.0518545840040413e-34,0.0,0.0,0.0,0.0,0.0,1.0,-7.633284982954602e-05,4.535141366522733e-35,0.0,0.0,0.0,2.169336921451725e-28
2026-08-24T01:59:10.695147,20.73,-4.66716090424644e-08,2.061889961949598e-34,0.0,0.0,0.0,0.0,0.0,1.0,-9.334023872901393e-06,4.5589724232917247e-35,0.0,0.0,0.0,1.9721325418310396e-28
2026-08-24T01:59:10.714600,20.75,-4.3165847001233163e-07,2.0916854005125626e-34,0.0,0.0,0.0,0.0,0.0,1.0,-8.633145122249219e-05,4.811987732731065e-35,0.0,0.0,0.0,-9.860564103682458e-34
2026-08-24T01:59:10.735790,20.77,5.170712595841313e-07,2.1262432220611284e-34,0.0,0.0,0.0,0.0,0.0,1.0,0.00010341434156840771,5.116255790749699e-35,0.0,0.0,0.0,1.9721424023902127e-28
2026-08-24T01:59:10.754854,20.79,-1.2928995918941719e-07,2.1557992051063105e-34,0.0,0.0,0.0,0.0,0.0,1.0,-2.585829394853051e-05,5.357470656595147e-35,0.0,0.0,0.0,-9.86056410345825e-34
2026-08-24T01:59:10.775276,20.81,3.401261334216036e-07,2.165843590349276e-34,0.0,0.0,0.0,0.0,0.0,1.0,6.802515019359659e-05,5.367977527292493e-35,0.0,0.0,0.0,1.9721424023902127e-28
2026-08-24T01:59:10.794751,20.83,9.571992130572669e-08,2.179399103287578e-34,0.0,0.0,0.0,0.0,0.0,1.0,1.914370715495386e-05,5.418987800033326e-35,0.0,0.0,0.0,-9.86056410345825e-34
2026-08-24T01:59:10.816624,20.85,-1.418998686944188e-07,2.180796115102984e-34,0.0,0.0,0.0,0.0,0.0,1.0,-2.837999756777135e-05,5.327745360249348e-35,0.0,0.0,0.0,3.944274944165619e-28
2026-08-24T01:59:10.835425,20.87,3.826330448096859e-08,2.2100619025741632e-34,0.0,0.0,0.0,0.0,0.0,1.0,7.652760394062346e-06,5.561704230301435e-35,0.0,0.0,0.0,-3.9442749440684155e-28
2026-08-24T01:59:10.854687,20.89,4.674413847215812e-08,2.2079523214999144e-34,0.0,0.0,0.0,0.0,0.0,1.0,9.348778156073357e-06,5.427178639142202e-35,0.0,0.0,0.0,-2.1693566427278395e-28
2026-08-24T01:59:10.874914,20.91,-3.9220045892811327e-07,2.213652167066035e-34,0.0,0.0,0.0,0.0,0.0,1.0,-7.843997203486846e-05,5.38539857760539e-35,0.0,0.0,0.0,2.1693783359244948e-28
2026-08-24T01:59:10.894591,20.93,-5.956339567438526e-08,2.196671864649864e-34,0.0,0.0,0.0,0.0,0.0,1.0,-1.1912367132936435e-05,5.080549106149984e-35,0.0,0.0,0.0,-1.9721512768880451e-28
2026-08-24T01:59:10.915939,20.95,8.94982157980577e-08,2.2067181247382533e-34,0.0,0.0,0.0,0.0,0.0,1.0,1.7899653471835355e-05,5.094496659333217e-35,0.0,0.0,0.0,3.549856324253081e-28
2026-08-24T01:59:10.935174,20.97,-5.58847608487396e-07,2.2175874614314694e-34,0.0,0.0,0.0,0.0,0.0,1.0,-0.00011176932605984837,5.117674741977308e-35,0.0,0.0,0.0,-1.7749015386090326e-33
2026-08-24T01:59:10.954627,20.99,-3.5487990815606534e-07,2.2133962424725487e-34,0.0,0.0,0.0,0.0,0.0,1.0,-7.097542202796163e-05,4.965334252140946e-35,0.0,0.0,0.0,1.9721325417768062e-28
2026-08-24T01:59:10.974451,21.01,-1.745576488535762e-07,2.231123941537033e-34,0.0,0.0,0.0,0.0,0.0,1.0,-3.491120965037993e-05,5.070034401569993e-35,0.0,0.0,0.0,-3.5498474496997546e-28
2026-08-24T01:59:10.994597,21.03,-3.3598068226041933e-07,2.246695331856598e-34,0.0,0.0,0.0,0.0,0.0,1.0,-6.719585678700371e-05,5.147911806060375e-35,0.0,0.0,0.0,-1.972142402478257e-28
2026-08-24T01:59:11.015398,21.05,-7.054379638885807e-07,2.23418971903938e-34,0.0,0.0,0.0,0.0,0.0,1.0,-0.0001410870314042061,4.898129351184835e-35,0.0,0.0,0.0,1.9721424023409106e-28
2026-08-24T01:59:11.035383,21.07,3.099703849105844e-07,2.240549528640633e-34,0.0,0.0,0.0,0.0,0.0,1.0,6.199444790868774e-05,4.871440913964693e-35,0.0,0.0,0.0,-1.7749183014884834e-28
2026-08-24T01:59:11.054685,21.09,-6.140227884307059e-08,2.2689871758766587e-34,0.0,0.0,0.0,0.0,0.0,1.0,-1.2280671793790463e-05,5.101668629803831e-35,0.0,0.0,0.0,-1.774928162195564e-28
2026-08-24T01:59:11.077797,21.11,1.293284639608028e-07,2.271369360757218e-34,0.0,0.0,0.0,0.0,0.0,1.0,2.5865670085937235e-05,5.025335477286097e-35,0.0,0.0,0.0,3.5498651988100765e-28
2026-08-24T01:59:11.095433,21.13,1.3904818041250963e-07,2.2796733572882025e-34,0.0,0.0,0.0,0.0,0.0,1.0,2.7809473645886432e-05,5.018924647981563e-35,0.0,0.0,0.0,-8.874463320536927e-34
2026-08-24T01:59:11.117325,21.15,-3.454566350321896e-07,2.287405865867611e-34,0.0,0.0,0.0,0.0,0.0,1.0,-6.909127035680046e-05,5.005868825691409e-35,0.0,0.0,0.0,-1.7749370367032574e-28
2026-08-24T01:59:11.135569,21.17,4.2646292486395e-07,2.286895475105114e-34,0.0,0.0,0.0,0.0,0.0,1.0,8.529261675108314e-05,4.897115343423109e-35,0.0,0.0,0.0,1.7749459112103195e-28
2026-08-24T01:59:11.154234,21.19,3.0678615529795563e-07,2.3062817497820174e-34,0.0,0.0,0.0,0.0,0.0,1.0,6.135675655058294e-05,5.021223588019461e-35,0.0,0.0,0.0,-8.874507692596748e-34
2026-08-24T01:59:11.176052,21.21,5.03220011090956e-07,2.3220648677687754e-34,0.0,0.0,0.0,0.0,0.0,1.0,0.00010064355654821449,5.101397485445276e-35,0.0,0.0,0.0,-8.8745520655534e-34
2026-08-24T01:59:11.194853,21.23,4.719889920720229e-08,2.3387304569769435e-34,0.0,0.0,0.0,0.0,0.0,1.0,9.43937938552817e-06,5.190458616592197e-35,0.0,0.0,0.0,1.774937036703257e-28
2026-08-24T01:59:11.214257,21.25,2.680522658949701e-07,2.372294406294121e-34,0.0,0.0,0.0,0.0,0.0,1.0,5.3610304240343994e-05,5.474403046497056e-35,0.0,0.0,0.0,-8.874507692820955e-34
2026-08-24T01:59:11.239113,21.27,4.697513583367063e-10,2.3789571661018484e-34,0.0,0.0,0.0,0.0,0.0,1.0,9.378181525171241e-08,5.441096204543266e-35,0.0,0.0,0.0,-7.888490725036003e-34
2026-08-24T01:59:11.255737,21.29,1.4453870726359334e-07,2.3894627590754717e-34,0.0,0.0,0.0,0.0,0.0,1.0,2.8907655092695882e-05,5.452854296352211e-35,0.0,0.0,0.0,1.5777060334214457e-28
2026-08-24T01:59:11.275949,21.31,-8.290139955749048e-07,2.396951471902248e-34,0.0,0.0,0.0,0.0,0.0,1.0,-0.00016580250658072235,5.429242272816629e-35,0.0,0.0,0.0,-1.577698144891279e-28
2026-08-24T01:59:11.294921,21.33,-6.690931219818313e-07,2.409036101857384e-34,0.0,0.0,0.0,0.0,0.0,1.0,-0.0001338177216054381,5.459297424006393e-35,0.0,0.0,0.0,-7.8885301665431e-34
2026-08-24T01:59:11.314143,21.35,-1.0192066259432717e-07,2.4035598054602333e-34,0.0,0.0,0.0,0.0,0.0,1.0,-2.0383595357989136e-05,5.284661357343428e-35,0.0,0.0,0.0,-7.888490725036003e-34
2026-08-24T01:59:11.334273,21.37,2.2914647411503192e-07,2.399285026281388e-34,0.0,0.0,0.0,0.0,0.0,1.0,4.5829270881967516e-05,5.1266317756516e-35,0.0,0.0,0.0,1.577721810402895e-28
2026-08-24T01:59:11.354165,21.39,5.321555436624825e-07,2.405054708455402e-34,0.0,0.0,0.0,0.0,0.0,1.0,0.00010643069899796796,5.087731439584257e-35,0.0,0.0,0.0,-1.380491793142982e-28
2026-08-24T01:59:11.374939,21.41,2.896238620373112e-07,2.409086561109595e-34,0.0,0.0,0.0,0.0,0.0,1.0,5.7924236114818435e-05,5.02914954179759e-35,0.0,0.0,0.0,-1.3804996817076608e-28
2026-08-24T01:59:11.394969,21.43,-1.4227737747657246e-07,2.4271604468928008e-34,0.0,0.0,0.0,0.0,0.0,1.0,-2.8455642679093718e-05,5.134597440795266e-35,0.0,0.0,0.0,-3.4511801803975635e-39
2026-08-24T01:59:11.414938,21.45,-4.891694521217068e-07,2.4415846402593544e-34,0.0,0.0,0.0,0.0,0.0,1.0,-9.783356116579566e-05,5.195867791426741e-35,0.0,0.0,0.0,2.366576799236299e-28
2026-08-24T01:59:11.434893,21.47,-3.1485442354055863e-07,2.4525139097470523e-34,0.0,0.0,0.0,0.0,0.0,1.0,-6.297037124829484e-05,5.215452801033788e-35,0.0,0.0,0.0,-1.1832676924060218e-33
2026-08-24T01:59:11.454727,21.49,2.6867480369662567e-07,2.456014926104982e-34,0.0,0.0,0.0,0.0,0.0,1.0,5.373506744030045e-05,5.148294962013017e-35,0.0,0.0,0.0,-5.916368043777002e-34
2026-08-24T01:59:11.474753,21.51,9.536831260559664e-08,2.491549049913672e-34,0.0,0.0,0.0,0.0,0.0,1.0,1.9073437657915004e-05,5.454394708731231e-35,0.0,0.0,0.0,-5.916368043777002e-34
2026-08-24T01:59:11.495863,21.53,3.059267629089494e-08,2.4990040253881583e-34,0.0,0.0,0.0,0.0,0.0,1.0,6.118450720977563e-06,5.429215247121031e-35,0.0,0.0,0.0,1.183291357801751e-28
2026-08-24T01:59:11.514348,21.55,2.908151640293941e-07,2.4993334900559768e-34,0.0,0.0,0.0,0.0,0.0,1.0,5.8162875844698873e-05,5.32150719372684e-35,0.0,0.0,0.0,-2.3665649664706306e-28
2026-08-24T01:59:11.536354,21.57,2.699846445740199e-08,2.510435814160647e-34,0.0,0.0,0.0,0.0,0.0,1.0,5.399452241826263e-06,5.340596910046302e-35,0.0,0.0,0.0,-1.1832854414932909e-28
2026-08-24T01:59:11.556988,21.59,-5.637923006529617e-07,2.52224027599265e-34,0.0,0.0,0.0,0.0,0.0,1.0,-0.00011275821589913186,5.367441761705462e-35,0.0,0.0,0.0,-1.1832854414637093e-28
2026-08-24T01:59:11.574725,21.61,2.4049102801786067e-08,2.5242992768511094e-34,0.0,0.0,0.0,0.0,0.0,1.0,4.810183400430222e-06,5.280494433354575e-35,0.0,0.0,0.0,1.1832854414045463e-28
2026-08-24T01:59:11.595117,21.63,4.7287558065744754e-07,2.5239661527697705e-34,0.0,0.0,0.0,0.0,0.0,1.0,9.457490378372072e-05,5.1670159195079e-35,0.0,0.0,0.0,1.183291357831753e-28
2026-08-24T01:59:11.614378,21.65,-1.9568055792648805e-07,2.540055099436122e-34,0.0,0.0,0.0,0.0,0.0,1.0,-3.9136359546535224e-05,5.24609433871204e-35,0.0,0.0,0.0,-1.183285441404546e-28
2026-08-24T01:59:11.636319,21.67,1.3038590904104257e-08,2.53539084257218e-34,0.0,0.0,0.0,0.0,0.0,1.0,2.607835542334835e-06,5.082632021379199e-35,0.0,0.0,0.0,-1.183285441463289e-28
2026-08-24T01:59:11.654877,21.69,-1.0232015490411376e-07,2.540152059309203e-34,0.0,0.0,0.0,0.0,0.0,1.0,-2.0463988443972936e-05,5.031204397346911e-35,0.0,0.0,0.0,-1.183285441463289e-28
2026-08-24T01:59:11.675151,21.71,-4.0826524876477187e-07,2.5263710214767084e-34,0.0,0.0,0.0,0.0,0.0,1.0,-8.165281716558833e-05,4.765002197243461e-35,0.0,0.0,0.0,1.1832854414045463e-28
2026-08-24T01:59:11.695729,21.73,-6.868117719924852e-07,2.5305282065106756e-34,0.0,0.0,0.0,0.0,0.0,1.0,-0.00013736171630546667,4.711409954073698e-35,0.0,0.0,0.0,2.3665767992658807e-28
2026-08-24T01:59:11.714800,21.75,2.795078867738938e-07,2.5442554924757726e-34,0.0,0.0,0.0,0.0,0.0,1.0,5.590192329714966e-05,4.7698246064339656e-35,0.0,0.0,0.0,-9.860712011359433e-29
2026-08-24T01:59:11.736689,21.78,6.110183066419764e-13,2.587571779707834e-34,0.0,0.0,0.0,0.0,0.0,1.0,1.2677785912545113e-10,5.11947190604871e-35,0.0,0.0,0.0,-9.860712012197578e-29
2026-08-24T01:59:11.754550,21.79,2.789427540842433e-07,2.5926940985448234e-34,0.0,0.0,0.0,0.0,0.0,1.0,5.5788174865974845e-05,5.125165768376722e-35,0.0,0.0,0.0,-9.860712012197578e-29
2026-08-24T01:59:11.775276,21.81,4.900875154297348e-07,2.607769476671659e-34,0.0,0.0,0.0,0.0,0.0,1.0,9.80170635655939e-05,5.192498941267367e-35,0.0,0.0,0.0,-9.860712012197578e-29
2026-08-24T01:59:11.795062,21.83,4.2732147037926184e-07,2.5881730917230118e-34,0.0,0.0,0.0,0.0,0.0,1.0,8.546373172394546e-05,4.855719477717314e-35,0.0,0.0,0.0,9.860810617838612e-29
2026-08-24T01:59:11.816282,21.85,4.1248102333242936e-07,2.590193113495536e-34,0.0,0.0,0.0,0.0,0.0,1.0,8.249568287428495e-05,4.7754091079121957e-35,0.0,0.0,0.0,9.860761315261107e-29
2026-08-24T01:59:11.834651,21.87,8.60275846009752e-07,2.6067832965066465e-34,0.0,0.0,0.0,0.0,0.0,1.0,0.00017205447399121936,4.865638294554481e-35,0.0,0.0,0.0,-9.860810617838611e-29
2026-08-24T01:59:11.855427,21.89,2.8968623563923384e-07,2.6253420579182623e-34,0.0,0.0,0.0,0.0,0.0,1.0,5.7936472114592153e-05,4.9772565558954e-35,0.0,0.0,0.0,-9.86071201219758e-29
2026-08-24T01:59:11.876964,21.91,-8.418462976779305e-08,2.632155705580144e-34,0.0,0.0,0.0,0.0,0.0,1.0,-1.683710079071681e-05,4.95053739821411e-35,0.0,0.0,0.0,-9.860712012197578e-29
2026-08-24T01:59:11.895822,21.93,2.061091178802692e-07,2.6360375691904395e-34,0.0,0.0,0.0,0.0,0.0,1.0,4.1221789951118696e-05,4.890093368306352e-35,0.0,0.0,0.0,-9.860712012197578e-29
2026-08-24T01:59:11.914915,21.95,7.900164892102967e-07,2.626208894724542e-34,0.0,0.0,0.0,0.0,0.0,1.0,0.00015800278049692883,4.6711867022580625e-35,0.0,0.0,0.0,9.860810617838612e-29
2026-08-24T01:59:11.935219,21.97,-3.160399942256135e-07,2.6192363091097804e-34,0.0,0.0,0.0,0.0,0.0,1.0,-6.320842569723339e-05,4.48886845577662e-35,0.0,0.0,0.0,9.86076131526461e-29
2026-08-24T01:59:11.954776,21.99,-6.232165465841926e-08,2.6285149577847337e-34,0.0,0.0,0.0,0.0,0.0,1.0,-1.246407727493002e-05,4.498254182271204e-35,0.0,0.0,0.0,-2.958203742947263e-28
2026-08-24T01:59:11.976075,22.01,6.015317526503043e-07,2.6556397306989673e-34,0.0,0.0,0.0,0.0,0.0,1.0,0.00012030613353196247,4.714858960390063e-35,0.0,0.0,0.0,-9.860712012687099e-29
2026-08-24T01:59:11.994330,22.03,-3.217206124482846e-07,2.6604058894756755e-34,0.0,0.0,0.0,0.0,0.0,1.0,-6.434439884257181e-05,4.668136852178755e-35,0.0,0.0,0.0,-9.860712012197578e-29
2026-08-24T01:59:12.015154,22.05,-5.354439977135932e-07,2.6777924683178836e-34,0.0,0.0,0.0,0.0,0.0,1.0,-0.00010708833411792876,4.7687748241466716e-35,0.0,0.0,0.0,-9.860712012197578e-29
2026-08-24T01:59:12.034853,22.07,2.98863064048752e-08,2.6689121900771008e-34,0.0,0.0,0.0,0.0,0.0,1.0,5.977629624969906e-06,4.5624886333631163e-35,0.0,0.0,0.0,-9.860712012197578e-29
2026-08-24T01:59:12.054458,22.09,-6.430549148397412e-07,2.6686628864594763e-34,0.0,0.0,0.0,0.0,0.0,1.0,-0.0001286107014910568,4.459717506777695e-35,0.0,0.0,0.0,9.860810617838612e-29
2026-08-24T01:59:12.076504,22.11,-5.872092597480347e-07,2.6627110504451687e-34,0.0,0.0,0.0,0.0,0.0,1.0,-0.00011744112387350995,4.292249062946801e-35,0.0,0.0,0.0,9.86076131526461e-29
2026-08-24T01:59:12.094065,22.13,-1.0510413895482407e-08,2.6688875256424955e-34,0.0,0.0,0.0,0.0,0.0,1.0,-2.101645891626369e-06,4.268346697698051e-35,0.0,0.0,0.0,-1.9721325417521557e-28
2026-08-24T01:59:12.114339,22.15,4.3671574140493985e-08,2.6805079789345018e-34,0.0,0.0,0.0,0.0,0.0,1.0,8.734272724485427e-06,4.3080627947694405e-35,0.0,0.0,0.0,-7.888569610053875e-29
2026-08-24T01:59:12.137041,22.17,-3.435818124727453e-07,2.6936052442988236e-34,0.0,0.0,0.0,0.0,0.0,1.0,-6.871623420130811e-05,4.364285514353029e-35,0.0,0.0,0.0,-7.88856960975526e-29
2026-08-24T01:59:12.155332,22.19,1.6402689762243341e-07,2.704926656227537e-34,0.0,0.0,0.0,0.0,0.0,1.0,3.280554182801921e-05,4.3989485893964157e-35,0.0,0.0,0.0,-7.88856960975526e-29
2026-08-24T01:59:12.176199,22.21,1.2996128590262354e-07,2.711471861811373e-34,0.0,0.0,0.0,0.0,0.0,1.0,2.5992086492956987e-05,4.377519279059478e-35,0.0,0.0,0.0,-7.888569609758062e-29
2026-08-24T01:59:12.195515,22.23,4.540156982695951e-07,2.712830893415215e-34,0.0,0.0,0.0,0.0,0.0,1.0,9.080283973295073e-05,4.296118236501962e-35,0.0,0.0,0.0,-7.888569609758062e-29
2026-08-24T01:59:12.214711,22.25,-3.297483908353385e-07,2.722054989505594e-34,0.0,0.0,0.0,0.0,0.0,1.0,-6.594985014473537e-05,4.307379834100627e-35,0.0,0.0,0.0,1.1832854414144067e-28
2026-08-24T01:59:12.237354,22.27,-5.502879060182204e-07,2.720987231154803e-34,0.0,0.0,0.0,0.0,0.0,1.0,-0.00011005708987548098,4.1988195908333465e-35,0.0,0.0,0.0,5.916456789306672e-29
2026-08-24T01:59:12.253925,22.29,-5.512001887407287e-07,2.7163566834445746e-34,0.0,0.0,0.0,0.0,0.0,1.0,-0.00011023937087401082,4.0505387559809145e-35,0.0,0.0,0.0,1.1832883996329404e-28
2026-08-24T01:59:12.274832,22.31,1.1401015441765529e-07,2.720398820056619e-34,0.0,0.0,0.0,0.0,0.0,1.0,2.280238033969432e-05,4.0053752565190097e-35,0.0,0.0,0.0,-1.1832883995885679e-28
2026-08-24T01:59:12.297210,22.33,1.9112797533768107e-08,2.725739448604746e-34,0.0,0.0,0.0,0.0,0.0,1.0,3.822476577856197e-06,3.976002251233004e-35,0.0,0.0,0.0,-2.958213603411187e-34
2026-08-24T01:59:12.315270,22.35,-5.324001225925697e-07,2.721303784562924e-34,0.0,0.0,0.0,0.0,0.0,1.0,-0.00010647979896354246,3.8334589732302933e-35,0.0,0.0,0.0,-2.958184021888501e-34
2026-08-24T01:59:12.336490,22.37,-2.96757950844414e-07,2.716487460296452e-34,0.0,0.0,0.0,0.0,0.0,1.0,-5.9351058607161714e-05,3.6887350809646857e-35,0.0,0.0,0.0,-2.958184021888501e-34
2026-08-24T01:59:12.354404,22.39,-3.486903655050142e-08,2.718893482052504e-34,0.0,0.0,0.0,0.0,0.0,1.0,-6.973587103190258e-06,3.6302369800128036e-35,0.0,0.0,0.0,-2.958184021888501e-34
2026-08-24T01:59:12.375796,22.41,-4.490539981266719e-08,2.7168481288504264e-34,0.0,0.0,0.0,0.0,0.0,1.0,-8.981005487295139e-06,3.5209344978777e-35,0.0,0.0,0.0,-2.958184021888501e-34
2026-08-24T01:59:12.394215,22.43,8.658535874401421e-08,2.7137944421631616e-34,0.0,0.0,0.0,0.0,0.0,1.0,1.7317052953040902e-05,3.4016501242198877e-35,0.0,0.0,0.0,-2.958184021888501e-34
2026-08-24T01:59:12.414843,22.45,-1.585456206597973e-08,2.69798246129304e-34,0.0,0.0,0.0,0.0,0.0,1.0,-3.1709532868253954e-06,3.135987018495829e-35,0.0,0.0,0.0,5.916456789010857e-29
2026-08-24T01:59:12.435795,22.47,-5.274727114755823e-07,2.702596060060929e-34,0.0,0.0,0.0,0.0,0.0,1.0,-0.00010549427790122794,3.1119372270240614e-35,0.0,0.0,0.0,1.1832883996329404e-28
2026-08-24T01:59:12.455409,22.49,-3.9878798266512497e-07,2.693307045168801e-34,0.0,0.0,0.0,0.0,0.0,1.0,-7.975703238065977e-05,2.9267243119270874e-35,0.0,0.0,0.0,5.916456789306673e-29
2026-08-24T01:59:12.474667,22.51,1.299516278379204e-07,2.7080573575715376e-34,0.0,0.0,0.0,0.0,0.0,1.0,2.599057430947009e-05,3.0238679828042935e-35,0.0,0.0,0.0,2.958198812649844e-34
2026-08-24T01:59:12.495933,22.53,-3.2405579053276343e-07,2.6972976579565718e-34,0.0,0.0,0.0,0.0,0.0,1.0,-6.481110590599488e-05,2.8230392116599614e-35,0.0,0.0,0.0,-5.916486370851075e-29
2026-08-24T01:59:12.516487,22.55,-5.663430567736876e-07,2.7158225295229173e-34,0.0,0.0,0.0,0.0,0.0,1.0,-0.00011326809361991157,2.9657797022387156e-35,0.0,0.0,0.0,-5.916427207318548e-29
2026-08-24T01:59:12.535473,22.57,5.8515287675320946e-08,2.7239897132855885e-34,0.0,0.0,0.0,0.0,0.0,1.0,1.1703449500172923e-05,2.9859355757657944e-35,0.0,0.0,0.0,-5.916427207318547e-29
2026-08-24T01:59:12.554734,22.59,4.134087018869632e-07,2.7084013586922937e-34,0.0,0.0,0.0,0.0,0.0,1.0,8.268149985332784e-05,2.7297241857065787e-35,0.0,0.0,0.0,-5.916427207318547e-29
2026-08-24T01:59:12.574979,22.61,-2.971814462161785e-07,2.713564242325824e-34,0.0,0.0,0.0,0.0,0.0,1.0,-5.943643437623131e-05,2.7187826421979954e-35,0.0,0.0,0.0,-5.916427207318547e-29
2026-08-24T01:59:12.594085,22.63,-6.739224373765805e-07,2.711814986328693e-34,0.0,0.0,0.0,0.0,0.0,1.0,-0.00013478396667288833,2.627736003429441e-35,0.0,0.0,0.0,-2.95819881253774e-34
2026-08-24T01:59:12.616080,22.65,-5.238499124806111e-07,2.6928702937500598e-34,0.0,0.0,0.0,0.0,0.0,1.0,-0.00010476924129615317,2.3383364523802677e-35,0.0,0.0,0.0,-2.958184021888501e-34
2026-08-24T01:59:12.636426,22.67,-7.871960961104103e-07,2.695299737020733e-34,0.0,0.0,0.0,0.0,0.0,1.0,-0.00015743848092885239,2.301989886607623e-35,0.0,0.0,0.0,-2.958184021888501e-34
2026-08-24T01:59:12.654474,22.69,-4.013788598046658e-07,2.709409089290627e-34,0.0,0.0,0.0,0.0,0.0,1.0,-8.027500987505722e-05,2.40204158697413e-35,0.0,0.0,0.0,5.916456789008755e-29
2026-08-24T01:59:12.677098,22.71,-8.785611100536266e-07,2.679116190899939e-34,0.0,0.0,0.0,0.0,0.0,1.0,-0.0001757115114610899,1.9845362506050835e-35,0.0,0.0,0.0,5.916486370998983e-29
2026-08-24T01:59:12.694062,22.73,-6.424811852276554e-07,2.66762127049483e-34,0.0,0.0,0.0,0.0,0.0,1.0,-0.0001284953149828446,1.7921801218343425e-35,0.0,0.0,0.0,5.916456789158767e-29
2026-08-24T01:59:12.716362,22.75,-4.4509109680102135e-07,2.663859962990426e-34,0.0,0.0,0.0,0.0,0.0,1.0,-8.901753828031572e-05,1.692842760068e-35,0.0,0.0,0.0,5.916486370998983e-29
2026-08-24T01:59:12.735378,22.77,-9.174568736165579e-07,2.666528516997049e-34,0.0,0.0,0.0,0.0,0.0,1.0,-0.0001834906246849387,1.6699106600190976e-35,0.0,0.0,0.0,-2.9581692309029505e-34
2026-08-24T01:59:12.754638,22.79,-7.094705186775993e-07,2.6706361809008655e-34,0.0,0.0,0.0,0.0,0.0,1.0,-0.00014189308736316033,1.6641766156913028e-35,0.0,0.0,0.0,-7.39527517130426e-45
2026-08-24T01:59:12.775388,22.81,-6.75080063381954e-07,2.6785246299292344e-34,0.0,0.0,0.0,0.0,0.0,1.0,-0.0001350151741608256,1.702584590510615e-35,0.0,0.0,0.0,-1.972122681202949e-34
2026-08-24T01:59:12.794823,22.83,-2.479208860730265e-07,2.672474269127376e-34,0.0,0.0,0.0,0.0,0.0,1.0,-4.958358072583215e-05,1.578494817118338e-35,0.0,0.0,0.0,-1.9721226812590008e-34
2026-08-24T01:59:12.815001,22.85,-4.338640120813978e-08,2.6937324367559256e-34,0.0,0.0,0.0,0.0,0.0,1.0,-8.677084560407354e-06,1.7738601385544854e-35,0.0,0.0,0.0,-1.9721226812590008e-34
2026-08-24T01:59:12.834897,22.87,-1.1290277425233024e-07,2.687833354105433e-34,0.0,0.0,0.0,0.0,0.0,1.0,-2.2580459355329775e-05,1.6506209111034865e-35,0.0,0.0,0.0,-1.9721226812590008e-34
2026-08-24T01:59:12.854282,22.89,5.102446396520769e-07,2.6829693691175725e-34,0.0,0.0,0.0,0.0,0.0,1.0,0.00010204877263269477,1.5414618725202894e-35,0.0,0.0,0.0,-1.9721226812590008e-34
2026-08-24T01:59:12.876002,22.91,-1.280342879126113e-07,2.6886808971377136e-34,0.0,0.0,0.0,0.0,0.0,1.0,-2.560718395779916e-05,1.5570473730954873e-35,0.0,0.0,0.0,-1.9721226812590008e-34
2026-08-24T01:59:12.894270,22.93,-8.488560982468642e-07,2.6603998781768216e-34,0.0,0.0,0.0,0.0,0.0,1.0,-0.00016977073947093693,1.1774297078134952e-35,0.0,0.0,0.0,-1.9721226812590008e-34
2026-08-24T01:59:12.916827,22.95,-8.907040811220692e-07,2.650929794968447e-34,0.0,0.0,0.0,0.0,0.0,1.0,-0.00017813979367247844,1.0225513019106022e-35,0.0,0.0,0.0,-1.9721226812590008e-34
2026-08-24T01:59:12.935351,22.97,-3.9129943220984444e-07,2.637630791959084e-34,0.0,0.0,0.0,0.0,0.0,1.0,-7.825905511988966e-05,8.257527901258767e-36,0.0,0.0,0.0,-1.9721226812590008e-34
2026-08-24T01:59:12.954036,22.99,-1.1327192962748076e-06,2.604010077855752e-34,0.0,0.0,0.0,0.0,0.0,1.0,-0.00022654303792205908,3.960217613715565e-36,0.0,0.0,0.0,-3.944304526007239e-29
2026-08-24T01:59:12.975243,23.01,-3.040945615377277e-07,2.5968600785634218e-34,0.0,0.0,0.0,0.0,0.0,1.0,-6.081795681250012e-05,2.8088418560761768e-36,0.0,0.0,0.0,3.944304525907231e-29
2026-08-24T01:59:12.996719,23.03,1.089396520081112e-07,2.590412974881978e-34,0.0,0.0,0.0,0.0,0.0,1.0,2.178813239220821e-05,1.7590829353023414e-36,0.0,0.0,0.0,7.888589330886271e-29
2026-08-24T01:59:13.016643,23.05,3.7668196176746323e-07,2.584362441156283e-34,0.0,0.0,0.0,0.0,0.0,1.0,7.533613892866404e-05,7.737834653976499e-37,0.0,0.0,0.0,3.9443045262044486e-29
2026-08-24T01:59:13.036565,23.07,1.0117980353883195e-06,2.5804446828915895e-34,0.0,0.0,0.0,0.0,0.0,1.0,0.00020235886829271966,5.375525102188036e-38,0.0,0.0,0.0,7.888589330886271e-29
2026-08-24T01:59:13.054141,23.09,-1.409230023549467e-07,2.583763610063232e-34,0.0,0.0,0.0,0.0,0.0,1.0,-2.8185265846894732e-05,1.8803283551636028e-37,0.0,0.0,0.0,3.9443045262044486e-29
2026-08-24T01:59:13.074879,23.11,-3.9419580715811967e-07,2.605474255506542e-34,0.0,0.0,0.0,0.0,0.0,1.0,-7.88388928473359e-05,2.4595953950103796e-36,0.0,0.0,0.0,-3.94428480468182e-29
2026-08-24T01:59:13.095201,23.13,-5.191592842583408e-07,2.626267248323749e-34,0.0,0.0,0.0,0.0,0.0,1.0,-0.00010383131904380234,4.59044182698869e-36,0.0,0.0,0.0,1.972112820658019e-34
2026-08-24T01:59:13.115461,23.15,1.0992518863526907e-07,2.6240770838850258e-34,0.0,0.0,0.0,0.0,0.0,1.0,2.1985363027087866e-05,4.0181533275421545e-36,0.0,0.0,0.0,-1.972122681146897e-34
2026-08-24T01:59:13.135796,23.17,2.96251755239918e-07,2.6333937143283417e-34,0.0,0.0,0.0,0.0,0.0,1.0,5.9250135370930926e-05,4.79384785866813e-36,0.0,0.0,0.0,-1.9721226812590008e-34
2026-08-24T01:59:13.154431,23.19,4.1769378568077875e-07,2.630174395241382e-34,0.0,0.0,0.0,0.0,0.0,1.0,8.353832264731483e-05,4.101924796368337e-36,0.0,0.0,0.0,-1.9721226812590008e-34
2026-08-24T01:59:13.174667,23.21,3.1463392780991645e-07,2.6346010966740776e-34,0.0,0.0,0.0,0.0,0.0,1.0,6.292635886819056e-05,4.311133351212279e-36,0.0,0.0,0.0,-1.9721226812590008e-34
2026-08-24T01:59:13.194601,23.23,1.2565458292727536e-07,2.6395478651485426e-34,0.0,0.0,0.0,0.0,0.0,1.0,2.513062173737749e-05,4.579054851539962e-36,0.0,0.0,0.0,-1.9721226812590008e-34
2026-08-24T01:59:13.216280,23.25,-6.825275061510205e-07,2.6440324933433063e-34,0.0,0.0,0.0,0.0,0.0,1.0,-0.0001365052603095099,4.790582827447221e-36,0.0,0.0,0.0,-1.9721226812590008e-34
2026-08-24T01:59:13.238027,23.27,-3.3924263373245896e-07,2.6478642155120403e-34,0.0,0.0,0.0,0.0,0.0,1.0,-6.784787315226025e-05,4.924411204712315e-36,0.0,0.0,0.0,-1.9721226812590008e-34
2026-08-24T01:59:13.256149,23.29,-7.043438680180065e-08,2.6267702611421423e-34,0.0,0.0,0.0,0.0,0.0,1.0,-1.4086575618384104e-05,2.1607085772050104e-36,0.0,0.0,0.0,-1.9721226812590008e-34
2026-08-24T01:59:13.275053,23.31,1.1572546693339732e-07,2.620766736941814e-34,0.0,0.0,0.0,0.0,0.0,1.0,2.314508483024458e-05,1.1960425512856086e-36,0.0,0.0,0.0,-1.9721226812590008e-34
2026-08-24T01:59:13.294467,23.33,3.1557039931751573e-07,2.620039914855068e-34,0.0,0.0,0.0,0.0,0.0,1.0,6.311384036641329e-05,8.615316327828794e-37,0.0,0.0,0.0,-1.9721226812590008e-34
2026-08-24T01:59:13.318275,23.35,6.81662880844667e-07,2.610673327303464e-34,0.0,0.0,0.0,0.0,0.0,1.0,0.00013633203639657558,-4.701519669745482e-37,0.0,0.0,0.0,-1.9721226812590008e-34
2026-08-24T01:59:13.336388,23.37,6.903952548597038e-07,2.5922310284143374e-34,0.0,0.0,0.0,0.0,0.0,1.0,0.0001380782274889223,-2.8338990810401195e-36,0.0,0.0,0.0,-1.9721226812590008e-34
2026-08-24T01:59:13.355164,23.39,1.0149376336968362e-07,2.5820426050726343e-34,0.0,0.0,0.0,0.0,0.0,1.0,2.0298195141158184e-05,-4.19924178204024e-36,0.0,0.0,0.0,-3.944304526007239e-29
2026-08-24T01:59:13.376034,23.41,2.626696656820807e-07,2.5679480506318835e-34,0.0,0.0,0.0,0.0,0.0,1.0,5.2533740031950995e-05,-5.9951142632592604e-36,0.0,0.0,0.0,-3.944284804879032e-29
2026-08-24T01:59:13.395065,23.43,-3.32730272262272e-07,2.5670510092916533e-34,0.0,0.0,0.0,0.0,0.0,1.0,-6.65460836383777e-05,-6.226820916417665e-36,0.0,0.0,0.0,-7.888569609659458e-29
2026-08-24T01:59:13.415530,23.45,-4.571999624852312e-08,2.5752215473089617e-34,0.0,0.0,0.0,0.0,0.0,1.0,-9.143738835682764e-06,-5.3990027566610324e-36,0.0,0.0,0.0,-7.888628773438498e-29
2026-08-24T01:59:13.436151,23.47,1.426261167766391e-07,2.566278534797702e-34,0.0,0.0,0.0,0.0,0.0,1.0,2.852518484290105e-05,-6.571248643569686e-36,0.0,0.0,0.0,-1.1832893856992114e-28
2026-08-24T01:59:13.454595,23.49,9.673663610483684e-07,2.5843609393498052e-34,0.0,0.0,0.0,0.0,0.0,1.0,0.00019347270598607386,-4.582057859417936e-36,0.0,0.0,0.0,-3.9442848050762426e-29
2026-08-24T01:59:13.475887,23.51,3.854055199071738e-07,2.575645872242724e-34,0.0,0.0,0.0,0.0,0.0,1.0,7.708023507516307e-05,-5.736795708362365e-36,0.0,0.0,0.0,-3.94428480487763e-29
2026-08-24T01:59:13.494012,23.53,2.674745855511043e-07,2.572905530474363e-34,0.0,0.0,0.0,0.0,0.0,1.0,5.349448849801477e-05,-6.177008629190155e-36,0.0,0.0,0.0,-3.944284804879031e-29
2026-08-24T01:59:13.515438,23.55,-5.091267205474382e-07,2.5953500650363156e-34,0.0,0.0,0.0,0.0,0.0,1.0,-0.00010182531858291251,-3.6812982031763536e-36,0.0,0.0,0.0,-3.944284804879031e-29
2026-08-24T01:59:13.535318,23.57,-6.111224340404789e-07,2.5841297408308942e-34,0.0,0.0,0.0,0.0,0.0,1.0,-0.000122223847441976,-5.1357355648512005e-36,0.0,0.0,0.0,-3.944284804879031e-29
2026-08-24T01:59:13.554936,23.59,-3.809802838013755e-07,2.5718296139326123e-34,0.0,0.0,0.0,0.0,0.0,1.0,-7.61954336107941e-05,-6.690895131455965e-36,0.0,0.0,0.0,-3.944284804879031e-29
2026-08-24T01:59:13.575086,23.61,-2.93201197229567e-07,2.572655466459079e-34,0.0,0.0,0.0,0.0,0.0,1.0,-5.863981705054627e-05,-6.694087651045266e-36,0.0,0.0,0.0,-3.944284804879031e-29
2026-08-24T01:59:13.593897,23.63,-1.1575697289506797e-07,2.5635429901315708e-34,0.0,0.0,0.0,0.0,0.0,1.0,-2.3151132901443657e-05,-7.850370346767883e-36,0.0,0.0,0.0,-3.944284804879031e-29
2026-08-24T01:59:13.616218,23.65,3.7530061197816966e-07,2.557698272834913e-34,0.0,0.0,0.0,0.0,0.0,1.0,7.506003804720124e-05,-8.606680148971032e-36,0.0,0.0,0.0,-3.944284804879031e-29
2026-08-24T01:59:13.635459,23.67,-1.9088002464691936e-08,2.566427463258955e-34,0.0,0.0,0.0,0.0,0.0,1.0,-3.81788623544236e-06,-7.65526553425433e-36,0.0,0.0,0.0,-3.94428480487763e-29
2026-08-24T01:59:13.654215,23.69,-1.9364985722974414e-07,2.558254595989524e-34,0.0,0.0,0.0,0.0,0.0,1.0,-3.872985636528323e-05,-8.681314646510566e-36,0.0,0.0,0.0,-3.94428480487763e-29
2026-08-24T01:59:13.676844,23.71,4.3942195316822566e-08,2.560142581715781e-34,0.0,0.0,0.0,0.0,0.0,1.0,8.788566394852793e-06,-8.519931605698263e-36,0.0,0.0,0.0,-3.944284804879031e-29
2026-08-24T01:59:13.694611,23.73,4.886953280685681e-07,2.5748422251510265e-34,0.0,0.0,0.0,0.0,0.0,1.0,9.773881283584153e-05,-6.8701472228544e-36,0.0,0.0,0.0,-3.944284804879031e-29
2026-08-24T01:59:13.715464,23.75,-1.410362565823253e-07,2.560427798376769e-34,0.0,0.0,0.0,0.0,0.0,1.0,-2.82075423411204e-05,-8.628227800051158e-36,0.0,0.0,0.0,-1.9721325416918268e-34
2026-08-24T01:59:13.735350,23.77,-6.872152768236936e-07,2.577891407743358e-34,0.0,0.0,0.0,0.0,0.0,1.0,-0.00013744264555858818,-6.651743831900036e-36,0.0,0.0,0.0,1.972122681146897e-34
2026-08-24T01:59:13.754340,23.79,-4.757241369057387e-07,2.588043957714061e-34,0.0,0.0,0.0,0.0,0.0,1.0,-9.514411249172573e-05,-5.554317637419078e-36,0.0,0.0,0.0,3.9442650835536137e-29
2026-08-24T01:59:13.775257,23.81,-1.0016198756759368e-07,2.593519016312203e-34,0.0,0.0,0.0,0.0,0.0,1.0,-2.003200597209323e-05,-5.0160927047589566e-36,0.0,0.0,0.0,-3.9442848046818214e-29
2026-08-24T01:59:13.794220,23.82,-2.052982867907639e-13,2.592222345204193e-34,0.0,0.0,0.0,0.0,0.0,1.0,-5.5066994758030595e-11,-5.220625211226203e-36,0.0,0.0,0.0,7.88854988833404e-29
2026-08-24T01:59:13.815649,23.85,4.0557555399164606e-07,2.581835003521258e-34,0.0,0.0,0.0,0.0,0.0,1.0,8.111459061297187e-05,-6.5771636074938e-36,0.0,0.0,0.0,-3.944284804877629e-29
2026-08-24T01:59:13.837693,23.87,2.7869048636690744e-07,2.5751587128215944e-34,0.0,0.0,0.0,0.0,0.0,1.0,5.5737662759115e-05,-7.429977232807096e-36,0.0,0.0,0.0,1.972112820658019e-34
2026-08-24T01:59:13.854166,23.89,-6.612207668792145e-07,2.5871598511548755e-34,0.0,0.0,0.0,0.0,0.0,1.0,-0.00013224405560756519,-6.096843171442204e-36,0.0,0.0,0.0,7.88854988833404e-29
2026-08-24T01:59:13.875248,23.91,-1.3346775939028783e-07,2.5879097611447685e-34,0.0,0.0,0.0,0.0,0.0,1.0,-2.6693023776215405e-05,-6.090673663838973e-36,0.0,0.0,0.0,-1.972102960225193e-34
2026-08-24T01:59:13.895425,23.93,-2.7238042316689996e-07,2.5849395030430257e-34,0.0,0.0,0.0,0.0,0.0,1.0,-5.447585561124012e-05,-6.51529402858989e-36,0.0,0.0,0.0,3.944265083553614e-29
2026-08-24T01:59:13.916773,23.95,3.1292255911149557e-07,2.6036709602201207e-34,0.0,0.0,0.0,0.0,0.0,1.0,6.258455727758632e-05,-4.4093149588564615e-36,0.0,0.0,0.0,-3.9442848046818214e-29
2026-08-24T01:59:13.936052,23.97,6.553008872166069e-07,2.622182474692872e-34,0.0,0.0,0.0,0.0,0.0,1.0,0.00013105964820898523,-2.3605305328364204e-36,0.0,0.0,0.0,-3.944245362425407e-29
2026-08-24T01:59:13.954971,23.99,4.593161382905309e-07,2.614743984649296e-34,0.0,0.0,0.0,0.0,0.0,1.0,9.186254055106215e-05,-3.3585734163011245e-36,0.0,0.0,0.0,-3.94428480487903e-29
2026-08-24T01:59:13.975069,24.01,3.602384266024923e-07,2.6157951340011586e-34,0.0,0.0,0.0,0.0,0.0,1.0,7.204718265133416e-05,-3.352731164155132e-36,0.0,0.0,0.0,1.972112820658019e-34
2026-08-24T01:59:13.996282,24.03,5.063906759461727e-07,2.634627881575172e-34,0.0,0.0,0.0,0.0,0.0,1.0,0.00010127762245319562,-1.2789018406493734e-36,0.0,0.0,0.0,7.88854988833404e-29
2026-08-24T01:59:14.015174,24.05,8.169914572153053e-08,2.6250439860644907e-34,0.0,0.0,0.0,0.0,0.0,1.0,1.6339413585961242e-05,-2.539066478153163e-36,0.0,0.0,0.0,-3.9443045258100285e-29
2026-08-24T01:59:14.035081,24.07,-3.5443756052851916e-08,2.620106319099489e-34,0.0,0.0,0.0,0.0,0.0,1.0,-7.088790490713191e-06,-3.237983654068437e-36,0.0,0.0,0.0,3.94428480468182e-29
2026-08-24T01:59:14.055364,24.09,8.163078836784413e-07,2.6292535753925227e-34,0.0,0.0,0.0,0.0,0.0,1.0,0.0001632612210449784,-2.287482035008233e-36,0.0,0.0,0.0,-3.944284804681821e-29
2026-08-24T01:59:14.074876,24.11,2.494267037337874e-07,2.6185121960988743e-34,0.0,0.0,0.0,0.0,0.0,1.0,4.988463635029208e-05,-3.6621025729140295e-36,0.0,0.0,0.0,1.972112820658019e-34
2026-08-24T01:59:14.094080,24.13,-1.547940423134239e-07,2.631773683901768e-34,0.0,0.0,0.0,0.0,0.0,1.0,-3.095894707089913e-05,-2.223967324771457e-36,0.0,0.0,0.0,7.88854988833404e-29
2026-08-24T01:59:14.117165,24.15,1.6287318057186436e-07,2.6293369942539357e-34,0.0,0.0,0.0,0.0,0.0,1.0,3.257466951359938e-05,-2.631638313121562e-36,0.0,0.0,0.0,3.9442256412972e-29
2026-08-24T01:59:14.138260,24.17,-1.8320437718230716e-07,2.6259042138164605e-34,0.0,0.0,0.0,0.0,0.0,1.0,-3.664090925589452e-05,-3.1473058359517414e-36,0.0,0.0,0.0,-9.860514802247003e-35
2026-08-24T01:59:14.154065,24.19,-5.38129423466074e-07,2.642950810504759e-34,0.0,0.0,0.0,0.0,0.0,1.0,-0.00010762550760918774,-1.273321052027797e-36,0.0,0.0,0.0,-1.9721325417768074e-29
2026-08-24T01:59:14.174642,24.21,3.1880864432616034e-07,2.6395061757547148e-34,0.0,0.0,0.0,0.0,0.0,1.0,6.376195459687305e-05,-1.8091543587898477e-36,0.0,0.0,0.0,1.9721424023409107e-29
2026-08-24T01:59:14.196042,24.23,-1.9071887733103986e-08,2.6273244435882306e-34,0.0,0.0,0.0,0.0,0.0,1.0,-3.8145901037747786e-06,-3.350718218548542e-36,0.0,0.0,0.0,-1.9721424023409104e-29
2026-08-24T01:59:14.215498,24.25,-3.1229113916708413e-07,2.625752664546426e-34,0.0,0.0,0.0,0.0,0.0,1.0,-6.24580580765707e-05,-3.633528361859554e-36,0.0,0.0,0.0,1.9721424023409104e-29
2026-08-24T01:59:14.234676,24.27,-4.4744985774703024e-08,2.6302574058225675e-34,0.0,0.0,0.0,0.0,0.0,1.0,-8.948718892201163e-06,-3.2043006510857806e-36,0.0,0.0,0.0,-9.860564103290095e-35
2026-08-24T01:59:14.254462,24.29,-2.7429542492815884e-07,2.6365532265998755e-34,0.0,0.0,0.0,0.0,0.0,1.0,-5.485890852717945e-05,-2.5723536060601057e-36,0.0,0.0,0.0,3.9442749441670194e-29
2026-08-24T01:59:14.275885,24.31,-8.48562404949383e-07,2.646913144987388e-34,0.0,0.0,0.0,0.0,0.0,1.0,-0.0001697118938681466,-1.4767518323737512e-36,0.0,0.0,0.0,-9.860514801125965e-35
2026-08-24T01:59:14.294892,24.33,-8.028703654166109e-07,2.6342387864256363e-34,0.0,0.0,0.0,0.0,0.0,1.0,-0.00016057309150187596,-3.0743081007996504e-36,0.0,0.0,0.0,-1.9721325417768074e-29
2026-08-24T01:59:14.316357,24.35,-1.8707549342010903e-07,2.6176052172366404e-34,0.0,0.0,0.0,0.0,0.0,1.0,-3.741441983397878e-05,-5.105554311289779e-36,0.0,0.0,0.0,-1.9721424024388147e-29
2026-08-24T01:59:14.334635,24.37,6.934113280914865e-08,2.6007832007050017e-34,0.0,0.0,0.0,0.0,0.0,1.0,1.386832052671839e-05,-7.125304974027416e-36,0.0,0.0,0.0,-1.972122681212704e-29
2026-08-24T01:59:14.354796,24.39,7.605189599330662e-08,2.607526030130612e-34,0.0,0.0,0.0,0.0,0.0,1.0,1.521032399426812e-05,-6.372975751089588e-36,0.0,0.0,0.0,1.972142402340911e-29
2026-08-24T01:59:14.375350,24.41,-5.948283022387428e-07,2.5963943014373373e-34,0.0,0.0,0.0,0.0,0.0,1.0,-0.00011896543254945488,-7.708485721959264e-36,0.0,0.0,0.0,-9.860564103290095e-35
2026-08-24T01:59:14.395257,24.43,-5.422662564932993e-07,2.5814407691883238e-34,0.0,0.0,0.0,0.0,0.0,1.0,-0.00010845256454998956,-9.465626540811044e-36,0.0,0.0,0.0,1.9721325417768074e-29
2026-08-24T01:59:14.415807,24.45,2.51499221439507e-07,2.5648798778966694e-34,0.0,0.0,0.0,0.0,0.0,1.0,5.030011364164946e-05,-1.1380298713121548e-35,0.0,0.0,0.0,-1.9721424023409107e-29
2026-08-24T01:59:14.434834,24.47,-2.513917475485349e-07,2.549880815032886e-34,0.0,0.0,0.0,0.0,0.0,1.0,-5.027840216561245e-05,-1.3081593890726435e-35,0.0,0.0,0.0,-1.9721226812127036e-29
2026-08-24T01:59:14.454449,24.49,1.2864112421364815e-07,2.5576142919301477e-34,0.0,0.0,0.0,0.0,0.0,1.0,2.5728365385201623e-05,-1.211228272773351e-35,0.0,0.0,0.0,-1.972142402439515e-29
2026-08-24T01:59:14.476894,24.51,-6.253370411889151e-07,2.5524540643504873e-34,0.0,0.0,0.0,0.0,0.0,1.0,-0.0001250671992670146,-1.2655080793132878e-35,0.0,0.0,0.0,9.860564103290095e-35
2026-08-24T01:59:14.498213,24.53,-1.1797870770379752e-07,2.574188170827871e-34,0.0,0.0,0.0,0.0,0.0,1.0,-2.3595241007358283e-05,-1.0061885283882572e-35,0.0,0.0,0.0,-9.860613405734484e-35
2026-08-24T01:59:14.515115,24.55,-2.6624598437523605e-07,2.5844797707836176e-34,0.0,0.0,0.0,0.0,0.0,1.0,-5.3248980510257814e-05,-8.837867935456182e-36,0.0,0.0,0.0,9.860613405734484e-35
2026-08-24T01:59:14.535333,24.57,-1.7324220292734018e-08,2.5831416430653147e-34,0.0,0.0,0.0,0.0,0.0,1.0,-3.464662291123414e-06,-8.98329296720738e-36,0.0,0.0,0.0,1.9721325417768068e-29
2026-08-24T01:59:14.554155,24.59,-3.608006144200911e-07,2.590550549821606e-34,0.0,0.0,0.0,0.0,0.0,1.0,-7.215993927631468e-05,-8.108349358232996e-36,0.0,0.0,0.0,-1.9721424023409107e-29
2026-08-24T01:59:14.575556,24.61,2.3906787950480587e-07,2.5907702900835694e-34,0.0,0.0,0.0,0.0,0.0,1.0,4.7813708166239094e-05,-8.081318448588046e-36,0.0,0.0,0.0,1.9721424023409104e-29
2026-08-24T01:59:14.594697,24.63,-6.132866567175214e-07,2.584723223194288e-34,0.0,0.0,0.0,0.0,0.0,1.0,-0.00012265723996064237,-8.781652112336966e-36,0.0,0.0,0.0,-1.9721424023409104e-29
2026-08-24T01:59:14.615135,24.65,-4.0482804161317636e-07,2.5939108951176215e-34,0.0,0.0,0.0,0.0,0.0,1.0,-8.09649582655764e-05,-7.698900605238292e-36,0.0,0.0,0.0,1.9721424023409104e-29
2026-08-24T01:59:14.638173,24.67,2.3603130676144234e-08,2.6305420672727595e-34,0.0,0.0,0.0,0.0,0.0,1.0,4.720916861390316e-06,-3.4423036278859084e-36,0.0,0.0,0.0,-9.860564103290095e-35
2026-08-24T01:59:14.655359,24.69,-2.3538262316602472e-07,2.650833816989284e-34,0.0,0.0,0.0,0.0,0.0,1.0,-4.707643430088582e-05,-1.1506764401320735e-36,0.0,0.0,0.0,9.860613405734484e-35
2026-08-24T01:59:14.674868,24.7,-6.306080259580779e-13,2.631697308814267e-34,0.0,0.0,0.0,0.0,0.0,1.0,-2.9400979222509465e-10,-3.443611737205703e-36,0.0,0.0,0.0,-1.9721424023409104e-29
2026-08-24T01:59:14.694554,24.73,-2.667005148116672e-07,2.638910659308162e-34,0.0,0.0,0.0,0.0,0.0,1.0,-5.3339588522107796e-05,-2.701751526668802e-36,0.0,0.0,0.0,-1.972122681212704e-29
2026-08-24T01:59:14.715483,24.75,3.207890651774777e-07,2.6997320296152477e-34,0.0,0.0,0.0,0.0,0.0,1.0,6.41578882000366e-05,4.291771109472961e-36,0.0,0.0,0.0,1.972142402340911e-29
2026-08-24T01:59:14.738303,24.78,-2.0886928459586615e-13,2.669002615032539e-34,0.0,0.0,0.0,0.0,0.0,1.0,-4.6123389589120206e-11,4.453575294212431e-37,0.0,0.0,0.0,-9.860564103290095e-35
2026-08-24T01:59:14.754419,24.79,2.733704065343488e-07,2.669044300366999e-34,0.0,0.0,0.0,0.0,0.0,1.0,5.4674034286533396e-05,3.883491589549734e-37,0.0,0.0,0.0,3.9442749441670194e-29
2026-08-24T01:59:14.777017,24.81,-5.766864451388522e-07,2.6978466080519508e-34,0.0,0.0,0.0,0.0,0.0,1.0,-0.00011533720280188834,3.614100934469916e-36,0.0,0.0,0.0,-9.860514801125965e-35
2026-08-24T01:59:14.798288,24.83,-8.30925276569167e-07,2.685324338550591e-34,0.0,0.0,0.0,0.0,0.0,1.0,-0.00016618426445429656,1.986849142839809e-36,0.0,0.0,0.0,1.972132541776807e-29
2026-08-24T01:59:14.815860,24.85,2.0410812645924392e-08,2.6979393456769707e-34,0.0,0.0,0.0,0.0,0.0,1.0,4.0827430908098585e-06,3.3075038034973135e-36,0.0,0.0,0.0,-1.97214240234021e-29
2026-08-24T01:59:14.836278,24.87,3.2133832073691706e-07,2.726216900050294e-34,0.0,0.0,0.0,0.0,0.0,1.0,6.426751526674382e-05,6.428356864970861e-36,0.0,0.0,0.0,-1.9721226812127047e-29
2026-08-24T01:59:14.854935,24.89,1.5547201256972272e-07,2.751532121674262e-34,0.0,0.0,0.0,0.0,0.0,1.0,3.1094103994154783e-05,9.156233421683539e-36,0.0,0.0,0.0,-1.972142402439515e-29
2026-08-24T01:59:14.875139,24.91,5.075544991062256e-07,2.7917103935894543e-34,0.0,0.0,0.0,0.0,0.0,1.0,0.00010151054035805968,1.3568875654353024e-35,0.0,0.0,0.0,9.860564103290095e-35
2026-08-24T01:59:14.897639,24.93,2.3093883009992458e-07,2.8135466783357295e-34,0.0,0.0,0.0,0.0,0.0,1.0,4.6187329017065834e-05,1.5780318266184105e-35,0.0,0.0,0.0,3.944274944167021e-29
2026-08-24T01:59:14.916783,24.95,-1.0472845796380425e-07,2.7890531685565154e-34,0.0,0.0,0.0,0.0,0.0,1.0,-2.094581977124309e-05,1.2572315766451887e-35,0.0,0.0,0.0,-9.860514801125965e-35
2026-08-24T01:59:14.934925,24.97,-2.2672431892472358e-07,2.817823962428442e-34,0.0,0.0,0.0,0.0,0.0,1.0,-4.534469029321524e-05,1.5605504402116118e-35,0.0,0.0,0.0,1.972132541776807e-29
2026-08-24T01:59:14.955553,24.99,2.7050552185118527e-07,2.8704080061664172e-34,0.0,0.0,0.0,0.0,0.0,1.0,5.4101151478441765e-05,2.1358493373056568e-35,0.0,0.0,0.0,-1.9721424023409107e-29
2026-08-24T01:59:14.979022,25.01,-6.464089060030826e-07,2.8805368275718082e-34,0.0,0.0,0.0,0.0,0.0,1.0,-0.0001292816670322736,2.2086226419354755e-35,0.0,0.0,0.0,9.860564103290095e-35
2026-08-24T01:59:15.002217,25.03,-6.051729647543504e-07,2.8985151563681235e-34,0.0,0.0,0.0,0.0,0.0,1.0,-0.00012103387189917347,2.3714385039951988e-35,0.0,0.0,0.0,-9.860613405734484e-35
2026-08-24T01:59:15.022459,25.05,-5.962630563148383e-07,2.9395733528163256e-34,0.0,0.0,0.0,0.0,0.0,1.0,-0.00011925188652557918,2.799879882727066e-35,0.0,0.0,0.0,9.860613405734484e-35
2026-08-24T01:59:15.049097,25.07,-1.8633186975781505e-07,2.9659809305515014e-34,0.0,0.0,0.0,0.0,0.0,1.0,-3.726584677186414e-05,3.051224913262239e-35,0.0,0.0,0.0,-9.860613405734484e-35
2026-08-24T01:59:15.067930,25.09,3.7942094121994986e-07,2.996174736391997e-34,0.0,0.0,0.0,0.0,0.0,1.0,7.588412900312266e-05,3.342527977389938e-35,0.0,0.0,0.0,-1.9721128205499957e-29
2026-08-24T01:59:15.085663,25.11,-1.7410027400563144e-07,2.9975327048224272e-34,0.0,0.0,0.0,0.0,0.0,1.0,-3.4820226013440624e-05,3.294002517344342e-35,0.0,0.0,0.0,-1.972142402439515e-29
2026-08-24T01:59:15.105627,25.13,-3.560088079471352e-07,2.956132567438952e-34,0.0,0.0,0.0,0.0,0.0,1.0,-7.120150241103501e-05,2.749199321530866e-35,0.0,0.0,0.0,-1.9721424024395156e-29
2026-08-24T01:59:15.126481,25.15,-2.2974619413996638e-07,2.944072900024275e-34,0.0,0.0,0.0,0.0,0.0,1.0,-4.594887927926717e-05,2.5539164024315275e-35,0.0,0.0,0.0,5.916427207121337e-29
2026-08-24T01:59:15.146818,25.17,-4.104134183887821e-07,2.9462426342769786e-34,0.0,0.0,0.0,0.0,0.0,1.0,-8.208234182216219e-05,2.527033133395134e-35,0.0,0.0,0.0,-9.860465498121056e-35
2026-08-24T01:59:15.166238,25.19,-3.2324440368152594e-08,2.945606798754813e-34,0.0,0.0,0.0,0.0,0.0,1.0,-6.464582430865396e-06,2.467913429848224e-35,0.0,0.0,0.0,-9.860613406295004e-35
2026-08-24T01:59:15.185655,25.21,4.836860408500131e-07,2.9682311133541596e-34,0.0,0.0,0.0,0.0,0.0,1.0,9.673700204384398e-05,2.680010778324669e-35,0.0,0.0,0.0,-9.860613406295004e-35
2026-08-24T01:59:15.205618,25.23,-3.182669207531714e-07,3.0213866630230338e-34,0.0,0.0,0.0,0.0,0.0,1.0,-6.365361182248778e-05,3.243545973950987e-35,0.0,0.0,0.0,-1.9721128205499957e-29
2026-08-24T01:59:15.225854,25.25,-2.1334652768654243e-07,3.0428187277715173e-34,0.0,0.0,0.0,0.0,0.0,1.0,-4.2668973208619696e-05,3.429411024778402e-35,0.0,0.0,0.0,-1.972142402439515e-29
2026-08-24T01:59:15.246198,25.27,5.970009007622012e-07,2.998842718680832e-34,0.0,0.0,0.0,0.0,0.0,1.0,0.00011940007071923163,2.8520576064393717e-35,0.0,0.0,0.0,-1.9721424024395156e-29
2026-08-24T01:59:15.266435,25.29,3.072462939802919e-07,3.050454176245592e-34,0.0,0.0,0.0,0.0,0.0,1.0,6.144868859215216e-05,3.3946730228403944e-35,0.0,0.0,0.0,7.888559748898144e-29
2026-08-24T01:59:15.288221,25.31,-2.3115714846109942e-07,3.0518695505396015e-34,0.0,0.0,0.0,0.0,0.0,1.0,-4.623154646116408e-05,3.345248653145879e-35,0.0,0.0,0.0,-1.972152262806409e-29
2026-08-24T01:59:15.309709,25.33,-4.1817592946759464e-07,3.0285581396088927e-34,0.0,0.0,0.0,0.0,0.0,1.0,-8.363482594368913e-05,3.009127567118258e-35,0.0,0.0,0.0,-1.972142402439516e-29
2026-08-24T01:59:15.327065,25.35,7.635089403704968e-08,3.0705604411682273e-34,0.0,0.0,0.0,0.0,0.0,1.0,1.5270449898454362e-05,3.437318503218474e-35,0.0,0.0,0.0,-1.972142402438815e-29
2026-08-24T01:59:15.349458,25.37,-4.0220404729789477e-07,3.1154483561170882e-34,0.0,0.0,0.0,0.0,0.0,1.0,-8.044068896725316e-05,3.892200115865753e-35,0.0,0.0,0.0,-1.9721128205992978e-29
2026-08-24T01:59:15.366757,25.39,-5.703137382561575e-07,3.11146786845025e-34,0.0,0.0,0.0,0.0,0.0,1.0,-0.00011406219685081261,3.7718298847909903e-35,0.0,0.0,0.0,-1.972142402439515e-29
2026-08-24T01:59:15.387075,25.41,7.531153371340412e-08,3.1507411482592424e-34,0.0,0.0,0.0,0.0,0.0,1.0,1.506267569696225e-05,4.1559454106777913e-35,0.0,0.0,0.0,5.916417346507931e-29
2026-08-24T01:59:15.405715,25.43,3.711661763273226e-07,3.140519876487499e-34,0.0,0.0,0.0,0.0,0.0,1.0,7.423300289289729e-05,3.958633978042478e-35,0.0,0.0,0.0,-9.860465498401315e-35
2026-08-24T01:59:15.425539,25.45,2.07001407827246e-07,3.134756099692407e-34,0.0,0.0,0.0,0.0,0.0,1.0,4.1399897933964794e-05,3.816112994066943e-35,0.0,0.0,0.0,-9.860613406295004e-35
2026-08-24T01:59:15.446290,25.47,6.978877368628687e-07,3.2147763438503058e-34,0.0,0.0,0.0,0.0,0.0,1.0,0.00013957707425662054,4.672723584550607e-35,0.0,0.0,0.0,-1.9721325417768068e-29
2026-08-24T01:59:15.466483,25.49,8.404566093784473e-07,3.209344025784768e-34,0.0,0.0,0.0,0.0,0.0,1.0,0.00016809042273589774,4.522523010311359e-35,0.0,0.0,0.0,-1.9721424024395153e-29
2026-08-24T01:59:15.486886,25.51,4.3498140315843323e-07,3.166204436870789e-34,0.0,0.0,0.0,0.0,0.0,1.0,8.699547660350914e-05,3.936293211462864e-35,0.0,0.0,0.0,-1.9721226812120035e-29
2026-08-24T01:59:15.505710,25.53,3.9784983422044944e-07,3.2302034688504714e-34,0.0,0.0,0.0,0.0,0.0,1.0,7.95694653029427e-05,4.6043715936097725e-35,0.0,0.0,0.0,1.972142402340911e-29
2026-08-24T01:59:15.529884,25.55,3.961603127610351e-07,3.2479212661383173e-34,0.0,0.0,0.0,0.0,0.0,1.0,7.923158798468899e-05,4.723875033372795e-35,0.0,0.0,0.0,-9.860564103290095e-35
2026-08-24T01:59:15.552268,25.57,1.1839775231201606e-07,3.231997799095492e-34,0.0,0.0,0.0,0.0,0.0,1.0,2.3679213409692517e-05,4.450347170679137e-35,0.0,0.0,0.0,1.9721325417768074e-29
2026-08-24T01:59:15.570558,25.59,1.9086031214455337e-07,3.302382485839416e-34,0.0,0.0,0.0,0.0,0.0,1.0,3.817189262720809e-05,5.184077724909356e-35,0.0,0.0,0.0,-1.9721424023409107e-29
2026-08-24T01:59:15.588782,25.61,-3.0598061593568257e-07,3.3279169862345368e-34,0.0,0.0,0.0,0.0,0.0,1.0,-6.119612955234645e-05,5.384801615158464e-35,0.0,0.0,0.0,-1.9721226812127036e-29
2026-08-24T01:59:15.610267,25.63,2.21348208586515e-08,3.3554306717651983e-34,0.0,0.0,0.0,0.0,0.0,1.0,4.427180976787704e-06,5.605169851680933e-35,0.0,0.0,0.0,1.972142402340911e-29
2026-08-24T01:59:15.627896,25.65,9.996997658988959e-08,3.360731723853143e-34,0.0,0.0,0.0,0.0,0.0,1.0,1.9993955492180368e-05,5.563699081616111e-35,0.0,0.0,0.0,-9.860564103290095e-35
2026-08-24T01:59:15.646106,25.67,2.4791854192523787e-08,3.4134459844035006e-34,0.0,0.0,0.0,0.0,0.0,1.0,4.9582830412816006e-06,6.073726795543716e-35,0.0,0.0,0.0,3.944274944165618e-29
2026-08-24T01:59:15.666707,25.69,-3.2027101556504104e-07,3.4337098591364718e-34,0.0,0.0,0.0,0.0,0.0,1.0,-6.405407526663794e-05,6.198342185355323e-35,0.0,0.0,0.0,-9.860514801125965e-35
2026-08-24T01:59:15.686843,25.71,-2.1180031520427976e-07,3.4692770727571304e-34,0.0,0.0,0.0,0.0,0.0,1.0,-4.2359714415736454e-05,6.498618100236391e-35,0.0,0.0,0.0,-1.9721325417768074e-29
2026-08-24T01:59:15.705712,25.73,-1.7196241601264585e-07,3.468660210315323e-34,0.0,0.0,0.0,0.0,0.0,1.0,-3.439225712603444e-05,6.37337277733582e-35,0.0,0.0,0.0,-1.9721424024395153e-29
2026-08-24T01:59:15.725862,25.75,-6.019078659198181e-07,3.497462197499928e-34,0.0,0.0,0.0,0.0,0.0,1.0,-0.00012038116570232388,6.591772827391309e-35,0.0,0.0,0.0,-1.972122681212704e-29
2026-08-24T01:59:15.750396,25.77,4.064092987977673e-07,3.5332397558497962e-34,0.0,0.0,0.0,0.0,0.0,1.0,8.128211380308215e-05,6.887551608417714e-35,0.0,0.0,0.0,1.972142402340911e-29
2026-08-24T01:59:15.766689,25.79,-1.8805898169268355e-08,3.5560088129835854e-34,0.0,0.0,0.0,0.0,0.0,1.0,-3.761439361116804e-06,7.027215558858785e-35,0.0,0.0,0.0,-9.860564103290095e-35
2026-08-24T01:59:15.788457,25.81,-9.626824287945539e-07,3.525180748789794e-34,0.0,0.0,0.0,0.0,0.0,1.0,-0.00019253604099498707,6.541488646713582e-35,0.0,0.0,0.0,3.9442749441670194e-29
2026-08-24T01:59:15.806313,25.83,-3.561971529455061e-07,3.5569382126461565e-34,0.0,0.0,0.0,0.0,0.0,1.0,-7.12385427099405e-05,6.79055666031313e-35,0.0,0.0,0.0,-1.9721522629050143e-29
2026-08-24T01:59:15.826699,25.85,8.068200912893656e-08,3.6129758100325576e-34,0.0,0.0,0.0,0.0,0.0,1.0,1.61366417024527e-05,7.317634304765055e-35,0.0,0.0,0.0,-1.9721226812120035e-29
2026-08-24T01:59:15.846622,25.87,-4.820615705526721e-07,3.5956729527795412e-34,0.0,0.0,0.0,0.0,0.0,1.0,-9.641216017017226e-05,6.983744050207059e-35,0.0,0.0,0.0,-1.972142402439515e-29
2026-08-24T01:59:15.866596,25.89,-2.7033179958946635e-07,3.6401092237482773e-34,0.0,0.0,0.0,0.0,0.0,1.0,-5.4065901111310134e-05,7.372399976866768e-35,0.0,0.0,0.0,9.860564103290095e-35
2026-08-24T01:59:15.889980,25.91,-3.524440204090388e-07,3.6857051803967544e-34,0.0,0.0,0.0,0.0,0.0,1.0,-7.04884242245213e-05,7.768127996350381e-35,0.0,0.0,0.0,3.94427494416702e-29
2026-08-24T01:59:15.906590,25.93,1.1198735408676478e-07,3.6850250399256866e-34,0.0,0.0,0.0,0.0,0.0,1.0,2.2397652240431135e-05,7.619486977053827e-35,0.0,0.0,0.0,-9.860514801125965e-35
2026-08-24T01:59:15.925427,25.95,7.262066082817449e-07,3.6994097581055755e-34,0.0,0.0,0.0,0.0,0.0,1.0,0.00014524090239501026,7.647984462725557e-35,0.0,0.0,0.0,-1.9721325417768074e-29
2026-08-24T01:59:15.948138,25.97,-1.2850988552180404e-08,3.711415916848343e-34,0.0,0.0,0.0,0.0,0.0,1.0,-2.570709212714229e-06,7.648098249695158e-35,0.0,0.0,0.0,-1.9721424024395153e-29
2026-08-24T01:59:15.966565,25.99,-1.2443667925141655e-07,3.7337018801135867e-34,0.0,0.0,0.0,0.0,0.0,1.0,-2.4887286307717064e-05,7.767396201727871e-35,0.0,0.0,0.0,-1.972122681212704e-29
2026-08-24T01:59:15.987431,26.01,-1.5349678334646815e-07,3.775222293467976e-34,0.0,0.0,0.0,0.0,0.0,1.0,-3.069920550589523e-05,8.108068586573505e-35,0.0,0.0,0.0,1.9721424023402103e-29
2026-08-24T01:59:16.007598,26.04,-6.668564037338374e-13,3.806626391751325e-34,0.0,0.0,0.0,0.0,0.0,1.0,-2.1851768011976313e-10,8.250739795962017e-35,0.0,0.0,0.0,-9.860564103290095e-35
2026-08-24T01:59:16.025524,26.05,1.829961746184842e-07,3.814887628240304e-34,0.0,0.0,0.0,0.0,0.0,1.0,3.659939891174833e-05,8.271733181598799e-35,0.0,0.0,0.0,3.9442749441670194e-29
2026-08-24T01:59:16.046960,26.07,7.52429092883772e-07,3.857867193453167e-34,0.0,0.0,0.0,0.0,0.0,1.0,0.00015048534321820479,8.620478378780829e-35,0.0,0.0,0.0,-9.860514801125965e-35
2026-08-24T01:59:16.066482,26.09,-2.201616106634087e-07,3.935754867589015e-34,0.0,0.0,0.0,0.0,0.0,1.0,-4.403274351643032e-05,9.3691064559926e-35,0.0,0.0,0.0,-1.9721325417768074e-29
2026-08-24T01:59:16.085944,26.11,-1.8704018075464442e-07,3.953333666726658e-34,0.0,0.0,0.0,0.0,0.0,1.0,-3.7407812365582473e-05,9.404642685948214e-35,0.0,0.0,0.0,-1.9721424024395153e-29
2026-08-24T01:59:16.106465,26.13,-4.574676177116255e-08,4.014743083931823e-34,0.0,0.0,0.0,0.0,0.0,1.0,-9.149201910317337e-06,9.948657983413471e-35,0.0,0.0,0.0,9.860564103290095e-35
2026-08-24T01:59:16.126869,26.15,2.1833738183800112e-07,4.077619949210675e-34,0.0,0.0,0.0,0.0,0.0,1.0,4.366739687933937e-05,1.050075733951555e-34,0.0,0.0,0.0,3.94427494416702e-29
2026-08-24T01:59:16.151625,26.17,-2.7282258822111795e-07,4.114178932767198e-34,0.0,0.0,0.0,0.0,0.0,1.0,-5.456455070452606e-05,1.0737857810906038e-34,0.0,0.0,0.0,-9.860514801125965e-35
2026-08-24T01:59:16.166799,26.19,-3.757853268731489e-08,4.096200537002917e-34,0.0,0.0,0.0,0.0,0.0,1.0,-7.515491738100664e-06,1.0336939602448724e-34,0.0,0.0,0.0,-1.9721325417768074e-29
2026-08-24T01:59:16.187868,26.21,-3.948839662226734e-07,4.1375205888852555e-34,0.0,0.0,0.0,0.0,0.0,1.0,-7.897658026703502e-05,1.0631108653242062e-34,0.0,0.0,0.0,-1.9721424024395153e-29
2026-08-24T01:59:16.205474,26.23,4.3954824355423914e-08,4.206817509464208e-34,0.0,0.0,0.0,0.0,0.0,1.0,8.791233198184287e-06,1.1245371597826096e-34,0.0,0.0,0.0,-1.972122681212704e-29
2026-08-24T01:59:16.229495,26.25,1.2417755492536328e-07,4.239802756324348e-34,0.0,0.0,0.0,0.0,0.0,1.0,2.483542148731894e-05,1.1427476798610604e-34,0.0,0.0,0.0,1.972142402340911e-29
2026-08-24T01:59:16.245895,26.27,2.4493775602430755e-08,4.2550422753143145e-34,0.0,0.0,0.0,0.0,0.0,1.0,4.898627941463427e-06,1.1400005122384578e-34,0.0,0.0,0.0,-9.860564103290095e-35
2026-08-24T01:59:16.268497,26.29,-1.1827970029222575e-07,4.2923474622558614e-34,0.0,0.0,0.0,0.0,0.0,1.0,-2.3655893129264145e-05,1.1628961313107012e-34,0.0,0.0,0.0,3.9442749441670194e-29
2026-08-24T01:59:16.288017,26.31,-3.191523972371741e-07,4.286824611806708e-34,0.0,0.0,0.0,0.0,0.0,1.0,-6.383026068958993e-05,1.1356085562841526e-34,0.0,0.0,0.0,-9.860514801125965e-35
2026-08-24T01:59:16.309689,26.33,1.3504508180147491e-07,4.377310694296825e-34,0.0,0.0,0.0,0.0,0.0,1.0,2.700916278583591e-05,1.2202899791262492e-34,0.0,0.0,0.0,-1.9721325417768074e-29
2026-08-24T01:59:16.334141,26.35,1.8460593070930673e-07,4.375343126807933e-34,0.0,0.0,0.0,0.0,0.0,1.0,3.692100097328601e-05,1.1961360089146306e-34,0.0,0.0,0.0,-1.9721424024395153e-29
2026-08-24T01:59:16.360285,26.36,4.2241649041275504e-13,4.359357065636554e-34,0.0,0.0,0.0,0.0,0.0,1.0,2.194135267885611e-10,1.1665501883138248e-34,0.0,0.0,0.0,3.9442749441670194e-29
2026-08-24T01:59:16.376759,26.39,-2.809725597278273e-08,4.4338038766957605e-34,0.0,0.0,0.0,0.0,0.0,1.0,-5.619499195488048e-06,1.2213848212279525e-34,0.0,0.0,0.0,1.972142402340911e-29
2026-08-24T01:59:16.397801,26.41,1.839575691347263e-07,4.479260582811094e-34,0.0,0.0,0.0,0.0,0.0,1.0,3.679144499740845e-05,1.2521898460937908e-34,0.0,0.0,0.0,-9.860564103290095e-35
2026-08-24T01:59:16.416723,26.43,5.096545580201881e-07,4.4721076856678524e-34,0.0,0.0,0.0,0.0,0.0,1.0,0.0001019305361530322,1.2213157733703604e-34,0.0,0.0,0.0,1.9721325417768074e-29
2026-08-24T01:59:16.436651,26.45,1.0280569483257372e-06,4.537234590718175e-34,0.0,0.0,0.0,0.0,0.0,1.0,0.00020561055327718254,1.2748859957102743e-34,0.0,0.0,0.0,-1.9721424023409107e-29
2026-08-24T01:59:16.456576,26.47,1.315444199717628e-06,4.605971993362001e-34,0.0,0.0,0.0,0.0,0.0,1.0,0.0002630874820845279,1.3317581235691364e-34,0.0,0.0,0.0,-1.9721226812127036e-29
2026-08-24T01:59:16.477286,26.49,5.430581472145344e-07,4.61313510011281e-34,0.0,0.0,0.0,0.0,0.0,1.0,0.0001086104292359304,1.316118041718606e-34,0.0,0.0,0.0,-4.93020809856683e-40
2026-08-24T01:59:16.498162,26.51,-2.6316910778418843e-07,4.639265665636016e-34,0.0,0.0,0.0,0.0,0.0,1.0,-5.2634090328904544e-05,1.3227171619955039e-34,0.0,0.0,0.0,-1.2325273740179042e-50
2026-08-24T01:59:16.519512,26.53,-4.73656536147744e-07,4.651148783254377e-34,0.0,0.0,0.0,0.0,0.0,1.0,-9.473092299948245e-05,1.312601926472846e-34,0.0,0.0,0.0,-3.0812419478307378e-61
2026-08-24T01:59:16.535949,26.55,-2.921568190499282e-07,4.650841049750064e-34,0.0,0.0,0.0,0.0,0.0,1.0,-5.8430889645159524e-05,1.2884269044255789e-34,0.0,0.0,0.0,3.652501699778084e-66
2026-08-24T01:59:16.561898,26.57,2.63879845229305e-07,4.706224332979487e-34,0.0,0.0,0.0,0.0,0.0,1.0,5.277603626058851e-05,1.329309258302423e-34,0.0,0.0,0.0,-4.1692671716957713e-66
2026-08-24T01:59:16.576660,26.59,3.331535679032869e-07,4.69495797089412e-34,0.0,0.0,0.0,0.0,0.0,1.0,6.663036550600038e-05,1.2920347456627548e-34,0.0,0.0,0.0,-2.781068123085629e-66
2026-08-24T01:59:16.597129,26.61,-4.6956682336059564e-07,4.735365291147228e-34,0.0,0.0,0.0,0.0,0.0,1.0,-9.391338100111168e-05,1.3153555416851838e-34,0.0,0.0,0.0,2.0364321624862648e-66
2026-08-24T01:59:16.617785,26.63,-8.122578062236962e-08,4.793341036660722e-34,0.0,0.0,0.0,0.0,0.0,1.0,-1.624476473993894e-05,1.3586779147967331e-34,0.0,0.0,0.0,-6.059970919179031e-66
2026-08-24T01:59:16.636158,26.65,-1.6803944224843747e-07,4.835953219237754e-34,0.0,0.0,0.0,0.0,0.0,1.0,-3.360776904302364e-05,1.3834102959488645e-34,0.0,0.0,0.0,-1.0240251484527754e-66
2026-08-24T01:59:16.662119,26.67,-1.8081316780985947e-07,4.840228294739966e-34,0.0,0.0,0.0,0.0,0.0,1.0,-3.616242340135857e-05,1.3631442454150641e-34,0.0,0.0,0.0,7.021528793749012e-67
2026-08-24T01:59:16.677926,26.69,-5.41425177364725e-07,4.8770753554814665e-34,0.0,0.0,0.0,0.0,0.0,1.0,-0.00010828464359635132,1.3810025649834904e-34,0.0,0.0,0.0,-1.6214411851127577e-66
2026-08-24T01:59:16.696786,26.71,-3.7300906269597327e-08,4.939471702621167e-34,0.0,0.0,0.0,0.0,0.0,1.0,-7.459754893091452e-06,1.4282219191986753e-34,0.0,0.0,0.0,-7.463268122478235e-66
2026-08-24T01:59:16.717873,26.73,-2.2744186970117025e-07,4.921793887784997e-34,0.0,0.0,0.0,0.0,0.0,1.0,-4.548823698098557e-05,1.3815793676128492e-34,0.0,0.0,0.0,1.0347926238489116e-67
2026-08-24T01:59:16.736036,26.75,-5.255882475928352e-08,4.987005722492218e-34,0.0,0.0,0.0,0.0,0.0,1.0,-1.0511586171372395e-05,1.4319573117469928e-34,0.0,0.0,0.0,-4.1977964550487155e-66
2026-08-24T01:59:16.758697,26.77,4.986180394963688e-08,5.041766149525164e-34,0.0,0.0,0.0,0.0,0.0,1.0,9.97240005839046e-06,1.4693413135363713e-34,0.0,0.0,0.0,1.023262813933961e-67
2026-08-24T01:59:16.777886,26.79,1.687201278313708e-08,5.053895930938419e-34,0.0,0.0,0.0,0.0,0.0,1.0,3.374333923532426e-06,1.4565349820855939e-34,0.0,0.0,0.0,8.946790872009387e-67
2026-08-24T01:59:16.798016,26.81,6.154603966405116e-07,5.084371970926141e-34,0.0,0.0,0.0,0.0,0.0,1.0,0.0001230917586834246,1.4651991159589258e-34,0.0,0.0,0.0,9.686214144145099e-67
2026-08-24T01:59:16.818145,26.83,2.728677134116572e-07,5.076742609925935e-34,0.0,0.0,0.0,0.0,0.0,1.0,5.457298880077261e-05,1.4293858834658714e-34,0.0,0.0,0.0,-8.036100268664902e-66
2026-08-24T01:59:16.836448,26.85,3.228887331133828e-07,5.115921904171637e-34,0.0,0.0,0.0,0.0,0.0,1.0,6.457739157045948e-05,1.4484876500487446e-34,0.0,0.0,0.0,2.0639499270537358e-66
2026-08-24T01:59:16.859517,26.87,1.7802430668909694e-07,5.155701669964305e-34,0.0,0.0,0.0,0.0,0.0,1.0,3.5604528039521884e-05,1.4679341561465777e-34,0.0,0.0,0.0,2.2300963299022974e-66
2026-08-24T01:59:16.876293,26.89,-5.025983293979814e-07,5.220853967941223e-34,0.0,0.0,0.0,0.0,0.0,1.0,-0.00010051953437495613,1.5165099240316237e-34,0.0,0.0,0.0,3.105226975529711e-66
2026-08-24T01:59:16.899610,26.9,-8.131076094280166e-13,5.29309351375056e-34,0.0,0.0,0.0,0.0,0.0,1.0,-4.4124577416022163e-10,1.5870327131722433e-34,0.0,0.0,0.0,-2.918288703277384e-60
2026-08-24T01:59:16.916836,26.93,-4.5390911301781864e-07,5.370009446230724e-34,0.0,0.0,0.0,0.0,0.0,1.0,-9.078111037735733e-05,1.6326968125079527e-34,0.0,0.0,0.0,-1.0044438076665947e-65
2026-08-24T01:59:16.937649,26.95,-5.902772709814607e-07,5.386064504300919e-34,0.0,0.0,0.0,0.0,0.0,1.0,-0.00011805482915251347,1.6214393088215476e-34,0.0,0.0,0.0,2.0516172171601347e-68
2026-08-24T01:59:16.956755,26.97,-3.365113180959145e-07,5.399990788829617e-34,0.0,0.0,0.0,0.0,0.0,1.0,-6.730168562832695e-05,1.6078253321392273e-34,0.0,0.0,0.0,2.3608097970342813e-66
2026-08-24T01:59:16.976828,26.99,-9.62811569603164e-07,5.478533807648099e-34,0.0,0.0,0.0,0.0,0.0,1.0,-0.00019256161613990537,1.6694663901564962e-34,0.0,0.0,0.0,-7.975403028329337e-66
2026-08-24T01:59:16.997220,27.01,-1.9144787773368597e-07,5.550026177868262e-34,0.0,0.0,0.0,0.0,0.0,1.0,-3.8288792049857115e-05,1.7218800940896302e-34,0.0,0.0,0.0,-1.651273034035304e-65
2026-08-24T01:59:17.018010,27.03,-1.952576035405451e-07,5.5646457827274195e-34,0.0,0.0,0.0,0.0,0.0,1.0,-3.9051271266276974e-05,1.7073049615308902e-34,0.0,0.0,0.0,-3.5101708380277974e-67
2026-08-24T01:59:17.037387,27.05,-2.707895566129845e-07,5.554391396661914e-34,0.0,0.0,0.0,0.0,0.0,1.0,-5.415765250006304e-05,1.6639876245047612e-34,0.0,0.0,0.0,3.2251011464287846e-66
2026-08-24T01:59:17.058248,27.07,2.099444111259026e-07,5.577814456372848e-34,0.0,0.0,0.0,0.0,0.0,1.0,4.1988985683881865e-05,1.6604337394266207e-34,0.0,0.0,0.0,2.4833964197564886e-67
2026-08-24T01:59:17.076648,27.09,4.536883903534293e-07,5.621938202401999e-34,0.0,0.0,0.0,0.0,0.0,1.0,9.073731521755244e-05,1.6809354693100445e-34,0.0,0.0,0.0,2.0137825982999958e-66
2026-08-24T01:59:17.098423,27.11,-1.327010488978335e-07,5.612424805019022e-34,0.0,0.0,0.0,0.0,0.0,1.0,-2.6540481168504725e-05,1.6387159004141617e-34,0.0,0.0,0.0,-5.495223227863638e-66
2026-08-24T01:59:17.116825,27.13,-1.652107877219298e-07,5.661205336167457e-34,0.0,0.0,0.0,0.0,0.0,1.0,-3.304201631711514e-05,1.6648550938851488e-34,0.0,0.0,0.0,-1.6362039612993338e-66
2026-08-24T01:59:17.139315,27.15,1.6529206367009744e-07,5.696646243150267e-34,0.0,0.0,0.0,0.0,0.0,1.0,3.305848191810645e-05,1.6750206387461526e-34,0.0,0.0,0.0,-7.740091142174826e-67
2026-08-24T01:59:17.158794,27.17,-1.9698998625124204e-07,5.776040260627138e-34,0.0,0.0,0.0,0.0,0.0,1.0,-3.9398032078076474e-05,1.7360510464356088e-34,0.0,0.0,0.0,2.4817357497122167e-66
2026-08-24T01:59:17.177406,27.19,-1.8946828275573815e-07,5.800845012529781e-34,0.0,0.0,0.0,0.0,0.0,1.0,-3.789342117840226e-05,1.7326135717852293e-34,0.0,0.0,0.0,-2.212219495248771e-67
2026-08-24T01:59:17.198319,27.21,-2.2329571995962277e-07,5.8332007545840235e-34,0.0,0.0,0.0,0.0,0.0,1.0,-4.4658892771756796e-05,1.7379455965517627e-34,0.0,0.0,0.0,-8.768540801395517e-67
2026-08-24T01:59:17.218197,27.23,2.423726812987625e-08,5.8305425167340175e-34,0.0,0.0,0.0,0.0,0.0,1.0,4.8476083659042396e-06,1.7024391013302185e-34,0.0,0.0,0.0,2.058062447245809e-66
2026-08-24T01:59:17.236784,27.25,-3.9416370065067224e-07,5.890667462616283e-34,0.0,0.0,0.0,0.0,0.0,1.0,-7.883256452388606e-05,1.7404021849023284e-34,0.0,0.0,0.0,-8.03536394791214e-68
2026-08-24T01:59:17.256061,27.27,-9.218003770790344e-08,5.932971617844764e-34,0.0,0.0,0.0,0.0,0.0,1.0,-1.8435711514709905e-05,1.7569956121432857e-34,0.0,0.0,0.0,-2.151198652343133e-66
2026-08-24T01:59:17.276296,27.29,4.174864853618751e-07,5.913713893440982e-34,0.0,0.0,0.0,0.0,0.0,1.0,8.349716593668235e-05,1.7017187493807636e-34,0.0,0.0,0.0,2.0955170332309513e-66
2026-08-24T01:59:17.298686,27.31,2.9605838792607927e-07,5.958599963920315e-34,0.0,0.0,0.0,0.0,0.0,1.0,5.9211254090561104e-05,1.7218057224415031e-34,0.0,0.0,0.0,3.2352279741574555e-66
2026-08-24T01:59:17.322403,27.33,2.0124365776403213e-08,6.073674386353816e-34,0.0,0.0,0.0,0.0,0.0,1.0,4.0246264301631275e-06,1.8230933522954574e-34,0.0,0.0,0.0,7.021331811688435e-66
2026-08-24T01:59:17.339292,27.34,-7.933593596715763e-14,6.033511226957624e-34,0.0,0.0,0.0,0.0,0.0,1.0,-1.8419325465869407e-10,1.7588438657983827e-34,0.0,0.0,0.0,3.541899255447736e-61
2026-08-24T01:59:17.357116,27.37,-5.208603829037511e-07,6.092748801898586e-34,0.0,0.0,0.0,0.0,0.0,1.0,-0.00010417159632014928,1.777927587768617e-34,0.0,0.0,0.0,-2.4376239594529844e-66
2026-08-24T01:59:17.376597,27.39,6.953586445587765e-07,6.151869600208619e-34,0.0,0.0,0.0,0.0,0.0,1.0,0.00013907176271445623,1.8131197974637476e-34,0.0,0.0,0.0,-5.316652723948907e-66
2026-08-24T01:59:17.396866,27.41,5.141910521149099e-07,6.128919347040086e-34,0.0,0.0,0.0,0.0,0.0,1.0,0.00010283748547927914,1.7523119095945694e-34,0.0,0.0,0.0,-1.4720238159757603e-65
2026-08-24T01:59:17.419109,27.43,1.6279278253230832e-07,6.161135788756234e-34,0.0,0.0,0.0,0.0,0.0,1.0,3.255811725927462e-05,1.7565214485049192e-34,0.0,0.0,0.0,9.780236166446028e-67
2026-08-24T01:59:17.438133,27.45,4.4529285573199356e-07,6.252689272672666e-34,0.0,0.0,0.0,0.0,0.0,1.0,8.905824555749319e-05,1.8295709188306125e-34,0.0,0.0,0.0,4.7046331045146675e-66
2026-08-24T01:59:17.456535,27.47,4.4641772938180107e-07,6.359734021344691e-34,0.0,0.0,0.0,0.0,0.0,1.0,8.928301587977021e-05,1.919413274109488e-34,0.0,0.0,0.0,1.3843334811304285e-65
2026-08-24T01:59:17.481163,27.49,5.228414162630574e-07,6.427783352367419e-34,0.0,0.0,0.0,0.0,0.0,1.0,0.00010456771753695237,1.962453613894382e-34,0.0,0.0,0.0,7.210835383119437e-66
2026-08-24T01:59:17.501116,27.51,-4.399885003612456e-09,6.493312822507168e-34,0.0,0.0,0.0,0.0,0.0,1.0,-8.803675413596569e-07,2.0018202475708487e-34,0.0,0.0,0.0,6.421903290859667e-66
2026-08-24T01:59:17.522517,27.53,4.120622930653806e-07,6.46959606272665e-34,0.0,0.0,0.0,0.0,0.0,1.0,8.241229134558296e-05,1.93677397923795e-34,0.0,0.0,0.0,-2.3875684434020357e-66
2026-08-24T01:59:17.536108,27.55,3.6324911776332635e-07,6.49211784671066e-34,0.0,0.0,0.0,0.0,0.0,1.0,7.264936299840458e-05,1.926427853475222e-34,0.0,0.0,0.0,-1.0088796010981259e-66
2026-08-24T01:59:17.557698,27.57,6.422406957160927e-07,6.588623648499144e-34,0.0,0.0,0.0,0.0,0.0,1.0,0.00012844756430814403,2.002167385681598e-34,0.0,0.0,0.0,9.30671021360311e-66
2026-08-24T01:59:17.576870,27.59,1.4673410087981867e-07,6.5970483621395475e-34,0.0,0.0,0.0,0.0,0.0,1.0,2.9346288466549692e-05,1.9742764561766382e-34,0.0,0.0,0.0,-5.201989867342703e-66
2026-08-24T01:59:17.598800,27.61,4.5562541571196963e-07,6.645485919959001e-34,0.0,0.0,0.0,0.0,0.0,1.0,9.112473365245234e-05,1.9932638694982514e-34,0.0,0.0,0.0,1.8460200942884062e-66
2026-08-24T01:59:17.618502,27.62,6.457168841656934e-13,6.7430928846554815e-34,0.0,0.0,0.0,0.0,0.0,1.0,2.4306673683854943e-10,2.0886100794128056e-34,0.0,0.0,0.0,3.039509033109423e-60
2026-08-24T01:59:17.637698,27.65,-4.6485152027527014e-07,6.8071106935213184e-34,0.0,0.0,0.0,0.0,0.0,1.0,-9.296995128046865e-05,2.1041149798869155e-34,0.0,0.0,0.0,-1.2324338850430747e-66
2026-08-24T01:59:17.657575,27.67,-7.748254453875817e-07,6.816149714176718e-34,0.0,0.0,0.0,0.0,0.0,1.0,-0.00015496438902037676,2.075059363943004e-34,0.0,0.0,0.0,2.984273902244005e-66
2026-08-24T01:59:17.676988,27.69,-6.598272493370314e-07,6.841775029357344e-34,0.0,0.0,0.0,0.0,0.0,1.0,-0.00013196458811274957,2.0656699466917536e-34,0.0,0.0,0.0,1.2792077680874757e-66
2026-08-24T01:59:17.701559,27.71,-6.770963609357884e-07,6.908498298661873e-34,0.0,0.0,0.0,0.0,0.0,1.0,-0.00013541847653482096,2.1041258815939004e-34,0.0,0.0,0.0,-9.568779490075084e-66
2026-08-24T01:59:17.718514,27.73,2.8657113924594476e-07,6.93586916402096e-34,0.0,0.0,0.0,0.0,0.0,1.0,5.73145829075336e-05,2.0961703049011667e-34,0.0,0.0,0.0,1.6527874444729164e-66
2026-08-24T01:59:17.740015,27.75,1.0900587538006534e-07,6.965668442140085e-34,0.0,0.0,0.0,0.0,0.0,1.0,2.1800909551182832e-05,2.0910941698894054e-34,0.0,0.0,0.0,1.9198281045714436e-67
2026-08-24T01:59:17.759217,27.77,-7.756003195147091e-10,7.005321330453737e-34,0.0,0.0,0.0,0.0,0.0,1.0,-1.5517664655324126e-07,2.09748263546219e-34,0.0,0.0,0.0,-2.6508220286387973e-67
2026-08-24T01:59:17.776615,27.79,-7.618152666141272e-07,7.026881433578294e-34,0.0,0.0,0.0,0.0,0.0,1.0,-0.00015236270903718304,2.0826752465347575e-34,0.0,0.0,0.0,-2.6505786406213337e-67
2026-08-24T01:59:17.801096,27.81,-9.468891885672289e-07,7.099940179939861e-34,0.0,0.0,0.0,0.0,0.0,1.0,-0.00018937685364339563,2.1278881039549338e-34,0.0,0.0,0.0,-1.3423067020392606e-65
2026-08-24T01:59:17.817844,27.83,-7.277000952332282e-07,7.110029489964149e-34,0.0,0.0,0.0,0.0,0.0,1.0,-0.00014553898455255124,2.099135924041756e-34,0.0,0.0,0.0,6.308219997650548e-66
2026-08-24T01:59:17.838962,27.85,-5.002898597548831e-07,7.05346281458045e-34,0.0,0.0,0.0,0.0,0.0,1.0,-0.00010005720670403612,1.9933018018355057e-34,0.0,0.0,0.0,2.2533055185617146e-65
2026-08-24T01:59:17.864373,27.87,-3.18625249447507e-07,7.1239456214022295e-34,0.0,0.0,0.0,0.0,0.0,1.0,-6.372450952858269e-05,2.0367357878079874e-34,0.0,0.0,0.0,-6.995129481017439e-66
2026-08-24T01:59:17.884308,27.89,-5.605821962006508e-07,7.1866528718899816e-34,0.0,0.0,0.0,0.0,0.0,1.0,-0.00011211595275056336,2.0703869445841457e-34,0.0,0.0,0.0,-4.684472953492742e-66
2026-08-24T01:59:17.905852,27.91,-4.859644149011523e-07,7.183926328609997e-34,0.0,0.0,0.0,0.0,0.0,1.0,-9.719225749985405e-05,2.0273962760076645e-34,0.0,0.0,0.0,7.285007460417385e-66
2026-08-24T01:59:17.920036,27.93,2.153472974251472e-07,7.216731486288889e-34,0.0,0.0,0.0,0.0,0.0,1.0,4.3069729940010945e-05,2.02631881993144e-34,0.0,0.0,0.0,-6.603328928299558e-67
2026-08-24T01:59:17.943455,27.95,-2.8784885607372205e-07,7.2714819273402765e-34,0.0,0.0,0.0,0.0,0.0,1.0,-5.7569773771173807e-05,2.050704167489029e-34,0.0,0.0,0.0,1.4215733297116467e-66
2026-08-24T01:59:17.965697,27.97,1.0714286569939134e-07,7.2847712892661375e-34,0.0,0.0,0.0,0.0,0.0,1.0,2.1428746211848164e-05,2.0264578170533306e-34,0.0,0.0,0.0,1.0475121177198798e-66
2026-08-24T01:59:17.988939,27.99,-3.5479994656824676e-07,7.322234715144037e-34,0.0,0.0,0.0,0.0,0.0,1.0,-7.095990066623142e-05,2.0306306025990858e-34,0.0,0.0,0.0,-2.5877566696798916e-67
2026-08-24T01:59:18.011263,28.01,-9.157959102482993e-07,7.341834340382081e-34,0.0,0.0,0.0,0.0,0.0,1.0,-0.00018315848215602723,2.0139175252980862e-34,0.0,0.0,0.0,-4.238437735154693e-67
2026-08-24T01:59:18.028915,28.03,-6.565849505553993e-07,7.4053922392309535e-34,0.0,0.0,0.0,0.0,0.0,1.0,-0.0001313160082223941,2.048500116594465e-34,0.0,0.0,0.0,-1.1798851135226065e-65
2026-08-24T01:59:18.049889,28.06,2.0158525700083297e-12,7.515440596283998e-34,0.0,0.0,0.0,0.0,0.0,1.0,7.841141974000015e-10,2.1156848024377516e-34,0.0,0.0,0.0,-8.213407266799296e-56
2026-08-24T01:59:18.069691,28.07,4.1407112393139526e-07,7.536618023744208e-34,0.0,0.0,0.0,0.0,0.0,1.0,8.281329302742673e-05,2.1198006905502477e-34,0.0,0.0,0.0,-2.954939119500168e-66
2026-08-24T01:59:18.088576,28.09,1.661339681203395e-07,7.5260567383114815e-34,0.0,0.0,0.0,0.0,0.0,1.0,3.322641187281973e-05,2.0663886069257233e-34,0.0,0.0,0.0,-5.887612525841158e-66
2026-08-24T01:59:18.108976,28.11,6.747879865445773e-08,7.558160556525687e-34,0.0,0.0,0.0,0.0,0.0,1.0,1.3495619427074173e-05,2.0633464089357954e-34,0.0,0.0,0.0,-3.091416296346721e-67
2026-08-24T01:59:18.128326,28.13,2.5452065619299945e-07,7.590750598343985e-34,0.0,0.0,0.0,0.0,0.0,1.0,5.090393718162224e-05,2.060859703579497e-34,0.0,0.0,0.0,1.3072906277420996e-66
2026-08-24T01:59:18.148447,28.15,3.5267375328367737e-07,7.5635189780602685e-34,0.0,0.0,0.0,0.0,0.0,1.0,7.053438834960269e-05,1.9888290998517237e-34,0.0,0.0,0.0,-3.478734517086611e-66
2026-08-24T01:59:18.167882,28.17,-2.518700922976114e-07,7.636238087389467e-34,0.0,0.0,0.0,0.0,0.0,1.0,-5.037414759410428e-05,2.0340461071679667e-34,0.0,0.0,0.0,5.237416930968117e-66
2026-08-24T01:59:18.187939,28.19,-1.367101761918524e-07,7.686907926791528e-34,0.0,0.0,0.0,0.0,0.0,1.0,-2.734179384952804e-05,2.052869764229007e-34,0.0,0.0,0.0,-1.969297036740239e-66
2026-08-24T01:59:18.208774,28.21,-9.648590558120283e-07,7.730811589037447e-34,0.0,0.0,0.0,0.0,0.0,1.0,-0.00019297124377011326,2.063477695717823e-34,0.0,0.0,0.0,-2.3478880995012004e-66
2026-08-24T01:59:18.230004,28.23,-1.0274143644007788e-06,7.759792819318333e-34,0.0,0.0,0.0,0.0,0.0,1.0,-0.00020548169581350602,2.0565197997165062e-34,0.0,0.0,0.0,-3.326277128516452e-67
2026-08-24T01:59:18.249166,28.25,-5.380872843517213e-07,7.853610035493912e-34,0.0,0.0,0.0,0.0,0.0,1.0,-0.00010761644015973269,2.1249707433721735e-34,0.0,0.0,0.0,-2.304049682776314e-65
2026-08-24T01:59:18.268169,28.27,1.631457379599911e-07,7.869768959281318e-34,0.0,0.0,0.0,0.0,0.0,1.0,3.26294899168409e-05,2.102028680430882e-34,0.0,0.0,0.0,1.5350363060361725e-66
2026-08-24T01:59:18.287931,28.29,5.832732955350874e-07,7.911881835971972e-34,0.0,0.0,0.0,0.0,0.0,1.0,0.00011665427606264628,2.109556044540329e-34,0.0,0.0,0.0,1.2822801190209706e-66
2026-08-24T01:59:18.309735,28.31,-1.6184257386785735e-07,7.953134241586804e-34,0.0,0.0,0.0,0.0,0.0,1.0,-3.236888823822161e-05,2.1159083540901067e-34,0.0,0.0,0.0,2.2801465806037454e-66
2026-08-24T01:59:18.328141,28.33,-1.0423514511199476e-06,8.030842047114319e-34,0.0,0.0,0.0,0.0,0.0,1.0,-0.00020846968723053103,2.1644735500610775e-34,0.0,0.0,0.0,-4.705452232787771e-66
2026-08-24T01:59:18.348391,28.35,-8.7052620124557e-07,8.079359506691448e-34,0.0,0.0,0.0,0.0,0.0,1.0,-0.00017410410464059001,2.17828913398215e-34,0.0,0.0,0.0,-6.812738859983593e-66
2026-08-24T01:59:18.370169,28.37,-1.7172725990516932e-07,8.136335563575063e-34,0.0,0.0,0.0,0.0,0.0,1.0,-3.434472932364322e-05,2.201658825992654e-34,0.0,0.0,0.0,-7.764955954519899e-66
2026-08-24T01:59:18.387787,28.39,1.311565988776511e-07,8.108636362537737e-34,0.0,0.0,0.0,0.0,0.0,1.0,2.623139430097587e-05,2.1261889021927716e-34,0.0,0.0,0.0,2.3378493514552623e-66
2026-08-24T01:59:18.409717,28.41,-1.9029888624185283e-07,8.021693621664555e-34,0.0,0.0,0.0,0.0,0.0,1.0,-3.805979055377023e-05,1.9829989082956505e-34,0.0,0.0,0.0,-4.0191348650809753e-66
2026-08-24T01:59:18.428899,28.43,6.668595174069915e-07,8.111823542745966e-34,0.0,0.0,0.0,0.0,0.0,1.0,0.0001333717301056113,2.047816583747278e-34,0.0,0.0,0.0,-2.7715757916490467e-66
2026-08-24T01:59:18.449044,28.45,4.941516442847048e-07,8.122940517206433e-34,0.0,0.0,0.0,0.0,0.0,1.0,9.882960547946366e-05,2.019732232443131e-34,0.0,0.0,0.0,-3.719474273730682e-66
2026-08-24T01:59:18.468369,28.47,-3.197921418717906e-07,8.096644979002866e-34,0.0,0.0,0.0,0.0,0.0,1.0,-6.395863746015168e-05,1.9485607550074715e-34,0.0,0.0,0.0,-1.0412361789276358e-65
2026-08-24T01:59:18.488444,28.49,6.21090974821116e-07,8.217396038198832e-34,0.0,0.0,0.0,0.0,0.0,1.0,0.00012421811268242166,2.0493681069626023e-34,0.0,0.0,0.0,-1.1745827916832082e-65
2026-08-24T01:59:18.509888,28.51,1.03535293615067e-07,8.264547192340302e-34,0.0,0.0,0.0,0.0,0.0,1.0,2.0706559896378448e-05,2.0629984430317074e-34,0.0,0.0,0.0,3.7146998106013317e-66
2026-08-24T01:59:18.528699,28.53,3.2921809230328326e-08,8.318268403177176e-34,0.0,0.0,0.0,0.0,0.0,1.0,6.584261445785699e-06,2.084000480156055e-34,0.0,0.0,0.0,9.005121757731003e-67
2026-08-24T01:59:18.549684,28.55,-1.505297803661806e-07,8.301026330028304e-34,0.0,0.0,0.0,0.0,0.0,1.0,-3.0105923422687176e-05,2.0221462162492597e-34,0.0,0.0,0.0,9.168094019809187e-67
2026-08-24T01:59:18.568970,28.57,-1.0189372805440033e-07,8.380601521411409e-34,0.0,0.0,0.0,0.0,0.0,1.0,-2.0378561866052074e-05,2.073743576566403e-34,0.0,0.0,0.0,-1.715406147024247e-66
2026-08-24T01:59:18.589040,28.59,-1.7894522660387466e-07,8.368766049034118e-34,0.0,0.0,0.0,0.0,0.0,1.0,-3.5788880824119084e-05,2.0182394002815013e-34,0.0,0.0,0.0,7.030304994739322e-67
2026-08-24T01:59:18.612021,28.61,-6.175423727851004e-07,8.357884613952105e-34,0.0,0.0,0.0,0.0,0.0,1.0,-0.000123508035796609,1.9646732774422023e-34,0.0,0.0,0.0,7.54450151605187e-68
2026-08-24T01:59:18.628044,28.63,-3.9421988584825977e-07,8.397561099517814e-34,0.0,0.0,0.0,0.0,0.0,1.0,-7.884335022835045e-05,1.9706687936459227e-34,0.0,0.0,0.0,-2.602273620393529e-66
2026-08-24T01:59:18.648650,28.65,-7.064611008837907e-07,8.448163461076148e-34,0.0,0.0,0.0,0.0,0.0,1.0,-0.00014129159133608333,1.9892260725371e-34,0.0,0.0,0.0,-4.035127935479076e-66
2026-08-24T01:59:18.669889,28.66,-1.1564882392808807e-12,8.475009435465492e-34,0.0,0.0,0.0,0.0,0.0,1.0,-4.733383576742579e-10,2.0002130901065533e-34,0.0,0.0,0.0,-9.562677629318624e-61
2026-08-24T01:59:18.689524,28.69,-9.77749373268187e-07,8.506855718228952e-34,0.0,0.0,0.0,0.0,0.0,1.0,-0.00019554911055395327,1.975999328460238e-34,0.0,0.0,0.0,1.2214427487367626e-66
2026-08-24T01:59:18.707864,28.71,-7.95965994416473e-07,8.466726357638466e-34,0.0,0.0,0.0,0.0,0.0,1.0,-0.00015919210761870212,1.8888946952281765e-34,0.0,0.0,0.0,2.3011772902808524e-65
2026-08-24T01:59:18.727940,28.73,-7.854158677029054e-07,8.546223651093291e-34,0.0,0.0,0.0,0.0,0.0,1.0,-0.0001570822295017851,1.9421593093502446e-34,0.0,0.0,0.0,-1.6039169945533952e-65
2026-08-24T01:59:18.748671,28.75,-6.373460763135057e-07,8.597086739820119e-34,0.0,0.0,0.0,0.0,0.0,1.0,-0.00012746836147337263,1.9612663338147423e-34,0.0,0.0,0.0,-6.973570352448558e-66
2026-08-24T01:59:18.768930,28.77,1.308630145869106e-07,8.529985044010634e-34,0.0,0.0,0.0,0.0,0.0,1.0,2.6173004127526468e-05,1.8429312108840217e-34,0.0,0.0,0.0,2.2387737922944127e-65
2026-08-24T01:59:18.790482,28.79,-1.213776809569065e-07,8.5796992097978e-34,0.0,0.0,0.0,0.0,0.0,1.0,-2.427555837928585e-05,1.8621941623634022e-34,0.0,0.0,0.0,8.661620269983836e-67
2026-08-24T01:59:18.808829,28.81,2.2248140969044723e-07,8.67161453114359e-34,0.0,0.0,0.0,0.0,0.0,1.0,4.449627165397645e-05,1.930167141582796e-34,0.0,0.0,0.0,-1.962300380904069e-66
2026-08-24T01:59:18.828079,28.83,1.989098289460547e-07,8.707013248856812e-34,0.0,0.0,0.0,0.0,0.0,1.0,3.9781701105713407e-05,1.9313469504535755e-34,0.0,0.0,0.0,1.0036163347607822e-66
2026-08-24T01:59:18.849753,28.85,2.336354586438696e-07,8.792766030699267e-34,0.0,0.0,0.0,0.0,0.0,1.0,4.6726842053245666e-05,1.990993885619968e-34,0.0,0.0,0.0,4.709493941586611e-66
2026-08-24T01:59:18.872569,28.87,8.339755846975529e-07,8.784429150459812e-34,0.0,0.0,0.0,0.0,0.0,1.0,0.00016679455376850894,1.9403077106411165e-34,0.0,0.0,0.0,-2.1881764802444066e-66
2026-08-24T01:59:18.889351,28.89,3.5395710478003185e-07,8.752316499344123e-34,0.0,0.0,0.0,0.0,0.0,1.0,7.079065223832759e-05,1.8627506437288802e-34,0.0,0.0,0.0,-1.8667743462076996e-65
2026-08-24T01:59:18.908864,28.91,2.3230519587596474e-07,8.864224641709561e-34,0.0,0.0,0.0,0.0,0.0,1.0,4.64606802696453e-05,1.9537678044581293e-34,0.0,0.0,0.0,1.1846972319340056e-65
2026-08-24T01:59:18.928481,28.93,6.019066503682447e-07,8.870256450343659e-34,0.0,0.0,0.0,0.0,0.0,1.0,0.00012038089213828939,1.9202616908501882e-34,0.0,0.0,0.0,-2.283981482977865e-66
2026-08-24T01:59:18.948327,28.95,1.2856177922918798e-07,8.82736246223036e-34,0.0,0.0,0.0,0.0,0.0,1.0,2.571186890968691e-05,1.830385950710924e-34,0.0,0.0,0.0,-1.7157459260331856e-65
2026-08-24T01:59:18.970518,28.97,3.4780220233291404e-09,8.87588044335332e-34,0.0,0.0,0.0,0.0,0.0,1.0,6.954959116239326e-07,1.8481379716397628e-34,0.0,0.0,0.0,9.619957397247771e-67
2026-08-24T01:59:18.988436,28.99,-1.3052399541566053e-07,8.926336940367687e-34,0.0,0.0,0.0,0.0,0.0,1.0,-2.6104748637711833e-05,1.8678328506129948e-34,0.0,0.0,0.0,-1.8210079127495404e-67
2026-08-24T01:59:19.008978,29.01,-7.97461540612392e-09,8.903790138917497e-34,0.0,0.0,0.0,0.0,0.0,1.0,-1.5948250287611888e-06,1.8023399973956103e-34,0.0,0.0,0.0,2.4474355305801693e-66
2026-08-24T01:59:19.028118,29.03,3.9893152903081207e-07,8.931100168100298e-34,0.0,0.0,0.0,0.0,0.0,1.0,7.978613312603649e-05,1.7957965966860159e-34,0.0,0.0,0.0,2.0352718542449968e-67
2026-08-24T01:59:19.052332,29.05,4.688048744603162e-07,9.04858340361725e-34,0.0,0.0,0.0,0.0,0.0,1.0,9.37604695766669e-05,1.8941309066864526e-34,0.0,0.0,0.0,1.4403037592370617e-65
2026-08-24T01:59:19.071250,29.07,7.879832788650619e-07,9.074879878004696e-34,0.0,0.0,0.0,0.0,0.0,1.0,0.00015759594173370717,1.8849041891020227e-34,0.0,0.0,0.0,7.214140804106144e-67
2026-08-24T01:59:19.090161,29.09,7.967319228229386e-08,9.072372385445235e-34,0.0,0.0,0.0,0.0,0.0,1.0,1.5934031249135143e-05,1.8423148882767415e-34,0.0,0.0,0.0,-8.991088181265028e-66
2026-08-24T01:59:19.113480,29.11,2.9463033324608443e-07,9.075978982247686e-34,0.0,0.0,0.0,0.0,0.0,1.0,5.892583909160501e-05,1.8074739405237237e-34,0.0,0.0,0.0,1.9046719403190985e-66
2026-08-24T01:59:19.133557,29.13,-5.4915771518548915e-08,9.08315788445416e-34,0.0,0.0,0.0,0.0,0.0,1.0,-1.0983339907881989e-05,1.7773073003904839e-34,0.0,0.0,0.0,-2.389966338224507e-66
2026-08-24T01:59:19.151154,29.15,2.5758782255930973e-07,9.128915779909874e-34,0.0,0.0,0.0,0.0,0.0,1.0,5.151747293967327e-05,1.7924287827082928e-34,0.0,0.0,0.0,9.09709635072077e-69
2026-08-24T01:59:19.174896,29.17,-7.249308860110224e-08,9.117045442555167e-34,0.0,0.0,0.0,0.0,0.0,1.0,-1.4498784203916701e-05,1.7403098176037639e-34,0.0,0.0,0.0,-2.41187329248621e-66
2026-08-24T01:59:19.192837,29.18,-3.1335512615653764e-13,9.186149938443674e-34,0.0,0.0,0.0,0.0,0.0,1.0,-1.8144198722064354e-10,1.8023479810427831e-34,0.0,0.0,0.0,-5.043172030473884e-61
2026-08-24T01:59:19.217015,29.21,7.704515375875071e-08,9.24460203130093e-34,0.0,0.0,0.0,0.0,0.0,1.0,1.54091793479414e-05,1.8124811123685306e-34,0.0,0.0,0.0,-1.1366121464331085e-66
2026-08-24T01:59:19.239087,29.22,-2.27363200032957e-13,9.307808825427162e-34,0.0,0.0,0.0,0.0,0.0,1.0,-1.9099200230174092e-10,1.8670108323567976e-34,0.0,0.0,0.0,4.11126017811323e-62
2026-08-24T01:59:19.253231,29.25,1.801910973820717e-08,9.352248627824033e-34,0.0,0.0,0.0,0.0,0.0,1.0,3.6041601654968166e-06,1.8592466220499088e-34,0.0,0.0,0.0,1.1882080168967242e-67
2026-08-24T01:59:19.272275,29.26,-7.211510417540828e-14,9.268643387553401e-34,0.0,0.0,0.0,0.0,0.0,1.0,-7.072577877845592e-11,1.7413938940038478e-34,0.0,0.0,0.0,-1.341056329491001e-62
2026-08-24T01:59:19.290096,29.29,-7.033363275763432e-07,9.358728066774652e-34,0.0,0.0,0.0,0.0,0.0,1.0,-0.0001406669254910756,1.7895773974559906e-34,0.0,0.0,0.0,-2.2862546038653362e-67
2026-08-24T01:59:19.309561,29.31,-5.044612870105113e-07,9.384961909428837e-34,0.0,0.0,0.0,0.0,0.0,1.0,-0.00010089150946401476,1.7816131174409634e-34,0.0,0.0,0.0,-3.722014560095732e-67
2026-08-24T01:59:19.330378,29.33,-3.5091691975014314e-07,9.302917041358158e-34,0.0,0.0,0.0,0.0,0.0,1.0,-7.018286134934668e-05,1.6479071587681197e-34,0.0,0.0,0.0,2.151365072130946e-65
2026-08-24T01:59:19.349586,29.35,2.479274100436917e-07,9.441481722714765e-34,0.0,0.0,0.0,0.0,0.0,1.0,4.9585622466641843e-05,1.7726901467268625e-34,0.0,0.0,0.0,-1.3526844090304067e-65
2026-08-24T01:59:19.369707,29.37,-3.063040295393754e-07,9.43461333868956e-34,0.0,0.0,0.0,0.0,0.0,1.0,-6.126084229079517e-05,1.7264587464365121e-34,0.0,0.0,0.0,-3.301911633355743e-66
2026-08-24T01:59:19.388097,29.39,3.3103597053320504e-07,9.503191704274712e-34,0.0,0.0,0.0,0.0,0.0,1.0,6.620726427542907e-05,1.7686221893454523e-34,0.0,0.0,0.0,-4.0424929842637546e-66
2026-08-24T01:59:19.409543,29.41,6.773117745951735e-08,9.503400306460873e-34,0.0,0.0,0.0,0.0,0.0,1.0,1.3545970214006283e-05,1.7306384579892948e-34,0.0,0.0,0.0,-3.6435659167459793e-66
2026-08-24T01:59:19.430089,29.43,7.374700266953584e-07,9.621231882510114e-34,0.0,0.0,0.0,0.0,0.0,1.0,0.00014749357921595735,1.829937855217859e-34,0.0,0.0,0.0,1.0978656495730617e-67
2026-08-24T01:59:19.449712,29.45,6.709872126650655e-07,9.696383176980166e-34,0.0,0.0,0.0,0.0,0.0,1.0,0.0001341965908413657,1.8780434846300145e-34,0.0,0.0,0.0,1.363454328042114e-65
2026-08-24T01:59:19.468222,29.47,3.3922728322672144e-07,9.738780270447259e-34,0.0,0.0,0.0,0.0,0.0,1.0,6.784480422652363e-05,1.887295863974574e-34,0.0,0.0,0.0,3.8858031764962276e-66
2026-08-24T01:59:19.487984,29.49,-1.7321383296855282e-07,9.805904220792077e-34,0.0,0.0,0.0,0.0,0.0,1.0,-3.464294366923664e-05,1.9251127415400552e-34,0.0,0.0,0.0,4.080210736077555e-66
2026-08-24T01:59:19.509262,29.51,2.9667868757148427e-08,9.78427465766093e-34,0.0,0.0,0.0,0.0,0.0,1.0,5.933676563558416e-06,1.8591525852242727e-34,0.0,0.0,0.0,4.2694449814807236e-66
2026-08-24T01:59:19.529961,29.54,-5.74626564105268e-13,9.912889352068617e-34,0.0,0.0,0.0,0.0,0.0,1.0,-2.4607972433300825e-10,1.9480848629389227e-34,0.0,0.0,0.0,-2.1200225663627478e-56
2026-08-24T01:59:19.549112,29.55,3.221479757409666e-07,9.932380384864633e-34,0.0,0.0,0.0,0.0,0.0,1.0,6.44296476093274e-05,1.9501216964776946e-34,0.0,0.0,0.0,4.6638407619815465e-67
2026-08-24T01:59:19.569232,29.57,8.657044765596563e-08,9.916314707924631e-34,0.0,0.0,0.0,0.0,0.0,1.0,1.7313838381823737e-05,1.8901465967615054e-34,0.0,0.0,0.0,-7.798641480034538e-66
2026-08-24T01:59:19.588172,29.59,-3.734166365008856e-09,1.0070209944621664e-33,0.0,0.0,0.0,0.0,0.0,1.0,-7.468905392722034e-07,2.0286221753022705e-34,0.0,0.0,0.0,4.5417343982358605e-66
2026-08-24T01:59:19.608426,29.61,-1.3960734409478435e-07,1.0122262560326132e-33,0.0,0.0,0.0,0.0,0.0,1.0,-2.7921427744490157e-05,2.046517316684851e-34,0.0,0.0,0.0,-1.7177506338264026e-67
2026-08-24T01:59:19.627749,29.63,8.800512380587373e-08,1.0124768003581872e-33,0.0,0.0,0.0,0.0,0.0,1.0,1.760108626566602e-05,2.006510372436709e-34,0.0,0.0,0.0,1.4248116463967215e-66
2026-08-24T01:59:19.653577,29.65,-6.735980093908582e-07,1.0166681234426757e-33,0.0,0.0,0.0,0.0,0.0,1.0,-0.00013471934215410658,2.012901784991186e-34,0.0,0.0,0.0,-7.707221265178096e-67
2026-08-24T01:59:19.669413,29.67,-2.3316188603314203e-07,1.0191632113514095e-33,0.0,0.0,0.0,0.0,0.0,1.0,-4.663178176130919e-05,1.99944561823554e-34,0.0,0.0,0.0,1.2194103223709778e-66
2026-08-24T01:59:19.688235,29.69,-1.9817657997500213e-07,1.0218200856274575e-33,0.0,0.0,0.0,0.0,0.0,1.0,-3.9635031135640916e-05,1.9880499902292098e-34,0.0,0.0,0.0,-9.021019998385372e-67
2026-08-24T01:59:19.708627,29.71,1.2499723950522176e-07,1.0269754587759562e-33,0.0,0.0,0.0,0.0,0.0,1.0,2.4999528259955746e-05,2.005841119910799e-34,0.0,0.0,0.0,-1.3171687638908293e-66
2026-08-24T01:59:19.727656,29.73,-3.8644763592514666e-07,1.0402561707349345e-33,0.0,0.0,0.0,0.0,0.0,1.0,-7.728943165838315e-05,2.117754732467275e-34,0.0,0.0,0.0,4.3696021128982815e-66
2026-08-24T01:59:19.750571,29.75,1.8343585870112942e-07,1.0399431225894696e-33,0.0,0.0,0.0,0.0,0.0,1.0,3.668735468532493e-05,2.069877220290005e-34,0.0,0.0,0.0,6.251361468273443e-66
2026-08-24T01:59:19.768461,29.77,-2.3989216894799503e-07,1.0446991373513326e-33,0.0,0.0,0.0,0.0,0.0,1.0,-4.797845332266331e-05,2.0816331881625633e-34,0.0,0.0,0.0,6.730787415786172e-67
2026-08-24T01:59:19.788596,29.79,3.801703866521619e-07,1.0470760231423738e-33,0.0,0.0,0.0,0.0,0.0,1.0,7.603405872017435e-05,2.0655179274193406e-34,0.0,0.0,0.0,1.9344537711535012e-66
2026-08-24T01:59:19.808908,29.81,8.337695642061855e-08,1.0610150780043249e-33,0.0,0.0,0.0,0.0,0.0,1.0,1.6675083634627407e-05,2.1840007730809894e-34,0.0,0.0,0.0,1.6021675749915024e-65
2026-08-24T01:59:19.827892,29.83,3.791544109387676e-07,1.0699112275048146e-33,0.0,0.0,0.0,0.0,0.0,1.0,7.583063467194955e-05,2.2419663051459047e-34,0.0,0.0,0.0,1.9726168378255586e-66
2026-08-24T01:59:19.852996,29.85,3.017320511513199e-07,1.0786753077968596e-33,0.0,0.0,0.0,0.0,0.0,1.0,6.034600001197601e-05,2.297440074162563e-34,0.0,0.0,0.0,8.220835606419384e-66
2026-08-24T01:59:19.868717,29.87,-3.967093118224647e-08,1.0802247759314482e-33,0.0,0.0,0.0,0.0,0.0,1.0,-7.934385600300175e-06,2.268143611440844e-34,0.0,0.0,0.0,-2.261510808398164e-66
2026-08-24T01:59:19.887948,29.89,3.445185600331974e-07,1.0800788957978044e-33,0.0,0.0,0.0,0.0,0.0,1.0,6.890357148935284e-05,2.219560889686383e-34,0.0,0.0,0.0,1.703858587510107e-66
2026-08-24T01:59:19.910209,29.91,8.415658714547554e-08,1.0904348480026983e-33,0.0,0.0,0.0,0.0,0.0,1.0,1.6831030813900268e-05,2.2937573210666144e-34,0.0,0.0,0.0,9.063271253710733e-66
2026-08-24T01:59:19.927809,29.93,4.057307447934976e-07,1.0879254134477848e-33,0.0,0.0,0.0,0.0,0.0,1.0,8.11459060128669e-05,2.2172150838431726e-34,0.0,0.0,0.0,-2.5857082137511635e-66
2026-08-24T01:59:19.948816,29.95,-1.4856280637617148e-07,1.083473408143602e-33,0.0,0.0,0.0,0.0,0.0,1.0,-2.9712811886756053e-05,2.119261665380588e-34,0.0,0.0,0.0,-7.289391956174694e-66
2026-08-24T01:59:19.967751,29.97,-3.166773385152793e-07,1.0961518974768854e-33,0.0,0.0,0.0,0.0,0.0,1.0,-6.333522257935176e-05,2.221911821026668e-34,0.0,0.0,0.0,-7.077882534951025e-66
2026-08-24T01:59:19.987718,29.99,-8.329981576428037e-08,1.1006512202354094e-33,0.0,0.0,0.0,0.0,0.0,1.0,-1.6659686441569247e-05,2.2278441982857093e-34,0.0,0.0,0.0,-1.5799135257520806e-66
2026-08-24T01:59:20.010320,30.01,-4.82015141413777e-07,1.1043837577413112e-33,0.0,0.0,0.0,0.0,0.0,1.0,-9.640274277733e-05,2.2247312572009246e-34,0.0,0.0,0.0,-8.109618145747336e-67
2026-08-24T01:59:20.029725,30.03,3.3301607026781613e-07,1.1000827431311022e-33,0.0,0.0,0.0,0.0,0.0,1.0,6.660340932529566e-05,2.128259982133073e-34,0.0,0.0,0.0,1.3396677912451695e-65
2026-08-24T01:59:20.049483,30.05,1.6986771728196922e-07,1.1118844925371857e-33,0.0,0.0,0.0,0.0,0.0,1.0,3.3973230080829885e-05,2.220425057446429e-34,0.0,0.0,0.0,1.1464938201931495e-65
2026-08-24T01:59:20.068556,30.07,2.0945529181321102e-07,1.1068906434758926e-33,0.0,0.0,0.0,0.0,0.0,1.0,4.189083536553337e-05,2.1158966719177834e-34,0.0,0.0,0.0,-4.7271966024724143e-66
2026-08-24T01:59:20.087881,30.09,-3.2093310241638983e-07,1.1125317887955605e-33,0.0,0.0,0.0,0.0,0.0,1.0,-6.418661589452745e-05,2.1365851725937903e-34,0.0,0.0,0.0,1.2960128962024424e-66
2026-08-24T01:59:20.108504,30.11,2.42696551173801e-07,1.1210291637978076e-33,0.0,0.0,0.0,0.0,0.0,1.0,4.853941063319175e-05,2.1901098618828715e-34,0.0,0.0,0.0,-6.4579952841817e-66
2026-08-24T01:59:20.128093,30.13,-1.48698143335576e-07,1.1122564272659033e-33,0.0,0.0,0.0,0.0,0.0,1.0,-2.9739724537125826e-05,2.042037589053031e-34,0.0,0.0,0.0,-1.3157638118006135e-65
2026-08-24T01:59:20.148721,30.15,2.170712762701982e-07,1.1285352504955274e-33,0.0,0.0,0.0,0.0,0.0,1.0,4.341426966111954e-05,2.187425930606363e-34,0.0,0.0,0.0,-5.050273673471244e-66
2026-08-24T01:59:20.168872,30.17,1.881135491278254e-07,1.1306815445189997e-33,0.0,0.0,0.0,0.0,0.0,1.0,3.762250465398135e-05,2.1662360379835658e-34,0.0,0.0,0.0,-3.0706362964449876e-66
2026-08-24T01:59:20.187862,30.19,9.059737144584826e-08,1.1233275102572259e-33,0.0,0.0,0.0,0.0,0.0,1.0,1.811926880283745e-05,2.0349308454127007e-34,0.0,0.0,0.0,-1.5965628934363777e-66
2026-08-24T01:59:20.209698,30.21,4.0312428857850526e-07,1.142212303889233e-33,0.0,0.0,0.0,0.0,0.0,1.0,8.06246116012012e-05,2.2106218840492894e-34,0.0,0.0,0.0,8.202929927277262e-66
2026-08-24T01:59:20.228675,30.23,-3.275126707150575e-07,1.1518154286444875e-33,0.0,0.0,0.0,0.0,0.0,1.0,-6.550265798600486e-05,2.275634403164945e-34,0.0,0.0,0.0,9.307680191609538e-66
2026-08-24T01:59:20.250286,30.25,-1.1096675886945996e-07,1.1482313505894916e-33,0.0,0.0,0.0,0.0,0.0,1.0,-2.2193085098572932e-05,2.1863180998416744e-34,0.0,0.0,0.0,1.1828790139035391e-65
2026-08-24T01:59:20.270708,30.27,3.6719274400563716e-07,1.1504987762074757e-33,0.0,0.0,0.0,0.0,0.0,1.0,7.343846439830735e-05,2.1663824542528773e-34,0.0,0.0,0.0,5.230323506642425e-67
2026-08-24T01:59:20.288085,30.29,2.8072390318338534e-07,1.1649885430638367e-33,0.0,0.0,0.0,0.0,0.0,1.0,5.614438832288696e-05,2.2887788655868113e-34,0.0,0.0,0.0,1.6362643619873672e-65
2026-08-24T01:59:20.308563,30.31,9.13167190512092e-07,1.1603114694581853e-33,0.0,0.0,0.0,0.0,0.0,1.0,0.00018263281468475142,2.1864455339345897e-34,0.0,0.0,0.0,-9.03556164819356e-66
2026-08-24T01:59:20.328607,30.33,1.3061123864590494e-07,1.1668292475571223e-33,0.0,0.0,0.0,0.0,0.0,1.0,2.612152807619096e-05,2.215800393759002e-34,0.0,0.0,0.0,1.0781580341017605e-65
2026-08-24T01:59:20.349919,30.35,3.261943025710306e-07,1.1729369517073403e-33,0.0,0.0,0.0,0.0,0.0,1.0,6.523863406845926e-05,2.2398917749572187e-34,0.0,0.0,0.0,1.9403861334632734e-66
2026-08-24T01:59:20.369064,30.37,3.754575353661655e-07,1.175430037073093e-33,0.0,0.0,0.0,0.0,0.0,1.0,7.509110610344922e-05,2.2215575706461757e-34,0.0,0.0,0.0,-1.207777950180721e-66
2026-08-24T01:59:20.388053,30.39,3.556152788596156e-07,1.1889648316235005e-33,0.0,0.0,0.0,0.0,0.0,1.0,7.112260542613673e-05,2.3318068341562715e-34,0.0,0.0,0.0,1.3261704001163917e-65
2026-08-24T01:59:20.410569,30.41,2.687226947336521e-07,1.1860448102023599e-33,0.0,0.0,0.0,0.0,0.0,1.0,5.37441710671106e-05,2.249036468205796e-34,0.0,0.0,0.0,-1.0441929640952618e-65
2026-08-24T01:59:20.428130,30.43,-2.4129697830199e-07,1.1804811264894595e-33,0.0,0.0,0.0,0.0,0.0,1.0,-4.825948248675913e-05,2.1368094669444453e-34,0.0,0.0,0.0,-7.976793473265209e-66
2026-08-24T01:59:20.451809,30.45,-1.8669481871377825e-07,1.1979251471313142e-33,0.0,0.0,0.0,0.0,0.0,1.0,-3.733869657844534e-05,2.2937226645883013e-34,0.0,0.0,0.0,-1.2023203406470555e-65
2026-08-24T01:59:20.469315,30.46,-3.7888076864992446e-13,1.1994113299596782e-33,0.0,0.0,0.0,0.0,0.0,1.0,-7.252972168803965e-11,2.286767682385914e-34,0.0,0.0,0.0,-1.4624641103097917e-61
2026-08-24T01:59:20.488306,30.49,-6.165297272617297e-08,1.1990672137076439e-33,0.0,0.0,0.0,0.0,0.0,1.0,-1.2330649722312625e-05,2.210358073084335e-34,0.0,0.0,0.0,-3.92096319116837e-66
2026-08-24T01:59:20.510093,30.51,2.4939946958661937e-07,1.1998792752750953e-33,0.0,0.0,0.0,0.0,0.0,1.0,4.9879827025441e-05,2.172704443767497e-34,0.0,0.0,0.0,4.5126496501695376e-67
2026-08-24T01:59:20.528007,30.53,-1.8043331511786237e-07,1.217123371538842e-33,0.0,0.0,0.0,0.0,0.0,1.0,-3.608676016767799e-05,2.3265909325283075e-34,0.0,0.0,0.0,1.1911807534052593e-65
2026-08-24T01:59:20.548975,30.55,2.786367152731922e-07,1.2164478509250357e-33,0.0,0.0,0.0,0.0,0.0,1.0,5.572734770519077e-05,2.2697480119835614e-34,0.0,0.0,0.0,2.601497533943023e-66
2026-08-24T01:59:20.569993,30.57,-2.5827696339948303e-07,1.2169291684224276e-33,0.0,0.0,0.0,0.0,0.0,1.0,-5.1655475136888546e-05,2.2272108199887942e-34,0.0,0.0,0.0,-3.20682215089953e-66
2026-08-24T01:59:20.588735,30.59,-7.011387830511176e-08,1.2188623296061106e-33,0.0,0.0,0.0,0.0,0.0,1.0,-1.4022552752030163e-05,2.202185200727885e-34,0.0,0.0,0.0,1.1024272259041507e-66
2026-08-24T01:59:20.608831,30.6,8.275525859000263e-14,1.2191377659394057e-33,0.0,0.0,0.0,0.0,0.0,1.0,8.528672924747627e-11,2.1816557375310705e-34,0.0,0.0,0.0,1.2439173192753073e-61
2026-08-24T01:59:20.628241,30.63,3.700497333573322e-07,1.2197527484679417e-33,0.0,0.0,0.0,0.0,0.0,1.0,7.400960305164306e-05,2.118537584556529e-34,0.0,0.0,0.0,-2.590425181544571e-66
2026-08-24T01:59:20.648766,30.65,-4.01263333686442e-08,1.2159550433210729e-33,0.0,0.0,0.0,0.0,0.0,1.0,-8.025496572781892e-06,2.0285332239940496e-34,0.0,0.0,0.0,-1.2445484779571663e-65
2026-08-24T01:59:20.669015,30.67,5.0975334781215277e-08,1.2253530702169002e-33,0.0,0.0,0.0,0.0,0.0,1.0,1.0195076660105413e-05,2.093290665053162e-34,0.0,0.0,0.0,-5.2203289131490324e-67
2026-08-24T01:59:20.688198,30.69,6.65196711269823e-08,1.2278468803943835e-33,0.0,0.0,0.0,0.0,0.0,1.0,1.3303871137757719e-05,2.076761437632037e-34,0.0,0.0,0.0,-2.904047259728222e-67
2026-08-24T01:59:20.709396,30.71,2.8067796216133983e-07,1.2283794878410161e-33,0.0,0.0,0.0,0.0,0.0,1.0,5.613540023699917e-05,2.0376764243247877e-34,0.0,0.0,0.0,6.822544535398046e-67
2026-08-24T01:59:20.727784,30.73,3.887986945674327e-07,1.2246602521341528e-33,0.0,0.0,0.0,0.0,0.0,1.0,7.775934799130454e-05,1.949771087612563e-34,0.0,0.0,0.0,-5.906897617049778e-66
2026-08-24T01:59:20.750317,30.75,3.238287901913984e-07,1.2245440789173798e-33,0.0,0.0,0.0,0.0,0.0,1.0,6.47653163483921e-05,1.9051113599072105e-34,0.0,0.0,0.0,-3.347001039345063e-66
2026-08-24T01:59:20.769119,30.77,6.209653779374774e-07,1.2309790508477639e-33,0.0,0.0,0.0,0.0,0.0,1.0,0.00012419252578920018,1.9372816863255306e-34,0.0,0.0,0.0,4.6093044821275427e-66
2026-08-24T01:59:20.788066,30.79,5.360573021983888e-07,1.2321711265832857e-33,0.0,0.0,0.0,0.0,0.0,1.0,0.00010721076480977662,1.9079966017959868e-34,0.0,0.0,0.0,-3.7402946288943355e-66
2026-08-24T01:59:20.809364,30.81,4.346483182275914e-07,1.2230256375984314e-33,0.0,0.0,0.0,0.0,0.0,1.0,8.692906357054055e-05,1.7590148869259881e-34,0.0,0.0,0.0,-2.160797344851436e-65
2026-08-24T01:59:20.828451,30.83,1.4488088855933278e-07,1.2303591118693748e-33,0.0,0.0,0.0,0.0,0.0,1.0,2.8975784525599893e-05,1.803899041306086e-34,0.0,0.0,0.0,7.118165499701233e-66
2026-08-24T01:59:20.850776,30.85,-7.113192836814395e-09,1.2340587440472768e-33,0.0,0.0,0.0,0.0,0.0,1.0,-1.422722375447614e-06,1.8058359733255927e-34,0.0,0.0,0.0,1.7378698534071058e-67
2026-08-24T01:59:20.868004,30.87,-4.1561901116902264e-07,1.2395609704973301e-33,0.0,0.0,0.0,0.0,0.0,1.0,-8.31236183160333e-05,1.8286859010450233e-34,0.0,0.0,0.0,-8.732344128125524e-67
2026-08-24T01:59:20.888054,30.89,6.69737130814116e-08,1.2382143736949386e-33,0.0,0.0,0.0,0.0,0.0,1.0,1.339500507610325e-05,1.7715692743650529e-34,0.0,0.0,0.0,7.039250979148478e-66
2026-08-24T01:59:20.907962,30.91,-1.8920620605690602e-07,1.239761144795053e-33,0.0,0.0,0.0,0.0,0.0,1.0,-3.7841204261002825e-05,1.7489754829373577e-34,0.0,0.0,0.0,-3.2568027722900995e-67
2026-08-24T01:59:20.928497,30.93,7.244844184264315e-07,1.2517105180600852e-33,0.0,0.0,0.0,0.0,0.0,1.0,0.00014489668892369068,1.8476358575300047e-34,0.0,0.0,0.0,-3.9558754186081043e-66
2026-08-24T01:59:20.950633,30.95,1.3440163010182053e-07,1.2555936191771916e-33,0.0,0.0,0.0,0.0,0.0,1.0,2.687974121976753e-05,1.8509846233646124e-34,0.0,0.0,0.0,2.909093976571969e-66
2026-08-24T01:59:20.969203,30.97,-3.685916256757818e-07,1.2583374684179784e-33,0.0,0.0,0.0,0.0,0.0,1.0,-7.371825422348054e-05,1.8410310220762587e-34,0.0,0.0,0.0,-3.451612550750505e-67
2026-08-24T01:59:20.988449,30.99,-1.514697639321352e-07,1.2612340308007588e-33,0.0,0.0,0.0,0.0,0.0,1.0,-3.029361724189385e-05,1.8330008141221545e-34,0.0,0.0,0.0,-2.1623838856974844e-67
2026-08-24T01:59:21.010597,31.01,8.193268349334879e-08,1.2713851859611955e-33,0.0,0.0,0.0,0.0,0.0,1.0,1.6386594533078237e-05,1.9094038805658693e-34,0.0,0.0,0.0,-5.036273511802426e-66
2026-08-24T01:59:21.029692,31.03,-1.8103069951224156e-07,1.2761042614147914e-33,0.0,0.0,0.0,0.0,0.0,1.0,-3.620610696786467e-05,1.921458043687603e-34,0.0,0.0,0.0,2.286909409232584e-67
2026-08-24T01:59:21.047879,31.05,-1.266377451806371e-07,1.2720653228542789e-33,0.0,0.0,0.0,0.0,0.0,1.0,-2.5327373463152656e-05,1.8315219659863739e-34,0.0,0.0,0.0,6.712796572116329e-66
2026-08-24T01:59:21.070326,31.07,2.561662414361213e-08,1.2779118223584054e-33,0.0,0.0,0.0,0.0,0.0,1.0,5.123406688949754e-06,1.8578864675289346e-34,0.0,0.0,0.0,-1.3268334234863218e-66
2026-08-24T01:59:21.088030,31.09,-2.0304110052749542e-07,1.276805779112263e-33,0.0,0.0,0.0,0.0,0.0,1.0,-4.0608165584447875e-05,1.8030225548833919e-34,0.0,0.0,0.0,1.6053584148527368e-66
2026-08-24T01:59:21.108793,31.11,-7.020137882068477e-08,1.2747871852147503e-33,0.0,0.0,0.0,0.0,0.0,1.0,-1.404009552217669e-05,1.7384115687469714e-34,0.0,0.0,0.0,3.443358387704814e-66
2026-08-24T01:59:21.128502,31.12,-2.3335228922704984e-13,1.2778150835937918e-33,0.0,0.0,0.0,0.0,0.0,1.0,-1.3165308703746548e-10,1.7536550252076282e-34,0.0,0.0,0.0,-1.8637099077044358e-61
2026-08-24T01:59:21.149363,31.15,-2.467564183838563e-07,1.2951922243516771e-33,0.0,0.0,0.0,0.0,0.0,1.0,-4.93509023264728e-05,1.8950487042796437e-34,0.0,0.0,0.0,-1.8752427447213128e-65
2026-08-24T01:59:21.169805,31.17,8.81493410986894e-08,1.29924348241911e-33,0.0,0.0,0.0,0.0,0.0,1.0,1.7629993834006844e-05,1.899516906692753e-34,0.0,0.0,0.0,-7.233924107386013e-67
2026-08-24T01:59:21.188292,31.19,9.446626153622838e-08,1.2967055639056598e-33,0.0,0.0,0.0,0.0,0.0,1.0,1.8893138106770984e-05,1.8273227537785903e-34,0.0,0.0,0.0,-9.314340256650297e-67
2026-08-24T01:59:21.208713,31.21,1.1434668501108065e-07,1.3062269036528607e-33,0.0,0.0,0.0,0.0,0.0,1.0,2.286921656746264e-05,1.8964148369052335e-34,0.0,0.0,0.0,2.644468700917174e-66
2026-08-24T01:59:21.229058,31.23,1.1314309054997807e-07,1.3056668947435303e-33,0.0,0.0,0.0,0.0,0.0,1.0,2.2628469969251396e-05,1.8472396940971602e-34,0.0,0.0,0.0,-2.2452738689800652e-67
2026-08-24T01:59:21.247869,31.25,5.162647780805291e-07,1.3192002762152077e-33,0.0,0.0,0.0,0.0,0.0,1.0,0.00010325264699103919,1.9626282102785133e-34,0.0,0.0,0.0,7.716156269761113e-66
2026-08-24T01:59:21.268719,31.27,-2.2729772459446598e-08,1.3142904790618888e-33,0.0,0.0,0.0,0.0,0.0,1.0,-4.546323774321986e-06,1.8618332653560433e-34,0.0,0.0,0.0,-1.3889745750403584e-65
2026-08-24T01:59:21.289984,31.29,1.8033689611460073e-07,1.3073691431848374e-33,0.0,0.0,0.0,0.0,0.0,1.0,3.606731257799613e-05,1.7392395758175504e-34,0.0,0.0,0.0,5.9213942572673356e-67
2026-08-24T01:59:21.307967,31.31,-1.7416595810510343e-07,1.3121533239180759e-33,0.0,0.0,0.0,0.0,0.0,1.0,-3.483323843077848e-05,1.7546203830506829e-34,0.0,0.0,0.0,1.1569670449258985e-66
2026-08-24T01:59:21.327902,31.33,1.2370188776822335e-07,1.3120768191890294e-33,0.0,0.0,0.0,0.0,0.0,1.0,2.4740411340694413e-05,1.7132644029836198e-34,0.0,0.0,0.0,4.4870505965882584e-66
2026-08-24T01:59:21.348000,31.35,3.078753746627408e-07,1.3098946111819721e-33,0.0,0.0,0.0,0.0,0.0,1.0,6.157487290584536e-05,1.6480870876410456e-34,0.0,0.0,0.0,-5.408438582645558e-66
2026-08-24T01:59:21.368266,31.37,2.1630736398933366e-08,1.3057228288000118e-33,0.0,0.0,0.0,0.0,0.0,1.0,4.325912556972408e-06,1.56081716374562e-34,0.0,0.0,0.0,-7.264093074341629e-66
2026-08-24T01:59:21.388461,31.39,-8.608448743806195e-08,1.316079915107487e-33,0.0,0.0,0.0,0.0,0.0,1.0,-1.7216877919927977e-05,1.6437887847124146e-34,0.0,0.0,0.0,-4.351630437423396e-68
2026-08-24T01:59:21.409997,31.41,2.720568323193752e-07,1.3083252152873758e-33,0.0,0.0,0.0,0.0,0.0,1.0,5.441129947780999e-05,1.5149573422450956e-34,0.0,0.0,0.0,3.6023142584265186e-66
2026-08-24T01:59:21.428252,31.43,6.267941181069002e-07,1.3157233048571586e-33,0.0,0.0,0.0,0.0,0.0,1.0,0.0001253583384176155,1.5642762193498888e-34,0.0,0.0,0.0,6.281396079933757e-66
2026-08-24T01:59:21.448277,31.45,-9.530848329362392e-08,1.322717405096856e-33,0.0,0.0,0.0,0.0,0.0,1.0,-1.906211108210566e-05,1.6081307787766644e-34,0.0,0.0,0.0,1.0105589553449991e-65
2026-08-24T01:59:21.474653,31.47,-8.298998073164808e-07,1.3239418528572536e-33,0.0,0.0,0.0,0.0,0.0,1.0,-0.00016597949340055887,1.5842436385759258e-34,0.0,0.0,0.0,-8.678188080044808e-67
2026-08-24T01:59:21.494055,31.49,-7.864097750778227e-07,1.3337180184439332e-33,0.0,0.0,0.0,0.0,0.0,1.0,-0.00015728098577792967,1.660129840526417e-34,0.0,0.0,0.0,-2.3620201126234496e-65
2026-08-24T01:59:21.514098,31.51,-7.881747621152367e-07,1.3348598643103687e-33,0.0,0.0,0.0,0.0,0.0,1.0,-0.00015763401229707907,1.6344727290077824e-34,0.0,0.0,0.0,3.1628113704708264e-66
2026-08-24T01:59:21.537763,31.53,-5.148812361985266e-07,1.336599221050486e-33,0.0,0.0,0.0,0.0,0.0,1.0,-0.00010297542549841562,1.6161683289379593e-34,0.0,0.0,0.0,1.2530404945907762e-66
2026-08-24T01:59:21.554924,31.54,-7.801390433183114e-13,1.3461614702408517e-33,0.0,0.0,0.0,0.0,0.0,1.0,-2.904530320242029e-10,1.7089206686322405e-34,0.0,0.0,0.0,-3.397537600239794e-60
2026-08-24T01:59:21.580156,31.57,-9.171347652285851e-08,1.354648115262737e-33,0.0,0.0,0.0,0.0,0.0,1.0,-1.8342705410792958e-05,1.7480222325661811e-34,0.0,0.0,0.0,1.851101438550812e-66
2026-08-24T01:59:21.601336,31.59,2.3450249930314658e-07,1.3560054578578129e-33,0.0,0.0,0.0,0.0,0.0,1.0,4.690045010189122e-05,1.7234909062372254e-34,0.0,0.0,0.0,1.0183578036640972e-66
2026-08-24T01:59:21.631453,31.61,5.5243129206797514e-08,1.361853326486272e-33,0.0,0.0,0.0,0.0,0.0,1.0,1.1048433870759937e-05,1.7515350084771987e-34,0.0,0.0,0.0,2.8959848033573015e-66
2026-08-24T01:59:21.642021,31.63,1.1995198645103246e-06,1.3722221362947994e-33,0.0,0.0,0.0,0.0,0.0,1.0,0.00023990334525365067,1.83167796682424e-34,0.0,0.0,0.0,1.5007719216363256e-66
2026-08-24T01:59:21.679698,31.65,5.038124323345312e-07,1.3712643251371046e-33,0.0,0.0,0.0,0.0,0.0,1.0,0.00010076138013640726,1.7789103106961173e-34,0.0,0.0,0.0,-1.5837144413470838e-65
2026-08-24T01:59:21.703965,31.67,1.3177086909478028e-07,1.3657433159392886e-33,0.0,0.0,0.0,0.0,0.0,1.0,2.6353741903446077e-05,1.673935542705203e-34,0.0,0.0,0.0,-1.4180754860742471e-65
2026-08-24T01:59:21.721223,31.69,4.4082661307753566e-07,1.3901262483195846e-33,0.0,0.0,0.0,0.0,0.0,1.0,8.816498615807011e-05,1.9181672834366502e-34,0.0,0.0,0.0,7.953852244969282e-67
2026-08-24T01:59:21.739843,31.71,1.962732113905788e-07,1.394678021377422e-33,0.0,0.0,0.0,0.0,0.0,1.0,3.925423660516982e-05,1.928056173408883e-34,0.0,0.0,0.0,2.82371849096025e-66
2026-08-24T01:59:21.761435,31.73,3.5397014431067134e-07,1.3955276211395496e-33,0.0,0.0,0.0,0.0,0.0,1.0,7.079374611961645e-05,1.8947493384686391e-34,0.0,0.0,0.0,-2.854618242866741e-66
2026-08-24T01:59:21.780361,31.76,4.141326282089737e-13,1.4030261247343215e-33,0.0,0.0,0.0,0.0,0.0,1.0,1.2520044537515842e-10,1.9188439754261672e-34,0.0,0.0,0.0,1.9405283610152617e-55
2026-08-24T01:59:21.818983,31.78,-4.00514839989278e-13,1.3969343195395483e-33,0.0,0.0,0.0,0.0,0.0,1.0,-1.8511739219967925e-10,1.804068097596339e-34,0.0,0.0,0.0,7.635053405945467e-61
2026-08-24T01:59:21.839055,31.81,-8.348008889077197e-07,1.410579946164812e-33,0.0,0.0,0.0,0.0,0.0,1.0,-0.00016695941887679742,1.9007654468811499e-34,0.0,0.0,0.0,-1.90331219353261e-65
2026-08-24T01:59:21.860328,31.83,-2.1874637375384862e-07,1.4089154230277884e-33,0.0,0.0,0.0,0.0,0.0,1.0,-4.374856995736265e-05,1.8386236079272208e-34,0.0,0.0,0.0,1.395736757439663e-65
2026-08-24T01:59:21.878649,31.85,5.835720406391871e-07,1.4123878443736495e-33,0.0,0.0,0.0,0.0,0.0,1.0,0.00011671431795343122,1.8371568406850586e-34,0.0,0.0,0.0,-3.2411415284463966e-67
2026-08-24T01:59:21.901697,31.87,1.1328888441063227e-07,1.436162053690606e-33,0.0,0.0,0.0,0.0,0.0,1.0,2.2657299119772974e-05,2.071658424540054e-34,0.0,0.0,0.0,4.423747746847203e-65
2026-08-24T01:59:21.918817,31.89,-1.1339499615976742e-08,1.4310757924322375e-33,0.0,0.0,0.0,0.0,0.0,1.0,-2.267970589317047e-06,1.967021759253438e-34,0.0,0.0,0.0,-4.4478277385242767e-66
2026-08-24T01:59:21.939066,31.91,8.428657370250971e-07,1.421874907767648e-33,0.0,0.0,0.0,0.0,0.0,1.0,0.00016857275750898883,1.8161989861755485e-34,0.0,0.0,0.0,1.3421463918432387e-66
2026-08-24T01:59:21.959875,31.93,2.0289571033081645e-07,1.4394297798710764e-33,0.0,0.0,0.0,0.0,0.0,1.0,4.057843938838194e-05,1.9787091330043337e-34,0.0,0.0,0.0,4.6409497667518815e-65
2026-08-24T01:59:21.978689,31.95,-2.3346861977831264e-07,1.4457288769001768e-33,0.0,0.0,0.0,0.0,0.0,1.0,-4.6693775138928625e-05,2.0078268206367585e-34,0.0,0.0,0.0,1.7927501651085818e-66
2026-08-24T01:59:22.002504,31.97,-4.109804656433098e-07,1.4408211452169222e-33,0.0,0.0,0.0,0.0,0.0,1.0,-8.219570907693888e-05,1.9062213937927184e-34,0.0,0.0,0.0,2.843674727298745e-66
2026-08-24T01:59:22.019256,31.99,-1.0718502005596766e-06,1.4390419041907594e-33,0.0,0.0,0.0,0.0,0.0,1.0,-0.0002143692630928313,1.8425670215061362e-34,0.0,0.0,0.0,8.66466012189231e-66
2026-08-24T01:59:22.039784,32.01,-8.731978274227516e-07,1.456478208761627e-33,0.0,0.0,0.0,0.0,0.0,1.0,-0.0001746383660489519,2.003236773664757e-34,0.0,0.0,0.0,-5.646186675263806e-65
2026-08-24T01:59:22.059330,32.03,-4.642068391448122e-07,1.4500978670569105e-33,0.0,0.0,0.0,0.0,0.0,1.0,-9.28405327146931e-05,1.8845566891971451e-34,0.0,0.0,0.0,3.2603143225265665e-65
2026-08-24T01:59:22.078938,32.05,1.6000908631966108e-07,1.4504664874670817e-33,0.0,0.0,0.0,0.0,0.0,1.0,3.200208319994428e-05,1.8461761352635939e-34,0.0,0.0,0.0,4.0602494591358245e-66
2026-08-24T01:59:22.100276,32.07,5.251974024463456e-07,1.4582438214036151e-33,0.0,0.0,0.0,0.0,0.0,1.0,0.00010503911131171422,1.894499741150306e-34,0.0,0.0,0.0,3.454147515923006e-66
2026-08-24T01:59:22.118911,32.09,8.274338470786348e-08,1.4625769062028083e-33,0.0,0.0,0.0,0.0,0.0,1.0,1.6548254829567365e-05,1.902022914246805e-34,0.0,0.0,0.0,2.884240647188406e-66
2026-08-24T01:59:22.139782,32.11,-1.5645386229697934e-07,1.464942756119637e-33,0.0,0.0,0.0,0.0,0.0,1.0,-3.129074567043865e-05,1.8865544394366779e-34,0.0,0.0,0.0,-9.362144923085616e-67
2026-08-24T01:59:22.158672,32.13,-1.6082864921390836e-07,1.469584668679413e-33,0.0,0.0,0.0,0.0,0.0,1.0,-3.216554257446158e-05,1.8977741413789313e-34,0.0,0.0,0.0,-1.2211881605657137e-66
2026-08-24T01:59:22.179253,32.15,-5.632635900820183e-07,1.4870149052702689e-33,0.0,0.0,0.0,0.0,0.0,1.0,-0.00011265233627628527,2.057436807740707e-34,0.0,0.0,0.0,-9.750730389046546e-66
2026-08-24T01:59:22.199995,32.17,5.087000223969661e-07,1.501932617088066e-33,0.0,0.0,0.0,0.0,0.0,1.0,0.00010174020559475553,2.185364354271136e-34,0.0,0.0,0.0,-1.7981754957398354e-65
2026-08-24T01:59:22.219119,32.19,2.492100628122483e-07,1.5114674054369251e-33,0.0,0.0,0.0,0.0,0.0,1.0,4.9841517704580634e-05,2.248689372862965e-34,0.0,0.0,0.0,1.1378621468240124e-65
2026-08-24T01:59:22.240459,32.21,2.239243773290029e-07,1.5222057327718542e-33,0.0,0.0,0.0,0.0,0.0,1.0,4.478460300719215e-05,2.3249758851921953e-34,0.0,0.0,0.0,8.108581440501594e-66
2026-08-24T01:59:22.258778,32.23,2.986184528691955e-07,1.5197183390690142e-33,0.0,0.0,0.0,0.0,0.0,1.0,5.972338380650357e-05,2.2463153943465944e-34,0.0,0.0,0.0,-3.9857980284042405e-66
2026-08-24T01:59:22.279166,32.25,1.1725134068536177e-07,1.532976745036013e-33,0.0,0.0,0.0,0.0,0.0,1.0,2.3449989985946843e-05,2.3518679098935026e-34,0.0,0.0,0.0,1.0132423619826137e-65
2026-08-24T01:59:22.299960,32.27,8.393422042535099e-07,1.5346888774388412e-33,0.0,0.0,0.0,0.0,0.0,1.0,0.0001678679597829926,2.321530106878624e-34,0.0,0.0,0.0,5.7494071038664683e-67
2026-08-24T01:59:22.319061,32.29,5.999845780006136e-07,1.5165615370959542e-33,0.0,0.0,0.0,0.0,0.0,1.0,0.00011999603535837219,2.0610598806071692e-34,0.0,0.0,0.0,-6.997792763123221e-65
2026-08-24T01:59:22.340974,32.31,4.451527044270775e-07,1.5252354319608165e-33,0.0,0.0,0.0,0.0,0.0,1.0,8.902989286831011e-05,2.1161675706041475e-34,0.0,0.0,0.0,1.2641927220772655e-65
2026-08-24T01:59:22.359573,32.33,-1.0909571806378655e-07,1.5261413476532001e-33,0.0,0.0,0.0,0.0,0.0,1.0,-2.1819414117009973e-05,2.080105948479301e-34,0.0,0.0,0.0,-3.9715935794669085e-66
2026-08-24T01:59:22.380153,32.35,-3.735193167183714e-07,1.5258719825125521e-33,0.0,0.0,0.0,0.0,0.0,1.0,-7.470362240645542e-05,2.0309357011129437e-34,0.0,0.0,0.0,2.1974552662279424e-66
2026-08-24T01:59:22.399531,32.37,2.6507978375492266e-07,1.53103100679198e-33,0.0,0.0,0.0,0.0,0.0,1.0,5.301611183371701e-05,2.0456156678048536e-34,0.0,0.0,0.0,-2.397435215700198e-66
2026-08-24T01:59:22.418579,32.39,-5.086538341778439e-09,1.5512990810407194e-33,0.0,0.0,0.0,0.0,0.0,1.0,-1.0174983515154353e-06,2.2356498191838157e-34,0.0,0.0,0.0,1.6243241180376532e-65
2026-08-24T01:59:22.442105,32.41,-9.368473976033459e-08,1.5475924299446547e-33,0.0,0.0,0.0,0.0,0.0,1.0,-1.8736902707346967e-05,2.144023720492537e-34,0.0,0.0,0.0,4.1909124928780344e-67
2026-08-24T01:59:22.460715,32.43,6.016304174052347e-07,1.5446097756981155e-33,0.0,0.0,0.0,0.0,0.0,1.0,0.00012032588015408088,2.0622353877552664e-34,0.0,0.0,0.0,1.1295522942750059e-66
2026-08-24T01:59:22.480270,32.44,8.928144901655569e-13,1.545339707939046e-33,0.0,0.0,0.0,0.0,0.0,1.0,2.8065918354540954e-10,2.0476769612772012e-34,0.0,0.0,0.0,-1.0449656593345389e-61
2026-08-24T01:59:22.502117,32.47,1.7751957552568065e-07,1.5587218509114293e-33,0.0,0.0,0.0,0.0,0.0,1.0,3.5503586368190116e-05,2.1347475670929078e-34,0.0,0.0,0.0,1.2909324502474502e-65
2026-08-24T01:59:22.519799,32.49,-2.251452816776262e-07,1.5771080554026282e-33,0.0,0.0,0.0,0.0,0.0,1.0,-4.5029091540197127e-05,2.3014088315348537e-34,0.0,0.0,0.0,6.605622006330953e-66
2026-08-24T01:59:22.542412,32.51,2.480874741796423e-09,1.5840660884895413e-33,0.0,0.0,0.0,0.0,0.0,1.0,4.963279341555573e-07,2.332594113927599e-34,0.0,0.0,0.0,-2.9276938879174344e-66
2026-08-24T01:59:22.559553,32.52,2.021849740122589e-13,1.5730349277929257e-33,0.0,0.0,0.0,0.0,0.0,1.0,9.184857827878903e-11,2.1780646959380827e-34,0.0,0.0,0.0,2.569066686111433e-61
2026-08-24T01:59:22.580497,32.55,2.414376602453487e-08,1.5920807394978938e-33,0.0,0.0,0.0,0.0,0.0,1.0,4.828529874676683e-06,2.327724227090895e-34,0.0,0.0,0.0,1.4753720225176206e-65
2026-08-24T01:59:22.601443,32.57,-3.26285630658657e-07,1.6000101035743872e-33,0.0,0.0,0.0,0.0,0.0,1.0,-6.525699550267437e-05,2.3697021230041393e-34,0.0,0.0,0.0,-4.0412651326715724e-67
2026-08-24T01:59:22.621374,32.59,-8.093052481771265e-07,1.604225580771752e-33,0.0,0.0,0.0,0.0,0.0,1.0,-0.00016186045228770176,2.3678229903949095e-34,0.0,0.0,0.0,-1.424257646829551e-66
2026-08-24T01:59:22.643737,32.61,-5.108376905026498e-07,1.616019978246415e-33,0.0,0.0,0.0,0.0,0.0,1.0,-0.00010216670079381604,2.4540258810211125e-34,0.0,0.0,0.0,-2.4203394066854427e-65
2026-08-24T01:59:22.665630,32.63,-4.839996150302989e-07,1.6306496065592123e-33,0.0,0.0,0.0,0.0,0.0,1.0,-9.679932408156088e-05,2.571785913403762e-34,0.0,0.0,0.0,-2.122157737928974e-65
2026-08-24T01:59:22.679492,32.64,-1.2378734281963469e-12,1.6363131176831564e-33,0.0,0.0,0.0,0.0,0.0,1.0,-4.1541080255322377e-10,2.6108264577554664e-34,0.0,0.0,0.0,-1.6614093766331133e-60
2026-08-24T01:59:22.702339,32.67,-2.898320994191472e-07,1.651400953377901e-33,0.0,0.0,0.0,0.0,0.0,1.0,-5.796609043857077e-05,2.7039220376151552e-34,0.0,0.0,0.0,-5.81324516879925e-66
2026-08-24T01:59:22.722412,32.69,-2.4142123534717846e-10,1.67209761711136e-33,0.0,0.0,0.0,0.0,0.0,1.0,-4.808480388723699e-08,2.8881202680227207e-34,0.0,0.0,0.0,-1.9754191664026497e-65
2026-08-24T01:59:22.740526,32.7,4.1279742474328835e-13,1.6794377465544328e-33,0.0,0.0,0.0,0.0,0.0,1.0,1.7371323371196695e-10,2.944209742625975e-34,0.0,0.0,0.0,1.4432179916900342e-61
2026-08-24T01:59:22.765520,32.73,-1.8054127943340263e-07,1.6866065595036884e-33,0.0,0.0,0.0,0.0,0.0,1.0,-3.6108403820921086e-05,2.937124794981199e-34,0.0,0.0,0.0,-2.576014248663245e-69
2026-08-24T01:59:22.779093,32.75,-8.371672604739895e-08,1.6892464783493345e-33,0.0,0.0,0.0,0.0,0.0,1.0,-1.6743184506523096e-05,2.9076058836521797e-34,0.0,0.0,0.0,1.8449171735337309e-66
2026-08-24T01:59:22.801226,32.77,-4.407145199413898e-07,1.7007446971329312e-33,0.0,0.0,0.0,0.0,0.0,1.0,-8.81426015722075e-05,2.981446317228496e-34,0.0,0.0,0.0,-1.1539609621163441e-66
2026-08-24T01:59:22.821745,32.79,-8.25545481631064e-07,1.6991091349708227e-33,0.0,0.0,0.0,0.0,0.0,1.0,-0.0001651083964332337,2.901416620330445e-34,0.0,0.0,0.0,9.735929078750037e-66
2026-08-24T01:59:22.841836,32.81,-4.060107316289344e-07,1.7077453881206584e-33,0.0,0.0,0.0,0.0,0.0,1.0,-8.12013627623868e-05,2.9419716888031793e-34,0.0,0.0,0.0,-1.360137628078369e-65
2026-08-24T01:59:22.861173,32.83,-4.385798869072748e-07,1.700431712301292e-33,0.0,0.0,0.0,0.0,0.0,1.0,-8.771546928047121e-05,2.7964543563343385e-34,0.0,0.0,0.0,1.5009913528643014e-65
2026-08-24T01:59:22.878676,32.85,-5.309184307030647e-07,1.6964814837053178e-33,0.0,0.0,0.0,0.0,0.0,1.0,-0.00010618311098565577,2.692269908317291e-34,0.0,0.0,0.0,1.0960354300309355e-65
2026-08-24T01:59:22.901766,32.87,-7.59127054498634e-07,1.7182276674142866e-33,0.0,0.0,0.0,0.0,0.0,1.0,-0.00015182466052787044,2.8883320910418338e-34,0.0,0.0,0.0,-3.431178019071721e-65
2026-08-24T01:59:22.920656,32.89,-8.464490318726546e-07,1.7290018318198656e-33,0.0,0.0,0.0,0.0,0.0,1.0,-0.00016928884457361268,2.953729953425778e-34,0.0,0.0,0.0,-1.8919014749256302e-65
2026-08-24T01:59:22.939605,32.91,-1.2052164583255388e-07,1.7264792492550547e-33,0.0,0.0,0.0,0.0,0.0,1.0,-2.410367002722268e-05,2.8635007591031006e-34,0.0,0.0,0.0,2.328163160495698e-65
2026-08-24T01:59:22.964798,32.92,-4.767276494384118e-13,1.741900984607724e-33,0.0,0.0,0.0,0.0,0.0,1.0,-2.7922878484603335e-11,3.014142897358392e-34,0.0,0.0,0.0,8.17956084666274e-62
2026-08-24T01:59:22.980007,32.95,3.756323274110527e-07,1.7522966427484576e-33,0.0,0.0,0.0,0.0,0.0,1.0,7.512635481371621e-05,3.041971466937385e-34,0.0,0.0,0.0,-6.784933295311957e-68
2026-08-24T01:59:23.001004,32.97,8.494064275058351e-07,1.7586953339082997e-33,0.0,0.0,0.0,0.0,0.0,1.0,0.0001698806188110018,3.0538598683373217e-34,0.0,0.0,0.0,4.163918911379612e-66
2026-08-24T01:59:23.019586,32.99,7.325246680173133e-07,1.759725068077714e-33,0.0,0.0,0.0,0.0,0.0,1.0,0.00014650395468650935,3.0030991375972686e-34,0.0,0.0,0.0,-7.698576660958506e-66
2026-08-24T01:59:23.042439,33.01,7.640019155436989e-07,1.782659060828762e-33,0.0,0.0,0.0,0.0,0.0,1.0,0.00015279951409870627,3.207655417981333e-34,0.0,0.0,0.0,5.64677757375951e-65
2026-08-24T01:59:23.060787,33.03,-6.640879193698838e-08,1.798368007965552e-33,0.0,0.0,0.0,0.0,0.0,1.0,-1.3282301716728532e-05,3.3249468389555966e-34,0.0,0.0,0.0,2.7306386777801824e-65
2026-08-24T01:59:23.081762,33.05,-6.648722022692859e-07,1.8101852742887112e-33,0.0,0.0,0.0,0.0,0.0,1.0,-0.0001329740651700999,3.395083596988668e-34,0.0,0.0,0.0,-2.794103025085475e-66
2026-08-24T01:59:23.100378,33.07,2.789554086871863e-07,1.8161787188338286e-33,0.0,0.0,0.0,0.0,0.0,1.0,5.579144751163605e-05,3.3963496098260823e-34,0.0,0.0,0.0,-1.9697756194870573e-66
2026-08-24T01:59:23.118845,33.09,4.502870706492317e-07,1.8192965091263675e-33,0.0,0.0,0.0,0.0,0.0,1.0,9.005701390359413e-05,3.36409496311102e-34,0.0,0.0,0.0,-2.402630636479528e-66
2026-08-24T01:59:23.140128,33.11,-1.1669539624886459e-07,1.835894241941892e-33,0.0,0.0,0.0,0.0,0.0,1.0,-2.3339348845162167e-05,3.4889387895778405e-34,0.0,0.0,0.0,1.8562812055756262e-65
2026-08-24T01:59:23.162462,33.13,1.0438591401803344e-07,1.837439442011341e-33,0.0,0.0,0.0,0.0,0.0,1.0,2.0877213370935134e-05,3.4367880798593633e-34,0.0,0.0,0.0,2.447777296779876e-66
2026-08-24T01:59:23.181039,33.15,1.0288288900398431e-07,1.829610804519069e-33,0.0,0.0,0.0,0.0,0.0,1.0,2.057642849755168e-05,3.2764346070097586e-34,0.0,0.0,0.0,2.1099061091012153e-66
2026-08-24T01:59:23.200613,33.17,-2.3944693895322584e-07,1.8425766335368597e-33,0.0,0.0,0.0,0.0,0.0,1.0,-4.788934563320112e-05,3.3602160220815337e-34,0.0,0.0,0.0,2.5645818782263174e-66
2026-08-24T01:59:23.219061,33.19,-6.783935044960224e-07,1.8487990785949106e-33,0.0,0.0,0.0,0.0,0.0,1.0,-0.00013567821480866803,3.3642297989513514e-34,0.0,0.0,0.0,-2.3128588043377834e-66
2026-08-24T01:59:23.239445,33.2,-1.213775889532699e-12,1.8422533005339723e-33,0.0,0.0,0.0,0.0,0.0,1.0,-4.6207295384363156e-10,3.2530469141299795e-34,0.0,0.0,0.0,3.898091354337564e-60
2026-08-24T01:59:23.258786,33.23,-4.515997977151291e-07,1.8641748379641196e-33,0.0,0.0,0.0,0.0,0.0,1.0,-9.031939008715877e-05,3.407660083091331e-34,0.0,0.0,0.0,-2.6026534619506535e-65
2026-08-24T01:59:23.280424,33.25,1.2788503096962184e-07,1.8815931721981956e-33,0.0,0.0,0.0,0.0,0.0,1.0,2.5577283210080132e-05,3.540830869351078e-34,0.0,0.0,0.0,-1.8237595010555678e-65
2026-08-24T01:59:23.299257,33.27,-2.859127583923438e-08,1.8901367149505507e-33,0.0,0.0,0.0,0.0,0.0,1.0,-5.718337313508243e-06,3.568676050521487e-34,0.0,0.0,0.0,1.41067543265616e-66
2026-08-24T01:59:23.320452,33.29,-4.940318138565086e-07,1.8935111604082925e-33,0.0,0.0,0.0,0.0,0.0,1.0,-9.880612039289669e-05,3.5359228400160776e-34,0.0,0.0,0.0,9.763291955148952e-68
2026-08-24T01:59:23.341303,33.3,-5.711841569327349e-13,1.903051432428145e-33,0.0,0.0,0.0,0.0,0.0,1.0,-2.0932074847151438e-10,3.611618607360886e-34,0.0,0.0,0.0,-2.847041409676497e-60
2026-08-24T01:59:23.359561,33.33,-4.970059972693084e-07,1.9066825676727646e-33,0.0,0.0,0.0,0.0,0.0,1.0,-9.940083845721859e-05,3.5445646283070136e-34,0.0,0.0,0.0,4.6810689809483143e-66
2026-08-24T01:59:23.379764,33.35,1.2686076740540716e-07,1.9337457013962403e-33,0.0,0.0,0.0,0.0,0.0,1.0,2.5372439738157007e-05,3.7872614162682797e-34,0.0,0.0,0.0,-4.2576950577156395e-65
2026-08-24T01:59:23.405362,33.37,-2.795760729662114e-07,1.9347623477080115e-33,0.0,0.0,0.0,0.0,0.0,1.0,-5.591517593242524e-05,3.7233225027651418e-34,0.0,0.0,0.0,-2.7266468801896443e-66
2026-08-24T01:59:23.419806,33.39,1.1854382914909434e-07,1.94540673993694e-33,0.0,0.0,0.0,0.0,0.0,1.0,2.3708943273598368e-05,3.7721983193120988e-34,0.0,0.0,0.0,-4.283051869098625e-66
2026-08-24T01:59:23.440251,33.41,6.1360875123389e-08,1.944831492696243e-33,0.0,0.0,0.0,0.0,0.0,1.0,1.2272045862563795e-05,3.6898159347559294e-34,0.0,0.0,0.0,-1.377293871413527e-67
2026-08-24T01:59:23.460463,33.42,1.673137942354652e-13,1.953873385635214e-33,0.0,0.0,0.0,0.0,0.0,1.0,-1.2368549495873711e-11,3.758187301511535e-34,0.0,0.0,0.0,1.13120637766277e-61
2026-08-24T01:59:23.478908,33.45,-4.0373008881038303e-07,1.9571096459174142e-33,0.0,0.0,0.0,0.0,0.0,1.0,-8.074563345794455e-05,3.6822873612740823e-34,0.0,0.0,0.0,7.191035994086355e-66
2026-08-24T01:59:23.500410,33.47,-4.793021166768019e-07,1.95304025008766e-33,0.0,0.0,0.0,0.0,0.0,1.0,-9.585990907171648e-05,3.5604538145918784e-34,0.0,0.0,0.0,1.4140690773446252e-65
2026-08-24T01:59:23.520502,33.49,-4.005719512221496e-08,1.963957814425799e-33,0.0,0.0,0.0,0.0,0.0,1.0,-8.011054579062693e-06,3.6146457788643167e-34,0.0,0.0,0.0,-9.188457418169014e-66
2026-08-24T01:59:23.541303,33.51,-2.0906713937976701e-07,1.9666054516482988e-33,0.0,0.0,0.0,0.0,0.0,1.0,-4.181328743667667e-05,3.571790067590751e-34,0.0,0.0,0.0,-1.539000616467265e-66
2026-08-24T01:59:23.561120,33.53,-1.8182563783034702e-08,1.9587447773407213e-33,0.0,0.0,0.0,0.0,0.0,1.0,-3.6363484852760805e-06,3.407403963730509e-34,0.0,0.0,0.0,8.903185532659688e-66
2026-08-24T01:59:23.581127,33.54,-9.984865427835784e-14,1.9794974007133473e-33,0.0,0.0,0.0,0.0,0.0,1.0,-5.625851235863944e-11,3.6149689417018392e-34,0.0,0.0,0.0,-3.829144878057545e-61
2026-08-24T01:59:23.600259,33.57,-5.762795841330032e-07,1.9916423582115883e-33,0.0,0.0,0.0,0.0,0.0,1.0,-0.00011525560705193677,3.6453114990246104e-34,0.0,0.0,0.0,-2.1907062155179698e-66
2026-08-24T01:59:23.620129,33.59,1.8405808202371885e-07,2.0023098962706597e-33,0.0,0.0,0.0,0.0,0.0,1.0,3.681192824418356e-05,3.694884474243904e-34,0.0,0.0,0.0,-1.040666709847523e-65
2026-08-24T01:59:23.639771,33.61,3.2722088129401515e-07,2.014503145243382e-33,0.0,0.0,0.0,0.0,0.0,1.0,6.54439121910391e-05,3.761328025260603e-34,0.0,0.0,0.0,6.265750487417719e-66
2026-08-24T01:59:23.660611,33.63,3.275913171181772e-07,2.036073860026418e-33,0.0,0.0,0.0,0.0,0.0,1.0,6.551786268277584e-05,3.935628065460066e-34,0.0,0.0,0.0,1.8224929936991115e-65
2026-08-24T01:59:23.678761,33.65,-7.10479634593253e-07,2.0538873438945318e-33,0.0,0.0,0.0,0.0,0.0,1.0,-0.00014209582444601996,4.063421318707553e-34,0.0,0.0,0.0,1.2134441569803289e-65
2026-08-24T01:59:23.699464,33.67,-2.914788006990086e-07,2.0591067344307542e-33,0.0,0.0,0.0,0.0,0.0,1.0,-5.82951249040451e-05,4.0427301140992616e-34,0.0,0.0,0.0,3.2766782320617567e-66
2026-08-24T01:59:23.720754,33.69,9.125952538483029e-08,2.0606641094840907e-33,0.0,0.0,0.0,0.0,0.0,1.0,1.8252082999993848e-05,3.979706870859046e-34,0.0,0.0,0.0,3.707492413854781e-66
2026-08-24T01:59:23.739577,33.71,-5.405350559812558e-07,2.0559930722859272e-33,0.0,0.0,0.0,0.0,0.0,1.0,-0.00010810680452096249,3.845195684733843e-34,0.0,0.0,0.0,-9.249671116928829e-66
2026-08-24T01:59:23.762165,33.72,-7.346501346445529e-13,2.0726052557565633e-33,0.0,0.0,0.0,0.0,0.0,1.0,-2.350248970101995e-10,4.000381917847379e-34,0.0,0.0,0.0,-5.726333324081614e-60
2026-08-24T01:59:23.781897,33.75,-1.3945116241758886e-07,2.088851263440959e-33,0.0,0.0,0.0,0.0,0.0,1.0,-2.7890140183511862e-05,4.068067483198865e-34,0.0,0.0,0.0,-1.448774159693953e-66
2026-08-24T01:59:23.801880,33.77,-2.591631118064944e-07,2.0714927139891507e-33,0.0,0.0,0.0,0.0,0.0,1.0,-5.1832392957255285e-05,3.784432778012591e-34,0.0,0.0,0.0,8.683238118649109e-66
2026-08-24T01:59:23.820571,33.79,-2.8055839922884377e-07,2.084829021459259e-33,0.0,0.0,0.0,0.0,0.0,1.0,-5.6111346736193636e-05,3.861931018695925e-34,0.0,0.0,0.0,-7.279186138350025e-66
2026-08-24T01:59:23.841148,33.81,8.112158260286153e-08,2.10988008850068e-33,0.0,0.0,0.0,0.0,0.0,1.0,1.622450479131303e-05,4.074276593842671e-34,0.0,0.0,0.0,-1.3626275090660494e-65
2026-08-24T01:59:23.859974,33.83,-8.893124906388129e-08,2.112637257118033e-33,0.0,0.0,0.0,0.0,0.0,1.0,-1.7786251945425957e-05,4.024076816175245e-34,0.0,0.0,0.0,-3.189390335753151e-66
2026-08-24T01:59:23.881636,33.85,2.2928441608718696e-07,2.109677698544944e-33,0.0,0.0,0.0,0.0,0.0,1.0,4.58568320890201e-05,3.9081361426374595e-34,0.0,0.0,0.0,5.150567714726488e-66
2026-08-24T01:59:23.901585,33.87,4.219722812409886e-07,2.1302472650628837e-33,0.0,0.0,0.0,0.0,0.0,1.0,8.439408393770973e-05,4.067399746877626e-34,0.0,0.0,0.0,1.2466326310112228e-65
2026-08-24T01:59:23.920026,33.89,-1.690818822647973e-07,2.1357343177447233e-33,0.0,0.0,0.0,0.0,0.0,1.0,-3.381657494524291e-05,4.048769229446994e-34,0.0,0.0,0.0,-3.9934633687683477e-66
2026-08-24T01:59:23.940062,33.91,3.9983084915408944e-07,2.151157575648889e-33,0.0,0.0,0.0,0.0,0.0,1.0,7.996610143840123e-05,4.145822923749081e-34,0.0,0.0,0.0,-4.4756750247356213e-66
2026-08-24T01:59:23.961404,33.93,5.426859190098457e-07,2.1632727853589864e-33,0.0,0.0,0.0,0.0,0.0,1.0,0.00010853663249080133,4.2028053259873475e-34,0.0,0.0,0.0,1.0059838580321412e-65
2026-08-24T01:59:23.979021,33.95,5.605499357144216e-07,2.1722816573231044e-33,0.0,0.0,0.0,0.0,0.0,1.0,0.00011210933592257987,4.222689711375933e-34,0.0,0.0,0.0,6.63198089497172e-66
2026-08-24T01:59:24.000548,33.97,-1.9996938548921034e-07,2.1917240962553753e-33,0.0,0.0,0.0,0.0,0.0,1.0,-3.999417245725281e-05,4.363424175358603e-34,0.0,0.0,0.0,2.7858207799106036e-65
2026-08-24T01:59:24.019809,33.99,2.4141780841504206e-08,2.1933365743333297e-33,0.0,0.0,0.0,0.0,0.0,1.0,4.8285050084306375e-06,4.294611943178121e-34,0.0,0.0,0.0,1.2846512295779707e-66
2026-08-24T01:59:24.039827,34.01,2.626331468326114e-09,2.2074447216274952e-33,0.0,0.0,0.0,0.0,0.0,1.0,5.252328088537407e-07,4.372011188031747e-34,0.0,0.0,0.0,2.265725839003237e-68
2026-08-24T01:59:24.060148,34.03,5.098677392391873e-07,2.2083300504901923e-33,0.0,0.0,0.0,0.0,0.0,1.0,0.00010197329749780145,4.294408118996427e-34,0.0,0.0,0.0,2.803734764660655e-66
2026-08-24T01:59:24.080899,34.05,-1.3613358223088664e-07,2.217352683952078e-33,0.0,0.0,0.0,0.0,0.0,1.0,-2.722702780295162e-05,4.312502689723562e-34,0.0,0.0,0.0,4.315242752629209e-66
2026-08-24T01:59:24.099938,34.07,-7.362670667998419e-07,2.2159822353355568e-33,0.0,0.0,0.0,0.0,0.0,1.0,-0.00014725294052723813,4.209422197933799e-34,0.0,0.0,0.0,-3.6629784122604063e-66
2026-08-24T01:59:24.120083,34.09,-4.3227842134576546e-07,2.210865152367262e-33,0.0,0.0,0.0,0.0,0.0,1.0,-8.645496219039279e-05,4.064329240313379e-34,0.0,0.0,0.0,3.385387317633245e-65
2026-08-24T01:59:24.139544,34.11,3.7119778253981935e-08,2.2319077098037077e-33,0.0,0.0,0.0,0.0,0.0,1.0,7.424247350121589e-06,4.225472278125452e-34,0.0,0.0,0.0,-2.3783143988315784e-65
2026-08-24T01:59:24.161011,34.13,2.118920065892562e-07,2.231537134499723e-33,0.0,0.0,0.0,0.0,0.0,1.0,4.2378274689446854e-05,4.135115489445263e-34,0.0,0.0,0.0,-3.806548249591408e-67
2026-08-24T01:59:24.180012,34.15,6.219132258211533e-07,2.228325291626608e-33,0.0,0.0,0.0,0.0,0.0,1.0,0.0001243822065853688,4.0130743028979255e-34,0.0,0.0,0.0,-7.65652003630269e-66
2026-08-24T01:59:24.205741,34.17,-8.726360674722243e-09,2.243883131598055e-33,0.0,0.0,0.0,0.0,0.0,1.0,-1.7457026738693768e-06,4.111022953702046e-34,0.0,0.0,0.0,2.249112938560369e-65
2026-08-24T01:59:24.218661,34.19,1.8665329835904916e-07,2.251709103256696e-33,0.0,0.0,0.0,0.0,0.0,1.0,3.7330573698126585e-05,4.1174827647049245e-34,0.0,0.0,0.0,7.366774417699878e-67
2026-08-24T01:59:24.240369,34.21,-3.3540013402476265e-07,2.247227020405763e-33,0.0,0.0,0.0,0.0,0.0,1.0,-6.708000269293671e-05,3.980710217975227e-34,0.0,0.0,0.0,-8.435602392491445e-66
2026-08-24T01:59:24.262539,34.23,3.744068726846132e-07,2.2573671508672584e-33,0.0,0.0,0.0,0.0,0.0,1.0,7.488145289847015e-05,4.015960473089543e-34,0.0,0.0,0.0,-3.844124829645709e-66
2026-08-24T01:59:24.279634,34.25,-9.534886204524048e-08,2.2729880575828624e-33,0.0,0.0,0.0,0.0,0.0,1.0,-1.906998506024137e-05,4.114277467381078e-34,0.0,0.0,0.0,1.3649052359476974e-65
2026-08-24T01:59:24.300810,34.27,1.862883306296308e-07,2.2890879437123136e-33,0.0,0.0,0.0,0.0,0.0,1.0,3.725764062143757e-05,4.216530390484255e-34,0.0,0.0,0.0,-3.3073698795490367e-66
2026-08-24T01:59:24.321003,34.29,7.869608296176698e-07,2.3105000262983337e-33,0.0,0.0,0.0,0.0,0.0,1.0,0.0001573916566192643,4.378824840420297e-34,0.0,0.0,0.0,1.2589200147732503e-65
2026-08-24T01:59:24.342113,34.31,7.072760526134841e-08,2.3232928290998713e-33,0.0,0.0,0.0,0.0,0.0,1.0,1.4144920787221263e-05,4.438291373996818e-34,0.0,0.0,0.0,1.7697627440736536e-65
2026-08-24T01:59:24.360152,34.33,1.646783068631872e-09,2.310704604923418e-33,0.0,0.0,0.0,0.0,0.0,1.0,3.293246550319532e-07,4.2017388725866185e-34,0.0,0.0,0.0,-1.287545370720805e-65
2026-08-24T01:59:24.379460,34.35,6.047028406151088e-07,2.3299662183813502e-33,0.0,0.0,0.0,0.0,0.0,1.0,0.00012094028651054697,4.338996342784334e-34,0.0,0.0,0.0,2.9371616185940567e-66
2026-08-24T01:59:24.402929,34.37,6.741355624615843e-07,2.336236173070023e-33,0.0,0.0,0.0,0.0,0.0,1.0,0.00013482636013217712,4.323007966719854e-34,0.0,0.0,0.0,9.766059914757291e-67
2026-08-24T01:59:24.419944,34.39,5.647202567466046e-07,2.3128452561523212e-33,0.0,0.0,0.0,0.0,0.0,1.0,0.00011294328461330884,3.962456795199196e-34,0.0,0.0,0.0,-6.5800575747539975e-65
2026-08-24T01:59:24.440469,34.41,2.2275740747870767e-07,2.3284252430993844e-33,0.0,0.0,0.0,0.0,0.0,1.0,4.4550951743381946e-05,4.060447698304071e-34,0.0,0.0,0.0,1.8982017778511162e-65
2026-08-24T01:59:24.463138,34.43,1.9941672956227605e-07,2.3342640290501294e-33,0.0,0.0,0.0,0.0,0.0,1.0,3.9883091342212064e-05,4.043606637314381e-34,0.0,0.0,0.0,2.083624919161401e-67
2026-08-24T01:59:24.482788,34.45,1.245868033954481e-07,2.3330722350537416e-33,0.0,0.0,0.0,0.0,0.0,1.0,2.4917171440706492e-05,3.945248113438871e-34,0.0,0.0,0.0,-7.724041951054258e-66
2026-08-24T01:59:24.502537,34.47,3.4079748225609666e-07,2.3410088841589066e-33,0.0,0.0,0.0,0.0,0.0,1.0,6.815925586175378e-05,3.954466638916987e-34,0.0,0.0,0.0,1.4439018890938132e-66
2026-08-24T01:59:24.520942,34.49,4.0208358971821534e-08,2.3531116085098254e-33,0.0,0.0,0.0,0.0,0.0,1.0,8.041428808215168e-06,4.0118931927006595e-34,0.0,0.0,0.0,8.209325670799142e-66
2026-08-24T01:59:24.539621,34.5,-1.5507402822863312e-13,2.3532526859194923e-33,0.0,0.0,0.0,0.0,0.0,1.0,-1.1733112978098784e-10,3.97109851968896e-34,0.0,0.0,0.0,-2.2661740457331236e-61
2026-08-24T01:59:24.560244,34.53,-2.154521378282816e-07,2.3643706674356194e-33,0.0,0.0,0.0,0.0,0.0,1.0,-4.308999232668417e-05,3.974840939852947e-34,0.0,0.0,0.0,-2.204202205807921e-66
2026-08-24T01:59:24.581420,34.56,-2.0855298988084034e-13,2.3750343011505294e-33,0.0,0.0,0.0,0.0,0.0,1.0,-8.246615341962011e-11,3.971843881559774e-34,0.0,0.0,0.0,6.880934293033287e-56
2026-08-24T01:59:24.601905,34.57,2.122664717500898e-07,2.3790082985483616e-33,0.0,0.0,0.0,0.0,0.0,1.0,4.2453269419163555e-05,3.976150916294904e-34,0.0,0.0,0.0,2.718336707328034e-66
2026-08-24T01:59:24.620115,34.59,3.10372641889107e-07,2.3991936351510805e-33,0.0,0.0,0.0,0.0,0.0,1.0,6.20742171749556e-05,4.126840004596688e-34,0.0,0.0,0.0,1.0264931491688381e-65
2026-08-24T01:59:24.639045,34.61,-1.2769192825414695e-07,2.4049347341087525e-33,0.0,0.0,0.0,0.0,0.0,1.0,-2.553854522697516e-05,4.107207782644378e-34,0.0,0.0,0.0,-1.4613374158450568e-66
2026-08-24T01:59:24.660195,34.63,-1.0966225843236318e-07,2.418328345330057e-33,0.0,0.0,0.0,0.0,0.0,1.0,-2.193232538603528e-05,4.176753348248949e-34,0.0,0.0,0.0,-4.384900842834311e-66
2026-08-24T01:59:24.679648,34.65,5.888376947517726e-07,2.4355621991532917e-33,0.0,0.0,0.0,0.0,0.0,1.0,0.00011776732888643816,4.289760966565268e-34,0.0,0.0,0.0,-3.382812302895169e-66
2026-08-24T01:59:24.700569,34.67,5.722991185083968e-07,2.4419362950422003e-33,0.0,0.0,0.0,0.0,0.0,1.0,0.00011445912363076557,4.274693175233292e-34,0.0,0.0,0.0,1.6478915140100844e-66
2026-08-24T01:59:24.719344,34.69,-1.0980976951710044e-07,2.4380499816894972e-33,0.0,0.0,0.0,0.0,0.0,1.0,-2.196230764943167e-05,4.1405354356569486e-34,0.0,0.0,0.0,-2.4215656964210028e-65
2026-08-24T01:59:24.741695,34.7,-4.956061083028855e-13,2.427870460688897e-33,0.0,0.0,0.0,0.0,0.0,1.0,-2.938327934815109e-10,3.977460172960243e-34,0.0,0.0,0.0,1.0946823750396732e-60
2026-08-24T01:59:24.760244,34.73,3.7557806318236333e-07,2.448734833349287e-33,0.0,0.0,0.0,0.0,0.0,1.0,7.511562671422515e-05,4.093268984477764e-34,0.0,0.0,0.0,-5.055706886367676e-66
2026-08-24T01:59:24.781029,34.75,5.584971669422423e-07,2.4524331141063376e-33,0.0,0.0,0.0,0.0,0.0,1.0,0.00011169890747937363,4.049921895975483e-34,0.0,0.0,0.0,-3.022570960549286e-66
2026-08-24T01:59:24.800483,34.77,2.4534840041468544e-07,2.4607697028794807e-33,0.0,0.0,0.0,0.0,0.0,1.0,4.9069154528358805e-05,4.061101519522289e-34,0.0,0.0,0.0,5.280800372016131e-66
2026-08-24T01:59:24.819591,34.79,4.032439874393456e-07,2.484445354535068e-33,0.0,0.0,0.0,0.0,0.0,1.0,8.064841881665519e-05,4.250315088630391e-34,0.0,0.0,0.0,1.48589217380003e-65
2026-08-24T01:59:24.842129,34.81,4.882190822900754e-08,2.4858830142053663e-33,0.0,0.0,0.0,0.0,0.0,1.0,9.76406497554426e-06,4.178017805269709e-34,0.0,0.0,0.0,-7.055051989666934e-66
2026-08-24T01:59:24.860124,34.83,-2.0698304172086833e-07,2.507550459557405e-33,0.0,0.0,0.0,0.0,0.0,1.0,-4.1396536597472376e-05,4.341905475951596e-34,0.0,0.0,0.0,3.5484317851136297e-66
2026-08-24T01:59:24.880611,34.84,-1.6878911035260099e-13,2.5118300241104927e-33,0.0,0.0,0.0,0.0,0.0,1.0,-6.499799902692064e-11,4.34636935407757e-34,0.0,0.0,0.0,-1.7210792817016096e-61
2026-08-24T01:59:24.900705,34.87,9.405877106111997e-07,2.537380818436649e-33,0.0,0.0,0.0,0.0,0.0,1.0,0.0001881171409033939,4.507175631109536e-34,0.0,0.0,0.0,-2.3640878042969212e-66
2026-08-24T01:59:24.919390,34.89,8.002579338295127e-07,2.5481661943710634e-33,0.0,0.0,0.0,0.0,0.0,1.0,0.0001600505202827712,4.539159687364205e-34,0.0,0.0,0.0,1.6183298353267274e-65
2026-08-24T01:59:24.941622,34.91,8.267913619125798e-07,2.560031401065756e-33,0.0,0.0,0.0,0.0,0.0,1.0,0.00016535729788158331,4.583102267699376e-34,0.0,0.0,0.0,1.7224791603368235e-65
2026-08-24T01:59:24.958788,34.93,6.348943757468192e-07,2.5730212066809637e-33,0.0,0.0,0.0,0.0,0.0,1.0,0.0001269779650618859,4.639333416698301e-34,0.0,0.0,0.0,2.0074841685787524e-65
2026-08-24T01:59:24.980679,34.95,-4.4050897929693674e-08,2.5610153868077324e-33,0.0,0.0,0.0,0.0,0.0,1.0,-8.810640561838095e-06,4.404081795519358e-34,0.0,0.0,0.0,-3.5638108088815025e-65
2026-08-24T01:59:25.000038,34.97,-5.360942838892005e-07,2.5827849721315484e-33,0.0,0.0,0.0,0.0,0.0,1.0,-0.00010721858366418276,4.565004921683133e-34,0.0,0.0,0.0,-6.41567579675783e-66
2026-08-24T01:59:25.021059,35.0,-4.0915917277758216e-13,2.582865044017846e-33,0.0,0.0,0.0,0.0,0.0,1.0,-9.145972003289822e-11,4.422339536454999e-34,0.0,0.0,0.0,2.1465992789851884e-55
2026-08-24T01:59:25.042127,35.01,5.76242670398656e-07,2.5872899653604522e-33,0.0,0.0,0.0,0.0,0.0,1.0,0.0001152484224342747,4.4275031536860426e-34,0.0,0.0,0.0,7.525367099147063e-66
2026-08-24T01:59:25.059746,35.02,7.419839267880118e-13,2.60837232272182e-33,0.0,0.0,0.0,0.0,0.0,1.0,1.9920436123137793e-10,4.627738751445185e-34,0.0,0.0,0.0,7.514918720147954e-60
2026-08-24T01:59:25.080777,35.05,1.0122946294841572e-07,2.6228226203275384e-33,0.0,0.0,0.0,0.0,0.0,1.0,2.0246112854299608e-05,4.651719750201404e-34,0.0,0.0,0.0,-2.9502011842265794e-66
2026-08-24T01:59:25.102388,35.07,-3.050839597281873e-07,2.626743649086047e-33,0.0,0.0,0.0,0.0,0.0,1.0,-6.101671591991831e-05,4.6008728805305e-34,0.0,0.0,0.0,-2.9119223130320685e-66
2026-08-24T01:59:25.121283,35.09,-1.0533169168178481e-08,2.6249194196570585e-33,0.0,0.0,0.0,0.0,0.0,1.0,-2.1064220185928383e-06,4.4839693926424645e-34,0.0,0.0,0.0,1.3012940984212479e-65
2026-08-24T01:59:25.140747,35.11,3.9565384247059895e-07,2.6479950620504418e-33,0.0,0.0,0.0,0.0,0.0,1.0,7.913062393666324e-05,4.658222184597904e-34,0.0,0.0,0.0,7.207399807071183e-66
2026-08-24T01:59:25.161765,35.13,7.44307972431319e-07,2.6439830383000103e-33,0.0,0.0,0.0,0.0,0.0,1.0,0.00014886095665056048,4.514822840610013e-34,0.0,0.0,0.0,-1.3864189313580695e-65
2026-08-24T01:59:25.179139,35.15,6.094136690585059e-07,2.6438516767306657e-33,0.0,0.0,0.0,0.0,0.0,1.0,0.00012188189446270573,4.418706726133133e-34,0.0,0.0,0.0,-1.4778412255394296e-65
2026-08-24T01:59:25.200724,35.17,1.7471290295854637e-07,2.655419518322848e-33,0.0,0.0,0.0,0.0,0.0,1.0,3.494205454677701e-05,4.460003602560167e-34,0.0,0.0,0.0,1.123414070110023e-65
2026-08-24T01:59:25.219496,35.18,-4.179121818233828e-14,2.6517495245348547e-33,0.0,0.0,0.0,0.0,0.0,1.0,-1.046733580101266e-10,4.3696929206346945e-34,0.0,0.0,0.0,-9.563352380855291e-61
2026-08-24T01:59:25.239786,35.21,-3.7169122870946487e-07,2.6704464904700726e-33,0.0,0.0,0.0,0.0,0.0,1.0,-7.433765655788562e-05,4.44818798504315e-34,0.0,0.0,0.0,-1.7300785282820517e-65
2026-08-24T01:59:25.261083,35.23,8.958199909208518e-08,2.665657740425652e-33,0.0,0.0,0.0,0.0,0.0,1.0,1.791662696398268e-05,4.298704707122946e-34,0.0,0.0,0.0,1.5871113174522145e-65
2026-08-24T01:59:25.281482,35.25,-2.608638774554649e-07,2.6856086478949084e-33,0.0,0.0,0.0,0.0,0.0,1.0,-5.217271262398868e-05,4.439043483567355e-34,0.0,0.0,0.0,4.017483861195221e-66
2026-08-24T01:59:25.300034,35.27,-2.969286883200551e-07,2.6930403232275234e-33,0.0,0.0,0.0,0.0,0.0,1.0,-5.9385402469012844e-05,4.4315984512048035e-34,0.0,0.0,0.0,-2.0024043629311122e-66
2026-08-24T01:59:25.319904,35.29,8.413772633116114e-08,2.7172197921972102e-33,0.0,0.0,0.0,0.0,0.0,1.0,1.6827718444037684e-05,4.6188474609524385e-34,0.0,0.0,0.0,-1.886660838005862e-65
2026-08-24T01:59:25.340825,35.31,-5.148293828560293e-07,2.711378696826234e-33,0.0,0.0,0.0,0.0,0.0,1.0,-0.00010296569847995317,4.454159876663514e-34,0.0,0.0,0.0,-4.2593766751818295e-66
2026-08-24T01:59:25.364543,35.33,-7.29422938953379e-07,2.7029667718934244e-33,0.0,0.0,0.0,0.0,0.0,1.0,-0.00014588387528304466,4.262118561771014e-34,0.0,0.0,0.0,2.813107689750225e-65
2026-08-24T01:59:25.379437,35.35,-1.6749713598517295e-07,2.7217496375956992e-33,0.0,0.0,0.0,0.0,0.0,1.0,-3.349882449852602e-05,4.389108792632608e-34,0.0,0.0,0.0,-3.3667586689880823e-65
2026-08-24T01:59:25.401136,35.37,-9.869658046198254e-08,2.7156422089768276e-33,0.0,0.0,0.0,0.0,0.0,1.0,-1.9739158240506312e-05,4.224751668434649e-34,0.0,0.0,0.0,1.0428241434122596e-65
2026-08-24T01:59:25.419262,35.39,3.0839140265802165e-07,2.72014607339063e-33,0.0,0.0,0.0,0.0,0.0,1.0,6.167820499177734e-05,4.186255643097255e-34,0.0,0.0,0.0,1.796246873811573e-66
2026-08-24T01:59:25.441878,35.41,4.0877870133247926e-07,2.734897377038101e-33,0.0,0.0,0.0,0.0,0.0,1.0,8.17553421656013e-05,4.267411162655488e-34,0.0,0.0,0.0,1.1827959501845348e-65
2026-08-24T01:59:25.461714,35.43,-5.19582946865605e-07,2.73577897277283e-33,0.0,0.0,0.0,0.0,0.0,1.0,-0.00010391663559223283,4.186033561356346e-34,0.0,0.0,0.0,-1.0691654735695362e-65
2026-08-24T01:59:25.480704,35.45,-6.95735742491385e-07,2.7406972936670695e-33,0.0,0.0,0.0,0.0,0.0,1.0,-0.00013914646490175456,4.1528017397754826e-34,0.0,0.0,0.0,2.834938005688786e-66
2026-08-24T01:59:25.499166,35.47,-2.131299072697878e-07,2.7532849294979626e-33,0.0,0.0,0.0,0.0,0.0,1.0,-4.2625381795224775e-05,4.209178068971809e-34,0.0,0.0,0.0,-1.6577093769658913e-65
2026-08-24T01:59:25.523146,35.49,-7.223046322644133e-08,2.7625243420529167e-33,0.0,0.0,0.0,0.0,0.0,1.0,-1.4445916114814385e-05,4.22569932813711e-34,0.0,0.0,0.0,-2.0244904044745953e-66
2026-08-24T01:59:25.540630,35.51,-5.598572061549799e-07,2.7725231373996713e-33,0.0,0.0,0.0,0.0,0.0,1.0,-0.00011197112982352426,4.250732571859861e-34,0.0,0.0,0.0,-2.650561567893577e-66
2026-08-24T01:59:25.559259,35.53,-3.3098670877848723e-07,2.791479572924186e-33,0.0,0.0,0.0,0.0,0.0,1.0,-6.619679990452666e-05,4.379424687665355e-34,0.0,0.0,0.0,-2.90060970279268e-65
2026-08-24T01:59:25.579874,35.55,-3.291868832770108e-07,2.7831877240052948e-33,0.0,0.0,0.0,0.0,0.0,1.0,-6.583699169181657e-05,4.189341803073361e-34,0.0,0.0,0.0,2.046295465556112e-65
2026-08-24T01:59:25.600888,35.57,1.0539045346190599e-07,2.7799046285740533e-33,0.0,0.0,0.0,0.0,0.0,1.0,2.107827874245373e-05,4.060417088713303e-34,0.0,0.0,0.0,1.2036052364417802e-65
2026-08-24T01:59:25.619243,35.59,1.1297144712384377e-07,2.811192752096165e-33,0.0,0.0,0.0,0.0,0.0,1.0,2.2594141883511424e-05,4.335276184752445e-34,0.0,0.0,0.0,4.138424100866844e-66
2026-08-24T01:59:25.643819,35.61,-4.320465628717414e-07,2.8031148346727234e-33,0.0,0.0,0.0,0.0,0.0,1.0,-8.64091865109332e-05,4.148225253327608e-34,0.0,0.0,0.0,-8.406355092217876e-66
2026-08-24T01:59:25.659007,35.63,-5.139129178990412e-07,2.7859845924067843e-33,0.0,0.0,0.0,0.0,0.0,1.0,-0.00010278206814161847,3.858867078962951e-34,0.0,0.0,0.0,5.4037774906832545e-65
2026-08-24T01:59:25.681171,35.65,-1.4882705517637524e-07,2.8036881483367045e-33,0.0,0.0,0.0,0.0,0.0,1.0,-2.976494741520991e-05,3.978885056756512e-34,0.0,0.0,0.0,-1.99764720850523e-65
2026-08-24T01:59:25.700535,35.67,3.825248172962677e-07,2.8139385225134028e-33,0.0,0.0,0.0,0.0,0.0,1.0,7.650490581171856e-05,4.010352655623287e-34,0.0,0.0,0.0,-1.1329444251033053e-66
2026-08-24T01:59:25.718956,35.69,3.8576639722480524e-07,2.8160519648440953e-33,0.0,0.0,0.0,0.0,0.0,1.0,7.715282692007081e-05,3.946717071688392e-34,0.0,0.0,0.0,-5.445252503158765e-66
2026-08-24T01:59:25.739756,35.7,5.323624074816894e-13,2.8147261095795905e-33,0.0,0.0,0.0,0.0,0.0,1.0,1.2273481823914895e-10,3.887219722428313e-34,0.0,0.0,0.0,-7.955944419650918e-61
2026-08-24T01:59:25.759003,35.73,1.3177075470577327e-08,2.8335585361203545e-33,0.0,0.0,0.0,0.0,0.0,1.0,2.635289664439405e-06,3.976597348282325e-34,0.0,0.0,0.0,7.629072242659838e-66
2026-08-24T01:59:25.779252,35.75,2.437514889946697e-07,2.8319412360187472e-33,0.0,0.0,0.0,0.0,0.0,1.0,4.8750181886189276e-05,3.870033971444629e-34,0.0,0.0,0.0,-1.4446557514892252e-66
2026-08-24T01:59:25.799589,35.77,-1.4281874132754827e-07,2.8343175223531283e-33,0.0,0.0,0.0,0.0,0.0,1.0,-2.856387719037295e-05,3.8115351309881936e-34,0.0,0.0,0.0,-1.0136386095328556e-66
2026-08-24T01:59:25.820002,35.79,-1.8359722806474337e-07,2.8434075985765722e-33,0.0,0.0,0.0,0.0,0.0,1.0,-3.671926661806755e-05,3.831961755466746e-34,0.0,0.0,0.0,-2.0479084457722071e-66
2026-08-24T01:59:25.839907,35.81,-2.726213906969633e-09,2.842869418836731e-33,0.0,0.0,0.0,0.0,0.0,1.0,-5.451004992207235e-07,3.7401381610531822e-34,0.0,0.0,0.0,2.8824553131445887e-66
2026-08-24T01:59:25.859200,35.83,-3.043302402598352e-07,2.8721317191216887e-33,0.0,0.0,0.0,0.0,0.0,1.0,-6.086591277870063e-05,3.996088385238675e-34,0.0,0.0,0.0,-4.6088638338471127e-66
2026-08-24T01:59:25.879530,35.85,4.011664824576823e-07,2.873155128356437e-33,0.0,0.0,0.0,0.0,0.0,1.0,8.023329928460917e-05,3.919771018432949e-34,0.0,0.0,0.0,1.1101302764699964e-65
2026-08-24T01:59:25.900461,35.87,-8.473611083266692e-08,2.8569544105959458e-33,0.0,0.0,0.0,0.0,0.0,1.0,-1.6947446699760446e-05,3.6444426728107046e-34,0.0,0.0,0.0,-4.373602407840603e-65
2026-08-24T01:59:25.918865,35.89,-1.9796288001717235e-07,2.8842785650585407e-33,0.0,0.0,0.0,0.0,0.0,1.0,-3.959244441722046e-05,3.87929392366155e-34,0.0,0.0,0.0,-1.4039967428695248e-65
2026-08-24T01:59:25.939540,35.91,1.7018861918373186e-07,2.8945867044276306e-33,0.0,0.0,0.0,0.0,0.0,1.0,3.403779128935605e-05,3.912652087151107e-34,0.0,0.0,0.0,-2.623308370519287e-66
2026-08-24T01:59:25.959331,35.93,2.0701765292691828e-08,2.883730036272479e-33,0.0,0.0,0.0,0.0,0.0,1.0,4.140202650957739e-06,3.6994724487539656e-34,0.0,0.0,0.0,-4.4283930852384997e-66
2026-08-24T01:59:25.978819,35.95,2.4049920843243833e-07,2.886498442979498e-33,0.0,0.0,0.0,0.0,0.0,1.0,4.8099682899703855e-05,3.6479882096295405e-34,0.0,0.0,0.0,3.8463231708326153e-66
2026-08-24T01:59:25.999084,35.97,3.7182343805319365e-07,2.9027519182595592e-33,0.0,0.0,0.0,0.0,0.0,1.0,7.436434891048684e-05,3.7540271872706904e-34,0.0,0.0,0.0,1.1666534869762182e-65
2026-08-24T01:59:26.018858,35.99,5.753513273348077e-07,2.9122160793169804e-33,0.0,0.0,0.0,0.0,0.0,1.0,0.0001150697478222611,3.7794677179356475e-34,0.0,0.0,0.0,6.520988163951099e-66
2026-08-24T01:59:26.041379,36.01,3.169650332828318e-07,2.915805816217357e-33,0.0,0.0,0.0,0.0,0.0,1.0,6.339246145758436e-05,3.7362116731775497e-34,0.0,0.0,0.0,-5.94192189120738e-66
2026-08-24T01:59:26.059785,36.03,5.414247560986504e-07,2.9434133392434872e-33,0.0,0.0,0.0,0.0,0.0,1.0,0.0001082844493765196,3.972758299748982e-34,0.0,0.0,0.0,2.2440505907253253e-65
2026-08-24T01:59:26.079142,36.05,4.4689970112635877e-07,2.9425608528579233e-33,0.0,0.0,0.0,0.0,0.0,1.0,8.937933628113355e-05,3.874776286101844e-34,0.0,0.0,0.0,-1.232765844313951e-65
2026-08-24T01:59:26.099056,36.07,3.836650609562888e-07,2.9651742496372775e-33,0.0,0.0,0.0,0.0,0.0,1.0,7.673249960323387e-05,4.051037568586519e-34,0.0,0.0,0.0,2.691251660221205e-65
2026-08-24T01:59:26.118808,36.09,-1.9051710910341746e-07,2.978216759559858e-33,0.0,0.0,0.0,0.0,0.0,1.0,-3.81036078158342e-05,4.113249948151936e-34,0.0,0.0,0.0,8.986679747303003e-66
2026-08-24T01:59:26.140317,36.11,-2.0578099049336644e-07,3.004911984685414e-33,0.0,0.0,0.0,0.0,0.0,1.0,-4.115595698729305e-05,4.333117431815186e-34,0.0,0.0,0.0,-1.3397842939057102e-65
2026-08-24T01:59:26.160674,36.13,3.9095460076487186e-07,3.0252734624892714e-33,0.0,0.0,0.0,0.0,0.0,1.0,7.819085764051984e-05,4.4758563213671445e-34,0.0,0.0,0.0,-1.2661641806875694e-65
2026-08-24T01:59:26.179739,36.15,-5.017364557093149e-07,3.0289331491601697e-33,0.0,0.0,0.0,0.0,0.0,1.0,-0.00010034731284637037,4.422174601939613e-34,0.0,0.0,0.0,-9.39820866947575e-66
2026-08-24T01:59:26.199827,36.17,-3.7638189765998064e-07,3.0311329218822307e-33,0.0,0.0,0.0,0.0,0.0,1.0,-7.527584989584394e-05,4.352315560267485e-34,0.0,0.0,0.0,8.952243234706646e-66
2026-08-24T01:59:26.220078,36.19,2.7874674718576056e-07,3.046054233554444e-33,0.0,0.0,0.0,0.0,0.0,1.0,5.574949944549471e-05,4.431358577691604e-34,0.0,0.0,0.0,-9.811070853485988e-66
2026-08-24T01:59:26.241771,36.21,3.537995866616261e-07,3.081229909383126e-33,0.0,0.0,0.0,0.0,0.0,1.0,7.075954413522293e-05,4.7445013743717975e-34,0.0,0.0,0.0,2.872647495984121e-65
2026-08-24T01:59:26.258927,36.23,-3.1687133495453294e-07,3.074246332443176e-33,0.0,0.0,0.0,0.0,0.0,1.0,-6.337436916558458e-05,4.56265240851708e-34,0.0,0.0,0.0,-2.067795671327475e-65
2026-08-24T01:59:26.280652,36.25,-7.926636960539166e-09,3.0658172334592384e-33,0.0,0.0,0.0,0.0,0.0,1.0,-1.5851224584053877e-06,4.366806930061608e-34,0.0,0.0,0.0,2.7129174331619485e-65
2026-08-24T01:59:26.299106,36.27,-3.1476547918024085e-08,3.093844649911842e-33,0.0,0.0,0.0,0.0,0.0,1.0,-6.29529768401823e-06,4.59770316962311e-34,0.0,0.0,0.0,-3.053149379895455e-66
2026-08-24T01:59:26.318984,36.29,-2.5000160914576225e-07,3.103626173544399e-33,0.0,0.0,0.0,0.0,0.0,1.0,-5.000016186596503e-05,4.612839898164726e-34,0.0,0.0,0.0,-1.9345788260180158e-66
2026-08-24T01:59:26.340665,36.31,7.799577214209271e-07,3.10527634413092e-33,0.0,0.0,0.0,0.0,0.0,1.0,0.00015599134723999784,4.533170214941067e-34,0.0,0.0,0.0,9.093103898535363e-66
2026-08-24T01:59:26.358726,36.33,1.3758681435202132e-07,3.109189586938876e-33,0.0,0.0,0.0,0.0,0.0,1.0,2.7516738508606562e-05,4.480999458501394e-34,0.0,0.0,0.0,-8.880032172009517e-66
2026-08-24T01:59:26.380775,36.34,-4.3195681857599944e-14,3.1343349107012765e-33,0.0,0.0,0.0,0.0,0.0,1.0,-1.6836088126463608e-10,4.726728629372373e-34,0.0,0.0,0.0,7.601899006024195e-61
2026-08-24T01:59:26.399834,36.37,2.733508199820379e-07,3.165709298952331e-33,0.0,0.0,0.0,0.0,0.0,1.0,5.467011275043815e-05,4.940102431068637e-34,0.0,0.0,0.0,4.080401317292537e-66
2026-08-24T01:59:26.419777,36.39,-4.287624139751013e-07,3.174389804153973e-33,0.0,0.0,0.0,0.0,0.0,1.0,-8.575247526447349e-05,4.93672150671609e-34,0.0,0.0,0.0,-7.017437920256991e-67
2026-08-24T01:59:26.442092,36.41,3.397348575114423e-07,3.189738675009655e-33,0.0,0.0,0.0,0.0,0.0,1.0,6.794710903881321e-05,5.010815925702423e-34,0.0,0.0,0.0,-1.12452250494101e-65
2026-08-24T01:59:26.459622,36.43,6.144687393885394e-07,3.195719267307437e-33,0.0,0.0,0.0,0.0,0.0,1.0,0.00012289322475582333,4.974779682018642e-34,0.0,0.0,0.0,-1.4117891444860872e-66
2026-08-24T01:59:26.478940,36.45,2.611789393269358e-07,3.220696584210455e-33,0.0,0.0,0.0,0.0,0.0,1.0,5.223520677766711e-05,5.160015446993926e-34,0.0,0.0,0.0,3.7490376533267786e-65
2026-08-24T01:59:26.499121,36.47,5.274536851131002e-07,3.223187588599295e-33,0.0,0.0,0.0,0.0,0.0,1.0,0.00010549030080988318,5.080901207692298e-34,0.0,0.0,0.0,-3.6135699764146733e-66
2026-08-24T01:59:26.518658,36.49,6.714664986089248e-07,3.211001510735567e-33,0.0,0.0,0.0,0.0,0.0,1.0,0.0001342925834898918,4.832368433530835e-34,0.0,0.0,0.0,-2.9214959614758117e-65
2026-08-24T01:59:26.541569,36.51,1.1107758838105325e-07,3.2323574901458796e-33,0.0,0.0,0.0,0.0,0.0,1.0,2.2214981484335836e-05,4.977515339379917e-34,0.0,0.0,0.0,3.4874579621884957e-65
2026-08-24T01:59:26.558613,36.53,1.2073147853325982e-07,3.241122470158627e-33,0.0,0.0,0.0,0.0,0.0,1.0,2.4146161008211272e-05,4.97396168018729e-34,0.0,0.0,0.0,7.100158082653923e-67
2026-08-24T01:59:26.579128,36.55,-7.933102634556628e-08,3.239726266932543e-33,0.0,0.0,0.0,0.0,0.0,1.0,-1.586625530904742e-05,4.852291361167534e-34,0.0,0.0,0.0,-4.2117899331124446e-66
2026-08-24T01:59:26.599092,36.57,7.235485081028348e-07,3.253019917367736e-33,0.0,0.0,0.0,0.0,0.0,1.0,0.00014470941399362893,4.90319755998129e-34,0.0,0.0,0.0,1.0513623086647185e-66
2026-08-24T01:59:26.619291,36.59,1.8760248134259212e-07,3.2608878219201124e-33,0.0,0.0,0.0,0.0,0.0,1.0,3.751989593510745e-05,4.890170332737425e-34,0.0,0.0,0.0,5.916900187209006e-67
2026-08-24T01:59:26.640609,36.61,1.6616102067863797e-08,3.252041406670762e-33,0.0,0.0,0.0,0.0,0.0,1.0,3.3230558858228607e-06,4.683020037427515e-34,0.0,0.0,0.0,-3.768693313986881e-66
2026-08-24T01:59:26.659377,36.63,-4.263221703516779e-07,3.255559432059911e-33,0.0,0.0,0.0,0.0,0.0,1.0,-8.526427990202604e-05,4.62277790806834e-34,0.0,0.0,0.0,3.4099387498943137e-66
2026-08-24T01:59:26.678764,36.65,-5.103781190449758e-07,3.290068200181601e-33,0.0,0.0,0.0,0.0,0.0,1.0,-0.00010207507472034436,4.923611951043911e-34,0.0,0.0,0.0,-4.505551588717873e-65
2026-08-24T01:59:26.700233,36.67,-1.4492711725764038e-07,3.304851693623791e-33,0.0,0.0,0.0,0.0,0.0,1.0,-2.8984981392709234e-05,4.990382509272018e-34,0.0,0.0,0.0,-1.3889466489371845e-65
2026-08-24T01:59:26.720622,36.69,7.953363423809379e-08,3.3391212566398036e-33,0.0,0.0,0.0,0.0,0.0,1.0,1.590679318282776e-05,5.28249803167237e-34,0.0,0.0,0.0,-1.401105821072392e-65
2026-08-24T01:59:26.740697,36.71,-7.565978766105057e-07,3.34948721572261e-33,0.0,0.0,0.0,0.0,0.0,1.0,-0.000151319284874917,5.292106867936663e-34,0.0,0.0,0.0,-1.8258225554188912e-66
2026-08-24T01:59:26.760936,36.73,-8.739948594300765e-07,3.345252673829644e-33,0.0,0.0,0.0,0.0,0.0,1.0,-0.00017479801159326385,5.131783742676632e-34,0.0,0.0,0.0,3.108584612568005e-65
2026-08-24T01:59:26.778825,36.75,-1.625586549484391e-07,3.354045844859245e-33,0.0,0.0,0.0,0.0,0.0,1.0,-3.2511016401143e-05,5.125317633611244e-34,0.0,0.0,0.0,-3.947139093379821e-66
2026-08-24T01:59:26.804601,36.77,5.525049203816753e-07,3.353635372880955e-33,0.0,0.0,0.0,0.0,0.0,1.0,0.00011050084737397336,5.011907072276317e-34,0.0,0.0,0.0,5.334160378040777e-66
2026-08-24T01:59:26.821028,36.79,8.394752021634858e-08,3.354524052041327e-33,0.0,0.0,0.0,0.0,0.0,1.0,1.6789070128683816e-05,4.915310179064669e-34,0.0,0.0,0.0,-1.453869950690713e-65
2026-08-24T01:59:26.840977,36.81,2.8404353518586053e-07,3.3551875942383194e-33,0.0,0.0,0.0,0.0,0.0,1.0,5.680851102664541e-05,4.81755234888089e-34,0.0,0.0,0.0,-9.276082658093023e-67
2026-08-24T01:59:26.858775,36.83,-2.0082665686224076e-07,3.371535963174431e-33,0.0,0.0,0.0,0.0,0.0,1.0,-4.01654413293481e-05,4.903567125377189e-34,0.0,0.0,0.0,8.528053442155514e-66
2026-08-24T01:59:26.882905,36.85,4.091884660256201e-07,3.3673299466210866e-33,0.0,0.0,0.0,0.0,0.0,1.0,8.183764948756812e-05,4.749273765142633e-34,0.0,0.0,0.0,8.721755224297687e-66
2026-08-24T01:59:26.902887,36.87,1.5901078475347604e-07,3.3831813129932795e-33,0.0,0.0,0.0,0.0,0.0,1.0,3.180178679676261e-05,4.830467546427506e-34,0.0,0.0,0.0,1.3438421863067538e-65
2026-08-24T01:59:26.919628,36.89,1.4724383882711596e-08,3.389529464288947e-33,0.0,0.0,0.0,0.0,0.0,1.0,2.944743138925533e-06,4.799873423009367e-34,0.0,0.0,0.0,6.434442226781476e-67
2026-08-24T01:59:26.941845,36.91,3.6590965601943644e-07,3.3980033125472693e-33,0.0,0.0,0.0,0.0,0.0,1.0,7.31817388793703e-05,4.79440902035849e-34,0.0,0.0,0.0,1.9835441879458934e-66
2026-08-24T01:59:26.962780,36.93,2.7040424269070573e-07,3.410096599302447e-33,0.0,0.0,0.0,0.0,0.0,1.0,5.4080465478739575e-05,4.83103968712224e-34,0.0,0.0,0.0,7.228895935885131e-66
2026-08-24T01:59:26.978916,36.95,3.9186517932780075e-07,3.405824851278851e-33,0.0,0.0,0.0,0.0,0.0,1.0,7.83726602003785e-05,4.676836322722331e-34,0.0,0.0,0.0,-1.1703813634355031e-65
2026-08-24T01:59:26.999538,36.97,-2.3376943935568553e-07,3.434455626998788e-33,0.0,0.0,0.0,0.0,0.0,1.0,-4.6754065071066536e-05,4.907414091399302e-34,0.0,0.0,0.0,2.8590661730726897e-65
2026-08-24T01:59:27.019856,36.99,4.92209171853847e-07,3.439851186351274e-33,0.0,0.0,0.0,0.0,0.0,1.0,9.84417659607364e-05,4.86425126488677e-34,0.0,0.0,0.0,4.200317637290537e-66
2026-08-24T01:59:27.040988,37.01,5.770077889495817e-07,3.453986530394863e-33,0.0,0.0,0.0,0.0,0.0,1.0,0.00011540095356108739,4.923285180222775e-34,0.0,0.0,0.0,1.4682089483407618e-65
2026-08-24T01:59:27.059889,37.03,3.539819390717142e-07,3.433290611629238e-33,0.0,0.0,0.0,0.0,0.0,1.0,7.079580156102372e-05,4.576509848618344e-34,0.0,0.0,0.0,-5.771200372028444e-65
2026-08-24T01:59:27.081472,37.05,5.105202051079181e-07,3.430216775017589e-33,0.0,0.0,0.0,0.0,0.0,1.0,0.00010210354878388377,4.439964830412819e-34,0.0,0.0,0.0,-1.2739742643979016e-65
2026-08-24T01:59:27.099380,37.07,-3.742933100070985e-07,3.447142547329508e-33,0.0,0.0,0.0,0.0,0.0,1.0,-7.485887077650264e-05,4.537977445397879e-34,0.0,0.0,0.0,1.610261710240238e-65
2026-08-24T01:59:27.118947,37.09,-9.635247089919487e-07,3.446141817889732e-33,0.0,0.0,0.0,0.0,0.0,1.0,-0.00019270421900239066,4.426060291055779e-34,0.0,0.0,0.0,8.58141992227876e-66
2026-08-24T01:59:27.140289,37.11,-4.77652169255318e-07,3.426000657808661e-33,0.0,0.0,0.0,0.0,0.0,1.0,-9.55295150324471e-05,4.093419478511398e-34,0.0,0.0,0.0,9.561305274335268e-65
2026-08-24T01:59:27.160074,37.13,-1.381395505751812e-07,3.4326753572311926e-33,0.0,0.0,0.0,0.0,0.0,1.0,-2.762748589945411e-05,4.077666790077121e-34,0.0,0.0,0.0,-2.00625463842212e-66
2026-08-24T01:59:27.180380,37.15,-2.1149727499543314e-07,3.442904377016436e-33,0.0,0.0,0.0,0.0,0.0,1.0,-4.229925385359407e-05,4.103458653842025e-34,0.0,0.0,0.0,-2.6841438993753746e-66
2026-08-24T01:59:27.198763,37.17,-3.7808228926522603e-07,3.4525434466425796e-33,0.0,0.0,0.0,0.0,0.0,1.0,-7.561610988259768e-05,4.121973385645673e-34,0.0,0.0,0.0,-4.1022088729563174e-66
2026-08-24T01:59:27.219023,37.19,1.6220912985837698e-07,3.467975341650424e-33,0.0,0.0,0.0,0.0,0.0,1.0,3.244202021153465e-05,4.2075068053454624e-34,0.0,0.0,0.0,-1.220164898218324e-65
2026-08-24T01:59:27.244857,37.21,3.990532931316646e-07,3.4978810361645055e-33,0.0,0.0,0.0,0.0,0.0,1.0,7.981035738033108e-05,4.459890384905615e-34,0.0,0.0,0.0,1.6870779928533186e-65
2026-08-24T01:59:27.262860,37.23,1.4490537729605284e-08,3.504457093499369e-33,0.0,0.0,0.0,0.0,0.0,1.0,2.8978082443479513e-06,4.43712061200192e-34,0.0,0.0,0.0,-3.2605777215386014e-68
2026-08-24T01:59:27.282358,37.25,7.316071153195192e-07,3.5168131764796876e-33,0.0,0.0,0.0,0.0,0.0,1.0,0.0001463210815843657,4.481854114725953e-34,0.0,0.0,0.0,2.9937513583142267e-66
2026-08-24T01:59:27.299652,37.27,0.00012112475021608662,3.5145276963259484e-33,0.0,0.0,0.0,0.0,0.0,1.0,0.024224892015017267,4.355680187532865e-34,0.0,0.0,0.0,4.0215142760422796e-64
2026-08-24T01:59:27.318638,37.29,0.004128697686012434,9.514562888851786e-07,0.0,9.474145490351306e-07,0.0,0.0,4.737072745175475e-07,0.9999999999998878,0.24073998165478797,1.102914857085931e-06,0.0,0.0,0.0,2.996560498714573e-06
2026-08-24T01:59:27.340974,37.31,0.008166295278339598,9.040785125804238e-06,0.0,0.00027886519565845097,0.0,0.0,0.00013943259737743017,0.9999999902792753,0.22776054756624275,9.80464523852556e-06,0.0,0.0,0.0,0.03170747607006979
2026-08-24T01:59:27.358621,37.33,0.01237065421539096,2.6852856240615295e-05,0.0,0.0012482190569937932,0.0,0.0,0.0006241094879804659,0.9999998052436545,0.22248893175825504,2.6289386391365022e-05,0.0,0.0,0.0,0.06920325216776604
2026-08-24T01:59:27.379498,37.35,0.016625867356127186,5.465145989066055e-05,0.0,0.0029941669059661015,0.0,0.0,0.0014970828937578527,0.9999988793707767,0.219701919081677,4.718416340032617e-05,0.0,0.0,0.0,0.1086417014581227
2026-08-24T01:59:27.400365,37.37,0.020889328112377866,9.25236968276702e-05,0.0,0.005328576676532749,0.0,0.0,0.002664285186222405,0.9999964507859248,0.2162695813429492,6.904546491882052e-05,0.0,0.0,0.0,0.10840557010656937
2026-08-24T01:59:27.419815,37.39,0.025166092038982586,0.00013996118502632255,0.0,0.007641549914283453,0.0,0.0,0.0038207656609984555,0.9999927008482431,0.214824157304722,8.977575178741894e-05,0.0,0.0,0.0,0.10797496037072257
2026-08-24T01:59:27.439138,37.41,0.029449080505989093,0.00019665711563683763,0.0,0.00993090705268429,0.0,0.0,0.004965433121888112,0.9999876721609682,0.21443862061808422,0.00010923812323732014,0.0,0.0,0.0,0.107395755890546
2026-08-24T01:59:27.460526,37.43,0.033733578174438034,0.00026255957347672834,0.0,0.01219628508363213,0.0,0.0,0.006098104746267162,0.9999814063863905,0.2143191812353578,0.00012757385622435646,0.0,0.0,0.0,0.10681551774211985
2026-08-24T01:59:27.479868,37.45,0.03801880849259674,0.00033762107851199093,0.0,0.01443932703914674,0.0,0.0,0.00721960080066518,0.9999739383425346,0.21435792862553288,0.00014491354668029883,0.0,0.0,0.0,0.10565382278157535
2026-08-24T01:59:27.501458,37.47,0.04230288884218133,0.0004217530274855275,0.0,0.016649697866572666,0.0,0.0,0.008324752777299632,0.9999653486452402,0.21419503879586596,0.00016136416974998812,0.0,0.0,0.0,0.10287394294477568
2026-08-24T01:59:27.518663,37.49,0.0465876165621852,0.0005148254626598457,0.0,0.01879584848347182,0.0,0.0,0.009397785903366904,0.9999558398349971,0.21419713559467188,0.00017700890014252577,0.0,0.0,0.0,0.10228817193283225
2026-08-24T01:59:27.541680,37.51,0.050872335381057204,0.0006166486692131988,0.0,0.020922720682860163,0.0,0.0,0.010461169527156642,0.9999452804689485,0.21423696888113775,0.00019193501401158913,0.0,0.0,0.0,0.10170441197449705
2026-08-24T01:59:27.563111,37.53,0.055157134568313476,0.0007272020512087241,0.0,0.023031272489503873,0.0,0.0,0.01151538173191967,0.9999336957936602,0.21433614796308076,0.00020623609193840323,0.0,0.0,0.0,0.10113034545882368
2026-08-24T01:59:27.579423,37.55,0.059441437037533205,0.000846425906551356,0.0,0.025122404243919757,0.0,0.0,0.01256087179886793,0.9999211091379422,0.21438261225237001,0.00021997200745641166,0.0,0.0,0.0,0.09997758654302336
2026-08-24T01:59:27.600712,37.57,0.06372507847511655,0.0009742481132466528,0.0,0.027185059217967655,0.0,0.0,0.013592111060666007,0.9999076229917014,0.21434662851417868,0.00023319319620756083,0.0,0.0,0.0,0.0957855299440425
2026-08-24T01:59:27.618952,37.59,0.06800796810284258,0.0011104615468805863,0.0,0.029158747280777934,0.0,0.0,0.014578857151797969,0.9998937228146537,0.21421224055132387,0.0002459160577894816,0.0,0.0,0.0,0.09520032001687692
2026-08-24T01:59:27.642188,37.6,0.07014982479981238,0.0011876310448924493,0.0,0.03016408127226855,0.0,0.0,0.015081468862493732,0.9998862681810115,0.21428571412539268,0.0002572696964790839,0.0,0.0,0.0,0.09520025565848635
2026-08-24T01:59:27.663860,37.63,0.07657497655091898,0.0014073110433210812,0.0,0.03304640185660191,0.0,0.0,0.016522449088394967,0.999863495021256,0.21435262858546503,0.00027007429761664875,0.0,0.0,0.0,0.09404861356576333
2026-08-24T01:59:27.682557,37.65,0.08085753400310465,0.0015678074521334002,0.0,0.03497304526138879,0.0,0.0,0.017485631477285848,0.9998471146589565,0.21432038922820784,0.0002816079294779475,0.0,0.0,0.0,0.08813657656554955
2026-08-24T01:59:27.704511,37.67,0.08513998855372536,0.0017361679756142882,0.0,0.03677786240231695,0.0,0.0,0.018387894840613702,0.9998309283690571,0.2143280756716079,0.00029277694625034773,0.0,0.0,0.0,0.08813539740792696
2026-08-24T01:59:27.720057,37.69,0.08942229612449129,0.0019120124732540811,0.0,0.03857941041312519,0.0,0.0,0.01928850896898296,0.9998139594053252,0.21436665480160033,0.0003036057414616177,0.0,0.0,0.0,0.0875545425293776
2026-08-24T01:59:27.742696,37.71,0.09370336010927298,0.00209534491892094,0.0,0.0403665673231588,0.0,0.0,0.02018191336246946,0.9997963244446489,0.2142195714114587,0.0003141646014949226,0.0,0.0,0.0,0.08643847066501631
2026-08-24T01:59:27.762569,37.73,0.09798516466590987,0.0022861693665925937,0.0,0.04212874836833436,0.0,0.0,0.0210628164806614,0.9997781542731877,0.21428596033943767,0.00032446780897743094,0.0,0.0,0.0,0.08643824780231892
2026-08-24T01:59:27.782915,37.75,0.10226625444537171,0.0024843640056532758,0.0,0.04388856847734646,0.0,0.0,0.021942523063508294,0.9997592338566358,0.21427651608992065,0.00033453111407170374,0.0,0.0,0.0,0.08587493483116271
2026-08-24T01:59:27.802140,37.77,0.10654700630136416,0.002689938147299944,0.0,0.04563493944355068,0.0,0.0,0.022815489837105945,0.9997396928318356,0.21426915353052817,0.0003443767023603466,0.0,0.0,0.0,0.0860698823284747
2026-08-24T01:59:27.824829,37.78,0.10868714381364826,0.0027996815134727427,0.0,0.04652250043347549,0.0,0.0,0.023259152551607664,0.9997294693178655,0.21428571427206666,0.00035280149340517395,0.0,0.0,0.0,0.0860699210352151
2026-08-24T01:59:27.840390,37.81,0.1151081257656779,0.0031231494300647928,0.0,0.049106811757835274,0.0,0.0,0.024550938869045656,0.9996985802733984,0.21439582236078336,0.0003634638099040532,0.0,0.0,0.0,0.08493058284792696
2026-08-24T01:59:27.861869,37.83,0.11938774801428229,0.003350658939537391,0.0,0.050828685733914636,0.0,0.0,0.025411607148638844,0.9996770729701283,0.21438468319122578,0.00037271858406492605,0.0,0.0,0.0,0.08463765213303541
2026-08-24T01:59:27.883718,37.84,0.1215267420510307,0.0034708677566387446,0.0,0.051696711656276324,0.0,0.0,0.025845477548324718,0.9996659498503982,0.21428571448202297,0.00038050684932507963,0.0,0.0,0.0,0.08463759357448682
2026-08-24T01:59:27.899474,37.87,0.1279456660859243,0.0038273968290607236,0.0,0.05423867030754303,0.0,0.0,0.027116011085810892,0.9996322933673132,0.21433438419391201,0.0003907227139482628,0.0,0.0,0.0,0.07522197029311431
2026-08-24T01:59:27.918557,37.89,0.13222424557803925,0.004076265121534421,0.0,0.05576156678425282,0.0,0.0,0.027877171400065837,0.9996113561353389,0.214352647567691,0.00039940133585656063,0.0,0.0,0.0,0.07491704181364303
2026-08-24T01:59:27.940451,37.91,0.1365020908536252,0.004331446154523604,0.0,0.057276869193727105,0.0,0.0,0.02863452007461194,0.999589948058751,0.21429869216918368,0.0004078544057051548,0.0,0.0,0.0,0.07401773570352622
2026-08-24T01:59:27.959959,37.93,0.14077975202838602,0.004593015038915371,0.0,0.058772970737037245,0.0,0.0,0.029382256025207467,0.9995682483106739,0.2142850542939605,0.0004161616879065293,0.0,0.0,0.0,0.07345668060412341
2026-08-24T01:59:27.978952,37.95,0.14505683748269885,0.004860876794478931,0.0,0.060256718531007,0.0,0.0,0.030123801463204918,0.99954617531428,0.21423428017351254,0.0004243254627747477,0.0,0.0,0.0,0.08229774533152179
2026-08-24T01:59:27.998526,37.97,0.14933382742763218,0.005135319778318634,0.0,0.061916472237200995,0.0,0.0,0.030953291229423637,0.9995208320800855,0.21424771594501468,0.00043244315919641703,0.0,0.0,0.0,0.08118634594982975
2026-08-24T01:59:28.018884,37.99,0.15361057945288895,0.005416876434765805,0.0,0.06355321574860272,0.0,0.0,0.031771260391118696,0.9994951660779354,0.21430591770304916,0.0004405106681852158,0.0,0.0,0.0,0.08057210360034243
2026-08-24T01:59:28.041359,38.01,0.1578861877925136,0.005705301840230584,0.0,0.06517673131293787,0.0,0.0,0.032582597813468436,0.9994690462038961,0.21422728915520195,0.0004484404113914838,0.0,0.0,0.0,0.07995659536744795
2026-08-24T01:59:28.059341,38.03,0.16216206212048348,0.006000638539080704,0.0,0.06678704400998381,0.0,0.0,0.0333873160129542,0.9994424881549969,0.21429591875072607,0.00045624406979984176,0.0,0.0,0.0,0.07995647236908623
2026-08-24T01:59:28.078941,38.05,0.16643757190808584,0.006302814602179724,0.0,0.0683965638447752,0.0,0.0,0.034191616368890954,0.9994152957455087,0.21438720030681382,0.0004639262697410827,0.0,0.0,0.0,0.06861126204724839
2026-08-24T01:59:28.100152,38.07,0.17071173936292341,0.006611402437414831,0.0,0.06977819344743576,0.0,0.0,0.034882019034405985,0.9993914371997007,0.21430215206219932,0.00047138618976670736,0.0,0.0,0.0,0.06797065262655712
2026-08-24T01:59:28.118715,38.09,0.1749860498823872,0.0069257511641666394,0.0,0.07114609371860904,0.0,0.0,0.03556554473140044,0.9993673458883668,0.21432949321429437,0.00047862509910761577,0.0,0.0,0.0,0.06732446996872009
2026-08-24T01:59:28.142113,38.11,0.17926005984415747,0.007245892868008758,0.0,0.07250043428861774,0.0,0.0,0.03624227839565805,0.9993430328254116,0.2143826788691106,0.000485746273046302,0.0,0.0,0.0,0.06673755848947359
2026-08-24T01:59:28.159711,38.12,0.18139612486543127,0.007410139545027419,0.0,0.07317505784222657,0.0,0.0,0.036579366501495854,0.99933075102608,0.2142857144727107,0.000491179519308186,0.0,0.0,0.0,0.06673744108909253
2026-08-24T01:59:28.178920,38.15,0.1878059097884657,0.007903251937646166,0.0,0.07517203848668741,0.0,0.0,0.03757717018480037,0.9992937287308985,0.21431527647905782,0.0004996531781552021,0.0,0.0,0.0,0.06264205951539516
2026-08-24T01:59:28.199446,38.17,0.19207804749711327,0.008240294726414068,0.0,0.07643095740763783,0.0,0.0,0.03820617759020748,0.9992698774575093,0.21425437883199575,0.0005064131625257024,0.0,0.0,0.0,0.061434995965301435
2026-08-24T01:59:28.219141,38.19,0.19634991506163646,0.008582625265930363,0.0,0.07766517943882124,0.0,0.0,0.038822830725042654,0.9992461097319792,0.21422349441146707,0.0005130310316810877,0.0,0.0,0.0,0.061434755295909645
2026-08-24T01:59:28.241942,38.21,0.200577959762899,0.00892678778378935,0.0,0.07889838919755654,0.0,0.0,0.03943896333269913,0.9992219814291727,0.20548599075547086,0.0005196304068525932,0.0,0.0,0.0,0.008661836695619138
2026-08-24T01:59:28.264210,38.23,0.20383991477682573,0.009197033239645176,0.0,0.07927579598429758,0.0,0.0,0.039627519208015737,0.999214521372372,0.15296827518916192,0.0005241408250392761,0.0,0.0,0.0,0.018702707305201093
2026-08-24T01:59:28.279369,38.25,0.2068320928702125,0.009447577556439157,0.0,0.07984882576725205,0.0,0.0,0.03991380741772523,0.999203126485011,0.1413550393678625,0.0005298986171141925,0.0,0.0,0.0,0.058658784007329524
2026-08-24T01:59:28.299252,38.27,0.20981841004144008,0.009701912446452101,0.0,0.0811122415356418,0.0,0.0,0.04054500390475813,0.9991777132514331,0.14363748238689486,0.0005382093626062463,0.0,0.0,0.0,0.06355010132462288
2026-08-24T01:59:28.318880,38.29,0.21265002044258888,0.009947712735379319,0.0,0.08238169786729622,0.0,0.0,0.04117920193205867,0.9991517769229251,0.14149566967008204,0.0005463012817771728,0.0,0.0,0.0,0.06337089756318291
2026-08-24T01:59:28.340127,38.31,0.2155055925156623,0.010198974323320929,0.0,0.0836468632733931,0.0,0.0,0.04181123978255439,0.9991255277630763,0.14228834147621353,0.0005542114314335227,0.0,0.0,0.0,0.0630119692784085
2026-08-24T01:59:28.359726,38.33,0.21835475053162232,0.010453313292945677,0.0,0.08490511636516818,0.0,0.0,0.04243980785883044,0.9990990254769071,0.14262705084324137,0.0005619004492448816,0.0,0.0,0.0,0.06277005268953528
2026-08-24T01:59:28.378931,38.35,0.2212013424353897,0.010711038377501512,0.0,0.08615867390125186,0.0,0.0,0.04306601353789568,0.9990722288593321,0.1427461111467308,0.000569412011283593,0.0,0.0,0.0,0.06277143299299795
2026-08-24T01:59:28.400644,38.37,0.22404696249153871,0.010972278414594807,0.0,0.08741234162421119,0.0,0.0,0.04369225733923382,0.9990450373474672,0.142804708046366,0.0005767675656769178,0.0,0.0,0.0,0.06150850872691469
2026-08-24T01:59:28.421801,38.39,0.226891864810473,0.011237029857672838,0.0,0.08864081734667549,0.0,0.0,0.04430590034537629,0.9990180114465332,0.14280580325850972,0.0005839646790833931,0.0,0.0,0.0,0.06215780205138912
2026-08-24T01:59:28.439707,38.41,0.22973654497259932,0.011505295840339054,0.0,0.08988234727356124,0.0,0.0,0.044926047148281266,0.998990315412332,0.14283447978732422,0.0005910116444781083,0.0,0.0,0.0,0.06281643964624092
2026-08-24T01:59:28.459012,38.43,0.23258059609406379,0.01177709135946078,0.0,0.09113710139720821,0.0,0.0,0.04555278187454996,0.9989619332404462,0.14280650974104095,0.0005979292470109645,0.0,0.0,0.0,0.0636485170912594
2026-08-24T01:59:28.479836,38.45,0.23542507014121739,0.012052553780743203,0.0,0.09240855659292535,0.0,0.0,0.04618784029687552,0.9989327722167846,0.14293354190762245,0.0006047196122990271,0.0,0.0,0.0,0.07305546062562374
2026-08-24T01:59:28.501157,38.47,0.23826827449025545,0.01233176244571961,0.0,0.09386818893360793,0.0,0.0,0.04691686522185305,0.9988987975554653,0.14288071729599497,0.0006114630976673424,0.0,0.0,0.0,0.0726930000636064
2026-08-24T01:59:28.522220,38.49,0.2411109805627682,0.01261517790043276,0.0,0.09532057922582424,0.0,0.0,0.04764224824530959,0.9988644633693464,0.14281160335572574,0.0006181521162493209,0.0,0.0,0.0,0.07269316844588994
2026-08-24T01:59:28.540625,38.51,0.24395375760119722,0.012902770600718217,0.0,0.09677302324747708,0.0,0.0,0.04836763297745606,0.9988296011233138,0.14284013583839206,0.0006247019509309924,0.0,0.0,0.0,0.07228691856883183
2026-08-24T01:59:28.561307,38.53,0.2467958609731634,0.013194463704112518,0.0,0.09821741248986363,0.0,0.0,0.049088969666737425,0.9987944098046695,0.14281778786553667,0.0006311105805578952,0.0,0.0,0.0,0.07187848591818409
2026-08-24T01:59:28.581489,38.55,0.24963706699498336,0.013490207568273732,0.0,0.09965369008505573,0.0,0.0,0.04980622996342486,0.9987588995632682,0.14270023788803501,0.0006373786514625714,0.0,0.0,0.0,0.06935820866215096
2026-08-24T01:59:28.602571,38.57,0.2524786722309059,0.013790061582404721,0.0,0.10103961846615395,0.0,0.0,0.050498322101963464,0.9987241458305123,0.14274780754521357,0.0006434895052903593,0.0,0.0,0.0,0.0689416966871044
2026-08-24T01:59:28.618976,38.59,0.2553203282772715,0.014093879030137648,0.0,0.10241732518878344,0.0,0.0,0.051186284551230525,0.9986891229375838,0.14288923664948577,0.0006494378092733783,0.0,0.0,0.0,0.06894161383527388
2026-08-24T01:59:28.641950,38.61,0.25816043864383525,0.01440149704694977,0.0,0.1037909303042848,0.0,0.0,0.051872174669111495,0.9986537325294975,0.1428046483236554,0.0006552512835610151,0.0,0.0,0.0,0.06811255284111732
2026-08-24T01:59:28.659150,38.63,0.26100061470577995,0.01471304996133051,0.0,0.10515218960616975,0.0,0.0,0.052551875942948856,0.9986181954755666,0.14281842109166265,0.0006609284421176071,0.0,0.0,0.0,0.0676995268430446
2026-08-24T01:59:28.681004,38.65,0.2638403349334223,0.015028457809767479,0.0,0.10650526120439041,0.0,0.0,0.053227464823779436,0.9985824137187843,0.1428261840669618,0.0006664718217787837,0.0,0.0,0.0,0.05296617165489008
2026-08-24T01:59:28.699918,38.67,0.2666803900560087,0.01534747180708831,0.0,0.1075637791309334,0.0,0.0,0.0537559660372247,0.998554102748271,0.1429806055256738,0.0006717501262141966,0.0,0.0,0.0,0.05253208413472871
2026-08-24T01:59:28.718612,38.69,0.2695188550503549,0.0156692437302828,0.0,0.10861379622719625,0.0,0.0,0.0542802080443706,0.9985257427901696,0.14288090274259246,0.0006767648650336217,0.0,0.0,0.0,0.05209875972532943
2026-08-24T01:59:28.741170,38.71,0.2723575570848052,0.015994048994007175,0.0,0.10965520755482938,0.0,0.0,0.05480013867199724,0.9984973434123547,0.14289696849622976,0.0006816567357471781,0.0,0.0,0.0,0.05172772131543399
2026-08-24T01:59:28.759087,38.73,0.27519601614978845,0.016321812750060356,0.0,0.11068926227317986,0.0,0.0,0.05531638176909266,0.998468876784838,0.1429323385667259,0.0006864273822402105,0.0,0.0,0.0,0.0513552927299453
2026-08-24T01:59:28.779802,38.75,0.278033258190781,0.01665240562722021,0.0,0.11171592609272496,0.0,0.0,0.05582892039375091,0.9984403495691008,0.14279113054068474,0.0006910799886154613,0.0,0.0,0.0,0.042147090713308105
2026-08-24T01:59:28.800010,38.77,0.2808706731368462,0.01698576885324552,0.0,0.11255849498855584,0.0,0.0,0.05624954281847875,0.9984167411120028,0.14274867410872072,0.0006955363254768493,0.0,0.0,0.0,0.04176141666250868
2026-08-24T01:59:28.820038,38.79,0.283707998291389,0.017321471194203235,0.0,0.11339346749291755,0.0,0.0,0.0566663631677313,0.9983931706924596,0.14274318387972298,0.0006997968148904648,0.0,0.0,0.0,0.04137571053934988
2026-08-24T01:59:28.841539,38.81,0.2865456837999573,0.01765960668355062,0.0,0.11422079334088456,0.0,0.0,0.057079356545937196,0.9983696444986204,0.14286664941885838,0.0007039447445619715,0.0,0.0,0.0,0.041029357843677804
2026-08-24T01:59:28.858996,38.82,0.28796404189326363,0.017829581851082004,0.0,0.11463097513691345,0.0,0.0,0.05728411187099854,0.9983579170453605,0.1428571429712359,0.0007060693108151012,0.0,0.0,0.0,0.041029288954995094
2026-08-24T01:59:28.879953,38.85,0.2922186391386526,0.01834269432904178,0.0,0.11585482782400415,0.0,0.0,0.05789502261747089,0.9983226764709507,0.1427961370869002,0.0007119120653780991,0.0,0.0,0.0,0.03038141364285333
2026-08-24T01:59:28.899269,38.87,0.29505513083558854,0.018687531309992487,0.0,0.11646247954439563,0.0,0.0,0.05819833618658687,0.9983050403885142,0.14284274085881912,0.000715643698808986,0.0,0.0,0.0,0.03019987764789084
2026-08-24T01:59:28.918624,38.89,0.29789191145405813,0.019034072779187554,0.0,0.11706664404886924,0.0,0.0,0.058499903761613875,0.9982874141548024,0.14298795693910396,0.0007191781841777103,0.0,0.0,0.0,0.029658016753449035
2026-08-24T01:59:28.939607,38.91,0.3007275943130482,0.019382211657954267,0.0,0.11766003094903568,0.0,0.0,0.058796086519563126,0.998270013678656,0.14295408709805396,0.0007226120969590607,0.0,0.0,0.0,0.029025920044517935
2026-08-24T01:59:28.960027,38.93,0.30356259090779686,0.019731959334085076,0.0,0.11824081764531737,0.0,0.0,0.05908597500802266,0.9982528975952694,0.14282329899634985,0.0007259461800411717,0.0,0.0,0.0,0.02902579432700264
2026-08-24T01:59:28.979269,38.95,0.30639778208559715,0.020083396536921254,0.0,0.11882163955121518,0.0,0.0,0.05937587608761043,0.998235696285616,0.14277260970245043,0.0007291875254954119,0.0,0.0,0.0,0.03489155634232693
2026-08-24T01:59:29.003285,38.97,0.30923311101173306,0.020436648873198397,0.0,0.11951978867947144,0.0,0.0,0.05972433115354588,0.9982149088589398,0.1427940383819643,0.000732397993631323,0.0,0.0,0.0,0.03457988835189902
2026-08-24T01:59:29.018998,38.99,0.3120683962726758,0.020791941694829577,0.0,0.1202117275741559,0.0,0.0,0.060069679432655454,0.9981941863249144,0.14285740264394345,0.0007355715852979053,0.0,0.0,0.0,0.03426459047587721
2026-08-24T01:59:29.040269,39.01,0.3149033085338343,0.021149172519093665,0.0,0.12089741693427537,0.0,0.0,0.06041190146202982,0.9981735330901846,0.14289507979029298,0.0007386512942897285,0.0,0.0,0.0,0.03391759303880405
2026-08-24T01:59:29.060193,39.03,0.3177376025120477,0.021508292332692594,0.0,0.12157621368753004,0.0,0.0,0.06075067645278751,0.9981529718988612,0.14285744119176855,0.0007416399928115112,0.0,0.0,0.0,0.033568738009381725
2026-08-24T01:59:29.079898,39.05,0.32057235510399407,0.02186941206474016,0.0,0.12224808368869011,0.0,0.0,0.061085987537746994,0.9981325072987746,0.14296121202092768,0.000744538186847173,0.0,0.0,0.0,0.022154149595686817
2026-08-24T01:59:29.103993,39.06,0.3219889049549931,0.022050135973737464,0.0,0.12247022157636023,0.0,0.0,0.06119684868412432,0.9981257163860334,0.14285714308131356,0.000745356721720438,0.0,0.0,0.0,0.022151878084113293
2026-08-24T01:59:29.118894,39.09,0.32623974766187175,0.02259593857415439,0.0,0.12312092717938763,0.0,0.0,0.061521588437504916,0.9981057529921998,0.14285833393740272,0.0007497611512189517,0.0,0.0,0.0,0.021270537900668893
2026-08-24T01:59:29.139440,39.11,0.32907354474728306,0.022961029502081277,0.0,0.12354706712174755,0.0,0.0,0.06173425340341687,0.9980926219328158,0.1428734762783024,0.000752193756011139,0.0,0.0,0.0,0.021270507244610395
2026-08-24T01:59:29.160733,39.13,0.33190726750722765,0.02332733647351289,0.0,0.12397325184199381,0.0,0.0,0.06194693791261099,0.9980794441742857,0.14290500687325627,0.000754549930488975,0.0,0.0,0.0,0.020805978916763022
2026-08-24T01:59:29.179121,39.15,0.3347404365596096,0.02369479081941843,0.0,0.12439018097592848,0.0,0.0,0.06215500076420401,0.9980665087457858,0.14285618100134986,0.0007568297987992356,0.0,0.0,0.0,0.020179892213231024
2026-08-24T01:59:29.199394,39.17,0.3375739886635672,0.02406347572337959,0.0,0.124794620573494,0.0,0.0,0.06235682830055137,0.9980539193672332,0.14291503496498595,0.0007590298131678236,0.0,0.0,0.0,0.01685602673498755
2026-08-24T01:59:29.220020,39.19,0.34040709599187996,0.024433192091220402,0.0,0.12513263515899412,0.0,0.0,0.06252550580011566,0.9980433663546087,0.1429123322282236,0.000761122715817198,0.0,0.0,0.0,0.016537320079051888
2026-08-24T01:59:29.239892,39.21,0.34323952933152724,0.02480376477316994,0.0,0.12546432742623193,0.0,0.0,0.06269102657297065,0.9980329830157053,0.1427981558011269,0.0007631147719301001,0.0,0.0,0.0,0.01621926380227474
2026-08-24T01:59:29.262243,39.23,0.34607294420494406,0.02517540591452779,0.0,0.12578968376955404,0.0,0.0,0.06285338392365541,0.9980227713481018,0.14290638311652176,0.0007650367087402084,0.0,0.0,0.0,0.01591540374510858
2026-08-24T01:59:29.281333,39.25,0.3489058737278039,0.02554791286598606,0.0,0.12610901040255793,0.0,0.0,0.06301273074745531,0.9980127232474287,0.1429409135981167,0.0007668860439949577,0.0,0.0,0.0,0.014901860903805207
2026-08-24T01:59:29.301506,39.27,0.35173785349029596,0.025921193540456522,0.0,0.1264080877652991,0.0,0.0,0.063161971548985,0.9980032892481092,0.14280731367354532,0.0007686621806156636,0.0,0.0,0.0,0.014285789053872467
2026-08-24T01:59:29.319355,39.29,0.3545699797239299,0.026295331730379738,0.0,0.12669486213397452,0.0,0.0,0.06330507178079826,0.9979942223714664,0.14272519374734716,0.0007703646133568211,0.0,0.0,0.0,0.014285666564764503
2026-08-24T01:59:29.339674,39.31,0.3574023097748871,0.02667031577273692,0.0,0.12698165176075668,0.0,0.0,0.06344817832474844,0.997985134492128,0.14270566645081617,0.0007720034379208743,0.0,0.0,0.0,0.01397930719581751
2026-08-24T01:59:29.360779,39.33,0.3602351582046347,0.02704618399660553,0.0,0.1272623400322859,0.0,0.0,0.0635882390606421,0.9979762200840091,0.14281215251936072,0.0007735807233811835,0.0,0.0,0.0,0.013673032792802927
2026-08-24T01:59:29.379497,39.35,0.36306736429045366,0.027422768375367734,0.0,0.12753694452510267,0.0,0.0,0.06372526283771147,0.9979674798690911,0.1428101460665679,0.0007750922438226104,0.0,0.0,0.0,0.0033388987872053633
2026-08-24T01:59:29.398851,39.37,0.3658992778088937,0.027799878239653675,0.0,0.12760491878659244,0.0,0.0,0.06375918085211707,0.997965313453863,0.14276398421820644,0.0007764486939438214,0.0,0.0,0.0,0.0033368419496428857
2026-08-24T01:59:29.419518,39.39,0.36873139615657896,0.02817713297460172,0.0,0.12766973140991578,0.0,0.0,0.06379152119360777,0.9979632467299613,0.14276224089011472,0.0007776578200661465,0.0,0.0,0.0,0.002695880853734073
2026-08-24T01:59:29.440476,39.41,0.3715639578085892,0.028554613162820503,0.0,0.12772494942305102,0.0,0.0,0.06381907394312471,0.9979614851290816,0.14285433650987947,0.0007788064874916398,0.0,0.0,0.0,0.002428553102669893
2026-08-24T01:59:29.460311,39.43,0.3743966345195998,0.028932257093833284,0.0,0.12777485740655162,0.0,0.0,0.06384397704591903,0.9979598922777209,0.14297356850585047,0.0007798975748660599,0.0,0.0,0.0,0.002159352651584245
2026-08-24T01:59:29.480074,39.45,0.37722879109014645,0.029309968121590098,0.0,0.12781941190028864,0.0,0.0,0.06386620882896024,0.9979584697620516,0.1429914573091716,0.000780933542848011,0.0,0.0,0.0,0.005632295999783257
2026-08-24T01:59:29.499460,39.47,0.380060381621657,0.02968780595236071,0.0,0.12793341600489147,0.0,0.0,0.06392309440605932,0.9979548276357774,0.14290049165518973,0.0007819546547556586,0.0,0.0,0.0,0.005365046345739324
2026-08-24T01:59:29.518780,39.49,0.3828915204910977,0.030065931399252253,0.0,0.12804204464222035,0.0,0.0,0.06397729754826559,0.9979513542244535,0.1427276053226147,0.0007829634064362317,0.0,0.0,0.0,0.005095921000849533
2026-08-24T01:59:29.542262,39.51,0.3857235205259232,0.030444470669512416,0.0,0.12814529893718116,0.0,0.0,0.06402881884472418,0.9979480499291281,0.1427363976837187,0.0007839226154983613,0.0,0.0,0.0,0.004804655998012084
2026-08-24T01:59:29.562416,39.53,0.3885555715377091,0.030823303630277733,0.0,0.12824273813582068,0.0,0.0,0.06407743839785003,0.9979449292863658,0.14276307957739742,0.0007848326692694696,0.0,0.0,0.0,0.0045118570698917115
2026-08-24T01:59:29.581158,39.56,0.39280397456712873,0.03139099103075407,0.0,0.12823868949433193,0.0,0.0,0.06407541823709664,0.9979450589976089,0.14285714323390533,0.0007846635858716823,0.0,0.0,0.0,-0.009713623522240023
2026-08-24T01:59:29.599263,39.57,0.3942203273385125,0.0315815446905016,0.0,0.12814153632801561,0.0,0.0,0.06402694140037116,0.9979481703850723,0.14296127234904674,0.0007863678224210221,0.0,0.0,0.0,-0.009715194520201345
2026-08-24T01:59:29.619411,39.59,0.3970524869350996,0.031959946594182456,0.0,0.12794879531293504,0.0,0.0,0.06393076833152321,0.9979543360597924,0.14299799844566666,0.0007868659895610442,0.0,0.0,0.0,-0.010138735050443104
2026-08-24T01:59:29.639849,39.61,0.3998839160102746,0.03233768297473077,0.0,0.12774757462927555,0.0,0.0,0.06383036348124345,0.99796076310537,0.1428722886766048,0.000787321603533959,0.0,0.0,0.0,-0.010253720266381192
2026-08-24T01:59:29.661086,39.63,0.40271601517179784,0.032714913294282506,0.0,0.12754405752118242,0.0,0.0,0.06372881210669444,0.9979672532240071,0.14286604781456977,0.0007877325407881564,0.0,0.0,0.0,-0.01048519661286961
2026-08-24T01:59:29.679276,39.65,0.40554901319571685,0.03309165960727887,0.0,0.12733593052667705,0.0,0.0,0.06362495979930136,0.9979738796634595,0.1430252376712308,0.0007880986528980599,0.0,0.0,0.0,-0.019144125951093896
2026-08-24T01:59:29.699591,39.67,0.40838100983994635,0.03346748129465539,0.0,0.1269546711544898,0.0,0.0,0.06343471519698846,0.9979859903364761,0.14296152221358646,0.0007883421558847989,0.0,0.0,0.0,-0.019384606294057066
2026-08-24T01:59:29.718912,39.69,0.41121293423680444,0.03384212019598738,0.0,0.12656864218454356,0.0,0.0,0.06324208826463212,0.9979982155655032,0.14285238769522962,0.0007884690442315268,0.0,0.0,0.0,-0.019625509149931695
2026-08-24T01:59:29.740725,39.71,0.4140453632255382,0.0342156975049006,0.0,0.1261777793746348,0.0,0.0,0.06304704686474748,0.9980105559970969,0.1428154977934316,0.0007885606499085342,0.0,0.0,0.0,-0.020005804641200314
2026-08-24T01:59:29.760356,39.73,0.41687824505436466,0.03458818933948229,0.0,0.12577931973682244,0.0,0.0,0.06284821215247698,0.9980230970419659,0.1428400546204059,0.0007886126600234445,0.0,0.0,0.0,-0.02000588017592019
2026-08-24T01:59:29.781782,39.75,0.41971063982003826,0.0349594620147225,0.0,0.12538084937986008,0.0,0.0,0.06264936959655587,0.9980355988085566,0.14273628615799586,0.0007886310250697767,0.0,0.0,0.0,-0.022838237402506435
2026-08-24T01:59:29.802101,39.77,0.42254449708170155,0.03532970297942504,0.0,0.12492575643686533,0.0,0.0,0.06242226849766737,0.9980498286135844,0.14289576566189713,0.0007885891964257663,0.0,0.0,0.0,-0.02303125360900887
2026-08-24T01:59:29.818647,39.79,0.4253775236373721,0.0356984964845924,0.0,0.12446681065267384,0.0,0.0,0.06219324147553983,0.9980641265543839,0.14285305162909667,0.0007884907984606058,0.0,0.0,0.0,-0.02322587971586248
2026-08-24T01:59:29.839764,39.81,0.42821067995092027,0.036065971967263535,0.0,0.12400397000097253,0.0,0.0,0.061962267486823465,0.9980784926086181,0.1428021049012793,0.0007883603997987042,0.0,0.0,0.0,-0.02358443802051167
2026-08-24T01:59:29.860701,39.83,0.43104379344679683,0.03643209325058817,0.0,0.12353394481724632,0.0,0.0,0.06172770476443541,0.9980930269591681,0.14270788905293721,0.0007881991024061583,0.0,0.0,0.0,-0.023584509437762614
2026-08-24T01:59:29.878625,39.85,0.43387817154287645,0.0367970086018346,0.0,0.12306392005864278,0.0,0.0,0.06149313884492859,0.9981075061710528,0.14283366160660307,0.0007880069444254578,0.0,0.0,0.0,-0.02059092777114824
2026-08-24T01:59:29.899796,39.87,0.4367129957361547,0.03716068294792514,0.0,0.12265377356133689,0.0,0.0,0.061288452404519765,0.9981200957809931,0.14301629484237324,0.0007878131671326814,0.0,0.0,0.0,-0.020747912452070853
2026-08-24T01:59:29.918631,39.89,0.43954649090513626,0.0375230234316176,0.0,0.1222404633624761,0.0,0.0,0.06108218448964837,0.9981327400391055,0.14290139079318437,0.0007876197716338768,0.0,0.0,0.0,-0.020907423631396558
2026-08-24T01:59:29.939321,39.91,0.44238008628681175,0.037884175122517814,0.0,0.12182394999093128,0.0,0.0,0.06087431535015643,0.998145439167384,0.14277625875698444,0.0007873992980108773,0.0,0.0,0.0,-0.021088177429279754
2026-08-24T01:59:29.958891,39.93,0.44521508623327205,0.03824428785154399,0.0,0.1214038129749091,0.0,0.0,0.06066463508536004,0.9981582049204225,0.1429035665682765,0.0007871514973448969,0.0,0.0,0.0,-0.021269822217235137
2026-08-24T01:59:29.981723,39.95,0.4480496155043246,0.03860312105483214,0.0,0.120980038502573,0.0,0.0,0.06045313674183774,0.9981710365754322,0.1429052913668651,0.0007868760467864946,0.0,0.0,0.0,-0.03633624863925293
2026-08-24T01:59:30.003262,39.97,0.4508843668888913,0.03896042650362706,0.0,0.12025499073397894,0.0,0.0,0.06009127193590842,0.9981928866893035,0.14291276234827188,0.0007864345527985121,0.0,0.0,0.0,-0.03633791247131087
2026-08-24T01:59:30.023215,39.99,0.45371900495771583,0.03931551457585813,0.0,0.11952997805539757,0.0,0.0,0.05972941674625147,0.9982146045691541,0.14284240741194484,0.0007858343854368061,0.0,0.0,0.0,-0.036533883852824106
2026-08-24T01:59:30.040981,40.01,0.45655391027205766,0.039668537224178936,0.0,0.11880102247435342,0.0,0.0,0.05936558573341756,0.9982363083110773,0.14277389418451072,0.000785217224991776,0.0,0.0,0.0,-0.036626625811644185
2026-08-24T01:59:30.063987,40.02,0.4579721894594308,0.039842989127869356,0.0,0.11843646354645276,0.0,0.0,0.059183626769015854,0.9982471128545606,0.14285714256754292,0.0007831423294227192,0.0,0.0,0.0,-0.036626777386988586
2026-08-24T01:59:30.081623,40.05,0.46222549347533703,0.04036846291959763,0.0,0.11733562281625035,0.0,0.0,0.05863416229122943,0.9982795375106142,0.1428381922660106,0.0007839251843726428,0.0,0.0,0.0,-0.03681403044107506
2026-08-24T01:59:30.101565,40.07,0.465061404608872,0.04071526034056745,0.0,0.11660057552673073,0.0,0.0,0.05826726700540947,0.9983010195305424,0.14281683686525692,0.0007832511838419721,0.0,0.0,0.0,-0.03686057956744868
2026-08-24T01:59:30.122350,40.09,0.4678979154645985,0.04106000493200596,0.0,0.1158059633602955,0.0,0.0,0.05787063134909659,0.9983240906776,0.14286485994150644,0.0007825623272878337,0.0,0.0,0.0,-0.042915205656911946
2026-08-24T01:59:30.143818,40.11,0.4707348375878152,0.041402329928710575,0.0,0.11494939145900675,0.0,0.0,0.05744305787236919,0.9983487842944827,0.14293632658846658,0.0007817465247716192,0.0,0.0,0.0,-0.04301324019915608
2026-08-24T01:59:30.166537,40.13,0.47357221046056647,0.04174223213344336,0.0,0.11409085529569474,0.0,0.0,0.057014493325526105,0.9983733507815769,0.14303945668872683,0.0007809148377324666,0.0,0.0,0.0,-0.04309027238688557
2026-08-24T01:59:30.185223,40.14,0.47498998772099477,0.041909758301271194,0.0,0.11366165927410776,0.0,0.0,0.05680024307923914,0.9983855629896394,0.14285714343086586,0.0007787081869201614,0.0,0.0,0.0,-0.04309028762350373
2026-08-24T01:59:30.204977,40.17,0.47924664509284404,0.04241456100493468,0.0,0.11236955431747832,0.0,0.0,0.056155221803075084,0.9984220505699217,0.14300716269730754,0.0007792146319613503,0.0,0.0,0.0,-0.0493864594532128
2026-08-24T01:59:30.226807,40.19,0.48208337520638744,0.0427468101403054,0.0,0.11138351499448217,0.0,0.0,0.055662973296832854,0.9984496148548289,0.14280256157300414,0.0007782910474942324,0.0,0.0,0.0,-0.049387179439410914
2026-08-24T01:59:30.255326,40.22,0.4863410276489461,0.043238661155933944,0.0,0.10990436446187601,0.0,0.0,0.05492452950132158,0.9984905087476087,0.14285714221806972,0.0007749992284213688,0.0,0.0,0.0,-0.04947554264972517
2026-08-24T01:59:30.271766,40.23,0.48775946356787453,0.04340298780646338,0.0,0.109409613532073,0.0,0.0,0.05467752576949674,0.9985040651773662,0.1427232169556661,0.0007763101084517802,0.0,0.0,0.0,-0.04948456833905412
2026-08-24T01:59:30.290425,40.25,0.49059906877438064,0.043726979182448535,0.0,0.10842158076722352,0.0,0.0,0.05418424175136095,0.9985309549262006,0.1429001393162182,0.0007753061097407716,0.0,0.0,0.0,-0.04949773020241872
2026-08-24T01:59:30.310013,40.27,0.49343768680590777,0.04404801495324193,0.0,0.10743327013593218,0.0,0.0,0.05369080577661846,0.9985576084408238,0.14281416719000586,0.000774294550959009,0.0,0.0,0.0,-0.04950244628336607
2026-08-24T01:59:30.329754,40.29,0.49627724167277504,0.044366304963151894,0.0,0.10644485128826943,0.0,0.0,0.05319730265957694,0.9985840209966037,0.14285294584423225,0.0007732757127950687,0.0,0.0,0.0,-0.049511283155120434
2026-08-24T01:59:30.352470,40.31,0.4991167236953194,0.04468173966437991,0.0,0.10545622913324018,0.0,0.0,0.052703685037065115,0.9986101950128057,0.14281391412457095,0.0007722520006901061,0.0,0.0,0.0,-0.04952000321267072
2026-08-24T01:59:30.371680,40.34,0.5033771639618878,0.04514830798708321,0.0,0.10397369089846144,0.0,0.0,0.05196343172717577,0.9986489882652138,0.14285714254501383,0.000768952245959633,0.0,0.0,0.0,-0.049528877363831166
2026-08-24T01:59:30.390792,40.35,0.5047969540951839,0.0453042005551212,0.0,0.103478405633596,0.0,0.0,0.05171612207199589,0.9986618260040956,0.14280330557323317,0.000770187060246439,0.0,0.0,0.0,-0.04953775242522807
2026-08-24T01:59:30.410542,40.37,0.5076380213882992,0.04561125799219049,0.0,0.10248920526054217,0.0,0.0,0.0512221774410752,0.9986872826556845,0.14289693745279872,0.0007691457770718122,0.0,0.0,0.0,-0.04955573241703182
2026-08-24T01:59:30.430300,40.39,0.5104788441829556,0.04591544122708111,0.0,0.10149963221126469,0.0,0.0,0.05072803418150561,0.9987125044516465,0.14288046580296945,0.0007680986634919163,0.0,0.0,0.0,-0.04955573572301581
2026-08-24T01:59:30.451698,40.41,0.5133201363073674,0.0462168235270589,0.0,0.10051004108767178,0.0,0.0,0.05023386947727016,0.9987374822030766,0.14289796837411797,0.0007670469243907821,0.0,0.0,0.0,-0.04956489076569578
2026-08-24T01:59:30.472521,40.43,0.5161610483090261,0.04651531906385118,0.0,0.09952023911189567,0.0,0.0,0.0497395871790489,0.9987622206848124,0.1427792517158941,0.0007659925204881008,0.0,0.0,0.0,-0.04958318594081999
2026-08-24T01:59:30.490671,40.45,0.519002904260511,0.04681106061420749,0.0,0.09853004743747817,0.0,0.0,0.04924509808534686,0.9987867241381237,0.14279102016167367,0.0007649349518348765,0.0,0.0,0.0,-0.049583189400926354
2026-08-24T01:59:30.511053,40.47,0.5218453435093441,0.04710401002328224,0.0,0.09753984553950049,0.0,0.0,0.04875059181499002,0.9988109830181525,0.14286130327323185,0.0007638723785675059,0.0,0.0,0.0,-0.04959237756530943
2026-08-24T01:59:30.530166,40.49,0.5246880012713272,0.04739413082679366,0.0,0.09654944937605636,0.0,0.0,0.048255976575073564,0.998835001751934,0.14291734414925025,0.0007628052138241009,0.0,0.0,0.0,-0.04960164816230817
2026-08-24T01:59:30.551943,40.51,0.5275304861593543,0.04768138491910446,0.0,0.09555884766089794,0.0,0.0,0.04776124684320466,0.9988587804589708,0.1428810582853022,0.0007617352278561376,0.0,0.0,0.0,-0.04961110885305281
2026-08-24T01:59:30.571967,40.53,0.5303735972534523,0.04796584931966994,0.0,0.09456804753184536,0.0,0.0,0.0472664062983414,0.9988823188122012,0.14291356509091263,0.0007606609191742834,0.0,0.0,0.0,-0.049620630469932724
2026-08-24T01:59:30.590766,40.55,0.5332170365734342,0.04824749432911528,0.0,0.09357703974789543,0.0,0.0,0.04677145043947771,0.9989056168746813,0.14295553636488448,0.0007595838060212239,0.0,0.0,0.0,-0.05606064091249621
2026-08-24T01:59:30.610083,40.57,0.5360606592560482,0.048526166729282956,0.0,0.0924572344050616,0.0,0.0,0.04621215321410404,0.9989316477594031,0.14297569825569809,0.0007584452420720057,0.0,0.0,0.0,-0.05612627577511643
2026-08-24T01:59:30.631058,40.59,0.5389039411190001,0.04880153997451173,0.0,0.09133611577706492,0.0,0.0,0.04565218554368351,0.9989573954654348,0.14286401329419768,0.0007572483544017975,0.0,0.0,0.0,-0.05619215631814547
2026-08-24T01:59:30.652865,40.61,0.5417481627772952,0.04907377541844792,0.0,0.0902136646691476,0.0,0.0,0.04509153796583518,0.9989828593143506,0.1428792796407298,0.0007560502253581532,0.0,0.0,0.0,-0.05620288087581003
2026-08-24T01:59:30.670312,40.63,0.5445927540536544,0.049342817061426035,0.0,0.08909097485587926,0.0,0.0,0.044530756951040626,0.9990080138243974,0.14290763543094318,0.0007548528120820348,0.0,0.0,0.0,-0.05622292355904184
2026-08-24T01:59:30.691326,40.65,0.5474372172866784,0.04960862007166554,0.0,0.08796786681354261,0.0,0.0,0.04396975299195332,0.9990328627336673,0.14284986885134213,0.0007536556027168128,0.0,0.0,0.0,-0.05622292740482562
2026-08-24T01:59:30.713360,40.66,0.5488598403832383,0.049739051924631204,0.0,0.08740696186575601,0.0,0.0,0.043689570028582383,0.9990451548707484,0.14285714274450634,0.0007514179814602878,0.0,0.0,0.0,-0.05622292733461205
2026-08-24T01:59:30.730743,40.69,0.5531280148678146,0.05013070858528652,0.0,0.08572139362853237,0.0,0.0,0.0428475752219317,0.9990816209387504,0.14293165098675442,0.0007512639979870424,0.0,0.0,0.0,-0.05624272169489438
2026-08-24T01:59:30.751357,40.71,0.5559736540532705,0.050386931768389376,0.0,0.08459783442209501,0.0,0.0,0.04228630481359137,0.9991055341780527,0.1429330564914062,0.0007500695374918357,0.0,0.0,0.0,-0.05624716193752873
2026-08-24T01:59:30.770973,40.73,0.5588197557026509,0.05063996626202167,0.0,0.0834741812686608,0.0,0.0,0.041724974127258334,0.9991291340633,0.14296975587259095,0.0007488742834167753,0.0,0.0,0.0,-0.056262995660038444
2026-08-24T01:59:30.791369,40.75,0.5616658407572355,0.050889771180291095,0.0,0.08235019086488073,0.0,0.0,0.04116346178822506,0.9991524255155513,0.14294631284683312,0.0007476808557583463,0.0,0.0,0.0,-0.05627321740865201
2026-08-24T01:59:30.810102,40.77,0.5645119589766697,0.051136350732139034,0.0,0.08122596879354926,0.0,0.0,0.04060182070992212,0.9991754060999697,0.14287343883970677,0.0007464904688962202,0.0,0.0,0.0,-0.05628360439611375
2026-08-24T01:59:30.830331,40.79,0.5673587335102409,0.051379755560564046,0.0,0.08010151686528655,0.0,0.0,0.040040051966408856,0.9991980755778742,0.1428768984824131,0.0007453025323629339,0.0,0.0,0.0,-0.05629396617882722
2026-08-24T01:59:30.851997,40.81,0.5702058923959521,0.051619962080945735,0.0,0.07897683801141886,0.0,0.0,0.03947815719196373,0.9992204336905479,0.14290282021573714,0.0007441168359145844,0.0,0.0,0.0,-0.05630436028672865
2026-08-24T01:59:30.870905,40.83,0.5730526423506929,0.0518569069663353,0.0,0.07785193216813192,0.0,0.0,0.03891613652477887,0.9992424802408997,0.1427927679517556,0.000742933461361044,0.0,0.0,0.0,-0.05632554448370911
2026-08-24T01:59:30.890561,40.85,0.5759000625513806,0.052090675247323165,0.0,0.07672657715318554,0.0,0.0,0.03835387912576372,0.9992642192913775,0.14276397099656993,0.0007417535083859173,0.0,0.0,0.0,-0.05632554858624569
2026-08-24T01:59:30.909885,40.87,0.5787482513465342,0.05232127219746557,0.0,0.07560120738606102,0.0,0.0,0.037791602212861604,0.9992856422475932,0.14283684594949306,0.0007405755148875498,0.0,0.0,0.0,-0.05633615238426571
2026-08-24T01:59:30.930105,40.89,0.5815968781877007,0.05254867114894718,0.0,0.07447561923760526,0.0,0.0,0.03722920421962966,0.9993067528808024,0.14294579529710558,0.0007393983888310664,0.0,0.0,0.0,-0.056346815340011805
2026-08-24T01:59:30.954104,40.91,0.5844444528520311,0.0527727604407675,0.0,0.07334979085584338,0.0,0.0,0.03666667439864471,0.9993275514007125,0.14279266578785624,0.0007382254982192126,0.0,0.0,0.0,-0.05635775693930487
2026-08-24T01:59:30.969819,40.93,0.5872929367868044,0.05299368689567,0.0,0.0722237130252048,0.0,0.0,0.03610400831588102,0.9993480377643851,0.1427715707148115,0.0007370575769214971,0.0,0.0,0.0,-0.05636882716167215
2026-08-24T01:59:30.991835,40.95,0.5901423944254081,0.053211452248198406,0.0,0.0710974080544511,0.0,0.0,0.03554121728937907,0.9993682113583507,0.14289611248187864,0.0007358908097792492,0.0,0.0,0.0,-0.05637974226113846
2026-08-24T01:59:31.010364,40.97,0.5929915293547051,0.05342596178645521,0.0,0.06997087844485607,0.0,0.0,0.03497830274062108,0.9993880719407179,0.14290704494531278,0.0007347254417723022,0.0,0.0,0.0,-0.05639086316599416
2026-08-24T01:59:31.030359,40.99,0.5958095076998978,0.05363507332406208,0.0,0.0688435023171561,0.0,0.0,0.03441495408607037,0.9994076300165282,0.13662347044964546,0.0007336600272857497,0.0,0.0,0.0,-0.02523144027266525
2026-08-24T01:59:31.051786,41.01,0.5980487750779024,0.05380036557842546,0.0,0.06814988029913228,0.0,0.0,0.034068346454759535,0.9994195053979277,0.10426588205983707,0.0007305750848229038,0.0,0.0,0.0,-0.04100614314201691
2026-08-24T01:59:31.071681,41.02,0.5991276498292751,0.05387583295934001,0.0,0.06774772450061262,0.0,0.0,0.03386738459275788,0.9994263355849926,0.10385713301086634,0.0007236745426033181,0.0,0.0,0.0,-0.041005750791150646
2026-08-24T01:59:31.092317,41.05,0.6021725436440578,0.054097044592122376,0.0,0.06654810056065141,0.0,0.0,0.03326791065719689,0.9994464698624458,0.0993932917940668,0.0007177361124888147,0.0,0.0,0.0,-0.03970034294023909
2026-08-24T01:59:31.110378,41.07,0.6041790090855468,0.05423879414566655,0.0,0.06576331130627013,0.0,0.0,0.03287573068113335,0.9994594470673543,0.09948756028498143,0.0007108948236630076,0.0,0.0,0.0,-0.03960425443675246
2026-08-24T01:59:31.130704,41.09,0.6061786036532585,0.054378446220883926,0.0,0.06498022028741035,0.0,0.0,0.0324843943127216,0.9994722427992363,0.09972065474557218,0.0007041313807804832,0.0,0.0,0.0,-0.039587760976880014
2026-08-24T01:59:31.153805,41.11,0.6081759559627893,0.05451634698652488,0.0,0.06419714109866438,0.0,0.0,0.032093058876206046,0.9994848851143114,0.09994382133733601,0.0006974948112890946,0.0,0.0,0.0,-0.039588153704282154
2026-08-24T01:59:31.171557,41.13,0.6101714264670954,0.05465253348886073,0.0,0.06341370059811302,0.0,0.0,0.03170153795461932,0.9994973799321897,0.09990654764247915,0.0006909990817753362,0.0,0.0,0.0,-0.039594318901147646
2026-08-24T01:59:31.189941,41.15,0.6121679198088467,0.05478719603267833,0.0,0.06262982191426135,0.0,0.0,0.03130979318436299,0.999509728242178,0.10009430277665189,0.0006846393652329289,0.0,0.0,0.0,-0.03960207821494788
2026-08-24T01:59:31.212261,41.16,0.6131654034248651,0.05485121475820022,0.0,0.062241464708666865,0.0,0.0,0.031115709192797297,0.9995157890906122,0.10000084366590986,0.0006777795399660267,0.0,0.0,0.0,-0.03960207971632321
2026-08-24T01:59:31.230232,41.19,0.6161585014129558,0.05505160496483365,0.0,0.06106060184674211,0.0,0.0,0.030525558265851155,0.9995339865620169,0.09995303445953445,0.000672329684992452,0.0,0.0,0.0,-0.0396183163968381
2026-08-24T01:59:31.251541,41.21,0.6181547141124104,0.055181484260105634,0.0,0.06027529862516621,0.0,0.0,0.030133087292931782,0.9995458954196134,0.10003888631892364,0.000666368821740299,0.0,0.0,0.0,-0.039622028217832304
2026-08-24T01:59:31.271934,41.23,0.6201499470617914,0.055309715874850014,0.0,0.05948962079225816,0.0,0.0,0.029740424451423095,0.9995576557425035,0.0999082730735472,0.0006605348940477747,0.0,0.0,0.0,-0.03963430065826073
2026-08-24T01:59:31.291219,41.25,0.6221461011589576,0.055436414553546864,0.0,0.058703429412643615,0.0,0.0,0.02934750035754824,0.9995692693469341,0.09994208194825316,0.0006548212125336565,0.0,0.0,0.0,-0.04441371432926212
2026-08-24T01:59:31.311630,41.27,0.6241422858752678,0.0555614538857101,0.0,0.057821413604255856,0.0,0.0,0.028906679569398044,0.9995821146240423,0.09996113224609707,0.000649192270401448,0.0,0.0,0.0,-0.04445452205082297
2026-08-24T01:59:31.330605,41.29,0.6261390144605647,0.05568471930819047,0.0,0.05693836584607448,0.0,0.0,0.028465337393436697,0.9995947801819884,0.10006671738851504,0.00064364511942565,0.0,0.0,0.0,-0.04449510588741197
2026-08-24T01:59:31.350928,41.31,0.6281349393945401,0.05580615584385245,0.0,0.056054253194682165,0.0,0.0,0.028023457430856113,0.9996072657967333,0.09998950603439102,0.0006382114888255014,0.0,0.0,0.0,-0.04450309274947585
2026-08-24T01:59:31.373747,41.33,0.6301316222001537,0.05592585168755619,0.0,0.055169748426894934,0.0,0.0,0.02758137600849661,0.9996195614820059,0.10004261503976387,0.0006328868612098477,0.0,0.0,0.0,-0.04451086291042
2026-08-24T01:59:31.390805,41.35,0.63212849793718,0.05604377397900949,0.0,0.05428486249220211,0.0,0.0,0.027139098678319793,0.9996316668268009,0.10011318127262238,0.00062766886643952,0.0,0.0,0.0,-0.044510864433365015
2026-08-24T01:59:31.412340,41.37,0.6341248317816679,0.05615988266545306,0.0,0.05339967413823609,0.0,0.0,0.026696664879765426,0.9996435805247276,0.10005433940226917,0.0006225564131521861,0.0,0.0,0.0,-0.04452561920909156
2026-08-24T01:59:31.430347,41.39,0.6361212560656143,0.056274212590010295,0.0,0.05251405014210908,0.0,0.0,0.026254008105614138,0.9996553041215709,0.09999306474014771,0.0006175458001209911,0.0,0.0,0.0,-0.04453299372318196
2026-08-24T01:59:31.451945,41.41,0.6381183030374071,0.056386791164074974,0.0,0.051628082074815396,0.0,0.0,0.02581117420524538,0.9996668361439958,0.10003626414903086,0.0006126331729749896,0.0,0.0,0.0,-0.044540250950396945
2026-08-24T01:59:31.470604,41.43,0.6401147547570185,0.05649755428892163,0.0,0.05074175968653494,0.0,0.0,0.02536815813634612,0.9996781764911993,0.09994032985765983,0.0006078188449893033,0.0,0.0,0.0,-0.044547442471228826
2026-08-24T01:59:31.491618,41.45,0.6421119264675074,0.056606569706734666,0.0,0.049855117678818686,0.0,0.0,0.02492497732527897,0.9996893244930318,0.09996897670951928,0.0006030968323277459,0.0,0.0,0.0,-0.04455468410023016
2026-08-24T01:59:31.510330,41.47,0.6441092341261533,0.05671380656973465,0.0,0.04896814372184898,0.0,0.0,0.024481625690738088,0.9997002800857558,0.1000055504686344,0.0005984673536991076,0.0,0.0,0.0,-0.04456178070004171
2026-08-24T01:59:31.530693,41.49,0.6461060025833043,0.05681923167206989,0.0,0.048080847295104874,0.0,0.0,0.024038108052837057,0.9997110429325267,0.09991517617931447,0.000593928192536906,0.0,0.0,0.0,-0.044568952110731676
2026-08-24T01:59:31.550651,41.51,0.6481039023009201,0.056922926031081955,0.0,0.04719325109008478,0.0,0.0,0.023594435836255367,0.9997216125489979,0.10003265644316452,0.000589474818750601,0.0,0.0,0.0,-0.044576102273965613
2026-08-24T01:59:31.572547,41.53,0.6501012902069493,0.057024809699978286,0.0,0.046305347075910504,0.0,0.0,0.02315060510926156,0.999731988826543,0.10002930547438907,0.0005851071422123794,0.0,0.0,0.0,-0.04458312685417883
2026-08-24T01:59:31.591551,41.55,0.652098948958632,0.05712491990074828,0.0,0.04541715183476702,0.0,0.0,0.02270662424349567,0.9997421713699312,0.10006215048246843,0.0005808220865812731,0.0,0.0,0.0,-0.04459030112029956
2026-08-24T01:59:31.610458,41.57,0.654096230926237,0.05722322670282446,0.0,0.0445286583607487,0.0,0.0,0.022262489819988025,0.9997521600611898,0.1000018450106003,0.0005766190237053745,0.0,0.0,0.0,-0.044597359740167326
2026-08-24T01:59:31.629722,41.59,0.6560937459104008,0.05731975794038324,0.0,0.043639881504724976,0.0,0.0,0.02181820934558955,0.9997619545376549,0.09997079441444343,0.0005724951647639487,0.0,0.0,0.0,-0.04460443438930947
2026-08-24T01:59:31.651735,41.61,0.6580913669770843,0.05741450743453327,0.0,0.042750823654127856,0.0,0.0,0.021373784097317192,0.9997715545830264,0.09994389983024324,0.0005684490585306837,0.0,0.0,0.0,-0.04461141812117936
2026-08-24T01:59:31.670652,41.63,0.6600896852478142,0.057507499848432134,0.0,0.041861501997606965,0.0,0.0,0.020929222751388,0.9997809598282129,0.1000398063865734,0.0005644776318297583,0.0,0.0,0.0,-0.04461841514189789
2026-08-24T01:59:31.690814,41.65,0.6620871857124925,0.057598670463244524,0.0,0.04097190461933309,0.0,0.0,0.020484519435315915,0.9997901702174833,0.09995555442410506,0.000560581358152646,0.0,0.0,0.0,-0.04462540625033114
2026-08-24T01:59:31.709939,41.67,0.6640847993345423,0.057688059134501334,0.0,0.040082042970843716,0.0,0.0,0.020039679957893325,0.999799185450351,0.09987782624378935,0.0005567577519248393,0.0,0.0,0.0,-0.044632495248296204
2026-08-24T01:59:31.730053,41.69,0.6660835831724623,0.05777570739290268,0.0,0.039191933423837096,0.0,0.0,0.019594712587885987,0.9998080051882952,0.10001851388684695,0.0005530034761619199,0.0,0.0,0.0,-0.04463942972845893
2026-08-24T01:59:31.751340,41.71,0.6680820774209193,0.05786155542934778,0.0,0.03830157205046137,0.0,0.0,0.019149615446584875,0.9998166293017174,0.10008573023342401,0.0005493184724277863,0.0,0.0,0.0,-0.04464636664322339
2026-08-24T01:59:31.770214,41.73,0.6700801920986239,0.0579456005209524,0.0,0.03741096662997422,0.0,0.0,0.018704392507892666,0.9998250575480246,0.10006179155255941,0.0005457008051854999,0.0,0.0,0.0,-0.044646368007269475
2026-08-24T01:59:31.790275,41.75,0.6720776502991961,0.05802783345788754,0.0,0.03652010301521669,0.0,0.0,0.018259036784609033,0.999833289891719,0.09989160586568141,0.0005421509977757818,0.0,0.0,0.0,-0.04466055376605735
2026-08-24T01:59:31.810834,41.77,0.6740767621441572,0.058108339013147256,0.0,0.035629008440529304,0.0,0.0,0.017813561976918066,0.9998413259161149,0.10003782627738737,0.0005386645935663734,0.0,0.0,0.0,-0.0446675466924275
2026-08-24T01:59:31.830213,41.79,0.6760749666023016,0.05818702269087129,0.0,0.03473767643131164,0.0,0.0,0.017367964933656124,0.9998491655215117,0.09998821686011598,0.0005352419170614827,0.0,0.0,0.0,-0.04467441919245106
2026-08-24T01:59:31.852014,41.81,0.6780731033082958,0.05826391558569852,0.0,0.03384610876361017,0.0,0.0,0.01692224662843087,0.9998568085326252,0.09991114024705426,0.0005318821546976891,0.0,0.0,0.0,-0.04468156881427036
2026-08-24T01:59:31.870459,41.83,0.6800723150485315,0.058339055951447984,0.0,0.03295431464808152,0.0,0.0,0.016476411751818354,0.999864254714501,0.10003559983194223,0.0005285826421161247,0.0,0.0,0.0,-0.04468856335843469
2026-08-24T01:59:31.891920,41.85,0.6820709191210583,0.05841238606699616,0.0,0.03206229573967833,0.0,0.0,0.01603046121730207,0.9998715039009566,0.10002517674576235,0.0005253427450816759,0.0,0.0,0.0,-0.04469554490717209
2026-08-24T01:59:31.910418,41.87,0.684069571294136,0.05848392818270732,0.0,0.031170055042335495,0.0,0.0,0.015584396612933179,0.9998785559167728,0.10001142068622182,0.0005221613340649245,0.0,0.0,0.0,-0.044709779892643874
2026-08-24T01:59:31.930588,41.89,0.6860681376322707,0.05855367782115163,0.0,0.030277453349922823,0.0,0.0,0.01513814843005351,0.9998854116658117,0.09996784876229611,0.000519036871631253,0.0,0.0,0.0,-0.04471686456394781
2026-08-24T01:59:31.951373,41.91,0.6880672551714714,0.05862165387716093,0.0,0.029384633538342537,0.0,0.0,0.014691788184077292,0.999892069855519,0.10002224367512962,0.0005159686211961586,0.0,0.0,0.0,-0.04471686595941202
2026-08-24T01:59:31.971293,41.93,0.690066240739718,0.05868783510470968,0.0,0.028491745242353428,0.0,0.0,0.014245390771565253,0.9998985292727285,0.10003822494758335,0.0005129549564032819,0.0,0.0,0.0,-0.044723886243848675
2026-08-24T01:59:31.994858,41.95,0.6920653932778289,0.05875223031954364,0.0,0.027598647976856405,0.0,0.0,0.01379888604496458,0.999904790839567,0.10007592746148901,0.0005099951629791185,0.0,0.0,0.0,-0.04473818110243994
2026-08-24T01:59:32.011144,41.97,0.6940644363917617,0.058814831281633805,0.0,0.02670520061002924,0.0,0.0,0.013352203531727641,0.9999108553570399,0.10008036781542229,0.0005070879200236134,0.0,0.0,0.0,-0.04473818393263329
2026-08-24T01:59:32.030170,41.99,0.6960633188728401,0.05887563668392175,0.0,0.02581168580457938,0.0,0.0,0.012905484637394427,0.9999167207654215,0.1000416214427361,0.000504232957983439,0.0,0.0,0.0,-0.044745397004323756
2026-08-24T01:59:32.050669,42.01,0.6980624226897576,0.05893465674347821,0.0,0.02491796847698602,0.0,0.0,0.012458661914014886,0.999922387859834,0.10003642979000299,0.0005014285424162721,0.0,0.0,0.0,-0.0447597498702992
2026-08-24T01:59:32.071536,42.03,0.7000614330955669,0.05899188286054475,0.0,0.024023897568276272,0.0,0.0,0.012011659925052692,0.9999278574106458,0.1000021402479972,0.0004986748975267358,0.0,0.0,0.0,-0.04475975271263975
2026-08-24T01:59:32.092286,42.05,0.7020603422251229,0.05904731482896787,0.0,0.023129771913609876,0.0,0.0,0.011564628164524218,0.9999331274517393,0.09993749982484752,0.0004959700107302116,0.0,0.0,0.0,-0.044767008629398815
2026-08-24T01:59:32.112318,42.07,0.7040597654464542,0.05910096696639912,0.0,0.02223544308476821,0.0,0.0,0.011117492511820022,0.9999381987704288,0.09996593610963662,0.0004933136722510964,0.0,0.0,0.0,-0.04477421018134371
2026-08-24T01:59:32.132095,42.09,0.7060588529571977,0.05915281916300024,0.0,0.021340919693009223,0.0,0.0,0.010670257360185884,0.9999430711834886,0.09991776154941151,0.0004907043227680379,0.0,0.0,0.0,-0.04478147321356714
2026-08-24T01:59:32.150283,42.11,0.7080587927429933,0.05920289696842967,0.0,0.02044620659307439,0.0,0.0,0.010222925224909998,0.9999477445346061,0.10003094926739468,0.0004881406365191277,0.0,0.0,0.0,-0.04478885046931333
2026-08-24T01:59:32.171814,42.13,0.7100582940164086,0.05925117209133961,0.0,0.019551303531842645,0.0,0.0,0.009775496067631652,0.9999522186967894,0.10004760054527967,0.0004856217715871278,0.0,0.0,0.0,-0.0447961944588516
2026-08-24T01:59:32.189758,42.15,0.7120573653421791,0.05929764568361568,0.0,0.01865620150344549,0.0,0.0,0.009327965473918707,0.9999564935836546,0.0999697547738016,0.00048314825116550764,0.0,0.0,0.0,-0.044803722211864745
2026-08-24T01:59:32.213706,42.17,0.7140567160450942,0.05934233162029854,0.0,0.01776090457992519,0.0,0.0,0.008880335568077408,0.9999605690426989,0.09993962479890373,0.0004807185898856041,0.0,0.0,0.0,-0.04480372369842537
2026-08-24T01:59:32.230991,42.19,0.7160559079172031,0.059385221470261755,0.0,0.016865414971380055,0.0,0.0,0.008432607543626373,0.9999644449329262,0.09986987377327014,0.00047833216831802904,0.0,0.0,0.0,-0.044818634058779484
2026-08-24T01:59:32.251538,42.21,0.7180559492833599,0.05942633174791893,0.0,0.01596973543297686,0.0,0.0,0.007984782866743296,0.9999681211131538,0.09996251462090688,0.0004759879667358387,0.0,0.0,0.0,-0.04482614480106073
2026-08-24T01:59:32.270426,42.23,0.7200562255436787,0.059465650602810706,0.0,0.015073883081464068,0.0,0.0,0.007536870184327931,0.9999715973905582,0.1000949261853945,0.0004736834886911141,0.0,0.0,0.0,-0.044833661105939705
2026-08-24T01:59:32.293023,42.25,0.7220550260888339,0.059503152130399015,0.0,0.014177830416711501,0.0,0.0,0.007088855835627802,0.9999748737458065,0.09992527044811772,0.00047142126059060993,0.0,0.0,0.0,-0.044849164784813406
2026-08-24T01:59:32.310049,42.27,0.7240550661293133,0.05953887723578931,0.0,0.013281441521517669,0.0,0.0,0.006640671952485036,0.9999779504949194,0.09999697268755486,0.00046919799367939276,0.0,0.0,0.0,-0.04484916785819425
2026-08-24T01:59:32.329979,42.29,0.72605537584509,0.05957280978718496,0.0,0.012385021110944194,0.0,0.0,0.006192470977987957,0.9999808264677812,0.1001163631676232,0.00046701381319722376,0.0,0.0,0.0,-0.04485672330789718
2026-08-24T01:59:32.350374,42.31,0.7280551580448101,0.059604939577108336,0.0,0.01148842538219208,0.0,0.0,0.005744181101827513,0.9999835020556436,0.10012431385501304,0.00046486742913352504,0.0,0.0,0.0,-0.044872412095696715
2026-08-24T01:59:32.371148,42.33,0.7300544855258757,0.05963526843292385,0.0,0.010591482513194972,0.0,0.0,0.005295716503564863,0.999985977595043,0.10003571024175463,0.0004627592665489619,0.0,0.0,0.0,-0.044872415206374125
2026-08-24T01:59:32.392123,42.35,0.7320544303105738,0.05966380808174438,0.0,0.009694511327750455,0.0,0.0,0.004847236682135257,0.9999882520792669,0.10006529116983347,0.000460688301333268,0.0,0.0,0.0,-0.0448802876324916
2026-08-24T01:59:32.412065,42.37,0.7340536340292706,0.05969054432213704,0.0,0.008797345530290102,0.0,0.0,0.004398658580669198,0.9999903258545508,0.09994169014576793,0.00045865506789638554,0.0,0.0,0.0,-0.04488805294791491
2026-08-24T01:59:32.429817,42.39,0.7360528970531214,0.05971548553140944,0.0,0.007899992006781266,0.0,0.0,0.003949985731783991,0.9999921987759298,0.09982531286948602,0.0004566585005609147,0.0,0.0,0.0,-0.04489604794240972
2026-08-24T01:59:32.451474,42.41,0.7380529930062204,0.059738637050475725,0.0,0.007002450481852665,0.0,0.0,0.0035012180875901543,0.9999938707171675,0.09987120911875637,0.00045469763735211374,0.0,0.0,0.0,-0.04490394617086406
2026-08-24T01:59:32.469967,42.43,0.7400534177008229,0.05975999305702344,0.0,0.006104732077026221,0.0,0.0,0.003052361298730909,0.9999953415344004,0.09997885761424252,0.0004527709919224958,0.0,0.0,0.0,-0.04491190382493706
2026-08-24T01:59:32.491768,42.45,0.7420537747592032,0.05977955014779707,0.0,0.00520684119064363,0.0,0.0,0.0026034176544126484,0.999996611102516,0.1000693034781491,0.0004508774905668416,0.0,0.0,0.0,-0.044928359249082214
2026-08-24T01:59:32.512715,42.47,0.7440529555724267,0.05979730282159336,0.0,0.004308594187715898,0.0,0.0,0.0021542954275109807,0.9999976795029132,0.09992114598342719,0.00044901812480260817,0.0,0.0,0.0,-0.044928362513294656
2026-08-24T01:59:32.530504,42.49,0.7460527578667709,0.05981326076500009,0.0,0.0034103264740772406,0.0,0.0,0.0017051624107218466,0.9999985462095198,0.09989425845517748,0.0004471918101328233,0.0,0.0,0.0,-0.04493669708079693
2026-08-24T01:59:32.552038,42.51,0.7480535370219518,0.05982742334171945,0.0,0.0025118722647499148,0.0,0.0,0.0012559358021944883,0.9999992113123194,0.10006003769096254,0.0004453980301821263,0.0,0.0,0.0,-0.04494479031459564
2026-08-24T01:59:32.571112,42.53,0.7500528635632306,0.05983978255859392,0.0,0.0016132421459453816,0.0,0.0,0.0008066209855030331,0.99999967468124,0.09993290996723908,0.00044363567469486086,0.0,0.0,0.0,-0.04496171869256277
2026-08-24T01:59:32.592443,42.55,0.7520533606440033,0.059850344949717,0.0,0.0007142537544941874,0.0,0.0,0.0003571268696557902,0.9999999362301975,0.10003783171279641,0.0004419049006293594,0.0,0.0,0.0,-0.0449700915311218
2026-08-24T01:59:32.610108,42.57,0.754053810192878,0.05985910645706639,0.0,-0.00018490489499445317,0.0,0.0,-9.245244736552107e-05,0.9999999957262725,0.10013150964694006,0.0004402034491694863,0.0,0.0,0.0,-0.04497009318878762
2026-08-24T01:59:32.632219,42.59,0.7560528754067147,0.05986606790384415,0.0,-0.0010840869486679061,0.0,0.0,-0.000542043447790886,0.9999998530944396,0.09994690874524402,0.0004385332209331916,0.0,0.0,0.0,-0.044987332605926966
2026-08-24T01:59:32.650719,42.61,0.7580529926948538,0.05987122907705802,0.0,-0.001983630788629842,0.0,0.0,-0.0009918152317071626,0.9999995081511521,0.09997163449905504,0.0004368930557673275,0.0,0.0,0.0,-0.044987336028121806
2026-08-24T01:59:32.670055,42.63,0.7600529246520249,0.05987458963427325,0.0,-0.002883193179296306,0.0,0.0,-0.0014415960903270248,0.9999989608998163,0.0999585285815981,0.00043528271004675674,0.0,0.0,0.0,-0.04499584758676567
2026-08-24T01:59:32.691512,42.65,0.7620530131542871,0.05987614889277042,0.0,-0.0037829344022868305,0.0,0.0,-0.0018914660733095876,0.9999982111764468,0.09997629125659195,0.0004337007716932094,0.0,0.0,0.0,-0.04500456167427896
2026-08-24T01:59:32.712560,42.66,0.7630531226292392,0.05987581669578845,0.0,-0.004232816676995378,0.0,0.0,-0.0021164067585342245,0.9999977604087084,0.09999999989975723,0.00043239655967066776,0.0,0.0,0.0,-0.04500456340451509
2026-08-24T01:59:32.731510,42.69,0.766053080812415,0.05987386325607065,0.0,-0.005582981291138545,0.0,0.0,-0.0027914870201594176,0.9999961037925179,0.09998992314004464,0.0004306218427537605,0.0,0.0,0.0,-0.04502640120261803
2026-08-24T01:59:32.751613,42.7,0.7670531200625788,0.05987175798178289,0.0,-0.006033107591048469,0.0,0.0,-0.003016549220622438,0.9999954502050494,0.09999999992611892,0.0004293806729623094,0.0,0.0,0.0,-0.045026403790289604
2026-08-24T01:59:32.770987,42.73,0.7700526989588803,0.05986437200887497,0.0,-0.007384055285672099,0.0,0.0,-0.003692019255128385,0.9999931844736841,0.0999157830907052,0.00042765326363182395,0.0,0.0,0.0,-0.04504452050247171
2026-08-24T01:59:32.790952,42.75,0.7720523358624495,0.05985692382055105,0.0,-0.008284837096792064,0.0,0.0,-0.0041424067013436094,0.9999914201965538,0.09984588988295427,0.00042620975103673555,0.0,0.0,0.0,-0.045044521342117075
2026-08-24T01:59:32.809560,42.77,0.7740529039528973,0.05984766497087925,0.0,-0.009185628668909375,0.0,0.0,-0.0045927981877106954,0.9999894530467843,0.09996374803898078,0.00042479249763968527,0.0,0.0,0.0,-0.045058521773407086
2026-08-24T01:59:32.829961,42.79,0.7760532598897849,0.05983660373830628,0.0,-0.010086701473142947,0.0,0.0,-0.005043329356669329,0.9999872823336305,0.10004100844601566,0.00042340018187153134,0.0,0.0,0.0,-0.04507723592166483
2026-08-24T01:59:32.849661,42.81,0.7780533498080562,0.05982374052509028,0.0,-0.010988147251476564,0.0,0.0,-0.005494045986153191,0.999984907615461,0.10006722354432115,0.00042203207399212935,0.0,0.0,0.0,-0.0450772399631283
2026-08-24T01:59:32.871204,42.83,0.7800530591728461,0.05980907682958779,0.0,-0.011889601674433425,0.0,0.0,-0.005944765821750705,0.999982329723543,0.10001980983047808,0.00042068894219138,0.0,0.0,0.0,-0.045086781248039096
2026-08-24T01:59:32.891388,42.85,0.7820525157966303,0.059792612010094164,0.0,-0.012791266463348714,0.0,0.0,-0.006395589630467274,0.9999795480074973,0.09992465516706094,0.00041937163695348316,0.0,0.0,0.0,-0.0450962583192253
2026-08-24T01:59:32.912112,42.86,0.7830528414637553,0.059783391795670805,0.0,-0.013242162361672083,0.0,0.0,-0.006621032804325826,0.9999780807220746,0.09999999984125364,0.0004183598191297204,0.0,0.0,0.0,-0.04509626018420677
2026-08-24T01:59:32.930577,42.89,0.7860527356816389,0.05975425065551899,0.0,-0.014595176761536877,0.0,0.0,-0.007297523609010611,0.9999733727200819,0.1000054326045319,0.0004168078273303507,0.0,0.0,0.0,-0.04511544787162328
2026-08-24T01:59:32.949949,42.91,0.7880527763097831,0.0597323617594075,0.0,-0.015497426864646611,0.0,0.0,-0.007748635890457753,0.9999699788702845,0.10003748228878842,0.0004155608733624648,0.0,0.0,0.0,-0.04512007980703796
2026-08-24T01:59:32.970356,42.93,0.7900523050422019,0.05970867445904878,0.0,-0.01639977828079742,0.0,0.0,-0.00819979724976802,0.9999663810974161,0.09997125913958547,0.0004143372151830229,0.0,0.0,0.0,-0.045135221580249386
2026-08-24T01:59:32.990807,42.95,0.7920523854356515,0.05968317183090309,0.0,-0.017302435793040246,0.0,0.0,-0.008651109982250346,0.9999625784478512,0.10001982740104634,0.0004131359284050315,0.0,0.0,0.0,-0.04514524057637188
2026-08-24T01:59:33.011658,42.97,0.794052868273645,0.059655854376544935,0.0,-0.01820529045936725,0.0,0.0,-0.009102519525480166,0.9999585712109719,0.10015367152820603,0.0004119559936782541,0.0,0.0,0.0,-0.045155292706795906
2026-08-24T01:59:33.031206,42.99,0.7960530577350674,0.0596267335370669,0.0,-0.019108336278033548,0.0,0.0,-0.009554022785545697,0.9999543592827691,0.10023393539393946,0.00041079643968336665,0.0,0.0,0.0,-0.045165515232414
2026-08-24T01:59:33.050574,43.01,0.7980524584479289,0.05959581931299562,0.0,-0.020011593170078612,0.0,0.0,-0.010005629629211102,0.9999499424349816,0.10016185189841305,0.0004096586479386805,0.0,0.0,0.0,-0.04517593196927071
2026-08-24T01:59:33.070445,43.03,0.8000517841991189,0.05956309873644358,0.0,-0.02091506983525138,0.0,0.0,-0.010457344312601112,0.9999453204800389,0.10008052835455844,0.0004085427342563492,0.0,0.0,0.0,-0.05706516791979925
2026-08-24T01:59:33.090691,43.05,0.8020514123878967,0.0595283844678581,0.0,-0.022056351268972655,0.0,0.0,-0.011027952093516478,0.999939190287401,0.10006640717003437,0.0004073778956235857,0.0,0.0,0.0,-0.05706648094952901
2026-08-24T01:59:33.109946,43.07,0.8040505963612545,0.059491335610461944,0.0,-0.023197648474619914,0.0,0.0,-0.011598564168823312,0.9999327343922798,0.09997182188642632,0.00040616448008394226,0.0,0.0,0.0,-0.057193879902883424
2026-08-24T01:59:33.131432,43.09,0.8060501594813475,0.05945199227327339,0.0,-0.02434150620876041,0.0,0.0,-0.012170452636612572,0.9999259372986681,0.0999618200965394,0.0004049737129931919,0.0,0.0,0.0,-0.05720569431760463
2026-08-24T01:59:33.150605,43.11,0.8080499387657876,0.05941035304928074,0.0,-0.025485598462163146,0.0,0.0,-0.012742454373525973,0.9999188116324937,0.100004340393371,0.0004038039309778842,0.0,0.0,0.0,-0.05721733545244631
2026-08-24T01:59:33.171921,43.13,0.8100493132250012,0.05936643332772829,0.0,-0.026629926457093053,0.0,0.0,-0.013314569800955151,0.9999113571867336,0.0999756717258569,0.0004026559030424126,0.0,0.0,0.0,-0.05722804280319183
2026-08-24T01:59:33.191037,43.15,0.8120489556071312,0.05932021555864879,0.0,-0.027774472886305634,0.0,0.0,-0.013886790076181927,0.9999035738816919,0.10001093373598588,0.00040152945666510495,0.0,0.0,0.0,-0.05724979051606379
2026-08-24T01:59:33.212308,43.17,0.8140488320900771,0.05927169899594499,0.0,-0.02891945007536556,0.0,0.0,-0.014459221160940037,0.9998954599974035,0.1001038922164333,0.0004004233570671015,0.0,0.0,0.0,-0.05724979481326344
2026-08-24T01:59:33.230608,43.19,0.816047641443074,0.059220920419687434,0.0,-0.03006442861691827,0.0,0.0,-0.015031648182956985,0.9998870183940303,0.09999472217452267,0.0003993379190541675,0.0,0.0,0.0,-0.05726086632628013
2026-08-24T01:59:33.252214,43.21,0.8180470801340212,0.05916783123878104,0.0,-0.031209636872362886,0.0,0.0,-0.015604185121404001,0.9998782472914874,0.1000233815966387,0.0003982736007151016,0.0,0.0,0.0,-0.057272028033220485
2026-08-24T01:59:33.271238,43.23,0.8200463627100233,0.05911245353900129,0.0,-0.03235506824269186,0.0,0.0,-0.01617682848646596,0.9998691465487469,0.10003324191019021,0.0003972291860775916,0.0,0.0,0.0,-0.05728311751242332
2026-08-24T01:59:33.293138,43.25,0.8220457106448638,0.05905477988535065,0.0,-0.033500719474103054,0.0,0.0,-0.016749576460595363,0.9998597160043956,0.10006914835121081,0.0003962041948359859,0.0,0.0,0.0,-0.05729452072754086
2026-08-24T01:59:33.310939,43.27,0.8240445137360807,0.058994830164914566,0.0,-0.03464660025040089,0.0,0.0,-0.017322433693922484,0.9998499553887672,0.10000952100862723,0.000395198674217515,0.0,0.0,0.0,-0.057294522970485734
2026-08-24T01:59:33.329838,43.29,0.8260433278849191,0.0589325861312044,0.0,-0.03579271940538131,0.0,0.0,-0.01789540441123071,0.9998398644287787,0.09996612565690385,0.00039421294344844097,0.0,0.0,0.0,-0.05731767143587514
2026-08-24T01:59:33.353051,43.32,0.8290418946354311,0.05883477977402659,0.0,-0.03751236692804083,0.0,0.0,-0.018755083763255992,0.9998241079475095,0.10000000005747013,0.0003926231731299889,0.0,0.0,0.0,-0.05732930140944154
2026-08-24T01:59:33.369916,43.33,0.8300414626511091,0.05880119338213494,0.0,-0.038085660224940185,0.0,0.0,-0.019041679218395658,0.999818690789757,0.10002488452156517,0.00039229788873213904,0.0,0.0,0.0,-0.05734107647906879
2026-08-24T01:59:33.390116,43.35,0.8320405634514464,0.0587320507634461,0.0,-0.039232476028100205,0.0,0.0,-0.019614979994005334,0.9998076077725327,0.1000841126225166,0.0003913671523331538,0.0,0.0,0.0,-0.05736522069388954
2026-08-24T01:59:33.410217,43.37,0.8340394652949005,0.05866061814562443,0.0,-0.0403797708967586,0.0,0.0,-0.020188513804206918,0.9997961911861724,0.10011966967337144,0.0003904538541156346,0.0,0.0,0.0,-0.0573652254726058
2026-08-24T01:59:33.430597,43.39,0.8360374484867017,0.058586924744652887,0.0,-0.041527069697521846,0.0,0.0,-0.020762042936575246,0.9997844455546905,0.09998802526400148,0.00038955856266675105,0.0,0.0,0.0,-0.057377541110154306
2026-08-24T01:59:33.451339,43.41,0.838035983770333,0.05851091140485033,0.0,-0.04267462326992134,0.0,0.0,-0.02133569259352406,0.9997723682026597,0.09998409285722289,0.00038868152948667433,0.0,0.0,0.0,-0.057389826215027556
2026-08-24T01:59:33.470492,43.43,0.8400343649014032,0.05843260591755259,0.0,-0.0438224252443753,0.0,0.0,-0.02190945939755468,0.9997599589846089,0.09996704056660088,0.00038782184151400735,0.0,0.0,0.0,-0.05740211226742442
2026-08-24T01:59:33.489958,43.45,0.8420324154140946,0.0583520158403231,0.0,-0.04497047871700666,0.0,0.0,-0.022483344702736337,0.9997472176560322,0.09990207056774761,0.0003869795405746255,0.0,0.0,0.0,-0.05741472645632005
2026-08-24T01:59:33.510275,43.47,0.8440305480853352,0.05826912267326478,0.0,-0.046118789050273445,0.0,0.0,-0.023057350995679543,0.9997341439428095,0.09987234831574922,0.00038615424356809125,0.0,0.0,0.0,-0.05744024945024289
2026-08-24T01:59:33.529520,43.49,0.8460296279950678,0.05818388466842673,0.0,-0.04726760193616687,0.0,0.0,-0.023631600893812697,0.9997207347250509,0.10005161728508506,0.0003853443737754656,0.0,0.0,0.0,-0.05744025450550317
2026-08-24T01:59:33.550549,43.51,0.8480279767816922,0.05809637785878608,0.0,-0.04841640098187039,0.0,0.0,-0.02420583607680308,0.999706995824188,0.10010438927746333,0.00038454916511519624,0.0,0.0,0.0,-0.05745324182400175
2026-08-24T01:59:33.570690,43.53,0.8500262333644901,0.05800657301738124,0.0,-0.049565454850139634,0.0,0.0,-0.024780190645603814,0.9996929239279267,0.10015911149763046,0.00038376932876123997,0.0,0.0,0.0,-0.057479999634409196
2026-08-24T01:59:33.592485,43.55,0.8520235073420472,0.05791451398252961,0.0,-0.05071504450935739,0.0,0.0,-0.02535480484428061,0.999678515259435,0.10003801609665763,0.0003830050086634249,0.0,0.0,0.0,-0.05749358908321344
2026-08-24T01:59:33.612566,43.57,0.854021495600259,0.05782011572106455,0.0,-0.05186491195646559,0.0,0.0,-0.025929549513252124,0.9996637727066235,0.1000814344700526,0.0003822564927108086,0.0,0.0,0.0,-0.057493591766289355
2026-08-24T01:59:33.629980,43.59,0.8560194589141058,0.057723413903757355,0.0,-0.053014772239650565,0.0,0.0,-0.02650428203053948,0.9996486998111115,0.10014187836896739,0.0003815223934274006,0.0,0.0,0.0,-0.05750688913091454
2026-08-24T01:59:33.650425,43.61,0.8580161268003882,0.05762447623847562,0.0,-0.05416491006864411,0.0,0.0,-0.02707914450899349,0.9996332927292193,0.09996542134435621,0.00038080432527882015,0.0,0.0,0.0,-0.05752060322727865
2026-08-24T01:59:33.671082,43.63,0.8600140406667163,0.05752316693998753,0.0,-0.05531532093181913,0.0,0.0,-0.02765413449713961,0.9996175512890988,0.10006159878747407,0.0003801007040763143,0.0,0.0,0.0,-0.05753466048149981
2026-08-24T01:59:33.689706,43.65,0.8620112360653595,0.0574195906323844,0.0,-0.05646601104260851,0.0,0.0,-0.028229254903767313,0.9996014751727701,0.10003749316138678,0.00037941123035477433,0.0,0.0,0.0,-0.05754848392066424
2026-08-24T01:59:33.711833,43.67,0.8640087845437632,0.05731368762845606,0.0,-0.057616971596055944,0.0,0.0,-0.028804501131113883,0.9995850642714644,0.10010827704373705,0.0003787352678918674,0.0,0.0,0.0,-0.05756292456847528
2026-08-24T01:59:33.730565,43.69,0.8660054407144665,0.05720552826314283,0.0,-0.058768220425482895,0.0,0.0,-0.02937988189482494,0.9995683180952897,0.10002500594145602,0.00037807312891053344,0.0,0.0,0.0,-0.05757733160065561
2026-08-24T01:59:33.752134,43.71,0.8680027624196879,0.05709502204685173,0.0,-0.059919757614546036,0.0,0.0,-0.029955397038820088,0.9995512363997389,0.10010030409372171,0.0003774246603624892,0.0,0.0,0.0,-0.05759207506741973
2026-08-24T01:59:33.772362,43.73,0.8699991922914411,0.05698225996636112,0.0,-0.06107159212657233,0.0,0.0,-0.030531050844496303,0.9995338188047119,0.1000226969214119,0.0003767898597749314,0.0,0.0,0.0,-0.05760672895298981
2026-08-24T01:59:33.795288,43.75,0.8719957695201297,0.05686717991629433,0.0,-0.062223722202803255,0.0,0.0,-0.031106842234198667,0.9995160650866082,0.10000092479763735,0.00037616851030033467,0.0,0.0,0.0,-0.05762182859803281
2026-08-24T01:59:33.810401,43.77,0.8739920557944431,0.05674980788254053,0.0,-0.06337615829021592,0.0,0.0,-0.03168277622984543,0.9994979748305494,0.09994770216968929,0.0003755605449509902,0.0,0.0,0.0,-0.057621831585052935
2026-08-24T01:59:33.830151,43.79,0.8759889488461623,0.05663008652390573,0.0,-0.06452874189065527,0.0,0.0,-0.0322587734240748,0.9994795503346601,0.10004347252911579,0.0003749651865385402,0.0,0.0,0.0,-0.057652133303095224
2026-08-24T01:59:33.850808,43.81,0.8779851643713353,0.05650809621835148,0.0,-0.06568177457346724,0.0,0.0,-0.03283498432488251,0.9994607865266074,0.10003140415684213,0.0003743816307680847,0.0,0.0,0.0,-0.05768350804769704
2026-08-24T01:59:33.871066,43.82,0.8789830880036383,0.05644628733035031,0.0,-0.0662586021767857,0.0,0.0,-0.03312324124028925,0.9994512748952485,0.1000000001012005,0.0003741429715570784,0.0,0.0,0.0,-0.05768351427757645
2026-08-24T01:59:33.890777,43.85,0.8819764989216995,0.05625724907117285,0.0,-0.06798942798812034,0.0,0.0,-0.03398816676055384,0.9994222353541354,0.09987347712353602,0.0003732526055699677,0.0,0.0,0.0,-0.05770731382617189
2026-08-24T01:59:33.911631,43.87,0.8839724762791027,0.056128333253528215,0.0,-0.06914357812581648,0.0,0.0,-0.03456490272452315,0.9994024552199401,0.09990075339515726,0.0003727067182029772,0.0,0.0,0.0,-0.05770731538758013
2026-08-24T01:59:33.929717,43.89,0.8859690259055263,0.05599706178121698,0.0,-0.07029771822757257,0.0,0.0,-0.035141622162969094,0.9993823424454502,0.10007288064870375,0.00037217173820856147,0.0,0.0,0.0,-0.05773109078581402
2026-08-24T01:59:33.950900,43.91,0.8879646801159842,0.055863536001863626,0.0,-0.07145232063176635,0.0,0.0,-0.03571856090262883,0.9993618886104498,0.10009615706830245,0.0003716470628300136,0.0,0.0,0.0,-0.057764628948472604
2026-08-24T01:59:33.972672,43.93,0.8899595047252344,0.05572775251271432,0.0,-0.07260759943297179,0.0,0.0,-0.03629582571379094,0.9993410894363116,0.09998429508435708,0.0003711339692222611,0.0,0.0,0.0,-0.09301326689122506
2026-08-24T01:59:33.992018,43.95,0.8919540416008497,0.05558914103394292,0.0,-0.07446791396198282,0.0,0.0,-0.037225354252372216,0.999306896304026,0.09985385201542973,0.0003704264498980493,0.0,0.0,0.0,-0.0930171592033075
2026-08-24T01:59:34.010432,43.97,0.8939489768572477,0.055446590357302414,0.0,-0.07632829068570457,0.0,0.0,-0.03815488165856858,0.9992718373924188,0.09985823217304536,0.00036952750164206933,0.0,0.0,0.0,-0.09347238008411841
2026-08-24T01:59:34.031437,43.99,0.8959441058167198,0.055300284545623364,0.0,-0.07819776743883945,0.0,0.0,-0.03908892258893995,0.999235736015699,0.09995548281866626,0.00036864301289973243,0.0,0.0,0.0,-0.09349415718867708
2026-08-24T01:59:34.051118,44.01,0.8979389751733553,0.05515024285900922,0.0,-0.08006766471937121,0.0,0.0,-0.040023139461147696,0.9991987531555839,0.10005630010813067,0.00036777168572175794,0.0,0.0,0.0,-0.09351642134283095
2026-08-24T01:59:34.069817,44.03,0.8999324785045626,0.054996556289759656,0.0,-0.08193800988716848,0.0,0.0,-0.04095754510369263,0.9991608876948092,0.09994005711341311,0.0003669175252773342,0.0,0.0,0.0,-0.0935337125040413
2026-08-24T01:59:34.093093,44.05,0.901926491469906,0.05483907428413773,0.0,-0.08380869812233493,0.0,0.0,-0.04189208631001364,0.9991221412342909,0.09998449202082657,0.00036607977473279517,0.0,0.0,0.0,-0.09356814634725802
2026-08-24T01:59:34.111976,44.07,0.9039203707231017,0.05467784599604933,0.0,-0.08568007109221787,0.0,0.0,-0.042826932919506414,0.9990825060107439,0.10006196199082941,0.00036525798703718274,0.0,0.0,0.0,-0.09356815039296057
2026-08-24T01:59:34.130126,44.09,0.9059134017451527,0.05451293154482579,0.0,-0.08755144121094416,0.0,0.0,-0.043761740609415616,0.9990419961437228,0.10003046017619228,0.0003644520193282124,0.0,0.0,0.0,-0.09358602997423902
2026-08-24T01:59:34.151897,44.11,0.9079060175990696,0.05434429544084981,0.0,-0.0894231693888443,0.0,0.0,-0.04469668883630405,0.9990006036069601,0.09997829115712516,0.00036366223240963174,0.0,0.0,0.0,-0.09360382306768958
2026-08-24T01:59:34.170109,44.13,0.9098981151398611,0.05417194676859146,0.0,-0.09129525868614242,0.0,0.0,-0.045631778287591906,0.9989583278647374,0.0998861469747805,0.00036288865144130277,0.0,0.0,0.0,-0.09362174834637785
2026-08-24T01:59:34.191645,44.15,0.9118909789212694,0.05399576708210952,0.0,-0.0931677062280767,0.0,0.0,-0.046567006685251454,0.9989151685145119,0.10001342936604758,0.0003621304933295454,0.0,0.0,0.0,-0.09363984817669309
2026-08-24T01:59:34.210668,44.17,0.9138824230717777,0.05381595573216381,0.0,-0.09504051455852337,0.0,0.0,-0.047502374456850883,0.9988711250311328,0.09992255239692446,0.0003613874217426339,0.0,0.0,0.0,-0.09365806669910479
2026-08-24T01:59:34.229870,44.19,0.9158740896806187,0.05363236001265748,0.0,-0.09691368537319667,0.0,0.0,-0.048437881605236745,0.9988261969059468,0.09994475550429632,0.00036065912822863045,0.0,0.0,0.0,-0.09367722628551106
2026-08-24T01:59:34.250253,44.21,0.9178654453957813,0.05344502829591097,0.0,-0.09878723899319387,0.0,0.0,-0.049373537433517495,0.9987803831680421,0.09997433462931697,0.00035994551521601414,0.0,0.0,0.0,-0.09369596401152773
2026-08-24T01:59:34.271754,44.23,0.9198563289039976,0.05325397570106123,0.0,-0.10066116673923055,0.0,0.0,-0.05030933676015419,0.9987336835386866,0.09998029109032236,0.00035924632232306117,0.0,0.0,0.0,-0.09371532808666973
2026-08-24T01:59:34.290653,44.25,0.9218461982197109,0.05305925734560363,0.0,-0.10253548264309623,0.0,0.0,-0.051245285744076635,0.9986860971741861,0.09985507419449766,0.00035856146291896393,0.0,0.0,0.0,-0.09373498237614665
2026-08-24T01:59:34.311272,44.27,0.9238370441988603,0.052860669369367806,0.0,-0.10441019046033254,0.0,0.0,-0.05218138541077964,0.9986376234734057,0.10000034231826611,0.00035789050413487494,0.0,0.0,0.0,-0.09377455169276219
2026-08-24T01:59:34.329798,44.29,0.9258270055605181,0.052658399796548856,0.0,-0.1062856792664304,0.0,0.0,-0.05311782917238767,0.9985882515952273,0.10004335109077905,0.00035723220443626753,0.0,0.0,0.0,-0.09377455949783595
2026-08-24T01:59:34.351277,44.31,0.9278162081323406,0.05245243683720799,0.0,-0.10816117115012558,0.0,0.0,-0.05405422776061128,0.9985380015108107,0.10001078361845005,0.00035658776121145146,0.0,0.0,0.0,-0.09379543755389105
2026-08-24T01:59:34.372024,44.33,0.9298054005412593,0.052242700471582984,0.0,-0.11003707063204174,0.0,0.0,-0.05499078230604533,0.9984868621375892,0.10005462605936247,0.00035595580482382914,0.0,0.0,0.0,-0.0938160125925663
2026-08-24T01:59:34.390233,44.35,0.9317942928997877,0.05202921985272969,0.0,-0.11191338061537734,0.0,0.0,-0.05592749340281705,0.9984348328667615,0.10011801831317564,0.00035533686799674993,0.0,0.0,0.0,-0.09383691534827444
2026-08-24T01:59:34.410575,44.37,0.9337821602311936,0.0518120757148625,0.0,-0.11379010366171108,0.0,0.0,-0.05686436147317413,0.9983819130945072,0.10005647801982717,0.0003547303498456759,0.0,0.0,0.0,-0.09385838041496466
2026-08-24T01:59:34.430330,44.39,0.9357697448445262,0.051591185162243,0.0,-0.11566725806603229,0.0,0.0,-0.05780139479159558,0.9983281017582076,0.1000207993503167,0.0003541367160775741,0.0,0.0,0.0,-0.09390197899859644
2026-08-24T01:59:34.450152,44.41,0.9377569760576288,0.05136655449447555,0.0,-0.11754528696912693,0.0,0.0,-0.05873881368563304,0.9982733852842138,0.09999820324219803,0.0003535556662198558,0.0,0.0,0.0,-0.09390198761200816
2026-08-24T01:59:34.470820,44.43,0.9397440452562398,0.05113815930570593,0.0,-0.11942331483235692,0.0,0.0,-0.05967618026782889,0.9982177886156115,0.10002868502821206,0.00035298677374051286,0.0,0.0,0.0,-0.09392414605858165
2026-08-24T01:59:34.490828,44.45,0.941730689384537,0.05090602974767709,0.0,-0.12130178204593278,0.0,0.0,-0.06061371350198324,0.9981612984560659,0.10006070154135335,0.0003524296977891696,0.0,0.0,0.0,-0.09394636235596021
2026-08-24T01:59:34.512967,44.47,0.9437171527953386,0.05067013470582885,0.0,-0.12318068887200753,0.0,0.0,-0.06155141265464148,0.9981039142294844,0.10014492910751308,0.00035188402228435796,0.0,0.0,0.0,-0.09396942313719663
2026-08-24T01:59:34.530324,44.49,0.9457023192287684,0.05043061101062261,0.0,-0.12506005084758653,0.0,0.0,-0.06248928461369593,0.9980456348827285,0.10005785772302497,0.00035134941326599563,0.0,0.0,0.0,-0.09399284609549377
2026-08-24T01:59:34.550761,44.51,0.9476876656494739,0.05018727545695859,0.0,-0.1269398853125483,0.0,0.0,-0.06342733716369854,0.9979864592770398,0.10009855789931923,0.00035082664501547104,0.0,0.0,0.0,-0.0940168233000064
2026-08-24T01:59:34.570809,44.53,0.9496720980883057,0.04994026407810688,0.0,-0.12882019750049167,0.0,0.0,-0.06436557204536546,0.9979263866314353,0.10004796389791941,0.0003503149542116314,0.0,0.0,0.0,-0.09404056384889911
2026-08-24T01:59:34.591126,44.55,0.951656306533256,0.049689488420882395,0.0,-0.13070098857480783,0.0,0.0,-0.06530398896680378,0.9978654162887015,0.10004661783789702,0.0003498147195665253,0.0,0.0,0.0,-0.0940651290793072
2026-08-24T01:59:34.611419,44.57,0.9536397928265803,0.0494350120304772,0.0,-0.13258227151020296,0.0,0.0,-0.06624259352743746,0.9978035471989257,0.09999549577358953,0.00034932541013500034,0.0,0.0,0.0,-0.09408974624981631
2026-08-24T01:59:34.631685,44.59,0.9556230499241235,0.0491767690685818,0.0,-0.13446405280999985,0.0,0.0,-0.06718138809545188,0.9977407785059045,0.09999548029288767,0.0003488473647479242,0.0,0.0,0.0,-0.09411493448197014
2026-08-24T01:59:34.651385,44.61,0.957605428296293,0.048914845523944116,0.0,-0.13634633850364652,0.0,0.0,-0.06812037480055406,0.9976771093580488,0.09991694836952349,0.00034837987637145084,0.0,0.0,0.0,-0.09414033851017387
2026-08-24T01:59:34.670436,44.63,0.9595879531447179,0.04864910092877222,0.0,-0.13822913122052904,0.0,0.0,-0.06905955407441944,0.997612539010533,0.09996827336553629,0.0003479225972915915,0.0,0.0,0.0,-0.09416633893216383
2026-08-24T01:59:34.689948,44.65,0.9615700169107186,0.04837961560417668,0.0,-0.1401124411101682,0.0,0.0,-0.0699989300979262,0.997547066451075,0.10002830581754742,0.000347475173975824,0.0,0.0,0.0,-0.09419246630259281
2026-08-24T01:59:34.711520,44.67,0.9635512465870807,0.048106441167868115,0.0,-0.14199626444881377,0.0,0.0,-0.07093850013014101,0.9974806911410796,0.10002315342211754,0.00034703682143648096,0.0,0.0,0.0,-0.09424703915204566
2026-08-24T01:59:34.729813,44.69,0.9655323426188491,0.0478294771385411,0.0,-0.14388118119673618,0.0,0.0,-0.07187855251643228,0.9974133915724926,0.10009575936382387,0.0003466082615634465,0.0,0.0,0.0,-0.09424704996138968
2026-08-24T01:59:34.751066,44.71,0.9675122833866221,0.047548868727138045,0.0,-0.1457660903498068,0.0,0.0,-0.07281853727085613,0.997345206350205,0.10004116683250512,0.00034618855268607127,0.0,0.0,0.0,-0.09430284604092293
2026-08-24T01:59:34.769695,44.73,0.9694922491245116,0.047264444550672614,0.0,-0.14765211598842232,0.0,0.0,-0.07375901406854096,0.9972760940901154,0.10009932143801945,0.0003457783084986777,0.0,0.0,0.0,-0.09430285709637039
2026-08-24T01:59:34.792621,44.75,0.9714712379627387,0.04697634962563595,0.0,-0.14953813989842057,0.0,0.0,-0.07469942441242403,0.9972060950437741,0.10006918325359032,0.0003453771112081,0.0,0.0,0.0,-0.10070062063229791
2026-08-24T01:59:34.811924,44.77,0.9734494120970569,0.04668446468055511,0.0,-0.15155213320411498,0.0,0.0,-0.07570356956843458,0.9971303673816163,0.09998775459027388,0.00034494821143187486,0.0,0.0,0.0,-0.11356728481695949
2026-08-24T01:59:34.830103,44.79,0.9754277041640097,0.046388257574940576,0.0,-0.15382347984453307,0.0,0.0,-0.07683593486053605,0.9970437498495778,0.10005675278745466,0.00034441665687584636,0.0,0.0,0.0,-0.12654860227250142
2026-08-24T01:59:34.850936,44.81,0.9774052517682786,0.04608730209393258,0.0,-0.15635446232975794,0.0,0.0,-0.07809762313255623,0.9969457163060811,0.1001202718597033,0.0003437448823565127,0.0,0.0,0.0,-0.1395165564556059
2026-08-24T01:59:34.872174,44.83,0.9793813184788299,0.04578118911393682,0.0,-0.15914481495966018,0.0,0.0,-0.0794884617228373,0.9968357861016713,0.10004757979892215,0.00034293468974685683,0.0,0.0,0.0,-0.15894581002912503
2026-08-24T01:59:34.892596,44.85,0.9813565883525234,0.04546918949572526,0.0,-0.16232378312228593,0.0,0.0,-0.08107281525717798,0.9967081812778881,0.09999938074698173,0.0003419515626942829,0.0,0.0,0.0,-0.15894795542153645
2026-08-24T01:59:34.911304,44.87,0.9833313982413576,0.04515072218252382,0.0,-0.165502778691061,0.0,0.0,-0.0826569776205493,0.9965780571789828,0.10006416994559279,0.0003408730945377522,0.0,0.0,0.0,-0.15930153431689087
2026-08-24T01:59:34.930095,44.89,0.9853045644116176,0.04482607557620938,0.0,-0.168688847259725,0.0,0.0,-0.08424445507947435,0.9964451172986711,0.1000031969139203,0.00033981304953396895,0.0,0.0,0.0,-0.15933580049055204
2026-08-24T01:59:34.950599,44.91,0.9872768146178855,0.044495119197974546,0.0,-0.17187560058372764,0.0,0.0,-0.08583205986055574,0.9963096192951737,0.0999683745615304,0.00033877083157420946,0.0,0.0,0.0,-0.15937158386942105
2026-08-24T01:59:34.970124,44.93,0.9892494245339032,0.04415762831932662,0.0,-0.17506305560341096,0.0,0.0,-0.08741979623167404,0.9961715611413591,0.100222828722241,0.00033774672033114325,0.0,0.0,0.0,-0.15940161118572482
2026-08-24T01:59:34.989795,44.95,0.9912193836271694,0.043814124798379595,0.0,-0.17825110281652545,0.0,0.0,-0.08900760548090468,0.9960309463899982,0.10015953991391466,0.0003367409928997134,0.0,0.0,0.0,-0.15943228306810797
2026-08-24T01:59:35.010255,44.97,0.9931882249680265,0.043464343997380056,0.0,-0.18143976758233915,0.0,0.0,-0.09059549607635181,0.995887772839229,0.10009372380954298,0.00033575459767439555,0.0,0.0,0.0,-0.15946545787328387
2026-08-24T01:59:35.030454,44.99,0.9951565203158246,0.043108178762759713,0.0,-0.18462909323789314,0.0,0.0,-0.09218348542539478,0.9957420373845959,0.10014578629777181,0.00033478657903661705,0.0,0.0,0.0,-0.15949702510868993
2026-08-24T01:59:35.052026,45.01,0.9971225085485833,0.04274595367315824,0.0,-0.1878190558557242,0.0,0.0,-0.09377155743436871,0.9955937399443273,0.09996163865448394,0.0003338373613332903,0.0,0.0,0.0,-0.1595293993181403
2026-08-24T01:59:35.070215,45.03,0.9990885949581576,0.04237721767124424,0.0,-0.19100966755655027,0.0,0.0,-0.09535971395432541,0.995442878800461,0.10003479608145244,0.00033290645208453767,0.0,0.0,0.0,-0.1595629802900748
2026-08-24T01:59:35.090232,45.05,1.001052489862612,0.04200240326611743,0.0,-0.1942009547785753,0.0,0.0,-0.09694796395335677,0.9952894515091067,0.09990329352748813,0.00033199371250319115,0.0,0.0,0.0,-0.1595954964523006
2026-08-24T01:59:35.110999,45.07,1.003015529130921,0.04162125398085701,0.0,-0.1973928956487345,0.0,0.0,-0.09853629234887995,0.9951334579292046,0.09984325891377141,0.00033109881463243084,0.0,0.0,0.0,-0.1596305351335689
2026-08-24T01:59:35.129934,45.09,1.0048969395589804,0.041250053346898456,0.0,-0.2005863476589318,0.0,0.0,-0.10012512153373276,0.9949748539726294,0.08337915922029925,0.00033030031852231254,0.0,0.0,0.0,-0.036881295034555395
2026-08-24T01:59:35.150827,45.11,1.0054767798282174,0.041136632677948454,0.0,-0.20143048428185223,0.0,0.0,-0.10054505995959846,0.9949325057096691,0.011542796230531331,0.0003269733089215205,0.0,0.0,0.0,-0.014344206379666595
2026-08-24T01:59:35.170915,45.13,1.0056967663738785,0.041093146167488485,0.0,-0.20170409084074956,0.0,0.0,-0.10068116904792776,0.994918741505628,-0.0006089957716325866,0.0003190498257816844,0.0,0.0,0.0,-0.0042741731659542495
2026-08-24T01:59:35.190796,45.15,1.005776433964389,0.04107722506505123,0.0,-0.20177225857169967,0.0,0.0,-0.10071507966598417,0.9949153093243035,-0.001460505787522323,0.0003097204102726399,0.0,0.0,0.0,-0.0012562336032461469
2026-08-24T01:59:35.213228,45.17,1.0058047370075531,0.04107147769195461,0.0,-0.20177985090455278,0.0,0.0,-0.10071885652935297,0.9949149269859306,-0.0008143556524378404,0.00030020652709769505,0.0,0.0,0.0,-0.00035014144425984527
2026-08-24T01:59:35.229743,45.19,1.0058140734672574,0.04106951402487811,0.0,-0.20177010415008922,0.0,0.0,-0.10071400793240425,0.9949154178150983,-0.00044523106527606584,0.00029085994191959725,0.0,0.0,0.0,-7.814783395382937e-05
2026-08-24T01:59:35.250689,45.21,1.0058175270767384,0.04106872725877965,0.0,-0.20175585359454254,0.0,0.0,-0.10070691888113478,0.9949161354051248,-0.00019867952638436676,0.0002817654767392981,0.0,0.0,0.0,-2.6201852369630554e-06
2026-08-24T01:59:35.272114,45.23,1.0058188695299557,0.04106836638758627,0.0,-0.2017410263915727,0.0,0.0,-0.10069954296662853,0.9949168819787471,-5.967446955852029e-05,0.0002729374599578062,0.0,0.0,0.0,-7.859026084641166e-07
2026-08-24T01:59:35.290604,45.25,1.0058193447513268,0.04106818297009016,0.0,-0.20172704930466967,0.0,0.0,-0.10069258994430919,0.9949175856975829,-7.532741116910932e-07,0.0002643699818397079,0.0,0.0,0.0,-2.3579804337214957e-07
2026-08-24T01:59:35.312316,45.27,1.0058192571782276,0.04106811642328766,0.0,-0.20171389419367716,0.0,0.0,-0.1006860458164969,0.9949182479871591,-2.770528853230623e-05,0.0002560521691049124,0.0,0.0,0.0,-7.074637072057851e-08
2026-08-24T01:59:35.330102,45.29,1.0058195624896613,0.041067971727109256,0.0,-0.2017015111858091,0.0,0.0,-0.10067988577432063,0.994918871366138,3.418324903409498e-05,0.00024797204687314583,0.0,0.0,0.0,-2.1227353736641954e-08
2026-08-24T01:59:35.350996,45.31,1.0058193882628643,0.04106792734176495,0.0,-0.20168986997937924,0.0,0.0,-0.10067409474463387,0.9949194573669511,7.062274764344545e-07,0.00024011969730253528,0.0,0.0,0.0,-6.368623004076296e-09
2026-08-24T01:59:35.371252,45.33,1.0058195010186142,0.041067826464134864,0.0,-0.20167891798028673,0.0,0.0,-0.10066864656462736,0.9949200086433312,2.6510516793962688e-05,0.0002324840483175477,0.0,0.0,0.0,-1.910671676436662e-09
2026-08-24T01:59:35.389785,45.35,1.0058197203635943,0.0410677059048906,0.0,-0.20166862003202723,0.0,0.0,-0.10066352374590727,0.9949205269703993,7.422376247306748e-05,0.00022505583528002277,0.0,0.0,0.0,-5.731939898524557e-10
2026-08-24T01:59:35.411840,45.37,1.0058189866904863,0.04106778221004167,0.0,-0.20165894805052534,0.0,0.0,-0.10065871231826382,0.9949210137666351,-7.261984762665616e-05,0.00021782671625957407,0.0,0.0,0.0,-1.7195470820857573e-10
2026-08-24T01:59:35.430213,45.39,1.0058196294999477,0.04106757903329258,0.0,-0.20164983952900964,0.0,0.0,-0.10065418118748978,0.9949214721823406,6.14708462931574e-05,0.00021078646077107635,0.0,0.0,0.0,-5.1603740688576053e-11
2026-08-24T01:59:35.450628,45.41,1.0058192262248784,0.041067591576740704,0.0,-0.20164129638323303,0.0,0.0,-0.10064993130698495,0.9949219021249353,-1.8051880738456687e-05,0.00020392958097106026,0.0,0.0,0.0,-1.549886679072608e-11
2026-08-24T01:59:35.470136,45.43,1.0058200994721562,0.04106734495413757,0.0,-0.20163326089227596,0.0,0.0,-0.10064593396319885,0.9949223065027115,0.0001629398688014948,0.00019724698718906881,0.0,0.0,0.0,-4.617168001644892e-12
2026-08-24T01:59:35.490681,45.45,1.0058195553193057,0.04106738979149309,0.0,-0.20162573386912808,0.0,0.0,-0.10064218956087038,0.9949226852778028,5.452041955325569e-05,0.00019073368542913,0.0,0.0,0.0,-1.4210755660615369e-12
2026-08-24T01:59:35.512171,45.47,1.005819800771205,0.04106727487032506,0.0,-0.20161865986735394,0.0,0.0,-0.10063867051782047,0.9949230412430932,0.00010722204406351913,0.00018438149311449732,0.0,0.0,0.0,-4.426807030062299e-13
2026-08-24T01:59:35.530355,45.49,1.005819441201908,0.04106728520202916,0.0,-0.2016120288589281,0.0,0.0,-0.10063537184573253,0.9949233749055608,3.63534013783149e-05,0.0001781853347895744,0.0,0.0,0.0,-9.157001678732673e-14
2026-08-24T01:59:35.550985,45.51,1.0058196048447248,0.04106719011954827,0.0,-0.20160580604981693,0.0,0.0,-0.10063227623612431,0.9949236880180994,7.222941992967232e-05,0.000172138936035191,0.0,0.0,0.0,-4.438491975825108e-14
2026-08-24T01:59:35.570670,45.53,1.0058193487865286,0.041067182293132456,0.0,-0.20159997796987786,0.0,0.0,-0.10062937698830351,0.9949239812603503,2.2370365602448548e-05,0.0001662375068530329,0.0,0.0,0.0,2.3741397088918283e-17
2026-08-24T01:59:35.592143,45.55,1.0058188688345255,0.041067221643956056,0.0,-0.20159451748614465,0.0,0.0,-0.10062666060482074,0.9949242559991802,-7.32497312522257e-05,0.00016047572804549304,0.0,0.0,0.0,2.351464404419729e-17
2026-08-24T01:59:35.610947,45.57,1.005818278537686,0.04106728491425521,0.0,-0.20158940219018096,0.0,0.0,-0.10062411593847617,0.9949245133635014,-0.00019144975996405114,0.00015484879376419865,0.0,0.0,0.0,2.2824215310066388e-17
2026-08-24T01:59:35.630591,45.59,1.005818196490289,0.04106724563982817,0.0,-0.20158460921159843,0.0,0.0,-0.10062173161224536,0.9949247545052607,-0.00020595229717417188,0.00014935210155743366,0.0,0.0,0.0,-1.3649212922202733e-15
2026-08-24T01:59:35.651252,45.61,1.0058185350128748,0.04106712170763533,0.0,-0.20158012834539157,0.0,0.0,-0.10061950254963735,0.9949249799390221,-0.00013465474897053547,0.0001439818720798835,0.0,0.0,0.0,2.21801839320802e-17
2026-08-24T01:59:35.669664,45.63,1.005818569486653,0.04106706116146362,0.0,-0.20157594662440206,0.0,0.0,-0.10061742230008164,0.9949251903181903,-0.0001254742562014268,0.0001387343246717741,0.0,0.0,0.0,2.175092070127919e-17
2026-08-24T01:59:35.691017,45.65,1.005819652261174,0.041066787606650106,0.0,-0.2015720406108379,0.0,0.0,-0.10061547920424539,0.994925386822801,9.765028016741045e-05,0.000133605360442897,0.0,0.0,0.0,2.1331224895452333e-17
2026-08-24T01:59:35.712969,45.67,1.0058193142757959,0.041066805562933295,0.0,-0.20156841234139433,0.0,0.0,-0.10061367427539002,0.9949255693511981,3.070311833514491e-05,0.00012859219053128375,0.0,0.0,0.0,2.09184080098393e-17
2026-08-24T01:59:35.730341,45.69,1.0058192167295519,0.041066775522106636,0.0,-0.20156502825698963,0.0,0.0,-0.10061199081919445,0.9949257395923569,1.2792844845141012e-05,0.00012369058948866174,0.0,0.0,0.0,-1.3672578217098265e-15
2026-08-24T01:59:35.753080,45.71,1.0058189884399322,0.041066773302173495,0.0,-0.20156187804068804,0.0,0.0,-0.10061042370342778,0.9949258980658895,-3.18509083120845e-05,0.00011889753627345508,0.0,0.0,0.0,2.011846815449368e-17
2026-08-24T01:59:35.771058,45.73,1.005819424176171,0.04106663647191851,0.0,-0.2015589453671836,0.0,0.0,-0.10060896480690952,0.9949260455935818,5.901135412490478e-05,0.0001142098860013929,0.0,0.0,0.0,1.9728643557438495e-17
2026-08-24T01:59:35.790257,45.75,1.0058189769031967,0.04106668111838443,0.0,-0.20155622698878164,0.0,0.0,-0.10060761251407965,0.9949261823392813,-3.0419445845393022e-05,0.00010962513121911075,0.0,0.0,0.0,1.9345461998273534e-17
2026-08-24T01:59:35.813440,45.77,1.0058184521818438,0.04106674260451222,0.0,-0.20155370287248076,0.0,0.0,-0.10060635685930203,0.9949263093111463,-0.00013569996503500924,0.00010514022056000085,0.0,0.0,0.0,1.8971213165368703e-17
2026-08-24T01:59:35.829915,45.79,1.0058188037203433,0.04106662603548967,0.0,-0.20155135872492383,0.0,0.0,-0.10060519073219427,0.9949264272285357,-6.214759682828028e-05,0.00010075246186858748,0.0,0.0,0.0,1.860439041265603e-17
2026-08-24T01:59:35.852329,45.81,1.005819214309411,0.04106649837041716,0.0,-0.20154919219313916,0.0,0.0,-0.10060411296227126,0.9949265362101237,2.3419331107280103e-05,9.645968578567459e-05,0.0,0.0,0.0,1.823552725605176e-17
2026-08-24T01:59:35.870233,45.83,1.0058196867281537,0.04106635901714426,0.0,-0.20154719227084028,0.0,0.0,-0.1006031180743382,0.9949266368098307,0.00012156967390754362,9.225948901727192e-05,0.0,0.0,0.0,1.765992342002243e-17
2026-08-24T01:59:35.890341,45.85,1.005819644536005,0.04106632573138006,0.0,-0.20154535123333028,0.0,0.0,-0.10060220222566654,0.9949267294164662,0.0001146347111379171,8.814967094486396e-05,0.0,0.0,0.0,1.754149968587521e-17
2026-08-24T01:59:35.910581,45.87,1.0058190557092421,0.04106640502967604,0.0,-0.201543655288821,0.0,0.0,-0.10060135855536843,0.9949268147239847,-3.921187927097029e-06,8.412792422047518e-05,0.0,0.0,0.0,1.7199775285308397e-17
2026-08-24T01:59:35.929885,45.89,1.005819361126386,0.04106630249275649,0.0,-0.2015420917400301,0.0,0.0,-0.1006005807470286,0.994926893371247,6.003161974382189e-05,8.019208150875333e-05,0.0,0.0,0.0,1.6865837688662838e-17
2026-08-24T01:59:35.951997,45.91,1.005818875869164,0.041066362360451365,0.0,-0.2015406599462386,0.0,0.0,-0.10059986848192835,0.9949269653906354,-3.7452060884229224e-05,7.634040885601793e-05,0.0,0.0,0.0,1.653837660115266e-17
2026-08-24T01:59:35.971930,45.93,1.0058186082751943,0.041066378591607604,0.0,-0.20153934536929707,0.0,0.0,-0.10059921452788302,0.9949270315135542,-9.053677285470934e-05,7.25708297166425e-05,0.0,0.0,0.0,1.621574234059479e-17
2026-08-24T01:59:35.989913,45.95,1.0058188085792743,0.04106630004335153,0.0,-0.20153814186634997,0.0,0.0,-0.10059861582905752,0.9949270920490997,-4.814181021470453e-05,6.888158539198155e-05,0.0,0.0,0.0,-1.3718725622789194e-15
2026-08-24T01:59:36.011675,45.97,1.0058187949712332,0.04106626600176581,0.0,-0.20153704565961356,0.0,0.0,-0.1005980705061521,0.9949271471873904,-4.944546734882728e-05,6.527103159951362e-05,0.0,0.0,0.0,1.559007438691321e-17
2026-08-24T01:59:36.031001,45.99,1.0058184850093974,0.04106629329241981,0.0,-0.2015360487633706,0.0,0.0,-0.10059757458657212,0.9949271973301861,-0.00011127542979670506,6.173746763412035e-05,0.0,0.0,0.0,4.164823466487655e-14
2026-08-24T01:59:36.050051,46.01,1.0058190411399133,0.041066144399392795,0.0,-0.20153514127732028,0.0,0.0,-0.10059712314528543,0.9949272429755315,3.6604441930744163e-06,5.827921032145402e-05,0.0,0.0,0.0,1.4025532369618759e-15
2026-08-24T01:59:36.071365,46.03,1.0058187884796692,0.041066161502783374,0.0,-0.20153432396143955,0.0,0.0,-0.1005967165603591,0.9949272840852615,-4.653376860588201e-05,5.48948787218519e-05,0.0,0.0,0.0,1.4697132670582816e-17
2026-08-24T01:59:36.090385,46.05,1.0058192728840591,0.04106602875464626,0.0,-0.2015335846213815,0.0,0.0,-0.10059634876555423,0.9949273212727847,5.370081849963483e-05,5.158283981045301e-05,0.0,0.0,0.0,1.441037952926834e-17
2026-08-24T01:59:36.110351,46.07,1.005819007646216,0.04106604988690364,0.0,-0.2015329228768845,0.0,0.0,-0.10059601957170886,0.9949273545572703,8.807131840445271e-07,4.834177186218482e-05,0.0,0.0,0.0,1.4129073948743686e-17
2026-08-24T01:59:36.129965,46.09,1.0058188856572612,0.041066042460139465,0.0,-0.20153232897691845,0.0,0.0,-0.10059572412804335,0.9949273844292128,-2.2725691867972856e-05,4.5170197155987936e-05,0.0,0.0,0.0,1.3852502187451848e-17
2026-08-24T01:59:36.150932,46.11,1.0058193616778357,0.04106591355124421,0.0,-0.2015317987524488,0.0,0.0,-0.10059546036061744,0.994927411098335,7.571228502284838e-05,4.206679999170511e-05,0.0,0.0,0.0,1.3582477396538063e-17
2026-08-24T01:59:36.172970,46.13,1.0058192046422536,0.041065914661015446,0.0,-0.201531329884439,0.0,0.0,-0.10059522711579712,0.9949274346813044,4.4896122049628716e-05,3.903033202828142e-05,0.0,0.0,0.0,1.3315978667060167e-17
2026-08-24T01:59:36.190948,46.15,1.0058192154149168,0.04106588215522072,0.0,-0.20153091518616595,0.0,0.0,-0.10059502081845047,0.9949274555396165,4.830851213254411e-05,3.605949329413524e-05,0.0,0.0,0.0,-1.3747163180093242e-15
2026-08-24T01:59:36.212930,46.17,1.0058185779353936,0.04106598274643377,0.0,-0.20153055212172521,0.0,0.0,-0.10059484020705871,0.9949274738008376,-8.063374398695521e-05,3.31531022335934e-05,0.0,0.0,0.0,1.2800624880760384e-17
2026-08-24T01:59:36.231318,46.19,1.00581891131362,0.04106588563137746,0.0,-0.20153023284438915,0.0,0.0,-0.10059468137816069,0.9949274898596512,-1.1419350711800889e-05,3.030992517104561e-05,0.0,0.0,0.0,1.2549730722069391e-17
2026-08-24T01:59:36.252380,46.21,1.0058187847240088,0.04106588312250683,0.0,-0.20152995768879167,0.0,0.0,-0.1005945444982258,0.9949275036992367,-3.612457062156234e-05,2.7528887639148966e-05,0.0,0.0,0.0,1.2303240249359892e-17
2026-08-24T01:59:36.270886,46.23,1.005818225741476,0.04106596957425465,0.0,-0.20152972140522918,0.0,0.0,-0.1005944269557176,0.9949275155836483,-0.00014911911694038112,2.480885656837473e-05,0.0,0.0,0.0,1.2063688652427082e-17
2026-08-24T01:59:36.291167,46.25,1.0058182777724178,0.04106593180428317,0.0,-0.20152951930630048,0.0,0.0,-0.10059432641882457,0.9949275257486562,-0.00013741106151501887,2.214873978504423e-05,0.0,0.0,0.0,1.1828165958470206e-17
2026-08-24T01:59:36.312743,46.27,1.005818860497999,0.0410657862118094,0.0,-0.20152934918208132,0.0,0.0,-0.10059424178818999,0.9949275343054182,-1.7396358533948598e-05,1.9547504246346898e-05,0.0,0.0,0.0,1.1596572565233684e-17
2026-08-24T01:59:36.331816,46.29,1.0058190189368037,0.04106572789195784,0.0,-0.20152920911662525,0.0,0.0,-0.10059417211070029,0.9949275413503049,1.5984338230759872e-05,1.7004141796883285e-05,0.0,0.0,0.0,1.1140516223338992e-17
2026-08-24T01:59:36.351342,46.31,1.0058188382093538,0.04106573944393921,0.0,-0.20152909529369675,0.0,0.0,-0.10059411548791697,0.994927547075265,-1.9892139146896186e-05,1.4517645542959508e-05,0.0,0.0,0.0,1.1146630191490342e-17
2026-08-24T01:59:36.371927,46.33,1.0058187215799868,0.041065738469838825,0.0,-0.20152900434658516,0.0,0.0,-0.10059407024502352,0.9949275516496361,-4.270676385186023e-05,1.2087038585267156e-05,0.0,0.0,0.0,1.0926604156715797e-17
2026-08-24T01:59:36.390116,46.35,1.0058186152621116,0.04106573594878665,0.0,-0.20152893391167348,0.0,0.0,-0.10059403520620636,0.9949275551923027,-6.343891318006633e-05,9.711376259280594e-06,0.0,0.0,0.0,1.0712538962034863e-17
2026-08-24T01:59:36.411565,46.36,1.0058189055520341,0.04106557218247818,0.0,-0.20152888127968807,0.0,0.0,-0.10059400902370003,0.9949275578395342,-1.9091164112960268e-10,8.436882179850588e-06,0.0,0.0,0.0,1.060710581006352e-17
2026-08-24T01:59:36.430649,46.39,1.0058193470249477,0.0410655396055933,0.0,-0.20152884433002252,0.0,0.0,-0.10059399064257975,0.9949275596979915,8.781156064621588e-05,5.121199247701975e-06,0.0,0.0,0.0,1.0297679238777566e-17
2026-08-24T01:59:36.452938,46.41,1.005819224769932,0.04106554196398742,0.0,-0.20152882113224288,0.0,0.0,-0.10059397910252457,0.9949275608647701,6.376069227973614e-05,2.9048977427661167e-06,0.0,0.0,0.0,1.0094320909934955e-17
2026-08-24T01:59:36.470992,46.43,1.0058188467901754,0.04106559709070696,0.0,-0.20152880908025672,0.0,0.0,-0.10059397310709801,0.9949275614709487,-1.2512028668577533e-05,7.399556365304738e-07,0.0,0.0,0.0,9.896285048877345e-18
2026-08-24T01:59:36.490428,46.45,1.0058189192101332,0.041065560714365755,0.0,-0.2015288062756548,0.0,0.0,-0.10059397171191016,0.9949275616120118,3.1353719398925708e-06,-1.374475470734922e-06,0.0,0.0,0.0,9.700828265897625e-18
2026-08-24T01:59:36.509764,46.47,1.0058191151107445,0.0410654996167689,0.0,-0.2015288109445348,0.0,0.0,-0.10059397403450883,0.9949275613771812,4.396836743701042e-05,-3.4392273220046695e-06,0.0,0.0,0.0,-1.3782591919057881e-15
2026-08-24T01:59:36.529753,46.49,1.0058195706657385,0.04106538596901061,0.0,-0.20152882132512714,0.0,0.0,-0.10059397919847755,0.9949275608550686,0.00013778476651484184,-5.455116229867875e-06,0.0,0.0,0.0,9.324782405995621e-18
2026-08-24T01:59:36.551504,46.51,1.0058195944825352,0.04106536101593261,0.0,-0.2015288356134879,0.0,0.0,-0.1005939863064195,0.994927560136407,0.00014345031223517038,-7.422943689152292e-06,0.0,0.0,0.0,9.140304627851786e-18
2026-08-24T01:59:36.570268,46.53,1.0058193726019835,0.04106538674099698,0.0,-0.20152885229125725,0.0,0.0,-0.1005939946030057,0.9949275592975654,9.894255891106773e-05,-9.34349564015916e-06,0.0,0.0,0.0,8.961473365303642e-18
2026-08-24T01:59:36.590913,46.55,1.0058188098366845,0.0410654825833612,0.0,-0.20152887017186902,0.0,0.0,-0.10059400349796235,0.9949275583982242,-1.5169138364644601e-05,-1.1217543522108518e-05,0.0,0.0,0.0,8.785580888694748e-18
2026-08-24T01:59:36.611660,46.57,1.0058188837554962,0.041065448815816696,0.0,-0.2015288883927116,0.0,0.0,-0.10059401256217157,0.9949275574817704,6.676327529091497e-07,-1.3045845537478388e-05,0.0,0.0,0.0,8.611936032236712e-18
2026-08-24T01:59:36.630339,46.59,1.0058191487520804,0.04106537646909452,0.0,-0.20152890514211788,0.0,0.0,-0.10059402089439452,0.9949275566393254,5.549046383384391e-05,-1.4829149676732732e-05,0.0,0.0,0.0,8.443451193746297e-18
2026-08-24T01:59:36.652686,46.61,1.0058195863339572,0.0410652693137691,0.0,-0.2015289191019152,0.0,0.0,-0.10059402783888803,0.9949275559371893,0.0001455250620442278,-1.6568190008114787e-05,0.0,0.0,0.0,8.276815721814718e-18
2026-08-24T01:59:36.669702,46.63,1.0058189212038349,0.041065387888635674,0.0,-0.20152892860961247,0.0,0.0,-0.10059403256862305,0.9949275554589806,1.0444252156469611e-05,-1.8263688730262754e-05,0.0,0.0,0.0,8.11288709695686e-18
2026-08-24T01:59:36.690298,46.65,1.005818613227453,0.0410654339325812,0.0,-0.20152893429609137,0.0,0.0,-0.1005940353974403,0.9949275551729676,-5.174709235400872e-05,-1.9916355576798454e-05,0.0,0.0,0.0,7.952709434578218e-18
2026-08-24T01:59:36.710377,46.67,1.005818252521455,0.04106549117856583,0.0,-0.20152893487517562,0.0,0.0,-0.10059403568551378,0.9949275551438415,-0.00012471965589961928,-2.152689163958472e-05,0.0,0.0,0.0,7.795918398663934e-18
2026-08-24T01:59:36.731029,46.69,1.0058187960652838,0.04106536410646753,0.0,-0.2015289297870404,0.0,0.0,-0.1005940331543508,0.9949275553997594,-1.3123776371520908e-05,-2.3095987335723065e-05,0.0,0.0,0.0,7.644608704727222e-18
2026-08-24T01:59:36.751161,46.71,1.0058197525258934,0.04106515308985914,0.0,-0.20152891715301946,0.0,0.0,-0.10059402686938301,0.994927556035213,0.00018274376524059845,-2.4624321506577448e-05,0.0,0.0,0.0,7.493830485325382e-18
2026-08-24T01:59:36.774783,46.73,1.0058192982362155,0.041065230701296286,0.0,-0.20152889399124474,0.0,0.0,-0.10059401534723905,0.994927557200181,9.061713100650832e-05,-2.611255908752118e-05,0.0,0.0,0.0,7.346024904645316e-18
2026-08-24T01:59:36.790124,46.75,1.00581937128454,0.041065200978153305,0.0,-0.20152886394818786,0.0,0.0,-0.10059400040190641,0.9949275587112567,0.00010612125335326309,-2.7561366517650972e-05,0.0,0.0,0.0,7.201089682052949e-18
2026-08-24T01:59:36.811077,46.76,1.0058189055535582,0.04106557218142372,0.0,-0.20152882446180342,0.0,0.0,-0.10059398075886039,0.9949275606973033,4.6139376440534753e-10,-2.7944425446735796e-05,0.0,0.0,0.0,7.128789653259772e-18
2026-08-24T01:59:36.831725,46.8,1.0058189055520677,0.041065572181672755,0.0,-0.20152871629488894,0.0,0.0,-0.10059392694973802,0.994927566137772,-1.0795783720923737e-10,-3.06559736828712e-05,0.0,0.0,0.0,6.919283827546503e-18
2026-08-24T01:59:36.850948,46.81,1.0058185145734908,0.04106533395334031,0.0,-0.20152871609058481,0.0,0.0,-0.10059392684810411,0.9949275661480479,-6.707584106811533e-05,-3.16776557915697e-05,0.0,0.0,0.0,6.7833028012596545e-18
2026-08-24T01:59:36.870857,46.83,1.0058191623682173,0.041065188350054606,0.0,-0.2015286483975381,0.0,0.0,-0.10059389317326495,0.994927569552802,6.568985457438565e-05,-3.297516113866883e-05,0.0,0.0,0.0,6.6487848054922075e-18
2026-08-24T01:59:36.891787,46.85,1.0058191140857258,0.04106518532638223,0.0,-0.20152856789138257,0.0,0.0,-0.10059385312436805,0.994927573602015,5.6349364704058374e-05,-3.4236395065278406e-05,0.0,0.0,0.0,6.518529488801427e-18
2026-08-24T01:59:36.912375,46.87,1.0058195729080444,0.041065079063582595,0.0,-0.20152847682599795,0.0,0.0,-0.1005938078226369,0.994927578182323,0.00015051053881479456,-3.546197609400093e-05,0.0,0.0,0.0,-4.440231004672189e-14
2026-08-24T01:59:36.930094,46.89,1.0058184707937647,0.04106529206024756,0.0,-0.20152837158937054,0.0,0.0,-0.10059375547122533,0.9949275834753981,-7.397814261972675e-05,-3.66524891795874e-05,0.0,0.0,0.0,6.263676676933116e-18
2026-08-24T01:59:36.950905,46.91,1.0058188673739121,0.041065199221997715,0.0,-0.20152825864576762,0.0,0.0,-0.10059369928587221,0.9949275891561071,7.449917340833682e-06,-3.780856022210619e-05,0.0,0.0,0.0,6.1408391783450124e-18
2026-08-24T01:59:36.970208,46.93,1.005819217574193,0.04106511620460398,0.0,-0.201528132542506,0.0,0.0,-0.10059363655406497,0.9949275954987019,7.939550275962474e-05,-3.8930749066337585e-05,0.0,0.0,0.0,6.01954529373753e-18
2026-08-24T01:59:36.991880,46.95,1.0058188181142256,0.04106518668331576,0.0,-0.20152799270629407,0.0,0.0,-0.10059356699061167,0.9949276025320161,-1.701210375497082e-06,-4.001963036875259e-05,0.0,0.0,0.0,5.900479990176043e-18
2026-08-24T01:59:37.012876,46.97,1.005818761934706,0.04106518736274518,0.0,-0.2015278422677862,0.0,0.0,-0.10059349215289941,0.9949276100985863,-1.2736637139889447e-05,-4.107579408152801e-05,0.0,0.0,0.0,5.782446578182857e-18
2026-08-24T01:59:37.031975,46.99,1.0058188488352293,0.04106515913853956,0.0,-0.20152767960483559,0.0,0.0,-0.1005934112339687,0.9949276182800001,5.421635236528863e-06,-4.2099795286032644e-05,0.0,0.0,0.0,5.668687545936843e-18
2026-08-24T01:59:37.051554,47.01,1.005819035722446,0.04106511080912521,0.0,-0.20152750444791903,0.0,0.0,-0.10059332409974142,0.9949276270898122,4.397724034373763e-05,-4.309218948995584e-05,0.0,0.0,0.0,5.556934678630554e-18
2026-08-24T01:59:37.073471,47.03,1.0058187872006665,0.04106515175070063,0.0,-0.2015273157872715,0.0,0.0,-0.10059323024789578,0.9949276365788086,-6.3602569737851474e-06,-4.405351951348987e-05,0.0,0.0,0.0,5.446474380931857e-18
2026-08-24T01:59:37.091826,47.05,1.0058186743308868,0.04106516528934386,0.0,-0.20152711559875813,0.0,0.0,-0.10059313066135306,0.9949276466476082,-2.9019144327302948e-05,-4.4984342369308754e-05,0.0,0.0,0.0,5.3394955243338505e-18
2026-08-24T01:59:37.111467,47.07,1.0058180558623762,0.041065282427417873,0.0,-0.2015269024690447,0.0,0.0,-0.10059302463703038,0.9949276573672952,-0.00015489857264330785,-4.588518378966323e-05,0.0,0.0,0.0,5.234563353646308e-18
2026-08-24T01:59:37.132060,47.09,1.0058189653810858,0.04106508769731661,0.0,-0.20152668102667762,0.0,0.0,-0.10059291447746199,0.9949276685050678,3.111943962034028e-05,-4.675660986547827e-05,0.0,0.0,0.0,5.131521786760748e-18
2026-08-24T01:59:37.150702,47.11,1.0058184078191035,0.04106519298699447,0.0,-0.20152644239540596,0.0,0.0,-0.10059279576703391,0.9949276805073682,-8.23516677248409e-05,-4.7599072641297284e-05,0.0,0.0,0.0,5.0288632591399405e-18
2026-08-24T01:59:37.171050,47.13,1.0058180840820887,0.04106525079547584,0.0,-0.20152619339160127,0.0,0.0,-0.10059267189664421,0.994927693031355,-0.00014810242136151634,-4.841314275443958e-05,0.0,0.0,0.0,4.929669793637006e-18
2026-08-24T01:59:37.191617,47.15,1.0058182952251253,0.04106519961244095,0.0,-0.2015259339381874,0.0,0.0,-0.10059254282795012,0.9949277060809026,-0.00010467930791840339,-4.919932987490866e-05,0.0,0.0,0.0,4.83224265368778e-18
2026-08-24T01:59:37.211136,47.17,1.0058183578923943,0.041065179042265365,0.0,-0.20152566144810447,0.0,0.0,-0.10059240727398261,0.9949277197861286,-9.157622700219766e-05,-4.9958114523642616e-05,0.0,0.0,0.0,4.735909522939383e-18
2026-08-24T01:59:37.230076,47.19,1.005818994024766,0.04106504158809435,0.0,-0.20152537789169633,0.0,0.0,-0.1005922662149163,0.9949277340479294,3.8577765542302646e-05,-5.069001089875696e-05,0.0,0.0,0.0,4.64302413356499e-18
2026-08-24T01:59:37.252817,47.21,1.005819106477343,0.04106501139060223,0.0,-0.20152507985321266,0.0,0.0,-0.10059211795153858,0.9949277490381017,6.182145605529486e-05,-5.139547746614885e-05,0.0,0.0,0.0,4.545022431136342e-18
2026-08-24T01:59:37.272403,47.23,1.0058187607079812,0.04106507507132754,0.0,-0.2015247690072215,0.0,0.0,-0.10059196331688622,0.994927764672418,-8.482158829897755e-06,-5.2075012647687034e-05,0.0,0.0,0.0,4.461419149293962e-18
2026-08-24T01:59:37.290900,47.25,1.0058186751864984,0.04106508584296513,0.0,-0.2015244486053831,0.0,0.0,-0.1005918039285425,0.9949277807873301,-2.5671279701421616e-05,-5.2729125213257944e-05,0.0,0.0,0.0,4.372866718902697e-18
2026-08-24T01:59:37.314494,47.28,1.0058189055531181,0.0410655721809994,0.0,-0.2015237746057421,0.0,0.0,-0.10059146863805325,0.9949278146866936,3.331096544976521e-10,-5.3035575055226734e-05,0.0,0.0,0.0,4.2865963225442535e-18
2026-08-24T01:59:37.330060,47.29,1.005818834640056,0.041065040625488713,0.0,-0.20152377400391197,0.0,0.0,-0.10059146833866449,0.994927814716963,7.383751937942623e-06,-5.3962912121435404e-05,0.0,0.0,0.0,4.201179174765445e-18
2026-08-24T01:59:37.350987,47.31,1.0058188729088553,0.041065026856457236,0.0,-0.20152342092538378,0.0,0.0,-0.10059129269483867,0.9949278324752913,1.5434025622234035e-05,-5.454352220748892e-05,0.0,0.0,0.0,4.118111586605564e-18
2026-08-24T01:59:37.372890,47.33,1.0058183822624853,0.04106512138336819,0.0,-0.20152305604283918,0.0,0.0,-0.10059111117893739,0.9949278508272782,-8.44933353450715e-05,-5.5100535278247844e-05,0.0,0.0,0.0,4.036585904870192e-18
2026-08-24T01:59:37.391171,47.35,1.0058181616488178,0.04106516097894766,0.0,-0.20152268338604795,0.0,0.0,-0.10059092579562545,0.9949278695702413,-0.0001293078486054301,-5.563444088795275e-05,0.0,0.0,0.0,3.956554595345796e-18
2026-08-24T01:59:37.410801,47.37,1.0058183075882792,0.04106512592040099,0.0,-0.2015223023073283,0.0,0.0,-0.10059073622270427,0.9949278887367538,-9.930712606762005e-05,-5.614567355802208e-05,0.0,0.0,0.0,3.8791385010914385e-18
2026-08-24T01:59:37.429973,47.39,1.0058185024082789,0.0410650811029166,0.0,-0.2015219104310111,0.0,0.0,-0.10059054127836389,0.9949279084462983,-5.933770812008262e-05,-5.663464226863386e-05,0.0,0.0,0.0,3.802475199002466e-18
2026-08-24T01:59:37.451054,47.41,1.0058190596046022,0.04106496247654383,0.0,-0.20152150919565506,0.0,0.0,-0.10059034167823508,0.9949279286265191,5.4594760865951054e-05,-5.710179245756372e-05,0.0,0.0,0.0,3.726938618625322e-18
2026-08-24T01:59:37.470322,47.43,1.0058191903849245,0.041064931183368424,0.0,-0.2015210960903224,0.0,0.0,-0.1005901361732165,0.9949279494037012,8.147371137812951e-05,-5.754751930918404e-05,0.0,0.0,0.0,3.652156362321481e-18
2026-08-24T01:59:37.490158,47.45,1.0058188589311687,0.04106499453583239,0.0,-0.20152067260226803,0.0,0.0,-0.10058992550316345,0.9949279707030394,1.3988375242288131e-05,-5.797225690378826e-05,0.0,0.0,0.0,3.580249524128475e-18
2026-08-24T01:59:37.510152,47.47,1.0058189645696125,0.04106496880236595,0.0,-0.2015202428275033,0.0,0.0,-0.10058971170569389,0.9949279923185222,3.571879296480627e-05,-5.837646460557297e-05,0.0,0.0,0.0,3.508571424715876e-18
2026-08-24T01:59:37.529959,47.49,1.0058185997754463,0.04106503938063024,0.0,-0.20151980305458442,0.0,0.0,-0.10058949293449779,0.9949280144368138,-3.8588903987977225e-05,-5.876050501374666e-05,0.0,0.0,0.0,3.439785592315335e-18
2026-08-24T01:59:37.550255,47.51,1.005818802174096,0.04106499428644957,0.0,-0.20151935781772234,0.0,0.0,-0.10058927144518175,0.9949280368298642,2.876960891110997e-06,-5.912483244307771e-05,0.0,0.0,0.0,3.3715384934365673e-18
2026-08-24T01:59:37.570779,47.53,1.0058186264729756,0.041065026632627226,0.0,-0.2015189032461815,0.0,0.0,-0.10058904531219377,0.9949280596923485,-3.284713403618707e-05,-5.9469795682474474e-05,0.0,0.0,0.0,3.3044548519449048e-18
2026-08-24T01:59:37.590275,47.55,1.0058184653224402,0.04106505619923268,0.0,-0.20151844219725049,0.0,0.0,-0.10058881595693192,0.994928082880558,-6.560848618418988e-05,-5.9795818678629736e-05,0.0,0.0,0.0,3.239598073727741e-18
2026-08-24T01:59:37.612784,47.57,1.0058187949049722,0.04106498570256244,0.0,-0.20151797527288814,0.0,0.0,-0.10058858367884886,0.9949281063642152,1.7961159389082553e-06,-6.010329287929806e-05,0.0,0.0,0.0,3.1751435073383236e-18
2026-08-24T01:59:37.629814,47.59,1.005818960755672,0.04106494884072817,0.0,-0.20151749956649168,0.0,0.0,-0.1005883470320139,0.9949281302895034,3.577028568709543e-05,-6.0392561227445594e-05,0.0,0.0,0.0,3.112642744533243e-18
2026-08-24T01:59:37.650426,47.61,1.005818431642894,0.041065054134899165,0.0,-0.20151701539256536,0.0,0.0,-0.10058810617288134,0.9949281546406018,-7.21258280593647e-05,-6.066400060590455e-05,0.0,0.0,0.0,3.050184523937458e-18
2026-08-24T01:59:37.673267,47.63,1.0058186975337629,0.04106499719505704,0.0,-0.20151652886772056,0.0,0.0,-0.10058786414424532,0.9949281791098787,-1.7744219076980493e-05,-6.0918055447296035e-05,0.0,0.0,0.0,2.9910344869299012e-18
2026-08-24T01:59:37.690012,47.65,1.0058187185595928,0.04106499045303143,0.0,-0.20151603431463136,0.0,0.0,-0.10058761812184001,0.9949282039828677,-1.3354496905993553e-05,-6.115501663710328e-05,0.0,0.0,0.0,2.930758985826219e-18
2026-08-24T01:59:37.712646,47.67,1.005818919399035,0.041064947147518974,0.0,-0.20151553477168127,0.0,0.0,-0.1005873696171518,0.9949282291067545,2.7733923276661247e-05,-6.137528041168103e-05,0.0,0.0,0.0,2.8735976192378842e-18
2026-08-24T01:59:37.730379,47.69,1.0058192291655976,0.04106488175663165,0.0,-0.20151502893307519,0.0,0.0,-0.10058711798059428,0.99492825454721,9.1050880902172e-05,-6.157918233171817e-05,0.0,0.0,0.0,2.8155926948806684e-18
2026-08-24T01:59:37.751220,47.71,1.0058193820630883,0.041064848575838,0.0,-0.20151451642833923,0.0,0.0,-0.10058686302786977,0.9949282803228645,0.00012233947563362145,-6.176706489209077e-05,0.0,0.0,0.0,2.7602091010234007e-18
2026-08-24T01:59:37.770520,47.73,1.005819631615917,0.04106479580950327,0.0,-0.2015139989864605,0.0,0.0,-0.10058660561908714,0.994928306346759,0.00017335203853074206,-6.193929272380874e-05,0.0,0.0,0.0,2.705614357115192e-18
2026-08-24T01:59:37.789884,47.75,1.0058193115434089,0.04106485956653366,0.0,-0.201513474821017,0.0,0.0,-0.10058634486556521,0.9949283327087362,0.0001080805774424872,-6.20961793204729e-05,0.0,0.0,0.0,2.6516078133646974e-18
2026-08-24T01:59:37.810510,47.77,1.0058188833166593,0.041064945570144715,0.0,-0.20151294809359221,0.0,0.0,-0.10058608283754246,0.9949283591994948,2.072586301166952e-05,-6.223811064262013e-05,0.0,0.0,0.0,2.59979971702861e-18
2026-08-24T01:59:37.830209,47.79,1.0058191813515742,0.04106488335797411,0.0,-0.20151241982292412,0.0,0.0,-0.10058582004180444,0.9949283857677987,8.161721364827588e-05,-6.236542613965273e-05,0.0,0.0,0.0,2.5476504496871785e-18
2026-08-24T01:59:37.851067,47.81,1.005818865513633,0.04106494669729984,0.0,-0.20151188553819477,0.0,0.0,-0.10058555425427919,0.9949284126384971,1.7192194125604596e-05,-6.247838857764658e-05,0.0,0.0,0.0,2.496796499784505e-18
2026-08-24T01:59:37.871882,47.83,1.0058189801525674,0.04106492223927951,0.0,-0.20151135026979144,0.0,0.0,-0.10058528797740414,0.9949284395585959,4.063518939542058e-05,-6.257738153410907e-05,0.0,0.0,0.0,2.4477561493748458e-18
2026-08-24T01:59:37.892287,47.85,1.0058185184968778,0.041065015648722815,0.0,-0.2015108099773837,0.0,0.0,-0.10058501920125942,0.9949284667312933,-5.3566745629291e-05,-6.266266288138486e-05,0.0,0.0,0.0,2.3994269375740273e-18
2026-08-24T01:59:37.910337,47.87,1.0058187506157685,0.04106496746739997,0.0,-0.20151027038055955,0.0,0.0,-0.10058475077113532,0.9949284938689356,-6.153505400580754e-06,-6.273461612635695e-05,0.0,0.0,0.0,2.352194339317546e-18
2026-08-24T01:59:37.930869,47.89,1.0058193697815694,0.041064840353051725,0.0,-0.2015097269215556,0.0,0.0,-0.10058448041970744,0.994928521200743,0.00012026182424245592,-6.279348254846918e-05,0.0,0.0,0.0,2.3049929971363105e-18
2026-08-24T01:59:37.951330,47.91,1.0058192141658888,0.04106487164383291,0.0,-0.20150917783287037,0.0,0.0,-0.10058420726770687,0.9949285488156057,8.851539163320407e-05,-6.283953727607877e-05,0.0,0.0,0.0,2.2590784890502573e-18
2026-08-24T01:59:37.970379,47.93,1.0058192625846958,0.04106486138115685,0.0,-0.20150862772712366,0.0,0.0,-0.1005839336097469,0.9949285764815432,9.841404040172405e-05,-6.287313577801664e-05,0.0,0.0,0.0,2.2144248921881143e-18
2026-08-24T01:59:37.989897,47.95,1.0058189366993529,0.04106492770604121,0.0,-0.20150807469977797,0.0,0.0,-0.10058365849838817,0.9949286042943382,3.1900889111819674e-05,-6.289454059233329e-05,0.0,0.0,0.0,2.1698191944752163e-18
2026-08-24T01:59:38.010984,47.97,1.0058191089828603,0.04106489238569067,0.0,-0.20150752229374902,0.0,0.0,-0.10058338369610464,0.9949286320758098,6.707433303308741e-05,-6.290408336086744e-05,0.0,0.0,0.0,2.1270863500428437e-18
2026-08-24T01:59:38.029695,47.99,1.0058193342385884,0.04106484636301281,0.0,-0.20150696768490617,0.0,0.0,-0.10058310779799211,0.9949286599679886,0.00011305587321105805,-6.29020052171533e-05,0.0,0.0,0.0,2.084903698575785e-18
2026-08-24T01:59:38.050343,48.01,1.0058184611714514,0.041065024820750966,0.0,-0.20150640910804674,0.0,0.0,-0.10058282992592506,0.9949286880596481,-6.516778627292842e-05,-6.288855731274951e-05,0.0,0.0,0.0,2.043834376448087e-18
2026-08-24T01:59:38.071400,48.03,1.0058183581654792,0.041065046082875756,0.0,-0.20150585494811593,0.0,0.0,-0.10058255425111472,0.9949287159290969,-8.620263412386988e-05,-6.286412341013392e-05,0.0,0.0,0.0,2.0026985433807116e-18
2026-08-24T01:59:38.090068,48.05,1.0058184647907527,0.041065024632002234,0.0,-0.20150530041258732,0.0,0.0,-0.10058227838945015,0.9949287438173586,-6.445043153623227e-05,-6.282890346337588e-05,0.0,0.0,0.0,1.9633574910174125e-18
2026-08-24T01:59:38.110271,48.07,1.0058185836678049,0.04106500078603633,0.0,-0.20150474471808935,0.0,0.0,-0.10058200195123186,0.9949287717638295,-4.020175454497295e-05,-6.278314877522037e-05,0.0,0.0,0.0,1.9238693029714214e-18
2026-08-24T01:59:38.130735,48.09,1.0058184033521267,0.04106503816317024,0.0,-0.20150418786151159,0.0,0.0,-0.10058172493491249,0.9949287997686657,-7.703145404324868e-05,-6.272711720355065e-05,0.0,0.0,0.0,1.8856692985419602e-18
2026-08-24T01:59:38.151282,48.11,1.0058189996962252,0.041064916989099226,0.0,-0.20150363294555707,0.0,0.0,-0.10058144888397631,0.9949288276758294,4.467437423224972e-05,-6.26611045261802e-05,0.0,0.0,0.0,1.8488039278051715e-18
2026-08-24T01:59:38.169921,48.13,1.0058192939969761,0.04106485761575516,0.0,-0.20150307515950594,0.0,0.0,-0.10058117140526143,0.9949288557272552,0.00010471956256402661,-6.258529497015325e-05,0.0,0.0,0.0,1.812256809891239e-18
2026-08-24T01:59:38.191483,48.15,1.005818621994617,0.04106499573165913,0.0,-0.20150251422042992,0.0,0.0,-0.10058089235802092,0.9949288839371707,-3.249006667737886e-05,-6.249993032786365e-05,0.0,0.0,0.0,1.776349376728389e-18
2026-08-24T01:59:38.212948,48.17,1.005818158427947,0.04106509136288555,0.0,-0.2015019571712467,0.0,0.0,-0.10058061524585594,0.9949289119513841,-0.00012715484621913218,-6.240534718433062e-05,0.0,0.0,0.0,1.7404879281341874e-18
2026-08-24T01:59:38.230376,48.19,1.0058188156722623,0.0410649581330201,0.0,-0.2015014053135844,0.0,0.0,-0.1005803407162804,0.9949289397044379,6.967303716877497e-06,-6.230179932909391e-05,0.0,0.0,0.0,1.7059745821833817e-18
2026-08-24T01:59:38.251534,48.21,1.0058191151518385,0.041064898075970996,0.0,-0.20150085002223728,0.0,0.0,-0.10058006447856091,0.994928967630096,6.805467460062984e-05,-6.218940209901366e-05,0.0,0.0,0.0,1.6726087273328796e-18
2026-08-24T01:59:38.271083,48.22,1.0058189055531173,0.04106557218082362,0.0,-0.20150029488619614,0.0,0.0,-0.10057978831809289,0.9949289955478671,3.5183823553316117e-10,-6.139859308907904e-05,0.0,0.0,0.0,1.6552461861497798e-18
2026-08-24T01:59:38.290219,48.25,1.005818639161419,0.04106499780546094,0.0,-0.20149973767137835,0.0,0.0,-0.10057951112349947,0.9949290235701026,-2.9209668924159978e-05,-6.193909319385758e-05,0.0,0.0,0.0,1.6058792543857461e-18
2026-08-24T01:59:38.310725,48.27,1.0058189569409484,0.041064934265749455,0.0,-0.20149918754993126,0.0,0.0,-0.10057923745759859,0.9949290512355381,3.560406888198398e-05,-6.180172225572317e-05,0.0,0.0,0.0,1.5748459245461716e-18
2026-08-24T01:59:38.330637,48.29,1.0058187273313188,0.04106498262291922,0.0,-0.20149863636893176,0.0,0.0,-0.10057896326460031,0.9949290789541826,-1.1324549405571847e-05,-6.165642807123537e-05,0.0,0.0,0.0,1.5430971700213328e-18
2026-08-24T01:59:38.350377,48.31,1.005818849217169,0.04106495925795815,0.0,-0.20149808837918398,0.0,0.0,-0.10057869065912901,0.9949291065122656,1.3494709840675112e-05,-6.150348223823559e-05,0.0,0.0,0.0,1.5121873585895902e-18
2026-08-24T01:59:38.374055,48.33,1.0058186963924238,0.04106499208448112,0.0,-0.20149754143852006,0.0,0.0,-0.10057841857553224,0.9949291340175164,-1.7765901564738938e-05,-6.134306567064968e-05,0.0,0.0,0.0,1.4826619635193794e-18
2026-08-24T01:59:38.392242,48.35,1.0058181991968538,0.041065095329129754,0.0,-0.20149699709307095,0.0,0.0,-0.10057814778295535,0.9949291613921817,-0.00011932551742502306,-6.11754056151913e-05,0.0,0.0,0.0,1.4534651690407343e-18
2026-08-24T01:59:38.411817,48.37,1.0058180982413467,0.04106511770563724,0.0,-0.20149645673759323,0.0,0.0,-0.10057787897524054,0.994929188566122,-0.00014000338294758373,-6.1000722444102526e-05,0.0,0.0,0.0,1.4241318339296888e-18
2026-08-24T01:59:38.430519,48.39,1.0058184800179277,0.04106504154514709,0.0,-0.20149592005148786,0.0,0.0,-0.10057761199290126,0.9949292155554612,-6.214457173658048e-05,-6.081921066744996e-05,0.0,0.0,0.0,1.3961893966321186e-18
2026-08-24T01:59:38.451499,48.41,1.0058190934109579,0.04106491814150837,0.0,-0.20149538469889275,0.0,0.0,-0.1005773456739289,0.9949292424776683,6.299086887468483e-05,-6.0631035116810755e-05,0.0,0.0,0.0,1.3685063243813578e-18
2026-08-24T01:59:38.471445,48.43,1.00581934153194,0.0410648694178966,0.0,-0.2014948487141406,0.0,0.0,-0.10057707904047357,0.9949292694315944,0.00011356070921841637,-6.043636298056789e-05,0.0,0.0,0.0,1.3407468645492448e-18
2026-08-24T01:59:38.491970,48.45,1.0058193157234534,0.041064876713310904,0.0,-0.20149431392845862,0.0,0.0,-0.10057681300350604,0.9949292963251498,0.00010821119776834911,-6.023540870994652e-05,0.0,0.0,0.0,1.3141579321845802e-18
2026-08-24T01:59:38.512522,48.47,1.0058191663792668,0.04106490930491206,0.0,-0.2014937818551244,0.0,0.0,-0.10057654831582845,0.9949293230822347,7.76421466523861e-05,-6.002837814276236e-05,0.0,0.0,0.0,1.2878611949783032e-18
2026-08-24T01:59:38.529920,48.49,1.0058196935347432,0.04106480377099765,0.0,-0.20149325487724482,0.0,0.0,-0.10057628616295247,0.9949293495830083,0.00018516418199485048,-5.9815485022747574e-05,0.0,0.0,0.0,1.263128814584611e-18
2026-08-24T01:59:38.551923,48.51,1.0058193849551513,0.04106486900759752,0.0,-0.20149272738920265,0.0,0.0,-0.10057602375628164,0.9949293761093678,0.00012208535395850142,-5.959683396573204e-05,0.0,0.0,0.0,1.2370828689793787e-18
2026-08-24T01:59:38.572823,48.53,1.0058196577654381,0.04106481554309247,0.0,-0.2014922053523867,0.0,0.0,-0.10057576406139639,0.9949294023615275,0.0001776835985701845,-5.937267972460891e-05,0.0,0.0,0.0,1.2131783202632677e-18
2026-08-24T01:59:38.590594,48.55,1.0058188846917402,0.04106497576995121,0.0,-0.201491683998432,0.0,0.0,-0.1005755047062037,0.9949294285792799,1.978366847353567e-05,-5.91431314692441e-05,0.0,0.0,0.0,1.1888194370586012e-18
2026-08-24T01:59:38.612708,48.57,1.005818695122538,0.04106501686015008,0.0,-0.20149117021435275,0.0,0.0,-0.10057524911675017,0.9949294544162935,-1.9007223106664846e-05,-5.890844811085957e-05,0.0,0.0,0.0,1.1651979590633306e-18
2026-08-24T01:59:38.631396,48.59,1.0058189562060342,0.041064965949906315,0.0,-0.2014906615555523,0.0,0.0,-0.10057499607693553,0.9949294799955042,3.419077972214918e-05,-5.866876236969638e-05,0.0,0.0,0.0,1.1419120264811849e-18
2026-08-24T01:59:38.650464,48.61,1.005818602916906,0.04106504058288827,0.0,-0.20149015406763132,0.0,0.0,-0.10057474361958561,0.99492950551577,-3.8024920124423106e-05,-5.842418547389215e-05,0.0,0.0,0.0,1.1199479399614295e-18
2026-08-24T01:59:38.670713,48.63,1.0058189091733087,0.041064980543649515,0.0,-0.20148965214952286,0.0,0.0,-0.10057449393301474,0.9949295307558812,2.4390430333466156e-05,-5.817493451203931e-05,0.0,0.0,0.0,1.097527413969564e-18
2026-08-24T01:59:38.690906,48.65,1.0058188507998884,0.04106499503099773,0.0,-0.20148915240175871,0.0,0.0,-0.1005742453261074,0.9949295558867894,1.2371786773027266e-05,-5.7921122480975215e-05,0.0,0.0,0.0,1.075471782667152e-18
2026-08-24T01:59:38.710441,48.67,1.0058189480709194,0.041064977771105654,0.0,-0.201488657028301,0.0,0.0,-0.10057399889525713,0.9949295807976647,3.2123202053448345e-05,-5.7662932191540564e-05,0.0,0.0,0.0,1.053919821702389e-18
2026-08-24T01:59:38.730796,48.69,1.0058192126637135,0.04106492637754728,0.0,-0.20148816541127218,0.0,0.0,-0.10057375433309187,0.9949296055195799,8.602801009386771e-05,-5.7400506862159685e-05,0.0,0.0,0.0,1.0335024607083288e-18
2026-08-24T01:59:38.750799,48.71,1.0058186501712707,0.04106504396619043,0.0,-0.20148767570222592,0.0,0.0,-0.10057351072007477,0.9949296301454887,-2.8901167707063697e-05,-5.7133971512230625e-05,0.0,0.0,0.0,1.0124762273428302e-18
2026-08-24T01:59:38.770462,48.73,1.005818587682444,0.041065059464073204,0.0,-0.201487192878806,0.0,0.0,-0.10057327053240854,0.994929654425083,-4.176600874919647e-05,-5.686353456144488e-05,0.0,0.0,0.0,9.921684628943794e-19
2026-08-24T01:59:38.791771,48.75,1.0058180929124474,0.04106516329780386,0.0,-0.20148671395017642,0.0,0.0,-0.10057303228225767,0.9949296785087637,-0.00014287394413226538,-5.6589299797678805e-05,0.0,0.0,0.0,9.729894505649982e-19
2026-08-24T01:59:38.811719,48.77,1.005817971550937,0.04106519089665528,0.0,-0.20148624098258017,0.0,0.0,-0.10057279699750564,0.9949297022926286,-0.0001677594623903863,-5.631143233355756e-05,0.0,0.0,0.0,9.531786761861143e-19
2026-08-24T01:59:38.830961,48.79,1.0058187102928313,0.04106504284874694,0.0,-0.20148577425224318,0.0,0.0,-0.10057256481556526,0.9949297257627892,-1.707469560512284e-05,-5.603007242701638e-05,0.0,0.0,0.0,9.34703059746664e-19
2026-08-24T01:59:38.851460,48.81,1.0058184134095796,0.04106510637034851,0.0,-0.2014853069451541,0.0,0.0,-0.10057233234670555,0.9949297492618983,-7.77930790163884e-05,-5.5745269803861106e-05,0.0,0.0,0.0,9.15410398638491e-19
2026-08-24T01:59:38.870578,48.83,1.0058191344315026,0.04106496201092302,0.0,-0.2014848472973943,0.0,0.0,-0.10057210368808767,0.9949297723757956,6.927187795478156e-05,-5.545726028686898e-05,0.0,0.0,0.0,8.978164471471889e-19
2026-08-24T01:59:38.891023,48.85,1.0058183405265442,0.04106512711761876,0.0,-0.20148438618424885,0.0,0.0,-0.10057187430048657,0.9949297955633287,-9.290560049664355e-05,-5.51660598786606e-05,0.0,0.0,0.0,8.799956695444698e-19
2026-08-24T01:59:38.911336,48.87,1.005818053325095,0.04106518875685794,0.0,-0.20148393297335554,0.0,0.0,-0.1005716488439733,0.9949298183534377,-0.00015165030965548005,-5.4871911351566e-05,0.0,0.0,0.0,8.627215048404888e-19
2026-08-24T01:59:38.929544,48.89,1.00581835425779,0.04106513029568744,0.0,-0.20148348616937728,0.0,0.0,-0.10057142657467033,0.9949298408213193,-9.034139682570566e-05,-5.4574919271862716e-05,0.0,0.0,0.0,8.450196555428606e-19
2026-08-24T01:59:38.950945,48.91,1.0058183489252528,0.041065134419213715,0.0,-0.20148304215856291,0.0,0.0,-0.10057120569486343,0.9949298631486952,-9.155164652844693e-05,-5.427516122161909e-05,0.0,0.0,0.0,8.288450974186918e-19
2026-08-24T01:59:38.970195,48.93,1.0058188095750282,0.04106504339082556,0.0,-0.2014826033254909,0.0,0.0,-0.10057098739079683,0.9949298852156568,2.3577022920517136e-06,-5.397278620279574e-05,0.0,0.0,0.0,8.120359917904139e-19
2026-08-24T01:59:38.989779,48.95,1.0058186414345787,0.04106508082162166,0.0,-0.20148216592002344,0.0,0.0,-0.10057076979690868,0.994929907210783,-3.2088557859085256e-05,-5.366786623313192e-05,0.0,0.0,0.0,7.959849254590949e-19
2026-08-24T01:59:39.011610,48.97,1.0058184805425756,0.04106511679620435,0.0,-0.20148173389591578,0.0,0.0,-0.10057055488005369,0.9949299289352583,-6.505574053495196e-05,-5.3360564243689136e-05,0.0,0.0,0.0,7.799033859750854e-19
2026-08-24T01:59:39.030813,48.99,1.0058184434372095,0.04106512751023091,0.0,-0.20148130706827594,0.0,0.0,-0.10057034254825468,0.994929950398382,-7.27554157218956e-05,-5.305098982929045e-05,0.0,0.0,0.0,7.645807620571776e-19
2026-08-24T01:59:39.050664,49.01,1.0058178111964673,0.041065259804348185,0.0,-0.2014808840135518,0.0,0.0,-0.10057013209334459,0.9949299716717389,-0.00020194035285332263,-5.27392357541184e-05,0.0,0.0,0.0,7.4938378159407105e-19
2026-08-24T01:59:39.070663,49.03,1.0058182181070041,0.04106517987012869,0.0,-0.20148046946060427,0.0,0.0,-0.10056992586776625,0.9949299925175399,-0.00011900497942685795,-5.2425465259608245e-05,0.0,0.0,0.0,7.33417249648e-19
2026-08-24T01:59:39.090020,49.05,1.0058184409197644,0.04106513755885854,0.0,-0.20148005742520292,0.0,0.0,-0.10056972089457472,0.9949300132367037,-7.365083796279375e-05,-5.210971289640778e-05,0.0,0.0,0.0,7.199079106530467e-19
2026-08-24T01:59:39.111141,49.07,1.0058186485926108,0.041065098359270004,0.0,-0.2014796492573115,0.0,0.0,-0.10056951784532979,0.9949300337613484,-3.138784663612895e-05,-5.179209891701996e-05,0.0,0.0,0.0,7.059887270902159e-19
2026-08-24T01:59:39.130123,49.09,1.005818931167111,0.04106504387924008,0.0,-0.20147924516354015,0.0,0.0,-0.10056931682281296,0.9949300540810859,2.616400797818429e-05,-5.147272757924697e-05,0.0,0.0,0.0,6.914800128978526e-19
2026-08-24T01:59:39.150954,49.11,1.0058186595886274,0.04106510260251717,0.0,-0.20147884349785272,0.0,0.0,-0.1005691170081789,0.9949300742786878,-2.940339367493174e-05,-5.1151679404604074e-05,0.0,0.0,0.0,6.778873167868002e-19
2026-08-24T01:59:39.170038,49.13,1.00581904898229,0.041065026337952365,0.0,-0.20147844875356968,0.0,0.0,-0.10056892063669752,0.9949300941282104,4.9952331453337364e-05,-5.0829103548879057e-05,0.0,0.0,0.0,6.642908316761111e-19
2026-08-24T01:59:39.189821,49.15,1.0058194725894407,0.04106494310086153,0.0,-0.20147805696838805,0.0,0.0,-0.10056872573726178,0.9949301138288977,0.0001362909437686559,-5.05050495228998e-05,0.0,0.0,0.0,6.506675901528698e-19
2026-08-24T01:59:39.212012,49.17,1.0058191105766563,0.04106502034040416,0.0,-0.20147766797496877,0.0,0.0,-0.10056853222662641,0.9949301333891651,6.226132838715345e-05,-5.017960958841844e-05,0.0,0.0,0.0,6.377725834532369e-19
2026-08-24T01:59:39.230582,49.19,1.0058189257697092,0.041065061398635375,0.0,-0.2014772849338345,0.0,0.0,-0.10056834167704112,0.9949301526500892,2.4404645600620394e-05,-4.985291035353564e-05,0.0,0.0,0.0,6.254368166228076e-19
2026-08-24T01:59:39.250402,49.21,1.0058188859473463,0.04106507285605818,0.0,-0.20147690732626655,0.0,0.0,-0.10056815383046175,0.994930171637755,1.6142841371075186e-05,-4.9525034342398985e-05,0.0,0.0,0.0,6.130853774379048e-19
2026-08-24T01:59:39.272114,49.23,1.0058189531241755,0.04106506247044396,0.0,-0.20147653465589332,0.0,0.0,-0.10056796843996081,0.9949301903771234,2.9722068454862287e-05,-4.9196062851408256e-05,0.0,0.0,0.0,6.009052744066827e-19
2026-08-24T01:59:39.290159,49.25,1.0058190418656152,0.04106504769087867,0.0,-0.20147616649870945,0.0,0.0,-0.10056778529461059,0.9949302088895166,4.770274301671393e-05,-4.886607643923872e-05,0.0,0.0,0.0,5.885138584243401e-19
2026-08-24T01:59:39.310649,49.27,1.0058185760963674,0.0410651461782592,0.0,-0.20147580189858558,0.0,0.0,-0.10056760391877022,0.9949302272230135,-4.75084675302753e-05,-4.853514805372381e-05,0.0,0.0,0.0,5.766792519615338e-19
2026-08-24T01:59:39.332486,49.29,1.0058183929661024,0.041065186945866645,0.0,-0.20147544374127252,0.0,0.0,-0.10056742574800014,0.994930245232509,-8.502489423726284e-05,-4.8203390423596236e-05,0.0,0.0,0.0,5.659403797834354e-19
2026-08-24T01:59:39.351165,49.31,1.005818511981143,0.04106516600919991,0.0,-0.20147509132406902,0.0,0.0,-0.10056725043273126,0.994930262953339,-6.086537778472382e-05,-4.787087495308971e-05,0.0,0.0,0.0,5.54446613816549e-19
2026-08-24T01:59:39.370511,49.32,1.0058189055522029,0.041065572181295765,0.0,-0.20147474405208943,0.0,0.0,-0.10056707767702876,0.9949302804154181,4.473429810740521e-12,-4.7143318821772936e-05,0.0,0.0,0.0,5.486030532289039e-19
2026-08-24T01:59:39.390033,49.35,1.0058184369662484,0.041065188095289334,0.0,-0.2014743978637532,0.0,0.0,-0.10056690546039802,0.9949302978229778,-7.644929564635291e-05,-4.7203818132555255e-05,0.0,0.0,0.0,5.325416045088691e-19
2026-08-24T01:59:39.411139,49.36,1.0058189055515445,0.04106557218144351,0.0,-0.20147405875146607,0.0,0.0,-0.10056673676385217,0.9949303148747002,-3.323854978262709e-10,-4.648354635503212e-05,0.0,0.0,0.0,5.270680823225448e-19
2026-08-24T01:59:39.430486,49.39,1.005818293146265,0.04106522425689615,0.0,-0.20147372461860064,0.0,0.0,-0.10056657054439228,0.9949303316760123,-0.00010607825882982321,-4.653461405112064e-05,0.0,0.0,0.0,5.115158968566672e-19
2026-08-24T01:59:39.450883,49.41,1.00581900434029,0.04106508239955231,0.0,-0.20147339604263254,0.0,0.0,-0.1005664070892924,0.994930348197878,3.896059642668208e-05,-4.619939205355676e-05,0.0,0.0,0.0,5.018230810349032e-19
2026-08-24T01:59:39.470375,49.43,1.005819570073784,0.04106497025590597,0.0,-0.20147306958861488,0.0,0.0,-0.10056624468978637,0.9949303646130185,0.00015430610094677505,-4.586381694518068e-05,0.0,0.0,0.0,4.913847070797423e-19
2026-08-24T01:59:39.490459,49.45,1.0058189285544674,0.04106510468967539,0.0,-0.20147274399510984,0.0,0.0,-0.10056608271835268,0.9949303809848634,2.3216949308397864e-05,-4.552794492185824e-05,0.0,0.0,0.0,4.814815953890427e-19
2026-08-24T01:59:39.510210,49.47,1.0058183853171636,0.041065219051421076,0.0,-0.20147242541343993,0.0,0.0,-0.10056592423506029,0.994930397004106,-8.780924592318081e-05,-4.519190576248834e-05,0.0,0.0,0.0,4.719457695486734e-19
2026-08-24T01:59:39.530016,49.49,1.0058187002479528,0.041065158139077344,0.0,-0.20147211422549116,0.0,0.0,-0.10056576942988438,0.9949304126515459,-2.365902836958862e-05,-4.4855766843717076e-05,0.0,0.0,0.0,4.6240252118912995e-19
2026-08-24T01:59:39.550828,49.51,1.0058185650670908,0.04106518916004155,0.0,-0.20147180541378656,0.0,0.0,-0.10056561580680481,0.9949304281794773,-5.139003924348726e-05,-4.4519540177874014e-05,0.0,0.0,0.0,4.530322035597683e-19
2026-08-24T01:59:39.570811,49.53,1.0058184304981739,0.04106522005604863,0.0,-0.20147150192129445,0.0,0.0,-0.10056546482984613,0.9949304434399205,-7.899587014126319e-05,-4.418331766300635e-05,0.0,0.0,0.0,4.443911624702848e-19
2026-08-24T01:59:39.593729,49.55,1.005819257450501,0.041065054568274015,0.0,-0.20147120408157804,0.0,0.0,-0.10056531666494443,0.9949304584161043,8.96721737293743e-05,-4.38471625824136e-05,0.0,0.0,0.0,4.355621067298851e-19
2026-08-24T01:59:39.611002,49.57,1.0058189835597202,0.04106511391861559,0.0,-0.20147090672625945,0.0,0.0,-0.10056516874101161,0.9949304733679092,3.3626153315702174e-05,-4.3511083289963174e-05,0.0,0.0,0.0,4.270858999353129e-19
2026-08-24T01:59:39.629674,49.59,1.0058189126477022,0.04106513181039679,0.0,-0.2014706146902725,0.0,0.0,-0.10056502346325917,0.9949304880522227,1.9014771315463042e-05,-4.317518547657068e-05,0.0,0.0,0.0,4.1768765368307286e-19
2026-08-24T01:59:39.651583,49.61,1.0058189294188626,0.04106513179139534,0.0,-0.20147032749580737,0.0,0.0,-0.10056488059399347,0.9949305024930716,2.2301925212818772e-05,-4.283952022131602e-05,0.0,0.0,0.0,4.0993663581386674e-19
2026-08-24T01:59:39.671267,49.63,1.0058193424193074,0.04106505084341143,0.0,-0.20147004487187156,0.0,0.0,-0.10056473999840523,0.9949305167040828,0.0001064707792600272,-4.250413946893915e-05,0.0,0.0,0.0,4.016276049782651e-19
2026-08-24T01:59:39.690942,49.65,1.0058189141930658,0.04106514170532429,0.0,-0.20146976409035536,0.0,0.0,-0.10056460031935471,0.9949305308224331,1.8921249385313074e-05,-4.216907071888814e-05,0.0,0.0,0.0,3.940394464279657e-19
2026-08-24T01:59:39.711318,49.67,1.005818584667008,0.04106521240448381,0.0,-0.20146948908130646,0.0,0.0,-0.10056446351190428,0.9949305446505112,-4.8480003845440734e-05,-4.183440355675536e-05,0.0,0.0,0.0,3.859013541932119e-19
2026-08-24T01:59:39.729794,49.69,1.0058187490251658,0.04106518222800204,0.0,-0.20146922033252457,0.0,0.0,-0.1005643298187174,0.9949305581637907,-1.5065423972022321e-05,-4.150019260023196e-05,0.0,0.0,0.0,3.783082279829138e-19
2026-08-24T01:59:39.751145,49.71,1.005819220167704,0.0410650893892841,0.0,-0.20146895514799557,0.0,0.0,-0.10056419789862078,0.9949305714978343,8.097242473561359e-05,-4.1166461619169456e-05,0.0,0.0,0.0,3.70710825532378e-19
2026-08-24T01:59:39.770400,49.73,1.0058189579738162,0.04106514632206284,0.0,-0.2014686914971433,0.0,0.0,-0.10056406674147335,0.9949305847547438,2.731551991160595e-05,-4.083324052794525e-05,0.0,0.0,0.0,3.6346690775371156e-19
2026-08-24T01:59:39.790086,49.75,1.0058192034386688,0.04106509956490958,0.0,-0.20146843370412615,0.0,0.0,-0.10056393849839386,0.9949305977170927,7.728685214929006e-05,-4.05006165826626e-05,0.0,0.0,0.0,3.564048448487849e-19
2026-08-24T01:59:39.810880,49.77,1.0058189696293112,0.04106515068824517,0.0,-0.2014681787676547,0.0,0.0,-0.10056381167634507,0.9949306105357923,2.942465882944925e-05,-4.016860783873361e-05,0.0,0.0,0.0,3.4933846829192973e-19
2026-08-24T01:59:39.830638,49.79,1.0058187854525424,0.04106519166782404,0.0,-0.20146792835943347,0.0,0.0,-0.10056368710694205,0.9949306231267872,-8.305463954680534e-06,-3.983727399084824e-05,0.0,0.0,0.0,3.426293831951965e-19
2026-08-24T01:59:39.853519,49.81,1.0058193081032925,0.04106508827864947,0.0,-0.20146768360023157,0.0,0.0,-0.10056356534772871,0.9949306354337236,9.82480864401699e-05,-3.950666820225252e-05,0.0,0.0,0.0,3.3555679754062955e-19
2026-08-24T01:59:39.872148,49.83,1.0058194298462801,0.04106506676309511,0.0,-0.20146744037043351,0.0,0.0,-0.10056344434933918,0.9949306476637442,0.00012296486805039273,-3.917679597882473e-05,0.0,0.0,0.0,3.2902146053320936e-19
2026-08-24T01:59:39.891995,49.85,1.0058191060710353,0.041065136231398444,0.0,-0.2014672006995637,0.0,0.0,-0.1005633251213916,0.9949306597148011,5.67393397111402e-05,-3.8847717097181456e-05,0.0,0.0,0.0,3.228442337952506e-19
2026-08-24T01:59:39.910081,49.87,1.0058190237394042,0.041065156379174496,0.0,-0.20146696590986274,0.0,0.0,-0.10056320832165484,0.9949306715204107,3.979999848290456e-05,-3.8519482798954924e-05,0.0,0.0,0.0,3.1575672948385424e-19
2026-08-24T01:59:39.929884,49.89,1.0058184841402018,0.04106526990933689,0.0,-0.20146673480351526,0.0,0.0,-0.10056309335425748,0.994930683140802,-7.04804078719907e-05,-3.819212117922576e-05,0.0,0.0,0.0,3.097565568272009e-19
2026-08-24T01:59:39.950687,49.91,1.0058190595998142,0.041065155693306085,0.0,-0.20146651015375336,0.0,0.0,-0.1005629815987863,0.9949306944365331,4.685487184161622e-05,-3.7865693438695555e-05,0.0,0.0,0.0,3.033894469918991e-19
2026-08-24T01:59:39.972524,49.93,1.005819051592631,0.04106516063375827,0.0,-0.20146628684189768,0.0,0.0,-0.10056287050887586,0.99493070566498,4.508767619923263e-05,-3.754019246899995e-05,0.0,0.0,0.0,2.97385532145285e-19
2026-08-24T01:59:39.989949,49.95,1.005819272471066,0.041065118817387274,0.0,-0.20146606800421912,0.0,0.0,-0.10056276164471223,0.9949307166684466,9.004326187217033e-05,-3.721568116944404e-05,0.0,0.0,0.0,2.917288113550344e-19
2026-08-24T01:59:40.015700,49.97,1.0058195233984812,0.04106507085386741,0.0,-0.20146585178299814,0.0,0.0,-0.10056265408214449,0.9949307275403424,0.00014113301124033014,-3.6892178579213596e-05,0.0,0.0,0.0,2.8571672492683696e-19
2026-08-24T01:59:40.030228,49.99,1.0058191174024451,0.04106515704763312,0.0,-0.2014656379318045,0.0,0.0,-0.10056254769858208,0.9949307382930584,5.8126526081989846e-05,-3.656971679773255e-05,0.0,0.0,0.0,2.798820815596049e-19
2026-08-24T01:59:40.050438,50.0,1.0058189055529754,0.04106557218136326,0.0,-0.20146542945146617,0.0,0.0,-0.10056244398683307,0.9949307487757101,3.3789134190780335e-10,-3.598119276109726e-05,0.0,0.0,0.0,2.772342966738808e-19
2026-08-24T01:59:40.073511,50.03,1.0058189816720216,0.04106519128437895,0.0,-0.20146522429142522,0.0,0.0,-0.10056234192681596,0.9949307590914024,3.015965009029642e-05,-3.5928102167191115e-05,0.0,0.0,0.0,2.6910354021652314e-19
2026-08-24T01:59:40.091627,50.05,1.0058191472762426,0.041065160702709776,0.0,-0.2014650233431548,0.0,0.0,-0.10056224196200782,0.9949307691953116,6.383449498265373e-05,-3.5609001814179975e-05,0.0,0.0,0.0,2.6326594420070827e-19
2026-08-24T01:59:40.110952,50.07,1.0058193964769468,0.04106511303592111,0.0,-0.20146482556287326,0.0,0.0,-0.10056214357316352,0.9949307791399211,0.0001145740071656555,-3.529107356628446e-05,0.0,0.0,0.0,2.5832007399670946e-19
2026-08-24T01:59:40.130733,50.09,1.0058193965467501,0.041065116238488485,0.0,-0.20146463037542528,0.0,0.0,-0.1005620464741632,0.9949307889541504,0.00011445931496134707,-3.497434207965656e-05,0.0,0.0,0.0,2.531936399026213e-19
2026-08-24T01:59:40.150382,50.11,1.0058189476571342,0.04106521112195819,0.0,-0.2014644379245274,0.0,0.0,-0.1005619507365009,0.9949307986307739,2.2700090193596843e-05,-3.4658836684667796e-05,0.0,0.0,0.0,2.4842765569103306e-19
2026-08-24T01:59:40.172630,50.13,1.0058192009016684,0.041065162592080325,0.0,-0.20146425099414647,0.0,0.0,-0.10056185774510386,0.9949308080298115,7.426698286278215e-05,-3.434460606139716e-05,0.0,0.0,0.0,2.431183861534358e-19
2026-08-24T01:59:40.190356,50.15,1.005818982329144,0.04106521041089721,0.0,-0.2014640656780573,0.0,0.0,-0.10056176555676026,0.9949308173476723,2.952283030695962e-05,-3.403164598433756e-05,0.0,0.0,0.0,2.3852426398115186e-19
2026-08-24T01:59:40.211306,50.17,1.0058189583253476,0.041065218478665226,0.0,-0.20146388487057054,0.0,0.0,-0.10056167561128956,0.9949308264388282,2.4496403842840256e-05,-3.3720004331761386e-05,0.0,0.0,0.0,2.339329359106895e-19
2026-08-24T01:59:40.230255,50.19,1.0058187736995883,0.041065259337508736,0.0,-0.20146370693838017,0.0,0.0,-0.10056158709617859,0.9949308353854039,-1.3317010616475816e-05,-3.340969302964191e-05,0.0,0.0,0.0,2.2880082073451255e-19
2026-08-24T01:59:40.250885,50.21,1.005818751110641,0.041065267089079434,0.0,-0.20146353285097798,0.0,0.0,-0.10056150049371591,0.9949308441386528,-1.805352029608842e-05,-3.310074313328926e-05,0.0,0.0,0.0,2.2438153836315373e-19
2026-08-24T01:59:40.270263,50.23,1.005818883768555,0.04106524311999998,0.0,-0.20146336221333794,0.0,0.0,-0.10056141560738995,0.9949308527184378,8.90064437116519e-06,-3.279317458995188e-05,0.0,0.0,0.0,2.199631988027767e-19
2026-08-24T01:59:40.290512,50.25,1.0058191567230212,0.04106519048351308,0.0,-0.20146319461188483,0.0,0.0,-0.10056133223146123,0.994930861145554,6.449372060095e-05,-3.248700665270142e-05,0.0,0.0,0.0,2.1590196864945206e-19
2026-08-24T01:59:40.313163,50.26,1.005818905552823,0.04106557218147576,0.0,-0.20146302862841695,0.0,0.0,-0.10056124966042358,0.9949308694913099,1.971585034937613e-10,-3.195474144982474e-05,0.0,0.0,0.0,2.1324321305756145e-19
2026-08-24T01:59:40.330053,50.29,1.0058184325066608,0.04106534456969458,0.0,-0.20146286684548234,0.0,0.0,-0.10056116917900536,0.9949308776258537,-8.358616291181035e-05,-3.1878945834227246e-05,0.0,0.0,0.0,2.0687968066225164e-19
2026-08-24T01:59:40.351159,50.31,1.0058184484184913,0.04106534438614429,0.0,-0.20146270892627927,0.0,0.0,-0.1005610906196594,0.9949308855661204,-8.046069898961686e-05,-3.157710948752118e-05,0.0,0.0,0.0,2.0281511555975663e-19
2026-08-24T01:59:40.370815,50.32,1.0058189055515825,0.041065572181747244,0.0,-0.20146255355167234,0.0,0.0,-0.10056101332616145,0.9949308933784374,-3.9188319556405685e-10,-3.1057727291324595e-05,0.0,0.0,0.0,2.0087159855796988e-19
2026-08-24T01:59:40.390354,50.35,1.0058182803153823,0.041065384805626916,0.0,-0.20146240124592604,0.0,0.0,-0.10056093755931507,0.9949309010364447,-0.00011501880972505319,-3.0977893570838564e-05,0.0,0.0,0.0,1.9486058525141506e-19
2026-08-24T01:59:40.411440,50.37,1.00581826804358,0.04106539033262445,0.0,-0.2014622516807316,0.0,0.0,-0.10056086315579794,0.9949309085566499,-0.00011764464740510652,-3.0680551747532975e-05,0.0,0.0,0.0,1.9132703975905486e-19
2026-08-24T01:59:40.429725,50.39,1.0058190826312714,0.041065226972291875,0.0,-0.20146210614514226,0.0,0.0,-0.1005607907568696,0.9949309158742395,4.851520158359235e-05,-3.0384751993994675e-05,0.0,0.0,0.0,1.8743609955364526e-19
2026-08-24T01:59:40.451614,50.41,1.0058190152362765,0.04106524372627598,0.0,-0.20146196038337957,0.0,0.0,-0.10056071824542732,0.994930923203196,3.4637769338582126e-05,-3.0090481980409602e-05,0.0,0.0,0.0,1.8354586693672407e-19
2026-08-24T01:59:40.470485,50.42,1.0058189055528701,0.04106557218151392,0.0,-0.2014618178172891,0.0,0.0,-0.10056064732372107,0.9949309303714676,8.338737472505338e-11,-2.9592364009390874e-05,0.0,0.0,0.0,1.821363642648935e-19
2026-08-24T01:59:40.492765,50.46,1.005818905551396,0.04106557218182658,0.0,-0.20146154204617472,0.0,0.0,-0.1005605101371144,0.9949309442373191,-3.0712144790225396e-10,-2.9016986747470857e-05,0.0,0.0,0.0,1.762981978987025e-19
2026-08-24T01:59:40.510890,50.47,1.005818630228699,0.041065331230455214,0.0,-0.20146154207330724,0.0,0.0,-0.10056051015061189,0.9949309442359549,-4.43076271610611e-05,-2.9217145520270403e-05,0.0,0.0,0.0,1.7258420312021747e-19
2026-08-24T01:59:40.529944,50.49,1.005818390776745,0.04106538305951798,0.0,-0.20146140786199146,0.0,0.0,-0.10056044338511606,0.9949309509841318,-9.330378482502484e-05,-2.892923185599908e-05,0.0,0.0,0.0,1.6940426220626736e-19
2026-08-24T01:59:40.552065,50.51,1.0058189710815553,0.041065267451612146,0.0,-0.20146127737130562,0.0,0.0,-0.1005603784705048,0.9949309575452303,2.5036427339138694e-05,-2.8642947298468358e-05,0.0,0.0,0.0,1.6640021851725897e-19
2026-08-24T01:59:40.571604,50.53,1.0058195658055136,0.04106514888254022,0.0,-0.20146114827893552,0.0,0.0,-0.10056031425150687,0.994930964036017,0.0001463200206391869,-2.8358289749451207e-05,0.0,0.0,0.0,1.6304054040752964e-19
2026-08-24T01:59:40.590850,50.55,1.0058188613532095,0.04106529562987258,0.0,-0.2014610193553055,0.0,0.0,-0.10056025011645092,0.9949309705183154,2.4060615673017976e-06,-2.8075264081931217e-05,0.0,0.0,0.0,1.591484490489394e-19
2026-08-24T01:59:40.610685,50.57,1.0058190241255764,0.041065265245548724,0.0,-0.20146089534763953,0.0,0.0,-0.10056018842691702,0.9949309767534343,3.551853082705678e-05,-2.779391186942965e-05,0.0,0.0,0.0,1.5632038406779113e-19
2026-08-24T01:59:40.630049,50.59,1.005818640329761,0.04106534647076295,0.0,-0.2014607725717257,0.0,0.0,-0.10056012735013688,0.994930982926617,-4.293874611272951e-05,-2.7514220680926476e-05,0.0,0.0,0.0,1.5384787025087203e-19
2026-08-24T01:59:40.653015,50.61,1.0058193565450047,0.04106520302222295,0.0,-0.2014606540418829,0.0,0.0,-0.10056006838563018,0.9949309888863033,0.00010314801046043429,-2.723621963761566e-05,0.0,0.0,0.0,1.4995606163258544e-19
2026-08-24T01:59:40.670467,50.63,1.0058194773572195,0.041065181156651115,0.0,-0.20146053592675536,0.0,0.0,-0.10056000962742973,0.9949309948251343,0.00012769624648916215,-2.6959895249559195e-05,0.0,0.0,0.0,1.4730501981953002e-19
2026-08-24T01:59:40.690616,50.65,1.005819237426666,0.0410652329487589,0.0,-0.2014604196494978,0.0,0.0,-0.10055995178350577,0.9949310006715536,7.860792992801295e-05,-2.668526594815047e-05,0.0,0.0,0.0,1.4447605803719227e-19
2026-08-24T01:59:40.711741,50.67,1.005818674525813,0.041065350683975786,0.0,-0.2014603060034083,0.0,0.0,-0.10055989524849687,0.9949310063856747,-3.640669503038709e-05,-2.641234530246048e-05,0.0,0.0,0.0,1.4147028276782476e-19
2026-08-24T01:59:40.730228,50.69,1.0058184329031887,0.041065402786736885,0.0,-0.20146019591861247,0.0,0.0,-0.10055984048510831,0.9949310119207309,-8.583849891471447e-05,-2.6141146812407543e-05,0.0,0.0,0.0,1.3881831866869454e-19
2026-08-24T01:59:40.751544,50.71,1.0058190799639886,0.041065273375599336,0.0,-0.20146008923526004,0.0,0.0,-0.1005597874138203,0.99493101728476,4.613525604633273e-05,-2.5871677057086743e-05,0.0,0.0,0.0,1.3581228711322274e-19
2026-08-24T01:59:40.771298,50.73,1.005819468277974,0.041065196791146515,0.0,-0.2014599832739088,0.0,0.0,-0.10055973470170267,0.994931022612484,0.0001252915990940384,-2.5603927984647467e-05,0.0,0.0,0.0,1.328064140884411e-19
2026-08-24T01:59:40.789709,50.75,1.0058195464993211,0.04106518351957175,0.0,-0.2014598783733006,0.0,0.0,-0.10055968251726782,0.9949310278868713,0.00014115028601330854,-2.53379088971233e-05,0.0,0.0,0.0,1.3103859028783237e-19
2026-08-24T01:59:40.812053,50.77,1.0058192704955138,0.041065242573863577,0.0,-0.2014597751419127,0.0,0.0,-0.10055963116321227,0.9949310330773278,8.470265858207383e-05,-2.507362990859306e-05,0.0,0.0,0.0,1.283863376070001e-19
2026-08-24T01:59:40.831949,50.79,1.005819416981717,0.041065215325113216,0.0,-0.20145967509924745,0.0,0.0,-0.10055958139543598,0.9949310381074533,0.00011449797308564124,-2.48111054780116e-05,0.0,0.0,0.0,1.252039524028587e-19
2026-08-24T01:59:40.852139,50.81,1.0058195042372324,0.04106520015532076,0.0,-0.2014595767179048,0.0,0.0,-0.10055953245411019,0.9949310430540454,0.00013220308975466709,-2.455033250990126e-05,0.0,0.0,0.0,1.2308184411362681e-19
2026-08-24T01:59:40.871486,50.84,1.005818905552425,0.04106557218172042,0.0,-0.201459386159541,0.0,0.0,-0.10055943765789394,0.9949310526352709,-7.28467156938984e-12,-2.3878883411064936e-05,0.0,0.0,0.0,1.2007660516759175e-19
2026-08-24T01:59:40.891824,50.86,1.0058189055516782,0.04106557218187805,0.0,-0.2014592950922087,0.0,0.0,-0.10055939235503542,0.9949310572141097,-1.8191547825186292e-10,-2.362553451645918e-05,0.0,0.0,0.0,1.186605986645146e-19
2026-08-24T01:59:40.913232,50.87,1.0058187917223997,0.0410653535160352,0.0,-0.2014592950938971,0.0,0.0,-0.10055939235587534,0.9949310572140249,-1.355427189973605e-05,-2.3778590064038194e-05,0.0,0.0,0.0,1.1583205957608844e-19
2026-08-24T01:59:40.930394,50.89,1.0058186250076253,0.04106539014285633,0.0,-0.20145920543879162,0.0,0.0,-0.10055934775555077,0.9949310617218553,-4.7688861358211856e-05,-2.3524880218684013e-05,0.0,0.0,0.0,1.1335731177161414e-19
2026-08-24T01:59:40.950253,50.91,1.005818886559584,0.04106533928689336,0.0,-0.20145911839866762,0.0,0.0,-0.10055930445608918,0.9949310660982034,5.598807323337593e-06,-2.327294787778809e-05,0.0,0.0,0.0,1.1141148146991829e-19
2026-08-24T01:59:40.970470,50.93,1.0058187410568367,0.041065371545580286,0.0,-0.2014590322016261,0.0,0.0,-0.10055926157603189,0.9949310704321598,-2.4204286420064316e-05,-2.302278686288728e-05,0.0,0.0,0.0,1.0858378011987087e-19
2026-08-24T01:59:40.989841,50.95,1.00581881330691,0.04106535931464775,0.0,-0.20145894828742783,0.0,0.0,-0.10055921983161024,0.9949310746513338,-9.55697512598502e-06,-2.2774407379363742e-05,0.0,0.0,0.0,1.0663829644523091e-19
2026-08-24T01:59:41.010520,50.97,1.0058187668836789,0.041065371302244816,0.0,-0.20145886578971028,0.0,0.0,-0.10055917879183877,0.994931078799286,-1.9133602459436127e-05,-2.2527807271610006e-05,0.0,0.0,0.0,1.0469247663266125e-19
2026-08-24T01:59:41.030282,50.99,1.0058190753157665,0.041065310799899245,0.0,-0.20145878553151728,0.0,0.0,-0.10055913886615343,0.9949310828346342,4.372640026439122e-05,-2.228299267837678e-05,0.0,0.0,0.0,1.0310001777139307e-19
2026-08-24T01:59:41.051699,51.01,1.0058192264437509,0.041065282405617395,0.0,-0.20145870630062837,0.0,0.0,-0.10055909945151628,0.9949310868183283,7.44767440105236e-05,-2.203995918427609e-05,0.0,0.0,0.0,1.002729575383427e-19
2026-08-24T01:59:41.070878,51.03,1.0058189227177494,0.04106534688766638,0.0,-0.20145862826664998,0.0,0.0,-0.10055906063230075,0.9949310907418409,1.2379537119860495e-05,-2.179870902807697e-05,0.0,0.0,0.0,9.868041765230699e-20
2026-08-24T01:59:41.090648,51.05,1.0058185744939916,0.04106542043924627,0.0,-0.2014585524408177,0.0,0.0,-0.10055902291156166,0.9949310945543274,-5.879983892005486e-05,-2.1559247988600065e-05,0.0,0.0,0.0,9.691134105353448e-20
2026-08-24T01:59:41.109876,51.07,1.0058194111693366,0.041065251981953696,0.0,-0.20145847940565131,0.0,0.0,-0.10055898657908259,0.9949310982264993,0.0001118925032244497,-2.132157920756691e-05,0.0,0.0,0.0,9.461349226099448e-20
2026-08-24T01:59:41.130770,51.09,1.0058193378969518,0.04106526934429334,0.0,-0.20145840622122213,0.0,0.0,-0.10055895017235027,0.9949311019061746,9.68389491301923e-05,-2.1085689054391875e-05,0.0,0.0,0.0,9.284488778194658e-20
2026-08-24T01:59:41.153142,51.11,1.0058190385771648,0.04106533285387932,0.0,-0.20145833436520771,0.0,0.0,-0.10055891442645838,0.9949311055190566,3.564428981231464e-05,-2.0851584627907894e-05,0.0,0.0,0.0,9.054879303030903e-20
2026-08-24T01:59:41.170205,51.13,1.0058190070203736,0.041065341660375475,0.0,-0.20145826487603283,0.0,0.0,-0.10055887985798753,0.994931109012934,2.9108350341480944e-05,-2.0619270293580155e-05,0.0,0.0,0.0,8.91326487468021e-20
2026-08-24T01:59:41.190542,51.15,1.0058187800823262,0.041065390351196364,0.0,-0.20145819678505994,0.0,0.0,-0.1005588459850739,0.9949311124365094,-1.7309786781704247e-05,-2.0388740760563985e-05,0.0,0.0,0.0,8.754023563292152e-20
2026-08-24T01:59:41.210572,51.17,1.005819275847568,0.041065291427212956,0.0,-0.20145813093447587,0.0,0.0,-0.10055881322667641,0.9949311157474383,8.379681471354253e-05,-2.0159998801237462e-05,0.0,0.0,0.0,8.559543326810209e-20
2026-08-24T01:59:41.230001,51.19,1.0058194643756537,0.04106525523181458,0.0,-0.2014580657197649,0.0,0.0,-0.10055878078460379,0.9949311190263948,0.0001221879162966423,-1.9933035978923305e-05,0.0,0.0,0.0,8.365162452977709e-20
2026-08-24T01:59:41.252129,51.21,1.0058190376118707,0.04106534467846393,0.0,-0.20145800131458413,0.0,0.0,-0.10055874874524445,0.9949311222646474,3.4981783627246916e-05,-1.9707851679693048e-05,0.0,0.0,0.0,8.258721675120352e-20
2026-08-24T01:59:41.269807,51.23,1.0058188530053789,0.04106538465158802,0.0,-0.20145793901132156,0.0,0.0,-0.10055871775151694,0.994931125397216,-2.7921030682889293e-06,-1.9484449676298342e-05,0.0,0.0,0.0,8.081997322546146e-20
2026-08-24T01:59:41.291148,51.25,1.0058188303178852,0.04106539153820153,0.0,-0.2014578784350376,0.0,0.0,-0.10055868761690169,0.9949311284429523,-7.513285682020084e-06,-1.926282607649745e-05,0.0,0.0,0.0,7.922765257399418e-20
2026-08-24T01:59:41.310873,51.27,1.005818603912401,0.041065440011768144,0.0,-0.2014578190909213,0.0,0.0,-0.10055865809524736,0.9949311314267351,-5.3818379447740825e-05,-1.9042976337544782e-05,0.0,0.0,0.0,7.763698953478749e-20
2026-08-24T01:59:41.330151,51.29,1.0058188417317948,0.04106539365952012,0.0,-0.20145776149518513,0.0,0.0,-0.10055862944335184,0.9949311343226096,-5.361359983312587e-06,-1.882489997149403e-05,0.0,0.0,0.0,7.551899348283326e-20
2026-08-24T01:59:41.351216,51.31,1.0058179192174537,0.04106558426211556,0.0,-0.20145770455859235,0.0,0.0,-0.10055860111935738,0.9949311371853421,-0.00019376046714362696,-1.860858957794497e-05,0.0,0.0,0.0,7.44530104144409e-20
2026-08-24T01:59:41.371425,51.33,1.0058181376855178,0.04106554182602939,0.0,-0.20145765049903552,0.0,0.0,-0.10055857422658916,0.9949311399034184,-0.00014925161114885075,-1.8394051053658297e-05,0.0,0.0,0.0,7.303891988799323e-20
2026-08-24T01:59:41.390168,51.35,1.0058181113421174,0.0410655493694573,0.0,-0.20145759713839834,0.0,0.0,-0.1005585476815093,0.9949311425863528,-0.00015471576666053823,-1.8181271990721728e-05,0.0,0.0,0.0,7.162383690628825e-20
2026-08-24T01:59:41.410435,51.37,1.0058187904927558,0.04106541281343186,0.0,-0.20145754553492878,0.0,0.0,-0.10055852201055984,0.9949311451809375,-1.6168096345194807e-05,-1.7970253182865375e-05,0.0,0.0,0.0,6.985982850004993e-20
2026-08-24T01:59:41.430369,51.39,1.005818730410835,0.04106542721161385,0.0,-0.2014574938135105,0.0,0.0,-0.10055849628093486,0.9949311477814519,-2.8518155614614036e-05,-1.7760983432339333e-05,0.0,0.0,0.0,6.861959561278748e-20
2026-08-24T01:59:41.451080,51.41,1.0058188201770328,0.04106541098886527,0.0,-0.20145744326904547,0.0,0.0,-0.10055847113680351,0.9949311503227892,-1.027874780987402e-05,-1.7553464002883885e-05,0.0,0.0,0.0,6.75553582936397e-20
2026-08-24T01:59:41.471104,51.43,1.005818879670034,0.04106540093102706,0.0,-0.20145739387140754,0.0,0.0,-0.1005584465631791,0.9949311528064644,1.7816044726309613e-06,-1.7347690570063073e-05,0.0,0.0,0.0,6.596631980778609e-20
2026-08-24T01:59:41.490165,51.45,1.0058188703763502,0.04106540490366644,0.0,-0.20145734546659316,0.0,0.0,-0.10055842248345018,0.9949311552402206,-1.9856114435307104e-07,-1.7143658112440695e-05,0.0,0.0,0.0,6.507840283534414e-20
2026-08-24T01:59:41.513775,51.47,1.0058191254279873,0.04106535487203831,0.0,-0.20145729828476533,0.0,0.0,-0.10055839901211494,0.9949311576124854,5.1782266025493185e-05,-1.6941362879661676e-05,0.0,0.0,0.0,6.331445541654224e-20
2026-08-24T01:59:41.530505,51.49,1.005819524789023,0.04106527535089526,0.0,-0.20145725192504257,0.0,0.0,-0.1005583759497486,0.9949311599434149,0.0001332211574646457,-1.674079856147752e-05,0.0,0.0,0.0,6.190013203074716e-20
2026-08-24T01:59:41.551391,51.51,1.005818734066241,0.04106543886021751,0.0,-0.20145720565894892,0.0,0.0,-0.10055835293395948,0.9949311622696363,-2.826858857121027e-05,-1.6541957544279395e-05,0.0,0.0,0.0,6.083631976651269e-20
2026-08-24T01:59:41.573965,51.53,1.005819061373331,0.0410653740194527,0.0,-0.2014571620584391,0.0,0.0,-0.10055833124420649,0.9949311644618337,3.846425781110838e-05,-1.6344844013103817e-05,0.0,0.0,0.0,6.012684826000358e-20
2026-08-24T01:59:41.591232,51.55,1.00581880343003,0.0410654286855315,0.0,-0.20145711874135588,0.0,0.0,-0.10055830969544842,0.9949311666397803,-1.4268896690588114e-05,-1.6149443782449205e-05,0.0,0.0,0.0,5.836403641224996e-20
2026-08-24T01:59:41.611114,51.57,1.005818772439754,0.04106543698416733,0.0,-0.20145707691424342,0.0,0.0,-0.10055828888789951,0.994931168742812,-2.067351372349332e-05,-1.595575565251965e-05,0.0,0.0,0.0,5.695046904925677e-20
2026-08-24T01:59:41.632160,51.59,1.0058195077616505,0.04106528876354632,0.0,-0.20145703629272482,0.0,0.0,-0.100558268680092,0.994931170785227,0.00012934805993581995,-1.5763772802647943e-05,0.0,0.0,0.0,5.624009566343196e-20
2026-08-24T01:59:41.650705,51.61,1.0058187121549174,0.04106545318329185,0.0,-0.20145699502960213,0.0,0.0,-0.10055824815310849,0.9949311728599008,-3.3135383631027485e-05,-1.5573482986860472e-05,0.0,0.0,0.0,5.552876406247917e-20
2026-08-24T01:59:41.672471,51.63,1.0058192569625017,0.041065343836511364,0.0,-0.20145695648706854,0.0,0.0,-0.10055822897952439,0.9949311747977855,7.799879775487028e-05,-1.5384891801414166e-05,0.0,0.0,0.0,5.3941010548837504e-20
2026-08-24T01:59:41.690363,51.65,1.005819128967062,0.04106537187741593,0.0,-0.20145691768066515,0.0,0.0,-0.1005582096746741,0.9949311767489368,5.179494483370273e-05,-1.5197982722007267e-05,0.0,0.0,0.0,5.288199538834371e-20
2026-08-24T01:59:41.712709,51.67,1.0058185593117204,0.041065490100219586,0.0,-0.20145688001590578,0.0,0.0,-0.10055819093775242,0.9949311786426871,-6.456288952903707e-05,-1.501275424359458e-05,0.0,0.0,0.0,5.199245012438382e-20
2026-08-24T01:59:41.730573,51.69,1.0058189991754976,0.04106540213469794,0.0,-0.20145684425441512,0.0,0.0,-0.10055817314764139,0.9949311804407424,2.5151277082959567e-05,-1.4829202245891358e-05,0.0,0.0,0.0,5.075797936178221e-20
2026-08-24T01:59:41.750798,51.71,1.005818844630051,0.04106543554681625,0.0,-0.20145680855014536,0.0,0.0,-0.10055815538599575,0.9949311822359203,-6.470090908255205e-06,-1.4647313966892079e-05,0.0,0.0,0.0,4.9523120553419795e-20
2026-08-24T01:59:41.770762,51.73,1.0058195914268697,0.041065284863512325,0.0,-0.20145677430520909,0.0,0.0,-0.10055813835031828,0.994931183957724,0.00014589865417558473,-1.4467087231902071e-05,0.0,0.0,0.0,4.8636929093152834e-20
2026-08-24T01:59:41.792555,51.75,1.0058195185797039,0.0410653015570153,0.0,-0.20145673970094302,0.0,0.0,-0.10055812113588654,0.9949311856975941,0.00013095528958632468,-1.428850934427313e-05,0.0,0.0,0.0,4.792706639796756e-20
2026-08-24T01:59:41.812406,51.77,1.005819038152811,0.04106540147260555,0.0,-0.20145670580183953,0.0,0.0,-0.1005581042722489,0.994931187402009,3.281486301665796e-05,-1.4111576736874762e-05,0.0,0.0,0.0,4.6517822884895883e-20
2026-08-24T01:59:41.830484,51.79,1.0058185842549663,0.041065495953552286,0.0,-0.2014566733392153,0.0,0.0,-0.10055808812321029,0.9949311890341989,-5.990930519425776e-05,-1.3936284441909217e-05,0.0,0.0,0.0,4.563297157662792e-20
2026-08-24T01:59:41.849994,51.81,1.0058184744946443,0.04106552013571404,0.0,-0.20145664234966268,0.0,0.0,-0.10055807270697402,0.9949311905923238,-8.238479329955906e-05,-1.3762625131751958e-05,0.0,0.0,0.0,4.527281073424716e-20
2026-08-24T01:59:41.873797,51.83,1.005818693788203,0.041065477099703554,0.0,-0.20145661228885856,0.0,0.0,-0.10055805775275821,0.9949311921037519,-3.769080770989266e-05,-1.359058964748558e-05,0.0,0.0,0.0,4.4212573198340116e-20
2026-08-24T01:59:41.890565,51.85,1.0058186399706668,0.04106548982394197,0.0,-0.2014565826111241,0.0,0.0,-0.10055804298910632,0.9949311935959195,-4.874598892050195e-05,-1.3420168845012677e-05,0.0,0.0,0.0,4.315569458207318e-20
2026-08-24T01:59:41.910773,51.87,1.005818105664843,0.0410656006604753,0.0,-0.20145655347201605,0.0,0.0,-0.10055802849340255,0.9949311950610052,-0.00015788131405361326,-1.3251355588534082e-05,0.0,0.0,0.0,4.2270300918730236e-20
2026-08-24T01:59:41.931160,51.89,1.0058183015603854,0.04106556235396429,0.0,-0.20145652586743568,0.0,0.0,-0.10055801476107347,0.9949311964489362,-0.00011796125220425918,-1.3084145010665924e-05,0.0,0.0,0.0,4.138785895855182e-20
2026-08-24T01:59:41.950109,51.91,1.0058186986862698,0.041065482934656894,0.0,-0.20145649880780958,0.0,0.0,-0.10055800129984037,0.9949311978094673,-3.6964383287859026e-05,-1.2918526357864001e-05,0.0,0.0,0.0,4.067923309421149e-20
2026-08-24T01:59:41.970126,51.93,1.0058193005193865,0.041065361692580925,0.0,-0.2014564720909111,0.0,0.0,-0.10055798800910246,0.9949311991527662,8.581941316730672e-05,-1.2754491191623035e-05,0.0,0.0,0.0,3.9792811901089554e-20
2026-08-24T01:59:41.992075,51.95,1.0058186778723328,0.04106549050619216,0.0,-0.20145644495845794,0.0,0.0,-0.10055797451164036,0.9949312005169585,-4.134671951664987e-05,-1.2592029462817869e-05,0.0,0.0,0.0,3.926096122407524e-20
2026-08-24T01:59:42.010604,51.96,1.005818905552326,0.04106557218197389,0.0,-0.201456419474674,0.0,0.0,-0.10055796183433446,0.9949312017982572,-2.4086510433255544e-10,-1.236458554449261e-05,0.0,0.0,0.0,3.873212317374958e-20
2026-08-24T01:59:42.031782,51.99,1.0058187466692874,0.04106547971303603,0.0,-0.2014563943299677,0.0,0.0,-0.10055794932570802,0.9949312030625074,-2.743337385800127e-05,-1.2271807449392857e-05,0.0,0.0,0.0,3.714619062840474e-20
2026-08-24T01:59:42.053028,52.01,1.0058187373547642,0.04106548322013271,0.0,-0.2014563699370537,0.0,0.0,-0.10055793719107242,0.994931204288958,-2.939886671500372e-05,-1.2114028130760755e-05,0.0,0.0,0.0,3.6786453450785566e-20
2026-08-24T01:59:42.070348,52.03,1.0058192229126761,0.041065385645392215,0.0,-0.201456346334163,0.0,0.0,-0.10055792544944615,0.9949312054756869,6.96534032647555e-05,-1.195779261420106e-05,0.0,0.0,0.0,3.607825320699769e-20
2026-08-24T01:59:42.092603,52.05,1.0058190096941535,0.04106543076387062,0.0,-0.20145632257103246,0.0,0.0,-0.10055791362810608,0.9949312066704724,2.6066260510148183e-05,-1.1803089985304847e-05,0.0,0.0,0.0,3.537162395361342e-20
2026-08-24T01:59:42.110548,52.07,1.005819416529403,0.04106534923532541,0.0,-0.20145629994605674,0.0,0.0,-0.10055790237295889,0.9949312078080326,0.00010905041106095129,-1.1649915171943771e-05,0.0,0.0,0.0,3.4664999993355147e-20
2026-08-24T01:59:42.130932,52.09,1.0058197093168133,0.0410652909829914,0.0,-0.20145627746082925,0.0,0.0,-0.10055789118733163,0.9949312089385661,0.00016875442548876544,-1.1498257009557407e-05,0.0,0.0,0.0,3.4130936565791904e-20
2026-08-24T01:59:42.150783,52.11,1.0058192194241729,0.04106539255941943,0.0,-0.2014562550045813,0.0,0.0,-0.10055788001612066,0.9949312100676425,6.869239888861708e-05,-1.134810664211896e-05,0.0,0.0,0.0,3.3075037558582655e-20
2026-08-24T01:59:42.170698,52.13,1.005819164582027,0.041065405271697136,0.0,-0.2014562337786785,0.0,0.0,-0.10055786945696406,0.9949312111348584,5.7437429694797294e-05,-1.1199458356123382e-05,0.0,0.0,0.0,3.2542010255478566e-20
2026-08-24T01:59:42.190805,52.15,1.0058187434951373,0.04106549276571303,0.0,-0.20145621301779215,0.0,0.0,-0.10055785912913716,0.9949312121786936,-2.8577960075958286e-05,-1.1052301418060642e-05,0.0,0.0,0.0,3.218516151685994e-20
2026-08-24T01:59:42.210841,52.17,1.0058186457093063,0.0410655142179856,0.0,-0.20145619324842204,0.0,0.0,-0.10055784929455545,0.9949312131726763,-4.8597748489511455e-05,-1.090662824180542e-05,0.0,0.0,0.0,3.113211938932778e-20
2026-08-24T01:59:42.230833,52.19,1.00581843301405,0.0410655591228274,0.0,-0.2014561740289751,0.0,0.0,-0.10055783973354163,0.9949312141390094,-9.207338639041944e-05,-1.0762428832990061e-05,0.0,0.0,0.0,3.095038110375088e-20
2026-08-24T01:59:42.254162,52.21,1.0058190773646964,0.04106542898130334,0.0,-0.2014561557151913,0.0,0.0,-0.10055783062306405,0.9949312150598066,3.939853763491115e-05,-1.0619695077444921e-05,0.0,0.0,0.0,2.989190060346627e-20
2026-08-24T01:59:42.270669,52.23,1.005818990353136,0.04106544818854221,0.0,-0.20145613705842313,0.0,0.0,-0.10055782134196355,0.9949312159978486,2.1579081574086588e-05,-1.0478415094776352e-05,0.0,0.0,0.0,2.918756787355419e-20
2026-08-24T01:59:42.290446,52.25,1.0058189968963824,0.041065448274705145,0.0,-0.2014561191218891,0.0,0.0,-0.10055781241915474,0.994931216899678,2.2857839856819752e-05,-1.0338582377244594e-05,0.0,0.0,0.0,2.900406429270818e-20
2026-08-24T01:59:42.310763,52.27,1.0058187044492948,0.041065509407988865,0.0,-0.20145610144148884,0.0,0.0,-0.10055780362376365,0.9949312177886291,-3.689504343304506e-05,-1.0200186771086182e-05,0.0,0.0,0.0,2.829974080229592e-20
2026-08-24T01:59:42.330562,52.29,1.0058186919354033,0.04106551335698751,0.0,-0.2014560846004998,0.0,0.0,-0.10055779524595078,0.9949312186353756,-3.950503693471991e-05,-1.0063220464630284e-05,0.0,0.0,0.0,2.759206320089465e-20
2026-08-24T01:59:42.350564,52.31,1.0058186039305894,0.041065532708803136,0.0,-0.20145606807448813,0.0,0.0,-0.10055778702482832,0.9949312194662852,-5.7524403712610203e-05,-9.927673108469416e-06,0.0,0.0,0.0,2.741185742136396e-20
2026-08-24T01:59:42.370587,52.33,1.0058188612190242,0.04106548152829335,0.0,-0.20145605228436783,0.0,0.0,-0.10055777916978648,0.9949312202601949,-5.059276170648545e-06,-9.793536440675563e-06,0.0,0.0,0.0,2.67064475691285e-20
2026-08-24T01:59:42.390406,52.35,1.0058188683969012,0.04106548141273077,0.0,-0.2014560365223437,0.0,0.0,-0.10055777132872153,0.9949312210526919,-3.6482677539713957e-06,-9.660799706501287e-06,0.0,0.0,0.0,2.635114848754803e-20
2026-08-24T01:59:42.414474,52.37,1.0058188320214136,0.04106549017776712,0.0,-0.20145602129384654,0.0,0.0,-0.1005577637530679,0.9949312218183638,-1.1127036858997893e-05,-9.529454763688036e-06,0.0,0.0,0.0,2.5471297640914858e-20
2026-08-24T01:59:42.431445,52.39,1.00581861614466,0.041065535587640305,0.0,-0.2014560063223266,0.0,0.0,-0.10055775630525154,0.994931222571115,-5.524632127628565e-05,-9.399491734673313e-06,0.0,0.0,0.0,2.4765309743171083e-20
2026-08-24T01:59:42.452395,52.4,1.0058189055520852,0.041065572182086695,0.0,-0.20145599202988423,0.0,0.0,-0.10055774919525297,0.9949312232897229,-3.7261732822463523e-10,-9.225482953224288e-06,0.0,0.0,0.0,2.4763560325986827e-20
2026-08-24T01:59:42.472935,52.43,1.0058186957381923,0.04106552193508068,0.0,-0.20145597811667892,0.0,0.0,-0.1005577422739118,0.9949312239892633,-3.910310268999549e-05,-9.143676144226361e-06,0.0,0.0,0.0,2.422913126299694e-20
2026-08-24T01:59:42.491303,52.45,1.0058188411131292,0.04106549352627396,0.0,-0.20145596453953996,0.0,0.0,-0.10055773551975206,0.9949312246719064,-9.479325058631508e-06,-9.017804176758845e-06,0.0,0.0,0.0,2.3349342766188034e-20
2026-08-24T01:59:42.511716,52.48,1.0058189055537499,0.04106557218175679,0.0,-0.20145593795502983,0.0,0.0,-0.10055772229487243,0.9949312260085454,5.217083502402978e-10,-8.727876635840272e-06,0.0,0.0,0.0,2.3168422518056732e-20
2026-08-24T01:59:42.532272,52.49,1.0058195640297767,0.04106534840797357,0.0,-0.2014559379636225,0.0,0.0,-0.10055772229914699,0.9949312260081135,0.00013798655410961403,-8.77008418318716e-06,0.0,0.0,0.0,2.298865740176424e-20
2026-08-24T01:59:42.550099,52.51,1.005818946829335,0.04106547569637899,0.0,-0.20145592466067397,0.0,0.0,-0.10055771568138755,0.9949312266769705,1.1949171094888644e-05,-8.64821683826604e-06,0.0,0.0,0.0,2.2634500030884746e-20
2026-08-24T01:59:42.572022,52.52,1.0058189055524585,0.041065572182025445,0.0,-0.20145591225730633,0.0,0.0,-0.10055770951113864,0.9949312273005976,-4.5168290188406456e-11,-8.486999559796134e-06,0.0,0.0,0.0,2.2457720834396677e-20
2026-08-24T01:59:42.591221,52.55,1.0058194743645061,0.04106537039954282,0.0,-0.20145590044426775,0.0,0.0,-0.10055770363455817,0.9949312278945437,0.0001195365528530712,-8.40842488506084e-06,0.0,0.0,0.0,2.1400637066787388e-20
2026-08-24T01:59:42.611017,52.57,1.0058191512738108,0.04106543758314464,0.0,-0.20145588838265555,0.0,0.0,-0.10055769763432088,0.9949312285009877,5.353635412282504e-05,-8.290479237524036e-06,0.0,0.0,0.0,2.12190116910626e-20
2026-08-24T01:59:42.631659,52.59,1.0058191921800745,0.041065430415928,0.0,-0.20145587694987466,0.0,0.0,-0.10055769194690548,0.9949312290758147,6.183920384343257e-05,-8.173822311368256e-06,0.0,0.0,0.0,2.0517354777931172e-20
2026-08-24T01:59:42.650229,52.61,1.005818104809153,0.04106565365945216,0.0,-0.2014558654920524,0.0,0.0,-0.10055768624703289,0.9949312296519007,-0.0001601703806928929,-8.058443455906705e-06,0.0,0.0,0.0,1.9987027485209612e-20
2026-08-24T01:59:42.672894,52.63,1.0058182689214425,0.04106562130441881,0.0,-0.20145585539812852,0.0,0.0,-0.10055768122565283,0.9949312301594115,-0.00012671618115256875,-7.944335622086189e-06,0.0,0.0,0.0,1.9111715848098615e-20
2026-08-24T01:59:42.692482,52.65,1.0058185600422462,0.04106556299812695,0.0,-0.20145584544090236,0.0,0.0,-0.10055767627227519,0.9949312306600493,-6.733639416233442e-05,-7.831487144494572e-06,0.0,0.0,0.0,1.9627302337215598e-20
2026-08-24T01:59:42.710617,52.67,1.0058193133915183,0.04106541027999686,0.0,-0.20145583567944944,0.0,0.0,-0.10055767141628798,0.9949312311508438,8.639744605938246e-05,-7.71988868453523e-06,0.0,0.0,0.0,1.892511694140484e-20
2026-08-24T01:59:42.733685,52.69,1.0058188023881818,0.041065515763124734,0.0,-0.20145582543217788,0.0,0.0,-0.10055766631862276,0.9949312316660647,-1.7958015773790002e-05,-7.6095296654716086e-06,0.0,0.0,0.0,1.8745252612164857e-20
2026-08-24T01:59:42.751151,52.71,1.0058182245535898,0.04106563488240705,0.0,-0.20145581580897962,0.0,0.0,-0.10055766153141252,0.9949312321499079,-0.00013595416783044044,-7.500402504945988e-06,0.0,0.0,0.0,1.804310531601601e-20
2026-08-24T01:59:42.772025,52.73,1.005818398479807,0.04106560046006228,0.0,-0.20145580696826745,0.0,0.0,-0.1005576571334622,0.9949312325944085,-0.0001004945098108642,-7.392497953291948e-06,0.0,0.0,0.0,1.7688916050445113e-20
2026-08-24T01:59:42.790653,52.75,1.0058193416205161,0.04106540893171785,0.0,-0.20145579841359054,0.0,0.0,-0.10055765287780455,0.9949312330245277,9.198312207413153e-05,-7.285805724467219e-06,0.0,0.0,0.0,1.7161086896309753e-20
2026-08-24T01:59:42.810581,52.77,1.0058197055167133,0.041065335688017846,0.0,-0.2014557894074338,0.0,0.0,-0.10055764839755124,0.9949312334773467,0.0001662207859929589,-7.18031522866781e-06,0.0,0.0,0.0,1.680754023485096e-20
2026-08-24T01:59:42.830844,52.79,1.0058187089506807,0.041065540274073414,0.0,-0.20145578013334742,0.0,0.0,-0.10055764378401214,0.9949312339436368,-3.72487314282531e-05,-7.076017382420186e-06,0.0,0.0,0.0,1.6625104776577453e-20
2026-08-24T01:59:42.850863,52.81,1.0058188274358169,0.041065517125535404,0.0,-0.20145577199287737,0.0,0.0,-0.10055763973440818,0.9949312343529301,-1.310390231970564e-05,-6.972904918646487e-06,0.0,0.0,0.0,1.679873607373984e-20
2026-08-24T01:59:42.871274,52.83,1.0058187330452732,0.04106553743982375,0.0,-0.2014557639074779,0.0,0.0,-0.10055763571219993,0.9949312347594543,-3.2413203656356146e-05,-6.8709667170945545e-06,0.0,0.0,0.0,1.5573307720711573e-20
2026-08-24T01:59:42.892541,52.85,1.0058187608072062,0.041065532795544396,0.0,-0.20145575615622985,0.0,0.0,-0.10055763185622052,0.9949312351491779,-2.6787202024871674e-05,-6.770193801534136e-06,0.0,0.0,0.0,1.6090947487286122e-20
2026-08-24T01:59:42.910665,52.87,1.0058187859334227,0.04106552867779725,0.0,-0.201455748615901,0.0,0.0,-0.10055762810516619,0.9949312355282968,-2.169883431081061e-05,-6.670576593117223e-06,0.0,0.0,0.0,1.4866861950433838e-20
2026-08-24T01:59:42.930932,52.89,1.005818246133371,0.041065639921054505,0.0,-0.20145574112036127,0.0,0.0,-0.10055762437639289,0.9949312359051636,-0.00013192710677206528,-6.572105474892846e-06,0.0,0.0,0.0,1.5384436344345242e-20
2026-08-24T01:59:42.954822,52.91,1.0058189620680082,0.0410654946990173,0.0,-0.20145573443087003,0.0,0.0,-0.10055762104860101,0.9949312362415033,1.4175758194300887e-05,-6.474772179346916e-06,0.0,0.0,0.0,1.485794175455217e-20
2026-08-24T01:59:42.971145,52.93,1.0058191152429004,0.041065464395721486,0.0,-0.20145572739898032,0.0,0.0,-0.10055761755047764,0.9949312365950583,4.5403316973094126e-05,-6.378565720105692e-06,0.0,0.0,0.0,1.502638475500854e-20
2026-08-24T01:59:42.991607,52.95,1.005818439628777,0.04106560334134343,0.0,-0.2014557203773193,0.0,0.0,-0.10055761405744269,0.994931236948099,-9.254713437810896e-05,-6.283477310301309e-06,0.0,0.0,0.0,1.415085427221073e-20
2026-08-24T01:59:43.011930,52.97,1.0058186340690334,0.04106556458793368,0.0,-0.20145571409992602,0.0,0.0,-0.10055761093465537,0.9949312372637189,-5.289426853721934e-05,-6.1894986505491575e-06,0.0,0.0,0.0,1.4321179688883434e-20
2026-08-24T01:59:43.031783,52.99,1.005818644920387,0.04106556331697666,0.0,-0.20145570781152505,0.0,0.0,-0.10055760780639211,0.9949312375798922,-5.0717147109454476e-05,-6.096619407548354e-06,0.0,0.0,0.0,1.3970845700032017e-20
2026-08-24T01:59:43.052830,53.02,1.0058189055519349,0.041065572182185074,0.0,-0.2014556957995084,0.0,0.0,-0.10055760183082679,0.994931238183842,-2.6795828528053053e-10,-5.889393693932744e-06,0.0,0.0,0.0,1.3442453051296422e-20
2026-08-24T01:59:43.075897,53.03,1.0058190249136099,0.04106548756965513,0.0,-0.2014556959085581,0.0,0.0,-0.10055760188507525,0.994931238178359,2.677569539051074e-05,-5.9141231521121675e-06,0.0,0.0,0.0,1.2740544453973567e-20
2026-08-24T01:59:43.090237,53.05,1.0058192808151962,0.04106543622009487,0.0,-0.20145569001350963,0.0,0.0,-0.10055759895249132,0.9949312384747551,7.897550979174116e-05,-5.824487338836464e-06,0.0,0.0,0.0,1.3086293078175394e-20
2026-08-24T01:59:43.110890,53.07,1.00581841753534,0.04106561342566565,0.0,-0.2014556839964743,0.0,0.0,-0.10055759595922312,0.9949312387772844,-9.728013916682511e-05,-5.735913967804181e-06,0.0,0.0,0.0,1.290560318582131e-20
2026-08-24T01:59:43.131195,53.09,1.005818780400446,0.041065540209850274,0.0,-0.2014556787631423,0.0,0.0,-0.10055759335582037,0.99493123904041,-2.3244299296811845e-05,-5.648395017623842e-06,0.0,0.0,0.0,1.2208298038730583e-20
2026-08-24T01:59:43.152323,53.11,1.0058192834657593,0.04106543835089627,0.0,-0.20145567350811122,0.0,0.0,-0.10055759074162308,0.9949312393046267,7.940982091897849e-05,-5.561920334315996e-06,0.0,0.0,0.0,1.2379191747737741e-20
2026-08-24T01:59:43.177894,53.13,1.0058188097637228,0.04106553596268028,0.0,-0.2014556680726627,0.0,0.0,-0.10055758803767431,0.9949312395779144,-1.7321110217644208e-05,-5.476480648490492e-06,0.0,0.0,0.0,1.2373943614414882e-20
2026-08-24T01:59:43.191982,53.14,1.0058189055519866,0.04106557218218505,0.0,-0.20145566295577355,0.0,0.0,-0.10055758549219788,0.9949312398351855,-2.432873811490185e-10,-5.37035807808005e-06,0.0,0.0,0.0,1.1677352941327945e-20
2026-08-24T01:59:43.213377,53.17,1.0058189064073022,0.041065517933374374,0.0,-0.20145565846518831,0.0,0.0,-0.10055758325828612,0.9949312400609667,2.33898470813856e-06,-5.308672185933953e-06,0.0,0.0,0.0,1.1147027758477703e-20
2026-08-24T01:59:43.230759,53.19,1.0058190851483357,0.04106548226830486,0.0,-0.2014556536779777,0.0,0.0,-0.10055758087681342,0.9949312403016618,3.879095300040144e-05,-5.226284616385776e-06,0.0,0.0,0.0,1.149397990133006e-20
2026-08-24T01:59:43.250112,53.21,1.0058195058594526,0.041065397176504856,0.0,-0.2014556490777406,0.0,0.0,-0.10055757858835362,0.9949312405329561,0.00012463644068856015,-5.144896399959283e-06,0.0,0.0,0.0,1.0964311213803259e-20
2026-08-24T01:59:43.273774,53.23,1.0058185716707635,0.04106558878033225,0.0,-0.2014556442087501,0.0,0.0,-0.10055757616619822,0.9949312407777631,-6.60904387557647e-05,-5.064498085380456e-06,0.0,0.0,0.0,1.0615400851469302e-20
2026-08-24T01:59:43.290920,53.25,1.0058187023131866,0.041065562908030914,0.0,-0.20145564005676597,0.0,0.0,-0.10055757410072888,0.9949312409865199,-3.945435810030159e-05,-4.9850818621943115e-06,0.0,0.0,0.0,1.043596777027299e-20
2026-08-24T01:59:43.311576,53.27,1.0058187818126094,0.04106554747056847,0.0,-0.20145563593446345,0.0,0.0,-0.1005575720500251,0.9949312411937842,-2.3258347065499017e-05,-4.90663807655305e-06,0.0,0.0,0.0,1.0608086114137798e-20
2026-08-24T01:59:43.330983,53.29,1.0058188960913215,0.041065524920473245,0.0,-0.20145563194704724,0.0,0.0,-0.10055757006642264,0.9949312413942667,3.746985688628105e-08,-4.829158011646484e-06,0.0,0.0,0.0,1.0257198386438733e-20
2026-08-24T01:59:43.351753,53.31,1.005818616765538,0.04106558274491131,0.0,-0.20145562797495176,0.0,0.0,-0.10055756809044167,0.9949312415939788,-5.701192574383045e-05,-4.752632740487823e-06,0.0,0.0,0.0,9.903640303680108e-21
2026-08-24T01:59:43.372140,53.33,1.0058190877512927,0.041065487326657206,0.0,-0.20145562434385722,0.0,0.0,-0.10055756628409698,0.9949312417765458,3.909875810204449e-05,-4.677053839683372e-06,0.0,0.0,0.0,1.0077067200540718e-20
2026-08-24T01:59:43.390760,53.35,1.0058190455035707,0.04106549671445397,0.0,-0.20145562056128874,0.0,0.0,-0.1005575644023992,0.9949312419667288,3.0444079925403842e-05,-4.602412072083229e-06,0.0,0.0,0.0,9.549416595369704e-21
2026-08-24T01:59:43.415729,53.37,1.0058184789137026,0.04106561317705955,0.0,-0.20145561684802,0.0,0.0,-0.10055756255517563,0.9949312421534273,-8.524263353739713e-05,-4.528698985187423e-06,0.0,0.0,0.0,9.025796008436599e-21
2026-08-24T01:59:43.431385,53.39,1.0058183776883345,0.04106563459081263,0.0,-0.20145561347464908,0.0,0.0,-0.10055756087703957,0.9949312423230363,-0.00010593473831679631,-4.455906190579583e-06,0.0,0.0,0.0,9.025787711454947e-21
2026-08-24T01:59:43.450824,53.41,1.0058185938747886,0.041065591171577154,0.0,-0.20145561031740164,0.0,0.0,-0.10055755930641755,0.9949312424817789,-6.183431205817912e-05,-4.38402494499061e-06,0.0,0.0,0.0,9.193137743529722e-21
2026-08-24T01:59:43.472204,53.43,1.0058185574467853,0.041065599333577604,0.0,-0.2014556071245997,0.0,0.0,-0.10055755771810831,0.994931242642309,-6.929933789187475e-05,-4.31304643300782e-06,0.0,0.0,0.0,9.017042348069907e-21
2026-08-24T01:59:43.490676,53.45,1.0058182562401827,0.04106566156113041,0.0,-0.2014556039735606,0.0,0.0,-0.10055755615057474,0.9949312428007395,-0.00013081246226940012,-4.242962204353119e-06,0.0,0.0,0.0,8.493466811356776e-21
2026-08-24T01:59:43.510617,53.47,1.0058190244156178,0.04106550538416275,0.0,-0.2014556011712627,0.0,0.0,-0.10055755475652786,0.9949312429416356,2.5965488648397966e-05,-4.17376405887657e-06,0.0,0.0,0.0,8.663488281473604e-21
2026-08-24T01:59:43.530927,53.49,1.0058190144589572,0.041065508113002434,0.0,-0.20145559811940658,0.0,0.0,-0.10055755323833436,0.9949312430950792,2.3904638471390534e-05,-4.105442994332166e-06,0.0,0.0,0.0,8.486028563256242e-21
2026-08-24T01:59:43.551815,53.51,1.0058189915525833,0.041065513477670096,0.0,-0.20145559517901385,0.0,0.0,-0.10055755177559002,0.9949312432429185,1.920133427031326e-05,-4.037990951387004e-06,0.0,0.0,0.0,8.483318029630027e-21
2026-08-24T01:59:43.571430,53.53,1.0058188278488025,0.04106554758805937,0.0,-0.20145559233322133,0.0,0.0,-0.10055755035990609,0.9949312433860015,-1.4242266177393325e-05,-3.9713995517541155e-06,0.0,0.0,0.0,7.960446950902077e-21
2026-08-24T01:59:43.590634,53.55,1.0058188346100687,0.04106554687640286,0.0,-0.20145558964583105,0.0,0.0,-0.1005575490230218,0.9949312435211202,-1.2888756575905782e-05,-3.9056605303322134e-06,0.0,0.0,0.0,7.7843601540733e-21
2026-08-24T01:59:43.612112,53.57,1.005818248872996,0.04106566715965878,0.0,-0.20145558693169185,0.0,0.0,-0.10055754767283089,0.9949312436575838,-0.00013248035790741988,-3.840765448080469e-06,0.0,0.0,0.0,7.258800517883687e-21
2026-08-24T01:59:43.630787,53.59,1.0058183870426929,0.04106563959391106,0.0,-0.20145558455118232,0.0,0.0,-0.10055754648860922,0.9949312437772729,-0.00010430173417627013,-3.7767063798959298e-06,0.0,0.0,0.0,7.429435239709081e-21
2026-08-24T01:59:43.651661,53.61,1.005818079189595,0.04106570310914339,0.0,-0.20145558218589565,0.0,0.0,-0.10055754531196043,0.9949312438961966,-0.0001671689853425298,-3.7134748633653707e-06,0.0,0.0,0.0,7.080662162399508e-21
2026-08-24T01:59:43.670925,53.63,1.0058187815158324,0.04106556031127795,0.0,-0.20145558012843612,0.0,0.0,-0.10055754428844504,0.9949312439996432,-2.3829929795152348e-05,-3.6510630011710566e-06,0.0,0.0,0.0,7.426700037379298e-21
2026-08-24T01:59:43.692580,53.65,1.0058190622404097,0.0410655036071325,0.0,-0.20145557782868595,0.0,0.0,-0.1005575431443984,0.9949312441152718,3.344816786584962e-05,-3.5894622437106776e-06,0.0,0.0,0.0,7.250611959990045e-21
2026-08-24T01:59:43.709969,53.67,1.005817992232931,0.041065722749249446,0.0,-0.2014555753823068,0.0,0.0,-0.10055754192740889,0.9949312442382727,-0.00018499503472144444,-3.528664634084121e-06,0.0,0.0,0.0,7.07451743088986e-21
2026-08-24T01:59:43.730745,53.69,1.005818048159396,0.0410657119384307,0.0,-0.201455573444326,0.0,0.0,-0.10055754096333003,0.994931244335712,-0.00017360253950839786,-3.4686626862984418e-06,0.0,0.0,0.0,6.546937240221976e-21
2026-08-24T01:59:43.751117,53.71,1.005818777647506,0.04106556356089215,0.0,-0.20145557161209332,0.0,0.0,-0.1005575400518573,0.9949312444278344,-2.4717933621925152e-05,-3.4094481121935034e-06,0.0,0.0,0.0,7.069029841768641e-21
2026-08-24T01:59:43.770830,53.73,1.0058185514609523,0.04106561034891504,0.0,-0.20145556953527646,0.0,0.0,-0.10055753901871227,0.9949312445322542,-7.091323745065693e-05,-3.351012734119345e-06,0.0,0.0,0.0,6.023493415725709e-21
2026-08-24T01:59:43.790411,53.75,1.0058189172759817,0.041065536227053084,0.0,-0.2014555676872969,0.0,0.0,-0.10055753809940597,0.9949312446251684,3.736403106904186e-06,-3.2933490591813947e-06,0.0,0.0,0.0,6.193392812385703e-21
2026-08-24T01:59:43.810433,53.77,1.0058193653644445,0.0410654452950614,0.0,-0.20145556577907087,0.0,0.0,-0.10055753715012913,0.9949312447211116,9.51802654623608e-05,-3.2364490502885963e-06,0.0,0.0,0.0,6.364662302556205e-21
2026-08-24T01:59:43.830439,53.79,1.005819745777641,0.04106536817642123,0.0,-0.20145556385489358,0.0,0.0,-0.10055753619291709,0.9949312448178569,0.00017280990762302202,-3.1803049793907793e-06,0.0,0.0,0.0,6.190639659512734e-21
2026-08-24T01:59:43.852153,53.81,1.0058191237907121,0.04106549576619684,0.0,-0.20145556176136248,0.0,0.0,-0.10055753515145732,0.994931244923117,4.58223024423887e-05,-3.1249090206236306e-06,0.0,0.0,0.0,6.1871979092485e-21
2026-08-24T01:59:43.874642,53.83,1.0058194474897424,0.04106543021491034,0.0,-0.20145556003096354,0.0,0.0,-0.10055753429064335,0.9949312450101193,0.00011187641653926005,-3.070253879146581e-06,0.0,0.0,0.0,5.662387024411948e-21
2026-08-24T01:59:43.889839,53.85,1.0058184680423046,0.04106563079236915,0.0,-0.20145555813135288,0.0,0.0,-0.10055753334565233,0.9949312451056294,-8.80781686067376e-05,-3.0163315514768783e-06,0.0,0.0,0.0,5.835712985600737e-21
2026-08-24T01:59:43.913859,53.87,1.0058192750543002,0.04106546652124391,0.0,-0.2014555567144933,0.0,0.0,-0.10055753264081342,0.9949312451768674,7.663441976597281e-05,-2.963134903523876e-06,0.0,0.0,0.0,6.18234216931511e-21
2026-08-24T01:59:43.930205,53.89,1.0058188448153058,0.04106555492145554,0.0,-0.20145555501209023,0.0,0.0,-0.1005575317939264,0.9949312452624621,-1.1211256042505291e-05,-2.910655885031058e-06,0.0,0.0,0.0,5.657553104059796e-21
2026-08-24T01:59:43.950600,53.91,1.0058185627003955,0.041065613063671354,0.0,-0.20145555350456767,0.0,0.0,-0.10055753104398575,0.9949312453382585,-6.881952868309269e-05,-2.858887340432746e-06,0.0,0.0,0.0,5.832244289708935e-21
2026-08-24T01:59:43.971708,53.93,1.0058184958607903,0.0410656272339533,0.0,-0.2014555521012116,0.0,0.0,-0.10055753034586434,0.9949312454088175,-8.248391046531279e-05,-2.8078217741286724e-06,0.0,0.0,0.0,5.307466669128026e-21
2026-08-24T01:59:43.990045,53.95,1.0058187097494495,0.04106558406519153,0.0,-0.20145555081480682,0.0,0.0,-0.1005575297059222,0.9949312454734963,-3.884380586700313e-05,-2.757451811507437e-06,0.0,0.0,0.0,4.958082174148693e-21
2026-08-24T01:59:44.010718,53.97,1.0058190502360702,0.04106551503485352,0.0,-0.20145554951734426,0.0,0.0,-0.10055752906047917,0.9949312455387311,3.063857606671118e-05,-2.707770040177929e-06,0.0,0.0,0.0,4.954603817527005e-21
2026-08-24T01:59:44.031913,53.99,1.0058189944601779,0.0410655269246349,0.0,-0.2014555481816776,0.0,0.0,-0.10055752839603091,0.9949312456058867,1.9232921856637306e-05,-2.65876916575416e-06,0.0,0.0,0.0,5.125814862436621e-21
2026-08-24T01:59:44.051600,54.01,1.0058192006527014,0.04106548530684177,0.0,-0.20145554691934908,0.0,0.0,-0.10055752776806588,0.9949312456693551,6.130289649444875e-05,-2.6104420252882833e-06,0.0,0.0,0.0,5.124424729222438e-21
2026-08-24T01:59:44.071039,54.03,1.0058186914470129,0.0410655897850693,0.0,-0.20145554559306023,0.0,0.0,-0.10055752710828278,0.9949312457360393,-4.265967907932065e-05,-2.5627813552797518e-06,0.0,0.0,0.0,4.6024574389220595e-21
2026-08-24T01:59:44.090033,54.05,1.0058186021835174,0.04106560849353959,0.0,-0.20145554445371655,0.0,0.0,-0.10055752654149844,0.994931245793324,-6.0899606198446096e-05,-2.5157801687745496e-06,0.0,0.0,0.0,4.599672207695352e-21
2026-08-24T01:59:44.113561,54.07,1.0058188006336244,0.04106556843682155,0.0,-0.20145554337988264,0.0,0.0,-0.10055752600730299,0.9949312458473151,-2.040923574310413e-05,-2.469431308950438e-06,0.0,0.0,0.0,4.601064838664793e-21
2026-08-24T01:59:44.131028,54.09,1.0058190522927375,0.04106551750688518,0.0,-0.20145554231834686,0.0,0.0,-0.10055752547922545,0.9949312459006878,3.094258735065345e-05,-2.423727713764386e-06,0.0,0.0,0.0,4.597572378889091e-21
2026-08-24T01:59:44.150982,54.11,1.005819077610733,0.041065512795159395,0.0,-0.2014555412382153,0.0,0.0,-0.10055752494189713,0.9949312459549955,3.60921292251222e-05,-2.37866238565473e-06,0.0,0.0,0.0,4.24821138380598e-21
2026-08-24T01:59:44.171443,54.12,1.005818905552652,0.04106557218211086,0.0,-0.20145554015997824,0.0,0.0,-0.10055752440551126,0.9949312460092079,5.862750127087811e-11,-2.328685441437327e-06,0.0,0.0,0.0,4.766654806471754e-21
2026-08-24T01:59:44.190384,54.15,1.0058190316783744,0.041065523074258606,0.0,-0.20145553917146497,0.0,0.0,-0.1005575239137599,0.9949312460589091,2.668015097820798e-05,-2.2904189373685145e-06,0.0,0.0,0.0,4.5961703526677325e-21
2026-08-24T01:59:44.210624,54.17,1.0058191089407553,0.04106550773508593,0.0,-0.2014555382042547,0.0,0.0,-0.10055752343260602,0.9949312461075392,4.243392537225275e-05,-2.247227113163164e-06,0.0,0.0,0.0,4.2440205427978185e-21
2026-08-24T01:59:44.231937,54.19,1.0058194126679956,0.041065446139723856,0.0,-0.20145553729881582,0.0,0.0,-0.10055752298218132,0.9949312461530636,0.00010441564238403145,-2.2046461727506747e-06,0.0,0.0,0.0,3.548837930057929e-21
2026-08-24T01:59:44.250826,54.21,1.0058193715009816,0.04106545497453123,0.0,-0.20145553632926605,0.0,0.0,-0.10055752249986363,0.9949312462018114,9.599500707117278e-05,-2.1626693224948036e-06,0.0,0.0,0.0,4.238412284638003e-21
2026-08-24T01:59:44.271658,54.23,1.0058187170090245,0.04106558906005473,0.0,-0.2014555353560739,0.0,0.0,-0.10055752201573398,0.9949312462507423,-3.7621783319176265e-05,-2.1212899135258834e-06,0.0,0.0,0.0,4.0644381741983135e-21
2026-08-24T01:59:44.290196,54.25,1.0058191847457885,0.04106549395147456,0.0,-0.201455534621227,0.0,0.0,-0.10055752165017293,0.9949312462876895,5.784011728431053e-05,-2.080501428595998e-06,0.0,0.0,0.0,3.889067414880071e-21
2026-08-24T01:59:44.310425,54.27,1.0058189836358393,0.04106553543272451,0.0,-0.20145553377900646,0.0,0.0,-0.10055752123119717,0.9949312463300353,1.6771278996261728e-05,-2.0402971226002886e-06,0.0,0.0,0.0,3.88836446093174e-21
2026-08-24T01:59:44.330832,54.29,1.0058190140249963,0.04106552962999929,0.0,-0.2014555330226901,0.0,0.0,-0.1005575208549558,0.994931246368062,2.2958543220358608e-05,-2.0006705569319244e-06,0.0,0.0,0.0,3.7144028656910226e-21
2026-08-24T01:59:44.351000,54.31,1.0058190832678322,0.04106551588653711,0.0,-0.2014555322980893,0.0,0.0,-0.10055752049449179,0.9949312464044939,3.707698057476033e-05,-1.961615226414219e-06,0.0,0.0,0.0,3.716509070973764e-21
2026-08-24T01:59:44.371388,54.33,1.0058188690011314,0.04106556003729707,0.0,-0.20145553157075247,0.0,0.0,-0.10055752013266671,0.9949312464410636,-6.676532838834011e-06,-1.923124687091769e-06,0.0,0.0,0.0,4.2327600938133615e-21
2026-08-24T01:59:44.390368,54.35,1.005818868824241,0.04106556045970653,0.0,-0.2014555309160611,0.0,0.0,-0.10055751980698024,0.9949312464739806,-6.727936666638205e-06,-1.8851925922436763e-06,0.0,0.0,0.0,3.3622606388725643e-21
2026-08-24T01:59:44.411532,54.37,1.0058181764280474,0.04106570224555566,0.0,-0.2014555302553496,0.0,0.0,-0.10055751947829898,0.9949312465072003,-0.00014808046054315069,-1.8478125792800366e-06,0.0,0.0,0.0,2.840384714741616e-21
2026-08-24T01:59:44.431864,54.39,1.0058180980217013,0.04106571863326741,0.0,-0.2014555297568661,0.0,0.0,-0.1005575192303206,0.9949312465322635,-0.00016409986112706442,-1.8109784381600221e-06,0.0,0.0,0.0,2.8382718422721832e-21
2026-08-24T01:59:44.451167,54.41,1.005818716950545,0.04106559260163545,0.0,-0.20145552932166225,0.0,0.0,-0.10055751901382162,0.994931246554145,-3.7774037032882384e-05,-1.7746838973405907e-06,0.0,0.0,0.0,3.3587244207132768e-21
2026-08-24T01:59:44.473344,54.44,1.0058189055525113,0.04106557218215239,0.0,-0.2014555282233172,0.0,0.0,-0.10055751846743276,0.9949312466093685,1.1249841887857239e-10,-1.7010119506989066e-06,0.0,0.0,0.0,2.8361567398484367e-21
2026-08-24T01:59:44.490305,54.45,1.005819071066841,0.04106552100496549,0.0,-0.20145552821604354,0.0,0.0,-0.10055751846381433,0.9949312466097342,3.448141336874987e-05,-1.7036887854425736e-06,0.0,0.0,0.0,3.1826477289134437e-21
2026-08-24T01:59:44.510524,54.47,1.0058189625711087,0.04106554351612017,0.0,-0.2014555276618424,0.0,0.0,-0.10055751818811832,0.9949312466375987,1.2320117094513241e-05,-1.6689760583688469e-06,0.0,0.0,0.0,2.3143147580968084e-21
2026-08-24T01:59:44.529789,54.49,1.0058185552698984,0.04106562704582619,0.0,-0.20145552711301964,0.0,0.0,-0.10055751791509786,0.9949312466651928,-7.083519045671241e-05,-1.6347784983225573e-06,0.0,0.0,0.0,3.008691304430327e-21
2026-08-24T01:59:44.551225,54.51,1.0058187065482773,0.04106559649397523,0.0,-0.2014555266689202,0.0,0.0,-0.10055751769417366,0.9949312466875216,-3.9968502110973304e-05,-1.6010901626874916e-06,0.0,0.0,0.0,2.832622129352062e-21
2026-08-24T01:59:44.569992,54.53,1.005819065137143,0.0410655235988491,0.0,-0.20145552624277221,0.0,0.0,-0.10055751748217968,0.9949312467089478,3.3215776785873864e-05,-1.5679050886007118e-06,0.0,0.0,0.0,2.4847336623986024e-21
2026-08-24T01:59:44.589907,54.55,1.0058195497154998,0.041065424968354795,0.0,-0.20145552580312392,0.0,0.0,-0.10055751726346976,0.9949312467310527,0.00013211805620986982,-1.5352173854684929e-06,0.0,0.0,0.0,2.1354320635140764e-21
2026-08-24T01:59:44.611164,54.57,1.0058193678738327,0.041065462433034175,0.0,-0.20145552527070176,0.0,0.0,-0.10055751699860806,0.9949312467578223,9.498567486523874e-05,-1.5030211962995376e-06,0.0,0.0,0.0,2.82978618150989e-21
2026-08-24T01:59:44.630590,54.59,1.0058187568282941,0.041065587547281505,0.0,-0.20145552478059164,0.0,0.0,-0.1005575167547951,0.9949312467824644,-2.975849520520486e-05,-1.4713107881508146e-06,0.0,0.0,0.0,2.4819023810572286e-21
2026-08-24T01:59:44.652236,54.61,1.0058185509921673,0.04106562990241939,0.0,-0.2014555243932321,0.0,0.0,-0.10055751656209708,0.9949312468019403,-7.178761131629326e-05,-1.4400804464588238e-06,0.0,0.0,0.0,2.653006957131279e-21
2026-08-24T01:59:44.670367,54.63,1.0058189330002547,0.04106555219976449,0.0,-0.20145552407558176,0.0,0.0,-0.10055751640407694,0.9949312468179115,6.178449680716013e-06,-1.4093244748580895e-06,0.0,0.0,0.0,2.305838378472896e-21
2026-08-24T01:59:44.689885,54.65,1.0058186477582909,0.04106561076202685,0.0,-0.20145552369015984,0.0,0.0,-0.1005575162123428,0.99493124683729,-5.2059968435775e-05,-1.379037194074443e-06,0.0,0.0,0.0,2.476940159604954e-21
2026-08-24T01:59:44.710169,54.67,1.0058188127617764,0.04106557736783104,0.0,-0.20145552338514114,0.0,0.0,-0.10055751606060648,0.9949312468526259,-1.8390148229904078e-05,-1.3492130659146929e-06,0.0,0.0,0.0,2.3022986971877102e-21
2026-08-24T01:59:44.731374,54.69,1.0058196828426604,0.041065399973971024,0.0,-0.20145552309998832,0.0,0.0,-0.10055751591875277,0.9949312468669631,0.00015920541706201054,-1.3198465333357761e-06,0.0,0.0,0.0,2.126940941432157e-21
2026-08-24T01:59:44.750796,54.71,1.0058196219784052,0.041065412698541776,0.0,-0.20145552268285177,0.0,0.0,-0.10055751571124168,0.9949312468879362,0.00014676891983662717,-1.2909320623980179e-06,0.0,0.0,0.0,1.7811985610268985e-21
2026-08-24T01:59:44.770490,54.73,1.005819940592211,0.04106534791935,0.0,-0.20145552231786557,0.0,0.0,-0.10055751552967356,0.9949312469062872,0.0002117952555357486,-1.2624642694439315e-06,0.0,0.0,0.0,1.605854553426839e-21
2026-08-24T01:59:44.791497,54.75,1.0058192473682976,0.04106548977905068,0.0,-0.20145552188611665,0.0,0.0,-0.10055751531489335,0.9949312469279951,7.027738101349023e-05,-1.2344377276068423e-06,0.0,0.0,0.0,2.3001639425450325e-21
2026-08-24T01:59:44.810856,54.77,1.0058191980820974,0.04106550012560965,0.0,-0.20145552157954505,0.0,0.0,-0.10055751516238448,0.9949312469434091,6.0205950870279254e-05,-1.2068471444372566e-06,0.0,0.0,0.0,2.4733795292723214e-21
2026-08-24T01:59:44.829751,54.79,1.0058191253672844,0.04106551525251341,0.0,-0.2014555212969133,0.0,0.0,-0.10055751502178494,0.9949312469576195,4.535179143374418e-05,-1.1796871931840504e-06,0.0,0.0,0.0,1.777662422444406e-21
2026-08-24T01:59:44.850706,54.81,1.0058193398195523,0.04106547172815687,0.0,-0.20145552104038925,0.0,0.0,-0.100557514894173,0.9949312469705172,8.911661707769011e-05,-1.1529526244003121e-06,0.0,0.0,0.0,2.2966063883696876e-21
2026-08-24T01:59:44.870137,54.83,1.0058187351078411,0.041065595493954415,0.0,-0.20145552073787032,0.0,0.0,-0.10055751474368024,0.9949312469857274,-3.433269138538461e-05,-1.1266382176106284e-06,0.0,0.0,0.0,2.4719594475139043e-21
2026-08-24T01:59:44.889376,54.85,1.0058187888483288,0.04106558478259153,0.0,-0.20145552052790142,0.0,0.0,-0.10055751463922792,0.9949312469962844,-2.3372870038971263e-05,-1.1007388514147434e-06,0.0,0.0,0.0,2.121260555096887e-21
2026-08-24T01:59:44.914304,54.87,1.0058188209234336,0.041065578491686856,0.0,-0.20145552032829533,0.0,0.0,-0.10055751453993074,0.9949312470063203,-1.683590089021289e-05,-1.0752493969191933e-06,0.0,0.0,0.0,2.1212585614124332e-21
2026-08-24T01:59:44.931090,54.89,1.0058183971487809,0.04106566529294922,0.0,-0.20145552011510187,0.0,0.0,-0.10055751443387431,0.9949312470170394,-0.00010335030613889176,-1.0501647867246675e-06,0.0,0.0,0.0,2.2951853542925554e-21
2026-08-24T01:59:44.950717,54.9,1.0058189055515765,0.041065572182357006,0.0,-0.20145551996258468,0.0,0.0,-0.1005575143580023,0.9949312470247078,-4.767289917318173e-10,-1.0255667014863284e-06,0.0,0.0,0.0,1.9480484604967904e-21
2026-08-24T01:59:44.970997,54.93,1.0058185575623377,0.041065633031280184,0.0,-0.20145551984735288,0.0,0.0,-0.10055751430067843,0.9949312470305015,-7.062493102913227e-05,-1.0011901317976096e-06,0.0,0.0,0.0,2.1205487371946693e-21
2026-08-24T01:59:44.990588,54.95,1.0058189259439496,0.041065558041727665,0.0,-0.20145551969910794,0.0,0.0,-0.10055751422693165,0.9949312470379551,4.5619588982904276e-06,-9.772901741384798e-07,0.0,0.0,0.0,2.1184123709307514e-21
2026-08-24T01:59:45.015320,54.97,1.00581949729454,0.041065441596751344,0.0,-0.2014555195441714,0.0,0.0,-0.10055751414985606,0.9949312470457451,0.00012118057430252783,-9.537752805652215e-07,0.0,0.0,0.0,2.292334857457434e-21
2026-08-24T01:59:45.031484,54.99,1.0058191527048783,0.04106551220654732,0.0,-0.20145551931222186,0.0,0.0,-0.10055751403446912,0.9949312470574072,5.083043717185274e-05,-9.306406059715027e-07,0.0,0.0,0.0,1.9430703500918623e-21
2026-08-24T01:59:45.050480,55.01,1.0058193151626464,0.041065479260348106,0.0,-0.20145551914229062,0.0,0.0,-0.1005575139499342,0.9949312470659512,8.398352725872126e-05,-9.078813953252525e-07,0.0,0.0,0.0,2.2923333764952145e-21
2026-08-24T01:59:45.071255,55.03,1.0058184549110039,0.041065655174035674,0.0,-0.20145551894029534,0.0,0.0,-0.10055751384944848,0.9949312470761073,-9.162695594114057e-05,-8.854928888533154e-07,0.0,0.0,0.0,1.4213141007284324e-21
2026-08-24T01:59:45.091396,55.05,1.005818616228314,0.04106562245324847,0.0,-0.20145551884196908,0.0,0.0,-0.10055751380053456,0.994931247081051,-5.870595742656819e-05,-8.634704186796887e-07,0.0,0.0,0.0,1.7684352290043377e-21
2026-08-24T01:59:45.111754,55.07,1.0058189347286957,0.041065557627942485,0.0,-0.20145551872949236,0.0,0.0,-0.10055751374458127,0.9949312470867062,6.299890977995032e-06,-8.418093111035476e-07,0.0,0.0,0.0,2.113417409433477e-21
2026-08-24T01:59:45.130040,55.09,1.0058188746288876,0.041065570118936245,0.0,-0.20145551859744337,0.0,0.0,-0.10055751367889142,0.9949312470933455,-5.97709879596701e-06,-8.205049602091738e-07,0.0,0.0,0.0,1.4198899180384255e-21
2026-08-24T01:59:45.150566,55.11,1.0058188531540586,0.041065574718127176,0.0,-0.20145551847653523,0.0,0.0,-0.10055751361874375,0.9949312470994245,-1.0369203953755708e-05,-7.995528114525545e-07,0.0,0.0,0.0,2.1148403370672006e-21
2026-08-24T01:59:45.173039,55.13,1.0058196755926239,0.04106540696488115,0.0,-0.2014555183838853,0.0,0.0,-0.10055751357265362,0.9949312471040829,0.00015750494403803268,-7.789483511325526e-07,0.0,0.0,0.0,1.767006953278421e-21
2026-08-24T01:59:45.192401,55.15,1.0058191221025017,0.04106552020829425,0.0,-0.2014555182124833,0.0,0.0,-0.10055751348738702,0.9949312471127008,4.4513360951800654e-05,-7.586870881590327e-07,0.0,0.0,0.0,1.768437118711411e-21
2026-08-24T01:59:45.211104,55.17,1.0058189598521725,0.04106555354699451,0.0,-0.20145551808238205,0.0,0.0,-0.10055751342266611,0.9949312471192421,1.138590345310119e-05,-7.387646146824436e-07,0.0,0.0,0.0,1.419182628999055e-21
2026-08-24T01:59:45.230013,55.19,1.005818452314105,0.04106565739895906,0.0,-0.20145551797437694,0.0,0.0,-0.10055751336893726,0.9949312471246724,-9.222461637508645e-05,-7.191765416736923e-07,0.0,0.0,0.0,1.938060469126628e-21
2026-08-24T01:59:45.250517,55.21,1.005818580054712,0.041065631507261134,0.0,-0.2014555179068265,0.0,0.0,-0.10055751333533325,0.9949312471280688,-6.61566481056465e-05,-6.999185294771888e-07,0.0,0.0,0.0,8.960186904734751e-22
2026-08-24T01:59:45.271994,55.23,1.0058183781210617,0.04106567294023958,0.0,-0.2014555178299782,0.0,0.0,-0.10055751329710386,0.9949312471319326,-0.00010738473577078676,-6.809862707803362e-07,0.0,0.0,0.0,1.937340257046859e-21
2026-08-24T01:59:45.296284,55.25,1.0058189934003696,0.04106554747396623,0.0,-0.20145551778945814,0.0,0.0,-0.10055751327694654,0.99493124713397,1.8203390597776767e-05,-6.623755163722981e-07,0.0,0.0,0.0,1.4148920960167057e-21
2026-08-24T01:59:45.310968,55.26,1.0058189055524405,0.04106557218218828,0.0,-0.20145551769120698,0.0,0.0,-0.10055751322806995,0.9949312471389099,-3.325921949425646e-11,-6.454986852001276e-07,0.0,0.0,0.0,1.2416983019289797e-21
2026-08-24T01:59:45.330153,55.29,1.005818699552379,0.04106560785494747,0.0,-0.2014555176027688,0.0,0.0,-0.100557513184075,0.9949312471433565,-4.179436793136444e-05,-6.261016745397956e-07,0.0,0.0,0.0,1.2424165149756897e-21
2026-08-24T01:59:45.350228,55.31,1.0058189774000528,0.04106555129136028,0.0,-0.2014555175461257,0.0,0.0,-0.100557513155897,0.9949312471462044,1.491504605465905e-05,-6.084302999046863e-07,0.0,0.0,0.0,1.2417005923185685e-21
2026-08-24T01:59:45.371832,55.33,1.0058187319172918,0.04106560160225136,0.0,-0.20145551746238338,0.0,0.0,-0.10055751311423806,0.9949312471504148,-3.5202061539370726e-05,-5.910638174183655e-07,0.0,0.0,0.0,1.760561357354714e-21
2026-08-24T01:59:45.390095,55.35,1.0058186874444335,0.04106561085866956,0.0,-0.20145551740009224,0.0,0.0,-0.1005575130832504,0.9949312471535467,-4.428698741576015e-05,-5.73998187615184e-07,0.0,0.0,0.0,1.41203159134221e-21
2026-08-24T01:59:45.413954,55.37,1.0058183293181158,0.04106568416819743,0.0,-0.20145551734028008,0.0,0.0,-0.1005575130534959,0.994931247156554,-0.0001173973257827819,-5.572294030838467e-07,0.0,0.0,0.0,1.0642182580130209e-21
2026-08-24T01:59:45.430944,55.39,1.0058185468282501,0.04106563991492276,0.0,-0.20145551731353617,0.0,0.0,-0.10055751304019171,0.9949312471578987,-7.300393849709072e-05,-5.407535034339895e-07,0.0,0.0,0.0,1.23883665791996e-21
2026-08-24T01:59:45.452283,55.41,1.005818492124867,0.04106565125173257,0.0,-0.20145551727047198,0.0,0.0,-0.10055751301876875,0.9949312471600639,-8.417716697161644e-05,-5.245665588588358e-07,0.0,0.0,0.0,1.0627839682078252e-21
2026-08-24T01:59:45.470710,55.43,1.0058192824096455,0.04106549001724799,0.0,-0.20145551725240374,0.0,0.0,-0.10055751300978043,0.9949312471609724,7.713540728150625e-05,-5.08664692124344e-07,0.0,0.0,0.0,7.15690985019147e-22
2026-08-24T01:59:45.490725,55.45,1.0058188865884217,0.041065571013359656,0.0,-0.20145551717795973,0.0,0.0,-0.1005575129727471,0.9949312471647153,-3.6696269337075577e-06,-4.930440502100611e-07,0.0,0.0,0.0,1.5844977697321557e-21
2026-08-24T01:59:45.513245,55.47,1.005819441013809,0.04106545794176271,0.0,-0.20145551714002255,0.0,0.0,-0.10055751295387465,0.9949312471666227,0.0001094980136734744,-4.777008424304864e-07,0.0,0.0,0.0,1.4113141213827235e-21
2026-08-24T01:59:45.530263,55.49,1.0058189327301952,0.041065561899986426,0.0,-0.2014555170657517,0.0,0.0,-0.10055751291692747,0.994931247170357,5.7366634125800705e-06,-4.626312969960228e-07,0.0,0.0,0.0,1.2352572830755172e-21
2026-08-24T01:59:45.552712,55.51,1.0058183398587315,0.04106568313048365,0.0,-0.20145551701013176,0.0,0.0,-0.10055751288925845,0.9949312471731535,-0.00011529048219947358,-4.478316972725289e-07,0.0,0.0,0.0,1.2352574569780215e-21
2026-08-24T01:59:45.570772,55.53,1.0058185814930913,0.04106563393064224,0.0,-0.20145551699190195,0.0,0.0,-0.10055751288018973,0.99493124717407,-6.597168825240073e-05,-4.3329836055601294e-07,0.0,0.0,0.0,8.874544756105587e-22
2026-08-24T01:59:45.591346,55.55,1.0058188483562396,0.0410655795757574,0.0,-0.2014555169678554,0.0,0.0,-0.1005575128682274,0.994931247175279,-1.1503529184260808e-05,-4.1902763659027843e-07,0.0,0.0,0.0,8.86735736439491e-22
2026-08-24T01:59:45.611517,55.57,1.0058183821975017,0.041065674920223755,0.0,-0.20145551692503538,0.0,0.0,-0.10055751284692593,0.994931247177432,-0.00010666537274437138,-4.0501591755201626e-07,0.0,0.0,0.0,1.06278910028995e-21
2026-08-24T01:59:45.630374,55.59,1.0058192382949693,0.04106550022324485,0.0,-0.20145551692003186,0.0,0.0,-0.10055751284443684,0.9949312471776836,6.80825979310304e-05,-3.9125964120187357e-07,0.0,0.0,0.0,1.2338205056362565e-21
2026-08-24T01:59:45.650482,55.61,1.005819278672868,0.04106549211469075,0.0,-0.20145551687594798,0.0,0.0,-0.10055751282250663,0.9949312471799001,7.631870283373789e-05,-3.7775526915807107e-07,0.0,0.0,0.0,5.360641861727054e-22
2026-08-24T01:59:45.672052,55.64,1.0058189055530162,0.04106557218207668,0.0,-0.20145551679701112,0.0,0.0,-0.10055751278323827,0.9949312471838689,2.1342106814453699e-10,-3.5374001998909843e-07,0.0,0.0,0.0,7.135499529007634e-22
2026-08-24T01:59:45.689823,55.65,1.0058189739348649,0.041065554617813256,0.0,-0.20145551679402374,0.0,0.0,-0.10055751278175214,0.9949312471840192,1.4102577754684103e-05,-3.5148832010725864e-07,0.0,0.0,0.0,1.2316645083926723e-21
2026-08-24T01:59:45.710861,55.67,1.0058187543195078,0.04106559959910935,0.0,-0.20145551676212262,0.0,0.0,-0.10055751276588241,0.9949312471856231,-3.073208589933066e-05,-3.387188717121262e-07,0.0,0.0,0.0,1.061353755335605e-21
2026-08-24T01:59:45.730078,55.69,1.005819112570416,0.04106552656277442,0.0,-0.20145551674703643,0.0,0.0,-0.10055751275837757,0.9949312471863816,4.2391900140406766e-05,-3.26187588762211e-07,0.0,0.0,0.0,8.817084738984054e-22
2026-08-24T01:59:45.750802,55.71,1.0058192970443327,0.04106548901379529,0.0,-0.20145551671849216,0.0,0.0,-0.10055751274417778,0.9949312471878168,8.004288357613364e-05,-3.138911249491318e-07,0.0,0.0,0.0,8.845793683246982e-22
2026-08-24T01:59:45.770942,55.73,1.0058188031847257,0.04106558999567183,0.0,-0.20145551668113182,0.0,0.0,-0.1005575127255923,0.9949312471896952,-2.0772634589470595e-05,-3.0182617395719433e-07,0.0,0.0,0.0,1.4041203179202028e-21
2026-08-24T01:59:45.790369,55.75,1.0058192927369836,0.041065490137140094,0.0,-0.2014555166704386,0.0,0.0,-0.10055751272027279,0.9949312471902328,7.915408946322067e-05,-2.899894677784054e-07,0.0,0.0,0.0,1.0577599346584268e-21
2026-08-24T01:59:45.812923,55.77,1.0058189540614657,0.041065559421805065,0.0,-0.2014555166383727,0.0,0.0,-0.10055751270432109,0.9949312471918451,1.0015937119754802e-05,-2.7837776817621376e-07,0.0,0.0,0.0,7.085313460840443e-22
2026-08-24T01:59:45.832111,55.79,1.0058188843238576,0.04106557378014904,0.0,-0.20145551661936748,0.0,0.0,-0.10055751269486664,0.9949312471928006,-4.223840372247841e-06,-2.6698787851417003e-07,0.0,0.0,0.0,3.6217287763845256e-22
2026-08-24T01:59:45.851986,55.82,1.0058189055531435,0.04106557218205289,0.0,-0.2014555165885029,0.0,0.0,-0.10055751267951255,0.9949312471943524,2.9297727218986595e-10,-2.4735332854651773e-07,0.0,0.0,0.0,1.2302164536628423e-21
2026-08-24T01:59:45.870382,55.83,1.0058186722431086,0.04106561731811329,0.0,-0.20145551658198307,0.0,0.0,-0.10055751267626922,0.9949312471946803,-4.752461975499031e-05,-2.448609070952832e-07,0.0,0.0,0.0,3.6001982781788516e-22
2026-08-24T01:59:45.890699,55.85,1.0058193316082447,0.04106548276827495,0.0,-0.20145551657987767,0.0,0.0,-0.10055751267522185,0.9949312471947861,8.7066100622062e-05,-2.3411760464113798e-07,0.0,0.0,0.0,7.099645847118775e-22
2026-08-24T01:59:45.911745,55.87,1.0058187802246175,0.041065595482450895,0.0,-0.2014555165524703,0.0,0.0,-0.1005575126615876,0.9949312471961641,-2.549135288905041e-05,-2.235836655815789e-07,0.0,0.0,0.0,5.331958762745325e-22
2026-08-24T01:59:45.930474,55.89,1.0058184169727424,0.041065669773166155,0.0,-0.20145551654306226,0.0,0.0,-0.10055751265690743,0.9949312471966372,-9.964499021738073e-05,-2.1325606804354776e-07,0.0,0.0,0.0,8.824201235053633e-22
2026-08-24T01:59:45.950207,55.91,1.0058182825747841,0.041065697323934156,0.0,-0.2014555165400043,0.0,0.0,-0.10055751265538619,0.9949312471967909,-0.00012708316939147706,-2.0313182088460342e-07,0.0,0.0,0.0,1.05416165221733e-21
2026-08-24T01:59:45.970399,55.93,1.005818005011242,0.041065754110768835,0.0,-0.20145551653742855,0.0,0.0,-0.10055751265410486,0.9949312471969204,-0.00018374552589909524,-1.9320796729023465e-07,0.0,0.0,0.0,3.6074134783103313e-22
2026-08-24T01:59:45.993070,55.95,1.0058182704597272,0.04106569999852156,0.0,-0.20145551654661145,0.0,0.0,-0.10055751265867302,0.9949312471964588,-0.0001295639374364544,-1.8348158528339425e-07,0.0,0.0,0.0,7.063706042252129e-22
2026-08-24T01:59:46.014506,55.97,1.0058186819685508,0.04106561605500179,0.0,-0.20145551655012772,0.0,0.0,-0.10055751266042226,0.9949312471962819,-4.556763340487191e-05,-1.7394978410324612e-07,0.0,0.0,0.0,3.60739648360902e-22
2026-08-24T01:59:46.032743,55.99,1.0058193078127633,0.04106548833671126,0.0,-0.20145551654862273,0.0,0.0,-0.10055751265967357,0.9949312471963576,8.218041315492503e-05,-1.6460970723657618e-07,0.0,0.0,0.0,7.056473105151347e-22
2026-08-24T01:59:46.050058,56.01,1.0058193448888628,0.041065480858141434,0.0,-0.20145551653409255,0.0,0.0,-0.10055751265244531,0.9949312471970881,8.974449017824143e-05,-1.55458530593184e-07,0.0,0.0,0.0,7.056497611262948e-22
2026-08-24T01:59:46.073090,56.03,1.0058192492436868,0.04106550048278614,0.0,-0.20145551652116117,0.0,0.0,-0.10055751264601237,0.9949312471977383,7.02169443199984e-05,-1.464934638308346e-07,0.0,0.0,0.0,1.868512108229785e-22
2026-08-24T01:59:46.094103,56.05,1.0058192382295696,0.04106550282171708,0.0,-0.20145551651190496,0.0,0.0,-0.10055751264140775,0.9949312471982037,6.796513017135627e-05,-1.3771174802601044e-07,0.0,0.0,0.0,3.5930280987066276e-22
2026-08-24T01:59:46.116608,56.07,1.0058191860586723,0.04106551356408516,0.0,-0.20145551650318083,0.0,0.0,-0.10055751263706779,0.9949312471986423,5.7312107517676805e-05,-1.2911065613075144e-07,0.0,0.0,0.0,5.317556314898603e-22
2026-08-24T01:59:46.137452,56.09,1.00581833349878,0.04106568776473137,0.0,-0.2014555164918143,0.0,0.0,-0.10055751263141337,0.9949312471992139,-0.00011672240708757034,-1.2068749265410366e-07,0.0,0.0,0.0,-1.6525034349402414e-22
2026-08-24T01:59:46.158580,56.11,1.005818301670706,0.04106569434897273,0.0,-0.2014555164939868,0.0,0.0,-0.1005575126324941,0.9949312471991046,-0.00012322213562067664,-1.124395942466831e-07,0.0,0.0,0.0,5.317532686874582e-22
2026-08-24T01:59:46.175908,56.13,1.0058186370678457,0.04106562593458934,0.0,-0.20145551649749333,0.0,0.0,-0.10055751263423848,0.9949312471989283,-5.476154255620189e-05,-1.043643278653057e-07,0.0,0.0,0.0,3.578647217426166e-22
2026-08-24T01:59:46.193978,56.15,1.0058187850444689,0.041065595794580904,0.0,-0.20145551649677573,0.0,0.0,-0.10055751263388148,0.9949312471989644,-2.4558880468398857e-05,-9.64590916061471e-08,0.0,0.0,0.0,3.607437126757632e-22
2026-08-24T01:59:46.214968,56.17,1.0058189112934082,0.04106557009022066,0.0,-0.20145551649500826,0.0,0.0,-0.10055751263300222,0.9949312471990532,1.2087575798842344e-06,-8.872131461172618e-08,0.0,0.0,0.0,7.06367368929063e-22
2026-08-24T01:59:46.232403,56.19,1.0058184699629082,0.041065660298551056,0.0,-0.20145551649071256,0.0,0.0,-0.10055751263086526,0.9949312471992692,-8.888222610273093e-05,-8.11484561123436e-08,0.0,0.0,0.0,8.788177684156139e-22
2026-08-24T01:59:46.250337,56.21,1.0058177261962749,0.041065812270491414,0.0,-0.2014555164884131,0.0,0.0,-0.10055751262972135,0.9949312471993849,-0.00024070830431155617,-7.373800577292377e-08,0.0,0.0,0.0,3.578665325189886e-22
2026-08-24T01:59:46.274147,56.23,1.0058182731779406,0.041065700636686686,0.0,-0.20145551649497853,0.0,0.0,-0.10055751263298741,0.9949312471990548,-0.00012905659759654837,-6.648748340718525e-08,0.0,0.0,0.0,7.0564251827455745e-22
2026-08-24T01:59:46.290699,56.25,1.0058192881592363,0.041065493423674715,0.0,-0.20145551649905347,0.0,0.0,-0.10055751263501457,0.9949312471988498,7.812592523413996e-05,-5.939443739216094e-08,0.0,0.0,0.0,8.780960790178198e-22
2026-08-24T01:59:46.313565,56.27,1.0058195945915014,0.04106543091308268,0.0,-0.20145551649511395,0.0,0.0,-0.1005575126330548,0.9949312471990479,0.00014067369815516672,-5.245644599517599e-08,0.0,0.0,0.0,7.924928893434378e-24
2026-08-24T01:59:46.329979,56.29,1.00581919148731,0.04106551330659274,0.0,-0.20145551648962234,0.0,0.0,-0.1005575126303229,0.994931247199324,5.838592363044399e-05,-4.567111693597249e-08,0.0,0.0,0.0,3.528246715525625e-22
2026-08-24T01:59:46.350723,56.31,1.005818418739936,0.04106567118925003,0.0,-0.20145551648602036,0.0,0.0,-0.10055751262853103,0.9949312471995051,-9.935566331534017e-05,-3.903608663315118e-08,0.0,0.0,0.0,7.206208313036561e-24
2026-08-24T01:59:46.370099,56.33,1.0058186623853314,0.04106562149676419,0.0,-0.2014555164870573,0.0,0.0,-0.10055751262904689,0.994931247199453,-4.962294943422244e-05,-3.254902015427984e-08,0.0,0.0,0.0,5.281522423100886e-22
2026-08-24T01:59:46.391566,56.35,1.0058189910565032,0.04106555443833654,0.0,-0.2014555164871612,0.0,0.0,-0.10055751262909858,0.9949312471994478,1.7465196122334793e-05,-2.6207610709731633e-08,0.0,0.0,0.0,-1.6595724926283415e-22
2026-08-24T01:59:46.410506,56.37,1.0058192388092495,0.04106550390407934,0.0,-0.20145551648664606,0.0,0.0,-0.10055751262884231,0.9949312471994737,6.803560975434032e-05,-2.0009579585995564e-08,0.0,0.0,0.0,5.281500561056912e-22
2026-08-24T01:59:46.430600,56.39,1.0058191111995616,0.041065530027081486,0.0,-0.20145551648538443,0.0,0.0,-0.10055751262821468,0.9949312471995371,4.198429536367164e-05,-1.3952676026758729e-08,0.0,0.0,0.0,3.5498600689348155e-22
2026-08-24T01:59:46.451671,56.41,1.0058185633903498,0.04106564196425651,0.0,-0.20145551648442872,0.0,0.0,-0.10055751262773927,0.9949312471995851,-6.984108124555683e-05,-8.034676848258112e-09,0.0,0.0,0.0,5.281506888978436e-22
2026-08-24T01:59:46.471805,56.43,1.0058179957748432,0.04106575794499556,0.0,-0.2014555164843044,0.0,0.0,-0.10055751262767741,0.9949312471995915,-0.0001857091194867696,-2.253386204522056e-09,0.0,0.0,0.0,8.65202873262142e-24
2026-08-24T01:59:46.491082,56.45,1.0058182817865402,0.04106569959165738,0.0,-0.2014555164844354,0.0,0.0,-0.10055751262774258,0.9949312471995848,-0.00012732805357905624,3.3933646651055002e-09,0.0,0.0,0.0,3.5642466718146554e-22
2026-08-24T01:59:46.513424,56.47,1.005818564919309,0.041065641824921895,0.0,-0.2014555164843311,0.0,0.0,-0.10055751262769067,0.99493124719959,-6.953530270060302e-05,8.90771776794844e-09,0.0,0.0,0.0,7.042001917300801e-22
2026-08-24T01:59:46.530916,56.49,1.0058188289652876,0.04106558795487428,0.0,-0.20145551648424798,0.0,0.0,-0.10055751262764935,0.9949312471995942,-1.5638584242496028e-05,1.4291788413396096e-08,0.0,0.0,0.0,8.7736930052014e-22
2026-08-24T01:59:46.551065,56.51,1.005818812022684,0.04106559146864138,0.0,-0.20145551648451226,0.0,0.0,-0.1005575126277808,0.9949312471995809,-1.9099391817842468e-05,1.9547665730644972e-08,0.0,0.0,0.0,1.8037984317260326e-22
2026-08-24T01:59:46.572423,56.53,1.0058192642387547,0.04106549916681364,0.0,-0.20145551648453713,0.0,0.0,-0.10055751262779317,0.9949312471995797,7.3208369196295e-05,2.467741261009083e-08,0.0,0.0,0.0,5.281499161629289e-22
2026-08-24T01:59:46.592424,56.55,1.0058189622235145,0.0410655608972215,0.0,-0.2014555164858982,0.0,0.0,-0.10055751262847029,0.9949312471995113,1.155627493211931e-05,2.9683065820440155e-08,0.0,0.0,0.0,1.803755883867715e-22
2026-08-24T01:59:46.613575,56.57,1.005818989471924,0.041065555382250186,0.0,-0.20145551648643156,0.0,0.0,-0.1005575126287356,0.9949312471994844,1.71166675661084e-05,3.456663716833236e-08,0.0,0.0,0.0,-5.151720577938515e-22
2026-08-24T01:59:46.629595,56.59,1.0058194365569475,0.04106546412458305,0.0,-0.20145551648676108,0.0,0.0,-0.10055751262889953,0.9949312471994679,0.00010837717066481341,3.93301127708808e-08,0.0,0.0,0.0,1.8037774303475014e-22
2026-08-24T01:59:46.651511,56.61,1.005818601180967,0.041065634777348994,0.0,-0.20145551649045415,0.0,0.0,-0.1005575126307367,0.9949312471992823,-6.21484578175602e-05,4.397545343284056e-08,0.0,0.0,0.0,5.76988978668836e-24
2026-08-24T01:59:46.670595,56.63,1.0058184180857894,0.041065672216356035,0.0,-0.20145551649006022,0.0,0.0,-0.10055751263054073,0.994931247199302,-9.952450927164779e-05,4.850459529456425e-08,0.0,0.0,0.0,1.7965500240633747e-22
2026-08-24T01:59:46.690605,56.65,1.00581808060015,0.04106574118471578,0.0,-0.20145551648931193,0.0,0.0,-0.10055751263016849,0.9949312471993397,-0.00016841634681763096,5.291944986109462e-08,0.0,0.0,0.0,-1.681155328513317e-22
2026-08-24T01:59:46.709952,56.67,1.005818077414439,0.04106574187925668,0.0,-0.20145551648642934,0.0,0.0,-0.10055751262873451,0.9949312471994846,-0.00016906814435940423,5.7221903981525586e-08,0.0,0.0,0.0,7.013135899770816e-22
2026-08-24T01:59:46.729917,56.69,1.005818614122338,0.04106563231246195,0.0,-0.20145551648200488,0.0,0.0,-0.1005575126265335,0.994931247199707,-5.951290242415662e-05,6.141382072696684e-08,0.0,0.0,0.0,3.521013469640063e-22
2026-08-24T01:59:46.750248,56.71,1.0058188204104903,0.04106559022479979,0.0,-0.2014555164814827,0.0,0.0,-0.10055751262627369,0.9949312471997332,-1.740581068691608e-05,6.549703879921741e-08,0.0,0.0,0.0,1.8182213100612467e-22
2026-08-24T01:59:46.769950,56.73,1.005818941316741,0.04106556557323657,0.0,-0.2014555164820231,0.0,0.0,-0.10055751262654254,0.9949312471997062,7.272718866263277e-06,6.947337359949991e-08,0.0,0.0,0.0,1.7965684083314522e-22
2026-08-24T01:59:46.790255,56.75,1.0058195175133284,0.04106544793856513,0.0,-0.20145551648232282,0.0,0.0,-0.10055751262669166,0.9949312471996911,0.00012488875970596014,7.334461678106596e-08,0.0,0.0,0.0,1.782143899034497e-22
2026-08-24T01:59:46.810793,56.77,1.0058192413436662,0.041065504378028,0.0,-0.2014555164883695,0.0,0.0,-0.1005575126296997,0.9949312471993871,6.851290138475825e-05,7.711253673480994e-08,0.0,0.0,0.0,3.5282057407146067e-22
2026-08-24T01:59:46.830250,56.79,1.0058183772987477,0.04106568087575598,0.0,-0.20145551649409968,0.0,0.0,-0.10055751263255022,0.994931247199099,-0.0001078639322221172,8.07788791836264e-08,0.0,0.0,0.0,1.7821360828047162e-22
2026-08-24T01:59:46.853072,56.81,1.0058185828347472,0.04106563893643762,0.0,-0.2014555164905727,0.0,0.0,-0.10055751263079568,0.9949312471992763,-6.590915812095735e-05,8.434536672160366e-08,0.0,0.0,0.0,3.51377794132227e-22
2026-08-24T01:59:46.870675,56.83,1.0058185903972015,0.04106563742742664,0.0,-0.20145551649005,0.0,0.0,-0.10055751263053565,0.9949312471993026,-6.43669903858511e-05,8.781369951819274e-08,0.0,0.0,0.0,3.535437755045776e-22
2026-08-24T01:59:46.890620,56.85,1.0058187906394191,0.041065596567251804,0.0,-0.2014555164878935,0.0,0.0,-0.10055751262946287,0.994931247199411,-2.3493418247777985e-05,9.118555534340195e-08,0.0,0.0,0.0,3.5426248556216046e-22
2026-08-24T01:59:46.912032,56.87,1.005818374319155,0.04106568162408276,0.0,-0.20145551649017568,0.0,0.0,-0.10055751263059817,0.9949312471992963,-0.00010847739371068311,9.446259000967531e-08,0.0,0.0,0.0,7.005876617083126e-22
2026-08-24T01:59:46.930438,56.89,1.0058183264951754,0.04106569142351207,0.0,-0.201455516486627,0.0,0.0,-0.10055751262883281,0.9949312471994747,-0.00011824062281958985,9.764643729220944e-08,0.0,0.0,0.0,4.330066405400964e-24
2026-08-24T01:59:46.951824,56.91,1.00581894327188,0.04106556549339537,0.0,-0.20145551648031734,0.0,0.0,-0.100557512625694,0.9949312471997919,7.659381399587689e-06,1.0073870941704492e-07,0.0,0.0,0.0,5.259806985545205e-22
2026-08-24T01:59:46.970030,56.93,1.0058185655898555,0.04106564265650065,0.0,-0.2014555164836827,0.0,0.0,-0.10055751262736812,0.9949312471996227,-6.943766160665571e-05,1.0374099694932122e-07,0.0,0.0,0.0,3.513762137957437e-22
2026-08-24T01:59:46.989528,56.95,1.005818599475908,0.04106563576588132,0.0,-0.20145551648158255,0.0,0.0,-0.1005575126263234,0.9949312471997283,-6.252150346764779e-05,1.0665486950985319e-07,0.0,0.0,0.0,3.51376168095817e-22
2026-08-24T01:59:47.014053,56.97,1.005818840684552,0.04106558653375232,0.0,-0.2014555164800904,0.0,0.0,-0.1005575126255811,0.9949312471998033,-1.3285281680969259e-05,1.0948187552663421e-07,0.0,0.0,0.0,1.7749256343884516e-22
2026-08-24T01:59:47.030150,56.99,1.005819106144771,0.04106553234795634,0.0,-0.20145551648018462,0.0,0.0,-0.10055751262562794,0.9949312471997985,4.090119635659227e-05,1.1222354294036135e-07,0.0,0.0,0.0,7.005841828337257e-22
2026-08-24T01:59:47.051456,57.01,1.0058187988267386,0.04106559513740795,0.0,-0.20145551648499985,0.0,0.0,-0.10055751262802337,0.9949312471995565,-2.183222609268632e-05,1.1488137859986421e-07,0.0,0.0,0.0,3.4921354242775775e-22
2026-08-24T01:59:47.069915,57.03,1.0058189310358527,0.04106556816323288,0.0,-0.20145551648423152,0.0,0.0,-0.10055751262764118,0.9949312471995951,5.1544815404559865e-06,1.1745686953792604e-07,0.0,0.0,0.0,1.7605023779453353e-22
2026-08-24T01:59:47.089682,57.05,1.0058192101042558,0.04106551119577649,0.0,-0.2014555164840046,0.0,0.0,-0.10055751262752828,0.9949312471996065,6.211896187017265e-05,1.199514824734509e-07,0.0,0.0,0.0,3.50655216303469e-22
2026-08-24T01:59:47.112654,57.06,1.0058189055530593,0.041065572182077535,0.0,-0.20145551648947713,0.0,0.0,-0.10055751263025067,0.9949312471993313,4.780762605576829e-11,1.1975921059812448e-07,0.0,0.0,0.0,5.054313068338023e-24
2026-08-24T01:59:47.129817,57.09,1.0058188148560452,0.04106559196427612,0.0,-0.20145551649004426,0.0,0.0,-0.10055751263053278,0.9949312471993028,-1.8564034710778574e-05,1.247038409156796e-07,0.0,0.0,0.0,1.7821376799838978e-22
2026-08-24T01:59:47.150981,57.11,1.0058188673396367,0.04106558126890088,0.0,-0.2014555164895615,0.0,0.0,-0.10055751263029265,0.9949312471993271,-7.851578625520781e-06,1.2696442110768358e-07,0.0,0.0,0.0,-1.6883099526834312e-22
2026-08-24T01:59:47.170220,57.13,1.0058190000974567,0.041065554178689796,0.0,-0.2014555164891973,0.0,0.0,-0.10055751263011149,0.9949312471993454,1.9247040554942224e-05,1.291497924961227e-07,0.0,0.0,0.0,-3.434382970108011e-22
2026-08-24T01:59:47.190110,57.15,1.005819210523797,0.04106551122580953,0.0,-0.2014555164899563,0.0,0.0,-0.10055751263048904,0.9949312471993073,6.219993198372855e-05,1.3126132406246888e-07,0.0,0.0,0.0,4.329503640305926e-24
2026-08-24T01:59:47.211436,57.17,1.0058194525305464,0.041065461822655774,0.0,-0.2014555164921701,0.0,0.0,-0.10055751263159032,0.9949312471991959,0.00011159921738435326,1.3330036614825383e-07,0.0,0.0,0.0,5.23815369107663e-22
2026-08-24T01:59:47.230433,57.19,1.0058191801900893,0.04106551746175127,0.0,-0.20145551650115848,0.0,0.0,-0.10055751263606173,0.994931247198744,5.600602407750676e-05,1.3526825017729898e-07,0.0,0.0,0.0,-7.217843847561918e-25
2026-08-24T01:59:47.250440,57.21,1.0058184994807553,0.041065656499599236,0.0,-0.20145551650882032,0.0,0.0,-0.10055751263987324,0.9949312471983588,-8.2946205496624e-05,1.3716628913490338e-07,0.0,0.0,0.0,-7.217843978688418e-25
2026-08-24T01:59:47.271655,57.23,1.0058185627956866,0.04106564358779056,0.0,-0.20145551650308052,0.0,0.0,-0.10055751263701787,0.9949312471986473,-7.002214287367768e-05,1.389957776381709e-07,0.0,0.0,0.0,-7.209212458701545e-25
2026-08-24T01:59:47.291283,57.25,1.0058185461580447,0.04106564700367518,0.0,-0.2014555164991392,0.0,0.0,-0.1005575126350572,0.9949312471988455,-7.34191055597582e-05,1.4075799229801223e-07,0.0,0.0,0.0,5.230910445581852e-22
2026-08-24T01:59:47.315335,57.27,1.0058192246860451,0.04106550844812065,0.0,-0.2014555164905269,0.0,0.0,-0.10055751263077292,0.9949312471992786,6.508657979746005e-05,1.4245419158393818e-07,0.0,0.0,0.0,1.7676971507055625e-22
2026-08-24T01:59:47.331758,57.29,1.0058191901755182,0.04106551551277621,0.0,-0.20145551649573298,0.0,0.0,-0.10055751263336275,0.9949312471990168,5.8040881748360165e-05,1.4408561660785712e-07,0.0,0.0,0.0,3.611020361393327e-24
2026-08-24T01:59:47.350768,57.31,1.0058189494216927,0.0410655646969885,0.0,-0.20145551650067842,0.0,0.0,-0.10055751263582291,0.9949312471987681,8.895717540807079e-06,1.456534909037876e-07,0.0,0.0,0.0,3.49930984776507e-22
2026-08-24T01:59:47.370027,57.33,1.0058180640117038,0.04106574553599197,0.0,-0.201455516506186,0.0,0.0,-0.10055751263856276,0.9949312471984912,-0.000171841452393919,1.4715902050037428e-07,0.0,0.0,0.0,3.506537371927286e-22
2026-08-24T01:59:47.389885,57.35,1.0058182946783363,0.041065698442720476,0.0,-0.2014555164929161,0.0,0.0,-0.10055751263196147,0.9949312471991585,-0.0001247559522099167,1.4860339438998328e-07,0.0,0.0,0.0,1.7749355742243108e-22
2026-08-24T01:59:47.412121,57.37,1.0058184025116201,0.04106567643457759,0.0,-0.20145551648360277,0.0,0.0,-0.10055751262732836,0.9949312471996267,-0.00010274492739700063,1.499877847226011e-07,0.0,0.0,0.0,3.611615612971318e-24
2026-08-24T01:59:47.430037,57.39,1.0058186913093898,0.0410656174682162,0.0,-0.20145551647498255,0.0,0.0,-0.1005575126230401,0.9949312472000601,-4.3793914416931015e-05,1.5131334659035437e-07,0.0,0.0,0.0,-3.4415482690112996e-22
2026-08-24T01:59:47.450460,57.41,1.005818966871857,0.04106556120425698,0.0,-0.20145551647080853,0.0,0.0,-0.10055751262096367,0.9949312472002699,1.2455300839555783e-05,1.5258121894018882e-07,0.0,0.0,0.0,-1.7099403050868493e-22
2026-08-24T01:59:47.469754,57.43,1.0058184894061168,0.0410656587275162,0.0,-0.20145551647467383,0.0,0.0,-0.10055751262288655,0.9949312472000756,-8.50094009116973e-05,1.5379252401244035e-07,0.0,0.0,0.0,1.7749231329870557e-22
2026-08-24T01:59:47.491155,57.45,1.0058192053082644,0.041065512533687024,0.0,-0.20145551646619977,0.0,0.0,-0.10055751261867098,0.9949312472005017,6.112598224586401e-05,1.5494836801185354e-07,0.0,0.0,0.0,3.5065292860564476e-22
2026-08-24T01:59:47.511594,57.46,1.0058189055532505,0.04106557218203915,0.0,-0.20145551646936605,0.0,0.0,-0.10055751262024613,0.9949312472003425,3.100123935848695e-10,1.5369081991491367e-07,0.0,0.0,0.0,3.4993096046790552e-22
2026-08-24T01:59:47.530062,57.49,1.0058193536288613,0.04106548226487361,0.0,-0.20145551647559629,0.0,0.0,-0.1005575126233454,0.9949312472000292,9.140078183003704e-05,1.570980177386172e-07,0.0,0.0,0.0,2.1660703893567338e-24
2026-08-24T01:59:47.550786,57.51,1.005819377370738,0.04106547742640543,0.0,-0.2014555164823775,0.0,0.0,-0.10055751262671883,0.9949312471996883,9.624677049346149e-05,1.580939563480422e-07,0.0,0.0,0.0,-1.7099335997003258e-22
2026-08-24T01:59:47.571206,57.53,1.0058193626347414,0.04106548044559008,0.0,-0.20145551648872975,0.0,0.0,-0.10055751262987886,0.9949312471993689,9.323832742087962e-05,1.5903870024530222e-07,0.0,0.0,0.0,1.767694452077073e-22
2026-08-24T01:59:47.592226,57.55,1.0058190614986793,0.041065541954548285,0.0,-0.20145551649587204,0.0,0.0,-0.1005575126334319,0.9949312471990098,3.1767741226376877e-05,1.599332772945693e-07,0.0,0.0,0.0,1.7532717773588532e-22
2026-08-24T01:59:47.612933,57.57,1.0058190036973316,0.04106555376777615,0.0,-0.20145551649639115,0.0,0.0,-0.10055751263369016,0.9949312471989837,1.9968748540344688e-05,1.6077870016593316e-07,0.0,0.0,0.0,1.7532630833766784e-22
2026-08-24T01:59:47.630728,57.59,1.0058192987362407,0.04106549352142599,0.0,-0.20145551649531956,0.0,0.0,-0.10055751263315708,0.9949312471990376,8.019411282583048e-05,1.6157596684843733e-07,0.0,0.0,0.0,1.760474797162699e-22
2026-08-24T01:59:47.651164,57.61,1.0058193269923061,0.04106548775853679,0.0,-0.20145551649935012,0.0,0.0,-0.10055751263516215,0.994931247198835,8.596142173972412e-05,1.623260602392994e-07,0.0,0.0,0.0,1.753262787554019e-22
2026-08-24T01:59:47.671439,57.64,1.0058189055531772,0.0410655721820543,0.0,-0.20145551650459353,0.0,0.0,-0.10055751263777053,0.9949312471985713,1.825427100465458e-10,1.6145666918827963e-07,0.0,0.0,0.0,-1.709909822386599e-22
2026-08-24T01:59:47.690549,57.65,1.0058193637494428,0.04106548026583404,0.0,-0.20145551650235397,0.0,0.0,-0.10055751263665644,0.9949312471986839,9.346403650413596e-05,1.6368858670808083e-07,0.0,0.0,0.0,7.203657240515469e-25
2026-08-24T01:59:47.710589,57.67,1.0058193038729597,0.041065492500501254,0.0,-0.20145551650723267,0.0,0.0,-0.10055751263908345,0.9949312471984386,8.124126186006884e-05,1.6430291360661918e-07,0.0,0.0,0.0,7.220936903554619e-25
2026-08-24T01:59:47.730172,57.69,1.0058190046380753,0.04106555361788915,0.0,-0.20145551651056245,0.0,0.0,-0.10055751264073991,0.9949312471982712,2.0158901093731616e-05,1.648738549801582e-07,0.0,0.0,0.0,-1.7171383484838482e-22
2026-08-24T01:59:47.751540,57.71,1.005819393296437,0.04106547424928883,0.0,-0.20145551650671267,0.0,0.0,-0.10055751263882476,0.9949312471984648,9.94948841974777e-05,1.654023224557542e-07,0.0,0.0,0.0,3.4992816031207137e-22
2026-08-24T01:59:47.770482,57.73,1.0058190636008388,0.04106554158668317,0.0,-0.20145551651295968,0.0,0.0,-0.10055751264193244,0.9949312471981506,3.219437838788401e-05,1.65889214325352e-07,0.0,0.0,0.0,3.4992899291853017e-22
2026-08-24T01:59:47.791417,57.75,1.0058186478770883,0.0410656264928315,0.0,-0.20145551651434968,0.0,0.0,-0.10055751264262391,0.9949312471980808,-5.266631393348195e-05,1.663354147691692e-07,0.0,0.0,0.0,-1.738817327635097e-22
2026-08-24T01:59:47.810354,57.77,1.005818308014108,0.041065695905846515,0.0,-0.20145551650791968,0.0,0.0,-0.10055751263942522,0.9949312471984041,-0.00012204165272020417,1.667417944372754e-07,0.0,0.0,0.0,-7.221196664061517e-25
2026-08-24T01:59:47.829918,57.79,1.0058189807149958,0.041065558526788504,0.0,-0.20145551649154575,0.0,0.0,-0.10055751263127971,0.9949312471992273,1.5275377034289632e-05,1.6710921082968766e-07,0.0,0.0,0.0,3.4848385363659626e-22
2026-08-24T01:59:47.850865,57.81,1.0058186937537943,0.04106561713510843,0.0,-0.20145551649095778,0.0,0.0,-0.10055751263098722,0.9949312471992569,-4.3302009459519905e-05,1.6743850897519963e-07,0.0,0.0,0.0,-3.601948889623541e-30
2026-08-24T01:59:47.872558,57.83,1.005818440078346,0.041065668945238054,0.0,-0.20145551648390025,0.0,0.0,-0.10055751262747636,0.9949312471996118,-9.508414379967085e-05,1.6773052006181494e-07,0.0,0.0,0.0,1.7532514214358318e-22
2026-08-24T01:59:47.889974,57.85,1.0058185064880472,0.04106565538534697,0.0,-0.2014555164734042,0.0,0.0,-0.10055751262225494,0.9949312472001395,-8.152796537946302e-05,1.6798606271809597e-07,0.0,0.0,0.0,-3.60632706939837e-30
2026-08-24T01:59:47.910518,57.87,1.005818563260406,0.0410656437932861,0.0,-0.20145551646263365,0.0,0.0,-0.100557512616897,0.994931247200681,-6.993931935090612e-05,1.6820594301586895e-07,0.0,0.0,0.0,3.4848389932971183e-22
2026-08-24T01:59:47.930753,57.89,1.0058189899527867,0.04106555665365342,0.0,-0.20145551645351614,0.0,0.0,-0.1005575126123613,0.9949312472011395,1.716035577028638e-05,1.6839095434764014e-07,0.0,0.0,0.0,-7.221689569073356e-25
2026-08-24T01:59:47.952952,57.91,1.0058183087454964,0.04106569577538003,0.0,-0.2014555164561749,0.0,0.0,-0.10055751261368395,0.9949312472010058,-0.00012189335733966373,1.6854187823585027e-07,0.0,0.0,0.0,1.7460304581371482e-22
2026-08-24T01:59:47.970856,57.93,1.005818901385076,0.04106557474435843,0.0,-0.20145551643979023,0.0,0.0,-0.10055751260553314,0.9949312472018296,-9.187356883278645e-07,1.6865948300020253e-07,0.0,0.0,0.0,-3.606493027843265e-30
2026-08-24T01:59:47.990265,57.95,1.0058190984848254,0.04106553449244672,0.0,-0.20145551643644533,0.0,0.0,-0.10055751260386918,0.9949312472019978,3.931433192029298e-05,1.6874452629969012e-07,0.0,0.0,0.0,3.4920610773778365e-22
2026-08-24T01:59:48.013019,57.97,1.0058184043491474,0.04106567625348679,0.0,-0.20145551644026274,0.0,0.0,-0.1005575126057682,0.9949312472018058,-0.00010237820697062005,1.6879775271387148e-07,0.0,0.0,0.0,-3.6022266523475524e-30
2026-08-24T01:59:48.030256,57.99,1.0058188631786624,0.04106558254895991,0.0,-0.20145551642794196,0.0,0.0,-0.10055751259963902,0.9949312472024252,-8.71784452737988e-06,1.6881989508361405e-07,0.0,0.0,0.0,-1.7388175610444115e-22
2026-08-24T01:59:48.052446,58.01,1.0058195026671772,0.04106545194889265,0.0,-0.20145551642032133,0.0,0.0,-0.10055751259584804,0.9949312472028085,0.00012181913778495366,1.6881167540729873e-07,0.0,0.0,0.0,-1.7388087324160204e-22
2026-08-24T01:59:48.072967,58.03,1.0058194033372199,0.041065472234323046,0.0,-0.20145551642761908,0.0,0.0,-0.10055751259947841,0.9949312472024415,0.00010154268505001458,1.6877380397602302e-07,0.0,0.0,0.0,-1.731595772824075e-22
2026-08-24T01:59:48.090070,58.05,1.0058192977252944,0.041065493802398184,0.0,-0.20145551643179307,0.0,0.0,-0.10055751260155482,0.9949312472022316,7.998444093438876e-05,1.6870697953322914e-07,0.0,0.0,0.0,7.212699835138285e-25
2026-08-24T01:59:48.111022,58.07,1.0058195188026409,0.041065448651803726,0.0,-0.20145551643097595,0.0,0.0,-0.10055751260114833,0.9949312472022727,0.00012511255957337023,1.686118891999789e-07,0.0,0.0,0.0,-1.7388172652213918e-22
2026-08-24T01:59:48.131818,58.09,1.0058191400631966,0.04106552599899719,0.0,-0.20145551643909654,0.0,0.0,-0.10055751260518805,0.9949312472018644,4.780124874851898e-05,1.6848921012993873e-07,0.0,0.0,0.0,-1.738817130551807e-22
2026-08-24T01:59:48.151557,58.11,1.0058187408810322,0.04106560752084692,0.0,-0.20145551644072504,0.0,0.0,-0.10055751260599817,0.9949312472017825,-3.368257125676214e-05,1.6833960747550877e-07,0.0,0.0,0.0,-1.7387906806588464e-22
2026-08-24T01:59:48.170913,58.13,1.005818818786732,0.04106559160877323,0.0,-0.2014555164329801,0.0,0.0,-0.10055751260214534,0.994931247202172,-1.7779493872172474e-05,1.6816373594843406e-07,0.0,0.0,0.0,5.230865615419816e-22
2026-08-24T01:59:48.189583,58.15,1.0058188360087417,0.0410655880896137,0.0,-0.2014555164262979,0.0,0.0,-0.10055751259882117,0.9949312472025079,-1.426399190908629e-05,1.6796224011388242e-07,0.0,0.0,0.0,2.165526407613503e-24
2026-08-24T01:59:48.210295,58.17,1.0058185428681634,0.04106564795424973,0.0,-0.20145551642148662,0.0,0.0,-0.10055751259642773,0.9949312472027498,-7.41020446687294e-05,1.6773575365662718e-07,0.0,0.0,0.0,2.167305598265615e-24
2026-08-24T01:59:48.229909,58.19,1.0058189802820685,0.041065558620556275,0.0,-0.20145551640869286,0.0,0.0,-0.10055751259006328,0.9949312472033931,1.5186599485578634e-05,1.6748489959819513e-07,0.0,0.0,0.0,1.7604971054938677e-22
2026-08-24T01:59:48.250660,58.21,1.0058188361885714,0.041065588045440075,0.0,-0.20145551640729487,0.0,0.0,-0.10055751258936782,0.9949312472034634,-1.4227082319260503e-05,1.672102916734404e-07,0.0,0.0,0.0,2.167449902977106e-24
2026-08-24T01:59:48.271431,58.23,1.005818810690942,0.04106559324975045,0.0,-0.20145551640264175,0.0,0.0,-0.10055751258705303,0.9949312472036973,-1.9431634475844602e-05,1.6691253245976425e-07,0.0,0.0,0.0,2.16657689390757e-24
2026-08-24T01:59:48.291947,58.25,1.0058187184445353,0.041065612085653506,0.0,-0.20145551639890075,0.0,0.0,-0.10055751258519201,0.9949312472038854,-3.826152530699009e-05,1.66592215018733e-07,0.0,0.0,0.0,1.7532568710537605e-22
2026-08-24T01:59:48.310470,58.27,1.005818286808756,0.041065700233401545,0.0,-0.20145551639475867,0.0,0.0,-0.1005575125831315,0.9949312472040936,-0.00012637017447343486,1.6624992248204301e-07,0.0,0.0,0.0,3.499282434986698e-22
2026-08-24T01:59:48.331279,58.29,1.005818819210399,0.04106559149960803,0.0,-0.2014555163785068,0.0,0.0,-0.10055751257504673,0.9949312472049108,-1.7691760443006284e-05,1.6588622791477958e-07,0.0,0.0,0.0,1.7604791885506583e-22
2026-08-24T01:59:48.350610,58.31,1.005819184056451,0.0410655169847779,0.0,-0.2014555163716727,0.0,0.0,-0.10055751257164702,0.9949312472052544,5.6783197008416865e-05,1.655016957323439e-07,0.0,0.0,0.0,1.7604522192641033e-22
2026-08-24T01:59:48.371057,58.32,1.005818905553226,0.04106557218204437,0.0,-0.20145551637077966,0.0,0.0,-0.10055751257120275,0.9949312472052994,3.398481594791648e-10,1.633678433838256e-07,0.0,0.0,0.0,-1.7243484026080175e-22
2026-08-24T01:59:48.391543,58.35,1.0058192571379634,0.04106550205133112,0.0,-0.20145551637342685,0.0,0.0,-0.10055751257251964,0.9949312472051662,7.1701142643409e-05,1.6467232631610915e-07,0.0,0.0,0.0,3.6102857020843126e-24
2026-08-24T01:59:48.410851,58.36,1.0058189055533893,0.04106557218201102,0.0,-0.20145551637311418,0.0,0.0,-0.10055751257236412,0.9949312472051819,3.699337560021567e-10,1.6252868222373554e-07,0.0,0.0,0.0,5.223625101537401e-22
2026-08-24T01:59:48.430049,58.39,1.0058193124488255,0.04106549074632491,0.0,-0.2014555163776155,0.0,0.0,-0.10055751257460335,0.9949312472049556,8.299188409127793e-05,1.6376613685061987e-07,0.0,0.0,0.0,-1.4419664137378123e-24
2026-08-24T01:59:48.451880,58.41,1.0058190167394045,0.041065551132989514,0.0,-0.2014555163809053,0.0,0.0,-0.10055751257623992,0.9949312472047902,2.2629665884609513e-05,1.6328554569964645e-07,0.0,0.0,0.0,-1.7387743676229334e-22
2026-08-24T01:59:48.470135,58.43,1.0058187752677625,0.04106560044271938,0.0,-0.20145551637843617,0.0,0.0,-0.10055751257501161,0.9949312472049143,-2.666098616635335e-05,1.6278730469214443e-07,0.0,0.0,0.0,1.7604784523140717e-22
2026-08-24T01:59:48.491874,58.45,1.0058187200419089,0.041065611716077255,0.0,-0.2014555163712575,0.0,0.0,-0.10055751257144045,0.9949312472052753,-3.793372683830659e-05,1.6227191395033064e-07,0.0,0.0,0.0,-3.60719645877818e-30
2026-08-24T01:59:48.511066,58.47,1.0058188679771476,0.041065581498526245,0.0,-0.20145551636310355,0.0,0.0,-0.10055751256738416,0.9949312472056853,-7.73577023411088e-06,1.6173986494115043e-07,0.0,0.0,0.0,1.6251789195965446e-39
2026-08-24T01:59:48.530562,58.49,1.005818821570584,0.04106559097042176,0.0,-0.20145551635943626,0.0,0.0,-0.10055751256555981,0.9949312472058697,-1.720851068595947e-05,1.6119164073428028e-07,0.0,0.0,0.0,-1.731585813419566e-22
2026-08-24T01:59:48.550315,58.51,1.0058192044647498,0.041065512767867886,0.0,-0.20145551635044076,0.0,0.0,-0.10055751256108487,0.9949312472063219,6.0951038501886005e-05,1.6062771546261191e-07,0.0,0.0,0.0,1.7604873698228644e-22
2026-08-24T01:59:48.571347,58.53,1.0058190652517243,0.04106554119292202,0.0,-0.20145551635323905,0.0,0.0,-0.10055751256247689,0.9949312472061812,3.2533794453365705e-05,1.600485559045676e-07,0.0,0.0,0.0,-7.223365933223421e-25
2026-08-24T01:59:48.590294,58.55,1.0058189561408697,0.04106556347018489,0.0,-0.20145551635171535,0.0,0.0,-0.10055751256171891,0.9949312472062578,1.026155465509097e-05,1.5945461947943668e-07,0.0,0.0,0.0,-1.7388003868761014e-22
2026-08-24T01:59:48.612463,58.57,1.005818400120755,0.041065677017706415,0.0,-0.2014555163503804,0.0,0.0,-0.10055751256105483,0.994931247206325,-0.00010323726088434931,1.5884635612108798e-07,0.0,0.0,0.0,-4.346913664389441e-33
2026-08-24T01:59:48.630142,58.59,1.0058185423130168,0.04106564797209844,0.0,-0.2014555163381355,0.0,0.0,-0.10055751255496342,0.9949312472069406,-7.4211189909806e-05,1.582242076036729e-07,0.0,0.0,0.0,-1.731585813419566e-22
2026-08-24T01:59:48.651850,58.61,1.005818410353612,0.04106567491519884,0.0,-0.20145551633014377,0.0,0.0,-0.10055751255098777,0.9949312472073424,-0.00010114761112806951,1.5758860839857668e-07,0.0,0.0,0.0,1.7604873698216135e-22
2026-08-24T01:59:48.670134,58.63,1.0058181910151693,0.041065719703220815,0.0,-0.2014555163207175,0.0,0.0,-0.10055751254629854,0.9949312472078163,-0.0001459203170665079,1.569399845555408e-07,0.0,0.0,0.0,-7.223365933223337e-25
2026-08-24T01:59:48.689606,58.65,1.0058186418962727,0.041065627614984515,0.0,-0.20145551630510866,0.0,0.0,-0.10055751253853368,0.9949312472086012,-5.3882537215801795e-05,1.56278754764222e-07,0.0,0.0,0.0,-7.223365977415115e-25
2026-08-24T01:59:48.713971,58.67,1.005819519339062,0.04106544841171811,0.0,-0.2014555162934255,0.0,0.0,-0.10055751253272173,0.9949312472091886,0.00012522780444268453,1.5560533039197178e-07,0.0,0.0,0.0,-8.65779870716664e-28
2026-08-24T01:59:48.732708,58.69,1.0058191382353792,0.041065526236002674,0.0,-0.20145551630181036,0.0,0.0,-0.1005575125368929,0.994931247208767,4.74335957558993e-05,1.54920115378667e-07,0.0,0.0,0.0,-8.693914995741864e-28
2026-08-24T01:59:48.751311,58.71,1.0058189214161792,0.04106557050903927,0.0,-0.20145551630281175,0.0,0.0,-0.10055751253739108,0.9949312472087166,3.175337902162884e-06,1.5422350545422591e-07,0.0,0.0,0.0,1.7315687214109355e-22
2026-08-24T01:59:48.770159,58.73,1.005819123230682,0.041065529286156505,0.0,-0.20145551630019481,0.0,0.0,-0.1005575125360892,0.9949312472088482,4.4371757121731425e-05,1.5351588976865323e-07,0.0,0.0,0.0,1.7315688200620817e-22
2026-08-24T01:59:48.790835,58.75,1.0058185816420195,0.041065639885277866,0.0,-0.2014555163028602,0.0,0.0,-0.10055751253741516,0.9949312472087142,-6.618140293866985e-05,1.52797650592201e-07,0.0,0.0,0.0,-7.214465065875797e-25
2026-08-24T01:59:48.811365,58.77,1.0058189472357726,0.04106556521423148,0.0,-0.20145551629253822,0.0,0.0,-0.10055751253228033,0.9949312472092332,8.447120581945632e-06,1.520691625124254e-07,0.0,0.0,0.0,-1.8032740299037764e-35
2026-08-24T01:59:48.829847,58.79,1.0058187060472388,0.04106561446368751,0.0,-0.2014555162920835,0.0,0.0,-0.10055751253205411,0.9949312472092561,-4.078610552664373e-05,1.513307939834642e-07,0.0,0.0,0.0,-1.7388003868746851e-22
2026-08-24T01:59:48.851372,58.81,1.0058188233978838,0.04106559049009217,0.0,-0.20145551628524938,0.0,0.0,-0.10055751252865439,0.9949312472095997,-1.68311178609443e-05,1.5058290568965784e-07,0.0,0.0,0.0,1.7315687213674667e-22
2026-08-24T01:59:48.871991,58.83,1.0058187029967098,0.04106561507146036,0.0,-0.2014555162813818,0.0,0.0,-0.10055751252673041,0.9949312472097941,-4.140812086570179e-05,1.498258521754898e-07,0.0,0.0,0.0,1.7315688200608512e-22
2026-08-24T01:59:48.892745,58.85,1.0058190671568514,0.041065540692811514,0.0,-0.2014555162742404,0.0,0.0,-0.10055751252317781,0.9949312472101531,3.292748335882786e-05,1.4905998128627302e-07,0.0,0.0,0.0,8.802304238751838e-28
2026-08-24T01:59:48.911871,58.87,1.0058188741170115,0.04106558010869294,0.0,-0.20145551627534672,0.0,0.0,-0.10055751252372812,0.9949312472100975,-6.477260899361657e-06,1.4828563444261853e-07,0.0,0.0,0.0,-3.611597549231648e-30
2026-08-24T01:59:48.930838,58.89,1.0058191423446292,0.04106552532177118,0.0,-0.20145551626995095,0.0,0.0,-0.10055751252104395,0.9949312472103689,4.827587675542064e-05,1.4750314604990291e-07,0.0,0.0,0.0,-1.7388089460660918e-22
2026-08-24T01:59:48.953380,58.91,1.0058193704963752,0.04106547871929653,0.0,-0.20145551627033065,0.0,0.0,-0.10055751252123284,0.9949312472103498,9.484812985350888e-05,1.4671284471538758e-07,0.0,0.0,0.0,-3.470368750018065e-22
2026-08-24T01:59:48.971075,58.93,1.0058188193997566,0.041065591259372994,0.0,-0.20145551627618954,0.0,0.0,-0.10055751252414742,0.9949312472100552,-1.7645854806864603e-05,1.4591505254456378e-07,0.0,0.0,0.0,3.4848236729823744e-22
2026-08-24T01:59:48.991791,58.95,1.0058188671681467,0.041065581495684914,0.0,-0.20145551627146305,0.0,0.0,-0.10055751252179618,0.9949312472102928,-7.89425777939042e-06,1.4511008501453633e-07,0.0,0.0,0.0,-1.4463294723911358e-24
2026-08-24T01:59:49.012360,58.97,1.005819103024593,0.04106553331949083,0.0,-0.20145551626816216,0.0,0.0,-0.10055751252015409,0.9949312472104588,4.025090919049983e-05,1.442982520783688e-07,0.0,0.0,0.0,-1.731559695560445e-22
2026-08-24T01:59:49.031090,58.99,1.0058192818908878,0.04106549678208929,0.0,-0.20145551626654254,0.0,0.0,-0.10055751251934839,0.9949312472105403,7.676260592975567e-05,1.434798576142672e-07,0.0,0.0,0.0,-3.470368983344155e-22
2026-08-24T01:59:49.051878,59.01,1.0058190507800076,0.041065543972543764,0.0,-0.2014555162700562,0.0,0.0,-0.1005575125210963,0.9949312472103635,2.9586676665194787e-05,1.4265519940865407e-07,0.0,0.0,0.0,3.484814916576739e-22
2026-08-24T01:59:49.071389,59.03,1.0058187442923827,0.041065606556813454,0.0,-0.20145551626971833,0.0,0.0,-0.10055751252092819,0.9949312472103805,-3.2975458399865547e-05,1.4182456932539354e-07,0.0,0.0,0.0,-3.470368947098758e-22
2026-08-24T01:59:49.090209,59.05,1.0058187283100493,0.04106560981234668,0.0,-0.20145551626363334,0.0,0.0,-0.10055751251790115,0.9949312472106865,-3.623733086725697e-05,1.4098825364070447e-07,0.0,0.0,0.0,3.484814916576739e-22
2026-08-24T01:59:49.111821,59.06,1.0058189055523068,0.04106557218223168,0.0,-0.20145551625678898,0.0,0.0,-0.10055751251449635,0.9949312472110307,-7.283393128641492e-11,1.3892202643674897e-07,0.0,0.0,0.0,1.731594839229299e-22
2026-08-24T01:59:49.131163,59.08,1.0058189055520184,0.0410655721822905,0.0,-0.20145551625440072,0.0,0.0,-0.10055751251330824,0.9949312472111507,-2.976164205218453e-10,1.3808756394773742e-07,0.0,0.0,0.0,1.0839268620268831e-29
2026-08-24T01:59:49.151576,59.11,1.0058189439132879,0.041065565754863156,0.0,-0.20145551624190805,0.0,0.0,-0.10055751250709356,0.9949312472117788,7.774556938384558e-06,1.384479710545065e-07,0.0,0.0,0.0,-3.6115482625545054e-30
2026-08-24T01:59:49.172983,59.13,1.0058193639245532,0.0410654799690453,0.0,-0.20145551623720828,0.0,0.0,-0.10055751250475559,0.9949312472120151,9.351045654298025e-05,1.375916634019838e-07,0.0,0.0,0.0,-1.7315771556200535e-22
2026-08-24T01:59:49.190292,59.15,1.0058194180422826,0.04106546890808618,0.0,-0.2014555162404177,0.0,0.0,-0.10055751250635216,0.9949312472118538,0.00010455743460959997,1.3673101794258887e-07,0.0,0.0,0.0,3.4920466445736113e-22
2026-08-24T01:59:49.210555,59.17,1.00581932721345,0.04106548744891396,0.0,-0.20145551624389185,0.0,0.0,-0.10055751250808041,0.994931247211679,8.60170441203435e-05,1.3586628799994512e-07,0.0,0.0,0.0,7.21447493579139e-25
2026-08-24T01:59:49.230320,59.19,1.0058193431862539,0.04106548417805145,0.0,-0.20145551624534752,0.0,0.0,-0.10055751250880458,0.9949312472116059,8.927795611086224e-05,1.3499772164532385e-07,0.0,0.0,0.0,7.223096532214519e-25
2026-08-24T01:59:49.252069,59.21,1.005819302074993,0.0410654925651912,0.0,-0.2014555162472176,0.0,0.0,-0.10055751250973488,0.9949312472115118,8.088635220136681e-05,1.3412556217145325e-07,0.0,0.0,0.0,-1.7243540229723612e-22
2026-08-24T01:59:49.270104,59.23,1.005819444741682,0.041065463420095774,0.0,-0.2014555162484104,0.0,0.0,-0.10055751251032827,0.9949312472114519,0.00011000898578194772,1.332500475735961e-07,0.0,0.0,0.0,-3.470368983346441e-22
2026-08-24T01:59:49.291426,59.25,1.005819398375723,0.041065472880313605,0.0,-0.20145551625212033,0.0,0.0,-0.10055751251217382,0.9949312472112654,0.00010054465758398954,1.3237141110974045e-07,0.0,0.0,0.0,3.484814916574263e-22
2026-08-24T01:59:49.311281,59.27,1.005819417025921,0.04106546906252436,0.0,-0.20145551625388647,0.0,0.0,-0.10055751251305242,0.9949312472111765,0.00010435205813983769,1.3148988072709963e-07,0.0,0.0,0.0,-7.223070068755654e-25
2026-08-24T01:59:49.330921,59.29,1.005819069612731,0.04106554000429889,0.0,-0.20145551625744806,0.0,0.0,-0.10055751251482418,0.9949312472109975,3.3435733445237244e-05,1.306056798645078e-07,0.0,0.0,0.0,3.4920467168466984e-22
2026-08-24T01:59:49.351015,59.31,1.0058188865926125,0.04106557737274003,0.0,-0.20145551625579913,0.0,0.0,-0.10055751251400391,0.9949312472110804,-3.923129766455319e-06,1.2971902716552862e-07,0.0,0.0,0.0,-1.7315857147246534e-22
2026-08-24T01:59:49.369978,59.33,1.0058180711461533,0.04106574389893918,0.0,-0.2014555162553498,0.0,0.0,-0.10055751251378035,0.9949312472111029,-0.00017037787001595306,1.288301367019707e-07,0.0,0.0,0.0,-1.7315684978628436e-22
2026-08-24T01:59:49.390802,59.35,1.0058175329817545,0.04106585379696402,0.0,-0.20145551624272742,0.0,0.0,-0.10055751250750117,0.9949312472117376,-0.0002802312058038197,1.2793921733511756e-07,0.0,0.0,0.0,-1.7315685964694698e-22
2026-08-24T01:59:49.410954,59.37,1.0058183321053233,0.041065690586252535,0.0,-0.20145551621855518,0.0,0.0,-0.10055751249547631,0.994931247212953,-0.00011710713881717312,1.2704647409190817e-07,0.0,0.0,0.0,1.746014628350914e-22
2026-08-24T01:59:49.430812,59.39,1.0058189379621318,0.041065566845584545,0.0,-0.2014555162052658,0.0,0.0,-0.10055751248886531,0.9949312472136211,6.564802266342142e-06,1.261521079837014e-07,0.0,0.0,0.0,-7.223070112224714e-25
2026-08-24T01:59:49.450197,59.41,1.005818891019773,0.04106557642333975,0.0,-0.2014555162036094,0.0,0.0,-0.10055751248804128,0.9949312472137044,-3.01750368938074e-06,1.2525631501803261e-07,0.0,0.0,0.0,-1.7532550502652635e-22
2026-08-24T01:59:49.472214,59.43,1.0058193214918507,0.04106548850073243,0.0,-0.20145551619921515,0.0,0.0,-0.10055751248585529,0.9949312472139253,8.485418946188285e-05,1.2435928652898742e-07,0.0,0.0,0.0,-1.7460061317375153e-22
2026-08-24T01:59:49.490294,59.45,1.005819260675408,0.04106550091190967,0.0,-0.20145551620180102,0.0,0.0,-0.1005575124871417,0.9949312472137953,7.243990245195209e-05,1.2346121007046808e-07,0.0,0.0,0.0,8.729985842756368e-28
2026-08-24T01:59:49.510645,59.47,1.005819106933641,0.04106553230082712,0.0,-0.2014555162031693,0.0,0.0,-0.10055751248782235,0.9949312472137265,4.105733827407609e-05,1.22562268644233e-07,0.0,0.0,0.0,-3.611498942904641e-30
2026-08-24T01:59:49.530753,59.49,1.0058187619348387,0.04106560274936001,0.0,-0.20145551620429636,0.0,0.0,-0.10055751248838304,0.9949312472136699,-2.9365991867490936e-05,1.2166264137994218e-07,0.0,0.0,0.0,-1.73879125267985e-22
2026-08-24T01:59:49.551220,59.51,1.0058193281175927,0.04106548711109662,0.0,-0.2014555161967384,0.0,0.0,-0.10055751248462322,0.9949312472140499,8.620822771859913e-05,1.2076250312042416e-07,0.0,0.0,0.0,-1.7387915319061295e-22
2026-08-24T01:59:49.571677,59.53,1.0058189679649432,0.041065560654426674,0.0,-0.20145551620056112,0.0,0.0,-0.10055751248652489,0.9949312472138577,1.26910368774184e-05,1.1986202554958328e-07,0.0,0.0,0.0,-1.7387916305115214e-22
2026-08-24T01:59:49.590975,59.55,1.0058185520577563,0.041065645584270144,0.0,-0.20145551619923469,0.0,0.0,-0.100557512485865,0.9949312472139243,-7.220654766226274e-05,1.1896137533018758e-07,0.0,0.0,0.0,-1.7315684617492646e-22
2026-08-24T01:59:49.609791,59.57,1.0058185854480128,0.04106563875597914,0.0,-0.20145551619275714,0.0,0.0,-0.10055751248264268,0.9949312472142501,-6.538996298818815e-05,1.1806071557339662e-07,0.0,0.0,0.0,3.4992696786144964e-22
2026-08-24T01:59:49.630306,59.59,1.0058185826031394,0.04106563932783792,0.0,-0.20145551618687432,0.0,0.0,-0.10055751247971617,0.9949312472145458,-6.597034387224401e-05,1.1716020596618546e-07,0.0,0.0,0.0,-1.7388089820945874e-22
2026-08-24T01:59:49.652216,59.62,1.0058189055526772,0.041065572182155535,0.0,-0.20145551617725224,0.0,0.0,-0.10055751247492951,0.9949312472150297,1.0425896219490652e-10,1.1445334722690716e-07,0.0,0.0,0.0,-3.4703690435826293e-22
2026-08-24T01:59:49.670728,59.63,1.0058185340748318,0.04106564922030509,0.0,-0.20145551618003402,0.0,0.0,-0.10055751247631335,0.9949312472148898,-7.587587937511223e-05,1.1536025661569742e-07,0.0,0.0,0.0,5.230846735584453e-22
2026-08-24T01:59:49.689986,59.65,1.0058190257470332,0.041065548799026914,0.0,-0.20145551617099852,0.0,0.0,-0.10055751247181853,0.9949312472153441,2.4488733118733946e-05,1.1446111691298908e-07,0.0,0.0,0.0,-1.7315857146811844e-22
2026-08-24T01:59:49.710562,59.67,1.005819339948227,0.041065484621916275,0.0,-0.20145551616846724,0.0,0.0,-0.10055751247055929,0.9949312472154713,8.862591569276814e-05,1.1356272843545556e-07,0.0,0.0,0.0,-1.7315684978628436e-22
2026-08-24T01:59:49.730212,59.69,1.0058188052451091,0.04106559381298404,0.0,-0.20145551617154928,0.0,0.0,-0.10055751247209246,0.9949312472153163,-2.052172360686285e-05,1.126652323675107e-07,0.0,0.0,0.0,-3.463145617369381e-22
2026-08-24T01:59:49.750565,59.71,1.0058189586806685,0.041065562468383957,0.0,-0.2014555161668068,0.0,0.0,-0.10055751246973327,0.9949312472155548,1.079951532675563e-05,1.1176876632177699e-07,0.0,0.0,0.0,5.238069671018892e-22
2026-08-24T01:59:49.771572,59.73,1.0058188829771468,0.04106557791990946,0.0,-0.20145551616579874,0.0,0.0,-0.10055751246923178,0.9949312472156054,-4.6534010434475196e-06,1.108734649053775e-07,0.0,0.0,0.0,-1.738808982052354e-22
2026-08-24T01:59:49.789818,59.75,1.005819235546329,0.04106550590710845,0.0,-0.20145551616228288,0.0,0.0,-0.10055751246748278,0.9949312472157823,6.731617119267924e-05,1.0997945918884545e-07,0.0,0.0,0.0,-3.4703687500155993e-22
2026-08-24T01:59:49.815396,59.77,1.00581943877127,0.0410654643942699,0.0,-0.20145551616313193,0.0,0.0,-0.10055751246790516,0.9949312472157396,0.00010880012006972149,1.0908687704321235e-07,0.0,0.0,0.0,5.230846735584453e-22
2026-08-24T01:59:49.830621,59.79,1.0058191768827167,0.04106551786962659,0.0,-0.2014555161679934,0.0,0.0,-0.10055751247032357,0.9949312472154952,5.534161450039179e-05,1.0819584318286753e-07,0.0,0.0,0.0,-1.7315857146811844e-22
2026-08-24T01:59:49.850054,59.81,1.005818330734578,0.041065690665886355,0.0,-0.20145551617163981,0.0,0.0,-0.10055751247213754,0.9949312472153118,-0.00011738015359292357,1.0730647866824209e-07,0.0,0.0,0.0,-3.463145420153175e-22
2026-08-24T01:59:49.870464,59.83,1.0058191225705642,0.04106552894353084,0.0,-0.20145551615976626,0.0,0.0,-0.10055751246623082,0.9949312472159088,4.4256526068420547e-05,1.0641890152087382e-07,0.0,0.0,0.0,-7.2230799788208455e-25
2026-08-24T01:59:49.892431,59.85,1.005819403496067,0.041065471562301115,0.0,-0.2014555161588287,0.0,0.0,-0.10055751246576446,0.9949312472159559,0.00010160099672670763,1.0553322751115482e-07,0.0,0.0,0.0,-3.4703599477133328e-22
2026-08-24T01:59:49.911331,59.87,1.0058191291767844,0.0410655275764072,0.0,-0.2014555161620444,0.0,0.0,-0.10055751246736414,0.9949312472157943,4.560495173881428e-05,1.046495687455108e-07,0.0,0.0,0.0,3.4848236729848505e-22
2026-08-24T01:59:49.932907,59.9,1.0058189055530307,0.04106557218208306,0.0,-0.20145551616035418,0.0,0.0,-0.10055751246652332,0.9949312472158792,2.4306019798584193e-10,1.0211738410919387e-07,0.0,0.0,0.0,-1.4463903414819154e-24
2026-08-24T01:59:49.950688,59.91,1.0058184009479043,0.04106567628166156,0.0,-0.20145551616419868,0.0,0.0,-0.10055751246843582,0.9949312472156859,-0.00010304584225434105,1.0288873009492123e-07,0.0,0.0,0.0,3.4920466807345024e-22
2026-08-24T01:59:49.971369,59.93,1.0058186426211548,0.041065626916842235,0.0,-0.20145551615500604,0.0,0.0,-0.10055751246386278,0.9949312472161481,-5.371273614700603e-05,1.0201175979067458e-07,0.0,0.0,0.0,-1.4463294723730808e-24
2026-08-24T01:59:49.990642,59.95,1.0058188352362505,0.041065587570988535,0.0,-0.2014555161489469,0.0,0.0,-0.10055751246084857,0.9949312472164528,-1.4394469317691231e-05,1.011372237968489e-07,0.0,0.0,0.0,-3.4703599838280095e-22
2026-08-24T01:59:50.010159,59.97,1.0058188159912558,0.041065591492458656,0.0,-0.20145551614632273,0.0,0.0,-0.10055751245954316,0.9949312472165848,-1.832268157082953e-05,1.0026522028342748e-07,0.0,0.0,0.0,-1.7460236279534302e-22
2026-08-24T01:59:50.033120,59.99,1.005819029324516,0.041065547915473094,0.0,-0.20145551614223622,0.0,0.0,-0.10055751245751025,0.9949312472167902,2.5224911206482858e-05,9.93958441009065e-08,0.0,0.0,0.0,-3.4703512538427916e-22
2026-08-24T01:59:50.052534,60.01,1.00581954230248,0.04106544314333259,0.0,-0.20145551613872037,0.0,0.0,-0.10055751245576125,0.9949312472169669,0.00012993812832137017,9.852918754377101e-08,0.0,0.0,0.0,3.484823672984851e-22
2026-08-24T01:59:50.072106,60.02,1.0058189055538052,0.04106557218192482,0.0,-0.2014555161422593,0.0,0.0,-0.10055751245752174,0.994931247216789,5.098753906632145e-10,9.694740492540647e-08,0.0,0.0,0.0,-3.470359983834009e-22
2026-08-24T01:59:50.091283,60.05,1.0058190388535357,0.04106554594308511,0.0,-0.2014555161464631,0.0,0.0,-0.10055751245961297,0.9949312472165777,2.7170637555806965e-05,9.680439049714687e-08,0.0,0.0,0.0,5.230838176480202e-22
2026-08-24T01:59:50.111463,60.07,1.0058187466354183,0.04106560561285338,0.0,-0.20145551614692186,0.0,0.0,-0.10055751245984118,0.9949312472165546,-3.2478516915912983e-05,9.594642130997415e-08,0.0,0.0,0.0,-1.446329468026197e-24
2026-08-24T01:59:50.131081,60.09,1.0058189396295207,0.04106556618979434,0.0,-0.20145551614098037,0.0,0.0,-0.1005575124568855,0.9949312472168533,6.917449436990345e-06,9.509151529335778e-08,0.0,0.0,0.0,-1.7387829629305593e-22
2026-08-24T01:59:50.150350,60.11,1.0058187949875959,0.041065595720758026,0.0,-0.20145551614014504,0.0,0.0,-0.10055751245646995,0.9949312472168953,-2.2607726498538092e-05,9.423975240746798e-08,0.0,0.0,0.0,-7.223070199342968e-25
2026-08-24T01:59:50.170895,60.13,1.0058181531950603,0.041065726782739786,0.0,-0.201455516139474,0.0,0.0,-0.10055751245613614,0.994931247216929,-0.000153614944414264,9.33912095430623e-08,0.0,0.0,0.0,3.4920467168466984e-22
2026-08-24T01:59:50.190330,60.15,1.005817603497658,0.04106583903655169,0.0,-0.2014555161322771,0.0,0.0,-0.10055751245255592,0.9949312472172909,-0.00026582262727365243,9.254596150123681e-08,0.0,0.0,0.0,-1.731576922203031e-22
2026-08-24T01:59:50.211334,60.17,1.0058187437208135,0.041065606165004376,0.0,-0.20145551611504375,0.0,0.0,-0.10055751244398294,0.9949312472181574,-3.30706864815653e-05,9.170408075723651e-08,0.0,0.0,0.0,-1.7315683992567088e-22
2026-08-24T01:59:50.230126,60.19,1.0058186208373592,0.04106563125246107,0.0,-0.20145551611302095,0.0,0.0,-0.10055751244297666,0.9949312472182591,-5.815511433145423e-05,9.086563804160684e-08,0.0,0.0,0.0,1.7315686227622506e-22
2026-08-24T01:59:50.250990,60.21,1.0058185988810298,0.04106563572802952,0.0,-0.201455516109053,0.0,0.0,-0.10055751244100274,0.9949312472184586,-6.263659618377856e-05,9.003070110474187e-08,0.0,0.0,0.0,-1.4463294767741785e-24
2026-08-24T01:59:50.270905,60.23,1.005819354074093,0.04106548148967047,0.0,-0.20145551610287882,0.0,0.0,-0.1005575124379313,0.994931247218769,9.151962684106853e-05,8.91993355717638e-08,0.0,0.0,0.0,-3.4703599838304766e-22
2026-08-24T01:59:50.289951,60.25,1.0058190495429191,0.04106554367438795,0.0,-0.20145551610695375,0.0,0.0,-0.10055751243995846,0.9949312472185642,2.935613979660693e-05,8.837160539531453e-08,0.0,0.0,0.0,3.4848236729823744e-22
2026-08-24T01:59:50.312970,60.27,1.0058192151974101,0.04106550983509487,0.0,-0.2014555161053564,0.0,0.0,-0.1005575124391638,0.9949312472186445,6.317134297159288e-05,8.75475716921572e-08,0.0,0.0,0.0,-1.4463294723911362e-24
2026-08-24T01:59:50.330689,60.29,1.005819182141754,0.041065516577580445,0.0,-0.20145551610721624,0.0,0.0,-0.10055751244008902,0.994931247218551,5.6424016560301626e-05,8.67272941344733e-08,0.0,0.0,0.0,5.230838176476485e-22
2026-08-24T01:59:50.351620,60.31,1.0058191860682162,0.041065515767401424,0.0,-0.2014555161081493,0.0,0.0,-0.10055751244055317,0.994931247218504,5.722586150681587e-05,8.591082976596333e-08,0.0,0.0,0.0,-8.693784226931863e-28
2026-08-24T01:59:50.370123,60.33,1.005819669512008,0.041065417027446954,0.0,-0.20145551610683476,0.0,0.0,-0.10055751243989924,0.9949312472185702,0.00015591046178945074,8.509823414969079e-08,0.0,0.0,0.0,-3.6114989852814564e-30
2026-08-24T01:59:50.390302,60.35,1.00581954003494,0.041065443461790654,0.0,-0.20145551611262302,0.0,0.0,-0.1005575124427787,0.9949312472182791,0.0001294806042320999,8.428956069980912e-08,0.0,0.0,0.0,-1.7387828282085807e-22
2026-08-24T01:59:50.410003,60.37,1.0058194044131177,0.04106547115109192,0.0,-0.2014555161161384,0.0,0.0,-0.1005575124445275,0.9949312472181023,0.00010179682459058181,8.348486070871475e-08,0.0,0.0,0.0,-1.444630145398512e-24
2026-08-24T01:59:50.430345,60.39,1.0058191579242066,0.041065521482354796,0.0,-0.20145551611965962,0.0,0.0,-0.10055751244627917,0.9949312472179254,5.148205478795562e-05,8.268418374647027e-08,0.0,0.0,0.0,-1.4454798111129453e-24
2026-08-24T01:59:50.451861,60.41,1.005818764451084,0.04106560183162838,0.0,-0.20145551612016724,0.0,0.0,-0.10055751244653169,0.9949312472178998,-2.8836257216796256e-05,8.188757733309846e-08,0.0,0.0,0.0,3.492046716848999e-22
2026-08-24T01:59:50.470413,60.42,1.0058189055523126,0.041065572182229323,0.0,-0.2014555161165549,0.0,0.0,-0.10055751244473472,0.9949312472180815,-7.392756048018857e-11,8.053568460945707e-08,0.0,0.0,0.0,-1.7387828282073264e-22
2026-08-24T01:59:50.490302,60.45,1.005819126472424,0.04106552788146629,0.0,-0.20145551611342993,0.0,0.0,-0.10055751244318012,0.9949312472182386,4.506320725741731e-05,8.030675759703874e-08,0.0,0.0,0.0,-1.7315771556200537e-22
2026-08-24T01:59:50.513276,60.47,1.0058191890290502,0.041065515097821845,0.0,-0.20145551611304618,0.0,0.0,-0.10055751244298924,0.9949312472182579,5.7832891553609535e-05,7.952263084034751e-08,0.0,0.0,0.0,-7.22732678336226e-30
2026-08-24T01:59:50.531965,60.49,1.0058186795569228,0.04106561913725531,0.0,-0.20145551611452728,0.0,0.0,-0.10055751244372602,0.9949312472181834,-4.616424281843171e-05,7.874274742882455e-08,0.0,0.0,0.0,-1.7387828282085811e-22
2026-08-24T01:59:50.551781,60.51,1.0058185479034514,0.04106564601641142,0.0,-0.20145551611116683,0.0,0.0,-0.10055751244205431,0.9949312472183524,-7.303766601522215e-05,7.796714589971064e-08,0.0,0.0,0.0,-7.223168806468243e-25
2026-08-24T01:59:50.573708,60.53,1.0058183660733142,0.04106568314298144,0.0,-0.2014555161080667,0.0,0.0,-0.10055751244051209,0.9949312472185082,-0.00011015379994923118,7.719586373430203e-08,0.0,0.0,0.0,-1.4454798110948662e-24
2026-08-24T01:59:50.590456,60.55,1.0058186155017046,0.0410656321954738,0.0,-0.20145551610101012,0.0,0.0,-0.10055751243700167,0.994931247218863,-5.923814547243429e-05,7.642893625075217e-08,0.0,0.0,0.0,3.499269750889889e-22
2026-08-24T01:59:50.613845,60.57,1.0058190531410836,0.04106554281046921,0.0,-0.20145551609654877,0.0,0.0,-0.10055751243478232,0.9949312472190873,3.0096350276120603e-05,7.566639768165022e-08,0.0,0.0,0.0,-1.7388089820945874e-22
2026-08-24T01:59:50.630050,60.59,1.0058191042988747,0.041065532355024414,0.0,-0.20145551609623658,0.0,0.0,-0.10055751243462702,0.994931247219103,4.053904615633369e-05,7.490828036347995e-08,0.0,0.0,0.0,-1.7315684617480348e-22
2026-08-24T01:59:50.650503,60.61,1.0058188361522336,0.04106558710983077,0.0,-0.201455516097111,0.0,0.0,-0.100557512435062,0.994931247219059,-1.4196856617903822e-05,7.415461500817438e-08,0.0,0.0,0.0,3.4920466445736113e-22
2026-08-24T01:59:50.669896,60.63,1.0058189670556203,0.041065560368367574,0.0,-0.20145551609454723,0.0,0.0,-0.10055751243378663,0.9949312472191879,1.2524650290538564e-05,7.340543073594307e-08,0.0,0.0,0.0,-1.7315857147246534e-22
2026-08-24T01:59:50.692391,60.65,1.0058189106917,0.04106557187176749,0.0,-0.20145551609349077,0.0,0.0,-0.10055751243326107,0.9949312472192411,1.0194152296600005e-06,7.266075581575692e-08,0.0,0.0,0.0,-1.7315684978628436e-22
2026-08-24T01:59:50.711423,60.67,1.0058190355812233,0.041065546358582075,0.0,-0.20145551609120646,0.0,0.0,-0.10055751243212467,0.9949312472193559,2.65131638193771e-05,7.192061633401367e-08,0.0,0.0,0.0,-1.7243453290993557e-22
2026-08-24T01:59:50.731604,60.69,1.005818765813718,0.04106560144459396,0.0,-0.20145551609143686,0.0,0.0,-0.10055751243223932,0.9949312472193443,-2.8553644740783937e-05,7.11850375219068e-08,0.0,0.0,0.0,3.492046805675524e-22
2026-08-24T01:59:50.752650,60.71,1.0058182499912007,0.0410657067814361,0.0,-0.20145551608994736,0.0,0.0,-0.10055751243149835,0.9949312472194192,-0.00013384684981272778,7.045404267737264e-08,0.0,0.0,0.0,-1.7388089459787923e-22
2026-08-24T01:59:50.771619,60.72,1.0058189055510138,0.041065572182494285,0.0,-0.20145551608524892,0.0,0.0,-0.10055751242916104,0.9949312472196554,-6.094913182887957e-10,6.926863285036553e-08,0.0,0.0,0.0,1.7315686227648517e-22
2026-08-24T01:59:50.790355,60.75,1.0058187995572108,0.04106559453115585,0.0,-0.20145551607660206,0.0,0.0,-0.10055751242485952,0.9949312472200902,-2.1664070731359034e-05,6.900589296742932e-08,0.0,0.0,0.0,3.492046644573612e-22
2026-08-24T01:59:50.810247,60.77,1.0058182744788091,0.0410657017584293,0.0,-0.2014555160769156,0.0,0.0,-0.10055751242501548,0.9949312472200744,-0.00012884736048148176,6.828877874811666e-08,0.0,0.0,0.0,-1.7315857147246534e-22
2026-08-24T01:59:50.830514,60.79,1.0058188085416886,0.041065592681764865,0.0,-0.20145551607030449,0.0,0.0,-0.10055751242172667,0.9949312472204068,-1.9829653594615634e-05,6.757632947708424e-08,0.0,0.0,0.0,-1.7315684978628434e-22
2026-08-24T01:59:50.851777,60.81,1.0058189528367278,0.04106556320580045,0.0,-0.20145551606856316,0.0,0.0,-0.10055751242086045,0.9949312472204944,9.624860032539656e-06,6.68685625486448e-08,0.0,0.0,0.0,-1.724345329099356e-22
2026-08-24T01:59:50.870819,60.83,1.005819033802711,0.041065546663311275,0.0,-0.2014555160679525,0.0,0.0,-0.10055751242055667,0.9949312472205251,2.6152441266045123e-05,6.616549371270189e-08,0.0,0.0,0.0,1.7460145922348642e-22
2026-08-24T01:59:50.892975,60.85,1.0058188763735025,0.04106557880732096,0.0,-0.20145551606802847,0.0,0.0,-0.10055751242059445,0.9949312472205213,-5.983020053295897e-06,6.546713771409348e-08,0.0,0.0,0.0,-7.223070112224758e-25
2026-08-24T01:59:50.910780,60.87,1.0058187497824818,0.041065604653424626,0.0,-0.20145551606838286,0.0,0.0,-0.10055751242077075,0.9949312472205034,-3.1823308773202966e-05,6.477350779721353e-08,0.0,0.0,0.0,5.23084700511798e-22
2026-08-24T01:59:50.932412,60.89,1.005819204473172,0.041065511786848696,0.0,-0.20145551606466938,0.0,0.0,-0.10055751241892343,0.9949312472206902,6.099198241880923e-05,6.4084616347445e-08,0.0,0.0,0.0,-1.7315856160740642e-22
2026-08-24T01:59:50.952307,60.91,1.005820218582797,0.041065304672536315,0.0,-0.20145551606368356,0.0,0.0,-0.10055751241843298,0.9949312472207397,0.000267999875636215,6.340047458724828e-08,0.0,0.0,0.0,1.7315685241556232e-22
2026-08-24T01:59:50.970533,60.93,1.0058203161025385,0.04106528474958275,0.0,-0.20145551607139695,0.0,0.0,-0.10055751242227012,0.9949312472203519,0.0002879058905554708,6.272109281932621e-08,0.0,0.0,0.0,1.7315686228475971e-22
2026-08-24T01:59:50.991197,60.95,1.0058193355942286,0.04106548498782849,0.0,-0.20145551608128717,0.0,0.0,-0.10055751242719022,0.9949312472198546,8.775712106655617e-05,6.204647992163175e-08,0.0,0.0,0.0,-1.4463294767741786e-24
2026-08-24T01:59:51.010392,60.97,1.0058188196708018,0.04106559034589913,0.0,-0.2014555160839415,0.0,0.0,-0.10055751242851065,0.9949312472197211,-1.7556149121637408e-05,6.137664358854391e-08,0.0,0.0,0.0,-1.738774134295427e-22
2026-08-24T01:59:51.030417,60.99,1.0058185561093869,0.041065644165182186,0.0,-0.20145551608210968,0.0,0.0,-0.10055751242759936,0.9949312472198133,-7.135571691800114e-05,6.071159069963478e-08,0.0,0.0,0.0,1.7315686227608398e-22
2026-08-24T01:59:51.051049,61.01,1.0058184599978042,0.04106566378693633,0.0,-0.20145551607930393,0.0,0.0,-0.10055751242620359,0.9949312472199543,-9.097425593245368e-05,6.00513274241351e-08,0.0,0.0,0.0,-1.4463294767752133e-24
2026-08-24T01:59:51.070417,61.03,1.00581857900536,0.041065639475859075,0.0,-0.20145551607491985,0.0,0.0,-0.10055751242402268,0.9949312472201748,-6.668120005042159e-05,5.9395858699433505e-08,0.0,0.0,0.0,3.492046680732021e-22
2026-08-24T01:59:51.090800,61.05,1.0058184612720584,0.04106566351342355,0.0,-0.2014555160721221,0.0,0.0,-0.10055751242263089,0.9949312472203155,-9.071365023395867e-05,5.874518850123635e-08,0.0,0.0,0.0,-1.4463294723741152e-24
2026-08-24T01:59:51.110546,61.07,1.00581854712649,0.04106564597316726,0.0,-0.20145551606854006,0.0,0.0,-0.10055751242084895,0.9949312472204955,-7.318801909479068e-05,5.8099319886140997e-08,0.0,0.0,0.0,-3.47035998382801e-22
2026-08-24T01:59:51.130268,61.09,1.0058186350326297,0.0410656280139481,0.0,-0.20145551606578532,0.0,0.0,-0.10055751241947859,0.9949312472206341,-5.5243733244994256e-05,5.7458254995575195e-08,0.0,0.0,0.0,3.4848236729823744e-22
2026-08-24T01:59:51.150698,61.11,1.005818764781521,0.041065601509407704,0.0,-0.201455516063346,0.0,0.0,-0.10055751241826508,0.9949312472207567,-2.8758200607955582e-05,5.682199478121926e-08,0.0,0.0,0.0,-2.16862301561968e-24
2026-08-24T01:59:51.171541,61.13,1.0058191894357071,0.04106551477764373,0.0,-0.2014555160607792,0.0,0.0,-0.10055751241698817,0.9949312472208858,5.792564758628784e-05,5.6190539785843974e-08,0.0,0.0,0.0,3.4920466807318406e-22
2026-08-24T01:59:51.190406,61.15,1.0058192680996585,0.04106549870606414,0.0,-0.20145551606148127,0.0,0.0,-0.10055751241733744,0.9949312472208505,7.398308539498657e-05,5.556388959946804e-08,0.0,0.0,0.0,-1.4463294723730808e-24
2026-08-24T01:59:51.210229,61.17,1.0058191301262438,0.04106552687747463,0.0,-0.20145551606320344,0.0,0.0,-0.10055751241819416,0.9949312472207639,4.5819086370185394e-05,5.49420426530255e-08,0.0,0.0,0.0,-3.4703599838280095e-22
2026-08-24T01:59:51.230026,61.19,1.0058190766807595,0.041065537786148736,0.0,-0.201455516063628,0.0,0.0,-0.10055751241840537,0.9949312472207426,3.49097224074812e-05,5.432499672618886e-08,0.0,0.0,0.0,-1.7460236279546708e-22
2026-08-24T01:59:51.252718,61.21,1.0058191556445975,0.04106552165347075,0.0,-0.201455516063219,0.0,0.0,-0.1005575124182019,0.9949312472207631,5.102871184257142e-05,5.371274913741e-08,0.0,0.0,0.0,-3.4703512538427926e-22
2026-08-24T01:59:51.274376,61.23,1.005818907419642,0.04106557234123745,0.0,-0.20145551606437984,0.0,0.0,-0.10055751241877939,0.9949312472207047,3.5932221935911266e-07,5.310529592264255e-08,0.0,0.0,0.0,3.484823672984851e-22
2026-08-24T01:59:51.290467,61.25,1.0058187470532474,0.04106560508606701,0.0,-0.20145551606369066,0.0,0.0,-0.10055751241843652,0.9949312472207393,-3.237549171354802e-05,5.250263243199229e-08,0.0,0.0,0.0,-1.4463294723911364e-24
2026-08-24T01:59:51.312410,61.27,1.0058182210894369,0.041065712495373156,0.0,-0.2014555160634286,0.0,0.0,-0.10055751241830617,0.9949312472207525,-0.00013973891238088605,5.190475364912806e-08,0.0,0.0,0.0,5.230838176476485e-22
2026-08-24T01:59:51.330494,61.29,1.005818407260967,0.04106567446831181,0.0,-0.20145551605885714,0.0,0.0,-0.10055751241603203,0.9949312472209824,-0.0001017355155833983,5.131165347916423e-08,0.0,0.0,0.0,-1.4463294680261965e-24
2026-08-24T01:59:51.350405,61.31,1.0058190151308384,0.04106555031961396,0.0,-0.20145551605497228,0.0,0.0,-0.10055751241409944,0.9949312472211778,2.234770724383197e-05,5.072332532194973e-08,0.0,0.0,0.0,-3.47035998382801e-22
2026-08-24T01:59:51.370065,61.33,1.0058193373075128,0.041065484516888726,0.0,-0.20145551605447803,0.0,0.0,-0.10055751241385355,0.9949312472212025,8.811267152184269e-05,5.0139761750362656e-08,0.0,0.0,0.0,3.4920554995468537e-22
2026-08-24T01:59:51.390418,61.35,1.0058186109262093,0.041065632856813264,0.0,-0.201455516058052,0.0,0.0,-0.1005575124156315,0.9949312472210229,-6.016188873691664e-05,4.9560954867007905e-08,0.0,0.0,0.0,-1.7388002520642898e-22
2026-08-24T01:59:51.410973,61.37,1.0058187724714789,0.0410655998592631,0.0,-0.2014555160557676,0.0,0.0,-0.10055751241449509,0.9949312472211377,-2.7185264611761456e-05,4.8986895619935675e-08,0.0,0.0,0.0,1.73156862276207e-22
2026-08-24T01:59:51.430339,61.39,1.0058189598222056,0.04106556159162073,0.0,-0.2014555160542617,0.0,0.0,-0.10055751241374596,0.9949312472212134,1.1058325306418747e-05,4.841757498399374e-08,0.0,0.0,0.0,-1.4463294767741786e-24
2026-08-24T01:59:51.450773,61.41,1.0058188847495817,0.04106557691764741,0.0,-0.20145551605448062,0.0,0.0,-0.10055751241385487,0.9949312472212024,-4.265976098073829e-06,4.785298301726238e-08,0.0,0.0,0.0,-3.4703599838304757e-22
2026-08-24T01:59:51.470303,61.43,1.0058188519087592,0.041065583618898206,0.0,-0.20145551605429418,0.0,0.0,-0.1005575124137621,0.9949312472212118,-1.0969413534838229e-05,4.72931090914165e-08,0.0,0.0,0.0,-1.7460236279534302e-22
2026-08-24T01:59:51.490733,61.45,1.005818908297226,0.04106557209727303,0.0,-0.20145551605356976,0.0,0.0,-0.10055751241340177,0.9949312472212483,5.412756935701498e-07,4.67379421071568e-08,0.0,0.0,0.0,-1.738774232945342e-22
2026-08-24T01:59:51.509857,61.47,1.0058187586361198,0.041065602656336235,0.0,-0.20145551605339707,0.0,0.0,-0.10055751241331583,0.9949312472212569,-3.0008531773334356e-05,4.618747026700213e-08,0.0,0.0,0.0,-7.223070199342738e-25
2026-08-24T01:59:51.529799,61.49,1.005818946227215,0.04106556433984338,0.0,-0.20145551605211273,0.0,0.0,-0.10055751241267694,0.9949312472213215,8.284357793510959e-06,4.564168132151699e-08,0.0,0.0,0.0,3.4920467168466984e-22
2026-08-24T01:59:51.550757,61.51,1.0058184403240011,0.04106566765283419,0.0,-0.20145551605304846,0.0,0.0,-0.10055751241314241,0.9949312472212745,-9.498443890129061e-05,4.5100562455061464e-08,0.0,0.0,0.0,-1.7315769222042615e-22
2026-08-24T01:59:51.570870,61.52,1.0058189055520557,0.041065572182281004,0.0,-0.20145551604943535,0.0,0.0,-0.10055751241134502,0.9949312472214561,-2.508028058149853e-10,4.4305996974769663e-08,0.0,0.0,0.0,-1.4454995320698667e-24
2026-08-24T01:59:51.590463,61.55,1.0058190512517622,0.04106554287475502,0.0,-0.20145551604781886,0.0,0.0,-0.10055751241054087,0.9949312472215374,2.972345880725064e-05,4.403228106663714e-08,0.0,0.0,0.0,-1.731577290343706e-22
2026-08-24T01:59:51.612054,61.57,1.0058188618708324,0.0410655815458678,0.0,-0.2014555160484966,0.0,0.0,-0.10055751241087799,0.9949312472215033,-8.93447881393401e-06,4.350509046811359e-08,0.0,0.0,0.0,-7.223070199162821e-25
2026-08-24T01:59:51.630624,61.59,1.0058193266438633,0.041065486621905505,0.0,-0.20145551604708434,0.0,0.0,-0.10055751241017546,0.9949312472215743,8.593893847092478e-05,4.298251346808443e-08,0.0,0.0,0.0,-7.223070156054845e-25
2026-08-24T01:59:51.653077,61.61,1.0058186441864454,0.04106562599205646,0.0,-0.20145551605002954,0.0,0.0,-0.1005575124116406,0.9949312472214262,-5.336966709327645e-05,4.246453503338621e-08,0.0,0.0,0.0,-1.7387827920937723e-22
2026-08-24T01:59:51.671011,61.63,1.0058188249220952,0.04106558907595142,0.0,-0.20145551604823853,0.0,0.0,-0.10055751241074963,0.9949312472215163,-1.6475806330901192e-05,4.195113918977415e-08,0.0,0.0,0.0,-7.22316880646311e-25
2026-08-24T01:59:51.691800,61.65,1.0058189880925263,0.04106555574716371,0.0,-0.2014555160476577,0.0,0.0,-0.10055751241046067,0.9949312472215455,1.6831897834371982e-05,4.144230977369665e-08,0.0,0.0,0.0,-1.4454798110948662e-24
2026-08-24T01:59:51.711519,61.67,1.0058186663471491,0.04106562145074544,0.0,-0.20145551604803918,0.0,0.0,-0.10055751241065045,0.9949312472215263,-4.884520606550407e-05,4.0938030152192625e-08,0.0,0.0,0.0,-1.7387828282089432e-22
2026-08-24T01:59:51.731339,61.69,1.0058181918203262,0.04106571835628755,0.0,-0.2014555160478251,0.0,0.0,-0.10055751241054396,0.994931247221537,-0.00014570882444643382,4.043828336971622e-08,0.0,0.0,0.0,-1.4446301453985088e-24
2026-08-24T01:59:51.753148,61.71,1.0058180030600181,0.04106575690097798,0.0,-0.20145551604522094,0.0,0.0,-0.10055751240924848,0.994931247221668,-0.0001842394896057104,3.994305193151936e-08,0.0,0.0,0.0,-1.4446301410867261e-24
2026-08-24T01:59:51.774855,61.73,1.0058178519221797,0.04106578776223457,0.0,-0.20145551604253997,0.0,0.0,-0.1005575124079148,0.9949312472218028,-0.00021509054159009447,3.9452317899894586e-08,0.0,0.0,0.0,1.7243457234873836e-22
2026-08-24T01:59:51.792056,61.75,1.0058187532460365,0.04106560368369561,0.0,-0.2014555160374232,0.0,0.0,-0.10055751240536938,0.9949312472220601,-3.1105050191260424e-05,3.896606327782935e-08,0.0,0.0,0.0,-1.74604080870196e-22
2026-08-24T01:59:51.810937,61.77,1.0058185478979704,0.04106564561617079,0.0,-0.20145551603780332,0.0,0.0,-0.10055751240555848,0.994931247222041,-7.302276009649667e-05,3.84842693010158e-08,0.0,0.0,0.0,1.7423900344084238e-27
2026-08-24T01:59:51.829861,61.79,1.0058186564296712,0.04106562344634162,0.0,-0.20145551603622724,0.0,0.0,-0.10055751240477444,0.9949312472221202,-5.0868124696982396e-05,3.800691703140932e-08,0.0,0.0,0.0,-3.6114989183259486e-30
2026-08-24T01:59:51.851981,61.81,1.0058187920363288,0.041065595747152496,0.0,-0.20145551603580142,0.0,0.0,-0.10055751240456258,0.9949312472221415,-2.3186888522454293e-05,3.7533987302168935e-08,0.0,0.0,0.0,-1.7387828282085807e-22
2026-08-24T01:59:51.870662,61.83,1.0058183914943921,0.041065677543388454,0.0,-0.20145551603606068,0.0,0.0,-0.10055751240469159,0.9949312472221286,-0.00010494856158049603,3.706546042490646e-08,0.0,0.0,0.0,1.724345588722167e-22
2026-08-24T01:59:51.890243,61.85,1.0058188949536808,0.0410655747192874,0.0,-0.20145551603399697,0.0,0.0,-0.10055751240366498,0.9949312472222324,-2.178035647134416e-06,3.6601316544404545e-08,0.0,0.0,0.0,-1.4454798067660375e-24
2026-08-24T01:59:51.912789,61.87,1.005818967373003,0.04106555992471661,0.0,-0.20145551603425105,0.0,0.0,-0.10055751240379135,0.9949312472222196,1.2604553094752303e-05,3.614153534133923e-08,0.0,0.0,0.0,3.492046716848999e-22
2026-08-24T01:59:51.930079,61.89,1.0058188989362546,0.04106557389663477,0.0,-0.2014555160350806,0.0,0.0,-0.10055751240420402,0.9949312472221779,-1.365146476809453e-06,3.5686096109783454e-08,0.0,0.0,0.0,-1.7315857147246534e-22
2026-08-24T01:59:51.950031,61.91,1.0058189284388388,0.04106556786685737,0.0,-0.20145551603567083,0.0,0.0,-0.10055751240449763,0.9949312472221482,4.657395414799556e-06,3.5234978289039733e-08,0.0,0.0,0.0,-1.731568497864074e-22
2026-08-24T01:59:51.970475,61.93,1.005819347232202,0.04106548233389959,0.0,-0.20145551603516898,0.0,0.0,-0.10055751240424798,0.9949312472221734,9.014485700394177e-05,3.4788160782853266e-08,0.0,0.0,0.0,-7.227326760331304e-30
2026-08-24T01:59:51.989618,61.95,1.0058187712275608,0.041065599964412274,0.0,-0.2014555160378495,0.0,0.0,-0.10055751240558146,0.9949312472220386,-2.7433778055919734e-05,3.4345621894615265e-08,0.0,0.0,0.0,-1.7387828282085807e-22
2026-08-24T01:59:52.015367,61.97,1.0058185650492417,0.04106564206688854,0.0,-0.20145551603835754,0.0,0.0,-0.10055751240583419,0.9949312472220131,-6.951985685377303e-05,3.3907340292318227e-08,0.0,0.0,0.0,1.73156862276084e-22
2026-08-24T01:59:52.030779,61.99,1.0058187516409183,0.04106560395563771,0.0,-0.20145551603762574,0.0,0.0,-0.10055751240547012,0.9949312472220498,-3.1430990294506285e-05,3.347329394163437e-08,0.0,0.0,0.0,-1.4454798067479819e-24
2026-08-24T01:59:52.051372,62.0,1.0058189055522944,0.04106557218223201,0.0,-0.20145551603735257,0.0,0.0,-0.10055751240533424,0.9949312472220636,-7.749811979986907e-11,3.286773593603115e-08,0.0,0.0,0.0,-7.227271616780377e-30
2026-08-24T01:59:52.074301,62.03,1.0058190889011593,0.041065535069690774,0.0,-0.2014555160379703,0.0,0.0,-0.10055751240564155,0.9949312472220325,3.741317074595054e-05,3.261781842369368e-08,0.0,0.0,0.0,-1.738808982094768e-22
2026-08-24T01:59:52.090491,62.05,1.0058190984030997,0.041065533124862254,0.0,-0.20145551603880424,0.0,0.0,-0.10055751240605643,0.9949312472219907,3.9352889361564596e-05,3.219634429271019e-08,0.0,0.0,0.0,-1.731568461749265e-22
2026-08-24T01:59:52.112992,62.07,1.0058188958360577,0.04106557449003543,0.0,-0.20145551604032885,0.0,0.0,-0.10055751240681485,0.994931247221914,-1.996469754165514e-06,3.1779015721506825e-08,0.0,0.0,0.0,5.230838041711448e-22
2026-08-24T01:59:52.130678,62.09,1.0058191361899242,0.041065525399369474,0.0,-0.20145551604015433,0.0,0.0,-0.10055751240672803,0.9949312472219227,4.7066709590815997e-05,3.1365809600216076e-08,0.0,0.0,0.0,-1.7315857146811846e-22
2026-08-24T01:59:52.151672,62.11,1.0058187730850368,0.04106559955059752,0.0,-0.20145551604160386,0.0,0.0,-0.1005575124074491,0.9949312472218499,-2.7053075539889353e-05,3.095670293627872e-08,0.0,0.0,0.0,-1.7315684978628436e-22
2026-08-24T01:59:52.170827,62.13,1.0058192383530749,0.041065504526736074,0.0,-0.20145551604083603,0.0,0.0,-0.10055751240706713,0.9949312472218884,6.792147383242791e-05,3.055167221724552e-08,0.0,0.0,0.0,-3.46314561736692e-22
2026-08-24T01:59:52.192067,62.15,1.0058190007594554,0.04106555304540648,0.0,-0.20145551604240858,0.0,0.0,-0.10055751240784941,0.9949312472218094,1.9421843491241493e-05,3.0150693977332947e-08,0.0,0.0,0.0,5.238069671018892e-22
2026-08-24T01:59:52.211734,62.17,1.0058189663569255,0.041065560067253135,0.0,-0.20145551604310882,0.0,0.0,-0.1005575124081978,0.9949312472217742,1.2399683899247327e-05,2.9753744485241886e-08,0.0,0.0,0.0,-1.7388089820511184e-22
2026-08-24T01:59:52.230274,62.19,1.005818898609225,0.0410655738990849,0.0,-0.2014555160434139,0.0,0.0,-0.10055751240834956,0.9949312472217589,-1.4293395064411415e-06,2.9360799905565206e-08,0.0,0.0,0.0,-3.470368750018066e-22
2026-08-24T01:59:52.251427,62.21,1.0058188038328162,0.04106559325091708,0.0,-0.20145551604379586,0.0,0.0,-0.10055751240853956,0.9949312472217396,-2.0775604508480345e-05,2.8971836250086607e-08,0.0,0.0,0.0,5.230846735584453e-22
2026-08-24T01:59:52.270537,62.22,1.0058189055523643,0.04106557218221767,0.0,-0.2014555160436867,0.0,0.0,-0.10055751240848522,0.9949312472217451,-1.4798841139064932e-10,2.844122433118376e-08,0.0,0.0,0.0,-1.7387741342947936e-22
2026-08-24T01:59:52.291007,62.25,1.0058182552647417,0.04106570527488285,0.0,-0.20145551604330159,0.0,0.0,-0.10055751240829368,0.9949312472217645,-0.0001327529943391899,2.820575461319518e-08,0.0,0.0,0.0,-1.7315684978628431e-22
2026-08-24T01:59:52.311170,62.27,1.0058183512111318,0.04106568567631688,0.0,-0.20145551604164208,0.0,0.0,-0.1005575124074681,0.9949312472218479,-0.00011316730534973159,2.78285880792105e-08,0.0,0.0,0.0,-3.46314561736692e-22
2026-08-24T01:59:52.331544,62.29,1.0058181525382586,0.04106572624664778,0.0,-0.20145551604046252,0.0,0.0,-0.10055751240688134,0.9949312472219073,-0.00015372188819522326,2.745530510844166e-08,0.0,0.0,0.0,1.7460232861078696e-22
2026-08-24T01:59:52.350204,62.31,1.0058184751340467,0.0410656603605039,0.0,-0.2014555160384455,0.0,0.0,-0.10055751240587793,0.9949312472220087,-8.787082215624839e-05,2.7085880953164776e-08,0.0,0.0,0.0,-7.223070112224532e-25
2026-08-24T01:59:52.371877,62.33,1.0058186927861388,0.041065615906610134,0.0,-0.20145551603760353,0.0,0.0,-0.10055751240545907,0.994931247222051,-4.344207780320532e-05,2.6720290829740138e-08,0.0,0.0,0.0,5.23084700511798e-22
2026-08-24T01:59:52.390364,62.35,1.0058194775621148,0.04106545563142116,0.0,-0.20145551603698714,0.0,0.0,-0.10055751240515243,0.9949312472220819,0.00011675247240895727,2.6358509957364167e-08,0.0,0.0,0.0,-1.7315856160740642e-22
2026-08-24T01:59:52.413784,62.37,1.0058193503931068,0.04106548159897264,0.0,-0.20145551603938344,0.0,0.0,-0.10055751240634452,0.9949312472219615,9.079330479301381e-05,2.60005133145238e-08,0.0,0.0,0.0,-1.73156839925794e-22
2026-08-24T01:59:52.429460,62.39,1.005819214700404,0.04106550930732091,0.0,-0.2014555160410972,0.0,0.0,-0.10055751240719704,0.9949312472218753,6.309487641081263e-05,2.5646276036415497e-08,0.0,0.0,0.0,1.73156862276102e-22
2026-08-24T01:59:52.453004,62.41,1.005820093964092,0.04106532973541708,0.0,-0.20145551604141862,0.0,0.0,-0.10055751240735698,0.9949312472218592,0.0002425772403769296,2.5295772860151986e-08,0.0,0.0,0.0,-1.446329476775213e-24
2026-08-24T01:59:52.470967,62.44,1.0058189055538727,0.041065572181909565,0.0,-0.20145551604698042,0.0,0.0,-0.10055751241012377,0.9949312472215796,6.216338015088002e-10,2.4486262612804067e-08,0.0,0.0,0.0,-3.4703603581457542e-22
2026-08-24T01:59:52.490055,62.45,1.0058198040768427,0.04106538893085635,0.0,-0.2014555160469236,0.0,0.0,-0.1005575124100955,0.9949312472215824,0.00018340321682151078,2.4605867885299043e-08,0.0,0.0,0.0,3.4848236729823744e-22
2026-08-24T01:59:52.510148,62.47,1.0058191345356433,0.041065525664995946,0.0,-0.20145551604993145,0.0,0.0,-0.10055751241159178,0.9949312472214311,4.6731252549330925e-05,2.4266415626327108e-08,0.0,0.0,0.0,-1.4463294723911364e-24
2026-08-24T01:59:52.530721,62.49,1.005818571085934,0.04106564073255203,0.0,-0.20145551605094036,0.0,0.0,-0.10055751241209371,0.9949312472213804,-6.828383932321795e-05,2.3930596325781036e-08,0.0,0.0,0.0,5.230838176476485e-22
2026-08-24T01:59:52.551262,62.51,1.005819134329594,0.041065525700280006,0.0,-0.20145551604962675,0.0,0.0,-0.10055751241144023,0.9949312472214464,4.669038911157158e-05,2.359838461474319e-08,0.0,0.0,0.0,-1.4463294680272311e-24
2026-08-24T01:59:52.571028,62.53,1.0058187523177449,0.041065603713615485,0.0,-0.2014555160506118,0.0,0.0,-0.10055751241193023,0.9949312472213969,-3.1289113675395965e-05,2.3269755015670123e-08,0.0,0.0,0.0,-3.47035998382801e-22
2026-08-24T01:59:52.592594,62.55,1.0058187840637567,0.041065597226953174,0.0,-0.20145551605026765,0.0,0.0,-0.10055751241175902,0.9949312472214142,-2.4808455021134734e-05,2.2944681843158525e-08,0.0,0.0,0.0,3.4848236729848505e-22
2026-08-24T01:59:52.611024,62.57,1.0058191019878744,0.04106553229537157,0.0,-0.20145551604945355,0.0,0.0,-0.10055751241135408,0.9949312472214552,4.008875482636843e-05,2.2623139836207067e-08,0.0,0.0,0.0,-2.16862301561968e-24
2026-08-24T01:59:52.630274,62.59,1.0058190243543927,0.04106554814689633,0.0,-0.20145551604987055,0.0,0.0,-0.10055751241156151,0.9949312472214342,2.4241512034520063e-05,2.2305103239644566e-08,0.0,0.0,0.0,5.230838176476305e-22
2026-08-24T01:59:52.652512,62.61,1.005819129438591,0.041065526682790565,0.0,-0.20145551605022985,0.0,0.0,-0.10055751241174024,0.9949312472214161,4.5692329932553536e-05,2.1990546584143387e-08,0.0,0.0,0.0,-1.4463294680261967e-24
2026-08-24T01:59:52.670389,62.63,1.005819378444347,0.041065475826223226,0.0,-0.20145551605039508,0.0,0.0,-0.10055751241182243,0.9949312472214078,9.652133155800853e-05,2.167944408931049e-08,0.0,0.0,0.0,-3.47035998382801e-22
2026-08-24T01:59:52.690499,62.65,1.0058191207761689,0.04106552844558492,0.0,-0.20145551605139775,0.0,0.0,-0.10055751241232125,0.9949312472213574,4.392403395965923e-05,2.137177029495192e-08,0.0,0.0,0.0,-1.7460236279534302e-22
2026-08-24T01:59:52.713974,62.67,1.00581903983365,0.04106554497304044,0.0,-0.20145551605175707,0.0,0.0,-0.10055751241249998,0.9949312472213394,2.7401750204811017e-05,2.106749942898368e-08,0.0,0.0,0.0,-3.4703512538427926e-22
2026-08-24T01:59:52.730033,62.69,1.0058188002856148,0.041065593891870214,0.0,-0.20145551605197554,0.0,0.0,-0.10055751241260867,0.9949312472213284,-2.149647507865165e-05,2.076660588274448e-08,0.0,0.0,0.0,3.484823672984851e-22
2026-08-24T01:59:52.750677,62.71,1.0058184732588795,0.0410656606761423,0.0,-0.20145551605182319,0.0,0.0,-0.1005575124125329,0.9949312472213361,-8.825139628509327e-05,2.0469064036618134e-08,0.0,0.0,0.0,-1.4463294723911364e-24
2026-08-24T01:59:52.770307,62.73,1.005818187459203,0.041065719040818766,0.0,-0.2014555160510079,0.0,0.0,-0.10055751241212729,0.994931247221377,-0.0001465906712760534,2.0174848307937043e-08,0.0,0.0,0.0,5.230838176480202e-22
2026-08-24T01:59:52.790903,62.75,1.0058185823678598,0.04106563838731869,0.0,-0.20145551604904455,0.0,0.0,-0.1005575124111506,0.9949312472214757,-6.597853338354698e-05,1.9883933076366098e-08,0.0,0.0,0.0,-1.4463294680261967e-24
2026-08-24T01:59:52.812837,62.77,1.0058189006983103,0.04106557337309817,0.0,-0.20145551604813994,0.0,0.0,-0.10055751241070059,0.9949312472215213,-9.98622465749108e-07,1.9596292796143826e-08,0.0,0.0,0.0,-3.47035998382801e-22
2026-08-24T01:59:52.829838,62.79,1.0058189090573748,0.04106557166306764,0.0,-0.20145551604811193,0.0,0.0,-0.10055751241068668,0.9949312472215226,7.075675514413486e-07,1.9311901641995738e-08,0.0,0.0,0.0,3.4848236729823744e-22
2026-08-24T01:59:52.852725,62.81,1.0058189365285561,0.04106556604988238,0.0,-0.2014555160482337,0.0,0.0,-0.1005575124107472,0.9949312472215165,6.315323612136796e-06,1.9030734308681492e-08,0.0,0.0,0.0,-2.16862301561968e-24
2026-08-24T01:59:52.872078,62.83,1.0058193514996077,0.041065481299255226,0.0,-0.2014555160478846,0.0,0.0,-0.10055751241057356,0.994931247221534,9.102249373816118e-05,1.8752765090192945e-08,0.0,0.0,0.0,5.230838176480021e-22
2026-08-24T01:59:52.890109,62.85,1.0058198267328655,0.04106538424156244,0.0,-0.20145551604804804,0.0,0.0,-0.10055751241065486,0.9949312472215258,0.00018803056004754686,1.84779685537352e-08,0.0,0.0,0.0,-8.693784226930883e-28
2026-08-24T01:59:52.911784,62.87,1.0058193886191462,0.04106547371292693,0.0,-0.20145551605009526,0.0,0.0,-0.1005575124116733,0.9949312472214229,9.859919421328527e-05,1.820631931628391e-08,0.0,0.0,0.0,-3.6114989856343195e-30
2026-08-24T01:59:52.930642,62.89,1.0058193840410738,0.041065474645154934,0.0,-0.2014555160508893,0.0,0.0,-0.1005575124120683,0.994931247221383,9.766511737146856e-05,1.7937791842585387e-08,0.0,0.0,0.0,-1.7387828282085807e-22
2026-08-24T01:59:52.950938,62.91,1.005818826486215,0.04106558850954611,0.0,-0.2014555160519662,0.0,0.0,-0.10055751241260404,0.9949312472213289,-1.6147194002848657e-05,1.767236079895822e-08,0.0,0.0,0.0,-1.4446301453985097e-24
2026-08-24T01:59:52.970454,62.93,1.0058193301384766,0.04106548564808577,0.0,-0.20145551605111625,0.0,0.0,-0.1005575124121812,0.9949312472213716,8.666271467425786e-05,1.7410000658813877e-08,0.0,0.0,0.0,-1.4446301410867274e-24
2026-08-24T01:59:52.990204,62.95,1.0058189653636478,0.04106556014188144,0.0,-0.2014555160520755,0.0,0.0,-0.10055751241265838,0.9949312472213233,1.2201818408099154e-05,1.715068626745934e-08,0.0,0.0,0.0,1.7243457234861585e-22
2026-08-24T01:59:53.013026,62.97,1.0058188597297117,0.04106558171244932,0.0,-0.20145551605206036,0.0,0.0,-0.10055751241265086,0.9949312472213241,-9.360636560837679e-06,1.689439233905867e-08,0.0,0.0,0.0,-1.74604080870196e-22
2026-08-24T01:59:53.033059,63.0,1.005818905551807,0.041065572182331256,0.0,-0.20145551605118153,0.0,0.0,-0.10055751241221367,0.9949312472213683,-2.696179910192595e-10,1.6321723977099803e-08,0.0,0.0,0.0,1.7531912658837203e-27
2026-08-24T01:59:53.050751,63.01,1.0058189441543763,0.04106556446562886,0.0,-0.20145551605091466,0.0,0.0,-0.1005575124120809,0.9949312472213817,7.873298017826124e-06,1.639076532233268e-08,0.0,0.0,0.0,-3.611498919158749e-30
2026-08-24T01:59:53.071583,63.03,1.0058189080932187,0.041065571827730435,0.0,-0.20145551605085693,0.0,0.0,-0.10055751241205217,0.9949312472213846,5.120190406580946e-07,1.6143381970983732e-08,0.0,0.0,0.0,-1.7387828282085807e-22
2026-08-24T01:59:53.091868,63.06,1.005818905552499,0.041065572182189924,0.0,-0.20145551605045187,0.0,0.0,-0.1005575124118507,0.994931247221405,1.100779171387214e-10,1.5592590459355947e-08,0.0,0.0,0.0,-1.4446344247611643e-24
2026-08-24T01:59:53.111052,63.07,1.005819184255516,0.0410655154233157,0.0,-0.20145551605045542,0.0,0.0,-0.10055751241185247,0.9949312472214048,5.6884658905129e-05,1.565735062226075e-08,0.0,0.0,0.0,-1.4454798111129216e-24
2026-08-24T01:59:53.130597,63.09,1.0058188898599076,0.041065575544067714,0.0,-0.20145551605105186,0.0,0.0,-0.10055751241214916,0.9949312472213748,-3.209775723545189e-06,1.5418652824790847e-08,0.0,0.0,0.0,3.492046716846518e-22
2026-08-24T01:59:53.153739,63.12,1.005818905552964,0.04106557218209491,0.0,-0.20145551605063086,0.0,0.0,-0.10055751241193973,0.994931247221396,3.236407347900847e-10,1.4889097891316819e-08,0.0,0.0,0.0,-1.7315858338580032e-22
2026-08-24T01:59:53.171647,63.13,1.0058195182317289,0.04106544720955232,0.0,-0.2014555160506029,0.0,0.0,-0.10055751241192581,0.9949312472213974,0.0001250585850567099,1.4949769060625547e-08,0.0,0.0,0.0,-1.7315684978628434e-22
2026-08-24T01:59:53.190705,63.15,1.005819583277198,0.041065433923245694,0.0,-0.2014555160511975,0.0,0.0,-0.10055751241222162,0.9949312472213675,0.00013833592997136628,1.4719533773174752e-08,0.0,0.0,0.0,-7.227326761020774e-30
2026-08-24T01:59:53.211492,63.17,1.0058186973325223,0.04106561485369885,0.0,-0.2014555160525817,0.0,0.0,-0.10055751241291022,0.9949312472212979,-4.250988728126438e-05,1.4492070024865616e-08,0.0,0.0,0.0,-1.7387828282085807e-22
2026-08-24T01:59:53.229971,63.19,1.0058193967774132,0.041065472006713184,0.0,-0.20145551605150394,0.0,0.0,-0.10055751241237405,0.9949312472213521,0.00010026695049369629,1.4267353275182199e-08,0.0,0.0,0.0,1.7315686227620708e-22
2026-08-24T01:59:53.251491,63.21,1.0058188858059844,0.041065576358007214,0.0,-0.2014555160524263,0.0,0.0,-0.10055751241283291,0.9949312472213058,-4.0368882680366855e-06,1.4045359239951207e-08,0.0,0.0,0.0,-1.4454798067479819e-24
2026-08-24T01:59:53.270864,63.23,1.005818801392104,0.041065593595268436,0.0,-0.2014555160521918,0.0,0.0,-0.10055751241271625,0.9949312472213175,-2.1267653982706647e-05,1.3826063623086865e-08,0.0,0.0,0.0,3.492046716848999e-22
2026-08-24T01:59:53.292613,63.25,1.0058187860779038,0.04106559672061867,0.0,-0.20145551605178813,0.0,0.0,-0.10055751241251544,0.9949312472213379,-2.4393559028380406e-05,1.3609442064959347e-08,0.0,0.0,0.0,-1.738808982094768e-22
2026-08-24T01:59:53.312958,63.27,1.0058192326252926,0.04106550552193908,0.0,-0.20145551605096207,0.0,0.0,-0.10055751241210453,0.9949312472213794,6.675922404334598e-05,1.3395470534361317e-08,0.0,0.0,0.0,-1.7315684617480345e-22
2026-08-24T01:59:53.330090,63.29,1.0058186407334793,0.04106562639937249,0.0,-0.20145551605150258,0.0,0.0,-0.10055751241237339,0.9949312472213522,-5.4062536564893873e-05,1.3184125264468005e-08,0.0,0.0,0.0,3.4920466445736113e-22
2026-08-24T01:59:53.353356,63.31,1.0058184800302754,0.04106565921698973,0.0,-0.20145551605091327,0.0,0.0,-0.10055751241208023,0.9949312472213818,-8.6866003765984e-05,1.297538200761272e-08,0.0,0.0,0.0,-1.7315857147246534e-22
2026-08-24T01:59:53.370332,63.33,1.0058186165562664,0.0410656313327604,0.0,-0.20145551605001266,0.0,0.0,-0.1005575124116322,0.9949312472214271,-5.899705174840815e-05,1.2769217081191509e-08,0.0,0.0,0.0,-1.731568497864074e-22
2026-08-24T01:59:53.390316,63.35,1.0058187950137578,0.04106559488506252,0.0,-0.20145551604936343,0.0,0.0,-0.10055751241130922,0.9949312472214598,-2.2568936593380788e-05,1.2565606689448554e-08,0.0,0.0,0.0,-3.463145617366921e-22
2026-08-24T01:59:53.410164,63.37,1.0058184147458056,0.041065672543546046,0.0,-0.20145551604923595,0.0,0.0,-0.10055751241124582,0.9949312472214661,-0.00010019223160204086,1.2364527134046117e-08,0.0,0.0,0.0,5.238069671022614e-22
2026-08-24T01:59:53.430073,63.39,1.005818273173463,0.04106570145425105,0.0,-0.20145551604858444,0.0,0.0,-0.10055751241092173,0.9949312472214988,-0.00012909069689027866,1.2165955001980355e-08,0.0,0.0,0.0,-1.7388089820511184e-22
2026-08-24T01:59:53.451574,63.41,1.0058189357608798,0.04106556613480404,0.0,-0.20145551604728015,0.0,0.0,-0.10055751241027289,0.9949312472215645,6.161941654738538e-06,1.1969866901629949e-08,0.0,0.0,0.0,-3.470368750018065e-22
2026-08-24T01:59:53.470230,63.43,1.0058191986777811,0.04106551243841627,0.0,-0.20145551604708212,0.0,0.0,-0.10055751241017437,0.9949312472215744,5.983016614168742e-05,1.1776239403220083e-08,0.0,0.0,0.0,5.230846735584453e-22
2026-08-24T01:59:53.490623,63.45,1.00581919111839,0.04106551398029304,0.0,-0.20145551604744494,0.0,0.0,-0.10055751241035485,0.9949312472215561,5.828698695755735e-05,1.1585049474113836e-08,0.0,0.0,0.0,-1.7315857146811844e-22
2026-08-24T01:59:53.510146,63.47,1.0058187929559754,0.041065595293412735,0.0,-0.20145551604795078,0.0,0.0,-0.10055751241060648,0.9949312472215307,-2.298892833379247e-05,1.139627376633028e-08,0.0,0.0,0.0,-1.7315684978628436e-22
2026-08-24T01:59:53.530222,63.49,1.0058188017821958,0.04106559348897343,0.0,-0.20145551604768877,0.0,0.0,-0.10055751241047614,0.9949312472215439,-2.1186895640964585e-05,1.1209889526981327e-08,0.0,0.0,0.0,-3.4631456173669205e-22
2026-08-24T01:59:53.551624,63.51,1.005818554835558,0.04106564391997733,0.0,-0.20145551604760348,0.0,0.0,-0.10055751241043372,0.9949312472215482,-7.159547988855181e-05,1.1025874008092459e-08,0.0,0.0,0.0,1.74602328610911e-22
2026-08-24T01:59:53.571580,63.53,1.0058190476300692,0.04106554327677029,0.0,-0.20145551604699913,0.0,0.0,-0.10055751241013305,0.9949312472215786,2.8997828289167286e-05,1.0844204035637162e-08,0.0,0.0,0.0,-7.223070112224542e-25
2026-08-24T01:59:53.590334,63.55,1.0058186426267746,0.041065625987070295,0.0,-0.2014555160473046,0.0,0.0,-0.10055751241028504,0.9949312472215632,-5.3674890373658504e-05,1.06648573551669e-08,0.0,0.0,0.0,5.23084700511798e-22
2026-08-24T01:59:53.610008,63.57,1.0058186675877376,0.04106562088759522,0.0,-0.20145551604692138,0.0,0.0,-0.10055751241009439,0.9949312472215825,-4.857929970235398e-05,1.0487811266054164e-08,0.0,0.0,0.0,-1.7315856160740642e-22
2026-08-24T01:59:53.630214,63.59,1.0058188003867066,0.04106559376483934,0.0,-0.20145551604658607,0.0,0.0,-0.1005575124099276,0.9949312472215993,-2.147128311215328e-05,1.0313043309466793e-08,0.0,0.0,0.0,1.731568524154393e-22
2026-08-24T01:59:53.651647,63.61,1.0058188490038682,0.0410655838342041,0.0,-0.20145551604653633,0.0,0.0,-0.10055751240990285,0.9949312472216019,-1.15471810900607e-05,1.0140531311917041e-08,0.0,0.0,0.0,1.7315686228475971e-22
2026-08-24T01:59:53.671864,63.63,1.0058191316418976,0.04106552611049055,0.0,-0.20145551604632322,0.0,0.0,-0.10055751240979681,0.9949312472216125,4.614708784949507e-05,9.970253123299644e-09,0.0,0.0,0.0,-1.4463294767741786e-24
2026-08-24T01:59:53.689744,63.65,1.005818860963857,0.04106558138822138,0.0,-0.20145551604668155,0.0,0.0,-0.1005575124099751,0.9949312472215945,-9.105942175412224e-06,9.802186631727028e-09,0.0,0.0,0.0,-3.4703599838280104e-22
2026-08-24T01:59:53.712425,63.67,1.0058194706181487,0.04106545687939201,0.0,-0.20145551604632406,0.0,0.0,-0.10055751240979725,0.9949312472216125,0.00011534166664781987,9.636310166731442e-09,0.0,0.0,0.0,3.4848236729823744e-22
2026-08-24T01:59:53.730339,63.69,1.0058194732026715,0.04106545634989919,0.0,-0.20145551604676815,0.0,0.0,-0.10055751241001817,0.9949312472215902,0.00011586883760451881,9.472601542796216e-09,0.0,0.0,0.0,-1.4463294723921708e-24
2026-08-24T01:59:53.750790,63.71,1.0058189148845973,0.04106557037121477,0.0,-0.2014555160474933,0.0,0.0,-0.10055751241037893,0.9949312472215538,1.9007146583222146e-06,9.311039411369607e-09,0.0,0.0,0.0,5.230838176476485e-22
2026-08-24T01:59:53.770900,63.73,1.0058190468758885,0.04106554341356349,0.0,-0.2014555160473268,0.0,0.0,-0.10055751241029609,0.9949312472215621,2.884426902251943e-05,9.151602279177535e-09,0.0,0.0,0.0,-1.4463294680272311e-24
2026-08-24T01:59:53.791600,63.75,1.0058183976826698,0.04106567599397212,0.0,-0.20145551604764253,0.0,0.0,-0.10055751241045316,0.9949312472215462,-0.00010367409827991509,8.994268494329355e-09,0.0,0.0,0.0,-3.47035998382801e-22
2026-08-24T01:59:53.810117,63.77,1.0058185208073995,0.041065650847144065,0.0,-0.20145551604697026,0.0,0.0,-0.10055751241011869,0.99493124722158,-7.85403978078905e-05,8.839016809693e-09,0.0,0.0,0.0,3.4848236729823744e-22
2026-08-24T01:59:53.830229,63.79,1.0058190063201309,0.04106555169135424,0.0,-0.20145551604639556,0.0,0.0,-0.10055751240983282,0.994931247221609,2.0566211994903476e-05,8.685826175711047e-09,0.0,0.0,0.0,-2.16862301561968e-24
2026-08-24T01:59:53.851921,63.81,1.0058186693694755,0.04106562050383555,0.0,-0.20145551604667933,0.0,0.0,-0.10055751240997399,0.9949312472215947,-4.8215040866309365e-05,8.53467553795764e-09,0.0,0.0,0.0,5.230838176476305e-22
2026-08-24T01:59:53.870790,63.83,1.0058186539134786,0.04106562365883085,0.0,-0.2014555160463383,0.0,0.0,-0.10055751240980432,0.9949312472216119,-5.1369779794060516e-05,8.38554406324362e-09,0.0,0.0,0.0,-1.4463294680272311e-24
2026-08-24T01:59:53.890566,63.85,1.005819160169179,0.04106552026685296,0.0,-0.20145551604590844,0.0,0.0,-0.10055751240959047,0.9949312472216334,5.197114970256249e-05,8.238410858280062e-09,0.0,0.0,0.0,-3.4703599838280104e-22
2026-08-24T01:59:53.911821,63.87,1.0058184332787223,0.04106566871516662,0.0,-0.20145551604641865,0.0,0.0,-0.10055751240984431,0.9949312472216078,-9.640765990691237e-05,8.093255384401842e-09,0.0,0.0,0.0,-1.7460236279546708e-22
2026-08-24T01:59:53.930589,63.89,1.0058180922641642,0.04106573835768282,0.0,-0.2014555160460892,0.0,0.0,-0.10055751240968039,0.9949312472216243,-0.0001660176127521573,7.950057258284197e-09,0.0,0.0,0.0,-3.4703512538427935e-22
2026-08-24T01:59:53.950675,63.91,1.0058190229069561,0.04106554829496752,0.0,-0.2014555160451379,0.0,0.0,-0.10055751240920718,0.9949312472216721,2.395272821378009e-05,7.808795827212685e-09,0.0,0.0,0.0,3.484823672984851e-22
2026-08-24T01:59:53.971822,63.93,1.0058190249694172,0.041065547872341075,0.0,-0.20145551604528403,0.0,0.0,-0.10055751240927986,0.9949312472216648,2.437309307140713e-05,7.66945106761312e-09,0.0,0.0,0.0,-1.4463294723911364e-24
2026-08-24T01:59:53.990493,63.95,1.0058191442004216,0.041065523520893335,0.0,-0.2014555160453195,0.0,0.0,-0.10055751240929753,0.994931247221663,4.871148374933108e-05,7.532002749648327e-09,0.0,0.0,0.0,5.230838176476485e-22
2026-08-24T01:59:54.010497,63.97,1.0058193451175164,0.04106548248705687,0.0,-0.2014555160454177,0.0,0.0,-0.10055751240934636,0.9949312472216582,8.972420309403018e-05,7.396431015348606e-09,0.0,0.0,0.0,1.7171143178599096e-22
2026-08-24T01:59:54.031319,63.99,1.0058188901660472,0.041065575398527294,0.0,-0.20145551604597767,0.0,0.0,-0.10055751240962493,0.99493124722163,-3.144074930671618e-06,7.262715894192552e-09,0.0,0.0,0.0,1.7460102897016684e-27
2026-08-24T01:59:54.052916,64.01,1.0058191779759136,0.04106551661898166,0.0,-0.20145551604582487,0.0,0.0,-0.10055751240954894,0.9949312472216376,5.56062613519312e-05,7.130837769648438e-09,0.0,0.0,0.0,-1.4454995324504823e-24
2026-08-24T01:59:54.070771,64.03,1.0058185351572737,0.041065647897814285,0.0,-0.2014555160462175,0.0,0.0,-0.10055751240974423,0.9949312472216179,-7.56110031750291e-05,7.000777266023581e-09,0.0,0.0,0.0,1.724345723487384e-22
2026-08-24T01:59:54.091032,64.05,1.0058189107069702,0.04106557119956772,0.0,-0.2014555160457765,0.0,0.0,-0.10055751240952486,0.9949312472216401,1.0496254729255514e-06,6.8725146437963056e-09,0.0,0.0,0.0,-1.7532637441354915e-22
2026-08-24T01:59:54.110945,64.07,1.005818936779969,0.04106556587350055,0.0,-0.2014555160458023,0.0,0.0,-0.10055751240953767,0.9949312472216387,6.3716436792358214e-06,6.746030832370741e-09,0.0,0.0,0.0,1.7423900163529715e-27
2026-08-24T01:59:54.129939,64.09,1.0058186518537768,0.041065624061512665,0.0,-0.20145551604592743,0.0,0.0,-0.10055751240959997,0.9949312472216325,-5.17896677247308e-05,6.621306656324029e-09,0.0,0.0,0.0,-3.6114989195010845e-30
2026-08-24T01:59:54.151842,64.11,1.0058191402801573,0.04106552431098782,0.0,-0.20145551604567616,0.0,0.0,-0.10055751240947493,0.994931247221645,4.791198260526015e-05,6.498323037773564e-09,0.0,0.0,0.0,-1.7387828282098168e-22
2026-08-24T01:59:54.170224,64.13,1.0058187108249568,0.04106561201558886,0.0,-0.20145551604595408,0.0,0.0,-0.10055751240961323,0.9949312472216312,-3.975207602384722e-05,6.377061040965223e-09,0.0,0.0,0.0,-1.4446301453985097e-24
2026-08-24T01:59:54.191212,64.15,1.005819250317288,0.0410655018361137,0.0,-0.201455516045717,0.0,0.0,-0.10055751240949526,0.9949312472216431,7.037366020688971e-05,6.257501933020174e-09,0.0,0.0,0.0,-1.4446301410857014e-24
2026-08-24T01:59:54.210206,64.17,1.0058195850877647,0.041065433466141964,0.0,-0.20145551604579692,0.0,0.0,-0.10055751240953502,0.9949312472216391,0.00013870921174379783,6.139627105905752e-09,0.0,0.0,0.0,1.724345723487384e-22
2026-08-24T01:59:54.229697,64.19,1.0058195463927204,0.04106544136748538,0.0,-0.2014555160462548,0.0,0.0,-0.1005575124097628,0.994931247221616,0.00013081030515741383,6.023418256682757e-09,0.0,0.0,0.0,-1.7460408087032006e-22
2026-08-24T01:59:54.253600,64.21,1.005819110189674,0.04106553045023887,0.0,-0.20145551604668782,0.0,0.0,-0.10055751240997819,0.9949312472215942,4.17692107170344e-05,5.908856918068111e-09,0.0,0.0,0.0,1.742390034408544e-27
2026-08-24T01:59:54.270894,64.23,1.0058195002683374,0.0410654507849583,0.0,-0.2014555160465989,0.0,0.0,-0.100557512409934,0.9949312472215988,0.00012139545225232746,5.795924797511548e-09,0.0,0.0,0.0,-3.6114989194272795e-30
2026-08-24T01:59:54.290135,64.25,1.0058189358944234,0.041065566043543944,0.0,-0.201455516047079,0.0,0.0,-0.10055751241017281,0.9949312472215746,6.190871656775303e-06,5.6846039965270595e-09,0.0,0.0,0.0,-1.7387828282098164e-22
2026-08-24T01:59:54.312261,64.26,1.0058189055525033,0.041065572182188786,0.0,-0.20145551604708253,0.0,0.0,-0.10055751241017459,0.9949312472215744,-1.0066768865105973e-10,5.563399459187993e-09,0.0,0.0,0.0,7.214474935811307e-25
2026-08-24T01:59:54.330240,64.29,1.0058190217773255,0.04106554850182004,0.0,-0.20145551604684986,0.0,0.0,-0.10055751241005882,0.9949312472215861,2.3722585789046503e-05,5.466724379389705e-09,0.0,0.0,0.0,-1.4446301410857014e-24
2026-08-24T01:59:54.353031,64.32,1.0058189055521458,0.041065572182261825,0.0,-0.2014555160467113,0.0,0.0,-0.10055751240998989,0.9949312472215931,-1.536839035751799e-10,5.245049521281123e-09,0.0,0.0,0.0,-1.7460321935729116e-22
2026-08-24T01:59:54.370862,64.33,1.0058187461301553,0.041065604793931135,0.0,-0.2014555160467042,0.0,0.0,-0.10055751240998637,0.9949312472215934,-3.254452966891417e-05,5.255076632946759e-09,0.0,0.0,0.0,8.729985842052774e-28
2026-08-24T01:59:54.391256,64.35,1.0058185734986402,0.04106564004868761,0.0,-0.2014555160466207,0.0,0.0,-0.10055751240994483,0.9949312472215976,-6.778338525391373e-05,5.151545802646804e-09,0.0,0.0,0.0,-1.7243541840720312e-22
2026-08-24T01:59:54.410492,64.37,1.0058183077559828,0.041065694319157846,0.0,-0.20145551604637868,0.0,0.0,-0.10055751240982443,0.9949312472216097,-0.00012202870285761926,5.049520710670456e-09,0.0,0.0,0.0,3.484814880500938e-22
2026-08-24T01:59:54.429744,64.39,1.0058181980711802,0.04106571671860157,0.0,-0.20145551604608034,0.0,0.0,-0.10055751240967598,0.9949312472216247,-0.0001444181291434211,4.948984221577786e-09,0.0,0.0,0.0,1.7460146284813206e-22
2026-08-24T01:59:54.454479,64.41,1.0058181421224448,0.04106572814376836,0.0,-0.2014555160456877,0.0,0.0,-0.10055751240948067,0.9949312472216445,-0.00015583871645915965,4.8499193178755926e-09,0.0,0.0,0.0,-7.223070112229889e-25
2026-08-24T01:59:54.473023,64.43,1.0058192109185562,0.0410655098670238,0.0,-0.20145551604507927,0.0,0.0,-0.10055751240917801,0.9949312472216751,6.233231146460954e-05,4.752309331683926e-09,0.0,0.0,0.0,-1.7460321148295054e-22
2026-08-24T01:59:54.490762,64.45,1.0058195649592656,0.04106543756179409,0.0,-0.2014555160451721,0.0,0.0,-0.10055751240922418,0.9949312472216705,0.0001346010802590135,4.656137497307061e-09,0.0,0.0,0.0,-1.7460061317360948e-22
2026-08-24T01:59:54.512800,64.47,1.0058195785373607,0.04106543478783166,0.0,-0.20145551604546386,0.0,0.0,-0.10055751240936933,0.9949312472216558,0.00013737250499849582,4.561387216500741e-09,0.0,0.0,0.0,1.7315861453130043e-22
2026-08-24T01:59:54.529899,64.49,1.0058194136738272,0.04106546845626956,0.0,-0.20145551604580803,0.0,0.0,-0.10055751240954054,0.9949312472216385,0.00010371932737331219,4.4680421220270075e-09,0.0,0.0,0.0,-1.7460322133951442e-22
2026-08-24T01:59:54.550900,64.51,1.0058191649488624,0.04106551925139016,0.0,-0.20145551604603762,0.0,0.0,-0.10055751240965476,0.994931247221627,5.2947806923898285e-05,4.376085678599651e-09,0.0,0.0,0.0,1.724363173761794e-22
2026-08-24T01:59:54.574166,64.53,1.0058192688950574,0.04106549802197186,0.0,-0.20145551604607984,0.0,0.0,-0.10055751240967575,0.9949312472216248,7.416633552394818e-05,4.285501980100487e-09,0.0,0.0,0.0,8.838419048080699e-28
2026-08-24T01:59:54.590581,64.55,1.005818939407522,0.04106556531092159,0.0,-0.20145551604627787,0.0,0.0,-0.10055751240977427,0.9949312472216149,6.908765632902993e-06,4.196274851719029e-09,0.0,0.0,0.0,-1.73158561620557e-22
2026-08-24T01:59:54.613242,64.56,1.0058189055525235,0.041065572182184644,0.0,-0.20145551604629786,0.0,0.0,-0.10055751240978422,0.9949312472216139,-1.9496559639527812e-10,4.10336005496274e-09,0.0,0.0,0.0,1.7243454901131607e-22
2026-08-24T01:59:54.631306,64.59,1.005818660191595,0.0410656223322434,0.0,-0.2014555160462282,0.0,0.0,-0.10055751240974954,0.9949312472216173,-5.0086545511287083e-05,4.021827027905743e-09,0.0,0.0,0.0,-1.7315684978616126e-22
2026-08-24T01:59:54.652575,64.61,1.0058190400418514,0.04106554475614921,0.0,-0.20145551604597234,0.0,0.0,-0.10055751240962228,0.9949312472216302,2.7451553639930516e-05,3.9365750600012755e-09,0.0,0.0,0.0,-7.227326760642414e-30
2026-08-24T01:59:54.670951,64.63,1.0058197243180629,0.04106540500843122,0.0,-0.20145551604588446,0.0,0.0,-0.10055751240957854,0.9949312472216346,0.00016713109059538986,3.852616958636833e-09,0.0,0.0,0.0,-1.7387828282098168e-22
2026-08-24T01:59:54.698041,64.65,1.0058191775376195,0.04106551667426749,0.0,-0.2014555160462419,0.0,0.0,-0.10055751240975638,0.9949312472216166,5.5517535378233e-05,3.76993736191539e-09,0.0,0.0,0.0,1.724345588719716e-22
2026-08-24T01:59:54.714809,64.67,1.00581951921532,0.04106544689403329,0.0,-0.20145551604625966,0.0,0.0,-0.10055751240976522,0.9949312472216157,0.00012526389998122046,3.6885210556992594e-09,0.0,0.0,0.0,-1.4463294767932687e-24
2026-08-24T01:59:54.734086,64.69,1.005818755743471,0.04106560281387282,0.0,-0.20145551604659048,0.0,0.0,-0.1005575124099298,0.9949312472215991,-3.0582102009416545e-05,3.608353141154978e-09,0.0,0.0,0.0,5.230846807903559e-22
2026-08-24T01:59:54.753879,64.71,1.0058192230570828,0.04106550737556839,0.0,-0.20145551604637424,0.0,0.0,-0.10055751240982222,0.99493124722161,6.481014393435007e-05,3.5294183653778462e-09,0.0,0.0,0.0,-1.7388089820525346e-22
2026-08-24T01:59:54.772234,64.73,1.0058187143442776,0.041065611267061014,0.0,-0.20145551604654077,0.0,0.0,-0.10055751240990506,0.9949312472216016,-3.90325378569788e-05,3.4517019992472998e-09,0.0,0.0,0.0,-3.4703687500131336e-22
2026-08-24T01:59:54.803246,64.75,1.0058184335206728,0.041065668617709425,0.0,-0.20145551604642312,0.0,0.0,-0.10055751240984652,0.9949312472216075,-9.635605064588599e-05,3.37518923806605e-09,0.0,0.0,0.0,-7.231575068120637e-30
2026-08-24T01:59:54.821596,64.77,1.00581918165916,0.041065515827754404,0.0,-0.20145551604611533,0.0,0.0,-0.10055751240969342,0.9949312472216231,5.636004391593128e-05,3.299865768046372e-09,0.0,0.0,0.0,-1.7387741342963006e-22
2026-08-24T01:59:54.841665,64.79,1.0058193841889083,0.04106547446519743,0.0,-0.2014555160461602,0.0,0.0,-0.10055751240971574,0.9949312472216207,9.770145483477089e-05,3.2257170003803854e-09,0.0,0.0,0.0,1.7315686227596095e-22
2026-08-24T01:59:54.866212,64.81,1.0058187890726988,0.041065596002543246,0.0,-0.2014555160463667,0.0,0.0,-0.10055751240981846,0.9949312472216104,-2.3778404562204878e-05,3.1527286327597235e-09,0.0,0.0,0.0,-1.4463294767731442e-24
2026-08-24T01:59:54.883228,64.83,1.0058185659878873,0.04106564156148749,0.0,-0.20145551604633477,0.0,0.0,-0.10055751240980255,0.994931247221612,-6.93157146357642e-05,3.080886430578662e-09,0.0,0.0,0.0,-3.4703599838304766e-22
2026-08-24T01:59:54.910724,64.85,1.0058183332455883,0.041065689092751496,0.0,-0.20145551604618908,0.0,0.0,-0.1005575124097301,0.9949312472216193,-0.000116824711467979,3.0101764415439433e-09,0.0,0.0,0.0,-7.223043864509773e-25
2026-08-24T01:59:54.930261,64.87,1.0058193544980119,0.04106548052594021,0.0,-0.2014555160458031,0.0,0.0,-0.10055751240953811,0.9949312472216387,9.164143356966206e-05,2.9405846782064763e-09,0.0,0.0,0.0,-3.470359947710867e-22
2026-08-24T01:59:54.947346,64.89,1.0058192525452359,0.04106550134663067,0.0,-0.20145551604596296,0.0,0.0,-0.10055751240961765,0.9949312472216307,7.082935828740512e-05,2.872097333918318e-09,0.0,0.0,0.0,3.4848236729848505e-22
2026-08-24T01:59:54.969221,64.91,1.0058192513721211,0.04106550158552437,0.0,-0.2014555160460283,0.0,0.0,-0.10055751240965012,0.9949312472216274,7.058996512524051e-05,2.804700811050704e-09,0.0,0.0,0.0,-1.4463294723921708e-24
2026-08-24T01:59:54.987754,64.93,1.0058194244176157,0.0410654662444927,0.0,-0.20145551604605538,0.0,0.0,-0.1005575124096636,0.9949312472216261,0.00010591337085847097,2.7383815590482672e-09,0.0,0.0,0.0,5.230838176472768e-22
2026-08-24T01:59:55.020082,64.95,1.0058196415217835,0.041065421905553616,0.0,-0.20145551604612996,0.0,0.0,-0.1005575124097007,0.9949312472216223,0.00015023025730503064,2.6731259988845803e-09,0.0,0.0,0.0,-1.4463294680251623e-24
2026-08-24T01:59:55.040222,64.97,1.0058190287622846,0.04106554704620382,0.0,-0.20145551604635784,0.0,0.0,-0.10055751240981405,0.9949312472216109,2.514891143587089e-05,2.6089209659784126e-09,0.0,0.0,0.0,-3.470359983830476e-22
2026-08-24T01:59:55.060064,64.99,1.0058189962846267,0.04106555367833631,0.0,-0.20145551604634673,0.0,0.0,-0.10055751240980852,0.9949312472216114,1.8519812142055392e-05,2.545753418081387e-09,0.0,0.0,0.0,3.492055499549335e-22
2026-08-24T01:59:55.088742,65.0,1.0058189055525242,0.04106557218218453,0.0,-0.20145551604636314,0.0,0.0,-0.1005575124098167,0.9949312472216105,-1.4553215493616383e-10,2.4849721831266887e-09,0.0,0.0,0.0,7.240727473017654e-25
2026-08-24T01:59:55.107128,65.02,1.0058189055519309,0.04106557218230567,0.0,-0.20145551604611805,0.0,0.0,-0.10055751240969475,0.9949312472216228,-1.832685377019033e-10,2.4240597903622684e-09,0.0,0.0,0.0,-1.7388089821829853e-22
2026-08-24T01:59:55.145362,65.05,1.0058187504644542,0.0410656038792912,0.0,-0.2014555160461158,0.0,0.0,-0.10055751240969364,0.994931247221623,-3.165878946175356e-05,2.3623448449150303e-09,0.0,0.0,0.0,-1.446329476775213e-24
2026-08-24T01:59:55.164512,65.07,1.0058184343305916,0.04106566844138246,0.0,-0.20145551604608647,0.0,0.0,-0.10055751240967906,0.9949312472216245,-9.619027445638439e-05,2.3031974437537512e-09,0.0,0.0,0.0,-3.4631366178532363e-22
2026-08-24T01:59:55.184873,65.09,1.005818416516692,0.04106567207884783,0.0,-0.2014555160459417,0.0,0.0,-0.10055751240960704,0.9949312472216317,-9.982633677995252e-05,2.245023400625445e-09,0.0,0.0,0.0,-1.7460236640665054e-22
2026-08-24T01:59:55.205364,65.1,1.0058189055511624,0.0410655721824626,0.0,-0.20145551604586004,0.0,0.0,-0.1005575124095664,0.9949312472216358,-5.770180391802841e-10,2.1902168655394577e-09,0.0,0.0,0.0,5.230838176480094e-22
2026-08-24T01:59:55.226429,65.13,1.0058188263388457,0.04106558838143069,0.0,-0.2014555160455935,0.0,0.0,-0.10055751240943384,0.9949312472216493,-1.6170046959378087e-05,2.131545626679983e-09,0.0,0.0,0.0,-7.223070199347869e-25
2026-08-24T01:59:55.252882,65.15,1.0058191190081842,0.04106552861023456,0.0,-0.201455516045534,0.0,0.0,-0.10055751240940423,0.9949312472216523,4.357143644401356e-05,2.076217608716908e-09,0.0,0.0,0.0,3.4920467168442176e-22
2026-08-24T01:59:55.271835,65.17,1.005818581167325,0.0410656384506648,0.0,-0.2014555160456189,0.0,0.0,-0.10055751240944644,0.9949312472216479,-6.621699819958545e-05,2.0218138303663277e-09,0.0,0.0,0.0,-1.7315769222042615e-22
2026-08-24T01:59:55.289789,65.19,1.0058186548379484,0.04106562340467709,0.0,-0.2014555160455287,0.0,0.0,-0.10055751240940158,0.9949312472216525,-5.1178358473166987e-05,1.9683224180318186e-09,0.0,0.0,0.0,-1.7315683992579395e-22
2026-08-24T01:59:55.336673,65.21,1.005818973904303,0.041065558242556886,0.0,-0.2014555160454439,0.0,0.0,-0.1005575124093594,0.9949312472216568,1.3951907832008782e-05,1.9157314924022683e-09,0.0,0.0,0.0,1.7315686227622506e-22
2026-08-24T01:59:55.351771,65.23,1.0058187687295637,0.041065600144007196,0.0,-0.2014555160454785,0.0,0.0,-0.10055751240937662,0.994931247221655,-2.7930159221387172e-05,1.864029313883227e-09,0.0,0.0,0.0,-1.4463294767731442e-24
2026-08-24T01:59:55.377250,65.25,1.0058188793283387,0.04106557755636501,0.0,-0.20145551604544298,0.0,0.0,-0.10055751240935895,0.9949312472216568,-5.35371009515149e-06,1.813204362591848e-09,0.0,0.0,0.0,-3.470359983830476e-22
2026-08-24T01:59:55.393943,65.27,1.0058183616690939,0.04106568327523395,0.0,-0.20145551604544742,0.0,0.0,-0.10055751240936116,0.9949312472216566,-0.00011102242479202908,1.7632451140583843e-09,0.0,0.0,0.0,3.4848236729848505e-22
2026-08-24T01:59:55.410709,65.29,1.0058186463561694,0.04106562513428526,0.0,-0.20145551604531864,0.0,0.0,-0.1005575124092971,0.994931247221663,-5.2909457021264804e-05,1.7141402991577837e-09,0.0,0.0,0.0,-1.446329472390102e-24
2026-08-24T01:59:55.444987,65.31,1.0058182304310659,0.0410657100764341,0.0,-0.20145551604530706,0.0,0.0,-0.10055751240929135,0.9949312472216637,-0.00013781149674244313,1.6658785690663909e-09,0.0,0.0,0.0,-1.731559695559215e-22
2026-08-24T01:59:55.464073,65.33,1.0058186361429178,0.041065627219119744,0.0,-0.20145551604517162,0.0,0.0,-0.10055751240922396,0.9949312472216705,-5.4994112734698484e-05,1.6184488784291246e-09,0.0,0.0,0.0,-3.463145617369381e-22
2026-08-24T01:59:55.497590,65.35,1.005818733395401,0.041065607357177625,0.0,-0.20145551604510903,0.0,0.0,-0.10055751240919282,0.9949312472216736,-3.514250486350569e-05,1.5718398851894153e-09,0.0,0.0,0.0,3.484814880462423e-22
2026-08-24T01:59:55.515555,65.37,1.005818810149468,0.04106559168154944,0.0,-0.20145551604507617,0.0,0.0,-0.10055751240917647,0.9949312472216753,-1.947491289866252e-05,1.5260410099000305e-09,0.0,0.0,0.0,-7.223070068750489e-25
2026-08-24T01:59:55.536085,65.39,1.0058187640087666,0.041065601104213,0.0,-0.20145551604507297,0.0,0.0,-0.10055751240917492,0.9949312472216755,-2.889354000865379e-05,1.4810413526692888e-09,0.0,0.0,0.0,3.4920467168491796e-22
2026-08-24T01:59:55.571144,65.41,1.0058182960157662,0.04106569668001142,0.0,-0.20145551604508016,0.0,0.0,-0.10055751240917846,0.994931247221675,-0.00012442385727277937,1.4368301244688892e-09,0.0,0.0,0.0,7.214474935796563e-25
2026-08-24T01:59:55.590166,65.43,1.0058190308494384,0.041065546607567636,0.0,-0.20145551604494205,0.0,0.0,-0.10055751240910975,0.994931247221682,2.5576451587431688e-05,1.3933969051341728e-09,0.0,0.0,0.0,7.223096532204276e-25
2026-08-24T01:59:55.633854,65.45,1.0059378076340761,0.04104128932220202,0.0,-0.20145551603664738,0.0,0.0,-0.10055751240498342,0.994931247222099,0.02427121117947209,1.3507310566274272e-09,0.0,0.0,0.0,6.849227464095376e-17
2026-08-24T01:59:55.654979,65.47,1.0110778268125824,0.04000094915167694,0.0,-0.20144466631495916,0.0,0.0,-0.10055211503993818,0.9949317927179707,0.3245843182433015,1.0645596054551006e-05,0.0,0.0,0.0,4.3082224369144e-14
2026-08-24T01:59:55.674432,65.49,1.0173026428135201,0.03875448530164285,0.0,-0.20110095885582438,0.0,0.0,-0.10038113081669782,0.9949490582818605,0.3716485431492752,3.448454096216325e-05,0.0,0.0,0.0,2.6965294159929865e-06
2026-08-24T01:59:55.695736,65.52,1.0273440348352576,0.036769639711517074,0.0,-0.19983959574108082,0.0,0.0,-0.09975361487295392,0.9950121689305003,0.3535595614335953,8.392471511475164e-05,0.0,0.0,0.0,0.026654411037168008
2026-08-24T01:59:55.715133,65.53,1.0308499886075346,0.03606039076893721,0.0,-0.19953360739399034,0.0,0.0,-0.09960138264161761,0.9950274190070735,0.3618353225589605,8.424082682714726e-05,0.0,0.0,0.0,0.03089549294644125
2026-08-24T01:59:55.734533,65.55,1.0377999550804875,0.03468600045648451,0.0,-0.1986056939282466,0.0,0.0,-0.0991397222678493,0.995073522644761,0.3584435515598696,0.0001055270607643324,0.0,0.0,0.0,0.030695131365149342
2026-08-24T01:59:55.754368,65.57,1.0447791897810592,0.033310029668044465,0.0,-0.19773964755554865,0.0,0.0,-0.09870882307908922,0.9951163591491907,0.3570161634005777,0.0001239411927574459,0.0,0.0,0.0,0.030710803660198183
2026-08-24T01:59:55.774508,65.59,1.051770937209324,0.031935853522271414,0.0,-0.196915966052722,0.0,0.0,-0.09829898525043888,0.9951569270716725,0.3568231697477314,0.0001401203734782477,0.0,0.0,0.0,0.03050624542008737
2026-08-24T01:59:55.795522,65.61,1.0587647426056457,0.030565595085213084,0.0,-0.19612879626502447,0.0,0.0,-0.0979072989133449,0.9951955389869335,0.3565378090086757,0.00015453505861570368,0.0,0.0,0.0,0.030187874517402923
2026-08-24T01:59:55.818004,65.63,1.0657615718884141,0.029199047466581203,0.0,-0.1953737474596715,0.0,0.0,-0.09753158134376437,0.995232430460636,0.3566000048077449,0.0001675561659069437,0.0,0.0,0.0,0.030061736912290735
2026-08-24T01:59:55.834606,65.65,1.0727591236246112,0.027836652104620895,0.0,-0.19464179215909458,0.0,0.0,-0.097167341993832,0.995268058188272,0.35661411845316926,0.00017945160563667665,0.0,0.0,0.0,0.03006198800673619
2026-08-24T01:59:55.855678,65.66,1.0762588267512692,0.027164672427049265,0.0,-0.19422724738209177,0.0,0.0,-0.09696104832044525,0.9952881769159123,0.3564460856807496,0.00018974382233917595,0.0,0.0,0.0,0.0300619878904206
2026-08-24T01:59:55.877464,65.69,1.0867563625967995,0.025124354239111156,0.0,-0.1932275516727074,0.0,0.0,-0.0964635435683737,0.9953365183505689,0.3565642056291238,0.00020067483623894853,0.0,0.0,0.0,0.02985925394595002
2026-08-24T01:59:55.894901,65.71,1.093755473661888,0.02377456477998359,0.0,-0.19254200526318363,0.0,0.0,-0.09612236321992497,0.995369524995123,0.35639220722997816,0.0002102883831043162,0.0,0.0,0.0,0.02977611690621374
2026-08-24T01:59:55.916303,65.73,1.1007568654744577,0.02242862567320352,0.0,-0.19186801534059628,0.0,0.0,-0.09578692325362823,0.9954018612267126,0.356522355049875,0.00021938331972906643,0.0,0.0,0.0,0.02969745039814913
2026-08-24T01:59:55.933696,65.75,1.1077579287985144,0.021087040581000947,0.0,-0.1912039503113778,0.0,0.0,-0.0954564121966283,0.9954336107297902,0.3564238307540869,0.00022803046826170025,0.0,0.0,0.0,0.029566522998029473
2026-08-24T01:59:55.954076,65.77,1.114760894682112,0.019749366700086125,0.0,-0.1905497515895878,0.0,0.0,-0.0951308013979202,0.9954647812079488,0.3565520822142011,0.00023630084373722893,0.0,0.0,0.0,0.029509826261622702
2026-08-24T01:59:55.975399,65.79,1.1217639849486178,0.018415936904720383,0.0,-0.18990290837491003,0.0,0.0,-0.09480884160853156,0.9954954965005358,0.35654579998557934,0.00024424103194100287,0.0,0.0,0.0,0.029509814639660018
2026-08-24T01:59:55.994222,65.81,1.1287667453537922,0.01708683653107845,0.0,-0.18926151056382293,0.0,0.0,-0.09448958242236298,0.9955258503994999,0.356313038723197,0.00025189984426116264,0.0,0.0,0.0,0.029458838849768135
2026-08-24T01:59:56.016568,65.83,1.1357716815056051,0.015761585237646508,0.0,-0.18862595996014744,0.0,0.0,-0.09417322412925634,0.9955558265899009,0.35636453449381816,0.00025932055871362734,0.0,0.0,0.0,0.029411902186683755
2026-08-24T01:59:56.035389,65.85,1.1427777393603011,0.014440381021705471,0.0,-0.18799554397292179,0.0,0.0,-0.09385941230148268,0.9955854612851778,0.3564862781738353,0.00026652387578422163,0.0,0.0,0.0,0.01857960717192873
2026-08-24T01:59:56.054626,65.87,1.1497843245207815,0.013122741536348737,0.0,-0.18758631904041148,0.0,0.0,-0.09365570114153145,0.9956046452501556,0.3565798440559643,0.0002734239082595837,0.0,0.0,0.0,0.018389817458480357
2026-08-24T01:59:56.073927,65.89,1.1567905668554288,0.011807644648985283,0.0,-0.18718490338105068,0.0,0.0,-0.09345587360890925,0.9956234226292567,0.3565122576063966,0.0002800444493365083,0.0,0.0,0.0,0.018201979521570173
2026-08-24T01:59:56.093966,65.91,1.1637976698643573,0.010495033207132994,0.0,-0.18679012516785412,0.0,0.0,-0.09325934657164899,0.9956418504045664,0.3565222639427508,0.00028651913206412363,0.0,0.0,0.0,0.018162449906345555
2026-08-24T01:59:56.114888,65.92,1.1673016821465874,0.00984337650452359,0.0,-0.1865803289850465,0.0,0.0,-0.09315490512891662,0.9956516276541824,0.35644671667366196,0.00029185128033661187,0.0,0.0,0.0,0.018162441947355692
2026-08-24T01:59:56.135113,65.94,1.1743094183197063,0.0085344311317102,0.0,-0.1861915533289196,0.0,0.0,-0.0929613608127231,0.9956697170225911,0.35644671678706563,0.0002980607903300119,0.0,0.0,0.0,0.018127745647204593
2026-08-24T01:59:56.154052,65.97,1.1848212057887337,0.0065725521206701,0.0,-0.18562454473854603,0.0,0.0,-0.09267908043927109,0.995696031953995,0.356426079661291,0.00030521147820006874,0.0,0.0,0.0,0.018070339845558482
2026-08-24T01:59:56.174545,65.99,1.1918299523715732,0.0052701357967146305,0.0,-0.18524124456676594,0.0,0.0,-0.0924882535083549,0.9957137756217769,0.35638530531899654,0.0003112388972437637,0.0,0.0,0.0,0.01801498102594258
2026-08-24T01:59:56.194797,66.01,1.198839491245132,0.003970187187529357,0.0,-0.1848607701560896,0.0,0.0,-0.09229883002992251,0.9957313523110074,0.3564102569630607,0.0003171784830313232,0.0,0.0,0.0,0.018014969842096978
2026-08-24T01:59:56.214450,66.03,1.2057878067069248,0.0026842851347334065,0.0,-0.18448217669789857,0.0,0.0,-0.09211033968931429,0.995748806337381,0.34388367218014343,0.00032309626774598357,0.0,0.0,0.0,1.925942571708028e-06
2026-08-24T01:59:56.234626,66.05,1.2117213740889736,0.001588653238346693,0.0,-0.184315654266451,0.0,0.0,-0.09202743211396468,0.9957564721047559,0.28800203220149906,0.0003282484686497124,0.0,0.0,0.0,0.003147562553450634
2026-08-24T01:59:56.254541,66.07,1.217371410713489,0.000546514130173008,0.0,-0.18413342870933214,0.0,0.0,-0.09193670559316357,0.9957648528466326,0.2777309244689725,0.0003341691463150969,0.0,0.0,0.0,0.014129668208368255
2026-08-24T01:59:56.274501,66.09,1.2229187592618211,-0.0004749220081912411,0.0,-0.18384478425698703,0.0,0.0,-0.09179299363588479,0.995778110986259,0.2775066490791757,0.00034038207036467017,0.0,0.0,0.0,0.014128335438849381
2026-08-24T01:59:56.295373,66.11,1.2284244851129187,-0.0014871233218905966,0.0,-0.1835566924205971,0.0,0.0,-0.09164955491174857,0.9957913230614527,0.27805951120952516,0.00034638482622855035,0.0,0.0,0.0,0.014162867555987583
2026-08-24T01:59:56.315563,66.13,1.233915903333981,-0.0024950923654088815,0.0,-0.18326826126558693,0.0,0.0,-0.09150594533844669,0.9958045299995965,0.27843455712986276,0.00035225801225687427,0.0,0.0,0.0,0.014148878360054393
2026-08-24T01:59:56.334141,66.15,1.239402161312173,-0.003500504920873854,0.0,-0.18298044831502258,0.0,0.0,-0.09136264167145736,0.9958176879865174,0.2785391193791181,0.00035803569405118375,0.0,0.0,0.0,0.020153507605889045
2026-08-24T01:59:56.354488,66.17,1.2448874413449766,-0.004503875739332814,0.0,-0.18257278016098688,0.0,0.0,-0.09115965819557154,0.9958362901188461,0.27862879303811355,0.00036381145740700747,0.0,0.0,0.0,0.020214972185688077
2026-08-24T01:59:56.375033,66.19,1.2503724501169944,-0.005504820234916402,0.0,-0.18216412138349236,0.0,0.0,-0.0909561776735545,0.995854895927623,0.2786531781387394,0.0003695901823172843,0.0,0.0,0.0,0.020277712488844454
2026-08-24T01:59:56.395295,66.21,1.2558581084556417,-0.00650358614064769,0.0,-0.18175452640998874,0.0,0.0,-0.09075222718768221,0.9958735026400066,0.27874983726191876,0.0003752948920282374,0.0,0.0,0.0,0.02027038865321671
2026-08-24T01:59:56.414526,66.23,1.2613438021317815,-0.00750005596521492,0.0,-0.18134537945353782,0.0,0.0,-0.09054849598379128,0.9958920472998433,0.27877806897142315,0.0003809260902921122,0.0,0.0,0.0,0.020262275140008414
2026-08-24T01:59:56.434150,66.25,1.2668297648582973,-0.008494274722697138,0.0,-0.1809366811392619,0.0,0.0,-0.09034498439415332,0.9959105300150312,0.2787809116995293,0.0003864839371810474,0.0,0.0,0.0,0.020253453606963675
2026-08-24T01:59:56.454175,66.27,1.2723159216954147,-0.009486229779970445,0.0,-0.18052843299359503,0.0,0.0,-0.09014169319981485,0.9959289508529564,0.2787419270857262,0.00039196996497332096,0.0,0.0,0.0,0.02025345177274107
2026-08-24T01:59:56.475339,66.29,1.277803057978713,-0.010476065144582016,0.0,-0.18012061152646688,0.0,0.0,-0.08993861072424887,0.9959473110064568,0.2788204700187874,0.0003973836623829105,0.0,0.0,0.0,0.02023602788804044
2026-08-24T01:59:56.494514,66.31,1.2832901849609846,-0.011463602056702969,0.0,-0.17971319804648941,0.0,0.0,-0.08973572767966047,0.995965611443388,0.27881584209833954,0.0004027241914495653,0.0,0.0,0.0,0.020227432722671253
2026-08-24T01:59:56.517063,66.33,1.2887773005666503,-0.01244884097792457,0.0,-0.1793061825223514,0.0,0.0,-0.08953303909015606,0.9959838527362181,0.27872765192654975,0.0004079938586325566,0.0,0.0,0.0,0.020210476317054377
2026-08-24T01:59:56.535814,66.35,1.294265689969124,-0.013432016510307043,0.0,-0.17889972004727064,0.0,0.0,-0.08933062221159893,0.9960020280778994,0.27881738064261435,0.00041319304884378347,0.0,0.0,0.0,0.020210472848635568
2026-08-24T01:59:56.556967,66.37,1.2997532189250585,-0.014412743336886472,0.0,-0.17849345217455517,0.0,0.0,-0.08912829855736418,0.9960201536094886,0.2786514576271788,0.000418320678554135,0.0,0.0,0.0,0.0202020508758932
2026-08-24T01:59:56.574506,66.39,1.305242355954157,-0.015391467959161322,0.0,-0.17808754354047895,0.0,0.0,-0.08892615013310236,0.9960382220690654,0.2787317798022256,0.00042337909030648553,0.0,0.0,0.0,0.02018545659299474
2026-08-24T01:59:56.597255,66.41,1.3107317677429986,-0.01636795052965839,0.0,-0.1776821325523792,0.0,0.0,-0.08872424588762168,0.9960562274247738,0.2787875848108851,0.00042836501745719427,0.0,0.0,0.0,0.020185453216752865
2026-08-24T01:59:56.616644,66.43,1.3162213722605531,-0.017342177743397535,0.0,-0.17727687340274484,0.0,0.0,-0.08852241361769266,0.9960741851324619,0.2788024370245251,0.00043327750315155404,0.0,0.0,0.0,-0.020560891321480545
2026-08-24T01:59:56.633918,66.45,1.3217112651731324,-0.018315976748296887,0.0,-0.17773653013557847,0.0,0.0,-0.08875133738055162,0.9960538138640721,0.27885920707965867,0.00043745869454268947,0.0,0.0,0.0,-0.025912265123915038
2026-08-24T01:59:56.655807,66.46,1.324455388679405,-0.018803993816504955,0.0,-0.17799536060838506,0.0,0.0,-0.08888024117676627,0.9960423197476902,0.2787653254651593,0.0004392703813818735,0.0,0.0,0.0,-0.025912310641925246
2026-08-24T01:59:56.674070,66.49,1.3326875752255183,-0.020273333256902046,0.0,-0.17878079607333364,0.0,0.0,-0.08927139779409528,0.9960073380933939,0.27863023486515937,0.0004436882513643046,0.0,0.0,0.0,-0.02636051628154053
2026-08-24T01:59:56.694673,66.51,1.3381758757470552,-0.021256515323716578,0.0,-0.17930784441543549,0.0,0.0,-0.08953386669946349,0.995983778338705,0.2787028352829734,0.000446694473774479,0.0,0.0,0.0,-0.026372943324662307
2026-08-24T01:59:56.714785,66.53,1.3436640444268764,-0.022242667445257075,0.0,-0.17983517614380373,0.0,0.0,-0.0897964705078666,0.995960136694401,0.27885437702594257,0.00044963269187503935,0.0,0.0,0.0,-0.02637294529856977
2026-08-24T01:59:56.734824,66.55,1.3491507305373085,-0.023231544885089817,0.0,-0.18036254267855556,0.0,0.0,-0.09005908540611975,0.995936424243944,0.278810628204176,0.00045250482871050766,0.0,0.0,0.0,-0.02637711632375753
2026-08-24T01:59:56.756900,66.57,1.3546369893019876,-0.024223338764980062,0.0,-0.1808900313644917,0.0,0.0,-0.09032175486862108,0.995912637030705,0.27878637907855436,0.0004553133708918882,0.0,0.0,0.0,-0.026381247029875363
2026-08-24T01:59:56.775085,66.59,1.3601227827279274,-0.02521804280259775,0.0,-0.18141763627601026,0.0,0.0,-0.09058447592212043,0.9958887752765943,0.2787742394455482,0.0004580582876062332,0.0,0.0,0.0,-0.026385392534855546
2026-08-24T01:59:56.795098,66.61,1.3656086646018821,-0.026215759285455314,0.0,-0.18194534245314875,0.0,0.0,-0.0908472410951242,0.9958648396170057,0.27888715110047785,0.00046073694045305295,0.0,0.0,0.0,-0.026389555870478934
2026-08-24T01:59:56.814592,66.63,1.3710938743890333,-0.027216349550860493,0.0,-0.18247314558486316,0.0,0.0,-0.09111004821914646,0.9958408302100817,0.2789708113207605,0.0004633493167410051,0.0,0.0,0.0,-0.02639374199181654
2026-08-24T01:59:56.834715,66.65,1.3765779365109228,-0.028219725942835405,0.0,-0.18300104996940192,0.0,0.0,-0.09137289941252644,0.9958167468229023,0.27892881468302727,0.0004658971737243063,0.0,0.0,0.0,-0.02639817773983654
2026-08-24T01:59:56.855075,66.67,1.3820610231956003,-0.02922591985078818,0.0,-0.18352906132742944,0.0,0.0,-0.09163579750159091,0.9957925891551149,0.2787964860524238,0.0004683826833557337,0.0,0.0,0.0,-0.02640670384165169
2026-08-24T01:59:56.875101,66.69,1.3875443110979822,-0.030235149923118862,0.0,-0.18405725740339074,0.0,0.0,-0.09189878117186892,0.9957683535939094,0.27881349589069937,0.0004708054657380855,0.0,0.0,0.0,-0.02640670522040787
2026-08-24T01:59:56.894510,66.71,1.393026887535884,-0.031247247859840708,0.0,-0.1845854609577073,0.0,0.0,-0.09216176215567545,0.9957440482354694,0.27879454179619123,0.000473164929743314,0.0,0.0,0.0,-0.02641097418316153
2026-08-24T01:59:56.914489,66.73,1.3985092447793899,-0.032262305470507145,0.0,-0.18511375739331148,0.0,0.0,-0.09242478295308484,0.9957196691318673,0.2788400880500413,0.0004754622285432515,0.0,0.0,0.0,-0.02641526754249495
2026-08-24T01:59:56.935904,66.75,1.4039907658037885,-0.03328020810304108,0.0,-0.18564214282741445,0.0,0.0,-0.09268784160931133,0.9956952164281032,0.27882492937697806,0.0004776971804560655,0.0,0.0,0.0,-0.026419627166065378
2026-08-24T01:59:56.953917,66.77,1.4094718196560114,-0.034301025160324954,0.0,-0.18617060997762724,0.0,0.0,-0.09295093447729905,0.9956706904292186,0.2788244814072926,0.0004798684891552538,0.0,0.0,0.0,-0.026424036660850383
2026-08-24T01:59:56.974873,66.79,1.4149531327789417,-0.03532489427786825,0.0,-0.18669915671439963,0.0,0.0,-0.09321406047553352,0.9956460912039296,0.27898692909149236,0.0004819762864637552,0.0,0.0,0.0,-0.026432949469257613
2026-08-24T01:59:56.995728,66.81,1.4204326793287556,-0.03635143422315063,0.0,-0.18722787553571468,0.0,0.0,-0.09347726562918773,0.9956214143993138,0.2789003046177658,0.00048402211981196885,0.0,0.0,0.0,-0.026432950993037913
2026-08-24T01:59:57.014511,66.83,1.4259118474699577,-0.03738090703888938,0.0,-0.1877565927644289,0.0,0.0,-0.09374046345730534,0.9955966680894476,0.2788474574373489,0.00048600827864618963,0.0,0.0,0.0,-0.02643751147224776
2026-08-24T01:59:57.035386,66.85,1.4313901037965489,-0.03841321156802669,0.0,-0.1882853999200416,0.0,0.0,-0.09400369949867028,0.995571847975104,0.27872011685536907,0.0004879359269121802,0.0,0.0,0.0,-0.024184350022104163
2026-08-24T01:59:57.053793,66.87,1.4368693808315092,-0.039448620023637956,0.0,-0.18876912157941206,0.0,0.0,-0.094244486580034,0.9955490830437572,0.2789084881129141,0.000489839361889788,0.0,0.0,0.0,-0.024148702985972794
2026-08-24T01:59:57.075587,66.89,1.4423466028883856,-0.04048635293766346,0.0,-0.18925212048916865,0.0,0.0,-0.0944849083902938,0.9955262940206441,0.2787794614706028,0.0004917205843260219,0.0,0.0,0.0,-0.02415300944561828
2026-08-24T01:59:57.095653,66.91,1.4478242980499223,-0.04152692240431556,0.0,-0.18973519344203904,0.0,0.0,-0.09472536154509352,0.9955034434295802,0.27884913748151846,0.0004935423683170716,0.0,0.0,0.0,-0.024153011379383388
2026-08-24T01:59:57.114735,66.93,1.4533013572895292,-0.042570117496240734,0.0,-0.19021824841841498,0.0,0.0,-0.09496580022600286,0.9954805356145517,0.27889199449554347,0.0004953033938321589,0.0,0.0,0.0,-0.02415770993031406
2026-08-24T01:59:57.134261,66.95,1.4587769701455395,-0.043615781893958976,0.0,-0.19070138742696985,0.0,0.0,-0.09520627519226642,0.995457565727447,0.27874321507256783,0.0004970067859411276,0.0,0.0,0.0,-0.024162508000886887
2026-08-24T01:59:57.154007,66.97,1.4642526647881522,-0.04466421017462849,0.0,-0.19118461267493814,0.0,0.0,-0.09544678752553445,0.9954345336339581,0.2787143207813939,0.0004986534364020355,0.0,0.0,0.0,-0.02416740097558508
2026-08-24T01:59:57.174557,66.99,1.4697283465636453,-0.045715385424180514,0.0,-0.1916679154305872,0.0,0.0,-0.09568733286295394,0.995411439722075,0.27878634297931204,0.0005002412265124757,0.0,0.0,0.0,-0.02417728343208909
2026-08-24T01:59:57.194778,67.01,1.475202681765242,-0.04676905001245677,0.0,-0.1921513974857181,0.0,0.0,-0.09592796184897626,0.9953882790828418,0.27868787127844813,0.0005017714902058012,0.0,0.0,0.0,-0.02417728522526929
2026-08-24T01:59:57.214643,67.03,1.4806773317525013,-0.04782552708327571,0.0,-0.19263486089943216,0.0,0.0,-0.09616857595158335,0.9953650611707469,0.2787576661852131,0.0005032450762604147,0.0,0.0,0.0,-0.024182344315401495
2026-08-24T01:59:57.234215,67.05,1.486150336250371,-0.04888443509794716,0.0,-0.1931184104077595,0.0,0.0,-0.09640922728143786,0.9953417809451164,0.2785965770047674,0.0005046639314273567,0.0,0.0,0.0,-0.024192547627991865
2026-08-24T01:59:57.254973,67.07,1.4916241730121234,-0.049946258372875904,0.0,-0.19360214429579115,0.0,0.0,-0.09664996473394763,0.9953184336266091,0.27870979417483,0.0005060274059901539,0.0,0.0,0.0,-0.024197729075374232
2026-08-24T01:59:57.274337,67.09,1.4970973854804077,-0.05101071401502496,0.0,-0.1940859529389929,0.0,0.0,-0.09689073373419584,0.9952950244608124,0.27880082354034735,0.0005073336852088629,0.0,0.0,0.0,-0.024197729931773323
2026-08-24T01:59:57.295272,67.11,1.502569695783997,-0.052077747461664374,0.0,-0.19456973603268546,0.0,0.0,-0.0971314843502712,0.9952715582934705,0.27881329290274914,0.0005085846898892112,0.0,0.0,0.0,-0.024202978256786665
2026-08-24T01:59:57.315367,67.13,1.5080416790501576,-0.05314747175715058,0.0,-0.1950536011010855,0.0,0.0,-0.09737227007561891,0.9952480299002459,0.27886469071692316,0.0005097819522600869,0.0,0.0,0.0,-0.024208287714912055
2026-08-24T01:59:57.334743,67.15,1.5135125231180704,-0.05421972720007682,0.0,-0.1955375503319079,0.0,0.0,-0.09761309198188599,0.9952244391461335,0.27878973622602016,0.0005109264605431324,0.0,0.0,0.0,-0.024213698474791854
2026-08-24T01:59:57.357781,67.17,1.5189833403746038,-0.05529473406742747,0.0,-0.19602158585666452,0.0,0.0,-0.09785395111263488,0.9952007858978238,0.2788154890843738,0.0005120190334399764,0.0,0.0,0.0,-0.024219183256950952
2026-08-24T01:59:57.374402,67.19,1.5244534399650094,-0.05637235636183811,0.0,-0.19650570801825526,0.0,0.0,-0.0980948476213192,0.9951770701087069,0.2788013885035919,0.000513060121002902,0.0,0.0,0.0,-0.024224704428997813
2026-08-24T01:59:57.394694,67.21,1.5299230690320527,-0.057452643671779095,0.0,-0.19698991672398547,0.0,0.0,-0.09833578144461924,0.9951532917534244,0.2787981108777023,0.0005140502551105789,0.0,0.0,0.0,-0.024230314631566875
2026-08-24T01:59:57.414450,67.23,1.5353922478018411,-0.05853560074647878,0.0,-0.1974742143483743,0.0,0.0,-0.09857675374680298,0.9951294506850564,0.2788100713801532,0.0005149903736185116,0.0,0.0,0.0,-0.02423598288181943
2026-08-24T01:59:57.436376,67.25,1.5408607557726848,-0.0596211841619112,0.0,-0.19795860273189136,0.0,0.0,-0.09881776542629161,0.9951055467819252,0.27879258549751107,0.0005158814339825934,0.0,0.0,0.0,-0.024247534277369653
2026-08-24T01:59:57.457096,67.27,1.5463290328094879,-0.060709482934240694,0.0,-0.19844319821519377,0.0,0.0,-0.09905887434991589,0.9950815742503363,0.27883567201842246,0.0005167236957560414,0.0,0.0,0.0,-0.024247536432374428
2026-08-24T01:59:57.474655,67.29,1.5517967543578026,-0.06180043306555066,0.0,-0.19892777058258962,0.0,0.0,-0.09929996595714385,0.9950575444470083,0.2788734332139012,0.0005175182381547966,0.0,0.0,0.0,-0.024253411065589887
2026-08-24T01:59:57.494552,67.31,1.5572632679960057,-0.0628939029088175,0.0,-0.19941243549068363,0.0,0.0,-0.09954109777575146,0.9950334516254207,0.27877301857309145,0.0005182653533857042,0.0,0.0,0.0,-0.024259309405428454
2026-08-24T01:59:57.514003,67.33,1.5627290820606348,-0.06398999504868848,0.0,-0.19989720571092698,0.0,0.0,-0.09978227614209013,0.995009295116334,0.2786384083321588,0.0005189693247255604,0.0,0.0,0.0,-0.02427141425796886
2026-08-24T01:59:57.534396,67.35,1.5681953538441575,-0.06508894492845421,0.0,-0.20038219656006317,0.0,0.0,-0.10002355840739383,0.994985069115875,0.27870606431696765,0.0005196281650617729,0.0,0.0,0.0,-0.0242714165348065
2026-08-24T01:59:57.555704,67.37,1.5736609251179456,-0.06619051945638801,0.0,-0.20086716292272874,0.0,0.0,-0.10026482260937009,0.9949607858338496,0.2787399596979056,0.0005202417923628966,0.0,0.0,0.0,-0.02427754949657359
2026-08-24T01:59:57.574998,67.39,1.5791263415786274,-0.06729482971524037,0.0,-0.20135222530646193,0.0,0.0,-0.10050612868339563,0.9949364392246757,0.2788517364340976,0.0005208103716657591,0.0,0.0,0.0,-0.024283739158049284
2026-08-24T01:59:57.595198,67.41,1.584590023435731,-0.06840155420438322,0.0,-0.20183739033909862,0.0,0.0,-0.10074747990882671,0.9949120289211607,0.27871922389614073,0.0005213361376100154,0.0,0.0,0.0,-0.024290065439753705
2026-08-24T01:59:57.615270,67.43,1.59005428948015,-0.0695111668815473,0.0,-0.2023226591893028,0.0,0.0,-0.10098887684904674,0.9948875548285686,0.27881603263410143,0.0005218193131779114,0.0,0.0,0.0,-0.024302933772493113
2026-08-24T01:59:57.635303,67.45,1.5955177893188808,-0.07062339310357961,0.0,-0.20280816031480906,0.0,0.0,-0.10123038338495756,0.9948630104088374,0.27886681790114476,0.000522259751110619,0.0,0.0,0.0,-0.02430293621492379
2026-08-24T01:59:57.654134,67.47,1.6009015246326284,-0.07172196856487321,0.0,-0.20329436550063912,0.0,0.0,-0.10147223416870035,0.9948383716427571,0.262740841161392,0.0005228781372471885,0.0,0.0,0.0,-1.5012738012153137e-06
2026-08-24T01:59:57.674976,67.49,1.6049944887068543,-0.07255759697684089,0.0,-0.203472683327977,0.0,0.0,-0.10156093247375743,0.9948293205344628,0.19167257326888773,0.0005209585307957645,0.0,0.0,0.0,-3.1286588647143343e-06
2026-08-24T01:59:57.694839,67.51,1.6087226954346685,-0.07332093421453205,0.0,-0.20362803856641729,0.0,0.0,-0.10163820814042944,0.9948214285217236,0.17829481894874483,0.0005149874928548553,0.0,0.0,0.0,-0.01587685107718315
2026-08-24T01:59:57.715020,67.53,1.612319809369847,-0.07405915935577244,0.0,-0.20393381795569226,0.0,0.0,-0.10179030489635266,0.9948058774600739,0.17784156820008468,0.000507018944335694,0.0,0.0,0.0,-0.015786299315881134
2026-08-24T01:59:57.737009,67.55,1.6158641450546545,-0.07478776651005302,0.0,-0.20423778923319835,0.0,0.0,-0.10194149992683223,0.9947903953057989,0.17854681400776934,0.0004990238279371932,0.0,0.0,0.0,-0.015806515282617662
2026-08-24T01:59:57.754870,67.57,1.6193902473203463,-0.07551379910223953,0.0,-0.2045425180915381,0.0,0.0,-0.10209306941368838,0.9947748515004246,0.17914202966611992,0.0004911915694500733,0.0,0.0,0.0,-0.015800570199251192
2026-08-24T01:59:57.774164,67.59,1.6229085435246275,-0.07623938649479349,0.0,-0.2048475698273773,0.0,0.0,-0.10224479712315601,0.9947592680951732,0.17925987601055207,0.00048357193741532654,0.0,0.0,0.0,-0.015803805347304318
2026-08-24T01:59:57.794710,67.61,1.6264245594791868,-0.07696566407581044,0.0,-0.20515311580691709,0.0,0.0,-0.10239676827687742,0.9947436362432541,0.17927989803070335,0.00047616646268577374,0.0,0.0,0.0,-0.015809324491518884
2026-08-24T01:59:57.814197,67.63,1.6299399832184365,-0.07769298007715161,0.0,-0.2054591875383336,0.0,0.0,-0.10254899853074854,0.9947279542168002,0.1793222486719921,0.00046897008561918826,0.0,0.0,0.0,-0.015815463878664025
2026-08-24T01:59:57.835011,67.65,1.6334551374216881,-0.07842140142292704,0.0,-0.2057657820572536,0.0,0.0,-0.1027014863944877,0.9947122220483484,0.1793855187336082,0.00046197587053372686,0.0,0.0,0.0,-0.018492495638898387
2026-08-24T01:59:57.853926,67.67,1.6369694303759046,-0.07915087861747362,0.0,-0.20612626260544428,0.0,0.0,-0.10288077192885615,0.9946936949470037,0.17933166628764657,0.00045513502914195514,0.0,0.0,0.0,-0.018492929342115386
2026-08-24T01:59:57.874128,67.69,1.640484638721591,-0.07988193006288394,0.0,-0.20648706046460408,0.0,0.0,-0.10306021193164688,0.9946751191804307,0.1795237007808483,0.0004484373829205456,0.0,0.0,0.0,-0.018519169814322792
2026-08-24T01:59:57.895981,67.71,1.6439983333540424,-0.08061402366342348,0.0,-0.2068487472190492,0.0,0.0,-0.10324009065320082,0.9946564651586591,0.17946260477786283,0.00044192430433582337,0.0,0.0,0.0,-0.018525100245284958
2026-08-24T01:59:57.914251,67.73,1.6475118190127376,-0.08134743371176158,0.0,-0.20721089015682953,0.0,0.0,-0.10342019286694393,0.9946377550180588,0.17941458373686808,0.0004355855961969629,0.0,0.0,0.0,-0.01853100728181266
2026-08-24T01:59:57.934391,67.75,1.6510251344478588,-0.08208216872065947,0.0,-0.2075734722136011,0.0,0.0,-0.10360051006790816,0.9946189895199414,0.17938750617401045,0.0004294142653734617,0.0,0.0,0.0,-0.018542044042076582
2026-08-24T01:59:57.954215,67.77,1.654538658576309,-0.08281830929004488,0.0,-0.20793658527554015,0.0,0.0,-0.10378108793280964,0.9946001637781297,0.1794589001757902,0.0004234048099502932,0.0,0.0,0.0,-0.01854204614112959
2026-08-24T01:59:57.973533,67.79,1.6580515953327386,-0.08355568844980595,0.0,-0.20829999786085504,0.0,0.0,-0.1039618113269725,0.9945812896820526,0.17946617239204032,0.0004175519236344215,0.0,0.0,0.0,-0.018552620266473908
2026-08-24T01:59:57.994562,67.81,1.6615639523187922,-0.08429430767811144,0.0,-0.2086639075411405,0.0,0.0,-0.10414277848458581,0.9945623568633143,0.17941096657403238,0.00041184949380096425,0.0,0.0,0.0,-0.018552621897026108
2026-08-24T01:59:58.016856,67.83,1.6650765947119541,-0.08503435060662837,0.0,-0.2090280860984936,0.0,0.0,-0.10432387589923987,0.9945433770918994,0.17947026995041793,0.0004062907786705083,0.0,0.0,0.0,-0.018557770260886147
2026-08-24T01:59:58.035491,67.85,1.6685888539489517,-0.08577567600012684,0.0,-0.20939263247934561,0.0,0.0,-0.10450515275959266,0.994524345125193,0.17950751722695002,0.0004008726294398126,0.0,0.0,0.0,-0.018562767641935752
2026-08-24T01:59:58.056220,67.87,1.6721005257478792,-0.08651824074042481,0.0,-0.20975753124153274,0.0,0.0,-0.10468660137046448,0.9945052616721047,0.1794810512893545,0.0003955895966690774,0.0,0.0,0.0,-0.018567737254100034
2026-08-24T01:59:58.073858,67.89,1.6756123895045878,-0.08726221093905731,0.0,-0.2101227687288811,0.0,0.0,-0.10486821492529053,0.9944861273534101,0.17955035120951676,0.0003904362213074872,0.0,0.0,0.0,-0.018572611830721484
2026-08-24T01:59:58.094194,67.91,1.679123887093573,-0.08800746838261454,0.0,-0.2104883377351214,0.0,0.0,-0.10504998982509382,0.9944669424559811,0.1796014144459568,0.00038540920211175054,0.0,0.0,0.0,-0.018577387752030942
2026-08-24T01:59:58.114838,67.93,1.6826344256628352,-0.08875388657470966,0.0,-0.21085422682122346,0.0,0.0,-0.10523192036650234,0.9944477074919416,0.1795131014622179,0.0003805042063735144,0.0,0.0,0.0,-0.01858210230541147
2026-08-24T01:59:58.135418,67.95,1.6861451804840062,-0.08950171688259377,0.0,-0.21122042111148837,0.0,0.0,-0.10541399913778308,0.9944284231586401,0.17952588195591662,0.00037571590749811067,0.0,0.0,0.0,-0.018591260153483502
2026-08-24T01:59:58.155423,67.97,1.689654852698962,-0.09025068161677223,0.0,-0.21158700820772453,0.0,0.0,-0.10559626968002067,0.9944090847481555,0.17937421276223262,0.0003710422438825329,0.0,0.0,0.0,-0.0185912619605938
2026-08-24T01:59:58.174807,67.99,1.6931657362449022,-0.09100127352212828,0.0,-0.21195378572639406,0.0,0.0,-0.10577863135164452,0.9943897028576738,0.17952744558275902,0.0003664766526593689,0.0,0.0,0.0,-0.01859573873287933
2026-08-24T01:59:58.194998,68.01,1.6966761488222946,-0.09175313204458731,0.0,-0.21232084332903908,0.0,0.0,-0.10596112871937162,0.9943702726854402,0.1796415784337028,0.00036201765432757965,0.0,0.0,0.0,-0.018600074996104825
2026-08-24T01:59:58.214339,68.03,1.700185391444893,-0.0925061065385265,0.0,-0.21268771123832902,0.0,0.0,-0.1061435282071579,0.9943508190873763,0.1795737052911076,0.0003576622886049256,0.0,0.0,0.0,-0.01852882141899236
2026-08-24T01:59:58.237344,68.05,1.703692059883313,-0.09325989057128627,0.0,-0.21308701147421474,0.0,0.0,-0.10634204834869693,0.9943296077020957,0.179036473305187,0.00035340849889823787,0.0,0.0,0.0,-0.021829262754369964
2026-08-24T01:59:58.256850,68.07,1.7072022855659499,-0.09401593192258888,0.0,-0.21351905009860905,0.0,0.0,-0.10655684026378856,0.9943066125662634,0.17928972227284892,0.0003493315154213574,0.0,0.0,0.0,-0.021772400178378178
2026-08-24T01:59:58.274311,68.09,1.7107117675997385,-0.0947731774054547,0.0,-0.2139504075657781,0.0,0.0,-0.10677128857474985,0.9942836073958413,0.17944834185585368,0.0003457021404890978,0.0,0.0,0.0,-0.02170646026440053
2026-08-24T01:59:58.294831,68.11,1.7142201790300937,-0.09553155510419456,0.0,-0.21438087551350413,0.0,0.0,-0.10698528971193882,0.9942606035568605,0.17944548034319185,0.00034250132041769714,0.0,0.0,0.0,-0.021627171975379753
2026-08-24T01:59:58.313786,68.13,1.71772821893972,-0.096291215344241,0.0,-0.21481015801049042,0.0,0.0,-0.10719869658312271,0.9942376171976595,0.17942424848447838,0.00033970996954243906,0.0,0.0,0.0,-0.021526057293273743
2026-08-24T01:59:58.334080,68.15,1.7212365938539367,-0.09705231006940312,0.0,-0.2152377897117201,0.0,0.0,-0.10741127789292425,0.9942146736904505,0.17952927950578623,0.00033730960628102906,0.0,0.0,0.0,-0.021447668122788848
2026-08-24T01:59:58.357852,68.17,1.7247441543627726,-0.09781458584842091,0.0,-0.21566420130941077,0.0,0.0,-0.10762324778376445,0.9941917503864506,0.17952526889466633,0.0003352829703951514,0.0,0.0,0.0,-0.021391209262331148
2026-08-24T01:59:58.373680,68.19,1.7282514475745137,-0.09857816128190823,0.0,-0.21608980594713284,0.0,0.0,-0.1078348116551923,0.9941688253990311,0.1795242779388274,0.0003336128430800932,0.0,0.0,0.0,0.0193867453687101
2026-08-24T01:59:58.394047,68.21,1.731758471400725,-0.09934149523775619,0.0,-0.2152938135116807,0.0,0.0,-0.10743912769277791,0.9942116645064143,0.17946043595887956,0.00033342677406637946,0.0,0.0,0.0,0.06378362253599303
2026-08-24T01:59:58.413717,68.23,1.7352669963066354,-0.10009869127466357,0.0,-0.21402007712319016,0.0,0.0,-0.10680592415939608,0.9942798874383698,0.17942975115892787,0.00033716264694211924,0.0,0.0,0.0,0.06437687563427894
2026-08-24T01:59:58.435473,68.25,1.7387762298843894,-0.10085102565566206,0.0,-0.21273474112110732,0.0,0.0,-0.10616691027904072,0.9943483228536176,0.17933311399935545,0.0003412633517684148,0.0,0.0,0.0,0.06462139255784144
2026-08-24T01:59:58.454697,68.27,1.7422873933668164,-0.10159879034312966,0.0,-0.21144470412665456,0.0,0.0,-0.1055255151772775,0.9944165956210557,0.17942293501694115,0.00034562732739471316,0.0,0.0,0.0,0.06466561526503749
2026-08-24T01:59:58.474278,68.29,1.7457988041674746,-0.102341616302331,0.0,-0.2101539607420793,0.0,0.0,-0.10488372492474095,0.9944844917070911,0.17935603068366782,0.0003502318192108732,0.0,0.0,0.0,0.06471590076983588
2026-08-24T01:59:58.494525,68.31,1.7493115084036048,-0.10307973082469318,0.0,-0.20886243727114986,0.0,0.0,-0.10424150306943031,0.994552014244517,0.17934783324640358,0.0003550660506040015,0.0,0.0,0.0,0.06473727609034975
2026-08-24T01:59:58.514529,68.33,1.7528251713009142,-0.10381306131637517,0.0,-0.20757084555313285,0.0,0.0,-0.10359920380462843,0.9946191255807657,0.17933115878154623,0.00036012036985269384,0.0,0.0,0.0,0.06470644603944108
2026-08-24T01:59:58.535307,68.35,1.7563402527672494,-0.1045417047189612,0.0,-0.20628083067544847,0.0,0.0,-0.10295764556387198,0.9946857409352685,0.17940133697100505,0.0003653888052562122,0.0,0.0,0.0,0.06434399939277077
2026-08-24T01:59:58.554273,68.37,1.75985228294793,-0.10526473283156672,0.0,-0.20500554397396842,0.0,0.0,-0.1023233699273443,0.9947511889747667,0.1786466514074048,0.00037087720582608966,0.0,0.0,0.0,0.05121939845912889
2026-08-24T01:59:58.574606,68.39,1.7633756085659387,-0.1059853866172072,0.0,-0.2038615488752029,0.0,0.0,-0.10175435797689172,0.9948095549564804,0.18000950314803305,0.0003766291610177815,0.0,0.0,0.0,0.06434596373340526
2026-08-24T01:59:58.595645,68.41,1.7668916933509877,-0.10669929788830637,0.0,-0.20257544449448556,0.0,0.0,-0.10111462251914305,0.9948747826298601,0.17968394135998614,0.0003833161077486401,0.0,0.0,0.0,0.06482770730583926
2026-08-24T01:59:58.614103,68.43,1.7704093842848982,-0.10740852636637165,0.0,-0.20128160273154097,0.0,0.0,-0.10047099613413267,0.9949399876051898,0.17948747769699416,0.00039024745651612,0.0,0.0,0.0,0.06509525168241151
2026-08-24T01:59:58.636266,68.45,1.7739295383450107,-0.10811326140915538,0.0,-0.19998288533493153,0.0,0.0,-0.0998249020616577,0.995005019549339,0.1795969542924901,0.00039735348968063797,0.0,0.0,0.0,0.06526757088425367
2026-08-24T01:59:58.655476,68.47,1.7774500543295009,-0.10881307166738176,0.0,-0.19868089666256372,0.0,0.0,-0.09917713832263024,0.9950697941522162,0.17958470755730335,0.00040460174339467317,0.0,0.0,0.0,0.06537044356462524
2026-08-24T01:59:58.673990,68.49,1.7809712826441464,-0.10950802979925313,0.0,-0.1973769411836801,0.0,0.0,-0.09852835393475529,0.9951342439444578,0.1795236489323591,0.0004119767987741201,0.0,0.0,0.0,0.06547449350596196
2026-08-24T01:59:58.694747,68.51,1.784493972426554,-0.11019828679222811,0.0,-0.19607095333095656,0.0,0.0,-0.09787851635742846,0.9951983701934347,0.1795679556656879,0.0004194656524299258,0.0,0.0,0.0,0.06556742617276197
2026-08-24T01:59:58.715360,68.53,1.7880165433215125,-0.11088352683774658,0.0,-0.1947631228333071,0.0,0.0,-0.09722772008725437,0.9952621616672838,0.17939664556391222,0.0004270554512856146,0.0,0.0,0.0,0.06565286868597572
2026-08-24T01:59:58.734804,68.55,1.7915408601831002,-0.11156412004157454,0.0,-0.19345360231487785,0.0,0.0,-0.09657604118156109,0.9953256091700331,0.1793913024266313,0.00043474049598273565,0.0,0.0,0.0,0.06573272565359418
2026-08-24T01:59:58.757002,68.57,1.7950663845072659,-0.11223995711495718,0.0,-0.19214247029761158,0.0,0.0,-0.09592351883881745,0.9953887072564059,0.17944336909069092,0.00044250677198840924,0.0,0.0,0.0,0.06580800142657273
2026-08-24T01:59:58.774086,68.59,1.7985927182780284,-0.11291095888597821,0.0,-0.19082980228179866,0.0,0.0,-0.09527019076536969,0.9954514507255138,0.1794730231634985,0.0004503442884545811,0.0,0.0,0.0,0.06587972766714253
2026-08-24T01:59:58.795450,68.61,1.8021196285423526,-0.11357708009878849,0.0,-0.1895156534890492,0.0,0.0,-0.09461608458503296,0.9955138354326362,0.17943414322198378,0.00045824629959493804,0.0,0.0,0.0,0.06595234062345055
2026-08-24T01:59:58.814040,68.63,1.8056478640251545,-0.1142384642824964,0.0,-0.1882000106170838,0.0,0.0,-0.09396119381993519,0.9955758605229099,0.17948054087118345,0.00046620667666412245,0.0,0.0,0.0,0.0660222654463707
2026-08-24T01:59:58.834831,68.65,1.8091764549784375,-0.11489492479063156,0.0,-0.18688292490442174,0.0,0.0,-0.09330554412195778,0.9956375221113883,0.17941604735135303,0.00047421617027693227,0.0,0.0,0.0,0.07285329058834643
2026-08-24T01:59:58.855425,68.67,1.812706482316843,-0.11554648039972265,0.0,-0.18542922454840394,0.0,0.0,-0.09258184022832007,0.9957050782535649,0.1794552512351636,0.0004823541119769041,0.0,0.0,0.0,0.07296208335748522
2026-08-24T01:59:58.873745,68.69,1.8162376711355612,-0.11619270349979252,0.0,-0.18397333697187035,0.0,0.0,-0.09185699843601597,0.9957722088099897,0.17953009163427205,0.0004906127431866173,0.0,0.0,0.0,0.07306921026852886
2026-08-24T01:59:58.895282,68.71,1.8197695683553066,-0.11683356710144288,0.0,-0.18251524292146687,0.0,0.0,-0.09113100932227848,0.9958389122442961,0.17955214851859982,0.0004988995276414822,0.0,0.0,0.0,0.07312944572889553
2026-08-24T01:59:58.915871,68.73,1.8233023258870011,-0.11746909748198126,0.0,-0.1810558854174218,0.0,0.0,-0.0904043426315679,0.9959051434917655,0.1795538809963415,0.000507211216824708,0.0,0.0,0.0,0.07318729489608732
2026-08-24T01:59:58.934453,68.75,1.8268355755632726,-0.11809922759704432,0.0,-0.17959531330830683,0.0,0.0,-0.08967702295114245,0.9959708989496733,0.17946207123373523,0.000515542897354639,0.0,0.0,0.0,0.07324287791273357
2026-08-24T01:59:58.954341,68.77,1.830370013511294,-0.11872408464577065,0.0,-0.1781335836717455,0.0,0.0,-0.08894907897478357,0.996036174719341,0.17941987639748908,0.0005238926099365276,0.0,0.0,0.0,0.07329624716821476
2026-08-24T01:59:58.974057,68.79,1.833905015689325,-0.11934355495045783,0.0,-0.17667073525223387,0.0,0.0,-0.08822053027470995,0.9961009677929487,0.1793020606696873,0.0005322537908123356,0.0,0.0,0.0,0.0733473722173869
2026-08-24T01:59:58.995282,68.81,1.837442724797824,-0.1199580204684848,0.0,-0.1752068068986819,0.0,0.0,-0.08749139648191535,0.9961652752137289,0.17954554640192064,0.0005406220508796852,0.0,0.0,0.0,0.07339700425214539
2026-08-24T01:59:59.015469,68.83,1.840979512465541,-0.12056683293077267,0.0,-0.17374179071128062,0.0,0.0,-0.08676167394786788,0.9962290961088036,0.1794147958223072,0.000548985360191059,0.0,0.0,0.0,0.07344514038648658
2026-08-24T01:59:59.033864,68.85,1.8445188104416426,-0.12117059975448576,0.0,-0.17227575430855244,0.0,0.0,-0.08603139664388477,0.996292426344546,0.1796084572586721,0.0005573481444589331,0.0,0.0,0.0,0.07349216442566019
2026-08-24T01:59:59.056770,68.87,1.8480577121827866,-0.12176880953908659,0.0,-0.1708086836612148,0.0,0.0,-0.08530055787636528,0.9963552653677206,0.17953792007213648,0.0005656990529963428,0.0,0.0,0.0,0.07354679066318541
2026-08-24T01:59:59.073907,68.89,1.851597877828204,-0.12236175241163842,0.0,-0.16934046275667702,0.0,0.0,-0.08456910014257428,0.9964176169162583,0.17954187516019504,0.0005740425038183847,0.0,0.0,0.0,0.07358202850680275
2026-08-24T01:59:59.095732,68.91,1.8551391228784238,-0.1229493944784974,0.0,-0.167871461250551,0.0,0.0,-0.083837207906242,0.99647946419908,0.17958443595286858,0.0005823712046828479,0.0,0.0,0.0,0.07363340595264892
2026-08-24T01:59:59.113789,68.93,1.8586806013791477,-0.12353159194134258,0.0,-0.16640136287404864,0.0,0.0,-0.08310472390242342,0.996540819467573,0.17949561479043133,0.0005906834195219412,0.0,0.0,0.0,0.07366688787569413
2026-08-24T01:59:59.134390,68.95,1.8622236312909732,-0.12410856724848657,0.0,-0.1649305370840173,0.0,0.0,-0.08237183252658609,0.9966016662670257,0.17954436230384943,0.0005989785343379068,0.0,0.0,0.0,0.07370769034772393
2026-08-24T01:59:59.156521,68.97,1.8657672117819188,-0.12468015151971734,0.0,-0.1634588198786355,0.0,0.0,-0.08163845238151789,0.9966620104592884,0.17952931175831996,0.0006072498441292031,0.0,0.0,0.0,0.07375482375691349
2026-08-24T01:59:59.177104,68.99,1.8693117173097726,-0.12524640687206418,0.0,-0.16198609229506464,0.0,0.0,-0.08090452449721737,0.9967218558433838,0.17952800955128692,0.0006154963514856577,0.0,0.0,0.0,0.07378591601816728
2026-08-24T01:59:59.194508,69.01,1.8728567099839275,-0.1258072610860412,0.0,-0.16051267931981486,0.0,0.0,-0.08017021115116496,0.9967811882474396,0.1794533254061568,0.0006237161513888561,0.0,0.0,0.0,0.07382349326170808
2026-08-24T01:59:59.214402,69.03,1.8764028362265368,-0.12636281999315424,0.0,-0.15903845903882896,0.0,0.0,-0.07943545191649558,0.9968400117264666,0.17943789554478726,0.0006319082304552708,0.0,0.0,0.0,0.07386002468196294
2026-08-24T01:59:59.237822,69.05,1.8799499397108912,-0.12691305680521536,0.0,-0.1575634415355629,0.0,0.0,-0.07870025214728449,0.9968983249619561,0.1794516310003676,0.000640067924651175,0.0,0.0,0.0,0.07389557236473229
2026-08-24T01:59:59.255056,69.07,1.883497798312717,-0.12745793532701838,0.0,-0.1560876448134345,0.0,0.0,-0.07796462114799702,0.9969561263411992,0.17945115290349692,0.0006481925276086235,0.0,0.0,0.0,0.07393020566156218
2026-08-24T01:59:59.274968,69.09,1.8870460146468808,-0.12799739323807022,0.0,-0.15461109366043235,0.0,0.0,-0.07722857160859868,0.9970134140157271,0.17935764489840345,0.0006562811308238976,0.0,0.0,0.0,0.07396391842586528
2026-08-24T01:59:59.296795,69.11,1.8905958325879828,-0.12853162516036085,0.0,-0.15313381483587385,0.0,0.0,-0.07649211720590346,0.9970701860979287,0.17942454026525967,0.0006643332857971643,0.0,0.0,0.0,0.07400213750599306
2026-08-24T01:59:59.313704,69.13,1.8941464675777646,-0.12906050648952247,0.0,-0.1516556974163472,0.0,0.0,-0.07575520297741159,0.9971264459544994,0.17949459327161088,0.000672341733923439,0.0,0.0,0.0,0.0740274961677717
2026-08-24T01:59:59.335698,69.15,1.8976972800283034,-0.12958393941489,0.0,-0.15017699993023959,0.0,0.0,-0.07501795815481405,0.997182182930623,0.17944003301381325,0.0006803056754370806,0.0,0.0,0.0,0.06958565718305838
2026-08-24T01:59:59.354942,69.17,1.901248683704073,-0.1301021113583628,0.0,-0.14878708672523763,0.0,0.0,-0.07432494175316105,0.9972340763498755,0.1793498095148186,0.0006881764569876604,0.0,0.0,0.0,0.06958149020694686
2026-08-24T01:59:59.374200,69.19,1.9048015377821732,-0.13061539578732173,0.0,-0.1473971772860141,0.0,0.0,-0.0736318913329659,0.9972854880016706,0.1794062438832765,0.0006959521421701651,0.0,0.0,0.0,0.06957740768154565
2026-08-24T01:59:59.395403,69.21,1.9083555150718219,-0.13112370259617076,0.0,-0.1460072722600012,0.0,0.0,-0.07293880755208994,0.997336417841482,0.17954339412604628,0.0007036774279796158,0.0,0.0,0.0,0.0696042555306664
2026-08-24T01:59:59.415836,69.23,1.9119091314471266,-0.1316268140982319,0.0,-0.1446167562879146,0.0,0.0,-0.07224538386996393,0.9973868880777818,0.17946270135511405,0.0007113517516056584,0.0,0.0,0.0,0.06963028083705668
2026-08-24T01:59:59.436563,69.25,1.9154639872453751,-0.13212496629282938,0.0,-0.14322567858267912,0.0,0.0,-0.07155164511891927,0.9974368962900741,0.17948913727526528,0.0007189799677284704,0.0,0.0,0.0,0.0696591678798361
2026-08-24T01:59:59.456794,69.27,1.9190195386043762,-0.1326180785582967,0.0,-0.14183396218617975,0.0,0.0,-0.07085755321009392,0.9974864445961552,0.17951418258401997,0.0007265573826815478,0.0,0.0,0.0,0.06967967825659872
2026-08-24T01:59:59.475510,69.29,1.922575435354275,-0.13310610083859525,0.0,-0.14044177873216904,0.0,0.0,-0.07016319403749419,0.9975355262858847,0.17946853462954038,0.0007340834674000995,0.0,0.0,0.0,0.0697031729476475
2026-08-24T01:59:59.496947,69.31,1.9261322416000022,-0.1335891140024852,0.0,-0.1390490815328338,0.0,0.0,-0.06946854461567051,0.9975841424706894,0.17946761014463564,0.0007415595599424605,0.0,0.0,0.0,0.06972582122338933
2026-08-24T01:59:59.513969,69.33,1.92968961445692,-0.1340670691368402,0.0,-0.13765588233942253,0.0,0.0,-0.06877361110570736,0.997632292187598,0.17944358022767443,0.0007489834618374799,0.0,0.0,0.0,0.06975049680740264
2026-08-24T01:59:59.534927,69.35,1.9332481355565365,-0.13454004663987448,0.0,-0.13626213513924681,0.0,0.0,-0.06807837085559676,0.997679976456202,0.1795153199979898,0.0007563529840310517,0.0,0.0,0.0,0.06977123183164992
2026-08-24T01:59:59.555030,69.37,1.936806598061828,-0.1350078795651727,0.0,-0.1348679267329289,0.0,0.0,-0.06738286746544393,0.9977271917574134,0.17944060672455997,0.0007636686706542481,0.0,0.0,0.0,0.06978862412255599
2026-08-24T01:59:59.574105,69.39,1.9403663152712174,-0.13547074824453054,0.0,-0.13347332236526818,0.0,0.0,-0.06668713379034791,0.9977739354116384,0.17948600783127122,0.0007709291374933816,0.0,0.0,0.0,0.06980778042908052
2026-08-24T01:59:59.597516,69.41,1.9439265563379216,-0.13592855254596842,0.0,-0.1320782861706262,0.0,0.0,-0.06599115224710311,0.9978202081663308,0.1795054308788205,0.0007781333441415187,0.0,0.0,0.0,0.06982582874095254
2026-08-24T01:59:59.613851,69.43,1.9474876744521847,-0.13638133955513781,0.0,-0.1306828405492699,0.0,0.0,-0.0652949343205863,0.9978660088168503,0.17957158239542617,0.0007852804900337039,0.0,0.0,0.0,0.06984289656698263
2026-08-24T01:59:59.635378,69.45,1.9510485610875234,-0.13682896328614597,0.0,-0.12928700811479385,0.0,0.0,-0.0645984916047815,0.9979113361829232,0.1794622861378255,0.0007923703548052202,0.0,0.0,0.0,0.06985873960330923
2026-08-24T01:59:59.654344,69.47,1.9546109216274323,-0.13727164787451848,0.0,-0.12789082508661176,0.0,0.0,-0.06390184248531112,0.9979561886811377,0.17952299513055778,0.0007994044822329576,0.0,0.0,0.0,0.06987325034069547
2026-08-24T01:59:59.674087,69.49,1.9581741883862764,-0.13770931707833478,0.0,-0.1264943043849165,0.0,0.0,-0.06320499372526689,0.9980005655149645,0.17964059620432335,0.0008063794198071528,0.0,0.0,0.0,0.069886032552063
2026-08-24T01:59:59.694848,69.51,1.961737595181372,-0.13814187276592038,0.0,-0.12509747942659333,0.0,0.0,-0.06250796231770099,0.9980444652653954,0.17966204524562826,0.0008132942309350671,0.0,0.0,0.0,0.06989701219429521
2026-08-24T01:59:59.716172,69.53,1.965300339330851,-0.13856921658300606,0.0,-0.12370041435512968,0.0,0.0,-0.061810780592995135,0.9980878856105231,0.17942705062813596,0.0008201537160467101,0.0,0.0,0.0,0.06990657934868873
2026-08-24T01:59:59.733680,69.55,1.968864759211213,-0.1389916430093438,0.0,-0.12230316639972427,0.0,0.0,-0.06111347743681252,0.99813082452932,0.17940842376153854,0.0008269627288728063,0.0,0.0,0.0,0.06991085500470244
2026-08-24T01:59:59.757936,69.57,1.9724301990964965,-0.1394090673693735,0.0,-0.12090581074842756,0.0,0.0,-0.060416090703061955,0.9981732795382571,0.1794753732777231,0.0008337141474475692,0.0,0.0,0.0,0.06991204509920697
2026-08-24T01:59:59.774441,69.59,1.9759958868370924,-0.1398213947419889,0.0,-0.11950841657135358,0.0,0.0,-0.05971865524864623,0.9982152484385787,0.17947375050430006,0.0008404077762387448,0.0,0.0,0.0,0.07004930498955421
2026-08-24T01:59:59.794870,69.61,1.979562151890705,-0.1402286634627334,0.0,-0.1181097596643408,0.0,0.0,-0.059020560376579025,0.9982567672962877,0.1794713374069416,0.0008470459997237772,0.0,0.0,0.0,0.06988429762622898
2026-08-24T01:59:59.815565,69.63,1.983129228437018,-0.1406309069228984,0.0,-0.11671298395800234,0.0,0.0,-0.05832337563912041,0.9982977430877313,0.17951686903744526,0.000853622758350783,0.0,0.0,0.0,0.06984345136310838
2026-08-24T01:59:59.834029,69.65,1.9866702905620315,-0.14102499568216678,0.0,-0.11531758861190824,0.0,0.0,-0.057626851487882665,0.9983381921912,0.1742102326794632,0.0008602244371436309,0.0,0.0,0.0,0.04763550420521709
2026-08-24T01:59:59.857254,69.67,1.9897189769292052,-0.14135898892812,0.0,-0.11419671179661961,0.0,0.0,-0.05706733540040643,0.9983703317057742,0.1465962366448993,0.0008645871763173183,0.0,0.0,0.0,0.0610610193567518
2026-08-24T01:59:59.874206,69.69,1.9926429947203794,-0.14167641702656328,0.0,-0.11297801589687097,0.0,0.0,-0.0564589699285227,0.9984049202175489,0.1425361217426469,0.0008674920850760332,0.0,0.0,0.0,0.059157576195369856
2026-08-24T01:59:59.894739,69.71,1.995515199321205,-0.1419849177775355,0.0,-0.11194349797977088,0.0,0.0,-0.05594252850931763,0.9984339905592078,0.14259136658898008,0.0008695965542164999,0.0,0.0,0.0,0.05984218523497764
2026-08-24T01:59:59.914240,69.73,1.9983638012529958,-0.14228759852437384,0.0,-0.11074324531417991,0.0,0.0,-0.05534333194209559,0.9984673833478723,0.14221201769170572,0.000871801618177089,0.0,0.0,0.0,0.06012741262077665
2026-08-24T01:59:59.936210,69.75,2.00121047769542,-0.14258636456671656,0.0,-0.10953971397014331,0.0,0.0,-0.054742478561913374,0.9985005062797406,0.14268234351023523,0.0008742677121160177,0.0,0.0,0.0,0.06024322044562414
2026-08-24T01:59:59.955941,69.77,2.004053402897147,-0.14288122164212658,0.0,-0.10833406026411915,0.0,0.0,-0.05414054573372437,0.9985333250861759,0.14271979707327745,0.0008766887753079924,0.0,0.0,0.0,0.06028040590062073
2026-08-24T01:59:59.974219,69.79,2.006896121805349,-0.14317255579951993,0.0,-0.10712774507995838,0.0,0.0,-0.05353826296613099,0.9985657987326471,0.1427622921551259,0.0008790859060546924,0.0,0.0,0.0,0.06030737674862784
2026-08-24T01:59:59.996105,69.81,2.0097396612292773,-0.1434604762831235,0.0,-0.10592091362096134,0.0,0.0,-0.05293570294587959,0.9985979227665285,0.1429343588734132,0.0008814579038005147,0.0,0.0,0.0,0.06032799911398975
2026-08-24T02:00:00.015322,69.83,2.0125826014147328,-0.1437448305407812,0.0,-0.10471367851428237,0.0,0.0,-0.052332922103901815,0.9986296937624412,0.1429264098958484,0.0008838050391135788,0.0,0.0,0.0,0.06034503389202779
2026-08-24T02:00:00.034794,69.85,2.0154251313642546,-0.1440256417100026,0.0,-0.10350612803818036,0.0,0.0,-0.05172996472061899,0.9986611090605279,0.14276991716291748,0.0008861311165314983,0.0,0.0,0.0,0.06035758005542507
2026-08-24T02:00:00.054667,69.86,2.0168472818846253,-0.14416520045265888,0.0,-0.10290199934740496,0.0,0.0,-0.051428302451038674,0.9986766892778686,0.14285720741216798,0.0008867928022604099,0.0,0.0,0.0,0.06036527801741845
2026-08-24T02:00:00.076043,69.89,2.021113019235538,-0.1445770606776518,0.0,-0.10109026904770779,0.0,0.0,-0.05052361506516579,0.9987228666255454,0.14282350130201255,0.0008907142335594176,0.0,0.0,0.0,0.060383128610796595
2026-08-24T02:00:00.094800,69.91,2.0239572590601287,-0.14484755162312507,0.0,-0.09988198696727316,0.0,0.0,-0.04992023641012158,0.9987532077529251,0.14280956459074198,0.0008929681538667394,0.0,0.0,0.0,0.060396424713039146
2026-08-24T02:00:00.114483,69.93,2.02680185345148,-0.1451145801000164,0.0,-0.09867344790658583,0.0,0.0,-0.04931671120109281,0.9987831906857003,0.14280111388065658,0.000895197337432991,0.0,0.0,0.0,0.06040261365380954
2026-08-24T02:00:00.136024,69.95,2.029647756132088,-0.14537824000297936,0.0,-0.09746477478703008,0.0,0.0,-0.04871310103462094,0.998812812186343,0.1429906450405767,0.0008973981066912478,0.0,0.0,0.0,0.06041529284731887
2026-08-24T02:00:00.158212,69.97,2.0324933067469826,-0.14563836671466962,0.0,-0.09625583783497985,0.0,0.0,-0.048109341313522666,0.9988420752443196,0.14304530155578934,0.0008995704178928651,0.0,0.0,0.0,0.06042532214610455
2026-08-24T02:00:00.174374,69.99,2.0353383768791713,-0.1458949504021923,0.0,-0.09504669736335325,0.0,0.0,-0.04750546236923204,0.9988709781774048,0.14294017813571838,0.0009017149955887292,0.0,0.0,0.0,0.06043618261464809
2026-08-24T02:00:00.195896,70.02,2.0396068674543404,-0.14627379735641285,0.0,-0.09323247395784363,0.0,0.0,-0.04659935539467527,0.9989136599710712,0.1428571430440464,0.0009043158450292355,0.0,0.0,0.0,0.06043871504641821
2026-08-24T02:00:00.213809,70.03,2.0410299933819096,-0.14639777397655201,0.0,-0.09262805158010369,0.0,0.0,-0.046297470386515306,0.9989276972012587,0.1428402973155418,0.0009059301882682721,0.0,0.0,0.0,0.060430010271489566
2026-08-24T02:00:00.235794,70.05,2.043875488949416,-0.1466439163024181,0.0,-0.0914822477053936,0.0,0.0,-0.04572517520701717,0.9989540571779503,0.1426361687995619,0.0009080003588642478,0.0,0.0,0.0,0.05968402642028212
2026-08-24T02:00:00.254956,70.07,2.0467242511460935,-0.14688696558874087,0.0,-0.09028454440847034,0.0,0.0,-0.045126941759838675,0.9989812606487692,0.14303001840111265,0.0009101649175919587,0.0,0.0,0.0,0.06017794687811865
2026-08-24T02:00:00.273954,70.09,2.049571057005846,-0.14712624749729059,0.0,-0.08907982067500385,0.0,0.0,-0.044525185392307036,0.9990082621609196,0.14297039081849997,0.0009124417191675812,0.0,0.0,0.0,0.060315347282092736
2026-08-24T02:00:00.297109,70.11,2.0524189559185704,-0.14736212928395523,0.0,-0.08787276352685325,0.0,0.0,-0.04392224728788159,0.9990349524381928,0.1430720778648746,0.0009147078504628067,0.0,0.0,0.0,0.06037192290726329
2026-08-24T02:00:00.313767,70.13,2.055266298615228,-0.14759446580855246,0.0,-0.08666470669895253,0.0,0.0,-0.04331879381425108,0.999061300472838,0.14300479692858575,0.0009169532933764854,0.0,0.0,0.0,0.06040493061216684
2026-08-24T02:00:00.335455,70.15,2.058113935016603,-0.14782333450919904,0.0,-0.08545605706421266,0.0,0.0,-0.04271502840285573,0.9990872966605787,0.1429400838288033,0.0009191755808642269,0.0,0.0,0.0,0.060427190562038574
2026-08-24T02:00:00.357146,70.17,2.0609621907885485,-0.14804876357678604,0.0,-0.08424700302113397,0.0,0.0,-0.04211104536676945,0.999112936488222,0.14294416206173352,0.0009213727729461498,0.0,0.0,0.0,0.06044341189611692
2026-08-24T02:00:00.374004,70.19,2.063810934818273,-0.14827074116487982,0.0,-0.08303763898524874,0.0,0.0,-0.04150689207824955,0.9991382176205675,0.1429915498441529,0.0009235412460533156,0.0,0.0,0.0,0.060455979124954706
2026-08-24T02:00:00.396701,70.21,2.0666592524046044,-0.14848919124821708,0.0,-0.08182804560322633,0.0,0.0,-0.04090260903603306,0.9991631381181181,0.14289952416262092,0.00092568252689122,0.0,0.0,0.0,0.060466137050860215
2026-08-24T02:00:00.414506,70.23,2.0695084164253648,-0.14870422029053984,0.0,-0.08061826474128832,0.0,0.0,-0.040298217368687696,0.9991876969203064,0.14292439675884502,0.0009277955714088003,0.0,0.0,0.0,0.06047455860016509
2026-08-24T02:00:00.433933,70.25,2.0723566516639846,-0.1489156841119805,0.0,-0.079408339014571,0.0,0.0,-0.0396937385812249,0.9992118930024029,0.14271080191666147,0.0009298816644883984,0.0,0.0,0.0,0.06351328611410831
2026-08-24T02:00:00.457052,70.27,2.075206509954335,-0.14912372341080316,0.0,-0.07813765776478832,0.0,0.0,-0.039058890704094025,0.9992369103755954,0.14277066646195521,0.0009319673204033817,0.0,0.0,0.0,0.06354165982124932
2026-08-24T02:00:00.473963,70.29,2.0780569248020764,-0.1493281195485862,0.0,-0.07686641663171302,0.0,0.0,-0.038423747325623585,0.999261535155565,0.14288897095128014,0.0009340475423126026,0.0,0.0,0.0,0.06356823964311348
2026-08-24T02:00:00.497719,70.31,2.0809067275073887,-0.1495288030195347,0.0,-0.07559464341913012,0.0,0.0,-0.037788322573702966,0.999285766273625,0.1428325194967022,0.0009360963071702717,0.0,0.0,0.0,0.06357345336144665
2026-08-24T02:00:00.513815,70.33,2.083757084652288,-0.14972586429996784,0.0,-0.0743227774822013,0.0,0.0,-0.03715283621184324,0.9993095950512113,0.1428362647985831,0.0009381153796098568,0.0,0.0,0.0,0.06357791276537883
2026-08-24T02:00:00.534950,70.35,2.086609681343668,-0.14991942706091638,0.0,-0.07305079469119492,0.0,0.0,-0.03651727643690888,0.9993330218308761,0.14323906689306715,0.0009400981922656847,0.0,0.0,0.0,0.06325400008695248
2026-08-24T02:00:00.556600,70.37,2.0894579558633803,-0.1501090126668681,0.0,-0.07178260760641653,0.0,0.0,-0.03588359852219867,0.9993559762952827,0.1427260245629084,0.0009420549319937791,0.0,0.0,0.0,0.06374065610822245
2026-08-24T02:00:00.574545,70.39,2.0923092197545956,-0.1502951492183758,0.0,-0.0705063811104738,0.0,0.0,-0.03524588897186841,0.9993786706301985,0.1427642047634664,0.0009439954900486619,0.0,0.0,0.0,0.06384094042279473
2026-08-24T02:00:00.594887,70.41,2.0951615200570077,-0.1504776900623134,0.0,-0.06922922365411387,0.0,0.0,-0.0346076998684472,0.9994009741389166,0.14296285159646308,0.0009458945069581143,0.0,0.0,0.0,0.06384135950936014
2026-08-24T02:00:00.615244,70.42,2.096586671929949,-0.1505680169811001,0.0,-0.06859044810057835,0.0,0.0,-0.03428850165350357,0.9994119764413261,0.14285714334803526,0.0009462015509686081,0.0,0.0,0.0,0.06384152351575577
2026-08-24T02:00:00.634997,70.45,2.100864421748027,-0.15083166798172615,0.0,-0.06667497597605454,0.0,0.0,-0.03333131318323212,0.9994443574113975,0.1428815674609089,0.0009495404839550909,0.0,0.0,0.0,0.06382879134971872
2026-08-24T02:00:00.655615,70.47,2.103715107295685,-0.15100311726625232,0.0,-0.06539806916902169,0.0,0.0,-0.0326932077816676,0.9994654342021763,0.14262046279014867,0.0009512965389378041,0.0,0.0,0.0,0.06382562062345616
2026-08-24T02:00:00.673951,70.49,2.106567867127538,-0.15117104527444702,0.0,-0.06412124615098856,0.0,0.0,-0.032055130926578725,0.9994861022451887,0.14273166364343334,0.0009530094406441389,0.0,0.0,0.0,0.06381513668087645
2026-08-24T02:00:00.695761,70.51,2.109420209815573,-0.151335286835589,0.0,-0.06284462056050888,0.0,0.0,-0.03141713967185225,0.9995063598271096,0.14271672215181658,0.0009546747737830333,0.0,0.0,0.0,0.0638080143547743
2026-08-24T02:00:00.715149,70.53,2.112272964825015,-0.15149589663940025,0.0,-0.061568150750564335,0.0,0.0,-0.03077921346978937,0.9995262077695517,0.1427428251782099,0.0009562973633544886,0.0,0.0,0.0,0.06380109680800798
2026-08-24T02:00:00.733683,70.55,2.1151267973277914,-0.15165291488877183,0.0,-0.060291796548462624,0.0,0.0,-0.030141332507663408,0.9995456468189247,0.14294418095277195,0.0009578723432454446,0.0,0.0,0.0,0.06379402266979685
2026-08-24T02:00:00.754762,70.57,2.1179794611301515,-0.15180620449079082,0.0,-0.05901558244985994,0.0,0.0,-0.02950350929113143,0.9995646767165736,0.1428716476075501,0.0009594038728989756,0.0,0.0,0.0,0.06378691275918154
2026-08-24T02:00:00.774464,70.59,2.12083292307243,-0.1519558860796382,0.0,-0.057739507042730676,0.0,0.0,-0.028865743378183296,0.9995832976091712,0.1429202648812716,0.0009608923870815215,0.0,0.0,0.0,0.06377986303681155
2026-08-24T02:00:00.795212,70.61,2.1236861162624088,-0.15210189677341263,0.0,-0.05646358723264111,0.0,0.0,-0.028228043481737106,0.9996015093832108,0.14287721455936464,0.0009623414690991153,0.0,0.0,0.0,0.06377251488184167
2026-08-24T02:00:00.815526,70.63,2.1265402663611743,-0.15224430725927232,0.0,-0.055187812783428214,0.0,0.0,-0.02759040474944957,0.9996193123213264,0.14298896780145867,0.0009637493329053058,0.0,0.0,0.0,0.06376519093313764
2026-08-24T02:00:00.835238,70.65,2.1293936296244413,-0.1523830197998433,0.0,-0.053912190075524176,0.0,0.0,-0.026952830633714835,0.9996367064693205,0.14290715933668435,0.0009651177803873748,0.0,0.0,0.0,0.06375772215109962
2026-08-24T02:00:00.855246,70.67,2.1322473060043334,-0.152518097202769,0.0,-0.052636732181414736,0.0,0.0,-0.02631532793183861,0.9996536917932328,0.14285306910092418,0.0009664490990161419,0.0,0.0,0.0,0.06375030832000403
2026-08-24T02:00:00.874330,70.69,2.135101390796966,-0.15264954434712982,0.0,-0.05136143372107639,0.0,0.0,-0.025677894218166436,0.9996702685128335,0.14284671078177605,0.0009677433314648266,0.0,0.0,0.0,0.06374266218439247
2026-08-24T02:00:00.894614,70.71,2.1379556090365197,-0.15277734681071664,0.0,-0.05008629710372903,0.0,0.0,-0.02504053096007323,0.999686436743661,0.14283394595208224,0.0009690008302377633,0.0,0.0,0.0,0.06373497141152724
2026-08-24T02:00:00.913840,70.73,2.1408098864613065,-0.15290150150299114,0.0,-0.048811324989149536,0.0,0.0,-0.024403239750060365,0.9997021966014185,0.14280084042807184,0.0009702225523721788,0.0,0.0,0.0,0.06372725049510122
2026-08-24T02:00:00.936021,70.75,2.1436650517757614,-0.1530220492287966,0.0,-0.04753651766898903,0.0,0.0,-0.023766020996788838,0.9997175482334899,0.1429142656249356,0.000971409127649504,0.0,0.0,0.0,0.06371945437558003
2026-08-24T02:00:00.954591,70.77,2.1465197154421025,-0.15313892243428115,0.0,-0.04626185353990708,0.0,0.0,-0.02312886416416416,0.9997324920409838,0.14289691548314085,0.0009725579081354252,0.0,0.0,0.0,0.06371190874306217
2026-08-24T02:00:00.974012,70.79,2.1493744607278624,-0.1532521507129004,0.0,-0.04498735474869475,0.0,0.0,-0.022491780584798452,0.9997470279056224,0.1428665234424982,0.0009736733621235359,0.0,0.0,0.0,0.06370411993002259
2026-08-24T02:00:00.995834,70.81,2.15223010378266,-0.15336177100953693,0.0,-0.04371301036898113,0.0,0.0,-0.021854765059127316,0.9997611560989006,0.14298741504570645,0.0009747538031069489,0.0,0.0,0.0,0.06369610057342873
2026-08-24T02:00:01.013940,70.83,2.155084779814146,-0.15346770052771536,0.0,-0.042438841814529844,0.0,0.0,-0.021217828553515453,0.9997748765354497,0.14288719369959504,0.0009758024726691474,0.0,0.0,0.0,0.0636879977587712
2026-08-24T02:00:01.033973,70.85,2.157939811191671,-0.15356999928954673,0.0,-0.041164846430606694,0.0,0.0,-0.020580970003012983,0.9997881894050035,0.1428315346113311,0.000976819343744182,0.0,0.0,0.0,0.0636799474537611
2026-08-24T02:00:01.054548,70.87,2.160795719014536,-0.15366868805664166,0.0,-0.03989102144415613,0.0,0.0,-0.019944188283241595,0.9998010948952409,0.14292566736952106,0.0009778047820860768,0.0,0.0,0.0,0.06367163685942706
2026-08-24T02:00:01.074743,70.89,2.1636512208240712,-0.15376371408356163,0.0,-0.03861736365199464,0.0,0.0,-0.01930748205452197,0.9998135931946086,0.1429138118522968,0.0009787581460828372,0.0,0.0,0.0,0.06365493624000636
2026-08-24T02:00:01.095423,70.91,2.1665064530456597,-0.15385508525721736,0.0,-0.037344063363259565,0.0,0.0,-0.018670946716187117,0.9998256826810968,0.14282422296520866,0.0009796833301530924,0.0,0.0,0.0,0.06365499862826872
2026-08-24T02:00:01.114070,70.93,2.1693622333769835,-0.15394283376791285,0.0,-0.036070775292022184,0.0,0.0,-0.018034409917836156,0.9998373668046796,0.1428214936771332,0.0009805795144048686,0.0,0.0,0.0,0.06364654307381205
2026-08-24T02:00:01.133991,70.95,2.1722180720677486,-0.15402694067278366,0.0,-0.03479766816611196,0.0,0.0,-0.017397956268827338,0.9998486441045304,0.142808528313892,0.0009814470714809202,0.0,0.0,0.0,0.05971746757845498
2026-08-24T02:00:01.156041,70.97,2.175074024718242,-0.15410749302712543,0.0,-0.033603164207710805,0.0,0.0,-0.016800791619725378,0.9998588567397654,0.14279785443083673,0.0009822524856111558,0.0,0.0,0.0,0.05967618284750899
2026-08-24T02:00:01.174252,70.99,2.1779304309624328,-0.1541846713951116,0.0,-0.03240947489679469,0.0,0.0,-0.01620402824787919,0.9998687061152288,0.14285924125094282,0.0009829962322154306,0.0,0.0,0.0,0.059635966955795185
2026-08-24T02:00:01.196466,71.01,2.1807861623446883,-0.1542584127200604,0.0,-0.03121660510655388,0.0,0.0,-0.015607668814204088,0.9998781929186106,0.1427675455653049,0.0009837140802874083,0.0,0.0,0.0,0.059626587227358294
2026-08-24T02:00:01.214924,71.03,2.183642796558012,-0.1543287697234848,0.0,-0.03002392804269683,0.0,0.0,-0.015011400180675559,0.9998873225842078,0.14283929501863005,0.000984405369048538,0.0,0.0,0.0,0.05961746358194927
2026-08-24T02:00:01.234013,71.05,2.186499007192464,-0.15439570075963185,0.0,-0.028831446298938974,0.0,0.0,-0.01441522385870072,0.9998960952624545,0.14280989046203116,0.0009850720237902066,0.0,0.0,0.0,0.05959932143833575
2026-08-24T02:00:01.254164,71.07,2.1893553187293233,-0.1544592231827645,0.0,-0.0276393362991465,0.0,0.0,-0.013819228266302148,0.9999045099058829,0.1427850990719984,0.0009857139108581155,0.0,0.0,0.0,0.05959013712960262
2026-08-24T02:00:01.273581,71.09,2.1922117700343007,-0.15451933888834377,0.0,-0.026447421918847525,0.0,0.0,-0.013223325565381814,0.9999125680083194,0.142773513976579,0.0009863320058743667,0.0,0.0,0.0,0.05958095216607573
2026-08-24T02:00:01.294045,71.11,2.19506860059882,-0.1545760543101581,0.0,-0.025255697004472832,0.0,0.0,-0.012627512893408676,0.9999202697806094,0.14282386358343097,0.000986925992195734,0.0,0.0,0.0,0.05958099299822013
2026-08-24T02:00:01.314139,71.13,2.197925904805372,-0.15462937101250487,0.0,-0.02406396972359159,0.0,0.0,-0.012031694554843481,0.9999276165433871,0.14295583910513615,0.000987495395699933,0.0,0.0,0.0,0.05956241616330858
2026-08-24T02:00:01.334253,71.15,2.200782644673047,-0.15467926352063543,0.0,-0.022872613014075505,0.0,0.0,-0.011436057217949644,0.9999346061594767,0.1429625952836198,0.0009880407111183614,0.0,0.0,0.0,0.05956245035063838
2026-08-24T02:00:01.355293,71.17,2.203639214316335,-0.15472574366748487,0.0,-0.0216812626419669,0.0,0.0,-0.010840418991686392,0.9999412409317283,0.14292380179786238,0.0009885636142920927,0.0,0.0,0.0,0.05955307257372979
2026-08-24T02:00:01.374159,71.19,2.206495446287979,-0.15476880881829144,0.0,-0.02049012052893273,0.0,0.0,-0.010244881043001548,0.9999475198291232,0.1428067781594758,0.0009890666347693931,0.0,0.0,0.0,0.059543570012679625
2026-08-24T02:00:01.395640,71.21,2.2093522864889543,-0.15480847981590826,0.0,-0.0192991887406726,0.0,0.0,-0.009649444617898507,0.9999534430255071,0.14280156176320863,0.0009895501019015686,0.0,0.0,0.0,0.059533862232614594
2026-08-24T02:00:01.415323,71.23,2.2122091328314086,-0.15484474396556452,0.0,-0.01810846190646265,0.0,0.0,-0.009054107244123732,0.9999590107309458,0.14278851929096806,0.0009900131091702884,0.0,0.0,0.0,0.059524001392489874
2026-08-24T02:00:01.434499,71.25,2.215065923269804,-0.1548776008970669,0.0,-0.016917939621118986,0.0,0.0,-0.00845886893182607,0.9999642231282048,0.14275605423834603,0.0009904556155690496,0.0,0.0,0.0,0.05951415220799053
2026-08-24T02:00:01.455976,71.27,2.2179232874205193,-0.15490706181674468,0.0,-0.01572762399482519,0.0,0.0,-0.007863730948578241,0.9999690803897731,0.14283092075918663,0.0009908784138809316,0.0,0.0,0.0,0.05950420671434669
2026-08-24T02:00:01.474275,71.29,2.220780532510568,-0.1549331149058805,0.0,-0.014537510395380867,0.0,0.0,-0.007268691190652432,0.999973582715251,0.14287535482805652,0.000991281011173977,0.0,0.0,0.0,0.05949415251311132
2026-08-24T02:00:01.495601,71.31,2.223637643954911,-0.15495576109315648,0.0,-0.013347597695791968,0.0,0.0,-0.0066737493066277255,0.9999777302871261,0.14288725391165122,0.0009916633770469011,0.0,0.0,0.0,0.05947389785365254
2026-08-24T02:00:01.514067,71.33,2.226494023766908,-0.15497499414486687,0.0,-0.01215810828518471,0.0,0.0,-0.006079016700855956,0.9999815226072684,0.14274782523920737,0.0009920284917831618,0.0,0.0,0.0,0.059473922085215784
2026-08-24T02:00:01.533907,71.35,2.2293514242917536,-0.15499083783749568,0.0,-0.010968629885321768,0.0,0.0,-0.005484287450096141,0.9999849611824994,0.14280837924081127,0.0009923759231068288,0.0,0.0,0.0,0.05946362378743849
2026-08-24T02:00:01.555940,71.36,2.2307801852393263,-0.15499837833800323,0.0,-0.010373997449083294,0.0,0.0,-0.005186975465244394,0.9999865475522773,0.14285714272274758,0.000991481906466994,0.0,0.0,0.0,0.059463635271826215
2026-08-24T02:00:01.574052,71.39,2.235065698594938,-0.15501231107672525,0.0,-0.0085905142042626,0.0,0.0,-0.004295243894776561,0.9999907753973956,0.14281483702166733,0.0009930160719280315,0.0,0.0,0.0,0.05944272837957297
2026-08-24T02:00:01.594100,71.41,2.237922701617613,-0.15501794476351424,0.0,-0.007401681294749274,0.0,0.0,-0.0037008321994582167,0.9999931518970675,0.14278821567358446,0.0009933110825185668,0.0,0.0,0.0,0.05943808287978375
2026-08-24T02:00:01.614981,71.43,2.240779620375547,-0.15502017724605796,0.0,-0.00621295362946439,0.0,0.0,-0.003106471818381778,0.9999951749047801,0.14274380509774584,0.0009935903007564223,0.0,0.0,0.0,0.059421522440039655
2026-08-24T02:00:01.634166,71.45,2.2436372508479843,-0.15501901388692227,0.0,-0.005024564303010237,0.0,0.0,-0.0025122795087686896,0.9999968442208554,0.1428416133028506,0.000993853236356944,0.0,0.0,0.0,0.05941069110535549
2026-08-24T02:00:01.654775,71.47,2.246494178899274,-0.15501444681222779,0.0,-0.00383638775933548,0.0,0.0,-0.0019181927033458668,0.9999981602666841,0.14279961672917302,0.0009940986841004498,0.0,0.0,0.0,0.05939969165480826
2026-08-24T02:00:01.674040,71.49,2.2493514281685436,-0.15500648243139842,0.0,-0.0026484420880041886,0.0,0.0,-0.0013242206569849826,0.9999991232194414,0.14282335578826622,0.0009943291638145322,0.0,0.0,0.0,0.059388768925274595
2026-08-24T02:00:01.695075,71.51,2.252209113661092,-0.15499512045473082,0.0,-0.00146071118785418,0.0,0.0,-0.000730355528996131,0.9999997332903651,0.14293663809291707,0.0009945429929025726,0.0,0.0,0.0,0.05937760671689442
2026-08-24T02:00:01.714832,71.53,2.255066380527461,-0.15498035919217612,0.0,-0.0002731976522856172,0.0,0.0,-0.00013659882571800358,0.9999999906703804,0.14296930130929827,0.0009947402386468558,0.0,0.0,0.0,0.05936639987069294
2026-08-24T02:00:01.734864,71.55,2.2579229437946653,-0.15496220082961845,0.0,0.0009140839002048651,0.0,0.0,0.0004570419341907195,0.9999998955563297,0.14286515931657548,0.000994923208314649,0.0,0.0,0.0,0.05935516196716055
2026-08-24T02:00:01.754858,71.57,2.2607804231176476,-0.1549406460206429,0.0,0.0021011310336462863,0.0,0.0,0.0010505653235737447,0.9999994481560982,0.14294894939743583,0.0009950925172013396,0.0,0.0,0.0,0.05934373332674503
2026-08-24T02:00:01.773912,71.59,2.263637461159784,-0.15491569574034353,0.0,0.0032879474299276623,0.0,0.0,0.0016439729744497874,0.9999986486755166,0.14295000992273857,0.0009952474656426318,0.0,0.0,0.0,0.0593204316905154
2026-08-24T02:00:01.795815,71.61,2.2664945410944703,-0.15488735051403762,0.0,0.004474297976924113,0.0,0.0,0.002237147122368708,0.9999974975832454,0.14296578168131505,0.000995387966016995,0.0,0.0,0.0,0.059320453864557525
2026-08-24T02:00:01.814854,71.63,2.2693516193643006,-0.15485561123437225,0.0,0.00566064229097707,0.0,0.0,0.0028303173666727245,0.9999959946437805,0.142988357706616,0.0009955154356937111,0.0,0.0,0.0,0.059308657344834335
2026-08-24T02:00:01.834909,71.65,2.272208788755396,-0.15482047730175855,0.0,0.00684675361085807,0.0,0.0,0.0034233701187172142,0.9999941402513468,0.14303710173165105,0.0009956290588113486,0.0,0.0,0.0,0.07202677579431276
2026-08-24T02:00:01.854295,71.67,2.2750652330223433,-0.15478168115151886,0.0,0.008287251019374331,0.0,0.0,0.004143613652276236,0.9999914151961009,0.1429503338044859,0.0009958376878882265,0.0,0.0,0.0,0.07202956538301616
2026-08-24T02:00:01.873502,71.69,2.277922001912603,-0.15473867082249543,0.0,0.009727772017357418,0.0,0.0,0.004863866830895703,0.9999881713297669,0.14294055499125233,0.0009961403373363023,0.0,0.0,0.0,0.07213494125611031
2026-08-24T02:00:01.895430,71.71,2.2807788583940933,-0.15469153699958632,0.0,0.011170403809018124,0.0,0.0,0.0055851728666425435,0.9999844028003886,0.1429613028403732,0.0009964278595420806,0.0,0.0,0.0,0.0721246047585083
2026-08-24T02:00:01.913798,71.73,2.2836355517277163,-0.15464027773632863,0.0,0.012612820493466794,0.0,0.0,0.006306368444975693,0.9999801146608047,0.14296363244047985,0.0009967014506893919,0.0,0.0,0.0,0.07211362361202532
2026-08-24T02:00:01.937598,71.75,2.286490965097163,-0.15458490981858125,0.0,0.014054992568237612,0.0,0.0,0.007027438441286385,0.999975307249611,0.14272534675966309,0.0009969631135092665,0.0,0.0,0.0,0.07208911651359125
2026-08-24T02:00:01.956980,71.77,2.2893477894337986,-0.1545253996375319,0.0,0.015496652301570714,0.0,0.0,0.007748248620545851,0.9999699818711131,0.14278586309060592,0.0009972126760238547,0.0,0.0,0.0,0.07208917084711278
2026-08-24T02:00:01.973686,71.79,2.292205121592128,-0.15446175637404222,0.0,0.016938325503847104,0.0,0.0,0.008469061508078978,0.9999641368555037,0.14296573200659993,0.0009974457747587942,0.0,0.0,0.0,0.07207646648156699
2026-08-24T02:00:01.994950,71.81,2.295061089129778,-0.15439401063699557,0.0,0.018379754926991065,0.0,0.0,0.009189748110622993,0.9999577733732876,0.14289160683063543,0.0009976631259630577,0.0,0.0,0.0,0.0720641161490237
2026-08-24T02:00:02.013997,71.83,2.297917430244943,-0.15432213555521773,0.0,0.019820927061045435,0.0,0.0,0.009910301301511947,0.9999508917582469,0.14291235804727148,0.000997867834523976,0.0,0.0,0.0,0.0720516681247542
2026-08-24T02:00:02.034379,71.85,2.300773874976541,-0.1542461353571041,0.0,0.021261856953640915,0.0,0.0,0.010630728232648755,0.9999434922120567,0.14297517432521503,0.0009980578663292216,0.0,0.0,0.0,0.07203879694312336
2026-08-24T02:00:02.055369,71.87,2.3036294477954438,-0.1541660313327356,0.0,0.022702523929840627,0.0,0.0,0.01135101819596787,0.9999355751176747,0.14288609239237027,0.000998235245560668,0.0,0.0,0.0,0.07202593248224928
2026-08-24T02:00:02.073868,71.89,2.306485154597711,-0.1540818039706468,0.0,0.02414291765835674,0.0,0.0,0.012071165655579743,0.9999271408256282,0.14284751666528575,0.0009984017451836343,0.0,0.0,0.0,0.07201301576877782
2026-08-24T02:00:02.095327,71.91,2.3093404548078293,-0.1539934663913037,0.0,0.02558304156647129,0.0,0.0,0.012791171954913538,0.9999181896135403,0.14275248649440292,0.000998557064433059,0.0,0.0,0.0,0.07199984136650284
2026-08-24T02:00:02.115305,71.93,2.312196402105235,-0.15390099287294118,0.0,0.027022892964968293,0.0,0.0,0.013511035379791328,0.9999087217956277,0.1428129871021425,0.0009987011823888738,0.0,0.0,0.0,0.07198670361262895
2026-08-24T02:00:02.134806,71.95,2.3150524039171567,-0.15380439729148215,0.0,0.028462500220980406,0.0,0.0,0.014230769743113096,0.9998987374692092,0.14291165757728863,0.0009988306086028264,0.0,0.0,0.0,0.07197356856523295
2026-08-24T02:00:02.154993,71.97,2.3179076242855725,-0.1537037040224809,0.0,0.02990184490721992,0.0,0.0,0.014950365463014334,0.9998882370407817,0.14288242253788658,0.0009989483244033336,0.0,0.0,0.0,0.07196096939554218
2026-08-24T02:00:02.174196,71.99,2.3207625602086486,-0.15359890140444957,0.0,0.031340935332687454,0.0,0.0,0.01566982632492192,0.9998772207340993,0.14282589343843913,0.0009990553786247245,0.0,0.0,0.0,0.07194980710558382
2026-08-24T02:00:02.194310,72.01,2.3236180173817194,-0.15348996496258435,0.0,0.03277982895297438,0.0,0.0,0.016389180684477114,0.9998656883584373,0.14290446796530631,0.000999150848599726,0.0,0.0,0.0,0.07195189112915255
2026-08-24T02:00:02.216483,72.04,2.32790007371362,-0.15331967231661028,0.0,0.03493657140625307,0.0,0.0,0.017467397334970155,0.9998474333768839,0.14285714285214235,0.0009983437083733136,0.0,0.0,0.0,0.07190081781483616
2026-08-24T02:00:02.234606,72.05,2.3293277121954308,-0.15325978084207698,0.0,0.0356556468255187,0.0,0.0,0.01782687905442163,0.9998410885651674,0.1429147141802324,0.000999311750198198,0.0,0.0,0.0,0.07189533664820173
2026-08-24T02:00:02.256164,72.07,2.3321816340957855,-0.15313854759823406,0.0,0.037093414209478766,0.0,0.0,0.018545643839243682,0.9998280147578322,0.14278554470226257,0.0009993790767256578,0.0,0.0,0.0,0.07190935543150366
2026-08-24T02:00:02.274865,72.09,2.3350361929004118,-0.15301317625526556,0.0,0.0385314355951234,0.0,0.0,0.01926452601706694,0.9998144217990346,0.1428193612563815,0.000999438694704577,0.0,0.0,0.0,0.07190157303925931
2026-08-24T02:00:02.296706,72.12,2.3393176226271235,-0.15281820784896777,0.0,0.04068801329131322,0.0,0.0,0.020342603349843454,0.9997930678340148,0.1428571428741582,0.0009985809829284199,0.0,0.0,0.0,0.07188637050531292
2026-08-24T02:00:02.313955,72.13,2.340745184654579,-0.15275009232433695,0.0,0.041406884168228686,0.0,0.0,0.02070196308774005,0.9997856913980685,0.1429731041788422,0.0009995198404345637,0.0,0.0,0.0,0.07187026542208677
2026-08-24T02:00:02.333951,72.15,2.343599222779834,-0.1526123971173862,0.0,0.0428441453960855,0.0,0.0,0.021420434285549062,0.9997705561752749,0.14301635456252898,0.0009995407200665948,0.0,0.0,0.0,0.07184491820284777
2026-08-24T02:00:02.356211,72.17,2.3464527035984264,-0.15247061279622642,0.0,0.04428086794722086,0.0,0.0,0.022138625148856596,0.9997549106038531,0.14298827371734524,0.00099955018022815,0.0,0.0,0.0,0.07181114471415431
2026-08-24T02:00:02.374057,72.19,2.349305455178643,-0.15232475009238383,0.0,0.04571730393763396,0.0,0.0,0.022856661344754562,0.999738752390929,0.14285559412075416,0.0009995523568691873,0.0,0.0,0.0,0.0718321721721462
2026-08-24T02:00:02.394168,72.21,2.3521589507898413,-0.1521747421528338,0.0,0.04715378875475507,0.0,0.0,0.02357471015690839,0.9997220779001621,0.14291445406008205,0.0009995451134499833,0.0,0.0,0.0,0.07181477510630681
2026-08-24T02:00:02.413767,72.23,2.3550118894786802,-0.1520206489521525,0.0,0.04858992378925643,0.0,0.0,0.024292571967828483,0.9997048919292072,0.1429055644971335,0.0009995272899115605,0.0,0.0,0.0,0.07179767432984163
2026-08-24T02:00:02.436501,72.25,2.3578639645386925,-0.1518624880402735,0.0,0.05002570495720749,0.0,0.0,0.025010244375060726,0.9996871949146392,0.14276866648486614,0.0009995011800459912,0.0,0.0,0.0,0.07176428994289226
2026-08-24T02:00:02.455078,72.27,2.3607168099872564,-0.1517001804882692,0.0,0.05146081269050473,0.0,0.0,0.025727567286972543,0.9996689913573864,0.14283212158386832,0.0009994658096914876,0.0,0.0,0.0,0.07176415625768685
2026-08-24T02:00:02.473741,72.29,2.363569702988295,-0.15153376104671998,0.0,0.05289593073026832,0.0,0.0,0.026444882103614658,0.9996502729507585,0.14295237217327425,0.000999418966323177,0.0,0.0,0.0,0.07174708671600302
2026-08-24T02:00:02.494280,72.31,2.3664211621785958,-0.15136330813852455,0.0,0.054330702588526236,0.0,0.0,0.027162010277137313,0.9996310445347847,0.14283391036880885,0.000999363459428351,0.0,0.0,0.0,0.07173031606543857
2026-08-24T02:00:02.515791,72.33,2.3692730236093955,-0.15118872685177445,0.0,0.05576513624873503,0.0,0.0,0.027878955438637307,0.9996113063804603,0.14284561321174502,0.0009992991147172803,0.0,0.0,0.0,0.07171326730232556
2026-08-24T02:00:02.537276,72.35,2.3721245154598436,-0.15101005901033318,0.0,0.057199224784015186,0.0,0.0,0.028595713767307736,0.9995910589606822,0.14283406494735018,0.0009992264345866188,0.0,0.0,0.0,0.08158288866890301
2026-08-24T02:00:02.554393,72.37,2.3749754104444105,-0.15082710628292356,0.0,0.058830723383415766,0.0,0.0,0.029411119868741318,0.999567399442412,0.14275763766591817,0.000999228498436636,0.0,0.0,0.0,0.08167477653089253
2026-08-24T02:00:02.575033,72.39,2.3778263226888052,-0.15063940771753104,0.0,0.06046404619116164,0.0,0.0,0.030227418086033506,0.9995430471949931,0.14274622532694242,0.0009993051043324208,0.0,0.0,0.0,0.0817513944139779
2026-08-24T02:00:02.595539,72.41,2.380676798515711,-0.15044705556837093,0.0,0.062098892152488545,0.0,0.0,0.03104445735330115,0.9995180046740725,0.1427096258474693,0.0009993737565961091,0.0,0.0,0.0,0.08175150345927559
2026-08-24T02:00:02.615813,72.43,2.383527185675923,-0.15025002595031278,0.0,0.0637337371185982,0.0,0.0,0.03186147537991823,0.999492294310774,0.1427190831027852,0.000999432989146547,0.0,0.0,0.0,0.081734840439083
2026-08-24T02:00:02.635295,72.45,2.386345635118544,-0.15005037745944452,0.0,0.06536761007409721,0.0,0.0,0.032677986371609714,0.9994659319890282,0.13639303639621436,0.000999569472689075,0.0,0.0,0.0,0.04869558097317429
2026-08-24T02:00:02.654583,72.47,2.3885870469482344,-0.14988659064035187,0.0,0.06650224475755984,0.0,0.0,0.03324499543819332,0.999447232363127,0.10444094022493756,0.0009967749476276677,0.0,0.0,0.0,0.059384470296092895
2026-08-24T02:00:02.674365,72.49,2.3906796788093674,-0.1497324287924137,0.0,0.06769352596939271,0.0,0.0,0.0338403008606,0.9994272529992686,0.09967347693349249,0.0009911414488656728,0.0,0.0,0.0,0.05786777041345426
2026-08-24T02:00:02.695011,72.51,2.3927096608768723,-0.14958083838118005,0.0,0.06885549038568996,0.0,0.0,0.034420944569033045,0.9994074237141605,0.09947256375749502,0.0009845100285644829,0.0,0.0,0.0,0.05740411821979616
2026-08-24T02:00:02.713684,72.53,2.3947159762456782,-0.14942875805759928,0.0,0.07000836937945866,0.0,0.0,0.034997036730898295,0.9993874160804989,0.09968904060720676,0.0009776687321041227,0.0,0.0,0.0,0.05725854721518228
2026-08-24T02:00:02.734487,72.55,2.396714516841942,-0.14927497597029132,0.0,0.0711582377239748,0.0,0.0,0.035571612891950176,0.999367129915861,0.0999199956829415,0.0009708565829774793,0.0,0.0,0.0,0.057197937476291254
2026-08-24T02:00:02.757238,72.57,2.3987092164271093,-0.1491191852548275,0.0,0.07230669881627527,0.0,0.0,0.03614547412852401,0.999346538844271,0.09987777944869838,0.0009641449098052307,0.0,0.0,0.0,0.057185462746897474
2026-08-24T02:00:02.773567,72.59,2.400703564303413,-0.14896112910608325,0.0,0.07345471741003352,0.0,0.0,0.03671910234639794,0.999325626371542,0.09993947427193332,0.000957549774093362,0.0,0.0,0.0,0.05717078217879724
2026-08-24T02:00:02.796757,72.61,2.4026975127539547,-0.14880080716834695,0.0,0.07460224252629422,0.0,0.0,0.03729247189870271,0.9993043938358744,0.09999913383121847,0.000951075759407552,0.0,0.0,0.0,0.057158291591725564
2026-08-24T02:00:02.813888,72.63,2.404690658384166,-0.1486382497341791,0.0,0.0757493161191598,0.0,0.0,0.037865603574407006,0.9992828408743671,0.09994728954175666,0.0009447229020655447,0.0,0.0,0.0,0.05714655565006752
2026-08-24T02:00:02.834116,72.65,2.4066842716427894,-0.14847336186953974,0.0,0.07689596630537299,0.0,0.0,0.038438511247561584,0.9992609673419006,0.10003053706762122,0.0009384882818522132,0.0,0.0,0.0,0.05713502751683952
2026-08-24T02:00:02.858135,72.67,2.4086767732961203,-0.14830626426459953,0.0,0.07804219760063448,0.0,0.0,0.0390111969998744,0.9992387735214426,0.09993001383208723,0.0009323703222383666,0.0,0.0,0.0,0.05712342860938752
2026-08-24T02:00:02.874096,72.69,2.410670383308766,-0.1481367856824717,0.0,0.07918803290920272,0.0,0.0,0.03958367210033911,0.999216259326805,0.10009076988725826,0.0009263643415402681,0.0,0.0,0.0,0.05710029716331427
2026-08-24T02:00:02.893872,72.71,2.412662868245918,-0.14796510080386824,0.0,0.08033323286294848,0.0,0.0,0.040155816786891736,0.9991934299114349,0.10006504041333676,0.0009204698144567565,0.0,0.0,0.0,0.05710033436024695
2026-08-24T02:00:02.914395,72.72,2.413658969867049,-0.147881087783894,0.0,0.08090727423112609,0.0,0.0,0.040442604310708695,0.9991818632043755,0.10000000225069947,0.0009142097167932467,0.0,0.0,0.0,0.05710035635122563
2026-08-24T02:00:02.934558,72.75,2.416646643874579,-0.1476149477383336,0.0,0.08262292528872672,0.0,0.0,0.04129971303561823,0.9991468028789241,0.09989341546143221,0.0009090046924348423,0.0,0.0,0.0,0.05707319463478957
2026-08-24T02:00:02.957835,72.77,2.4186393104783876,-0.14743636688885578,0.0,0.08376711785395542,0.0,0.0,0.04187131441757341,0.9991230119604616,0.10002463971017593,0.000903429094712819,0.0,0.0,0.0,0.05707323373367208
2026-08-24T02:00:02.973900,72.79,2.4206309104299795,-0.1472555812228504,0.0,0.0849111649985157,0.0,0.0,0.04244282945047784,0.9990988971209195,0.099982990765673,0.0008979558370129486,0.0,0.0,0.0,0.057073275313565174
2026-08-24T02:00:02.994519,72.81,2.4226228316974168,-0.14707247473083673,0.0,0.08605478448847892,0.0,0.0,0.04301411696623055,0.9990744645628851,0.1000475533245591,0.00089258047695281,0.0,0.0,0.0,0.05703065685780954
2026-08-24T02:00:03.014649,72.82,2.4236185014537943,-0.14698249877038297,0.0,0.08662742167142799,0.0,0.0,0.043300168792681164,0.9990621078704394,0.10000000018691094,0.0008869408148405551,0.0,0.0,0.0,0.057030674648237786
2026-08-24T02:00:03.033709,72.85,2.4266055289573902,-0.146699482263187,0.0,0.0883405498328913,0.0,0.0,0.044155913519347695,0.9990246519987742,0.10007396462435632,0.000882120117024056,0.0,0.0,0.0,0.057014710043604776
2026-08-24T02:00:03.056359,72.87,2.428595733360209,-0.146509649006383,0.0,0.08948291601905069,0.0,0.0,0.044726532276175436,0.998999267922929,0.09992205487631606,0.0008770333732325605,0.0,0.0,0.0,0.056995432837628805
2026-08-24T02:00:03.073758,72.89,2.4305867351808867,-0.14631745357919257,0.0,0.0906247944825811,0.0,0.0,0.04529689282996048,0.9989735689696455,0.0999740185596647,0.0008720369271354114,0.0,0.0,0.0,0.056995466973158215
2026-08-24T02:00:03.094815,72.91,2.4325774409588847,-0.14612299299577053,0.0,0.09176656185901912,0.0,0.0,0.04586718313315585,0.9989475469269793,0.10001082423823772,0.0008671308109527889,0.0,0.0,0.0,0.056983426648610384
2026-08-24T02:00:03.114721,72.93,2.4345673936185817,-0.14592630995360611,0.0,0.09290798278412549,0.0,0.0,0.04643728544907066,0.9989212073632843,0.09994118087894438,0.0008623131291627325,0.0,0.0,0.0,0.056971638549271945
2026-08-24T02:00:03.138026,72.95,2.4365583266068853,-0.145727244339833,0.0,0.09404908671315629,0.0,0.0,0.04700721431705202,0.9988945498911037,0.10011377349670973,0.0008575797753760354,0.0,0.0,0.0,0.0569474849336249
2026-08-24T02:00:03.158096,72.96,2.4375528847049557,-0.1456290117140635,0.0,0.0946201288091424,0.0,0.0,0.047292417815829026,0.9988810876261163,0.100000000403843,0.0008527080857867318,0.0,0.0,0.0,0.05694749782722217
2026-08-24T02:00:03.177222,72.99,2.4405372873443056,-0.14532251320865455,0.0,0.09632978884051545,0.0,0.0,0.04814627396854481,0.9988402956944348,0.1000133779894187,0.0008483680231736497,0.0,0.0,0.0,0.05693100128036108
2026-08-24T02:00:03.194066,73.01,2.442526765973808,-0.14511671296974016,0.0,0.09746979823768331,0.0,0.0,0.04871560977790419,0.9988126898292627,0.10003285279014627,0.0008438852840636389,0.0,0.0,0.0,0.05693103429541149
2026-08-24T02:00:03.215311,73.03,2.444515659587227,-0.14490867952076913,0.0,0.0986097220191313,0.0,0.0,0.04928488700346332,0.998784761554288,0.09998215038962653,0.0008394831574575637,0.0,0.0,0.0,0.05691119430422392
2026-08-24T02:00:03.234122,73.05,2.4465046155549564,-0.14469834995196182,0.0,0.09974916980316449,0.0,0.0,0.04985391051574466,0.9987565206827378,0.09999187420995738,0.0008351596773430781,0.0,0.0,0.0,0.05689890631810004
2026-08-24T02:00:03.254546,73.07,2.4484931139275665,-0.14448577637159166,0.0,0.1008882962676907,0.0,0.0,0.05042275739079146,0.9987279637304192,0.09995803158699237,0.0008309133294411227,0.0,0.0,0.0,0.056886347063609816
2026-08-24T02:00:03.274074,73.09,2.450481599319013,-0.14427091474748754,0.0,0.10202710097361713,0.0,0.0,0.05099142723857158,0.9986990909919632,0.09997049905754143,0.0008267425790368982,0.0,0.0,0.0,0.056873850831573224
2026-08-24T02:00:03.294510,73.11,2.4524695819333986,-0.14405381524168331,0.0,0.1031655775279474,0.0,0.0,0.05155991669639995,0.9986699029160038,0.09993132323372016,0.0008226472937599778,0.0,0.0,0.0,0.05686121540712242
2026-08-24T02:00:03.314126,73.13,2.454457725162703,-0.14383441020702253,0.0,0.10430374540950284,0.0,0.0,0.05212823532060374,0.9986403992841266,0.09997438859673383,0.00081862399291069,0.0,0.0,0.0,0.056848553511115535
2026-08-24T02:00:03.334929,73.15,2.4564453442969785,-0.1436127708359085,0.0,0.10544159669996,0.0,0.0,0.05269637898712894,0.9986105805776568,0.09996253264368146,0.0008146726325604034,0.0,0.0,0.0,0.0706783528498667
2026-08-24T02:00:03.354744,73.17,2.458433426415684,-0.14338858385950712,0.0,0.10685599485260688,0.0,0.0,0.05340258223092002,0.9985730640324071,0.10009951926561793,0.0008108741913432616,0.0,0.0,0.0,0.07079530677456827
2026-08-24T02:00:03.374309,73.19,2.460420334101347,-0.14316160377498943,0.0,0.10827264579376905,0.0,0.0,0.05410988351056014,0.9985349871218703,0.10006613220291796,0.0008072280269808639,0.0,0.0,0.0,0.07079535078162699
2026-08-24T02:00:03.397417,73.21,2.462406662903365,-0.14293183600173828,0.0,0.10968923820597755,0.0,0.0,0.05481712842144653,0.9984964108256107,0.09998138809760325,0.0008036486754129794,0.0,0.0,0.0,0.07078381801477718
2026-08-24T02:00:03.414499,73.23,2.4643929364831454,-0.142699224383155,0.0,0.1111055478234455,0.0,0.0,0.055524204652242524,0.9984573414511688,0.09995142080382936,0.0008001337929550476,0.0,0.0,0.0,0.07075690932089485
2026-08-24T02:00:03.435318,73.25,2.466378668351021,-0.1424638231608795,0.0,0.11252126746861049,0.0,0.0,0.0562309585191636,0.9984177879545296,0.09987913092109175,0.0007966821985994408,0.0,0.0,0.0,0.0707569315447801
2026-08-24T02:00:03.454848,73.26,2.46737232450652,-0.14234637114823281,0.0,0.11322936440416732,0.0,0.0,0.05658444327552243,0.9983978168942474,0.09999999932439257,0.0007932975247256904,0.0,0.0,0.0,0.07075694514093334
2026-08-24T02:00:03.474745,73.29,2.47035053289969,-0.14198442467527356,0.0,0.11535229957314865,0.0,0.0,0.05764417811834981,0.9983371918991398,0.10001852108255994,0.0007899638426823937,0.0,0.0,0.0,0.07072953565183641
2026-08-24T02:00:03.495896,73.31,2.47233541272646,-0.1417405701704361,0.0,0.11676735437077125,0.0,0.0,0.05835051454774452,0.9982961571858391,0.09997961144472363,0.000786693600245484,0.0,0.0,0.0,0.07072427191119768
2026-08-24T02:00:03.513948,73.33,2.4743209038163765,-0.14149379327672487,0.0,0.11818228086064453,0.0,0.0,0.05905675772526138,0.9982546265191962,0.10013370656612831,0.0007834805319468954,0.0,0.0,0.0,0.0707019444905412
2026-08-24T02:00:03.534226,73.35,2.476305125714662,-0.14124431494980824,0.0,0.11959672389284748,0.0,0.0,0.05976273004785177,0.9982126106683022,0.10010292844101427,0.000780325307306473,0.0,0.0,0.0,0.0706877700550323
2026-08-24T02:00:03.554896,73.37,2.478288659660974,-0.14099206976738027,0.0,0.1210108513783861,0.0,0.0,0.060468514994757715,0.9981701050894726,0.10000505797659916,0.0007772266030745407,0.0,0.0,0.0,0.07067370790227044
2026-08-24T02:00:03.573989,73.39,2.480272341201399,-0.14073695751162893,0.0,0.12242465706391806,0.0,0.0,0.06117410911243318,0.9981271103292907,0.1000092013425618,0.0007741846216382497,0.0,0.0,0.0,0.07065927812416997
2026-08-24T02:00:03.596825,73.4,2.481264112111661,-0.14060952260558088,0.0,0.12313154432023678,0.0,0.0,0.06152688695131896,0.9981054263864513,0.09999999981011039,0.0007712816032261182,0.0,0.0,0.0,0.0706592871132278
2026-08-24T02:00:03.616283,73.43,2.4842379023723153,-0.14021840647501488,0.0,0.12525128287147558,0.0,0.0,0.06258471347124495,0.9980396553442765,0.0998744389786169,0.0007682671260137295,0.0,0.0,0.0,0.07062995368479673
2026-08-24T02:00:03.634501,73.45,2.4862205259544377,-0.13995487675612175,0.0,0.1266641110009794,0.0,0.0,0.06328972704678572,0.9979951956048403,0.09988702835653018,0.0007653888712867862,0.0,0.0,0.0,0.07059998630926381
2026-08-24T02:00:03.654062,73.47,2.4882028839323205,-0.13968853104971782,0.0,0.12807632039704894,0.0,0.0,0.0639944003068436,0.9979502576428183,0.09992155809969565,0.0007625621289892609,0.0,0.0,0.0,0.07060000261454212
2026-08-24T02:00:03.675530,73.49,2.490184940976793,-0.13941937432093784,0.0,0.129488509527945,0.0,0.0,0.06469903154897148,0.9979048227745095,0.09997169148965944,0.0007597864357974447,0.0,0.0,0.0,0.07056992063050752
2026-08-24T02:00:03.695068,73.51,2.492166467448963,-0.1391474366346809,0.0,0.13090008061535532,0.0,0.0,0.06540332217403805,0.9978589105923737,0.09999190737014972,0.0007570606673931059,0.0,0.0,0.0,0.0705699360622387
2026-08-24T02:00:03.714416,73.53,2.4941478027976984,-0.1388726746340945,0.0,0.1323116362676,0.0,0.0,0.066107572518837,0.9978125018537635,0.10005144424855264,0.0007543841010225479,0.0,0.0,0.0,0.07055464867151118
2026-08-24T02:00:03.733887,73.55,2.4961290440300647,-0.13859507460392695,0.0,0.13372287857864598,0.0,0.0,0.06681163361344382,0.9977656065499065,0.10017069358378194,0.0007517553200835051,0.0,0.0,0.0,0.07053929715577349
2026-08-24T02:00:03.758477,73.57,2.4981091306517875,-0.13831477941714318,0.0,0.13513379720291674,0.0,0.0,0.06751549996836188,0.9977182253843127,0.10013643809964237,0.0007491745210738795,0.0,0.0,0.0,0.07052370032270056
2026-08-24T02:00:03.774057,73.59,2.500088971088403,-0.13803166883874698,0.0,0.13654438790628642,0.0,0.0,0.06821916914417003,0.9976703588667346,0.10013274401875048,0.0007466409892381336,0.0,0.0,0.0,0.07052371703706706
2026-08-24T02:00:03.794624,73.61,2.502067990512604,-0.1377458220297774,0.0,0.13795480533888596,0.0,0.0,0.06892271795556545,0.9976220020376543,0.10004435696288967,0.0007441542718494028,0.0,0.0,0.0,0.07049193466936789
2026-08-24T02:00:03.814752,73.63,2.504047236821983,-0.13745709538527373,0.0,0.1393647208738371,0.0,0.0,0.06962598215055116,0.9975731665444751,0.1000836108063518,0.0007417141697251947,0.0,0.0,0.0,0.07047571064334426
2026-08-24T02:00:03.836385,73.65,2.5060257848507206,-0.13716561737992342,0.0,0.14077429649226136,0.0,0.0,0.07032904220641065,0.9975238472449313,0.10006449160635901,0.0007393193867540368,0.0,0.0,0.0,0.07045907307760857
2026-08-24T02:00:03.854955,73.67,2.50800380033047,-0.13687136634365024,0.0,0.14218352595596653,0.0,0.0,0.07103189468784506,0.9974740447435486,0.10002122196659874,0.0007369691028038519,0.0,0.0,0.0,0.07044257738229219
2026-08-24T02:00:03.874045,73.69,2.509981211290638,-0.13657435384455097,0.0,0.1435924017567176,0.0,0.0,0.07173453552731393,0.9974237596992968,0.09994001985297565,0.0007346637543987615,0.0,0.0,0.0,0.07042579381828237
2026-08-24T02:00:03.894475,73.71,2.511959389739027,-0.13627438202705391,0.0,0.1450009458329156,0.0,0.0,0.07243697534320405,0.9973729917153,0.10009891899863413,0.0007323999589097796,0.0,0.0,0.0,0.0703915032610745
2026-08-24T02:00:03.913792,73.73,2.513935909685749,-0.13597180273813025,0.0,0.14640878817975533,0.0,0.0,0.0731390293054479,0.9973217546971773,0.10000843861735151,0.0007301790218516676,0.0,0.0,0.0,0.07039151376715466
2026-08-24T02:00:03.935026,73.75,2.515912346931793,-0.13566638877490994,0.0,0.14781661847608696,0.0,0.0,0.07384104101813191,0.9972700239460517,0.09998779141587115,0.0007280001040002945,0.0,0.0,0.0,0.07037450275126722
2026-08-24T02:00:03.955316,73.77,2.517887869825387,-0.13535826318830457,0.0,0.14922408853788882,0.0,0.0,0.07454283652669375,0.9972178124775724,0.09986962884174944,0.0007258634964097382,0.0,0.0,0.0,0.07035701319808693
2026-08-24T02:00:03.974028,73.79,2.5198638749973057,-0.13504721789159108,0.0,0.1506311993518437,0.0,0.0,0.07524441600372943,0.9971651206596918,0.09993715278255726,0.0007237674764523654,0.0,0.0,0.0,0.07033927478913804
2026-08-24T02:00:03.996243,73.81,2.5218394013878163,-0.13473339622146233,0.0,0.15203795655141228,0.0,0.0,0.07594578193895364,0.9971119486826345,0.09999681707893118,0.0007217104330713148,0.0,0.0,0.0,0.07032114893198665
2026-08-24T02:00:04.014397,73.83,2.523814096376913,-0.13441685337884518,0.0,0.1534443477879872,0.0,0.0,0.07664692785743435,0.997058297417968,0.09997803247748348,0.00071969227217508,0.0,0.0,0.0,0.07030317163303827
2026-08-24T02:00:04.034271,73.85,2.525789018313359,-0.13409742735108077,0.0,0.15485038211813287,0.0,0.0,0.07734785795663383,0.9970041669268591,0.10009572600849458,0.0007177118508293135,0.0,0.0,0.0,0.07028496543685986
2026-08-24T02:00:04.055050,73.87,2.527763123447809,-0.1337752796614735,0.0,0.1562560556851316,0.0,0.0,0.078048569996632,0.9969495577618162,0.10013945394122835,0.000715768567485708,0.0,0.0,0.0,0.0702663936290197
2026-08-24T02:00:04.074938,73.89,2.529736445018177,-0.13345040739845446,0.0,0.15766135494331524,0.0,0.0,0.07874905690904203,0.9968944708623558,0.10011666568665128,0.0007138625045661737,0.0,0.0,0.0,0.07024786302193232
2026-08-24T02:00:04.094435,73.91,2.5317091413954063,-0.13312278746866565,0.0,0.15906627555663233,0.0,0.0,0.0794493162177788,0.9968389068212212,0.10006015827666444,0.0007119936424529662,0.0,0.0,0.0,0.07022896015348654
2026-08-24T02:00:04.114724,73.93,2.5336810394221403,-0.1327924492759368,0.0,0.160470804589143,0.0,0.0,0.08014934116169593,0.9967828665819582,0.0999355956883075,0.0007101619961547259,0.0,0.0,0.0,0.07019012682255131
2026-08-24T02:00:04.135032,73.95,2.535654264042375,-0.13245904988931648,0.0,0.16187455421622188,0.0,0.0,0.08084893815096145,0.9967263662610024,0.1001742534482123,0.0007083658744423146,0.0,0.0,0.0,0.0701901332702104
2026-08-24T02:00:04.156876,73.97,2.537625540205471,-0.13212311985296823,0.0,0.16327831482618027,0.0,0.0,0.08154850078490719,0.9966693744766787,0.10011337055472047,0.0007066035791072494,0.0,0.0,0.0,0.07017020705868367
2026-08-24T02:00:04.173953,73.99,2.539596567965396,-0.131784384388543,0.0,0.16468167878848483,0.0,0.0,0.08224782559324446,0.9966119080089216,0.10009816105426797,0.0007048755883895959,0.0,0.0,0.0,0.07015098792615818
2026-08-24T02:00:04.195756,74.01,2.541567249236413,-0.13144285981735665,0.0,0.16608464716295002,0.0,0.0,0.08294691279392744,0.9965539672581494,0.10010952465411935,0.0007031825686728963,0.0,0.0,0.0,0.07013069623979475
2026-08-24T02:00:04.213714,74.03,2.543536881760291,-0.13109866461393502,0.0,0.1674872104384604,0.0,0.0,0.08364575733843804,0.9964955530654811,0.1000058128801847,0.000701522872479173,0.0,0.0,0.0,0.0701102464242506
2026-08-24T02:00:04.235843,74.05,2.5455073825057393,-0.13075147660302125,0.0,0.16888936449257086,0.0,0.0,0.08434435686470494,0.9964366660581491,0.10017658332752467,0.0006998961797100991,0.0,0.0,0.0,0.08555743322934632
2026-08-24T02:00:04.254831,74.07,2.5474762238436313,-0.13040148718133415,0.0,0.17060049279274828,0.0,0.0,0.0851968413804011,0.9963641393681342,0.10011819681597148,0.0006983919625302516,0.0,0.0,0.0,0.08571781397096818
2026-08-24T02:00:04.273942,74.09,2.549444391496842,-0.13004805834367056,0.0,0.17231480760540352,0.0,0.0,0.08605085087942033,0.9962907462497721,0.10004814810363677,0.0006970111593543451,0.0,0.0,0.0,0.08588009309769137
2026-08-24T02:00:04.295413,74.11,2.55141204467239,-0.12969123477916417,0.0,0.1740323634405518,0.0,0.0,0.0869064115353883,0.9962164803063849,0.09999740922385804,0.0006956614992499607,0.0,0.0,0.0,0.08586358641762326
2026-08-24T02:00:04.313897,74.13,2.5533794360640885,-0.12933096749173636,0.0,0.17574958173579702,0.0,0.0,0.08776173997917364,0.9961414944654339,0.10001863599014474,0.0006943419238107295,0.0,0.0,0.0,0.08584476564614993
2026-08-24T02:00:04.334048,74.15,2.555346030268048,-0.12896735180752802,0.0,0.1774664240548307,0.0,0.0,0.08861681647564003,0.9960657909183122,0.10000424282884751,0.0006930498318705932,0.0,0.0,0.0,0.0858234052843885
2026-08-24T02:00:04.356842,74.17,2.5573125210093726,-0.12860026447888354,0.0,0.17918284732592893,0.0,0.0,0.0894716189878973,0.995989372129886,0.10009632710731091,0.0006917842212462224,0.0,0.0,0.0,0.0857799963724097
2026-08-24T02:00:04.374927,74.19,2.5592773371716486,-0.1282299899311257,0.0,0.1808984023258149,0.0,0.0,0.09032592324091288,0.9959122589820233,0.0999767364316201,0.0006905453315270186,0.0,0.0,0.0,0.08578000052377495
2026-08-24T02:00:04.394806,74.21,2.561242494019164,-0.12785616457483157,0.0,0.1826139562511897,0.0,0.0,0.09118016049870487,0.9958344131086405,0.10005620858769208,0.0006893330034452988,0.0,0.0,0.0,0.085758090072286
2026-08-24T02:00:04.414139,74.23,2.5632062130548423,-0.12747911335820836,0.0,0.1843290706753344,0.0,0.0,0.09203411184988304,0.9957558547435226,0.09997433293589439,0.000688146971636479,0.0,0.0,0.0,0.08573559970347029
2026-08-24T02:00:04.435383,74.25,2.565169399307856,-0.12709867200802213,0.0,0.18604372900801325,0.0,0.0,0.09288776845898288,0.9956765852779257,0.09991624942567418,0.0006869871882021563,0.0,0.0,0.0,0.08571306889452382
2026-08-24T02:00:04.454631,74.26,2.5661513168874,-0.1269072875252949,0.0,0.18690080384716357,0.0,0.0,0.09331444459135418,0.9956366879693652,0.09999999979453447,0.0006861801674576456,0.0,0.0,0.0,0.08571307094190811
2026-08-24T02:00:04.474461,74.29,2.569094128703095,-0.12632762873955833,0.0,0.18947166986990996,0.0,0.0,0.0945941914114619,0.9955159159708155,0.0998669973375356,0.0006847439131760093,0.0,0.0,0.0,0.08566630719779911
2026-08-24T02:00:04.496574,74.31,2.5710565556178633,-0.12593685732072504,0.0,0.19118494732859853,0.0,0.0,0.09544695408843827,0.9954345176631356,0.10005815516240074,0.0006836582933243831,0.0,0.0,0.0,0.08565516420873893
2026-08-24T02:00:04.515398,74.33,2.5730170535118173,-0.12554296528907605,0.0,0.19289801148998897,0.0,0.0,0.09629954057060083,0.995352399146097,0.0999934027999785,0.0006825959705907685,0.0,0.0,0.0,0.08561853353183439
2026-08-24T02:00:04.534326,74.35,2.5749771647399236,-0.12514565752483112,0.0,0.19461034312162978,0.0,0.0,0.09715169187059504,0.9952695859749161,0.09998798218095079,0.0006815573887852206,0.0,0.0,0.0,0.08559473624909401
2026-08-24T02:00:04.555395,74.37,2.576936716141686,-0.12474496821837384,0.0,0.19632220131590433,0.0,0.0,0.09800353637733739,0.9951860664506592,0.1000077638302158,0.00068054188998054,0.0,0.0,0.0,0.08556975465282637
2026-08-24T02:00:04.574150,74.39,2.5788958209764212,-0.12434087503739584,0.0,0.1980335619792371,0.0,0.0,0.09885506153828527,0.9951018424303423,0.10007700829242216,0.0006795492234042559,0.0,0.0,0.0,0.08554475348137497
2026-08-24T02:00:04.594353,74.41,2.5808536070960675,-0.12393355352807585,0.0,0.19974443384142448,0.0,0.0,0.09970627113596506,0.9950169141759156,0.10001895979623303,0.0006785781710727847,0.0,0.0,0.0,0.0855194697995135
2026-08-24T02:00:04.616920,74.43,2.5828112000974137,-0.1235227792085528,0.0,0.20145479817800865,0.0,0.0,0.10055715529498156,0.9949312833150744,0.10006434198803921,0.0006776296142153096,0.0,0.0,0.0,0.08549397810368078
2026-08-24T02:00:04.634117,74.45,2.584767571146359,-0.12310876146847902,0.0,0.20316465199382303,0.0,0.0,0.10140771196837875,0.9948449507100784,0.10000433920544752,0.0006767030974945352,0.0,0.0,0.0,0.08546777480732437
2026-08-24T02:00:04.657469,74.47,2.5867232447128954,-0.12269139564123584,0.0,0.20487397752922437,0.0,0.0,0.10225793176732358,0.9947579179834003,0.09994708236654891,0.0006757986082736664,0.0,0.0,0.0,0.08544151037337659
2026-08-24T02:00:04.674071,74.49,2.5886786683539826,-0.12227058936477768,0.0,0.20658277958330507,0.0,0.0,0.10310781652649795,0.9946701856249327,0.09998513682512195,0.0006749152487118405,0.0,0.0,0.0,0.08544160596179956
2026-08-24T02:00:04.694015,74.51,2.5906338945475094,-0.12184632979769641,0.0,0.20829132779280762,0.0,0.0,0.1039574997822655,0.9945817403506965,0.10013046973100447,0.0006740517299814484,0.0,0.0,0.0,0.0853600693399356
2026-08-24T02:00:04.715676,74.53,2.5925871572067587,-0.12141899082373567,0.0,0.2099985269197337,0.0,0.0,0.1048064363451695,0.9944926399429138,0.1000232029740102,0.0006732079033223381,0.0,0.0,0.0,0.08531878014045371
2026-08-24T02:00:04.734899,74.55,2.5945397348339876,-0.12098830768994992,0.0,0.21170500516809115,0.0,0.0,0.10565493812088642,0.9944028529980551,0.09992562454717538,0.0006723850194340219,0.0,0.0,0.0,0.0853312513850405
2026-08-24T02:00:04.756260,74.57,2.596492110622577,-0.12055417621914025,0.0,0.21341161117645635,0.0,0.0,0.10650342649469272,0.9943123353076183,0.09993775764234791,0.0006715828552013154,0.0,0.0,0.0,0.08530314258056049
2026-08-24T02:00:04.774552,74.59,2.5984432195925025,-0.12011682570595576,0.0,0.21511764453118687,0.0,0.0,0.10735155264842208,0.9942211243702143,0.09984289053117447,0.00067080140724172,0.0,0.0,0.0,0.08527460455274388
2026-08-24T02:00:04.794928,74.61,2.6003941123505876,-0.11967602980707376,0.0,0.2168231050325012,0.0,0.0,0.1081993159439902,0.9941292209915432,0.09985712932796302,0.0006700394749287636,0.0,0.0,0.0,0.08524545534510027
2026-08-24T02:00:04.813919,74.63,2.6023445223241564,-0.11923184583778976,0.0,0.21852799031623824,0.0,0.0,0.10904671466888631,0.9940366260958006,0.0999271038618739,0.0006692958368645077,0.0,0.0,0.0,0.08521554251038863
2026-08-24T02:00:04.834255,74.65,2.6042937382036198,-0.11878443217940701,0.0,0.2202322865117466,0.0,0.0,0.10989374139391325,0.993943341243578,0.09990823160363523,0.0006685700551424114,0.0,0.0,0.0,0.08518549681164321
2026-08-24T02:00:04.859433,74.67,2.6062421511680056,-0.11833370450448932,0.0,0.22193597336304108,0.0,0.0,0.1107403855207277,0.9938493683726526,0.09988170592413823,0.0006678634670285564,0.0,0.0,0.0,0.08515515450976206
2026-08-24T02:00:04.875429,74.69,2.6081910874768983,-0.11787936381797677,0.0,0.22363907837568053,0.0,0.0,0.11158666018775501,0.9937547067904345,0.10012059573206054,0.0006671726587545291,0.0,0.0,0.0,0.08509249995069743
2026-08-24T02:00:04.894793,74.71,2.610137573136047,-0.11742208402239297,0.0,0.22534093996795024,0.0,0.0,0.11243223617050585,0.9936593944957697,0.10001618257954417,0.0006664985721353401,0.0,0.0,0.0,0.08509250114586217
2026-08-24T02:00:04.915499,74.73,2.6120837901764973,-0.11696137376485188,0.0,0.22704280283857114,0.0,0.0,0.11327773137802748,0.9935633626366501,0.10001695847106286,0.0006658419000884443,0.0,0.0,0.0,0.08506124212023074
2026-08-24T02:00:04.938900,74.75,2.6140291482266784,-0.11649736739731785,0.0,0.22874403487278183,0.0,0.0,0.11412283120546529,0.9934666473504025,0.1000029879415349,0.0006652031705574089,0.0,0.0,0.0,0.08502888451277417
2026-08-24T02:00:04.955478,74.77,2.6159740688845425,-0.11602996826550134,0.0,0.23044462704745514,0.0,0.0,0.11496753065121801,0.9933692500253676,0.10006193519975731,0.0006645807100410915,0.0,0.0,0.0,0.08502888810702894
2026-08-24T02:00:04.973643,74.79,2.6179173127501114,-0.11555946721460292,0.0,0.2321448896972771,0.0,0.0,0.11581198332129294,0.9932711535724716,0.0999403439889208,0.000663975077208355,0.0,0.0,0.0,0.08496232977613827
2026-08-24T02:00:04.995716,74.81,2.6198607220607846,-0.11508543354751673,0.0,0.23384414294215852,0.0,0.0,0.11665585103480981,0.993172398136066,0.10001775216443469,0.0006633863810803097,0.0,0.0,0.0,0.08492845951156852
2026-08-24T02:00:05.014868,74.83,2.621802541200021,-0.11460828340097928,0.0,0.23554272440280016,0.0,0.0,0.11749930097313258,0.9930729652300606,0.09993446053795711,0.0006628132688391474,0.0,0.0,0.0,0.08489323111331858
2026-08-24T02:00:05.036570,74.85,2.623743903858736,-0.11412774933198104,0.0,0.23724060066068597,0.0,0.0,0.11834231603624167,0.992972857753513,0.09992458453974824,0.0006622560444062228,0.0,0.0,0.0,0.08482233913357792
2026-08-24T02:00:05.055435,74.87,2.6256848290589305,-0.11364382683919774,0.0,0.23893706048850039,0.0,0.0,0.11918454264359502,0.9928721190540286,0.09999318410158192,0.0006617140317851029,0.0,0.0,0.0,0.0848223324484148
2026-08-24T02:00:05.075943,74.89,2.627624290057841,-0.11315676693008314,0.0,0.24063352771580473,0.0,0.0,0.12002668717139,0.9927706655449995,0.09993001442205829,0.0006611866350308924,0.0,0.0,0.0,0.08478601476694467
2026-08-24T02:00:05.096255,74.91,2.629563460815898,-0.11266628415058864,0.0,0.24232926182727474,0.0,0.0,0.12086838146945209,0.9926685420425868,0.09997786104075859,0.0006606751089137681,0.0,0.0,0.0,0.08474990116045016
2026-08-24T02:00:05.114020,74.93,2.6315017015917377,-0.11217253601401624,0.0,0.24402428650454858,0.0,0.0,0.12170963679779905,0.9925657481046521,0.10000610310609542,0.0006601771745451565,0.0,0.0,0.0,0.08471220431384938
2026-08-24T02:00:05.133804,74.95,2.6334385512161296,-0.11167563981748503,0.0,0.24571856045359922,0.0,0.0,0.1225504321701824,0.9924622872305534,0.09992072125418393,0.0006596936564126642,0.0,0.0,0.0,0.1254585338460713
2026-08-24T02:00:05.156651,74.97,2.635375560368151,-0.11117451549440599,0.0,0.24834446629171758,0.0,0.0,0.1238533824238978,0.992300528903497,0.10007721134366225,0.0006595302466480639,0.0,0.0,0.0,0.13712627695553548
2026-08-24T02:00:05.174316,74.99,2.6373100333812958,-0.11066797459550584,0.0,0.2510871703959277,0.0,0.0,0.1252140589042784,0.9921297493033439,0.10001551076658384,0.0006599514402851437,0.0,0.0,0.0,0.13789190291284958
2026-08-24T02:00:05.195284,75.01,2.6392432101380785,-0.11015609170151841,0.0,0.25384517851637467,0.0,0.0,0.12658209036643542,0.9919561353197346,0.09997516458460001,0.0006603779207760153,0.0,0.0,0.0,0.1379600837634614
2026-08-24T02:00:05.213927,75.03,2.641174947326032,-0.10963887856985861,0.0,0.25660454083444995,0.0,0.0,0.12795055264698268,0.991780548345919,0.09993089415046885,0.0006608098810216504,0.0,0.0,0.0,0.13789966174860344
2026-08-24T02:00:05.234109,75.05,2.6431056329068667,-0.10911623589397017,0.0,0.25936268907496185,0.0,0.0,0.12931816942957428,0.9916031519995204,0.09996583841584969,0.0006612420119191785,0.0,0.0,0.0,0.1378996603689817
2026-08-24T02:00:05.254951,75.07,2.6450352731175126,-0.1085881609072329,0.0,0.262120849228201,0.0,0.0,0.1306855461743165,0.9914238689990879,0.10008438705515571,0.0006616722462523521,0.0,0.0,0.0,0.13786078003340765
2026-08-24T02:00:05.274740,75.09,2.64696304125477,-0.10805487339627287,0.0,0.2648782527814144,0.0,0.0,0.1320522993861067,0.9912427504031704,0.10011850081146323,0.0006620998119257515,0.0,0.0,0.0,0.13778241966783705
2026-08-24T02:00:05.296566,75.11,2.6488886347610427,-0.1075164619919276,0.0,0.2676340773088719,0.0,0.0,0.13341801913599607,0.9910598529704586,0.10000818160851217,0.0006625272321240953,0.0,0.0,0.0,0.13778241596457677
2026-08-24T02:00:05.314712,75.13,2.650813185158302,-0.10697262322560375,0.0,0.27038988877456577,0.0,0.0,0.1347834791015553,0.9908750747502334,0.0999907661302566,0.0006629548155083071,0.0,0.0,0.0,0.13774163207401402
2026-08-24T02:00:05.336317,75.15,2.652737073102292,-0.10642324731808858,0.0,0.27314489398097935,0.0,0.0,0.1361482837881033,0.9906884701163904,0.10014851874731888,0.0006633806564846409,0.0,0.0,0.0,0.13769994663732907
2026-08-24T02:00:05.356826,75.17,2.654658278263553,-0.10586889772200873,0.0,0.2758990800070307,0.0,0.0,0.13751242443241626,0.9905000419619976,0.10006498949562366,0.0006638041602241777,0.0,0.0,0.0,0.13765761913361182
2026-08-24T02:00:05.373792,75.19,2.656577808882938,-0.10530929965756128,0.0,0.27865239486311394,0.0,0.0,0.13887587293618503,0.9903097959306535,0.09995220964659778,0.0006642285563031122,0.0,0.0,0.0,0.13761528401735512
2026-08-24T02:00:05.394805,75.21,2.658496072274703,-0.10474433907638608,0.0,0.2814048489261194,0.0,0.0,0.1402386321011979,0.9901177334369812,0.0998978029109786,0.0006646529919715066,0.0,0.0,0.0,0.1375707748036063
2026-08-24T02:00:05.416038,75.23,2.6604132695975973,-0.10417395687185711,0.0,0.2841564059098829,0.0,0.0,0.14160068163410705,0.9899238591733994,0.0999467285844982,0.0006650767523592079,0.0,0.0,0.0,0.13752529668853836
2026-08-24T02:00:05.433930,75.25,2.6623295578589703,-0.10359810444773852,0.0,0.28690706740036825,0.0,0.0,0.14296202000258798,0.989728175226299,0.10013488021990527,0.0006654978428746429,0.0,0.0,0.0,0.1374331045093955
2026-08-24T02:00:05.455303,75.27,2.664242596317826,-0.10301747263816885,0.0,0.2896558994538285,0.0,0.0,0.14432218281145942,0.9895307511889339,0.09997717287194884,0.0006659159055633848,0.0,0.0,0.0,0.13743309063327505
2026-08-24T02:00:05.473979,75.29,2.6661549973875043,-0.10243129653106443,0.0,0.29240470830192056,0.0,0.0,0.14568206151406804,0.9893314595993656,0.10002104648933158,0.0006663346570474242,0.0,0.0,0.0,0.13738684160268594
2026-08-24T02:00:05.494644,75.31,2.6680654123379837,-0.10183997577363363,0.0,0.295152598249794,0.0,0.0,0.14704121056908417,0.9891303667335152,0.09998818210273167,0.0006667516285379882,0.0,0.0,0.0,0.13733842837854082
2026-08-24T02:00:05.514075,75.33,2.6699746528532637,-0.10124326794843612,0.0,0.2978995184468016,0.0,0.0,0.14839960254418358,0.988927478617481,0.10005102155148385,0.0006671672048628883,0.0,0.0,0.0,0.13723917731022753
2026-08-24T02:00:05.534107,75.35,2.6718819431982155,-0.10064141117108058,0.0,0.3006444555835093,0.0,0.0,0.1497567342309432,0.988722873485024,0.10005028855316955,0.0006675807150300543,0.0,0.0,0.0,0.13723916155478874
2026-08-24T02:00:05.556913,75.37,2.673787500437171,-0.1000343434790959,0.0,0.3033893953809814,0.0,0.0,0.1511135851405886,0.9885164057242338,0.100034134032281,0.0006679923522408219,0.0,0.0,0.0,0.1371884385379356
2026-08-24T02:00:05.574273,75.39,2.6756913781064102,-0.09942204903089528,0.0,0.30613330765450014,0.0,0.0,0.1524696436464734,0.9883081542546927,0.10001673666307972,0.0006684038327860424,0.0,0.0,0.0,0.137137219370014
2026-08-24T02:00:05.595075,75.41,2.6775937814682136,-0.09880446515650489,0.0,0.30887619840207625,0.0,0.0,0.15382491048042443,0.9880981210971355,0.1000440280212838,0.0006688133579929703,0.0,0.0,0.0,0.13708398021591672
2026-08-24T02:00:05.614764,75.42,2.6785439292777715,-0.09849344174121502,0.0,0.3102471992658966,0.0,0.0,0.15450221597416258,0.9879924419038201,0.10000000038856957,0.0006694683161381081,0.0,0.0,0.0,0.13708397141805803
2026-08-24T02:00:05.637009,75.45,2.681392847342499,-0.09755385684830911,0.0,0.31435878211398466,0.0,0.0,0.15653299444800642,0.98767273003214,0.09996759065538702,0.0006696255098369271,0.0,0.0,0.0,0.13694455352262508
2026-08-24T02:00:05.655486,75.47,2.683290850888592,-0.09692040325785628,0.0,0.31709782116085083,0.0,0.0,0.15788548431637178,0.9874574288758907,0.10015147711811667,0.0006700293821305186,0.0,0.0,0.0,0.13694453993271663
2026-08-24T02:00:05.674817,75.49,2.685186042139554,-0.09628210259213113,0.0,0.31983686806897627,0.0,0.0,0.1592376819378145,0.9872402750349438,0.10011023201500582,0.0006704308288696746,0.0,0.0,0.0,0.1368600304599324
2026-08-24T02:00:05.695597,75.51,2.687079843316969,-0.09563849233164354,0.0,0.3225742290924378,0.0,0.0,0.1605887488919172,0.98702140489927,0.10014596477166582,0.0006708301518192412,0.0,0.0,0.0,0.13680302889985885
2026-08-24T02:00:05.716165,75.53,2.688971225075954,-0.09498991840645396,0.0,0.32531043728965603,0.0,0.0,0.16193894621246602,0.9868007791340642,0.10004448630302716,0.0006712285961781385,0.0,0.0,0.0,0.13668124501798207
2026-08-24T02:00:05.735272,75.55,2.6908610483365982,-0.09433609841524321,0.0,0.3280442023309069,0.0,0.0,0.16328763524804737,0.9865785058347362,0.09998999454174538,0.0006716254170372646,0.0,0.0,0.0,0.13668122371987668
2026-08-24T02:00:05.756165,75.57,2.6926739772755317,-0.09370278886532564,0.0,0.33077671045803037,0.0,0.0,0.16463539932089655,0.9863544927106324,0.08406209024930793,0.0006721363233384317,0.0,0.0,0.0,0.01967964592205676
2026-08-24T02:00:05.773979,75.59,2.6932253475994283,-0.09350400488395728,0.0,0.33137470380923434,0.0,0.0,0.16493030867166691,0.9863052231847242,0.01127672135064566,0.000665785029594921,0.0,0.0,0.0,0.009559109140921347
2026-08-24T02:00:05.794693,75.61,2.6934360961805632,-0.09342888904174805,0.0,0.33161349178331667,0.0,0.0,0.1650480664088882,0.9862855244677817,-0.0009765349972601755,0.0006507844490068511,0.0,0.0,0.0,0.0036465901580742463
2026-08-24T02:00:05.813610,75.63,2.693513569472332,-0.09340157596125113,0.0,0.3317132503901643,0.0,0.0,0.16509726143849,0.9862772907582892,-0.0016468470816452994,0.0006333817470121894,0.0,0.0,0.0,0.0010687985557550025
2026-08-24T02:00:05.838282,75.66,2.6935536973939715,-0.09339413650643663,0.0,0.33179045878820596,0.0,0.0,0.16513533576028175,0.9862709165758357,0.0002429951108749947,0.0005987125226378806,0.0,0.0,0.0,0.0002937016379414621
2026-08-24T02:00:05.854346,75.67,2.693551108351433,-0.09338869843946901,0.0,0.33179344808473976,0.0,0.0,0.16513680988821347,0.9862706697554906,-0.00037828917658527805,0.0005982567195899123,0.0,0.0,0.0,6.11792186436082e-05
2026-08-24T02:00:05.873926,75.69,2.693553918420376,-0.09338788798464381,0.0,0.3318191430362547,0.0,0.0,0.16514948096310456,0.9862685480829332,-0.0002557854184743762,0.0005812544836362214,0.0,0.0,0.0,2.23851031118622e-06
2026-08-24T02:00:05.897053,75.71,2.6935549437325044,-0.09338770307885402,0.0,0.3318423134856939,0.0,0.0,0.1651609070947847,0.9862666347228968,-0.00018834190622713242,0.0005646940017562025,0.0,0.0,0.0,6.711795395328816e-07
2026-08-24T02:00:05.914382,75.72,2.693557839468107,-0.09339267901057954,0.0,0.3318641521833632,0.0,0.0,0.16517167647436679,0.986264831214541,6.5603535335887995e-06,0.0005491696831248137,0.0,0.0,0.0,6.711594527601806e-07
2026-08-24T02:00:05.934246,75.75,2.6935558055671445,-0.09338773972551585,0.0,0.33188476118269433,0.0,0.0,0.1651818394312208,0.9862631291506939,-8.173942464903081e-05,0.0005328657782795249,0.0,0.0,0.0,6.039089989774884e-08
2026-08-24T02:00:05.954681,75.77,2.6935563414197166,-0.09338771646250772,0.0,0.33190420225411327,0.0,0.0,0.1651914264293826,0.9862615234481298,1.7378842351565418e-05,0.0005175663385427924,0.0,0.0,0.0,1.811724666558431e-08
2026-08-24T02:00:05.974621,75.79,2.693556191807166,-0.09338792545466776,0.0,0.33192252682837387,0.0,0.0,0.16520046283371217,0.9862600098754523,-2.5634101008512243e-05,0.0005026560924916698,0.0,0.0,0.0,5.433239212564385e-09
2026-08-24T02:00:05.995307,75.81,2.6935561258541623,-0.09338810172706262,0.0,0.3319398198759611,0.0,0.0,0.16520899054817878,0.9862585814288521,-4.991225176244995e-05,0.0004881178003610666,0.0,0.0,0.0,1.6297455956701499e-09
2026-08-24T02:00:06.013503,75.83,2.6935556712636384,-0.0933884082013116,0.0,0.33195612816112163,0.0,0.0,0.16521703263578028,0.9862572342583995,-0.0001559270914023439,0.0004739376179247002,0.0,0.0,0.0,4.888615573658566e-10
2026-08-24T02:00:06.034235,75.85,2.693556064920434,-0.09338841865767207,0.0,0.33197152567333843,0.0,0.0,0.16522462558479065,0.9862559622635322,-8.219135893434127e-05,0.00046010053472540037,0.0,0.0,0.0,1.4660634225067604e-10
2026-08-24T02:00:06.055312,75.87,2.6935569860470103,-0.09338824375605559,0.0,0.33198603808127863,0.0,0.0,0.16523178205486977,0.9862547633339837,0.00010337908428326497,0.00044659532987912444,0.0,0.0,0.0,4.402054190570058e-11
2026-08-24T02:00:06.073949,75.89,2.6935563983251867,-0.09338858562102204,0.0,0.33199967817571446,0.0,0.0,0.16523850835508178,0.9862536364224913,-3.0022455061043113e-05,0.0004334119659769506,0.0,0.0,0.0,1.3200396642080106e-11
2026-08-24T02:00:06.094752,75.91,2.693556372005755,-0.09338873070715267,0.0,0.33201254808741837,0.0,0.0,0.1652448548502698,0.9862525730995653,-4.444607681792331e-05,0.00042053547019496026,0.0,0.0,0.0,4.00487144453326e-12
2026-08-24T02:00:06.114787,75.93,2.6935564651746207,-0.0933888314563281,0.0,0.332024669799702,0.0,0.0,0.16525083238219979,0.9862515715561573,-3.338801174499458e-05,0.0004079564229291228,0.0,0.0,0.0,1.1626738096057456e-12
2026-08-24T02:00:06.133935,75.95,2.693556744982321,-0.09338886481442765,0.0,0.33203607931032814,0.0,0.0,0.1652564587034036,0.986250628824545,1.7351299130246462e-05,0.0003956649515620713,0.0,0.0,0.0,3.716350684148424e-13
2026-08-24T02:00:06.155042,75.97,2.693557286673808,-0.09338880492734303,0.0,0.33204680947134296,0.0,0.0,0.16526175001504934,0.9862497421961455,0.00012368429493615727,0.0003836517767700236,0.0,0.0,0.0,9.408137352808347e-14
2026-08-24T02:00:06.173850,75.99,2.6935573342904005,-0.09338891255048555,0.0,0.3320568870666225,0.0,0.0,0.16526671952582458,0.9862489094631093,0.00012567794656613508,0.00037190832445237036,0.0,0.0,0.0,8.04310181295865e-15
2026-08-24T02:00:06.194717,76.01,2.693557339471759,-0.09338903205610562,0.0,0.33206635760506353,0.0,0.0,0.16527138967807645,0.986248126869642,0.00011887298120541398,0.0003604254266094711,0.0,0.0,0.0,8.047630295516697e-15
2026-08-24T02:00:06.214131,76.03,2.6935570440691534,-0.09338925255303498,0.0,0.3320752554912971,0.0,0.0,0.1652757774382563,0.98624739157687,4.865008099003116e-05,0.00034919491899687826,0.0,0.0,0.0,1.3603257884420043e-14
2026-08-24T02:00:06.234490,76.05,2.693557068210917,-0.09338936027755065,0.0,0.33208361478716913,0.0,0.0,0.16527989960368722,0.9862467007736934,4.6196852841896695e-05,0.00033820903301340696,0.0,0.0,0.0,1.0832183364631138e-14
2026-08-24T02:00:06.256246,76.07,2.6935572160141823,-0.09338942284722675,0.0,0.33209145993428774,0.0,0.0,0.16528376822764707,0.9862460524435418,7.006783851862046e-05,0.0003274607831715347,0.0,0.0,0.0,2.510390702950115e-15
2026-08-24T02:00:06.275452,76.09,2.6935571953884585,-0.09338954106298929,0.0,0.33209881421195503,0.0,0.0,0.16528739479018859,0.9862454446655115,5.846450877865704e-05,0.0003169435117285024,0.0,0.0,0.0,8.06583088107979e-15
2026-08-24T02:00:06.294615,76.11,2.6935573999968914,-0.09338957923264143,0.0,0.33210570646036647,0.0,0.0,0.1652907935135068,0.9862448750587631,9.466557568614207e-05,0.0003066505881366828,0.0,0.0,0.0,2.519448089328968e-15
2026-08-24T02:00:06.313896,76.13,2.6935577046067682,-0.09338958060584121,0.0,0.33211215769487135,0.0,0.0,0.165293974761131,0.9862443418887972,0.00015217267347968202,0.0002965759930071455,0.0,0.0,0.0,-4.466035497428028e-14
2026-08-24T02:00:06.333994,76.15,2.693556685605434,-0.09339003623237918,0.0,0.33211817979167174,0.0,0.0,0.16529694438982953,0.9862438441761681,-7.019785010264356e-05,0.00028671431376878394,0.0,0.0,0.0,8.079311662543114e-15
2026-08-24T02:00:06.358743,76.17,2.6935562861369697,-0.0933902760218013,0.0,0.3321238294429439,0.0,0.0,0.16529973035606446,0.986243377237187,-0.00016135800333230712,0.00027705857066779335,0.0,0.0,0.0,2.5325469110829935e-15
2026-08-24T02:00:06.374234,76.19,2.693556831194368,-0.09339018792046569,0.0,0.33212911630900654,0.0,0.0,0.16530233742380726,0.986242940274974,-5.2555729890662315e-05,0.0002676039775103056,0.0,0.0,0.0,2.5367952009040155e-15
2026-08-24T02:00:06.393805,76.21,2.693556799760465,-0.09339029657298131,0.0,0.3321340396105668,0.0,0.0,0.16530476520900972,0.9862425333553578,-6.558213713874388e-05,0.0002583462540351187,0.0,0.0,0.0,-3.631663617551698e-14
2026-08-24T02:00:06.414901,76.23,2.6935570904869564,-0.09339029208588172,0.0,0.3321386315291841,0.0,0.0,0.1653070295812991,0.986242153819744,-1.031972594059127e-05,0.0002492800470803735,0.0,0.0,0.0,8.095947718475033e-15
2026-08-24T02:00:06.434280,76.25,2.6935575599932293,-0.09339022395680646,0.0,0.3321429061970859,0.0,0.0,0.1653091375097607,0.9862418005011646,8.289409562991501e-05,0.0002404008714323919,0.0,0.0,0.0,5.324732228195884e-15
2026-08-24T02:00:06.457224,76.27,2.693557689496152,-0.09339027116996447,0.0,0.3321468752029966,0.0,0.0,0.16531109470920294,0.9862414724427506,0.00010430161078998798,0.00023170447875987558,0.0,0.0,0.0,5.3286985769125564e-15
2026-08-24T02:00:06.473710,76.29,2.6935573875503436,-0.09339046531873828,0.0,0.3321505596616632,0.0,0.0,0.16531291159189268,0.9862411679001293,3.455343873083093e-05,0.0002231864613489063,0.0,0.0,0.0,8.108192952007801e-15
2026-08-24T02:00:06.494778,76.31,2.6935577370693258,-0.09339043292149736,0.0,0.33215398599297163,0.0,0.0,0.16531460118614572,0.9862408846902797,0.00010275089230729227,0.00021484243403281167,0.0,0.0,0.0,2.5610026006933992e-15
2026-08-24T02:00:06.514960,76.32,2.6935579544120665,-0.09339263857137696,0.0,0.3321571574082256,0.0,0.0,0.16531616507563077,0.9862406225484158,4.2207894416237603e-10,0.00020819531488572263,0.0,0.0,0.0,5.33845054743245e-15
2026-08-24T02:00:06.536453,76.35,2.6935572253155433,-0.09339078041222809,0.0,0.3321600898320587,0.0,0.0,0.16531761111320642,0.9862403801588245,-1.6665029271076533e-05,0.00019866202143485555,0.0,0.0,0.0,-3.628880999831854e-14
2026-08-24T02:00:06.555273,76.37,2.693557263114036,-0.09339085026017675,0.0,0.332162806907009,0.0,0.0,0.16531895095756985,0.9862401555677444,-1.4072388003738378e-05,0.00019081799700764875,0.0,0.0,0.0,2.572327068349543e-15
2026-08-24T02:00:06.574468,76.39,2.693557803769566,-0.09339074496545963,0.0,0.3321653176064059,0.0,0.0,0.16532018903372145,0.986239948033872,9.501590004830541e-05,0.00018313349833098505,0.0,0.0,0.0,5.3514897477162435e-15
2026-08-24T02:00:06.595378,76.41,2.693557860678029,-0.09339080488386883,0.0,0.33216762335293165,0.0,0.0,0.16532132604327843,0.9862397574399908,0.00010186810302794834,0.00017560549588271126,0.0,0.0,0.0,2.579544029570432e-15
2026-08-24T02:00:06.614639,76.43,2.693557013664825,-0.09339117499374554,0.0,0.33216974004952915,0.0,0.0,0.16532236982835533,0.9862395824718944,-8.24115211576052e-05,0.00016823068091099331,0.0,0.0,0.0,2.583071021715138e-15
2026-08-24T02:00:06.636611,76.45,2.6935574433347655,-0.09339110313110069,0.0,0.3321716960012671,0.0,0.0,0.16532333434678892,0.9862394207901344,3.512956878606344e-06,0.00016100558898653135,0.0,0.0,0.0,2.5865547793089406e-15
2026-08-24T02:00:06.654368,76.47,2.6935571681975343,-0.09339127283927794,0.0,0.3321734818253885,0.0,0.0,0.1653242149717966,0.9862392731705422,-5.957434820251271e-05,0.00015392773726398675,0.0,0.0,0.0,2.589974539938495e-15
2026-08-24T02:00:06.674112,76.49,2.6935577330875295,-0.09339115125424198,0.0,0.33217512091430473,0.0,0.0,0.16532502323867176,0.9862391376796668,5.515795345101512e-05,0.000146993972245648,0.0,0.0,0.0,5.368886023984831e-15
2026-08-24T02:00:06.696738,76.51,2.693557443888758,-0.09339132279751704,0.0,0.3321766083298137,0.0,0.0,0.1653257567123205,0.9862390147258921,-1.0707870827686109e-05,0.00014020183950389282,0.0,0.0,0.0,5.372211821561001e-15
2026-08-24T02:00:06.716208,76.53,2.6935570955846546,-0.0933915132663101,0.0,0.33217796457119725,0.0,0.0,0.16532642550136545,0.9862389026148489,-8.898232960613917e-05,0.00013354843239482295,0.0,0.0,0.0,5.375474163642405e-15
2026-08-24T02:00:06.735574,76.55,2.693557647146716,-0.09339139187991022,0.0,0.3321792000184188,0.0,0.0,0.16532703472438987,0.9862388004886242,2.3217036415846946e-05,0.00012703114804246134,0.0,0.0,0.0,2.6031367612897167e-15
2026-08-24T02:00:06.754820,76.57,2.693557474399613,-0.09339151893930958,0.0,0.3321803126039593,0.0,0.0,0.16532758336187878,0.9862387085182375,-1.7730650677901446e-05,0.00012064767055872958,0.0,0.0,0.0,2.606294379684729e-15
2026-08-24T02:00:06.774065,76.59,2.693557064240752,-0.09339172651229109,0.0,0.3321813183184261,0.0,0.0,0.16532807929912632,0.9862386253819416,-0.0001088156051045156,0.00011439542600753408,0.0,0.0,0.0,2.6094137636283153e-15
2026-08-24T02:00:06.796235,76.61,2.6935564945854935,-0.09339198774624732,0.0,0.3321822248238631,0.0,0.0,0.16532852631444736,0.9862385504464389,-0.0002335555735582316,0.00010827206442860798,0.0,0.0,0.0,-1.6307828349377245e-16
2026-08-24T02:00:06.814256,76.63,2.69355778644548,-0.0933916054864902,0.0,0.3321830454450101,0.0,0.0,0.16532893097853868,0.9862384826103134,3.562346959683897e-05,0.00010227521591977658,0.0,0.0,0.0,4.4248608878699716e-14
2026-08-24T02:00:06.834021,76.65,2.6935573505208237,-0.09339181793749654,0.0,0.33218376679014616,0.0,0.0,0.16532928668769414,0.9862384229806392,-6.065224808885779e-05,9.640294896990761e-05,0.0,0.0,0.0,5.3939507416943185e-15
2026-08-24T02:00:06.855210,76.67,2.6935578434422607,-0.09339170867793266,0.0,0.3321844129298999,0.0,0.0,0.1653296053116114,0.9862383695676754,3.9668971176691916e-05,9.065284540510338e-05,0.0,0.0,0.0,5.396856738529439e-15
2026-08-24T02:00:06.873856,76.69,2.693558024327367,-0.09339170579167813,0.0,0.33218498154570725,0.0,0.0,0.16532988570696808,0.986238322563122,7.405619251246753e-05,8.502291376445521e-05,0.0,0.0,0.0,4.9808392620406516e-14
2026-08-24T02:00:06.894667,76.71,2.6935576515435993,-0.09339189265694539,0.0,0.33218548021150207,0.0,0.0,0.16533013160862145,0.986238281340912,-8.61224539283854e-06,7.951107556304083e-05,0.0,0.0,0.0,2.6269515960268247e-15
2026-08-24T02:00:06.914102,76.73,2.6935573988260777,-0.09339203687838042,0.0,0.3321859185002398,0.0,0.0,0.16533034773718322,0.986238245109721,-6.579854132174044e-05,7.41152862485306e-05,0.0,0.0,0.0,5.405257086311314e-15
2026-08-24T02:00:06.934201,76.75,2.6935575748932514,-0.09339203197777753,0.0,0.3321863011877406,0.0,0.0,0.1653305364477048,0.9862382134747741,-3.2190339339435906e-05,6.883360555406637e-05,0.0,0.0,0.0,-1.4310613122556127e-16
2026-08-24T02:00:06.954458,76.77,2.6935575178837414,-0.09339210629669613,0.0,0.3321866309705043,0.0,0.0,0.16533069906988443,0.9862381862131802,-4.7816215277712856e-05,6.366415292025107e-05,0.0,0.0,0.0,2.6350930272952147e-15
2026-08-24T02:00:06.974910,76.79,2.693557714557287,-0.09339209193757013,0.0,0.33218691408606293,0.0,0.0,0.16533083867957024,0.9862381628093236,-9.695343197788759e-06,5.860505349920555e-05,0.0,0.0,0.0,2.6377079987411133e-15
2026-08-24T02:00:06.994919,76.81,2.693557151788668,-0.09339233841745909,0.0,0.3321871527593925,0.0,0.0,0.1653309563739421,0.9862381430792857,-0.0001321717097742696,5.3654506541435185e-05,0.0,0.0,0.0,3.872236445879289e-14
2026-08-24T02:00:07.015913,76.83,2.6935579337242617,-0.09339211988727385,0.0,0.3321873563405471,0.0,0.0,0.16533105676369117,0.9862381262501471,2.9919062510425624e-05,4.881069413577622e-05,0.0,0.0,0.0,-1.327022013794483e-16
2026-08-24T02:00:07.034518,76.85,2.6935576435023765,-0.09339227011095577,0.0,0.33218752228311965,0.0,0.0,0.16533113859313653,0.9862381125324133,-3.47504793436719e-05,4.407192144432822e-05,0.0,0.0,0.0,2.6452981147726848e-15
2026-08-24T02:00:07.057429,76.87,2.693557880272237,-0.09339223744727573,0.0,0.3321876589352213,0.0,0.0,0.16533120597889153,0.9862381012359872,1.2145261364031593e-05,3.9436450468344836e-05,0.0,0.0,0.0,5.2607527068677334e-14
2026-08-24T02:00:07.074254,76.89,2.693557765362106,-0.09339232502991862,0.0,0.33218776781631437,0.0,0.0,0.16533125967023252,0.9862380922352645,-1.5292803197337218e-05,3.490262166346538e-05,0.0,0.0,0.0,5.260968809788949e-14
2026-08-24T02:00:07.095771,76.91,2.693557374487974,-0.09339250675653316,0.0,0.33218785337159945,0.0,0.0,0.16533130185917294,0.9862380851627821,-0.00010104624417348744,3.0468789204024682e-05,0.0,0.0,0.0,2.6524901043275073e-15
2026-08-24T02:00:07.115075,76.93,2.6935574790577363,-0.09339251653058162,0.0,0.3321879197455014,0.0,0.0,0.16533133458940782,0.9862380796759398,-8.191284216312015e-05,2.613334130413356e-05,0.0,0.0,0.0,5.430368126822322e-15
2026-08-24T02:00:07.134058,76.95,2.693557835153087,-0.09339243851339257,0.0,0.3321879687635061,0.0,0.0,0.1653313587611192,0.9862380756238334,-9.49898248783925e-06,2.189470453271506e-05,0.0,0.0,0.0,2.6570744993898504e-15
2026-08-24T02:00:07.156670,76.97,2.69355754964296,-0.09339258082598498,0.0,0.3321880029545517,0.0,0.0,0.16533137562137468,0.9862380727974073,-7.276143485424409e-05,1.7751328629340656e-05,0.0,0.0,0.0,2.6593188545245005e-15
2026-08-24T02:00:07.174327,76.99,2.6935580820083347,-0.09339244000528267,0.0,0.3321880262039963,0.0,0.0,0.1653313870861184,0.9862380708754759,3.7075531193952e-05,1.3701686837683189e-05,0.0,0.0,0.0,2.6615141277476635e-15
2026-08-24T02:00:07.194437,77.01,2.69355782392446,-0.09339257089313077,0.0,0.3321880396871703,0.0,0.0,0.1653313937349282,0.9862380697608799,-2.0256500053742585e-05,9.744284777628776e-06,0.0,0.0,0.0,-1.1187063797954286e-16
2026-08-24T02:00:07.213625,77.03,2.693557850311919,-0.09339260268819663,0.0,0.3321880469022816,0.0,0.0,0.16533139729283686,0.9862380691644377,-1.7341093489355453e-05,5.877647883357064e-06,0.0,0.0,0.0,-1.0974143129428431e-16
2026-08-24T02:00:07.234619,77.05,2.693558258408572,-0.09339250186145795,0.0,0.3321880496694334,0.0,0.0,0.1653313986573721,0.9862380689356891,6.639220506246177e-05,2.10032864042999e-06,0.0,0.0,0.0,-1.0766257168661005e-16
2026-08-24T02:00:07.255333,77.07,2.6935587775518277,-0.09339236179882371,0.0,0.332188050130708,0.0,0.0,0.16533139888483536,0.9862380688975575,0.00017367927234752077,-1.5890981535287516e-06,0.0,0.0,0.0,2.669924140259881e-15
2026-08-24T02:00:07.273770,77.09,2.693558789167068,-0.09339239590568583,0.0,0.33218805026844445,0.0,0.0,0.16533139895275586,0.9862380688861715,0.0001736504238856963,-5.192035309733583e-06,0.0,0.0,0.0,-4.7287873761014044e-14
2026-08-24T02:00:07.297069,77.11,2.6935579914216987,-0.09339270832024965,0.0,0.3321880520606265,0.0,0.0,0.1653313998365149,0.9862380687380194,2.4476736308580873e-06,-8.709863965380343e-06,0.0,0.0,0.0,-1.0165610862004087e-16
2026-08-24T02:00:07.316225,77.13,2.693558096807707,-0.09339270829600578,0.0,0.3321880566523259,0.0,0.0,0.1653314021007693,0.9862380683584434,2.2374763227635443e-05,-1.2143945290190188e-05,0.0,0.0,0.0,-2.875257975167955e-15
2026-08-24T02:00:07.334277,77.15,2.6935584388156197,-0.09339262577383968,0.0,0.3321880659834453,0.0,0.0,0.1653314067021219,0.9862380675870799,9.24189971471086e-05,-1.5495619584510254e-05,0.0,0.0,0.0,-4.450628796952885e-14
2026-08-24T02:00:07.356049,77.17,2.69355809163983,-0.09339278014421545,0.0,0.33218808185017457,0.0,0.0,0.1653314145263081,0.9862380662754455,1.671126350546837e-05,-1.87662071364184e-05,0.0,0.0,0.0,-9.595924444852728e-17
2026-08-24T02:00:07.374129,77.19,2.6935577617444557,-0.09339292771092778,0.0,0.3321881049290414,0.0,0.0,0.16533142590693659,0.9862380643676146,-5.52850159594333e-05,-2.195701167949397e-05,0.0,0.0,0.0,2.681647712265182e-15
2026-08-24T02:00:07.395235,77.21,2.6935584150738996,-0.09339273526420892,0.0,0.332188135825652,0.0,0.0,0.16533144114264328,0.9862380618135241,8.078928305025777e-05,-2.506931969532114e-05,0.0,0.0,0.0,-9.233378127229107e-17
2026-08-24T02:00:07.413617,77.23,2.6935589331399985,-0.09339258866389853,0.0,0.332188177440707,0.0,0.0,0.16533146166381882,0.9862380583733854,0.00018829897001526166,-2.8104392195475454e-05,0.0,0.0,0.0,2.684976272760365e-15
2026-08-24T02:00:07.435628,77.25,2.693558248008385,-0.09339285633023797,0.0,0.33218823140117193,0.0,0.0,0.16533148827275085,0.9862380539127038,4.130582451073768e-05,-3.1063474950323716e-05,0.0,0.0,0.0,-8.883514309124065e-17
2026-08-24T02:00:07.454816,77.27,2.6935574978215286,-0.09339314564957722,0.0,0.3321882962377273,0.0,0.0,0.1653315202448898,0.9862380485529412,-0.00011939836520119139,-3.394780928767258e-05,0.0,0.0,0.0,-8.712438469433072e-17
2026-08-24T02:00:07.474193,77.29,2.6935573088753344,-0.0933932405803981,0.0,0.33218837193924067,0.0,0.0,0.16533155757474616,0.9862380422950173,-0.00016131266132600764,-3.675861623974332e-05,0.0,0.0,0.0,-8.524082776938814e-17
2026-08-24T02:00:07.496089,77.31,2.693557088927887,-0.09339334544200059,0.0,0.3321884607298946,0.0,0.0,0.16533160135910635,0.9862380349550678,-0.00020973636005123568,-3.949709000127194e-05,0.0,0.0,0.0,-8.381176981082105e-17
2026-08-24T02:00:07.513993,77.32,2.6935579544106942,-0.0933926385771034,0.0,0.3321885628171768,0.0,0.0,0.1653316517002864,0.9862380265159396,-8.092122375824525e-10,-4.036905167081887e-05,0.0,0.0,0.0,-8.30167896367873e-17
2026-08-24T02:00:07.536245,77.35,2.6935577504096906,-0.09339317297941754,0.0,0.3321886807097432,0.0,0.0,0.16533170983535214,0.9862380167702515,-7.34246294083557e-05,-4.476175825574174e-05,0.0,0.0,0.0,-8.062463623465456e-17
2026-08-24T02:00:07.554117,77.37,2.693557967430122,-0.09339312488201616,0.0,0.3321888142672242,0.0,0.0,0.1653317756950844,0.986238005729606,-2.9256582503961545e-05,-4.729026873592994e-05,0.0,0.0,0.0,-7.908969090898687e-17
2026-08-24T02:00:07.573798,77.39,2.6935583378477435,-0.09339302315189325,0.0,0.33218896393607084,0.0,0.0,0.16533184949963636,0.9862379933570952,4.7411599599146827e-05,-4.9751088488951564e-05,0.0,0.0,0.0,2.6979758134937195e-15
2026-08-24T02:00:07.594921,77.41,2.6935582450994944,-0.09339308049813554,0.0,0.33218913138367023,0.0,0.0,0.16533193207122795,0.986237979514881,2.6135535383291417e-05,-5.2145333667601845e-05,0.0,0.0,0.0,-7.607282886424099e-17
2026-08-24T02:00:07.614731,77.43,2.6935582766453816,-0.09339309427511285,0.0,0.3321893147062598,0.0,0.0,0.16533202247107742,0.986237964360338,3.120124339247676e-05,-5.447412995404921e-05,0.0,0.0,0.0,-4.170755986839577e-14
2026-08-24T02:00:07.635603,77.45,2.6935583423970235,-0.09339309557232234,0.0,0.3321895151160464,0.0,0.0,0.16533212129694655,0.9862379477932552,4.35479905156502e-05,-5.673856795732814e-05,0.0,0.0,0.0,-7.295211471983698e-17
2026-08-24T02:00:07.658005,77.47,2.693558214784059,-0.09339316290685618,0.0,0.33218973307048977,0.0,0.0,0.16533222877441706,0.9862379297758141,1.5028956943733396e-05,-5.893972904461878e-05,0.0,0.0,0.0,-7.17765146965745e-17
2026-08-24T02:00:07.674076,77.49,2.693558237200057,-0.09339317782851762,0.0,0.3321899676655277,0.0,0.0,0.16533234445767825,0.9862379103827472,1.8293893344948847e-05,-6.107869133157855e-05,0.0,0.0,0.0,-7.037736855994549e-17
2026-08-24T02:00:07.695412,77.51,2.6935583197412685,-0.09339317136269663,0.0,0.33219022005704657,0.0,0.0,0.165332468916719,0.9862378895184986,3.432130245795224e-05,-6.315650323605952e-05,0.0,0.0,0.0,-6.875620882543172e-17
2026-08-24T02:00:07.714645,77.53,2.693558357615933,-0.09339317967083077,0.0,0.3321904899548409,0.0,0.0,0.165332602008433,0.9862378672070552,4.094009924364062e-05,-6.517421125739912e-05,0.0,0.0,0.0,2.7078589963030136e-15
2026-08-24T02:00:07.733637,77.55,2.6935578466816423,-0.09339337667999002,0.0,0.33219077875684416,0.0,0.0,0.16533274442216714,0.9862378433328516,-6.850952295493475e-05,-6.713283378667856e-05,0.0,0.0,0.0,-6.637582065290544e-17
2026-08-24T02:00:07.755286,77.57,2.693558295697242,-0.0933932419180688,0.0,0.3321910814052918,0.0,0.0,0.16533289366384138,0.9862378183139912,2.5173752817875825e-05,-6.903343331119876e-05,0.0,0.0,0.0,-6.507728303432701e-17
2026-08-24T02:00:07.774061,77.59,2.693558629487994,-0.09339314630277548,0.0,0.3321914036062283,0.0,0.0,0.16533305254721362,0.9862377916787717,9.451801642227389e-05,-7.087696414031994e-05,0.0,0.0,0.0,-6.383064644946804e-17
2026-08-24T02:00:07.794669,77.61,2.693558474793278,-0.09339321861045201,0.0,0.33219174558399406,0.0,0.0,0.1653332211829094,0.9862377634086433,6.055416596410579e-05,-7.266441509119984e-05,0.0,0.0,0.0,-6.259529206991235e-17
2026-08-24T02:00:07.814271,77.63,2.693558227161531,-0.09339332239754886,0.0,0.3321921045703311,0.0,0.0,0.16533339820584783,0.9862377337324437,6.966305357701663e-06,-7.439679095353402e-05,0.0,0.0,0.0,5.4897050084212826e-15
2026-08-24T02:00:07.836510,77.65,2.6935580823877086,-0.09339339012989367,0.0,0.33219247919497397,0.0,0.0,0.16533358294032433,0.9862377027634438,-2.4823034870279772e-05,-7.607507214210839e-05,0.0,0.0,0.0,-6.019003600064648e-17
2026-08-24T02:00:07.855667,77.67,2.6935585468554453,-0.0933932471267759,0.0,0.33219286972575546,0.0,0.0,0.16533377551841158,0.9862376704794983,7.231897093233157e-05,-7.770021087671166e-05,0.0,0.0,0.0,-5.902427764854298e-17
2026-08-24T02:00:07.874535,77.69,2.693558498797801,-0.09339328038104044,0.0,0.3321932800855163,0.0,0.0,0.16533397787453538,0.9862376365563132,6.106355955633869e-05,-7.927310949031578e-05,0.0,0.0,0.0,-5.787734647341523e-17
2026-08-24T02:00:07.895786,77.71,2.6935589203647305,-0.0933931510837584,0.0,0.3321937058583377,0.0,0.0,0.1653341878311222,0.9862376013589338,0.00014920044103845862,-8.079474326775095e-05,0.0,0.0,0.0,2.7187901207517187e-15
2026-08-24T02:00:07.916684,77.74,2.6935579544130843,-0.09339263857716257,0.0,0.3321946116692991,0.0,0.0,0.16533463450352015,0.9862375264780728,4.9446745804045556e-11,-8.201324337985955e-05,0.0,0.0,0.0,-5.565184004952671e-17
2026-08-24T02:00:07.935213,77.75,2.6935582038392276,-0.09339342895042765,0.0,0.332194611686087,0.0,0.0,0.16533463451179858,0.9862375264766851,-4.3931557297136705e-06,-8.368779043398057e-05,0.0,0.0,0.0,-5.4360859715219047e-17
2026-08-24T02:00:07.956562,77.77,2.6935583698670387,-0.09339338624109988,0.0,0.33219508591915936,0.0,0.0,0.16533486836502007,0.9862374872730815,2.9782653107508017e-05,-8.506106569758902e-05,0.0,0.0,0.0,-5.350902995864188e-17
2026-08-24T02:00:07.976304,77.79,2.6935581477498074,-0.09339347693004434,0.0,0.3321955775304151,0.0,0.0,0.16533511078773985,0.9862374466328105,-1.8127278397537714e-05,-8.638665438818474e-05,0.0,0.0,0.0,-5.246762665984842e-17
2026-08-24T02:00:07.994390,77.81,2.6935578090128223,-0.09339360735652381,0.0,0.3321960835875837,0.0,0.0,0.16533536033399945,0.9862374047982699,-9.06775068567104e-05,-8.766545973028182e-05,0.0,0.0,0.0,2.724096861044991e-15
2026-08-24T02:00:08.014155,77.83,2.6935580279692948,-0.09339354490475871,0.0,0.3321966023392835,0.0,0.0,0.165335616140159,0.9862373619142372,-4.520692037379837e-05,-8.889836096791715e-05,0.0,0.0,0.0,-5.0444506556260285e-17
2026-08-24T02:00:08.034761,77.85,2.693557885690899,-0.09339360659560428,0.0,0.33219713795052996,0.0,0.0,0.1653358802600644,0.9862373176363941,-7.613078812365564e-05,-9.00861579116963e-05,0.0,0.0,0.0,-4.9460122476022896e-17
2026-08-24T02:00:08.055231,77.87,2.6935578011227905,-0.09339364791031277,0.0,0.3321976870357166,0.0,0.0,0.165336151024209,0.9862372722446155,-9.481438337359466e-05,-9.122972638342352e-05,0.0,0.0,0.0,-4.849568706445463e-17
2026-08-24T02:00:08.074364,77.89,2.693558117026755,-0.09339355061056188,0.0,0.3321982494516553,0.0,0.0,0.1653364283619831,0.9862372257507332,-2.8741681180516617e-05,-9.232989343030157e-05,0.0,0.0,0.0,-4.7549562013341713e-17
2026-08-24T02:00:08.097633,77.91,2.6935578186987317,-0.09339366475993362,0.0,0.33219882855316824,0.0,0.0,0.16533671392771096,0.9862371778774041,-9.259075656038008e-05,-9.338743303299076e-05,0.0,0.0,0.0,-4.662294547359658e-17
2026-08-24T02:00:08.113940,77.92,2.693557954412068,-0.09339263857774298,0.0,0.332199418677325,0.0,0.0,0.1653370049288952,0.9862371290927666,-4.554800687100997e-10,-9.280059242151249e-05,0.0,0.0,0.0,-4.6165162677009635e-17
2026-08-24T02:00:08.134855,77.95,2.6935576391361247,-0.09339374785351279,0.0,0.33220002140762134,0.0,0.0,0.16533730214638623,0.9862370792659109,-0.00013195940472542924,-9.53780172887538e-05,0.0,0.0,0.0,-4.482208945353854e-17
2026-08-24T02:00:08.155348,77.97,2.693557930562736,-0.09339365724804133,0.0,0.3322006360907186,0.0,0.0,0.1653376052580097,0.9862370284508418,-7.095119101379923e-05,-9.631262423899855e-05,0.0,0.0,0.0,-4.3946250895174705e-17
2026-08-24T02:00:08.173784,77.99,2.6935580706947717,-0.09339361841986353,0.0,0.3322012648699331,0.0,0.0,0.16533791532067355,0.9862369764703683,-4.192492931901985e-05,-9.720778193061357e-05,0.0,0.0,0.0,-4.3085533064975615e-17
2026-08-24T02:00:08.195512,78.01,2.6935578800217383,-0.09339369330622575,0.0,0.3322019067510867,0.0,0.0,0.1653382318441291,0.9862369234066716,-8.285920038289646e-05,-9.806426304582281e-05,0.0,0.0,0.0,-4.2243567002011156e-17
2026-08-24T02:00:08.215281,78.03,2.6935580913884736,-0.09339362909380705,0.0,0.3322025579573338,0.0,0.0,0.16533855296594316,0.9862368695719745,-3.870891463100797e-05,-9.888286515951425e-05,0.0,0.0,0.0,-4.1418464163159e-17
2026-08-24T02:00:08.234669,78.05,2.6935582048068647,-0.09339359827916677,0.0,0.33220322202667646,0.0,0.0,0.1653388804307689,0.9862368146737881,-1.52558746284741e-05,-9.966428231038065e-05,0.0,0.0,0.0,4.436809080597928e-14
2026-08-24T02:00:08.254707,78.07,2.6935583719772467,-0.0933935485354928,0.0,0.3322038970650128,0.0,0.0,0.16533921330458878,0.9862367588686906,1.959446928030584e-05,-0.00010040926804739798,0.0,0.0,0.0,-3.9814495753663883e-17
2026-08-24T02:00:08.275022,78.09,2.6935579211971876,-0.09339371160060116,0.0,0.3322045848250408,0.0,0.0,0.16533955245168946,0.9862367020117813,-7.626837237773701e-05,-0.00010111851808151294,0.0,0.0,0.0,-3.902025842157605e-17
2026-08-24T02:00:08.297995,78.1,2.6935579544122974,-0.0933926385778235,0.0,0.332205278486613,0.0,0.0,0.16533989450893016,0.986236644666875,-3.024860264527341e-10,-0.00010026962749662076,0.0,0.0,0.0,-3.8649648191708973e-17
2026-08-24T02:00:08.313723,78.13,2.6935581312566166,-0.09339365313251133,0.0,0.3322059830851698,0.0,0.0,0.16534024195937816,0.9862365864176883,-3.2740065825144104e-05,-0.00010243283499047402,0.0,0.0,0.0,-3.752023626282953e-17
2026-08-24T02:00:08.336671,78.15,2.6935581509342996,-0.09339365280772287,0.0,0.3322066964180687,0.0,0.0,0.16534059371686927,0.9862365274463085,-2.8998652835725084e-05,-0.00010303925188025987,0.0,0.0,0.0,-3.6783813002592226e-17
2026-08-24T02:00:08.355323,78.17,2.693558347685366,-0.0933935910460037,0.0,0.33220741816462235,0.0,0.0,0.16534094962326587,0.9862364677792425,1.2228303955867463e-05,-0.00010361276308537634,0.0,0.0,0.0,-3.606350689847954e-17
2026-08-24T02:00:08.375132,78.19,2.693558043148264,-0.09339370188435435,0.0,0.33220815017113464,0.0,0.0,0.16534131058901333,0.9862364072638504,-5.257870186967765e-05,-0.00010415401286964966,0.0,0.0,0.0,-3.5357578338575395e-17
2026-08-24T02:00:08.394778,78.21,2.6935581411683236,-0.09339367350968067,0.0,0.3322088878977466,0.0,0.0,0.1653416743754237,0.9862363462754409,-3.219570809193166e-05,-0.0001046637205852803,0.0,0.0,0.0,-3.4663066043786214e-17
2026-08-24T02:00:08.413723,78.23,2.6935580045724805,-0.09339372574940465,0.0,0.33220963378972135,0.0,0.0,0.16534204218830018,0.9862362846118583,-6.142876519567133e-05,-0.00010514250277005674,0.0,0.0,0.0,-3.398203947941319e-17
2026-08-24T02:00:08.434193,78.25,2.693558182440781,-0.09339366918065495,0.0,0.3322103846397795,0.0,0.0,0.16534241244607434,0.9862362225382478,-2.4110500467532973e-05,-0.00010559104278827336,0.0,0.0,0.0,-3.331691397671893e-17
2026-08-24T02:00:08.454805,78.27,2.693558402805754,-0.09339359763687927,0.0,0.3322111436572559,0.0,0.0,0.16534278673132682,0.9862361597892865,2.221893586666766e-05,-0.00010600992755257638,0.0,0.0,0.0,-3.266075513387747e-17
2026-08-24T02:00:08.474090,78.29,2.6935581684859473,-0.0933936826513157,0.0,0.33221191013457974,0.0,0.0,0.1653431646951409,0.9862360964234657,-2.7628148642942004e-05,-0.00010639978864559293,0.0,0.0,0.0,2.743522312783421e-15
2026-08-24T02:00:08.494937,78.31,2.6935581246514833,-0.09339370164900022,0.0,0.33221268077802263,0.0,0.0,0.16534354471331902,0.9862360327130796,-3.715480168648792e-05,-0.00010676128249488995,0.0,0.0,0.0,-3.139245073040283e-17
2026-08-24T02:00:08.514452,78.33,2.6935582071114226,-0.09339367678157581,0.0,0.33221345622628645,0.0,0.0,0.16534392710081625,0.9862359686053231,-1.9942683229099496e-05,-0.00010709500285772769,0.0,0.0,0.0,-3.0774751722326486e-17
2026-08-24T02:00:08.536718,78.35,2.6935587376781807,-0.0933934970294951,0.0,0.3322142361884848,0.0,0.0,0.16534431171419076,0.9862359041242418,9.209293725998723e-05,-0.0001074015477126431,0.0,0.0,0.0,-3.017046557809532e-17
2026-08-24T02:00:08.560148,78.37,2.693558665060419,-0.09339352509429429,0.0,0.33221502551886634,0.0,0.0,0.1653447009471591,0.9862358388685206,7.653236710324086e-05,-0.00010768143588696612,0.0,0.0,0.0,-2.957726471890315e-17
2026-08-24T02:00:08.573816,78.39,2.693558730656789,-0.0933935052002783,0.0,0.3322158170909626,0.0,0.0,0.16534509128553138,0.9862357734273176,9.023176202853692e-05,-0.00010793534232008163,0.0,0.0,0.0,-2.899567718581412e-17
2026-08-24T02:00:08.594497,78.41,2.6935582103226965,-0.09339368718478398,0.0,0.33221661529432867,0.0,0.0,0.16534548489387524,0.9862357074377348,-2.0015243163460163e-05,-0.00010816377267003124,0.0,0.0,0.0,-2.8424979449634184e-17
2026-08-24T02:00:08.615350,78.43,2.693558341431704,-0.09339364415726284,0.0,0.33221741174977515,0.0,0.0,0.16534587764026248,0.9862356415925007,7.579545280278654e-06,-0.00010836740054415817,0.0,0.0,0.0,-2.786581755070419e-17
2026-08-24T02:00:08.633969,78.45,2.6935576439550624,-0.09339388673828992,0.0,0.3322182141027272,0.0,0.0,0.16534627329478843,0.9862355752595448,-0.00014011139372199465,-0.00010854666903898143,0.0,0.0,0.0,-2.731796305600796e-17
2026-08-24T02:00:08.656847,78.47,2.6935578957365927,-0.093393801570395,0.0,0.33221901146629307,0.0,0.0,0.16534666648893281,0.9862355093389193,-8.695296174267094e-05,-0.00010870226954683757,0.0,0.0,0.0,-2.677985775289535e-17
2026-08-24T02:00:08.674911,78.49,2.693557852217976,-0.09339381803624887,0.0,0.3322198157786183,0.0,0.0,0.16534706310960728,0.9862354428436587,-9.625507490486003e-05,-0.00010883456789854225,0.0,0.0,0.0,-2.6253460084020728e-17
2026-08-24T02:00:08.696319,78.51,2.693558189166906,-0.0933937029980833,0.0,0.3322206195337243,0.0,0.0,0.1653474594554804,0.9862353763943059,-2.5046715573774687e-05,-0.00010894419397005105,0.0,0.0,0.0,-2.5736670998401894e-17
2026-08-24T02:00:08.716424,78.53,2.6935581870515413,-0.0933937047044131,0.0,0.33222142780078817,0.0,0.0,0.1653478580262529,0.9862353095717726,-2.5558397777220232e-05,-0.00010903159399336694,0.0,0.0,0.0,-2.5230078557301443e-17
2026-08-24T02:00:08.734261,78.55,2.693558238011971,-0.09339368786984806,0.0,0.3322222373874677,0.0,0.0,0.1653482572477241,0.9862352426399801,-1.4825709614956173e-05,-0.00010909732080352046,0.0,0.0,0.0,-2.473303437656463e-17
2026-08-24T02:00:08.754954,78.57,2.693558480155281,-0.0933936048510771,0.0,0.3322230485262665,0.0,0.0,0.16534865723454553,0.9862351755797056,3.636978607915033e-05,-0.0001091418711494205,0.0,0.0,0.0,-2.4246430145244187e-17
2026-08-24T02:00:08.774915,78.59,2.693558460565485,-0.09339361191391961,0.0,0.33222386191597414,0.0,0.0,0.1653490583313024,0.9862351083331761,3.220498196445128e-05,-0.0001091657282083843,0.0,0.0,0.0,-2.376788364154728e-17
2026-08-24T02:00:08.794515,78.61,2.6935585269313096,-0.0933935891075644,0.0,0.33222467550348395,0.0,0.0,0.16534945952557165,0.9862350410701302,4.623981700047275e-05,-0.00010916940478389966,0.0,0.0,0.0,-2.3299850401518565e-17
2026-08-24T02:00:08.814490,78.63,2.6935582840018713,-0.09339367280346936,0.0,0.332225490466533,0.0,0.0,0.165349861398116,0.9862349736931985,-5.148886165601276e-06,-0.00010915336084919565,0.0,0.0,0.0,2.7527038676357697e-15
2026-08-24T02:00:08.834036,78.65,2.6935579698867578,-0.09339378085664388,0.0,0.33222630386681473,0.0,0.0,0.16535026250000506,0.986234906445305,-7.158476479767803e-05,-0.00010911810521219643,0.0,0.0,0.0,-2.2389733405683635e-17
2026-08-24T02:00:08.854855,78.67,2.6935583759839794,-0.09339364022829998,0.0,0.3322271123701866,0.0,0.0,0.1653506611871152,0.986234839602102,1.4366470691822708e-05,-0.00010906414429614701,0.0,0.0,0.0,-2.1947115664757998e-17
2026-08-24T02:00:08.875953,78.69,2.693558306349199,-0.09339366354007148,0.0,0.3322279244180742,0.0,0.0,0.16535106162206065,0.9862347724656931,-3.199949299168361e-07,-0.00010899181488190509,0.0,0.0,0.0,-2.151570678707359e-17
2026-08-24T02:00:08.894594,78.71,2.69355780147418,-0.09339383682826372,0.0,0.3322287356039255,0.0,0.0,0.16535146163189382,0.9862347054003912,-0.00010707696851677774,-0.00010890162449500293,0.0,0.0,0.0,-2.1090126045259457e-17
2026-08-24T02:00:08.915990,78.73,2.693558238479961,-0.09339368496806734,0.0,0.33222954043452907,0.0,0.0,0.165351858507817,0.986234638860353,-1.4549218862516912e-05,-0.00010879408627979806,0.0,0.0,0.0,-2.067390011194278e-17
2026-08-24T02:00:08.935017,78.75,2.6935583508884102,-0.09339364491906423,0.0,0.3322303471193937,0.0,0.0,0.16535225629808165,0.986234572166852,9.314947813149142e-06,-0.0001086695189119554,0.0,0.0,0.0,-2.0267257410456015e-17
2026-08-24T02:00:08.955341,78.77,2.693558181820982,-0.09339370180918728,0.0,0.3322311534705777,0.0,0.0,0.1653526539237757,0.986234505500778,-2.6360667893378124e-05,-0.0001085283776839561,0.0,0.0,0.0,-1.9866151285668613e-17
2026-08-24T02:00:08.974416,78.79,2.6935585245456495,-0.09339358195041705,0.0,0.33223195529887745,0.0,0.0,0.16535304931913078,0.9862344392084801,4.625426781905916e-05,-0.0001083711372259826,0.0,0.0,0.0,-1.947489305832488e-17
2026-08-24T02:00:08.995995,78.81,2.6935580138755957,-0.09339375636360422,0.0,0.33223275885909503,0.0,0.0,0.16535344556849768,0.9862343727728343,-6.16720239722781e-05,-0.00010819812244730972,0.0,0.0,0.0,-1.9090036224612122e-17
2026-08-24T02:00:09.015225,78.83,2.6935577553833747,-0.09339384360915236,0.0,0.33223355619187833,0.0,0.0,0.16535383874698326,0.9862343068518944,-0.0001162341653645661,-0.00010800984462709333,0.0,0.0,0.0,-1.8712276685100213e-17
2026-08-24T02:00:09.034991,78.85,2.6935579635014153,-0.09339376970622727,0.0,0.33223434831083415,0.0,0.0,0.16535422935441493,0.986234241361862,-7.206599182716305e-05,-0.00010780668489539409,0.0,0.0,0.0,-1.8343675099353075e-17
2026-08-24T02:00:09.056400,78.87,2.6935582643623848,-0.09339366365035955,0.0,0.3322351394861904,0.0,0.0,0.16535461949651567,0.9862341759496892,-8.266551227640239e-06,-0.00010758897488525763,0.0,0.0,0.0,-1.7982126514888963e-17
2026-08-24T02:00:09.074381,78.89,2.6935579678994497,-0.09339376353569612,0.0,0.3322359297585673,0.0,0.0,0.16535500919331594,0.9862341106120182,-7.083272319060942e-05,-0.0001073570986628709,0.0,0.0,0.0,-1.7626724279176025e-17
2026-08-24T02:00:09.095210,78.91,2.693558388890381,-0.0933936157362349,0.0,0.332236713101719,0.0,0.0,0.16535539547317152,0.9862340458470854,1.840216110106182e-05,-0.00010711151397006703,0.0,0.0,0.0,-1.727809082809727e-17
2026-08-24T02:00:09.113771,78.93,2.693557910277634,-0.09339377818095675,0.0,0.3322374981613799,0.0,0.0,0.16535578259944156,0.9862339809400841,-8.268260033577018e-05,-0.00010685247447712656,0.0,0.0,0.0,-1.674203685156381e-17
2026-08-24T02:00:09.137114,78.95,2.693558050632665,-0.09339372692827808,0.0,0.3322382751081143,0.0,0.0,0.16535616572506454,0.9862339167036921,-5.280321308697196e-05,-0.00010658047573039381,0.0,0.0,0.0,-1.6602213902780738e-17
2026-08-24T02:00:09.155943,78.97,2.693558119988496,-0.09339370003792646,0.0,0.33223904905571716,0.0,0.0,0.16535654737174002,0.9862338527151142,-3.7936801378142865e-05,-0.00010629580601949104,0.0,0.0,0.0,-1.6272269038512455e-17
2026-08-24T02:00:09.174216,78.99,2.693558104750587,-0.09339370220436256,0.0,0.33223981966959304,0.0,0.0,0.1653569273744736,0.986233789002016,-4.0959252205315496e-05,-0.00010599882130432136,0.0,0.0,0.0,-1.5951234401223923e-17
2026-08-24T02:00:09.195639,79.01,2.6935587638849974,-0.09339347156560832,0.0,0.3322405840367391,0.0,0.0,0.16535730429681483,0.9862337258052427,9.870316764861149e-05,-0.0001056899056371796,0.0,0.0,0.0,-1.5635408226435838e-17
2026-08-24T02:00:09.214154,79.03,2.6935588325151385,-0.09339344454422792,0.0,0.3322413498176231,0.0,0.0,0.16535768191626993,0.9862336624914391,0.00011344055094204326,-0.00010536929770552298,0.0,0.0,0.0,-1.5327574927791093e-17
2026-08-24T02:00:09.233864,79.05,2.6935583474388682,-0.0933936084495254,0.0,0.3322421120476276,0.0,0.0,0.1653580577847024,0.9862335994710741,1.1038748303811475e-05,-0.00010503739755174728,0.0,0.0,0.0,-1.5023640122110728e-17
2026-08-24T02:00:09.255838,79.07,2.693557918957417,-0.09339375271292667,0.0,0.33224286691503074,0.0,0.0,0.16535843002248873,0.9862335370593001,-7.938134138451653e-05,-0.00010469458080800347,0.0,0.0,0.0,-1.4725751096788885e-17
2026-08-24T02:00:09.274242,79.09,2.693558432337904,-0.09339357189112221,0.0,0.3322436114586922,0.0,0.0,0.1653587971694416,0.9862334755009462,2.9475145312055206e-05,-0.00010434120573340475,0.0,0.0,0.0,-1.443552298649235e-17
2026-08-24T02:00:09.294778,79.11,2.6935582703245116,-0.09339362399260302,0.0,0.3322443565550284,0.0,0.0,0.16535916458890473,0.9862334138967608,-4.554703668303975e-06,-0.00010397744579477016,0.0,0.0,0.0,-1.414982472072469e-17
2026-08-24T02:00:09.315204,79.13,2.6935584631669967,-0.09339355355095513,0.0,0.33224509377147043,0.0,0.0,0.16535952812263774,0.9862333529439463,3.6499556619955074e-05,-0.00010360372139055712,0.0,0.0,0.0,-1.3869716911105571e-17
2026-08-24T02:00:09.333622,79.15,2.6935585209674624,-0.09339352960041494,0.0,0.33224582727479435,0.0,0.0,0.16535988982534786,0.9862332922979983,4.8989501410385334e-05,-0.00010322028261220201,0.0,0.0,0.0,-1.3593928933024468e-17
2026-08-24T02:00:09.357613,79.17,2.6935584185332564,-0.09339356083700377,0.0,0.3322465560794256,0.0,0.0,0.16536024921103237,0.986233232040406,2.7585227914759542e-05,-0.00010282744127674157,0.0,0.0,0.0,-1.3326016540568867e-17
2026-08-24T02:00:09.373688,79.19,2.693557987901194,-0.09339370521794972,0.0,0.33224727942250987,0.0,0.0,0.16536060590351542,0.9862331722342451,-6.324943925047696e-05,-0.00010242550012316595,0.0,0.0,0.0,-1.3061975842858633e-17
2026-08-24T02:00:09.396808,79.21,2.6935582271142913,-0.09339361838425965,0.0,0.3322479935426656,0.0,0.0,0.16536095804799822,0.9862331131905114,-1.2358677060788113e-05,-0.0001020147936275713,0.0,0.0,0.0,-1.2804996352690469e-17
2026-08-24T02:00:09.415010,79.23,2.693558402384262,-0.09339355352251817,0.0,0.33224870308527293,0.0,0.0,0.1653613079351951,0.9862330545251268,2.5009006543212258e-05,-0.0001015955452633061,0.0,0.0,0.0,-1.254999522143234e-17
2026-08-24T02:00:09.434810,79.25,2.6935588941631683,-0.09339337936466637,0.0,0.3322494074817959,0.0,0.0,0.16536165528475202,0.9862329962851004,0.00012934633033351303,-0.00010116804033108368,0.0,0.0,0.0,-1.2301321076018165e-17
2026-08-24T02:00:09.454102,79.27,2.693559300071595,-0.0933932347499498,0.0,0.3322501087296059,0.0,0.0,0.16536200108160629,0.9862329383052905,0.00021552134418012913,-0.00010073252757544775,0.0,0.0,0.0,-1.2058386439074836e-17
2026-08-24T02:00:09.475069,79.29,2.693559037176387,-0.0933933208175727,0.0,0.33225080747188196,0.0,0.0,0.1653623456429202,0.9862328805325198,0.0001602029172321917,-0.00010028926789270955,0.0,0.0,0.0,-1.1818767809373458e-17
2026-08-24T02:00:09.494412,79.31,2.6935583189563626,-0.09339356391313079,0.0,0.33225149973419743,0.0,0.0,0.16536268700883905,0.9862328232954005,8.556975319860313e-06,-9.983857270201503e-05,0.0,0.0,0.0,-1.158506719919107e-17
2026-08-24T02:00:09.514408,79.33,2.6935582004557457,-0.09339360000523585,0.0,0.33225217978873633,0.0,0.0,0.16536302235488343,0.9862327670675206,-1.6200979085354096e-05,-9.93807678527932e-05,0.0,0.0,0.0,-1.135576541998842e-17
2026-08-24T02:00:09.534060,79.35,2.693557700221473,-0.09339376773875076,0.0,0.33225285440953245,0.0,0.0,0.16536335502144126,0.9862327112887976,-0.00012171808473338363,-9.891602026023991e-05,0.0,0.0,0.0,-1.1130986146687463e-17
2026-08-24T02:00:09.555714,79.37,2.693558141869825,-0.09339361041112137,0.0,0.33225351730587066,0.0,0.0,0.16536368190645867,0.9862326564793622,-2.795592710087672e-05,-9.844465346077222e-05,0.0,0.0,0.0,-1.0911046923608075e-17
2026-08-24T02:00:09.574349,79.39,2.6935575602389314,-0.09339380609167809,0.0,0.33225417887287323,0.0,0.0,0.1653640081359408,0.9862326017797305,-0.00015068557236428825,-9.796678358978536e-05,0.0,0.0,0.0,-1.0694456400295876e-17
2026-08-24T02:00:09.594118,79.41,2.693558481900389,-0.09339348300278097,0.0,0.33225482726514327,0.0,0.0,0.16536432786872984,0.9862325481693064,4.464205191385735e-05,-9.748279214380904e-05,0.0,0.0,0.0,-1.0468212879720442e-17
2026-08-24T02:00:09.614102,79.43,2.6935587841385247,-0.09339337357834529,0.0,0.33225547657925336,0.0,0.0,0.16536464805607579,0.9862324944825587,0.00010892109781206826,-9.699274382087834e-05,0.0,0.0,0.0,-1.027536209107702e-17
2026-08-24T02:00:09.635284,79.45,2.693558170456138,-0.09339358012825856,0.0,0.3322561234169106,0.0,0.0,0.16536496702222525,0.9862324410004664,-2.0577180993078438e-05,-9.649691107330796e-05,0.0,0.0,0.0,-1.0071050388644733e-17
2026-08-24T02:00:09.656923,79.47,2.6935582135791516,-0.09339355999159281,0.0,0.3322567580105665,0.0,0.0,0.16536527995064204,0.9862323885306372,-1.1110340794224924e-05,-9.599563426897522e-05,0.0,0.0,0.0,-9.872269178247965e-18
2026-08-24T02:00:09.673941,79.49,2.6935578412068395,-0.0933936831647366,0.0,0.33225738738270527,0.0,0.0,0.16536559030422773,0.9862323364924385,-8.954691606917042e-05,-9.548904925211224e-05,0.0,0.0,0.0,-9.67571049489473e-18
2026-08-24T02:00:09.695232,79.51,2.6935579786336046,-0.09339363037875842,0.0,0.33225800726821136,0.0,0.0,0.1653658959797853,0.9862322852385248,-6.012114077169404e-05,-9.49774215340108e-05,0.0,0.0,0.0,-9.484471247952445e-18
2026-08-24T02:00:09.714732,79.53,2.693558217887916,-0.09339354240518881,0.0,0.3322586209195082,0.0,0.0,0.16536619858113794,0.9862322344999801,-9.148662907670246e-06,-9.446092462399454e-05,0.0,0.0,0.0,-9.29547271260121e-18
2026-08-24T02:00:09.735164,79.55,2.693558441752467,-0.09339345969195693,0.0,0.3322592286152571,0.0,0.0,0.16536649824569843,0.9862321842537666,3.857095017714978e-05,-9.393976380585008e-05,0.0,0.0,0.0,-9.111767800867544e-18
2026-08-24T02:00:09.755053,79.57,2.693558026165246,-0.09339359757459383,0.0,0.3322598334359706,0.0,0.0,0.16536679649251756,0.9862321342451797,-4.8995556071515305e-05,-9.34141075573804e-05,0.0,0.0,0.0,-8.930985571132645e-18
2026-08-24T02:00:09.773586,79.59,2.6935575332702792,-0.09339376208807355,0.0,0.33226042907795117,0.0,0.0,0.1653670902131411,0.9862320849954329,-0.00015291480032347755,-9.28842275364157e-05,0.0,0.0,0.0,-8.75358621258854e-18
2026-08-24T02:00:09.795377,79.61,2.693558010323669,-0.09339359187584996,0.0,0.33226101347882553,0.0,0.0,0.16536737839058047,0.9862320366750548,-5.161833829219889e-05,-9.235034083968527e-05,0.0,0.0,0.0,-8.579736664702029e-18
2026-08-24T02:00:09.813764,79.63,2.6935581108819497,-0.09339355153247378,0.0,0.33226159470646005,0.0,0.0,0.16536766500323033,0.986231988616968,-2.9975322934425413e-05,-9.181254773513461e-05,0.0,0.0,0.0,-8.410257146065456e-18
2026-08-24T02:00:09.834022,79.65,2.6935583447207683,-0.09339346516071818,0.0,0.3322621695988786,0.0,0.0,0.1653679484918701,0.9862319410826189,1.9868858550232332e-05,-9.127107267621678e-05,0.0,0.0,0.0,-8.243550300969167e-18
2026-08-24T02:00:09.854167,79.67,2.6935585604066814,-0.09339338501514423,0.0,0.33226273824888514,0.0,0.0,0.16536822890226333,0.9862318940643365,6.587472003571755e-05,-9.07260993088955e-05,0.0,0.0,0.0,-8.079660650674358e-18
2026-08-24T02:00:09.875502,79.7,2.6935579544133943,-0.09339263857721909,0.0,0.3322638585004971,0.0,0.0,0.16536878131617191,0.9862318014371693,2.1038797855016562e-10,-8.88457613025544e-05,0.0,0.0,0.0,-7.920080673028935e-18
2026-08-24T02:00:09.897236,79.71,2.6935582261189768,-0.09339348881434345,0.0,0.3322638591366474,0.0,0.0,0.1653687816298677,0.9862318013845696,-4.097812362212552e-06,-8.96263506315244e-05,0.0,0.0,0.0,-7.762578582341134e-18
2026-08-24T02:00:09.913843,79.73,2.693558098810291,-0.09339352692068276,0.0,0.33226440804741664,0.0,0.0,0.16536905230648988,0.9862317559981799,-3.0652700968525375e-05,-8.907196052104003e-05,0.0,0.0,0.0,-7.60848108597712e-18
2026-08-24T02:00:09.934035,79.75,2.693558211299527,-0.09339348225344986,0.0,0.33226494859793476,0.0,0.0,0.1653693188605272,0.9862317113029804,-6.471469756663655e-06,-8.851479312847038e-05,0.0,0.0,0.0,-7.456920053326685e-18
2026-08-24T02:00:09.957433,79.77,2.6935584766237612,-0.09339338482095896,0.0,0.33226548312704995,0.0,0.0,0.1653695824453033,0.9862316671055873,5.004695587082496e-05,-8.795498866152598e-05,0.0,0.0,0.0,-7.309169127809783e-18
2026-08-24T02:00:09.974275,79.79,2.6935581112864946,-0.09339350497675113,0.0,0.3322660134136983,0.0,0.0,0.1653698439380401,0.9862316232589119,-2.686287806246199e-05,-8.739269104617163e-05,0.0,0.0,0.0,-7.164322691742501e-18
2026-08-24T02:00:09.997489,79.81,2.69355799601949,-0.09339353881949747,0.0,0.33226653444773996,0.0,0.0,0.16537010086815887,0.9862315801772193,-5.0862948896780624e-05,-8.682811213227261e-05,0.0,0.0,0.0,-7.021730807780402e-18
2026-08-24T02:00:10.014043,79.83,2.693558299142834,-0.0933934282697572,0.0,0.33226704737256435,0.0,0.0,0.16537035379948345,0.9862315377659719,1.3657698667307382e-05,-8.626139433777549e-05,0.0,0.0,0.0,-6.883142368589539e-18
2026-08-24T02:00:10.034208,79.85,2.6935578467916,-0.09339357838223641,0.0,0.33226755699339705,0.0,0.0,0.1653706051015468,0.9862314956278512,-8.165734368708222e-05,-8.569263963811163e-05,0.0,0.0,0.0,-6.745825066548901e-18
2026-08-24T02:00:10.054520,79.87,2.6935583900221234,-0.09339338493939153,0.0,0.33226805557516054,0.0,0.0,0.1653708509600608,0.9862314544024365,3.366609791253579e-05,-8.512207729863074e-05,0.0,0.0,0.0,-6.6121742268225594e-18
2026-08-24T02:00:10.074006,79.89,2.693558071091138,-0.09339348897584891,0.0,0.33226855248034465,0.0,0.0,0.1653710959918169,0.9862314133155896,-3.341873136560336e-05,-8.454975621924588e-05,0.0,0.0,0.0,-6.4810904296588656e-18
2026-08-24T02:00:10.094773,79.91,2.693557857074032,-0.0933935567943178,0.0,0.33226904003210533,0.0,0.0,0.16537133641124302,0.9862313730020758,-7.83051037376214e-05,-8.397589830721462e-05,0.0,0.0,0.0,-6.353219014690535e-18
2026-08-24T02:00:10.113988,79.93,2.6935584047315797,-0.09339336177238362,0.0,0.3322695191292966,0.0,0.0,0.16537157266157865,0.9862313333875761,3.795818557189774e-05,-8.340063256278645e-05,0.0,0.0,0.0,-6.22643188334613e-18
2026-08-24T02:00:10.135669,79.95,2.6935585850680783,-0.09339329348454278,0.0,0.3322699950678904,0.0,0.0,0.16537180735435097,0.9862312940341913,7.650711753602039e-05,-8.282404254353608e-05,0.0,0.0,0.0,-6.103277279330855e-18
2026-08-24T02:00:10.156394,79.97,2.6935583951815354,-0.09339335293437792,0.0,0.3322704659691515,0.0,0.0,0.16537203956312643,0.9862312550972676,3.672848796200352e-05,-8.224628164806338e-05,0.0,0.0,0.0,-5.982356561510315e-18
2026-08-24T02:00:10.174312,79.99,2.6935584205235528,-0.09339333810577455,0.0,0.33227092877920544,0.0,0.0,0.16537226778199215,0.9862312168293199,4.248711039161091e-05,-8.166751057078953e-05,0.0,0.0,0.0,-5.862986982483715e-18
2026-08-24T02:00:10.195018,80.01,2.69355862818421,-0.09339326035567853,0.0,0.33227138462104217,0.0,0.0,0.1653724925647125,0.9862311791374951,8.6819663536602e-05,-8.10878453314671e-05,0.0,0.0,0.0,-5.7464615959922724e-18
2026-08-24T02:00:10.216725,80.03,2.6935579380855716,-0.09339349238204706,0.0,0.3322718375702163,0.0,0.0,0.16537271592100733,0.986231141684803,-5.878776209078775e-05,-8.050737076242953e-05,0.0,0.0,0.0,-5.63239118517394e-18
2026-08-24T02:00:10.234942,80.05,2.6935577482393183,-0.09339355178250086,0.0,0.3322722787993997,0.0,0.0,0.16537293349798396,0.9862311052011448,-9.855491179072534e-05,-7.992629393083789e-05,0.0,0.0,0.0,-5.520474643000479e-18
2026-08-24T02:00:10.256851,80.07,2.6935578164127305,-0.09339352214340538,0.0,0.3322727127586411,0.0,0.0,0.1653731474900312,0.9862310693185651,-8.373232726898057e-05,-7.93446892312807e-05,0.0,0.0,0.0,-5.411740189857608e-18
2026-08-24T02:00:10.274095,80.09,2.693558362809627,-0.09339332748055354,0.0,0.3322731400649075,0.0,0.0,0.16537335820138543,0.9862310339860515,3.226896813673003e-05,-7.876266701421867e-05,0.0,0.0,0.0,-5.303186059224662e-18
2026-08-24T02:00:10.294990,80.11,2.693557711947817,-0.0933935459478419,0.0,0.33227356587526163,0.0,0.0,0.1653735681750746,0.986230998777185,-0.00010503606566172466,-7.8180292997677e-05,0.0,0.0,0.0,-5.1983922306996385e-18
2026-08-24T02:00:10.313920,80.13,2.693557417621372,-0.0933936413849498,0.0,0.33227398161427685,0.0,0.0,0.16537377318242313,0.9862309644010415,-0.00016690721695681606,-7.759775875563608e-05,0.0,0.0,0.0,-5.095088359171467e-18
2026-08-24T02:00:10.336385,80.15,2.6935579228283992,-0.09339346092785655,0.0,0.3322743886928521,0.0,0.0,0.16537397391916764,0.9862309307409611,-5.9619753658886865e-05,-7.701515804779269e-05,0.0,0.0,0.0,-4.993123684060295e-18
2026-08-24T02:00:10.356278,80.17,2.693557948384522,-0.093393445982283,0.0,0.3322747932075969,0.0,0.0,0.1653741733916409,0.9862308972928355,-5.38135272269883e-05,-7.643254066432501e-05,0.0,0.0,0.0,-4.895130938700224e-18
2026-08-24T02:00:10.374094,80.19,2.6935579801692398,-0.09339342888843168,0.0,0.3322751911116235,0.0,0.0,0.16537436960426022,0.9862308643912913,-4.668924128512709e-05,-7.58500481356845e-05,0.0,0.0,0.0,-4.798184929534906e-18
2026-08-24T02:00:10.394087,80.21,2.6935580135974195,-0.09339341122943363,0.0,0.3322755836121543,0.0,0.0,0.1653745631523259,0.9862308319365084,-3.9217316595031543e-05,-7.526777024186166e-05,0.0,0.0,0.0,-4.702398059773529e-18
2026-08-24T02:00:10.414743,80.23,2.6935580108618518,-0.09339340605250453,0.0,0.33227597023467625,0.0,0.0,0.16537475380184857,0.9862307999677246,-3.93968584460781e-05,-7.468580996799653e-05,0.0,0.0,0.0,-4.6089127042199085e-18
2026-08-24T02:00:10.434214,80.25,2.6935583273612504,-0.09339329072127343,0.0,0.33227634995969657,0.0,0.0,0.16537494105010087,0.986230768569241,2.7964539739217152e-05,-7.410427259756652e-05,0.0,0.0,0.0,-4.516745509470492e-18
2026-08-24T02:00:10.453552,80.27,2.693558802082903,-0.09339312079684237,0.0,0.33227672556112253,0.0,0.0,0.16537512626493944,0.9862307375116917,0.00012880085268206025,-7.352322750672611e-05,0.0,0.0,0.0,-4.4278100020678234e-18
2026-08-24T02:00:10.474219,80.29,2.693558204240883,-0.09339332098844377,0.0,0.33227709943141104,0.0,0.0,0.16537531062612174,0.9862307065972514,2.7121166657133555e-06,-7.294274628070404e-05,0.0,0.0,0.0,-4.339474257098488e-18
2026-08-24T02:00:10.494583,80.31,2.6935587326529484,-0.09339313254983697,0.0,0.3322774620369975,0.0,0.0,0.16537548943250088,0.9862306766142295,0.00011490762880167147,-7.236300121597163e-05,0.0,0.0,0.0,-4.2538915030815585e-18
2026-08-24T02:00:10.513926,80.33,2.6935586984245585,-0.09339313826981843,0.0,0.33227782252035215,0.0,0.0,0.16537566719236962,0.9862306468066578,0.00010806279969597725,-7.178399973751097e-05,0.0,0.0,0.0,-4.1685048684430624e-18
2026-08-24T02:00:10.534881,80.35,2.6935584457849,-0.09339321936631709,0.0,0.3322781774633091,0.0,0.0,0.16537584222017795,0.9862306174571781,5.500806733719894e-05,-7.120585662584133e-05,0.0,0.0,0.0,-4.085779921951162e-18
2026-08-24T02:00:10.554504,80.37,2.693558501856646,-0.0933931939449948,0.0,0.3322785247941873,0.0,0.0,0.16537601349434874,0.986230588737095,6.726758907794595e-05,-7.062867164918351e-05,0.0,0.0,0.0,-4.004314094189272e-18
2026-08-24T02:00:10.576448,80.39,2.693558379746131,-0.09339323002000498,0.0,0.33227886717669675,0.0,0.0,0.16537618232839824,0.9862305604261533,4.18277940157953e-05,-7.005250245926765e-05,0.0,0.0,0.0,-3.925348587141589e-18
2026-08-24T02:00:10.594783,80.41,2.6935584191945887,-0.09339321035683475,0.0,0.3322792030051956,0.0,0.0,0.1653763479305602,0.9862305326571219,5.056876633888546e-05,-6.947744078518206e-05,0.0,0.0,0.0,-3.847171281599134e-18
2026-08-24T02:00:10.615353,80.43,2.6935581098461405,-0.09339331106640142,0.0,0.3322795342217258,0.0,0.0,0.16537651125848543,0.9862305052694182,-1.448691278327395e-05,-6.890354673747792e-05,0.0,0.0,0.0,-3.771611805128624e-18
2026-08-24T02:00:10.635123,80.45,2.6935581603727643,-0.09339328760571183,0.0,0.33227985783272196,0.0,0.0,0.16537667083600144,0.9862304785105765,-3.4036122114521956e-06,-6.833091890090276e-05,0.0,0.0,0.0,-3.6954081100790955e-18
2026-08-24T02:00:10.654586,80.47,2.693558134569016,-0.09339329049829923,0.0,0.3322801766259871,0.0,0.0,0.16537682803781653,0.9862304521500797,-8.470847764925675e-06,-6.775960661792869e-05,0.0,0.0,0.0,-3.6225229685075765e-18
2026-08-24T02:00:10.674303,80.49,2.6935582550073027,-0.09339324294092444,0.0,0.33228048958927753,0.0,0.0,0.1653769823647782,0.9862304262716294,1.7401782322401666e-05,-6.718968858566136e-05,0.0,0.0,0.0,-3.550075203711652e-18
2026-08-24T02:00:10.695207,80.51,2.69355785297619,-0.09339337568974591,0.0,0.3322807989212446,0.0,0.0,0.16537713490107514,0.9862304006934239,-6.726674232266346e-05,-6.662121588743317e-05,0.0,0.0,0.0,-3.479404342421507e-18
2026-08-24T02:00:10.714727,80.53,2.693557398267835,-0.0933935266324582,0.0,0.3322811014323599,0.0,0.0,0.16537728407390245,0.9862303756792019,-0.00016308099022967887,-6.605428015108057e-05,0.0,0.0,0.0,-3.410650669207943e-18
2026-08-24T02:00:10.734784,80.55,2.6935575932411955,-0.0933934534027227,0.0,0.3322813958178017,0.0,0.0,0.1653774292398331,0.9862303513368589,-0.00012144158221922246,-6.548895546970464e-05,0.0,0.0,0.0,-3.3434038784671713e-18
2026-08-24T02:00:10.754725,80.57,2.6935576782165733,-0.09339341814761656,0.0,0.3322816865771787,0.0,0.0,0.16537757261769262,0.9862303272943292,-0.0001030762935541838,-6.492526967557807e-05,0.0,0.0,0.0,-3.2765311054126556e-18
2026-08-24T02:00:10.774298,80.59,2.6935581437263063,-0.09339325159680893,0.0,0.3322819722014958,0.0,0.0,0.1653777134633728,0.9862303036763911,-4.2015053081284e-06,-6.436329611614237e-05,0.0,0.0,0.0,-3.2113981282265606e-18
2026-08-24T02:00:10.794923,80.61,2.693558058755561,-0.0933932750220478,0.0,0.33228225553340446,0.0,0.0,0.16537785317862827,0.9862302802479895,-2.1794715329844402e-05,-6.38030733523494e-05,0.0,0.0,0.0,-3.1471773983000824e-18
2026-08-24T02:00:10.813882,80.63,2.693557766992298,-0.0933933698258071,0.0,0.33228253389195395,0.0,0.0,0.16537799044144183,0.9862302572308104,-8.314035247517824e-05,-6.324467988724678e-05,0.0,0.0,0.0,-3.085708266455591e-18
2026-08-24T02:00:10.834223,80.65,2.6935583818888817,-0.09339315178167734,0.0,0.3322828050924147,0.0,0.0,0.16537812417449038,0.9862302348055076,4.733719563083325e-05,-6.26881877631946e-05,0.0,0.0,0.0,-3.0230622004297438e-18
2026-08-24T02:00:10.856387,80.67,2.693558494788725,-0.09339310698509191,0.0,0.33228307482888697,0.0,0.0,0.16537825718562107,0.9862302125012428,7.160402790110296e-05,-6.213360968152506e-05,0.0,0.0,0.0,-2.963847478277226e-18
2026-08-24T02:00:10.873777,80.69,2.693558289616606,-0.09339317196886786,0.0,0.33228334043596774,0.0,0.0,0.16537838816048347,0.9862301905384161,2.8574576676286592e-05,-6.158101890083855e-05,0.0,0.0,0.0,-2.905040380970064e-18
2026-08-24T02:00:10.897222,80.71,2.693558420276984,-0.09339312108565737,0.0,0.3322836002426417,0.0,0.0,0.16537851627507485,0.9862301690552032,5.659694717578278e-05,-6.1030478634955065e-05,0.0,0.0,0.0,-2.8466034193131436e-18
2026-08-24T02:00:10.913894,80.73,2.693558724750274,-0.09339301024514998,0.0,0.3322838549096052,0.0,0.0,0.16537864185519477,0.986230147996973,0.00012139162337957775,-6.048203381795136e-05,0.0,0.0,0.0,-2.790831336332646e-18
2026-08-24T02:00:10.935448,80.75,2.693558515401752,-0.09339307673574838,0.0,0.33228410757736354,0.0,0.0,0.16537876644947377,0.9862301271040398,7.747419479892535e-05,-5.993571049688388e-05,0.0,0.0,0.0,-2.7348540422286346e-18
2026-08-24T02:00:10.956750,80.77,2.693558727001096,-0.09339299798912222,0.0,0.3322843536486931,0.0,0.0,0.1653788877909518,0.9862301067565459,0.00012261662259458828,-5.9391587975989106e-05,0.0,0.0,0.0,-2.6802294165996253e-18
2026-08-24T02:00:10.974100,80.79,2.6935587448745517,-0.09339298611644664,0.0,0.3322845967633623,0.0,0.0,0.1653790076744537,0.9862300866535217,0.00012677018645089228,-5.884968584793264e-05,0.0,0.0,0.0,-2.6268932518966848e-18
2026-08-24T02:00:10.995941,80.81,2.6935584611470778,-0.09339307834393111,0.0,0.33228483570357925,0.0,0.0,0.16537912549946795,0.9862300668956667,6.711179053489223e-05,-5.831005655647835e-05,0.0,0.0,0.0,-2.5752181397271146e-18
2026-08-24T02:00:11.015038,80.83,2.6935584266117765,-0.09339308460465891,0.0,0.33228506904222543,0.0,0.0,0.16537924056226116,0.9862300476009894,6.0174316905924825e-05,-5.7772751811180885e-05,0.0,0.0,0.0,-2.524348899132737e-18
2026-08-24T02:00:11.034916,80.85,2.693557956290113,-0.09339324127134423,0.0,0.33228529833660714,0.0,0.0,0.16537935363076456,0.9862300286407175,-3.8965488122695994e-05,-5.723780171691153e-05,0.0,0.0,0.0,-2.4727583284466835e-18
2026-08-24T02:00:11.055098,80.87,2.6935585279699477,-0.09339303838912265,0.0,0.33228552038778947,0.0,0.0,0.1653794631275355,0.986230010279371,8.235249994996167e-05,-5.670526669773809e-05,0.0,0.0,0.0,-2.4250676061288033e-18
2026-08-24T02:00:11.076436,80.89,2.693558244284679,-0.09339313070192232,0.0,0.33228574173754893,0.0,0.0,0.16537957227842223,0.9862299919760127,2.269611732227119e-05,-5.617514169679654e-05,0.0,0.0,0.0,-2.3765590407008436e-18
2026-08-24T02:00:11.094661,80.91,2.6935577104231827,-0.0933933093718891,0.0,0.3322859577783803,0.0,0.0,0.165379678811395,0.9862299741116368,-8.989182566250128e-05,-5.564749417052649e-05,0.0,0.0,0.0,-2.3284869422448867e-18
2026-08-24T02:00:11.114019,80.93,2.6935570937224207,-0.0933935166547113,0.0,0.33228616853053916,0.0,0.0,0.16537978273644216,0.9862299566845691,-0.00022000777180187665,-5.5122358743188556e-05,0.0,0.0,0.0,-2.281877441177369e-18
2026-08-24T02:00:11.133606,80.95,2.693557464876663,-0.09339338307414392,0.0,0.3322863720634146,0.0,0.0,0.16537988310155077,0.9862299398544527,-0.00014112220943126926,-5.459978128542606e-05,0.0,0.0,0.0,-2.2371184264754158e-18
2026-08-24T02:00:11.154583,80.97,2.6935577894246188,-0.09339326560323188,0.0,0.33228657303497666,0.0,0.0,0.1653799822036357,0.986229923236121,-7.20997961872107e-05,-5.407976509294168e-05,0.0,0.0,0.0,-2.1929994435721755e-18
2026-08-24T02:00:11.173906,80.99,2.6935576592095183,-0.09339330508985283,0.0,0.33228677191247297,0.0,0.0,0.16538008027310383,0.9862299067909377,-9.92946011517141e-05,-5.356233969895269e-05,0.0,0.0,0.0,-2.149246304123793e-18
2026-08-24T02:00:11.197572,81.02,2.693557954413594,-0.09339263857638312,0.0,0.3322871590947938,0.0,0.0,0.16538027119849283,0.9862298747747976,4.0011150851380385e-10,-5.2171615686356904e-05,0.0,0.0,0.0,-2.1064826365576868e-18
2026-08-24T02:00:11.213632,81.03,2.69355838585457,-0.09339304352404366,0.0,0.33228715941339493,0.0,0.0,0.16538027135559982,0.9862298747484525,5.5148560056729543e-05,-5.253540915798314e-05,0.0,0.0,0.0,-2.064639853557256e-18
2026-08-24T02:00:11.234314,81.05,2.693557906929632,-0.09339320342791557,0.0,0.3322873491370717,0.0,0.0,0.16538036491117805,0.9862298590601715,-4.58288332029562e-05,-5.202595592022326e-05,0.0,0.0,0.0,-2.023663672307233e-18
2026-08-24T02:00:11.256821,81.06,2.6935579544118124,-0.09339263857697667,0.0,0.33228753419356444,0.0,0.0,0.16538045616529676,0.9862298437578121,-2.560760754710133e-10,-5.11646937343123e-05,0.0,0.0,0.0,-2.002925455071016e-18
2026-08-24T02:00:11.274461,81.09,2.69355833323677,-0.09339304567320005,0.0,0.33228771418326675,0.0,0.0,0.16538054492090407,0.9862298288744186,4.506094488537788e-05,-5.101524659949249e-05,0.0,0.0,0.0,-1.943799058297551e-18
2026-08-24T02:00:11.294518,81.11,2.6935580117696643,-0.09339315132761607,0.0,0.33228789345365334,0.0,0.0,0.16538063332180472,0.9862298140504975,-2.2608739122259217e-05,-5.05140181915383e-05,0.0,0.0,0.0,-1.9052572396791393e-18
2026-08-24T02:00:11.315124,81.13,2.6935581362481664,-0.09339310312316441,0.0,0.33228806698544355,0.0,0.0,0.16538071889291672,0.986229799701095,4.070171444826004e-06,-5.001559393053848e-05,0.0,0.0,0.0,-1.867228852914923e-18
2026-08-24T02:00:11.335598,81.15,2.693557174074966,-0.09339342993370223,0.0,0.33228823952176256,0.0,0.0,0.16538080397314575,0.9862297854340012,-0.00019915915283256314,-4.951996890229247e-05,0.0,0.0,0.0,-1.829919793955276e-18
2026-08-24T02:00:11.354136,81.17,2.6935575705716266,-0.09339328791973697,0.0,0.33228840365687035,0.0,0.0,0.16538088491061126,0.9862297718615998,-0.00011493192722488432,-4.9027206990596216e-05,0.0,0.0,0.0,-1.794038976643561e-18
2026-08-24T02:00:11.374294,81.19,2.6935580474772887,-0.09339311818765675,0.0,0.3322885657941957,0.0,0.0,0.1653809648629394,0.9862297584543894,-1.3695294785751033e-05,-4.8537292214710924e-05,0.0,0.0,0.0,-1.7584937788866614e-18
2026-08-24T02:00:11.395758,81.21,2.6935583712283555,-0.09339300133669555,0.0,0.33228872647861435,0.0,0.0,0.16538104409881657,0.9862297451673141,5.51359583587511e-05,-4.8050241994433046e-05,0.0,0.0,0.0,-1.723283964442427e-18
2026-08-24T02:00:11.414074,81.23,2.6935584944561115,-0.09339295371336341,0.0,0.3322888854302662,0.0,0.0,0.1653811224802396,0.9862297320235159,8.15400627074862e-05,-4.756607732234654e-05,0.0,0.0,0.0,-1.6897035818135487e-18
2026-08-24T02:00:11.434090,81.25,2.693558139420131,-0.0933930711619133,0.0,0.3322890419195565,0.0,0.0,0.16538119964743456,0.9862297190833257,6.754614325460259e-06,-4.708482048105046e-05,0.0,0.0,0.0,-1.6554478457314154e-18
2026-08-24T02:00:11.456368,81.27,2.6935587394532114,-0.09339285906180499,0.0,0.33228919283816305,0.0,0.0,0.16538127406764153,0.9862297066037727,0.00013403433091228867,-4.6606505159337626e-05,0.0,0.0,0.0,-1.6219927377209243e-18
2026-08-24T02:00:11.474201,81.29,2.6935580373070533,-0.09339309635450613,0.0,0.3322893440841872,0.0,0.0,0.16538134864930207,0.9862296940971398,-1.419462957984621e-05,-4.613111582510243e-05,0.0,0.0,0.0,-1.590092687874485e-18
2026-08-24T02:00:11.495264,81.31,2.693558283779008,-0.09339300632482865,0.0,0.33228948921900425,0.0,0.0,0.16538142021743474,0.9862296820958414,3.827736186105754e-05,-4.5658701842427046e-05,0.0,0.0,0.0,-1.5594789183408996e-18
2026-08-24T02:00:11.514124,81.33,2.6935581735015526,-0.09339303943517602,0.0,0.33228963215206075,0.0,0.0,0.16538149069984576,0.9862296702766029,1.5267994779644792e-05,-4.5189256698651875e-05,0.0,0.0,0.0,-1.5279086123457973e-18
2026-08-24T02:00:11.535366,81.35,2.693558711151344,-0.09339284898680476,0.0,0.3322897713588678,0.0,0.0,0.16538155934478702,0.9862296587654859,0.0001293408397848884,-4.472280179046784e-05,0.0,0.0,0.0,-1.497623059247134e-18
2026-08-24T02:00:11.557989,81.38,2.6935579544130275,-0.09339263857639689,0.0,0.3322900447927486,0.0,0.0,0.165381694179087,0.9862296361550158,1.6282583750271487e-10,-4.351213299706618e-05,0.0,0.0,0.0,-1.4674484466322594e-18
2026-08-24T02:00:11.574638,81.39,2.6935587721783545,-0.0933928181949028,0.0,0.3322900441272294,0.0,0.0,0.16538169385090962,0.9862296362100482,0.00014288730881197126,-4.379888456771702e-05,0.0,0.0,0.0,-1.4387681629711802e-18
2026-08-24T02:00:11.596336,81.41,2.6935580285327423,-0.09339306999768837,0.0,0.33229017797602894,0.0,0.0,0.1653817598537357,0.9862296251419754,-1.4134027218396874e-05,-4.334144396690263e-05,0.0,0.0,0.0,-1.409464406610491e-18
2026-08-24T02:00:11.615118,81.43,2.6935576969947728,-0.0933931796201455,0.0,0.332290306396676,0.0,0.0,0.16538182317985867,0.986229614522757,-8.396569285682945e-05,-4.2887047585667473e-05,0.0,0.0,0.0,-1.381794575079308e-18
2026-08-24T02:00:11.635002,81.45,2.6935575675279138,-0.09339321954276025,0.0,0.3322904313293514,0.0,0.0,0.16538188478601043,0.9862296041919583,-0.00011104692708871265,-4.2435694723591876e-05,0.0,0.0,0.0,-1.3537247446263173e-18
2026-08-24T02:00:11.655733,81.47,2.6935577944209896,-0.09339313652260722,0.0,0.3322905525749778,0.0,0.0,0.16538194457402322,0.9862295941660414,-6.273430033570382e-05,-4.198739487313701e-05,0.0,0.0,0.0,-1.327285477600616e-18
2026-08-24T02:00:11.674679,81.49,2.6935580106239603,-0.09339305722348641,0.0,0.3322906718306338,0.0,0.0,0.16538200338075154,0.9862295843046734,-1.6685752323113048e-05,-4.1542147869711765e-05,0.0,0.0,0.0,-1.3004469737069746e-18
2026-08-24T02:00:11.694813,81.51,2.6935582328904304,-0.09339297586402645,0.0,0.3322907893828511,0.0,0.0,0.16538206134748845,0.9862295745841612,3.064361423134254e-05,-4.109995982237756e-05,0.0,0.0,0.0,-1.2750852235490535e-18
2026-08-24T02:00:11.714975,81.53,2.6935584917664963,-0.09339288190326554,0.0,0.3322909049844709,0.0,0.0,0.16538211835235636,0.9862295650249424,8.571646170701991e-05,-4.066083869106926e-05,0.0,0.0,0.0,-1.2501977019859339e-18
2026-08-24T02:00:11.734794,81.55,2.693558264257197,-0.09339295581982862,0.0,0.33229101921162885,0.0,0.0,0.16538217467945623,0.9862295555793762,3.7881102488538434e-05,-4.022478789229314e-05,0.0,0.0,0.0,-1.2247562867054533e-18
2026-08-24T02:00:11.754908,81.57,2.6935585522259347,-0.09339285188422183,0.0,0.33229112966719754,0.0,0.0,0.1653822291467292,0.9862295464456836,9.910529178833649e-05,-3.9791823587517045e-05,0.0,0.0,0.0,-1.1996690600941788e-18
2026-08-24T02:00:11.774132,81.59,2.6935582364285513,-0.0933929563326905,0.0,0.3322912394977897,0.0,0.0,0.1653822833058165,0.986229537363668,3.258633989116746e-05,-3.9361935998994306e-05,0.0,0.0,0.0,-1.1769183136562809e-18
2026-08-24T02:00:11.794867,81.61,2.6935583625381994,-0.09339290831739049,0.0,0.3322913452368015,0.0,0.0,0.1653823354472846,0.986229528619987,5.956130528816909e-05,-3.8935144565421794e-05,0.0,0.0,0.0,-1.1527093740530895e-18
2026-08-24T02:00:11.814697,81.63,2.6935581560670117,-0.09339297510389583,0.0,0.3322914496828355,0.0,0.0,0.16538238695116583,0.9862295199832212,1.6168715423531616e-05,-3.8511439958445703e-05,0.0,0.0,0.0,-1.1301273572178449e-18
2026-08-24T02:00:11.834792,81.65,2.693558199027496,-0.0933929558473142,0.0,0.3322915510818905,0.0,0.0,0.16538243695253627,0.986229511598411,2.5547267365113902e-05,-3.809083247574045e-05,0.0,0.0,0.0,-1.1073209977956072e-18
2026-08-24T02:00:11.857350,81.67,2.693558516619909,-0.0933928418512603,0.0,0.3322916501275244,0.0,0.0,0.16538248579339962,0.9862295034082057,9.302825411069645e-05,-3.7673321045208454e-05,0.0,0.0,0.0,-1.0852416163948334e-18
2026-08-24T02:00:11.874238,81.69,2.6935581691899477,-0.09339295737854837,0.0,0.3322917484768278,0.0,0.0,0.16538253429089175,0.9862294952755783,1.9806020817971458e-05,-3.725890017729109e-05,0.0,0.0,0.0,-1.0642062815998815e-18
2026-08-24T02:00:11.894782,81.71,2.6935575812055954,-0.09339315595086334,0.0,0.3322918438476363,0.0,0.0,0.16538258131964376,0.9862294873892442,-0.00010431271500591752,-3.684758036155634e-05,0.0,0.0,0.0,-1.0424740876829217e-18
2026-08-24T02:00:11.914405,81.73,2.6935581379318783,-0.09339295953039427,0.0,0.33229193477599855,0.0,0.0,0.1653826261577596,0.9862294798702596,1.375671095667064e-05,-3.643936756237357e-05,0.0,0.0,0.0,-1.0219955507954828e-18
2026-08-24T02:00:11.939042,81.75,2.6935585126497505,-0.09339282595119837,0.0,0.33229202523784673,0.0,0.0,0.1653826707658302,0.9862294723898496,9.331502683135015e-05,-3.603424513015737e-05,0.0,0.0,0.0,-1.0023570155190743e-18
2026-08-24T02:00:11.956245,81.77,2.6935589217431937,-0.0933926805418714,0.0,0.33229211429351313,0.0,0.0,0.16538271468049148,0.9862294650257166,0.00018014428843402282,-3.56322164830634e-05,0.0,0.0,0.0,-9.814833802123e-19
2026-08-24T02:00:11.974028,81.79,2.693558373215622,-0.09339286562847063,0.0,0.3322922032999269,0.0,0.0,0.16538275857086523,0.9862294576656544,6.436449792990141e-05,-3.5233275124920316e-05,0.0,0.0,0.0,-9.62740476370603e-19
2026-08-24T02:00:11.995030,81.81,2.6935576505953307,-0.09339311082508532,0.0,0.3322922892290081,0.0,0.0,0.16538280094376065,0.9862294505600593,-8.825005116376043e-05,-3.483743120701256e-05,0.0,0.0,0.0,-9.43118528033531e-19
2026-08-24T02:00:12.014034,81.83,2.6935579408653862,-0.09339300651794004,0.0,0.3322923704955403,0.0,0.0,0.1653828410174842,0.9862294438400151,-2.6566153324459604e-05,-3.444468812677841e-05,0.0,0.0,0.0,-9.24148091402017e-19
2026-08-24T02:00:12.035865,81.85,2.6935582293685627,-0.09339290285290637,0.0,0.33229245078901215,0.0,0.0,0.16538288061137713,0.9862294372004331,3.4741064395834095e-05,-3.405502857687061e-05,0.0,0.0,0.0,-9.057637724975041e-19
2026-08-24T02:00:12.054260,81.87,2.693557997526658,-0.0933929787852474,0.0,0.33229253063871056,0.0,0.0,0.16538291998643856,0.9862294305975458,-1.404490795779084e-05,-3.3668447482987876e-05,0.0,0.0,0.0,-8.880566247900387e-19
2026-08-24T02:00:12.074889,81.89,2.6935580689870045,-0.09339295008396203,0.0,0.3322926076184998,0.0,0.0,0.16538295794630528,0.9862294242319738,1.3379816739509542e-06,-3.328495033338926e-05,0.0,0.0,0.0,-8.701688765754274e-19
2026-08-24T02:00:12.094209,81.91,2.693558092647019,-0.09339293791035166,0.0,0.3322926832053214,0.0,0.0,0.16538299521927896,0.986229417981587,6.605306313407753e-06,-3.2904527307761294e-05,0.0,0.0,0.0,-8.5263386077752555e-19
2026-08-24T02:00:12.113704,81.93,2.693558185796649,-0.09339290178897457,0.0,0.3322927568808911,0.0,0.0,0.16538303154978595,0.9862294118892432,2.6572665876753746e-05,-3.252717572986741e-05,0.0,0.0,0.0,-8.361487513267551e-19
2026-08-24T02:00:12.135922,81.95,2.693558506729415,-0.09339278709444158,0.0,0.3322928289535416,0.0,0.0,0.1653830670898697,0.9862294059294459,9.47307186851776e-05,-3.215288940889605e-05,0.0,0.0,0.0,-8.200548740799235e-19
2026-08-24T02:00:12.156818,81.97,2.693558510968432,-0.09339278171948857,0.0,0.33229290016841256,0.0,0.0,0.1653831022069695,0.9862294000405784,9.588254683625712e-05,-3.178166030794361e-05,0.0,0.0,0.0,-8.030269974490756e-19
2026-08-24T02:00:12.174764,81.99,2.6935576218271313,-0.09339308467224207,0.0,0.33229297073147906,0.0,0.0,0.16538313700265478,0.9862293942056083,-9.19828194898568e-05,-3.1413481886401177e-05,0.0,0.0,0.0,-7.870768276262988e-19
2026-08-24T02:00:12.195477,82.01,2.6935581428333837,-0.09339290103097592,0.0,0.3322930364955177,0.0,0.0,0.16538316943186868,0.9862293887674762,1.849987408874682e-05,-3.104836214712521e-05,0.0,0.0,0.0,-7.714659781199192e-19
2026-08-24T02:00:12.214247,82.03,2.693558059787883,-0.0933929258731928,0.0,0.3322931024448401,0.0,0.0,0.16538320195244857,0.9862293833140218,1.1782298969073256e-06,-3.068627697597989e-05,0.0,0.0,0.0,-7.560501253844859e-19
2026-08-24T02:00:12.235103,82.05,2.6935580545253286,-0.09339292390531273,0.0,0.33229316641013945,0.0,0.0,0.16538323349467732,0.9862293780246282,3.117179572638598e-07,-3.0327226902235204e-05,0.0,0.0,0.0,-7.415019336772855e-19
2026-08-24T02:00:12.254872,82.07,2.6935587256146043,-0.09339268856760506,0.0,0.332293228413783,0.0,0.0,0.16538326406958465,0.9862293728974462,0.00014254108206255056,-2.99712043565123e-05,0.0,0.0,0.0,-7.267774019463368e-19
2026-08-24T02:00:12.274827,82.09,2.6935588542980575,-0.09339264043990636,0.0,0.33229329092013776,0.0,0.0,0.1653832948923861,0.9862293677286933,0.00017000929577751768,-2.9618193506535465e-05,0.0,0.0,0.0,-7.115070678009052e-19
2026-08-24T02:00:12.294871,82.11,2.6935579686988285,-0.09339294236194391,0.0,0.33229335281709504,0.0,0.0,0.16538332541468456,0.9862293626103315,-1.7119307933105247e-05,-2.9268190144879163e-05,0.0,0.0,0.0,-6.972877611385899e-19
2026-08-24T02:00:12.313743,82.13,2.693557294957,-0.09339317120601381,0.0,0.33229341145144137,0.0,0.0,0.16538335432814147,0.9862293577617594,-0.00015942580253686827,-2.8921194190541827e-05,0.0,0.0,0.0,-6.843479008554269e-19
2026-08-24T02:00:12.336904,82.15,2.6935575345580673,-0.09339308489675174,0.0,0.33229346651750286,0.0,0.0,0.16538338148202464,0.986229353208254,-0.00010849559344355386,-2.8577197419010827e-05,0.0,0.0,0.0,-6.704917584188276e-19
2026-08-24T02:00:12.356992,82.17,2.6935574290245285,-0.0933931177211478,0.0,0.3322935211930326,0.0,0.0,0.1653834084433308,0.9862293486870417,-0.00013058935352125393,-2.8236180503718037e-05,0.0,0.0,0.0,-6.568117621252554e-19
2026-08-24T02:00:12.374061,82.19,2.6935571297601215,-0.09339321743134912,0.0,0.33229357453954744,0.0,0.0,0.16538343474928,0.9862293442757271,-0.00019367319292635027,-2.789813703468308e-05,0.0,0.0,0.0,-6.441877013754481e-19
2026-08-24T02:00:12.397319,82.21,2.6935573501716923,-0.0933931378380199,0.0,0.3322936258545033,0.0,0.0,0.16538346005343757,0.9862293400324049,-0.00014680933415021937,-2.7563059378220823e-05,0.0,0.0,0.0,-6.317419927070026e-19
2026-08-24T02:00:12.413593,82.23,2.693557753852433,-0.09339299503144342,0.0,0.3322936762573874,0.0,0.0,0.16538348490783908,0.9862293358645029,-6.117305357785052e-05,-2.723093408790912e-05,0.0,0.0,0.0,-6.184043302032326e-19
2026-08-24T02:00:12.433853,82.25,2.6935574980792074,-0.09339307982654586,0.0,0.3322937266926598,0.0,0.0,0.16538350977821162,0.9862293316939221,-0.00011506179427271146,-2.6901748161784524e-05,0.0,0.0,0.0,-6.063218028083114e-19
2026-08-24T02:00:12.454680,82.27,2.693557276777619,-0.09339315275675572,0.0,0.33229377525843695,0.0,0.0,0.16538353372670855,0.9862293276779325,-0.0001616587920022869,-2.6575496762116897e-05,0.0,0.0,0.0,-5.943919504420802e-19
2026-08-24T02:00:12.474399,82.29,2.693557450805386,-0.09339308929361541,0.0,0.3322938221804099,0.0,0.0,0.16538355686462144,0.9862293237978713,-0.00012461662764815836,-2.6252168252930663e-05,0.0,0.0,0.0,-5.824556541853088e-19
2026-08-24T02:00:12.494752,82.31,2.6935570912393243,-0.09339320999889751,0.0,0.3322938688054684,0.0,0.0,0.16538357985612134,0.9862293199423621,-0.00020047099344270352,-2.5931747608939358e-05,0.0,0.0,0.0,-5.700046519693896e-19
2026-08-24T02:00:12.514473,82.33,2.6935579057159282,-0.09339292558447872,0.0,0.33229391265732966,0.0,0.0,0.16538360148011697,0.9862293163161729,-2.793087529389653e-05,-2.5614230602003132e-05,0.0,0.0,0.0,-5.591286424004645e-19
2026-08-24T02:00:12.534052,82.35,2.693557538294213,-0.09339304906156934,0.0,0.3322939578244406,0.0,0.0,0.1653836237526814,0.9862293125812229,-0.00010545174977473433,-2.5299594041776e-05,0.0,0.0,0.0,-5.484403540970438e-19
2026-08-24T02:00:12.555512,82.37,2.693557807886075,-0.0933929527419653,0.0,0.3322940008317299,0.0,0.0,0.16538364496020602,0.986229309024872,-4.8198626945911624e-05,-2.4987835996581646e-05,0.0,0.0,0.0,-5.365091747116065e-19
2026-08-24T02:00:12.573877,82.39,2.6935582012790547,-0.0933928137299278,0.0,0.3322940432675052,0.0,0.0,0.1653836658859087,0.9862293055157803,3.524507475170368e-05,-2.4678939945881216e-05,0.0,0.0,0.0,-5.270526893311937e-19
2026-08-24T02:00:12.593843,82.41,2.6935582097693,-0.09339280757397905,0.0,0.3322940854701151,0.0,0.0,0.16538368669663395,0.9862293020259688,3.725153817473393e-05,-2.4372892810697382e-05,0.0,0.0,0.0,-5.161821282137189e-19
2026-08-24T02:00:12.614109,82.43,2.693558175759391,-0.09339281611430224,0.0,0.3322941265740864,0.0,0.0,0.1653837069656044,0.9862292986270055,3.0264449906317744e-05,-2.406968449608782e-05,0.0,0.0,0.0,-5.06009354867815e-19
2026-08-24T02:00:12.634321,82.45,2.6935580844290397,-0.09339284446510317,0.0,0.3322941667121531,0.0,0.0,0.16538372675827304,0.9862292953079141,1.1148000414665463e-05,-2.376930191116322e-05,0.0,0.0,0.0,-4.951250221153198e-19
2026-08-24T02:00:12.656757,82.47,2.6935573801338846,-0.09339308437370057,0.0,0.3322942062155017,0.0,0.0,0.16538374623795282,0.9862292920413084,-0.0001376573507651959,-2.3471731250329782e-05,0.0,0.0,0.0,-4.861910710000444e-19
2026-08-24T02:00:12.675458,82.49,2.6935581319979396,-0.09339282180547052,0.0,0.3322942427145455,0.0,0.0,0.16538376423616585,0.986229289023134,2.162031445897733e-05,-2.3176965433118367e-05,0.0,0.0,0.0,-4.769078842674727e-19
2026-08-24T02:00:12.694826,82.51,2.6935581754009683,-0.09339280374952719,0.0,0.3322942799193021,0.0,0.0,0.16538378258237615,0.9862292859466024,3.100346963801405e-05,-2.2884981628794966e-05,0.0,0.0,0.0,-4.663742255019931e-19
2026-08-24T02:00:12.714775,82.53,2.693557454389029,-0.0933930495150219,0.0,0.33229431650801994,0.0,0.0,0.16538380062480865,0.986229282921012,-0.00012134461186078134,-2.2595769870899012e-05,0.0,0.0,0.0,-4.577845056241441e-19
2026-08-24T02:00:12.733981,82.55,2.693556718295009,-0.09339330051432682,0.0,0.3322943513755288,0.0,0.0,0.16538381781848777,0.9862292800377512,-0.0002768848917429578,-2.230931915059256e-05,0.0,0.0,0.0,-4.48495851789132e-19
2026-08-24T02:00:12.753690,82.57,2.693558381714927,-0.09339272349329653,0.0,0.3322943827042169,0.0,0.0,0.1653838332671225,0.9862292774471222,7.524612232042848e-05,-2.2025619935780448e-05,0.0,0.0,0.0,-4.397231947217936e-19
2026-08-24T02:00:12.774959,82.59,2.6935584992956145,-0.09339267995523287,0.0,0.3322944167636619,0.0,0.0,0.16538385006233342,0.9862292746306812,0.00010031505218244854,-2.1744643061484864e-05,0.0,0.0,0.0,-4.30608463722271e-19
2026-08-24T02:00:12.795355,82.61,2.693558048356836,-0.09339283263644683,0.0,0.332294450385398,0.0,0.0,0.16538386664170357,0.986229271850435,5.099698180929228e-06,-2.146638235247645e-05,0.0,0.0,0.0,-4.2200927676595943e-19
2026-08-24T02:00:12.814122,82.63,2.693557848436377,-0.09339289872212492,0.0,0.3322944822303633,0.0,0.0,0.16538388234492202,0.9862292692171131,-3.7008293257963705e-05,-2.1190826647927135e-05,0.0,0.0,0.0,-4.1358730011933605e-19
2026-08-24T02:00:12.834267,82.65,2.693557409131612,-0.09339304744540172,0.0,0.3322945131952033,0.0,0.0,0.1653838976141378,0.9862292666565703,-0.00012976564003228921,-2.0917959317353186e-05,0.0,0.0,0.0,-4.0499443804845895e-19
2026-08-24T02:00:12.855761,82.67,2.6935576601487816,-0.09339295797325162,0.0,0.33229454236053263,0.0,0.0,0.16538391199598843,0.9862292642448323,-7.647091309624795e-05,-2.0647767844233468e-05,0.0,0.0,0.0,-3.9763677459746936e-19
2026-08-24T02:00:12.873979,82.69,2.693558055633736,-0.09339281867459423,0.0,0.33229457104807597,0.0,0.0,0.16538392614223582,0.9862292618726031,7.386992877232444e-06,-2.03802344973034e-05,0.0,0.0,0.0,-3.8974290090158265e-19
2026-08-24T02:00:12.895140,82.71,2.6935581235090154,-0.09339279245878636,0.0,0.3322945999027099,0.0,0.0,0.16538394037087792,0.9862292594865567,2.1929520414180282e-05,-2.0115343103009423e-05,0.0,0.0,0.0,-3.814990041371965e-19
2026-08-24T02:00:12.913745,82.73,2.6935580666355023,-0.09339280932031596,0.0,0.33229462797390763,0.0,0.0,0.1653839542131962,0.9862292571652939,1.0076903651690107e-05,-1.985308092268689e-05,0.0,0.0,0.0,-3.734248476639961e-19
2026-08-24T02:00:12.936060,82.75,2.693558192005714,-0.09339276331875689,0.0,0.3322946551782615,0.0,0.0,0.16538396762806104,0.986229254915712,3.678055168221263e-05,-1.9593433075518623e-05,0.0,0.0,0.0,-3.6694209806404187e-19
2026-08-24T02:00:12.953764,82.77,2.6935582864232614,-0.09339272802603536,0.0,0.3322946818896853,0.0,0.0,0.1653839807998548,0.9862292527068913,5.693351385584544e-05,-1.9336383606147687e-05,0.0,0.0,0.0,-3.5975447380677033e-19
2026-08-24T02:00:12.973671,82.79,2.693558294672757,-0.09339272249632184,0.0,0.3322947079505396,0.0,0.0,0.16538399365084325,0.9862292505518673,5.885383010724842e-05,-1.9081917619819975e-05,0.0,0.0,0.0,-3.530927222993265e-19
2026-08-24T02:00:12.995169,82.81,2.6935581785854983,-0.0933927599011292,0.0,0.3322947335029656,0.0,0.0,0.16538400625111818,0.986229248438886,3.446614140273184e-05,-1.88300194610376e-05,0.0,0.0,0.0,-3.4607942286092624e-19
2026-08-24T02:00:13.013996,82.83,2.6935577299668623,-0.093392912086374,0.0,0.33229475839970224,0.0,0.0,0.16538401852806311,0.986229246380125,-6.0278019523045914e-05,-1.8580673977966788e-05,0.0,0.0,0.0,-3.3853371516010046e-19
2026-08-24T02:00:13.034550,82.85,2.693557773416956,-0.09339289448994041,0.0,0.3322947818158788,0.0,0.0,0.1653840300749222,0.9862292444437942,-5.0915019664460554e-05,-1.8333867242820907e-05,0.0,0.0,0.0,-3.3204487106614725e-19
2026-08-24T02:00:13.053653,82.87,2.6935577424491908,-0.09339290260098576,0.0,0.33229480478690343,0.0,0.0,0.1653840414022703,0.9862292425442738,-5.729895451434492e-05,-1.8089581502520838e-05,0.0,0.0,0.0,-3.2573132752426564e-19
2026-08-24T02:00:13.074195,82.89,2.6935575471906694,-0.09339296743367549,0.0,0.33229482728177967,0.0,0.0,0.16538405249482266,0.986229240684127,-9.844410627054683e-05,-1.7847801127078044e-05,0.0,0.0,0.0,-3.1836239293318194e-19
2026-08-24T02:00:13.095838,82.91,2.693557733053576,-0.09339290077104405,0.0,0.33229484868033327,0.0,0.0,0.1653840630467623,0.9862292389146372,-5.895572015465217e-05,-1.7608511537528934e-05,0.0,0.0,0.0,-3.1257874955216654e-19
2026-08-24T02:00:13.113755,82.93,2.693558163901925,-0.09339274959219386,0.0,0.3322948694048158,0.0,0.0,0.1653840732663076,0.9862292372008876,3.236304932299361e-05,-1.7371696064619985e-05,0.0,0.0,0.0,-3.062639515519935e-19
2026-08-24T02:00:13.135165,82.95,2.6935583481477625,-0.09339268353951005,0.0,0.33229489047070976,0.0,0.0,0.16538408365420784,0.9862292354589058,7.150551101204559e-05,-1.7137336908140846e-05,0.0,0.0,0.0,-2.9977134023080133e-19
2026-08-24T02:00:13.157605,82.97,2.69355785100129,-0.09339285265491808,0.0,0.3322949115050373,0.0,0.0,0.16538409402654225,0.9862292337195343,-3.3518061197300265e-05,-1.6905418879925966e-05,0.0,0.0,0.0,-2.9415776223646717e-19
2026-08-24T02:00:13.173719,82.99,2.6935585379790346,-0.09339261316523881,0.0,0.33229493062811155,0.0,0.0,0.16538410345640966,0.9862292321382081,0.0001119863703190562,-1.6675929387580267e-05,0.0,0.0,0.0,-2.880191605880742e-19
2026-08-24T02:00:13.197090,83.01,2.693558285168733,-0.09339269801337352,0.0,0.332294950482337,0.0,0.0,0.16538411324681837,0.9862292304964214,5.8654130801328866e-05,-1.6448847526957194e-05,0.0,0.0,0.0,-2.82760929922105e-19
2026-08-24T02:00:13.213925,83.03,2.693558138845246,-0.09339274613908842,0.0,0.33229496952139354,0.0,0.0,0.16538412263525543,0.9862292289220427,2.78507543474309e-05,-1.6224159985906036e-05,0.0,0.0,0.0,-2.7644675765835236e-19
2026-08-24T02:00:13.233833,83.05,2.6935576242796153,-0.09339292136695618,0.0,0.33229498798664414,0.0,0.0,0.16538413174074038,0.986229227395113,-8.086461245184753e-05,-1.600185012333201e-05,0.0,0.0,0.0,-2.711822864794966e-19
2026-08-24T02:00:13.257261,83.07,2.6935581236327253,-0.09339274672535043,0.0,0.3322950049538172,0.0,0.0,0.16538414010750133,0.9862292259920623,2.4936942678619456e-05,-1.578190326149279e-05,0.0,0.0,0.0,-2.660972575799148e-19
2026-08-24T02:00:13.273734,83.09,2.693558439953884,-0.09339263527112654,0.0,0.33229502223326307,0.0,0.0,0.1653841486282486,0.9862292245631892,9.201144274620097e-05,-1.5564300027418568e-05,0.0,0.0,0.0,-2.604849216364556e-19
2026-08-24T02:00:13.294065,83.11,2.6935584584111525,-0.0933926266316235,0.0,0.3322950392670356,0.0,0.0,0.16538415702785075,0.9862292231546311,9.606431717954709e-05,-1.5349025152691746e-05,0.0,0.0,0.0,-2.553977378902878e-19
2026-08-24T02:00:13.315398,83.12,2.693557954412943,-0.0933926385758287,0.0,0.3322950561852203,0.0,0.0,0.1653841653704548,0.9862292217556312,2.8095227493447866e-10,-1.5063397282822182e-05,0.0,0.0,0.0,-2.534693357948873e-19
2026-08-24T02:00:13.333873,83.15,2.6935581125553627,-0.09339274151621103,0.0,0.33229507191419305,0.0,0.0,0.16538417312664108,0.9862292204549697,2.3182229681056678e-05,-1.4925396289428378e-05,0.0,0.0,0.0,-2.4575256351833745e-19
2026-08-24T02:00:13.356586,83.17,2.693557736460699,-0.09339286910570038,0.0,0.33229508749102526,0.0,0.0,0.16538418080780465,0.9862292191668889,-5.624611172692711e-05,-1.4717009606041123e-05,0.0,0.0,0.0,-2.4066545703437975e-19
2026-08-24T02:00:13.373777,83.19,2.693557346070865,-0.09339300165218992,0.0,0.33229510231328246,0.0,0.0,0.16538418811687622,0.9862292179412054,-0.00013870011031213102,-1.4510886610534349e-05,0.0,0.0,0.0,-2.359301660169251e-19
2026-08-24T02:00:13.394113,83.2,2.6935579544114203,-0.0933926385763369,0.0,0.33229511592555205,0.0,0.0,0.16538419482928518,0.9862292168155783,-3.4420075081903655e-10,-1.4239588185394449e-05,0.0,0.0,0.0,-2.3329849731642044e-19
2026-08-24T02:00:13.414845,83.23,2.69355807721449,-0.09339274506449521,0.0,0.332295129932751,0.0,0.0,0.1653842017364396,0.9862292156572937,1.6269269034735485e-05,-1.410536555344449e-05,0.0,0.0,0.0,-2.264586272696533e-19
2026-08-24T02:00:13.434575,83.25,2.6935576881923,-0.09339287720952305,0.0,0.33229514396447746,0.0,0.0,0.1653842086556889,0.9862292144969806,-6.590034342324303e-05,-1.3905932790461749e-05,0.0,0.0,0.0,-2.2154700629106096e-19
2026-08-24T02:00:13.458579,83.27,2.69355806411818,-0.09339274540078707,0.0,0.3322951567907255,0.0,0.0,0.16538421498049916,0.9862292134363513,1.3771546784840913e-05,-1.370869866662955e-05,0.0,0.0,0.0,-2.1821547213149034e-19
2026-08-24T02:00:13.474054,83.29,2.6935584285033043,-0.093392617597628,0.0,0.33229516967555384,0.0,0.0,0.16538422133419622,0.9862292123708776,9.099968432875865e-05,-1.3513644854587574e-05,0.0,0.0,0.0,-2.1312825844098004e-19
2026-08-24T02:00:13.494494,83.31,2.693558118219442,-0.09339272263968729,0.0,0.3322951827971124,0.0,0.0,0.16538422780462836,0.9862292112858282,2.548430404044679e-05,-1.3320754706130238e-05,0.0,0.0,0.0,-2.08918730842586e-19
2026-08-24T02:00:13.514600,83.33,2.69355812913467,-0.09339271686136391,0.0,0.33229519512562966,0.0,0.0,0.1653842338840003,0.986229210266357,2.7925152170867447e-05,-1.3130013263441614e-05,0.0,0.0,0.0,-2.0418278708260105e-19
2026-08-24T02:00:13.533683,83.35,2.6935576926791693,-0.09339286548928039,0.0,0.33229520719867894,0.0,0.0,0.16538423983739722,0.986229209268011,-6.428748871492487e-05,-1.2941403311004565e-05,0.0,0.0,0.0,-2.0085019475922882e-19
2026-08-24T02:00:13.556378,83.37,2.693557836021081,-0.09339281405640865,0.0,0.332295218354139,0.0,0.0,0.16538424533831753,0.9862292083455424,-3.383148640676145e-05,-1.2754909313259843e-05,0.0,0.0,0.0,-1.9681592196858894e-19
2026-08-24T02:00:13.576143,83.39,2.6935583613268026,-0.09339263083321891,0.0,0.3322952292913955,0.0,0.0,0.1653842507316384,0.9862292074411174,7.743604182500193e-05,-1.2570513874953101e-05,0.0,0.0,0.0,-1.9295686465164469e-19
2026-08-24T02:00:13.594643,83.41,2.6935580282906684,-0.0933927438383541,0.0,0.33229524063577515,0.0,0.0,0.16538425632571765,0.9862292065030265,7.099475260001036e-06,-1.2388199792098197e-05,0.0,0.0,0.0,-1.8874759298965492e-19
2026-08-24T02:00:13.613685,83.43,2.6935576573110556,-0.09339286995924072,0.0,0.33229525134504545,0.0,0.0,0.16538426160661526,0.9862292056174542,-7.126568116808361e-05,-1.220795207369186e-05,0.0,0.0,0.0,-1.843630482976729e-19
2026-08-24T02:00:13.634404,83.45,2.6935574497215287,-0.0933929397172171,0.0,0.3322952614571699,0.0,0.0,0.1653842665930515,0.986229204781261,-0.0001150631858148104,-1.2029754260321164e-05,0.0,0.0,0.0,-1.812053480189819e-19
2026-08-24T02:00:13.658579,83.47,2.6935578436878966,-0.09339280190483139,0.0,0.3322952709096207,0.0,0.0,0.16538427125419303,0.9862292039996177,-3.158899243039165e-05,-1.1853590057390147e-05,0.0,0.0,0.0,-1.77521281183804e-19
2026-08-24T02:00:13.675346,83.49,2.693557725423223,-0.09339284088024269,0.0,0.3322952805142428,0.0,0.0,0.1653842759903724,0.986229203205391,-5.6491150657733276e-05,-1.167944211496511e-05,0.0,0.0,0.0,-1.7383889211715932e-19
2026-08-24T02:00:13.694775,83.51,2.693558342397003,-0.0933926261522236,0.0,0.3322952894701264,0.0,0.0,0.16538428040664935,0.9862292024648098,7.416264664697404e-05,-1.1507295146800639e-05,0.0,0.0,0.0,-1.7033073778923005e-19
2026-08-24T02:00:13.713973,83.53,2.6935581622117644,-0.0933926865378765,0.0,0.3322952990384338,0.0,0.0,0.16538428512492148,0.986229201673586,3.615689184569602e-05,-1.1337131342028187e-05,0.0,0.0,0.0,-1.671734717101363e-19
2026-08-24T02:00:13.734238,83.55,2.6935578928727186,-0.09339277771049646,0.0,0.3322953080720694,0.0,0.0,0.1653842895795391,0.9862292009265753,-2.0712258960352518e-05,-1.1168935880478055e-05,0.0,0.0,0.0,-1.6419024766122822e-19
2026-08-24T02:00:13.754451,83.57,2.6935576616882067,-0.09339285573688641,0.0,0.3322953167407805,0.0,0.0,0.16538429385420708,0.9862292002097409,-6.951011702611668e-05,-1.1002692318247941e-05,0.0,0.0,0.0,-1.6103308661901827e-19
2026-08-24T02:00:13.774609,83.59,2.6935584218031146,-0.09339259169467277,0.0,0.3322953245366653,0.0,0.0,0.1653842976984717,0.9862291995650825,9.142320623235103e-05,-1.0838385056217507e-05,0.0,0.0,0.0,-1.580510270845418e-19
2026-08-24T02:00:13.796262,83.61,2.6935579477846505,-0.09339275356162066,0.0,0.3322953331257597,0.0,0.0,0.16538430193387954,0.9862291988548318,-8.755323992478537e-06,-1.0675996036590319e-05,0.0,0.0,0.0,-1.55068491905784e-19
2026-08-24T02:00:13.814115,83.63,2.6935572756697517,-0.0933929838100421,0.0,0.33229534110787506,0.0,0.0,0.16538430586997718,0.9862291981947735,-0.00015084619799079585,-1.0515510772482759e-05,0.0,0.0,0.0,-1.5226196824304113e-19
2026-08-24T02:00:13.836785,83.65,2.693557795527125,-0.09339280273882994,0.0,0.3322953481213036,0.0,0.0,0.16538430932840115,0.986229197614818,-4.074849243211271e-05,-1.0356913556521712e-05,0.0,0.0,0.0,-1.485782742160876e-19
2026-08-24T02:00:13.855494,83.67,2.6935577609929453,-0.09339281300316092,0.0,0.33229535542270744,0.0,0.0,0.16538431292883002,0.9862291970110492,-4.7947572004777806e-05,-1.0200186972419693e-05,0.0,0.0,0.0,-1.452479623173044e-19
2026-08-24T02:00:13.873806,83.69,2.693558215960009,-0.09339265436430362,0.0,0.33229536235697926,0.0,0.0,0.16538431634822068,0.9862291964376393,4.841798303764979e-05,-1.0045315774734634e-05,0.0,0.0,0.0,-1.4279015137565978e-19
2026-08-24T02:00:13.895927,83.7,2.6935579544127766,-0.09339263857577647,0.0,0.3322953695213533,0.0,0.0,0.16538431988107807,0.9862291958452017,2.07913100234708e-10,-9.85156289870245e-06,0.0,0.0,0.0,-1.4121260807529675e-19
2026-08-24T02:00:13.913948,83.73,2.693558486810413,-0.09339255768694668,0.0,0.3322953766660138,0.0,0.0,0.16538432340421444,0.9862291952543943,0.00010593149073040308,-9.74107426743586e-06,0.0,0.0,0.0,-1.3665331051921036e-19
2026-08-24T02:00:13.934352,83.75,2.6935590241378695,-0.09339237068384448,0.0,0.33229538339809483,0.0,0.0,0.1653843267239019,0.986229194697704,0.00021971857354598107,-9.591672938268065e-06,0.0,0.0,0.0,-1.340199246168218e-19
2026-08-24T02:00:13.955113,83.77,2.693558684905219,-0.09339248619312766,0.0,0.3322953905261374,0.0,0.0,0.16538433023884375,0.9862291941082707,0.0001480471315456349,-9.444062822937971e-06,0.0,0.0,0.0,-1.3209074689481578e-19
2026-08-24T02:00:13.975087,83.79,2.693558550108787,-0.09339253117192005,0.0,0.33229539711855255,0.0,0.0,0.16538433348965986,0.9862291935631297,0.00011962840362096791,-9.298229120931966e-06,0.0,0.0,0.0,-1.2858547787079996e-19
2026-08-24T02:00:13.995681,83.81,2.6935579525610316,-0.093392735860862,0.0,0.33229540353907183,0.0,0.0,0.16538433665571162,0.9862291930322029,-6.697571825319924e-06,-9.154155775745241e-06,0.0,0.0,0.0,-1.2717852592496492e-19
2026-08-24T02:00:14.014637,83.83,2.69355815952536,-0.0933926629378424,0.0,0.3322954091252624,0.0,0.0,0.16538433941034375,0.9862291925702688,3.7188982618607294e-05,-9.011827770519429e-06,0.0,0.0,0.0,-1.240218819129195e-19
2026-08-24T02:00:14.035450,83.85,2.6935578069303197,-0.0933927831322865,0.0,0.33229541486471575,0.0,0.0,0.16538434224055196,0.9862291920956608,-3.7314139525997956e-05,-8.871228591043059e-06,0.0,0.0,0.0,-1.2174217143185088e-19
2026-08-24T02:00:14.056647,83.87,2.6935583811081387,-0.09339258352325706,0.0,0.33229541995129447,0.0,0.0,0.16538434474881816,0.9862291916750406,8.426248750541203e-05,-8.732343470633637e-06,0.0,0.0,0.0,-1.191086592520973e-19
2026-08-24T02:00:14.074242,83.89,2.6935581129368007,-0.09339267461975247,0.0,0.33229542541251256,0.0,0.0,0.16538434744182454,0.9862291912234407,2.761851828118511e-05,-8.595156026451834e-06,0.0,0.0,0.0,-1.1648028823526308e-19
2026-08-24T02:00:14.094966,83.91,2.6935584458808473,-0.09339255829410484,0.0,0.33229543039790116,0.0,0.0,0.1653843499001924,0.986229190811188,9.815410778576678e-05,-8.459651637120077e-06,0.0,0.0,0.0,-1.1507457812265966e-19
2026-08-24T02:00:14.114444,83.93,2.6935583903235334,-0.09339257605459537,0.0,0.3322954355627115,0.0,0.0,0.16538435244703578,0.9862291903840986,8.649153264136187e-05,-8.325814398967296e-06,0.0,0.0,0.0,-1.1209328460387456e-19
2026-08-24T02:00:14.133990,83.95,2.693557832344667,-0.09339276721397874,0.0,0.3322954406464187,0.0,0.0,0.165384354953886,0.9862291899637158,-3.1470957517767056e-05,-8.193629282106203e-06,0.0,0.0,0.0,-1.1033585182074353e-19
2026-08-24T02:00:14.154999,83.97,2.693558423010989,-0.09339256200277235,0.0,0.33229544492037233,0.0,0.0,0.16538435706143492,0.9862291896102933,9.35886089699355e-05,-8.063081685146818e-06,0.0,0.0,0.0,-1.0753560454226171e-19
2026-08-24T02:00:14.174723,83.99,2.693557441853302,-0.09339289923198839,0.0,0.33229544980379266,0.0,0.0,0.16538435946952076,0.9862291892064726,-0.00011391000125962608,-7.934155291310004e-06,0.0,0.0,0.0,-1.0577696130575525e-19
2026-08-24T02:00:14.194955,84.01,2.6935580085933624,-0.0933927023115648,0.0,0.3322954536458447,0.0,0.0,0.16538436136409268,0.986229188888765,6.085539384524377e-06,-7.80683637782621e-06,0.0,0.0,0.0,-1.0297484798690271e-19
2026-08-24T02:00:14.216213,84.03,2.6935579209167453,-0.09339273124164761,0.0,0.3322954578179256,0.0,0.0,0.16538436342140667,0.9862291885437665,-1.2378410035900997e-05,-7.681108829000843e-06,0.0,0.0,0.0,-1.0121828757752044e-19
2026-08-24T02:00:14.233784,84.05,2.6935577095803995,-0.09339280286229515,0.0,0.33229546181200803,0.0,0.0,0.16538436539094697,0.986229188213487,-5.7006060650970157e-05,-7.556958129692572e-06,0.0,0.0,0.0,-9.998909850919775e-20
2026-08-24T02:00:14.257786,84.07,2.6935580167894466,-0.09339269555371764,0.0,0.33229546543570176,0.0,0.0,0.16538436717784327,0.986229187913836,8.075748111406678e-06,-7.434369561644741e-06,0.0,0.0,0.0,-9.753544602353856e-20
2026-08-24T02:00:14.273989,84.09,2.6935577085288087,-0.09339280065490664,0.0,0.33229546924280223,0.0,0.0,0.16538436905518006,0.9862291875990185,-5.7060937948552945e-05,-7.313327912008644e-06,0.0,0.0,0.0,-9.542938798135799e-20
2026-08-24T02:00:14.296032,84.11,2.6935580115728377,-0.09339269481610309,0.0,0.33229547265423953,0.0,0.0,0.16538437073740958,0.9862291873169193,7.1376360203808555e-06,-7.193818900982516e-06,0.0,0.0,0.0,-9.332386015228244e-20
2026-08-24T02:00:14.313946,84.12,2.693557954411861,-0.09339263857603365,0.0,0.3322954763797381,0.0,0.0,0.1653843725745073,0.9862291870088497,-2.376208977003421e-10,-7.050867551133882e-06,0.0,0.0,0.0,-9.26234531467992e-20
2026-08-24T02:00:14.335968,84.15,2.693557930184257,-0.09339272042880475,0.0,0.33229547948462557,0.0,0.0,0.16538437410557263,0.9862291867520997,-9.920521374361229e-06,-6.9593393958347115e-06,0.0,0.0,0.0,-8.929368008170141e-20
2026-08-24T02:00:14.356488,84.18,2.6935579544109363,-0.0933926385763455,0.0,0.33229548575249396,0.0,0.0,0.16538437719635002,0.986229186233796,-6.109789328656058e-10,-6.707700744004901e-06,0.0,0.0,0.0,-8.77120045480632e-20
2026-08-24T02:00:14.374030,84.19,2.6935575565387935,-0.09339284695970784,0.0,0.3322954856810125,0.0,0.0,0.16538437716110146,0.9862291862397069,-8.881644552101576e-05,-6.730814946925321e-06,0.0,0.0,0.0,-8.630870965154569e-20
2026-08-24T02:00:14.394935,84.21,2.69355807081157,-0.09339266830608853,0.0,0.3322954884603444,0.0,0.0,0.16538437853163057,0.9862291860098779,2.00669300852887e-05,-6.618749911321425e-06,0.0,0.0,0.0,-8.437773071111305e-20
2026-08-24T02:00:14.414165,84.23,2.6935571212744733,-0.0933929948163355,0.0,0.3322954916960499,0.0,0.0,0.16538438012720416,0.9862291857423103,-0.00018075414640939964,-6.5081301693805745e-06,0.0,0.0,0.0,-8.367408066376354e-20
2026-08-24T02:00:14.434057,84.25,2.6935570654873313,-0.09339301291599314,0.0,0.3322954941930854,0.0,0.0,0.1653843813585288,0.986229185535825,-0.0001924813467376585,-6.398942335039868e-06,0.0,0.0,0.0,-8.15698424286134e-20
2026-08-24T02:00:14.454028,84.27,2.693557603710681,-0.09339282604250258,0.0,0.3322954965141105,0.0,0.0,0.16538438250306015,0.9862291853438944,-7.853333083778404e-05,-6.291171906441861e-06,0.0,0.0,0.0,-7.946559941849131e-20
2026-08-24T02:00:14.473677,84.29,2.6935576429669084,-0.09339281137321644,0.0,0.3322954991266598,0.0,0.0,0.16538438379134635,0.986229185127857,-7.015493430954876e-05,-6.1848045493526545e-06,0.0,0.0,0.0,-7.754007686397567e-20
2026-08-24T02:00:14.494826,84.31,2.693557864580783,-0.09339273378846664,0.0,0.33229550160073185,0.0,0.0,0.16538438501134736,0.9862291849232705,-2.3195110169679495e-05,-6.079826600245844e-06,0.0,0.0,0.0,-7.665756867493382e-20
2026-08-24T02:00:14.515942,84.33,2.693556974848038,-0.09339303973472148,0.0,0.33229550432467425,0.0,0.0,0.16538438635456312,0.9862291846980217,-0.0002113677667746676,-5.976223941198391e-06,0.0,0.0,0.0,-7.50847399384286e-20
2026-08-24T02:00:14.535110,84.35,2.6935567466070713,-0.09339311742000894,0.0,0.3322955064553624,0.0,0.0,0.1653843874052365,0.9862291845218304,-0.00025958643542313523,-5.873983306433649e-06,0.0,0.0,0.0,-7.350263131374873e-20
2026-08-24T02:00:14.554352,84.37,2.6935571285012605,-0.09339298456692353,0.0,0.33229550834207755,0.0,0.0,0.16538438833560332,0.9862291843658139,-0.00017871812547114602,-5.7730907557560306e-06,0.0,0.0,0.0,-7.209861219018095e-20
2026-08-24T02:00:14.574162,84.39,2.6935579004595915,-0.09339271711999964,0.0,0.33229551027121135,0.0,0.0,0.1653843892868873,0.9862291842062895,-1.5323994681358894e-05,-5.673532483699512e-06,0.0,0.0,0.0,-7.10435737256235e-20
2026-08-24T02:00:14.596547,84.41,2.6935583236027565,-0.09339257006022122,0.0,0.3322955124762057,0.0,0.0,0.16538439037420222,0.9862291840239537,7.42688772781773e-05,-5.575294814027819e-06,0.0,0.0,0.0,-6.92928034997935e-20
2026-08-24T02:00:14.615416,84.44,2.693557954411795,-0.09339263857602079,0.0,0.3322955170037445,0.0,0.0,0.16538439260679766,0.9862291836495616,-1.3195068056584807e-10,-5.3666114353065815e-06,0.0,0.0,0.0,-6.754062576793716e-20
2026-08-24T02:00:14.634649,84.45,2.693557921852834,-0.09339270666885108,0.0,0.3322955170053236,0.0,0.0,0.1653843926075764,0.986229183649431,-1.0597999448609628e-05,-5.382727975205625e-06,0.0,0.0,0.0,-6.648550433524268e-20
2026-08-24T02:00:14.654829,84.47,2.6935579233968836,-0.093392705140367,0.0,0.33229551903517546,0.0,0.0,0.16538439360852594,0.9862291834815781,-1.020656525082783e-05,-5.288372298527785e-06,0.0,0.0,0.0,-6.525821769713269e-20
2026-08-24T02:00:14.675002,84.49,2.6935583036981994,-0.09339257291924695,0.0,0.33229552097502607,0.0,0.0,0.16538439456509454,0.9862291833211676,7.031920616816926e-05,-5.19528409808823e-06,0.0,0.0,0.0,-6.385416375004168e-20
2026-08-24T02:00:14.695550,84.51,2.6935577254692404,-0.09339277149222217,0.0,0.3322955231117208,0.0,0.0,0.16538439561872992,0.9862291831444796,-5.195577383632433e-05,-5.10345009063705e-06,0.0,0.0,0.0,-6.262765399218407e-20
2026-08-24T02:00:14.714753,84.52,2.693557954411875,-0.09339263857598558,0.0,0.3322955248788033,0.0,0.0,0.16538439649010409,0.9862291829983556,-1.8691908227679832e-10,-4.998594621773703e-06,0.0,0.0,0.0,-6.209807648692393e-20
2026-08-24T02:00:14.734474,84.55,2.693557504100838,-0.09339284598564668,0.0,0.33229552670080104,0.0,0.0,0.16538439738855773,0.9862291828476907,-9.86672087070973e-05,-4.923493254786492e-06,0.0,0.0,0.0,-5.999953240797323e-20
2026-08-24T02:00:14.754310,84.57,2.6935574909267204,-0.093392849601728,0.0,0.3322955282729487,0.0,0.0,0.1653843981638067,0.9862291827176863,-0.00010139354224281174,-4.835344520968282e-06,0.0,0.0,0.0,-5.876907152351226e-20
2026-08-24T02:00:14.775399,84.59,2.6935579819397577,-0.09339267923966903,0.0,0.3322955297335963,0.0,0.0,0.16538439888407336,0.9862291825969022,2.5516626484320568e-06,-4.748398475525938e-06,0.0,0.0,0.0,-5.754099986035535e-20
2026-08-24T02:00:14.795597,84.61,2.693557556263591,-0.0933928252320273,0.0,0.3322955314325849,0.0,0.0,0.16538439972186939,0.986229182456409,-8.745145446825998e-05,-4.662642241503792e-06,0.0,0.0,0.0,-5.631537151208204e-20
2026-08-24T02:00:14.814027,84.63,2.693557324520079,-0.09339290431224502,0.0,0.33229553290861796,0.0,0.0,0.16538440044972283,0.9862291823343526,-0.00013642366483116385,-4.578063438719316e-06,0.0,0.0,0.0,-5.560796727618753e-20
2026-08-24T02:00:14.834088,84.65,2.69355728746319,-0.09339291622000068,0.0,0.33229553420867886,0.0,0.0,0.16538440109080185,0.9862291822268477,-0.00014420632777871202,-4.494649509370449e-06,0.0,0.0,0.0,-5.42079999050584e-20
2026-08-24T02:00:14.856498,84.67,2.6935580714074674,-0.0933926448191828,0.0,0.33229553535754747,0.0,0.0,0.1653844016573257,0.9862291821318452,2.1712143573542732e-05,-4.4123879964080534e-06,0.0,0.0,0.0,-5.3329488133204127e-20
2026-08-24T02:00:14.874109,84.69,2.6935581637836212,-0.09339261208483399,0.0,0.3322955368092445,0.0,0.0,0.16538440237317867,0.9862291820118012,4.1311737054970406e-05,-4.331266329409385e-06,0.0,0.0,0.0,-5.2622786559294695e-20
2026-08-24T02:00:14.896345,84.71,2.6935576498713703,-0.09339278858750254,0.0,0.3322955383152921,0.0,0.0,0.16538440311583277,0.9862291818872628,-6.736344326070315e-05,-4.251272366902994e-06,0.0,0.0,0.0,-5.1045982840956573e-20
2026-08-24T02:00:14.913809,84.73,2.6935581587243744,-0.0933926121540859,0.0,0.33229553948535934,0.0,0.0,0.16538440369280996,0.9862291817905073,4.0351053661475715e-05,-4.172394105080381e-06,0.0,0.0,0.0,-4.982131047652089e-20
2026-08-24T02:00:14.934037,84.75,2.693557949189755,-0.09339268364194664,0.0,0.3322955408737185,0.0,0.0,0.16538440437743013,0.986229181675701,-3.927735187263442e-06,-4.094619195569468e-06,0.0,0.0,0.0,-4.946918476172024e-20
2026-08-24T02:00:14.956003,84.77,2.693557746716712,-0.09339275270442625,0.0,0.3322955421119999,0.0,0.0,0.1653844049880448,0.9862291815733046,-4.6712723008293544e-05,-4.017935799135266e-06,0.0,0.0,0.0,-4.806330687823493e-20
2026-08-24T02:00:14.974088,84.79,2.6935577137769853,-0.09339276327374141,0.0,0.3322955432302041,0.0,0.0,0.1653844055394476,0.9862291814808379,-5.3629677321036766e-05,-3.942331979272043e-06,0.0,0.0,0.0,-4.6839544228839275e-20
2026-08-24T02:00:14.994839,84.81,2.693557788118795,-0.09339273683234314,0.0,0.3322955443375735,0.0,0.0,0.16538440608550758,0.9862291813892671,-3.784953270892523e-05,-3.867795855210539e-06,0.0,0.0,0.0,-4.614052874548118e-20
2026-08-24T02:00:15.014485,84.83,2.6935579142023434,-0.0933926925464327,0.0,0.3322955453825611,0.0,0.0,0.16538440660080622,0.9862291813028548,-1.1123095051463706e-05,-3.7943157039340674e-06,0.0,0.0,0.0,-4.543272716754544e-20
2026-08-24T02:00:15.034348,84.85,2.69355758904158,-0.09339280399222731,0.0,0.33229554646937887,0.0,0.0,0.16538440713673191,0.9862291812129834,-7.986870399429122e-05,-3.7218798259221994e-06,0.0,0.0,0.0,-4.403652184787196e-20
2026-08-24T02:00:15.056814,84.87,2.6935582744394138,-0.09339256671347115,0.0,0.3322955472903102,0.0,0.0,0.16538440754154513,0.9862291811450988,6.519267603238393e-05,-3.65047677621853e-06,0.0,0.0,0.0,-4.315882179241476e-20
2026-08-24T02:00:15.074019,84.89,2.6935582374371796,-0.09339257873979298,0.0,0.3322955483930557,0.0,0.0,0.165384408085325,0.9862291810539103,5.7411970872744066e-05,-3.5800948526551467e-06,0.0,0.0,0.0,-4.2629684584928445e-20
2026-08-24T02:00:15.094679,84.91,2.6935576551565723,-0.09339277894783958,0.0,0.3322955494572155,0.0,0.0,0.16538440861007775,0.9862291809659126,-6.573538958551782e-05,-3.510722792828877e-06,0.0,0.0,0.0,-4.1752870193382905e-20
2026-08-24T02:00:15.115071,84.93,2.6935575967572922,-0.0933927983792886,0.0,0.33229555029515634,0.0,0.0,0.1653844090232786,0.9862291808966215,-7.804357815171613e-05,-3.4423493567637183e-06,0.0,0.0,0.0,-4.1397966990125415e-20
2026-08-24T02:00:15.133762,84.95,2.693558187465514,-0.09339259381949797,0.0,0.33229555101970654,0.0,0.0,0.1653844093805649,0.9862291808367069,4.698104652034775e-05,-3.3749632785645566e-06,0.0,0.0,0.0,-3.9824026647969064e-20
2026-08-24T02:00:15.156048,84.97,2.6935583510044,-0.09339253668262118,0.0,0.3322955518972304,0.0,0.0,0.1653844098132847,0.9862291807641425,8.162680249595384e-05,-3.308553328997359e-06,0.0,0.0,0.0,-3.929573041331469e-20
2026-08-24T02:00:15.175886,84.99,2.6935577915125064,-0.09339272906789038,0.0,0.3322955528461828,0.0,0.0,0.165384410281227,0.9862291806856714,-3.6701890514957896e-05,-3.243108496843497e-06,0.0,0.0,0.0,-3.8069467199205565e-20
2026-08-24T02:00:15.195147,85.01,2.6935580276837494,-0.09339264688642791,0.0,0.3322955535567935,0.0,0.0,0.1653844106316395,0.9862291806269095,1.331052635377634e-05,-3.178617932050136e-06,0.0,0.0,0.0,-3.789336604406976e-20
2026-08-24T02:00:15.214536,85.03,2.6935591582799896,-0.09339225605621204,0.0,0.3322955542284336,0.0,0.0,0.16538441096283502,0.9862291805713701,0.0002525582762920695,-3.1150706918672115e-06,0.0,0.0,0.0,-3.666804152241809e-20
2026-08-24T02:00:15.236260,85.06,2.6935579544135653,-0.09339263857535987,0.0,0.33229555608915146,0.0,0.0,0.1653844118803821,0.9862291804175032,4.6329253882695584e-10,-2.985986325211232e-06,0.0,0.0,0.0,-3.596453450040721e-20
2026-08-24T02:00:15.257373,85.07,2.6935580949978446,-0.09339262167399234,0.0,0.3322955561243681,0.0,0.0,0.165384411897748,0.9862291804145911,2.7681151585497208e-05,-2.9907629282065287e-06,0.0,0.0,0.0,-3.5438064183526575e-20
2026-08-24T02:00:15.273813,85.09,2.6935580617585315,-0.09339263250301219,0.0,0.3322955567904673,0.0,0.0,0.16538441222621122,0.9862291803595099,2.0690831970379176e-05,-2.9299812780436387e-06,0.0,0.0,0.0,-3.4733593147088055e-20
2026-08-24T02:00:15.293883,85.11,2.6935576957364327,-0.09339275818213226,0.0,0.33229555745947703,0.0,0.0,0.16538441255610967,0.9862291803041879,-5.670845290570263e-05,-2.8701003247003664e-06,0.0,0.0,0.0,-3.403476680465441e-20
2026-08-24T02:00:15.314026,85.13,2.693557783841127,-0.09339272715522377,0.0,0.3322955579977274,0.0,0.0,0.16538441282152877,0.9862291802596789,-3.802691623960776e-05,-2.8111096701286785e-06,0.0,0.0,0.0,-3.3681569815369825e-20
2026-08-24T02:00:15.335960,85.15,2.6935578142205148,-0.09339271605812408,0.0,0.3322955585189513,0.0,0.0,0.1653844130785519,0.9862291802165777,-3.155951366454328e-05,-2.7529989287247155e-06,0.0,0.0,0.0,-3.2980865965387714e-20
2026-08-24T02:00:15.354254,85.17,2.6935577347313595,-0.09339274288492733,0.0,0.33229555905552693,0.0,0.0,0.1653844133431452,0.9862291801722071,-4.8337884554212695e-05,-2.695757826615254e-06,0.0,0.0,0.0,-3.2801862657986376e-20
2026-08-24T02:00:15.373780,85.19,2.6935579061399295,-0.09339268313805521,0.0,0.33229555951825773,0.0,0.0,0.16538441357132447,0.9862291801339429,-1.2033509530556079e-05,-2.639376210026636e-06,0.0,0.0,0.0,-3.175178048953849e-20
2026-08-24T02:00:15.395985,85.21,2.693557515017451,-0.09339281752497883,0.0,0.33229556006317607,0.0,0.0,0.16538441384003166,0.9862291800888824,-9.474649986858301e-05,-2.5838439419013064e-06,0.0,0.0,0.0,-3.174503608661358e-20
2026-08-24T02:00:15.413956,85.23,2.6935578074433804,-0.0933927160338242,0.0,0.3322955604347734,0.0,0.0,0.16538441402327175,0.9862291800581542,-3.2838997364524586e-05,-2.5291510848080244e-06,0.0,0.0,0.0,-3.035042907762269e-20
2026-08-24T02:00:15.435533,85.25,2.6935583540440815,-0.0933925268377951,0.0,0.33229556085935874,0.0,0.0,0.16538441423264094,0.9862291800230443,8.284411554664354e-05,-2.4752876536433404e-06,0.0,0.0,0.0,-2.9820068154705895e-20
2026-08-24T02:00:15.454867,85.27,2.6935587835307944,-0.09339237806548462,0.0,0.33229556135032606,0.0,0.0,0.16538441447474408,0.9862291799824451,0.00017374818380740456,-2.4222438096229617e-06,0.0,0.0,0.0,-2.929357835402056e-20
2026-08-24T02:00:15.474983,85.29,2.693558108421715,-0.09339261048863803,0.0,0.3322955619825736,0.0,0.0,0.16538441478651458,0.9862291799301631,3.0948680664509e-05,-2.370009783611173e-06,0.0,0.0,0.0,-2.894519739400115e-20
2026-08-24T02:00:15.495228,85.31,2.693557298232415,-0.09339288953530636,0.0,0.3322955624731713,0.0,0.0,0.1653844150284355,0.9862291798895946,-0.000140429927662702,-2.318575978080119e-06,0.0,0.0,0.0,-2.7718051931321616e-20
2026-08-24T02:00:15.514471,85.33,2.693557897852669,-0.09339268207663286,0.0,0.332295562695288,0.0,0.0,0.16538441513796442,0.9862291798712273,-1.3530709647767266e-05,-2.2679328356739974e-06,0.0,0.0,0.0,-2.684122503654599e-20
2026-08-24T02:00:15.535632,85.35,2.6935576340923064,-0.09339277257174851,0.0,0.3322955630789184,0.0,0.0,0.16538441532713818,0.986229179839504,-6.930150259187843e-05,-2.218070751319416e-06,0.0,0.0,0.0,-2.7013438527996368e-20
2026-08-24T02:00:15.556285,85.37,2.6935579144555923,-0.0933926753024079,0.0,0.3322955633854488,0.0,0.0,0.16538441547829277,0.9862291798141563,-9.950030241475598e-06,-2.1689803663320048e-06,0.0,0.0,0.0,-2.6657163580492905e-20
2026-08-24T02:00:15.574952,85.39,2.6935575915317926,-0.09339278623052089,0.0,0.3322955637453271,0.0,0.0,0.16538441565575404,0.9862291797843972,-7.823908919949983e-05,-2.120652317141561e-06,0.0,0.0,0.0,-2.54399279739728e-20
2026-08-24T02:00:15.594965,85.41,2.6935576161417663,-0.09339277723553119,0.0,0.3322955640146282,0.0,0.0,0.16538441578855032,0.9862291797621281,-7.299925677865994e-05,-2.073077386873138e-06,0.0,0.0,0.0,-2.526477568444267e-20
2026-08-24T02:00:15.614164,85.43,2.6935572672575043,-0.09339289713817894,0.0,0.33229556431861523,0.0,0.0,0.16538441593845077,0.9862291797369906,-0.0001467816370453382,-2.0262463790375595e-06,0.0,0.0,0.0,-2.4388953053036076e-20
2026-08-24T02:00:15.633736,85.45,2.6935577054629087,-0.09339274543040618,0.0,0.33229556449256714,0.0,0.0,0.16538441602422901,0.9862291797226063,-5.4037013583314335e-05,-1.9801502449280652e-06,0.0,0.0,0.0,-2.3684302842116384e-20
2026-08-24T02:00:15.659047,85.47,2.6935583087853474,-0.09339253674975904,0.0,0.33229556471664523,0.0,0.0,0.16538441613472518,0.9862291797040768,7.364091779884266e-05,-1.9347799424684215e-06,0.0,0.0,0.0,-2.3858456507887382e-20
2026-08-24T02:00:15.674713,85.49,2.6935583386383963,-0.09339252597624599,0.0,0.3322955650508721,0.0,0.0,0.16538441629953735,0.9862291796764387,7.998732610014857e-05,-1.8901265397875517e-06,0.0,0.0,0.0,-2.3159825183422717e-20
2026-08-24T02:00:15.694628,85.51,2.6935587017395437,-0.09339240020902351,0.0,0.3322955653485784,0.0,0.0,0.16538441644634067,0.9862291796518208,0.00015684013047827393,-1.8461812293492946e-06,0.0,0.0,0.0,-2.350409259553123e-20
2026-08-24T02:00:15.715770,85.53,2.6935583277926325,-0.0933925287984044,0.0,0.33229556572818103,0.0,0.0,0.16538441663352824,0.9862291796204306,7.775241334344737e-05,-1.8029352297477117e-06,0.0,0.0,0.0,-2.2803446059238204e-20
2026-08-24T02:00:15.733761,85.55,2.6935577947534446,-0.09339271229650838,0.0,0.33229556604526156,0.0,0.0,0.1653844167898853,0.9862291795942105,-3.499492867982048e-05,-1.7603798914563103e-06,0.0,0.0,0.0,-2.1932726222260423e-20
2026-08-24T02:00:15.757218,85.57,2.6935578435353156,-0.09339269502014312,0.0,0.3322955662509046,0.0,0.0,0.16538441689129088,0.9862291795772055,-2.464471452153578e-05,-1.7185066246817313e-06,0.0,0.0,0.0,-2.1750455001521272e-20
2026-08-24T02:00:15.773756,85.59,2.693557664095698,-0.09339275650824323,0.0,0.3322955664629594,0.0,0.0,0.1653844169958582,0.9862291795596702,-6.258103374671677e-05,-1.6773068905688762e-06,0.0,0.0,0.0,-2.1567141167373575e-20
2026-08-24T02:00:15.794745,85.61,2.693558657783265,-0.09339241316681163,0.0,0.3322955665838938,0.0,0.0,0.1653844170554927,0.9862291795496698,0.00014768494139468568,-1.636772268995891e-06,0.0,0.0,0.0,-2.0874662463122458e-20
2026-08-24T02:00:15.814382,85.63,2.693558417237302,-0.09339249575615405,0.0,0.3322955668788913,0.0,0.0,0.16538441720096023,0.9862291795252758,9.68185045647739e-05,-1.5968943563231716e-06,0.0,0.0,0.0,-2.0524348536213724e-20
2026-08-24T02:00:15.834703,85.65,2.6935579977566104,-0.09339264010124235,0.0,0.3322955671422445,0.0,0.0,0.1653844173308236,0.9862291795034985,8.094745348456302e-06,-1.5576649107483052e-06,0.0,0.0,0.0,-1.964856215051259e-20
2026-08-24T02:00:15.857023,85.67,2.6935576683699662,-0.09339275336237042,0.0,0.3322955673475673,0.0,0.0,0.1653844174320713,0.98622917948652,-6.156779883797224e-05,-1.5190757345598628e-06,0.0,0.0,0.0,-1.9648566549003046e-20
2026-08-24T02:00:15.874997,85.69,2.693557899731436,-0.0933926731206025,0.0,0.33229556747093364,0.0,0.0,0.16538441749290497,0.9862291794763185,-1.2591468714413448e-05,-1.481118708589116e-06,0.0,0.0,0.0,-1.9471347689429835e-20
2026-08-24T02:00:15.894575,85.71,2.69355781471753,-0.09339270206396041,0.0,0.3322955676379662,0.0,0.0,0.16538441757527117,0.9862291794625062,-3.0552590727919185e-05,-1.4437857689167657e-06,0.0,0.0,0.0,-1.8945879912942365e-20
2026-08-24T02:00:15.913871,85.73,2.6935583048080836,-0.09339253254999641,0.0,0.33229556775726277,0.0,0.0,0.16538441763409806,0.9862291794526413,7.316291106739765e-05,-1.407068963121018e-06,0.0,0.0,0.0,-1.8769695088232815e-20
2026-08-24T02:00:15.934686,85.75,2.6935584762613165,-0.09339247300157019,0.0,0.33229556793340853,0.0,0.0,0.1653844177209581,0.9862291794380754,0.00010946235956826286,-1.3709603864529313e-06,0.0,0.0,0.0,-1.7720839216801948e-20
2026-08-24T02:00:15.956682,85.77,2.6935572867901882,-0.09339288310329154,0.0,0.33229556817298217,0.0,0.0,0.16538441783909538,0.9862291794182646,-0.00014217382608367377,-1.335452225259569e-06,0.0,0.0,0.0,-1.73705339863391e-20
2026-08-24T02:00:15.974310,85.79,2.693558238347024,-0.09339255436011132,0.0,0.3322955681905438,0.0,0.0,0.16538441784775523,0.9862291794168124,5.917530480530767e-05,-1.3005367815155299e-06,0.0,0.0,0.0,-1.701398514300598e-20
2026-08-24T02:00:15.994509,85.81,2.6935582395554944,-0.09339255358051379,0.0,0.33229556833454144,0.0,0.0,0.1653844179187626,0.9862291794049048,5.9453898950119464e-05,-1.2662063460865113e-06,0.0,0.0,0.0,-1.7013970409154054e-20
2026-08-24T02:00:16.014291,85.83,2.693558879259998,-0.09339233246727499,0.0,0.33229556844928165,0.0,0.0,0.16538441797534267,0.9862291793954168,0.00019482165574740806,-1.2324533552785395e-06,0.0,0.0,0.0,-1.718912580687953e-20
2026-08-24T02:00:16.035740,85.85,2.6935572797570106,-0.0933928840921539,0.0,0.33229556869998245,0.0,0.0,0.1653844180989669,0.9862291793746858,-0.0001435683458569709,-1.1992702783036953e-06,0.0,0.0,0.0,-1.6489557082564615e-20
2026-08-24T02:00:16.057751,85.87,2.6935572792165043,-0.09339288393415528,0.0,0.33229556873014415,0.0,0.0,0.16538441811384005,0.9862291793721917,-0.00014365900507342408,-1.1666497208348568e-06,0.0,0.0,0.0,-1.5617992215404114e-20
2026-08-24T02:00:16.074146,85.89,2.6935576701883828,-0.09339274867430698,0.0,0.33229556875774113,0.0,0.0,0.16538441812744853,0.9862291793699096,-6.091760455850697e-05,-1.1345842944447464e-06,0.0,0.0,0.0,-1.5440746475007548e-20
2026-08-24T02:00:16.095067,85.91,2.69355786605624,-0.09339268074903403,0.0,0.3322955688251552,0.0,0.0,0.1653844181606914,0.986229179364335,-1.9455747429439015e-05,-1.1030667061537335e-06,0.0,0.0,0.0,-1.6137141099902532e-20
2026-08-24T02:00:16.115226,85.93,2.693558056243119,-0.09339261478992403,0.0,0.33229556889824424,0.0,0.0,0.1653844181967327,0.986229179358291,2.080392115719971e-05,-1.072089744815906e-06,0.0,0.0,0.0,-1.4739098551885735e-20
2026-08-24T02:00:16.134691,85.95,2.693558171860679,-0.09339257456970222,0.0,0.3322955689898115,0.0,0.0,0.16538441824188582,0.9862291793507192,4.528637445095713e-05,-1.041646267027617e-06,0.0,0.0,0.0,-1.4738042661868614e-20
2026-08-24T02:00:16.155089,85.97,2.693558285940005,-0.09339253488586702,0.0,0.33229556908540436,0.0,0.0,0.16538441828902406,0.9862291793428144,6.944305932691234e-05,-1.0117292048056683e-06,0.0,0.0,0.0,-1.5077772592236992e-20
2026-08-24T02:00:16.174773,85.99,2.693557736605035,-0.0933927241463351,0.0,0.3322955691973349,0.0,0.0,0.1653844183442186,0.9862291793335586,-4.676149014220023e-05,-9.82331559062117e-07,0.0,0.0,0.0,-1.4905796651069402e-20
2026-08-24T02:00:16.195704,86.01,2.6935578604995767,-0.09339268108623795,0.0,0.3322955692513138,0.0,0.0,0.16538441837083645,0.9862291793290949,-2.052833375767632e-05,-9.534464108881565e-07,0.0,0.0,0.0,-1.4034286518016228e-20
2026-08-24T02:00:16.214809,86.03,2.693557154618196,-0.09339292438032966,0.0,0.33229556933738325,0.0,0.0,0.16538441841327853,0.9862291793219777,-0.00016985462843679505,-9.250668960196459e-07,0.0,0.0,0.0,-1.403428443397808e-20
2026-08-24T02:00:16.234251,86.05,2.6935580889637913,-0.0933926016508327,0.0,0.332295569308553,0.0,0.0,0.1653844183990619,0.9862291793243617,2.7847805015348984e-05,-8.971862433245495e-07,0.0,0.0,0.0,-1.3331565183447542e-20
2026-08-24T02:00:16.257888,86.07,2.693558756202408,-0.0933923711029524,0.0,0.3322955693662166,0.0,0.0,0.16538441842749668,0.9862291793195934,0.00016903599064188563,-8.697977192443027e-07,0.0,0.0,0.0,-1.193677646763338e-20
2026-08-24T02:00:16.274118,86.09,2.693558078338323,-0.09339260474408549,0.0,0.33229556949352856,0.0,0.0,0.16538441849027605,0.9862291793090657,2.563594816106112e-05,-8.428946814886796e-07,0.0,0.0,0.0,-1.2459019985144058e-20
2026-08-24T02:00:16.297149,86.11,2.6935581016908388,-0.09339259640618515,0.0,0.33229556954508066,0.0,0.0,0.16538441851569716,0.9862291793048027,3.059543064157263e-05,-8.16470567237999e-07,0.0,0.0,0.0,-1.2629895343925549e-20
2026-08-24T02:00:16.314023,86.13,2.6935579997846584,-0.09339263129901657,0.0,0.3322955696064107,0.0,0.0,0.16538441854593988,0.9862291792997312,9.05269026700004e-06,-7.905188622443344e-07,0.0,0.0,0.0,-1.2980184343773415e-20
2026-08-24T02:00:16.334446,86.15,2.6935574427488813,-0.09339282325824957,0.0,0.33229556966707735,0.0,0.0,0.16538441857585548,0.9862291792947145,-0.00010878365686548322,-7.650331291159234e-07,0.0,0.0,0.0,-1.1582226773629204e-20
2026-08-24T02:00:16.358717,86.17,2.6935575819854005,-0.09339277494448418,0.0,0.3322955696792236,0.0,0.0,0.165384418581845,0.9862291792937101,-7.930721175231526e-05,-7.400070009026539e-07,0.0,0.0,0.0,-1.1056798834301603e-20
2026-08-24T02:00:16.373738,86.19,2.693557293609645,-0.09339287420098502,0.0,0.33229556970926577,0.0,0.0,0.16538441859665923,0.9862291792912259,-0.00014030303402708458,-7.15434169194554e-07,0.0,0.0,0.0,-1.1575791144236052e-20
2026-08-24T02:00:16.395016,86.21,2.6935585838151823,-0.0933924287067697,0.0,0.33229556967952023,0.0,0.0,0.16538441858199127,0.9862291792936856,0.00013268702616859297,-6.913084039356558e-07,0.0,0.0,0.0,-1.1752009851628959e-20
2026-08-24T02:00:16.413874,86.23,2.693558249388925,-0.09339254386429084,0.0,0.3322955697601966,0.0,0.0,0.16538441862177394,0.9862291792870144,6.194666871163035e-05,-6.676235224861759e-07,0.0,0.0,0.0,-1.0878437601682757e-20
2026-08-24T02:00:16.434017,86.25,2.693557404026307,-0.09339283534634077,0.0,0.3322955698210812,0.0,0.0,0.16538441865179704,0.9862291792819796,-0.00011689337469152655,-6.443734320212243e-07,0.0,0.0,0.0,-1.105034806203187e-20
2026-08-24T02:00:16.454046,86.27,2.693557682749169,-0.09339273892025209,0.0,0.33229556981924707,0.0,0.0,0.16538441865089262,0.9862291792821313,-5.790660845722334e-05,-6.215520970346035e-07,0.0,0.0,0.0,-1.1398477919616262e-20
2026-08-24T02:00:16.473769,86.29,2.693558112543412,-0.09339259036513237,0.0,0.33229556983261066,0.0,0.0,0.16538441865748238,0.9862291792810263,3.304169362844346e-05,-5.991535391229372e-07,0.0,0.0,0.0,-1.05216678151192e-20
2026-08-24T02:00:16.495217,86.31,2.69355804472617,-0.09339261353604726,0.0,0.3322955698697143,0.0,0.0,0.16538441867577874,0.9862291792779581,1.8708165094983685e-05,-5.771718502247067e-07,0.0,0.0,0.0,-1.0000561417819695e-20
2026-08-24T02:00:16.515911,86.33,2.6935581765787493,-0.0933925678068856,0.0,0.3322955698967305,0.0,0.0,0.1653844186891008,0.9862291792757241,4.661958813802509e-05,-5.556011883744147e-07,0.0,0.0,0.0,-9.305398292699277e-21
2026-08-24T02:00:16.533782,86.35,2.6935583463832216,-0.09339250898511398,0.0,0.3322955699282861,0.0,0.0,0.16538441870466136,0.9862291792731146,8.256020593089278e-05,-5.344357727781532e-07,0.0,0.0,0.0,-9.477297182324377e-21
2026-08-24T02:00:16.557295,86.37,2.6935575978102335,-0.09339276709207552,0.0,0.3322955699827812,0.0,0.0,0.16538441873153367,0.9862291792686083,-7.580376426324658e-05,-5.136698853194192e-07,0.0,0.0,0.0,-9.824327200804355e-21
2026-08-24T02:00:16.574495,86.39,2.6935582681132377,-0.0933925355607461,0.0,0.33229556997493986,0.0,0.0,0.16538441872766702,0.9862291792692567,6.602913967778997e-05,-4.93297876629278e-07,0.0,0.0,0.0,-9.824326363652138e-21
2026-08-24T02:00:16.594809,86.41,2.6935582540712897,-0.09339254019533562,0.0,0.332295570007203,0.0,0.0,0.16538441874357643,0.9862291792665888,6.30715227578552e-05,-4.733141495532301e-07,0.0,0.0,0.0,-9.294550856679281e-21
2026-08-24T02:00:16.614692,86.42,2.693557954412704,-0.09339263857560379,0.0,0.33229557004015264,0.0,0.0,0.16538441875982438,0.9862291792638641,7.226262634793668e-11,-4.5798997156499135e-07,0.0,0.0,0.0,-9.123759195114085e-21
2026-08-24T02:00:16.634151,86.45,2.6935578196071495,-0.09339268971505886,0.0,0.3322955700464197,0.0,0.0,0.1653844187629147,0.9862291792633459,-2.8822387248917215e-05,-4.3448948938425223e-07,0.0,0.0,0.0,-9.293456983773656e-21
2026-08-24T02:00:16.654426,86.47,2.693557422883905,-0.0933928264217668,0.0,0.33229557006149874,0.0,0.0,0.1653844187703504,0.986229179262099,-0.00011274556133645641,-4.1563768025602395e-07,0.0,0.0,0.0,-8.423195314531159e-21
2026-08-24T02:00:16.675081,86.49,2.6935575085519394,-0.09339279666307533,0.0,0.33229557005517396,0.0,0.0,0.1653844187672316,0.986229179262622,-9.460743858847326e-05,-3.9715240221593703e-07,0.0,0.0,0.0,-8.423196964785855e-21
2026-08-24T02:00:16.694873,86.51,2.6935580495280704,-0.09339260978511386,0.0,0.332295570049392,0.0,0.0,0.1653844187643804,0.9862291792631002,1.9861205631097028e-05,-3.790283682626199e-07,0.0,0.0,0.0,-9.118292038228232e-21
2026-08-24T02:00:16.714480,86.53,2.693557846258238,-0.09339267974407743,0.0,0.3322955700663548,0.0,0.0,0.16538441877274504,0.9862291792616974,-2.3133478526720558e-05,-3.612603493849764e-07,0.0,0.0,0.0,-7.891219016571094e-21
2026-08-24T02:00:16.734038,86.55,2.6935578824239035,-0.09339266707952068,0.0,0.33229557007440574,0.0,0.0,0.16538441877671506,0.9862291792610317,-1.546960965150694e-05,-3.4384317863197073e-07,0.0,0.0,0.0,-7.721545327831425e-21
2026-08-24T02:00:16.757072,86.57,2.6935574232421717,-0.09339282535893086,0.0,0.33229557008482935,0.0,0.0,0.1653844187818551,0.9862291792601697,-0.0001126085601925848,-3.267717460946042e-07,0.0,0.0,0.0,-7.892309969595727e-21
2026-08-24T02:00:16.775013,86.59,2.69355764847373,-0.09339274745653368,0.0,0.3322955700790984,0.0,0.0,0.16538441877902907,0.9862291792606436,-6.494361897065212e-05,-3.1004100002204204e-07,0.0,0.0,0.0,-7.545312244929597e-21
2026-08-24T02:00:16.794831,86.61,2.6935575959649647,-0.09339276540358325,0.0,0.33229557008152083,0.0,0.0,0.16538441878022364,0.9862291792604433,-7.604195133246564e-05,-2.9364594565163414e-07,0.0,0.0,0.0,-7.195030518607568e-21
2026-08-24T02:00:16.813775,86.63,2.6935580361245237,-0.09339261333833321,0.0,0.332295570078685,0.0,0.0,0.1653844187788252,0.9862291792606778,1.709525343382234e-05,-2.7758164739306174e-07,0.0,0.0,0.0,-7.54202322932989e-21
2026-08-24T02:00:16.836368,86.65,2.693558154487718,-0.09339257232580465,0.0,0.3322955700872346,0.0,0.0,0.16538441878304114,0.9862291792599708,4.214826695925601e-05,-2.6184322411739915e-07,0.0,0.0,0.0,-7.717158264142553e-21
2026-08-24T02:00:16.857387,86.67,2.6935577183543837,-0.0933927226688617,0.0,0.33229557010341537,0.0,0.0,0.16538441879102014,0.9862291792586328,-5.011541032456982e-05,-2.4642585227356465e-07,0.0,0.0,0.0,-7.369075987704008e-21
2026-08-24T02:00:16.874469,86.69,2.693557947415006,-0.09339264346228772,0.0,0.33229557010347793,0.0,0.0,0.165384418791051,0.9862291792586276,-1.6415265736875604e-06,-2.3132476473708903e-07,0.0,0.0,0.0,-7.186243162386954e-21
2026-08-24T02:00:16.893910,86.71,2.6935577541210485,-0.09339271001009862,0.0,0.33229557011200145,0.0,0.0,0.16538441879525403,0.9862291792579228,-4.252735565733364e-05,-2.1653524831877542e-07,0.0,0.0,0.0,-6.666324149234083e-21
2026-08-24T02:00:16.915004,86.73,2.6935584375294495,-0.0933924740183678,0.0,0.3322955701079633,0.0,0.0,0.1653844187932628,0.9862291792582567,0.00010207382445324668,-2.0205264611227324e-07,0.0,0.0,0.0,-6.4955851522147704e-21
2026-08-24T02:00:16.935118,86.75,2.693557908845223,-0.0933926563130363,0.0,0.3322955701242796,0.0,0.0,0.16538441880130858,0.9862291792569075,-9.772445059825183e-06,-1.8787235397905639e-07,0.0,0.0,0.0,-7.012191506329354e-21
2026-08-24T02:00:16.956641,86.77,2.6935578366206787,-0.09339268109036158,0.0,0.3322955701267695,0.0,0.0,0.16538441880253643,0.9862291792567016,-2.5043285723902783e-05,-1.739898230537344e-07,0.0,0.0,0.0,-5.9701785373259025e-21
2026-08-24T02:00:16.975499,86.79,2.693557828865768,-0.09339268362284207,0.0,0.3322955701278385,0.0,0.0,0.16538441880306354,0.9862291792566132,-2.6674584938178368e-05,-1.604005580589957e-07,0.0,0.0,0.0,-6.3105314226027655e-21
2026-08-24T02:00:16.996593,86.81,2.693557524293889,-0.09339278858746847,0.0,0.33229557013046046,0.0,0.0,0.16538441880435645,0.9862291792563964,-9.110472296077659e-05,-1.4710011611984617e-07,0.0,0.0,0.0,-6.31273232970578e-21
2026-08-24T02:00:17.016596,86.83,2.693557649226425,-0.0933927453366527,0.0,0.3322955701278852,0.0,0.0,0.16538441880308655,0.9862291792566094,-6.466308817442113e-05,-1.3408410753821124e-07,0.0,0.0,0.0,-6.1387029416652496e-21
2026-08-24T02:00:17.034399,86.85,2.693557957819494,-0.0933926387090528,0.0,0.33229557012563893,0.0,0.0,0.1653844188019789,0.9862291792567951,6.356932747474207e-07,-1.2134819463338426e-07,0.0,0.0,0.0,-5.788421887828637e-21
2026-08-24T02:00:17.055586,86.87,2.693558107912363,-0.09339258678148171,0.0,0.3322955701280317,0.0,0.0,0.1653844188031588,0.9862291792565973,3.2399739959535315e-05,-1.088880911626336e-07,0.0,0.0,0.0,-6.142016678379397e-21
2026-08-24T02:00:17.074001,86.89,2.6935581496866856,-0.09339257223661804,0.0,0.3322955701309925,0.0,0.0,0.1653844188046188,0.9862291792563523,4.124635133760752e-05,-9.669956228383615e-08,0.0,0.0,0.0,-5.2663278875405146e-21
2026-08-24T02:00:17.095260,86.91,2.693558332739275,-0.09339250894060827,0.0,0.332295570133812,0.0,0.0,0.16538441880600913,0.9862291792561192,7.998362699611811e-05,-8.477842448617524e-08,0.0,0.0,0.0,-5.440358562282287e-21
2026-08-24T02:00:17.114200,86.93,2.693557493168241,-0.09339279854638864,0.0,0.33229557013874134,0.0,0.0,0.1653844188084399,0.9862291792557116,-9.763946529983846e-05,-7.312054376135691e-08,0.0,0.0,0.0,-5.961336956277135e-21
2026-08-24T02:00:17.135325,86.95,2.693557756924566,-0.09339270740569826,0.0,0.33229557013619804,0.0,0.0,0.16538441880718574,0.9862291792559219,-4.1827082859278464e-05,-6.172183684975302e-08,0.0,0.0,0.0,-5.789527870823601e-21
2026-08-24T02:00:17.155147,86.97,2.693557552468791,-0.09339277784385068,0.0,0.3322955701367229,0.0,0.0,0.1653844188074446,0.9862291792558785,-8.507699400555561e-05,-5.0578269679543426e-08,0.0,0.0,0.0,-5.9613325954823314e-21
2026-08-24T02:00:17.174298,86.99,2.693558100772328,-0.09339258851360067,0.0,0.33229557013461974,0.0,0.0,0.16538441880640747,0.9862291792560525,3.093713092186728e-05,-3.968585720685424e-08,0.0,0.0,0.0,-4.9171727815355604e-21
2026-08-24T02:00:17.196515,87.01,2.693558048913031,-0.09339260629722418,0.0,0.33229557013553324,0.0,0.0,0.16538441880685792,0.9862291792559769,1.9972005271675492e-05,-2.9040662568478738e-08,0.0,0.0,0.0,-5.260787339726419e-21
2026-08-24T02:00:17.215096,87.03,2.6935579302982067,-0.09339264712020072,0.0,0.3322955701362296,0.0,0.0,0.1653844188072013,0.9862291792559194,-5.1165142116651945e-06,-1.8638797768877003e-08,0.0,0.0,0.0,-4.3895462138148185e-21
2026-08-24T02:00:17.234539,87.05,2.693557909317122,-0.09339265425310449,0.0,0.33229557013642236,0.0,0.0,0.16538441880729635,0.9862291792559034,-9.548449380647332e-06,-8.476422295809576e-09,0.0,0.0,0.0,-4.9116203990799985e-21
2026-08-24T02:00:17.258696,87.07,2.6935576179713037,-0.09339275468914518,0.0,0.33229557013657113,0.0,0.0,0.1653844188073697,0.986229179255891,-7.118263044133978e-05,1.4502568181206897e-09,0.0,0.0,0.0,-4.3895453019850114e-21
2026-08-24T02:00:17.274837,87.09,2.6935579943000105,-0.0933926247186417,0.0,0.3322955701365262,0.0,0.0,0.16538441880734758,0.9862291792558948,8.445434545506123e-06,1.1144986182488989e-08,0.0,0.0,0.0,-4.5602351049329856e-21
2026-08-24T02:00:17.295678,87.11,2.6935581609933554,-0.09339256709398944,0.0,0.33229557013646405,0.0,0.0,0.1653844188073169,0.9862291792558999,4.371956378375531e-05,2.0611465229703954e-08,0.0,0.0,0.0,-4.5591235147981055e-21
2026-08-24T02:00:17.313991,87.13,2.6935578466430825,-0.09339267547590922,0.0,0.3322955701357802,0.0,0.0,0.16538441880697968,0.9862291792559564,-2.2782330999132488e-05,2.9853348585084396e-08,0.0,0.0,0.0,-5.085641379540299e-21
2026-08-24T02:00:17.334440,87.15,2.69355799573668,-0.09339262392949023,0.0,0.3322955701359102,0.0,0.0,0.16538441880704385,0.9862291792559458,8.76838586127447e-06,3.8874244381559576e-08,0.0,0.0,0.0,-4.0392797677267715e-21
2026-08-24T02:00:17.355408,87.17,2.6935573426618933,-0.09339284920708585,0.0,0.3322955701348392,0.0,0.0,0.16538441880651567,0.9862291792560343,-0.00012939894789285413,4.767771557775355e-08,0.0,0.0,0.0,-4.0381675531281345e-21
2026-08-24T02:00:17.375371,87.19,2.6935574585569175,-0.09339280912177636,0.0,0.3322955701370285,0.0,0.0,0.16538441880759525,0.9862291792558533,-0.00010487220348734925,5.626728054048539e-08,0.0,0.0,0.0,-4.212187968911457e-21
2026-08-24T02:00:17.395111,87.21,2.693557876788231,-0.09339266470491936,0.0,0.3322955701398205,0.0,0.0,0.16538441880897203,0.9862291792556224,-1.6379881778519187e-05,6.46464136327389e-08,0.0,0.0,0.0,-3.865264009606556e-21
2026-08-24T02:00:17.414720,87.23,2.693557872354558,-0.0933926661484624,0.0,0.3322955701399355,0.0,0.0,0.16538441880902874,0.9862291792556128,-1.731260285906967e-05,7.281854520022387e-08,0.0,0.0,0.0,-4.559112423355877e-21
2026-08-24T02:00:17.433962,87.25,2.6935575901392133,-0.09339276345432869,0.0,0.3322955701389745,0.0,0.0,0.16538441880855487,0.9862291792556923,-7.701634782276509e-05,8.078706162549977e-08,0.0,0.0,0.0,-4.209955313381609e-21
2026-08-24T02:00:17.455227,87.27,2.693557899892003,-0.09339265647896981,0.0,0.3322955701417154,0.0,0.0,0.16538441880990645,0.9862291792554657,-1.1475320828314014e-05,8.855530707044224e-08,0.0,0.0,0.0,-3.512767366461198e-21
2026-08-24T02:00:17.475154,87.29,2.6935578515798957,-0.09339267307094541,0.0,0.3322955701411844,0.0,0.0,0.16538441880964455,0.9862291792555096,-2.1691876561359528e-05,9.612658211666466e-08,0.0,0.0,0.0,-4.3806195187735955e-21
2026-08-24T02:00:17.494838,87.31,2.6935579645997856,-0.0933926339906195,0.0,0.33229557014163724,0.0,0.0,0.1653844188098679,0.9862291792554722,2.2252594922508612e-06,1.0350414600722605e-07,0.0,0.0,0.0,-4.204365308570057e-21
2026-08-24T02:00:17.514003,87.33,2.693558510683855,-0.0933924454654155,0.0,0.3322955701425992,0.0,0.0,0.16538441881034224,0.9862291792553926,0.0001177670297592856,1.1069121538383716e-07,0.0,0.0,0.0,-3.5060641819446464e-21
2026-08-24T02:00:17.534051,87.35,2.6935581394987986,-0.09339257348422875,0.0,0.3322955701354715,0.0,0.0,0.1653844188068275,0.986229179255982,3.923854942705391e-05,1.1769096663194962e-07,0.0,0.0,0.0,-3.3331597635640182e-21
2026-08-24T02:00:17.557388,87.37,2.6935580638915146,-0.0933925995035262,0.0,0.3322955701335473,0.0,0.0,0.16538441880587862,0.9862291792561412,2.3247025955802835e-05,1.2450653395043501e-07,0.0,0.0,0.0,-2.9817723417377927e-21
2026-08-24T02:00:17.574447,87.39,2.6935578932829483,-0.09339265830889835,0.0,0.33229557013132105,0.0,0.0,0.16538441880478083,0.9862291792563253,-1.2844557938323866e-05,1.3114101133149316e-07,0.0,0.0,0.0,-2.8099985074764503e-21
2026-08-24T02:00:17.594293,87.41,2.6935580263473335,-0.09339261232111,0.0,0.3322955701330827,0.0,0.0,0.16538441880564955,0.9862291792561796,1.531290160670749e-05,1.3759745305319543e-07,0.0,0.0,0.0,-3.5071773770125635e-21
2026-08-24T02:00:17.614610,87.42,2.6935579544122814,-0.09339263857573706,0.0,0.332295570131381,0.0,0.0,0.1653844188048104,0.9862291792563203,3.367435036818661e-11,1.391323674073581e-07,0.0,0.0,0.0,-2.984014998093079e-21
2026-08-24T02:00:17.634439,87.45,2.6935580268974433,-0.09339261200006176,0.0,0.3322955701328035,0.0,0.0,0.16538441880551183,0.9862291792562027,1.5437857705365337e-05,1.4998824488006069e-07,0.0,0.0,0.0,-3.333164054755507e-21
2026-08-24T02:00:17.654550,87.47,2.6935578289145004,-0.09339268025943825,0.0,0.33229557013088856,0.0,0.0,0.16538441880456756,0.986229179256361,-2.644606088980011e-05,1.5592850564352502e-07,0.0,0.0,0.0,-3.1580253959844938e-21
2026-08-24T02:00:17.676580,87.49,2.69355795835895,-0.09339263552806697,0.0,0.33229557013348465,0.0,0.0,0.16538441880584775,0.9862291792561463,9.450826175488752e-07,1.6170255158624038e-07,0.0,0.0,0.0,-2.9817719877452787e-21
2026-08-24T02:00:17.695103,87.51,2.6935575540507224,-0.09339277499208494,0.0,0.3322955701313739,0.0,0.0,0.1653844188048069,0.9862291792563208,-8.45920192489612e-05,1.6731324109432774e-07,0.0,0.0,0.0,-2.9806591515922363e-21
2026-08-24T02:00:17.715651,87.53,2.6935579541200454,-0.09339263687371482,0.0,0.33229557014018996,0.0,0.0,0.16538441880915422,0.9862291792555918,5.6082706118199986e-08,1.7276339528237919e-07,0.0,0.0,0.0,-3.330914557295271e-21
2026-08-24T02:00:17.736915,87.56,2.693557954412998,-0.09339263857548875,0.0,0.33229557013754096,0.0,0.0,0.16538441880784796,0.9862291792558109,2.51720353979315e-10,1.7854654313997762e-07,0.0,0.0,0.0,-3.1546651189277437e-21
2026-08-24T02:00:17.754677,87.57,2.693557858457068,-0.09339266977572434,0.0,0.332295570135364,0.0,0.0,0.16538441880677449,0.9862291792559909,-2.0177021534016303e-05,1.831931958159959e-07,0.0,0.0,0.0,-2.810006400322641e-21
2026-08-24T02:00:17.774202,87.59,2.6935579748136,-0.09339262956921972,0.0,0.33229557013821426,0.0,0.0,0.16538441880817994,0.9862291792557552,4.4447280864487695e-06,1.8817829771631747e-07,0.0,0.0,0.0,-2.634871637854338e-21
2026-08-24T02:00:17.796713,87.61,2.6935584219814457,-0.09339247520402862,0.0,0.33229557014174477,0.0,0.0,0.1653844188099209,0.9862291792554633,9.905682203305e-05,1.9301377748927383e-07,0.0,0.0,0.0,-3.1591488768173032e-21
2026-08-24T02:00:17.815254,87.63,2.69355836872202,-0.09339249353373028,0.0,0.33229557013386835,0.0,0.0,0.16538441880603694,0.9862291792561145,8.779146614717442e-05,1.9770227231076716e-07,0.0,0.0,0.0,-2.8021420496434475e-21
2026-08-24T02:00:17.835412,87.65,2.6935577480382995,-0.09339270767841971,0.0,0.33229557012485467,0.0,0.0,0.16538441880159216,0.9862291792568599,-4.3525571136363214e-05,2.022463840540501e-07,0.0,0.0,0.0,-2.4597398324489973e-21
2026-08-24T02:00:17.855519,87.67,2.6935576741784564,-0.0933927331201797,0.0,0.332295570129932,0.0,0.0,0.16538441880409585,0.98622917925644,-5.914883709911631e-05,2.0664867931315828e-07,0.0,0.0,0.0,-2.459739302717187e-21
2026-08-24T02:00:17.874728,87.69,2.6935575536657392,-0.09339277466293416,0.0,0.33229557013482397,0.0,0.0,0.1653844188065082,0.9862291792560356,-8.464310628327581e-05,2.1091169012674328e-07,0.0,0.0,0.0,-2.805503539528097e-21
2026-08-24T02:00:17.895458,87.71,2.69355751906621,-0.0933927865591986,0.0,0.3322955701442831,0.0,0.0,0.16538441881117263,0.9862291792552533,-9.196053036148077e-05,2.150379132416689e-07,0.0,0.0,0.0,-2.4574924235617372e-21
2026-08-24T02:00:17.914286,87.73,2.693557990555517,-0.09339262380978275,0.0,0.33229557015724825,0.0,0.0,0.16538441881756594,0.9862291792541812,7.79688716170329e-06,2.190298122045956e-07,0.0,0.0,0.0,-2.455244935766604e-21
2026-08-24T02:00:17.934642,87.75,2.6935578422861215,-0.09339267493539669,0.0,0.33229557015712397,0.0,0.0,0.16538441881750462,0.9862291792541915,-2.357066603850009e-05,2.2288981663358276e-07,0.0,0.0,0.0,-2.452993122050056e-21
2026-08-24T02:00:17.956985,87.77,2.693557631711088,-0.0933927475635426,0.0,0.33229557015993766,0.0,0.0,0.16538441881889213,0.9862291792539588,-6.812006619657697e-05,2.2662032260007896e-07,0.0,0.0,0.0,-2.278986660072152e-21
2026-08-24T02:00:17.975167,87.79,2.6935577027232873,-0.09339272301959117,0.0,0.332295570166782,0.0,0.0,0.16538441882226715,0.9862291792533928,-5.309308830149521e-05,2.3022369315435871e-07,0.0,0.0,0.0,-1.932099372080799e-21
2026-08-24T02:00:17.995266,87.81,2.693558061681282,-0.0933925991092298,0.0,0.33229557017671013,0.0,0.0,0.16538441882716284,0.9862291792525719,2.2855216698044075e-05,2.3370225882121535e-07,0.0,0.0,0.0,-1.9309712152580785e-21
2026-08-24T02:00:18.013778,87.83,2.693557270353231,-0.09339287215442672,0.0,0.3322955701702837,0.0,0.0,0.16538441882399388,0.9862291792531033,-0.00014456673152460822,2.3705831733112844e-07,0.0,0.0,0.0,-2.1015994827134804e-21
2026-08-24T02:00:18.035116,87.85,2.6935584584316072,-0.0933924621239983,0.0,0.33229557019462735,0.0,0.0,0.16538441883599808,0.9862291792510903,0.00010680195711687359,2.4029413453832745e-07,0.0,0.0,0.0,-2.1083586532078764e-21
2026-08-24T02:00:18.057303,87.87,2.6935583156779623,-0.09339251135401373,0.0,0.33229557018370187,0.0,0.0,0.16538441883061056,0.9862291792519937,7.660034481023754e-05,2.434119454500469e-07,0.0,0.0,0.0,-2.6247419402483713e-21
2026-08-24T02:00:18.074657,87.89,2.6935578355661653,-0.09339267700477906,0.0,0.3322955701722812,0.0,0.0,0.16538441882497887,0.9862291792529382,-2.4976364264522587e-05,2.464139529839742e-07,0.0,0.0,0.0,-2.2812363845480977e-21
2026-08-24T02:00:18.094215,87.91,2.693558276076059,-0.09339252495776354,0.0,0.33229557018028943,0.0,0.0,0.16538441882892788,0.9862291792522759,6.822617671664778e-05,2.493023289741081e-07,0.0,0.0,0.0,-2.4450967308600303e-21
2026-08-24T02:00:18.114699,87.93,2.693558000016647,-0.09339262019410587,0.0,0.3322955701732462,0.0,0.0,0.16538441882545474,0.9862291792528584,9.82092532924416e-06,2.520792155828369e-07,0.0,0.0,0.0,-2.1004682916565774e-21
2026-08-24T02:00:18.135017,87.95,2.6935579420137574,-0.09339264018209,0.0,0.3322955701761847,0.0,0.0,0.16538441882690377,0.9862291792526153,-2.4489132049062283e-06,2.5474672348520175e-07,0.0,0.0,0.0,-1.7524585354238168e-21
2026-08-24T02:00:18.156364,87.97,2.6935579996052317,-0.09339262028054258,0.0,0.3322955701801131,0.0,0.0,0.16538441882884092,0.9862291792522905,9.737749247972389e-06,2.573069342984531e-07,0.0,0.0,0.0,-1.2338307934069722e-21
2026-08-24T02:00:18.175528,87.99,2.6935572956015963,-0.0933928632003226,0.0,0.33229557017528055,0.0,0.0,0.1653844188264579,0.9862291792526902,-0.00013920905798599657,2.597619003114081e-07,0.0,0.0,0.0,-2.1038492959393556e-21
2026-08-24T02:00:18.195944,88.01,2.6935571384492287,-0.09339291740731362,0.0,0.33229557018924355,0.0,0.0,0.1653844188333433,0.9862291792515355,-0.00017245614734437995,2.621136430663081e-07,0.0,0.0,0.0,-2.1027202182214136e-21
2026-08-24T02:00:18.217680,88.03,2.693557409135278,-0.09339282397185204,0.0,0.33229557021121586,0.0,0.0,0.16538441884417812,0.9862291792497185,-0.00011518450004360654,2.643641564852586e-07,0.0,0.0,0.0,-1.9309747774856523e-21
2026-08-24T02:00:18.234350,88.05,2.6935575902104327,-0.09339276146142257,0.0,0.332295570225035,0.0,0.0,0.16538441885099253,0.9862291792485758,-7.68725066855272e-05,2.6651540597590164e-07,0.0,0.0,0.0,-1.929848623894325e-21
2026-08-24T02:00:18.254779,88.07,2.6935580542061643,-0.09339260131845518,0.0,0.3322955702389083,0.0,0.0,0.1653844188578337,0.9862291792474286,2.1297938674508154e-05,2.6856932736945986e-07,0.0,0.0,0.0,-1.2327069235152232e-21
2026-08-24T02:00:18.274428,88.09,2.6935580288792673,-0.0933926100377152,0.0,0.3322955702375712,0.0,0.0,0.16538441885717434,0.9862291792475392,1.5940450879553643e-05,2.70527829653864e-07,0.0,0.0,0.0,-1.4033189544953932e-21
2026-08-24T02:00:18.294575,88.11,2.693558109460816,-0.09339258220982959,0.0,0.3322955702379726,0.0,0.0,0.1653844188573723,0.986229179247506,3.2990681685766145e-05,2.723927935409422e-07,0.0,0.0,0.0,-2.1015910937536553e-21
2026-08-24T02:00:18.316988,88.13,2.693557845209419,-0.09339267338192904,0.0,0.3322955702318655,0.0,0.0,0.16538441885436078,0.986229179248011,-2.2916708196842944e-05,2.741660730153889e-07,0.0,0.0,0.0,-1.928719765357604e-21
2026-08-24T02:00:18.333674,88.15,2.6935583062799364,-0.0933925142523448,0.0,0.3322955702408712,0.0,0.0,0.16538441885880162,0.9862291792472663,7.463491915377852e-05,2.7584949361701944e-07,0.0,0.0,0.0,-1.2315818298244203e-21
2026-08-24T02:00:18.354036,88.17,2.6935587674372417,-0.09339235509374183,0.0,0.33229557023720613,0.0,0.0,0.16538441885699431,0.9862291792475694,0.00017220434439942398,2.7744485552593235e-07,0.0,0.0,0.0,-1.2349667079044752e-21
2026-08-24T02:00:18.375364,88.19,2.6935575876990123,-0.09339276219561835,0.0,0.3322955702114855,0.0,0.0,0.16538441884431104,0.9862291792496962,-7.739628262793188e-05,2.78953932823539e-07,0.0,0.0,0.0,-1.401056443503313e-21
2026-08-24T02:00:18.394950,88.21,2.6935573448158867,-0.09339284599738933,0.0,0.3322955702209982,0.0,0.0,0.16538441884900196,0.9862291792489096,-0.0001287819967085754,2.803784708973265e-07,0.0,0.0,0.0,-1.5761912188568967e-21
2026-08-24T02:00:18.416923,88.23,2.6935576053664905,-0.09339275606919185,0.0,0.3322955702400354,0.0,0.0,0.16538441885838948,0.9862291792473353,-7.365528003706878e-05,2.8172019194591697e-07,0.0,0.0,0.0,-1.399926881384075e-21
2026-08-24T02:00:18.434203,88.25,2.693558041381737,-0.09339260559044534,0.0,0.3322955702534313,0.0,0.0,0.16538441886499522,0.9862291792462277,1.859465888730362e-05,2.8298079213597814e-07,0.0,0.0,0.0,-8.779263165240326e-22
2026-08-24T02:00:18.455097,88.27,2.6935579390079334,-0.09339264090617658,0.0,0.3322955702515964,0.0,0.0,0.16538441886409036,0.9862291792463794,-3.0644320539370844e-06,2.8416194218767193e-07,0.0,0.0,0.0,-1.0541855734971716e-21
2026-08-24T02:00:18.474693,88.29,2.693558192936873,-0.09339255326558082,0.0,0.3322955702585282,0.0,0.0,0.16538441886750854,0.9862291792458062,5.066100897911608e-05,2.8526528717291417e-07,0.0,0.0,0.0,-1.7490619313740112e-21
2026-08-24T02:00:18.494325,88.31,2.693557897608144,-0.09339265517009955,0.0,0.3322955702525392,0.0,0.0,0.16538441886455527,0.9862291792463014,-1.1822167013620737e-05,2.862924481296011e-07,0.0,0.0,0.0,-1.4055795768919263e-21
2026-08-24T02:00:18.517535,88.33,2.6935573043583143,-0.0933928598855308,0.0,0.3322955702520174,0.0,0.0,0.16538441886429797,0.9862291792463446,-0.00013733720045788924,2.8724502164616186e-07,0.0,0.0,0.0,-8.779229831319794e-22
2026-08-24T02:00:18.536265,88.35,2.693557496807091,-0.09339279346360026,0.0,0.3322955702735389,0.0,0.0,0.1653844188749105,0.9862291792445649,-9.661908332407483e-05,2.8812457994966656e-07,0.0,0.0,0.0,-1.055314198469907e-21
2026-08-24T02:00:18.554401,88.37,2.6935580219799613,-0.09339261222207407,0.0,0.3322955702894039,0.0,0.0,0.1653844188827338,0.986229179243253,1.4494012574424412e-05,2.889326722803322e-07,0.0,0.0,0.0,-1.5807119346913336e-21
2026-08-24T02:00:18.573504,88.39,2.693557734680235,-0.09339271135890555,0.0,0.33229557028751927,0.0,0.0,0.16538441888180444,0.9862291792434088,-4.6290896950768154e-05,2.896708237320031e-07,0.0,0.0,0.0,-1.5795808997269952e-21
2026-08-24T02:00:18.594092,88.41,2.693558510460302,-0.09339244363635762,0.0,0.33229557029924006,0.0,0.0,0.16538441888758415,0.9862291792424396,0.00011784429987986995,2.9034053608620977e-07,0.0,0.0,0.0,-1.5761867102584322e-21
2026-08-24T02:00:18.614625,88.43,2.69355784246005,-0.09339267415124428,0.0,0.332295570279459,0.0,0.0,0.16538441887782981,0.9862291792440754,-2.3487001490183577e-05,2.9094328863617045e-07,0.0,0.0,0.0,-1.5750559789991088e-21
2026-08-24T02:00:18.635490,88.45,2.6935581171682252,-0.09339257934589057,0.0,0.3322955702889638,0.0,0.0,0.1653844188825168,0.9862291792432893,3.463481126129714e-05,2.9148053687566404e-07,0.0,0.0,0.0,-1.0587133129551965e-21
2026-08-24T02:00:18.654419,88.47,2.6935576449909657,-0.09339274228524178,0.0,0.3322955702819207,0.0,0.0,0.16538441887904368,0.9862291792438718,-6.526520969986563e-05,2.919537157219337e-07,0.0,0.0,0.0,-8.801867871383706e-22
2026-08-24T02:00:18.674517,88.49,2.6935581159897195,-0.0933925797429622,0.0,0.3322955702988386,0.0,0.0,0.1653844188873862,0.9862291792424728,3.438624478282762e-05,2.9236423604419433e-07,0.0,0.0,0.0,-1.2293163088748564e-21
2026-08-24T02:00:18.695620,88.51,2.6935579361359796,-0.0933926418051787,0.0,0.33229557029567536,0.0,0.0,0.16538441888582633,0.9862291792427343,-3.666120955186391e-06,2.927134887444551e-07,0.0,0.0,0.0,-1.4044488878169037e-21
2026-08-24T02:00:18.714075,88.53,2.6935578014762447,-0.09339268827194928,0.0,0.33229557029756407,0.0,0.0,0.1653844188867577,0.9862291792425782,-3.2156199893950285e-05,2.930028411545705e-07,0.0,0.0,0.0,-8.80190032390945e-22
2026-08-24T02:00:18.737048,88.55,2.693557575433934,-0.09339276627471502,0.0,0.3322955703013006,0.0,0.0,0.16538441888860025,0.9862291792422693,-7.998047486362347e-05,2.9323364106002156e-07,0.0,0.0,0.0,-8.77924627234729e-22
2026-08-24T02:00:18.755425,88.57,2.6935576140792676,-0.09339275293655439,0.0,0.33229557031113593,0.0,0.0,0.16538441889345015,0.9862291792414559,-7.180382700058468e-05,2.9340721369188286e-07,0.0,0.0,0.0,-8.779237826351708e-22
2026-08-24T02:00:18.774475,88.59,2.693558269597826,-0.09339252672110356,0.0,0.33229557032906204,0.0,0.0,0.16538441890228978,0.9862291792399736,6.688652498711053e-05,2.9352486382090776e-07,0.0,0.0,0.0,-1.0564521905472375e-21
2026-08-24T02:00:18.796438,88.61,2.693558133577173,-0.09339257365990934,0.0,0.3322955703213238,0.0,0.0,0.16538441889847394,0.9862291792406135,3.8107732922099144e-05,2.935878768364014e-07,0.0,0.0,0.0,-8.824554597034027e-22
2026-08-24T02:00:18.814227,88.63,2.693558402174956,-0.09339248096878217,0.0,0.33229557032253254,0.0,0.0,0.16538441889907002,0.9862291792405136,9.49360005394102e-05,2.935975159221129e-07,0.0,0.0,0.0,-1.0530536934198562e-21
2026-08-24T02:00:18.835057,88.65,2.693558093600025,-0.09339258745576817,0.0,0.3322955703129016,0.0,0.0,0.16538441889432084,0.9862291792413099,2.9649499227344804e-05,2.9355502611162925e-07,0.0,0.0,0.0,-1.2225204977885304e-21
2026-08-24T02:00:18.854785,88.67,2.6935584482338393,-0.09339246507540307,0.0,0.3322955703157207,0.0,0.0,0.16538441889571098,0.9862291792410768,0.00010468080288457673,2.934616312592739e-07,0.0,0.0,0.0,-1.0507893209939953e-21
2026-08-24T02:00:18.873736,88.68,2.693557954412941,-0.093392638575506,0.0,0.33229557030264173,0.0,0.0,0.1653844188892616,0.9862291792421584,3.363952884903199e-10,2.899653161041825e-07,0.0,0.0,0.0,-1.2225194673195384e-21
2026-08-24T02:00:18.893882,88.71,2.6935580862340958,-0.09339259000180693,0.0,0.3322955703063579,0.0,0.0,0.16538441889109406,0.986229179241851,2.809112161309854e-05,2.9312692508644315e-07,0.0,0.0,0.0,-8.779228737016355e-22
2026-08-24T02:00:18.917194,88.73,2.6935579064963253,-0.09339265203022586,0.0,0.3322955703058516,0.0,0.0,0.16538441889084443,0.9862291792418929,-9.936846391422074e-06,2.928879653734463e-07,0.0,0.0,0.0,-7.016600144422994e-22
2026-08-24T02:00:18.936241,88.75,2.6935574127656245,-0.09339282241551401,0.0,0.3322955703055315,0.0,0.0,0.16538441889068653,0.9862291792419193,-0.0001143971929063919,2.9260280455530084e-07,0.0,0.0,0.0,-7.061931562895326e-22
2026-08-24T02:00:18.958615,88.77,2.6935575201447186,-0.09339278536322745,0.0,0.3322955703260333,0.0,0.0,0.16538441890079628,0.986229179240224,-9.167849704708403e-05,2.9227257019741237e-07,0.0,0.0,0.0,-5.287965843305871e-22
2026-08-24T02:00:18.975031,88.79,2.6935575031524963,-0.09339279123092567,0.0,0.33229557033817514,0.0,0.0,0.1653844189067836,0.98622917923922,-9.527389180385203e-05,2.918983735580278e-07,0.0,0.0,0.0,-3.502626235695313e-22
2026-08-24T02:00:18.995321,88.81,2.693557522958606,-0.0933927844002754,0.0,0.3322955703524522,0.0,0.0,0.16538441891382383,0.9862291792380394,-9.108372904952811e-05,2.9148130681738514e-07,0.0,0.0,0.0,-1.2191152864687838e-21
2026-08-24T02:00:19.016434,88.83,2.6935583050379015,-0.09339251451585356,0.0,0.33229557037231233,0.0,0.0,0.16538441892361713,0.9862291792363971,7.438317514916679e-05,2.910224442656352e-07,0.0,0.0,0.0,-7.016594600154677e-22
2026-08-24T02:00:19.034875,88.85,2.6935576916855095,-0.09339272618387412,0.0,0.33229557035978413,0.0,0.0,0.1653844189174393,0.9862291792374331,-5.538685154293938e-05,2.905228428791998e-07,0.0,0.0,0.0,-3.570661882248523e-22
2026-08-24T02:00:19.057334,88.87,2.6935577726913493,-0.09339269823499358,0.0,0.33229557036839324,0.0,0.0,0.16538441892168457,0.9862291792367212,-3.824804934558703e-05,2.8998354123053726e-07,0.0,0.0,0.0,-8.801901760342249e-22
2026-08-24T02:00:19.086043,88.88,2.6935579544119017,-0.09339263857586477,0.0,0.3322955703746162,0.0,0.0,0.16538441892475322,0.9862291792362066,-1.669094244520138e-10,2.863103738276745e-07,0.0,0.0,0.0,-7.050616785433331e-22
2026-08-24T02:00:19.099382,88.91,2.693557834687809,-0.09339267685288118,0.0,0.33229557038199214,0.0,0.0,0.1653844189283904,0.9862291792355967,-2.513212663516259e-05,2.887899091585426e-07,0.0,0.0,0.0,-8.76787689541559e-22
2026-08-24T02:00:19.122447,88.93,2.6935575102415115,-0.09339278882339859,0.0,0.3322955703830784,0.0,0.0,0.16538441892892602,0.9862291792355069,-9.377682980006982e-05,2.881375722033537e-07,0.0,0.0,0.0,-8.733868751895321e-22
2026-08-24T02:00:19.144388,88.95,2.6935578754011344,-0.09339266281695673,0.0,0.33229557039727287,0.0,0.0,0.1653844189359255,0.9862291792343331,-1.6518950949255315e-05,2.8744952165734633e-07,0.0,0.0,0.0,-8.722525804754363e-22
2026-08-24T02:00:19.166558,88.98,2.6935579544121637,-0.09339263857577446,0.0,0.33229557040290425,0.0,0.0,0.16538441893870248,0.9862291792338674,-8.971866588688374e-11,2.830022289753548e-07,0.0,0.0,0.0,-1.0473836510453314e-21
2026-08-24T02:00:19.186710,88.99,2.693558245092924,-0.09339253525473935,0.0,0.33229557040765606,0.0,0.0,0.16538441894104564,0.9862291792334744,6.169669323528884e-05,2.859700847188135e-07,0.0,0.0,0.0,-7.005257170072018e-22
2026-08-24T02:00:19.208940,89.01,2.693557611881814,-0.09339275377890965,0.0,0.3322955703972345,0.0,0.0,0.16538441893590666,0.9862291792343363,-7.227477975978196e-05,2.851805613113334e-07,0.0,0.0,0.0,-7.016613084020356e-22
2026-08-24T02:00:19.224035,89.03,2.6935583942633787,-0.09339248379401632,0.0,0.33229557041643126,0.0,0.0,0.1653844189453728,0.9862291792327488,9.325631328386053e-05,2.843590487308528e-07,0.0,0.0,0.0,-5.2879677339190945e-22
2026-08-24T02:00:19.248503,89.05,2.693557420942574,-0.09339281968791668,0.0,0.3322955703974011,0.0,0.0,0.1653844189359888,0.9862291792343225,-0.00011267368724027582,2.8350643970769484e-07,0.0,0.0,0.0,-3.536656137082083e-22
2026-08-24T02:00:19.265112,89.07,2.6935577321294693,-0.09339271230908218,0.0,0.33229557041435737,0.0,0.0,0.16538441894435016,0.9862291792329203,-4.683465428146106e-05,2.8262361049431434e-07,0.0,0.0,0.0,-5.276637608172899e-22
2026-08-24T02:00:19.286039,89.09,2.6935583651099626,-0.09339249388223175,0.0,0.3322955704259459,0.0,0.0,0.16538441895006462,0.9862291792319621,8.708636032002082e-05,2.8171142243605047e-07,0.0,0.0,0.0,-5.253932845381586e-22
2026-08-24T02:00:19.304789,89.11,2.693558093321166,-0.09339258768413242,0.0,0.3322955704162465,0.0,0.0,0.16538441894528172,0.9862291792327641,2.9581913129675328e-05,2.8077072241562294e-07,0.0,0.0,0.0,-6.982546293402652e-22
2026-08-24T02:00:19.325505,89.13,2.693557947071866,-0.09339263816367703,0.0,0.33229557041377555,0.0,0.0,0.16538441894406328,0.9862291792329684,-1.3609980193233903e-06,2.798023421399052e-07,0.0,0.0,0.0,-3.491273203558044e-22
2026-08-24T02:00:19.344029,89.15,2.693558369827625,-0.09339249228453567,0.0,0.3322955704200284,0.0,0.0,0.16538441894714662,0.9862291792324513,8.808233506063286e-05,2.788070984330531e-07,0.0,0.0,0.0,-7.005245371465365e-22
2026-08-24T02:00:19.365136,89.17,2.6935583144029573,-0.09339251142180668,0.0,0.33229557041179625,0.0,0.0,0.16538441894308725,0.9862291792331321,7.635492669320924e-05,2.777857950049451e-07,0.0,0.0,0.0,-6.982543645940759e-22
2026-08-24T02:00:19.385409,89.19,2.6935577904462664,-0.09339269224589795,0.0,0.332295570401941,0.0,0.0,0.1653844189382275,0.986229179233947,-3.45010819734676e-05,2.76739220048345e-07,0.0,0.0,0.0,-5.2539349161841085e-22
2026-08-24T02:00:19.404333,89.21,2.6935575241597602,-0.09339278415038448,0.0,0.3322955704073114,0.0,0.0,0.16538441894087572,0.986229179233503,-9.084056784746251e-05,2.756681484659553e-07,0.0,0.0,0.0,-8.733835602362405e-22
2026-08-24T02:00:19.424211,89.23,2.6935578155287097,-0.09339268361280668,0.0,0.33229557041936797,0.0,0.0,0.165384418946821,0.986229179232506,-2.919512763488011e-05,2.7457334112685224e-07,0.0,0.0,0.0,-5.242582953814764e-22
2026-08-24T02:00:19.447515,89.25,2.6935583805557215,-0.09339248863832336,0.0,0.33229557043078684,0.0,0.0,0.1653844189524518,0.9862291792315617,9.034855928609863e-05,2.7345554624497506e-07,0.0,0.0,0.0,-8.733853297514399e-22
2026-08-24T02:00:19.465243,89.27,2.693558378372031,-0.0933924894038293,0.0,0.33229557042559993,0.0,0.0,0.16538441894989403,0.9862291792319906,8.988531667110959e-05,2.7231549802665175e-07,0.0,0.0,0.0,-3.5026517998866886e-22
2026-08-24T02:00:19.483984,89.29,2.693558007756733,-0.09339261731228445,0.0,0.33229557041639834,0.0,0.0,0.1653844189453566,0.9862291792327516,1.1472178781098732e-05,2.7115391677375635e-07,0.0,0.0,0.0,-1.7513304753501174e-22
2026-08-24T02:00:19.503959,89.31,2.693557592598341,-0.09339276059241672,0.0,0.3322955704173927,0.0,0.0,0.16538441894584693,0.9862291792326693,-7.63648569476719e-05,2.699715105107198e-07,0.0,0.0,0.0,-1.7740423574641138e-22
2026-08-24T02:00:19.524461,89.33,2.6935572126016165,-0.09339289173875932,0.0,0.33229557042434354,0.0,0.0,0.1653844189492745,0.9862291792320945,-0.0001567625372362041,2.687689746479757e-07,0.0,0.0,0.0,-6.982511968101808e-22
2026-08-24T02:00:19.544947,89.35,2.6935577736019756,-0.09339269815494579,0.0,0.33229557045154845,0.0,0.0,0.16538441896268966,0.9862291792298449,-3.807033367822593e-05,2.675469910593915e-07,0.0,0.0,0.0,-7.027964338503049e-22
2026-08-24T02:00:19.564323,89.37,2.693557868954029,-0.09339266526273593,0.0,0.33229557045804947,0.0,0.0,0.1653844189658954,0.9862291792293073,-1.7897617400201315e-05,2.663062306118597e-07,0.0,0.0,0.0,-1.7740365743289523e-22
2026-08-24T02:00:19.587468,89.39,2.693557702320111,-0.0933927227799249,0.0,0.33229557046073266,0.0,0.0,0.1653844189672185,0.9862291792290855,-5.315387466378753e-05,2.650473504390178e-07,0.0,0.0,0.0,-9.088048102756741e-24
2026-08-24T02:00:19.604677,89.4,2.693557954412303,-0.09339263857572691,0.0,0.33229557047673014,0.0,0.0,0.16538441897510708,0.9862291792277625,1.1104639444903083e-10,2.61316006883592e-07,0.0,0.0,0.0,-1.8308077924031589e-22
2026-08-24T02:00:19.626802,89.43,2.693557531485977,-0.09339278176031643,0.0,0.332295570463673,0.0,0.0,0.16538441896866843,0.9862291792288423,-8.929990642292864e-05,2.624778007863014e-07,0.0,0.0,0.0,-1.7967530073252332e-22
2026-08-24T02:00:19.645999,89.45,2.693557732740911,-0.09339271232262147,0.0,0.3322955704770263,0.0,0.0,0.16538441897525313,0.9862291792277381,-4.6720033063968284e-05,2.6116838656614806e-07,0.0,0.0,0.0,-7.016588873273577e-22
2026-08-24T02:00:19.664365,89.47,2.693558459719439,-0.09339246146219854,0.0,0.33229557049090985,0.0,0.0,0.16538441898209932,0.98622917922659,0.00010708825602614111,2.5984336342029505e-07,0.0,0.0,0.0,-1.7853967480039231e-22
2026-08-24T02:00:19.685951,89.49,2.69355822572741,-0.09339254222497971,0.0,0.33229557047948205,0.0,0.0,0.16538441897646414,0.9862291792275351,5.758028467481146e-05,2.585033299069409e-07,0.0,0.0,0.0,-1.7740286216063325e-22
2026-08-24T02:00:19.704162,89.51,2.693558297768362,-0.09339251737844671,0.0,0.3322955704755533,0.0,0.0,0.16538441897452677,0.9862291792278599,7.282150081813856e-05,2.5714887287625043e-07,0.0,0.0,0.0,-1.7967571905514231e-22
2026-08-24T02:00:19.724803,89.53,2.693557615684049,-0.09339275277449434,0.0,0.3322955704637795,0.0,0.0,0.16538441896872097,0.9862291792288335,-7.14904259535426e-05,2.557805692287676e-07,0.0,0.0,0.0,-3.4098374725744965e-24
2026-08-24T02:00:19.744151,89.55,2.693557420157698,-0.0933928202635274,0.0,0.3322955704732724,0.0,0.0,0.16538441897340203,0.9862291792280485,-0.0001128590531169741,2.543989833906655e-07,0.0,0.0,0.0,-3.4080861865455286e-24
2026-08-24T02:00:19.764098,89.57,2.693557379655264,-0.09339283425521576,0.0,0.3322955704864117,0.0,0.0,0.1653844189798812,0.986229179226962,-0.00012142907953864204,2.5300466974617393e-07,0.0,0.0,0.0,-3.4080861865454985e-24
2026-08-24T02:00:19.784293,89.59,2.693557756671217,-0.09339270416486832,0.0,0.3322955705042805,0.0,0.0,0.16538441898869258,0.9862291792254844,-4.1663453082715684e-05,2.515981717911486e-07,0.0,0.0,0.0,-1.7399465764100407e-22
2026-08-24T02:00:19.804735,89.61,2.6935578632027326,-0.09339266741660224,0.0,0.33229557051333636,0.0,0.0,0.16538441899315817,0.9862291792247355,-1.9125498315310162e-05,2.501800226724785e-07,0.0,0.0,0.0,-1.7512981491447345e-22
2026-08-24T02:00:19.827870,89.63,2.6935584760791778,-0.09339245593297842,0.0,0.33229557052103287,0.0,0.0,0.16538441899695341,0.986229179224099,0.00011054186523800362,2.487507455771691e-07,0.0,0.0,0.0,-1.7399464210447727e-22
2026-08-24T02:00:19.845963,89.65,2.6935582354661776,-0.09339253898166436,0.0,0.3322955705095869,0.0,0.0,0.16538441899130926,0.9862291792250456,5.963307025639967e-05,2.4731085190289506e-07,0.0,0.0,0.0,-1.739937679636335e-22
2026-08-24T02:00:19.864918,89.67,2.6935580817253424,-0.09339259205158705,0.0,0.3322955705045838,0.0,0.0,0.16538441898884215,0.9862291792254593,2.71047819736393e-05,2.458608450164533e-07,0.0,0.0,0.0,-3.407358462010225e-24
2026-08-24T02:00:19.883767,89.69,2.693558207298094,-0.0933925487327882,0.0,0.332295570504725,0.0,0.0,0.1653844189889118,0.9862291792254476,5.367176986961894e-05,2.4440121641269865e-07,0.0,0.0,0.0,1.739945518533135e-22
2026-08-24T02:00:19.904454,89.71,2.6935585268090563,-0.09339243848760345,0.0,0.3322955705069992,0.0,0.0,0.16538441899003323,0.9862291792252595,0.00012127067018803148,2.429324491113652e-07,0.0,0.0,0.0,1.71722457956563e-22
2026-08-24T02:00:19.927825,89.73,2.6935578530253763,-0.09339267102033165,0.0,0.3322955704915036,0.0,0.0,0.16538441898239212,0.986229179226541,-2.128529150716015e-05,2.414550165700988e-07,0.0,0.0,0.0,-1.7853774900090076e-22
2026-08-24T02:00:19.946648,89.75,2.6935572428555425,-0.09339288160053187,0.0,0.33229557049323505,0.0,0.0,0.16538441898324593,0.9862291792263977,-0.00015038155707624055,2.399693811777278e-07,0.0,0.0,0.0,-1.785386231497887e-22
2026-08-24T02:00:19.964065,89.77,2.6935573295950523,-0.09339285168312528,0.0,0.3322955705126249,0.0,0.0,0.16538441899280734,0.9862291792247944,-0.00013203032745306712,2.3847599752725126e-07,0.0,0.0,0.0,-4.5451820935041664e-24
2026-08-24T02:00:19.984202,89.79,2.6935570472170265,-0.0933929491452262,0.0,0.3322955705239062,0.0,0.0,0.16538441899837028,0.9862291792238614,-0.00019177508647928135,2.3697531054069126e-07,0.0,0.0,0.0,1.7058516901495045e-22
2026-08-24T02:00:20.004498,89.81,2.6935574353621545,-0.09339281521536867,0.0,0.33229557054763253,0.0,0.0,0.1653844190100701,0.9862291792218995,-0.00010965471993994896,2.3546775602358803e-07,0.0,0.0,0.0,1.7058604883857067e-22
2026-08-24T02:00:20.023873,89.83,2.6935574003866742,-0.09339282730102559,0.0,0.33229557055691883,0.0,0.0,0.16538441901464931,0.9862291792211316,-0.00011705591197768849,2.3395376094724767e-07,0.0,0.0,0.0,1.7172297560781788e-22
2026-08-24T02:00:20.044579,89.85,2.6935576953910823,-0.0933927255133983,0.0,0.33229557056871123,0.0,0.0,0.1653844190204643,0.9862291792201564,-5.464182106258644e-05,2.3243374331434565e-07,0.0,0.0,0.0,1.7172209578943834e-22
2026-08-24T02:00:20.065427,89.87,2.693558389803803,-0.09339248589330369,0.0,0.33229557057963094,0.0,0.0,0.16538441902584897,0.9862291792192535,9.227617581751373e-05,2.309081119616299e-07,0.0,0.0,0.0,-2.2728766079270895e-24
2026-08-24T02:00:20.083565,89.89,2.693558102128336,-0.0933925851838303,0.0,0.33229557056741393,0.0,0.0,0.16538441901982462,0.9862291792202638,3.141011656984603e-05,2.2937726788582334e-07,0.0,0.0,0.0,-1.1360090073542947e-24
2026-08-24T02:00:20.105101,89.91,2.6935582505877336,-0.09339253396784997,0.0,0.33229557056770526,0.0,0.0,0.16538441901996828,0.9862291792202397,6.281931661390756e-05,2.2784160315507667e-07,0.0,0.0,0.0,-1.1360146872856986e-24
2026-08-24T02:00:20.124790,89.93,2.6935585021173005,-0.09339244718324845,0.0,0.332295570564539,0.0,0.0,0.16538441901840692,0.9862291792205015,0.0001160351453822368,2.2630150216440942e-07,0.0,0.0,0.0,-2.273774652231851e-24
2026-08-24T02:00:20.144700,89.95,2.693557683334756,-0.09339272975460773,0.0,0.3322955705476729,0.0,0.0,0.16538441901009002,0.9862291792218961,-5.719874887640487e-05,2.2475734050538853e-07,0.0,0.0,0.0,-1.1360287288769526e-24
2026-08-24T02:00:20.166421,89.97,2.6935579656092483,-0.09339263236026855,0.0,0.3322955705565827,0.0,0.0,0.16538441901448353,0.9862291792211594,2.5225986204352486e-06,2.2320948620803697e-07,0.0,0.0,0.0,3.4912233892026135e-22
2026-08-24T02:00:20.184292,89.99,2.693558824630146,-0.093392335935519,0.0,0.3322955705642413,0.0,0.0,0.16538441901826018,0.9862291792205261,0.00018426733708820932,2.2165829867450402e-07,0.0,0.0,0.0,-1.137757274381205e-24
2026-08-24T02:00:20.204806,90.01,2.693558235040413,-0.09339253941442993,0.0,0.33229557054472414,0.0,0.0,0.16538441900863593,0.98622917922214,5.952406994425947e-05,2.2010413028970596e-07,0.0,0.0,0.0,3.4912233891976515e-22
2026-08-24T02:00:20.224682,90.03,2.6935580057679,-0.09339261855085647,0.0,0.33229557053914155,0.0,0.0,0.16538441900588305,0.9862291792226017,1.1015489362034011e-05,2.1854732546110183e-07,0.0,0.0,0.0,-2.27377464328159e-24
2026-08-24T02:00:20.244586,90.05,2.693558375774808,-0.09339249088090346,0.0,0.33229557054353265,0.0,0.0,0.1653844190080484,0.9862291792222385,8.929822515010979e-05,2.169882202872329e-07,0.0,0.0,0.0,3.5025838169041855e-22
2026-08-24T02:00:20.265620,90.07,2.693558302179413,-0.09339251629448253,0.0,0.33229557053548703,0.0,0.0,0.16538441900408102,0.9862291792229039,7.372606662920802e-05,2.154271447749487e-07,0.0,0.0,0.0,-1.1377572744514057e-24
2026-08-24T02:00:20.284795,90.09,2.6935585792671004,-0.09339242069022867,0.0,0.3322955705350057,0.0,0.0,0.16538441900384362,0.9862291792229436,0.00013234940897762957,2.1386442078126788e-07,0.0,0.0,0.0,-1.1360344089069858e-24
2026-08-24T02:00:20.305381,90.11,2.6935578380251064,-0.09339267650319717,0.0,0.33229557052111597,0.0,0.0,0.16538441899699438,0.9862291792240923,-2.4478992691262096e-05,2.1230036296078355e-07,0.0,0.0,0.0,-3.468485866713758e-22
2026-08-24T02:00:20.328276,90.13,2.6935581662198653,-0.09339256326233938,0.0,0.3322955705315276,0.0,0.0,0.16538441900212852,0.9862291792232313,4.4957772940948635e-05,2.107352786054785e-07,0.0,0.0,0.0,-2.2720517862527774e-24
2026-08-24T02:00:20.344893,90.15,2.6935582906705506,-0.09339252033189606,0.0,0.3322955705301309,0.0,0.0,0.1653844190014398,0.9862291792233467,7.128696378429244e-05,2.091694688123859e-07,0.0,0.0,0.0,-3.468485866709113e-22
2026-08-24T02:00:20.365760,90.17,2.6935581600381546,-0.09339256542853389,0.0,0.332295570525409,0.0,0.0,0.16538441899911133,0.9862291792237372,4.364743771897364e-05,2.0760322732631331e-07,0.0,0.0,0.0,-1.1360287374911387e-24
2026-08-24T02:00:20.384611,90.19,2.693557712226729,-0.09339271998105088,0.0,0.3322955705228372,0.0,0.0,0.16538441899784317,0.9862291792239499,-5.109857130198063e-05,2.0603684102075666e-07,0.0,0.0,0.0,-3.457126087455207e-22
2026-08-24T02:00:20.403796,90.21,2.693557964432835,-0.09339263296326833,0.0,0.3322955705335447,0.0,0.0,0.16538441900312317,0.9862291792230644,2.260813926777304e-06,2.0447058946284786e-07,0.0,0.0,0.0,-1.1360344175211739e-24
2026-08-24T02:00:20.425075,90.23,2.693558154665078,-0.09339256733215306,0.0,0.3322955705367146,0.0,0.0,0.16538441900468628,0.9862291792228023,4.250767073979837e-05,2.0290474750318226e-07,0.0,0.0,0.0,-3.457126087450294e-22
2026-08-24T02:00:20.445517,90.25,2.693558101641754,-0.09339258564652918,0.0,0.3322955705362385,0.0,0.0,0.16538441900445153,0.9862291792228417,3.1288102290255174e-05,2.0133958194822987e-07,0.0,0.0,0.0,-2.272051786224395e-24
2026-08-24T02:00:20.463688,90.27,2.693557809554019,-0.09339268646006052,0.0,0.33229557053443864,0.0,0.0,0.165384419003564,0.9862291792229906,-3.0510931693525608e-05,1.997753536859905e-07,0.0,0.0,0.0,3.5025836196899457e-22
2026-08-24T02:00:20.484682,90.29,2.6935578200124675,-0.09339268286737722,0.0,0.33229557054000747,0.0,0.0,0.16538441900631007,0.9862291792225301,-2.8299051031602685e-05,1.982123175560067e-07,0.0,0.0,0.0,-1.1377572743512057e-24
2026-08-24T02:00:20.504338,90.31,2.693558282686952,-0.0933925232186406,0.0,0.3322955705476614,0.0,0.0,0.16538441901008433,0.9862291792218971,6.958951795910897e-05,1.966507217004849e-07,0.0,0.0,0.0,3.502583562889645e-22
2026-08-24T02:00:20.525497,90.33,2.6935581441955514,-0.0933925710272952,0.0,0.33229557054513487,0.0,0.0,0.1653844190088385,0.9862291792221061,4.0286958399900186e-05,1.9509080905653252e-07,0.0,0.0,0.0,-1.1377572743528058e-24
2026-08-24T02:00:20.543998,90.35,2.693558318677198,-0.09339251083150263,0.0,0.3322955705494035,0.0,0.0,0.1653844190109434,0.986229179221753,7.720165086317337e-05,1.9353281585539608e-07,0.0,0.0,0.0,3.491223389202613e-22
2026-08-24T02:00:20.564337,90.37,2.693558272676436,-0.09339252672235598,0.0,0.3322955705457376,0.0,0.0,0.16538441900913567,0.9862291792220562,6.746796111231824e-05,1.9197697262450514e-07,0.0,0.0,0.0,-1.1377572743796063e-24
2026-08-24T02:00:20.584707,90.39,2.6935577580401704,-0.09339270433544758,0.0,0.33229557054116743,0.0,0.0,0.16538441900688206,0.9862291792224341,-4.14164601873754e-05,1.9042350454171665e-07,0.0,0.0,0.0,3.491223389202613e-22
2026-08-24T02:00:20.604245,90.41,2.6935573078883466,-0.09339285969546109,0.0,0.33229557054593784,0.0,0.0,0.16538441900923442,0.9862291792220397,-0.00013665730756811439,1.8887263045527834e-07,0.0,0.0,0.0,-1.1377515945199723e-24
2026-08-24T02:00:20.624530,90.43,2.6935579654542745,-0.09339263279114947,0.0,0.33229557056447584,0.0,0.0,0.1653844190183758,0.9862291792205067,2.46548220476828e-06,1.873245638129871e-07,0.0,0.0,0.0,3.502583760098908e-22
2026-08-24T02:00:20.645997,90.45,2.693558225198987,-0.09339254317164013,0.0,0.3322955705698254,0.0,0.0,0.16538441902101372,0.9862291792200644,5.7418990087156424e-05,1.8577951320778297e-07,0.0,0.0,0.0,-1.1377572744514052e-24
2026-08-24T02:00:20.666468,90.47,2.69355816913201,-0.09339256253611726,0.0,0.33229557056776754,0.0,0.0,0.16538441901999895,0.9862291792202345,4.555546417696435e-05,1.8423768137880922e-07,0.0,0.0,0.0,-2.2720517776101877e-24
2026-08-24T02:00:20.684315,90.49,2.6935583782139796,-0.09339249039983545,0.0,0.3322955705683612,0.0,0.0,0.16538441902029172,0.9862291792201854,8.97906480471773e-05,1.8269926599143578e-07,0.0,0.0,0.0,-3.4684858667140417e-22
2026-08-24T02:00:20.704329,90.51,2.6935578854989513,-0.09339266044789472,0.0,0.33229557056006204,0.0,0.0,0.1653844190161993,0.9862291792208717,-1.445596917151393e-05,1.8116445924968434e-07,0.0,0.0,0.0,-1.1360287374895258e-24
2026-08-24T02:00:20.723670,90.53,2.693558071379058,-0.09339259631830842,0.0,0.3322955705667141,0.0,0.0,0.1653844190194795,0.9862291792203216,2.4870616202802086e-05,1.796334475543943e-07,0.0,0.0,0.0,-5.208417629879395e-22
2026-08-24T02:00:20.744682,90.55,2.6935585749427973,-0.09339242255866888,0.0,0.3322955705712238,0.0,0.0,0.1653844190217033,0.9862291792199487,0.00013141016197772164,1.781064134640819e-07,0.0,0.0,0.0,-1.136038602602197e-24
2026-08-24T02:00:20.764735,90.57,2.6935584348433874,-0.09339247092185106,0.0,0.33229557056443426,0.0,0.0,0.16538441901835524,0.9862291792205101,0.00010176740425532983,1.7658353425660378e-07,0.0,0.0,0.0,-5.197049192855844e-22
2026-08-24T02:00:20.783992,90.59,2.693558774662494,-0.0933923536690507,0.0,0.33229557056424763,0.0,0.0,0.16538441901826326,0.9862291792205256,0.00017366315602855738,1.7506498160188096e-07,0.0,0.0,0.0,-1.1360442826815246e-24
2026-08-24T02:00:20.804640,90.61,2.6935579586930154,-0.09339263526934982,0.0,0.3322955705517239,0.0,0.0,0.1653844190120876,0.9862291792215612,1.0243782095972691e-06,1.7355092389864706e-07,0.0,0.0,0.0,-5.208409169326663e-22
2026-08-24T02:00:20.825071,90.63,2.693557366271052,-0.0933928397251887,0.0,0.3322955705527124,0.0,0.0,0.16538441901257506,0.9862291792214795,-0.0001243167780049153,1.7204152335889966e-07,0.0,0.0,0.0,-2.272071512075849e-24
2026-08-24T02:00:20.844256,90.65,2.693557181153812,-0.09339290362346367,0.0,0.3322955705648849,0.0,0.0,0.1653844190185775,0.9862291792204728,-0.0001634832471494652,1.705369374138464e-07,0.0,0.0,0.0,5.242515424654176e-22
2026-08-24T02:00:20.865169,90.67,2.6935583649145354,-0.09339249513314715,0.0,0.3322955705867439,0.0,0.0,0.16538441902935647,0.9862291792186653,8.696822367376518e-05,1.690373204052274e-07,0.0,0.0,0.0,-1.1386370878686355e-24
2026-08-24T02:00:20.884342,90.69,2.693557724175713,-0.0933927162625818,0.0,0.332295570579134,0.0,0.0,0.1653844190256039,0.9862291792192945,-4.8597034609339885e-05,1.6754282206765212e-07,0.0,0.0,0.0,5.231155095567172e-22
2026-08-24T02:00:20.906872,90.71,2.6935576040931744,-0.09339275771775508,0.0,0.33229557058622206,0.0,0.0,0.16538441902909917,0.9862291792187085,-7.40038735960281e-05,1.6605358625663417e-07,0.0,0.0,0.0,-1.1386370878970353e-24
2026-08-24T02:00:20.923906,90.73,2.693557701806221,-0.09339272401340484,0.0,0.33229557059394654,0.0,0.0,0.1653844190329082,0.9862291792180697,-5.3331277637150617e-05,1.645697534361744e-07,0.0,0.0,0.0,5.2311550955597385e-22
2026-08-24T02:00:20.943930,90.75,2.693558125742178,-0.09339257773215039,0.0,0.33229557060308546,0.0,0.0,0.16538441903741474,0.986229179217314,3.6361205516498926e-05,1.6309146010095843e-07,0.0,0.0,0.0,-2.2746643175587837e-24
2026-08-24T02:00:20.964317,90.77,2.693558630988461,-0.09339240339131108,0.0,0.33229557060805487,0.0,0.0,0.16538441903986523,0.986229179216903,0.000143256540589388,1.61618838646672e-07,0.0,0.0,0.0,5.231155095566888e-22
2026-08-24T02:00:20.985631,90.79,2.6935582180651076,-0.0933925459032095,0.0,0.3322955705995638,0.0,0.0,0.1653844190356782,0.9862291792176052,5.589154273762421e-05,1.6015201684032389e-07,0.0,0.0,0.0,-5.197075109209843e-22
2026-08-24T02:00:21.004934,90.81,2.693558019191925,-0.09339261454809068,0.0,0.3322955705986686,0.0,0.0,0.1653844190352367,0.9862291792176792,1.3814569090685878e-05,1.5869111818546367e-07,0.0,0.0,0.0,5.242515663552552e-22
2026-08-24T02:00:21.026856,90.83,2.693558412587753,-0.09339247880573862,0.0,0.3322955706040771,0.0,0.0,0.16538441903790374,0.986229179217232,9.704583624916817e-05,1.5723626281769209e-07,0.0,0.0,0.0,-5.208435142490319e-22
2026-08-24T02:00:21.044053,90.85,2.6935579339699767,-0.09339264398805314,0.0,0.3322955705977719,0.0,0.0,0.16538441903479456,0.9862291792177533,-4.218253894583569e-06,1.5578756769523144e-07,0.0,0.0,0.0,-2.27207151207591e-24
2026-08-24T02:00:21.066876,90.87,2.693557763609013,-0.09339270279340818,0.0,0.3322955706011368,0.0,0.0,0.16538441903645384,0.9862291792174751,-4.02627536438633e-05,1.5434514415238974e-07,0.0,0.0,0.0,-5.208408873499665e-22
2026-08-24T02:00:21.084109,90.89,2.6935583611594294,-0.09339249659878757,0.0,0.3322955706096874,0.0,0.0,0.16538441904067022,0.986229179216768,8.616221956556283e-05,1.5290910078536522e-07,0.0,0.0,0.0,-1.136038602602173e-24
2026-08-24T02:00:21.104932,90.91,2.693557931358925,-0.09339264493446242,0.0,0.3322955706049835,0.0,0.0,0.1653844190383507,0.986229179217157,-4.773611121161571e-06,1.5147954292366098e-07,0.0,0.0,0.0,-1.1333877759452854e-24
2026-08-24T02:00:21.127592,90.93,2.6935578692531847,-0.09339266638162544,0.0,0.3322955706086992,0.0,0.0,0.16538441904018297,0.9862291792168497,-1.7914192077533324e-05,1.500565719214058e-07,0.0,0.0,0.0,-1.138637100853523e-24
2026-08-24T02:00:21.145722,90.95,2.693557657117865,-0.09339273960269363,0.0,0.33229557061273596,0.0,0.0,0.16538441904217355,0.986229179216516,-6.27973266749382e-05,1.4864028554978933e-07,0.0,0.0,0.0,-1.133387775945379e-24
2026-08-24T02:00:21.164716,90.97,2.6935575955273254,-0.09339276087192448,0.0,0.3322955706186521,0.0,0.0,0.1653844190450909,0.9862291792160267,-7.582902600947414e-05,1.4723077812673163e-07,0.0,0.0,0.0,-2.2746643305168685e-24
2026-08-24T02:00:21.183828,90.99,2.693557907532835,-0.09339265321615554,0.0,0.33229557062723813,0.0,0.0,0.1653844190493248,0.9862291792153167,-9.817862135788074e-06,1.458281407591299e-07,0.0,0.0,0.0,-2.2693854230557327e-24
2026-08-24T02:00:21.204534,91.01,2.693557989224734,-0.0933926250396488,0.0,0.332295570631092,0.0,0.0,0.16538441905122517,0.9862291792149981,7.464760776817996e-06,1.4443246117847597e-07,0.0,0.0,0.0,-1.1386314210700134e-24
2026-08-24T02:00:21.225496,91.03,2.6935580134883916,-0.09339261668108233,0.0,0.33229557063266757,0.0,0.0,0.16538441905200213,0.9862291792148677,1.2597305877296183e-05,1.430438236313035e-07,0.0,0.0,0.0,3.502583760102899e-22
2026-08-24T02:00:21.244469,91.05,2.6935582289511917,-0.09339254234118786,0.0,0.3322955706352175,0.0,0.0,0.16538441905325954,0.9862291792146569,5.818254052898087e-05,1.4166230918657462e-07,0.0,0.0,0.0,-1.1377671350154727e-24
2026-08-24T02:00:21.264097,91.07,2.6935584637134706,-0.09339246134112594,0.0,0.33229557063603155,0.0,0.0,0.16538441905366094,0.9862291792145896,0.00010785087983897127,1.40287995943873e-07,0.0,0.0,0.0,3.49122348780924e-22
