wall_time,ros_time_sec,x,y,z,yaw,qx,qy,qz,qw,lin_vel_x,lin_vel_y,lin_vel_z,ang_vel_x,ang_vel_y,ang_vel_z
2026-08-24T01:22:59.096363,0.030000000000000002,0.0,0.0,0.0,0.0,0.0,0.0,0.0,1.0,0.0,0.0,0.0,0.0,0.0,0.00027685683531380653
2026-08-24T01:23:04.584536,0.05,3.303224885990756,-0.9612877610331274,0.0,-1.4225681387616558,0.0,0.0,-0.6528070226356554,0.757524251227359,0.09523796829002072,-1.9208798759522826e-08,0.0,0.0,0.0,-9.224243804878152e-05
2026-08-24T01:23:04.612858,0.07,3.303227087733191,-0.9612884032331664,0.0,-1.4225690911082058,0.0,0.0,-0.652807383348385,0.7575239403780152,0.09523809508738149,-3.568210814389298e-09,0.0,0.0,0.0,0.00025372702526745754
2026-08-24T01:23:04.641423,0.09000000000000001,3.3032270877339736,-0.9612884032304866,0.0,-1.4225715154090128,0.0,0.0,-0.6528083015808553,0.7575231490767256,0.09523809451627516,-3.5206702236355628e-09,0.0,0.0,0.0,5.213241426703791e-05
2026-08-24T01:23:04.674394,0.11,3.3032270877333483,-0.9612884032257704,0.0,-1.4225708592275845,0.0,0.0,-0.6528080530445093,0.7575233632570266,0.09523809356485669,-3.5127143255568668e-09,0.0,0.0,0.0,0.0002287642766234428
2026-08-24T01:23:04.719942,0.13,3.3032270877329193,-0.9612884032191064,0.0,-1.4225723720018566,0.0,0.0,-0.6528086260252497,0.7575228694811964,0.09523809223401475,-3.456757855424514e-09,0.0,0.0,0.0,0.00012048543437342243
2026-08-24T01:23:04.757256,0.15000000000000002,-5.043550093271604,3.9674538958204097,0.0,1.1569912428122109e-06,0.0,0.0,5.784956214060731e-07,0.9999999999998327,-563.0323379674967,-0.09307999877125947,0.0,0.0,0.0,1.9569409371182666e-06
2026-08-24T01:23:04.802066,0.16,0.5857018554571156,3.9683830955763097,0.0,-4.012568055600241e-11,0.0,0.0,-2.0062840278001204e-11,1.0,-0.0003751455038594996,-0.09301447408628927,0.0,0.0,0.0,3.1897413560110165e-05
2026-08-24T01:23:04.841362,0.19,0.585929208349242,3.9674537642909553,0.0,8.850546548977434e-07,0.0,0.0,4.4252732744885724e-07,0.9999999999999021,0.0449077008283569,-0.09294194463278219,0.0,0.0,0.0,-0.00010628785561116031
2026-08-24T01:23:04.885751,0.21000000000000002,0.5859289309846035,3.967454851188933,0.0,-1.344421113103067e-06,0.0,0.0,-6.722105565514829e-07,0.9999999999997741,0.04485222719868624,-0.09283323262701086,0.0,0.0,0.0,-8.24140208814564e-05
2026-08-24T01:23:04.924382,0.23,0.5859286185102527,3.967456122323635,0.0,-1.0257183769013523e-07,0.0,0.0,-5.128591884506759e-08,0.9999999999999987,0.044789732453685484,-0.09270609090967093,0.0,0.0,0.0,3.424407987510696e-05
2026-08-24T01:23:04.967373,0.24000000000000002,0.5857046695491536,3.9683830954422343,0.0,2.0694557179012918e-13,0.0,0.0,1.0347278589506459e-13,1.0,5.962734943399361e-08,-0.09254310019582995,0.0,0.0,0.0,0.000422208119524731
2026-08-24T01:23:05.003270,0.27,0.5859278892600294,3.967459214426922,0.0,2.1364469438012182e-07,0.0,0.0,1.068223471900607e-07,0.9999999999999943,0.044643882700176635,-0.09239680317346902,0.0,0.0,0.0,-6.518108525111798e-05
2026-08-24T01:23:05.038260,0.29000000000000004,0.5859274730557282,3.967461033713126,0.0,-1.786678924808882e-07,0.0,0.0,-8.933394624044399e-08,0.999999999999996,0.04456064200684888,-0.0922148240243586,0.0,0.0,0.0,-8.573660536733633e-05
2026-08-24T01:23:05.071406,0.31,0.5859270228891054,3.967463033879917,0.0,1.6662438886427822e-06,0.0,0.0,8.331219443212947e-07,0.9999999999996529,0.044470608862358645,-0.09201474804279858,0.0,0.0,0.0,7.694372516099043e-05
2026-08-24T01:23:05.104835,0.33,0.5859265391091808,3.967465213854584,0.0,-3.0196661908732385e-06,0.0,0.0,-1.5098330954360454e-06,0.9999999999988602,0.04437385307083332,-0.09179668185046656,0.0,0.0,0.0,4.809942121014328e-05
2026-08-24T01:23:05.138405,0.35000000000000003,0.5859260220891374,3.9674675724657544,0.0,-3.3934481757924573e-06,0.0,0.0,-1.6967240878954144e-06,0.9999999999985606,0.044270449269329895,-0.09156074195118916,0.0,0.0,0.0,9.055859590414761e-05
2026-08-24T01:23:05.173762,0.37,0.5859254722256401,3.9674701084562285,0.0,-2.5940980106220483e-06,0.0,0.0,-1.2970490053106604e-06,0.9999999999991588,0.044160476789818964,-0.09130705344838283,0.0,0.0,0.0,-0.0001546563799170235
2026-08-24T01:23:05.205501,0.39,0.5859248899380947,3.9674728204742755,0.0,2.133930146808183e-06,0.0,0.0,1.066965073403889e-06,0.9999999999994308,0.044044019513617125,-0.0910357509168655,0.0,0.0,0.0,0.0002816917473139732
2026-08-24T01:23:05.239844,0.41000000000000003,0.5859242756678946,3.967475707084921,0.0,-8.768728454455756e-07,0.0,0.0,-4.384364227227737e-07,0.9999999999999039,0.04392116571886377,-0.09074697727477858,0.0,0.0,0.0,-0.00036516496325612695
2026-08-24T01:23:05.272093,0.43000000000000005,0.585923629877614,3.9674787667467064,0.0,-1.818267396647144e-06,0.0,0.0,-9.091336983234468e-07,0.9999999999995868,0.04379200792140132,-0.0904408861091488,0.0,0.0,0.0,0.00020817808650551182
2026-08-24T01:23:05.310886,0.45,0.5859229530502027,3.967481997849388,0.0,-2.070796100372973e-06,0.0,0.0,-1.0353980501863017e-06,0.999999999999464,0.04365664270983217,-0.09011763790633238,0.0,0.0,0.0,0.00017528132179688843
2026-08-24T01:23:05.352086,0.47000000000000003,0.585922245688113,3.9674853986835137,0.0,3.047067486328104e-06,0.0,0.0,1.5235337431634623e-06,0.9999999999988394,0.04351517057493801,-0.08977740309552254,0.0,0.0,0.0,-0.00016206603877716886
2026-08-24T01:23:05.389978,0.49000000000000005,0.585921508312437,3.967488967458582,0.0,-3.3577534912510036e-06,0.0,0.0,-1.678876745624713e-06,0.9999999999985907,0.04336769573431422,-0.089420360233748,0.0,0.0,0.0,4.448472133769998e-05
2026-08-24T01:23:05.434028,0.51,0.5859207414619921,3.967492702293265,0.0,1.3261481321968913e-06,0.0,0.0,6.630740660983972e-07,0.9999999999997802,0.043214325952561514,-0.08904669698441925,0.0,0.0,0.0,7.330480370017522e-05
2026-08-24T01:23:05.470296,0.53,0.5859199456924284,3.967496601234174,0.0,-6.49112622319592e-07,0.0,0.0,-3.245563111597903e-07,0.9999999999999474,0.04305517235773598,-0.08865660824090536,0.0,0.0,0.0,-3.334481917361226e-05
2026-08-24T01:23:05.506178,0.55,0.5859191215752627,3.967500662232885,0.0,8.566935369991313e-07,0.0,0.0,4.283467684995526e-07,0.9999999999999083,0.04289034925442493,-0.08825029842596561,0.0,0.0,0.0,0.00013216439739276533
2026-08-24T01:23:05.546024,0.5700000000000001,0.5859182696969587,3.967504883171503,0.0,4.466485790111108e-07,0.0,0.0,2.2332428950555353e-07,0.999999999999975,0.04271997393423901,-0.08782797893428533,0.0,0.0,0.0,-0.00023343455075016412
2026-08-24T01:23:05.581745,0.5900000000000001,0.585917390657949,3.9675092618422734,0.0,3.705995865743718e-07,0.0,0.0,1.8529979328718476e-07,0.9999999999999828,0.04254416648401935,-0.0873898701736881,0.0,0.0,0.0,-0.00019513064396007494
2026-08-24T01:23:05.627512,0.61,0.5859164850716805,3.967513795969709,0.0,-4.95583953963319e-06,0.0,0.0,-2.477919769814059e-06,0.99999999999693,0.04236304959253711,-0.08693619935143237,0.0,0.0,0.0,0.00024303743214460546
2026-08-24T01:23:05.661255,0.63,0.5859155535636332,3.9675184831979604,0.0,-1.4680488114038326e-07,0.0,0.0,-7.340244057019156e-08,0.9999999999999973,0.04217674835601585,-0.08646720173848624,0.0,0.0,0.0,-9.28914013032778e-05
2026-08-24T01:23:05.696602,0.65,0.585914596770357,3.9675233211007375,0.0,2.0648823060298587e-06,0.0,0.0,1.0324411530147457e-06,0.999999999999467,0.04198539008315331,-0.08598311967778834,0.0,0.0,0.0,7.385373578426416e-05
2026-08-24T01:23:05.732485,0.67,0.5859136153384793,3.9675283071799203,0.0,1.6272172360665138e-06,0.0,0.0,8.136086180331671e-07,0.999999999999669,0.04178910410006719,-0.08548420272282456,0.0,0.0,0.0,2.5873086451762837e-05
2026-08-24T01:23:05.766660,0.6900000000000001,0.5859126099237464,3.967533438860453,0.0,-1.607779071211013e-06,0.0,0.0,-8.038895356054199e-07,0.9999999999996769,0.0415880215556834,-0.08497070815006666,0.0,0.0,0.0,-0.0002628116244642628
2026-08-24T01:23:05.800251,0.7100000000000001,0.5859115811900495,3.967538713498483,0.0,2.2333793392448342e-07,0.0,0.0,1.1166896696224147e-07,0.9999999999999938,0.04138227522809466,-0.08444290014388936,0.0,0.0,0.0,0.00016590943807410545
2026-08-24T01:23:05.845193,0.7300000000000001,0.585910529808469,3.967544128401841,0.0,1.7652762518416412e-06,0.0,0.0,8.826381259207059e-07,0.9999999999996104,0.04117199933235331,-0.0839010477482862,0.0,0.0,0.0,0.00011271848819252518
2026-08-24T01:23:05.879525,0.75,0.585909456456311,3.96754968079707,0.0,5.951867958486901e-07,0.0,0.0,2.9759339792434063e-07,0.9999999999999557,0.040957329329975416,-0.08334542816627498,0.0,0.0,0.0,0.0001122029992045915
2026-08-24T01:23:05.916107,0.76,0.5857046695358802,3.9683830955073263,0.0,5.919709167301335e-13,0.0,0.0,2.9598545836506673e-13,1.0,5.431816773375867e-08,-0.08276920657680327,0.0,0.0,0.0,0.0001886473128223515
2026-08-24T01:23:05.946863,0.79,0.585907246575031,3.967561186682673,0.0,-5.035303362710409e-06,0.0,0.0,-2.5176516813525444e-06,0.9999999999968308,0.040515353957888765,-0.08219402506198253,0.0,0.0,0.0,-0.00013908107033889356
2026-08-24T01:23:05.983258,0.81,0.5859061114232904,3.967567134325022,0.0,2.2817324474289083e-08,0.0,0.0,1.140866223714454e-08,0.9999999999999999,0.040288324064410894,-0.08159882620227071,0.0,0.0,0.0,0.00016474976315441478
2026-08-24T01:23:06.017867,0.8300000000000001,0.5859049570539393,3.967573207800816,0.0,2.6533498247438563e-06,0.0,0.0,1.3266749123715387e-06,0.9999999999991199,0.040057450655522346,-0.08099102571579193,0.0,0.0,0.0,-0.00018642361847764807
2026-08-24T01:23:06.051744,0.8400000000000001,0.5857046695328288,3.968383095523315,0.0,3.2862601528904634e-13,0.0,0.0,1.6431300764452317e-13,1.0,5.309745559843949e-08,-0.08036736537136456,0.0,0.0,0.0,0.00018304403799171737
2026-08-24T01:23:06.086054,0.8700000000000001,0.585902593441848,3.9675857199606974,0.0,-4.2828289403828995e-07,0.0,0.0,-2.141414470191433e-07,0.999999999999977,0.03958472918268074,-0.07973884910487658,0.0,0.0,0.0,-0.00044303105279454053
2026-08-24T01:23:06.120155,0.89,0.5859013855900727,3.967592152387036,0.0,1.7638805882569384e-06,0.0,0.0,8.81940294128355e-07,0.9999999999996111,0.03934315931098114,-0.07909509884449355,0.0,0.0,0.0,-0.00039461825696781964
2026-08-24T01:23:06.155356,0.91,0.585900161300968,3.9675986981410474,0.0,1.2421844060028775e-06,0.0,0.0,6.210922030013988e-07,0.9999999999998072,0.03909830197957698,-0.07843999771255869,0.0,0.0,0.0,-0.00017567670453653322
2026-08-24T01:23:06.191340,0.93,0.5858989212675889,3.967605353985516,0.0,-1.0283475004868593e-07,0.0,0.0,-5.141737502434294e-08,0.9999999999999987,0.03885029579977008,-0.07777386954487321,0.0,0.0,0.0,0.0004322582889652632
2026-08-24T01:23:06.225499,0.9400000000000001,0.585704669528749,3.9683830955450707,0.0,1.2732037646401295e-12,0.0,0.0,6.366018823200648e-13,1.0,5.146598827878566e-08,-0.07709873756210305,0.0,0.0,0.0,-0.000439084145805639
2026-08-24T01:23:06.262233,0.9700000000000001,0.5858963967276858,3.967618982803675,0.0,2.0728480998322145e-06,0.0,0.0,1.0364240499159215e-06,0.9999999999994629,0.03834538882933411,-0.07640984691058934,0.0,0.0,0.0,-0.00039303934187148113
2026-08-24T01:23:06.293731,0.9900000000000001,0.5858951135925518,3.9676259491184056,0.0,1.8437415771899168e-07,0.0,0.0,9.218707885949571e-08,0.9999999999999958,0.038088762315422284,-0.07571261870326344,0.0,0.0,0.0,4.0095717013654316e-05
2026-08-24T01:23:06.328380,1.01,0.585893817454529,3.9676330122174828,0.0,2.0050095330681472e-06,0.0,0.0,1.0025047665339057e-06,0.9999999999994975,0.03782953522937006,-0.07500569479581999,0.0,0.0,0.0,0.0003721107929029187
2026-08-24T01:23:06.363114,1.03,0.5858925089877925,3.967640168701,0.0,1.064410874995758e-07,0.0,0.0,5.322054374978788e-08,0.9999999999999986,0.03756784240530458,-0.07428941542383748,0.0,0.0,0.0,-0.0001838807425847761
2026-08-24T01:23:06.399124,1.05,0.5858911888607552,3.967647415123476,0.0,6.443919531307075e-07,0.0,0.0,3.2219597656534814e-07,0.999999999999948,0.0373038175261144,-0.0735641254071701,0.0,0.0,0.0,-8.177694383642095e-05
2026-08-24T01:23:06.435565,1.07,0.5858898577354884,3.9676547480463586,0.0,-2.7188944669021e-06,0.0,0.0,-1.3594472334506313e-06,0.999999999999076,0.037037593005172044,-0.07283016889327953,0.0,0.0,0.0,3.6023145074133415e-05
2026-08-24T01:23:06.469330,1.09,0.5858885162671476,3.9676621639946084,0.0,-2.2578755913826858e-06,0.0,0.0,-1.128937795691103e-06,0.9999999999993627,0.036769299873760146,-0.0720878937033505,0.0,0.0,0.0,-0.00025058472183600746
2026-08-24T01:23:06.502584,1.11,0.5858871651034494,3.9676696594817376,0.0,1.3722360581169823e-06,0.0,0.0,6.861180290584374e-07,0.9999999999997646,0.03649906767463115,-0.0713376488252594,0.0,0.0,0.0,0.00016632047394605934
2026-08-24T01:23:06.536366,1.13,0.5858858048841648,3.967677231022571,0.0,3.6818463433618844e-06,0.0,0.0,1.8409231716799018e-06,0.9999999999983055,0.03622702436151788,-0.0705797831357377,0.0,0.0,0.0,5.95024072609729e-05
2026-08-24T01:23:06.569619,1.15,0.585884436240643,3.967684875098009,0.0,1.3862805672282266e-06,0.0,0.0,6.931402836140577e-07,0.9999999999997597,0.035953296204507434,-0.06981464892705243,0.0,0.0,0.0,0.00016830795948195648
2026-08-24T01:23:06.604086,1.17,0.5858830597953746,3.967692588187132,0.0,6.468616304822206e-07,0.0,0.0,3.234308152411046e-07,0.9999999999999477,0.03567800770152648,-0.06904259869224783,0.0,0.0,0.0,-5.1669425367431094e-05
2026-08-24T01:23:06.636756,1.19,0.5858816761615774,3.967700366765476,0.0,-2.737927240925586e-06,0.0,0.0,-1.3689636204623655e-06,0.999999999999063,0.035401281495658986,-0.06826398529862547,0.0,0.0,0.0,-0.0001610376720604926
2026-08-24T01:23:06.669047,1.21,0.5858802859428093,3.967708207307145,0.0,-2.256308870407509e-06,0.0,0.0,-1.128154435203515e-06,0.9999999999993636,0.03512323829832997,-0.06747916177416605,0.0,0.0,0.0,-0.00024182099742822954
2026-08-24T01:23:06.703294,1.23,0.5858788897326168,3.9677161062958497,0.0,-2.7800120427912134e-08,0.0,0.0,-1.3900060213956067e-08,0.9999999999999999,0.034843996818295704,-0.06668848020272868,0.0,0.0,0.0,-0.000204693809378106
2026-08-24T01:23:06.738284,1.25,0.585877488114204,3.967724060217699,0.0,-7.947768065896809e-07,0.0,0.0,-3.9738840329483e-07,0.9999999999999211,0.03456367369629416,-0.06589229244496102,0.0,0.0,0.0,-6.970849064915254e-05
2026-08-24T01:23:06.769330,1.27,0.5858760816601363,3.9677320655584576,0.0,-2.0480004923051354e-06,0.0,0.0,-1.0240002461523887e-06,0.9999999999994758,0.03428238344531159,-0.06509095041164555,0.0,0.0,0.0,2.9200350756949586e-07
2026-08-24T01:23:06.804401,1.29,0.5858746709320699,3.9677401188149823,0.0,8.890441103304169e-07,0.0,0.0,4.445220551651938e-07,0.9999999999999012,0.034000238396377766,-0.06428480491883416,0.0,0.0,0.0,-1.5911286522446154e-05
2026-08-24T01:23:06.845088,1.31,0.5858732564805086,3.967748216503433,0.0,1.9531381223458766e-07,0.0,0.0,9.765690611729367e-08,0.9999999999999952,0.0337173486497313,-0.06347420486521835,0.0,0.0,0.0,0.000265987309743306
2026-08-24T01:23:06.879261,1.32,0.5857046695115306,3.9683830956409585,0.0,8.65529869997772e-13,0.0,0.0,4.32764934998886e-13,1.0,4.4578674574177946e-08,-0.06268860010444344,0.0,0.0,0.0,-2.603063381392266e-05
2026-08-24T01:23:06.913923,1.35,0.5858704185518525,3.9677645312950416,0.0,-1.4645566004389823e-06,0.0,0.0,-7.322783002194256e-07,0.9999999999997319,0.033149764053697094,-0.06184103130379202,0.0,0.0,0.0,2.22503004119161e-05
2026-08-24T01:23:06.950677,1.36,0.5857046695096356,3.9683830956518493,0.0,-2.753353101070388e-13,0.0,0.0,-1.376676550535194e-13,1.0,4.3820611511645697e-08,-0.061051681950479164,0.0,0.0,0.0,-0.00024372052681220942
2026-08-24T01:23:06.982938,1.3900000000000001,0.585867572047454,3.9677809823485894,0.0,-1.1893876830093577e-06,0.0,0.0,-5.946938415046437e-07,0.9999999999998231,0.03258046431278945,-0.06019419255119684,0.0,0.0,0.0,-0.00010508804509561886
2026-08-24T01:23:07.020172,1.4100000000000001,0.5858661468317052,3.9677892504681607,0.0,2.949764471793515e-06,0.0,0.0,1.4748822358962226e-06,0.9999999999989123,0.03229542173309492,-0.05936650067233994,0.0,0.0,0.0,0.00037420023394393756
2026-08-24T01:23:07.051547,1.4300000000000002,0.5858647209507806,3.9677975425108434,0.0,-2.23335356119847e-06,0.0,0.0,-1.116676780599003e-06,0.9999999999993765,0.032010246118275215,-0.058536408429547236,0.0,0.0,0.0,-0.00017618275345477377
2026-08-24T01:23:07.084187,1.45,0.5858632948723753,3.9678058551195665,0.0,1.16822222473445e-06,0.0,0.0,5.841111123671917e-07,0.9999999999998294,0.03172503100794321,-0.0577042521148483,0.0,0.0,0.0,-0.0003670508097891439
2026-08-24T01:23:07.129877,1.47,0.5858618690519689,3.9678141850198494,0.0,3.115059210578863e-07,0.0,0.0,1.5575296052894253e-07,0.9999999999999879,0.031439867496863304,-0.056870359761166264,0.0,0.0,0.0,-0.0003958385220751809
2026-08-24T01:23:07.164525,1.49,0.5858604439327726,3.9678225289494704,0.0,5.869557870852304e-07,0.0,0.0,2.93477893542611e-07,0.9999999999999569,0.0311548442277421,-0.056035058182364955,0.0,0.0,0.0,0.0001226507127715309
2026-08-24T01:23:07.200270,1.51,0.5858590199457268,3.967830883698302,0.0,7.060881523912599e-08,0.0,0.0,3.530440761956299e-08,0.9999999999999993,0.03087004738806978,-0.05519866898534143,0.0,0.0,0.0,-0.0001669065497305848
2026-08-24T01:23:07.234549,1.53,0.5858575975094934,3.9678392460717338,0.0,-1.8842670246321804e-06,0.0,0.0,-9.421335123159508e-07,0.9999999999995562,0.03058556071044923,-0.05436151223090243,0.0,0.0,0.0,-0.00016784521941463912
2026-08-24T01:23:07.268300,1.55,0.5858561770304826,3.967847612933194,0.0,8.434815246260997e-07,0.0,0.0,4.217407623130373e-07,0.9999999999999111,0.03030146547655908,-0.05352390217534084,0.0,0.0,0.0,3.348115602594321e-05
2026-08-24T01:23:07.302580,1.56,0.585704669500144,3.9683830957071633,0.0,3.82804898890754e-13,0.0,0.0,1.91402449445377e-13,1.0,4.002400751064281e-08,-0.052736753925152,0.0,0.0,0.0,-8.682052892741291e-06
2026-08-24T01:23:07.334241,1.59,0.5858533435087238,3.9678643478105027,0.0,-3.1877271138291974e-06,0.0,0.0,-1.5938635569139238e-06,0.9999999999987298,0.029734762258118923,-0.0518485555305827,0.0,0.0,0.0,-3.0747623614016406e-05
2026-08-24T01:23:07.370987,1.6099999999999999,0.5858519312179186,3.967872709759791,0.0,5.373577378620098e-07,0.0,0.0,2.6867886893100167e-07,0.9999999999999639,0.02945230466215278,-0.051011426799705675,0.0,0.0,0.0,-0.0005079426465284965
2026-08-24T01:23:07.405949,1.63,0.585850522388373,3.9678810640999136,0.0,3.5600471237628994e-07,0.0,0.0,1.7800235618814402e-07,0.9999999999999841,0.029170539316445785,-0.05017505688598058,0.0,0.0,0.0,-8.594323026020275e-05
2026-08-24T01:23:07.455570,1.6400000000000001,0.5857046694963829,3.9683830957293726,0.0,-8.970602038971265e-14,0.0,0.0,-4.4853010194856324e-14,1.0,3.8519592423599733e-08,-0.04939782267828227,0.0,0.0,0.0,-3.1470847281289104e-05
2026-08-24T01:23:07.500411,1.67,0.585847716485126,3.9678977384167315,0.0,2.0587900522173186e-06,0.0,0.0,1.0293950261084774e-06,0.9999999999994702,0.02860935978940924,-0.048505749480083384,0.0,0.0,0.0,0.00013588027229930767
2026-08-24T01:23:07.546683,1.69,0.5858463200680228,3.9679060527482917,0.0,4.675108464358147e-06,0.0,0.0,2.3375542321769446e-06,0.999999999997268,0.028330076927228626,-0.047673377681591626,0.0,0.0,0.0,0.000282379442350544
2026-08-24T01:23:07.587890,1.71,0.5858449284256169,3.967914348192685,0.0,-1.0280196565126687e-06,0.0,0.0,-5.140098282563117e-07,0.9999999999998679,0.028051749002557306,-0.04684289485870117,0.0,0.0,0.0,-0.00010013792240309292
2026-08-24T01:23:07.619137,1.7200000000000002,0.5857046694926658,3.9683830957514417,0.0,-5.186961971048731e-13,0.0,0.0,-2.5934809855243657e-13,1.0,3.703278488279208e-08,-0.046080169201732024,0.0,0.0,0.0,-8.707291281576473e-05
2026-08-24T01:23:07.664219,1.75,0.5858421606513148,3.967930871699246,0.0,4.439241938936079e-06,0.0,0.0,2.2196209694662167e-06,0.9999999999975366,0.027498195249526677,-0.04518867052188016,0.0,0.0,0.0,0.00011439871419304415
2026-08-24T01:23:07.705347,1.77,0.585840785084555,3.967939094591813,0.0,2.638318604031298e-06,0.0,0.0,1.3191593020152663e-06,0.9999999999991299,0.027223082447599203,-0.044365447100996866,0.0,0.0,0.0,-3.1197897397510746e-06
2026-08-24T01:23:07.737322,1.79,0.5858394154230748,3.9679472882034696,0.0,-6.64258239524429e-08,0.0,0.0,-3.321291197622144e-08,0.9999999999999994,0.02694915069952694,-0.04354515430204923,0.0,0.0,0.0,0.00017710480968272018
2026-08-24T01:23:07.774976,1.81,0.5858380519220926,3.9679554500914085,0.0,5.854330114019035e-07,0.0,0.0,2.927165057009476e-07,0.9999999999999571,0.026676451048593848,-0.04272803695391268,0.0,0.0,0.0,1.361445939618488e-05
2026-08-24T01:23:07.811740,1.83,0.5858366948261968,3.9679635778710356,0.0,-5.924515136257469e-07,0.0,0.0,-2.962257568128691e-07,0.9999999999999561,0.02640503241223983,-0.04191433405618273,0.0,0.0,0.0,-0.00010048564367063735
2026-08-24T01:23:07.848567,1.85,0.5858353443695266,3.967971669218107,0.0,-3.8539876445753407e-07,0.0,0.0,-1.9269938222876584e-07,0.9999999999999815,0.02613494161844254,-0.041104278564272734,0.0,0.0,0.0,-0.0002998519027045453
2026-08-24T01:23:07.882099,1.87,0.5858340007759628,3.9679797218743036,0.0,1.3100059490511742e-06,0.0,0.0,6.550029745255402e-07,0.9999999999997855,0.0258662234431244,-0.040298096830805034,0.0,0.0,0.0,-0.00014053822085203008
2026-08-24T01:23:07.917243,1.8900000000000001,0.5858326642593168,3.9679877336518596,0.0,-3.628507170283512e-07,0.0,0.0,-1.8142535851417462e-07,0.9999999999999836,0.025598920648459138,-0.039496008142139466,0.0,0.0,0.0,-0.00041152623368729895
2026-08-24T01:23:07.962023,1.9,0.5857046694845279,3.968383095799996,0.0,-1.2083667400020204e-12,0.0,0.0,-6.041833700010102e-13,1.0,3.3777617807721844e-08,-0.03878045120925761,0.0,0.0,0.0,0.00022327328487524326
2026-08-24T01:23:08.006451,1.9300000000000002,0.5858300132628531,3.9680036260872398,0.0,-9.115113011048948e-07,0.0,0.0,-4.557556505524316e-07,0.9999999999998962,0.025068722416097294,-0.037904960271601326,0.0,0.0,0.0,0.00010557077843526736
2026-08-24T01:23:08.052059,1.9500000000000002,0.5858286991620889,3.9680115026813656,0.0,-1.0873624027851747e-06,0.0,0.0,-5.436812013925606e-07,0.9999999999998522,0.024805902789014865,-0.037116408424567635,0.0,0.0,0.0,-0.00028584345128383857
2026-08-24T01:23:08.098099,1.9700000000000002,0.5858273928967558,3.968019330245925,0.0,2.0210204785264807e-06,0.0,0.0,1.0105102392630684e-06,0.9999999999994894,0.02454465024493851,-0.036332766647886545,0.0,0.0,0.0,0.00011066900139144102
2026-08-24T01:23:08.136382,1.9900000000000002,0.5858260946333134,3.9680271069252857,0.0,-9.199309154439561e-07,0.0,0.0,-4.5996545772196186e-07,0.9999999999998942,0.02428499807563996,-0.03555422095515423,0.0,0.0,0.0,7.61156815035436e-05
2026-08-24T01:23:08.180190,2.01,0.5858248045293635,3.968034830895739,0.0,1.4768638734175001e-06,0.0,0.0,7.384319367086828e-07,0.9999999999997273,0.024026977801802102,-0.03478095416021115,0.0,0.0,0.0,-5.0851306041752384e-05
2026-08-24T01:23:08.217235,2.03,0.5858235227338654,3.968042500421384,0.0,-5.370851723363046e-07,0.0,0.0,-2.6854258616814907e-07,0.9999999999999639,0.023770619214816924,-0.03401314027999676,0.0,0.0,0.0,0.00010924800531442481
2026-08-24T01:23:08.251971,2.05,0.5858222493873371,3.9680501138220694,0.0,-1.5664287684735716e-06,0.0,0.0,-7.832143842367055e-07,0.9999999999996932,0.023515950418576174,-0.03325094774438093,0.0,0.0,0.0,-0.00020345791351943527
2026-08-24T01:23:08.286018,2.07,0.5858209846220712,3.968057669479179,0.0,-2.966677352667091e-06,0.0,0.0,-1.4833386763330014e-06,0.9999999999988999,0.023262997871377145,-0.032494538817457244,0.0,0.0,0.0,0.00010855291837447742
2026-08-24T01:23:08.324343,2.09,0.5858197285623414,3.9680651658531314,0.0,-2.3984012420541484e-07,0.0,0.0,-1.1992006210270716e-07,0.9999999999999928,0.023011786427829983,-0.03174406784387607,0.0,0.0,0.0,-0.00018235688277267915
2026-08-24T01:23:08.360322,2.11,0.5858184813246111,3.968072601456776,0.0,-1.8340992418153235e-06,0.0,0.0,-9.170496209075332e-07,0.9999999999995796,0.022762339380618536,-0.030999683913387976,0.0,0.0,0.0,8.900271750364553e-05
2026-08-24T01:23:08.394801,2.13,0.585817243017742,3.9680799748715776,0.0,-1.0540211916598707e-06,0.0,0.0,-5.27010595829911e-07,0.9999999999998611,0.022514678502180877,-0.030261529239762604,0.0,0.0,0.0,-0.00011959603096135642
2026-08-24T01:23:08.433500,2.15,0.5858160137432032,3.9680872847368827,0.0,-1.5444576524359381e-06,0.0,0.0,-7.722288262178921e-07,0.9999999999997018,0.02226882408614932,-0.029529740235609475,0.0,0.0,0.0,-2.6619405371465992e-05
2026-08-24T01:23:08.465880,2.17,0.5858147935952752,3.968094529761137,0.0,-1.9240568622791443e-06,0.0,0.0,-9.620284311394237e-07,0.9999999999995373,0.02202479498856588,-0.028804446388858082,0.0,0.0,0.0,-3.479079054781009e-05
2026-08-24T01:23:08.496711,2.19,0.5858135826612542,3.9681017087112047,0.0,1.0414533404556892e-06,0.0,0.0,5.207266702278211e-07,0.9999999999998644,0.02178260866876121,-0.028085771331754123,0.0,0.0,0.0,-0.0003620466700818736
2026-08-24T01:23:08.533193,2.21,0.5858123810216568,3.968108820417273,0.0,-4.911977193877705e-07,0.0,0.0,-2.455988596938827e-07,0.9999999999999698,0.02154228122990304,-0.02737383235046225,0.0,0.0,0.0,-0.00013445556926349166
2026-08-24T01:23:08.568294,2.23,0.5858111887504184,3.968115863771858,0.0,-2.059280217903137e-06,0.0,0.0,-1.0296401089513864e-06,0.9999999999994699,0.021303827459140917,-0.026668740483750994,0.0,0.0,0.0,-3.434796716074521e-05
2026-08-24T01:23:08.599657,2.25,0.5858100059150934,3.9681228377244318,0.0,2.5187933134773743e-06,0.0,0.0,1.2593966567383543e-06,0.999999999999207,0.021067260867310842,-0.02597060106117118,0.0,0.0,0.0,0.0003790167572236408
2026-08-24T01:23:08.637230,2.27,0.5858088325770517,3.9681297412992786,0.0,-4.273596595272267e-06,0.0,0.0,-2.1367982976345074e-06,0.999999999997717,0.020832593728198606,-0.02527951191499492,0.0,0.0,0.0,-0.0003962451669770828
2026-08-24T01:23:08.666495,2.29,0.585807668791668,3.9681365735328455,0.0,-1.1881935662039213e-06,0.0,0.0,-5.940967831019256e-07,0.9999999999998235,0.02059983711719753,-0.02459556965432498,0.0,0.0,0.0,-0.00011627747644084516
2026-08-24T01:23:08.703002,2.31,0.5858065146085224,3.9681433335822756,0.0,4.835258593516302e-07,0.0,0.0,2.417629296758127e-07,0.9999999999999708,0.02036900094964727,-0.023918858795163842,0.0,0.0,0.0,-0.0001418276123318527
2026-08-24T01:23:08.735043,2.33,0.585805370071577,3.9681500206259614,0.0,2.639469165455211e-06,0.0,0.0,1.3197345827272222e-06,0.9999999999991291,0.02014009401835123,-0.02324946172001467,0.0,0.0,0.0,-5.2536521669539814e-05
2026-08-24T01:23:08.765397,2.35,0.5858042352193691,3.9681566339071814,0.0,2.391922310884809e-06,0.0,0.0,1.1959611554421193e-06,0.9999999999992848,0.019913124030687304,-0.0225874543081377,0.0,0.0,0.0,0.0001481072344371912
2026-08-24T01:23:08.803375,2.37,0.5858031100851907,3.9681631727203137,0.0,9.750533180863388e-07,0.0,0.0,4.8752665904315e-07,0.9999999999998812,0.019688097645040724,-0.02193290731569016,0.0,0.0,0.0,-9.452635428528257e-05
2026-08-24T01:23:08.834888,2.39,0.5858019946972676,3.9681696364081245,0.0,-6.473908826798436e-07,0.0,0.0,-3.236954413399161e-07,0.9999999999999476,0.0194650205066245,-0.021285886647806923,0.0,0.0,0.0,-0.00032167756534378646
2026-08-24T01:23:08.867836,2.41,0.5858008890789366,3.968176024374464,0.0,4.2016549794965385e-07,0.0,0.0,2.100827489748254e-07,0.9999999999999779,0.01924389728267458,-0.020646452086231785,0.0,0.0,0.0,4.94800307911138e-05
2026-08-24T01:23:08.903299,2.43,0.5857997932488165,3.968182336087259,0.0,1.3282985711349229e-06,0.0,0.0,6.641492855674125e-07,0.9999999999997794,0.019024731696974977,-0.020014656990404993,0.0,0.0,0.0,0.00022794928241962878
2026-08-24T01:23:08.929745,2.45,0.585798707220978,3.968188571050698,0.0,4.347225157630419e-08,0.0,0.0,2.173612578815209e-08,0.9999999999999998,0.018807526563680562,-0.01939055108306472,0.0,0.0,0.0,-0.0001699442660388318
2026-08-24T01:23:08.966618,2.47,0.5857976310051093,3.968194728811291,0.0,1.6399194477934032e-06,0.0,0.0,8.199597238966097e-07,0.9999999999996638,0.01859228382049751,-0.018774179843288264,0.0,0.0,0.0,-0.0001163157051023607
2026-08-24T01:23:08.994731,2.48,0.5857046694613469,3.968383095936297,0.0,1.4654943925052066e-13,0.0,0.0,7.327471962526033e-14,1.0,2.450547419139979e-08,-0.018291808437708983,0.0,0.0,0.0,0.0001623133953507233
2026-08-24T01:23:09.029680,2.5,0.5857046694606423,3.9683830959402875,0.0,9.769962616701378e-13,0.0,0.0,4.884981308350689e-13,1.0,2.4223718656864487e-08,-0.017692151049834792,0.0,0.0,0.0,-0.00015561511919833502
2026-08-24T01:23:09.059600,2.5300000000000002,0.585794461263865,3.968212735230558,0.0,-1.287216644385581e-07,0.0,0.0,-6.436083221927898e-08,0.9999999999999979,0.01795833683950125,-0.016971839760298403,0.0,0.0,0.0,-0.0001383185814080122
2026-08-24T01:23:09.089729,2.55,0.5857934243107304,3.9682185807445047,0.0,-6.260923299805653e-07,0.0,0.0,-3.1304616499027757e-07,0.999999999999951,0.01775094662741528,-0.016386751748266353,0.0,0.0,0.0,-0.00010839167070389214
2026-08-24T01:23:09.123991,2.56,0.5857046694585685,3.968383095951946,0.0,-4.636291350834654e-13,0.0,0.0,-2.318145675417327e-13,1.0,2.339415062297232e-08,-0.01594012981844502,0.0,0.0,0.0,-0.00040670495730320185
2026-08-24T01:23:09.153593,2.58,0.58570466945789,3.968383095955729,0.0,-7.72715225139109e-13,0.0,0.0,-3.863576125695545e-13,1.0,2.3122852068235367e-08,-0.01537184212762277,0.0,0.0,0.0,0.0001305900080054285
2026-08-24T01:23:09.190950,2.61,0.5857903721961976,3.968235644484663,0.0,5.737137991346232e-07,0.0,0.0,2.868568995673076e-07,0.9999999999999588,0.017140524941656875,-0.014678857135285108,0.0,0.0,0.0,-7.325098037117848e-05
2026-08-24T01:23:09.221965,2.63,0.5857893743509965,3.96824117438761,0.0,1.4566261801185478e-06,0.0,0.0,7.283130900592094e-07,0.9999999999997348,0.01694095630061077,-0.01412538987856263,0.0,0.0,0.0,0.00024202245307255392
2026-08-24T01:23:09.251864,2.65,0.5857883862334066,3.9682466251850146,0.0,1.514578440442449e-07,0.0,0.0,7.572892202212238e-08,0.9999999999999971,0.016743333177869933,-0.013579848176020088,0.0,0.0,0.0,-0.0003270462801405178
2026-08-24T01:23:09.286209,2.67,0.5857874078176482,3.968251996859264,0.0,2.2901987861700945e-06,0.0,0.0,1.145099393084797e-06,0.9999999999993444,0.0165476504175689,-0.013042233805416213,0.0,0.0,0.0,-0.0003169613423254245
2026-08-24T01:23:09.315414,2.69,0.5857864390751537,3.9682572894557566,0.0,2.66662980763499e-06,0.0,0.0,1.3333149038171e-06,0.9999999999991112,0.01635390230612899,-0.012512542228653644,0.0,0.0,0.0,0.00012264824305009692
2026-08-24T01:23:09.347793,2.71,0.5857854799746899,3.968262503047664,0.0,-2.3787102136907383e-06,0.0,0.0,-1.1893551068450886e-06,0.9999999999992927,0.016162082597014273,-0.0119907661222401,0.0,0.0,0.0,0.00014404831423586536
2026-08-24T01:23:09.381919,2.73,0.5857845304824799,3.9682676377285953,0.0,-2.476048122534991e-06,0.0,0.0,-1.2380240612671792e-06,0.9999999999992336,0.015972184534831606,-0.011476896111829813,0.0,0.0,0.0,-4.531929071108269e-05
2026-08-24T01:23:09.412039,2.75,0.5857835905623197,3.9682726936416746,0.0,-1.6054924931729888e-06,0.0,0.0,-8.027462465864081e-07,0.9999999999996778,0.015784200878784543,-0.010970917859796323,0.0,0.0,0.0,-0.0002317413238299625
2026-08-24T01:23:09.448583,2.77,0.585782660175692,3.9682776709606538,0.0,4.5440848595035277e-07,0.0,0.0,2.2720424297517443e-07,0.9999999999999742,0.015598123925425892,-0.010472813957464577,0.0,0.0,0.0,-0.00011114279054706874
2026-08-24T01:23:09.478708,2.8,0.4392785753383188,2.976287808024831,0.0,-6.056444235014169e-11,0.0,0.0,-3.0282221175070845e-11,1.0,3.0093094370452236e-08,-1.0111743398865616,0.0,0.0,0.0,-0.000261385158903944
2026-08-24T01:23:09.507277,2.81,0.5857808278380591,3.9682873906742224,0.0,-1.612508695458814e-07,0.0,0.0,-8.062543477294061e-08,0.9999999999999968,0.015231657131756449,-0.00950014323229437,0.0,0.0,0.0,3.073937850127214e-05
2026-08-24T01:23:09.541091,2.83,0.5857799257994317,3.968292133566847,0.0,-1.519267934568802e-06,0.0,0.0,-7.59633967284328e-07,0.9999999999997115,0.015051249767066758,-0.009025526497531343,0.0,0.0,0.0,5.677624164652015e-05
2026-08-24T01:23:09.570838,2.84,0.585704669449659,3.9683830960001334,0.0,-2.580158309228864e-13,0.0,0.0,-1.290079154614432e-13,1.0,1.9830394531906045e-08,-0.008700743355975081,0.0,0.0,0.0,-0.0003681073542628062
2026-08-24T01:23:09.605524,2.8600000000000003,0.58570466944907,3.9683830960031865,0.0,-2.3936408410918375e-13,0.0,0.0,-1.1968204205459188e-13,1.0,1.9594828343822816e-08,-0.008242240027389158,0.0,0.0,0.0,2.7635478262000524e-05
2026-08-24T01:23:09.634852,2.89,0.5857772756388552,3.9683058979762507,0.0,-3.906205927606265e-07,0.0,0.0,-1.9531029638031203e-07,0.9999999999999809,0.014521218711852916,-0.007648191174017025,0.0,0.0,0.0,0.00028543192607181136
2026-08-24T01:23:09.670458,2.91,0.5857764107365673,3.9683103325161144,0.0,-2.3617661781827337e-06,0.0,0.0,-1.1808830890910924e-06,0.9999999999993028,0.014348238600291054,-0.00720446813465762,0.0,0.0,0.0,-0.00020363134001100388
2026-08-24T01:23:09.700316,2.93,0.5857755549889954,3.968314690888796,0.0,-1.6554812432012515e-06,0.0,0.0,-8.27740621600531e-07,0.9999999999996574,0.014177089428211827,-0.006768376201072698,0.0,0.0,0.0,-5.484898265688422e-05
2026-08-24T01:23:09.729991,2.95,0.5857747083413997,3.968318973524238,0.0,6.379935277855965e-07,0.0,0.0,3.189967638927928e-07,0.9999999999999492,0.014007760247696824,-0.00633987227642142,0.0,0.0,0.0,0.00035683104306383776
2026-08-24T01:23:09.765444,2.97,0.5857738707376928,3.968323180868931,0.0,2.762748418483341e-06,0.0,0.0,1.381374209241231e-06,0.9999999999990459,0.013840239841363825,-0.005918911603854548,0.0,0.0,0.0,0.00028264686306631845
2026-08-24T01:23:09.795105,2.99,0.5857730421205213,3.9683273133804593,0.0,-2.7804125739550045e-06,0.0,0.0,-1.3902062869770544e-06,0.9999999999990337,0.013674516738471303,-0.005505448313742895,0.0,0.0,0.0,-0.0003291952949503034
2026-08-24T01:23:09.827761,3.0,0.5857046694451182,3.9683830960231425,0.0,-1.6822099269120372e-12,0.0,0.0,-8.411049634560186e-13,1.0,1.801420473160787e-08,-0.00524546362314941,0.0,0.0,0.0,0.00021727762855836095
2026-08-24T01:23:09.862595,3.04,0.5857046694440431,3.9683830960283997,0.0,9.534595335480844e-13,0.0,0.0,4.767297667740422e-13,1.0,1.7584114137268376e-08,-0.004456290639903049,0.0,0.0,0.0,-2.569638149296488e-05
2026-08-24T01:23:09.923000,3.06,0.5857046694435142,3.9683830960309554,0.0,-1.3775647289548942e-12,0.0,0.0,-6.887823644774471e-13,1.0,1.7372575465526042e-08,-0.0040726297095219355,0.0,0.0,0.0,-8.55986734139163e-05
2026-08-24T01:23:09.949607,3.09,0.5857690317462204,3.9683468709621064,0.0,-2.539241374499568e-06,0.0,0.0,-1.2696206872494428e-06,0.999999999999194,0.012872443482510426,-0.0035488361475690075,0.0,0.0,0.0,-0.000141209477014422
2026-08-24T01:23:09.981423,3.11,0.5857682557823705,3.968350565253212,0.0,-1.7714942224245078e-07,0.0,0.0,-8.857471112122527e-08,0.9999999999999961,0.012717251022930675,-0.0031792766422752672,0.0,0.0,0.0,-0.00018194717034903434
2026-08-24T01:23:10.015242,3.13,0.5857674883743234,3.9683541884697737,0.0,1.4836801507378539e-06,0.0,0.0,7.418400753688589e-07,0.9999999999997249,0.012563769720434721,-0.0028168377284246895,0.0,0.0,0.0,-0.00011287646617718063
2026-08-24T01:23:10.041770,3.15,0.5857667294571788,3.968357741211821,0.0,-3.819206737531999e-06,0.0,0.0,-1.9096033687648392e-06,0.9999999999981767,0.012411986595104667,-0.0024614592533389536,0.0,0.0,0.0,0.00013647466840613234
2026-08-24T01:23:10.074163,3.17,0.5857659789653812,3.968361224087036,0.0,1.5569264015802275e-06,0.0,0.0,7.784632007900351e-07,0.999999999999697,0.012261888535802928,-0.002113080296376296,0.0,0.0,0.0,0.00021194069304001598
2026-08-24T01:23:10.103180,3.19,0.585765236832775,3.968364637729521,0.0,4.203403611402479e-06,0.0,0.0,2.1017018056996922e-06,0.9999999999977914,0.01211346231142846,-0.0017716372890425748,0.0,0.0,0.0,2.017453305324735e-05
2026-08-24T01:23:10.137983,3.21,0.585764502992659,3.9683679827706704,0.0,4.789536838245567e-07,0.0,0.0,2.394768419122761e-07,0.9999999999999714,0.01196669458174251,-0.0014370669330113068,0.0,0.0,0.0,-0.0003679018465951838
2026-08-24T01:23:10.167170,3.23,0.5857637773778379,3.968371259850135,0.0,-3.373700422582004e-06,0.0,0.0,-1.6868502112902022e-06,0.9999999999985772,0.011821571907793312,-0.001109305102145208,0.0,0.0,0.0,-0.00015874708760805182
2026-08-24T01:23:10.200323,3.25,0.5857630599206738,3.968374469631472,0.0,2.7806755134029974e-06,0.0,0.0,1.3903377567010506e-06,0.9999999999990334,0.011678080761940936,-0.0007882852742167336,0.0,0.0,0.0,3.799763302185966e-05
2026-08-24T01:23:10.232385,3.27,0.5857623505531327,3.96837761279118,0.0,3.6968423917649314e-06,0.0,0.0,1.8484211958814132e-06,0.9999999999982917,0.01153620753749136,-0.0004739396300232658,0.0,0.0,0.0,-7.782677301476512e-05
2026-08-24T01:23:10.261695,3.29,0.5857616492068324,3.968380689997029,0.0,-2.103410401410599e-07,0.0,0.0,-1.0517052007052976e-07,0.9999999999999944,0.011395938557954486,-0.00016620122347052216,0.0,0.0,0.0,-1.6239646283534432e-06
2026-08-24T01:23:10.296616,3.31,0.5857609558130854,3.9683837019301773,0.0,1.2977314027828868e-06,0.0,0.0,6.488657013913979e-07,0.9999999999997895,0.011257260085940019,0.00013499823251317535,0.0,0.0,0.0,0.00012647171324306733
2026-08-24T01:23:10.331301,3.33,0.5857602703029433,3.968386649287303,0.0,-1.1071453829281097e-06,0.0,0.0,-5.535726914640266e-07,0.9999999999998468,0.011120158331695528,0.00042972858113095904,0.0,0.0,0.0,-0.00014657982252490266
2026-08-24T01:23:10.362798,3.35,0.5857595926072358,3.9683895327590486,0.0,-5.059000232066069e-07,0.0,0.0,-2.5295001160330074e-07,0.999999999999968,0.010984619461300114,0.0007180590611284055,0.0,0.0,0.0,-0.000590299825257417
2026-08-24T01:23:10.395268,3.37,0.5857589226566121,3.968392353050703,0.0,-7.34510776201347e-07,0.0,0.0,-3.6725538810066523e-07,0.9999999999999326,0.010850629604523722,0.001000060379015063,0.0,0.0,0.0,-0.00012049804761644317
2026-08-24T01:23:10.424379,3.39,0.5857582603815766,3.9683951108791518,0.0,-2.2900389460289716e-06,0.0,0.0,-1.1450194730142355e-06,0.9999999999993444,0.010718174862361181,0.0012758044032085915,0.0,0.0,0.0,-7.224883546491244e-06
2026-08-24T01:23:10.459363,3.41,0.5857576057125267,3.968397806954334,0.0,-1.5700263373830128e-06,0.0,0.0,-7.850131686914257e-07,0.9999999999996919,0.010587241314254047,0.0015453623069399743,0.0,0.0,0.0,-5.987777648399636e-05
2026-08-24T01:23:10.494656,3.43,0.5857569585797864,3.9684004419954975,0.0,-3.3722413603776155e-06,0.0,0.0,-1.6861206801880084e-06,0.9999999999985785,0.010457815025004376,0.0018088061958733282,0.0,0.0,0.0,-0.00026823073528592785
2026-08-24T01:23:10.521035,3.45,0.585756318913639,3.968403016721643,0.0,5.392312441010461e-07,0.0,0.0,2.6961562205051975e-07,0.9999999999999637,0.01032988205139552,0.002066208151520874,0.0,0.0,0.0,-0.00021594101361339336
2026-08-24T01:23:10.553752,3.47,0.5857556866443601,3.9684055318657054,0.0,1.945587480012278e-06,0.0,0.0,9.727937400059857e-07,0.9999999999995268,0.010203428448523053,0.0023176416510230615,0.0,0.0,0.0,0.00017390619954999438
2026-08-24T01:23:10.581926,3.48,0.5857046694336775,3.9683830960742026,0.0,1.0249578963339445e-12,0.0,0.0,5.124789481669723e-13,1.0,1.3437994263635988e-08,0.00241523673125946,0.0,0.0,0.0,-0.00022260536607624686
2026-08-24T01:23:10.613772,3.51,0.5857544440176472,3.968410386316487,0.0,2.6093598348708724e-06,0.0,0.0,1.304679917435066e-06,0.9999999999991489,0.00995490360301386,0.0028028949038087806,0.0,0.0,0.0,-0.0001195148845316494
2026-08-24T01:23:10.644403,3.52,0.5857046694328587,3.9683830960773654,0.0,3.9390712913700554e-13,0.0,0.0,1.9695356456850277e-13,1.0,1.3110478135632792e-08,0.002889340330434606,0.0,0.0,0.0,-0.00018132937239375622
2026-08-24T01:23:10.671468,3.55,0.5857532301427996,3.968415011191752,0.0,1.7052395553385225e-06,0.0,0.0,8.526197776691579e-07,0.9999999999996365,0.00971212911902638,0.0032651518133805187,0.0,0.0,0.0,1.716789035540936e-05
2026-08-24T01:23:10.706519,3.5700000000000003,0.5857526338137438,3.968417239375617,0.0,-1.8558579029104294e-07,0.0,0.0,-9.279289514552134e-08,0.9999999999999957,0.009592863546423129,0.003487840804748547,0.0,0.0,0.0,0.0002039386294148621
2026-08-24T01:23:10.735911,3.59,0.5857520444646359,3.968419412369745,0.0,1.324797150203949e-06,0.0,0.0,6.62398575101926e-07,0.9999999999997806,0.009474993960570508,0.0037050016764306193,0.0,0.0,0.0,0.00026492581608587515
2026-08-24T01:23:10.766501,3.61,0.5857514620264676,3.968421530911313,0.0,-9.716879714183333e-07,0.0,0.0,-4.858439857091476e-07,0.999999999999882,0.009358506559902138,0.003916708330485844,0.0,0.0,0.0,0.00020563940432283712
2026-08-24T01:23:10.796989,3.63,0.5857508864304297,3.968423595731573,0.0,2.029535664416216e-06,0.0,0.0,1.0147678322079337e-06,0.9999999999994851,0.009243387582573925,0.004123034074674282,0.0,0.0,0.0,6.011188191983819e-05
2026-08-24T01:23:10.825502,3.64,0.5857046694305147,3.9683830960859705,0.0,7.318590178329032e-13,0.0,0.0,3.659295089164516e-13,1.0,1.2172898050012312e-08,0.0041782436198557725,0.0,0.0,0.0,0.000171156766165092
2026-08-24T01:23:10.858161,3.67,0.585749755490624,3.9684275671545204,0.0,1.1224330189740785e-06,0.0,0.0,5.612165094870097e-07,0.9999999999998426,0.00901720007379255,0.004519838202113129,0.0,0.0,0.0,8.610970870852623e-05
2026-08-24T01:23:10.887417,3.69,0.5857492000104114,3.9684294752211056,0.0,1.2029036309257892e-06,0.0,0.0,6.014518154628583e-07,0.9999999999998191,0.008906104253499398,0.004710463339369668,0.0,0.0,0.0,7.133665262043981e-05
2026-08-24T01:23:10.919175,3.71,0.5857486510994769,3.9684313324991987,0.0,-1.8348218011610131e-06,0.0,0.0,-9.174109005803778e-07,0.9999999999995792,0.00879632228615027,0.004896001577531352,0.0,0.0,0.0,2.668394983919634e-05
2026-08-24T01:23:10.949594,3.73,0.5857481086902944,3.9684331397147092,0.0,1.186696250154995e-06,0.0,0.0,5.933481250774626e-07,0.9999999999998239,0.00868784066662293,0.005076525687451556,0.0,0.0,0.0,-0.0001223792896783772
2026-08-24T01:23:10.977501,3.75,0.5857475727156465,3.9684348975974766,0.0,1.3459757659539662e-06,0.0,0.0,6.729878829769323e-07,0.9999999999997735,0.008580645951424808,0.005252108833393569,0.0,0.0,0.0,-9.301473467750464e-06
2026-08-24T01:23:11.011937,3.76,0.5857046694283318,3.9683830960933273,0.0,3.4861002973229915e-13,0.0,0.0,1.7430501486614958e-13,1.0,1.1299695168870336e-08,0.0052793319687403925,0.0,0.0,0.0,-0.00023521693827103848
2026-08-24T01:23:11.043507,3.79,0.5857465198027143,3.968438268251622,0.0,-2.352849246545219e-06,0.0,0.0,-1.1764246232723382e-06,0.999999999999308,0.008370063786144296,0.005588741629651759,0.0,0.0,0.0,-8.76647318749517e-05
2026-08-24T01:23:11.074963,3.81,0.5857460027316671,3.9684398824597307,0.0,1.4822533511704707e-06,0.0,0.0,7.411266755851674e-07,0.9999999999997253,0.008266649783561663,0.005749935306631996,0.0,0.0,0.0,0.00023135966283488783
2026-08-24T01:23:11.106013,3.83,0.585745491829655,3.9684414502145953,0.0,3.853019236998989e-09,0.0,0.0,1.9265096184994945e-09,1.0,0.008164469585532559,0.005906476677844618,0.0,0.0,0.0,0.00021219247609996465
2026-08-24T01:23:11.140952,3.8600000000000003,0.8785568577157951,5.952573674112187,0.0,5.1810999934787105e-11,0.0,0.0,2.5905499967393553e-11,1.0,1.6668727629880183e-08,2.2225216288521574,0.0,0.0,0.0,-0.000144264037465201
2026-08-24T01:23:11.176577,3.87,0.5857444882712569,3.968444449180121,0.0,-3.3439412474578498e-06,0.0,0.0,-1.6719706237281454e-06,0.9999999999986022,0.007963758307268233,0.00620588474622131,0.0,0.0,0.0,-0.00013461610219293413
2026-08-24T01:23:11.202888,3.89,0.5857439954851078,3.968445881801979,0.0,1.795411038507666e-06,0.0,0.0,8.977055192537124e-07,0.9999999999995971,0.00786520127461703,0.006348892907270353,0.0,0.0,0.0,0.0002490016573714174
2026-08-24T01:23:11.232975,3.91,0.5857435086084898,3.968447270789702,0.0,1.734123933339049e-07,0.0,0.0,8.670619666695234e-08,0.9999999999999962,0.007767826145779989,0.006487531361281307,0.0,0.0,0.0,0.00018530345670393056
2026-08-24T01:23:11.266461,3.93,0.5857430275775442,3.9684486168295687,0.0,-2.020499501043105e-06,0.0,0.0,-1.0102497505213805e-06,0.9999999999994897,0.007671620149061442,0.006621868902964446,0.0,0.0,0.0,-0.00012073659917856153
2026-08-24T01:23:11.299506,3.95,0.5857425523288377,3.9684499206089305,0.0,1.9737357033200458e-06,0.0,0.0,9.868678516598626e-07,0.9999999999995131,0.007576570597803735,0.006751974433894552,0.0,0.0,0.0,0.0002636072264066314
2026-08-24T01:23:11.333440,3.97,0.5857420827993692,3.968451182820717,0.0,-6.007883102121526e-07,0.0,0.0,-3.0039415510607176e-07,0.9999999999999549,0.007482664891997377,0.006877917414034417,0.0,0.0,0.0,0.0001372953805700612
2026-08-24T01:23:11.365878,3.99,0.5857416189265806,3.968452404136813,0.0,-2.057128801524755e-06,0.0,0.0,-1.028564400762196e-06,0.999999999999471,0.007389890519803822,0.006999765193843571,0.0,0.0,0.0,0.00012818090144968997
2026-08-24T01:23:11.397304,4.01,0.5857411606483599,3.9684535852330898,0.0,-4.821392698417527e-07,0.0,0.0,-2.4106963492087397e-07,0.9999999999999709,0.0072982350589291855,0.007117585522683727,0.0,0.0,0.0,2.2485162592851637e-05
2026-08-24T01:23:11.427658,4.03,0.5857407079030492,3.9684547267799513,0.0,-2.6374712791543686e-06,0.0,0.0,-1.318735639576802e-06,0.9999999999991305,0.007207686177921307,0.007231445601422775,0.0,0.0,0.0,0.00047164865130406956
2026-08-24T01:23:11.460341,4.04,0.5857046694238099,3.968383096106215,0.0,5.777600620149315e-13,0.0,0.0,2.8888003100746573e-13,1.0,9.491027701948843e-09,0.007205255126537884,0.0,0.0,0.0,3.124704409558379e-05
2026-08-24T01:23:11.491983,4.07,0.5857398187668361,3.968456893875661,0.0,-3.8120800516239233e-06,0.0,0.0,-1.9060400258108073e-06,0.9999999999981835,0.007029859290952781,0.007447550663908731,0.0,0.0,0.0,0.00024176602401753273
2026-08-24T01:23:11.520444,4.09,0.5857393822549409,3.9684579207325665,0.0,-2.3009112095628845e-06,0.0,0.0,-1.1504556047811881e-06,0.9999999999993382,0.006942557086535357,0.007549926764546167,0.0,0.0,0.0,0.00012636709568113113
2026-08-24T01:23:11.553982,4.11,0.5857389510339808,3.968458910661189,0.0,-1.0433332122694596e-06,0.0,0.0,-5.216666061347061e-07,0.9999999999998639,0.006856313066982438,0.007648605351396515,0.0,0.0,0.0,0.00018690665296067124
2026-08-24T01:23:11.586926,4.13,0.5857385250446491,3.968459864303363,0.0,-5.5759593049486975e-06,0.0,0.0,-2.7879796524707366e-06,0.9999999999961136,0.006771115371041026,0.007743650759268218,0.0,0.0,0.0,6.910420945809102e-05
2026-08-24T01:23:11.619394,4.15,0.5857381042281228,3.968460782289713,0.0,-3.837249214377891e-06,0.0,0.0,-1.9186246071877687e-06,0.9999999999981595,0.0066869522340832445,0.007835126199150168,0.0,0.0,0.0,-2.9623752745646466e-05
2026-08-24T01:23:11.652753,4.17,0.5857376885260647,3.968461665253067,0.0,-1.810665386514643e-07,0.0,0.0,-9.053326932573202e-08,0.9999999999999959,0.006603811988763299,0.007923095102033302,0.0,0.0,0.0,-0.0001846389004855049
2026-08-24T01:23:11.681011,4.18,0.5857046694218214,3.9683830961107165,0.0,-5.626610288800293e-13,0.0,0.0,-2.8133051444001467e-13,1.0,8.695625238858815e-09,0.00787592129468794,0.0,0.0,0.0,0.00021709925563968317
2026-08-24T01:23:11.713479,4.21,0.5857368722344563,3.968463328598135,0.0,3.8795571510874543e-07,0.0,0.0,1.9397785755437147e-07,0.9999999999999812,0.006440553993623611,0.008088762611869,0.0,0.0,0.0,-5.8061167600634196e-05
2026-08-24T01:23:11.746390,4.23,0.5857364715306898,3.968464110206051,0.0,-1.8004205859512015e-07,0.0,0.0,-9.002102929755994e-08,0.999999999999996,0.006360413400583813,0.008166584124226378,0.0,0.0,0.0,-0.0003335122592815875
2026-08-24T01:23:11.776280,4.25,0.5857360757129632,3.9684648592430607,0.0,-2.0647560994291323e-07,0.0,0.0,-1.0323780497145644e-07,0.9999999999999947,0.006281250013589747,0.008241144878568871,0.0,0.0,0.0,2.039897456764199e-05
2026-08-24T01:23:11.811993,4.26,0.5857046694207593,3.9683830961127855,0.0,-4.440892098500626e-16,0.0,0.0,-2.220446049250313e-16,1.0,8.270782357099983e-09,0.008183534423160879,0.0,0.0,0.0,1.607161942181449e-06
2026-08-24T01:23:11.838025,4.29,0.5857352985126619,3.968466261997741,0.0,-1.159765291802728e-06,0.0,0.0,-5.798826459013315e-07,0.9999999999998319,0.006125810264262893,0.008380724001733376,0.0,0.0,0.0,-0.00037580333357585885
2026-08-24T01:23:11.872046,4.31,0.585734917019853,3.96846691688842,0.0,2.409338748954326e-06,0.0,0.0,1.2046693744768717e-06,0.9999999999992744,0.006049511855053296,0.008445859940272273,0.0,0.0,0.0,-0.00011708325053268783
2026-08-24T01:23:11.900599,4.33,0.5857345401926164,3.9684675415662114,0.0,1.0550774685036401e-06,0.0,0.0,5.275387342517956e-07,0.9999999999998609,0.005974146558489925,0.008507971462704315,0.0,0.0,0.0,-4.6180277513892544e-05
2026-08-24T01:23:11.936553,4.36,0.43927857529129566,2.976287806920819,0.0,-1.751887523937512e-11,0.0,0.0,-8.75943761968756e-12,1.0,1.1281793717051367e-08,-1.122377255814703,0.0,0.0,0.0,8.772084298917187e-05
2026-08-24T01:23:11.995018,4.39,0.5857334371682084,3.9684692399921366,0.0,3.7359365485656326e-06,0.0,0.0,1.86796827428173e-06,0.9999999999982554,0.005753542118113556,0.00867672780575573,0.0,0.0,0.0,-0.00026491454350340287
2026-08-24T01:23:12.023668,4.41,0.5857330784696377,3.9684697494603896,0.0,1.964428231193693e-06,0.0,0.0,9.822141155966887e-07,0.9999999999995176,0.0056818025474764345,0.008727307140573216,0.0,0.0,0.0,-0.00014501772047222493
2026-08-24T01:23:12.053444,4.43,0.5857327241723366,3.9684702315070113,0.0,-1.6926441670506165e-07,0.0,0.0,-8.463220835253072e-08,0.9999999999999964,0.005610943228933834,0.008775141813323888,0.0,0.0,0.0,-6.219652216675355e-05
2026-08-24T01:23:12.083252,4.45,0.5857323742249481,3.9684706866708934,0.0,-4.79486851556743e-07,0.0,0.0,-2.397434257783692e-07,0.9999999999999712,0.005540953891194466,0.008820285833108605,0.0,0.0,0.0,0.0002471556114587901
2026-08-24T01:23:12.115271,4.47,0.5857320285766157,3.9684711154866497,0.0,-5.942542604664425e-07,0.0,0.0,-2.9712713023321684e-07,0.9999999999999558,0.005471824362955428,0.008862792779329358,0.0,0.0,0.0,-6.184060667959986e-05
2026-08-24T01:23:12.142016,4.49,0.5857316871769817,3.9684715184774535,0.0,-4.243202189613272e-07,0.0,0.0,-2.1216010948066196e-07,0.9999999999999775,0.005403544572714404,0.008902715084635505,0.0,0.0,0.0,-0.0001626141168186684
2026-08-24T01:23:12.173788,4.51,0.585731349976186,3.968471896163908,0.0,-1.7789751272090373e-07,0.0,0.0,-8.894875636045173e-08,0.999999999999996,0.005336104548523221,0.008940104923671859,0.0,0.0,0.0,-0.00033027548429019247
2026-08-24T01:23:12.203750,4.53,0.5857310169248663,3.9684722490586153,0.0,-3.912775855319239e-06,0.0,0.0,-1.9563879276583716e-06,0.9999999999980863,0.005269494417728638,0.008975013668220767,0.0,0.0,0.0,3.9182637739077495e-05
2026-08-24T01:23:12.234268,4.5600000000000005,0.8785567113032652,5.952572705342117,0.0,6.366862592699363e-11,0.0,0.0,3.1834312963496814e-11,1.0,2.2037454807180556e-08,2.28312647151805,0.0,0.0,0.0,0.00013187719154810875
2026-08-24T01:23:12.266017,4.57,0.5857303630756715,3.968472882495561,0.0,-6.185859202645361e-08,0.0,0.0,-3.09292960132268e-08,0.9999999999999996,0.005138724840347296,0.009037590590634277,0.0,0.0,0.0,-7.73195070661361e-05
2026-08-24T01:23:12.293656,4.59,0.5857300421815382,3.9684731640295774,0.0,4.166242180581037e-06,0.0,0.0,2.083121090289012e-06,0.9999999999978303,0.0050745461420771566,0.009065358160049946,0.0,0.0,0.0,0.0001628780999497127
2026-08-24T01:23:12.327176,4.61,0.5857297252443594,3.9684734227611496,0.0,-1.0587605547840437e-06,0.0,0.0,-5.293802773919972e-07,0.9999999999998599,0.005011158833084288,0.00909084399443098,0.0,0.0,0.0,-0.00017992284159305444
2026-08-24T01:23:12.357174,4.63,0.5857294122172287,3.968473659163656,0.0,-3.864491744387522e-07,0.0,0.0,-1.9322458721937488e-07,0.9999999999999813,0.004948553532120613,0.009114095532526833,0.0,0.0,0.0,-0.00043934416442655406
2026-08-24T01:23:12.386691,4.65,0.5857291030537246,3.9684738737137453,0.0,1.940877366823912e-06,0.0,0.0,9.704386834118038e-07,0.9999999999995292,0.004886720954996564,0.009135160540151737,0.0,0.0,0.0,3.974771464681281e-05
2026-08-24T01:23:12.417340,4.67,0.5857287977079095,3.96847406688242,0.0,7.224235911706958e-07,0.0,0.0,3.6121179558533994e-07,0.9999999999999347,0.00482565191413678,0.009154086216536244,0.0,0.0,0.0,9.463469352701609e-05
2026-08-24T01:23:12.445414,4.69,0.5857284961343263,3.9684742391270267,0.0,1.942079923100693e-06,0.0,0.0,9.710399615501935e-07,0.9999999999995285,0.004765337318113332,0.009170918392517484,0.0,0.0,0.0,0.00018643382501772111
2026-08-24T01:23:12.474917,4.71,0.5857281982879956,3.968474390903051,0.0,3.5185096578516104e-06,0.0,0.0,1.7592548289248974e-06,0.9999999999984525,0.004705768171125667,0.009185702711348522,0.0,0.0,0.0,0.00010461050771851734
2026-08-24T01:23:12.505296,4.73,0.585727904124414,3.9684745226578353,0.0,2.4955194626308246e-06,0.0,0.0,1.2477597313150883e-06,0.9999999999992215,0.004646935572490995,0.009198484000244584,0.0,0.0,0.0,0.0003579264963088423
2026-08-24T01:23:12.530131,4.75,0.5857276135995511,3.968474634833272,0.0,2.2801245549430864e-06,0.0,0.0,1.140062277471296e-06,0.9999999999993501,0.00458883071610184,0.00920930653922068,0.0,0.0,0.0,-0.0004945637195374233
2026-08-24T01:23:12.564886,4.77,0.5857273266698462,3.968474727860567,0.0,-1.6545460010952695e-06,0.0,0.0,-8.272730005475404e-07,0.9999999999996578,0.004531444889880176,0.009218213537606618,0.0,0.0,0.0,-5.167327549727941e-07
2026-08-24T01:23:12.593456,4.79,0.585727043292206,3.9684748021727154,0.0,-6.264608312100961e-07,0.0,0.0,-3.132304156050429e-07,0.9999999999999509,0.004474769475184049,0.00922524838279281,0.0,0.0,0.0,0.00011861515335890633
2026-08-24T01:23:12.620697,4.8100000000000005,0.5857267634240017,3.968474858192987,0.0,2.352558603035959e-06,0.0,0.0,1.1762793015177083e-06,0.9999999999993082,0.0044187959462421295,0.00923045348754337,0.0,0.0,0.0,-0.00015912744878406656
2026-08-24T01:23:12.651314,4.83,0.5857264870230652,3.968474896337205,0.0,1.8230829508247837e-06,0.0,0.0,9.115414754122656e-07,0.9999999999995846,0.004363515869549922,0.0092338705178367,0.0,0.0,0.0,0.00020590313711468295
2026-08-24T01:23:12.678772,4.84,0.5857046694144453,3.9683830961192332,0.0,1.078692690725802e-12,0.0,0.0,5.39346345362901e-13,1.0,5.745259494098923e-09,0.009128638829577101,0.0,0.0,0.0,-9.105886045058701e-05
2026-08-24T01:23:12.710899,4.87,0.5857259444566152,3.968474920632053,0.0,2.1415809325908697e-06,0.0,0.0,1.0707904662952303e-06,0.9999999999994267,0.004255002796523786,0.009235504138644192,0.0,0.0,0.0,0.0003146093341833362
2026-08-24T01:23:12.734181,4.89,0.5857256782090445,3.968474907588131,0.0,7.985516137232197e-07,0.0,0.0,3.992758068615992e-07,0.9999999999999203,0.004201753388916611,0.009233801433492865,0.0,0.0,0.0,0.0003121340353433787
2026-08-24T01:23:12.763918,4.91,0.5857254152646226,3.9684748782730797,0.0,-4.153440613663406e-06,0.0,0.0,-2.07672030683021e-06,0.9999999999978436,0.004149164609740689,0.009230471464071978,0.0,0.0,0.0,2.485985691398011e-06
2026-08-24T01:23:12.796257,4.93,0.5857251555834417,3.968474833070888,0.0,4.823006241050365e-06,0.0,0.0,2.411503120522845e-06,0.9999999999970923,0.0040972284773900264,0.009225552704329069,0.0,0.0,0.0,4.2949577421541975e-05
2026-08-24T01:23:12.827188,4.95,0.5857248991260348,3.968474772368355,0.0,1.4102835774743026e-06,0.0,0.0,7.051417887370929e-07,0.9999999999997514,0.004045937098661373,0.009219083908595173,0.0,0.0,0.0,-0.0002125917081660681
2026-08-24T01:23:12.856802,4.96,0.5857046694133998,3.968383096119134,0.0,-1.9806378759312793e-13,0.0,0.0,-9.903189379656396e-14,1.0,5.327072845489423e-09,0.009108981028190176,0.0,0.0,0.0,-0.00017392263946258972
2026-08-24T01:23:12.884391,4.99,0.5857243957268718,3.968474605940151,0.0,-1.916369862797751e-07,0.0,0.0,-9.58184931398874e-08,0.9999999999999954,0.003945257467388646,0.00920164428182261,0.0,0.0,0.0,-0.00018417921986936946
2026-08-24T01:23:12.912444,5.0,0.5857046694130684,3.96838309611902,0.0,-5.635492072997295e-13,0.0,0.0,-2.8177460364986473e-13,1.0,5.194500391600228e-09,0.009090218885972718,0.0,0.0,0.0,0.00026863750268131287
2026-08-24T01:23:12.940555,5.03,0.585723904760118,3.9684743819182926,0.0,-1.772066717364851e-06,0.0,0.0,-8.860333586823094e-07,0.9999999999996074,0.0038470643130142077,0.009178446123009696,0.0,0.0,0.0,0.0003949752273866552
2026-08-24T01:23:12.968050,5.05,0.5857236638448299,3.9684742491996983,0.0,-5.23043399525136e-06,0.0,0.0,-2.615216997622699e-06,0.9999999999965803,0.0037988813517193776,0.009164776756263439,0.0,0.0,0.0,6.404845303072939e-05
2026-08-24T01:23:13.002242,5.07,0.585723425925613,3.968474103136682,0.0,-3.339702712157333e-06,0.0,0.0,-1.6698513560778904e-06,0.9999999999986058,0.0037512976035232633,0.009149773352503802,0.0,0.0,0.0,0.0003690903667625456
2026-08-24T01:23:13.024238,5.09,0.5857231909660001,3.9684739440737022,0.0,-1.153237332740531e-06,0.0,0.0,-5.766186663702335e-07,0.9999999999998338,0.003704305774929846,0.009133470420583666,0.0,0.0,0.0,-4.482463946209592e-05
2026-08-24T01:23:13.054120,5.11,0.5857229589299379,3.9684737723435246,0.0,1.2960209252455004e-06,0.0,0.0,6.480104626227048e-07,0.9999999999997901,0.0036578986553127348,0.009115901297472329,0.0,0.0,0.0,-0.00015333671787503262
2026-08-24T01:23:13.082565,5.13,0.5857227297817837,3.968473588276843,0.0,3.950741165326122e-07,0.0,0.0,1.9753705826630478e-07,0.9999999999999805,0.0036120691161778727,0.00909709911241449,0.0,0.0,0.0,-0.00020283366709343835
2026-08-24T01:23:13.107911,5.15,0.5857225034863028,3.968473392197002,0.0,3.561971557708432e-06,0.0,0.0,1.7809857788532746e-06,0.999999999998414,0.0035668101104559037,0.009077096257833376,0.0,0.0,0.0,0.00011114217710154458
2026-08-24T01:23:13.137826,5.17,0.585722280008662,3.9684731844253225,0.0,4.2405667866063375e-08,0.0,0.0,2.1202833933031684e-08,0.9999999999999998,0.0035221146717685863,0.00905592492284609,0.0,0.0,0.0,8.886499014679409e-05
2026-08-24T01:23:13.167419,5.2,0.4392785752793413,2.976287806735039,0.0,-8.351541680440278e-12,0.0,0.0,-4.175770840220139e-12,1.0,6.498170722815593e-09,-1.1411063494125173,0.0,0.0,0.0,3.928640818343867e-05
2026-08-24T01:23:13.199205,5.21,0.5857218413695717,3.9684727350478997,0.0,9.227558441793351e-07,0.0,0.0,4.613779220896511e-07,0.9999999999998935,0.0034343870291737148,0.009010201174323454,0.0,0.0,0.0,-0.00039293653621441606
2026-08-24T01:23:13.231324,5.23,0.5857216261404432,3.9684724940534313,0.0,-1.7869014334870315e-06,0.0,0.0,-8.934507167433968e-07,0.9999999999996009,0.0033913412894935793,0.008985709994222602,0.0,0.0,0.0,-9.214033075169946e-06
2026-08-24T01:23:13.257736,5.25,0.5857214135937898,3.9684722425890078,0.0,-2.3018568029442582e-07,0.0,0.0,-1.1509284014721263e-07,0.9999999999999933,0.003348832043850751,0.008960172734235806,0.0,0.0,0.0,-0.0001806933580407651
2026-08-24T01:23:13.290023,5.27,0.5857212036967431,3.9684719809473736,0.0,-1.0239936392153484e-06,0.0,0.0,-5.119968196076517e-07,0.9999999999998689,0.003306852718485075,0.008933618717961212,0.0,0.0,0.0,2.5679615668593143e-05
2026-08-24T01:23:13.312141,5.29,0.585720996416816,3.9684717094170754,0.0,-6.897624604818021e-07,0.0,0.0,-3.448812302408942e-07,0.9999999999999405,0.0032653968159750612,0.008906076848836637,0.0,0.0,0.0,0.0005117637916310879
2026-08-24T01:23:13.340486,5.31,0.5857207917218993,3.968471428282428,0.0,-3.31992034396933e-06,0.0,0.0,-1.6599601719839023e-06,0.9999999999986222,0.003224457914510844,0.00887757560534486,0.0,0.0,0.0,4.423414524366067e-05
2026-08-24T01:23:13.371212,5.34,0.8785567112833106,5.952572705924474,0.0,3.686873029096205e-11,0.0,0.0,1.8434365145481024e-11,1.0,1.4059025036164408e-08,2.312395170021918,0.0,0.0,0.0,0.0003685443527418227
2026-08-24T01:23:13.398026,5.35,0.5857203899605293,3.9684708383019975,0.0,2.913338835508483e-06,0.0,0.0,1.4566694177537264e-06,0.9999999999989391,0.0031441058012144224,0.008817805367364514,0.0,0.0,0.0,-0.0002086881936374398
2026-08-24T01:23:13.427611,5.37,0.5857201928317154,3.9684705299995984,0.0,2.4791793884482165e-06,0.0,0.0,1.2395896942237906e-06,0.9999999999992317,0.0031046801172961813,0.00878659079909845,0.0,0.0,0.0,-0.0001277924175275638
2026-08-24T01:23:13.455214,5.39,0.5857199981631837,3.9684702131761362,0.0,-2.0945719576559445e-06,0.0,0.0,-1.0472859788277806e-06,0.9999999999994515,0.0030657464888125857,0.008754525360398831,0.0,0.0,0.0,0.0005378623898996148
2026-08-24T01:23:13.485289,5.41,0.5857198059246609,3.9684698880914753,0.0,-7.86573487676634e-07,0.0,0.0,-3.932867438383068e-07,0.9999999999999226,0.003027298861143498,0.008721635078554009,0.0,0.0,0.0,-0.00014878753810356255
2026-08-24T01:23:13.513413,5.42,0.5857046694100466,3.9683830961158866,0.0,-6.301625887772389e-13,0.0,0.0,-3.1508129438861943e-13,1.0,3.985796925274293e-09,0.008603831231755546,0.0,0.0,0.0,-5.3116767433720865e-05
2026-08-24T01:23:13.542471,5.46,0.5857046694097982,3.9683830961154425,0.0,-2.3714363805993344e-13,0.0,0.0,-1.1857181902996672e-13,1.0,3.886438056738188e-09,0.008535667256887702,0.0,0.0,0.0,-2.2157183021974974e-05
2026-08-24T01:23:13.573268,5.47,0.5857192434917385,3.9684688657887857,0.0,5.325952212587027e-07,0.0,0.0,2.662976106293482e-07,0.9999999999999646,0.0029148125016357396,0.008618267411789813,0.0,0.0,0.0,0.0001978165018398149
2026-08-24T01:23:13.598846,5.49,0.5857190606775933,3.9684685101601285,0.0,3.0606641505670495e-06,0.0,0.0,1.5303320752829274e-06,0.999999999998829,0.002878249745743562,0.008582328221383098,0.0,0.0,0.0,-3.7032497138795185e-05
2026-08-24T01:23:13.627820,5.51,0.5857188801473652,3.968468147499122,0.0,2.2122712257655057e-06,0.0,0.0,1.1061356128825271e-06,0.9999999999993883,0.0028421437723502338,0.008545687259152428,0.0,0.0,0.0,-0.00023237415497476241
2026-08-24T01:23:13.654360,5.53,0.5857187018728659,3.9684677780377435,0.0,-9.336347086552622e-07,0.0,0.0,-4.668173543276141e-07,0.9999999999998911,0.002806488943766176,0.008508367756943807,0.0,0.0,0.0,-0.00022420368264351235
2026-08-24T01:23:13.680350,5.54,0.5857046694093198,3.9683830961144966,0.0,-8.806289031326742e-13,0.0,0.0,-4.403144515663371e-13,1.0,3.6950599059774923e-09,0.00839078539582603,0.0,0.0,0.0,-0.00019130445459983897
2026-08-24T01:23:13.715814,5.57,0.5857183519799704,3.968467019624557,0.0,1.144148870313444e-06,0.0,0.0,5.720744351566907e-07,0.9999999999998364,0.0027365105046059045,0.008431784331030036,0.0,0.0,0.0,-0.0003036761677605852
2026-08-24T01:23:13.737933,5.59,0.5857181803068583,3.968466631117907,0.0,1.1574303178107925e-06,0.0,0.0,5.78715158905364e-07,0.9999999999998326,0.0027021759508979544,0.008392564986051444,0.0,0.0,0.0,-8.540494267262775e-06
2026-08-24T01:23:13.767321,5.61,0.5857180107800365,3.968466236701239,0.0,-2.794283680440657e-06,0.0,0.0,-1.397141840219874e-06,0.999999999999024,0.002668270654347444,0.008352756261634342,0.0,0.0,0.0,6.316751628320991e-05
2026-08-24T01:23:13.795210,5.63,0.5857178433729568,3.9684658365850822,0.0,4.294874571098006e-06,0.0,0.0,2.1474372855473527e-06,0.9999999999976943,0.002634789305355006,0.00831237923953467,0.0,0.0,0.0,0.000294035277595518
2026-08-24T01:23:13.817490,5.65,0.5857176780593887,3.9684654309804173,0.0,-6.628424862320515e-07,0.0,0.0,-3.3142124311601963e-07,0.999999999999945,0.00260172665785717,0.008271455045940245,0.0,0.0,0.0,0.00011102274789362655
2026-08-24T01:23:13.849075,5.66,0.5857046694086456,3.968383096112952,0.0,1.2567724638756772e-13,0.0,0.0,6.283862319378386e-14,1.0,3.4254555501527642e-09,0.008154791184104435,0.0,0.0,0.0,0.0002728847943572803
2026-08-24T01:23:13.876157,5.69,0.5857173536094344,3.9684646041090037,0.0,2.2780752702011853e-06,0.0,0.0,1.1390376351003464e-06,0.9999999999993513,0.002536836796812131,0.008188045592808335,0.0,0.0,0.0,6.969161486104685e-05
2026-08-24T01:23:13.904066,5.71,0.585717194422146,3.968464183240401,0.0,1.7820562940862319e-06,0.0,0.0,8.910281470429979e-07,0.999999999999603,0.0025049994027875272,0.008145600198931634,0.0,0.0,0.0,-2.8757472850620932e-05
2026-08-24T01:23:13.933469,5.73,0.5857170372265575,3.9684637576741526,0.0,-2.929454523403763e-07,0.0,0.0,-1.464727261701876e-07,0.9999999999999892,0.0024735603479785627,0.008102686820987422,0.0,0.0,0.0,0.00014758230766916727
2026-08-24T01:23:13.959881,5.75,0.5857168819979771,3.968463327599454,0.0,-1.151613077787772e-06,0.0,0.0,-5.758065388938541e-07,0.9999999999998342,0.002442514693947426,0.008059324401581115,0.0,0.0,0.0,-3.562616279142989e-05
2026-08-24T01:23:13.988154,5.77,0.5857167287120095,3.9684628932010657,0.0,2.370802326012722e-06,0.0,0.0,1.1854011630060834e-06,0.9999999999992975,0.002411857561788319,0.008015531438903998,0.0,0.0,0.0,0.0003061082826643553
2026-08-24T01:23:14.014301,5.78,0.5857046694080207,3.968383096111285,0.0,1.510347402700063e-12,0.0,0.0,7.551737013500315e-13,1.0,3.175462971074053e-09,0.007900383957116163,0.0,0.0,0.0,0.000243129645703024
2026-08-24T01:23:14.043453,5.8100000000000005,0.5857164278718048,3.968462012160768,0.0,-1.5900843397531617e-07,0.0,0.0,-7.9504216987658e-08,0.9999999999999969,0.0023516896411735983,0.007926726724004044,0.0,0.0,0.0,-0.0003357197347730904
2026-08-24T01:23:14.070295,5.83,0.5857162802702375,3.9684615658683553,0.0,9.191705681033112e-07,0.0,0.0,4.5958528405163946e-07,0.9999999999998944,0.0023221693866997796,0.007881749961019419,0.0,0.0,0.0,-9.188603040428656e-05
2026-08-24T01:23:14.095265,5.85,0.585716134516616,3.96846111595902,0.0,-4.150435638283767e-06,0.0,0.0,-2.075217819140394e-06,0.9999999999978467,0.002293018720754867,0.007836413412143571,0.0,0.0,0.0,-9.534156085401284e-06
2026-08-24T01:23:14.130041,5.87,0.5857159905879865,3.9684606625988814,0.0,8.781579912131577e-07,0.0,0.0,4.3907899560656473e-07,0.9999999999999036,0.002264233052371534,0.007790733707004238,0.0,0.0,0.0,0.00019786266567259692
2026-08-24T01:23:14.154435,5.88,0.5857046694075347,3.9683830961098203,0.0,7.949196856316121e-13,0.0,0.0,3.9745984281580604e-13,1.0,2.9810935276004275e-09,0.007677241424733709,0.0,0.0,0.0,-0.00010803405755161266
2026-08-24T01:23:14.184968,5.91,0.5857157081152703,3.968459746184922,0.0,1.3790640096544848e-06,0.0,0.0,6.895320048271878e-07,0.9999999999997623,0.0022077386221542603,0.007698410769729384,0.0,0.0,0.0,-3.90435600874391e-05
2026-08-24T01:23:14.217435,5.93,0.5857155695266536,3.9684592834488845,0.0,9.262634517170909e-07,0.0,0.0,4.631317258585289e-07,0.9999999999998928,0.0021800209542775697,0.007651799348115469,0.0,0.0,0.0,-0.00014321845413506297
2026-08-24T01:23:14.246830,5.95,0.5857154326739616,3.96845881790032,0.0,2.603503860054701e-06,0.0,0.0,1.301751930026983e-06,0.9999999999991527,0.0021526504706350347,0.007604908662418582,0.0,0.0,0.0,-0.0003129668560367665
2026-08-24T01:23:14.279836,5.96,0.5857046694071674,3.9683830961086097,0.0,-1.4432899320127035e-13,0.0,0.0,-7.216449660063518e-14,1.0,2.8341793940509775e-09,0.007492962564501091,0.0,0.0,0.0,0.00011802499268137477
2026-08-24T01:23:14.307681,5.98,0.5857046694070784,3.968383096108302,0.0,5.364597654988756e-13,0.0,0.0,2.682298827494378e-13,1.0,2.7985938252161186e-09,0.007446222281403347,0.0,0.0,0.0,-9.529013882723855e-05
2026-08-24T01:23:14.337305,6.01,0.5857150323168068,3.9684574058794446,0.0,4.978855114856627e-07,0.0,0.0,2.4894275574282883e-07,0.999999999999969,0.0020725791997827495,0.007462711158410503,0.0,0.0,0.0,0.0001302385559925626
2026-08-24T01:23:14.367208,6.03,0.5857149021944896,3.9684569305652384,0.0,-1.3616836676000332e-06,0.0,0.0,-6.80841833799964e-07,0.9999999999997682,0.002046554788388292,0.007414851999031836,0.0,0.0,0.0,-2.8205861857641032e-06
2026-08-24T01:23:14.393457,6.05,0.5857147737027278,3.9684564531643876,0.0,2.4191179810451047e-06,0.0,0.0,1.2095589905222574e-06,0.9999999999992685,0.0020208564874500557,0.007366786227998145,0.0,0.0,0.0,-0.0001520178721533417
2026-08-24T01:23:14.424768,6.06,0.5857046694067335,3.968383096107058,0.0,2.517985819849855e-13,0.0,0.0,1.2589929099249275e-13,1.0,2.6606549447656232e-09,0.007257013833231333,0.0,0.0,0.0,0.00023852792788383917
2026-08-24T01:23:14.451042,6.09,0.5857145215298857,3.9684554926476134,0.0,1.3832851766260037e-06,0.0,0.0,6.916425883129466e-07,0.9999999999997609,0.0019704220198719863,0.007270089380932336,0.0,0.0,0.0,3.296826486112468e-05
2026-08-24T01:23:14.481525,6.11,0.5857143978089303,3.968455009794999,0.0,-1.792266789646391e-06,0.0,0.0,-8.961333948230754e-07,0.9999999999995984,0.0019456778782904614,0.007221484655337318,0.0,0.0,0.0,-5.812595137154001e-05
2026-08-24T01:23:14.511157,6.13,0.5857142756387753,3.968454525383372,0.0,3.304546409843567e-06,0.0,0.0,1.652273204921032e-06,0.999999999998635,0.0019212438961388758,0.007172726120871499,0.0,0.0,0.0,7.723865899488447e-05
2026-08-24T01:23:14.537399,6.15,0.5857141550000878,3.9684540395394627,0.0,2.4668284939188823e-06,0.0,0.0,1.2334142469591284e-06,0.9999999999992394,0.0018971162069711172,0.007123826459324767,0.0,0.0,0.0,-0.00010655098845960243
2026-08-24T01:23:14.563546,6.17,0.5857140358737736,3.9684535523839073,0.0,-1.1926726659616804e-06,0.0,0.0,-5.963363329808048e-07,0.9999999999998221,0.001873290991757186,0.0070747977418224115,0.0,0.0,0.0,-3.521815868922661e-05
2026-08-24T01:23:14.588018,6.19,0.5857139182409714,3.9684530640362032,0.0,1.8319587771209458e-06,0.0,0.0,9.159793885603447e-07,0.9999999999995804,0.0018497644783155751,0.007025651925336232,0.0,0.0,0.0,7.547157966929927e-05
2026-08-24T01:23:14.614123,6.21,0.5857138020830512,3.9684525746144135,0.0,-7.11658489915834e-07,0.0,0.0,-3.558292449579095e-07,0.9999999999999367,0.0018265329407681308,0.0069764008227174955,0.0,0.0,0.0,5.9780192489686856e-05
2026-08-24T01:23:14.640871,6.23,0.585713687381613,3.968452084231704,0.0,-2.4794150665918835e-06,0.0,0.0,-1.2397075332956241e-06,0.9999999999992316,0.001803592699010805,0.006927055756723851,0.0,0.0,0.0,8.839757302813952e-05
2026-08-24T01:23:14.664263,6.25,0.5857135741184823,3.968451593000028,0.0,1.6809442562326637e-06,0.0,0.0,8.404721281162329e-07,0.9999999999996468,0.0017809401181657514,0.006877627928064707,0.0,0.0,0.0,-8.19841146620601e-05
2026-08-24T01:23:14.693699,6.26,0.5857046694059438,3.9683830961038717,0.0,2.4069635173873394e-13,0.0,0.0,1.2034817586936697e-13,1.0,2.3447750311996938e-09,0.006772856745973078,0.0,0.0,0.0,0.00012229051305918663
2026-08-24T01:23:14.718188,6.29,0.5857133518355602,3.968450608425492,0.0,2.6602915488282974e-06,0.0,0.0,1.3301457744137565e-06,0.9999999999991154,0.0017364836226762966,0.006778567574259301,0.0,0.0,0.0,-0.0002171312113738875
2026-08-24T01:23:14.741353,6.31,0.585713242780527,3.968450115293454,0.0,-7.418500853617618e-07,0.0,0.0,-3.7092504268087226e-07,0.9999999999999312,0.0017146726596849156,0.0067289561397435305,0.0,0.0,0.0,6.419576971731416e-05
2026-08-24T01:23:14.767933,6.33,0.5857131350933128,3.968449621734815,0.0,2.9813777033815833e-06,0.0,0.0,1.4906888516902392e-06,0.9999999999988889,0.0016931352598749986,0.00667930419597235,0.0,0.0,0.0,-0.00022696355353195557
2026-08-24T01:23:14.790699,6.34,0.5857046694056547,3.9683830961025808,0.0,1.9939605522267811e-13,0.0,0.0,9.969802761133906e-14,1.0,2.229169601254895e-09,0.006576727630524231,0.0,0.0,0.0,-0.00034815688552034023
2026-08-24T01:23:14.818078,6.37,0.5857129237542191,3.9684486337335243,0.0,6.388638089660503e-07,0.0,0.0,3.194319044830197e-07,0.9999999999999489,0.0016508675256291696,0.006579918371887488,0.0,0.0,0.0,0.00018330971587771552
2026-08-24T01:23:14.843211,6.39,0.585712820068803,3.9684481394839017,0.0,-4.421940675847225e-07,0.0,0.0,-2.2109703379235943e-07,0.9999999999999756,0.001630130483922702,0.006530203799043877,0.0,0.0,0.0,7.643984361743398e-05
2026-08-24T01:23:14.868062,6.41,0.5857127176841279,3.968447645191957,0.0,1.568893306824748e-06,0.0,0.0,7.844466534122935e-07,0.9999999999996924,0.0016096535898702385,0.006480487154270709,0.0,0.0,0.0,0.00020586319227953667
2026-08-24T01:23:14.893493,6.43,0.5857126165839385,3.968447150948994,0.0,-1.8600832349946477e-06,0.0,0.0,-9.300416174971896e-07,0.9999999999995675,0.001589433592427704,0.0064307775690740894,0.0,0.0,0.0,0.0003407579201901343
2026-08-24T01:23:14.916719,6.45,0.5857125167521803,3.9684466568425854,0.0,2.0324435734409013e-07,0.0,0.0,1.0162217867204487e-07,0.9999999999999948,0.0015694672807176422,0.006381083801416438,0.0,0.0,0.0,-0.00028451472948303743
2026-08-24T01:23:14.944266,6.47,0.5857124181729974,3.9684461629586667,0.0,-6.967033590044025e-07,0.0,0.0,-3.483516795021942e-07,0.9999999999999393,0.0015497514835434907,0.006331414445065073,0.0,0.0,0.0,0.00015006258105391078
2026-08-24T01:23:14.968020,6.49,0.5857123208307294,3.9684456693824104,0.0,3.0354005042809723e-07,0.0,0.0,1.51770025214048e-07,0.9999999999999885,0.0015302830689124943,0.006281778017454132,0.0,0.0,0.0,-0.00016484475975310633
2026-08-24T01:23:14.992680,6.51,0.5857122247099105,3.9684451761950923,0.0,-1.2920297849383646e-06,0.0,0.0,-6.460148924691373e-07,0.9999999999997913,0.0015110589435788952,0.006232182645593135,0.0,0.0,0.0,0.00010596321029243108
2026-08-24T01:23:15.020351,6.53,0.5857121297952657,3.9684446834771734,0.0,-3.8705910965219925e-07,0.0,0.0,-1.9352955482609835e-07,0.9999999999999812,0.0014920760525690198,0.006182636374717431,0.0,0.0,0.0,0.0003816967812011287
2026-08-24T01:23:15.043811,6.54,0.5857046694049932,3.9683830960993456,0.0,9.543477119677846e-13,0.0,0.0,4.771738559838923e-13,1.0,1.964452628795103e-09,0.00608589449282015,0.0,0.0,0.0,5.912182545487037e-05
2026-08-24T01:23:15.071791,6.5600000000000005,0.5857046694049313,3.968383096099024,0.0,8.43769498715119e-14,0.0,0.0,4.218847493575595e-14,1.0,1.9397732549388175e-09,0.006037009991866293,0.0,0.0,0.0,-0.00022697866082294015
2026-08-24T01:23:15.093845,6.59,0.585711852138449,3.968443208909481,0.0,-2.3700100948431668e-07,0.0,0.0,-1.1850050474215806e-07,0.999999999999993,0.001436544800316069,0.0060343691205613425,0.0,0.0,0.0,0.00012685566227492416
2026-08-24T01:23:15.116839,6.61,0.5857117618994993,3.96844271882945,0.0,2.0202018191639586e-06,0.0,0.0,1.0101009095818073e-06,0.9999999999994899,0.0014184970464648813,0.005985095266626217,0.0,0.0,0.0,5.765287593333259e-05
2026-08-24T01:23:15.144185,6.63,0.5857116727931404,3.968442229589661,0.0,-1.4049508849645065e-06,0.0,0.0,-7.024754424821954e-07,0.9999999999997533,0.0014006758103449982,0.005935907588127107,0.0,0.0,0.0,-1.1668318065015078e-06
2026-08-24T01:23:15.168274,6.64,0.5857046694046922,3.968383096097739,0.0,-3.9168668308775523e-13,0.0,0.0,-1.9584334154387761e-13,1.0,1.8441144919483016e-09,0.00584221917682702,0.0,0.0,0.0,0.00010866237463620262
2026-08-24T01:23:15.193306,6.67,0.5857114979216759,3.968441253901953,0.0,4.518826572930124e-06,0.0,0.0,2.2594132864631394e-06,0.9999999999974475,0.0013657015873808794,0.0058378178593026875,0.0,0.0,0.0,-0.00026794676470735487
2026-08-24T01:23:15.218820,6.69,0.5857114121287479,3.9684407675862334,0.0,-1.412240409504051e-06,0.0,0.0,-7.061202047519668e-07,0.9999999999997506,0.0013485430360696306,0.00578892902208246,0.0,0.0,0.0,-0.000398011248021725
2026-08-24T01:23:15.243603,6.71,0.5857113274127616,3.968440282373149,0.0,-3.115019907351524e-06,0.0,0.0,-1.5575099536751322e-06,0.9999999999987871,0.0013315998727184211,0.005740152585527446,0.0,0.0,0.0,0.00014556090864904076
2026-08-24T01:23:15.268325,6.73,0.5857112437602341,3.9684397983255337,0.0,-8.450218751399064e-07,0.0,0.0,-4.225109375699406e-07,0.9999999999999107,0.001314869400692998,0.0056914948288849425,0.0,0.0,0.0,1.9128015415170006e-05
2026-08-24T01:23:15.291015,6.75,0.5857111611578499,3.968439315502888,0.0,-1.1254799079374322e-06,0.0,0.0,-5.627399539686864e-07,0.9999999999998417,0.001298348956862523,0.0056429616976695724,0.0,0.0,0.0,0.00027762710649708374
2026-08-24T01:23:15.319729,6.78,0.8785567112645069,5.952572706197724,0.0,1.3419487743249192e-11,0.0,0.0,6.709743871624596e-12,1.0,6.546328558659081e-09,2.3261134659086427,0.0,0.0,0.0,0.00019842941600297243
2026-08-24T01:23:15.343012,6.79,0.5857109990510728,3.9684383537639905,0.0,3.5650748655413622e-06,0.0,0.0,1.782537432769737e-06,0.9999999999984113,0.0012659276663097656,0.005546292440895709,0.0,0.0,0.0,-8.567507938106418e-05
2026-08-24T01:23:15.367537,6.8100000000000005,0.5857109195208681,3.9684378749588953,0.0,4.571652332252541e-07,0.0,0.0,2.2858261661262504e-07,0.9999999999999739,0.001250021657177381,0.005498167420266465,0.0,0.0,0.0,-0.00040191512878984774
2026-08-24T01:23:15.394805,6.83,0.5857108409891782,3.968437397601066,0.0,-2.3584402630838497e-06,0.0,0.0,-1.1792201315416515e-06,0.9999999999993047,0.0012343153506302045,0.0054501892336981895,0.0,0.0,0.0,-7.762701466965856e-05
2026-08-24T01:23:15.415775,6.85,0.5857107634434952,3.968436921743127,0.0,9.343001616812785e-07,0.0,0.0,4.6715008084062225e-07,0.9999999999998909,0.0012188062450162,0.005402363137731616,0.0,0.0,0.0,-0.00010273457096014469
2026-08-24T01:23:15.441240,6.87,0.5857106868714659,3.9684364474357157,0.0,-2.6558898231776595e-06,0.0,0.0,-1.3279449115884395e-06,0.9999999999991183,0.0012034918698126556,0.0053546941900954985,0.0,0.0,0.0,-9.795071072569674e-05
2026-08-24T01:23:15.466816,6.89,0.5857106112608921,3.968435974726996,0.0,3.824296861409949e-07,0.0,0.0,1.9121484307049624e-07,0.9999999999999817,0.0011883697852485985,0.005307187200711641,0.0,0.0,0.0,0.0003956888534764899
2026-08-24T01:23:15.491524,6.91,0.585710536599726,3.9684355036656105,0.0,-4.315114538133714e-06,0.0,0.0,-2.1575572690651828e-06,0.9999999999976725,0.00117343758191825,0.005259847027275414,0.0,0.0,0.0,9.048876697844598e-05
2026-08-24T01:23:15.517205,6.93,0.5857104628760711,3.9684350342958887,0.0,4.392331307556675e-06,0.0,0.0,2.1961656537765717e-06,0.9999999999975884,0.0011586928804292295,0.005212678095968934,0.0,0.0,0.0,-0.0001260475777798203
2026-08-24T01:23:15.539072,6.95,0.5857103900781784,3.9684345666639143,0.0,-7.370131718253959e-07,0.0,0.0,-3.6850658591268955e-07,0.999999999999932,0.001144133331012051,0.005165685008041447,0.0,0.0,0.0,-9.97029593580446e-05
2026-08-24T01:23:15.568066,6.97,0.5857103181944454,3.968434100811717,0.0,-1.0094976303776095e-06,0.0,0.0,-5.047488151887833e-07,0.9999999999998727,0.0011297566131808006,0.005118871959153361,0.0,0.0,0.0,-0.00018259097987096052
2026-08-24T01:23:15.591554,6.99,0.5857102472134142,3.96843363678155,0.0,-2.629870239356791e-06,0.0,0.0,-1.3149351196780165e-06,0.9999999999991355,0.0011155604353582363,0.005072243167220154,0.0,0.0,0.0,-0.0001046840688592687
2026-08-24T01:23:15.618644,7.01,0.5857101771237702,3.9684331746139745,0.0,1.9200971403954274e-06,0.0,0.0,9.600485701975661e-07,0.9999999999995391,0.0011015425345293078,0.0050258026805329115,0.0,0.0,0.0,0.00027113259155404337
2026-08-24T01:23:15.646262,7.03,0.5857101079143383,3.9684327143491056,0.0,1.2924357761789906e-06,0.0,0.0,6.462178880894503e-07,0.9999999999997912,0.0010877006758863695,0.00497955450312505,0.0,0.0,0.0,0.00039413108699305516
2026-08-24T01:23:15.669125,7.04,0.5857046694036621,3.968383096091511,0.0,1.4557244298885053e-12,0.0,0.0,7.278622149442526e-13,1.0,1.432051408972061e-09,0.004898484177607198,0.0,0.0,0.0,0.00016511741966247518
2026-08-24T01:23:15.701325,7.07,0.5857099720921121,3.9684317996755007,0.0,-8.883581759100424e-07,0.0,0.0,-4.4417908795500653e-07,0.9999999999999013,0.001060536284935273,0.00488764984419401,0.0,0.0,0.0,-0.0001598781483868265
2026-08-24T01:23:15.721954,7.09,0.585709905457659,3.968431345338291,0.0,-1.3063067028085127e-06,0.0,0.0,-6.5315335140421e-07,0.9999999999997867,0.001047209420982975,0.004842000498707711,0.0,0.0,0.0,-0.0002980888046135088
2026-08-24T01:23:15.748042,7.11,0.5857098396600988,3.9684308930471666,0.0,4.354710300802367e-06,0.0,0.0,2.177355150399463e-06,0.9999999999976296,0.0010340499352553471,0.004796557766668181,0.0,0.0,0.0,3.886639353992561e-05
2026-08-24T01:23:15.774490,7.13,0.5857097746889368,3.968430442836183,0.0,-2.681055767173035e-06,0.0,0.0,-1.340527883586116e-06,0.9999999999991015,0.0010210557288901352,0.004751325045306128,0.0,0.0,0.0,-0.00023055223651063727
2026-08-24T01:23:15.797568,7.15,0.5857097105338105,3.9684299947355206,0.0,2.028451909108498e-06,0.0,0.0,1.0142259545540748e-06,0.9999999999994856,0.0010082247292313884,0.004706305343461528,0.0,0.0,0.0,-7.067283355095984e-06
2026-08-24T01:23:15.823990,7.17,0.5857096471844849,3.9684295487774586,0.0,3.504468635284752e-07,0.0,0.0,1.752234317642367e-07,0.9999999999999847,0.000995554889482709,0.004661501880091482,0.0,0.0,0.0,1.2097755443706749e-05
2026-08-24T01:23:15.847873,7.19,0.5857095846308544,3.9684291049908706,0.0,1.8866120181648684e-06,0.0,0.0,9.433060090822942e-07,0.9999999999995551,0.0009830441884112811,0.0046169175333950355,0.0,0.0,0.0,7.232324118413539e-05
2026-08-24T01:23:15.873949,7.21,0.585709522862939,3.9684286634046195,0.0,-2.7441828591712185e-06,0.0,0.0,-1.3720914295851785e-06,0.9999999999990586,0.0009706906300194266,0.004572555180255125,0.0,0.0,0.0,0.00012410882441743829
2026-08-24T01:23:15.899392,7.23,0.5857094618708831,3.968428224045626,0.0,-4.937527466886139e-07,0.0,0.0,-2.468763733443044e-07,0.9999999999999696,0.0009584922432414965,0.004528417503349698,0.0,0.0,0.0,5.537170241535224e-05
2026-08-24T01:23:15.922164,7.25,0.5857094016449547,3.968427786940795,0.0,1.3747497127347685e-06,0.0,0.0,6.873748563673302e-07,0.9999999999997637,0.0009464470816285957,0.004484507183504275,0.0,0.0,0.0,0.0001264926112520769
2026-08-24T01:23:15.949457,7.27,0.5857093421755428,3.9684273521155777,0.0,-3.473728867664505e-06,0.0,0.0,-1.7368644338313792e-06,0.9999999999984917,0.0009345532230509747,0.004440826756188076,0.0,0.0,0.0,0.00017607608648232494
2026-08-24T01:23:15.973665,7.28,0.5857046694031579,3.968383096088003,0.0,-4.738431869100168e-13,0.0,0.0,-2.369215934550084e-13,1.0,1.230418444130322e-09,0.004367322560584227,0.0,0.0,0.0,9.132195937076278e-05
2026-08-24T01:23:15.999208,7.31,0.5857092254684254,3.968426489399498,0.0,6.591280037770988e-06,0.0,0.0,3.295640018879527e-06,0.9999999999945693,0.0009112118462771545,0.004354165090753505,0.0,0.0,0.0,0.0002619846439248512
2026-08-24T01:23:16.023548,7.33,0.585709168212093,3.968426061555173,0.0,-6.160459378179439e-07,0.0,0.0,-3.080229689089671e-07,0.9999999999999526,0.0008997606027222054,0.00431118848646928,0.0,0.0,0.0,-6.826607338537894e-05
2026-08-24T01:23:16.044558,7.35,0.585709111675021,3.9684256360809265,0.0,2.3128159587493258e-06,0.0,0.0,1.1564079793744052e-06,0.9999999999993313,0.0008884532109135787,0.004268450780924005,0.0,0.0,0.0,-0.00026116086332110447
2026-08-24T01:23:16.071374,7.37,0.5857090558481841,3.968425212998187,0.0,-2.4341384090575957e-06,0.0,0.0,-1.2170692045284974e-06,0.9999999999992594,0.0008772878658735344,0.004225954106739909,0.0,0.0,0.0,-0.00017190030847177395
2026-08-24T01:23:16.096979,7.39,0.5857090007226705,3.968424792326146,0.0,1.3053385266026396e-06,0.0,0.0,6.526692633012734e-07,0.9999999999997871,0.0008662627851993242,0.0041837003727692,0.0,0.0,0.0,8.079513171457863e-05
2026-08-24T01:23:16.123842,7.41,0.5857089462896796,3.968424374084262,0.0,2.506406890923075e-07,0.0,0.0,1.253203445461534e-07,0.9999999999999921,0.0008553762087731748,0.004141691514372559,0.0,0.0,0.0,-6.269495922054373e-05
2026-08-24T01:23:16.147583,7.43,0.5857088925405206,3.9684239582896437,0.0,3.7923605127332402e-06,0.0,0.0,1.8961802563654834e-06,0.9999999999982022,0.0008446263984978306,0.004099929231871184,0.0,0.0,0.0,0.00029303715561351584
2026-08-24T01:23:16.170193,7.45,0.585708839466612,3.968423544959939,0.0,-2.50610193486267e-06,0.0,0.0,-1.253050967431007e-06,0.999999999999215,0.000834011638011504,0.004058415279349618,0.0,0.0,0.0,5.508100225380566e-05
2026-08-24T01:23:16.198564,7.46,0.5857046694028271,3.968383096085513,0.0,-5.413447468072263e-13,0.0,0.0,-2.7067237340361316e-13,1.0,1.0980463457232808e-09,0.003990453770582586,0.0,0.0,0.0,0.00024701231517882695
2026-08-24T01:23:16.222148,7.49,0.5857087353107541,3.9684227257562767,0.0,-1.0882937195866302e-06,0.0,0.0,-5.441468597932883e-07,0.999999999999852,0.0008131805080765199,0.003976138421824228,0.0,0.0,0.0,0.00040957003643197104
2026-08-24T01:23:16.246609,7.51,0.5857086842121727,3.9684223199125985,0.0,-1.2598332856939012e-06,0.0,0.0,-6.299166428469089e-07,0.9999999999998016,0.0008029608122075443,0.003935378522972932,0.0,0.0,0.0,8.093903468927433e-05
2026-08-24T01:23:16.275578,7.53,0.5857086337555745,3.968421916592458,0.0,-3.911668101874711e-06,0.0,0.0,-1.9558340509361082e-06,0.9999999999980873,0.0007928695127727428,0.0038948727731449176,0.0,0.0,0.0,-0.00015526740325052263
2026-08-24T01:23:16.297398,7.55,0.5857085839329018,3.9684215158086205,0.0,-1.957644411909598e-06,0.0,0.0,-9.788222059546428e-07,0.9999999999995209,0.0007829049981454732,0.003854622437628611,0.0,0.0,0.0,-7.190645173098443e-05
2026-08-24T01:23:16.323302,7.57,0.5857085347361971,3.968421117573736,0.0,-4.94433408881889e-07,0.0,0.0,-2.4721670444094203e-07,0.9999999999999695,0.0007730656768695653,0.0038146287706201636,0.0,0.0,0.0,9.582735233764882e-05
2026-08-24T01:23:16.348336,7.58,0.5857046694026264,3.968383096083926,0.0,1.3100631690576847e-13,0.0,0.0,6.550315845288424e-14,1.0,1.0178055748399224e-09,0.003750270151873011,0.0,0.0,0.0,0.0001572447281211327
2026-08-24T01:23:16.374031,7.61,0.5857084381893591,3.9684203287954167,0.0,-9.954826052371857e-07,0.0,0.0,-4.977413026185723e-07,0.9999999999998761,0.0007537563479239271,0.0037354158562978384,0.0,0.0,0.0,4.023139100918949e-05
2026-08-24T01:23:16.399156,7.63,0.5857083908238047,3.9684199382721395,0.0,-1.1531557606581089e-06,0.0,0.0,-5.765778803290225e-07,0.9999999999998338,0.0007442832559760081,0.0036961986020558916,0.0,0.0,0.0,-9.72712942656346e-05
2026-08-24T01:23:16.423817,7.65,0.5857083440533729,3.9684195503386017,0.0,-4.1375489407968774e-06,0.0,0.0,-2.0687744703969623e-06,0.99999999999786,0.0007349291883351928,0.0036572420498663834,0.0,0.0,0.0,-0.0001616663563069331
2026-08-24T01:23:16.449379,7.67,0.5857082978705925,3.968419165003191,0.0,3.042172775025165e-06,0.0,0.0,1.5210863875119958e-06,0.9999999999988431,0.0007256926507183991,0.0036185470273402956,0.0,0.0,0.0,-5.437141651925642e-05
2026-08-24T01:23:16.473549,7.69,0.5857082522680854,3.968418782274532,0.0,-5.620860347388401e-06,0.0,0.0,-2.8104301736905007e-06,0.9999999999960507,0.0007165721675539774,0.0035801143853453625,0.0,0.0,0.0,0.0004769012176777057
2026-08-24T01:23:16.499071,7.71,0.5857082072385664,3.968418402159063,0.0,7.017705301315402e-07,0.0,0.0,3.508852650657629e-07,0.9999999999999385,0.0007075662817597931,0.0035419447563076584,0.0,0.0,0.0,0.0005137536723357958
2026-08-24T01:23:16.522599,7.73,0.5857081627748411,3.9684180246639764,0.0,2.837138155520336e-07,0.0,0.0,1.418569077760163e-07,0.9999999999999899,0.0006986735545003494,0.003504038847996019,0.0,0.0,0.0,5.72254999299386e-06
2026-08-24T01:23:16.546542,7.75,0.5857081188698057,3.9684176497944317,0.0,-1.9687644345900424e-06,0.0,0.0,-9.843822172948621e-07,0.9999999999995155,0.0006898925649720829,0.003466397164777387,0.0,0.0,0.0,0.00019617000186936272
2026-08-24T01:23:16.570562,7.77,0.585708075516445,3.968417277556069,0.0,-2.8225490806832454e-06,0.0,0.0,-1.4112745403411543e-06,0.9999999999990041,0.0006812219101678865,0.0034290202592713306,0.0,0.0,0.0,-0.00018451613820098304
2026-08-24T01:23:16.593682,7.79,0.5857080327078319,3.9684169079533462,0.0,3.5420799409102703e-06,0.0,0.0,1.7710399704542091e-06,0.9999999999984317,0.0006726602046629994,0.0033919085656539,0.0,0.0,0.0,0.00012638476235991608
2026-08-24T01:23:16.620756,7.8,0.5857046694022958,3.968383096081173,0.0,1.3371526108585385e-12,0.0,0.0,6.685763054292693e-13,1.0,8.856129816807345e-10,0.003333919443710106,0.0,0.0,0.0,-6.775583513567389e-05
2026-08-24T01:23:16.646994,7.82,0.5857046694022681,3.9683830960809323,0.0,2.5623947408348613e-13,0.0,0.0,1.2811973704174306e-13,1.0,8.744823979725031e-10,0.0032976357786567156,0.0,0.0,0.0,0.00031973131512420805
2026-08-24T01:23:16.669114,7.85,0.5857079074825019,3.9684158150005713,0.0,-3.2179237479113007e-06,0.0,0.0,-1.6089618739549558e-06,0.9999999999987056,0.0006476151887889782,0.0032821687953727245,0.0,0.0,0.0,0.00014039353111948926
2026-08-24T01:23:16.694028,7.86,0.5857046694022134,3.9683830960804585,0.0,-5.018208071305708e-13,0.0,0.0,-2.509104035652854e-13,1.0,8.526390499732412e-10,0.0032258578487447238,0.0,0.0,0.0,-9.394592748049958e-05
2026-08-24T01:23:16.720751,7.9,0.4392785752652798,2.9762878065619867,0.0,-4.405364961712621e-13,0.0,0.0,-2.2026824808563106e-13,1.0,8.763622792435796e-10,-1.1585544612174958,0.0,0.0,0.0,7.955564879496902e-05
2026-08-24T01:23:16.742149,7.91,0.5857077869187344,3.9684147458853722,0.0,6.351499153289808e-07,0.0,0.0,3.1757495766448505e-07,0.9999999999999496,0.0006235024834725418,0.0031748271951458473,0.0,0.0,0.0,-0.0001849570131445504
2026-08-24T01:23:16.771606,7.93,0.5857077477365511,3.9684143948187356,0.0,-1.1744448489281467e-06,0.0,0.0,-5.872224244640396e-07,0.9999999999998276,0.0006156660625226575,0.0031395803196505516,0.0,0.0,0.0,1.0328177613450545e-05
2026-08-24T01:23:16.791119,7.95,0.5857077090467344,3.9684140464057363,0.0,-1.3187916660939436e-06,0.0,0.0,-6.59395833046924e-07,0.9999999999997826,0.0006079281146191758,0.0031046003625906566,0.0,0.0,0.0,1.5573060062514676e-05
2026-08-24T01:23:16.816210,7.97,0.5857076708430999,3.968413700646261,0.0,-3.5369878581548164e-08,0.0,0.0,-1.7684939290774082e-08,0.9999999999999999,0.0006002874030176626,0.0030698873009454607,0.0,0.0,0.0,0.00014443641954319205
2026-08-24T01:23:16.839953,7.99,0.5857076331195417,3.968413357539876,0.0,-2.0590907658935014e-06,0.0,0.0,-1.0295453829465686e-06,0.99999999999947,0.0005927427064803483,0.0030354410796494423,0.0,0.0,0.0,0.0001381826337126778
2026-08-24T01:23:16.863176,8.01,0.5857075958700302,3.9684130170852945,0.0,-2.7735878482815224e-08,0.0,0.0,-1.3867939241407612e-08,0.9999999999999999,0.0005852928190852284,0.0030012615582560944,0.0,0.0,0.0,0.00044999549463524256
2026-08-24T01:23:16.890214,8.03,0.5857075590886114,3.9684126792814047,0.0,-6.280055182550371e-07,0.0,0.0,-3.140027591275134e-07,0.9999999999999507,0.0005779365500300448,0.0029673486139245885,0.0,0.0,0.0,-6.056688469315911e-05
2026-08-24T01:23:16.910740,8.05,0.585707522769406,3.9684123441257104,0.0,-1.5193666458301888e-07,0.0,0.0,-7.596833229150938e-08,0.9999999999999971,0.0005706727234509936,0.002933701985469889,0.0,0.0,0.0,0.00014669366102350897
2026-08-24T01:23:16.938161,8.07,0.585707486906608,3.9684120116162815,0.0,-6.819733364693549e-07,0.0,0.0,-3.4098666823467076e-07,0.9999999999999418,0.0005635001782271648,0.0029003214678926374,0.0,0.0,0.0,0.0001388905383717988
2026-08-24T01:23:16.959919,8.09,0.585707451494485,3.968411681750173,0.0,-4.2074194306351837e-07,0.0,0.0,-2.1037097153175765e-07,0.9999999999999779,0.0005564177678037852,0.0028672067553001308,0.0,0.0,0.0,-0.00017102719550344956
2026-08-24T01:23:16.985053,8.1,0.5857046694019132,3.968383096077756,0.0,-5.897504706808832e-13,0.0,0.0,-2.948752353404416e-13,1.0,7.325698510784395e-10,0.0028173317602047093,0.0,0.0,0.0,6.907169760590108e-05
2026-08-24T01:23:17.011567,8.13,0.5857073819996914,3.968411029934982,0.0,2.9332522242242476e-06,0.0,0.0,1.466626112111598e-06,0.9999999999989245,0.0005425188368630104,0.002801773404589566,0.0,0.0,0.0,0.0003012481687107045
2026-08-24T01:23:17.035135,8.15,0.5857073479059111,3.968410707978463,0.0,1.8941699955199458e-06,0.0,0.0,9.470849977598311e-07,0.9999999999995515,0.0005357000944250475,0.002769453999643915,0.0,0.0,0.0,7.780579355449564e-05
2026-08-24T01:23:17.061386,8.16,0.5857046694018451,3.96838309607712,0.0,7.442935157087049e-13,0.0,0.0,3.7214675785435247e-13,1.0,7.052932734316163e-10,0.002721115752642785,0.0,0.0,0.0,-7.66675069339854e-05
2026-08-24T01:23:17.083031,8.19,0.5857072809983298,3.968410071945161,0.0,-1.0862155792601416e-06,0.0,0.0,-5.43107789630044e-07,0.9999999999998526,0.0005223186049509545,0.0027056074302944768,0.0,0.0,0.0,-0.00021121430359577232
2026-08-24T01:23:17.108936,8.21,0.5857072481738324,3.968409757858419,0.0,-1.9534735220538843e-06,0.0,0.0,-9.767367610267865e-07,0.9999999999995229,0.0005157537185756823,0.0026740792468219524,0.0,0.0,0.0,6.673287323831541e-05
2026-08-24T01:23:17.137666,8.23,0.585707215761844,3.968409446384779,0.0,-7.808839899148269e-07,0.0,0.0,-3.904419949574035e-07,0.9999999999999237,0.000509271333886881,0.0026428137651371784,0.0,0.0,0.0,-5.801448832233827e-05
2026-08-24T01:23:17.159545,8.25,0.5857071837571829,3.9684091375183788,0.0,-2.7767796981770236e-06,0.0,0.0,-1.3883898490880656e-06,0.9999999999990362,0.0005028704144735967,0.002611810387259545,0.0,0.0,0.0,0.00015168380433625846
2026-08-24T01:23:17.187130,8.27,0.5857071521547319,3.9684088312531216,0.0,-8.741129042810769e-07,0.0,0.0,-4.3705645214052453e-07,0.9999999999999045,0.0004965499369293475,0.0025810684921191503,0.0,0.0,0.0,-0.00021818156657362977
2026-08-24T01:23:17.207921,8.29,0.5857071209494384,3.9684085275824983,0.0,3.8967569215841985e-07,0.0,0.0,1.948378460792087e-07,0.999999999999981,0.0004903088906903912,0.0025505874174163033,0.0,0.0,0.0,-3.656015335397477e-05
2026-08-24T01:23:17.235197,8.31,0.5857070901363127,3.9684082264999874,0.0,-2.7522851691053063e-06,0.0,0.0,-1.3761425845522188e-06,0.9999999999990531,0.00048414627787329764,0.0025203664991986187,0.0,0.0,0.0,-0.00016777303568374212
2026-08-24T01:23:17.259696,8.33,0.5857070597104281,3.9684079279982147,0.0,-1.0387244850917907e-06,0.0,0.0,-5.193622425458721e-07,0.9999999999998651,0.00047806111312019014,0.002490404988918211,0.0,0.0,0.0,9.860088483534198e-05
2026-08-24T01:23:17.284329,8.35,0.5857070296669195,3.9684076320702215,0.0,6.264322913729359e-07,0.0,0.0,3.132161456864628e-07,0.9999999999999509,0.0004720524234362356,0.0024607021792488314,0.0,0.0,0.0,-0.0001429016515231415
2026-08-24T01:23:17.310493,8.37,0.5857070000009833,3.9684073387081606,0.0,-3.824762584425657e-06,0.0,0.0,-1.9123812922116625e-06,0.9999999999981714,0.0004661192480411039,0.002431257273930829,0.0,0.0,0.0,0.0001724462656529643
2026-08-24T01:23:17.335266,8.4,0.5857046694015967,3.968383096074728,0.0,-7.451816941284051e-13,0.0,0.0,-3.7259084706420253e-13,1.0,6.059708879488022e-10,0.0023595770964992546,0.0,0.0,0.0,-0.00014285097232830094
2026-08-24T01:23:17.359382,8.41,0.5857069417829123,3.968406759649898,0.0,-1.6414094052841224e-06,0.0,0.0,-8.20704702641969e-07,0.9999999999996633,0.0004544756571352219,0.0023731379374491023,0.0,0.0,0.0,4.254303899120716e-05
2026-08-24T01:23:17.383595,8.43,0.5857069132214684,3.968406473937188,0.0,1.5164617916951784e-07,0.0,0.0,7.582308958475885e-08,0.9999999999999971,0.00044876337975358304,0.002344461832999078,0.0,0.0,0.0,6.259932628961597e-05
2026-08-24T01:23:17.407816,8.45,0.5857068850189764,3.968406190757294,0.0,1.2035869980664415e-06,0.0,0.0,6.017934990331845e-07,0.9999999999998189,0.00044312289262335387,0.002316040276034192,0.0,0.0,0.0,-0.00013165422284122034
2026-08-24T01:23:17.432621,8.47,0.5857068571709263,3.9684059101011497,0.0,-4.1819732565784307e-07,0.0,0.0,-2.0909866282892e-07,0.9999999999999781,0.0004375532937673575,0.002287872349019723,0.0,0.0,0.0,0.0002688027012568728
2026-08-24T01:23:17.454359,8.49,0.5857068296728651,3.9684056319596968,0.0,1.3718904448012381e-06,0.0,0.0,6.859452224005653e-07,0.9999999999997647,0.00043205369253009437,0.0022599571347260376,0.0,0.0,0.0,4.612349771696739e-05
2026-08-24T01:23:17.482151,8.51,0.5857068025203954,3.968405356323403,0.0,-6.441298459058943e-07,0.0,0.0,-3.2206492295294153e-07,0.9999999999999482,0.00042662320943816,0.0022322936687838462,0.0,0.0,0.0,-0.0002370997118812561
2026-08-24T01:23:17.508169,8.53,0.5857067757091747,3.968405083182452,0.0,-2.1300916612787546e-06,0.0,0.0,-1.065045830639176e-06,0.9999999999994328,0.0004212609760593574,0.0022048809587567647,0.0,0.0,0.0,-4.3429229671691733e-05
2026-08-24T01:23:17.532078,8.55,0.585706749234916,3.968404812527186,0.0,4.152131287682438e-06,0.0,0.0,2.076065643839727e-06,0.999999999997845,0.00041596613486256646,0.0021777180273443632,0.0,0.0,0.0,0.00020224876942345537
2026-08-24T01:23:17.557110,8.57,0.5857067230933846,3.9684045443478237,0.0,-5.580009987404823e-07,0.0,0.0,-2.7900049937023747e-07,0.999999999999961,0.0004107378390822667,0.002150803885999142,0.0,0.0,0.0,6.227368890084211e-05
2026-08-24T01:23:17.581895,8.59,0.5857066972804004,3.968404278633533,0.0,3.537140569331854e-06,0.0,0.0,1.7685702846650048e-06,0.999999999998436,0.0004055752525882727,0.0021241374400985348,0.0,0.0,0.0,0.0002075514474851472
2026-08-24T01:23:17.607761,8.61,0.5857066717918353,3.9684040153742566,0.0,-4.984458663592762e-07,0.0,0.0,-2.4922293317963547e-07,0.9999999999999689,0.0004004775497439649,0.0020977176730780406,0.0,0.0,0.0,-0.0001190374927648545
2026-08-24T01:23:17.632020,8.63,0.5857066466236126,3.9684037545588553,0.0,-2.3636651924618948e-07,0.0,0.0,-1.1818325962309445e-07,0.999999999999993,0.0003954439152834464,0.002071543460258258,0.0,0.0,0.0,-0.00029071073663870887
2026-08-24T01:23:17.655809,8.65,0.5857066217717075,3.9684034961766836,0.0,-1.1646368407447485e-06,0.0,0.0,-5.823184203723412e-07,0.9999999999998305,0.0003904735441744127,0.002045613726202604,0.0,0.0,0.0,-3.106978691352434e-05
2026-08-24T01:23:17.681655,8.67,0.5857065972321449,3.9684032402168103,0.0,2.6950424731886358e-06,0.0,0.0,1.34752123659391e-06,0.9999999999990921,0.0003855656414934898,0.002019927367041466,0.0,0.0,0.0,0.00030476309873422527
2026-08-24T01:23:17.704700,8.69,0.5857065730010004,3.9684029866682087,0.0,-2.1391179383378756e-06,0.0,0.0,-1.0695589691687339e-06,0.999999999999428,0.00038071942229871646,0.0019944832693581877,0.0,0.0,0.0,2.5208236867714143e-05
2026-08-24T01:23:17.731756,8.72,5.857001302107235e-07,3.8759029599109524e-06,0.0,-5.254019441736091e-12,0.0,0.0,-2.6270097208680454e-12,1.0,-1.4803082866486975e-09,-4.64611642029496,0.0,0.0,0.0,0.00011107643799937653
2026-08-24T01:23:17.781897,8.75,0.5857065021195641,3.968402240373397,0.0,7.480564634398945e-07,0.0,0.0,3.740282317199385e-07,0.9999999999999301,0.00036654316334056253,0.0019195927750034402,0.0,0.0,0.0,0.00010817496306710996
2026-08-24T01:23:17.806281,8.77,0.5857064790838209,3.968401996353366,0.0,2.4971375913729332e-06,0.0,0.0,1.2485687956861422e-06,0.9999999999992205,0.0003619360239747647,0.0018951059655707403,0.0,0.0,0.0,-3.9652834199692334e-05
2026-08-24T01:23:17.830269,8.79,0.5857064563375997,3.968401754685914,0.0,1.2444902339758814e-06,0.0,0.0,6.222451169879005e-07,0.9999999999998064,0.0003573867887934445,0.001870855495331468,0.0,0.0,0.0,-1.0030185493472914e-05
2026-08-24T01:23:17.854616,8.81,0.5857064338772615,3.9684015153588725,0.0,2.287767193465129e-06,0.0,0.0,1.143883596732315e-06,0.9999999999993457,0.0003528947301733299,0.0018468401371623162,0.0,0.0,0.0,0.0004156064135394777
2026-08-24T01:23:17.880821,8.82,0.5857046694012433,3.968383096071112,0.0,1.7914558725351526e-12,0.0,0.0,8.957279362675763e-13,1.0,4.646147354212166e-10,0.0018133991385949127,0.0,0.0,0.0,1.6062732739972684e-05
2026-08-24T01:23:17.904681,8.85,0.5857063897999111,3.968401043677107,0.0,3.4547603133816557e-07,0.0,0.0,1.727380156690819e-07,0.9999999999999851,0.00034407927769811424,0.0017995098242654,0.0,0.0,0.0,0.00011283063067546415
2026-08-24T01:23:17.928466,8.86,0.5857046694012145,3.9683830960708044,0.0,4.11226608321158e-13,0.0,0.0,2.05613304160579e-13,1.0,4.530084583679945e-10,0.0017668529616023951,0.0,0.0,0.0,0.00024626619176520927
2026-08-24T01:23:17.950601,8.88,0.5857046694012001,3.968383096070652,0.0,5.417888360170764e-13,0.0,0.0,2.708944180085382e-13,1.0,4.4731449625429454e-10,0.001743922554421129,0.0,0.0,0.0,5.2082245881354814e-05
2026-08-24T01:23:17.976540,8.91,0.5857063257396544,3.96840035339703,0.0,-6.02548632722133e-06,0.0,0.0,-3.0127431636061075e-06,0.9999999999954617,0.0003312672519644254,0.0017302463871707988,0.0,0.0,0.0,-0.00017044134167841805
2026-08-24T01:23:18.000135,8.93,0.5857063049207349,3.9684001278506282,0.0,-4.1166858633090437e-07,0.0,0.0,-2.0583429316545075e-07,0.9999999999999788,0.0003271034764178354,0.0017076153032355176,0.0,0.0,0.0,6.025280716785366e-05
2026-08-24T01:23:18.021984,8.95,0.5857062843634798,3.968399904556585,0.0,8.677823482017288e-08,0.0,0.0,4.338911741008643e-08,0.9999999999999991,0.00032299203361951486,0.0016852104548103887,0.0,0.0,0.0,0.0002163333428273623
2026-08-24T01:23:18.048483,8.97,0.5857062640646008,3.968399683501678,0.0,8.978748748944556e-07,0.0,0.0,4.489374374472126e-07,0.9999999999998992,0.00031893226592314344,0.0016630305096422898,0.0,0.0,0.0,0.0004072073258040753
2026-08-24T01:23:18.072151,8.99,0.5857062440208508,3.968399464672786,0.0,-4.0089411945665185e-06,0.0,0.0,-2.0044705972819167e-06,0.999999999997991,0.000314923523942127,0.0016410741455456016,0.0,0.0,0.0,-0.0002592993849006998
2026-08-24T01:23:18.096268,9.0,0.5857046694011183,3.968383096069772,0.0,-1.8314239014216582e-12,0.0,0.0,-9.157119507108291e-13,1.0,4.146225116988094e-10,0.0016110573115040063,0.0,0.0,0.0,8.90922138892487e-05
2026-08-24T01:23:18.124153,9.03,0.5857062046859538,3.968399033639366,0.0,-4.3234108204615046e-07,0.0,0.0,-2.161705410230735e-07,0.9999999999999767,0.00030705656026623856,0.001597826753532189,0.0,0.0,0.0,-0.00024771862765032
2026-08-24T01:23:18.145143,9.05,0.5857061853885147,3.9683988214083787,0.0,-3.4112247204731716e-07,0.0,0.0,-1.7056123602365776e-07,0.9999999999999855,0.00030319708017436124,0.0015765330601034823,0.0,0.0,0.0,0.00023399520015110015
2026-08-24T01:23:18.170539,9.07,0.5857061663336196,3.968398611350069,0.0,8.803996980333296e-07,0.0,0.0,4.401998490166505e-07,0.9999999999999031,0.00029938610880502224,0.0015554575750686887,0.0,0.0,0.0,-0.00014903108931403728
2026-08-24T01:23:18.195010,9.09,0.5857061475182208,3.968398403450698,0.0,-1.5187725743714964e-06,0.0,0.0,-7.593862871856752e-07,0.9999999999997117,0.00029562303654726127,0.0015345989147328412,0.0,0.0,0.0,-4.648790720982342e-05
2026-08-24T01:23:18.220168,9.11,0.5857061289393082,3.9683981976966938,0.0,1.8349675570128454e-06,0.0,0.0,9.17483778506294e-07,0.9999999999995791,0.0002919072614470157,0.0015139557126199578,0.0,0.0,0.0,-0.0003328968523210059
2026-08-24T01:23:18.245798,9.12,0.5857046694010426,3.9683830960689446,0.0,-4.1255887595070817e-13,0.0,0.0,-2.0627943797535409e-13,1.0,3.843196969026815e-10,0.0014860745018612273,0.0,0.0,0.0,0.00018297874335794557
2026-08-24T01:23:18.267817,9.15,0.5857060924790911,3.9683977925702614,0.0,1.7470992195178787e-06,0.0,0.0,8.73549609758828e-07,0.9999999999996184,0.00028461523261744803,0.00147331019196118,0.0,0.0,0.0,1.7147865092979745e-05
2026-08-24T01:23:18.294607,9.17,0.5857060745919543,3.968397593170337,0.0,-1.3351205767619945e-06,0.0,0.0,-6.675602883809477e-07,0.9999999999997772,0.0002810378124116265,0.0014533051051244625,0.0,0.0,0.0,-0.0002482436676484285
2026-08-24T01:23:18.318039,9.19,0.585706056929638,3.968397395860666,0.0,-1.6217997118594953e-06,0.0,0.0,-8.108998559296587e-07,0.9999999999996713,0.00027750535622471633,0.001433509927378854,0.0,0.0,0.0,1.9143722715211383e-05
2026-08-24T01:23:18.342380,9.21,0.585706039489317,3.9683972006275736,0.0,-2.1542923267503507e-06,0.0,0.0,-1.0771461633749672e-06,0.9999999999994199,0.00027401729897443764,0.0014139232819114621,0.0,0.0,0.0,0.0002113442279557014
2026-08-24T01:23:18.370704,9.23,0.585706022268201,3.968397007457108,0.0,-8.647579252674121e-07,0.0,0.0,-4.3237896263369256e-07,0.9999999999999065,0.0002705730826789036,0.0013945437644171943,0.0,0.0,0.0,-0.00011487848148596886
2026-08-24T01:23:18.393291,9.25,0.5857060052635353,3.968396816335224,0.0,9.198278938526985e-08,0.0,0.0,4.59913946926349e-08,0.9999999999999989,0.00026717215636649206,0.001375369961098085,0.0,0.0,0.0,-0.00014395523843031854
2026-08-24T01:23:18.418266,9.27,0.5857059884725999,3.9683966272479823,0.0,7.376688624383123e-07,0.0,0.0,3.688344312191477e-07,0.9999999999999319,0.0002638139759871127,0.001356400469056218,0.0,0.0,0.0,-4.2403727574089254e-05
2026-08-24T01:23:18.441969,9.29,0.5857059718927085,3.9683964401813694,0.0,-1.5744704251474675e-07,0.0,0.0,-7.872352125737328e-08,0.9999999999999969,0.00026049800432608383,0.0013376338779153198,0.0,0.0,0.0,0.00010381530582372967
2026-08-24T01:23:18.469542,9.31,0.5857059555212087,3.968396255121292,0.0,-1.488704583163525e-06,0.0,0.0,-7.443522915816937e-07,0.999999999999723,0.00025722371091843474,0.0013190687693795315,0.0,0.0,0.0,0.0003257740559936605
2026-08-24T01:23:18.493458,9.33,0.5857059393554815,3.968396072053663,0.0,2.9345425156535043e-07,0.0,0.0,1.467271257826747e-07,0.9999999999999892,0.0002539905719636996,0.001300703725851058,0.0,0.0,0.0,-7.74475040958537e-05
2026-08-24T01:23:18.515154,9.35,0.585705923392941,3.9683958909642936,0.0,-1.6604733050762377e-06,0.0,0.0,-8.302366525380234e-07,0.9999999999996554,0.000250798070242915,0.001282537319617357,0.0,0.0,0.0,3.3774048868518314e-05
2026-08-24T01:23:18.545077,9.37,0.5857059076310335,3.968395711839078,0.0,2.7978780803294967e-07,0.0,0.0,1.3989390401647438e-07,0.9999999999999902,0.00024764569503511394,0.0012645681313152404,0.0,0.0,0.0,0.00028011581256430376
2026-08-24T01:23:18.565081,9.39,0.5857058920672374,3.968395534663975,0.0,5.303485210994553e-07,0.0,0.0,2.6517426054972447e-07,0.9999999999999648,0.0002445329420357054,0.0012467947480972485,0.0,0.0,0.0,-1.738080364647522e-05
2026-08-24T01:23:18.589002,9.41,0.5857058766990628,3.9683953594246555,0.0,1.6574002303926248e-06,0.0,0.0,8.287001151962176e-07,0.9999999999996566,0.0002414593132777922,0.0012292157283487247,0.0,0.0,0.0,6.380841141336331e-05
2026-08-24T01:23:18.614607,9.43,0.5857058615240514,3.9683951861070357,0.0,-1.0725220418450476e-06,0.0,0.0,-5.362610209224981e-07,0.9999999999998562,0.00023842431705001595,0.0012118296552459432,0.0,0.0,0.0,0.00027801792172428477
2026-08-24T01:23:18.638088,9.45,0.5857058465397751,3.968395014696867,0.0,-1.1079836301775003e-06,0.0,0.0,-5.539918150887218e-07,0.9999999999998466,0.000235427467819896,0.001194635095417697,0.0,0.0,0.0,0.0004668206063412045
2026-08-24T01:23:18.661723,9.46,0.5857046694008566,3.968383096066866,0.0,9.907630271754897e-13,0.0,0.0,4.953815135877448e-13,1.0,3.0995941301277076e-10,0.0011721920017109236,0.0,0.0,0.0,-1.7019830214690307e-05
2026-08-24T01:23:18.687610,9.49,0.5857058171338707,3.9683946775420393,0.0,-7.498095597746612e-07,0.0,0.0,-3.7490477988732183e-07,0.9999999999999297,0.00022954629864880275,0.001160814797115906,0.0,0.0,0.0,-0.0001414953463805818
2026-08-24T01:23:18.710815,9.51,0.5857058027075376,3.9683945117689747,0.0,4.334015070384112e-06,0.0,0.0,2.1670075351903597e-06,0.999999999997652,0.00022666103784023351,0.0011441862014359226,0.0,0.0,0.0,4.9507255296524276e-05
2026-08-24T01:23:18.737265,9.52,0.5857046694008279,3.9683830960665363,0.0,1.3438139490062895e-12,0.0,0.0,6.719069745031447e-13,1.0,2.984176845550889e-10,0.0011226126134622559,0.0,0.0,0.0,-3.922441847307689e-05
2026-08-24T01:23:18.761108,9.55,0.5857057743965706,3.9683941857607175,0.0,-3.319387409383978e-07,0.0,0.0,-1.6596937046919814e-07,0.9999999999999862,0.0002209988557731889,0.0011114849930610013,0.0,0.0,0.0,-0.00014119214599724484
2026-08-24T01:23:18.787825,9.57,0.5857057605074074,3.968394025497025,0.0,-7.06091126012609e-07,0.0,0.0,-3.5304556300629716e-07,0.9999999999999377,0.00021822102867055665,0.0010954095140059744,0.0,0.0,0.0,2.364065120918198e-05
2026-08-24T01:23:18.810496,9.59,0.5857057467928188,3.9683938670414314,0.0,2.2683456353256304e-06,0.0,0.0,1.134172817662572e-06,0.9999999999993568,0.00021547811643177295,0.001079515554974334,0.0,0.0,0.0,-0.00015263455918366434
2026-08-24T01:23:18.835099,9.61,0.5857057332506107,3.968393710379758,0.0,-1.3218704446593679e-06,0.0,0.0,-6.609352223296358e-07,0.9999999999997816,0.0002127696802375435,0.001063801690291034,0.0,0.0,0.0,-0.00021544734023903184
2026-08-24T01:23:18.859551,9.63,0.5857057198786167,3.9683935554977423,0.0,-1.9047941313132808e-06,0.0,0.0,-9.523970656564965e-07,0.9999999999995465,0.00021009528678308216,0.001048266485556073,0.0,0.0,0.0,-0.0002031659113055031
2026-08-24T01:23:18.884203,9.65,0.5857057066746975,3.9683934023813103,0.0,-3.11106303341191e-06,0.0,0.0,-1.5555315167053275e-06,0.9999999999987902,0.00020745450820768054,0.0010329085255934248,0.0,0.0,0.0,-7.368975066028872e-05
2026-08-24T01:23:18.911856,9.67,0.5857056936367403,3.9683932510163444,0.0,3.700472895662444e-06,0.0,0.0,1.850236447830166e-06,0.9999999999982883,0.00020484692202727735,0.0010177263907798337,0.0,0.0,0.0,3.541431248200018e-05
2026-08-24T01:23:18.932725,9.69,0.5857056807626598,3.968393101388877,0.0,1.9830944704146702e-06,0.0,0.0,9.915472352071727e-07,0.9999999999995084,0.0002022721110662428,0.0010027186766239382,0.0,0.0,0.0,0.00013896845508480074
2026-08-24T01:23:18.957306,9.71,0.585705668050396,3.968392953484664,0.0,1.7871977484595904e-06,0.0,0.0,8.935988742296762e-07,0.9999999999996008,0.0001997296633924963,0.0009878839507840918,0.0,0.0,0.0,-4.9872897884249115e-05
2026-08-24T01:23:18.983935,9.73,0.5857056554979153,3.968392807289614,0.0,-2.8586806259944812e-06,0.0,0.0,-1.4293403129967538e-06,0.9999999999989785,0.00019721917224981895,0.0009732207968903064,0.0,0.0,0.0,-4.968676190273297e-05
2026-08-24T01:23:19.006762,9.75,0.5857056431032092,3.968392662789649,0.0,-4.253354512151476e-06,0.0,0.0,-2.1266772560741344e-06,0.9999999999977386,0.00019474023599343445,0.0009587277992945156,0.0,0.0,0.0,-0.00011799647540057013
2026-08-24T01:23:19.029315,9.76,0.5857046694007229,3.96838309606533,0.0,-1.5072387782311125e-12,0.0,0.0,-7.536193891155563e-13,1.0,2.5639136023832897e-10,0.0009403775412666285,0.0,0.0,0.0,4.698191193294401e-05
2026-08-24T01:23:19.053947,9.8,0.4392785752631002,2.9762878065354488,0.0,1.0063061495202419e-12,0.0,0.0,5.031530747601209e-13,1.0,4.329759253844614e-12,-1.1612264325964659,0.0,0.0,0.0,0.00023173964738442695
2026-08-24T01:23:19.076105,9.81,0.5857056068460338,3.9683922393208717,0.0,-1.981349300184121e-06,0.0,0.0,-9.906746500918985e-07,0.9999999999995093,0.00018748881541864862,0.0009162557303514412,0.0,0.0,0.0,0.00030717333969423465
2026-08-24T01:23:19.099943,9.82,0.5857046694006989,3.968383096065053,0.0,3.05089287166993e-13,0.0,0.0,1.525446435834965e-13,1.0,2.4684426035358146e-10,0.0008986500158938397,0.0,0.0,0.0,0.0002608765926436623
2026-08-24T01:23:19.126007,9.85,0.5857055834277608,3.9683919652282356,0.0,-1.187573866801017e-06,0.0,0.0,-5.937869334004736e-07,0.9999999999998237,0.00018280517020318225,0.0008887661090146157,0.0,0.0,0.0,-0.00022759074444015696
2026-08-24T01:23:19.152312,9.86,0.5857046694006836,3.968383096064874,0.0,-9.601208716958354e-13,0.0,0.0,-4.800604358479177e-13,1.0,2.406778771985773e-10,0.0008716436248306075,0.0,0.0,0.0,-0.0004483311262109131
2026-08-24T01:23:19.172854,9.89,0.5857055605944891,3.968391697581869,0.0,2.3718113029147503e-07,0.0,0.0,1.1859056514573724e-07,0.999999999999993,0.00017823852493257015,0.0008619235294842351,0.0,0.0,0.0,0.0002814972497369996
2026-08-24T01:23:19.196465,9.91,0.5857055493926474,3.968391566141676,0.0,3.67117924504612e-07,0.0,0.0,1.8355896225230491e-07,0.9999999999999831,0.000175998161095707,0.0008487414265243553,0.0,0.0,0.0,-0.00017425682465018553
2026-08-24T01:23:19.222403,9.93,0.5857055383316048,3.9683914362716943,0.0,-2.701298924989715e-06,0.0,0.0,-1.3506494624944467e-06,0.9999999999990878,0.00017378595702217486,0.0008357169270343199,0.0,0.0,0.0,0.0002137793870857088
2026-08-24T01:23:19.244785,9.95,0.5857055274095917,3.968391307958321,0.0,-1.7387012203329282e-06,0.0,0.0,-8.693506101663544e-07,0.9999999999996221,0.00017160155877945544,0.0008228486639093979,0.0,0.0,0.0,-0.00015625360069851702
2026-08-24T01:23:19.274400,9.96,0.5857046694006467,3.9683830960644446,0.0,-9.14823772291129e-13,0.0,0.0,-4.574118861455645e-13,1.0,2.2592741193227282e-10,0.0008068894227051237,0.0,0.0,0.0,-0.0002546581065017579
2026-08-24T01:23:19.295914,9.99,0.5857055059756863,3.9683910559467774,0.0,-8.197427492362408e-08,0.0,0.0,-4.0987137461812027e-08,0.9999999999999991,0.00016731478624156592,0.000797575356868381,0.0,0.0,0.0,-2.4893278387868412e-05
2026-08-24T01:23:19.317998,10.01,0.5857054954603643,3.968390932221539,0.0,-2.922291207241301e-06,0.0,0.0,-1.4611456036201306e-06,0.9999999999989325,0.0001652117260983044,0.0007851675923318059,0.0,0.0,0.0,-0.00014503018145047976
2026-08-24T01:23:19.345099,10.03,0.5857054850772131,3.9683908099985525,0.0,2.457607125805339e-06,0.0,0.0,1.2288035629023603e-06,0.999999999999245,0.00016313509998093585,0.0007729106012939632,0.0,0.0,0.0,-0.00023781844464955106
2026-08-24T01:23:19.367541,10.05,0.5857054748245709,3.968390689264492,0.0,3.3514822743718757e-06,0.0,0.0,1.6757411371851533e-06,0.9999999999985959,0.0001610845756443777,0.0007608030444703459,0.0,0.0,0.0,-0.0001562117863441072
2026-08-24T01:23:19.396748,10.07,0.5857054647007975,3.968390570005916,0.0,2.0851903492768997e-07,0.0,0.0,1.042595174638448e-07,0.9999999999999946,0.00015905982501968166,0.0007488435710186258,0.0,0.0,0.0,0.00010415776553327968
2026-08-24T01:23:19.416756,10.09,0.5857054547042733,3.968390452209442,0.0,-6.544207340475339e-07,0.0,0.0,-3.272103670237611e-07,0.9999999999999465,0.00015706052416085252,0.0007370308362351647,0.0,0.0,0.0,0.00014280493573888455
2026-08-24T01:23:19.440839,10.11,0.5857054448333986,3.968390335861776,0.0,2.3894940772706268e-06,0.0,0.0,1.194747038635029e-06,0.9999999999992862,0.00015508635319293708,0.0007253635041663412,0.0,0.0,0.0,-0.00020088982302037418
2026-08-24T01:23:19.468042,10.13,0.5857054350865945,3.9683902209496775,0.0,-1.3473841145028587e-06,0.0,0.0,-6.736920572513784e-07,0.9999999999997731,0.00015313699626101174,0.000713840244339154,0.0,0.0,0.0,4.92544447420554e-06
2026-08-24T01:23:19.493857,10.15,0.5857054254623013,3.9683901074599417,0.0,3.1245205711627486e-06,0.0,0.0,1.5622602855807384e-06,0.9999999999987796,0.0001512121414797677,0.0007024597299595985,0.0,0.0,0.0,0.00014407743891753792
2026-08-24T01:23:19.516744,10.17,0.5857054159589794,3.96838999537954,0.0,1.3172503199321286e-06,0.0,0.0,6.586251599660165e-07,0.9999999999997831,0.0001493114808830223,0.0006912206518185342,0.0,0.0,0.0,-7.050782330571045e-05
2026-08-24T01:23:19.538476,10.19,0.5857054065751081,3.9683898846952657,0.0,3.0197110980623174e-06,0.0,0.0,1.5098555490305846e-06,0.9999999999988601,0.0001474347103760442,0.0006801216830371676,0.0,0.0,0.0,0.00019988801804051825
2026-08-24T01:23:19.564222,10.21,0.585705397309186,3.968389775394215,0.0,2.3417717103235707e-06,0.0,0.0,1.1708858551615177e-06,0.9999999999993145,0.00014558152968483358,0.0006691615269718018,0.0,0.0,0.0,-0.00011316815540319733
2026-08-24T01:23:19.588438,10.23,0.5857053881597308,3.9683896674633217,0.0,2.3594906539692317e-06,0.0,0.0,1.1797453269843423e-06,0.9999999999993041,0.0001437516423100282,0.0006583388710634651,0.0,0.0,0.0,9.750921069662737e-05
2026-08-24T01:23:19.613762,10.25,0.5857053791252786,3.9683895608897695,0.0,8.730089677833064e-07,0.0,0.0,4.365044838916393e-07,0.9999999999999047,0.0001419447554779406,0.0006476524273245448,0.0,0.0,0.0,-0.00021202119024403443
2026-08-24T01:23:19.636506,10.26,0.585704669400549,3.968383096063304,0.0,-3.4416913763379853e-13,0.0,0.0,-1.7208456881689926e-13,1.0,1.868817932835486e-10,0.0006348185688513928,0.0,0.0,0.0,0.00014518505389572638
2026-08-24T01:23:19.660558,10.29,0.5857053613956194,3.9683893517632325,0.0,-9.501652962207174e-07,0.0,0.0,-4.750826481103408e-07,0.9999999999998872,0.00013839883070036705,0.0006266830072055667,0.0,0.0,0.0,-1.7514476185393466e-05
2026-08-24T01:23:19.684602,10.31,0.5857053526975755,3.9683892491847987,0.0,-1.630947661368509e-07,0.0,0.0,-8.154738306842537e-08,0.9999999999999967,0.00013665922542120725,0.0006163974739712731,0.0,0.0,0.0,9.870127732490974e-05
2026-08-24T01:23:19.710718,10.33,0.5857053441088609,3.9683891479127325,0.0,-1.6106584954655998e-07,0.0,0.0,-8.053292477327991e-08,0.9999999999999968,0.00013494148592701436,0.0006062430321002128,0.0,0.0,0.0,0.00010533075599337696
2026-08-24T01:23:19.733303,10.35,0.5857053356281011,3.968389047934429,0.0,1.5774113659716706e-06,0.0,0.0,7.887056829857535e-07,0.999999999999689,0.00013324533738561,0.0005962184150954469,0.0,0.0,0.0,-6.112637222426353e-05
2026-08-24T01:23:19.759546,10.37,0.5857053272539396,3.9683889492373683,0.0,-9.55309643391189e-07,0.0,0.0,-4.776548216955763e-07,0.9999999999998859,0.0001315705084187582,0.0005863223653486678,0.0,0.0,0.0,0.0001062903649907434
2026-08-24T01:23:19.781062,10.39,0.5857053189850364,3.9683888518090873,0.0,2.8481872105246003e-07,0.0,0.0,1.424093605262295e-07,0.9999999999999899,0.00012991673105906498,0.0005765536307543412,0.0,0.0,0.0,-1.0597981956822516e-05
2026-08-24T01:23:19.806452,10.41,0.5857053108200682,3.968388755637209,0.0,-2.0094172423767986e-06,0.0,0.0,-1.0047086211882303e-06,0.9999999999994953,0.000128283740706827,0.0005669109681052599,0.0,0.0,0.0,1.896230194838852e-05
2026-08-24T01:23:19.831177,10.42,0.5857046694005041,3.9683830960627784,0.0,-5.03597163969971e-13,0.0,0.0,-2.517985819849855e-13,1.0,1.6889597078457302e-10,0.0005555361848186259,0.0,0.0,0.0,-6.832390185380575e-05
2026-08-24T01:23:19.854323,10.45,0.5857052947967288,3.9683885670133896,0.0,-4.208160058638555e-06,0.0,0.0,-2.104080029317725e-06,0.9999999999977864,0.00012507907921234166,0.0005479989092646814,0.0,0.0,0.0,-3.723436466600077e-05
2026-08-24T01:23:19.879247,10.47,0.5857052869357937,3.968388474537017,0.0,-1.707650870041988e-06,0.0,0.0,-8.538254350208902e-07,0.9999999999996355,0.00012350689533185806,0.0005387270588031068,0.0,0.0,0.0,-0.00018857109235123653
2026-08-24T01:23:19.902711,10.49,0.5857052791736659,3.968388383268184,0.0,-6.879235008305784e-07,0.0,0.0,-3.439617504152824e-07,0.9999999999999408,0.00012195447290034764,0.0005295763721715529,0.0,0.0,0.0,-0.00010350465544117348
2026-08-24T01:23:19.924321,10.51,0.5857052715091037,3.968388293194856,0.0,-2.3411881322488176e-07,0.0,0.0,-1.1705940661244059e-07,0.9999999999999931,0.00012042156353314446,0.0005205456402490133,0.0,0.0,0.0,1.8365342826115096e-05
2026-08-24T01:23:19.950146,10.52,0.5857046694004782,3.968383096062476,0.0,-1.199040866595169e-14,0.0,0.0,-5.995204332975845e-15,1.0,1.585447752556072e-10,0.0005100148552470428,0.0,0.0,0.0,-0.00029730425283676614
2026-08-24T01:23:19.973968,10.55,0.5857052564677862,3.968388116586819,0.0,-1.6956056283490284e-06,0.0,0.0,-8.478028141744127e-07,0.9999999999996406,0.00011741330602306272,0.0005028392302236406,0.0,0.0,0.0,1.1846235456075652e-05
2026-08-24T01:23:19.999422,10.57,0.5857052490886241,3.968388030028362,0.0,-2.3445054875281815e-07,0.0,0.0,-1.172252743764088e-07,0.9999999999999931,0.00011593747656347814,0.0004941611667537638,0.0,0.0,0.0,3.5583505141420224e-06
2026-08-24T01:23:20.022686,10.59,0.5857052418022141,3.9683879446179167,0.0,6.18809268271292e-07,0.0,0.0,3.094046341356411e-07,0.9999999999999521,0.00011448019745771128,0.00048559828800596604,0.0,0.0,0.0,-0.00018358811011727304
2026-08-24T01:23:20.045609,10.61,0.5857052346073901,3.9683878603437663,0.0,-3.796254258947584e-06,0.0,0.0,-1.8981271294726524e-06,0.9999999999981986,0.00011304123554279774,0.00047714941708384035,0.0,0.0,0.0,-0.0002754134713316064
2026-08-24T01:23:20.070523,10.63,0.585705227503001,3.968387777194246,0.0,-1.780819498087283e-06,0.0,0.0,-8.904097490435237e-07,0.9999999999996035,0.00011162036058628557,0.0004688133825475178,0.0,0.0,0.0,0.00014397249871963796
2026-08-24T01:23:20.095672,10.65,0.5857052204879103,3.968387695157924,0.0,1.1517145410699925e-06,0.0,0.0,5.758572705349644e-07,0.9999999999998342,0.00011021734524877452,0.0004605890361110227,0.0,0.0,0.0,0.00025712269960688277
2026-08-24T01:23:20.119495,10.67,0.5857052135609954,3.9683876142233,0.0,-1.0009566335789088e-06,0.0,0.0,-5.004783167894336e-07,0.9999999999998748,0.0001088319650488119,0.00045247522287787944,0.0,0.0,0.0,-0.00014575375555650748
2026-08-24T01:23:20.144826,10.69,0.5857052067211481,3.968387534378871,0.0,-2.9040612661290766e-06,0.0,0.0,-1.452030633064028e-06,0.9999999999989458,0.00010746399832657282,0.0004444707876305037,0.0,0.0,0.0,-0.0004342583381452433
2026-08-24T01:23:20.170199,10.71,0.585705199967274,3.9683874556133216,0.0,-5.009207018069618e-07,0.0,0.0,-2.5046035090347825e-07,0.9999999999999686,0.00010611322620774324,0.0004365745941148329,0.0,0.0,0.0,-0.00030411958223655573
2026-08-24T01:23:20.195277,10.73,0.5857051932982925,3.968387377915479,0.0,2.9744154956823365e-06,0.0,0.0,1.48720774784062e-06,0.9999999999988941,0.00010477943256871229,0.0004287855200664657,0.0,0.0,0.0,-7.17042205020711e-05
2026-08-24T01:23:20.219454,10.75,0.5857051867131364,3.9683873012741775,0.0,2.864427099069644e-06,0.0,0.0,1.4322135495343325e-06,0.9999999999989744,0.00010346240400255875,0.00042110244431128424,0.0,0.0,0.0,0.0001855621137920268
2026-08-24T01:23:20.244732,10.77,0.5857051802107524,3.968387225678275,0.0,2.0054976657135626e-07,0.0,0.0,1.0027488328567796e-07,0.999999999999995,0.0001021619297846783,0.00041352424807118644,0.0,0.0,0.0,-0.00012258815875584313
2026-08-24T01:23:20.268087,10.79,0.5857051737900998,3.9683871511166653,0.0,6.654821982365889e-07,0.0,0.0,3.3274109911828827e-07,0.9999999999999446,0.00010087780183921898,0.0004060498158450094,0.0,0.0,0.0,0.0003221509225623524
2026-08-24T01:23:20.290946,10.81,0.5857051674501514,3.9683870775784853,0.0,-3.885888894217261e-06,0.0,0.0,-1.9429444471074076e-06,0.9999999999981125,9.960981470490746e-05,0.00039867805683403934,0.0,0.0,0.0,-6.174331968241385e-05
2026-08-24T01:23:20.317858,10.83,0.5857051611898927,3.9683870050527306,0.0,4.153969402675983e-06,0.0,0.0,2.0769847013364983e-06,0.9999999999978431,9.835776550367588e-05,0.00039140786619753934,0.0,0.0,0.0,-0.00019174981791653638
2026-08-24T01:23:20.338585,10.85,0.5857051550083225,3.9683869335287287,0.0,1.7543492707439159e-06,0.0,0.0,8.771746353718454e-07,0.9999999999996153,9.712145390642824e-05,0.00038423817197036304,0.0,0.0,0.0,0.00015983567331424986
2026-08-24T01:23:20.362857,10.870000000000001,0.5857051489044512,3.968386862995693,0.0,7.348002935003707e-07,0.0,0.0,3.6740014675017703e-07,0.9999999999999325,9.59006821026327e-05,0.00037716789120990744,0.0,0.0,0.0,5.1876431994517946e-05
2026-08-24T01:23:20.386015,10.89,0.5857051428773028,3.968386793442937,0.0,2.3005097733452833e-06,0.0,0.0,1.1502548866723877e-06,0.9999999999993384,9.469525476796123e-05,0.00037019595088125343,0.0,0.0,0.0,-6.168672552164301e-05
2026-08-24T01:23:20.412372,10.91,0.585705136925912,3.9683867248599003,0.0,1.070029813199369e-06,0.0,0.0,5.35014906599659e-07,0.9999999999998569,9.350497903282462e-05,0.00036332129049079505,0.0,0.0,0.0,1.5569821373194082e-05
2026-08-24T01:23:20.440178,10.93,0.5857051310493273,3.9683866572360667,0.0,-7.334918517010183e-07,0.0,0.0,-3.667459258505008e-07,0.9999999999999327,9.232966445193498e-05,0.0003565428541962207,0.0,0.0,0.0,0.00014919668452705091
2026-08-24T01:23:20.464247,10.95,0.5857051252466083,3.968386590561005,0.0,-4.2019449164598655e-07,0.0,0.0,-2.1009724582299174e-07,0.9999999999999779,9.116912297360671e-05,0.00034985959452894897,0.0,0.0,0.0,2.0544118465864612e-07
2026-08-24T01:23:20.490286,10.96,0.585704669400382,3.9683830960613653,0.0,-1.141309269314661e-13,0.0,0.0,-5.706546346573305e-14,1.0,1.2003155706309016e-10,0.0003424821261912567,0.0,0.0,0.0,-0.00013084472846782818
2026-08-24T01:23:20.513070,10.99,0.5857051138590654,3.968386460015817,0.0,2.0563507572290977e-06,0.0,0.0,1.0281753786143676e-06,0.9999999999994714,8.889161890648413e-05,0.00033677445064956104,0.0,0.0,0.0,0.0002443632192034456
2026-08-24T01:23:20.537711,11.01,0.5857051082724191,3.9683863961252737,0.0,-2.4756013599080973e-06,0.0,0.0,-1.2378006799537325e-06,0.999999999999234,8.777429191366935e-05,0.00033037051640154926,0.0,0.0,0.0,6.287803151560245e-05
2026-08-24T01:23:20.563600,11.03,0.5857051027559943,3.9683863331424845,0.0,-7.192597291094672e-07,0.0,0.0,-3.5962986455472583e-07,0.9999999999999354,8.667100915773934e-05,0.00032405764050148734,0.0,0.0,0.0,0.00020486910151630995
2026-08-24T01:23:20.583845,11.05,0.5857050973089082,3.9683862710574718,0.0,3.7271094686097683e-06,0.0,0.0,1.8635547343038055e-06,0.9999999999982636,8.558159411143302e-05,0.00031783482110750156,0.0,0.0,0.0,0.0001974181904339867
2026-08-24T01:23:20.610941,11.06,0.5857046694003634,3.968383096061156,0.0,1.5858425683745736e-12,0.0,0.0,7.929212841872868e-13,1.0,1.1267511345406731e-10,0.0003110587642003473,0.0,0.0,0.0,6.515260425222642e-05
2026-08-24T01:23:20.634273,11.09,0.5857050866192767,3.968386149540896,0.0,-7.39174867092629e-07,0.0,0.0,-3.695874335463061e-07,0.9999999999999317,8.344367210567805e-05,0.000305655348378663,0.0,0.0,0.0,0.00017474229841639007
2026-08-24T01:23:20.657712,11.11,0.5857050813750211,3.9683860900895707,0.0,-4.4861842676269265e-06,0.0,0.0,-2.2430921338115816e-06,0.9999999999974842,8.23948230749127e-05,0.00029969671101842584,0.0,0.0,0.0,0.0001109034517847005
2026-08-24T01:23:20.682375,11.13,0.5857050761966832,3.9683860314965123,0.0,-1.7886337326800117e-06,0.0,0.0,-8.943168663398866e-07,0.9999999999996001,8.135915755639747e-05,0.0002938241634580885,0.0,0.0,0.0,9.38925031536658e-06
2026-08-24T01:23:20.705377,11.15,0.5857050710834344,3.9683859737520883,0.0,1.5315736332510708e-06,0.0,0.0,7.657868166254606e-07,0.9999999999997068,8.033650984134687e-05,0.0002880367390036686,0.0,0.0,0.0,4.4023823232816926e-05
2026-08-24T01:23:20.729148,11.17,0.5857050660344566,3.968385916846717,0.0,3.9489492609234855e-07,0.0,0.0,1.9744746304617295e-07,0.9999999999999805,7.932671630396107e-05,0.00028233347544287746,0.0,0.0,0.0,4.750957747604648e-05
2026-08-24T01:23:20.751190,11.19,0.585705061048942,3.9683858607708404,0.0,-5.211777174274346e-07,0.0,0.0,-2.605888587137143e-07,0.999999999999966,7.832961537516217e-05,0.00027671341335892775,0.0,0.0,0.0,2.783446103842905e-05
2026-08-24T01:23:20.773146,11.21,0.5857050561260929,3.968385805515011,0.0,-1.5974421279096873e-06,0.0,0.0,-7.987210639547587e-07,0.999999999999681,7.734504751653293e-05,0.0002711756044179032,0.0,0.0,0.0,0.0001573289232095741
2026-08-24T01:23:20.800380,11.23,0.5857050512651216,3.968385751069869,0.0,1.0256247304774035e-06,0.0,0.0,5.128123652386793e-07,0.9999999999998685,7.637285519489157e-05,0.0002657191087904276,0.0,0.0,0.0,4.433894839869656e-05
2026-08-24T01:23:20.822748,11.25,0.5857050464652502,3.968385697426126,0.0,1.3051780491935008e-06,0.0,0.0,6.52589024596704e-07,0.9999999999997871,7.54128828571034e-05,0.00026034299414576245,0.0,0.0,0.0,6.170690322299897e-05
2026-08-24T01:23:20.849940,11.26,0.5857046694003301,3.9683830960607827,0.0,5.360156762890256e-13,0.0,0.0,2.680078381445128e-13,1.0,9.928717275306157e-11,0.00025465641995836634,0.0,0.0,0.0,-7.661792558776056e-05
2026-08-24T01:23:20.872256,11.29,0.5857050370457455,3.968385592506004,0.0,-3.659273906553295e-06,0.0,0.0,-1.8296369532756268e-06,0.9999999999983262,7.352898567187961e-05,0.0002498282105622901,0.0,0.0,0.0,0.00011938461944632723
2026-08-24T01:23:20.897701,11.31,0.5857050324246049,3.9683855412113758,0.0,-1.908524490001895e-06,0.0,0.0,-9.542622450008026e-07,0.9999999999995447,7.260475939614456e-05,0.00024468770966380065,0.0,0.0,0.0,-4.322957371142113e-05
2026-08-24T01:23:20.922258,11.33,0.5857050278615497,3.9683854906817064,0.0,-2.406566510515518e-06,0.0,0.0,-1.2032832552574685e-06,0.999999999999276,7.16921501992353e-05,0.00023962393166379486,0.0,0.0,0.0,-0.0004391518616681592
2026-08-24T01:23:20.943996,11.35,0.5857050233558502,3.968385440908044,0.0,2.019967768607245e-06,0.0,0.0,1.0099838843034507e-06,0.99999999999949,7.079101206125075e-05,0.00023463597816955503,0.0,0.0,0.0,5.341883810229656e-05
2026-08-24T01:23:20.971164,11.37,0.585705018906785,3.9683853918816294,0.0,-3.600252863833476e-06,0.0,0.0,-1.8001264319157654e-06,0.9999999999983797,6.990120079728843e-05,0.00022972296993461602,0.0,0.0,0.0,-2.2247167224880514e-06
2026-08-24T01:23:20.993160,11.39,0.5857050145136421,3.9683853435935936,0.0,-2.8038159527454814e-07,0.0,0.0,-1.401907976372736e-07,0.9999999999999901,6.90225740353554e-05,0.00022488401661177439,0.0,0.0,0.0,2.3814395694360693e-05
2026-08-24T01:23:21.016801,11.41,0.5857050101757194,3.9683852960353,0.0,2.628641922353126e-06,0.0,0.0,1.3143209611761843e-06,0.9999999999991362,6.815499119235662e-05,0.00022011825125596853,0.0,0.0,0.0,0.00037341407645605663
2026-08-24T01:23:21.041363,11.42,0.5857046694003062,3.9683830960605206,0.0,1.7692514120426495e-12,0.0,0.0,8.846257060213247e-13,1.0,8.973158990928916e-11,0.00021520271395658735,0.0,0.0,0.0,2.917118497926108e-05
2026-08-24T01:23:21.064367,11.45,0.5857050016627652,3.9683852030734923,0.0,-1.756583700718295e-07,0.0,0.0,-8.782918503591463e-08,0.9999999999999961,6.64524037447397e-05,0.00021080282716018586,0.0,0.0,0.0,-3.742846245504851e-05
2026-08-24T01:23:21.091708,11.46,0.5857046694003005,3.9683830960604594,0.0,-1.5010215292932116e-13,0.0,0.0,-7.505107646466058e-14,1.0,8.748998077999561e-11,0.00020606703418457598,0.0,0.0,0.0,0.0002548267063837072
2026-08-24T01:23:21.113831,11.49,0.5857049933624733,3.9683851129280168,0.0,2.929384164129801e-06,0.0,0.0,1.4646920820643764e-06,0.9999999999989273,6.479234873430711e-05,0.0002017698533077536,0.0,0.0,0.0,0.00017036302800787828
2026-08-24T01:23:21.139194,11.51,0.5857049892904107,3.9683850688904587,0.0,1.418104829564726e-06,0.0,0.0,7.090524147823035e-07,0.9999999999997486,6.397793781748905e-05,0.00019735718279513369,0.0,0.0,0.0,-6.010958164075702e-06
2026-08-24T01:23:21.162458,11.53,0.5857049852695319,3.968385025531958,0.0,-6.583805749471594e-07,0.0,0.0,-3.2919028747357377e-07,0.9999999999999458,6.317376366226401e-05,0.0001930126131666787,0.0,0.0,0.0,-0.000172439763074247
2026-08-24T01:23:21.188144,11.55,0.5857049812991937,3.9683849828443316,0.0,1.3642928204937734e-06,0.0,0.0,6.821464102468337e-07,0.9999999999997673,6.237969759810768e-05,0.0001887353227885702,0.0,0.0,0.0,0.00010836432225280583
2026-08-24T01:23:21.209018,11.57,0.5857049773787607,3.9683849408195133,0.0,4.707511265245046e-07,0.0,0.0,2.3537556326225011e-07,0.9999999999999722,6.1595612571698e-05,0.00018452450228795383,0.0,0.0,0.0,0.00022747387516176994
2026-08-24T01:23:21.233103,11.59,0.5857049735076056,3.968384899449438,0.0,1.3396680613730898e-06,0.0,0.0,6.698340306864946e-07,0.9999999999997756,6.082138312680376e-05,0.00018037934216595216,0.0,0.0,0.0,-4.948622718656728e-05
2026-08-24T01:23:21.259056,11.61,0.5857049696851092,3.9683848587261257,0.0,4.695508138308213e-06,0.0,0.0,2.3477540691519496e-06,0.999999999997244,6.005688538411758e-05,0.0001762990415388265,0.0,0.0,0.0,4.5569637341468146e-05
2026-08-24T01:23:21.283946,11.62,0.5857046694002794,3.9683830960602355,0.0,1.433075880186152e-12,0.0,0.0,7.16537940093076e-13,1.0,7.90697561049197e-11,0.00017223348472006567,0.0,0.0,0.0,-4.249563127777371e-06
2026-08-24T01:23:21.305424,11.65,0.5857049621836535,3.9683847791883182,0.0,-4.2326845783868805e-06,0.0,0.0,-2.1163422891918605e-06,0.9999999999977606,5.855659725355979e-05,0.00016832985983057446,0.0,0.0,0.0,0.00011454781242485661
2026-08-24T01:23:21.331569,11.67,0.5857049585034941,3.968384740358214,0.0,2.226461484511333e-06,0.0,0.0,1.1132307422554365e-06,0.9999999999993804,5.782056681434114e-05,0.00016443941241799372,0.0,0.0,0.0,5.13430668473513e-05
2026-08-24T01:23:21.354065,11.69,0.5857049548695924,3.968384702143756,0.0,-2.0470876016531747e-07,0.0,0.0,-1.0235438008265855e-07,0.9999999999999948,5.7093787935986155e-05,0.00016061070148099433,0.0,0.0,0.0,4.989256700238156e-06
2026-08-24T01:23:21.380248,11.71,0.5857049512813673,3.968384664537286,0.0,-4.513482720902573e-06,0.0,0.0,-2.256741360449371e-06,0.9999999999974536,5.637614433135835e-05,0.0001568429584977095,0.0,0.0,0.0,0.00034099431112114773
2026-08-24T01:23:21.406806,11.73,0.5857049477382443,3.9683846275312704,0.0,1.4024596803885458e-06,0.0,0.0,7.012298401942154e-07,0.9999999999997541,5.566752117478134e-05,0.00015313542755103265,0.0,0.0,0.0,-0.00013602989747144544
2026-08-24T01:23:21.428946,11.75,0.5857049442396569,3.9683845911182503,0.0,9.787116375115092e-07,0.0,0.0,4.89355818755735e-07,0.9999999999998803,5.496780508393238e-05,0.00014948735978063564,0.0,0.0,0.0,-7.676388826683655e-05
2026-08-24T01:23:21.453346,11.77,0.5857049407850451,3.968384555290814,0.0,1.8149188352190044e-06,0.0,0.0,9.074594176093774e-07,0.9999999999995882,5.4276884101585805e-05,0.00014589801174821104,0.0,0.0,0.0,-0.00041096681055893195
2026-08-24T01:23:21.479304,11.79,0.5857049373738562,3.9683845200416177,0.0,-1.082740856972464e-06,0.0,0.0,-5.413704284862055e-07,0.9999999999998535,5.359464767779872e-05,0.00014236664619712684,0.0,0.0,0.0,9.312516813150805e-05
2026-08-24T01:23:21.502877,11.81,0.5857049340055442,3.9683844853634174,0.0,3.9502595874374435e-06,0.0,0.0,1.9751297937174377e-06,0.9999999999980494,5.292098665209144e-05,0.00013889253632232363,0.0,0.0,0.0,0.00012854280749124096
2026-08-24T01:23:21.525318,11.82,0.5857046694002559,3.9683830960599913,0.0,1.4561685190983553e-12,0.0,0.0,7.280842595491777e-13,1.0,6.967477245453246e-11,0.0001355628465662411,0.0,0.0,0.0,5.655496188995922e-05
2026-08-24T01:23:21.548879,11.85,0.5857049273954029,3.968384417691279,0.0,1.7850925688733814e-06,0.0,0.0,8.92546284436572e-07,0.9999999999996017,5.159896099630238e-05,0.00013211320083130637,0.0,0.0,0.0,-0.00032095006577784744
2026-08-24T01:23:21.574437,11.870000000000001,0.5857049241525155,3.9683843846831253,0.0,-1.6900530486196885e-07,0.0,0.0,-8.450265243098432e-08,0.9999999999999964,5.0950384837002683e-05,0.000128806548758661,0.0,0.0,0.0,0.00021827839404502542
2026-08-24T01:23:21.597876,11.89,0.5857049209503897,3.968384352217597,0.0,-1.0074333860465858e-06,0.0,0.0,-5.037166930232715e-07,0.9999999999998731,5.030996098337589e-05,0.00012555430530196036,0.0,0.0,0.0,7.954171871864092e-05
2026-08-24T01:23:21.621678,11.91,0.5857049177885134,3.9683843202877442,0.0,-1.6057366836186304e-06,0.0,0.0,-8.028683418092289e-07,0.9999999999996777,4.967758696511429e-05,0.00012235577297000033,0.0,0.0,0.0,-8.62457475471756e-05
2026-08-24T01:23:21.647134,11.93,0.5857049146663803,3.9683842888867074,0.0,-1.0484049273173923e-07,0.0,0.0,-5.242024636586959e-08,0.9999999999999987,4.9053161599813154e-05,0.00011921026359766383,0.0,0.0,0.0,-0.00010048843547055433
2026-08-24T01:23:21.669947,11.95,0.585704911583491,3.96838425800771,0.0,6.431632937342614e-07,0.0,0.0,3.215816468671251e-07,0.9999999999999483,4.84365849768568e-05,0.00011611709729093204,0.0,0.0,0.0,0.00029911322593224773
2026-08-24T01:23:21.696718,11.97,0.5857049085393523,3.968384227644043,0.0,1.0263126126730526e-07,0.0,0.0,5.131563063365261e-08,0.9999999999999987,4.782775844146358e-05,0.00011307560061881827,0.0,0.0,0.0,4.280377756260949e-05
2026-08-24T01:23:21.719672,11.98,0.5857046694002392,3.9683830960598234,0.0,1.496580637194711e-13,0.0,0.0,7.482903185973555e-14,1.0,6.296913030423472e-11,0.00011026073585851397,0.0,0.0,0.0,0.00012000061887596522
2026-08-24T01:23:21.744956,12.01,0.5857049025653841,3.9683841684360415,0.0,8.691766697488391e-07,0.0,0.0,4.3458833487440584e-07,0.9999999999999055,4.6632967198935454e-05,0.00010714494144196509,0.0,0.0,0.0,-0.000376794226211395
2026-08-24T01:23:21.768032,12.03,0.5857048996345988,3.9683841395785793,0.0,-1.3940177892024508e-06,0.0,0.0,-6.97008894601169e-07,0.9999999999997571,4.604681132026846e-05,0.00010425446165025002,0.0,0.0,0.0,4.6504934255006556e-05
2026-08-24T01:23:21.792503,12.05,0.5857048967406524,3.9683841112101876,0.0,-2.054705232623633e-07,0.0,0.0,-1.0273526163118144e-07,0.9999999999999947,4.54680231554786e-05,0.00010141301668178612,0.0,0.0,0.0,-0.00017867989973819535
2026-08-24T01:23:21.817070,12.07,0.5857048938830812,3.9683840833244552,0.0,2.489001635908039e-07,0.0,0.0,1.2445008179540164e-07,0.9999999999999922,4.489651009603831e-05,9.861996315795595e-05,0.0,0.0,0.0,-6.956527826281614e-05
2026-08-24T01:23:21.839347,12.09,0.5857048910614286,3.9683840559150565,0.0,1.7639471625585657e-06,0.0,0.0,8.819735812791685e-07,0.9999999999996111,4.433218069743251e-05,9.587466642727914e-05,0.0,0.0,0.0,0.00010509522915570585
2026-08-24T01:23:21.863880,12.11,0.5857048882752429,3.9683840289757266,0.0,2.357507804973125e-06,0.0,0.0,1.1787539024862894e-06,0.9999999999993052,4.377494466454403e-05,9.317649783241451e-05,0.0,0.0,0.0,1.663742084392851e-06
2026-08-24T01:23:21.890807,12.13,0.5857048855240783,3.968384002500241,0.0,-1.3297176395532515e-06,0.0,0.0,-6.648588197765768e-07,0.999999999999779,4.3224712837222496e-05,9.052483293336017e-05,0.0,0.0,0.0,-0.0004705470016027166
2026-08-24T01:23:21.915232,12.15,0.5857048828074946,3.968383976482424,0.0,-2.0691784961002213e-06,0.0,0.0,-1.034589248049926e-06,0.9999999999994648,4.268139717609176e-05,8.791905206741452e-05,0.0,0.0,0.0,0.0001367875757154764
2026-08-24T01:23:21.937945,12.17,0.5857048801250571,3.9683839509162455,0.0,2.9636662608467645e-06,0.0,0.0,1.48183313042284e-06,0.9999999999989021,4.214491074818034e-05,8.535855019108024e-05,0.0,0.0,0.0,-9.00549323923209e-05
2026-08-24T01:23:21.962052,12.19,0.5857048774763366,3.968383925795674,0.0,-3.474917437351621e-06,0.0,0.0,-1.7374587186749364e-06,0.9999999999984907,4.161516771335224e-05,8.284272215848944e-05,0.0,0.0,0.0,0.0004583414631724481
2026-08-24T01:23:21.984996,12.21,0.5857048748609093,3.9683839011147364,0.0,1.2789002088453572e-06,0.0,0.0,6.39450104422635e-07,0.9999999999997955,4.109208331041871e-05,8.037096864399739e-05,0.0,0.0,0.0,4.666216786718343e-05
