wall_time,ros_time_sec,x,y,z,yaw,qx,qy,qz,qw,lin_vel_x,lin_vel_y,lin_vel_z,ang_vel_x,ang_vel_y,ang_vel_z
2026-08-24T01:05:56.890887,0.030000000000000002,0.0,0.0,0.0,0.0,0.0,0.0,0.0,1.0,0.0,0.0,0.0,0.0,0.0,-8.674504711347016e-05
2026-08-24T01:06:02.692250,0.05,0.0,0.0,0.0,1.265313899434517e-06,0.0,0.0,6.326569497172163e-07,0.9999999999997998,0.0,0.0,0.0,0.0,0.0,0.0002676199622810078
2026-08-24T01:06:02.734717,0.07,1.297922364164152e-15,-4.8776768820215356e-26,0.0,-3.20893566074787e-06,0.0,0.0,-1.6044678303732462e-06,0.9999999999987128,6.489898956803544e-14,-5.1319137701107445e-24,0.0,0.0,0.0,-0.0002423772534915284
2026-08-24T01:06:02.761580,0.09000000000000001,2.611260672472436e-15,-6.363106153721216e-27,0.0,-1.6245372687073714e-06,0.0,0.0,-8.122686343535962e-07,0.9999999999996702,6.551173068741517e-14,-3.0225725013275473e-25,0.0,0.0,0.0,-4.3726651098741784e-05
2026-08-24T01:06:02.803027,0.11,3.937566653935358e-15,1.054009668343471e-25,0.0,8.804168980525163e-07,0.0,0.0,4.4020844902624387e-07,0.9999999999999031,6.615101029279355e-14,1.0693871934826638e-23,0.0,0.0,0.0,0.0002504869725741237
2026-08-24T01:06:02.843245,0.13,-8.08054048443963e-12,1.4650657748670448e-21,0.0,1.6473148480855568e-06,0.0,0.0,8.236574240426854e-07,0.9999999999996608,6.67333164397822e-14,1.4238640632862715e-19,0.0,0.0,0.0,1.4422232230647627e-05
2026-08-24T01:06:02.879609,0.15000000000000002,-8.07919818010573e-12,1.4639158283420048e-21,0.0,-8.895439775891134e-07,0.0,0.0,-4.4477198879454204e-07,0.9999999999999011,6.735877922107832e-14,1.42272729871641e-19,0.0,0.0,0.0,-0.00012810611600208937
2026-08-24T01:06:02.920905,0.17,-1.622758020434216e-11,-5.857527976254142e-22,0.0,5.156750377821595e-07,0.0,0.0,2.578375188910769e-07,0.9999999999999668,6.79352893157604e-14,-7.524462857568798e-20,0.0,0.0,0.0,-0.00018454030568061677
2026-08-24T01:06:02.957165,0.19,-1.622611783800841e-11,-5.859137630853042e-22,0.0,8.457663445149423e-07,0.0,0.0,4.228831722574585e-07,0.9999999999999106,6.857525535678524e-14,-7.525780071754058e-20,0.0,0.0,0.0,0.00010857664023656038
2026-08-24T01:06:02.992850,0.21000000000000002,-1.6224730434278572e-11,-5.853043713011716e-22,0.0,-6.816217061889062e-07,0.0,0.0,-3.408108530944465e-07,0.9999999999999419,6.919944517463118e-14,-7.519409437508682e-20,0.0,0.0,0.0,3.3252909815527726e-05
2026-08-24T01:06:03.029088,0.23,-1.6223330557064395e-11,-5.842969695849041e-22,0.0,1.2842187859796184e-06,0.0,0.0,6.42109392989765e-07,0.9999999999997938,6.982537867689286e-14,-7.509029403082558e-20,0.0,0.0,0.0,0.00011741531634416684
2026-08-24T01:06:03.063332,0.25,-1.622191806310811e-11,-5.834936437336942e-22,0.0,-2.3410197678153115e-06,0.0,0.0,-1.1705098839073883e-06,0.999999999999315,7.046217568028087e-14,-7.500723946275622e-20,0.0,0.0,0.0,0.0002102825480517744
2026-08-24T01:06:03.103777,0.27,-1.622049323452547e-11,-5.808059746568658e-22,0.0,-1.3215986456316389e-06,0.0,0.0,-6.607993228157713e-07,0.9999999999997816,7.108067267809439e-14,-7.473515812422685e-20,0.0,0.0,0.0,-0.0001244518003770234
2026-08-24T01:06:03.139355,0.29000000000000004,-3.293738517728823e-11,-9.860826752585733e-21,0.0,-1.7568912280552238e-07,0.0,0.0,-8.784456140276108e-08,0.9999999999999961,-8.36428478016057e-10,-1.052846266226594e-18,0.0,0.0,0.0,0.00013163088644250716
2026-08-24T01:06:03.178527,0.31,-2.457452942100952e-11,-1.5698967713768595e-20,0.0,4.365194540500994e-06,0.0,0.0,2.182597270248764e-06,0.9999999999976181,1.3738768631571264e-13,-1.6090213097179264e-18,0.0,0.0,0.0,-2.6553844073482402e-05
2026-08-24T01:06:03.212290,0.33,-3.298976619457538e-11,1.0278433579844468e-20,0.0,1.987034282890932e-06,0.0,0.0,9.935171414453023e-07,0.9999999999995065,1.3945580621668462e-13,9.593670912785197e-19,0.0,0.0,0.0,-0.00031533628134859204
2026-08-24T01:06:03.248917,0.35000000000000003,-4.9921953952594755e-11,2.974812496469626e-20,0.0,5.644937006721307e-07,0.0,0.0,2.822468503360616e-07,0.9999999999999601,-8.472816959704396e-10,2.8227874738686563e-18,0.0,0.0,0.0,-4.390126937680313e-05
2026-08-24T01:06:03.284865,0.37,-4.9931097484532976e-11,3.075054393597305e-20,0.0,2.570005013247112e-06,0.0,0.0,1.2850025066232023e-06,0.9999999999991744,2.0615769372858184e-13,2.9186498519055193e-18,0.0,0.0,0.0,-0.0001321770076020964
2026-08-24T01:06:03.317873,0.39,-4.992958139143077e-11,3.069080465878264e-20,0.0,5.671223757275357e-07,0.0,0.0,2.83561187863764e-07,0.9999999999999598,2.081315414146072e-13,2.9124965473657867e-18,0.0,0.0,0.0,-3.473345440387334e-05
2026-08-24T01:06:03.362682,0.4,-4.9929492662183684e-11,1.574844158029707e-21,0.0,-6.283684683694446e-11,0.0,0.0,-3.141842341847223e-11,1.0,7.529752205893265e-14,2.9039939911286043e-18,0.0,0.0,0.0,0.0003190874475355571
2026-08-24T01:06:03.403547,0.43000000000000005,-4.992655432082376e-11,3.054753711076179e-20,0.0,2.8903439530658655e-06,0.0,0.0,1.4451719765324298e-06,0.9999999999989557,2.086266782564746e-13,2.8981810350683757e-18,0.0,0.0,0.0,-0.00019819358867146204
2026-08-24T01:06:03.446680,0.45,-4.99250220126204e-11,3.0467559721179054e-20,0.0,1.5539827202815104e-07,0.0,0.0,7.769913601407544e-08,0.999999999999997,2.0884687820027122e-13,2.8901885239153784e-18,0.0,0.0,0.0,1.9331909663707382e-05
2026-08-24T01:06:03.486708,0.47000000000000003,-4.9923477550208475e-11,3.03846240950276e-20,0.0,2.8464383206028293e-07,0.0,0.0,1.4232191603014096e-07,0.9999999999999899,2.0903248834320738e-13,2.881900258101876e-18,0.0,0.0,0.0,-0.0002289823613049624
2026-08-24T01:06:03.523356,0.49000000000000005,-4.992192065047137e-11,3.028902616131218e-20,0.0,5.323089267150749e-07,0.0,0.0,2.6615446335753433e-07,0.9999999999999646,2.092071834035421e-13,2.8723446452902125e-18,0.0,0.0,0.0,0.00018290827678028683
2026-08-24T01:06:03.566053,0.51,-4.992035152063799e-11,3.020081347755297e-20,0.0,8.743241020070514e-08,0.0,0.0,4.3716205100352554e-08,0.999999999999999,2.0936019596536188e-13,2.863527827934337e-18,0.0,0.0,0.0,-0.00021492435218012896
2026-08-24T01:06:03.605476,0.53,-4.9918769789117755e-11,3.0093965731489025e-20,0.0,-3.7466163869126494e-06,0.0,0.0,-1.8733081934552289e-06,0.9999999999982454,2.0951440436981062e-13,2.8528464447318064e-18,0.0,0.0,0.0,-0.0002536816670347662
2026-08-24T01:06:03.640429,0.55,-4.991717552956019e-11,2.997472186939367e-20,0.0,-2.495752554843023e-06,0.0,0.0,-1.2478762774211875e-06,0.9999999999992214,2.0964191413189159e-13,2.840925173171081e-18,0.0,0.0,0.0,0.00025935116893976344
2026-08-24T01:06:03.677495,0.5700000000000001,-4.99155688307471e-11,2.986956467564207e-20,0.0,1.69328589816331e-07,0.0,0.0,8.466429490816541e-08,0.9999999999999964,2.0975871053243211e-13,2.8304125254067122e-18,0.0,0.0,0.0,-0.00014298963404759475
2026-08-24T01:06:03.713875,0.5900000000000001,-4.991394989676185e-11,2.974883517637983e-20,0.0,-2.0047939774947565e-06,0.0,0.0,-1.0023969887472103e-06,0.9999999999994976,2.098386168055477e-13,2.8183413399966237e-18,0.0,0.0,0.0,3.460839491937641e-05
2026-08-24T01:06:03.753144,0.61,-6.767424132932685e-11,-5.805053367914753e-21,0.0,1.0249302282439032e-06,0.0,0.0,5.124651141219292e-07,0.9999999999998687,-8.893025964609712e-10,-8.67942655629009e-19,0.0,0.0,0.0,2.049674535347206e-05
2026-08-24T01:06:03.792881,0.63,-5.878660253928109e-11,-2.8663726431225375e-20,0.0,-1.4925386038200372e-07,0.0,0.0,-7.46269301910018e-08,0.9999999999999972,2.788995399107483e-13,-3.08709608271948e-18,0.0,0.0,0.0,-0.00015804319490324813
2026-08-24T01:06:03.829949,0.65,-5.878491749358217e-11,-2.85884719596176e-20,0.0,1.0712886679975497e-06,0.0,0.0,5.356443339987492e-07,0.9999999999998566,2.8042159961963363e-13,-3.079455365344535e-18,0.0,0.0,0.0,0.00015525353612464484
2026-08-24T01:06:03.870599,0.67,-5.878313160295673e-11,-2.8485017208463156e-20,0.0,2.3908772641689775e-06,0.0,0.0,1.1954386320842042e-06,0.9999999999992855,2.8012050808702073e-13,-3.0690849138395894e-18,0.0,0.0,0.0,3.098489899893125e-05
2026-08-24T01:06:03.903433,0.6900000000000001,-5.878145304749833e-11,-2.837828350597645e-20,0.0,-2.891835184648528e-07,0.0,0.0,-1.445917592324259e-07,0.9999999999999896,2.797946669725043e-13,-3.0583870166750166e-18,0.0,0.0,0.0,0.0001088714743544119
2026-08-24T01:06:03.942133,0.7100000000000001,-5.877976234513777e-11,-2.82700161493098e-20,0.0,2.8772865361403888e-06,0.0,0.0,1.438643268069698e-06,0.9999999999989652,2.7944572790663183e-13,-3.047534590280992e-18,0.0,0.0,0.0,-0.00011465267042341191
2026-08-24T01:06:03.980286,0.7300000000000001,-5.877805904779022e-11,-2.8159023589859917e-20,0.0,2.3651127580848193e-06,0.0,0.0,1.1825563790421341e-06,0.9999999999993008,2.7908697641581867e-13,-3.036410001412965e-18,0.0,0.0,0.0,-0.00014075640225431495
2026-08-24T01:06:04.019024,0.75,-5.877634367872933e-11,-2.804597744880537e-20,0.0,-2.4863333614177924e-07,0.0,0.0,-1.2431666807088927e-07,0.9999999999999922,2.786895756139197e-13,-3.0250788983446305e-18,0.0,0.0,0.0,-7.059911161174209e-07
2026-08-24T01:06:04.059259,0.77,-5.877461574195405e-11,-2.7927654904466784e-20,0.0,3.1230473180876572e-06,0.0,0.0,1.561523659043194e-06,0.9999999999987809,2.7828704767755415e-13,-3.013219016397478e-18,0.0,0.0,0.0,0.000262166635189691
2026-08-24T01:06:04.093223,0.79,-5.877287544267683e-11,-2.777400476615199e-20,0.0,-1.526393076378696e-06,0.0,0.0,-7.631965381892738e-07,0.9999999999997088,2.778601489147667e-13,-2.9978243263233446e-18,0.0,0.0,0.0,0.0002930997178495559
2026-08-24T01:06:04.132563,0.81,-5.877112231021328e-11,-2.7629557743985717e-20,0.0,-1.5437963276632158e-06,0.0,0.0,-7.718981638315314e-07,0.9999999999997021,2.774347005313003e-13,-2.9833490458981443e-18,0.0,0.0,0.0,0.0001200402402663581
2026-08-24T01:06:04.170097,0.8300000000000001,-5.876935744106568e-11,-2.74918037863589e-20,0.0,1.7695984873000732e-06,0.0,0.0,8.847992436499209e-07,0.9999999999996085,2.769570695680572e-13,-2.9695438737259737e-18,0.0,0.0,0.0,0.0003640889413611195
2026-08-24T01:06:04.205024,0.8500000000000001,-5.876757990862978e-11,-2.731869984076617e-20,0.0,2.1716526665827018e-07,0.0,0.0,1.0858263332913488e-07,0.9999999999999941,2.764789980965622e-13,-2.9522009777881304e-18,0.0,0.0,0.0,-2.531068242466061e-05
2026-08-24T01:06:04.246376,0.8700000000000001,-5.876578998684777e-11,-2.7174619281833523e-20,0.0,1.1712925322981962e-06,0.0,0.0,5.856462661490645e-07,0.9999999999998285,2.7598642356626207e-13,-2.9377616570697803e-18,0.0,0.0,0.0,-0.00037610167373050335
2026-08-24T01:06:04.281557,0.89,-6.805642750212083e-11,-4.024995999798579e-21,0.0,2.1667363050426047e-06,0.0,0.0,1.0833681525210904e-06,0.9999999999994131,2.753311240020344e-13,-6.953613513409068e-19,0.0,0.0,0.0,0.0002556091151464128
2026-08-24T01:06:04.320758,0.91,-6.805462284731215e-11,-3.9570012999957896e-21,0.0,-6.238616809817187e-07,0.0,0.0,-3.119308404908543e-07,0.9999999999999514,2.748313221874903e-13,-6.885395159300601e-19,0.0,0.0,0.0,-6.841544150553275e-05
2026-08-24T01:06:04.365098,0.93,-6.805279711423941e-11,-3.923865147420321e-21,0.0,-2.8554109525735787e-06,0.0,0.0,-1.4277054762863042e-06,0.9999999999989808,2.742778288853172e-13,-6.852057765225266e-19,0.0,0.0,0.0,-0.0001698686633842973
2026-08-24T01:06:04.409220,0.9500000000000001,-6.805095872953437e-11,-3.9066154067542104e-21,0.0,-1.849602333514611e-06,0.0,0.0,-9.248011667571735e-07,0.9999999999995723,2.7372631054553637e-13,-6.834618349458836e-19,0.0,0.0,0.0,-0.00023060546451239756
2026-08-24T01:06:04.452535,0.9700000000000001,-7.746722624514443e-11,-4.186406343194839e-20,0.0,-7.438911557855477e-07,0.0,0.0,-3.7194557789276525e-07,0.9999999999999308,2.7300401924738056e-13,-4.5688946076322536e-18,0.0,0.0,0.0,-6.695684180569592e-05
2026-08-24T01:06:04.487770,0.9900000000000001,-7.746537369017169e-11,-4.160922440205052e-20,0.0,4.377592982773848e-06,0.0,0.0,2.188796491385176e-06,0.9999999999976046,2.7243177102108793e-13,-4.543357740514749e-18,0.0,0.0,0.0,-0.0001143200522568732
2026-08-24T01:06:04.527932,1.01,-7.746349953175956e-11,-4.133047792721794e-20,0.0,-4.147078147997974e-06,0.0,0.0,-2.073539073997501e-06,0.9999999999978502,2.7183555341544504e-13,-4.515428049581461e-18,0.0,0.0,0.0,-0.00031979880706046516
2026-08-24T01:06:04.567515,1.03,-7.746161314608956e-11,-4.109688392043298e-20,0.0,4.715322328152638e-07,0.0,0.0,2.357661164076297e-07,0.9999999999999722,2.71224683685573e-13,-4.492014947625764e-18,0.0,0.0,0.0,5.083631111519346e-06
2026-08-24T01:06:04.602471,1.05,-9.659468514891462e-11,-2.2553156537691812e-20,0.0,-7.556703445210644e-07,0.0,0.0,-3.778351722605232e-07,0.9999999999999286,-9.589964994852538e-10,-2.8394870688471167e-18,0.0,0.0,0.0,-7.808384749390572e-05
2026-08-24T01:06:04.642362,1.07,-8.701655826294543e-11,2.1558127854983282e-20,0.0,-1.694127055529293e-06,0.0,0.0,-8.470635277645452e-07,0.9999999999996413,3.4400294445417974e-13,1.6805595883973097e-18,0.0,0.0,0.0,-0.00012978284421652177
2026-08-24T01:06:04.682769,1.09,-8.701460480960724e-11,2.1451805099416286e-20,0.0,2.461651296137291e-06,0.0,0.0,1.2308256480683344e-06,0.9999999999992425,3.4475895436785335e-13,1.6695533663949833e-18,0.0,0.0,0.0,0.0001756807766868386
2026-08-24T01:06:04.722453,1.11,-8.701267288442988e-11,2.140380026225928e-20,0.0,3.353531692340539e-07,0.0,0.0,1.6767658461702615e-07,0.9999999999999859,3.4354274560269473e-13,1.6647610306546746e-18,0.0,0.0,0.0,-0.0003575177387546377
2026-08-24T01:06:04.758268,1.13,-8.701072852512554e-11,2.1274334372817287e-20,0.0,-5.847492419164269e-07,0.0,0.0,-2.9237462095820924e-07,0.9999999999999573,3.423262988907727e-13,1.6518153173606596e-18,0.0,0.0,0.0,-5.4912795181753416e-05
2026-08-24T01:06:04.800761,1.1400000000000001,-8.701096823032954e-11,4.776599095747974e-21,0.0,-1.1055956150585189e-10,0.0,0.0,-5.5279780752925944e-11,1.0,9.813786811122028e-14,1.6375682354476511e-18,0.0,0.0,0.0,-0.00030923636286646415
2026-08-24T01:06:04.843046,1.17,-8.700680325800578e-11,2.104654358414002e-20,0.0,2.302292150258012e-06,0.0,0.0,1.1511460751287516e-06,0.9999999999993374,3.398470919198219e-13,1.6290413014661678e-18,0.0,0.0,0.0,0.00025374024111294365
2026-08-24T01:06:04.881914,1.19,-8.700482189381781e-11,2.099838128327653e-20,0.0,2.5141323205524206e-06,0.0,0.0,1.2570661602758791e-06,0.9999999999992099,3.386072693043326e-13,1.6242330630599995e-18,0.0,0.0,0.0,0.00014945611841558418
2026-08-24T01:06:04.920277,1.2,-9.679913606053727e-11,5.909539518934314e-21,0.0,-1.185069820053286e-10,0.0,0.0,-5.92534910026643e-11,1.0,9.991211887010703e-14,8.394348291637944e-18,0.0,0.0,0.0,3.0844884018459433e-06
2026-08-24T01:06:04.960126,1.23,-1.1650036060982274e-10,9.31994864482755e-20,0.0,8.833167712829494e-07,0.0,0.0,4.416583856414603e-07,0.9999999999999025,-9.878681428889494e-10,8.478850357162049e-18,0.0,0.0,0.0,6.596018360970905e-05
2026-08-24T01:06:04.998725,1.25,-1.0663551688853367e-10,3.56470488703186e-20,0.0,3.70386090242647e-07,0.0,0.0,1.8519304512132245e-07,0.9999999999999829,4.1082258659763783e-13,2.8505623690973665e-18,0.0,0.0,0.0,-0.00014426119201892536
2026-08-24T01:06:05.041975,1.27,-1.0663330707536194e-10,3.541781503262622e-20,0.0,-4.807616362789702e-07,0.0,0.0,-2.4038081813948276e-07,0.9999999999999711,4.109051704003458e-13,2.8279607886307564e-18,0.0,0.0,0.0,0.00014311284594801718
2026-08-24T01:06:05.078706,1.29,-1.0663126940480071e-10,3.5226531946025365e-20,0.0,1.0906591199066895e-06,0.0,0.0,5.453295599533178e-07,0.9999999999998513,4.08981583346954e-13,2.8088265642929836e-18,0.0,0.0,0.0,0.00022016271987441343
2026-08-24T01:06:05.120316,1.31,-1.2661143201976392e-10,8.61299688175414e-20,0.0,-1.2978990304723938e-06,0.0,0.0,-6.489495152361513e-07,0.9999999999997894,-1.0018168957829127e-09,7.62111393601718e-18,0.0,0.0,0.0,-0.000298343105080259
2026-08-24T01:06:05.163948,1.33,-1.166075358263214e-10,2.3223249947121766e-19,0.0,-1.758443950006239e-06,0.0,0.0,-8.792219750030061e-07,0.9999999999996135,4.823450967558227e-13,2.2392522547737364e-17,0.0,0.0,0.0,-0.00042176081786692536
2026-08-24T01:06:05.197693,1.35,-1.367147184531686e-10,1.5319808196352232e-19,0.0,6.732222566085966e-07,0.0,0.0,3.3661112830429194e-07,0.9999999999999434,-1.0081819597751632e-09,1.415884640501911e-17,0.0,0.0,0.0,-0.00011513851531449792
2026-08-24T01:06:05.234663,1.37,-1.2664697675747383e-10,1.5465012378970524e-19,0.0,3.528586540291201e-06,0.0,0.0,1.7642932701446852e-06,0.9999999999984437,5.567755159667237e-13,1.4470903472087722e-17,0.0,0.0,0.0,-9.169390930836114e-05
2026-08-24T01:06:05.270352,1.3900000000000001,-1.2664485165720506e-10,1.5351615540705759e-19,0.0,-9.453327103337018e-07,0.0,0.0,-4.7266635516683327e-07,0.9999999999998883,5.554855930109509e-13,1.4356758704875953e-17,0.0,0.0,0.0,-3.480891928288609e-05
2026-08-24T01:06:05.304996,1.4100000000000001,-1.2664274949607166e-10,1.5229378190173838e-19,0.0,-1.5758846854119213e-06,0.0,0.0,-7.879423427058791e-07,0.9999999999996896,5.521658797606646e-13,1.4234343069259258e-17,0.0,0.0,0.0,-7.097502278470074e-05
2026-08-24T01:06:05.344687,1.4300000000000002,-1.266406348467965e-10,1.5103568348495967e-19,0.0,-1.270322055546558e-06,0.0,0.0,-6.351610277732362e-07,0.9999999999997983,5.488559460229611e-13,1.410834875901826e-17,0.0,0.0,0.0,-6.724902416892139e-05
2026-08-24T01:06:05.385320,1.45,-1.2663850831052808e-10,1.497693312149964e-19,0.0,1.5544389375676815e-07,0.0,0.0,7.7721946878384e-08,0.999999999999997,5.455222923663995e-13,1.3981526887911863e-17,0.0,0.0,0.0,-9.440207383790916e-05
2026-08-24T01:06:05.435617,1.47,-1.2663636909760036e-10,1.4850780275301775e-19,0.0,1.2659568064954387e-06,0.0,0.0,6.32978403247677e-07,0.9999999999997997,5.422034098752701e-13,1.3855186726737322e-17,0.0,0.0,0.0,-0.00027698267734744495
2026-08-24T01:06:05.470201,1.49,-1.2663421777210634e-10,1.4720684467471428e-19,0.0,1.5519636189509354e-06,0.0,0.0,7.759818094753899e-07,0.9999999999996989,5.388827722522564e-13,1.3724897812803809e-17,0.0,0.0,0.0,-0.00010097008947779955
2026-08-24T01:06:05.506367,1.5,-1.26635277070458e-10,1.0100016660765456e-20,0.0,-1.5857715141009976e-10,0.0,0.0,-7.928857570504988e-11,1.0,1.0902170464826233e-13,1.3570313163734094e-17,0.0,0.0,0.0,-6.076679538100188e-05
2026-08-24T01:06:05.545982,1.53,-1.2662987821322382e-10,1.4471673384281645e-19,0.0,-3.600752829235887e-07,0.0,0.0,-1.8003764146179337e-07,0.9999999999999838,5.322453506286297e-13,1.3475513423347268e-17,0.0,0.0,0.0,1.2686870778407578e-05
2026-08-24T01:06:05.584939,1.55,-1.2662768970992126e-10,1.4342185225966524e-19,0.0,-6.032815577761141e-06,0.0,0.0,-3.0164077888759963e-06,0.9999999999954506,5.289506532822982e-13,1.334583043904246e-17,0.0,0.0,0.0,-8.9637262838054e-05
2026-08-24T01:06:05.624387,1.57,-1.2662548905953822e-10,1.4198821014279222e-19,0.0,1.1977982650179797e-06,0.0,0.0,5.988991325089541e-07,0.9999999999998207,5.256518304785952e-13,1.3202254660397118e-17,0.0,0.0,0.0,0.00021037548526588908
2026-08-24T01:06:05.659118,1.59,-1.2662327643359937e-10,1.4075132438149842e-19,0.0,1.0235023610860594e-06,0.0,0.0,5.117511805430074e-07,0.9999999999998691,5.223297900372411e-13,1.3078376354783298e-17,0.0,0.0,0.0,-0.00016517786839049506
2026-08-24T01:06:05.698287,1.6,-1.2662420685174533e-10,1.0098245726741084e-20,0.0,-1.595532594933502e-10,0.0,0.0,-7.97766297466751e-11,1.0,1.1207816947111269e-13,1.2917860106152457e-17,0.0,0.0,0.0,-9.676311147761563e-05
2026-08-24T01:06:05.738518,1.63,-1.476157623513149e-10,8.732130994454729e-20,0.0,2.6001251862695085e-07,0.0,0.0,1.3000625931347505e-07,0.9999999999999916,-1.0530927642632492e-09,7.372047729708197e-18,0.0,0.0,0.0,8.723057698078137e-05
2026-08-24T01:06:05.779071,1.65,-1.3710213407076013e-10,3.6721231553551006e-20,0.0,-3.3177237299675255e-06,0.0,0.0,-1.658861864983002e-06,0.9999999999986241,5.935569250343635e-13,2.4876444068779076e-18,0.0,0.0,0.0,-8.780641573464081e-05
2026-08-24T01:06:05.813597,1.67,-1.4763299606930717e-10,-8.942851980172268e-20,0.0,-5.303367887066203e-07,0.0,0.0,-2.6516839435330695e-07,0.9999999999999648,5.913814790572754e-13,-1.0331611821897293e-17,0.0,0.0,0.0,-0.00017202665136197898
2026-08-24T01:06:05.850724,1.69,-1.4763073850739477e-10,-8.868244730041291e-20,0.0,-3.4633910366288494e-06,0.0,0.0,-1.731695518313559e-06,0.9999999999985006,5.873596855173751e-13,-1.0256771979570255e-17,0.0,0.0,0.0,2.9142495974773092e-06
2026-08-24T01:06:05.884864,1.71,-1.4762845840331624e-10,-8.793695917859816e-20,0.0,7.063433087317606e-07,0.0,0.0,3.531716543658729e-07,0.9999999999999376,5.833232289560396e-13,-1.0181988314024722e-17,0.0,0.0,0.0,3.5506036595785195e-06
2026-08-24T01:06:05.918975,1.73,-1.4762616617535868e-10,-8.70888536690389e-20,0.0,-8.420781822948697e-07,0.0,0.0,-4.2103909114742243e-07,0.9999999999999114,5.792983426299658e-13,-1.0096930335944685e-17,0.0,0.0,0.0,-0.00020635367320798984
2026-08-24T01:06:05.954585,1.75,-1.476238615971866e-10,-8.632973079698465e-20,0.0,-6.208761220705128e-07,0.0,0.0,-3.104380610352514e-07,0.9999999999999518,5.752997486845435e-13,-1.0020780935599996e-17,0.0,0.0,0.0,-0.00045769038998071733
2026-08-24T01:06:05.997211,1.76,-1.4762498552432614e-10,1.3709939172830226e-20,0.0,-1.8931123335619304e-10,0.0,0.0,-9.465561667809652e-11,1.0,1.1684094316526255e-13,-9.917580279472196e-18,0.0,0.0,0.0,-0.00030098040580835
2026-08-24T01:06:06.034439,1.79,-1.4761921563103846e-10,-8.47753851816299e-20,0.0,1.159045091014832e-07,0.0,0.0,5.795225455074157e-08,0.9999999999999983,5.673517344823073e-13,-9.8648646793971e-18,0.0,0.0,0.0,-7.768347518346583e-06
2026-08-24T01:06:06.071746,1.81,-1.4761687416913227e-10,-8.390693141123488e-20,0.0,4.54968066421202e-06,0.0,0.0,2.2748403321040474e-06,0.9999999999974125,5.634178114376798e-13,-9.777766610219085e-18,0.0,0.0,0.0,4.381430466299935e-05
2026-08-24T01:06:06.111508,1.83,-1.4761452062002821e-10,-8.291987946924844e-20,0.0,8.658169634578884e-07,0.0,0.0,4.3290848172893064e-07,0.9999999999999063,5.594845002174475e-13,-9.678791774617856e-18,0.0,0.0,0.0,0.00034567005782831545
2026-08-24T01:06:06.147516,1.85,-1.4761215428239704e-10,-8.191354674424319e-20,0.0,-8.402839126731011e-07,0.0,0.0,-4.2014195633653816e-07,0.9999999999999117,5.556030962594846e-13,-9.577883604283817e-18,0.0,0.0,0.0,-0.00016150964429601628
2026-08-24T01:06:06.186027,1.87,-1.5845730331216198e-10,-1.1530318045854974e-19,0.0,1.268306041968259e-06,0.0,0.0,6.341530209840871e-07,0.9999999999997989,5.515046262381103e-13,-1.312958811983732e-17,0.0,0.0,0.0,-1.4890541483745878e-05
2026-08-24T01:06:06.220490,1.8900000000000001,-1.5845492462330526e-10,-1.1401070726576494e-19,0.0,3.4352337867638036e-06,0.0,0.0,1.7176168933810569e-06,0.9999999999985248,5.476784614814873e-13,-1.2999994035761166e-17,0.0,0.0,0.0,4.077791256647663e-05
2026-08-24T01:06:06.264505,1.9100000000000001,-1.584525231902556e-10,-1.1264861735520222e-19,0.0,1.2274489149532997e-06,0.0,0.0,6.137244574766113e-07,0.9999999999998117,5.438409661643818e-13,-1.2863427922511106e-17,0.0,0.0,0.0,-7.136330740029916e-05
2026-08-24T01:06:06.300172,1.9300000000000002,-1.5845010931273213e-10,-1.1136128902932574e-19,0.0,2.0487701513083323e-06,0.0,0.0,1.024385075653987e-06,0.9999999999994753,5.400411582888581e-13,-1.273434750747131e-17,0.0,0.0,0.0,7.037341022252312e-05
2026-08-24T01:06:06.337324,1.9500000000000002,-1.8045283148388757e-10,3.275769392848472e-20,0.0,3.20602009384885e-07,0.0,0.0,1.6030100469244177e-07,0.9999999999999871,-1.1040403192484903e-09,1.2428865450972285e-18,0.0,0.0,0.0,-0.00021413046244915382
2026-08-24T01:06:06.381511,1.9700000000000002,-1.6943303709374329e-10,1.0579627177808908e-19,0.0,3.0576299008266976e-06,0.0,0.0,1.5288149504127531e-06,0.9999999999988314,6.173903169926572e-13,8.788525653622621e-18,0.0,0.0,0.0,0.00016359820159444599
2026-08-24T01:06:06.415990,1.9900000000000002,-1.8046552882776846e-10,2.478720733407601e-19,0.0,1.1501953487425e-06,0.0,0.0,5.750976743712183e-07,0.9999999999998346,6.147263363147735e-13,2.277416724217016e-17,0.0,0.0,0.0,-0.00013476548873151052
2026-08-24T01:06:06.453354,2.01,-1.8046308407675454e-10,2.4531880388845614e-19,0.0,-2.0092827495155068e-06,0.0,0.0,-1.0046413747575842e-06,0.9999999999994953,6.101170249176031e-13,2.251833564551026e-17,0.0,0.0,0.0,-5.2585843686312936e-05
2026-08-24T01:06:06.494795,2.03,-1.804606161045067e-10,2.427087748422392e-19,0.0,-3.54371707134149e-06,0.0,0.0,-1.771858535669818e-06,0.9999999999984303,6.055318190013713e-13,2.2256821400672688e-17,0.0,0.0,0.0,7.251528970961122e-05
2026-08-24T01:06:06.534026,2.05,-1.8045813616327506e-10,2.401011913025111e-19,0.0,2.2712481979603183e-06,0.0,0.0,1.135624098979915e-06,0.9999999999993552,6.009690086584908e-13,2.1995552334801778e-17,0.0,0.0,0.0,-8.278941733852571e-05
2026-08-24T01:06:06.575980,2.07,-1.8045564351954867e-10,2.375816873364869e-19,0.0,-1.8611831928971865e-06,0.0,0.0,-9.30591596448459e-07,0.999999999999567,5.964699152362173e-13,2.1743102977401295e-17,0.0,0.0,0.0,-3.0102701566430388e-05
2026-08-24T01:06:06.610605,2.09,-1.8045313833739717e-10,2.34974482413537e-19,0.0,1.0865507480417593e-06,0.0,0.0,5.432753740208529e-07,0.9999999999998525,5.920139499796697e-13,2.1481873830336493e-17,0.0,0.0,0.0,0.0001467615134652888
2026-08-24T01:06:06.647093,2.11,-1.8045062099279164e-10,2.325021896315775e-19,0.0,-1.8028428852012723e-06,0.0,0.0,-9.014214426005141e-07,0.9999999999995938,5.875768459345959e-13,2.12341554812508e-17,0.0,0.0,0.0,5.0388363721357536e-05
2026-08-24T01:06:06.686964,2.13,-1.8044809177300028e-10,2.299225733794753e-19,0.0,-4.744693239189246e-06,0.0,0.0,-2.372346619592398e-06,0.999999999997186,5.831629537495562e-13,2.0975690576210996e-17,0.0,0.0,0.0,7.904225796755994e-05
2026-08-24T01:06:06.719480,2.15,-1.8044535540350206e-10,2.272861670945653e-19,0.0,3.989933528014688e-06,0.0,0.0,1.994966764006021e-06,0.99999999999801,5.788202804097324e-13,2.071154360230288e-17,0.0,0.0,0.0,9.502926843180288e-05
2026-08-24T01:06:06.760762,2.16,-1.8044631752806993e-10,2.0443307785652425e-20,0.0,-2.2116042330821983e-10,0.0,0.0,-1.1058021165410992e-10,1.0,1.2880592101709173e-13,2.0415500802522078e-17,0.0,0.0,0.0,-0.00012985298416226486
2026-08-24T01:06:06.793598,2.19,-1.8044023475867974e-10,2.2222807225072247e-19,0.0,2.1585191531947605e-06,0.0,0.0,1.0792595765971706e-06,0.9999999999994176,5.701828510896764e-13,2.020474606431617e-17,0.0,0.0,0.0,7.109263306522646e-05
2026-08-24T01:06:06.830594,2.21,-1.8043765549063442e-10,2.197563075784807e-19,0.0,2.783622430335697e-06,0.0,0.0,1.3918112151673992e-06,0.9999999999990314,5.659545393576629e-13,1.995708621845916e-17,0.0,0.0,0.0,0.00036082746983557375
2026-08-24T01:06:06.868108,2.23,-1.804350643300703e-10,2.1740247062829543e-19,0.0,-2.018608175280434e-06,0.0,0.0,-1.0093040876400458e-06,0.9999999999994906,5.617246320472535e-13,1.9721239363213622e-17,0.0,0.0,0.0,2.930302921143511e-05
2026-08-24T01:06:06.902782,2.25,-1.8043246065155633e-10,2.1482206154067082e-19,0.0,1.2290992410513015e-06,0.0,0.0,6.14549620525612e-07,0.9999999999998112,5.575483118596781e-13,1.9462702088863184e-17,0.0,0.0,0.0,5.398043403248077e-05
2026-08-24T01:06:06.942735,2.27,-1.8042984495642648e-10,2.1233058125009647e-19,0.0,-3.051967632394792e-06,0.0,0.0,-1.5259838161968037e-06,0.9999999999988357,5.533996872738734e-13,1.9213071400261153e-17,0.0,0.0,0.0,-5.996775880886645e-05
2026-08-24T01:06:06.978996,2.29,-1.9192968445388845e-10,5.2197430334411204e-20,0.0,1.877598280852766e-06,0.0,0.0,9.38799140426245e-07,0.9999999999995594,5.490536462525001e-13,2.906992176916693e-18,0.0,0.0,0.0,-0.00012768905641360735
2026-08-24T01:06:07.014301,2.31,-1.91927056696682e-10,5.159456463457647e-20,0.0,-1.3269627041623266e-06,0.0,0.0,-6.634813520811146e-07,0.9999999999997798,5.450104183186648e-13,2.8466837248638812e-18,0.0,0.0,0.0,-0.00022564184706414883
2026-08-24T01:06:07.052129,2.33,-1.9192440553922107e-10,5.0891101844142034e-20,0.0,1.7080885159614922e-06,0.0,0.0,8.540442579806423e-07,0.9999999999996353,5.409874567431763e-13,2.776302253524217e-18,0.0,0.0,0.0,-4.747401973087561e-07
2026-08-24T01:06:07.088679,2.34,-1.9192509807899474e-10,2.3109062726169957e-20,0.0,-2.37826203175473e-10,0.0,0.0,-1.189131015877365e-10,1.0,1.3416693688710336e-13,2.7250549320039766e-18,0.0,0.0,0.0,-0.0003377440652578177
2026-08-24T01:06:07.125091,2.37,-1.9191906721214213e-10,4.9634077828552824e-20,0.0,-2.709870528860847e-06,0.0,0.0,-1.354935264430009e-06,0.9999999999990821,5.330234062564817e-13,2.6505538732880505e-18,0.0,0.0,0.0,-8.052628949998153e-05
2026-08-24T01:06:07.161351,2.39,-1.9191637963920917e-10,4.8969872098366236e-20,0.0,2.61877324714277e-07,0.0,0.0,1.309386623571381e-07,0.9999999999999915,5.291223211600276e-13,2.5841050552944215e-18,0.0,0.0,0.0,-0.00013980187029457685
2026-08-24T01:06:07.199801,2.41,-1.9191367972021633e-10,4.835610247687012e-20,0.0,1.5335032657048944e-06,0.0,0.0,7.667516328523719e-07,0.999999999999706,5.252574741901963e-13,2.5227078336953307e-18,0.0,0.0,0.0,2.346993174496588e-05
2026-08-24T01:06:07.235062,2.43,-1.9191096738291918e-10,4.783043259815979e-20,0.0,-1.4872406879362643e-06,0.0,0.0,-7.436203439680636e-07,0.9999999999997236,5.214406193621674e-13,2.47013588796773e-18,0.0,0.0,0.0,-3.172840878664729e-05
2026-08-24T01:06:07.275652,2.45,-1.919082430177576e-10,4.7227775137346614e-20,0.0,4.223034664185832e-07,0.0,0.0,2.1115173320929003e-07,0.9999999999999777,5.17645570899927e-13,2.4098541134865536e-18,0.0,0.0,0.0,-0.00026520869943308796
2026-08-24T01:06:07.310726,2.47,-1.9190508451273128e-10,4.659179689790762e-20,0.0,2.0604138661894922e-07,0.0,0.0,1.0302069330947442e-07,0.9999999999999947,5.350841092607474e-13,2.346244236767913e-18,0.0,0.0,0.0,7.041279917978987e-05
2026-08-24T01:06:07.350992,2.49,-1.9190254663395193e-10,4.607236110447535e-20,0.0,-9.004890779706899e-07,0.0,0.0,-4.502445389853297e-07,0.9999999999998986,5.101948171316622e-13,2.294293832480189e-18,0.0,0.0,0.0,-9.081991612197701e-05
2026-08-24T01:06:07.389437,2.51,-1.918997856939165e-10,4.5481088840639866e-20,0.0,1.111680041798735e-06,0.0,0.0,5.558400208993389e-07,0.9999999999998456,5.065138223224329e-13,2.235153487123859e-18,0.0,0.0,0.0,1.9097578456343654e-05
2026-08-24T01:06:07.428507,2.5300000000000002,-1.9189701221040418e-10,4.4972876844525095e-20,0.0,-1.1913268038732383e-06,0.0,0.0,-5.956634019365839e-07,0.9999999999998226,5.028948348998759e-13,2.1843327703302765e-18,0.0,0.0,0.0,0.00012728093959689653
2026-08-24T01:06:07.467600,2.55,-1.918942266653248e-10,4.446040765898943e-20,0.0,4.548681431515433e-09,0.0,0.0,2.2743407157577167e-09,1.0,4.992931654149687e-13,2.1330871855770343e-18,0.0,0.0,0.0,-0.0002522320256270427
2026-08-24T01:06:07.510761,2.5700000000000003,-1.9189142913807261e-10,4.385194090319001e-20,0.0,-2.619618199695139e-06,0.0,0.0,-1.3098090998471952e-06,0.9999999999991422,4.957375422072993e-13,2.0722253907625396e-18,0.0,0.0,0.0,-0.00019960626175068375
2026-08-24T01:06:07.551848,2.59,-1.918886195679329e-10,4.321799140949914e-20,0.0,3.0053403632379627e-06,0.0,0.0,1.5026701816184158e-06,0.999999999998871,4.922188886129256e-13,2.008812952302079e-18,0.0,0.0,0.0,-6.290157838385218e-05
2026-08-24T01:06:07.587804,2.61,-1.918857976006131e-10,4.274279364449519e-20,0.0,1.914139989622754e-06,0.0,0.0,9.570699948112309e-07,0.999999999999542,4.887526356786167e-13,1.9613006035072466e-18,0.0,0.0,0.0,0.0003083545375075128
2026-08-24T01:06:07.624519,2.63,-1.9188296334343355e-10,4.2372558994630204e-20,0.0,-3.299160584280258e-06,0.0,0.0,-1.649580292139381e-06,0.9999999999986394,4.853205661980021e-13,1.9243042624273743e-18,0.0,0.0,0.0,3.1536991438493563e-06
2026-08-24T01:06:07.658261,2.64,-1.9188324252543736e-10,2.30990329967713e-20,0.0,-2.419708877710036e-10,0.0,0.0,-1.209854438855018e-10,1.0,1.4316832285083566e-13,1.8744613279044567e-18,0.0,0.0,0.0,-6.235255223935215e-05
2026-08-24T01:06:07.693719,2.67,-1.9187725885228528e-10,4.1276970115495754e-20,0.0,-8.079387625592459e-07,0.0,0.0,-4.03969381279612e-07,0.9999999999999184,4.785531774990947e-13,1.8147413648052887e-18,0.0,0.0,0.0,4.846215802974487e-05
2026-08-24T01:06:07.727604,2.69,-1.9187438867914026e-10,4.0789863778090377e-20,0.0,1.5425680457425983e-06,0.0,0.0,7.712840228712227e-07,0.9999999999997026,4.752222196320324e-13,1.7660396734394956e-18,0.0,0.0,0.0,0.00021532830667345636
2026-08-24T01:06:07.761998,2.71,-2.1625276153488067e-10,1.8676183793228136e-19,0.0,2.964547898720582e-06,0.0,0.0,1.4822739493597483e-06,0.9999999999989014,-1.2239440996209574e-09,1.5781493505810076e-17,0.0,0.0,0.0,-0.00032659439425813903
2026-08-24T01:06:07.799003,2.73,-2.040409701281341e-10,1.0858141427311157e-19,0.0,-5.296730281045826e-06,0.0,0.0,-2.6483651405198166e-06,0.999999999996493,5.625921702295983e-13,8.257853981234504e-18,0.0,0.0,0.0,-0.00017998050220504355
2026-08-24T01:06:07.833198,2.74,-2.040415617186808e-10,2.6096663397616592e-20,0.0,-2.5974111750315387e-10,0.0,0.0,-1.2987055875157694e-10,1.0,1.4604996824712947e-13,8.087910951793111e-18,0.0,0.0,0.0,5.781385886714419e-05
2026-08-24T01:06:07.872962,2.76,-2.0403863139225183e-10,2.6095927026436744e-20,0.0,-2.5755708676911127e-10,0.0,0.0,-1.2877854338455563e-10,1.0,1.4666850190101358e-13,7.93554384337077e-18,0.0,0.0,0.0,1.6969180587465913e-05
2026-08-24T01:06:07.903422,2.79,-2.0403219206771351e-10,1.0417223456319622e-19,0.0,2.4959331001994656e-06,0.0,0.0,1.2479665500994088e-06,0.9999999999992213,5.521808212011191e-13,7.814280410927048e-18,0.0,0.0,0.0,-0.00019805521751601045
2026-08-24T01:06:07.943698,2.81,-2.040292565866956e-10,1.0283301231746148e-19,0.0,-4.248222372993383e-06,0.0,0.0,-2.124111186495094e-06,0.999999999997744,5.479720737778127e-13,7.680161113034328e-18,0.0,0.0,0.0,-0.00012979659484501754
2026-08-24T01:06:07.980477,2.83,-2.0402585013435007e-10,1.01383152802119e-19,0.0,6.687190303722446e-07,0.0,0.0,3.3435951518611603e-07,0.9999999999999442,5.668529557261231e-13,7.534975157288069e-18,0.0,0.0,0.0,-0.0003512108342079805
2026-08-24T01:06:08.019099,2.84,-2.0402656304782415e-10,2.6092846739943245e-20,0.0,-2.561977296977602e-10,0.0,0.0,-1.280988648488801e-10,1.0,1.4904995152260326e-13,7.381748424539204e-18,0.0,0.0,0.0,7.514544387384912e-06
2026-08-24T01:06:08.061912,2.8600000000000003,-2.0402357310142147e-10,2.6092070748040852e-20,0.0,-2.5347812737663844e-10,0.0,0.0,-1.2673906368831922e-10,1.0,1.496530131637486e-13,7.255145721488245e-18,0.0,0.0,0.0,0.0003049346423522306
2026-08-24T01:06:08.121044,2.89,-2.040171615066672e-10,9.761231220467835e-20,0.0,7.783773718905707e-07,0.0,0.0,3.891886859452755e-07,0.9999999999999243,5.317232871056525e-13,7.157351245291668e-18,0.0,0.0,0.0,-0.00030418882812290884
2026-08-24T01:06:08.176606,2.91,-2.0401416424224132e-10,9.625296885335867e-20,0.0,1.7206457787466434e-06,0.0,0.0,8.603228893732156e-07,0.99999999999963,5.27795656735761e-13,7.021224847980391e-18,0.0,0.0,0.0,-0.0002148736028974192
2026-08-24T01:06:08.221226,2.92,-2.0401453223904347e-10,2.608977711401039e-20,0.0,-2.5418600557713944e-10,0.0,0.0,-1.2709300278856972e-10,1.0,1.5140352097625125e-13,6.882488898405868e-18,0.0,0.0,0.0,-4.477386237295553e-05
2026-08-24T01:06:08.266744,2.95,-2.0400813437782847e-10,9.378231019904226e-20,0.0,-1.732868910142571e-06,0.0,0.0,-8.66434455071177e-07,0.9999999999996246,5.200358471814092e-13,6.773822737629166e-18,0.0,0.0,0.0,0.000214524964294234
2026-08-24T01:06:08.316652,2.97,-2.0400510130355487e-10,9.259792441607442e-20,0.0,-1.901957102923291e-07,0.0,0.0,-9.509785514616439e-08,0.9999999999999954,5.162310136648305e-13,6.6552270272841285e-18,0.0,0.0,0.0,7.526576995324239e-05
2026-08-24T01:06:08.358939,2.99,-2.040020562815842e-10,9.140618471496121e-20,0.0,-1.7148543607348188e-06,0.0,0.0,-8.574271803673044e-07,0.9999999999996324,5.124622150061802e-13,6.535895284007044e-18,0.0,0.0,0.0,-0.0005999044323945725
2026-08-24T01:06:08.395120,3.01,-2.0399899915227505e-10,8.995260219240466e-20,0.0,3.937651839258649e-06,0.0,0.0,1.9688259196280527e-06,0.9999999999980619,5.087477541939912e-13,6.390335859826045e-18,0.0,0.0,0.0,-0.0002994209188079204
2026-08-24T01:06:08.433528,3.02,-2.0399922716293992e-10,2.6085882252103028e-20,0.0,-2.530438081294051e-10,0.0,0.0,-1.2652190406470254e-10,1.0,1.5437332763382282e-13,6.261653673518324e-18,0.0,0.0,0.0,-2.4824212064031975e-05
2026-08-24T01:06:08.467742,3.04,-2.03996130841775e-10,2.6085085817481187e-20,0.0,-2.544262578396683e-10,0.0,0.0,-1.2721312891983416e-10,1.0,1.5496893895440045e-13,6.142342154868297e-18,0.0,0.0,0.0,-0.0002832484133264178
2026-08-24T01:06:08.507034,3.07,-2.0398975532066378e-10,8.643463534911913e-20,0.0,-4.5173959684063897e-07,0.0,0.0,-2.2586979842031758e-07,0.9999999999999745,4.978882191510353e-13,6.038092780446418e-18,0.0,0.0,0.0,-0.00021284669901315892
2026-08-24T01:06:08.537985,3.09,-2.0398664996506144e-10,8.520075574242281e-20,0.0,-4.082248956649438e-06,0.0,0.0,-2.0411244783233014e-06,0.9999999999979169,4.943568680845614e-13,5.914547001731921e-18,0.0,0.0,0.0,-0.00013760838718304843
2026-08-24T01:06:08.578462,3.11,-2.167464106055814e-10,-1.8818065332741117e-19,0.0,-3.24185650768527e-07,0.0,0.0,-1.620928253842628e-07,0.9999999999999869,4.905821643702579e-13,-2.180554033846135e-17,0.0,0.0,0.0,-1.4344887292122666e-05
2026-08-24T01:06:08.615462,3.13,-2.1674329543850435e-10,-1.8541920322602548e-19,0.0,-2.005731659426857e-06,0.0,0.0,-1.0028658297132604e-06,0.9999999999994972,4.871679394967626e-13,-2.1528508819708278e-17,0.0,0.0,0.0,0.00026277940356590724
2026-08-24T01:06:08.650312,3.15,-2.2956439501642855e-10,-3.156595452191751e-19,0.0,7.465482898538767e-09,0.0,0.0,3.732741449269383e-09,1.0,4.834817295989549e-13,-3.4930227809754114e-17,0.0,0.0,0.0,-7.50219528086835e-05
2026-08-24T01:06:08.685790,3.17,-2.29561257920653e-10,-3.1100507947371345e-19,0.0,-2.2683894833619438e-06,0.0,0.0,-1.1341947416807286e-06,0.9999999999993568,4.801337852400009e-13,-3.446339729630345e-17,0.0,0.0,0.0,0.0002455403606728333
2026-08-24T01:06:08.718223,3.19,-2.2955809626680276e-10,-3.0631195421776916e-19,0.0,-7.688697145624702e-07,0.0,0.0,-3.844348572812256e-07,0.9999999999999261,4.768231454801621e-13,-3.399269907088642e-17,0.0,0.0,0.0,0.00010780510262928223
2026-08-24T01:06:08.752546,3.2,-2.2955808765849147e-10,3.2959540560025444e-20,0.0,-2.83835177583569e-10,0.0,0.0,-1.419175887917845e-10,1.0,1.5951095516159454e-13,-3.3398871687827174e-17,0.0,0.0,0.0,-7.777078608095885e-05
2026-08-24T01:06:08.790367,3.23,-2.2955173657886486e-10,-2.9708235992882524e-19,0.0,-3.4958393588802048e-06,0.0,0.0,-1.747919679439212e-06,0.9999999999984723,4.703486507421695e-13,-3.306701827989894e-17,0.0,0.0,0.0,-0.00017003604530635669
2026-08-24T01:06:08.825707,3.25,-2.2954853922391514e-10,-2.926471321494696e-19,0.0,6.171615627437176e-07,0.0,0.0,3.085807813718539e-07,0.9999999999999524,4.671589846948514e-13,-3.262217584327905e-17,0.0,0.0,0.0,-0.00017191849220222862
2026-08-24T01:06:08.863823,3.27,-2.425533830462979e-10,-2.411857692353144e-19,0.0,1.459219214350327e-06,0.0,0.0,7.296096071750987e-07,0.9999999999997339,4.637434497182504e-13,-2.7846567761327265e-17,0.0,0.0,0.0,-0.00016288388950843976
2026-08-24T01:06:08.895249,3.29,-2.4255017616449857e-10,-2.373555430505974e-19,0.0,1.2029919691514126e-06,0.0,0.0,6.014959845756699e-07,0.9999999999998191,4.606658161416172e-13,-2.7462396417845978e-17,0.0,0.0,0.0,-0.00012258736922228486
2026-08-24T01:06:08.936030,3.31,-2.4254694477650685e-10,-2.3354537034037047e-19,0.0,8.904952615296223e-07,0.0,0.0,4.452476307647965e-07,0.9999999999999009,4.576049653607872e-13,-2.7080238964255122e-17,0.0,0.0,0.0,8.721575470541776e-05
2026-08-24T01:06:08.969595,3.33,-2.425437012011375e-10,-2.2970124373679073e-19,0.0,-2.577105574275152e-06,0.0,0.0,-1.288552787137219e-06,0.9999999999991698,4.5461098869452053e-13,-2.6694685671113437e-17,0.0,0.0,0.0,2.8300196891716347e-05
2026-08-24T01:06:09.002973,3.35,-2.425399367374787e-10,-2.2595367912395466e-19,0.0,-3.0194260247640164e-07,0.0,0.0,-1.509713012382002e-07,0.9999999999999886,4.772107632238133e-13,-2.631879541192481e-17,0.0,0.0,0.0,6.506025615290567e-05
2026-08-24T01:06:09.042235,3.36,-2.4253998805151525e-10,3.6747024309279063e-20,0.0,-2.991109582239915e-10,0.0,0.0,-1.4955547911199574e-10,1.0,1.6411741589348123e-13,-2.5846448469083364e-17,0.0,0.0,0.0,-0.0003631321829070654
2026-08-24T01:06:09.075476,3.39,-2.4253364445841486e-10,-2.1854438732338716e-19,0.0,1.6983493433819776e-06,0.0,0.0,8.491746716908866e-07,0.9999999999996394,4.4584024988779756e-13,-2.5575670709665678e-17,0.0,0.0,0.0,-0.00010894296335992021
2026-08-24T01:06:09.111797,3.41,-2.4253035328879184e-10,-2.1487520415413836e-19,0.0,3.559981858192174e-06,0.0,0.0,1.779990929095147e-06,0.9999999999984158,4.429898871077111e-13,-2.5207666970412075e-17,0.0,0.0,0.0,-0.00019872351362426046
2026-08-24T01:06:09.151813,3.43,-2.425270501830355e-10,-2.1124040109434591e-19,0.0,6.283595985756563e-07,0.0,0.0,3.1417979928782294e-07,0.9999999999999506,4.4018095718293114e-13,-2.4843111989298307e-17,0.0,0.0,0.0,1.2913807930777818e-05
2026-08-24T01:06:09.189692,3.45,-2.4252373532671923e-10,-2.0761023207316625e-19,0.0,-8.150689043695536e-07,0.0,0.0,-4.075344521847655e-07,0.999999999999917,4.3740480241374315e-13,-2.447902537471773e-17,0.0,0.0,0.0,0.00016081020777510425
2026-08-24T01:06:09.228178,3.47,-2.425204084976628e-10,-2.039848199991247e-19,0.0,1.5154337247302865e-06,0.0,0.0,7.577168623650706e-07,0.9999999999997129,4.346836057670977e-13,-2.41154212232631e-17,0.0,0.0,0.0,0.00039632387533553417
2026-08-24T01:06:09.260542,3.49,-2.4251707011413524e-10,-2.0028900242336499e-19,0.0,1.2150538162281066e-06,0.0,0.0,6.075269081140159e-07,0.9999999999998155,4.319750421271522e-13,-2.374477035860762e-17,0.0,0.0,0.0,0.00015640791163021298
2026-08-24T01:06:09.298221,3.51,-2.4251371975787906e-10,-1.9670626156181736e-19,0.0,1.8726206092445354e-06,0.0,0.0,9.363103046221308e-07,0.9999999999995617,4.2932086439077486e-13,-2.3385452468278897e-17,0.0,0.0,0.0,-3.8968530928193456e-06
2026-08-24T01:06:09.332255,3.5300000000000002,-2.425103575683925e-10,-1.9319837191309166e-19,0.0,-1.7694934895118308e-06,0.0,0.0,-8.847467447558e-07,0.9999999999996086,4.2670449499635975e-13,-2.3033638785059317e-17,0.0,0.0,0.0,-0.00013953613359166966
2026-08-24T01:06:09.365247,3.55,-2.4250698363588227e-10,-1.8980851004832e-19,0.0,-2.997302106066968e-06,0.0,0.0,-1.498651053032923e-06,0.999999999998877,4.241237041516289e-13,-2.2693653298871708e-17,0.0,0.0,0.0,0.00019048645754706287
2026-08-24T01:06:09.405486,3.5700000000000003,-2.4250359783684463e-10,-1.863637343237022e-19,0.0,-3.550597567070213e-06,0.0,0.0,-1.7752987835341738e-06,0.9999999999984241,4.2158372635266793e-13,-2.2348172248236837e-17,0.0,0.0,0.0,-5.557155609732246e-05
2026-08-24T01:06:09.435736,3.59,-2.4250020013168984e-10,-1.8303169038754187e-19,0.0,4.550070853426291e-07,0.0,0.0,2.275035426713126e-07,0.9999999999999741,4.1908525822208554e-13,-2.201399028266739e-17,0.0,0.0,0.0,-0.0005005826743465164
2026-08-24T01:06:09.473215,3.61,-2.424967909966799e-10,-1.7981888010357063e-19,0.0,-1.919734473165846e-06,0.0,0.0,-9.598672365827757e-07,0.9999999999995394,4.165967249465462e-13,-2.1691759552282186e-17,0.0,0.0,0.0,-0.0001259356504132503
2026-08-24T01:06:09.509806,3.62,-2.424962989891985e-10,3.6734039296760335e-20,0.0,-3.0205216106082844e-10,0.0,0.0,-1.5102608053041422e-10,1.0,1.7166387798799913e-13,-2.12927336181087e-17,0.0,0.0,0.0,5.3358384189064744e-05
2026-08-24T01:06:09.545575,3.65,-2.424899371399786e-10,-1.732766845214554e-19,0.0,-1.5513551665513607e-06,0.0,0.0,-7.756775832756023e-07,0.9999999999996991,4.1175151785612235e-13,-2.1035632054987074e-17,0.0,0.0,0.0,0.00024732631582737995
2026-08-24T01:06:09.584137,3.67,-2.6980484345632967e-10,-3.371595073786016e-19,0.0,9.432770831097059e-08,0.0,0.0,4.7163854155485277e-08,0.9999999999999989,-1.3718049759795736e-09,-3.8305046160536165e-17,0.0,0.0,0.0,0.0002520266600438913
2026-08-24T01:06:09.614964,3.69,-2.561207466177356e-10,-5.384067352665161e-19,0.0,-2.458370339297744e-06,0.0,0.0,-1.2291851696485624e-06,0.9999999999992446,5.12194034654989e-13,-5.803534992591639e-17,0.0,0.0,0.0,-0.00011093628467561745
2026-08-24T01:06:09.654388,3.71,-2.698003997063715e-10,-7.125095164310577e-19,0.0,-4.103213451234211e-06,0.0,0.0,-2.0516067256156664e-06,0.9999999999978955,5.109870141683352e-13,-7.591755532501797e-17,0.0,0.0,0.0,-1.1598207287760991e-06
2026-08-24T01:06:09.692982,3.73,-2.6979694385725813e-10,-7.010343840185657e-19,0.0,1.6910371538614304e-06,0.0,0.0,8.455185769306143e-07,0.9999999999996425,5.074233527048809e-13,-7.476688354176866e-17,0.0,0.0,0.0,0.0001605614516778926
2026-08-24T01:06:09.727614,3.75,-2.697934628596206e-10,-6.895058520696116e-19,0.0,-1.3948498045479596e-07,0.0,0.0,-6.974249022739793e-08,0.9999999999999976,5.038934294143864e-13,-7.361088305157592e-17,0.0,0.0,0.0,8.218101988974447e-05
2026-08-24T01:06:09.767514,3.77,-2.697899701707161e-10,-6.781563093093743e-19,0.0,5.791112149822197e-07,0.0,0.0,2.8955560749110584e-07,0.999999999999958,5.004063032060248e-13,-7.247283114752475e-17,0.0,0.0,0.0,2.4190106751906072e-05
2026-08-24T01:06:09.804100,3.79,-2.697864654804493e-10,-6.669312726500392e-19,0.0,-2.4111914260771523e-06,0.0,0.0,-1.2055957130382844e-06,0.9999999999992732,4.969735126529019e-13,-7.134727211208865e-17,0.0,0.0,0.0,-1.4728070270147162e-06
2026-08-24T01:06:09.842499,3.81,-2.6978294937513027e-10,-6.558820563480899e-19,0.0,2.6510466426543644e-06,0.0,0.0,1.325523321326794e-06,0.9999999999991215,4.935777302622536e-13,-7.023934476996143e-17,0.0,0.0,0.0,0.00024735979030080196
2026-08-24T01:06:09.877995,3.83,-2.69779421570284e-10,-6.447712224093228e-19,0.0,-1.80548043893225e-06,0.0,0.0,-9.027402194660023e-07,0.9999999999995925,4.902410396833207e-13,-6.912526504650169e-17,0.0,0.0,0.0,9.930536727866451e-05
2026-08-24T01:06:09.911838,3.85,-2.697758818687788e-10,-6.339051283315083e-19,0.0,-8.244268738799576e-07,0.0,0.0,-4.122134369399671e-07,0.9999999999999151,4.869518910803242e-13,-6.803571985894125e-17,0.0,0.0,0.0,-0.00026685189134113515
2026-08-24T01:06:09.946191,3.87,-2.836950129780167e-10,-6.830107240322623e-19,0.0,-1.7188434120463116e-06,0.0,0.0,-8.594217060230499e-07,0.9999999999996307,4.833918183075632e-13,-7.342717930338816e-17,0.0,0.0,0.0,0.00013960741851337937
2026-08-24T01:06:09.976537,3.89,-2.8369146627265805e-10,-6.713805244200544e-19,0.0,1.203471127197986e-07,0.0,0.0,6.017355635989925e-08,0.9999999999999982,4.801700692844785e-13,-7.226102950651522e-17,0.0,0.0,0.0,0.00014015061861576104
2026-08-24T01:06:10.019447,3.91,-2.8368789338406143e-10,-6.598461213495736e-19,0.0,-2.324894752270268e-07,0.0,0.0,-1.1624473761351313e-07,0.9999999999999932,4.770300481873918e-13,-7.110449682862084e-17,0.0,0.0,0.0,7.73475842723526e-05
2026-08-24T01:06:10.053547,3.93,-2.8368430873037026e-10,-6.484641792594463e-19,0.0,-1.2463129190898312e-06,0.0,0.0,-6.231564595448754e-07,0.9999999999998058,4.739346681074125e-13,-6.996325678450491e-17,0.0,0.0,0.0,-3.026603271067569e-05
2026-08-24T01:06:10.088101,3.95,-2.836807131122019e-10,-6.372587458762786e-19,0.0,7.823417944585742e-07,0.0,0.0,3.9117089722927715e-07,0.9999999999999235,4.708489548137692e-13,-6.883971876402448e-17,0.0,0.0,0.0,-0.0002345991119626328
2026-08-24T01:06:10.129614,3.97,-2.8367710541501024e-10,-6.262174094906529e-19,0.0,1.0115805557653346e-06,0.0,0.0,5.057902778826457e-07,0.9999999999998721,4.678284088891324e-13,-6.773264008361439e-17,0.0,0.0,0.0,-0.00021948107436798973
2026-08-24T01:06:10.164712,3.99,-2.9777498580545076e-10,-5.296357081838367e-19,0.0,-8.807369371588436e-07,0.0,0.0,-4.4036846857940756e-07,0.9999999999999031,4.645144017093933e-13,-5.855749437569405e-17,0.0,0.0,0.0,0.00021015664914092772
2026-08-24T01:06:10.201458,4.01,-3.119025262420726e-10,-5.850622202918263e-19,0.0,-5.864840995073451e-07,0.0,0.0,-2.9324204975366834e-07,0.999999999999957,4.61273713277095e-13,-6.463508876568366e-17,0.0,0.0,0.0,-4.34701352955267e-05
2026-08-24T01:06:10.238582,4.03,-3.118989016411413e-10,-5.744829575966404e-19,0.0,3.5560495423858644e-06,0.0,0.0,1.7780247711919952e-06,0.9999999999984193,4.583913471233312e-13,-6.35743567238494e-17,0.0,0.0,0.0,-9.429019846761639e-07
2026-08-24T01:06:10.272189,4.05,-3.1189525149852155e-10,-5.639550073117101e-19,0.0,-1.095454032817855e-06,0.0,0.0,-5.477270164089002e-07,0.99999999999985,4.555430781554844e-13,-6.251878340718833e-17,0.0,0.0,0.0,-3.031757132721701e-05
2026-08-24T01:06:10.312061,4.06,-3.1189477237353515e-10,6.0291998818266e-20,0.0,-3.8047875960955935e-10,0.0,0.0,-1.9023937980477967e-10,1.0,1.837922330477418e-13,-6.129937066999889e-17,0.0,0.0,0.0,0.00016051099008258134
2026-08-24T01:06:10.345215,4.09,-3.1188791652750673e-10,-5.4328101464488855e-19,0.0,1.5844772396356181e-06,0.0,0.0,7.92238619817726e-07,0.9999999999996861,4.499624222200896e-13,-6.044594666619905e-17,0.0,0.0,0.0,-2.0217107527414733e-05
2026-08-24T01:06:10.379360,4.11,-3.1188423152312596e-10,-5.331462978096605e-19,0.0,2.982215122848686e-06,0.0,0.0,1.4911075614237905e-06,0.9999999999988883,4.472419484286106e-13,-5.942981936448664e-17,0.0,0.0,0.0,-0.0001710340432525106
2026-08-24T01:06:10.415219,4.13,-3.1188053522933393e-10,-5.231633818370918e-19,0.0,1.2063100287562636e-06,0.0,0.0,6.031550143780952e-07,0.9999999999998181,4.445437820150342e-13,-5.84289171398052e-17,0.0,0.0,0.0,0.00016354994996730892
2026-08-24T01:06:10.457451,4.15,-3.118768271308222e-10,-5.132100354080847e-19,0.0,-1.5098652852429954e-06,0.0,0.0,-7.549326426214258e-07,0.999999999999715,4.419136492269878e-13,-5.743099270701051e-17,0.0,0.0,0.0,0.00019179925137431214
2026-08-24T01:06:10.492530,4.17,-3.1187310777423055e-10,-5.033969046770114e-19,0.0,-1.3134532723668713e-06,0.0,0.0,-6.567266361833884e-07,0.9999999999997844,4.392873685801541e-13,-5.644713180718127e-17,0.0,0.0,0.0,-6.792629331519032e-05
2026-08-24T01:06:10.526088,4.19,-3.11869377060868e-10,-4.937821890459867e-19,0.0,2.293967953370668e-07,0.0,0.0,1.1469839766853315e-07,0.9999999999999934,4.3670291352920465e-13,-5.5483165931479174e-17,0.0,0.0,0.0,0.0004504793481468644
2026-08-24T01:06:10.562436,4.21,-3.1186533889374897e-10,-4.84101158053001e-19,0.0,1.0085478563404138e-06,0.0,0.0,5.042739281701855e-07,0.9999999999998729,4.3420144583572363e-13,-5.45125610154949e-17,0.0,0.0,0.0,-0.00017958708416661697
2026-08-24T01:06:10.596221,4.23,-3.118615846356564e-10,-4.747297201398526e-19,0.0,4.299826366072068e-07,0.0,0.0,2.1499131830360174e-07,0.9999999999999769,4.317055215949266e-13,-5.357299946032751e-17,0.0,0.0,0.0,-5.0575617236002485e-05
2026-08-24T01:06:10.628819,4.24,-3.1186090977174816e-10,6.02793302060612e-20,0.0,-3.7937875063676074e-10,0.0,0.0,-1.8968937531838037e-10,1.0,1.8889264843648135e-13,-5.2501727790332373e-17,0.0,0.0,0.0,-3.636087213875313e-05
2026-08-24T01:06:10.673670,4.27,-3.118540422467109e-10,-4.5633743438392205e-19,0.0,5.414758164956623e-06,0.0,0.0,2.707379082475004e-06,0.999999999996335,4.267987611333414e-13,-5.1729044612957375e-17,0.0,0.0,0.0,-7.016076091253837e-06
2026-08-24T01:06:10.708957,4.29,-3.1185025401571376e-10,-4.47210035706251e-19,0.0,4.605542676117124e-07,0.0,0.0,2.302771338058542e-07,0.9999999999999735,4.2440498485135616e-13,-5.0813978430366644e-17,0.0,0.0,0.0,0.0001402456356314013
2026-08-24T01:06:10.745586,4.31,-3.2642088965171346e-10,-3.941055635014756e-19,0.0,-3.083061360431572e-06,0.0,0.0,-1.5415306802151753e-06,0.9999999999988118,4.2171772214093427e-13,-4.60589473557482e-17,0.0,0.0,0.0,-4.934712666492002e-05
2026-08-24T01:06:10.780419,4.33,-3.264170952075587e-10,-3.8589009818804505e-19,0.0,-1.0411637685336927e-07,0.0,0.0,-5.205818842668461e-08,0.9999999999999987,4.1940144103573287e-13,-4.5235316638318434e-17,0.0,0.0,0.0,-0.00020072656681477004
2026-08-24T01:06:10.814896,4.35,-3.264132744574272e-10,-3.7779777152155436e-19,0.0,-1.996764189549083e-06,0.0,0.0,-9.983820947743756e-07,0.9999999999995016,4.1713274935635113e-13,-4.4424036842687176e-17,0.0,0.0,0.0,0.0001863552934132535
2026-08-24T01:06:10.858089,4.38,-3.410998046110396e-10,7.185312102106017e-20,0.0,-4.162519218198213e-10,0.0,0.0,-2.0812596090991065e-10,1.0,1.9261071061668103e-13,-5.605780536737996e-17,0.0,0.0,0.0,-0.0003125730360104087
2026-08-24T01:06:10.887894,4.39,-3.4109677988956913e-10,-4.894601282358839e-19,0.0,2.8592819951711586e-06,0.0,0.0,1.4296409975850925e-06,0.999999999998978,4.123335834790701e-13,-5.620459626515713e-17,0.0,0.0,0.0,-0.0002502108803398322
2026-08-24T01:06:10.925345,4.41,-3.4109294168509675e-10,-4.795971577697925e-19,0.0,7.527519132466408e-07,0.0,0.0,3.7637595662331157e-07,0.9999999999999292,4.101747468752483e-13,-5.521577349865502e-17,0.0,0.0,0.0,0.00015642490260990344
2026-08-24T01:06:10.963156,4.43,-3.4108907781763015e-10,-4.697540170418135e-19,0.0,-1.9684381635798337e-07,0.0,0.0,-9.84219081789915e-08,0.9999999999999951,4.080242557784324e-13,-5.4228951126490476e-17,0.0,0.0,0.0,-0.00027527274373763974
2026-08-24T01:06:10.997799,4.45,-3.4108520222893073e-10,-4.601702774370287e-19,0.0,1.8037602207421344e-06,0.0,0.0,9.018801103709449e-07,0.9999999999995933,4.059212243376044e-13,-5.326813334874204e-17,0.0,0.0,0.0,-0.00022932286177955636
2026-08-24T01:06:11.035717,4.47,-3.4108131569321157e-10,-4.506802235319096e-19,0.0,6.034640840368867e-07,0.0,0.0,3.0173204201843873e-07,0.9999999999999545,4.038324568368839e-13,-5.2316717954516174e-17,0.0,0.0,0.0,0.00014635981097551454
2026-08-24T01:06:11.070659,4.49,-3.410774173542922e-10,-4.412103078359177e-19,0.0,1.9762879479579003e-06,0.0,0.0,9.881439739787892e-07,0.9999999999995118,4.017984517613706e-13,-5.136733456354289e-17,0.0,0.0,0.0,-0.0005963949850560147
2026-08-24T01:06:11.104466,4.51,-3.5593925659779076e-10,-2.5667351459101824e-19,0.0,-1.87928772277246e-06,0.0,0.0,-9.396438613860918e-07,0.9999999999995586,3.99424238280361e-13,-3.350525978472925e-17,0.0,0.0,0.0,3.567321435134915e-05
2026-08-24T01:06:11.143924,4.53,-3.559353529353231e-10,-2.5012204122132876e-19,0.0,-1.5070159160579524e-06,0.0,0.0,-7.535079580289048e-07,0.9999999999997161,3.974476534427411e-13,-3.2848518776278586e-17,0.0,0.0,0.0,-2.748695231369035e-05
2026-08-24T01:06:11.178112,4.55,-3.5593079874718184e-10,-2.4367180106127117e-19,0.0,2.4398671838454794e-07,0.0,0.0,1.2199335919227365e-07,0.9999999999999926,4.2686759230560795e-13,-3.220190311516551e-17,0.0,0.0,0.0,1.625340051859825e-05
2026-08-24T01:06:11.214238,4.57,-3.559271697065214e-10,-2.3729014318788924e-19,0.0,1.7326243004767152e-06,0.0,0.0,8.663121502382492e-07,0.9999999999996247,3.9360397477958906e-13,-3.156220862203196e-17,0.0,0.0,0.0,-4.376370691183234e-06
2026-08-24T01:06:11.250185,4.58,-3.559261662141573e-10,7.809045861964424e-20,0.0,-4.275824139199358e-10,0.0,0.0,-2.137912069599679e-10,1.0,1.9809188337953463e-13,-3.0885728499929694e-17,0.0,0.0,0.0,-4.756585489879974e-05
2026-08-24T01:06:11.281180,4.6,-3.559221956196449e-10,7.808876819961288e-20,0.0,-4.300146905222846e-10,0.0,0.0,-2.150073452611423e-10,1.0,1.986564096468694e-13,-3.0269395707304725e-17,0.0,0.0,0.0,6.871126934375246e-05
2026-08-24T01:06:11.318470,4.62,-3.5591821372452803e-10,7.808708060904678e-20,0.0,-4.318287949445221e-10,0.0,0.0,-2.1591439747226104e-10,1.0,1.992319611501846e-13,-2.9670364023701774e-17,0.0,0.0,0.0,8.401092105293193e-05
2026-08-24T01:06:11.353179,4.64,-3.559142208977572e-10,7.808537054762622e-20,0.0,-4.285318766505952e-10,0.0,0.0,-2.142659383252976e-10,1.0,1.9978599894855957e-13,-2.906907098408748e-17,0.0,0.0,0.0,1.8265651286127455e-06
2026-08-24T01:06:11.388536,4.67,-3.559072931775785e-10,-2.067956285893296e-19,0.0,8.420927195551542e-07,0.0,0.0,4.2104635977756465e-07,0.9999999999999114,3.8444917265821743e-13,-2.850544141327974e-17,0.0,0.0,0.0,-0.000228440050391229
2026-08-24T01:06:11.423588,4.69,-3.5590328427533574e-10,-2.0099714405899894e-19,0.0,1.2437891325767223e-06,0.0,0.0,6.218945662883211e-07,0.9999999999998066,3.8270770997070563e-13,-2.792421181468065e-17,0.0,0.0,0.0,-0.00014257223093488522
2026-08-24T01:06:11.458779,4.71,-3.5589926437885624e-10,-1.952561211617088e-19,0.0,3.817391784899371e-07,0.0,0.0,1.908695892449674e-07,0.9999999999999818,3.809839530238034e-13,-2.7348747157058034e-17,0.0,0.0,0.0,-0.0003975769262268974
2026-08-24T01:06:11.495513,4.73,-3.558952329219286e-10,-1.896699762706189e-19,0.0,2.960389755557458e-06,0.0,0.0,1.4801948777781884e-06,0.9999999999989045,3.793064262396621e-13,-2.6788806754618546e-17,0.0,0.0,0.0,-0.0002140736598468235
2026-08-24T01:06:11.530505,4.74,-3.558940913990634e-10,7.8076797737158e-20,0.0,-4.2830849977804064e-10,0.0,0.0,-2.1415424988902032e-10,1.0,2.0253337307995e-13,-2.6205091302346684e-17,0.0,0.0,0.0,0.00011284780623119621
2026-08-24T01:06:11.566611,4.76,-3.558900324084839e-10,7.807507060890566e-20,0.0,-4.314126833548926e-10,0.0,0.0,-2.157063416774463e-10,1.0,2.0309224923912945e-13,-2.56633004028859e-17,0.0,0.0,0.0,-0.0001846983990022746
2026-08-24T01:06:11.599164,4.79,-3.8650010248504163e-10,-4.043723193753414e-19,0.0,1.3245195913391685e-06,0.0,0.0,6.622597956695358e-07,0.9999999999997807,-1.537660946976083e-09,-4.966032249084025e-17,0.0,0.0,0.0,-5.035704151363455e-05
2026-08-24T01:06:11.631100,4.8100000000000005,-3.711629245623943e-10,-5.3437162621729125e-19,0.0,6.389106621540463e-08,0.0,0.0,3.194553310770231e-08,0.9999999999999994,4.906284255975722e-13,-6.199127970148074e-17,0.0,0.0,0.0,-6.73384812787208e-05
2026-08-24T01:06:11.664675,4.83,-3.7115879316267386e-10,-5.232347381348808e-19,0.0,3.47535629519058e-06,0.0,0.0,1.737678147594415e-06,0.9999999999984902,4.906455012333196e-13,-6.08751227780952e-17,0.0,0.0,0.0,-3.06858093157511e-05
2026-08-24T01:06:11.697013,4.85,-3.7115470433497194e-10,-5.121900666809578e-19,0.0,8.391143073716022e-07,0.0,0.0,4.195571536857888e-07,0.999999999999912,4.87615191584123e-13,-5.976784787280378e-17,0.0,0.0,0.0,3.885517807121738e-05
2026-08-24T01:06:11.733848,4.87,-3.7115060437758987e-10,-5.013002625694883e-19,0.0,-1.6597737757528823e-06,0.0,0.0,-8.298868878763456e-07,0.9999999999996556,4.846281555884779e-13,-5.867610513197524e-17,0.0,0.0,0.0,-0.00014180963422786514
2026-08-24T01:06:11.762601,4.89,-3.7114649308116474e-10,-4.906510328743225e-19,0.0,-1.942233843088559e-06,0.0,0.0,-9.711169215441267e-07,0.9999999999995285,4.817026578708081e-13,-5.760848294647953e-17,0.0,0.0,0.0,0.0003583954168211961
2026-08-24T01:06:11.797318,4.91,-3.7114237091360474e-10,-4.799667201262143e-19,0.0,4.902703301112867e-07,0.0,0.0,2.451351650556408e-07,0.9999999999999699,4.787916786175578e-13,-5.653736419434158e-17,0.0,0.0,0.0,-0.00031527200642540173
2026-08-24T01:06:11.832911,4.93,-3.711382372744339e-10,-4.696369980985422e-19,0.0,-1.523826759886049e-06,0.0,0.0,-7.619133799429507e-07,0.9999999999997098,4.759492113180193e-13,-5.5501789399072307e-17,0.0,0.0,0.0,-0.00015860724759365045
2026-08-24T01:06:11.863989,4.95,-3.71134092543169e-10,-4.594126351441692e-19,0.0,1.0255153242155757e-06,0.0,0.0,5.127576621077654e-07,0.9999999999998685,4.731440791703522e-13,-5.4476785619855535e-17,0.0,0.0,0.0,0.0005519932880994688
2026-08-24T01:06:11.902941,4.97,-3.711299366897596e-10,-4.490481101146857e-19,0.0,1.462224718640215e-06,0.0,0.0,7.311123593200423e-07,0.9999999999997328,4.703733549158353e-13,-5.3437757639153057e-17,0.0,0.0,0.0,-6.824857514155472e-05
2026-08-24T01:06:11.935415,4.99,-3.7112577017420337e-10,-4.390374214911622e-19,0.0,1.2769029962278466e-06,0.0,0.0,6.384514981138799e-07,0.9999999999997962,4.676255686153789e-13,-5.243419580935345e-17,0.0,0.0,0.0,-0.00010986536014509881
2026-08-24T01:06:11.965037,5.01,-3.711215921929875e-10,-4.291796644257906e-19,0.0,-3.28993861220539e-06,0.0,0.0,-1.644969306101953e-06,0.9999999999986471,4.649420157961611e-13,-5.144597163809013e-17,0.0,0.0,0.0,-0.00013031240099186766
2026-08-24T01:06:12.005566,5.03,-3.7111740332775604e-10,-4.1950967326980395e-19,0.0,5.183026495103604e-06,0.0,0.0,2.5915132475489015e-06,0.999999999996642,4.622784606238363e-13,-5.047657370820888e-17,0.0,0.0,0.0,-0.0002223310607282025
2026-08-24T01:06:12.041982,5.05,-3.867557695660565e-10,6.892330627282431e-20,0.0,4.386464772743182e-06,0.0,0.0,2.1932323863698324e-06,0.9999999999975948,4.59313546770445e-13,-2.253625019290897e-18,0.0,0.0,0.0,-0.00021909238411358474
2026-08-24T01:06:12.078200,5.07,-3.867515763484564e-10,7.094894191044037e-20,0.0,1.3973673462785996e-07,0.0,0.0,6.986836731392993e-08,0.9999999999999976,4.567498593129685e-13,-2.050776102289474e-18,0.0,0.0,0.0,-0.0005025668072749237
2026-08-24T01:06:12.106857,5.09,-3.8674735641562133e-10,7.27961445036243e-20,0.0,1.2321440476803502e-06,0.0,0.0,6.160720238401362e-07,0.9999999999998103,4.542171056385349e-13,-1.865801895219281e-18,0.0,0.0,0.0,-9.268483206548685e-05
2026-08-24T01:06:12.141231,5.11,-3.8674312557727846e-10,7.475039563566976e-20,0.0,1.4086510682354003e-06,0.0,0.0,7.043255341176419e-07,0.999999999999752,4.517192276177551e-13,-1.6701043793076569e-18,0.0,0.0,0.0,2.1936882280923858e-05
2026-08-24T01:06:12.176110,5.12,-4.024984999569452e-10,9.926965301866764e-20,0.0,-4.789186824893932e-10,0.0,0.0,-2.394593412446966e-10,1.0,2.125897083273826e-13,1.1355278255917095e-17,0.0,0.0,0.0,0.00035290148629020133
2026-08-24T01:06:12.203959,5.15,-4.024909571235802e-10,2.134138082002482e-19,0.0,-1.5321891755348815e-07,0.0,0.0,-7.6609458776744e-08,0.9999999999999971,4.464970726514215e-13,1.147726606731157e-17,0.0,0.0,0.0,0.0003871561030955338
2026-08-24T01:06:12.242419,5.17,-4.024866954668342e-10,2.1337208303599178e-19,0.0,-2.6928067247133924e-06,0.0,0.0,-1.3464033623562894e-06,0.9999999999990936,4.4410717147018576e-13,1.1472824445057478e-17,0.0,0.0,0.0,-0.00019460186078738983
2026-08-24T01:06:12.270790,5.19,-4.0248242279165037e-10,2.1310265516348833e-19,0.0,4.397930686295126e-07,0.0,0.0,2.1989653431475454e-07,0.9999999999999758,4.417641555454153e-13,1.1445573579430227e-17,0.0,0.0,0.0,0.00010099591472801736
2026-08-24T01:06:12.299322,5.21,-4.3429564498697245e-10,2.8956767861735193e-19,0.0,-2.397316252178428e-06,0.0,0.0,-1.1986581260889268e-06,0.9999999999992816,-1.5978997730249245e-09,1.753609206075548e-17,0.0,0.0,0.0,1.824697336837638e-05
2026-08-24T01:06:12.331438,5.23,-4.183568207538013e-10,5.986165854011284e-19,0.0,6.145993816097928e-07,0.0,0.0,3.0729969080489157e-07,0.9999999999999528,5.596262256844809e-13,4.9290460608078816e-17,0.0,0.0,0.0,0.00016446317311689452
2026-08-24T01:06:12.363878,5.25,-4.1835246941329413e-10,5.924921250765841e-19,0.0,7.608410945714184e-07,0.0,0.0,3.804205472857e-07,0.9999999999999276,5.589978574549931e-13,4.867623059325384e-17,0.0,0.0,0.0,-0.0001697141175982653
2026-08-24T01:06:12.403317,5.27,-4.183481628001451e-10,5.862845794105243e-19,0.0,2.467388369176149e-07,0.0,0.0,1.2336941845880713e-07,0.9999999999999923,5.552334512088628e-13,4.805356236800847e-17,0.0,0.0,0.0,0.00044881005621175564
2026-08-24T01:06:12.431889,5.29,-4.1834384477082397e-10,5.803860789163652e-19,0.0,-7.775108139540523e-07,0.0,0.0,-3.8875540697701625e-07,0.9999999999999244,5.515364995594364e-13,4.746187330209451e-17,0.0,0.0,0.0,-0.0007322112075362536
2026-08-24T01:06:12.461820,5.31,-4.183395160747605e-10,5.740284667859031e-19,0.0,2.6439305895742393e-06,0.0,0.0,1.3219652947867347e-06,0.9999999999991263,5.478733151596113e-13,4.682420225216506e-17,0.0,0.0,0.0,0.00017606308301394854
2026-08-24T01:06:12.497711,5.32,-4.1833898708626185e-10,1.0701493120726737e-19,0.0,-4.938889297534388e-10,0.0,0.0,-2.469444648767194e-10,1.0,2.178849733923011e-13,4.599447806109599e-17,0.0,0.0,0.0,1.61697960318025e-06
2026-08-24T01:06:12.526592,5.34,-4.1833462146838005e-10,1.0701274900989468e-19,0.0,-4.965912125953764e-10,0.0,0.0,-2.482956062976882e-10,1.0,2.184127749454939e-13,4.540903132508572e-17,0.0,0.0,0.0,-3.0392327538379804e-05
2026-08-24T01:06:12.563093,5.37,-4.344220701756575e-10,5.362622804227471e-19,0.0,9.083848451219012e-07,0.0,0.0,4.54192422560935e-07,0.9999999999998969,5.368337414539759e-13,4.222207694572654e-17,0.0,0.0,0.0,0.00025160918195007076
2026-08-24T01:06:12.594270,5.39,-4.34417715882564e-10,5.310112068288147e-19,0.0,-1.4652230229117436e-07,0.0,0.0,-7.326115114558711e-08,0.9999999999999973,5.333992697872974e-13,4.169537509136782e-17,0.0,0.0,0.0,-7.120843772447089e-05
2026-08-24T01:06:12.624151,5.41,-4.344129835268182e-10,5.256618114235909e-19,0.0,1.6699557341404159e-06,0.0,0.0,8.34977867070111e-07,0.9999999999996514,5.300080871837098e-13,4.11588562689527e-17,0.0,0.0,0.0,0.00025418292853692724
2026-08-24T01:06:12.660216,5.43,-4.344085909231715e-10,5.205182697195321e-19,0.0,-3.5496046715266516e-06,0.0,0.0,-1.774802335762394e-06,0.999999999998425,5.266569890950023e-13,4.0642956518259266e-17,0.0,0.0,0.0,3.45681942285226e-06
2026-08-24T01:06:12.693817,5.45,-4.344041875026905e-10,5.152489852501967e-19,0.0,1.078894817041487e-06,0.0,0.0,5.394474085207173e-07,0.9999999999998544,5.233519841380886e-13,4.011447478290106e-17,0.0,0.0,0.0,-0.0001292731056912678
2026-08-24T01:06:12.729468,5.47,-4.343997728561589e-10,5.100416175397437e-19,0.0,-1.8368870611240593e-06,0.0,0.0,-9.184435305619006e-07,0.9999999999995782,5.2010824789717e-13,3.9592206752017007e-17,0.0,0.0,0.0,-0.0001635563410559369
2026-08-24T01:06:12.761570,5.49,-4.343953476014944e-10,5.048320644047091e-19,0.0,-1.2471180168560634e-06,0.0,0.0,-6.235590084279914e-07,0.9999999999998056,5.168945740539881e-13,3.9069735901649776e-17,0.0,0.0,0.0,7.419629533988699e-05
2026-08-24T01:06:12.797459,5.51,-4.3439091174605674e-10,4.997734852028179e-19,0.0,-1.735760966070643e-06,0.0,0.0,-8.678804830352126e-07,0.9999999999996234,5.137172365065347e-13,3.8562403036165335e-17,0.0,0.0,0.0,-0.00011233610886421669
2026-08-24T01:06:12.829127,5.53,-4.343864645860016e-10,4.946859143170104e-19,0.0,4.995571303290092e-07,0.0,0.0,2.49778565164502e-07,0.9999999999999688,5.106142787889022e-13,3.8052179014030937e-17,0.0,0.0,0.0,-9.13935640986801e-05
2026-08-24T01:06:12.862715,5.55,-4.3438200686299307e-10,4.896838784374967e-19,0.0,-1.5876461816333178e-06,0.0,0.0,-7.938230908165755e-07,0.9999999999996849,5.075421622729146e-13,3.755053674318819e-17,0.0,0.0,0.0,-2.474154155123918e-06
2026-08-24T01:06:12.897440,5.57,-4.343775386318192e-10,4.847397047532097e-19,0.0,-4.193560267928831e-07,0.0,0.0,-2.0967801339644e-07,0.999999999999978,5.044991551138587e-13,3.705470590639019e-17,0.0,0.0,0.0,0.00046431196045009925
2026-08-24T01:06:12.930031,5.59,-4.3437305922048195e-10,4.800332224053336e-19,0.0,1.5573353291387097e-06,0.0,0.0,7.78667664569276e-07,0.9999999999996968,5.015309295588914e-13,3.6582700454169424e-17,0.0,0.0,0.0,-0.0003934690342361749
2026-08-24T01:06:12.962719,5.61,-4.343685693713819e-10,4.750728390028588e-19,0.0,3.5468649883796384e-06,0.0,0.0,1.7734324941888898e-06,0.9999999999984275,4.985686364401233e-13,3.608526910164575e-17,0.0,0.0,0.0,-0.00012559818869778893
2026-08-24T01:06:12.997416,5.63,-4.3436406837875746e-10,4.702832932015516e-19,0.0,-2.159261078382713e-06,0.0,0.0,-1.0796305391911467e-06,0.9999999999994172,4.956797621706218e-13,3.5604966354716935e-17,0.0,0.0,0.0,-8.325325688810509e-05
2026-08-24T01:06:13.027129,5.65,-4.3435955677242587e-10,4.6549641232379835e-19,0.0,-1.5384539557850019e-06,0.0,0.0,-7.692269778924251e-07,0.9999999999997041,4.928262871157647e-13,3.512494543410037e-17,0.0,0.0,0.0,-2.592511442162462e-05
2026-08-24T01:06:13.062351,5.67,-4.343550344015086e-10,4.607857383108097e-19,0.0,1.5702312516907568e-07,0.0,0.0,7.851156258453776e-08,0.9999999999999969,4.90007912242629e-13,3.465256949363301e-17,0.0,0.0,0.0,-9.186356118805577e-05
2026-08-24T01:06:13.096037,5.69,-4.343505013318757e-10,4.561156959455203e-19,0.0,8.510613676016021e-07,0.0,0.0,4.255306838007882e-07,0.9999999999999095,4.872357552845219e-13,3.4184275947190295e-17,0.0,0.0,0.0,3.876408807407928e-05
2026-08-24T01:06:13.132509,5.71,-4.3434595717360046e-10,4.515466483574872e-19,0.0,4.410546186051078e-07,0.0,0.0,2.2052730930255213e-07,0.9999999999999757,4.845144284705204e-13,3.37261130589355e-17,0.0,0.0,0.0,0.00015307051295379307
2026-08-24T01:06:13.164681,5.72,-4.3434495382337003e-10,1.1511712822319544e-19,0.0,-5.133173885951692e-10,0.0,0.0,-2.566586942975846e-10,1.0,2.2839643172266857e-13,3.311276747759199e-17,0.0,0.0,0.0,5.07861619466556e-05
2026-08-24T01:06:13.196828,5.75,-4.3433683756565027e-10,4.424835011696982e-19,0.0,-1.8671433577033272e-06,0.0,0.0,-9.335716788515278e-07,0.9999999999995642,4.791587993197436e-13,3.281733133076879e-17,0.0,0.0,0.0,-0.00025725665270552166
2026-08-24T01:06:13.231521,5.77,-4.509866819890544e-10,2.6448383485382655e-19,0.0,8.768130452807556e-07,0.0,0.0,4.384065226403637e-07,0.9999999999999039,4.761417418208864e-13,1.4109576130385584e-17,0.0,0.0,0.0,5.9052725097960695e-05
2026-08-24T01:06:13.264304,5.79,-4.5098211462375244e-10,2.629974958777093e-19,0.0,1.065382963183481e-06,0.0,0.0,5.326914815917153e-07,0.9999999999998581,4.735810435090148e-13,1.396057187208289e-17,0.0,0.0,0.0,0.00019269872605280083
2026-08-24T01:06:13.291924,5.8100000000000005,-4.509775198617186e-10,2.615684409221907e-19,0.0,7.881090038353021e-07,0.0,0.0,3.940545019176409e-07,0.9999999999999224,4.710547606129772e-13,1.3817313510692443e-17,0.0,0.0,0.0,-8.250187938697683e-05
2026-08-24T01:06:13.327704,5.83,-4.509729147687106e-10,2.600506342640914e-19,0.0,-6.52041051374397e-07,0.0,0.0,-3.2602052568719264e-07,0.9999999999999468,4.685490224356911e-13,1.3665168469555186e-17,0.0,0.0,0.0,0.00041785598526277167
2026-08-24T01:06:13.360702,5.85,-5.013435002040452e-10,1.2676798781100881e-19,0.0,1.9230359051825023e-06,0.0,0.0,9.615179525911027e-07,0.9999999999995377,-1.6879389505679967e-09,-2.491396642017626e-18,0.0,0.0,0.0,0.0002071022763109215
2026-08-24T01:06:13.393865,5.87,-4.845069096243006e-10,-3.720391320253346e-19,0.0,1.8114566908700171e-06,0.0,0.0,9.057283454348846e-07,0.9999999999995898,5.926138742696997e-13,-5.151375484076152e-17,0.0,0.0,0.0,-9.184073670711953e-05
2026-08-24T01:06:13.427304,5.89,-4.845014803097484e-10,-3.632393501364739e-19,0.0,-1.6286815651689326e-06,0.0,0.0,-8.143407825843762e-07,0.9999999999996684,6.29443256208306e-13,-5.0629443514957394e-17,0.0,0.0,0.0,0.00025367010908805185
2026-08-24T01:06:13.458514,5.91,-5.013453198506333e-10,-5.055833572959557e-19,0.0,-4.5263995751554386e-07,0.0,0.0,-2.2631997875776995e-07,0.9999999999999744,5.875457048210696e-13,-6.586370377692544e-17,0.0,0.0,0.0,-0.00044452956477097064
2026-08-24T01:06:13.490166,5.93,-5.013406934579075e-10,-4.946320642656886e-19,0.0,1.6413974335272032e-06,0.0,0.0,8.206987167635094e-07,0.9999999999996633,5.836231188387199e-13,-6.476545460666319e-17,0.0,0.0,0.0,0.0001872196642534445
2026-08-24T01:06:13.520488,5.94,-5.013401065315726e-10,1.5199326599579253e-19,0.0,-5.829448035399309e-10,0.0,0.0,-2.9147240176996547e-10,1.0,2.336590936192635e-13,-6.344947255279122e-17,0.0,0.0,0.0,-7.993911903094825e-05
2026-08-24T01:06:13.556946,5.97,-5.013313753952485e-10,-4.7263657583418575e-19,0.0,1.2959897790487673e-06,0.0,0.0,6.479948895243383e-07,0.9999999999997901,5.759160596110559e-13,-6.255970693648054e-17,0.0,0.0,0.0,-2.5973072227395983e-05
2026-08-24T01:06:13.587906,5.98,-5.013307345505011e-10,1.519878261146237e-19,0.0,-5.850084860981042e-10,0.0,0.0,-2.925042430490521e-10,1.0,2.346912302479672e-13,-6.129367030312515e-17,0.0,0.0,0.0,0.0001781764707461354
2026-08-24T01:06:13.622472,6.01,-5.013220145465642e-10,-4.513330252977661e-19,0.0,-1.0282225986202318e-06,0.0,0.0,-5.141112993100934e-07,0.9999999999998679,5.684509212978748e-13,-6.042336515875602e-17,0.0,0.0,0.0,-0.00014145845753942994
2026-08-24T01:06:13.654183,6.03,-5.013173183926202e-10,-4.409578882209189e-19,0.0,-2.3361610295147273e-06,0.0,0.0,-1.168080514757098e-06,0.9999999999993178,5.64770286469569e-13,-5.938293791396778e-17,0.0,0.0,0.0,-0.0001625312289843516
2026-08-24T01:06:13.688902,6.04,-5.183737810676878e-10,1.6214457909402545e-19,0.0,-6.070295377469392e-10,0.0,0.0,-3.035147688734696e-10,1.0,-1.7054794737654357e-09,-9.309783492302602e-17,0.0,0.0,0.0,0.0003526153006438936
2026-08-24T01:06:13.721959,6.06,-5.354539560103727e-10,1.7254518973621497e-19,0.0,-6.200231439379422e-10,0.0,0.0,-3.100115719689711e-10,1.0,-1.7082513176482292e-09,-7.546975365834097e-17,0.0,0.0,0.0,-0.00011024865081733826
2026-08-24T01:06:13.753017,6.09,-5.354435825552901e-10,-4.09971101536163e-19,0.0,1.934948581805429e-06,0.0,0.0,9.674742909025635e-07,0.999999999999532,8.189789633878634e-13,-5.834007417151263e-17,0.0,0.0,0.0,0.0002518130468564381
2026-08-24T01:06:13.782422,6.11,-5.354388057594898e-10,-3.994793422828482e-19,0.0,6.524003679508894e-07,0.0,0.0,3.2620018397543893e-07,0.9999999999999468,8.155706677105994e-13,-5.728794976442551e-17,0.0,0.0,0.0,-0.0003769350185318204
2026-08-24T01:06:13.815595,6.12,-5.354393126459659e-10,1.7258059514275939e-19,0.0,-6.24194029796854e-10,0.0,0.0,-3.12097014898427e-10,1.0,2.3807314573861107e-13,-5.613642829699929e-17,0.0,0.0,0.0,-8.54457881913926e-05
2026-08-24T01:06:13.845024,6.14,-5.35434543692136e-10,1.7257764239850726e-19,0.0,-6.242211192386549e-10,0.0,0.0,-3.1211055961932743e-10,1.0,2.3858442258989974e-13,-5.515788507409683e-17,0.0,0.0,0.0,-0.00016051116984546265
2026-08-24T01:06:13.879329,6.17,-5.354238195860482e-10,-3.7005406838959897e-19,0.0,5.742842366096568e-07,0.0,0.0,2.871421183048244e-07,0.9999999999999588,8.343614510197807e-13,-5.4337170571663404e-17,0.0,0.0,0.0,7.22257452597047e-05
2026-08-24T01:06:13.904928,6.19,-5.354194452647831e-10,-3.602622413639993e-19,0.0,1.2191556519880464e-06,0.0,0.0,6.095778259939854e-07,0.9999999999998143,7.891700076615452e-13,-5.3355316504426283e-17,0.0,0.0,0.0,0.0002485816747334628
2026-08-24T01:06:13.933896,6.21,-5.354146747317161e-10,-3.5047588349093417e-19,0.0,-4.656310372830319e-07,0.0,0.0,-2.3281551864151386e-07,0.9999999999999729,7.827695474778639e-13,-5.237400296057708e-17,0.0,0.0,0.0,-0.0001815294547946247
2026-08-24T01:06:13.964577,6.23,-5.354098933560452e-10,-3.411468875723704e-19,0.0,-1.281723816415337e-06,0.0,0.0,-6.408619082076245e-07,0.9999999999997946,7.764788465671001e-13,-5.143852831966663e-17,0.0,0.0,0.0,0.00033440192268770924
2026-08-24T01:06:13.994945,6.25,-5.354051013585213e-10,-3.316551525290031e-19,0.0,4.057238687238396e-07,0.0,0.0,2.028619343619184e-07,0.9999999999999795,7.70257945716359e-13,-5.048676497206997e-17,0.0,0.0,0.0,-0.00022799574557998354
2026-08-24T01:06:14.026590,6.27,-5.354002989400827e-10,-3.2258036894144865e-19,0.0,-3.504076935278988e-07,0.0,0.0,-1.752038467639485e-07,0.9999999999999847,7.641166176942332e-13,-4.95767936434893e-17,0.0,0.0,0.0,2.639343063391796e-05
2026-08-24T01:06:14.058402,6.29,-5.702285111699538e-10,-3.448421502979071e-19,0.0,3.0423154524505946e-06,0.0,0.0,1.5211577262247108e-06,0.999999999998843,-1.7490823427480909e-09,-5.402319232674611e-17,0.0,0.0,0.0,-0.00023496000832503845
2026-08-24T01:06:14.089187,6.31,-5.527792712104383e-10,-5.74248422644311e-19,0.0,2.4914786496132986e-06,0.0,0.0,1.2457393248063272e-06,0.9999999999992241,8.86132698769282e-13,-7.588593951795821e-17,0.0,0.0,0.0,3.464463989624121e-05
2026-08-24T01:06:14.121393,6.33,-5.527743873694652e-10,-5.608045943905181e-19,0.0,1.1903817931369076e-08,0.0,0.0,5.951908965684538e-09,1.0,8.819990945930619e-13,-7.453991862793558e-17,0.0,0.0,0.0,-0.00010427881707883687
2026-08-24T01:06:14.152768,6.35,-5.527695537117822e-10,-5.47762996174157e-19,0.0,2.6037064948525313e-08,0.0,0.0,1.3018532474262656e-08,0.9999999999999999,8.744828544342172e-13,-7.323218454495086e-17,0.0,0.0,0.0,-0.0001596192749517071
2026-08-24T01:06:14.182229,6.37,-5.527647092281832e-10,-5.3493297412585815e-19,0.0,7.590084316611013e-07,0.0,0.0,3.795042158305415e-07,0.999999999999928,8.67072356900611e-13,-7.194567250892258e-17,0.0,0.0,0.0,-0.0002040727247290939
2026-08-24T01:06:14.212479,6.38,-5.527653761100651e-10,1.8350610496940302e-19,0.0,-6.40655972716786e-10,0.0,0.0,-3.20327986358393e-10,1.0,2.445655030815251e-13,-7.047908967906117e-17,0.0,0.0,0.0,-0.0005372434490939157
2026-08-24T01:06:14.238312,6.41,-5.527549890469222e-10,-5.0987561483355165e-19,0.0,1.218577744932503e-06,0.0,0.0,6.092888724662138e-07,0.9999999999998144,8.525322352989786e-13,-6.943309699164079e-17,0.0,0.0,0.0,-8.312571606203752e-05
2026-08-24T01:06:14.272448,6.43,-5.87968290257382e-10,-2.8601745475306623e-19,0.0,-3.2385317316752094e-07,0.0,0.0,-1.6192658658375975e-07,0.9999999999999869,-1.7683441413950173e-09,-4.930707119674457e-17,0.0,0.0,0.0,-2.2608613983957207e-05
2026-08-24T01:06:14.299204,6.45,-5.703261001569306e-10,-2.1441815839961032e-19,0.0,-1.9948332656838375e-06,0.0,0.0,-9.974166328417533e-07,0.9999999999995026,9.738638114870574e-13,-4.097228176315045e-17,0.0,0.0,0.0,0.00029307698158618643
2026-08-24T01:06:14.332520,6.47,-5.703211528763759e-10,-2.063332212664888e-19,0.0,1.6196196450657396e-06,0.0,0.0,8.098098225327813e-07,0.9999999999996722,9.687224524067583e-13,-4.0161837873972144e-17,0.0,0.0,0.0,-5.3005761493454514e-05
2026-08-24T01:06:14.363023,6.49,-5.703162566467859e-10,-1.984591381472745e-19,0.0,-6.836462462800341e-07,0.0,0.0,-3.418231231400104e-07,0.9999999999999416,9.601557298777304e-13,-3.937233534557097e-17,0.0,0.0,0.0,-0.00011471691970398203
2026-08-24T01:06:14.392011,6.51,-5.703113496982347e-10,-1.908582257810086e-19,0.0,-5.628592856687931e-06,0.0,0.0,-2.8142964283402502e-06,0.9999999999960398,9.517072999267938e-13,-3.8610210755756844e-17,0.0,0.0,0.0,-0.00032441714067912077
2026-08-24T01:06:14.424987,6.52,-5.703123887869165e-10,1.948878964534192e-19,0.0,-6.650395789620234e-10,0.0,0.0,-3.325197894810117e-10,1.0,2.4797619477367796e-13,-3.7830341401103894e-17,0.0,0.0,0.0,6.776086513641139e-05
2026-08-24T01:06:14.454687,6.55,-6.058480904640875e-10,-4.6484873614093285e-20,0.0,-4.683905668212417e-06,0.0,0.0,-2.341952834104068e-06,0.9999999999972576,-1.7847528303466179e-09,-2.6530984824338042e-17,0.0,0.0,0.0,-0.00018227067664653882
2026-08-24T01:06:14.485548,6.57,-5.880413783623015e-10,8.755211965562132e-19,0.0,9.284144333321366e-07,0.0,0.0,4.6420721666605156e-07,0.9999999999998923,1.063757723017752e-12,6.70463727327914e-17,0.0,0.0,0.0,-0.00010843120809817257
2026-08-24T01:06:14.513857,6.59,-6.058225872083819e-10,9.756762673036743e-19,0.0,-2.1205738827134724e-06,0.0,0.0,-1.0602869413565375e-06,0.9999999999994379,1.0571230072323325e-12,7.585785058942731e-17,0.0,0.0,0.0,-2.2354147084319967e-05
2026-08-24T01:06:14.547373,6.6,-6.058237413811181e-10,2.1888766339546703e-19,0.0,-6.95840718378804e-10,0.0,0.0,-3.47920359189402e-10,1.0,2.900695990403315e-13,7.442884836783209e-17,0.0,0.0,0.0,-5.0379160785633465e-05
2026-08-24T01:06:14.580064,6.63,-6.058122982822289e-10,9.546249113825678e-19,0.0,-1.4603900888587873e-07,0.0,0.0,-7.30195044429393e-08,0.9999999999999973,1.0379961208466357e-12,7.374680937126535e-17,0.0,0.0,0.0,-0.0002342090229972103
2026-08-24T01:06:14.609034,6.65,-6.416261467277362e-10,9.465666827705832e-19,0.0,-5.310260604574069e-07,0.0,0.0,-2.655130302287003e-07,0.9999999999999648,-1.798335387803111e-09,7.039568451456931e-17,0.0,0.0,0.0,0.00044220353229412355
2026-08-24T01:06:14.642125,6.67,-6.236830606971035e-10,5.409523654072387e-19,0.0,5.756144112467609e-07,0.0,0.0,2.878072056233765e-07,0.9999999999999586,1.1571242430790827e-12,3.103671997037122e-17,0.0,0.0,0.0,-0.000216349684876578
2026-08-24T01:06:14.670914,6.69,-6.236780214191905e-10,5.370535991683695e-19,0.0,-2.2586738319674282e-06,0.0,0.0,-1.129336915983474e-06,0.9999999999993623,1.1497904947397337e-12,3.0649787700006534e-17,0.0,0.0,0.0,-0.0003055763460323688
2026-08-24T01:06:14.697961,6.71,-6.236730343410944e-10,5.329647998874951e-19,0.0,-2.5483605168297174e-06,0.0,0.0,-1.274180258414514e-06,0.9999999999991882,1.1389968465726326e-12,3.023983268519203e-17,0.0,0.0,0.0,-0.00022466393927164766
2026-08-24T01:06:14.731917,6.73,-6.236680362169332e-10,5.289763934883162e-19,0.0,-8.556774129253597e-07,0.0,0.0,-4.278387064626668e-07,0.9999999999999085,1.1283738147755114e-12,2.9839946509868537e-17,0.0,0.0,0.0,7.419128402488714e-05
2026-08-24T01:06:14.761213,6.74,-6.236698823032626e-10,2.3143185269407474e-19,0.0,-7.121423450939801e-10,0.0,0.0,-3.5607117254699006e-10,1.0,2.5305793148404663e-13,2.931421770235021e-17,0.0,0.0,0.0,-3.0368299740436808e-05
2026-08-24T01:06:14.786321,6.77,-6.236580087875871e-10,5.217928802161002e-19,0.0,5.274866854421134e-08,0.0,0.0,2.6374334272105667e-08,0.9999999999999997,1.1074823974357928e-12,2.911968504579177e-17,0.0,0.0,0.0,6.818365357829943e-05
2026-08-24T01:06:14.813831,6.79,-6.236529795639468e-10,5.183390447759651e-19,0.0,-1.4833265007396792e-06,0.0,0.0,-7.416632503697715e-07,0.999999999999725,1.0972380890351418e-12,2.87733886660236e-17,0.0,0.0,0.0,8.236303334767199e-05
2026-08-24T01:06:14.848486,6.8,-6.41741700404678e-10,2.44464234369557e-19,0.0,-7.308176286358048e-10,0.0,0.0,-3.654088143179024e-10,1.0,2.5437852631841657e-13,1.2516768108464003e-17,0.0,0.0,0.0,0.00017617985508962811
2026-08-24T01:06:14.872615,6.83,-6.417299649016586e-10,3.693073508303402e-19,0.0,2.105409222963317e-06,0.0,0.0,1.0527046114814641e-06,0.9999999999994459,1.0767764448517318e-12,1.253509283405173e-17,0.0,0.0,0.0,-0.00023883327246232116
2026-08-24T01:06:14.904767,6.85,-6.41724906747326e-10,3.6827560385340963e-19,0.0,2.1584055067691565e-06,0.0,0.0,1.0792027533843688e-06,0.9999999999994177,1.0669289676449525e-12,1.2431717961779925e-17,0.0,0.0,0.0,3.0045604396236104e-05
2026-08-24T01:06:14.933314,6.87,-6.417198379382976e-10,3.6748027293932005e-19,0.0,1.389457687572815e-06,0.0,0.0,6.947288437863515e-07,0.9999999999997586,1.0572281054668099e-12,1.2352035331963047e-17,0.0,0.0,0.0,0.0001334687419137759
2026-08-24T01:06:14.963553,6.89,-6.41714758647442e-10,3.6672608108078015e-19,0.0,4.033181848939194e-06,0.0,0.0,2.01659092446823e-06,0.9999999999979666,1.0476561708899732e-12,1.2276479055611697e-17,0.0,0.0,0.0,7.516421285056374e-05
2026-08-24T01:06:14.996993,6.91,-6.417096689529747e-10,3.6606181675460813e-19,0.0,-4.043199562264733e-06,0.0,0.0,-2.021599781130989e-06,0.9999999999979565,1.038203111700581e-12,1.220993516341743e-17,0.0,0.0,0.0,0.00019641518478420738
2026-08-24T01:06:15.022832,6.93,-6.417045690482968e-10,3.650566455492447e-19,0.0,2.632713251848884e-06,0.0,0.0,1.3163566259240618e-06,0.9999999999991336,1.0288718951158799e-12,1.210924610268998e-17,0.0,0.0,0.0,-0.00012264712539890668
2026-08-24T01:06:15.055377,6.95,-6.416994587668331e-10,3.641435171466461e-19,0.0,1.9361697622954924e-07,0.0,0.0,9.680848811477446e-08,0.9999999999999953,1.019665117234663e-12,1.2017775964388329e-17,0.0,0.0,0.0,0.00020674637563370245
2026-08-24T01:06:15.091397,6.97,-6.600024323403185e-10,3.978492030321211e-19,0.0,2.9081173469336363e-08,0.0,0.0,1.4540586734668182e-08,0.9999999999999999,1.0101431245396657e-12,1.403847098399587e-17,0.0,0.0,0.0,2.68189749807984e-05
2026-08-24T01:06:15.120356,6.99,-6.599973220993132e-10,3.9658623983816214e-19,0.0,2.306788664085957e-06,0.0,0.0,1.1533943320427227e-06,0.9999999999993349,1.0012068928592767e-12,1.3911942330991832e-17,0.0,0.0,0.0,-0.0001582951283406293
2026-08-24T01:06:15.149377,7.01,-6.59992183598534e-10,3.9529358515666355e-19,0.0,5.064305952373616e-06,0.0,0.0,2.532152976184102e-06,0.9999999999967941,9.923574293809306e-13,1.3782444594215093e-17,0.0,0.0,0.0,0.00011985490182093658
2026-08-24T01:06:15.182611,7.03,-6.968544750824998e-10,1.2429907444630324e-18,0.0,1.3941979677412066e-06,0.0,0.0,6.970989838705468e-07,0.999999999999757,-1.8510597471195788e-09,9.591038887300523e-17,0.0,0.0,0.0,-0.00032942111869306703
2026-08-24T01:06:15.213887,7.05,-6.783860499255201e-10,1.3449297506518924e-18,0.0,2.7923476753066723e-06,0.0,0.0,1.3961738376528825e-06,0.9999999999990253,1.1168605650570256e-12,1.0752944279710192e-16,0.0,0.0,0.0,0.0003756459354401758
2026-08-24T01:06:15.242550,7.07,-6.783808280377878e-10,1.3291802640769003e-18,0.0,2.0637560149694423e-07,0.0,0.0,1.0318780074847193e-07,0.9999999999999947,1.110228332950993e-12,1.0594720293471143e-16,0.0,0.0,0.0,0.00020302085397303158
2026-08-24T01:06:15.270220,7.09,-6.783756601634345e-10,1.3132714815184096e-18,0.0,-4.631864665149977e-07,0.0,0.0,-2.3159323325749674e-07,0.9999999999999731,1.1000487807214686e-12,1.0435208706951424e-16,0.0,0.0,0.0,-0.00035287680224699763
2026-08-24T01:06:15.299903,7.1,-6.783772391535097e-10,2.718907891209471e-19,0.0,-7.701692616990385e-10,0.0,0.0,-3.8508463084951927e-10,1.0,2.6141292500747034e-13,1.0230362871601506e-16,0.0,0.0,0.0,-5.575375288836501e-05
2026-08-24T01:06:15.332970,7.13,-6.783652937561512e-10,1.281312356597802e-18,0.0,-1.8294530024220995e-07,0.0,0.0,-9.147265012110482e-08,0.9999999999999958,1.0800550136420065e-12,1.0114777814056646e-16,0.0,0.0,0.0,-2.1467861376455514e-05
2026-08-24T01:06:15.359527,7.14,-6.783667583864207e-10,2.7188266457453354e-19,0.0,-7.671756563354393e-10,0.0,0.0,-3.8358782816771964e-10,1.0,2.623770522187097e-13,9.918696204997169e-17,0.0,0.0,0.0,-0.0001503969545336775
2026-08-24T01:06:15.389541,7.17,-6.969387362637082e-10,1.1000731345467525e-18,0.0,-9.230756856659639e-07,0.0,0.0,-4.615378428329655e-07,0.9999999999998935,1.0601467872463906e-12,8.154265632973938e-17,0.0,0.0,0.0,-9.949953373292569e-05
2026-08-24T01:06:15.419847,7.19,-6.969335382040991e-10,1.0874026094802225e-18,0.0,1.7433338403982643e-06,0.0,0.0,8.716669201990218e-07,0.9999999999996201,1.0506304766870302e-12,8.027239033933075e-17,0.0,0.0,0.0,0.00013323086103903605
2026-08-24T01:06:15.448561,7.21,-6.969283116738087e-10,1.0752271807768081e-18,0.0,2.310913565839457e-06,0.0,0.0,1.1554567829194711e-06,0.9999999999993324,1.0412093512819888e-12,7.905175574283314e-17,0.0,0.0,0.0,-0.00012640555585764624
2026-08-24T01:06:15.479877,7.23,-6.969230750354911e-10,1.0630071575168155e-18,0.0,4.843215917205158e-08,0.0,0.0,2.421607958602578e-08,0.9999999999999997,1.0319208581658892e-12,7.782668056253885e-17,0.0,0.0,0.0,0.00024818383782285376
2026-08-24T01:06:15.506177,7.25,-7.343905945064775e-10,1.0891101348568583e-18,0.0,1.03315095900669e-06,0.0,0.0,5.165754795033221e-07,0.9999999999998666,-1.8814515256694824e-09,7.744562378026786e-17,0.0,0.0,0.0,-6.344959075625835e-06
2026-08-24T01:06:15.538740,7.27,-7.156178421280244e-10,8.972410435576197e-19,0.0,-7.219398883151484e-07,0.0,0.0,-3.609699441575664e-07,0.9999999999999348,1.2012528289132125e-12,5.972877500892209e-17,0.0,0.0,0.0,-0.00011509177797840891
2026-08-24T01:06:15.566037,7.29,-7.531955584815243e-10,7.993622095779287e-19,0.0,1.9443248850947725e-06,0.0,0.0,9.721624425472332e-07,0.9999999999995275,-1.8868196987680905e-09,4.684083236015181e-17,0.0,0.0,0.0,4.008177649310706e-05
2026-08-24T01:06:15.599820,7.31,-7.343688681761374e-10,4.0800478685128475e-19,0.0,-7.662550896014864e-07,0.0,0.0,-3.831275448007338e-07,0.9999999999999266,1.2848234816765751e-12,9.18421604833908e-18,0.0,0.0,0.0,0.00022680858775136716
2026-08-24T01:06:15.625581,7.33,-7.53166218088108e-10,3.3777188326477803e-19,0.0,4.328483488080793e-06,0.0,0.0,2.1642417440387066e-06,0.999999999997658,1.2757916617349368e-12,5.827679050568669e-19,0.0,0.0,0.0,0.00015691101539191905
2026-08-24T01:06:15.657728,7.35,-7.909070849469581e-10,1.0888462518248291e-18,0.0,2.2194731323921246e-06,0.0,0.0,1.1097365661958345e-06,0.9999999999993843,-1.8949212956926037e-09,7.261545370001384e-17,0.0,0.0,0.0,0.000493988675945853
2026-08-24T01:06:15.686964,7.37,-7.719984901081256e-10,1.394172172434001e-19,0.0,1.2087298753016287e-06,0.0,0.0,6.043649376507775e-07,0.9999999999998174,1.396751752534686e-12,-2.0898609320829974e-17,0.0,0.0,0.0,7.475678361597063e-05
2026-08-24T01:06:15.713232,7.38,-7.720014152392405e-10,3.4799163523793134e-19,0.0,-8.570397724838585e-10,0.0,0.0,-4.2851988624192927e-10,1.0,2.6745190058862334e-13,-2.0464137107731832e-17,0.0,0.0,0.0,-2.9878647101818894e-05
2026-08-24T01:06:15.742826,7.41,-7.719878536932749e-10,1.4623652226550847e-19,0.0,-2.5755164716478873e-06,0.0,0.0,-1.2877582358235877e-06,0.9999999999991709,1.3731859910716926e-12,-2.020920956455103e-17,0.0,0.0,0.0,-0.00023382271092211107
2026-08-24T01:06:15.772590,7.43,-7.719825530749762e-10,1.4910334085017526e-19,0.0,1.3688400830602632e-06,0.0,0.0,6.844200415300781e-07,0.9999999999997657,1.3597723944289044e-12,-1.9921269470707494e-17,0.0,0.0,0.0,-0.0001451811193915387
2026-08-24T01:06:15.799369,7.45,-7.719772423695737e-10,1.5235715624252012e-19,0.0,-2.530382080312421e-06,0.0,0.0,-1.265191040155873e-06,0.9999999999991996,1.346515308106321e-12,-1.9594564652183143e-17,0.0,0.0,0.0,6.59065583549582e-05
2026-08-24T01:06:15.830173,7.46,-7.719799348846767e-10,3.479732220761776e-19,0.0,-8.602314416350509e-10,0.0,0.0,-4.3011572081752547e-10,1.0,2.6933639330138405e-13,-1.9214923018719232e-17,0.0,0.0,0.0,-0.00011063998594338364
2026-08-24T01:06:15.857499,7.49,-7.719665896660057e-10,1.5855918411249858e-19,0.0,4.2007199851923376e-07,0.0,0.0,2.1003599925961527e-07,0.9999999999999779,1.3205512582034938e-12,-1.897178442704564e-17,0.0,0.0,0.0,-7.097736296432877e-05
2026-08-24T01:06:15.888461,7.51,-7.719612481392402e-10,1.6169931906279158e-19,0.0,-2.1229480218210034e-07,0.0,0.0,-1.0614740109104994e-07,0.9999999999999943,1.3078158223462642e-12,-1.865648442046514e-17,0.0,0.0,0.0,-0.00017924567045115555
2026-08-24T01:06:15.921744,7.53,-7.910307287755882e-10,1.5744454600814047e-19,0.0,1.3819563480232944e-06,0.0,0.0,6.909781740115922e-07,0.9999999999997613,1.2947967659938985e-12,-2.074064276224735e-17,0.0,0.0,0.0,0.0003952850287559773
2026-08-24T01:06:15.951507,7.55,-7.910249466617215e-10,1.6144742601981865e-19,0.0,-8.959946624642613e-07,0.0,0.0,-4.479973312321156e-07,0.9999999999998996,1.2824251123968155e-12,-2.0338834358271722e-17,0.0,0.0,0.0,0.0001915259534661551
2026-08-24T01:06:15.983075,7.57,-7.910186900687495e-10,1.650167115579945e-19,0.0,-1.442803794660108e-06,0.0,0.0,-7.214018973299914e-07,0.9999999999997398,1.3147437830567003e-12,-1.998043295277335e-17,0.0,0.0,0.0,-1.5107508054633563e-05
2026-08-24T01:06:16.009745,7.59,-7.910137539139257e-10,1.682757993139957e-19,0.0,3.7078285988201287e-06,0.0,0.0,1.8539142994090024e-06,0.9999999999982815,1.2581257086133887e-12,-1.9653233509896597e-17,0.0,0.0,0.0,-0.0002189344280614969
2026-08-24T01:06:16.042151,7.61,-7.910083634729798e-10,1.716562308484295e-19,0.0,1.073099698878366e-06,0.0,0.0,5.365498494391572e-07,0.999999999999856,1.246204788334825e-12,-1.9313846236144472e-17,0.0,0.0,0.0,-7.6074898132470336e-06
2026-08-24T01:06:16.071442,7.63,-8.102136787831463e-10,3.13541728690721e-19,0.0,-6.137819728024851e-07,0.0,0.0,-3.0689098640123775e-07,0.9999999999999529,1.2339665084888076e-12,-6.8037212322793e-18,0.0,0.0,0.0,-0.00016782292959517463
2026-08-24T01:06:16.097842,7.65,-8.102082903899368e-10,3.1464450104462915e-19,0.0,1.3334167809908593e-06,0.0,0.0,6.667083904953803e-07,0.9999999999997777,1.2223615090196916e-12,-6.6927004994051684e-18,0.0,0.0,0.0,0.00022768447750597912
2026-08-24T01:06:16.132864,7.67,-8.102028726081305e-10,3.162593404156496e-19,0.0,-5.607730568790714e-07,0.0,0.0,-2.8038652843953206e-07,0.9999999999999607,1.2109061868692392e-12,-6.5303765783659564e-18,0.0,0.0,0.0,-1.2130444401272747e-05
2026-08-24T01:06:16.160961,7.69,-8.101974448403462e-10,3.17484325058382e-19,0.0,7.426723351855458e-07,0.0,0.0,3.7133616759276436e-07,0.999999999999931,1.1995983527298658e-12,-6.407112749752871e-18,0.0,0.0,0.0,-4.526875177701193e-05
2026-08-24T01:06:16.190351,7.71,-8.101920073023433e-10,3.1874539708247194e-19,0.0,2.5117626356596645e-06,0.0,0.0,1.2558813178295021e-06,0.9999999999992114,1.1884300474448387e-12,-6.2802357537216244e-18,0.0,0.0,0.0,-3.172240961070883e-06
2026-08-24T01:06:16.221708,7.73,-8.101865596934351e-10,3.2014237414984373e-19,0.0,3.7542325865835843e-06,0.0,0.0,1.8771162932906893e-06,0.9999999999982382,1.1774152334876802e-12,-6.139743962956942e-18,0.0,0.0,0.0,9.75846784381163e-05
2026-08-24T01:06:16.251574,7.74,-8.101883128289828e-10,3.814868194416735e-19,0.0,-8.915947979915018e-10,0.0,0.0,-4.457973989957509e-10,1.0,2.7561126176531154e-13,-5.973810602513126e-18,0.0,0.0,0.0,0.0002529599817331831
2026-08-24T01:06:16.278757,7.76,-8.295963681313788e-10,3.9902281451439175e-19,0.0,-9.108886978026476e-10,0.0,0.0,-4.554443489013238e-10,1.0,-1.9410784702779146e-09,3.7346114098366026e-17,0.0,0.0,0.0,4.334749187667466e-05
2026-08-24T01:06:16.306734,7.79,-8.295830455035039e-10,7.290023421669939e-19,0.0,1.843242682042501e-06,0.0,0.0,9.216213410211199e-07,0.9999999999995753,1.294812957675309e-12,3.306474690209766e-17,0.0,0.0,0.0,0.00010570841649011228
2026-08-24T01:06:16.338094,7.8100000000000005,-8.295775025484899e-10,7.241990596341051e-19,0.0,1.0078529548707142e-06,0.0,0.0,5.039264774353356e-07,0.999999999999873,1.2863459146153166e-12,3.258320743019713e-17,0.0,0.0,0.0,0.00024340325388603522
2026-08-24T01:06:16.372512,7.83,-8.295711103865139e-10,7.195262585583632e-19,0.0,2.043843549071056e-06,0.0,0.0,1.0219217745353501e-06,0.9999999999994779,1.3197138847159634e-12,3.2115135208450386e-17,0.0,0.0,0.0,0.00015486657694450495
2026-08-24T01:06:16.403707,7.85,-8.295660697907486e-10,7.149041350941461e-19,0.0,3.926315149893612e-06,0.0,0.0,1.9631575749455447e-06,0.999999999998073,1.262062493268978e-12,3.165202569264278e-17,0.0,0.0,0.0,-4.082374256148317e-05
2026-08-24T01:06:16.433670,7.87,-8.295605646864488e-10,7.102507173959896e-19,0.0,-2.2884040227211244e-06,0.0,0.0,-1.1442020113603125e-06,0.9999999999993454,1.2501595594814895e-12,3.118583274281232e-17,0.0,0.0,0.0,2.839510008386401e-05
2026-08-24T01:06:16.459611,7.89,-8.295550501070282e-10,7.052878858045423e-19,0.0,2.3534693713855863e-06,0.0,0.0,1.1767346856925215e-06,0.9999999999993077,1.2383971421406927e-12,3.068865606743864e-17,0.0,0.0,0.0,-0.00019312482146920532
2026-08-24T01:06:16.490733,7.91,-8.295490688342936e-10,7.00474741040401e-19,0.0,1.2480997639841005e-06,0.0,0.0,6.240498819920098e-07,0.9999999999998053,1.2268175275012702e-12,3.020652323692936e-17,0.0,0.0,0.0,4.9195155921076105e-05
2026-08-24T01:06:16.522256,7.93,-8.295435336883365e-10,6.95893657738034e-19,0.0,3.124182579306023e-07,0.0,0.0,1.562091289653005e-07,0.9999999999999878,1.2153740325600081e-12,2.974761365685492e-17,0.0,0.0,0.0,-0.00015701406460262452
2026-08-24T01:06:16.548399,7.95,-8.295379888832228e-10,6.911005432405941e-19,0.0,-2.3499871737442393e-07,0.0,0.0,-1.1749935868721169e-07,0.9999999999999931,1.2040626147545744e-12,2.9267470688036955e-17,0.0,0.0,0.0,7.244742947453149e-05
2026-08-24T01:06:16.580814,7.97,-8.295324338735487e-10,6.865563440686308e-19,0.0,2.249704274870368e-06,0.0,0.0,1.1248521374349467e-06,0.9999999999993674,1.192919913426315e-12,2.881227783485112e-17,0.0,0.0,0.0,-3.0075798971284626e-05
2026-08-24T01:06:16.607037,7.99,-8.295268697865794e-10,6.821269689659868e-19,0.0,2.174076592531549e-06,0.0,0.0,1.0870382962655602e-06,0.9999999999994091,1.181883700027284e-12,2.8368597207784627e-17,0.0,0.0,0.0,-0.00024157283023069218
2026-08-24T01:06:16.634430,8.01,-8.295212957717495e-10,6.77542239721938e-19,0.0,-4.811544660476842e-07,0.0,0.0,-2.405772330238397e-07,0.999999999999971,1.1710133389592978e-12,2.7909363378320146e-17,0.0,0.0,0.0,-0.00012634308042947065
2026-08-24T01:06:16.665352,8.03,-8.295157116246644e-10,6.72959295339624e-19,0.0,2.9008514252915067e-06,0.0,0.0,1.4504257126452445e-06,0.9999999999989482,1.1603055492755192e-12,2.7450320835739114e-17,0.0,0.0,0.0,-0.00021651102360935358
2026-08-24T01:06:16.693100,8.04,-8.295172782849747e-10,3.989750522928197e-19,0.0,-9.133929168569921e-10,0.0,0.0,-4.5669645842849604e-10,1.0,2.823291758633926e-13,2.6908280061239633e-17,0.0,0.0,0.0,6.0341440785516916e-05
2026-08-24T01:06:16.727656,8.07,-8.295045145574007e-10,6.644679743994161e-19,0.0,1.999438536959275e-06,0.0,0.0,9.99719268479471e-07,0.9999999999995003,1.1392662950394537e-12,2.6599847144802743e-17,0.0,0.0,0.0,-7.387302213259899e-06
2026-08-24T01:06:16.755909,8.09,-8.294989015079211e-10,6.603075519513185e-19,0.0,1.1759407865241656e-06,0.0,0.0,5.879703932620489e-07,0.9999999999998271,1.128952096682287e-12,2.6183163481630286e-17,0.0,0.0,0.0,-7.557323085285772e-05
2026-08-24T01:06:16.784929,8.1,-8.493695515372475e-10,4.1729255728037515e-19,0.0,-9.32156574151577e-10,0.0,0.0,-4.660782870757885e-10,1.0,-1.986639431538059e-09,4.6222888363863846e-17,0.0,0.0,0.0,-0.00020629896618166107
2026-08-24T01:06:16.817832,8.13,-8.493562045641477e-10,1.6154524630509495e-18,0.0,-2.574197294435976e-06,0.0,0.0,-1.2870986472176326e-06,0.9999999999991717,1.2618564286821747e-12,1.2004290423928133e-16,0.0,0.0,0.0,5.046563604205976e-05
2026-08-24T01:06:16.848946,8.15,-8.892576664388591e-10,1.182165039884454e-18,0.0,3.0487402984391565e-06,0.0,0.0,1.5243701492189879e-06,0.9999999999988382,-2.0034924615698257e-09,7.283831261085515e-17,0.0,0.0,0.0,0.00012152114490031368
2026-08-24T01:06:16.875611,8.17,-8.692664579654431e-10,4.682213837293541e-19,0.0,1.0931372464995093e-06,0.0,0.0,5.465686232497274e-07,0.9999999999998507,1.3957800713670385e-12,3.2180289272354842e-18,0.0,0.0,0.0,0.0002995797112427018
2026-08-24T01:06:16.903755,8.19,-8.692607523611317e-10,4.679313089339332e-19,0.0,-2.1131351926051427e-06,0.0,0.0,-1.0565675963023746e-06,0.9999999999994418,1.3862187478142084e-12,3.1907560638761917e-18,0.0,0.0,0.0,-4.0818338797504375e-05
2026-08-24T01:06:16.936106,8.21,-8.692551068444805e-10,4.670103009178664e-19,0.0,3.5201213544056037e-07,0.0,0.0,1.7600606772027926e-07,0.9999999999999845,1.3728232436935636e-12,3.09901144149788e-18,0.0,0.0,0.0,-2.4463159451518442e-05
2026-08-24T01:06:16.963120,8.23,-8.692485125277352e-10,4.663177452779596e-19,0.0,-4.103787083487021e-07,0.0,0.0,-2.051893541743496e-07,0.9999999999999789,1.4067801663408299e-12,3.0302446987847834e-18,0.0,0.0,0.0,8.58944110263091e-05
2026-08-24T01:06:16.992266,8.24,-8.692514827366399e-10,4.360272527906729e-19,0.0,-9.506373466194873e-10,0.0,0.0,-4.753186733097436e-10,1.0,2.8653259215811764e-13,2.9675174700899252e-18,0.0,0.0,0.0,0.00031194324414307464
2026-08-24T01:06:17.023124,8.27,-8.692376417809336e-10,4.653010228051116e-19,0.0,-1.7231182756205499e-06,0.0,0.0,-8.615591378101683e-07,0.9999999999996289,1.3336985389581064e-12,2.929402843306377e-18,0.0,0.0,0.0,0.0001320497272643399
2026-08-24T01:06:17.051999,8.29,-8.692319568371552e-10,4.646504348905866e-19,0.0,1.1902569632127324e-06,0.0,0.0,5.951284816063311e-07,0.9999999999998229,1.3209875566232897e-12,2.864760879681131e-18,0.0,0.0,0.0,-0.0001598024126226847
2026-08-24T01:06:17.080701,8.31,-8.692262622785102e-10,4.639123375823367e-19,0.0,9.115729864284107e-07,0.0,0.0,4.557864932141895e-07,0.9999999999998961,1.308444504721296e-12,2.7913481940982693e-18,0.0,0.0,0.0,6.954480659025044e-05
2026-08-24T01:06:17.112416,8.33,-8.692205581092735e-10,4.634103803665493e-19,0.0,-6.655946473976826e-07,0.0,0.0,-3.3279732369883516e-07,0.9999999999999446,1.2960619198144366e-12,2.7415989810754486e-18,0.0,0.0,0.0,-0.0005466047590014924
2026-08-24T01:06:17.138212,8.35,-8.692148441025931e-10,4.621504389648172e-19,0.0,1.4916388844099515e-06,0.0,0.0,7.458194422049066e-07,0.9999999999997219,1.2838531278516918e-12,2.6159090395108803e-18,0.0,0.0,0.0,-0.00013848976246813046
2026-08-24T01:06:17.167432,8.37,-8.692091206649591e-10,4.614963167247599e-19,0.0,5.40401034143656e-07,0.0,0.0,2.7020051707182473e-07,0.9999999999999635,1.2717856221647062e-12,2.550918187117087e-18,0.0,0.0,0.0,-0.0003300466531754616
2026-08-24T01:06:17.196357,8.39,-8.692033874856831e-10,4.60587887974231e-19,0.0,-1.238923971857986e-06,0.0,0.0,-6.194619859289533e-07,0.9999999999998082,1.259876178620268e-12,2.4604509200339175e-18,0.0,0.0,0.0,1.6868232996033506e-05
2026-08-24T01:06:17.230960,8.41,-8.691976448151053e-10,4.599298878855811e-19,0.0,4.6671167108769396e-07,0.0,0.0,2.3335583554384486e-07,0.9999999999999728,1.2481250271888756e-12,2.395077474204096e-18,0.0,0.0,0.0,-0.00015991597085064706
2026-08-24T01:06:17.259691,8.43,-8.691918929105517e-10,4.592195674360112e-19,0.0,1.1433939772764747e-06,0.0,0.0,5.716969886382061e-07,0.9999999999998366,1.2365080887126192e-12,2.3244608825948784e-18,0.0,0.0,0.0,-1.4581615869281193e-05
2026-08-24T01:06:17.289511,8.45,-9.098870026111085e-10,7.027931150767724e-19,0.0,1.9333596532611352e-06,0.0,0.0,9.66679826630417e-07,0.9999999999995328,-2.0433938355673455e-09,2.2796434671519234e-17,0.0,0.0,0.0,-0.00037682684093579086
2026-08-24T01:06:17.316620,8.47,-9.302512512560686e-10,1.1698019303709554e-18,0.0,-3.1578378574259602e-06,0.0,0.0,-1.578918928712324e-06,0.9999999999987536,-2.0458713444859004e-09,6.754981840245453e-17,0.0,0.0,0.0,0.0002166241288963143
2026-08-24T01:06:17.350560,8.49,-9.098362040690839e-10,1.4488284960798254e-18,0.0,1.3018039068946052e-06,0.0,0.0,6.509019534472567e-07,0.9999999999997882,1.5180596655801416e-12,9.752022840906046e-17,0.0,0.0,0.0,-4.259447789324542e-05
2026-08-24T01:06:17.380252,8.51,-9.098303689746743e-10,1.4330747969109113e-18,0.0,4.047997248513014e-07,0.0,0.0,2.023998624256493e-07,0.9999999999999796,1.5071217790867173e-12,9.594333158160419e-17,0.0,0.0,0.0,-4.942693059442472e-06
2026-08-24T01:06:17.408397,8.53,-9.098245955979821e-10,1.4175067819867146e-18,0.0,4.4004535570962844e-08,0.0,0.0,2.200226778548142e-08,0.9999999999999998,1.4922728846652328e-12,9.438287075346709e-17,0.0,0.0,0.0,1.656923994358001e-05
2026-08-24T01:06:17.437050,8.55,-9.507814214910104e-10,1.451217957259417e-18,0.0,-2.6071320120557577e-06,0.0,0.0,-1.3035660060275095e-06,0.9999999999991503,-2.056289782053422e-09,9.364812839598962e-17,0.0,0.0,0.0,-9.01819264012715e-05
2026-08-24T01:06:17.469511,8.57,-9.302614882076494e-10,1.997994162414309e-18,0.0,6.758912833859654e-07,0.0,0.0,3.3794564169297623e-07,0.9999999999999429,1.6207851480387261e-12,1.5049739549660658e-16,0.0,0.0,0.0,-0.0001577004113724754
2026-08-24T01:06:17.494433,8.59,-9.302556286191043e-10,1.9734123262292787e-18,0.0,-1.018176873923693e-06,0.0,0.0,-5.090884369618244e-07,0.9999999999998704,1.608529046981965e-12,1.4803217122554856e-16,0.0,0.0,0.0,-7.772143323244717e-05
2026-08-24T01:06:17.523405,8.61,-9.302493693087983e-10,1.949074666382408e-18,0.0,2.1846835052130594e-07,0.0,0.0,1.0923417526065272e-07,0.999999999999994,1.592473435553033e-12,1.4559246259396977e-16,0.0,0.0,0.0,-6.156465833098698e-07
2026-08-24T01:06:17.551686,8.63,-9.302435613801081e-10,1.9252683168116578e-18,0.0,-2.2758921369714358e-07,0.0,0.0,-1.1379460684857154e-07,0.9999999999999936,1.576581814374732e-12,1.4320598719499637e-16,0.0,0.0,0.0,-0.0002253079795559998
2026-08-24T01:06:17.582333,8.66,-9.302406562952322e-10,4.957282244304612e-19,0.0,-1.0045506648737046e-09,0.0,0.0,-5.022753324368523e-10,1.0,2.9527571737516815e-13,1.380322973680961e-16,0.0,0.0,0.0,2.068650503767425e-05
2026-08-24T01:06:17.607989,8.67,-9.302314526277956e-10,1.878439141116342e-18,0.0,1.9559578450234487e-06,0.0,0.0,9.779789225115683e-07,0.9999999999995218,1.5454577699457246e-12,1.3851173058453788e-16,0.0,0.0,0.0,-6.252402693944048e-06
2026-08-24T01:06:17.636212,8.69,-9.302256151298479e-10,1.8556877645026002e-18,0.0,1.0455282373200703e-06,0.0,0.0,5.227641186600113e-07,0.9999999999998633,1.5301775961241296e-12,1.3623109747323451e-16,0.0,0.0,0.0,0.0003838573010156493
2026-08-24T01:06:17.666255,8.71,-9.30219768222958e-10,1.8336333667577552e-18,0.0,-2.2969142943196633e-07,0.0,0.0,-1.148457147159829e-07,0.9999999999999934,1.5150877631416913e-12,1.340203418149502e-16,0.0,0.0,0.0,-8.918785119167732e-05
2026-08-24T01:06:17.697990,8.73,-9.30213911462553e-10,1.8111502325620672e-18,0.0,1.950133978301238e-06,0.0,0.0,9.750669891504646e-07,0.9999999999995246,1.500200968199898e-12,1.317666747966112e-16,0.0,0.0,0.0,-0.00010385553633685191
2026-08-24T01:06:17.726962,8.75,-9.302080449145115e-10,1.789134840823865e-18,0.0,-1.8824230454406179e-06,0.0,0.0,-9.412115227201698e-07,0.999999999999557,1.4855149912510672e-12,1.2955991525713818e-16,0.0,0.0,0.0,1.1807823283813888e-05
2026-08-24T01:06:17.754533,8.77,-9.302021692376993e-10,1.767209573745599e-18,0.0,1.6931479818183e-06,0.0,0.0,8.465739909090485e-07,0.9999999999996416,1.4709995910089947e-12,1.2736223363910606e-16,0.0,0.0,0.0,-0.00011832247618785439
2026-08-24T01:06:17.785339,8.79,-9.301962839495233e-10,1.745722923424447e-18,0.0,1.6944219516368268e-06,0.0,0.0,8.472109758183119e-07,0.9999999999996411,1.4566766251304167e-12,1.2520853550917662e-16,0.0,0.0,0.0,0.00018725484582143753
2026-08-24T01:06:17.813302,8.81,-9.3019038901463e-10,1.724880879086932e-18,0.0,2.2850254861594976e-06,0.0,0.0,1.1425127430795002e-06,0.9999999999993473,1.4425474274660801e-12,1.2311946592771725e-16,0.0,0.0,0.0,0.00010165192843308889
2026-08-24T01:06:17.842188,8.83,-9.301844843969242e-10,1.7042540891966424e-18,0.0,4.856494308924652e-06,0.0,0.0,2.42824715445994e-06,0.9999999999970518,1.428601692045815e-12,1.2105200290507667e-16,0.0,0.0,0.0,-0.0001879610848525327
2026-08-24T01:06:17.871996,8.85,-9.301785704096554e-10,1.6837652832191668e-18,0.0,-2.4715821420606687e-06,0.0,0.0,-1.23579107103002e-06,0.9999999999992364,1.4148383202714746e-12,1.1899840404569576e-16,0.0,0.0,0.0,1.7214442870280475e-05
2026-08-24T01:06:17.900517,8.870000000000001,-9.301726471938968e-10,1.66318676901129e-18,0.0,7.650040001472291e-07,0.0,0.0,3.8250200007360525e-07,0.9999999999999268,1.4012384069737712e-12,1.1693586536480105e-16,0.0,0.0,0.0,-0.00036335055483916715
2026-08-24T01:06:17.929084,8.89,-9.301667146547906e-10,1.6427053293930385e-18,0.0,-1.3256152620044759e-08,0.0,0.0,-6.628076310022379e-09,1.0,1.387813464692488e-12,1.1488308557893172e-16,0.0,0.0,0.0,0.0003345718098644598
2026-08-24T01:06:17.955297,8.9,-9.301691478475833e-10,4.956557141178865e-19,0.0,-1.0037903841464413e-09,0.0,0.0,-5.018951920732206e-10,1.0,3.004064381586974e-13,1.1258533053755307e-16,0.0,0.0,0.0,-0.00024367105973065797
2026-08-24T01:06:17.983690,8.93,-9.301548214658172e-10,1.603445420254993e-18,0.0,-1.4990374461731903e-06,0.0,0.0,-7.49518723086525e-07,0.9999999999997191,1.3614977646859715e-12,1.1094827117607937e-16,0.0,0.0,0.0,7.170440368796683e-05
2026-08-24T01:06:18.008104,8.95,-9.301488606357356e-10,1.584079442078151e-18,0.0,1.3426889342582626e-06,0.0,0.0,6.713444671290809e-07,0.9999999999997746,1.3485960182325233e-12,1.090073676232308e-16,0.0,0.0,0.0,-8.605256635158418e-05
2026-08-24T01:06:18.039851,8.97,-9.301428908122868e-10,1.5650125101088053e-18,0.0,-6.423619249851243e-07,0.0,0.0,-3.211809624925566e-07,0.9999999999999484,1.3358549632709481e-12,1.0709646120656984e-16,0.0,0.0,0.0,0.00021972261785987648
2026-08-24T01:06:18.070538,8.99,-9.301369117555031e-10,1.5463871208594413e-18,0.0,-2.5945298522955795e-06,0.0,0.0,-1.297264926147426e-06,0.9999999999991586,1.3232704050908573e-12,1.0522983316271117e-16,0.0,0.0,0.0,7.319819353304892e-05
2026-08-24T01:06:18.103138,9.0,-9.301389901069557e-10,4.956251971960974e-19,0.0,-1.0081206980316892e-09,0.0,0.0,-5.040603490158446e-10,1.0,3.025280800730329e-13,1.0306067439982145e-16,0.0,0.0,0.0,0.00016123951618297552
2026-08-24T01:06:18.135937,9.03,-9.301249251561234e-10,1.5098206043391297e-18,0.0,-1.8805520403120115e-06,0.0,0.0,-9.40276020155867e-07,0.9999999999995579,1.2986282944063292e-12,1.0156523585203515e-16,0.0,0.0,0.0,-0.00017483777516966447
2026-08-24T01:06:18.161285,9.05,-9.301189181935606e-10,1.491431474065685e-18,0.0,-1.055103169278482e-06,0.0,0.0,-5.275515846392164e-07,0.9999999999998609,1.2865326735447955e-12,9.972238421695204e-17,0.0,0.0,0.0,-2.5764807071409492e-05
2026-08-24T01:06:18.193327,9.07,-9.301129019633736e-10,1.473509308085837e-18,0.0,-9.828985807480706e-07,0.0,0.0,-4.914492903740155e-07,0.9999999999998792,1.2745981797669916e-12,9.792635107706633e-17,0.0,0.0,0.0,-5.499915772975632e-05
2026-08-24T01:06:18.221371,9.09,-9.301068768074967e-10,1.4558077917272056e-18,0.0,3.98697548753546e-07,0.0,0.0,1.9934877437677168e-07,0.9999999999999801,1.262804526771563e-12,9.615245863099117e-17,0.0,0.0,0.0,0.00013399931390576736
2026-08-24T01:06:18.253516,9.11,-9.301008423289893e-10,1.4386355238265909e-18,0.0,1.1967771316179212e-06,0.0,0.0,5.983885658089248e-07,0.9999999999998209,1.2511864606362557e-12,9.443162406260082e-17,0.0,0.0,0.0,-0.00036628693413131647
2026-08-24T01:06:18.283460,9.13,-9.300947988370516e-10,1.4212427971442732e-18,0.0,1.4781687451836945e-06,0.0,0.0,7.390843725917799e-07,0.9999999999997269,1.2397075454794646e-12,9.268873364370823e-17,0.0,0.0,0.0,3.4996935300846133e-06
2026-08-24T01:06:18.311218,9.15,-9.300877877631976e-10,1.4044736536460618e-18,0.0,7.198956630816154e-08,0.0,0.0,3.599478315408077e-08,0.9999999999999993,1.2765242829446238e-12,9.100845034854431e-17,0.0,0.0,0.0,-3.085011778494331e-05
2026-08-24T01:06:18.339362,9.17,-9.512476619228534e-10,1.4184227066486121e-18,0.0,-1.1098431222933414e-06,0.0,0.0,-5.549215611466422e-07,0.999999999999846,1.2167173848049236e-12,9.025161644064263e-17,0.0,0.0,0.0,-0.000293691179821175
2026-08-24T01:06:18.367362,9.19,-9.512416147091635e-10,1.401520631715989e-18,0.0,-1.5260090187041442e-06,0.0,0.0,-7.630045093519981e-07,0.9999999999997089,1.205703165381025e-12,8.855797661977206e-17,0.0,0.0,0.0,0.00013036403258042087
2026-08-24T01:06:18.398568,9.21,-9.512355380292624e-10,1.3852442859151822e-18,0.0,1.1463945002176958e-06,0.0,0.0,5.731972501088165e-07,0.9999999999998357,1.1947955500326558e-12,8.692706192710409e-17,0.0,0.0,0.0,-0.00011473405981987635
2026-08-24T01:06:18.431438,9.23,-9.512294517359343e-10,1.3691202780955982e-18,0.0,-1.9924307128604823e-06,0.0,0.0,-9.962153564300764e-07,0.9999999999995037,1.18406384830244e-12,8.531143708930288e-17,0.0,0.0,0.0,0.00013174376568040686
2026-08-24T01:06:18.455446,9.25,-9.51223356605042e-10,1.3532697263952578e-18,0.0,-2.270550525373949e-06,0.0,0.0,-1.1352752626867305e-06,0.9999999999993556,1.1734553047552164e-12,8.372324329233077e-17,0.0,0.0,0.0,0.0002680112868758051
2026-08-24T01:06:18.487832,9.27,-9.512172523081382e-10,1.3377541422021435e-18,0.0,-7.841008122788651e-07,0.0,0.0,-3.920504061394225e-07,0.9999999999999232,1.1629981090128068e-12,8.216863676715723e-17,0.0,0.0,0.0,0.00022808183574420923
2026-08-24T01:06:18.514904,9.29,-9.512111393580408e-10,1.3225040755017153e-18,0.0,3.485065880326488e-08,0.0,0.0,1.742532940163244e-08,0.9999999999999999,1.1526553583548344e-12,8.064065923640821e-17,0.0,0.0,0.0,-0.00019117491913667528
2026-08-24T01:06:18.548670,9.31,-9.512050173924945e-10,1.3071261242769068e-18,0.0,1.306722252181203e-06,0.0,0.0,6.533611260905549e-07,0.9999999999997865,1.1424533447873723e-12,7.9099896923279e-17,0.0,0.0,0.0,-0.00016970671972761406
2026-08-24T01:06:18.582066,9.33,-9.511988867130421e-10,1.2920577188314089e-18,0.0,6.988742518032609e-08,0.0,0.0,3.494371259016304e-08,0.9999999999999994,1.1323867307106057e-12,7.759017598707762e-17,0.0,0.0,0.0,-9.04018097082576e-06
2026-08-24T01:06:18.612863,9.35,-9.511927473474966e-10,1.2772815720046676e-18,0.0,-1.7133586358575315e-06,0.0,0.0,-8.566793179286609e-07,0.9999999999996331,1.122439459297592e-12,7.610976479690283e-17,0.0,0.0,0.0,2.060069950951272e-06
2026-08-24T01:06:18.641382,9.37,-9.51186599134004e-10,1.262630182230175e-18,0.0,-8.491598926241294e-07,0.0,0.0,-4.24579946312052e-07,0.9999999999999098,1.1126245429372245e-12,7.46418795060283e-17,0.0,0.0,0.0,0.00023098999246899253
2026-08-24T01:06:18.668744,9.39,-9.511804418281927e-10,1.2484385286780474e-18,0.0,2.6044569980676613e-06,0.0,0.0,1.3022284990334626e-06,0.9999999999991521,1.1029520197482331e-12,7.322007964658282e-17,0.0,0.0,0.0,-0.0002405360267474794
2026-08-24T01:06:18.699150,9.41,-9.511742755219409e-10,1.2342123869719513e-18,0.0,2.7248752365593987e-07,0.0,0.0,1.362437618279695e-07,0.9999999999999907,1.0934143403042832e-12,7.179484751593145e-17,0.0,0.0,0.0,0.00012771801833370882
2026-08-24T01:06:18.724355,9.43,-9.511681007401181e-10,1.2203926806362558e-18,0.0,-5.763208426046162e-07,0.0,0.0,-2.8816042130230415e-07,0.9999999999999585,1.0839755460907158e-12,7.041036517812515e-17,0.0,0.0,0.0,-1.1693372019129198e-05
2026-08-24T01:06:18.750671,9.44,-9.511683603398962e-10,5.169860165319212e-19,0.0,-1.0256386850926447e-09,0.0,0.0,-5.128193425463223e-10,1.0,3.6027774660616344e-13,6.889654784261866e-17,0.0,0.0,0.0,-0.00021729364985744536
2026-08-24T01:06:18.783313,9.47,-9.511537696983818e-10,1.1927745826373732e-18,0.0,1.1324621294050985e-06,0.0,0.0,5.66231064702519e-07,0.9999999999998397,1.1146712136929375e-12,6.764380757573967e-17,0.0,0.0,0.0,9.786679903351158e-05
2026-08-24T01:06:18.810769,9.49,-9.51148056601692e-10,1.1795746932864956e-18,0.0,-2.5652500443840154e-06,0.0,0.0,-1.282625022191656e-06,0.9999999999991774,1.0564964027053888e-12,6.632144339194125e-17,0.0,0.0,0.0,-0.00021894532253552497
2026-08-24T01:06:18.843898,9.51,-9.511418452305478e-10,1.166116333409585e-18,0.0,2.7117282699329337e-06,0.0,0.0,1.3558641349660514e-06,0.9999999999990808,1.047552638430795e-12,6.497325988532135e-17,0.0,0.0,0.0,0.0003020613350819889
2026-08-24T01:06:18.871514,9.53,-9.511356251038936e-10,1.153536367806993e-18,0.0,2.205379332931301e-06,0.0,0.0,1.102689666465427e-06,0.999999999999392,1.0387310968742171e-12,6.371310097171883e-17,0.0,0.0,0.0,-7.824339499587753e-05
2026-08-24T01:06:18.899866,9.55,-9.511293961966548e-10,1.1407996067935871e-18,0.0,-1.8355408255565921e-06,0.0,0.0,-9.177704127781671e-07,0.9999999999995789,1.0300206402834006e-12,6.243725678707885e-17,0.0,0.0,0.0,-0.0002773254343379942
2026-08-24T01:06:18.931963,9.57,-9.511231589124659e-10,1.127905715186371e-18,0.0,4.326242944330261e-06,0.0,0.0,2.1631214721634435e-06,0.9999999999976604,1.0214157694466116e-12,6.11456940912734e-17,0.0,0.0,0.0,6.97880702433361e-05
2026-08-24T01:06:18.958727,9.59,-9.511169128931934e-10,1.1157567509401991e-18,0.0,-2.7112010103635953e-07,0.0,0.0,-1.3556005051817934e-07,0.9999999999999908,1.0129309667706264e-12,5.99287817803175e-17,0.0,0.0,0.0,0.0003268526479328303
2026-08-24T01:06:18.984963,9.61,-9.511106580605763e-10,1.1037901475282532e-18,0.0,-1.3874950965941935e-08,0.0,0.0,-6.937475482970967e-09,1.0,1.0045678035014014e-12,5.873016625195485e-17,0.0,0.0,0.0,0.00032391954633482605
2026-08-24T01:06:19.013729,9.63,-9.511043948677723e-10,1.0920071363767219e-18,0.0,-2.1555497302649944e-06,0.0,0.0,-1.0777748651322884e-06,0.9999999999994192,9.96296311644448e-13,5.754996201232615e-17,0.0,0.0,0.0,2.218294600479494e-06
2026-08-24T01:06:19.038171,9.65,-9.510981231168549e-10,1.0800555423214723e-18,0.0,-1.4413054350015386e-07,0.0,0.0,-7.206527175007687e-08,0.9999999999999974,9.8813318083209e-13,5.635288867297175e-17,0.0,0.0,0.0,9.287292989579509e-05
2026-08-24T01:06:19.073990,9.67,-9.51091842990105e-10,1.0684367132294215e-18,0.0,3.4116644780368688e-06,0.0,0.0,1.705832239017607e-06,0.999999999998545,9.800826259546972e-13,5.518917291928725e-17,0.0,0.0,0.0,0.00019582051126491761
2026-08-24T01:06:19.100722,9.69,-9.728924702187293e-10,1.5182296429257123e-18,0.0,-8.687560693054763e-07,0.0,0.0,-4.343780346527245e-07,0.9999999999999056,9.716123202937445e-13,9.799394442013439e-17,0.0,0.0,0.0,0.00019961707294962645
2026-08-24T01:06:19.132157,9.71,-9.728861977462672e-10,1.5000021991282097e-18,0.0,-9.108362233334333e-07,0.0,0.0,-4.554181116667009e-07,0.9999999999998963,9.637996551242298e-13,9.616755161556293e-17,0.0,0.0,0.0,-1.4258139740404711e-05
2026-08-24T01:06:19.162566,9.73,-9.728798954002132e-10,1.4818672988039538e-18,0.0,1.596121115277072e-07,0.0,0.0,7.98060557638535e-08,0.9999999999999968,9.560537377144479e-13,9.435046392153822e-17,0.0,0.0,0.0,-7.095038813150314e-05
2026-08-24T01:06:19.186814,9.74,-9.72879417559275e-10,5.394420519241903e-19,0.0,-1.0439351605384672e-09,0.0,0.0,-5.219675802692336e-10,1.0,3.6710682995629763e-13,9.235125628732141e-17,0.0,0.0,0.0,0.0005093365197851824
2026-08-24T01:06:19.215097,9.77,-9.72866768341982e-10,1.4466624892508898e-18,0.0,-2.2486178727909585e-06,0.0,0.0,-1.1243089363952425e-06,0.999999999999368,9.409071968450373e-13,9.082313568673858e-17,0.0,0.0,0.0,6.524880765832575e-06
2026-08-24T01:06:19.242409,9.79,-9.728604402997185e-10,1.4292517103836378e-18,0.0,-1.1022889006007117e-06,0.0,0.0,-5.51144450300328e-07,0.9999999999998481,9.334735439585443e-13,8.907869697745225e-17,0.0,0.0,0.0,-0.00012516569547237118
2026-08-24T01:06:19.271120,9.81,-9.728541034652174e-10,1.4120357240334176e-18,0.0,-1.4907602245983753e-06,0.0,0.0,-7.453801122991186e-07,0.9999999999997222,9.261512840189043e-13,8.735380093307114e-17,0.0,0.0,0.0,0.00020696349231124036
2026-08-24T01:06:19.303504,9.83,-9.728477582616631e-10,1.3952938806920273e-18,0.0,2.5236133480710525e-06,0.0,0.0,1.2618066740351913e-06,0.999999999999204,9.189170238162722e-13,8.567644034070347e-17,0.0,0.0,0.0,-0.00018107046732064304
2026-08-24T01:06:19.327652,9.85,-9.948408118643083e-10,1.7290438505568465e-18,0.0,-1.6652716396947653e-06,0.0,0.0,-8.326358198472864e-07,0.9999999999996534,9.11229627461025e-13,1.1679417470011648e-16,0.0,0.0,0.0,0.0001278480733864819
2026-08-24T01:06:19.360941,9.870000000000001,-9.948344754291088e-10,1.707492434545164e-18,0.0,-2.183509146824747e-06,0.0,0.0,-1.0917545734121566e-06,0.999999999999404,9.041988108074286e-13,1.1463455733053297e-16,0.0,0.0,0.0,2.4630694698023648e-05
2026-08-24T01:06:19.394809,9.89,-9.948281087259163e-10,1.6861527857500597e-18,0.0,-2.3412252088128582e-06,0.0,0.0,-1.1706126044061617e-06,0.9999999999993149,8.972527793173043e-13,1.124961964391967e-16,0.0,0.0,0.0,0.00038054130973490377
2026-08-24T01:06:19.421243,9.91,-9.948207299803735e-10,1.6653651305942263e-18,0.0,-2.753055721171904e-07,0.0,0.0,-1.376527860585948e-07,0.9999999999999906,9.408212080249395e-13,1.1041328485490907e-16,0.0,0.0,0.0,0.00025015772764703403
2026-08-24T01:06:19.449794,9.93,-9.948148483489182e-10,1.6448407684234829e-18,0.0,1.3928187989620255e-06,0.0,0.0,6.964093994809564e-07,0.9999999999997575,8.836537900667977e-13,1.0835662848196225e-16,0.0,0.0,0.0,-0.00014264543169399728
2026-08-24T01:06:19.480454,9.95,-9.948084562676947e-10,1.6243799242370902e-18,0.0,-5.736198301242724e-06,0.0,0.0,-2.868099150617429e-06,0.999999999995887,8.769777334471668e-13,1.0630642655461743e-16,0.0,0.0,0.0,-5.215168015893488e-05
2026-08-24T01:06:19.510806,9.97,-9.948020558989463e-10,1.6040547368310054e-18,0.0,2.0606911754761366e-06,0.0,0.0,1.0303455877378862e-06,0.9999999999994692,8.703832496346359e-13,1.0426985777732631e-16,0.0,0.0,0.0,5.118362199183521e-05
2026-08-24T01:06:19.535332,9.98,-9.948015770911477e-10,5.625188804069685e-19,0.0,-1.0597229760378468e-09,0.0,0.0,-5.298614880189234e-10,1.0,3.220538248175441e-13,1.0206915926740288e-16,0.0,0.0,0.0,-7.36098912726786e-05
2026-08-24T01:06:19.564939,10.01,-9.947892308749473e-10,1.5646685535751533e-18,0.0,8.84167206116615e-07,0.0,0.0,4.420836030582931e-07,0.9999999999999023,8.574411714405038e-13,1.0032347566650189e-16,0.0,0.0,0.0,-1.8097743249658108e-05
2026-08-24T01:06:19.597270,10.03,-9.947828057820767e-10,1.5454141697804274e-18,0.0,-2.1946791513016706e-06,0.0,0.0,-1.097339575650615e-06,0.9999999999993979,8.511169994420156e-13,9.839429129487349e-17,0.0,0.0,0.0,1.7669199455302585e-06
2026-08-24T01:06:19.625754,10.05,-9.947763728031469e-10,1.526362827468053e-18,0.0,1.2732658545289155e-06,0.0,0.0,6.366329272644148e-07,0.9999999999997974,8.44864718335713e-13,9.648548578839892e-17,0.0,0.0,0.0,0.00016685727550767225
2026-08-24T01:06:19.652805,10.07,-9.9476993179336e-10,1.5077873197835147e-18,0.0,3.096240662525674e-06,0.0,0.0,1.5481203312622183e-06,0.9999999999988016,8.38686169961396e-13,9.462438370350503e-17,0.0,0.0,0.0,0.0001360052500962278
2026-08-24T01:06:19.680662,10.09,-9.947634825684526e-10,1.4895057030868826e-18,0.0,-2.2105198915767232e-06,0.0,0.0,-1.1052599457881365e-06,0.9999999999993892,8.326065963946659e-13,9.279275950843199e-17,0.0,0.0,0.0,-8.529181725709442e-05
2026-08-24T01:06:19.707394,10.11,-1.0394684081687947e-09,1.0847152060069662e-18,0.0,-2.5614187069145093e-06,0.0,0.0,-1.2807093534569044e-06,0.9999999999991799,-2.2452618430689303e-09,4.741102519057994e-17,0.0,0.0,0.0,0.00022308595166733606
2026-08-24T01:06:19.737599,10.13,-1.017070409400684e-09,1.262911744814959e-18,0.0,-7.776576995688346e-07,0.0,0.0,-3.8882884978440744e-07,0.9999999999999244,9.926759329704973e-13,6.769404928952889e-17,0.0,0.0,0.0,0.00014248186408022197
2026-08-24T01:06:19.765443,10.15,-1.0170638718973942e-09,1.2487610218262143e-18,0.0,1.096557319613112e-06,0.0,0.0,5.482786598065285e-07,0.9999999999998497,9.891206093453218e-13,6.627919352047537e-17,0.0,0.0,0.0,6.860782499309957e-05
2026-08-24T01:06:19.792999,10.17,-1.0170563866772606e-09,1.234858862210014e-18,0.0,1.6334860117872552e-06,0.0,0.0,8.167430058935367e-07,0.9999999999996665,1.032291576331881e-12,6.488687572794857e-17,0.0,0.0,0.0,0.0002293881618036007
2026-08-24T01:06:19.821766,10.19,-1.0170494008062115e-09,1.2213223256575505e-18,0.0,-2.1037748614283203e-06,0.0,0.0,-1.0518874307139662e-06,0.9999999999994468,1.0245287181668883e-12,6.35311579530379e-17,0.0,0.0,0.0,-0.0003622512545511767
2026-08-24T01:06:19.851205,10.21,-1.0170434264457966e-09,1.207369815681038e-18,0.0,-7.529888810253738e-07,0.0,0.0,-3.76494440512678e-07,0.9999999999999292,9.655843995373588e-13,6.213367787403651e-17,0.0,0.0,0.0,0.0001072160606465613
2026-08-24T01:06:19.880539,10.23,-1.0170369340890609e-09,1.1940584609768224e-18,0.0,-5.553077007114383e-07,0.0,0.0,-2.7765385035571555e-07,0.9999999999999615,9.579102575569e-13,6.080051015907901e-17,0.0,0.0,0.0,0.00016871204740212574
2026-08-24T01:06:19.902373,10.25,-1.0170304331798374e-09,1.181003571335599e-18,0.0,1.3257364939178728e-07,0.0,0.0,6.628682469589359e-08,0.9999999999999978,9.50371825283936e-13,5.949305879305355e-17,0.0,0.0,0.0,-0.00014198629027627942
2026-08-24T01:06:19.933713,10.27,-1.0170239242967082e-09,1.1679426638323012e-18,0.0,-2.2001790282999423e-06,0.0,0.0,-1.1000895141497492e-06,0.9999999999993949,9.429213295553508e-13,5.818502482372749e-17,0.0,0.0,0.0,0.00013696963218213034
2026-08-24T01:06:19.960438,10.29,-1.0621525389045064e-09,7.679072923445727e-19,0.0,8.878544695001269e-07,0.0,0.0,4.439272347500488e-07,0.9999999999999014,-2.2664400173798508e-09,1.3155945278588479e-17,0.0,0.0,0.0,0.00032995182049846766
2026-08-24T01:06:19.991327,10.31,-1.0620859713141435e-09,2.623086185196932e-19,0.0,1.897780840032226e-06,0.0,0.0,9.488904200159706e-07,0.9999999999995498,1.101390098971336e-12,-3.751158357560336e-17,0.0,0.0,0.0,-0.00021454054790041407
2026-08-24T01:06:20.020373,10.33,-1.0620793996373315e-09,2.6469389695351947e-19,0.0,1.3458359653384375e-06,0.0,0.0,6.72917982669168e-07,0.9999999999997736,1.0965515373977463e-12,-3.726692165721649e-17,0.0,0.0,0.0,7.97536045216731e-05
2026-08-24T01:06:20.044153,10.35,-1.0620728766969241e-09,2.673547309947649e-19,0.0,8.389970158617646e-07,0.0,0.0,4.194985079308699e-07,0.999999999999912,1.0872640004161777e-12,-3.6998437138079585e-17,0.0,0.0,0.0,-2.901247391876766e-05
2026-08-24T01:06:20.075872,10.37,-1.0620663450460448e-09,2.698997566160141e-19,0.0,-4.9025793171786356e-06,0.0,0.0,-2.4512896585868627e-06,0.9999999999969956,1.0781263448829554e-12,-3.674156751121184e-17,0.0,0.0,0.0,0.00015391583275111494
2026-08-24T01:06:20.103535,10.39,-1.0620598058459295e-09,2.7233682799817356e-19,0.0,-1.5625437850275148e-06,0.0,0.0,-7.812718925136779e-07,0.9999999999996948,1.0690723897158048e-12,-3.6495521855872595e-17,0.0,0.0,0.0,0.0002615198990377555
2026-08-24T01:06:20.130110,10.41,-1.0620532584210666e-09,2.7502763021675014e-19,0.0,-8.326556413251752e-07,0.0,0.0,-4.1632782066257554e-07,0.9999999999999133,1.0601505241402536e-12,-3.6224071681449273e-17,0.0,0.0,0.0,0.00021397297587512403
2026-08-24T01:06:20.159872,10.43,-1.0620467032519295e-09,2.77712782124142e-19,0.0,2.8251769550458054e-06,0.0,0.0,1.4125884775224328e-06,0.9999999999990022,1.0513292252969127e-12,-3.5953197847960044e-17,0.0,0.0,0.0,-0.00015603069820144418
2026-08-24T01:06:20.183486,10.45,-1.0620401400247017e-09,2.8025379234535357e-19,0.0,-6.481424632553968e-07,0.0,0.0,-3.240712316276927e-07,0.9999999999999475,1.0426355784194342e-12,-3.569677864370199e-17,0.0,0.0,0.0,7.87896482843867e-05
2026-08-24T01:06:20.214467,10.47,-1.0847634482741432e-09,2.217829528091877e-19,0.0,-3.5988261526398446e-07,0.0,0.0,-1.7994130763199125e-07,0.9999999999999838,1.0335212568437666e-12,-4.411701485773183e-17,0.0,0.0,0.0,5.849964547221887e-05
2026-08-24T01:06:20.240139,10.49,-1.0847568947722668e-09,2.25749569015893e-19,0.0,-8.450654855884921e-07,0.0,0.0,-4.2253274279423347e-07,0.9999999999999107,1.0250863375748961e-12,-4.371765444665422e-17,0.0,0.0,0.0,-0.00033139130029174774
2026-08-24T01:06:20.267156,10.51,-1.0847503109596235e-09,2.293664093511432e-19,0.0,1.0648415615932551e-06,0.0,0.0,5.324207807966023e-07,0.9999999999998582,1.016723609990288e-12,-4.335334881001522e-17,0.0,0.0,0.0,0.00014165560402001906
2026-08-24T01:06:20.298478,10.53,-1.0847437192175162e-09,2.334315084954284e-19,0.0,8.825794211020365e-07,0.0,0.0,4.4128971055100394e-07,0.9999999999999026,1.0084756696673404e-12,-4.294414641833466e-17,0.0,0.0,0.0,0.00012258493133105472
2026-08-24T01:06:20.322053,10.54,-1.0847437812058316e-09,6.613274050603637e-19,0.0,-1.1332699223487452e-09,0.0,0.0,-5.666349611743726e-10,1.0,3.320375488994417e-13,-4.223393588669466e-17,0.0,0.0,0.0,0.00012809061732965086
2026-08-24T01:06:20.354710,10.57,-1.0847305117987816e-09,2.412630750709033e-19,0.0,4.7256455459887553e-07,0.0,0.0,2.3628227729943554e-07,0.9999999999999721,9.923105501791397e-13,-4.215570156669196e-17,0.0,0.0,0.0,-0.00012370280269165436
2026-08-24T01:06:20.379685,10.59,-1.0847238960829143e-09,2.4504215221475723e-19,0.0,9.354541403716611e-07,0.0,0.0,4.6772707018581344e-07,0.9999999999998906,9.843956918043479e-13,-4.17751947237145e-17,0.0,0.0,0.0,5.9963486456683605e-05
2026-08-24T01:06:20.409935,10.61,-1.0847172728521216e-09,2.4896507244569896e-19,0.0,-2.155412801574386e-06,0.0,0.0,-1.0777064007869842e-06,0.9999999999994192,9.765621389325056e-13,-4.1380290095925576e-17,0.0,0.0,0.0,0.0001501288023856189
2026-08-24T01:06:20.439392,10.63,-1.0847106412967475e-09,2.5282233047515176e-19,0.0,-2.4624429113551116e-06,0.0,0.0,-1.2312214556772447e-06,0.999999999999242,9.688557750470866e-13,-4.099197532544532e-17,0.0,0.0,0.0,-3.181187494095654e-05
2026-08-24T01:06:20.470218,10.65,-1.0847040020463948e-09,2.565139458031287e-19,0.0,1.3852816795889566e-06,0.0,0.0,6.92640839794423e-07,0.9999999999997601,9.61234097611692e-13,-4.06202707386832e-17,0.0,0.0,0.0,-0.0002581462636396016
2026-08-24T01:06:20.497074,10.67,-1.0846973550671142e-09,2.6016008527636893e-19,0.0,-2.6576040585979395e-06,0.0,0.0,-1.3288020292985788e-06,0.9999999999991172,9.53713510340714e-13,-4.025313713921862e-17,0.0,0.0,0.0,0.000346344960858103
2026-08-24T01:06:20.524386,10.69,-1.0846907002678096e-09,2.640980059845284e-19,0.0,-1.0280972708720526e-06,0.0,0.0,-5.140486354360036e-07,0.9999999999998679,9.462939618340625e-13,-3.9856777895059104e-17,0.0,0.0,0.0,0.00025500534980506115
2026-08-24T01:06:20.553282,10.71,-1.0846840378166167e-09,2.680037328752401e-19,0.0,7.084849658056669e-07,0.0,0.0,3.5424248290282603e-07,0.9999999999999373,9.389734484445201e-13,-3.946366060729648e-17,0.0,0.0,0.0,0.00015671670688464145
2026-08-24T01:06:20.583047,10.73,-1.0846773676478345e-09,2.718746205137289e-19,0.0,-5.324048375499047e-07,0.0,0.0,-2.662024187749492e-07,0.9999999999999646,9.317467716726665e-13,-3.9074046436777695e-17,0.0,0.0,0.0,8.93660216644924e-05
2026-08-24T01:06:20.614996,10.74,-1.1077401936213719e-09,6.876445186936265e-19,0.0,-1.1528933363535998e-09,0.0,0.0,-5.764466681767999e-10,1.0,-2.3059811516741394e-09,-4.92030438920187e-17,0.0,0.0,0.0,0.00015176763585297403
2026-08-24T01:06:20.641241,10.77,-1.1077263915963177e-09,5.930288165483137e-20,0.0,-1.4990361543176789e-06,0.0,0.0,-7.495180771587692e-07,0.9999999999997191,1.095299712631597e-12,-6.300970451245261e-17,0.0,0.0,0.0,0.00022854949148807543
2026-08-24T01:06:20.670103,10.79,-1.1077196322673883e-09,6.705870701138853e-20,0.0,1.033182841503333e-07,0.0,0.0,5.165914207516662e-08,0.9999999999999987,1.0907174134028076e-12,-6.223197403324802e-17,0.0,0.0,0.0,-0.0003147798664863048
2026-08-24T01:06:20.695972,10.81,-1.1077129462007745e-09,7.433612821104701e-20,0.0,-1.7886835457225914e-06,0.0,0.0,-8.943417728611765e-07,0.9999999999996001,1.0815953815996524e-12,-6.150076372113245e-17,0.0,0.0,0.0,-0.00010380019332878702
2026-08-24T01:06:20.727617,10.83,-1.1077062524000302e-09,8.164541159945557e-20,0.0,-9.772701545784912e-07,0.0,0.0,-4.886350772892261e-07,0.9999999999998807,1.072586117124571e-12,-6.076637760034876e-17,0.0,0.0,0.0,-0.00029573783568227497
2026-08-24T01:06:20.754085,10.85,-1.1076995507652726e-09,8.876648156743268e-20,0.0,-3.1141528586964284e-06,0.0,0.0,-1.557076429347585e-06,0.9999999999987877,1.0636991141618508e-12,-6.00508696287203e-17,0.0,0.0,0.0,-0.0001254469538843401
2026-08-24T01:06:20.782419,10.870000000000001,-1.1076928413547864e-09,9.587596644590938e-20,0.0,6.915514054739448e-07,0.0,0.0,3.4577570273696545e-07,0.9999999999999403,1.0549324081479148e-12,-5.933653912714117e-17,0.0,0.0,0.0,-0.000386802495077776
2026-08-24T01:06:20.809610,10.89,-1.1076861243444485e-09,1.0287431496262175e-19,0.0,1.934625029509363e-06,0.0,0.0,9.673125147545305e-07,0.9999999999995322,1.046268346811389e-12,-5.863336579613298e-17,0.0,0.0,0.0,0.00019851913701891997
2026-08-24T01:06:20.841315,10.91,-1.1076793995412376e-09,1.1034659647227685e-19,0.0,1.0162565806659527e-06,0.0,0.0,5.081282903329545e-07,0.9999999999998709,1.0377260907156649e-12,-5.788272590523668e-17,0.0,0.0,0.0,0.00013622607885095995
2026-08-24T01:06:20.866304,10.93,-1.1076726668481905e-09,1.1765594744383856e-19,0.0,-1.1327710627284662e-06,0.0,0.0,-5.663855313642027e-07,0.9999999999998396,1.0293050351541854e-12,-5.714842830465914e-17,0.0,0.0,0.0,-1.0519204495408087e-05
2026-08-24T01:06:20.894158,10.94,-1.1076727270433638e-09,6.875604191191098e-19,0.0,-1.1542300448752485e-09,0.0,0.0,-5.771150224376242e-10,1.0,3.391040023122361e-13,-5.613097383960533e-17,0.0,0.0,0.0,0.00011086513014114652
2026-08-24T01:06:20.921895,10.97,-1.1076591786578055e-09,1.3196776218119947e-19,0.0,2.1322311032356822e-06,0.0,0.0,1.066115551617639e-06,0.9999999999994317,1.0127749885570568e-12,-5.571063562628467e-17,0.0,0.0,0.0,-4.4305812574405457e-07
2026-08-24T01:06:20.947849,10.99,-1.10765242312758e-09,1.3900349943111712e-19,0.0,5.0443417887180424e-08,0.0,0.0,2.5221708943590212e-08,0.9999999999999997,1.0046708303291637e-12,-5.5003807109431797e-17,0.0,0.0,0.0,-8.849712778716375e-05
2026-08-24T01:06:20.975088,11.01,-1.1076456598058726e-09,1.4582112245676193e-19,0.0,-1.3515411123599108e-06,0.0,0.0,-6.75770556179904e-07,0.9999999999997716,9.96671406470669e-13,-5.431884688089236e-17,0.0,0.0,0.0,0.00020399335968822432
2026-08-24T01:06:21.004148,11.03,-1.1544721001163344e-09,-7.086138707813691e-20,0.0,-7.891859969966221e-07,0.0,0.0,-3.9459299849830076e-07,0.9999999999999222,-2.3516903287094053e-09,-8.15008198055023e-17,0.0,0.0,0.0,-0.00017189889714484488
2026-08-24T01:06:21.036211,11.05,-1.1310111733506442e-09,3.1455138705416267e-19,0.0,-9.083234751017244e-07,0.0,0.0,-4.541617375508466e-07,0.9999999999998969,1.1611312343120987e-12,-4.0130131809742954e-17,0.0,0.0,0.0,-0.00014966230785190036
2026-08-24T01:06:21.062231,11.07,-1.1310043204502565e-09,3.1904876019609334e-19,0.0,5.572118313423858e-07,0.0,0.0,2.7860591567118926e-07,0.9999999999999611,1.155836712697467e-12,-3.9679891239346414e-17,0.0,0.0,0.0,6.122332622701584e-05
2026-08-24T01:06:21.087854,11.09,-1.1309975418800305e-09,3.237598655980107e-19,0.0,2.7515358889118606e-06,0.0,0.0,1.3757679444554962e-06,0.9999999999990536,1.1459552308315435e-12,-3.9206218432471274e-17,0.0,0.0,0.0,4.442767275900252e-05
2026-08-24T01:06:21.115306,11.11,-1.130990755985967e-09,3.285259475404239e-19,0.0,-1.8465130864342427e-06,0.0,0.0,-9.232565432169902e-07,0.9999999999995738,1.136187536891677e-12,-3.872705085474417e-17,0.0,0.0,0.0,-0.00021733838219450074
2026-08-24T01:06:21.148540,11.13,-1.1309839624772897e-09,3.327818282960849e-19,0.0,9.35497082910075e-07,0.0,0.0,4.677485414550205e-07,0.9999999999998906,1.1265536109577512e-12,-3.8299008279384665e-17,0.0,0.0,0.0,0.00022574749077617742
2026-08-24T01:06:21.175029,11.14,-1.1309844587756291e-09,7.146543921921719e-19,0.0,-1.1686163148283413e-09,0.0,0.0,-5.843081574141706e-10,1.0,3.4243748489354527e-13,-3.760066173230568e-17,0.0,0.0,0.0,-3.573717275919799e-05
2026-08-24T01:06:21.207526,11.17,-1.1309703528023998e-09,3.419865536785437e-19,0.0,1.557198630930401e-06,0.0,0.0,7.785993154651218e-07,0.9999999999996969,1.1076464363632079e-12,-3.7373536796645086e-17,0.0,0.0,0.0,-3.441814397630715e-05
2026-08-24T01:06:21.231649,11.19,-1.130963536367069e-09,3.464587910104654e-19,0.0,-2.781627695735978e-06,0.0,0.0,-1.3908138478675405e-06,0.9999999999990328,1.0983988003447788e-12,-3.6923856684383737e-17,0.0,0.0,0.0,0.00012471709065646833
2026-08-24T01:06:21.262997,11.21,-1.1309567125016833e-09,3.5082699598659634e-19,0.0,2.9334703453010044e-06,0.0,0.0,1.466735172649976e-06,0.9999999999989243,1.0892510292873125e-12,-3.6484607193212616e-17,0.0,0.0,0.0,0.00017734666768344135
2026-08-24T01:06:21.293868,11.23,-1.130949881293695e-09,3.5546449814925307e-19,0.0,1.2696131830303157e-06,0.0,0.0,6.348065915151153e-07,0.9999999999997985,1.080221403754763e-12,-3.601839458986548e-17,0.0,0.0,0.0,6.409369441773383e-06
2026-08-24T01:06:21.318789,11.25,-1.130943042505497e-09,3.5983550797797707e-19,0.0,2.2437029536526154e-06,0.0,0.0,1.1218514768260724e-06,0.9999999999993707,1.0713186788102354e-12,-3.557888908700355e-17,0.0,0.0,0.0,-0.0003620897660247301
2026-08-24T01:06:21.350890,11.27,-1.1309361961385832e-09,3.6389898912344705e-19,0.0,3.6047438372044387e-06,0.0,0.0,1.8023719186012433e-06,0.9999999999983757,1.0625259973318542e-12,-3.517020723276897e-17,0.0,0.0,0.0,-0.00023539951611395427
2026-08-24T01:06:21.377136,11.29,-1.178342535497312e-09,1.1764755859869163e-18,0.0,-6.618295023130828e-07,0.0,0.0,-3.309147511565353e-07,0.9999999999999453,-2.3807608181377756e-09,4.062077160396441e-17,0.0,0.0,0.0,0.0001744339516430714
2026-08-24T01:06:21.405071,11.31,-1.1545910697517663e-09,1.0351253530135773e-18,0.0,1.750329521321703e-06,0.0,0.0,8.751647606607398e-07,0.9999999999996171,1.2276757385084598e-12,2.928001781272344e-17,0.0,0.0,0.0,-7.845271023721438e-05
2026-08-24T01:06:21.435951,11.33,-1.1545841337279754e-09,1.0291019828552485e-18,0.0,-1.4453139023373751e-06,0.0,0.0,-7.226569511686247e-07,0.9999999999997389,1.2216248721508804e-12,2.867929186152813e-17,0.0,0.0,0.0,-0.00029913165551338804
2026-08-24T01:06:21.465782,11.35,-1.1545767339417043e-09,1.0227959302426266e-18,0.0,9.807544181228423e-07,0.0,0.0,4.903772090614014e-07,0.9999999999998798,1.2110004630513242e-12,2.804823235738777e-17,0.0,0.0,0.0,-0.0001430008356847239
2026-08-24T01:06:21.496189,11.37,-1.1545698651945285e-09,1.0168713485148054e-18,0.0,-5.031059591154019e-07,0.0,0.0,-2.515529795576983e-07,0.9999999999999684,1.2004626578126191e-12,2.7455335854033763e-17,0.0,0.0,0.0,3.8066555581233835e-05
2026-08-24T01:06:21.525334,11.39,-1.1545629888239674e-09,1.0111273625890117e-18,0.0,3.568503592621397e-06,0.0,0.0,1.7842517963097518e-06,0.9999999999984083,1.1900707530025386e-12,2.6880545600488994e-17,0.0,0.0,0.0,-0.00020973537942238295
2026-08-24T01:06:21.553690,11.41,-1.1545561052274483e-09,1.005455771664221e-18,0.0,-2.129120421301422e-06,0.0,0.0,-1.06456021065051e-06,0.9999999999994333,1.1798032850130352e-12,2.6313014473474843e-17,0.0,0.0,0.0,0.00037012635881954593
2026-08-24T01:06:21.582012,11.43,-1.1545492137218893e-09,1.0001086557046129e-18,0.0,9.993918914652515e-07,0.0,0.0,4.996959457326048e-07,0.9999999999998751,1.1696883081064519e-12,2.5778008871168666e-17,0.0,0.0,0.0,-2.0763579815104665e-05
2026-08-24T01:06:21.612106,11.45,-1.1545423150056626e-09,9.946417679039865e-19,0.0,-6.920693658152289e-07,0.0,0.0,-3.4603468290760753e-07,0.9999999999999402,1.1596824740497662e-12,2.5231006036935886e-17,0.0,0.0,0.0,0.0007002428221673764
2026-08-24T01:06:21.642766,11.47,-1.1545354092912078e-09,9.898328503319696e-19,0.0,1.3982331465989262e-06,0.0,0.0,6.991165732994061e-07,0.9999999999997556,1.1498014358049408e-12,2.4749937974151383e-17,0.0,0.0,0.0,-0.00019317787217591634
2026-08-24T01:06:21.673999,11.49,-1.1545284955625775e-09,9.843835977671064e-19,0.0,-2.2442406764078275e-06,0.0,0.0,-1.122120338203678e-06,0.9999999999993704,1.1400707525134374e-12,2.4204719702272944e-17,0.0,0.0,0.0,-3.918770912670778e-05
2026-08-24T01:06:21.699975,11.51,-1.154521575218975e-09,9.789769123288178e-19,0.0,1.248810038489978e-06,0.0,0.0,6.244050192449485e-07,0.999999999999805,1.1304293245172857e-12,2.3663780299964596e-17,0.0,0.0,0.0,6.882080378930964e-05
2026-08-24T01:06:21.731275,11.53,-1.1545146467866074e-09,9.739216394223146e-19,0.0,1.7389262758626958e-06,0.0,0.0,8.694631379312382e-07,0.999999999999622,1.1209601524652e-12,2.315805325526512e-17,0.0,0.0,0.0,-0.0001112138678350796
2026-08-24T01:06:21.757065,11.55,-1.1545112042461798e-09,9.68846544703467e-19,0.0,1.776306461920285e-07,0.0,0.0,8.881532309601413e-08,0.999999999999996,1.1114159585846704e-12,2.2649934021607662e-17,0.0,0.0,0.0,-8.872728858678829e-05
2026-08-24T01:06:21.790947,11.57,-1.1545007687658978e-09,9.63748224990889e-19,0.0,1.2754817326765535e-06,0.0,0.0,6.377408663382334e-07,0.9999999999997966,1.1023416661175254e-12,2.2140330273662766e-17,0.0,0.0,0.0,-0.00022239925668125134
2026-08-24T01:06:21.818236,11.59,-1.1544938187342628e-09,9.58671750705881e-19,0.0,7.100579186847257e-07,0.0,0.0,3.550289593423553e-07,0.9999999999999369,1.0932073241082747e-12,2.1632505771853738e-17,0.0,0.0,0.0,5.09060337015722e-05
2026-08-24T01:06:21.849065,11.61,-1.1544868612156038e-09,9.538844280984957e-19,0.0,-3.1857180315952865e-07,0.0,0.0,-1.5928590157976364e-07,0.9999999999999873,1.0842118888136391e-12,2.1153660797435163e-17,0.0,0.0,0.0,-6.1315505485894e-05
2026-08-24T01:06:21.879140,11.63,-1.1785113211606717e-09,9.328882212347087e-19,0.0,4.0783760546503345e-07,0.0,0.0,2.0391880273251532e-07,0.9999999999999792,1.0747314207233597e-12,1.6166031404537185e-17,0.0,0.0,0.0,0.00016322597054191482
2026-08-24T01:06:21.908587,11.65,-1.1785043770492727e-09,9.290489048406675e-19,0.0,-6.035936244153106e-07,0.0,0.0,-3.017968122076507e-07,0.9999999999999545,1.0659705605716514e-12,1.5782253466295684e-17,0.0,0.0,0.0,-4.10144670392996e-05
2026-08-24T01:06:21.936652,11.67,-1.1784974016236751e-09,9.250569703339668e-19,0.0,8.579325898594449e-07,0.0,0.0,4.289662949297092e-07,0.999999999999908,1.057315897203448e-12,1.5383194351569236e-17,0.0,0.0,0.0,-0.00022527636775174987
2026-08-24T01:06:21.964470,11.69,-1.1784904188979046e-09,9.21039644294197e-19,0.0,1.060266405339405e-06,0.0,0.0,5.301332026696777e-07,0.9999999999998594,1.0487850832886412e-12,1.4981596154428757e-17,0.0,0.0,0.0,-0.00033689166435932057
2026-08-24T01:06:21.992240,11.71,-1.1784834295224056e-09,9.170060388291736e-19,0.0,1.9557564083783068e-06,0.0,0.0,9.778782041889973e-07,0.9999999999995218,1.0403330807444588e-12,1.4578373922648065e-17,0.0,0.0,0.0,0.0001412240474939879
2026-08-24T01:06:22.024512,11.72,-1.2026342956261747e-09,8.004916576160981e-19,0.0,-1.2221370582210511e-09,0.0,0.0,-6.110685291105256e-10,1.0,-2.4147388218232033e-09,5.581690197760503e-17,0.0,0.0,0.0,-0.00014251824135161402
2026-08-24T01:06:22.056239,11.75,-1.2026195186281514e-09,1.7763522107127003e-18,0.0,-1.5903961179120072e-06,0.0,0.0,-7.951980589559198e-07,0.9999999999996838,1.2099116483932018e-12,9.773482083212257e-17,0.0,0.0,0.0,0.00017598634239112982
2026-08-24T01:06:22.084381,11.77,-1.2026124386752969e-09,1.759429780427325e-18,0.0,-2.7272948370793415e-06,0.0,0.0,-1.363647418539248e-06,0.9999999999990702,1.2042646459415672e-12,9.603809437315629e-17,0.0,0.0,0.0,-0.0002626580519486593
2026-08-24T01:06:22.116920,11.79,-1.2026054366483043e-09,1.7422408962516606e-18,0.0,-1.5777307567077516e-06,0.0,0.0,-7.888653783537939e-07,0.9999999999996888,1.1938637581946106e-12,9.431574712648867e-17,0.0,0.0,0.0,9.681316220626143e-05
2026-08-24T01:06:22.143550,11.81,-1.2025984272128772e-09,1.7256906283664396e-18,0.0,2.069666938719905e-06,0.0,0.0,1.034833469359768e-06,0.9999999999994645,1.1836159048988518e-12,9.265741507607054e-17,0.0,0.0,0.0,0.0003602083904474373
2026-08-24T01:06:22.175623,11.83,-1.2025914099294108e-09,1.709802232218624e-18,0.0,-2.6796589853717028e-06,0.0,0.0,-1.3398294926854503e-06,0.9999999999991024,1.1735405716408032e-12,9.106542541752261e-17,0.0,0.0,0.0,-0.00037850314754035247
2026-08-24T01:06:22.210784,11.85,-1.2025843862509378e-09,1.6931904195264636e-18,0.0,-1.2146847194749455e-06,0.0,0.0,-6.073423597374354e-07,0.9999999999998156,1.1635362179867376e-12,8.940099237619894e-17,0.0,0.0,0.0,-0.00022225921788132205
2026-08-24T01:06:22.242243,11.86,-1.2025848935863802e-09,8.004555833762552e-19,0.0,-1.2278098537876758e-09,0.0,0.0,-6.139049268938379e-10,1.0,3.5403047354328297e-13,8.753477510093611e-17,0.0,0.0,0.0,-4.214341036510384e-05
2026-08-24T01:06:22.272484,11.88,-1.2025772574249865e-09,8.004461752655678e-19,0.0,-1.2247056702108239e-09,0.0,0.0,-6.123528351054119e-10,1.0,3.5436470240214593e-13,8.597645199211114e-17,0.0,0.0,0.0,-1.2035797617612856e-06
2026-08-24T01:06:22.296508,11.91,-1.2025627199610714e-09,1.645784311625651e-18,0.0,1.4180430341070863e-07,0.0,0.0,7.090215170535425e-08,0.9999999999999974,1.1343796075583378e-12,8.46513326009891e-17,0.0,0.0,0.0,6.479495608782274e-06
2026-08-24T01:06:22.333844,11.93,-1.2025592186648528e-09,1.6305550050075055e-18,0.0,7.672167935623976e-06,0.0,0.0,3.836083967802579e-06,0.9999999999926422,1.1247525772553713e-12,8.312509568278194e-17,0.0,0.0,0.0,0.0002851657532692703
2026-08-24T01:06:22.361575,11.95,-1.2025486070639695e-09,1.615963187480501e-18,0.0,-2.4380892105213553e-07,0.0,0.0,-1.2190446052606745e-07,0.9999999999999926,1.1155532735114347e-12,8.166362416540742e-17,0.0,0.0,0.0,-8.623957365924935e-05
2026-08-24T01:06:22.393101,11.97,-1.2025415402501738e-09,1.6010350586159614e-18,0.0,2.270159409789585e-06,0.0,0.0,1.1350797048945488e-06,0.9999999999993558,1.1063179320706782e-12,8.016805843788102e-17,0.0,0.0,0.0,-7.143993827609231e-05
2026-08-24T01:06:22.416709,11.99,-1.2025333579018914e-09,1.5864283080313262e-18,0.0,2.3010705341164342e-08,0.0,0.0,1.150535267058217e-08,0.9999999999999999,1.1528817956439696e-12,7.870484945436344e-17,0.0,0.0,0.0,0.00012528508369936638
2026-08-24T01:06:22.447264,12.01,-1.202526831076507e-09,1.5721088600662481e-18,0.0,-1.5703108551257117e-06,0.0,0.0,-7.851554275627752e-07,0.9999999999996918,1.0882436121530025e-12,7.727025157087128e-17,0.0,0.0,0.0,6.686616052919221e-05
2026-08-24T01:06:22.475392,12.03,-1.2025197428049769e-09,1.5578625637487981e-18,0.0,-9.423138447317572e-07,0.0,0.0,-4.7115692236586106e-07,0.999999999999889,1.0793507970648018e-12,7.584307659082282e-17,0.0,0.0,0.0,-0.00024470540963903673
2026-08-24T01:06:22.507444,12.05,-1.2025126472591549e-09,1.5435789182337273e-18,0.0,7.5189813175669e-07,0.0,0.0,3.7594906587833603e-07,0.9999999999999293,1.070599509119695e-12,7.441218471445392e-17,0.0,0.0,0.0,0.00038295784660902877
2026-08-24T01:06:22.543020,12.07,-1.2025055451264115e-09,1.530094693337705e-18,0.0,1.471249472917435e-06,0.0,0.0,7.356247364586512e-07,0.9999999999997294,1.0619453515409832e-12,7.306141223787099e-17,0.0,0.0,0.0,-0.00029887687912515543
2026-08-24T01:06:22.567454,12.09,-1.2516501964750579e-09,1.8955671961844517e-18,0.0,5.15383538068903e-07,0.0,0.0,2.576917690344487e-07,0.9999999999999668,-2.468098663579684e-09,1.0357895318217532e-16,0.0,0.0,0.0,-4.348452004722881e-05
2026-08-24T01:06:22.597188,12.11,-1.2762218413057692e-09,1.9704467306755416e-18,0.0,4.943676148450037e-07,0.0,0.0,2.4718380742249936e-07,0.9999999999999695,-2.4700420813151767e-09,1.0795822667458362e-16,0.0,0.0,0.0,-0.0001692598707634538
2026-08-24T01:06:22.626015,12.13,-1.2515781907656478e-09,2.0578696183286353e-18,0.0,2.0902104673758974e-06,0.0,0.0,1.0451052336877583e-06,0.9999999999994539,1.4175110373105874e-12,1.1982810404934127e-16,0.0,0.0,0.0,0.00025979294187147926
2026-08-24T01:06:22.654016,12.14,-1.251579287853053e-09,8.613380833506131e-19,0.0,-1.2563474705018507e-09,0.0,0.0,-6.281737352509253e-10,1.0,4.1382216633454637e-13,1.1740982547641245e-16,0.0,0.0,0.0,0.00016905307172047226
2026-08-24T01:06:22.683295,12.17,-1.2515633440273128e-09,2.0161454805035787e-18,0.0,-1.453772386916796e-07,0.0,0.0,-7.268861934583974e-08,0.9999999999999973,1.396511722042418e-12,1.1564505849893554e-16,0.0,0.0,0.0,-0.00019281782031163296
2026-08-24T01:06:22.711094,12.19,-1.251556231188324e-09,1.995256615446719e-18,0.0,2.6234050842788297e-06,0.0,0.0,1.3117025421390385e-06,0.9999999999991397,1.3837826177557227e-12,1.135519197256626e-16,0.0,0.0,0.0,0.000196266462520789
2026-08-24T01:06:22.741434,12.21,-1.2515491112480336e-09,1.9752801325194176e-18,0.0,-1.0890694230880629e-06,0.0,0.0,-5.445347115440044e-07,0.9999999999998518,1.3712187348276946e-12,1.1155022862842994e-16,0.0,0.0,0.0,-0.00024051124541363665
2026-08-24T01:06:22.779608,12.23,-1.251541425739729e-09,1.9548391223246566e-18,0.0,2.4506395357448696e-07,0.0,0.0,1.2253197678724316e-07,0.9999999999999925,1.3588347099194064e-12,1.0950210825772451e-16,0.0,0.0,0.0,-2.0459082001873758e-05
2026-08-24T01:06:22.806401,12.25,-1.3010247065634926e-09,2.051626879913125e-18,0.0,2.392934383976808e-06,0.0,0.0,1.1964671919881186e-06,0.9999999999992842,-2.484817908879333e-09,1.128850781452001e-16,0.0,0.0,0.0,0.00020041447491545242
2026-08-24T01:06:22.835903,12.27,-1.2762326840122724e-09,1.1806915525897839e-18,0.0,8.914775051493962e-08,0.0,0.0,4.4573875257469795e-08,0.999999999999999,1.52488945199355e-12,2.8797456642271146e-17,0.0,0.0,0.0,1.3589758745594404e-05
2026-08-24T01:06:22.864677,12.29,-1.2762254648298885e-09,1.173645817171685e-18,0.0,6.259682687748125e-07,0.0,0.0,3.129841343874011e-07,0.999999999999951,1.5154749215231612e-12,2.809506720035793e-17,0.0,0.0,0.0,4.866912624954789e-05
2026-08-24T01:06:22.894329,12.31,-1.2762172034969715e-09,1.1668216500055728e-18,0.0,1.4510682122548246e-07,0.0,0.0,7.255341061274117e-08,0.9999999999999973,1.5576127351292087e-12,2.741248568328345e-17,0.0,0.0,0.0,0.00012939953700707524
2026-08-24T01:06:22.925288,12.33,-1.2762106177121956e-09,1.1601775604230867e-18,0.0,-1.496648582843818e-09,0.0,0.0,-7.48324291421909e-10,1.0,1.487269563774996e-12,2.6747741436937697e-17,0.0,0.0,0.0,7.93422978432631e-05
2026-08-24T01:06:22.954061,12.35,-1.2762034633128165e-09,1.1535631756221579e-18,0.0,1.5678982823175147e-06,0.0,0.0,7.839491411586771e-07,0.9999999999996927,1.4734238538936623e-12,2.6086054213909603e-17,0.0,0.0,0.0,-0.000259400189755545
2026-08-24T01:06:22.984153,12.36,-1.2762048469026684e-09,8.92587235422323e-19,0.0,-1.2786958158983452e-09,0.0,0.0,-6.393479079491726e-10,1.0,4.176228747812952e-13,2.54318969510903e-17,0.0,0.0,0.0,0.0001758143583949269
2026-08-24T01:06:23.012212,12.38,-1.2761976120210664e-09,8.925779713225088e-19,0.0,-1.2780674296664074e-09,0.0,0.0,-6.390337148332037e-10,1.0,3.618225750259928e-13,2.4774654177435003e-17,0.0,0.0,0.0,-0.00010321688567774716
2026-08-24T01:06:23.040500,12.41,-1.276181395824641e-09,1.1334918993440437e-18,0.0,-7.033296238745379e-07,0.0,0.0,-3.516648119372617e-07,0.9999999999999382,1.4329448666390776e-12,2.4078267923320072e-17,0.0,0.0,0.0,-0.00018848347161220543
2026-08-24T01:06:23.074974,12.43,-1.2761742129890565e-09,1.1269536387704083e-18,0.0,-1.269017495975078e-06,0.0,0.0,-6.345087479874963e-07,0.9999999999997987,1.4197945596775333e-12,2.342424594054655e-17,0.0,0.0,0.0,3.2521441651188124e-05
2026-08-24T01:06:23.104850,12.44,-1.2761758709604074e-09,8.925501298527524e-19,0.0,-1.2786305347844973e-09,0.0,0.0,-6.393152673922486e-10,1.0,3.6274569019572444e-13,2.2837395895761825e-17,0.0,0.0,0.0,-0.00046048746375479177
2026-08-24T01:06:23.138521,12.47,-1.2761598265125972e-09,1.1145337879690261e-18,0.0,-9.34149794407091e-07,0.0,0.0,-4.6707489720352845e-07,0.9999999999998909,1.393993485717776e-12,2.218202350188179e-17,0.0,0.0,0.0,-5.7173735731644976e-05
2026-08-24T01:06:23.167286,12.49,-1.276152622810397e-09,1.1084528832436417e-18,0.0,1.0354508717114187e-07,0.0,0.0,5.177254358557091e-08,0.9999999999999987,1.3813478692819338e-12,2.1573847199523993e-17,0.0,0.0,0.0,7.476749553613388e-05
2026-08-24T01:06:23.194795,12.51,-1.2761454127852797e-09,1.1026936782337498e-18,0.0,1.461206207142851e-06,0.0,0.0,7.306031035713605e-07,0.9999999999997331,1.368836912529944e-12,2.0997912275640913e-17,0.0,0.0,0.0,9.0944636880573e-05
2026-08-24T01:06:23.225463,12.53,-1.2761370638942568e-09,1.0971316618854645e-18,0.0,-7.463726303669205e-07,0.0,0.0,-3.7318631518345156e-07,0.9999999999999304,1.4133560286558462e-12,2.0441885569566102e-17,0.0,0.0,0.0,-0.00018005267553710362
2026-08-24T01:06:23.254216,12.55,-1.2761304054523227e-09,1.091220742074984e-18,0.0,-3.948833020572807e-07,0.0,0.0,-1.9744165102863904e-07,0.9999999999999805,1.344375659991244e-12,1.9850695071049857e-17,0.0,0.0,0.0,-9.41326438385444e-05
2026-08-24T01:06:23.283564,12.57,-1.2761220410768325e-09,1.0855381834323012e-18,0.0,-2.032734196966146e-06,0.0,0.0,-1.0163670984828981e-06,0.9999999999994835,1.3892757370265082e-12,1.928260837536393e-17,0.0,0.0,0.0,-5.600171553148768e-05
2026-08-24T01:06:23.310989,12.59,-1.2761153693351058e-09,1.0798782927916255e-18,0.0,-3.145691049866173e-06,0.0,0.0,-1.572845524932438e-06,0.9999999999987631,1.3205193996006476e-12,1.871658374001935e-17,0.0,0.0,0.0,0.0001641918935690434
2026-08-24T01:06:23.346083,12.61,-1.2761081239483992e-09,1.0744922475502626e-18,0.0,1.4256225124853472e-06,0.0,0.0,7.128112562426133e-07,0.999999999999746,1.3088013825383138e-12,1.8178075413617807e-17,0.0,0.0,0.0,-0.00010076288976853699
2026-08-24T01:06:23.376212,12.63,-1.2761008716869035e-09,1.0692068175573558e-18,0.0,7.005290361128403e-07,0.0,0.0,3.5026451805641297e-07,0.9999999999999386,1.297241165730453e-12,1.7649650166630752e-17,0.0,0.0,0.0,0.0002926409525428621
2026-08-24T01:06:23.405854,12.65,-1.2760936133915737e-09,1.0643755121575313e-18,0.0,1.785415459920614e-07,0.0,0.0,8.927077299603058e-08,0.999999999999996,1.2858050993789073e-12,1.716673429351282e-17,0.0,0.0,0.0,-4.694575824703069e-05
2026-08-24T01:06:23.437689,12.67,-1.276086347791087e-09,1.0592463219766072e-18,0.0,3.2081223317881324e-06,0.0,0.0,1.6040611658933784e-06,0.9999999999987135,1.274557346055728e-12,1.6653978671200442e-17,0.0,0.0,0.0,8.679379305176084e-05
2026-08-24T01:06:23.463760,12.69,-1.301232902490885e-09,1.5625324493997765e-18,0.0,-2.4398923543778044e-06,0.0,0.0,-1.2199461771885994e-06,0.9999999999992558,1.2628458125713956e-12,6.383636594294719e-17,0.0,0.0,0.0,-8.521024150270665e-05
2026-08-24T01:06:23.495150,12.71,-1.3012256526292367e-09,1.5497903503933059e-18,0.0,-9.372565550336276e-07,0.0,0.0,-4.6862827751679664e-07,0.9999999999998902,1.251876121031033e-12,6.25602364971224e-17,0.0,0.0,0.0,0.00041272714858895933
2026-08-24T01:06:23.526489,12.73,-1.301218371031259e-09,1.5378170148651054e-18,0.0,-1.3670954412958736e-07,0.0,0.0,-6.835477206479363e-08,0.9999999999999977,1.2410488371099116e-12,6.136115069663207e-17,0.0,0.0,0.0,9.353946759775771e-05
2026-08-24T01:06:23.556481,12.76,-1.3012111542689098e-09,9.247600204149485e-19,0.0,-1.2954686212651723e-09,0.0,0.0,-6.477343106325861e-10,1.0,4.2435706954098797e-13,5.885907593885104e-17,0.0,0.0,0.0,0.00021520828591047473
2026-08-24T01:06:23.583919,12.77,-1.3012026468010773e-09,1.5138502294881323e-18,0.0,-1.0053954144773058e-06,0.0,0.0,-5.026977072386317e-07,0.9999999999998737,1.2771364969628016e-12,5.896117624822271e-17,0.0,0.0,0.0,-2.9240916252942277e-05
2026-08-24T01:06:23.611866,12.79,-1.3011959159231608e-09,1.5019555371539207e-18,0.0,2.744339967719611e-06,0.0,0.0,1.372169983859375e-06,0.9999999999990585,1.2094100627275014e-12,5.776995726308531e-17,0.0,0.0,0.0,0.00016609133681599634
2026-08-24T01:06:23.643436,12.81,-1.3011886074109695e-09,1.4906264486957754e-18,0.0,1.3230854811752124e-06,0.0,0.0,6.615427405875579e-07,0.9999999999997812,1.1991234264536805e-12,5.663549922692616e-17,0.0,0.0,0.0,-0.0002488852829071647
2026-08-24T01:06:23.672028,12.82,-1.3011890787557623e-09,9.247313958394164e-19,0.0,-1.2961942630340673e-09,0.0,0.0,-6.480971315170336e-10,1.0,3.682968302483935e-13,5.538377239533355e-17,0.0,0.0,0.0,0.0002679483559731933
2026-08-24T01:06:23.701067,12.85,-1.3011739710485652e-09,1.4679254457848587e-18,0.0,1.344534930058927e-06,0.0,0.0,6.722674650294129e-07,0.9999999999997741,1.1789476183627765e-12,5.4362355612676284e-17,0.0,0.0,0.0,1.5112969288165668e-05
2026-08-24T01:06:23.732002,12.870000000000001,-1.3011666429777124e-09,1.456876245981685e-18,0.0,2.1876851934443664e-06,0.0,0.0,1.093842596721965e-06,0.9999999999994017,1.1690568722245264e-12,5.325600033892252e-17,0.0,0.0,0.0,-0.00018989316818412188
2026-08-24T01:06:23.765873,12.89,-1.3519756115413913e-09,2.0017168170424586e-18,0.0,4.4623741812799267e-07,0.0,0.0,2.2311870906399448e-07,0.9999999999999751,-2.551611539489769e-09,1.0118648172568959e-16,0.0,0.0,0.0,0.00017575357833163774
2026-08-24T01:06:23.796709,12.91,-1.3265193827585456e-09,1.5848514340893582e-18,0.0,2.8459764229715745e-06,0.0,0.0,1.422988211485307e-06,0.9999999999989876,1.345152907991737e-12,6.276225402364952e-17,0.0,0.0,0.0,2.2083645599171615e-05
2026-08-24T01:06:23.826820,12.93,-1.3265119631493875e-09,1.5725023015863078e-18,0.0,1.2266063187382772e-06,0.0,0.0,6.133031593691e-07,0.9999999999998119,1.3382191358606735e-12,6.152783646224597e-17,0.0,0.0,0.0,0.00024247311188547711
2026-08-24T01:06:23.856125,12.95,-1.3265046263199138e-09,1.5604878443191986e-18,0.0,3.377524382841557e-06,0.0,0.0,1.6887621914199757e-06,0.999999999998574,1.326320672448253e-12,6.032470183163454e-17,0.0,0.0,0.0,-2.5437825406399975e-05
2026-08-24T01:06:23.891459,12.97,-1.3264972825404902e-09,1.5484967779139344e-18,0.0,-4.5046398167158946e-07,0.0,0.0,-2.252319908357928e-07,0.9999999999999747,1.3145954901594985e-12,5.912392821317119e-17,0.0,0.0,0.0,-0.0002885726092529347
2026-08-24T01:06:23.914991,12.99,-1.3264899325933478e-09,1.536167270544796e-18,0.0,2.4125107556116636e-06,0.0,0.0,1.2062553778055391e-06,0.9999999999992725,1.3030020183788265e-12,5.788927126905278e-17,0.0,0.0,0.0,0.00018456223376381322
2026-08-24T01:06:23.944484,13.01,-1.3264820011353738e-09,1.524679580527227e-18,0.0,2.724822758537471e-06,0.0,0.0,1.362411379268314e-06,0.999999999999072,1.291611792521692e-12,5.673904820841356e-17,0.0,0.0,0.0,2.1677883671813406e-05
2026-08-24T01:06:23.976127,13.03,-1.3264746374791878e-09,1.5132175569089824e-18,0.0,-2.7136821043605153e-06,0.0,0.0,-1.3568410521798413e-06,0.9999999999990795,1.280318424772371e-12,5.559134116251185e-17,0.0,0.0,0.0,-0.00021428417431342865
2026-08-24T01:06:24.006593,13.05,-1.3264672671903805e-09,1.5013649555705468e-18,0.0,2.1049259553151956e-06,0.0,0.0,1.0524629776574034e-06,0.9999999999994461,1.2691836053317e-12,5.440452581951376e-17,0.0,0.0,0.0,0.0003465991819703904
2026-08-24T01:06:24.038885,13.07,-1.3264598907640222e-09,1.490536875466409e-18,0.0,2.766625962102865e-06,0.0,0.0,1.383312981050991e-06,0.9999999999990432,1.2581780710858778e-12,5.3320370156189897e-17,0.0,0.0,0.0,-0.00026219546824017684
2026-08-24T01:06:24.069611,13.09,-1.377673194507525e-09,2.1709132163911923e-18,0.0,2.8524656623396542e-06,0.0,0.0,1.4262328311693435e-06,0.9999999999989829,-2.5718378317031547e-09,1.146892283957478e-16,0.0,0.0,0.0,-0.0002758549685603216
2026-08-24T01:06:24.098935,13.11,-1.3520144010267536e-09,1.884649232703811e-18,0.0,-8.927398376101792e-07,0.0,0.0,-4.4636991880507476e-07,0.9999999999999004,1.4336741208595422e-12,8.942543888633218e-17,0.0,0.0,0.0,-2.7272979750639036e-05
2026-08-24T01:06:24.128695,13.13,-1.352006932415362e-09,1.8676302132785933e-18,0.0,6.117180495479602e-08,0.0,0.0,3.0585902477398e-08,0.9999999999999996,1.425683612811812e-12,8.771704135730397e-17,0.0,0.0,0.0,5.142799326631393e-05
2026-08-24T01:06:24.160761,13.15,-1.3519995470479476e-09,1.85097637639751e-18,0.0,-1.5570366018735628e-06,0.0,0.0,-7.785183009367026e-07,0.9999999999996969,1.4127244004455787e-12,8.60487776139471e-17,0.0,0.0,0.0,0.0003157011117459487
2026-08-24T01:06:24.187846,13.17,-1.3519921553494768e-09,1.8347454791728523e-18,0.0,2.1098202425129386e-06,0.0,0.0,1.0549101212562737e-06,0.9999999999994436,1.3999191044729255e-12,8.442291942460156e-17,0.0,0.0,0.0,0.0002776907624581111
2026-08-24T01:06:24.215394,13.19,-1.351984756869979e-09,1.818953574784104e-18,0.0,-1.120388138708961e-06,0.0,0.0,-5.601940693544511e-07,0.9999999999998431,1.3873029272505107e-12,8.284106817854419e-17,0.0,0.0,0.0,0.0002484900938150878
2026-08-24T01:06:24.248441,13.21,-1.3519773525236285e-09,1.8031308620684276e-18,0.0,2.0334521821929745e-06,0.0,0.0,1.016726091096312e-06,0.9999999999994831,1.3748107026683648e-12,8.125616303382258e-17,0.0,0.0,0.0,-0.0003171870345755896
2026-08-24T01:06:24.275431,13.23,-1.3519699415415919e-09,1.787120906575793e-18,0.0,2.5272444235113767e-06,0.0,0.0,1.263622211755352e-06,0.9999999999992016,1.3625059147703075e-12,7.965252129525609e-17,0.0,0.0,0.0,-1.5950808554597172e-05
2026-08-24T01:06:24.304211,13.25,-1.351962524293099e-09,1.771703603343564e-18,0.0,-1.1829758195247566e-06,0.0,0.0,-5.914879097623437e-07,0.999999999999825,1.350363862884832e-12,7.810828806897685e-17,0.0,0.0,0.0,5.71914831909589e-05
2026-08-24T01:06:24.335875,13.27,-1.351955100711793e-09,1.756347094667049e-18,0.0,-5.418237729593045e-07,0.0,0.0,-2.709118864796489e-07,0.9999999999999633,1.338363593429614e-12,7.657017505013242e-17,0.0,0.0,0.0,0.0001002856232987819
2026-08-24T01:06:24.363001,13.29,-1.351947670750482e-09,1.7413006339579416e-18,0.0,-8.081796365466687e-07,0.0,0.0,-4.0408981827332333e-07,0.9999999999999184,1.3265337268681694e-12,7.506314912134797e-17,0.0,0.0,0.0,-0.000476470600474233
2026-08-24T01:06:24.392466,13.31,-1.3519402349358955e-09,1.7258461837499365e-18,0.0,9.465209966919021e-07,0.0,0.0,4.732604983459333e-07,0.999999999999888,1.3148306448057922e-12,7.35152730265644e-17,0.0,0.0,0.0,-9.458985676969749e-06
2026-08-24T01:06:24.424204,13.33,-1.3519327923092425e-09,1.7112200168294265e-18,0.0,1.98983614074777e-06,0.0,0.0,9.949180703737206e-07,0.9999999999995051,1.303301364000853e-12,7.205040852467932e-17,0.0,0.0,0.0,-0.00015751703583224492
2026-08-24T01:06:24.449269,13.34,-1.3519336797611145e-09,9.91332733234811e-19,0.0,-1.3293148803938948e-09,0.0,0.0,-6.646574401969474e-10,1.0,3.752762675610192e-13,7.048107308947177e-17,0.0,0.0,0.0,1.6924650130422563e-06
2026-08-24T01:06:24.477527,13.37,-1.3519178888901206e-09,1.6822230236391767e-18,0.0,-1.6238686262326494e-06,0.0,0.0,-8.119343131162355e-07,0.9999999999996704,1.2806579139654683e-12,6.914633748739228e-17,0.0,0.0,0.0,-0.00016271313118669463
2026-08-24T01:06:24.507063,13.39,-1.3519104279470103e-09,1.6679311885821347e-18,0.0,-2.1591582743951676e-07,0.0,0.0,-1.0795791371975817e-07,0.9999999999999942,1.2695493237436912e-12,6.771504516390102e-17,0.0,0.0,0.0,6.55088395565331e-05
2026-08-24T01:06:24.535209,13.41,-1.351902960954732e-09,1.6541641249946292e-18,0.0,-3.3126420468931887e-06,0.0,0.0,-1.656321023445837e-06,0.9999999999986283,1.2585821650579003e-12,6.633635120988239e-17,0.0,0.0,0.0,6.28212367034882e-05
2026-08-24T01:06:24.567289,13.43,-1.3518954874530218e-09,1.6404255115901553e-18,0.0,-2.6447049399358487e-06,0.0,0.0,-1.3223524699675391e-06,0.9999999999991257,1.247780119700248e-12,6.496053336916946e-17,0.0,0.0,0.0,-9.192813267139209e-05
2026-08-24T01:06:24.599467,13.45,-1.3518880080144154e-09,1.6267781123961823e-18,0.0,-2.5735922970504532e-06,0.0,0.0,-1.2867961485248715e-06,0.9999999999991721,1.2370973946523042e-12,6.359387449508734e-17,0.0,0.0,0.0,0.00015146216237383513
2026-08-24T01:06:24.626804,13.47,-1.4038570000173026e-09,1.095089880423166e-18,0.0,1.5720423767184857e-06,0.0,0.0,7.860211883591618e-07,0.9999999999996911,-2.6098259537299967e-09,3.3296275023964405e-18,0.0,0.0,0.0,-0.00016810262886754958
2026-08-24T01:06:24.658292,13.49,-1.377819603395755e-09,9.515299135817878e-19,0.0,7.95804570685732e-07,0.0,0.0,3.979022853428555e-07,0.9999999999999208,1.4161070353638873e-12,-7.532286250683242e-18,0.0,0.0,0.0,0.00040405558755241645
2026-08-24T01:06:24.685916,13.51,-1.3778120316574751e-09,9.502072620983143e-19,0.0,1.1714541643392806e-06,0.0,0.0,5.857270821696069e-07,0.9999999999998285,1.4084736696480122e-12,-7.66528136478691e-18,0.0,0.0,0.0,-0.0001511765565708783
2026-08-24T01:06:24.718674,13.53,-1.3778045445117064e-09,9.483070378730736e-19,0.0,1.619580548339883e-06,0.0,0.0,8.097902741698529e-07,0.9999999999996722,1.3957929075461184e-12,-7.853974794052763e-18,0.0,0.0,0.0,-4.597442017054848e-05
2026-08-24T01:06:24.751477,13.55,-1.3777970516010823e-09,9.466121642298526e-19,0.0,-3.05228271990643e-07,0.0,0.0,-1.526141359953209e-07,0.9999999999999883,1.383243633675398e-12,-8.022094736479715e-18,0.0,0.0,0.0,0.0001207586565974407
2026-08-24T01:06:24.776774,13.57,-1.3777895521099038e-09,9.450261362263014e-19,0.0,3.447287744151595e-07,0.0,0.0,1.723643872075789e-07,0.9999999999999851,1.3708909642297118e-12,-8.179309799283823e-18,0.0,0.0,0.0,-2.957396307028816e-05
2026-08-24T01:06:24.809994,13.58,-1.3777907316703856e-09,1.0259315057298094e-18,0.0,-1.3465779602483963e-09,0.0,0.0,-6.732889801241981e-10,1.0,3.7832730789430856e-13,-8.166514701892867e-18,0.0,0.0,0.0,0.00022356306192474742
2026-08-24T01:06:24.835120,13.6,-1.3777825755744988e-09,1.025920485297494e-18,0.0,-1.3419487743249192e-09,0.0,0.0,-6.709743871624596e-10,1.0,3.7862458392349477e-13,-8.27524813356788e-18,0.0,0.0,0.0,7.212093025100102e-05
2026-08-24T01:06:24.869877,13.63,-1.377766430826158e-09,9.4057211115215e-19,0.0,1.2364821202481835e-06,0.0,0.0,6.182410601240524e-07,0.9999999999998089,1.3347588969598463e-12,-8.620431402888947e-18,0.0,0.0,0.0,0.00020154146472128558
2026-08-24T01:06:24.897980,13.65,-1.4300873648661972e-09,1.295373640628633e-18,0.0,-1.8401232724229999e-06,0.0,0.0,-9.200616362113701e-07,0.9999999999995768,-2.627411362051049e-09,1.9810715530955798e-17,0.0,0.0,0.0,5.110553411461261e-05
2026-08-24T01:06:24.927557,13.67,-1.4038736564956688e-09,1.6017665211875093e-18,0.0,2.2609129368689196e-06,0.0,0.0,1.130456468434219e-06,0.9999999999993611,1.5127339243632963e-12,5.407953470741865e-17,0.0,0.0,0.0,-0.00027025647252523896
2026-08-24T01:06:24.956229,13.69,-1.403866045425207e-09,1.5901474427083027e-18,0.0,7.057907063234836e-07,0.0,0.0,3.528953531617345e-07,0.9999999999999377,1.5039359314206608e-12,5.2916895251679955e-17,0.0,0.0,0.0,0.00012429632784009608
2026-08-24T01:06:24.992411,13.71,-1.4038585200121434e-09,1.579070930988799e-18,0.0,5.117215238215067e-07,0.0,0.0,2.5586076191075055e-07,0.9999999999999672,1.4900600984188294e-12,5.180797428333858e-17,0.0,0.0,0.0,-0.0003282981855215422
2026-08-24T01:06:25.023103,13.73,-1.403850987952861e-09,1.5676025380429321e-18,0.0,7.22270018016502e-07,0.0,0.0,3.611350090082432e-07,0.9999999999999348,1.4763865574851923e-12,5.065980663296713e-17,0.0,0.0,0.0,0.00018620609150945186
2026-08-24T01:06:25.050364,13.75,-1.4038434505281503e-09,1.5569395090014845e-18,0.0,2.6291549470869313e-07,0.0,0.0,1.314577473543462e-07,0.9999999999999913,1.4628402908828571e-12,4.9592347475222894e-17,0.0,0.0,0.0,8.398105193723676e-05
2026-08-24T01:06:25.078676,13.77,-1.403835906599556e-09,1.5462825970599954e-18,0.0,-1.782563345820165e-07,0.0,0.0,-8.912816729100813e-08,0.999999999999996,1.4495015198328902e-12,4.852551745330305e-17,0.0,0.0,0.0,-1.3504191509204624e-05
2026-08-24T01:06:25.108532,13.79,-1.4038283565765524e-09,1.5356427090358732e-18,0.0,-2.5841310598018197e-06,0.0,0.0,-1.2920655299005503e-06,0.9999999999991653,1.4363359668718194e-12,4.746041019600461e-17,0.0,0.0,0.0,-3.183360071070505e-05
2026-08-24T01:06:25.138250,13.81,-1.4038208005208484e-09,1.5249758327486945e-18,0.0,4.341554009634763e-07,0.0,0.0,2.1707770048173644e-07,0.9999999999999765,1.4233378325902142e-12,4.639261751387686e-17,0.0,0.0,0.0,-0.00013518894959707728
2026-08-24T01:06:25.170364,13.83,-1.4038132385907445e-09,1.5145696615098619e-18,0.0,3.923674189998394e-07,0.0,0.0,1.9618370949991843e-07,0.9999999999999808,1.4104889952769195e-12,4.5350957511289826e-17,0.0,0.0,0.0,-0.00024297332746805458
2026-08-24T01:06:25.200427,13.85,-1.4038056709936247e-09,1.5042014181064045e-18,0.0,-1.1780519262316604e-06,0.0,0.0,-5.89025963115796e-07,0.9999999999998265,1.3977973476428071e-12,4.4313115877314756e-17,0.0,0.0,0.0,0.00020412155574676835
2026-08-24T01:06:25.228714,13.870000000000001,-1.4037980970501102e-09,1.4943913559546537e-18,0.0,1.1379124140731276e-06,0.0,0.0,5.689562070365332e-07,0.9999999999998381,1.3852886930256762e-12,4.333121587133158e-17,0.0,0.0,0.0,-0.00015765691718368436
2026-08-24T01:06:25.258391,13.89,-1.4037905172738102e-09,1.4844862930612117e-18,0.0,1.321771427420515e-06,0.0,0.0,6.608857137102094e-07,0.9999999999997816,1.372936279909154e-12,4.2339808954091713e-17,0.0,0.0,0.0,2.8612810740553363e-05
2026-08-24T01:06:25.291187,13.91,-1.4037829316989123e-09,1.4749530808400097e-18,0.0,-1.2079271298759407e-06,0.0,0.0,-6.039635649379337e-07,0.9999999999998176,1.3607328244573281e-12,4.138567500227065e-17,0.0,0.0,0.0,-0.00029130142560933
2026-08-24T01:06:25.319549,13.93,-1.4037753400440712e-09,1.4650592030995568e-18,0.0,-2.2896955682583098e-06,0.0,0.0,-1.1448477841289048e-06,0.9999999999993446,1.3487029676675502e-12,4.0395422118954864e-17,0.0,0.0,0.0,-0.00017340597473218425
2026-08-24T01:06:25.346851,13.95,-1.403767742234551e-09,1.4553849052216413e-18,0.0,-1.0348090073719619e-07,0.0,0.0,-5.174045036859807e-08,0.9999999999999987,1.336829483302851e-12,3.94271836119672e-17,0.0,0.0,0.0,-6.320392888922328e-05
2026-08-24T01:06:25.378975,13.97,-1.4037601389995535e-09,1.4461204918226838e-18,0.0,7.714263334790417e-07,0.0,0.0,3.8571316673951125e-07,0.9999999999999256,1.3250846571263727e-12,3.850002316332583e-17,0.0,0.0,0.0,-4.4587035185933985e-05
2026-08-24T01:06:25.409560,13.99,-1.4037525301496255e-09,1.4370768259458278e-18,0.0,-1.350180902637277e-06,0.0,0.0,-6.750904513185872e-07,0.9999999999997721,1.3134856134900798e-12,3.759499368567548e-17,0.0,0.0,0.0,9.180411359917471e-05
2026-08-24T01:06:25.436778,14.01,-1.4037449154073096e-09,1.4281930817246166e-18,0.0,-1.6852449089554968e-06,0.0,0.0,-8.426224544776486e-07,0.999999999999645,1.302043834603109e-12,3.670600222268078e-17,0.0,0.0,0.0,8.244478871460877e-05
2026-08-24T01:06:25.469685,14.04,-1.4037379866350405e-09,1.0610909752539107e-18,0.0,-1.3614136484818573e-09,0.0,0.0,-6.807068242409287e-10,1.0,3.841278237320394e-13,3.500343451582861e-17,0.0,0.0,0.0,0.00022302060811776327
2026-08-24T01:06:25.496190,14.05,-1.4037296678284975e-09,1.41104977883904e-18,0.0,2.433988412153809e-06,0.0,0.0,1.216994206076604e-06,0.9999999999992595,1.2796334848611624e-12,3.4990590849712533e-17,0.0,0.0,0.0,-9.69785205010886e-05
2026-08-24T01:06:25.527844,14.07,-1.4568569573131314e-09,2.045026652172438e-18,0.0,-9.90371471942808e-07,0.0,0.0,-4.951857359713838e-07,0.9999999999998774,-2.6679786496384713e-09,9.119039669644226e-17,0.0,0.0,0.0,-0.00042327158480550005
2026-08-24T01:06:25.560128,14.09,-1.430239263764974e-09,2.888700282893393e-18,0.0,-1.2374620013133606e-06,0.0,0.0,-6.187310006566409e-07,0.9999999999998086,1.4621669168288745e-12,1.7939534394517076e-16,0.0,0.0,0.0,-0.00016340744645581995
2026-08-24T01:06:25.593404,14.11,-1.4302315443209014e-09,2.8569329407689704e-18,0.0,-1.6814801639952748e-07,0.0,0.0,-8.407400819976365e-08,0.9999999999999964,1.4541497973851402e-12,1.7620602129708551e-16,0.0,0.0,0.0,-5.512178300006667e-05
2026-08-24T01:06:25.621229,14.13,-1.4302239117900303e-09,2.8257424261509835e-18,0.0,-1.1604607630388843e-06,0.0,0.0,-5.802303815194096e-07,0.9999999999998317,1.4409748858319595e-12,1.730802267675478e-16,0.0,0.0,0.0,0.00012558966251237385
2026-08-24T01:06:25.650235,14.15,-1.4302162738180504e-09,2.7951130738479488e-18,0.0,-1.6740221737698848e-06,0.0,0.0,-8.370110868848446e-07,0.9999999999996497,1.4279366339696852e-12,1.7001071507998677e-16,0.0,0.0,0.0,-4.812113648563693e-05
2026-08-24T01:06:25.677153,14.17,-1.4568193130571995e-09,2.5393607218609926e-18,0.0,4.777279646095423e-06,0.0,0.0,2.38863982304544e-06,0.9999999999971472,1.4144533380057484e-12,1.4068506305526632e-16,0.0,0.0,0.0,0.0003019825303082742
2026-08-24T01:06:25.706251,14.19,-1.4568116939664226e-09,2.5143544910349172e-18,0.0,5.842371466613373e-07,0.0,0.0,2.9211857333066447e-07,0.9999999999999574,1.4017751496696017e-12,1.3817941378829066e-16,0.0,0.0,0.0,-0.0001886882534885986
2026-08-24T01:06:25.735850,14.21,-1.4568040426735805e-09,2.4888520156025072e-18,0.0,1.7367892559683187e-06,0.0,0.0,8.683946279840501e-07,0.999999999999623,1.3892347034376455e-12,1.356241021713457e-16,0.0,0.0,0.0,0.00018164688846865852
2026-08-24T01:06:25.770585,14.22,-1.456805199448093e-09,1.1343299824293072e-18,0.0,-1.3936820586479826e-09,0.0,0.0,-6.968410293239913e-10,1.0,3.8595044686843056e-13,1.328216203717192e-16,0.0,0.0,0.0,1.6093254837284423e-05
2026-08-24T01:06:25.800904,14.25,-1.4567887224903046e-09,2.4397172477222888e-18,0.0,-4.026476212892761e-06,0.0,0.0,-2.01323810644502e-06,0.9999999999979734,1.3646653038456554e-12,1.307009861050613e-16,0.0,0.0,0.0,-9.122875395332311e-06
2026-08-24T01:06:25.827240,14.27,-1.4834852851771591e-09,1.8193726570613084e-18,0.0,1.4007727466847086e-07,0.0,0.0,7.003863733423538e-08,0.9999999999999976,1.351991602233698e-12,6.479080618827802e-17,0.0,0.0,0.0,-9.673878460173212e-05
2026-08-24T01:06:25.857951,14.29,-1.4834776413239249e-09,1.8054445224835776e-18,0.0,-1.2959515376387287e-06,0.0,0.0,-6.47975768819319e-07,0.9999999999997901,1.340112869270995e-12,6.339619165909198e-17,0.0,0.0,0.0,-0.0001115272928131671
2026-08-24T01:06:25.890318,14.31,-1.4834699652707139e-09,1.791625324566955e-18,0.0,2.9178993128375907e-06,0.0,0.0,1.4589496564182778e-06,0.9999999999989357,1.3283755102136008e-12,6.20125209777186e-17,0.0,0.0,0.0,-0.0002781464510493328
2026-08-24T01:06:25.919295,14.33,-1.4834622840861616e-09,1.7780984229092326e-18,0.0,-6.540414640987536e-07,0.0,0.0,-3.2702073204937094e-07,0.9999999999999465,1.3167663358113063e-12,6.065815305461031e-17,0.0,0.0,0.0,-4.080926564377599e-05
2026-08-24T01:06:25.949544,14.35,-1.4834545970201727e-09,1.764814819860045e-18,0.0,3.410396742786759e-07,0.0,0.0,1.7051983713933712e-07,0.9999999999999855,1.3053241063169377e-12,5.932818825496185e-17,0.0,0.0,0.0,0.00013682048535357928
2026-08-24T01:06:25.978377,14.36,-1.4834553119423867e-09,1.1717687071630437e-18,0.0,-1.4117143010139444e-09,0.0,0.0,-7.058571505069722e-10,1.0,3.8745492189256996e-13,5.800127785276548e-17,0.0,0.0,0.0,-0.0002144063508025514
2026-08-24T01:06:26.007581,14.39,-1.4834392064536987e-09,1.7391242902474977e-18,0.0,2.8688960185263568e-06,0.0,0.0,1.4344480092626865e-06,0.9999999999989712,1.282877554508803e-12,5.675614918185479e-17,0.0,0.0,0.0,-1.4691281152715257e-05
2026-08-24T01:06:26.037528,14.41,-1.4834315029977832e-09,1.7266699759327153e-18,0.0,7.995612758548987e-07,0.0,0.0,3.997806379274387e-07,0.9999999999999201,1.2718544569940952e-12,5.5509324584039813e-17,0.0,0.0,0.0,-0.0002999016520731373
2026-08-24T01:06:26.068279,14.43,-1.4834237937157358e-09,1.7140052000673116e-18,0.0,-9.743822753094378e-07,0.0,0.0,-4.871911376546996e-07,0.9999999999998813,1.2610030104710993e-12,5.4241438035290985e-17,0.0,0.0,0.0,-3.842084244979374e-05
2026-08-24T01:06:26.098741,14.45,-1.4834160789051276e-09,1.701704253584252e-18,0.0,-8.88060829318249e-07,0.0,0.0,-4.440304146591099e-07,0.9999999999999014,1.2502805448009527e-12,5.301002318144341e-17,0.0,0.0,0.0,2.8610870946868308e-05
2026-08-24T01:06:26.128186,14.47,-1.4834083589500333e-09,1.6896679419529859e-18,0.0,5.035606902126233e-06,0.0,0.0,2.5178034510604563e-06,0.9999999999968303,1.2396812783610289e-12,5.180513894726201e-17,0.0,0.0,0.0,-8.651683403493391e-05
2026-08-24T01:06:26.161353,14.49,-1.4834006334300034e-09,1.6780183479058131e-18,0.0,2.2943472908210083e-06,0.0,0.0,1.1471736454102526e-06,0.999999999999342,1.229221455063849e-12,5.063901367607868e-17,0.0,0.0,0.0,-3.649441533719197e-05
2026-08-24T01:06:26.190815,14.51,-1.4833929027342448e-09,1.666455835516243e-18,0.0,-9.544174650599757e-08,0.0,0.0,-4.7720873252998766e-08,0.9999999999999989,1.2188887776690347e-12,4.948163653845141e-17,0.0,0.0,0.0,0.000269688451833575
2026-08-24T01:06:26.222808,14.53,-1.4833851665881025e-09,1.6552473531518738e-18,0.0,-2.9415378444141993e-07,0.0,0.0,-1.4707689222070944e-07,0.9999999999999892,1.2086970611224686e-12,4.835974661000029e-17,0.0,0.0,0.0,8.339030638009763e-05
2026-08-24T01:06:26.252060,14.55,-1.4833774247214656e-09,1.6440275928687858e-18,0.0,-4.589955557854353e-07,0.0,0.0,-2.2949777789271562e-07,0.9999999999999737,1.198642440508837e-12,4.7236741511480507e-17,0.0,0.0,0.0,-0.0002832543477993432
2026-08-24T01:06:26.288096,14.57,-1.4833696781163108e-09,1.6326330695596815e-18,0.0,-1.631888623787603e-06,0.0,0.0,-8.159443118937109e-07,0.9999999999996672,1.188694375997673e-12,4.6096243645227086e-17,0.0,0.0,0.0,-0.00026926753622651475
2026-08-24T01:06:26.313282,14.59,-1.4833619260722644e-09,1.6213806319280193e-18,0.0,-3.6277352930547124e-06,0.0,0.0,-1.8138676465263616e-06,0.999999999998355,1.178894729790507e-12,4.496999916616393e-17,0.0,0.0,0.0,-0.0003611048644879322
2026-08-24T01:06:26.344794,14.61,-1.4833541687985438e-09,1.6101344487529759e-18,0.0,-1.2310055259590058e-06,0.0,0.0,-6.15502762979464e-07,0.9999999999998106,1.1692005598186688e-12,4.384439820970628e-17,0.0,0.0,0.0,7.019997240623315e-05
2026-08-24T01:06:26.376371,14.63,-1.5375231612247436e-09,1.3837021739195785e-18,0.0,-3.0351683140139585e-06,0.0,0.0,-1.5175841570063967e-06,0.9999999999988485,-2.7204244059774116e-09,1.3420220577184603e-17,0.0,0.0,0.0,-0.0002534429900507086
2026-08-24T01:06:26.411408,14.65,-1.510383585178461e-09,2.4744122465399905e-18,0.0,7.554461336489738e-07,0.0,0.0,3.7772306682447786e-07,0.9999999999999286,1.3586549064140395e-12,1.265901548721523e-16,0.0,0.0,0.0,-0.000357586696959465
2026-08-24T01:06:26.438707,14.67,-1.5103757344373346e-09,2.450372678760916e-18,0.0,5.470542983943007e-06,0.0,0.0,2.735271491968092e-06,0.9999999999962591,1.3521014783209618e-12,1.2417816486970428e-16,0.0,0.0,0.0,-1.4052498820283222e-05
2026-08-24T01:06:26.469855,14.69,-1.5103679731665027e-09,2.4273006299307154e-18,0.0,-4.347911003677041e-06,0.0,0.0,-2.173955501836808e-06,0.999999999997637,1.3402482488275073e-12,1.218666441987037e-16,0.0,0.0,0.0,-0.00023785300447339545
2026-08-24T01:06:26.499901,14.71,-1.5374697996914881e-09,1.7484317513113666e-18,0.0,-5.451522851807057e-06,0.0,0.0,-2.7257614259001525e-06,0.9999999999962851,1.3279207649194317e-12,4.994751413860542e-17,0.0,0.0,0.0,3.215577612669001e-05
2026-08-24T01:06:26.526272,14.73,-1.5918207789646145e-09,5.123469232449951e-19,0.0,-3.3346038597059655e-06,0.0,0.0,-1.6673019298522098e-06,0.99999999999861,-2.7294087381593926e-09,-8.185092185498689e-17,0.0,0.0,0.0,-0.00017113443312739607
2026-08-24T01:06:26.561205,14.75,-1.5645900692577667e-09,1.5607322251420277e-18,0.0,6.856300003299509e-07,0.0,0.0,3.4281500016496874e-07,0.9999999999999413,1.5141182316162475e-12,2.7196627747705406e-17,0.0,0.0,0.0,6.213162925203605e-05
2026-08-24T01:06:26.599749,14.77,-1.6461768654122695e-09,1.9485155369197922e-18,0.0,2.0144917534103968e-06,0.0,0.0,1.0072458767050281e-06,0.9999999999994927,-2.7328421878930464e-09,5.392413543397427e-17,0.0,0.0,0.0,7.687005672968048e-05
2026-08-24T01:06:26.625230,14.79,-1.6189100843412328e-09,1.2850566911586433e-18,0.0,-2.167577823009026e-06,0.0,0.0,-1.0837889115043008e-06,0.9999999999994127,1.7006611667665186e-12,-8.469901433327431e-18,0.0,0.0,0.0,-5.51630942122045e-05
2026-08-24T01:06:26.653097,14.81,-1.618902238672498e-09,1.2825255597219022e-18,0.0,-6.862564552179152e-07,0.0,0.0,-3.4312822760895084e-07,0.9999999999999412,1.6898124305236995e-12,-8.720436861378668e-18,0.0,0.0,0.0,8.487379680813641e-05
2026-08-24T01:06:26.685128,14.83,-1.618894482467326e-09,1.2804069688719412e-18,0.0,8.881833322149646e-07,0.0,0.0,4.440916661074677e-07,0.9999999999999014,1.6737252691019967e-12,-8.930741685302449e-18,0.0,0.0,0.0,0.00014958083173506685
2026-08-24T01:06:26.713987,14.85,-1.6461226562648481e-09,1.4622703600592906e-18,0.0,-2.572006256862381e-07,0.0,0.0,-1.2860031284311867e-07,0.9999999999999918,1.6572120234587415e-12,5.192520230529347e-18,0.0,0.0,0.0,-5.2109063548301494e-05
2026-08-24T01:06:26.743874,14.870000000000001,-1.6461149196061115e-09,1.4578504942527516e-18,0.0,2.7274491367634823e-06,0.0,0.0,1.3637245683813185e-06,0.9999999999990701,1.641560793538658e-12,4.751456252024919e-18,0.0,0.0,0.0,-0.00027947380655730394
2026-08-24T01:06:26.773676,14.89,-1.673379011563026e-09,1.933396390152183e-18,0.0,-1.5353957918406993e-06,0.0,0.0,-7.676978959202742e-07,0.9999999999997053,1.6254216438490273e-12,4.8248649588378916e-17,0.0,0.0,0.0,0.00011223489322280221
2026-08-24T01:06:26.803042,14.91,-1.7280544567977078e-09,1.6373799205715221e-18,0.0,2.00524262838897e-06,0.0,0.0,1.0026213141943172e-06,0.9999999999994974,-2.745414722005758e-09,1.0160312530415711e-17,0.0,0.0,0.0,-9.007515833089422e-05
2026-08-24T01:06:26.834053,14.93,-1.7826873654641217e-09,2.182718748978447e-18,0.0,2.6533033623543645e-06,0.0,0.0,1.326651681176793e-06,0.99999999999912,-2.7469979324831364e-09,5.618717475188176e-17,0.0,0.0,0.0,2.2053281461187e-05
2026-08-24T01:06:26.862257,14.94,-1.7552883321681538e-09,1.5779693684364538e-18,0.0,-1.5723409241275021e-09,0.0,0.0,-7.861704620637511e-10,1.0,3.8674319407500085e-13,-1.299267066621167e-17,0.0,0.0,0.0,-5.304880758400738e-05
2026-08-24T01:06:26.896955,14.97,-1.7552685387000745e-09,1.4454502259617043e-18,0.0,2.498569099618208e-06,0.0,0.0,1.2492845498087793e-06,0.9999999999992196,1.988648439303799e-12,-1.3358543932454807e-17,0.0,0.0,0.0,-8.718719945319253e-05
2026-08-24T01:06:26.928192,14.99,-1.7552607848991519e-09,1.4443223163899705e-18,0.0,-2.7237143074287934e-07,0.0,0.0,-1.3618571537143922e-07,0.9999999999999907,1.968824462863702e-12,-1.3469497061366404e-17,0.0,0.0,0.0,0.00024566155014550206
2026-08-24T01:06:26.959475,15.01,-1.7552530258314613e-09,1.4434590060396208e-18,0.0,-1.5003171940364268e-06,0.0,0.0,-7.50158597018143e-07,0.9999999999997187,1.9492235043504042e-12,-1.355393839853734e-17,0.0,0.0,0.0,0.00010206670138382195
2026-08-24T01:06:26.993316,15.03,-1.7552452606279946e-09,1.4422682236277464e-18,0.0,-1.4672337864674032e-06,0.0,0.0,-7.336168932336359e-07,0.9999999999997309,1.9298962567394726e-12,-1.3671195741273581e-17,0.0,0.0,0.0,-0.00032159791666397516
2026-08-24T01:06:27.024615,15.05,-1.7552374900350568e-09,1.4404628260107742e-18,0.0,7.655844851406357e-07,0.0,0.0,3.827922425703085e-07,0.9999999999999267,1.9107999840675065e-12,-1.3850035896385803e-17,0.0,0.0,0.0,0.00022795976505244605
2026-08-24T01:06:27.054191,15.07,-1.7552297139432464e-09,1.4398345150676872e-18,0.0,-2.4148919441913104e-06,0.0,0.0,-1.207445972095362e-06,0.999999999999271,1.8919398600641813e-12,-1.3910946533044152e-17,0.0,0.0,0.0,0.0003452087551153397
2026-08-24T01:06:27.081892,15.09,-1.7826722811988004e-09,1.0922070301540869e-18,0.0,-3.67777575860373e-06,0.0,0.0,-1.8388878793008285e-06,0.9999999999983092,1.872675488291834e-12,-5.30899862358664e-17,0.0,0.0,0.0,-0.00017649465097827852
2026-08-24T01:06:27.113378,15.11,-1.7826645248948305e-09,1.0967907372456985e-18,0.0,1.8072449838868465e-06,0.0,0.0,9.036224919433003e-07,0.9999999999995918,1.85433791706107e-12,-5.262816243355457e-17,0.0,0.0,0.0,-0.00017565060803457794
2026-08-24T01:06:27.144476,15.13,-1.7826567362425158e-09,1.1019458803312555e-18,0.0,2.75971108765205e-06,0.0,0.0,1.3798555438255872e-06,0.999999999999048,1.836184847056898e-12,-5.2109102345919046e-17,0.0,0.0,0.0,-0.00017146577226518673
2026-08-24T01:06:27.171307,15.15,-1.7826511515785365e-09,1.107207066256554e-18,0.0,-5.087919793922424e-06,0.0,0.0,-2.543959896958468e-06,0.9999999999967641,1.7072728230166255e-12,-5.1579782972809096e-17,0.0,0.0,0.0,-3.896162469574859e-05
2026-08-24T01:06:27.202862,15.17,-1.7826455658830993e-09,1.1117698498751265e-18,0.0,-1.7549595199284344e-06,0.0,0.0,-8.774797599641044e-07,0.999999999999615,1.6892829978899636e-12,-5.112044691809213e-17,0.0,0.0,0.0,-0.0003886139272077483
2026-08-24T01:06:27.226857,15.19,-1.7826399815394705e-09,1.116187414227279e-18,0.0,-8.17556025989319e-07,0.0,0.0,-4.0877801299464805e-07,0.9999999999999164,1.6714923149036426e-12,-5.0675685199886844e-17,0.0,0.0,0.0,6.746171304381927e-05
2026-08-24T01:06:27.258183,15.21,-1.7826343981574426e-09,1.1213262608897703e-18,0.0,-4.283277402095108e-06,0.0,0.0,-2.1416387010459173e-06,0.9999999999977067,1.6539421353736704e-12,-5.0158671171657204e-17,0.0,0.0,0.0,-6.463139709025656e-05
2026-08-24T01:06:27.285201,15.23,-1.7826288161886142e-09,1.1258909040257733e-18,0.0,6.499222329203748e-07,0.0,0.0,3.249611164601816e-07,0.9999999999999472,1.6365965619831894e-12,-4.969920231832853e-17,0.0,0.0,0.0,0.00014095490459133342
2026-08-24T01:06:27.314789,15.25,-1.7826232355874176e-09,1.1312259162471891e-18,0.0,-3.894124151138101e-06,0.0,0.0,-1.94706207556782e-06,0.9999999999981045,1.6194660008114804e-12,-4.91625713914358e-17,0.0,0.0,0.0,0.0002605839689794779
2026-08-24T01:06:27.343248,15.27,-1.7826176561411074e-09,1.1362219864010414e-18,0.0,2.704073704062893e-06,0.0,0.0,1.3520368520310344e-06,0.999999999999086,1.602556862852513e-12,-4.865991039210079e-17,0.0,0.0,0.0,0.00013459112217478232
2026-08-24T01:06:27.368814,15.29,-1.7826120782412172e-09,1.1416800956110936e-18,0.0,1.3992282514863064e-06,0.0,0.0,6.996141257430961e-07,0.9999999999997553,1.585843283083357e-12,-4.811098235072906e-17,0.0,0.0,0.0,4.1806212573626276e-05
2026-08-24T01:06:27.395739,15.31,-1.782606501464011e-09,1.1468425780054947e-18,0.0,-3.47857263882645e-07,0.0,0.0,-1.739286319413216e-07,0.9999999999999849,1.5693550053074374e-12,-4.759168489283435e-17,0.0,0.0,0.0,0.00011146335279761188
2026-08-24T01:06:27.427583,15.33,-1.782600926118343e-09,1.1518881033921532e-18,0.0,-4.432352973537945e-08,0.0,0.0,-2.2161764867689723e-08,0.9999999999999998,1.5530631470256904e-12,-4.708412088350369e-17,0.0,0.0,0.0,-0.0002443043798196337
2026-08-24T01:06:27.452905,15.35,-1.7825953520051745e-09,1.156470620577166e-18,0.0,-7.027050612506968e-07,0.0,0.0,-3.513525306253412e-07,0.9999999999999383,1.53698376849704e-12,-4.662296359598504e-17,0.0,0.0,0.0,9.996404446738907e-05
2026-08-24T01:06:27.487230,15.37,-1.7825897794088903e-09,1.161404418850962e-18,0.0,1.2518664056493378e-06,0.0,0.0,6.25933202824628e-07,0.9999999999998042,1.5210953962770693e-12,-4.612662470007834e-17,0.0,0.0,0.0,0.00017922493891584624
2026-08-24T01:06:27.511214,15.39,-1.7825842083662453e-09,1.1665848776073057e-18,0.0,-3.2884330982696497e-06,0.0,0.0,-1.644216549134084e-06,0.9999999999986483,1.5053943448585347e-12,-4.5605591557252006e-17,0.0,0.0,0.0,2.8515880752527558e-05
2026-08-24T01:06:27.540431,15.41,-1.7825786389782965e-09,1.1711208773825686e-18,0.0,-4.516151904887522e-06,0.0,0.0,-2.258075952441842e-06,0.9999999999974506,1.4898942997035877e-12,-4.514913879737328e-17,0.0,0.0,0.0,-0.00019450426591275722
2026-08-24T01:06:27.571038,15.43,-1.839183563810885e-09,1.4166278264267572e-19,0.0,-3.5507811619872602e-06,0.0,0.0,-1.7753905809926973e-06,0.999999999998424,-2.84236894090163e-09,-1.5739475083082607e-16,0.0,0.0,0.0,-5.1133574716031845e-05
2026-08-24T01:06:27.599863,15.44,-1.8108371351442711e-09,1.6663148661279649e-18,0.0,-1.6091918908500702e-09,0.0,0.0,-8.045959454250351e-10,1.0,2.7635422599667766e-13,-5.68975112037828e-17,0.0,0.0,0.0,0.00030161554609484337
2026-08-24T01:06:27.632281,15.47,-1.8108217185443174e-09,1.1028157529909163e-18,0.0,-3.238607044764308e-07,0.0,0.0,-1.6193035223821468e-07,0.9999999999999869,1.6653415768373844e-12,-5.650979779201855e-17,0.0,0.0,0.0,0.00024037854864623984
2026-08-24T01:06:27.662705,15.49,-1.8108161712392874e-09,1.1099065280938262e-18,0.0,-7.011270430901106e-07,0.0,0.0,-3.505635215450481e-07,0.9999999999999386,1.647824857035703e-12,-5.579727412501492e-17,0.0,0.0,0.0,-0.00020432848272939927
2026-08-24T01:06:27.691865,15.51,-1.810810625514167e-09,1.1162816223873954e-18,0.0,-1.1083968889380458e-06,0.0,0.0,-5.541984444689945e-07,0.9999999999998465,1.630510093704157e-12,-5.515647710900194e-17,0.0,0.0,0.0,-0.00010209756767670925
2026-08-24T01:06:27.720181,15.53,-1.8108050809417014e-09,1.1227029476267552e-18,0.0,-2.609956171184536e-07,0.0,0.0,-1.304978085592264e-07,0.9999999999999915,1.613440696944369e-12,-5.451106451792853e-17,0.0,0.0,0.0,-6.882188125646167e-05
2026-08-24T01:06:27.746619,15.55,-1.8107995380599924e-09,1.1292017065695797e-18,0.0,-4.965754385466427e-07,0.0,0.0,-2.4828771927331873e-07,0.9999999999999691,1.596571935819975e-12,-5.38579132350997e-17,0.0,0.0,0.0,-0.00016235120421932887
2026-08-24T01:06:27.774687,15.57,-1.810793996944718e-09,1.1354969405212253e-18,0.0,2.0670012101930983e-06,0.0,0.0,1.033500605096365e-06,0.999999999999466,1.579900205796556e-12,-5.3225170817378084e-17,0.0,0.0,0.0,-9.922946551183554e-05
2026-08-24T01:06:27.801208,15.59,-1.8107884572346534e-09,1.1420740115855703e-18,0.0,-1.4855737378027811e-06,0.0,0.0,-7.427868689013223e-07,0.9999999999997241,1.5634529442814073e-12,-5.2564210452176745e-17,0.0,0.0,0.0,-0.0004217602418896155
2026-08-24T01:06:27.828704,15.61,-1.8107829189762838e-09,1.1478283834602743e-18,0.0,1.1735281155722534e-06,0.0,0.0,5.867640577860929e-07,0.9999999999998278,1.54721113971975e-12,-5.198569069059315e-17,0.0,0.0,0.0,-3.017513955547819e-05
2026-08-24T01:06:27.859078,15.62,-1.8392374914831809e-09,1.7121244379198273e-18,0.0,-1.6200076835559685e-09,0.0,0.0,-8.100038417779842e-10,1.0,-2.8448198246661367e-09,-2.1630292727613913e-17,0.0,0.0,0.0,2.9335233992574943e-05
2026-08-24T01:06:27.886711,15.65,-1.8392218878135889e-09,1.3011731098250118e-18,0.0,2.2813067395155433e-06,0.0,0.0,1.140653369757524e-06,0.9999999999993494,1.7346760378918273e-12,-4.121825741252123e-17,0.0,0.0,0.0,0.00012829315979247244
2026-08-24T01:06:27.915943,15.67,-1.8392162709155445e-09,1.3063496962475384e-18,0.0,-8.214507940529361e-07,0.0,0.0,-4.107253970264564e-07,0.9999999999999156,1.721917511152684e-12,-4.069674877926743e-17,0.0,0.0,0.0,0.00030604193728977905
2026-08-24T01:06:27.941790,15.69,-1.839210755588834e-09,1.3113987245447136e-18,0.0,4.1253724831769026e-06,0.0,0.0,2.062686241586989e-06,0.9999999999978727,1.703655616890157e-12,-4.0189086337889666e-17,0.0,0.0,0.0,-7.639497777369526e-05
2026-08-24T01:06:27.967967,15.71,-1.8392052417539837e-09,1.316397666914938e-18,0.0,-4.0552637026181065e-07,0.0,0.0,-2.0276318513090392e-07,0.9999999999999795,1.685631594196403e-12,-3.9686463064913826e-17,0.0,0.0,0.0,0.00011076603696138373
2026-08-24T01:06:27.997678,15.73,-1.8391997296373502e-09,1.3211216302791195e-18,0.0,1.777679836667545e-06,0.0,0.0,8.888399183336555e-07,0.999999999999605,1.6678263892185325e-12,-3.921139581603195e-17,0.0,0.0,0.0,2.9529111640741825e-05
2026-08-24T01:06:28.025787,15.75,-1.839194218758525e-09,1.3259230686950143e-18,0.0,3.5616676452576716e-06,0.0,0.0,1.7808338226278943e-06,0.9999999999984143,1.6502660451620152e-12,-3.87285850169063e-17,0.0,0.0,0.0,-0.0003069201919460348
2026-08-24T01:06:28.052924,15.77,-1.8391887098741147e-09,1.3304044226116189e-18,0.0,-3.249694549012361e-07,0.0,0.0,-1.6248472745061732e-07,0.9999999999999868,1.6328878298078103e-12,-3.8277857215972104e-17,0.0,0.0,0.0,4.1861678423260615e-05
2026-08-24T01:06:28.084510,15.79,-1.8391832025391771e-09,1.3349194481621086e-18,0.0,-2.104869723407177e-06,0.0,0.0,-1.0524348617033942e-06,0.9999999999994462,1.6157415433024079e-12,-3.782376324087517e-17,0.0,0.0,0.0,-0.00029001177240747534
2026-08-24T01:06:28.111096,15.8,-1.8391870884008953e-09,1.7120592956851926e-18,0.0,-1.6249104284327132e-09,0.0,0.0,-8.124552142163566e-10,1.0,2.795337253674397e-13,-3.7218511522979166e-17,0.0,0.0,0.0,0.0002940707866223909
2026-08-24T01:06:28.141574,15.82,-1.8391815002690456e-09,1.7120501998185704e-18,0.0,-1.6179071415933777e-09,0.0,0.0,-8.089535707966888e-10,1.0,2.793692011844342e-13,-3.6741365765514124e-17,0.0,0.0,0.0,0.00019601727156522638
2026-08-24T01:06:28.173351,15.85,-1.8391666906065214e-09,1.3483492225016549e-18,0.0,-2.679931906612864e-06,0.0,0.0,-1.3399659533060312e-06,0.9999999999991023,1.5655823923559004e-12,-3.6473121111870273e-17,0.0,0.0,0.0,0.000234825705423653
2026-08-24T01:06:28.194611,15.86,-1.8391703321452009e-09,1.712032107564251e-18,0.0,-1.621018874686797e-09,0.0,0.0,-8.105094373433985e-10,1.0,2.791039083028445e-13,-3.5825034287173874e-17,0.0,0.0,0.0,0.00018668428363732104
2026-08-24T01:06:28.225037,15.89,-1.8391556920290965e-09,1.357148740427895e-18,0.0,1.0291845944365718e-06,0.0,0.0,5.145922972182632e-07,0.9999999999998676,1.5331422439476125e-12,-3.558815322948626e-17,0.0,0.0,0.0,0.00027863127036285157
2026-08-24T01:06:28.252245,15.91,-1.839150194933757e-09,1.3618564580861227e-18,0.0,6.392673985722297e-07,0.0,0.0,3.196336992861094e-07,0.9999999999999489,1.5172593544301398e-12,-3.5114832188856506e-17,0.0,0.0,0.0,0.0002592371020266761
2026-08-24T01:06:28.287235,15.93,-1.839144700444683e-09,1.3664534916813936e-18,0.0,-1.0116165540807742e-06,0.0,0.0,-5.058082770403655e-07,0.9999999999998721,1.5015274931937428e-12,-3.46526146994465e-17,0.0,0.0,0.0,-0.0002352588459282454
2026-08-24T01:06:28.308838,15.94,-1.8391480301842478e-09,1.7119960439229585e-18,0.0,-1.623548406826103e-09,0.0,0.0,-8.117742034130515e-10,1.0,2.7853241178008166e-13,-3.407689268545673e-17,0.0,0.0,0.0,2.9487749885772317e-06
2026-08-24T01:06:28.339114,15.97,-1.8391337162928413e-09,1.374858434131997e-18,0.0,3.896069193487507e-06,0.0,0.0,1.948034596742521e-06,0.9999999999981026,1.4707058165282237e-12,-3.380727647288141e-17,0.0,0.0,0.0,-2.1893814948968594e-06
2026-08-24T01:06:28.368078,15.99,-1.8391282273795011e-09,1.3792954749736452e-18,0.0,-3.0998056037567787e-06,0.0,0.0,-1.5499028018777685e-06,0.9999999999987988,1.4555677556104783e-12,-3.33611280350936e-17,0.0,0.0,0.0,4.463106408569254e-06
2026-08-24T01:06:28.397213,16.01,-1.8391227396585135e-09,1.3830801359124559e-18,0.0,-3.036644207643491e-06,0.0,0.0,-1.518322103821162e-06,0.9999999999988474,1.4406441155267188e-12,-3.2980345093146934e-17,0.0,0.0,0.0,6.210237783508122e-05
2026-08-24T01:06:28.426498,16.03,-1.8391172547678435e-09,1.3869103285557022e-18,0.0,1.877325587429368e-06,0.0,0.0,9.386627937145462e-07,0.9999999999995595,1.4258674389449464e-12,-3.2595015377009156e-17,0.0,0.0,0.0,-0.00013762929165924516
2026-08-24T01:06:28.452482,16.05,-1.8391117714746576e-09,1.3908934224962553e-18,0.0,-2.516228722271308e-06,0.0,0.0,-1.258114361135322e-06,0.9999999999992085,1.4112967835578917e-12,-3.2194381058555783e-17,0.0,0.0,0.0,0.0003323788615051533
2026-08-24T01:06:28.486350,16.07,-1.8391062906655403e-09,1.3950169553194022e-18,0.0,8.252128012031792e-07,0.0,0.0,4.126064006015778e-07,0.9999999999999148,1.3968849052787226e-12,-3.177968070127353e-17,0.0,0.0,0.0,-3.313421490785242e-05
2026-08-24T01:06:28.512538,16.09,-1.925702800039914e-09,1.891637448676866e-18,0.0,1.1205809613556992e-06,0.0,0.0,5.602904806778204e-07,0.999999999999843,-2.9007288584264718e-09,3.7480950353148385e-18,0.0,0.0,0.0,-2.5445202616952985e-05
2026-08-24T01:06:28.542056,16.11,-1.9545697060527135e-09,1.9792256411303815e-18,0.0,1.931945796229684e-06,0.0,0.0,9.659728981146917e-07,0.9999999999995335,-2.902202132538533e-09,7.689674986665508e-18,0.0,0.0,0.0,0.00015221096791075278
2026-08-24T01:06:28.569544,16.12,-1.9544994952910143e-09,1.902322004065191e-18,0.0,-1.6763324062196716e-09,0.0,0.0,-8.381662031098358e-10,1.0,-2.8870497335683965e-09,-1.8858745061938105e-17,0.0,0.0,0.0,0.00012435264344562097
2026-08-24T01:06:28.595556,16.14,-1.9544939762565394e-09,1.902303010641548e-18,0.0,-1.6790524526300032e-09,0.0,0.0,-8.395262263150016e-10,1.0,2.7087478465835755e-13,-3.259178392599354e-17,0.0,0.0,0.0,-0.0002597327899853249
2026-08-24T01:06:28.624571,16.17,-1.9544770458388877e-09,1.579237388317258e-18,0.0,-9.93514763347747e-07,0.0,0.0,-4.967573816738531e-07,0.9999999999998767,1.9948363411978692e-12,-3.2393069294766476e-17,0.0,0.0,0.0,9.971434022154401e-05
2026-08-24T01:06:28.651227,16.19,-1.954471627472327e-09,1.5833511407356673e-18,0.0,2.5893268835730514e-06,0.0,0.0,1.2946634417861638e-06,0.9999999999991619,1.9731053908412354e-12,-3.1979347719272515e-17,0.0,0.0,0.0,0.00015159864001718348
2026-08-24T01:06:28.676488,16.21,-1.9544662108299956e-09,1.5879895820133018e-18,0.0,-3.513120763187772e-07,0.0,0.0,-1.7565603815938767e-07,0.9999999999999846,1.951634877640176e-12,-3.151307107966932e-17,0.0,0.0,0.0,-0.00017491998248228135
2026-08-24T01:06:28.704328,16.22,-1.9544718285472804e-09,1.9022810062912315e-18,0.0,-1.6809647007676176e-09,0.0,0.0,-8.404823503838088e-10,1.0,2.760444766941716e-13,-3.0977674858784376e-17,0.0,0.0,0.0,-6.944767966554603e-05
2026-08-24T01:06:28.729291,16.25,-1.954455383236838e-09,1.594644329132895e-18,0.0,-1.4034094379944406e-06,0.0,0.0,-7.017047189971627e-07,0.9999999999997538,1.9094572983943753e-12,-3.084325585999891e-17,0.0,0.0,0.0,0.00019515302725474771
2026-08-24T01:06:28.759775,16.27,-1.9544499720364625e-09,1.5987137729669735e-18,0.0,-1.1252585325749467e-06,0.0,0.0,-5.626292662874436e-07,0.9999999999998417,1.8887731220575372e-12,-3.043401164517289e-17,0.0,0.0,0.0,5.673461788994685e-05
2026-08-24T01:06:28.785464,16.29,-1.9544445627538007e-09,1.6025580105247271e-18,0.0,1.3031950203412637e-06,0.0,0.0,6.515975101705857e-07,0.9999999999997877,1.8683417861377332e-12,-3.004734587906654e-17,0.0,0.0,0.0,0.00018869279830704058
2026-08-24T01:06:28.816042,16.31,-1.9544391552307815e-09,1.6068742612240358e-18,0.0,-1.3461615564480667e-06,0.0,0.0,-6.730807782239825e-07,0.9999999999997735,1.848171365840407e-12,-2.961340038127106e-17,0.0,0.0,0.0,5.3431252647601215e-05
2026-08-24T01:06:28.844453,16.33,-1.954433749594902e-09,1.6106055373304913e-18,0.0,-3.8331633334109943e-07,0.0,0.0,-1.9165816667054853e-07,0.9999999999999817,1.8282366672622092e-12,-2.923807149796531e-17,0.0,0.0,0.0,-0.0003415746033231241
2026-08-24T01:06:28.871108,16.35,-1.954428345780713e-09,1.6138146095707514e-18,0.0,-2.121934370880041e-06,0.0,0.0,-1.0609671854398214e-06,0.9999999999994372,1.808562798758989e-12,-2.891507456363393e-17,0.0,0.0,0.0,-0.00028809584773847906
2026-08-24T01:06:28.895925,16.37,-1.9544229439448126e-09,1.6168753657555972e-18,0.0,-1.0031536521459827e-06,0.0,0.0,-5.015768260729703e-07,0.9999999999998742,1.7891309760344799e-12,-2.860694283143776e-17,0.0,0.0,0.0,0.00011367896650826294
2026-08-24T01:06:28.923495,16.39,-1.954417544429741e-09,1.620649915062957e-18,0.0,-1.561812946526686e-06,0.0,0.0,-7.809064732632637e-07,0.9999999999996951,1.7699280620333276e-12,-2.8227306802300924e-17,0.0,0.0,0.0,0.00020843285146322627
2026-08-24T01:06:28.952550,16.41,-1.9544121465222444e-09,1.6244613269530926e-18,0.0,-1.3876796431944172e-06,0.0,0.0,-6.938398215971529e-07,0.9999999999997593,1.7509812930340972e-12,-2.784398777980233e-17,0.0,0.0,0.0,0.00022504511941799274
2026-08-24T01:06:28.979095,16.43,-1.9544067506561055e-09,1.6282769246755374e-18,0.0,-2.2455075177063574e-07,0.0,0.0,-1.1227537588531765e-07,0.9999999999999937,1.732266019242669e-12,-2.7460260070010934e-17,0.0,0.0,0.0,0.0002373371802750757
2026-08-24T01:06:29.007393,16.45,-1.954401357080729e-09,1.6322002225654035e-18,0.0,-8.626170044934156e-08,0.0,0.0,-4.313085022467077e-08,0.9999999999999991,1.7137679507794993e-12,-2.706575254992417e-17,0.0,0.0,0.0,0.00033804955980282225
2026-08-24T01:06:29.036829,16.47,-1.954395965269527e-09,1.6362374540193746e-18,0.0,-1.5156461148357894e-06,0.0,0.0,-7.57823057417822e-07,0.9999999999997129,1.6955216634379123e-12,-2.6659839166983887e-17,0.0,0.0,0.0,-0.000630691123182405
2026-08-24T01:06:29.060403,16.49,-1.954390575428062e-09,1.6387016730821919e-18,0.0,4.999316538523147e-07,0.0,0.0,2.499658269261547e-07,0.9999999999999688,1.6774978472520525e-12,-2.6411536210782358e-17,0.0,0.0,0.0,6.369745943325577e-05
2026-08-24T01:06:29.086306,16.51,-1.9543851878717737e-09,1.6423457342339276e-18,0.0,1.2553507602319769e-06,0.0,0.0,6.276753801159473e-07,0.999999999999803,1.659695938650923e-12,-2.6045030337908575e-17,0.0,0.0,0.0,4.219760320633371e-05
2026-08-24T01:06:29.118551,16.53,-1.954379802301068e-09,1.6460004632548044e-18,0.0,4.206449548682656e-06,0.0,0.0,2.1032247743397774e-06,0.9999999999977882,1.642117404825218e-12,-2.5677467028892738e-17,0.0,0.0,0.0,6.321612724720886e-05
2026-08-24T01:06:29.148690,16.55,-1.9543744193099498e-09,1.6499515274815624e-18,0.0,7.970389859224269e-07,0.0,0.0,3.9851949296120294e-07,0.9999999999999206,1.6247283263520408e-12,-2.528022485868262e-17,0.0,0.0,0.0,-0.0003464787722363058
2026-08-24T01:06:29.177513,16.57,-1.9543690384292113e-09,1.6529466205340426e-18,0.0,5.942432350192206e-06,0.0,0.0,2.9712161750917315e-06,0.999999999995586,1.6075886094987486e-12,-2.4978767270546187e-17,0.0,0.0,0.0,3.998320427230713e-05
2026-08-24T01:06:29.206732,16.59,-1.9543636597461995e-09,1.6569559544953458e-18,0.0,2.8645303444818646e-06,0.0,0.0,1.4322651722404423e-06,0.9999999999989743,1.5906480901584987e-12,-2.457570491194981e-17,0.0,0.0,0.0,-1.7684109167113516e-05
2026-08-24T01:06:29.236852,16.61,-1.9543582834474452e-09,1.6605255890815767e-18,0.0,-1.3176694935168596e-06,0.0,0.0,-6.588347467583823e-07,0.999999999999783,1.573920121376799e-12,-2.4216701844609797e-17,0.0,0.0,0.0,0.00022507678276709962
2026-08-24T01:06:29.265451,16.63,-1.9543529090001023e-09,1.6639561128337648e-18,0.0,2.207727407110838e-06,0.0,0.0,1.1038637035551946e-06,0.9999999999993907,1.5574136680490987e-12,-2.3871643339498328e-17,0.0,0.0,0.0,3.349331418331443e-05
2026-08-24T01:06:29.296379,16.65,-1.954347537153215e-09,1.6674443829951736e-18,0.0,2.889184909093956e-07,0.0,0.0,1.444592454546973e-07,0.9999999999999896,1.5410907796887349e-12,-2.3520813860449518e-17,0.0,0.0,0.0,0.00010636359465566486
2026-08-24T01:06:29.323955,16.67,-1.9543421677014686e-09,1.6707996681986242e-18,0.0,4.4684084832269377e-07,0.0,0.0,2.2342042416134503e-07,0.999999999999975,1.524976946083928e-12,-2.318331266572087e-17,0.0,0.0,0.0,9.990279606961341e-05
2026-08-24T01:06:29.354467,16.69,-1.954336800246278e-09,1.6741234398663331e-18,0.0,7.036362483781035e-07,0.0,0.0,3.518181241890444e-07,0.9999999999999382,1.5090799590986501e-12,-2.284897858706158e-17,0.0,0.0,0.0,7.115280471023783e-05
2026-08-24T01:06:29.380798,16.71,-1.9543314355668335e-09,1.6773970531157313e-18,0.0,1.7427918690415824e-06,0.0,0.0,8.713959345206808e-07,0.9999999999996203,1.4933512451289981e-12,-2.2519678327348963e-17,0.0,0.0,0.0,-0.00010709959890044466
2026-08-24T01:06:29.408443,16.73,-1.9543260731695897e-09,1.6805083883842322e-18,0.0,1.9248102303137667e-06,0.0,0.0,9.624051151567349e-07,0.9999999999995369,1.47783657009306e-12,-2.2206645483330144e-17,0.0,0.0,0.0,-0.00030496279109422245
2026-08-24T01:06:29.437879,16.75,-1.9543207136652232e-09,1.6833602203926537e-18,0.0,-1.2868137853061512e-06,0.0,0.0,-6.434068926530312e-07,0.999999999999793,1.4624946486763404e-12,-2.1919619360183542e-17,0.0,0.0,0.0,-0.00016131135876885263
2026-08-24T01:06:29.465066,16.78,-1.9543185208483047e-09,1.902023731410085e-18,0.0,-1.677217031925693e-09,0.0,0.0,-8.386085159628465e-10,1.0,2.714846551317524e-13,-2.1221917096082838e-17,0.0,0.0,0.0,1.1987519607315629e-05
2026-08-24T01:06:29.487846,16.79,-1.9543100013686597e-09,1.6892803787983917e-18,0.0,6.89313755852794e-07,0.0,0.0,3.4465687792639016e-07,0.9999999999999406,1.4324112738917794e-12,-2.13238969835637e-17,0.0,0.0,0.0,-0.00022179887358959665
2026-08-24T01:06:29.516508,16.81,-1.954304648952103e-09,1.692034970224043e-18,0.0,6.929345541806242e-08,0.0,0.0,3.4646727709031204e-08,0.9999999999999994,1.4176461950351187e-12,-2.104663502297117e-17,0.0,0.0,0.0,-0.00011311358313940329
2026-08-24T01:06:29.553995,16.83,-1.9542992990556306e-09,1.694836731634622e-18,0.0,6.101496445864997e-07,0.0,0.0,3.0507482229324507e-07,0.9999999999999535,1.4030676796706156e-12,-2.0764653941309007e-17,0.0,0.0,0.0,0.0001302011387761359
2026-08-24T01:06:29.583530,16.85,-1.9542939515561053e-09,1.6979363691599096e-18,0.0,-2.9728470112289074e-06,0.0,0.0,-1.4864235056139063e-06,0.9999999999988953,1.3886722980708437e-12,-2.0452836680365658e-17,0.0,0.0,0.0,0.00016570815038956526
2026-08-24T01:06:29.616086,16.87,-1.9542886069369743e-09,1.7007427280267123e-18,0.0,4.565007967194391e-07,0.0,0.0,2.282503983597175e-07,0.9999999999999739,1.3744380447437356e-12,-2.017040862642243e-17,0.0,0.0,0.0,-0.00028411167211483523
2026-08-24T01:06:29.639756,16.89,-1.954283264755434e-09,1.7032913652595228e-18,0.0,-2.019627748595099e-06,0.0,0.0,-1.0098138742973778e-06,0.9999999999994902,1.3603945179487817e-12,-1.9913813403707972e-17,0.0,0.0,0.0,-0.00012127191282743256
2026-08-24T01:06:29.669552,16.91,-1.9542779252082652e-09,1.7057993612058632e-18,0.0,-8.588820286092871e-07,0.0,0.0,-4.2944101430463025e-07,0.9999999999999077,1.346525708635914e-12,-1.9661291860976133e-17,0.0,0.0,0.0,4.4931539357844554e-05
2026-08-24T01:06:29.695298,16.93,-1.954272588545825e-09,1.7085606369704734e-18,0.0,1.7989449765387635e-06,0.0,0.0,8.994724882692603e-07,0.9999999999995954,1.3328089889857199e-12,-1.9383403300400906e-17,0.0,0.0,0.0,-0.00041781047502163847
2026-08-24T01:06:29.720940,16.95,-1.9542672543701115e-09,1.7109927259998669e-18,0.0,-4.788862734805833e-06,0.0,0.0,-2.3944313674006282e-06,0.9999999999971334,1.31927866006772e-12,-1.9138504703784387e-17,0.0,0.0,0.0,-9.253290041309417e-05
2026-08-24T01:06:29.753240,16.97,-1.9542619231896602e-09,1.7132481768930552e-18,0.0,-2.793184066707255e-06,0.0,0.0,-1.3965920333531735e-06,0.9999999999990248,1.3059002664761246e-12,-1.8911302805600954e-17,0.0,0.0,0.0,-2.1972389237783375e-06
2026-08-24T01:06:29.781886,16.99,-1.954256594386382e-09,1.7157350380767828e-18,0.0,5.327619278627792e-06,0.0,0.0,2.663809639310746e-06,0.9999999999964521,1.2927136885226505e-12,-1.866092756209431e-17,0.0,0.0,0.0,0.00012148515709655945
2026-08-24T01:06:29.812126,17.01,-1.9542512683464792e-09,1.7189338945474867e-18,0.0,3.1726993325875696e-06,0.0,0.0,1.5863496662931195e-06,0.9999999999987418,1.2796817509700878e-12,-1.8339228246348556e-17,0.0,0.0,0.0,7.115008161770204e-05
2026-08-24T01:06:29.840029,17.02,-1.954253626126605e-09,1.9019148171116732e-18,0.0,-1.6760064447396417e-09,0.0,0.0,-8.380032223698208e-10,1.0,2.6938124597419125e-13,-1.7961942209244805e-17,0.0,0.0,0.0,2.164095065829794e-05
2026-08-24T01:06:29.865945,17.05,-1.9542406249802803e-09,1.7241564046075244e-18,0.0,1.4750929544504743e-07,0.0,0.0,7.375464772252365e-08,0.9999999999999973,1.2540738429036758e-12,-1.781358367961151e-17,0.0,0.0,0.0,-1.9978783292582066e-05
2026-08-24T01:06:29.895034,17.07,-1.954235307242173e-09,1.7267221662009762e-18,0.0,5.438913147859381e-06,0.0,0.0,2.7194565739263384e-06,0.9999999999963023,1.2415290453796204e-12,-1.7555328795792243e-17,0.0,0.0,0.0,-0.00023999447698698907
2026-08-24T01:06:29.919618,17.09,-1.954229992747037e-09,1.7294064524366905e-18,0.0,6.398057110779122e-07,0.0,0.0,3.199028555389506e-07,0.9999999999999488,1.2291044617271167e-12,-1.7285209526345707e-17,0.0,0.0,0.0,-1.66376931928178e-05
2026-08-24T01:06:29.951402,17.11,-1.9542246807220328e-09,1.7319489684239398e-18,0.0,-6.859486467725162e-07,0.0,0.0,-3.429743233862514e-07,0.9999999999999412,1.2168701280614483e-12,-1.7029294285926603e-17,0.0,0.0,0.0,0.00025723055093007993
2026-08-24T01:06:29.979383,17.13,-1.9542193717857355e-09,1.734643356558961e-18,0.0,4.0354856434277053e-07,0.0,0.0,2.017742821713839e-07,0.9999999999999797,1.2047685759035394e-12,-1.6758171282076896e-17,0.0,0.0,0.0,0.0002580247234730568
2026-08-24T01:06:30.004804,17.15,-1.9542140659119094e-09,1.737377539300537e-18,0.0,4.2725163065249205e-06,0.0,0.0,2.1362581532608352e-06,0.9999999999977182,1.1928075751993078e-12,-1.648306965793291e-17,0.0,0.0,0.0,-0.00012236806877102195
2026-08-24T01:06:30.035320,17.17,-1.9542087629529354e-09,1.7399612034863494e-18,0.0,2.708838358067567e-07,0.0,0.0,1.3544191790337792e-07,0.9999999999999908,1.1810000940750143e-12,-1.6223056836466067e-17,0.0,0.0,0.0,0.000201825548523854
2026-08-24T01:06:30.063867,17.19,-1.9542034629904174e-09,1.7425629946133718e-18,0.0,9.095455539842591e-07,0.0,0.0,4.547727769921138e-07,0.9999999999998966,1.16933688624123e-12,-1.5961228680396046e-17,0.0,0.0,0.0,-0.0002662625533581985
2026-08-24T01:06:30.093663,17.21,-1.9541981657437186e-09,1.744727221820788e-18,0.0,3.2464827341982536e-06,0.0,0.0,1.6232413670984136e-06,0.9999999999986825,1.1578293490588718e-12,-1.5743249426654703e-17,0.0,0.0,0.0,-9.401769143274331e-05
2026-08-24T01:06:30.124322,17.23,-1.9541928714359942e-09,1.7471776068392196e-18,0.0,-2.3046737793741556e-06,0.0,0.0,-1.1523368896868229e-06,0.9999999999993361,1.1464588615575534e-12,-1.5496605499218653e-17,0.0,0.0,0.0,-0.0004652909515269374
2026-08-24T01:06:30.153192,17.25,-1.9541875801875833e-09,1.748907543320588e-18,0.0,-8.269144813333184e-07,0.0,0.0,-4.134572406666474e-07,0.9999999999999145,1.1352273923330187e-12,-1.5322145200049096e-17,0.0,0.0,0.0,0.00022383743443867346
2026-08-24T01:06:30.178890,17.27,-1.9541822921166063e-09,1.751350915569771e-18,0.0,1.1139979618768336e-06,0.0,0.0,5.56998980938388e-07,0.9999999999998449,1.124126557740171e-12,-1.507621325861535e-17,0.0,0.0,0.0,5.4222219764806874e-05
2026-08-24T01:06:30.207198,17.29,-1.9541770071346986e-09,1.753725352373984e-18,0.0,6.29329603984985e-07,0.0,0.0,3.146648019924873e-07,0.9999999999999505,1.1131596019281793e-12,-1.4837195634863807e-17,0.0,0.0,0.0,0.00035566478642643114
2026-08-24T01:06:30.234208,17.31,-1.954171725695115e-09,1.756312680898432e-18,0.0,-1.330033746249626e-06,0.0,0.0,-6.650168731247639e-07,0.9999999999997788,1.1023190605227859e-12,-1.4576852449053724e-17,0.0,0.0,0.0,-0.00011160106233915034
2026-08-24T01:06:30.266783,17.33,-1.9541664467381226e-09,1.758333285878026e-18,0.0,-1.8156686536485724e-06,0.0,0.0,-9.078343268241614e-07,0.9999999999995879,1.0916432078205846e-12,-1.437329491084333e-17,0.0,0.0,0.0,-7.269171819704337e-05
2026-08-24T01:06:30.294501,17.35,-1.954161170885179e-09,1.7603394034059082e-18,0.0,-3.0697874864316077e-07,0.0,0.0,-1.5348937432157978e-07,0.9999999999999882,1.0810847039350672e-12,-1.417119369493386e-17,0.0,0.0,0.0,3.771934774521382e-05
2026-08-24T01:06:30.322129,17.36,-1.954162582769537e-09,1.9017620210493776e-18,0.0,-1.6791967816232045e-09,0.0,0.0,-8.395983908116023e-10,1.0,2.6624470059434944e-13,-1.3895948335379322e-17,0.0,0.0,0.0,4.0889640942226296e-05
2026-08-24T01:06:30.353543,17.39,-1.954150628792783e-09,1.7643793768266493e-18,0.0,-1.3799498419508893e-06,0.0,0.0,-6.899749209753899e-07,0.999999999999762,1.0603483031441004e-12,-1.3764229732495272e-17,0.0,0.0,0.0,0.00026443646315778984
2026-08-24T01:06:30.380994,17.41,-1.954145362465022e-09,1.76663359680364e-18,0.0,4.498210759429356e-06,0.0,0.0,2.2491053797127815e-06,0.9999999999974708,1.0501691644098995e-12,-1.3537285166264756e-17,0.0,0.0,0.0,0.0002616666500609529
2026-08-24T01:06:30.408066,17.43,-1.95414009936425e-09,1.7691718738411932e-18,0.0,3.2200147774830157e-06,0.0,0.0,1.6100073887408122e-06,0.9999999999987039,1.0401235334007415e-12,-1.3281891443387299e-17,0.0,0.0,0.0,0.0003770042455214102
2026-08-24T01:06:30.435663,17.45,-1.9541348392624678e-09,1.7717004831160656e-18,0.0,4.0666132683497835e-08,0.0,0.0,2.0333066341748918e-08,0.9999999999999998,1.0302061782348264e-12,-1.3027468379447298e-17,0.0,0.0,0.0,-0.00019395461472044613
2026-08-24T01:06:30.461509,17.47,-1.9541295828193297e-09,1.7735521811049605e-18,0.0,-1.1343564203514234e-06,0.0,0.0,-5.671782101756813e-07,0.9999999999998391,1.0203882710248988e-12,-1.2840869824715842e-17,0.0,0.0,0.0,-9.200537701958702e-05
2026-08-24T01:06:30.488064,17.49,-1.9541243300392484e-09,1.7754071500357284e-18,0.0,6.853306850906904e-07,0.0,0.0,3.426653425453385e-07,0.9999999999999413,1.0106820359585928e-12,-1.2653948097824647e-17,0.0,0.0,0.0,0.0003886955103659587
2026-08-24T01:06:30.516165,17.51,-1.9541190798306235e-09,1.7777233022255844e-18,0.0,-1.793813536821176e-06,0.0,0.0,-8.969067684104678e-07,0.9999999999995978,1.0011386004495156e-12,-1.2420826584590611e-17,0.0,0.0,0.0,5.9068558411846613e-05
2026-08-24T01:06:30.543955,17.53,-1.9541138331513276e-09,1.7796185797059747e-18,0.0,2.2816024687344334e-06,0.0,0.0,1.1408012343669694e-06,0.9999999999993493,9.916852614816353e-13,-1.2229876363271824e-17,0.0,0.0,0.0,0.00019407345143259143
2026-08-24T01:06:30.572701,17.55,-1.9541085895797874e-09,1.7817972743592796e-18,0.0,1.4262943013321208e-06,0.0,0.0,7.131471506659998e-07,0.9999999999997458,9.823554547894227e-13,-1.2010537962514477e-17,0.0,0.0,0.0,-0.0001225408423754202
2026-08-24T01:06:30.603334,17.57,-1.9541033496103602e-09,1.7836545908840847e-18,0.0,4.5496560918678597e-07,0.0,0.0,2.2748280459339103e-07,0.9999999999999741,9.731241294370933e-13,-1.1823401293537503e-17,0.0,0.0,0.0,0.0001654288582685376
2026-08-24T01:06:30.628064,17.59,-1.954098112665793e-09,1.7856674235513015e-18,0.0,-1.5686075505172428e-07,0.0,0.0,-7.843037752586205e-08,0.9999999999999969,9.640248709816266e-13,-1.1620687249957929e-17,0.0,0.0,0.0,0.00017025821885346726
2026-08-24T01:06:30.655620,17.61,-1.9540928792758044e-09,1.7876284361036364e-18,0.0,-9.722445839521754e-07,0.0,0.0,-4.861222919760685e-07,0.9999999999998819,9.550264597142578e-13,-1.1423170329819887e-17,0.0,0.0,0.0,0.00026593940744363306
2026-08-24T01:06:30.681523,17.63,-1.9540876492550075e-09,1.7895992616315943e-18,0.0,8.531087729579668e-07,0.0,0.0,4.2655438647897044e-07,0.9999999999999091,9.461522323524317e-13,-1.1224674663325874e-17,0.0,0.0,0.0,0.0002858469159664293
2026-08-24T01:06:30.709298,17.65,-1.954082422818345e-09,1.791640309895602e-18,0.0,-1.5943352833502902e-06,0.0,0.0,-7.971676416750606e-07,0.9999999999996823,9.373706701972315e-13,-1.1019149445683122e-17,0.0,0.0,0.0,-0.0004000538358242985
2026-08-24T01:06:30.738092,17.67,-1.9540771997070088e-09,1.7930315373774165e-18,0.0,3.1618567866154024e-06,0.0,0.0,1.5809283933070426e-06,0.9999999999987503,9.287017631904786e-13,-1.0878732258491857e-17,0.0,0.0,0.0,0.00030106173226997527
2026-08-24T01:06:30.764254,17.68,-1.9540778964434825e-09,1.901619857834383e-18,0.0,-1.6741226183114577e-09,0.0,0.0,-8.370613091557288e-10,1.0,2.631227257936553e-13,-1.062797345017718e-17,0.0,0.0,0.0,0.0004582724840440539
2026-08-24T01:06:30.792247,17.71,-1.9540667638527328e-09,1.7971018899475798e-18,0.0,-9.856599403335053e-07,0.0,0.0,-4.928299701667328e-07,0.9999999999998785,9.116794925555218e-13,-1.0468880327372215e-17,0.0,0.0,0.0,-0.0001307834399720339
2026-08-24T01:06:30.825902,17.74,-1.954062130057153e-09,1.9015934055798805e-18,0.0,-1.6760273169325046e-09,0.0,0.0,-8.380136584662523e-10,1.0,2.6253287901742553e-13,-1.0088417359027029e-17,0.0,0.0,0.0,0.00010231037462548599
2026-08-24T01:06:30.846978,17.75,-1.954056342029644e-09,1.8005193174187616e-18,0.0,-1.3834574774662658e-07,0.0,0.0,-6.917287387331323e-08,0.9999999999999976,8.950726227897792e-13,-1.0124458433630089e-17,0.0,0.0,0.0,-0.00019485692524442638
2026-08-24T01:06:30.878555,17.77,-1.9540511363786326e-09,1.8020222802525704e-18,0.0,2.136351882509047e-06,0.0,0.0,1.0681759412543202e-06,0.9999999999994295,8.869146668056376e-13,-9.97286696130653e-18,0.0,0.0,0.0,-0.0003612850162993158
2026-08-24T01:06:30.903974,17.8,-1.9540463998270514e-09,1.9015669983231597e-18,0.0,-1.6786230183640782e-09,0.0,0.0,-8.393115091820391e-10,1.0,2.61915504922217e-13,-9.622410682065173e-18,0.0,0.0,0.0,0.00014463222825609754
2026-08-24T01:06:30.930023,17.81,-1.95404073576091e-09,1.8051659216980266e-18,0.0,-1.4835584565275897e-06,0.0,0.0,-7.417792282637267e-07,0.9999999999997249,8.708977233777056e-13,-9.655899006795981e-18,0.0,0.0,0.0,-0.0003111591685941934
2026-08-24T01:06:30.959299,17.83,-1.9540355406731736e-09,1.806482494082204e-18,0.0,-2.72499027254014e-06,0.0,0.0,-1.3624951362696483e-06,0.9999999999990719,8.630480960829512e-13,-9.52299421109369e-18,0.0,0.0,0.0,0.0001968537624269145
2026-08-24T01:06:30.986589,17.84,-1.9540359332592768e-09,1.9015494255127777e-18,0.0,-1.679903327556076e-09,0.0,0.0,-8.39951663778038e-10,1.0,2.615101585237162e-13,-9.329459926941759e-18,0.0,0.0,0.0,2.672354725986276e-05
2026-08-24T01:06:31.011494,17.87,-1.9540251617641546e-09,1.8095084768150028e-18,0.0,3.381440250027624e-06,0.0,0.0,1.690720125013006e-06,0.9999999999985707,8.475983801731005e-13,-9.217837960665514e-18,0.0,0.0,0.0,-0.00026508271398532245
2026-08-24T01:06:31.039209,17.89,-1.954027794869815e-09,1.8111299781537186e-18,0.0,3.1525229324813617e-06,0.0,0.0,1.5762614662400278e-06,0.9999999999987577,5.781173726200175e-13,-9.05570948793234e-18,0.0,0.0,0.0,-0.0003526257066219524
2026-08-24T01:06:31.069267,17.9,-1.954030672991024e-09,1.9015406225489347e-18,0.0,-1.6795840274141938e-09,0.0,0.0,-8.397920137070969e-10,1.0,8.482162409393851e-16,-8.875678149798478e-18,0.0,0.0,0.0,1.3983129443137813e-05
2026-08-24T01:06:31.100251,17.93,-1.9540278338233803e-09,1.814152550428661e-18,0.0,-3.6488552446201084e-07,0.0,0.0,-1.824427622310044e-07,0.9999999999999833,5.637007409174921e-13,-8.752664155666282e-18,0.0,0.0,0.0,0.00023933302009890897
2026-08-24T01:06:31.125733,17.95,-1.9540278529100303e-09,1.8157343544568574e-18,0.0,2.1600675390587294e-06,0.0,0.0,1.0800337695291549e-06,0.9999999999994168,5.566111713876968e-13,-8.59408103820449e-18,0.0,0.0,0.0,-0.00011120608796600097
2026-08-24T01:06:31.154502,17.97,-1.954027871913987e-09,1.8172460253190918e-18,0.0,2.084873015117949e-06,0.0,0.0,1.0424365075587859e-06,0.9999999999994567,5.496103908163193e-13,-8.44252878012686e-18,0.0,0.0,0.0,2.139308010645809e-05
2026-08-24T01:06:31.179467,17.99,-1.954027889947344e-09,1.818797487696466e-18,0.0,6.085833086366677e-07,0.0,0.0,3.042916543183291e-07,0.9999999999999537,5.42733433845161e-13,-8.28699151361136e-18,0.0,0.0,0.0,-1.9529472272374903e-05
2026-08-24T01:06:31.211656,18.01,-1.954027908306507e-09,1.8202366847371363e-18,0.0,-4.7831619904847855e-06,0.0,0.0,-2.391580995240113e-06,0.9999999999971402,5.35903284338765e-13,-8.142705142177236e-18,0.0,0.0,0.0,0.00025780261727831024
2026-08-24T01:06:31.237249,18.03,-1.9540279259115314e-09,1.8215329584854345e-18,0.0,1.0614347694115622e-06,0.0,0.0,5.307173847057562e-07,0.9999999999998592,5.291733900416221e-13,-8.012739796197922e-18,0.0,0.0,0.0,0.0001517320005804296
2026-08-24T01:06:31.263346,18.05,-1.9540279429830114e-09,1.823036540007266e-18,0.0,-2.5740300539922596e-06,0.0,0.0,-1.2870150269957747e-06,0.9999999999991718,5.225385892682592e-13,-7.862008732788471e-18,0.0,0.0,0.0,9.821351281344209e-05
2026-08-24T01:06:31.291954,18.07,-1.9540279600222294e-09,1.8243264823600107e-18,0.0,-8.051742605985622e-08,0.0,0.0,-4.0258713029928104e-08,0.9999999999999992,5.159617569482736e-13,-7.732683752464257e-18,0.0,0.0,0.0,-7.393775788026636e-05
2026-08-24T01:06:31.319853,18.09,-1.954027976493636e-09,1.825635476853571e-18,0.0,-1.1180447279102168e-07,0.0,0.0,-5.5902236395510814e-08,0.9999999999999984,5.094973623395227e-13,-7.60145307363179e-18,0.0,0.0,0.0,-0.00026042232954986207
2026-08-24T01:06:31.346689,18.11,-1.9540279926014074e-09,1.8268425273137136e-18,0.0,-2.0486393044194524e-06,0.0,0.0,-1.0243196522095473e-06,0.9999999999994754,5.031106505986907e-13,-7.480438242870105e-18,0.0,0.0,0.0,-3.6555066763737677e-06
2026-08-24T01:06:31.374798,18.12,-1.9540304966663896e-09,1.9015403492139246e-18,0.0,-1.6810104419562322e-09,0.0,0.0,-8.405052209781161e-10,1.0,7.751957291273333e-16,-7.336543324293731e-18,0.0,0.0,0.0,0.00025772520848007694
2026-08-24T01:06:31.406287,18.15,-1.9540280246872938e-09,1.829492391738549e-18,0.0,4.061885539030641e-07,0.0,0.0,2.0309427695153063e-07,0.9999999999999793,4.905243956723621e-13,-7.214793981278688e-18,0.0,0.0,0.0,0.000376120848821436
2026-08-24T01:06:31.432199,18.17,-1.9540280400420084e-09,1.8309493013400737e-18,0.0,7.934222847616467e-07,0.0,0.0,3.9671114238081296e-07,0.9999999999999213,4.843719631637981e-13,-7.068752428708997e-18,0.0,0.0,0.0,8.433444645166933e-05
2026-08-24T01:06:31.460105,18.19,-1.954028054745735e-09,1.832275971137268e-18,0.0,-8.894445535645448e-07,0.0,0.0,-4.447222767822576e-07,0.9999999999999011,4.783005321544684e-13,-6.935763128335585e-18,0.0,0.0,0.0,-2.4201547797258612e-05
2026-08-24T01:06:31.488076,18.2,-1.9540304348186445e-09,1.9015402552717165e-18,0.0,-1.6802164104490203e-09,0.0,0.0,-8.401082052245101e-10,1.0,7.66575136047429e-16,-6.797486286867796e-18,0.0,0.0,0.0,-0.0001981567145921411
2026-08-24T01:06:31.518099,18.23,-1.9540280836850063e-09,1.834526888217222e-18,0.0,-1.5470811516316017e-06,0.0,0.0,-7.735405758157237e-07,0.9999999999997008,4.663693770720578e-13,-6.710108789787289e-18,0.0,0.0,0.0,9.064261817776404e-05
2026-08-24T01:06:31.543151,18.25,-1.9540280980934297e-09,1.835709063752227e-18,0.0,3.0739661935896834e-06,0.0,0.0,1.5369830967942365e-06,0.9999999999988188,4.604971956225976e-13,-6.5916018647846034e-18,0.0,0.0,0.0,0.00024311120782483336
2026-08-24T01:06:31.571158,18.27,-1.9540281120340477e-09,1.8371244233549335e-18,0.0,-4.438563740105651e-06,0.0,0.0,-2.2192818700510034e-06,0.9999999999975374,4.5471384879947966e-13,-6.44973526533849e-18,0.0,0.0,0.0,3.163082621608729e-05
2026-08-24T01:06:31.598380,18.29,-1.9540281255179804e-09,1.8381317882850292e-18,0.0,-2.7277615544107903e-07,0.0,0.0,-1.363880777205391e-07,0.9999999999999907,4.490146541285907e-13,-6.348747066480096e-18,0.0,0.0,0.0,3.104711047755353e-05
2026-08-24T01:06:31.624435,18.31,-1.954028139623203e-09,1.8392920892119816e-18,0.0,6.692764786819794e-08,0.0,0.0,3.346382393409896e-08,0.9999999999999994,4.433502344860413e-13,-6.232438990084248e-18,0.0,0.0,0.0,-0.00014390545835738612
2026-08-24T01:06:31.651090,18.32,-1.9540303451871185e-09,1.9015401212332925e-18,0.0,-1.6804162505934528e-09,0.0,0.0,-8.402081252967264e-10,1.0,7.182951246911222e-16,-6.1077672527985836e-18,0.0,0.0,0.0,0.0001822619312550163
2026-08-24T01:06:31.677375,18.35,-1.954028165133356e-09,1.8416187708284705e-18,0.0,2.0476847248929175e-06,0.0,0.0,1.0238423624462798e-06,0.9999999999994759,4.323067575887985e-13,-5.999218910895794e-18,0.0,0.0,0.0,0.00015172315662852762
2026-08-24T01:06:31.703692,18.37,-1.9540281773503315e-09,1.8428646591324288e-18,0.0,3.117825493337279e-06,0.0,0.0,1.5589127466680078e-06,0.9999999999987849,4.268895312042508e-13,-5.874341612994511e-18,0.0,0.0,0.0,0.0005611013979489917
2026-08-24T01:06:31.732932,18.39,-1.9540281896061736e-09,1.844285063727676e-18,0.0,2.310235918567827e-06,0.0,0.0,1.1551179592836565e-06,0.9999999999993329,4.215241496667015e-13,-5.7319815865605606e-18,0.0,0.0,0.0,-0.00022558359876177195
2026-08-24T01:06:31.757097,18.41,-1.9540282015341628e-09,1.845359162197941e-18,0.0,9.141242585108954e-07,0.0,0.0,4.570621292554318e-07,0.9999999999998955,4.1623138962874166e-13,-5.624321274407018e-18,0.0,0.0,0.0,0.0002351141187823292
2026-08-24T01:06:31.789444,18.43,-1.9540282132996555e-09,1.846535593487312e-18,0.0,-1.5757936560056862e-06,0.0,0.0,-7.878968280027616e-07,0.9999999999996896,4.1099611038805587e-13,-5.506408508851158e-18,0.0,0.0,0.0,0.0002877096169835198
2026-08-24T01:06:31.814295,18.44,-1.9540302573237333e-09,1.901539976156011e-18,0.0,-1.6781900313844744e-09,0.0,0.0,-8.390950156922372e-10,1.0,7.266773078091068e-16,-5.385332422654608e-18,0.0,0.0,0.0,-0.00043117920010228155
2026-08-24T01:06:31.840882,18.47,-1.954028235870875e-09,1.848488875039374e-18,0.0,7.646265931526841e-07,0.0,0.0,3.8231329657633274e-07,0.999999999999927,4.0072912114665167e-13,-5.310623626799059e-18,0.0,0.0,0.0,0.00011447761377944142
2026-08-24T01:06:31.869328,18.49,-1.954028246721835e-09,1.8495687265643742e-18,0.0,-5.312293707149253e-07,0.0,0.0,-2.6561468535745945e-07,0.9999999999999647,3.957037966035215e-13,-5.202393261174794e-18,0.0,0.0,0.0,-0.00023632731220741594
2026-08-24T01:06:31.897900,18.51,-1.9540282573802576e-09,1.8504649927641638e-18,0.0,-3.0661125212105853e-06,0.0,0.0,-1.5330562606046917e-06,0.9999999999988248,3.9073791038627824e-13,-5.112558037715153e-18,0.0,0.0,0.0,-0.00014496827439174065
2026-08-24T01:06:31.926549,18.53,-1.95402826782395e-09,1.8512941237767517e-18,0.0,-1.283670306495566e-06,0.0,0.0,-6.418351532477388e-07,0.999999999999794,3.8582989751138843e-13,-5.029449863249895e-18,0.0,0.0,0.0,0.00026015435280417814
2026-08-24T01:06:31.953736,18.55,-1.954028278412211e-09,1.8523115666667964e-18,0.0,-1.130297189178009e-07,0.0,0.0,-5.651485945890041e-08,0.9999999999999984,3.8096126916743333e-13,-4.927476433087956e-18,0.0,0.0,0.0,-0.00013800929138390756
2026-08-24T01:06:31.986112,18.57,-1.954028288582614e-09,1.8532195644528453e-18,0.0,-2.1598870461048136e-06,0.0,0.0,-1.079943523052197e-06,0.9999999999994169,3.761861725893389e-13,-4.836470764604069e-18,0.0,0.0,0.0,-8.61955152666333e-05
2026-08-24T01:06:32.009715,18.59,-1.95402829775871e-09,1.8540645825742602e-18,0.0,2.5790035476092048e-06,0.0,0.0,1.2895017738042447e-06,0.9999999999991686,3.7149494930078277e-13,-4.751775548559886e-18,0.0,0.0,0.0,-0.00027151346270691437
2026-08-24T01:06:32.040345,18.61,-1.954028307987698e-09,1.8549931147469663e-18,0.0,9.953393163009139e-07,0.0,0.0,4.976696581504364e-07,0.9999999999998762,3.667936762722174e-13,-4.65871552753745e-18,0.0,0.0,0.0,5.004072549477277e-05
2026-08-24T01:06:32.068357,18.63,-1.9540283172175295e-09,1.855960802160444e-18,0.0,-3.4212359629748335e-06,0.0,0.0,-1.7106179814865824e-06,0.999999999998537,3.622137312206798e-13,-4.561733031490644e-18,0.0,0.0,0.0,0.0001298447190929459
2026-08-24T01:06:32.093748,18.65,-1.9540283264346505e-09,1.8567984325542715e-18,0.0,2.4901423349987795e-06,0.0,0.0,1.245071167499068e-06,0.999999999999225,3.5766135942977975e-13,-4.4777824962953014e-18,0.0,0.0,0.0,-0.00013430068717604243
2026-08-24T01:06:32.121022,18.67,-1.9540283352098944e-09,1.8577276939577706e-18,0.0,1.9965780655439858e-06,0.0,0.0,9.98289032771827e-07,0.9999999999995017,3.531792533219111e-13,-4.384653935946243e-18,0.0,0.0,0.0,4.512059909771103e-05
2026-08-24T01:06:32.148820,18.69,-1.9540283438346073e-09,1.858683201189791e-18,0.0,-1.7279393116353958e-07,0.0,0.0,-8.639696558176969e-08,0.9999999999999962,3.4874864055190496e-13,-4.2888964746125276e-18,0.0,0.0,0.0,4.3559521064725365e-05
2026-08-24T01:06:32.175618,18.71,-1.9540283528401565e-09,1.8595565762416248e-18,0.0,1.950077119339255e-06,0.0,0.0,9.75038559669473e-07,0.9999999999995246,3.4434250206174874e-13,-4.20136945419539e-18,0.0,0.0,0.0,-0.0001696428760915395
2026-08-24T01:06:32.205218,18.73,-1.95402836101783e-09,1.8604166706707384e-18,0.0,-1.4144377638025674e-06,0.0,0.0,-7.072188819012247e-07,0.9999999999997499,3.4004065681650427e-13,-4.115174761007548e-18,0.0,0.0,0.0,-9.979249754565903e-05
2026-08-24T01:06:32.231145,18.75,-1.954028369356104e-09,1.861184163237845e-18,0.0,-3.435680140384534e-07,0.0,0.0,-1.7178400701922585e-07,0.9999999999999852,3.357532547892253e-13,-4.038258503421658e-18,0.0,0.0,0.0,0.00012255337235239183
2026-08-24T01:06:32.259090,18.76,-1.954030038390382e-09,1.9015396415617996e-18,0.0,-1.6785381973249969e-09,0.0,0.0,-8.392690986624984e-10,1.0,6.547191611935827e-16,-3.9470243007972905e-18,0.0,0.0,0.0,5.38026321890349e-05
2026-08-24T01:06:32.288656,18.79,-1.9540283857832555e-09,1.8628878948663875e-18,0.0,9.179088364952296e-07,0.0,0.0,4.5895441824759853e-07,0.9999999999998946,3.2735944477188947e-13,-3.8675239006973136e-18,0.0,0.0,0.0,1.5911584579104772e-05
2026-08-24T01:06:32.312206,18.81,-1.9540283932980847e-09,1.8637217339436427e-18,0.0,-1.1861886046737882e-06,0.0,0.0,-5.930943023368592e-07,0.9999999999998241,3.232675965997347e-13,-3.783964706538329e-18,0.0,0.0,0.0,4.9503060598842164e-05
2026-08-24T01:06:32.344572,18.82,-1.9540300000606312e-09,1.9015395846390565e-18,0.0,-1.6798491486724743e-09,0.0,0.0,-8.399245743362371e-10,1.0,6.504846476352555e-16,-3.702166750094555e-18,0.0,0.0,0.0,0.00014449302813242
2026-08-24T01:06:32.371824,18.85,-1.95402840799883e-09,1.8653148406009085e-18,0.0,-8.158356661347455e-07,0.0,0.0,-4.079178330673614e-07,0.9999999999999168,3.152023691684838e-13,-3.624321231698915e-18,0.0,0.0,0.0,9.225821762964386e-05
2026-08-24T01:06:32.400170,18.87,-1.954028415123166e-09,1.8660840260164633e-18,0.0,-8.512935680826672e-07,0.0,0.0,-4.2564678404132074e-07,0.9999999999999094,3.1124647677026773e-13,-3.547243099026088e-18,0.0,0.0,0.0,0.0003720745568771367
2026-08-24T01:06:32.427394,18.89,-1.9540284224038478e-09,1.8669171138453777e-18,0.0,-4.506879824894839e-06,0.0,0.0,-2.253439912445512e-06,0.999999999997461,3.073209020946788e-13,-3.4637638476999227e-18,0.0,0.0,0.0,0.00012409747492999918
2026-08-24T01:06:32.448371,18.91,-1.954028429139885e-09,1.8675706515490767e-18,0.0,-2.905863906832451e-06,0.0,0.0,-1.4529319534157143e-06,0.9999999999989445,3.0347663681970904e-13,-3.398274983493539e-18,0.0,0.0,0.0,-0.00020403527534129532
2026-08-24T01:06:32.476412,18.93,-1.9540284360790835e-09,1.8681705644143517e-18,0.0,8.312013348721337e-07,0.0,0.0,4.1560066743605486e-07,0.9999999999999136,2.9965275513363567e-13,-3.3381600722058095e-18,0.0,0.0,0.0,1.286288346473892e-05
2026-08-24T01:06:32.503388,18.95,-1.9540284421373696e-09,1.8689186909987685e-18,0.0,-3.2683706763236847e-07,0.0,0.0,-1.634185338161835e-07,0.9999999999999867,2.959176672174496e-13,-3.2631962225813863e-18,0.0,0.0,0.0,-4.917066103116662e-05
2026-08-24T01:06:32.535732,18.97,-1.954028448813001e-09,1.8696087317337436e-18,0.0,2.8248057795110526e-06,0.0,0.0,1.4124028897550566e-06,0.9999999999990026,2.9217576793610007e-13,-3.1940531926925805e-18,0.0,0.0,0.0,0.00019410529707288905
2026-08-24T01:06:32.556306,18.99,-1.9540284552429016e-09,1.870431901333802e-18,0.0,-1.5655724556751242e-06,0.0,0.0,-7.82786227837482e-07,0.9999999999996936,2.8850482135282027e-13,-3.111573129315665e-18,0.0,0.0,0.0,-0.00012566560967803468
2026-08-24T01:06:32.587015,19.01,-1.9540284617663634e-09,1.8710481953626265e-18,0.0,-1.2945346448134385e-06,0.0,0.0,-6.472673224066741e-07,0.9999999999997905,2.8487638276078513e-13,-3.0498210210888376e-18,0.0,0.0,0.0,-1.6994472979796598e-05
2026-08-24T01:06:32.612903,19.03,-1.9540284677543044e-09,1.871689877483593e-18,0.0,-7.428461392677832e-07,0.0,0.0,-3.714230696338831e-07,0.999999999999931,2.813030374903916e-13,-2.985525965180004e-18,0.0,0.0,0.0,9.15709897660334e-05
2026-08-24T01:06:32.641002,19.05,-1.954028473675659e-09,1.8723625598232197e-18,0.0,8.749981246225501e-07,0.0,0.0,4.3749906231126113e-07,0.9999999999999043,2.777715804003113e-13,-2.918126020078542e-18,0.0,0.0,0.0,-0.00037902770465150044
2026-08-24T01:06:32.668144,19.07,-1.95402847934392e-09,1.872949242423907e-18,0.0,7.995619721867797e-08,0.0,0.0,3.997809860933897e-08,0.9999999999999992,2.7428670978922695e-13,-2.859343764421542e-18,0.0,0.0,0.0,-0.0002880324503489876
2026-08-24T01:06:32.692108,19.08,-1.9540298422944586e-09,1.9015393437604446e-18,0.0,-1.6816068537650608e-09,0.0,0.0,-8.408034268825304e-10,1.0,5.742840618728753e-16,-2.8002173131188013e-18,0.0,0.0,0.0,-0.00022435050261859107
2026-08-24T01:06:32.718255,19.11,-1.954028490891782e-09,1.874181307669997e-18,0.0,4.675153984834423e-06,0.0,0.0,2.337576992415083e-06,0.9999999999972679,2.674330962730108e-13,-2.7358990962815123e-18,0.0,0.0,0.0,-0.00024592722968368023
2026-08-24T01:06:32.748064,19.13,-1.954028495914515e-09,1.8748627460149463e-18,0.0,-3.1479278339574535e-07,0.0,0.0,-1.57396391697872e-07,0.9999999999999876,2.640932946412535e-13,-2.6676262395590495e-18,0.0,0.0,0.0,5.116931841214963e-05
2026-08-24T01:06:32.775323,19.15,-1.9540285011954547e-09,1.8754858401171053e-18,0.0,2.6708826705856836e-07,0.0,0.0,1.3354413352928378e-07,0.9999999999999911,2.6076606427669354e-13,-2.6051985945914115e-18,0.0,0.0,0.0,0.00024079094376944994
2026-08-24T01:06:32.798878,19.17,-1.954028506009598e-09,1.8761558155810097e-18,0.0,2.774955887296926e-06,0.0,0.0,1.3874779436480179e-06,0.9999999999990374,2.5750249424218583e-13,-2.5380751444431926e-18,0.0,0.0,0.0,0.0003063287080520936
2026-08-24T01:06:32.833246,19.19,-1.9540285108665837e-09,1.8768859247968752e-18,0.0,-5.5719746288041e-06,0.0,0.0,-2.7859873143984456e-06,0.9999999999961191,2.542626493297239e-13,-2.4649281467938477e-18,0.0,0.0,0.0,0.00017287616132666685
2026-08-24T01:06:32.859028,19.21,-1.954028515786319e-09,1.8773862438877107e-18,0.0,1.5026503166204461e-06,0.0,0.0,7.513251583101524e-07,0.9999999999997178,2.5106545896858307e-13,-2.414804203275866e-18,0.0,0.0,0.0,-0.0002708956423304477
2026-08-24T01:06:32.891037,19.23,-1.9540285205386614e-09,1.877937785766651e-18,0.0,-4.103201704630521e-06,0.0,0.0,-2.0516008523138216e-06,0.9999999999978955,2.47912089657681e-13,-2.35954985987766e-18,0.0,0.0,0.0,-4.001309910302216e-05
2026-08-24T01:06:32.920424,19.24,-1.954029751961952e-09,1.9015391992379547e-18,0.0,-1.6830257187905318e-09,0.0,0.0,-8.415128593952659e-10,1.0,5.518924348102055e-16,-2.31329441802421e-18,0.0,0.0,0.0,-5.0788635452758124e-05
2026-08-24T01:06:32.951060,19.27,-1.9540285295899856e-09,1.8789226896649595e-18,0.0,1.969125826839502e-06,0.0,0.0,9.845629134195919e-07,0.9999999999995153,2.417320726040403e-13,-2.2608820379570246e-18,0.0,0.0,0.0,0.00017983881716032317
2026-08-24T01:06:32.981242,19.29,-1.95402853401307e-09,1.8795560573030856e-18,0.0,-6.647744190679816e-07,0.0,0.0,-3.3238720953398467e-07,0.9999999999999447,2.386919236946476e-13,-2.1974309296601634e-18,0.0,0.0,0.0,0.00034478112789314004
2026-08-24T01:06:33.010841,19.31,-1.9540285377699015e-09,1.8801574644899145e-18,0.0,-9.528359790067499e-07,0.0,0.0,-4.764179895033569e-07,0.9999999999998865,2.3571010524345566e-13,-2.137182607430973e-18,0.0,0.0,0.0,-7.715578052675158e-05
2026-08-24T01:06:33.042846,19.33,-1.954028542627661e-09,1.880654912552969e-18,0.0,2.5920002708623713e-06,0.0,0.0,1.296000135430823e-06,0.9999999999991602,2.327124460719121e-13,-2.0873513121256417e-18,0.0,0.0,0.0,0.0003350763537796538
2026-08-24T01:06:33.076660,19.35,-1.9540285463649917e-09,1.881301512587247e-18,0.0,1.8376197004066341e-06,0.0,0.0,9.188098502031878e-07,0.9999999999995779,2.29810071447778e-13,-2.0225766983842067e-18,0.0,0.0,0.0,-0.00021194391340122906
2026-08-24T01:06:33.107044,19.37,-1.9540285503477894e-09,1.8818102041618846e-18,0.0,4.282610719386071e-07,0.0,0.0,2.141305359693019e-07,0.9999999999999771,2.2692867766009425e-13,-1.9716203752022575e-18,0.0,0.0,0.0,0.0001570140468836575
2026-08-24T01:06:33.133618,19.39,-1.954028554411901e-09,1.88235604162804e-18,0.0,1.041710993909817e-06,0.0,0.0,5.208554969548849e-07,0.9999999999998643,2.2407125848785033e-13,-1.9169424267066196e-18,0.0,0.0,0.0,0.00017333938337448678
2026-08-24T01:06:33.158699,19.41,-1.9540285578211814e-09,1.8829076203251245e-18,0.0,-1.437892961142495e-06,0.0,0.0,-7.189464805711856e-07,0.9999999999997415,2.2126613404620107e-13,-1.8616902221548995e-18,0.0,0.0,0.0,-0.0002204713184966802
2026-08-24T01:06:33.187783,19.43,-1.9540285617276316e-09,1.883324488989024e-18,0.0,-5.245453431612644e-07,0.0,0.0,-2.6227267158062926e-07,0.9999999999999656,2.1847232963612118e-13,-1.8199353669959027e-18,0.0,0.0,0.0,-0.00027438498487738843
2026-08-24T01:06:33.215530,19.45,-1.9540285650290397e-09,1.883742393834705e-18,0.0,-2.552575320002859e-07,0.0,0.0,-1.276287660001426e-07,0.9999999999999919,2.1574852177930301e-13,-1.7780769730229737e-18,0.0,0.0,0.0,-0.00039844329956240863
2026-08-24T01:06:33.246505,19.47,-1.954028568412374e-09,1.884135568820415e-18,0.0,-1.6575306767130371e-06,0.0,0.0,-8.287653383564237e-07,0.9999999999996566,2.1303792721315019e-13,-1.7386967732576593e-18,0.0,0.0,0.0,6.180217528676792e-06
2026-08-24T01:06:33.275969,19.49,-1.9540285723007125e-09,1.8845725831119844e-18,0.0,-7.683481317855013e-07,0.0,0.0,-3.8417406589274113e-07,0.9999999999999262,2.1033362084174993e-13,-1.6949245272553766e-18,0.0,0.0,0.0,0.0003778186048948855
2026-08-24T01:06:33.304161,19.51,-1.954028575657535e-09,1.8850877518937772e-18,0.0,3.350776668131772e-06,0.0,0.0,1.6753883340651022e-06,0.9999999999985966,2.076950451649057e-13,-1.6433226831722046e-18,0.0,0.0,0.0,-0.0003329429810590717
2026-08-24T01:06:33.333770,19.53,-1.9540285787135232e-09,1.8855389209426334e-18,0.0,1.8811677646723979e-06,0.0,0.0,9.405838823360602e-07,0.9999999999995577,2.0510597901268435e-13,-1.5981342958357597e-18,0.0,0.0,0.0,-4.225307565213469e-05
2026-08-24T01:06:33.359735,19.55,-1.9540285823104143e-09,1.8860083020808628e-18,0.0,-1.2073709050319792e-06,0.0,0.0,-6.03685452515953e-07,0.9999999999998178,2.025182094131794e-13,-1.5511210288022485e-18,0.0,0.0,0.0,-0.00025000610649519026
2026-08-24T01:06:33.389183,19.57,-1.954028585348768e-09,1.8863773536704594e-18,0.0,-7.766381862062133e-07,0.0,0.0,-3.883190931030969e-07,0.9999999999999246,1.9998368200996598e-13,-1.5141603711755339e-18,0.0,0.0,0.0,-0.0003549935478872031
2026-08-24T01:06:33.410911,19.59,-1.9540285881465714e-09,1.8867299211528076e-18,0.0,1.7000048089244044e-06,0.0,0.0,8.500024044620999e-07,0.9999999999996387,1.9748348860201236e-13,-1.4788516458755464e-18,0.0,0.0,0.0,-6.338750869095758e-05
2026-08-24T01:06:33.442465,19.61,-1.954028591253344e-09,1.8871708713442533e-18,0.0,-3.0416859719828446e-06,0.0,0.0,-1.5208429859908355e-06,0.9999999999988435,1.9498334714249734e-13,-1.4346882615079498e-18,0.0,0.0,0.0,3.542595342932172e-05
2026-08-24T01:06:33.468032,19.63,-1.9540285943734526e-09,1.8875396564526576e-18,0.0,1.936470696239923e-06,0.0,0.0,9.6823534811981e-07,0.9999999999995313,1.9252264474223665e-13,-1.3977554060729888e-18,0.0,0.0,0.0,4.344331982162339e-06
2026-08-24T01:06:33.492762,19.65,-1.954028596858176e-09,1.8879815373292667e-18,0.0,2.6720593293561024e-06,0.0,0.0,1.3360296646776537e-06,0.9999999999991075,1.9013249723473054e-13,-1.3534998962823269e-18,0.0,0.0,0.0,0.00012061638179628988
2026-08-24T01:06:33.523381,19.67,-1.9540286000612772e-09,1.8884470655313195e-18,0.0,1.2104762747711106e-07,0.0,0.0,6.052381373855549e-08,0.9999999999999982,1.8771944950166575e-13,-1.306875610736468e-18,0.0,0.0,0.0,-0.0002514349672583478
2026-08-24T01:06:33.547469,19.69,-1.95402860269719e-09,1.888800192371164e-18,0.0,-4.819183194726406e-07,0.0,0.0,-2.40959159736318e-07,0.999999999999971,1.8536469948002812e-13,-1.2715132733457994e-18,0.0,0.0,0.0,-0.00017902568540453597
2026-08-24T01:06:33.573202,19.71,-1.954028605318866e-09,1.889149510268617e-18,0.0,1.7304457338163106e-06,0.0,0.0,8.652228669080472e-07,0.9999999999996257,1.8303788857508025e-13,-1.2365327005039474e-18,0.0,0.0,0.0,-0.00013694613065513953
2026-08-24T01:06:33.601957,19.73,-1.954028607787267e-09,1.8895354197362096e-18,0.0,1.8594819932715723e-06,0.0,0.0,9.297409966356522e-07,0.9999999999995678,1.807499393384182e-13,-1.1978865267269249e-18,0.0,0.0,0.0,0.0002342507558985417
2026-08-24T01:06:33.626280,19.75,-1.9540286103261635e-09,1.889975456338611e-18,0.0,7.899116032383804e-07,0.0,0.0,3.949558016191798e-07,0.999999999999922,1.7847258920141858e-13,-1.1538176288509062e-18,0.0,0.0,0.0,9.65557973249195e-05
2026-08-24T01:06:33.654758,19.77,-1.9540286129878946e-09,1.890368539922357e-18,0.0,-2.4459467384829736e-07,0.0,0.0,-1.2229733692414836e-07,0.9999999999999926,1.7622260839814584e-13,-1.1144536608559779e-18,0.0,0.0,0.0,8.763674390777472e-05
2026-08-24T01:06:33.679017,19.79,-1.954028615204626e-09,1.8907368738946254e-18,0.0,-6.556777627508836e-07,0.0,0.0,-3.2783888137543594e-07,0.9999999999999463,1.740231190633919e-13,-1.0775695843054251e-18,0.0,0.0,0.0,0.00032816760745271533
2026-08-24T01:06:33.706562,19.81,-1.9540286177814294e-09,1.891128986683508e-18,0.0,-1.4812484647741544e-06,0.0,0.0,-7.406242323870094e-07,0.9999999999997258,1.718220204764705e-13,-1.0383034716901313e-18,0.0,0.0,0.0,8.08860949018879e-05
2026-08-24T01:06:33.737478,19.83,-1.9540286204001984e-09,1.891463751224183e-18,0.0,-2.384682077583023e-06,0.0,0.0,-1.1923410387912287e-06,0.9999999999992891,1.6965305679500778e-13,-1.0047836715947817e-18,0.0,0.0,0.0,-0.0002527951277653179
2026-08-24T01:06:33.759427,19.85,-1.954028622402454e-09,1.8917293002227965e-18,0.0,2.46966784489544e-06,0.0,0.0,1.2348339224474062e-06,0.9999999999992376,1.6754783008600606e-13,-9.781987190036384e-19,0.0,0.0,0.0,-8.252254419399718e-05
2026-08-24T01:06:33.789210,19.87,-1.9540286246905092e-09,1.892087307957745e-18,0.0,-4.2289015844687583e-07,0.0,0.0,-2.1144507922343633e-07,0.9999999999999777,1.6543413483863084e-13,-9.423506276552133e-19,0.0,0.0,0.0,0.00035497555317432134
2026-08-24T01:06:33.813427,19.89,-1.954028626738629e-09,1.892460090243686e-18,0.0,6.2254145127838e-07,0.0,0.0,3.11270725639185e-07,0.9999999999999516,1.6336298161728122e-13,-9.050222791309335e-19,0.0,0.0,0.0,-5.164140291725738e-05
2026-08-24T01:06:33.844936,19.91,-1.9540286289390954e-09,1.8927821520041503e-18,0.0,-4.917516682745315e-07,0.0,0.0,-2.458758341372633e-07,0.9999999999999698,1.6129945443272364e-13,-8.72776498601307e-19,0.0,0.0,0.0,-0.00015568238963743707
2026-08-24T01:06:33.871085,19.93,-1.954028630735723e-09,1.893067681808457e-18,0.0,6.526452711597129e-08,0.0,0.0,3.2632263557985646e-08,0.9999999999999994,1.5928593856805276e-13,-8.441907980201539e-19,0.0,0.0,0.0,0.0002797341319271344
2026-08-24T01:06:33.901655,19.95,-1.954028632647373e-09,1.8934169683482462e-18,0.0,-3.6943909131892393e-07,0.0,0.0,-1.8471954565946086e-07,0.9999999999999829,1.572866691586145e-13,-8.092174503005603e-19,0.0,0.0,0.0,0.00032028929478261983
2026-08-24T01:06:33.923160,19.97,-1.954028634506496e-09,1.8937589338006185e-18,0.0,-2.0049549775968956e-06,0.0,0.0,-1.0024774887982799e-06,0.9999999999994975,1.553175296595567e-13,-7.749781092093441e-19,0.0,0.0,0.0,-2.4046040462651357e-05
2026-08-24T01:06:33.953119,19.99,-1.9540286363888383e-09,1.894024749275425e-18,0.0,-1.900266766607928e-06,0.0,0.0,-9.501333833038209e-07,0.9999999999995486,1.5336022283334131e-13,-7.483685958297525e-19,0.0,0.0,0.0,-0.00012144849943741079
2026-08-24T01:06:33.983439,20.01,-1.954028638402776e-09,1.894274131964403e-18,0.0,3.2194274348640314e-06,0.0,0.0,1.60971371743132e-06,0.9999999999987044,1.514273686269536e-13,-7.234055989005459e-19,0.0,0.0,0.0,-0.00017672887160889847
2026-08-24T01:06:34.007287,20.03,-1.9540286406242545e-09,1.8945799621556326e-18,0.0,-6.049903351623698e-07,0.0,0.0,-3.024951675811803e-07,0.9999999999999543,1.495117525282722e-13,-6.927875403312038e-19,0.0,0.0,0.0,-4.106589097310088e-05
2026-08-24T01:06:34.033430,20.04,-1.954029382446101e-09,1.901538608803694e-18,0.0,-1.6801200430904828e-09,0.0,0.0,-8.400600215452414e-10,1.0,3.6543972898671283e-16,-6.719822035725294e-19,0.0,0.0,0.0,-0.0003329065653032319
2026-08-24T01:06:34.061435,20.07,-1.954028644285392e-09,1.8950448352961093e-18,0.0,2.5658002211770285e-06,0.0,0.0,1.2829001105881621e-06,0.9999999999991771,1.4578008212343574e-13,-6.462579925539268e-19,0.0,0.0,0.0,6.757861225721736e-06
2026-08-24T01:06:34.087119,20.09,-1.9540286457464074e-09,1.895350109182565e-18,0.0,-4.196659078026244e-07,0.0,0.0,-2.0983295390131065e-07,0.999999999999978,1.439656376159349e-13,-6.156959834791866e-19,0.0,0.0,0.0,3.198091004477472e-05
2026-08-24T01:06:34.113222,20.11,-1.9540286475510682e-09,1.895614611975104e-18,0.0,1.295997925865322e-06,0.0,0.0,6.479989629326157e-07,0.9999999999997901,1.421481419518324e-13,-5.892190012942086e-19,0.0,0.0,0.0,8.547853516257575e-05
2026-08-24T01:06:34.143105,20.13,-1.9540286493701033e-09,1.8959021133297065e-18,0.0,3.098248249067126e-07,0.0,0.0,1.549124124533557e-07,0.999999999999988,1.4035499896802088e-13,-5.604381320557935e-19,0.0,0.0,0.0,0.00013615602439526238
2026-08-24T01:06:34.165887,20.15,-1.954028650994183e-09,1.8961778461150184e-18,0.0,-2.240182370716326e-06,0.0,0.0,-1.1200911853579288e-06,0.9999999999993727,1.3859835525036677e-13,-5.328364787123493e-19,0.0,0.0,0.0,-3.690467592034656e-05
2026-08-24T01:06:34.194524,20.17,-1.954028652546912e-09,1.896395855278596e-18,0.0,4.783377010486589e-06,0.0,0.0,2.3916885052410144e-06,0.99999999999714,1.3686043758883554e-13,-5.110183272042259e-19,0.0,0.0,0.0,0.00011462451432642327
2026-08-24T01:06:34.223120,20.19,-1.9540286541697526e-09,1.8967125421268973e-18,0.0,-6.681354718374167e-07,0.0,0.0,-3.340677359187021e-07,0.9999999999999442,1.3514078121740251e-13,-4.793140282845291e-19,0.0,0.0,0.0,-0.00025583480768724085
2026-08-24T01:06:34.252392,20.21,-1.9540286561480415e-09,1.896913569120696e-18,0.0,1.3458248373510171e-06,0.0,0.0,6.729124186754578e-07,0.9999999999997736,1.3342417544380417e-13,-4.591977846829281e-19,0.0,0.0,0.0,-0.0001850289212923379
2026-08-24T01:06:34.279551,20.23,-1.954028657847335e-09,1.8971428410059507e-18,0.0,7.40772874596729e-07,0.0,0.0,3.7038643729835604e-07,0.9999999999999314,1.3175715729797562e-13,-4.362517498311071e-19,0.0,0.0,0.0,-5.533782648907881e-05
2026-08-24T01:06:34.303909,20.24,-1.9540293117702237e-09,1.901538494768674e-18,0.0,-1.6791168455654315e-09,0.0,0.0,-8.395584227827158e-10,1.0,3.2750814799225355e-16,-4.1940522054731804e-19,0.0,0.0,0.0,-6.204542412291682e-05
2026-08-24T01:06:34.334923,20.27,-1.954028660958989e-09,1.8976206522682332e-18,0.0,5.258996886858825e-07,0.0,0.0,2.629498443429382e-07,0.9999999999999655,1.284785665606687e-13,-3.88429459065613e-19,0.0,0.0,0.0,-0.00022612566379513697
2026-08-24T01:06:34.360974,20.29,-1.9540286632808754e-09,1.897822064221303e-18,0.0,4.1265445904770114e-07,0.0,0.0,2.0632722952384906e-07,0.9999999999999787,1.2682794495134322e-13,-3.682754352138374e-19,0.0,0.0,0.0,0.00021418150925367607
2026-08-24T01:06:34.392933,20.31,-1.954028664779429e-09,1.898067374745098e-18,0.0,1.9946813765159277e-06,0.0,0.0,9.973406882577985e-07,0.9999999999995026,1.2524575572389568e-13,-3.437228462184969e-19,0.0,0.0,0.0,0.00010234589618758913
2026-08-24T01:06:34.420545,20.33,-1.9540286660147015e-09,1.8983125158876746e-18,0.0,-3.5429109024320846e-06,0.0,0.0,-1.7714554512151154e-06,0.9999999999984309,1.2368383727298757e-13,-3.1918761377028294e-19,0.0,0.0,0.0,-0.00017534588585032924
2026-08-24T01:06:34.444840,20.34,-1.9540292797219195e-09,1.901538445559537e-18,0.0,-1.683685635356369e-09,0.0,0.0,-8.418428176781845e-10,1.0,3.2012569648003157e-16,-3.108503797064503e-19,0.0,0.0,0.0,0.00027149046663957647
2026-08-24T01:06:34.474883,20.37,-1.9540286690134202e-09,1.8986686980060776e-18,0.0,2.4486907523879604e-06,0.0,0.0,1.2243453761936744e-06,0.9999999999992505,1.2058752250412902e-13,-2.835528338758514e-19,0.0,0.0,0.0,-7.806217178016605e-05
2026-08-24T01:06:34.500623,20.39,-1.954028670812611e-09,1.8988857235082963e-18,0.0,-2.768529077101789e-07,0.0,0.0,-1.38426453855089e-07,0.9999999999999905,1.1906125555606627e-13,-2.6183468589790173e-19,0.0,0.0,0.0,7.869678114233462e-05
2026-08-24T01:06:34.524492,20.41,-1.9540286723393985e-09,1.899085946428121e-18,0.0,-1.2836968004137363e-06,0.0,0.0,-6.41848400206824e-07,0.999999999999794,1.1756358178161465e-13,-2.4179999561095254e-19,0.0,0.0,0.0,-0.00034537587654723484
2026-08-24T01:06:34.554737,20.43,-1.9540286740242488e-09,1.8992276629575682e-18,0.0,1.6564586147183036e-07,0.0,0.0,8.282293073591509e-08,0.9999999999999966,1.1608771457738503e-13,-2.276273378383815e-19,0.0,0.0,0.0,-6.68422873572648e-05
2026-08-24T01:06:34.578813,20.45,-1.9540286755154528e-09,1.8994099523003014e-18,0.0,3.1326124037001092e-06,0.0,0.0,1.5663062018494136e-06,0.9999999999987733,1.146284820843997e-13,-2.0938950841243635e-19,0.0,0.0,0.0,0.00016102609159338634
2026-08-24T01:06:34.606327,20.47,-1.95402867711154e-09,1.89964125302399e-18,0.0,3.396555920076594e-06,0.0,0.0,1.6982779600374806e-06,0.9999999999985579,1.1318828134463496e-13,-1.862414507747699e-19,0.0,0.0,0.0,-8.016316358583158e-05
2026-08-24T01:06:34.635440,20.49,-1.9540286788499286e-09,1.8998458698528138e-18,0.0,2.049594718833703e-06,0.0,0.0,1.024797359416672e-06,0.9999999999994749,1.1175251975167028e-13,-1.6576709421990468e-19,0.0,0.0,0.0,7.122206846901398e-05
2026-08-24T01:06:34.661995,20.51,-1.954028680704604e-09,1.9000475186825314e-18,0.0,-1.3072845161943292e-07,0.0,0.0,-6.53642258097164e-08,0.9999999999999979,1.1035110308103062e-13,-1.4559003843337792e-19,0.0,0.0,0.0,0.00010278726256803828
2026-08-24T01:06:34.693917,20.53,-1.9540286820253683e-09,1.900226497161685e-18,0.0,-3.710427058933874e-07,0.0,0.0,-1.8552135294669264e-07,0.9999999999999828,1.0898259059878754e-13,-1.2768432281477427e-19,0.0,0.0,0.0,0.00029766133687901357
2026-08-24T01:06:34.718161,20.55,-1.9540286837980693e-09,1.9004178544704587e-18,0.0,-3.330479792396091e-06,0.0,0.0,-1.6652398961972757e-06,0.9999999999986134,1.0759036172789722e-13,-1.0853850788892883e-19,0.0,0.0,0.0,7.174739436437079e-05
2026-08-24T01:06:34.750813,20.57,-1.9540286879257324e-09,1.9005554141499805e-18,0.0,1.8020541525665126e-06,0.0,0.0,9.010270762831343e-07,0.9999999999995941,1.0624647252946425e-13,-9.478316377548573e-20,0.0,0.0,0.0,-0.00011893485020804276
2026-08-24T01:06:34.777134,20.59,-1.9540286872755064e-09,1.9007201916644555e-18,0.0,-2.7573953960136066e-06,0.0,0.0,-1.3786976980063664e-06,0.9999999999990496,1.0489954587359259e-13,-7.830022501490692e-20,0.0,0.0,0.0,5.313993164976976e-05
2026-08-24T01:06:34.806126,20.61,-1.9540286887817874e-09,1.9008550951250026e-18,0.0,-9.114934464982127e-07,0.0,0.0,-4.557467232490906e-07,0.9999999999998962,1.0358888524546271e-13,-6.48104298448147e-20,0.0,0.0,0.0,6.169953361756982e-05
2026-08-24T01:06:34.833561,20.63,-1.954028690745805e-09,1.9010046634105115e-18,0.0,-3.820392553421925e-07,0.0,0.0,-1.910196276710951e-07,0.9999999999999818,1.0226902603692176e-13,-4.9851629337284574e-20,0.0,0.0,0.0,0.00011788793593699044
2026-08-24T01:06:34.859021,20.65,-1.9540286922374812e-09,1.9011606641179684e-18,0.0,2.2186650383559939e-07,0.0,0.0,1.1093325191779946e-07,0.9999999999999939,1.0099652338190539e-13,-3.4248275385353184e-20,0.0,0.0,0.0,-5.810406012859722e-05
2026-08-24T01:06:34.890512,20.67,-1.9540286942045333e-09,1.9013027847560227e-18,0.0,-1.7002230729978866e-06,0.0,0.0,-8.501115364988407e-07,0.9999999999996386,9.970894284980216e-14,-2.0035725177276334e-20,0.0,0.0,0.0,-0.00023346685147930096
2026-08-24T01:06:34.914282,20.69,-1.954028695883177e-09,1.901409420044457e-18,0.0,-1.1680413480874563e-07,0.0,0.0,-5.840206740437278e-08,0.9999999999999983,9.845888789505452e-14,-9.378304877496127e-21,0.0,0.0,0.0,-0.0001390590554038285
2026-08-24T01:06:34.942085,20.71,-1.9540286974765848e-09,1.901535646524247e-18,0.0,-1.1741297512024575e-06,0.0,0.0,-5.87064875601195e-07,0.9999999999998277,9.722651724628151e-14,3.2420164907857104e-21,0.0,0.0,0.0,-5.596234076226616e-05
2026-08-24T01:06:34.972773,20.73,-1.954028699504618e-09,1.9016570561667083e-18,0.0,-1.661193745672307e-06,0.0,0.0,-8.30596872836058e-07,0.999999999999655,9.599737946727483e-14,1.537972490582127e-20,0.0,0.0,0.0,-0.0003063526600097627
2026-08-24T01:06:34.996168,20.75,-1.954028701035316e-09,1.901750443820807e-18,0.0,5.303803765066563e-07,0.0,0.0,2.6519018825332495e-07,0.9999999999999648,9.4798451790349e-14,2.470995097545055e-20,0.0,0.0,0.0,-6.698117199605649e-05
2026-08-24T01:06:35.022852,20.77,-1.954028703088395e-09,1.9018800405354535e-18,0.0,3.5001643121646e-06,0.0,0.0,1.7500821560814065e-06,0.9999999999984686,9.360054486545488e-14,3.7667990201396386e-20,0.0,0.0,0.0,3.6168970964675466e-06
2026-08-24T01:06:35.047036,20.79,-1.9540287049697277e-09,1.902036800164329e-18,0.0,-5.201688371148094e-06,0.0,0.0,-2.600844185571115e-06,0.9999999999966178,9.24232770360028e-14,5.3347408406251345e-20,0.0,0.0,0.0,-2.075163116306881e-05
2026-08-24T01:06:35.073770,20.81,-1.9540287070973413e-09,1.9021169639059842e-18,0.0,4.371300558858592e-06,0.0,0.0,2.1856502794275562e-06,0.9999999999976115,9.125531168702056e-14,6.135288531099062e-20,0.0,0.0,0.0,0.00022211851843743054
2026-08-24T01:06:35.106479,20.83,-1.954028708701681e-09,1.9022916931550773e-18,0.0,-1.3618874605825226e-06,0.0,0.0,-6.809437302912087e-07,0.9999999999997682,9.013302613719601e-14,7.883270200607727e-20,0.0,0.0,0.0,-3.6845428026186465e-05
2026-08-24T01:06:35.128592,20.85,-1.9540287106880695e-09,1.90239598644438e-18,0.0,-2.7808800280304524e-06,0.0,0.0,-1.3904400140147781e-06,0.9999999999990333,8.898070432350164e-14,8.925561167002405e-20,0.0,0.0,0.0,1.3356996432350434e-05
2026-08-24T01:06:35.155131,20.87,-1.9540287124897425e-09,1.9024905946445413e-18,0.0,8.564398261690087e-07,0.0,0.0,4.282199130844913e-07,0.9999999999999083,8.786606403475813e-14,9.870829708907391e-20,0.0,0.0,0.0,0.00036820864769857313
2026-08-24T01:06:35.182664,20.89,-1.9540287144964376e-09,1.902638452029313e-18,0.0,-2.807736991794485e-06,0.0,0.0,-1.4038684958967813e-06,0.9999999999990146,8.675429689664394e-14,1.1349596716348279e-19,0.0,0.0,0.0,0.00012017527004075655
2026-08-24T01:06:35.209790,20.91,-1.954028716451115e-09,1.9027356086266974e-18,0.0,1.7795711988455312e-06,0.0,0.0,8.89785599422648e-07,0.9999999999996041,8.56624827055814e-14,1.2320392955108575e-19,0.0,0.0,0.0,-0.00023440931078246103
2026-08-24T01:06:35.240977,20.93,-1.954028718790589e-09,1.902838198751632e-18,0.0,-1.8867954172385737e-06,0.0,0.0,-9.433977086191469e-07,0.999999999999555,8.455759475896903e-14,1.3345612352170244e-19,0.0,0.0,0.0,0.0002347708908296731
2026-08-24T01:06:35.263074,20.95,-1.9540287207681052e-09,1.9029458067618745e-18,0.0,2.488308048054222e-06,0.0,0.0,1.24415402402679e-06,0.9999999999992261,8.350600938008181e-14,1.4421150089711024e-19,0.0,0.0,0.0,-0.00010159753548828944
2026-08-24T01:06:35.291294,20.97,-1.954028722425917e-09,1.903058068745129e-18,0.0,-5.416905657362747e-07,0.0,0.0,-2.70845282868134e-07,0.9999999999999634,8.247437374264224e-14,1.5543291411011422e-19,0.0,0.0,0.0,0.00013061545291319284
2026-08-24T01:06:35.316919,20.99,-1.9540287246606576e-09,1.903162250691457e-18,0.0,3.3196692950099305e-08,0.0,0.0,1.6598346475049652e-08,0.9999999999999999,8.1429228819161e-14,1.6584499273071578e-19,0.0,0.0,0.0,-2.5916759217112278e-05
2026-08-24T01:06:35.344741,21.01,-1.954028726997788e-09,1.90325659623883e-18,0.0,1.499713175867612e-07,0.0,0.0,7.498565879338053e-08,0.9999999999999972,8.03896529868776e-14,1.7527145310607848e-19,0.0,0.0,0.0,-6.257200385259437e-05
2026-08-24T01:06:35.374365,21.02,-1.9540291267393415e-09,1.9015381960337278e-18,0.0,-1.6796697366316948e-09,0.0,0.0,-8.398348683158474e-10,1.0,1.4761975531915563e-16,1.775589629478579e-19,0.0,0.0,0.0,-6.168996938572096e-05
2026-08-24T01:06:35.398716,21.04,-1.954029123957698e-09,1.9015381901825103e-18,0.0,-1.6781638301210933e-09,0.0,0.0,-8.390819150605466e-10,1.0,1.2891458177130233e-16,1.875941310801627e-19,0.0,0.0,0.0,-2.7111980903942996e-05
2026-08-24T01:06:35.425163,21.07,-1.954028733885265e-09,1.9035416627316017e-18,0.0,-7.045269407868203e-07,0.0,0.0,-3.522634703934029e-07,0.9999999999999379,7.737028969362815e-14,2.0375476266098947e-19,0.0,0.0,0.0,5.206750977120398e-05
2026-08-24T01:06:35.451028,21.09,-1.954028735894873e-09,1.903626282153549e-18,0.0,1.0251636424207788e-06,0.0,0.0,5.12581821210367e-07,0.9999999999998687,7.641486570450716e-14,2.122070978375043e-19,0.0,0.0,0.0,0.00021393107336650492
2026-08-24T01:06:35.475826,21.11,-1.9540287377806483e-09,1.9037310709786883e-18,0.0,1.74814591247241e-07,0.0,0.0,8.740729562362038e-08,0.9999999999999962,7.546321940947382e-14,2.226802934874251e-19,0.0,0.0,0.0,0.0001832149768740922
2026-08-24T01:06:35.504677,21.13,-1.95402874006536e-09,1.9038252354188597e-18,0.0,-1.184737248749457e-06,0.0,0.0,-5.923686243746937e-07,0.9999999999998246,7.450702950456527e-14,2.3208900531485206e-19,0.0,0.0,0.0,0.0003664305261682523
2026-08-24T01:06:35.532327,21.15,-1.9540287426736888e-09,1.9039198250338334e-18,0.0,3.726482970201062e-06,0.0,0.0,1.8632414850994527e-06,0.9999999999982642,7.355788924557242e-14,2.4154037306904584e-19,0.0,0.0,0.0,-0.00015581089992338932
2026-08-24T01:06:35.571949,21.16,-1.9540291086343385e-09,1.9015381667729913e-18,0.0,-1.677465721883209e-09,0.0,0.0,-8.387328609416045e-10,1.0,1.1880573000171896e-16,2.439102908481805e-19,0.0,0.0,0.0,6.482028204233176e-06
2026-08-24T01:06:35.597108,21.19,-1.954028747399208e-09,1.9040875482398163e-18,0.0,1.4394479208590383e-07,0.0,0.0,7.197239604295185e-08,0.9999999999999974,7.171609606589646e-14,2.5829351687461068e-19,0.0,0.0,0.0,3.941038194926622e-05
2026-08-24T01:06:35.626170,21.21,-1.9540287495785016e-09,1.9041621161666727e-18,0.0,5.875233912711054e-07,0.0,0.0,2.937616956355484e-07,0.9999999999999568,7.082024211995987e-14,2.6573914747833296e-19,0.0,0.0,0.0,0.0002257078287258919
2026-08-24T01:06:35.652497,21.23,-1.9540287524903788e-09,1.9042488357388897e-18,0.0,5.141274752595849e-07,0.0,0.0,2.570637376297896e-07,0.9999999999999669,6.990039217759319e-14,2.7440223323467927e-19,0.0,0.0,0.0,-8.077516755513391e-05
2026-08-24T01:06:35.680893,21.25,-1.9540287547221426e-09,1.9043136554902444e-18,0.0,-1.4751337968910148e-06,0.0,0.0,-7.375668984454406e-07,0.999999999999728,6.904112802623883e-14,2.8087128340396197e-19,0.0,0.0,0.0,1.1024969280340149e-05
2026-08-24T01:06:35.705420,21.26,-1.9540290986699976e-09,1.90153815080701e-18,0.0,-1.6804100333445149e-09,0.0,0.0,-8.402050166722574e-10,1.0,8.643656929891615e-17,2.7998967683250484e-19,0.0,0.0,0.0,0.00022868280697907955
2026-08-24T01:06:35.733504,21.29,-1.9540287601770477e-09,1.904452621076134e-18,0.0,-3.0966758943762338e-06,0.0,0.0,-1.548337947187498e-06,0.9999999999988013,6.729520551249458e-14,2.9474404096170747e-19,0.0,0.0,0.0,-0.0002902487683324168
2026-08-24T01:06:35.760231,21.31,-1.9540287629676428e-09,1.904477512913531e-18,0.0,-1.1361295371159486e-06,0.0,0.0,-5.680647685579437e-07,0.9999999999998387,6.645082843804053e-14,2.9721299627099105e-19,0.0,0.0,0.0,-0.00016889781355461288
2026-08-24T01:06:35.789681,21.33,-1.954028765549059e-09,1.9045200539216084e-18,0.0,-1.9616380910747466e-06,0.0,0.0,-9.80819045537216e-07,0.999999999999519,6.561782549296032e-14,3.014504150098841e-19,0.0,0.0,0.0,8.683372521034225e-05
2026-08-24T01:06:35.812924,21.34,-1.954029092650235e-09,1.9015381408029704e-18,0.0,-1.6801839919367012e-09,0.0,0.0,-8.400919959683506e-10,1.0,7.403950780287092e-17,3.001656733569837e-19,0.0,0.0,0.0,9.52818455811846e-05
2026-08-24T01:06:35.841902,21.37,-1.9540287707978147e-09,1.9046336279517163e-18,0.0,-4.3665339077847426e-07,0.0,0.0,-2.1832669538923536e-07,0.9999999999999761,6.398143968670238e-14,3.1278016162038116e-19,0.0,0.0,0.0,-4.1948949063251584e-05
2026-08-24T01:06:35.869014,21.39,-1.9540287733348227e-09,1.9046824943918685e-18,0.0,-3.1614059707862903e-06,0.0,0.0,-1.580702985392487e-06,0.9999999999987507,6.318017771741564e-14,3.17651638068783e-19,0.0,0.0,0.0,-0.00023326237591274226
2026-08-24T01:06:35.893397,21.41,-1.9540287765392633e-09,1.9047038846075764e-18,0.0,-1.2436908769508648e-06,0.0,0.0,-6.218454384753923e-07,0.9999999999998066,6.236095690824813e-14,3.197703056962581e-19,0.0,0.0,0.0,1.3986206041767969e-05
2026-08-24T01:06:35.919443,21.43,-1.9540287795071617e-09,1.9047484884477304e-18,0.0,1.301020684518761e-06,0.0,0.0,6.505103422593347e-07,0.9999999999997884,6.156643912308878e-14,3.2421494119399194e-19,0.0,0.0,0.0,0.00022384963983055174
2026-08-24T01:06:35.949979,21.45,-1.9540287824764916e-09,1.9048166918951816e-18,0.0,1.9676535334411943e-07,0.0,0.0,9.838267667205953e-08,0.9999999999999951,6.078703182667126e-14,3.310240796793824e-19,0.0,0.0,0.0,2.1931027398331366e-05
2026-08-24T01:06:35.973139,21.47,-1.9540287854138753e-09,1.9048659113591354e-18,0.0,1.8974985378505949e-06,0.0,0.0,9.487492689251551e-07,0.9999999999995499,6.002759373446115e-14,3.3593128311879225e-19,0.0,0.0,0.0,9.598675242533478e-05
2026-08-24T01:06:36.000571,21.49,-1.9540287885309486e-09,1.9049262923228456e-18,0.0,-1.131624105088491e-06,0.0,0.0,-5.658120525442154e-07,0.9999999999998399,5.926912472188676e-14,3.419568453968018e-19,0.0,0.0,0.0,0.00023705555650463376
2026-08-24T01:06:36.027330,21.51,-1.9540287917188804e-09,1.9049761149573933e-18,0.0,2.6851319212539693e-07,0.0,0.0,1.3425659606269807e-07,0.999999999999991,5.85180802953047e-14,3.469247207603579e-19,0.0,0.0,0.0,8.305496183304834e-05
2026-08-24T01:06:36.056686,21.53,-1.9540287947582187e-09,1.905023434729593e-18,0.0,4.361824894161259e-06,0.0,0.0,2.180912447078901e-06,0.9999999999976218,5.778807303574425e-14,3.5164187015728767e-19,0.0,0.0,0.0,0.00020378228052267625
2026-08-24T01:06:36.081829,21.55,-1.9540287979925275e-09,1.905095998562709e-18,0.0,-2.2306580422792877e-06,0.0,0.0,-1.1153290211394126e-06,0.999999999999378,5.704340353684513e-14,3.5888828398712183e-19,0.0,0.0,0.0,-0.00014906670574578467
2026-08-24T01:06:36.107796,21.57,-1.954028801233464e-09,1.9051151912841274e-18,0.0,2.62464837064158e-06,0.0,0.0,1.3123241853204134e-06,0.9999999999991389,5.632684713037212e-14,3.6078761356675965e-19,0.0,0.0,0.0,8.494587651965103e-05
2026-08-24T01:06:36.136299,21.59,-1.954028804343764e-09,1.9051691171414728e-18,0.0,-8.555566317625108e-07,0.0,0.0,-4.2777831588124234e-07,0.9999999999999085,5.5622619139029694e-14,3.6616697520522526e-19,0.0,0.0,0.0,0.0004344602388735237
2026-08-24T01:06:36.163475,21.61,-1.954028808064792e-09,1.9052210855716076e-18,0.0,-1.5830660684557076e-06,0.0,0.0,-7.91533034227771e-07,0.9999999999996867,5.4902660312223553e-14,3.713503087144535e-19,0.0,0.0,0.0,0.00030384295543354047
2026-08-24T01:06:36.188221,21.63,-1.9540288113884243e-09,1.9052612671523558e-18,0.0,-6.826178244878633e-08,0.0,0.0,-3.413089122439316e-08,0.9999999999999994,5.4212413618990335e-14,3.753527885907437e-19,0.0,0.0,0.0,-0.0001446583719252428
2026-08-24T01:06:36.214941,21.65,-1.9540288148458114e-09,1.9052856708870236e-18,0.0,4.0789399071705645e-06,0.0,0.0,2.0394699535838686e-06,0.9999999999979203,5.352790491168498e-14,3.7777453232512207e-19,0.0,0.0,0.0,8.320119363397206e-05
2026-08-24T01:06:36.240390,21.67,-1.9540288186276845e-09,1.9053392113539992e-18,0.0,1.2062916767696663e-06,0.0,0.0,6.031458383847966e-07,0.9999999999998181,5.2840411139368694e-14,3.831156181736388e-19,0.0,0.0,0.0,-0.00028618206567582405
2026-08-24T01:06:36.268075,21.69,-1.9540288221802287e-09,1.9053601196040033e-18,0.0,-4.092755660600745e-06,0.0,0.0,-2.046377830298944e-06,0.9999999999979061,5.217413807649756e-14,3.851874228943723e-19,0.0,0.0,0.0,-0.00041690363170591836
2026-08-24T01:06:36.298905,21.71,-1.9540288262877636e-09,1.9053494821033248e-18,0.0,8.439557213080206e-07,0.0,0.0,4.219778606539978e-07,0.999999999999911,5.14951711574093e-14,3.840988212050808e-19,0.0,0.0,0.0,-3.1073819879807185e-05
2026-08-24T01:06:36.322574,21.73,-1.954028830063435e-09,1.9053785736275314e-18,0.0,1.7078131042680409e-07,0.0,0.0,8.539065521340195e-08,0.9999999999999963,5.0847089187721954e-14,3.869908464568526e-19,0.0,0.0,0.0,-9.874877184423204e-05
2026-08-24T01:06:36.346938,21.75,-1.9540288337039176e-09,1.9054002391917934e-18,0.0,-2.872636711614973e-06,0.0,0.0,-1.4363183558069927e-06,0.9999999999989685,5.022038238811188e-14,3.8913899033322614e-19,0.0,0.0,0.0,0.0001454638997403113
2026-08-24T01:06:36.374772,21.77,-1.9540288375749144e-09,1.9054180279750237e-18,0.0,-5.211008202721247e-07,0.0,0.0,-2.605504101360593e-07,0.999999999999966,4.9575740073715756e-14,3.9089889070472046e-19,0.0,0.0,0.0,-0.00016567407511568574
2026-08-24T01:06:36.400087,21.79,-1.954028841434292e-09,1.9054314718581883e-18,0.0,-5.540675460657952e-07,0.0,0.0,-2.77033773032894e-07,0.9999999999999616,4.8953468688527425e-14,3.9222349030351686e-19,0.0,0.0,0.0,0.00037238263749329924
2026-08-24T01:06:36.429792,21.81,-1.954028845113588e-09,1.9054670052698038e-18,0.0,2.0475866469027437e-07,0.0,0.0,1.02379332345137e-07,0.9999999999999948,4.834461060078171e-14,3.9576153241929177e-19,0.0,0.0,0.0,8.046089837840121e-05
2026-08-24T01:06:36.459863,21.83,-1.954028849304784e-09,1.905491770235299e-18,0.0,2.5688267792922663e-06,0.0,0.0,1.2844133896457797e-06,0.9999999999991751,4.7717994521645336e-14,3.9822058594792846e-19,0.0,0.0,0.0,-7.25782191247515e-05
2026-08-24T01:06:36.483597,21.85,-1.9540288531883538e-09,1.9055187788942983e-18,0.0,3.420431951894898e-06,0.0,0.0,1.7102159759466152e-06,0.9999999999985376,4.7126174690634625e-14,4.0090462256620052e-19,0.0,0.0,0.0,0.000159800380566526
2026-08-24T01:06:36.511362,21.87,-1.9540288575074732e-09,1.905557605706609e-18,0.0,-2.2564539072789107e-06,0.0,0.0,-1.1282269536392158e-06,0.9999999999993635,4.6515808285022707e-14,4.0477282023063757e-19,0.0,0.0,0.0,0.00011136833522138023
2026-08-24T01:06:36.534890,21.89,-1.954028861903833e-09,1.9055693640935244e-18,0.0,6.589360768138873e-07,0.0,0.0,3.2946803840693774e-07,0.9999999999999457,4.5916433542263794e-14,4.059291707494338e-19,0.0,0.0,0.0,3.347106384565127e-05
2026-08-24T01:06:36.565527,21.91,-1.9540288661692797e-09,1.9055888542326288e-18,0.0,-1.642291068915114e-06,0.0,0.0,-8.211455344574646e-07,0.9999999999996628,4.534345100151897e-14,4.0786025097164313e-19,0.0,0.0,0.0,0.0001127363848772298
2026-08-24T01:06:36.595156,21.92,-1.954029094127418e-09,1.901538145277344e-18,0.0,-1.6797021551440139e-09,0.0,0.0,-8.398510775720069e-10,1.0,-8.014657950960004e-17,4.0359871183252385e-19,0.0,0.0,0.0,-1.643412147027466e-05
2026-08-24T01:06:36.625422,21.95,-1.9540288749739014e-09,1.90560658592433e-18,0.0,1.955159870004053e-06,0.0,0.0,9.775799350018708e-07,0.9999999999995222,4.420100037657086e-14,4.095939439527884e-19,0.0,0.0,0.0,-0.0001878284648678869
2026-08-24T01:06:36.655805,21.97,-1.954028879702103e-09,1.905619324288585e-18,0.0,5.980504651503794e-07,0.0,0.0,2.990252325751852e-07,0.9999999999999553,4.363124034893969e-14,4.108489335505775e-19,0.0,0.0,0.0,6.968920412126585e-05
2026-08-24T01:06:36.682914,21.99,-1.9540288839409437e-09,1.9056356887704357e-18,0.0,-1.2097348434103598e-06,0.0,0.0,-6.048674217051429e-07,0.999999999999817,4.309181881115398e-14,4.1246749670301353e-19,0.0,0.0,0.0,-0.0001277423163851028
2026-08-24T01:06:36.715353,22.01,-1.9540288888668953e-09,1.9056365327379668e-18,0.0,-6.653229300823683e-07,0.0,0.0,-3.3266146504117796e-07,0.9999999999999447,4.252649359671676e-14,4.1253103662864725e-19,0.0,0.0,0.0,-0.00010329284317820755
2026-08-24T01:06:36.743382,22.03,-1.9540288935616312e-09,1.9056396501347873e-18,0.0,-1.7661888294107089e-06,0.0,0.0,-8.830944147052396e-07,0.9999999999996101,4.1987997931953225e-14,4.1282255453882753e-19,0.0,0.0,0.0,-0.0001674293306854013
2026-08-24T01:06:36.771119,22.05,-1.9540288983936965e-09,1.905635535673797e-18,0.0,1.6385215304559606e-06,0.0,0.0,8.192607652278887e-07,0.9999999999996644,4.1449520078393697e-14,4.1238964657075196e-19,0.0,0.0,0.0,-5.6521859270881604e-05
2026-08-24T01:06:36.797209,22.07,-1.9540289030840658e-09,1.9056474159599496e-18,0.0,-1.1932006249715243e-06,0.0,0.0,-5.966003124857268e-07,0.999999999999822,4.09351467432887e-14,4.135594004547912e-19,0.0,0.0,0.0,-3.363016587179585e-05
2026-08-24T01:06:36.825527,22.09,-1.9540289078693437e-09,1.9056488231125633e-18,0.0,-1.7724318603917764e-06,0.0,0.0,-8.862159301957722e-07,0.9999999999996073,4.0407830987771224e-14,4.136800110494119e-19,0.0,0.0,0.0,0.00026653025072029615
2026-08-24T01:06:36.852060,22.11,-1.9540289132581098e-09,1.905658103122967e-18,0.0,-2.4918826158071283e-06,0.0,0.0,-1.2459413079032419e-06,0.9999999999992238,3.988450494937805e-14,4.1458945556580537e-19,0.0,0.0,0.0,0.0003667486310822128
2026-08-24T01:06:36.881192,22.13,-1.9540289183963316e-09,1.9056673994031958e-18,0.0,-7.193459472532029e-07,0.0,0.0,-3.596729736265936e-07,0.9999999999999353,3.9381117762547124e-14,4.1550067748269147e-19,0.0,0.0,0.0,8.436970083184903e-05
2026-08-24T01:06:36.909788,22.15,-1.954028923497854e-09,1.905672125623416e-18,0.0,-1.0256392100060907e-06,0.0,0.0,-5.128196050030229e-07,0.9999999999998685,3.888446304177496e-14,4.15954107002877e-19,0.0,0.0,0.0,3.1511767473698787e-05
2026-08-24T01:06:36.932269,22.17,-1.9540289289079468e-09,1.905673137957171e-18,0.0,-2.7222483334199414e-06,0.0,0.0,-1.3611241667095502e-06,0.9999999999990736,3.838015509869145e-14,4.160355788197344e-19,0.0,0.0,0.0,0.0001287627048469499
2026-08-24T01:06:36.959924,22.19,-1.9540289340273303e-09,1.9056709191575858e-18,0.0,1.772356023277411e-06,0.0,0.0,8.861780116385893e-07,0.9999999999996073,3.79053215723039e-14,4.1579354701362447e-19,0.0,0.0,0.0,0.0002450997099138901
2026-08-24T01:06:36.989751,22.21,-1.9540289393202486e-09,1.9056870589531478e-18,0.0,9.031960024330488e-08,0.0,0.0,4.5159800121652425e-08,0.999999999999999,3.742088270391455e-14,4.1739091408418184e-19,0.0,0.0,0.0,-1.8033141073925807e-05
2026-08-24T01:06:37.017148,22.23,-1.9540289446387213e-09,1.905687750779363e-18,0.0,3.7886145589638436e-06,0.0,0.0,1.8943072794807887e-06,0.9999999999982058,3.6945783302652354e-14,4.174406779535844e-19,0.0,0.0,0.0,-0.000129594719896225
2026-08-24T01:06:37.042300,22.24,-1.954029131619735e-09,1.9015382086330486e-18,0.0,-1.6771952715544103e-09,0.0,0.0,-8.385976357772051e-10,1.0,-1.4723869390794893e-16,4.133915450351912e-19,0.0,0.0,0.0,0.00015550922374425678
2026-08-24T01:06:37.071260,22.27,-1.9540289557174457e-09,1.9057024882163137e-18,0.0,-5.749163860535589e-07,0.0,0.0,-2.8745819302677547e-07,0.9999999999999587,3.600007677227876e-14,4.1887848183951373e-19,0.0,0.0,0.0,0.00027770235086374263
2026-08-24T01:06:37.098919,22.29,-1.9540289611989735e-09,1.905707989747774e-18,0.0,-1.7867632351453722e-07,0.0,0.0,-8.933816175726849e-08,0.999999999999996,3.554575179416467e-14,4.194105517978274e-19,0.0,0.0,0.0,0.00014702977757403074
2026-08-24T01:06:37.124949,22.31,-1.9540289671009345e-09,1.9057097514674027e-18,0.0,2.7648825775550283e-06,0.0,0.0,1.3824412887770737e-06,0.9999999999990444,3.508111354026649e-14,4.19567939321089e-19,0.0,0.0,0.0,-0.0001235070969878879
2026-08-24T01:06:37.153850,22.33,-1.9540289729193382e-09,1.9057115353535445e-18,0.0,-1.3403593435157288e-06,0.0,0.0,-6.701796717578143e-07,0.9999999999997754,3.4635917145705255e-14,4.197276680129332e-19,0.0,0.0,0.0,-0.00031290494060474527
2026-08-24T01:06:37.178178,22.34,-1.9540291488734055e-09,1.9015382385464824e-18,0.0,-1.6829977411703112e-09,0.0,0.0,-8.414988705851556e-10,1.0,-1.8120562737591222e-16,4.132647487499092e-19,0.0,0.0,0.0,-0.0003165479254453889
2026-08-24T01:06:37.206445,22.37,-1.9540289847708156e-09,1.905680910872692e-18,0.0,-4.204292451959191e-07,0.0,0.0,-2.10214622597958e-07,0.9999999999999779,3.3750693167624236e-14,4.166219946977388e-19,0.0,0.0,0.0,0.0001196859587537858
2026-08-24T01:06:37.233260,22.39,-1.9540289904186137e-09,1.9056785129168484e-18,0.0,-1.2054297151564697e-06,0.0,0.0,-6.027148575781983e-07,0.9999999999998184,3.334161676453568e-14,4.163632682130973e-19,0.0,0.0,0.0,0.0003032907240235723
2026-08-24T01:06:37.260517,22.4,-1.954029159974116e-09,1.9015382555697995e-18,0.0,-1.6777512712451426e-09,0.0,0.0,-8.388756356225713e-10,1.0,-1.9359497393631331e-16,4.1175948291948447e-19,0.0,0.0,0.0,-0.00017246177540268537
2026-08-24T01:06:37.291491,22.43,-1.9540290022677692e-09,1.905659608758733e-18,0.0,2.6840009934581133e-06,0.0,0.0,1.3420004967286539e-06,0.9999999999990995,3.24900052369505e-14,4.144326121052569e-19,0.0,0.0,0.0,3.7571378362737025e-05
2026-08-24T01:06:37.313760,22.45,-1.9540290081342987e-09,1.9056620266913886e-18,0.0,-1.5140356581788694e-06,0.0,0.0,-7.570178290893624e-07,0.9999999999997135,3.207456908294876e-14,4.146567847725226e-19,0.0,0.0,0.0,-0.00012672636508410156
2026-08-24T01:06:37.343173,22.47,-1.954029014145535e-09,1.905646962077576e-18,0.0,-3.9325518756960776e-06,0.0,0.0,-1.9662759378467716e-06,0.9999999999980669,3.166566080840249e-14,4.131295015443411e-19,0.0,0.0,0.0,-0.00029473224623762146
2026-08-24T01:06:37.371366,22.49,-1.9540290201330668e-09,1.90562004240634e-18,0.0,-1.2457548232980289e-06,0.0,0.0,-6.228774116489741e-07,0.999999999999806,3.126657594645566e-14,4.104146256375461e-19,0.0,0.0,0.0,2.6142487596893818e-05
2026-08-24T01:06:37.398592,22.51,-1.9540290263477277e-09,1.9056094659852065e-18,0.0,-2.6195383795446507e-06,0.0,0.0,-1.3097691897719508e-06,0.9999999999991422,3.08605285788713e-14,4.093373063120915e-19,0.0,0.0,0.0,5.3738036207949514e-05
2026-08-24T01:06:37.430996,22.53,-1.954029032767476e-09,1.9055953959126705e-18,0.0,-7.555454168972633e-07,0.0,0.0,-3.7777270844862253e-07,0.9999999999999286,3.046389139841459e-14,4.079100567390622e-19,0.0,0.0,0.0,-0.00016980918698431376
2026-08-24T01:06:37.460598,22.55,-1.9540290393159783e-09,1.905580031849804e-18,0.0,5.92755631689812e-07,0.0,0.0,2.963778158449016e-07,0.999999999999956,3.00690773197699e-14,4.0635324767621647e-19,0.0,0.0,0.0,-2.8411997551216296e-05
2026-08-24T01:06:37.493516,22.57,-1.9540290457257645e-09,1.9055717209148945e-18,0.0,1.3125270639235964e-06,0.0,0.0,6.562635319617511e-07,0.9999999999997846,2.9685508321431674e-14,4.0550328828446983e-19,0.0,0.0,0.0,-0.00023401011524772861
2026-08-24T01:06:37.516187,22.59,-1.9540290528135174e-09,1.9055594160467445e-18,0.0,-7.693905170746974e-07,0.0,0.0,-3.846952585373392e-07,0.9999999999999261,2.927678519184954e-14,4.042531718194308e-19,0.0,0.0,0.0,-7.678923811707085e-05
2026-08-24T01:06:37.545607,22.62,-1.954029207637541e-09,1.901538335745928e-18,0.0,-1.6795134172298276e-09,0.0,0.0,-8.397567086149138e-10,1.0,-2.6504390632548526e-16,3.975054281123978e-19,0.0,0.0,0.0,0.0001865115293568847
2026-08-24T01:06:37.566201,22.63,-1.9540290662839295e-09,1.905533978689513e-18,0.0,1.514657616663584e-06,0.0,0.0,7.573288083317195e-07,0.9999999999997132,2.85357661574891e-14,4.016706594269597e-19,0.0,0.0,0.0,0.00021708516575867355
2026-08-24T01:06:37.592656,22.64,-1.9540292126525913e-09,1.9015383438275425e-18,0.0,-1.6762022880811855e-09,0.0,0.0,-8.381011440405928e-10,1.0,-2.5159541829471506e-16,3.973579199699051e-19,0.0,0.0,0.0,3.6271720777519855e-05
2026-08-24T01:06:37.621948,22.67,-1.95402908024189e-09,1.9055211059370756e-18,0.0,-2.2313428651443705e-06,0.0,0.0,-1.1156714325719536e-06,0.9999999999993776,2.7812018741804102e-14,4.0034733408573823e-19,0.0,0.0,0.0,7.356256154082962e-05
2026-08-24T01:06:37.647195,22.69,-1.9540290870681336e-09,1.905505350222365e-18,0.0,-2.1893318580268326e-07,0.0,0.0,-1.0946659290134142e-07,0.999999999999994,2.747645093270072e-14,3.9875223754268164e-19,0.0,0.0,0.0,0.00026817477402824063
2026-08-24T01:06:37.679669,22.71,-1.954029094145182e-09,1.9054989556013876e-18,0.0,1.7488545802635262e-06,0.0,0.0,8.744272901316515e-07,0.9999999999996176,2.7119031362959124e-14,3.980950990888694e-19,0.0,0.0,0.0,-6.776417990129636e-05
2026-08-24T01:06:37.704411,22.73,-1.9540291013478555e-09,1.905488724070159e-18,0.0,3.925056769826796e-06,0.0,0.0,1.962528384912138e-06,0.9999999999980742,2.6760731753438563e-14,3.9705360241507093e-19,0.0,0.0,0.0,0.0004643612459151762
2026-08-24T01:06:37.730535,22.75,-1.9540291084916346e-09,1.9054958196993174e-18,0.0,3.237617396401049e-07,0.0,0.0,1.6188086982005174e-07,0.9999999999999869,2.6424062810479443e-14,3.977483012513509e-19,0.0,0.0,0.0,-0.00036772537480608597
2026-08-24T01:06:37.759500,22.77,-1.954029115682921e-09,1.90547399125048e-18,0.0,2.0994211507030518e-06,0.0,0.0,1.049710575351333e-06,0.9999999999994491,2.6082985184516468e-14,3.9554514129143226e-19,0.0,0.0,0.0,-8.3741987089675e-05
2026-08-24T01:06:37.783778,22.79,-1.9540291232431923e-09,1.9054627224489617e-18,0.0,-6.396683183140794e-10,0.0,0.0,-3.198341591570397e-10,1.0,2.574049414589982e-14,3.944000968617282e-19,0.0,0.0,0.0,0.0004127135112490639
2026-08-24T01:06:37.814481,22.81,-1.9540291306037283e-09,1.9054574347957604e-18,0.0,5.192217589211623e-07,0.0,0.0,2.5961087946057823e-07,0.9999999999999662,2.5414195831685006e-14,3.9385448477883407e-19,0.0,0.0,0.0,2.5084536275324002e-05
2026-08-24T01:06:37.844135,22.83,-1.9540291383632768e-09,1.9054440171952337e-18,0.0,-1.3077316025622565e-06,0.0,0.0,-6.538658012810817e-07,0.9999999999997863,2.507206861007231e-14,3.9249431127283226e-19,0.0,0.0,0.0,0.0001063538683397882
2026-08-24T01:06:37.873582,22.85,-1.9540291460988742e-09,1.905427887752279e-18,0.0,-2.5364100264546607e-06,0.0,0.0,-1.2682050132269905e-06,0.9999999999991959,2.4747560200914636e-14,3.908626251216493e-19,0.0,0.0,0.0,8.407778254335688e-05
2026-08-24T01:06:37.901762,22.87,-1.954029153617944e-09,1.905408225248367e-18,0.0,-2.833772066779261e-06,0.0,0.0,-1.4168860333891564e-06,0.9999999999989962,2.4441531991118433e-14,3.888771243294173e-19,0.0,0.0,0.0,6.40451864800909e-05
2026-08-24T01:06:37.929215,22.89,-1.9540291617522375e-09,1.9053872638125087e-18,0.0,1.744710964146634e-06,0.0,0.0,8.723554820732064e-07,0.9999999999996195,2.4102149817320912e-14,3.8676151475205263e-19,0.0,0.0,0.0,0.00014955607639441853
2026-08-24T01:06:37.957042,22.91,-1.9540291695410417e-09,1.9053779133994448e-18,0.0,-4.8312228382307865e-06,0.0,0.0,-2.415611419113044e-06,0.9999999999970824,2.3803194436596898e-14,3.8580938071116585e-19,0.0,0.0,0.0,-0.00014926928755549775
2026-08-24T01:06:37.986413,22.92,-1.9540292934909082e-09,1.901538480376281e-18,0.0,-1.6845431716205894e-09,0.0,0.0,-8.422715858102947e-10,1.0,-3.3748419353262183e-16,3.79111157802263e-19,0.0,0.0,0.0,-0.00015407955362325905
2026-08-24T01:06:38.014659,22.95,-1.9540291860716043e-09,1.905325994006887e-18,0.0,-3.4769832018000106e-06,0.0,0.0,-1.7384916008991295e-06,0.9999999999984889,2.3169867725543467e-14,3.8057723690524577e-19,0.0,0.0,0.0,0.00025707718126991686
2026-08-24T01:06:38.042226,22.97,-1.9540291940922486e-09,1.905306975841283e-18,0.0,-1.8641851644574108e-06,0.0,0.0,-9.320925822285702e-07,0.9999999999995656,2.2888430178620963e-14,3.786569100240665e-19,0.0,0.0,0.0,0.00015279768748921262
2026-08-24T01:06:38.068174,22.98,-1.954029313498448e-09,1.9015385131360724e-18,0.0,-1.6795533852587141e-09,0.0,0.0,-8.397766926293571e-10,1.0,-3.406741428406472e-16,3.7329076030943867e-19,0.0,0.0,0.0,0.00011942035732562223
2026-08-24T01:06:38.096279,23.01,-1.954029210355763e-09,1.9052742041580213e-18,0.0,-1.0473872786853635e-06,0.0,0.0,-5.236936393426577e-07,0.9999999999998629,2.2308603567966925e-14,3.75343962336912e-19,0.0,0.0,0.0,5.367494636748511e-05
2026-08-24T01:06:38.127501,23.03,-1.9540292186601125e-09,1.9052553651144988e-18,0.0,3.156061008091626e-06,0.0,0.0,1.5780305040451582e-06,0.9999999999987549,2.202635769978228e-14,3.734418898798185e-19,0.0,0.0,0.0,-2.1538811445906273e-05
2026-08-24T01:06:38.151595,23.05,-1.9540292273274e-09,1.905243238304275e-18,0.0,5.356663903999249e-06,0.0,0.0,2.678331951996422e-06,0.9999999999964133,2.1723042070811985e-14,3.722123420840147e-19,0.0,0.0,0.0,0.0002155106640721512
2026-08-24T01:06:38.178622,23.07,-1.9540292363836615e-09,1.9052396077753013e-18,0.0,-4.074711095647388e-06,0.0,0.0,-2.0373555478222843e-06,0.9999999999979245,2.1420428275739763e-14,3.7183410235913072e-19,0.0,0.0,0.0,-0.00020139186201502613
2026-08-24T01:06:38.204899,23.09,-1.954029245210517e-09,1.9052090665747397e-18,0.0,1.981340786993968e-06,0.0,0.0,9.90670393496822e-07,0.9999999999995093,2.114951959972784e-14,3.687598550549066e-19,0.0,0.0,0.0,-0.00017142745978181268
2026-08-24T01:06:38.230993,23.11,-1.9540292538793045e-09,1.9051908451254174e-18,0.0,2.4973604508815583e-06,0.0,0.0,1.2486802254404548e-06,0.9999999999992204,2.088968352894026e-14,3.6692005910961327e-19,0.0,0.0,0.0,-7.324168463719648e-05
2026-08-24T01:06:38.263668,23.13,-1.9540292628799366e-09,1.9051752004455423e-18,0.0,1.051945623498085e-06,0.0,0.0,5.259728117490183e-07,0.9999999999998617,2.0616388904916514e-14,3.6533851198997285e-19,0.0,0.0,0.0,0.00011989840860987588
2026-08-24T01:06:38.291846,23.15,-1.9540292718981524e-09,1.9051600756062572e-18,0.0,-7.943084687767056e-07,0.0,0.0,-3.971542343883423e-07,0.9999999999999212,2.034655929688896e-14,3.638091725771645e-19,0.0,0.0,0.0,0.00015192958008398045
2026-08-24T01:06:38.317506,23.17,-1.9540292809999292e-09,1.905141800403771e-18,0.0,1.3275517409816473e-06,0.0,0.0,6.637758704907749e-07,0.9999999999997797,2.0079143824999495e-14,3.6196429419407013e-19,0.0,0.0,0.0,-0.00012337429645317192
2026-08-24T01:06:38.342861,23.19,-1.954029290209053e-09,1.9051222948313145e-18,0.0,2.7314511426013155e-06,0.0,0.0,1.3657255713002332e-06,0.9999999999990674,1.9816814975044792e-14,3.599962170397571e-19,0.0,0.0,0.0,0.00045893599774154373
2026-08-24T01:06:38.368231,23.21,-1.9540292995591073e-09,1.905115371764828e-18,0.0,8.194677918460512e-07,0.0,0.0,4.097338959230142e-07,0.9999999999999161,1.9557159133266284e-14,3.592889165972257e-19,0.0,0.0,0.0,-0.000263090769612279
2026-08-24T01:06:38.399507,23.23,-1.954029308629531e-09,1.9050919845510166e-18,0.0,1.815582666875315e-06,0.0,0.0,9.077913334375328e-07,0.999999999999588,1.9310483212874598e-14,3.569321699013969e-19,0.0,0.0,0.0,-0.0002214155321899112
2026-08-24T01:06:38.424213,23.24,-1.954029411557161e-09,1.9015386777562772e-18,0.0,-1.6796048996070567e-09,0.0,0.0,-8.398024498035284e-10,1.0,-4.1886327508810005e-16,3.516802377192743e-19,0.0,0.0,0.0,0.00011483924823010625
2026-08-24T01:06:38.455075,23.27,-1.954029327920834e-09,1.9050546220985195e-18,0.0,-1.0475387002273353e-06,0.0,0.0,-5.237693501136436e-07,0.9999999999998629,1.8799336996542898e-14,3.5316193529415475e-19,0.0,0.0,0.0,-5.754522529065848e-05
2026-08-24T01:06:38.481028,23.29,-1.954029337598934e-09,1.9050311175198174e-18,0.0,-3.0625693447916547e-06,0.0,0.0,-1.531284672395229e-06,0.9999999999988276,1.854534154270537e-14,3.5079372099393567e-19,0.0,0.0,0.0,0.0003762961481991644
2026-08-24T01:06:38.507484,23.31,-1.954029347404941e-09,1.9050112695408995e-18,0.0,1.9378873732378565e-06,0.0,0.0,9.689436866187766e-07,0.9999999999995306,1.8303842503248306e-14,3.487919940196276e-19,0.0,0.0,0.0,0.00031191154731964187
2026-08-24T01:06:38.539341,23.33,-1.954029357249641e-09,1.9049986138282866e-18,0.0,1.3150967537178815e-06,0.0,0.0,6.575483768588933e-07,0.9999999999997838,1.806830435369405e-14,3.4751090766049404e-19,0.0,0.0,0.0,-3.4662252967995944e-05
2026-08-24T01:06:38.560137,23.34,-1.954029454239421e-09,1.901538749006734e-18,0.0,-1.678466698962211e-09,0.0,0.0,-8.392333494811055e-10,1.0,-4.4621274769136e-16,3.425479402435603e-19,0.0,0.0,0.0,-0.00027123293813577153
2026-08-24T01:06:38.592064,23.37,-1.954029377438676e-09,1.904951004018269e-18,0.0,2.4905070579173127e-06,0.0,0.0,1.2452535289583345e-06,0.9999999999992246,1.7589425207022572e-14,3.427149523693928e-19,0.0,0.0,0.0,-1.8148700513052245e-05
2026-08-24T01:06:38.614537,23.39,-1.954029387633008e-09,1.9049333881910523e-18,0.0,-2.3220144740321308e-07,0.0,0.0,-1.1610072370160625e-07,0.9999999999999932,1.7359097701194603e-14,3.409372174790104e-19,0.0,0.0,0.0,0.00011031500806280503
2026-08-24T01:06:38.643445,23.41,-1.9540293977578996e-09,1.904913192687456e-18,0.0,7.030420769993384e-07,0.0,0.0,3.5152103849966195e-07,0.9999999999999383,1.713411369761832e-14,3.3890116699817653e-19,0.0,0.0,0.0,0.0001785249179930925
2026-08-24T01:06:38.670951,23.43,-1.9540294079080033e-09,1.904895378649685e-18,0.0,-1.1863948858881201e-06,0.0,0.0,-5.931974429440252e-07,0.999999999999824,1.6912905172819266e-14,3.3710380685576117e-19,0.0,0.0,0.0,0.00014496474121917244
2026-08-24T01:06:38.696436,23.45,-1.9540294182847827e-09,1.9048739168739833e-18,0.0,-8.966057554182781e-07,0.0,0.0,-4.483028777091241e-07,0.9999999999998995,1.6689144932349203e-14,3.3494105511748583e-19,0.0,0.0,0.0,-0.00014968723872771876
2026-08-24T01:06:38.731797,23.47,-1.954029428430446e-09,1.9048484439283345e-18,0.0,-2.632310536654359e-06,0.0,0.0,-1.3161552683267994e-06,0.9999999999991339,1.647076903038195e-14,3.323765625144396e-19,0.0,0.0,0.0,7.737864147396045e-05
2026-08-24T01:06:38.755780,23.49,-1.9540294391492064e-09,1.9048236750920395e-18,0.0,-2.654523152401112e-06,0.0,0.0,-1.327261576200166e-06,0.9999999999991191,1.6242948427301136e-14,3.2988266812280543e-19,0.0,0.0,0.0,-6.236916016466015e-05
2026-08-24T01:06:38.782262,23.51,-1.9540294498385723e-09,1.9047968691105072e-18,0.0,-1.1254259835169479e-07,0.0,0.0,-5.627129917584736e-08,0.9999999999999984,1.6025676046013302e-14,3.27184770529897e-19,0.0,0.0,0.0,-0.00024512460224298947
2026-08-24T01:06:38.811768,23.53,-1.9540294607042965e-09,1.904771309568928e-18,0.0,-2.714066567932605e-06,0.0,0.0,-1.3570332839658859e-06,0.9999999999990792,1.5805141242291327e-14,3.246118321380475e-19,0.0,0.0,0.0,0.00023764352702039396
2026-08-24T01:06:38.839113,23.55,-1.9540294712712546e-09,1.904748768784296e-18,0.0,7.693452230839172e-07,0.0,0.0,3.8467261154194906e-07,0.9999999999999261,1.560764239234222e-14,3.223415487564487e-19,0.0,0.0,0.0,-0.00010588864378364426
2026-08-24T01:06:38.865183,23.57,-1.9540294817616928e-09,1.904726464882271e-18,0.0,-3.9382802841103636e-07,0.0,0.0,-1.9691401420551686e-07,0.9999999999999806,1.5415064759940928e-14,3.2009506265141766e-19,0.0,0.0,0.0,0.00010522819613109021
2026-08-24T01:06:38.891141,23.59,-1.9540294927311454e-09,1.9047053505675663e-18,0.0,1.7732163382078172e-06,0.0,0.0,8.866081691037923e-07,0.999999999999607,1.519435147415903e-14,3.17967825791568e-19,0.0,0.0,0.0,0.00011580236533118275
2026-08-24T01:06:38.920316,23.61,-1.954029503941696e-09,1.904687372684533e-18,0.0,-3.2593585950202453e-06,0.0,0.0,-1.6296792975094012e-06,0.9999999999986721,1.4986254887906027e-14,3.1615487019815256e-19,0.0,0.0,0.0,0.00028460017268479873
2026-08-24T01:06:38.947478,23.63,-1.954029515207799e-09,1.9046644537384127e-18,0.0,-6.744571798833476e-07,0.0,0.0,-3.372285899416674e-07,0.9999999999999432,1.4786539470236793e-14,3.138469891591808e-19,0.0,0.0,0.0,-0.00017469885883705474
2026-08-24T01:06:38.970015,23.65,-1.954029526338259e-09,1.904639042096672e-18,0.0,-1.1866529749937627e-06,0.0,0.0,-5.933264874968465e-07,0.999999999999824,1.4592834335764317e-14,3.112894525902695e-19,0.0,0.0,0.0,-8.286050445721312e-06
2026-08-24T01:06:38.999663,23.67,-1.9540295378213193e-09,1.904615155976068e-18,0.0,1.747019981568343e-06,0.0,0.0,8.735099907840604e-07,0.9999999999996185,1.438970468222814e-14,3.0888484366520475e-19,0.0,0.0,0.0,0.00019413728220346962
2026-08-24T01:06:39.024849,23.69,-1.9540295488878523e-09,1.9045978370036975e-18,0.0,2.963291356739007e-06,0.0,0.0,1.481645678368961e-06,0.9999999999989023,1.4220857029072814e-14,3.0713835786272077e-19,0.0,0.0,0.0,-0.0001376106612557346
2026-08-24T01:06:39.053851,23.71,-1.9540295602121415e-09,1.9045777800230807e-18,0.0,-2.0503645581371188e-07,0.0,0.0,-1.0251822790685576e-07,0.9999999999999948,1.4028186177426505e-14,3.05117584287826e-19,0.0,0.0,0.0,0.00016237119197632123
2026-08-24T01:06:39.081190,23.73,-1.954029571919205e-09,1.904557228835628e-18,0.0,-1.6150881712029275e-06,0.0,0.0,-8.07544085601376e-07,0.9999999999996739,1.3830446018257897e-14,3.030473704081159e-19,0.0,0.0,0.0,-0.00012331306610783004
2026-08-24T01:06:39.107197,23.75,-1.9540295838129125e-09,1.904531258994207e-18,0.0,1.1791321683496394e-06,0.0,0.0,5.895660841747854e-07,0.9999999999998263,1.3633401365743427e-14,3.004343062670385e-19,0.0,0.0,0.0,0.00029913278082185945
2026-08-24T01:06:39.138864,23.77,-1.9540295956789892e-09,1.904514110438399e-18,0.0,2.7404467140002003e-07,0.0,0.0,1.3702233570000957e-07,0.9999999999999906,1.3455089657237342e-14,2.987051708279067e-19,0.0,0.0,0.0,-0.00016002547829979558
2026-08-24T01:06:39.162437,23.79,-1.9540296074613755e-09,1.9044901508155885e-18,0.0,-1.956476904485527e-06,0.0,0.0,-9.782384522426073e-07,0.9999999999995215,1.3282429860188296e-14,2.9629371559841816e-19,0.0,0.0,0.0,-4.031722641697393e-05
2026-08-24T01:06:39.190225,23.81,-1.954029619181513e-09,1.9044648629379313e-18,0.0,-8.300952152318075e-07,0.0,0.0,-4.1504760761589185e-07,0.9999999999999138,1.3109367255782372e-14,2.9374932713897567e-19,0.0,0.0,0.0,-9.14039820638639e-05
2026-08-24T01:06:39.217460,23.83,-1.95402963095129e-09,1.9044404587447798e-18,0.0,2.254474017249209e-06,0.0,0.0,1.1272370086243655e-06,0.9999999999993646,1.2939020382140252e-14,2.912935549437598e-19,0.0,0.0,0.0,0.00023639031888452282
2026-08-24T01:06:39.245176,23.86,-1.954029715091991e-09,1.901539186015135e-18,0.0,-1.6815140391202021e-09,0.0,0.0,-8.407570195601011e-10,1.0,-5.633528711820263e-16,2.8477117184845145e-19,0.0,0.0,0.0,1.827977531881409e-05
2026-08-24T01:06:39.273556,23.87,-1.9540296549999143e-09,1.9043980655893067e-18,0.0,-2.3497707912767399e-07,0.0,0.0,-1.1748853956383672e-07,0.9999999999999931,1.258176820242266e-14,2.8702496158374717e-19,0.0,0.0,0.0,1.605527931688076e-05
2026-08-24T01:06:39.296322,23.89,-1.9540296671067775e-09,1.90437569034398e-18,0.0,-1.1352746827064662e-06,0.0,0.0,-5.676373413532027e-07,0.9999999999998389,1.2420204890127698e-14,2.8477270067879687e-19,0.0,0.0,0.0,-0.00026790541374685815
2026-08-24T01:06:39.322043,23.91,-1.9540296793970436e-09,1.9043491242227024e-18,0.0,1.2998861098623138e-08,0.0,0.0,6.499430549311569e-09,1.0,1.2255409750315605e-14,2.821006201890906e-19,0.0,0.0,0.0,0.00010706704175893569
2026-08-24T01:06:39.352542,23.93,-1.9540296918418762e-09,1.904328148677599e-18,0.0,-1.3472969344618948e-06,0.0,0.0,-6.736484672308964e-07,0.9999999999997731,1.2081717559455972e-14,2.7998875167293994e-19,0.0,0.0,0.0,9.448469119743385e-05
2026-08-24T01:06:39.378163,23.95,-1.954029704365488e-09,1.9043054611956227e-18,0.0,3.084104142292432e-06,0.0,0.0,1.5420520711456049e-06,0.9999999999988111,1.1918685513230333e-14,2.7770543137130714e-19,0.0,0.0,0.0,6.783801212422474e-05
2026-08-24T01:06:39.403049,23.97,-1.954029716962651e-09,1.9042875745219713e-18,0.0,-1.2604053734044387e-06,0.0,0.0,-6.302026867021775e-07,0.9999999999998014,1.1753145935264637e-14,2.7590317019911155e-19,0.0,0.0,0.0,7.100225893713223e-05
2026-08-24T01:06:39.428866,23.99,-1.9540297299957338e-09,1.904264747789077e-18,0.0,3.759330432728802e-06,0.0,0.0,1.8796652163632943e-06,0.9999999999982334,1.1578999428074638e-14,2.736059973868886e-19,0.0,0.0,0.0,0.00014834686917773837
2026-08-24T01:06:39.456903,24.01,-1.9540297428707946e-09,1.904248353580409e-18,0.0,8.465189069717383e-07,0.0,0.0,4.232594534858565e-07,0.9999999999999104,1.1426397245259767e-14,2.719534002758626e-19,0.0,0.0,0.0,0.00013405273928728198
2026-08-24T01:06:39.482357,24.03,-1.9540297559960652e-09,1.904228494005019e-18,0.0,-1.5784217639591702e-06,0.0,0.0,-7.892108819795032e-07,0.9999999999996886,1.1268428335717387e-14,2.699536594939395e-19,0.0,0.0,0.0,-0.00018007716365695559
2026-08-24T01:06:39.507444,24.05,-1.954029765204099e-09,1.9042028283142515e-18,0.0,-1.4629619795591966e-06,0.0,0.0,-7.31480989779533e-07,0.9999999999997324,1.1311063646754426e-14,2.673729481450126e-19,0.0,0.0,0.0,-8.796265732262e-05
2026-08-24T01:06:39.538565,24.07,-1.9540297738036177e-09,1.9041783337620033e-18,0.0,-9.651909889107912e-07,0.0,0.0,-4.825954944553769e-07,0.9999999999998835,1.1187022814199724e-14,2.6490978192273404e-19,0.0,0.0,0.0,-0.00028371042701434034
2026-08-24T01:06:39.564040,24.08,-1.954029835800487e-09,1.9015393884174833e-18,0.0,-1.682441297390369e-09,0.0,0.0,-8.412206486951845e-10,1.0,-3.969316752586624e-16,2.603301496603771e-19,0.0,0.0,0.0,-0.00011952840663627623
2026-08-24T01:06:39.592097,24.11,-1.9540297907638635e-09,1.904130088873494e-18,0.0,1.95575024664052e-06,0.0,0.0,9.77875123320104e-07,0.9999999999995218,1.0924608204520269e-14,2.6005832870937974e-19,0.0,0.0,0.0,0.0002199934993726593
2026-08-24T01:06:39.617353,24.12,-1.954029851526544e-09,1.9015394142326387e-18,0.0,-1.6758110454873076e-09,0.0,0.0,-8.379055227436538e-10,1.0,-4.158138600146689e-16,2.563402318757869e-19,0.0,0.0,0.0,-0.00026883234726120356
2026-08-24T01:06:39.643711,24.15,-1.9540298084548484e-09,1.904090452345959e-18,0.0,-2.965241623353877e-06,0.0,0.0,-1.4826208116763948e-06,0.9999999999989009,1.0611053882467369e-14,2.5606956215497375e-19,0.0,0.0,0.0,0.00024105711439914124
2026-08-24T01:06:39.674837,24.17,-1.954029817272226e-09,1.904068028741351e-18,0.0,-4.471251013882238e-07,0.0,0.0,-2.2356255069411005e-07,0.999999999999975,1.0468978894192457e-14,2.538142799744217e-19,0.0,0.0,0.0,-6.48518966804726e-05
2026-08-24T01:06:39.699413,24.19,-1.954029825910967e-09,1.9040453055308564e-18,0.0,-2.1255921258678252e-06,0.0,0.0,-1.0627960629337127e-06,0.9999999999994352,1.0331263409077037e-14,2.515290837058292e-19,0.0,0.0,0.0,-6.158644115588567e-05
2026-08-24T01:06:39.724870,24.21,-1.9540298346461064e-09,1.9040210756814777e-18,0.0,1.231620085917484e-06,0.0,0.0,6.158100429587031e-07,0.9999999999998104,1.0198162816335928e-14,2.490930263547382e-19,0.0,0.0,0.0,0.00023533133757744763
2026-08-24T01:06:39.756102,24.23,-1.954029843228374e-09,1.9040029051675725e-18,0.0,-7.964155668283014e-07,0.0,0.0,-3.982077834141401e-07,0.9999999999999207,1.0078803493810623e-14,2.4726416142356696e-19,0.0,0.0,0.0,-0.00032264519090017705
2026-08-24T01:06:39.783144,24.25,-1.954029852283616e-09,1.9039777735716035e-18,0.0,-2.1146216022671638e-07,0.0,0.0,-1.0573108011335799e-07,0.9999999999999944,9.921338220649975e-15,2.4473785141232543e-19,0.0,0.0,0.0,-0.00026720877617704083
2026-08-24T01:06:39.808208,24.27,-1.9540298608399497e-09,1.903953860810286e-18,0.0,-8.522993510950981e-07,0.0,0.0,-4.261496755475362e-07,0.9999999999999092,9.813089884931905e-15,2.423338457586155e-19,0.0,0.0,0.0,0.00010226756258066821
2026-08-24T01:06:39.836085,24.29,-1.9540298694510322e-09,1.903932730906824e-18,0.0,-7.716962393544691e-07,0.0,0.0,-3.8584811967722495e-07,0.9999999999999256,9.683652950625898e-15,2.402087374790729e-19,0.0,0.0,0.0,0.00018688427173768672
2026-08-24T01:06:39.867740,24.31,-1.9540298779602847e-09,1.903912475322969e-18,0.0,3.473644665241693e-07,0.0,0.0,1.7368223326208378e-07,0.9999999999999849,9.560470722419059e-15,2.3817131209162447e-19,0.0,0.0,0.0,0.0002772735776476827
2026-08-24T01:06:39.894987,24.33,-1.954029886551208e-09,1.9038940479424154e-18,0.0,-2.4158673266327928e-06,0.0,0.0,-1.2079336633161025e-06,0.9999999999992705,9.427864527696454e-15,2.36317115151469e-19,0.0,0.0,0.0,-2.2999406541139865e-05
2026-08-24T01:06:39.921071,24.34,-1.954029939560121e-09,1.9015395619136043e-18,0.0,-1.6814780678942043e-09,0.0,0.0,-8.407390339471021e-10,1.0,-3.976021833693318e-16,2.3226590775777314e-19,0.0,0.0,0.0,-8.103960072094081e-05
2026-08-24T01:06:39.950358,24.37,-1.9540299034209023e-09,1.903848033832593e-18,0.0,-3.5687349519974987e-07,0.0,0.0,-1.7843674759987398e-07,0.9999999999999841,9.193068748274647e-15,2.3169133197912845e-19,0.0,0.0,0.0,8.239123891814263e-05
2026-08-24T01:06:39.977586,24.39,-1.9540299118161866e-09,1.9038275530689972e-18,0.0,-1.7316181377680095e-08,0.0,0.0,-8.658090688840048e-09,1.0,9.073210516904182e-15,2.2963168517733446e-19,0.0,0.0,0.0,-0.00020901325170099357
2026-08-24T01:06:40.005158,24.41,-1.9540299204421807e-09,1.9038050754470554e-18,0.0,-2.0462560379463923e-06,0.0,0.0,-1.0231280189730177e-06,0.9999999999994766,8.949523353874608e-15,2.273719985500482e-19,0.0,0.0,0.0,-0.0001906889621158578
2026-08-24T01:06:40.033583,24.43,-1.9540299286889167e-09,1.9037811605420884e-18,0.0,3.199828177091746e-06,0.0,0.0,1.5999140885451904e-06,0.9999999999987201,8.843198049828292e-15,2.249684682810611e-19,0.0,0.0,0.0,-0.00010474512929774422
2026-08-24T01:06:40.061326,24.45,-1.9540299374278867e-09,1.90376249920791e-18,0.0,3.4145190879186767e-06,0.0,0.0,1.707259543958509e-06,0.9999999999985426,8.710802619245354e-15,2.230912771458873e-19,0.0,0.0,0.0,-1.769729945888071e-05
2026-08-24T01:06:40.088171,24.47,-1.9540299461858873e-09,1.903744726164554e-18,0.0,-2.1936351846107982e-07,0.0,0.0,-1.0968175923053969e-07,0.999999999999994,8.583904811984863e-15,2.213031559694342e-19,0.0,0.0,0.0,0.000269908306485324
2026-08-24T01:06:40.115137,24.49,-1.954029954773317e-09,1.9037262005035974e-18,0.0,1.6021069133564936e-06,0.0,0.0,8.010534566781611e-07,0.9999999999996791,8.473556193799417e-15,2.19439739453639e-19,0.0,0.0,0.0,-0.00032210093397678363
2026-08-24T01:06:40.142367,24.51,-1.9540299631510684e-09,1.903704693074402e-18,0.0,-3.753693946784154e-06,0.0,0.0,-1.876846973390975e-06,0.9999999999982387,8.374279446043332e-15,2.172776592923655e-19,0.0,0.0,0.0,0.000191718053872359
2026-08-24T01:06:40.172224,24.53,-1.954029971218479e-09,1.9036828939936057e-18,0.0,3.925961493678188e-07,0.0,0.0,1.962980746839081e-07,0.9999999999999807,8.287305994291598e-15,2.1508652591797064e-19,0.0,0.0,0.0,0.00010944906550245118
2026-08-24T01:06:40.196396,24.55,-1.9540299796872774e-09,1.903663885565811e-18,0.0,1.2682661050256174e-06,0.0,0.0,6.341330525127661e-07,0.9999999999997989,8.16387990139972e-15,2.1317496372417431e-19,0.0,0.0,0.0,2.0801028630891216e-05
2026-08-24T01:06:40.222373,24.57,-1.954029988188416e-09,1.903644973125263e-18,0.0,-3.4386782798989657e-07,0.0,0.0,-1.7193391399494744e-07,0.9999999999999852,8.047906259108987e-15,2.1127308573148004e-19,0.0,0.0,0.0,0.0002464852917982676
2026-08-24T01:06:40.250968,24.59,-1.9540299965297446e-09,1.903626509702735e-18,0.0,8.619723246283684e-08,0.0,0.0,4.3098616231418405e-08,0.9999999999999991,7.943094216080834e-15,2.0941630139192898e-19,0.0,0.0,0.0,-0.000172932751171874
2026-08-24T01:06:40.279791,24.61,-1.954030004698856e-09,1.90360544599594e-18,0.0,1.512201270870151e-07,0.0,0.0,7.561006354350746e-08,0.9999999999999971,7.846785284054899e-15,2.072990759137754e-19,0.0,0.0,0.0,3.608643458977963e-05
2026-08-24T01:06:40.311359,24.63,-1.954030012956995e-09,1.9035860304632154e-18,0.0,4.801938979781539e-07,0.0,0.0,2.4009694898907463e-07,0.9999999999999711,7.745816137090888e-15,2.0534705317121893e-19,0.0,0.0,0.0,-0.00013373859033539415
2026-08-24T01:06:40.334969,24.64,-1.9540300576275e-09,1.9015397595655714e-18,0.0,-1.6799872604167376e-09,0.0,0.0,-8.399936302083688e-10,1.0,-3.9745705434158325e-16,2.0190410198320692e-19,0.0,0.0,0.0,-2.3889208778391576e-06
2026-08-24T01:06:40.364023,24.67,-1.9540300299082616e-09,1.90354635811178e-18,0.0,-4.6374557971518016e-08,0.0,0.0,-2.3187278985759005e-08,0.9999999999999998,7.530325675418572e-15,2.013588414272421e-19,0.0,0.0,0.0,-8.901530556989027e-05
2026-08-24T01:06:40.390911,24.69,-1.9540300380350303e-09,1.903526247239947e-18,0.0,1.0280750242230852e-06,0.0,0.0,5.140375121115199e-07,0.9999999999998679,7.451203412150508e-15,1.993373717930139e-19,0.0,0.0,0.0,-4.489886927131384e-05
2026-08-24T01:06:40.420833,24.71,-1.954030046228732e-09,1.9035073179621972e-18,0.0,-2.4960799378526133e-06,0.0,0.0,-1.2480399689259827e-06,0.9999999999992212,7.350074152857277e-15,1.9743434436534824e-19,0.0,0.0,0.0,0.0003286935398102974
2026-08-24T01:06:40.451649,24.73,-1.954030054765791e-09,1.903488450873762e-18,0.0,-9.258864048788952e-07,0.0,0.0,-4.62943202439431e-07,0.9999999999998929,7.240055098743422e-15,1.9553756722222143e-19,0.0,0.0,0.0,-0.00030804707971844624
2026-08-24T01:06:40.475755,24.75,-1.9540300628699523e-09,1.9034666415900517e-18,0.0,-3.3284772849029314e-06,0.0,0.0,-1.6642386424506972e-06,0.9999999999986151,7.154817928168182e-15,1.933461241843466e-19,0.0,0.0,0.0,0.0003463638270973808
2026-08-24T01:06:40.505992,24.77,-1.954030071143126e-09,1.903447551672891e-18,0.0,-2.7340423258692686e-07,0.0,0.0,-1.3670211629346298e-07,0.9999999999999907,7.059152443053482e-15,1.914272070072854e-19,0.0,0.0,0.0,0.00014829055402509637
2026-08-24T01:06:40.530354,24.79,-1.9540300799908837e-09,1.903429394226198e-18,0.0,-7.656993918914167e-07,0.0,0.0,-3.82849695945699e-07,0.9999999999999267,6.932559321853175e-15,1.8960165396731965e-19,0.0,0.0,0.0,-0.00015547491933661655
2026-08-24T01:06:40.558742,24.81,-1.9540300880250235e-09,1.90340910022869e-18,0.0,1.6356785548232722e-06,0.0,0.0,8.178392774115449e-07,0.9999999999996656,6.867988942867532e-15,1.8756224310041655e-19,0.0,0.0,0.0,-8.307565603360456e-05
2026-08-24T01:06:40.585440,24.83,-1.9540300963704135e-09,1.9033909921396586e-18,0.0,-2.088781739129075e-06,0.0,0.0,-1.0443908695643477e-06,0.9999999999994547,6.760659000079783e-15,1.8574185558684836e-19,0.0,0.0,0.0,0.00015990452772491877
2026-08-24T01:06:40.613684,24.85,-1.9540301042232783e-09,1.9033720169731374e-18,0.0,3.4330551490491254e-06,0.0,0.0,1.7165275745237193e-06,0.9999999999985267,6.6971176907385086e-15,1.8383474918474063e-19,0.0,0.0,0.0,-0.00022379170191789207
2026-08-24T01:06:40.643613,24.86,-1.9540301436562768e-09,1.9015399035918108e-18,0.0,-1.678277072869605e-09,0.0,0.0,-8.391385364348025e-10,1.0,-3.8679580893250697e-16,1.8084947293461249e-19,0.0,0.0,0.0,-0.00011580695331262419
2026-08-24T01:06:40.670776,24.89,-1.9540301208521088e-09,1.9033346946218e-18,0.0,-3.7677411897085737e-06,0.0,0.0,-1.8838705948531724e-06,0.9999999999982255,6.507112657740611e-15,1.8008345874049588e-19,0.0,0.0,0.0,-0.00015978559175519773
2026-08-24T01:06:40.698133,24.91,-1.954030129062162e-09,1.9033131468322337e-18,0.0,9.836464891499475e-07,0.0,0.0,4.918232445749539e-07,0.9999999999998791,6.421173516637609e-15,1.7791872236618463e-19,0.0,0.0,0.0,0.0001169667655826621
2026-08-24T01:06:40.726871,24.93,-1.9540301372794095e-09,1.9032963635676754e-18,0.0,-6.605824407035498e-06,0.0,0.0,-3.302912203511744e-06,0.9999999999945454,6.3342679124447335e-15,1.7623140280999725e-19,0.0,0.0,0.0,-0.00012683761863484862
2026-08-24T01:06:40.753211,24.95,-1.954030145499749e-09,1.9032735909773756e-18,0.0,-2.2477428949230216e-06,0.0,0.0,-1.1238714474612743e-06,0.9999999999993685,6.249966503010214e-15,1.7394407386202027e-19,0.0,0.0,0.0,5.9476279521009784e-05
2026-08-24T01:06:40.779973,24.97,-1.9540301534890852e-09,1.9032547686522516e-18,0.0,1.4070118621312135e-06,0.0,0.0,7.035059310655486e-07,0.9999999999997525,6.172684997579015e-15,1.7205262348226643e-19,0.0,0.0,0.0,8.64302719881836e-05
2026-08-24T01:06:40.807906,24.99,-1.9540301616427083e-09,1.9032384327426688e-18,0.0,-5.073841742309071e-07,0.0,0.0,-2.5369208711545085e-07,0.9999999999999678,6.0856366591717945e-15,1.704103111234413e-19,0.0,0.0,0.0,0.00022615885403202372
2026-08-24T01:06:40.836828,25.01,-1.9540301701102246e-09,1.903221798073303e-18,0.0,8.048922612857724e-07,0.0,0.0,4.024461306428753e-07,0.9999999999999191,5.995272076089408e-15,1.6873807434143427e-19,0.0,0.0,0.0,9.519523522421257e-06
2026-08-24T01:06:40.865097,25.03,-1.9540301780482124e-09,1.9032048485274066e-18,0.0,-1.2464741412365754e-06,0.0,0.0,-6.232370706182474e-07,0.9999999999998058,5.930698512673332e-15,1.6703442546913857e-19,0.0,0.0,0.0,-0.00024256513333845668
2026-08-24T01:06:40.892651,25.05,-1.954030186136149e-09,1.903185466339215e-18,0.0,1.3864006529473727e-06,0.0,0.0,6.932003264736309e-07,0.9999999999997597,5.852715726114976e-15,1.6508708569188676e-19,0.0,0.0,0.0,0.0001108780312050788
2026-08-24T01:06:40.918934,25.07,-1.954030194396265e-09,1.9031696251835015e-18,0.0,-4.969496629314563e-06,0.0,0.0,-2.4847483146547245e-06,0.999999999996913,5.765903999458868e-15,1.6349455653727478e-19,0.0,0.0,0.0,-2.037220517598677e-05
2026-08-24T01:06:40.944278,25.09,-1.9540302023790167e-09,1.9031495837357924e-18,0.0,-5.789352996998787e-09,0.0,0.0,-2.8946764984993933e-09,1.0,5.6927576405941324e-15,1.6148130010551692e-19,0.0,0.0,0.0,1.7242253762322548e-05
2026-08-24T01:06:40.974853,25.11,-1.9540302103216595e-09,1.903132702957955e-18,0.0,1.4749380268241907e-06,0.0,0.0,7.374690134120286e-07,0.9999999999997281,5.626634318166723e-15,1.597847698403411e-19,0.0,0.0,0.0,6.09852287322303e-05
2026-08-24T01:06:41.006688,25.13,-1.9540302183585303e-09,1.903116974034484e-18,0.0,-3.318858698975191e-08,0.0,0.0,-1.6594293494875956e-08,0.9999999999999999,5.547046108972892e-15,1.58203681302722e-19,0.0,0.0,0.0,-0.00023793004268742957
2026-08-24T01:06:41.031948,25.14,-1.9540302518989753e-09,1.9015400849123754e-18,0.0,-1.6812831127310801e-09,0.0,0.0,-8.406415563655401e-10,1.0,-3.8682134626460793e-16,1.5539514338525936e-19,0.0,0.0,0.0,-5.188618831941712e-05
2026-08-24T01:06:41.063550,25.18,-1.9540302673076457e-09,1.901540110736148e-18,0.0,-1.6821255499621657e-09,0.0,0.0,-8.410627749810828e-10,1.0,-3.7952202960871565e-16,1.518414393587148e-19,0.0,0.0,0.0,-0.0002571958517367771
2026-08-24T01:06:41.088064,25.19,-1.954030242578879e-09,1.9030633609155675e-18,0.0,2.8811144563434254e-06,0.0,0.0,1.4405572281712145e-06,0.9999999999989624,5.325275408703916e-15,1.5281686304033562e-19,0.0,0.0,0.0,-0.00014061350522087261
2026-08-24T01:06:41.112827,25.2,-1.9540302710185438e-09,1.9015401168263176e-18,0.0,-1.6780439260344338e-09,0.0,0.0,-8.390219630172169e-10,1.0,-3.710667811715639e-16,1.502892250030537e-19,0.0,0.0,0.0,-4.7383423218348215e-05
2026-08-24T01:06:41.143180,25.23,-1.95403025868998e-09,1.903031065228904e-18,0.0,-5.78415985774683e-07,0.0,0.0,-2.892079928873374e-07,0.9999999999999581,5.1734680972118275e-15,1.495712175950918e-19,0.0,0.0,0.0,0.00015329762409100226
2026-08-24T01:06:41.175321,25.25,-1.954030266755637e-09,1.903015361358291e-18,0.0,-1.1029226265613092e-06,0.0,0.0,-5.514613132806266e-07,0.9999999999998479,5.104078067488509e-15,1.479929515818637e-19,0.0,0.0,0.0,1.3242887916160037e-05
2026-08-24T01:06:41.203810,25.27,-1.95403027477299e-09,1.902998849924765e-18,0.0,-2.024752349338854e-06,0.0,0.0,-1.012376174669254e-06,0.9999999999994875,5.035115039408906e-15,1.4633382793265985e-19,0.0,0.0,0.0,0.0001673751446644905
2026-08-24T01:06:41.234338,25.3,-1.9540303132188952e-09,1.9015401875533962e-18,0.0,-1.6785692835696864e-09,0.0,0.0,-8.392846417848432e-10,1.0,-3.6769750374618575e-16,1.4228032096821667e-19,0.0,0.0,0.0,-0.0001907579097949756
2026-08-24T01:06:41.262622,25.31,-1.954030290456225e-09,1.9029674358806074e-18,0.0,-5.502041249272337e-07,0.0,0.0,-2.751020624636134e-07,0.9999999999999621,4.9202315469698366e-15,1.431769740704552e-19,0.0,0.0,0.0,1.7725083351954635e-05
2026-08-24T01:06:41.291830,25.33,-1.9540302985886452e-09,1.902951584225543e-18,0.0,9.249653141196746e-07,0.0,0.0,4.624826570598208e-07,0.9999999999998931,4.834974601126112e-15,1.4158408734530716e-19,0.0,0.0,0.0,-6.46405280495485e-05
2026-08-24T01:06:41.320106,25.35,0.006972020228344402,1.483947855087858e-05,0.0,0.002821896650892608,0.0,0.0,0.0014109478572995335,0.9999990046125766,0.3502423169858471,5.778846610698294e-06,0.0,0.0,0.0,0.00033071326281679074
2026-08-24T01:06:41.344454,25.37,0.016024271115907696,9.609218577732786e-05,0.0,0.0095238205985706,0.0,0.0,0.004761892302626285,0.9999886621265754,0.4552882177175727,2.286541166709529e-05,0.0,0.0,0.0,0.024020728632729273
2026-08-24T01:06:41.371015,25.39,0.02569969858656979,0.00025898350382578145,0.0,0.01736338298376783,0.0,0.0,0.008681582433223298,0.9999623143531235,0.4867748381053862,4.399129601664953e-05,0.0,0.0,0.0,0.0542900440586112
2026-08-24T01:06:41.400276,25.41,0.03556070136246759,0.000504409879997194,0.0,0.025441063398902845,0.0,0.0,0.012720188646603077,0.9999190951275982,0.4961940156282651,6.635947162962964e-05,0.0,0.0,0.0,0.05464617644200391
2026-08-24T01:06:41.428346,25.43,0.045475524331210354,0.000832062582009079,0.0,0.033559362548705625,0.0,0.0,0.016778893877349793,0.9998592244512488,0.4989932972751261,8.876455039480287e-05,0.0,0.0,0.0,0.054509004659373604
2026-08-24T01:06:41.456980,25.45,0.055404186053403894,0.0012412306057269203,0.0,0.04170436164027791,0.0,0.0,0.020850669718228826,0.9997826011550218,0.4998069428874782,0.00011093017814879809,0.0,0.0,0.0,0.05505148577722342
2026-08-24T01:06:41.488054,25.47,0.06533423031085901,0.001731621443232785,0.0,0.049861162799208714,0.0,0.0,0.02492799894632471,0.999689249151221,0.5000252262454723,0.00013280044025784418,0.0,0.0,0.0,0.05462952454583156
2026-08-24T01:06:41.510234,25.49,0.0752614588977131,0.002303082687966481,0.0,0.058016165154765265,0.0,0.0,0.029004014515539304,0.9995792950746741,0.5000652253517834,0.00015430905327821714,0.0,0.0,0.0,0.05537612908156085
2026-08-24T01:06:41.537333,25.51,0.08518415057274198,0.0029555285622618562,0.0,0.06617800759926727,0.0,0.0,0.03308296603678099,0.9994526088605749,0.500052059529324,0.00017549820409925045,0.0,0.0,0.0,0.05519915343037804
2026-08-24T01:06:41.565812,25.52,0.09012882509634293,0.0033193772003513606,0.0,0.07378104817691344,0.0,0.0,0.036882157205897464,0.9993196217826604,0.4972192973735969,0.00019560581760183452,0.0,0.0,0.0,0.05522020956234356
2026-08-24T01:06:41.590303,25.55,0.10501223742965414,0.004503085014984127,0.0,0.08249070649443936,0.0,0.0,0.04123365995262076,0.9991495309946913,0.49999008396395206,0.00021679630903691108,0.0,0.0,0.0,0.055168296517914224
2026-08-24T01:06:41.619895,25.57,0.11491619151065086,0.005398068007978607,0.0,0.0906428272478741,0.0,0.0,0.04530589995607072,0.9989731605149212,0.4999559025165927,0.00023692914820440264,0.0,0.0,0.0,0.05533705340517229
2026-08-24T01:06:41.645056,25.59,0.12481252514698903,0.0063737550824367216,0.0,0.09879153716847666,0.0,0.0,0.04937568389998142,0.9987802770576766,0.49992172415174746,0.0002567367863972251,0.0,0.0,0.0,0.055321008555199336
2026-08-24T01:06:41.670914,25.6,0.1297435125707759,0.006897896788200061,0.0,0.10639249033967292,0.0,0.0,0.0531711592380524,0.9985854133849952,0.4972222090994122,0.0002752270103923333,0.0,0.0,0.0,0.05566996115697699
2026-08-24T01:06:41.707101,25.63,0.1445796988826588,0.008566920984206559,0.0,0.11509720321855044,0.0,0.0,0.0575168415606452,0.9983445361882278,0.4998543581235389,0.0002953501289127334,0.0,0.0,0.0,0.05556674578611819
2026-08-24T01:06:41.732556,25.65,0.15444922701046762,0.009784238206764806,0.0,0.12324680412600751,0.0,0.0,0.061584407567907416,0.9981018789404766,0.49982127825077377,0.00031417852829440044,0.0,0.0,0.0,0.05396141737840773
2026-08-24T01:06:41.760781,25.67,0.1643085599309511,0.011081547006981702,0.0,0.13133192740964808,0.0,0.0,0.06561878173356499,0.9978447652234304,0.4997886107222963,0.00033263953927763754,0.0,0.0,0.0,0.055789922448022104
2026-08-24T01:06:41.788246,25.69,0.17415710269583273,0.012458373694567173,0.0,0.13944083238146154,0.0,0.0,0.0696639454989601,0.9975705161528773,0.4997563527746524,0.0003505798238434368,0.0,0.0,0.0,0.024215466577494633
2026-08-24T01:06:41.817327,25.71,0.1839952868338671,0.01390736295680546,0.0,0.14617236924461485,0.0,0.0,0.07302113592110017,0.9973303934548431,0.49972449997754803,0.00036756157471186244,0.0,0.0,0.0,0.02392717526916004
2026-08-24T01:06:41.847834,25.73,0.19382508519640554,0.01541206825602354,0.0,0.1521200708779311,0.0,0.0,0.07598672046299657,0.9971088297238564,0.49969304747628157,0.0003787611834274275,0.0,0.0,0.0,0.02362997170169329
2026-08-24T01:06:41.873144,25.75,0.20364578574234662,0.0169750592105669,0.0,0.15804329953409682,0.0,0.0,0.07893943469724231,0.9968794137957107,0.49966199028493913,0.0003897558269821307,0.0,0.0,0.0,0.0235304303556169
2026-08-24T01:06:41.904246,25.77,0.2134571022724201,0.01859591941006835,0.0,0.16393778697527095,0.0,0.0,0.08187713419289527,0.9966424308127557,0.49963132346085337,0.0004004463407324309,0.0,0.0,0.0,0.024106248812502677
2026-08-24T01:06:41.928969,25.79,0.2232587064306042,0.020274519782475384,0.0,0.16983541117536663,0.0,0.0,0.08481568521232771,0.9963966577332359,0.4996010421029113,0.00041092970204136177,0.0,0.0,0.0,0.016364971237979642
2026-08-24T01:06:41.957050,25.81,0.23189721948247316,0.021804890910821904,0.0,0.1753467805443636,0.0,0.0,0.08756111471022182,0.996159149529182,0.44073155021482024,0.0004181856062198956,0.0,0.0,0.0,0.020222481239815366
2026-08-24T01:06:41.980055,25.82,0.23603199055643406,0.022554532169567647,0.0,0.18022859658779833,0.0,0.0,0.08999238430885949,0.9959424535415721,0.42120837583128967,0.00042231356890115883,0.0,0.0,0.0,0.020148446119474885
2026-08-24T01:06:42.004449,25.84,0.24426418578689263,0.024075572255538746,0.0,0.18518467428527027,0.0,0.0,0.09246008956707308,0.9957163912667346,0.41594585102476966,0.0004272729958496559,0.0,0.0,0.0,0.020099633206627828
2026-08-24T01:06:42.035185,25.87,0.2564969655386074,0.02642076165577935,0.0,0.19185947249243857,0.0,0.0,0.09578267146927621,0.9954022703642024,0.4161246647580525,0.0004342689103816075,0.0,0.0,0.0,0.054266207973493075
2026-08-24T01:06:42.059538,25.89,0.2646119302139135,0.028054334365335106,0.0,0.19916595939177295,0.0,0.0,0.09941847103844469,0.9950457113200267,0.4156259688860925,0.0004446946120593233,0.0,0.0,0.0,0.05716928834491023
2026-08-24T01:06:42.087667,25.91,0.2727118992990274,0.029746922247286926,0.0,0.20656729595959034,0.0,0.0,0.10310011597397087,0.9946709838364411,0.41546121083039317,0.0004549249828518503,0.0,0.0,0.0,0.05678800119367199
2026-08-24T01:06:42.119287,25.93,0.2807981562174034,0.03149985585028376,0.0,0.21402715083856316,0.0,0.0,0.10680944078519045,0.9942795096747971,0.41539682453697174,0.00046529849302015763,0.0,0.0,0.0,0.057057923700462115
2026-08-24T01:06:42.150930,25.95,0.2888708674863452,0.033312989279635635,0.0,0.22148406587832573,0.0,0.0,0.11051581871158457,0.993874365206442,0.41536273779947996,0.00047548352080442505,0.0,0.0,0.0,0.05710021356355332
2026-08-24T01:06:42.172532,25.97,0.29692975417841844,0.03518627788884962,0.0,0.22894366520406487,0.0,0.0,0.1142219936747585,0.9934552512121336,0.41533792659181434,0.00048549513746366655,0.0,0.0,0.0,0.025146187326136195
2026-08-24T01:06:42.198675,25.99,0.304976023959059,0.03711294599656205,0.0,0.2349802829544783,0.0,0.0,0.1172200236321653,0.9931059691994981,0.41531608136661696,0.0004945610353124391,0.0,0.0,0.0,0.0247646032727141
2026-08-24T01:06:42.225386,26.01,0.3130126322505028,0.03907944981578533,0.0,0.2402107658573449,0.0,0.0,0.11981683170564764,0.9927960147180389,0.41529530697530387,0.0004988618495416951,0.0,0.0,0.0,0.02419560132653785
2026-08-24T01:06:42.255103,26.03,0.32103890994033385,0.04108769732954652,0.0,0.2454036515819165,0.0,0.0,0.12239416306216938,0.9924815710371206,0.41527503257425746,0.0005029784659493516,0.0,0.0,0.0,0.024109952312446132
2026-08-24T01:06:42.278538,26.05,0.3290546994311629,0.04313740838802367,0.0,0.25057451470351216,0.0,0.0,0.12495974431173563,0.9921618125595973,0.4152550846750224,0.0005069285916926686,0.0,0.0,0.0,0.02410546333301051
2026-08-24T01:06:42.306050,26.07,0.33705980153707354,0.04522847271848645,0.0,0.2557397343184378,0.0,0.0,0.12752169155839257,0.9918357818621418,0.41523540901061284,0.0005107577977663503,0.0,0.0,0.0,0.02392233454123666
2026-08-24T01:06:42.332064,26.09,0.34505399951012466,0.047360848102773224,0.0,0.26090157122305296,0.0,0.0,0.1300811112678554,0.9915033557640235,0.4152159871102449,0.0005144958988740779,0.0,0.0,0.0,0.02411200336234378
2026-08-24T01:06:42.360783,26.11,0.35303708193636263,0.04953447126587516,0.0,0.2660660885660461,0.0,0.0,0.13264099286662706,0.9911641473597375,0.41519681126960106,0.0005181589183402735,0.0,0.0,0.0,0.02416195333185897
2026-08-24T01:06:42.390653,26.13,0.361008837004495,0.0517492806193251,0.0,0.27123326434101,0.0,0.0,0.13520130701925492,0.9908181501064084,0.4151778770414283,0.0005217364047744411,0.0,0.0,0.0,0.02432186382151351
2026-08-24T01:06:42.415650,26.15,0.36896905225636767,0.054005217027328724,0.0,0.2763930777645234,0.0,0.0,0.1377570726349818,0.9904660463332604,0.41515918098243265,0.0005252268233811006,0.0,0.0,0.0,0.062350923556235595
2026-08-24T01:06:42.447517,26.17,0.37691517965248805,0.05631027385541571,0.0,0.2832991879256075,0.0,0.0,0.1411763783731007,0.9899844595696717,0.4151407199821297,0.0005295568225812757,0.0,0.0,0.0,0.06397059946011312
2026-08-24T01:06:42.469945,26.18,0.3808732820983284,0.05748821481920224,0.0,0.29052228990383977,0.0,0.0,0.14475082925285046,0.9894681386637025,0.41369048191815166,0.0005377570303474991,0.0,0.0,0.0,0.06382529023076443
2026-08-24T01:06:42.495802,26.21,0.3927523208431389,0.061106079539190256,0.0,0.29754519651697064,0.0,0.0,0.14822440086992122,0.9889537537148807,0.41510449121965187,0.0005482935110470548,0.0,0.0,0.0,0.02954625744693346
2026-08-24T01:06:42.523964,26.23,0.4006496369576948,0.06357321340122532,0.0,0.3030643413037191,0.0,0.0,0.15095292250139963,0.9885409527117662,0.4150867176675827,0.0005522540785801208,0.0,0.0,0.0,0.02928120017730787
2026-08-24T01:06:42.554086,26.25,0.4085333257044387,0.0660835542678625,0.0,0.3085552764264987,0.0,0.0,0.1536663573002403,0.9881227912734707,0.41506916751711487,0.0005559334766409813,0.0,0.0,0.0,0.029789011566219256
2026-08-24T01:06:42.580982,26.27,0.41640310355337345,0.06863717338693691,0.0,0.3140564021003263,0.0,0.0,0.15638366641272844,0.9876963849682312,0.41505183796432493,0.0005595335669016937,0.0,0.0,0.0,0.0297727658185154
2026-08-24T01:06:42.608297,26.29,0.4242586967339157,0.07123410346696077,0.0,0.31956052709103,0.0,0.0,0.159101272946703,0.9872622675595065,0.4150347262364223,0.0005630857858793228,0.0,0.0,0.0,0.029958869794676636
2026-08-24T01:06:42.634213,26.31,0.4320998730642693,0.07387424709067275,0.0,0.32506618017039157,0.0,0.0,0.16181842844727515,0.9868205491450075,0.4150178295955954,0.000566565972380073,0.0,0.0,0.0,0.02985602657138872
2026-08-24T01:06:42.661571,26.33,0.43992639513359727,0.07655752331164424,0.0,0.3305778676254772,0.0,0.0,0.164537333746763,0.9863708561203065,0.41500114533822385,0.0005699643699282891,0.0,0.0,0.0,0.029656143059433718
2026-08-24T01:06:42.685287,26.35,0.4477380264082841,0.0792838486835263,0.0,0.3360822271249364,0.0,0.0,0.1672513770725817,0.9859142847465621,0.41498467079474005,0.0005732645820563067,0.0,0.0,0.0,0.02994698639139873
2026-08-24T01:06:42.712488,26.37,0.4555345307857546,0.082053138626975,0.0,0.3415878888730819,0.0,0.0,0.16996479520536026,0.9854501349083067,0.4149684033291295,0.0005764971812273147,0.0,0.0,0.0,0.030327084997316067
2026-08-24T01:06:42.738785,26.39,0.4633156729324188,0.08486530649764659,0.0,0.3470940572785653,0.0,0.0,0.17267717485579845,0.9849784735129088,0.4149523403385111,0.0005796614979531793,0.0,0.0,0.0,0.029738324481610574
2026-08-24T01:06:42.765342,26.41,0.47108121858176905,0.0877202628538113,0.0,0.3526018588108348,0.0,0.0,0.17538904961121154,0.9844992032888985,0.41493647925272575,0.00058273259029214,0.0,0.0,0.0,0.030054315963200646
2026-08-24T01:06:42.796290,26.43,0.4788309336165204,0.09061791803345047,0.0,0.35810373403574447,0.0,0.0,0.17809667844133112,0.9840129943898938,0.41492081753391713,0.000585728258719494,0.0,0.0,0.0,0.02986120213064101
2026-08-24T01:06:42.818547,26.45,0.48656458339917447,0.09355818387976417,0.0,0.36360801908081436,0.0,0.0,0.18080414454982635,0.983519120970002,0.41490535267612344,0.0005886524164358571,0.0,0.0,0.0,0.03979888424473602
2026-08-24T01:06:42.845898,26.47,0.4942812009678749,0.09654286344950501,0.0,0.36953725983934765,0.0,0.0,0.18371910656728305,0.9829787840447622,0.41489008220649143,0.0005917430531390798,0.0,0.0,0.0,0.03984567992062813
2026-08-24T01:06:42.872923,26.49,0.5019790227410873,0.09957570080165673,0.0,0.3757063029695664,0.0,0.0,0.18675024704060555,0.9824074232365474,0.4148750036768775,0.0005961071319763784,0.0,0.0,0.0,0.10493291740827199
2026-08-24T01:06:42.896058,26.51,0.509657949715498,0.10265606688250292,0.0,0.38300858065718696,0.0,0.0,0.19033590020953992,0.9817190255319614,0.4148601126029711,0.0006020120357379766,0.0,0.0,0.0,0.19383945589900808
2026-08-24T01:06:42.923427,26.53,0.5173177002759908,0.10578381465775341,0.0,0.3899561511418047,0.0,0.0,0.19374502600578125,0.9810519175344489,0.4148454123320219,0.0006072451765799228,0.0,0.0,0.0,0.2626999290938448
2026-08-24T01:06:42.953304,26.55,0.5249579718550658,0.10895884929551182,0.0,0.3967623163691205,0.0,0.0,0.19708249840869466,0.9803869077160235,0.4148308952668741,0.000612199611370701,0.0,0.0,0.0,0.3162929375382214
2026-08-24T01:06:42.977901,26.57,0.5325784968155711,0.11218099214217883,0.0,0.40300802207526987,0.0,0.0,0.20014313649017168,0.9797666686083358,0.4148165606848111,0.000616843968310725,0.0,0.0,0.0,0.3424415885633023
2026-08-24T01:06:43.006988,26.59,0.5401790435321112,0.11544998337524512,0.0,0.40966306622444393,0.0,0.0,0.20340221765982205,0.9790952649518158,0.4148024057499687,0.0006218032183448822,0.0,0.0,0.0,0.3453830711920356
2026-08-24T01:06:43.030406,26.6,0.5439666269997016,0.11709988930056178,0.0,0.41231423294990593,0.0,0.0,0.20469991096723508,0.9788247782162066,0.4136904800891855,0.000623768387828728,0.0,0.0,0.0,0.32684516138565983
2026-08-24T01:06:43.059168,26.63,0.5553192072512434,0.12212766091530197,0.0,0.4216994062717019,0.0,0.0,0.2092908604277573,0.9778534326479654,0.4147746290157876,0.0006288556627337597,0.0,0.0,0.0,0.31344578678282037
2026-08-24T01:06:43.086655,26.65,0.56285828443147,0.12553602696574304,0.0,0.4288100185546697,0.0,0.0,0.21276609868028107,0.9771031610082801,0.414761001111782,0.0006321604563638617,0.0,0.0,0.0,0.40119618996871426
2026-08-24T01:06:43.115124,26.67,0.5703763307167943,0.1289905361966724,0.0,0.4341758203568252,0.0,0.0,0.21538680074634323,0.9765288147639347,0.41474754562831956,0.000635136850044376,0.0,0.0,0.0,0.30164211380956213
2026-08-24T01:06:43.141357,26.69,0.5778730469851083,0.13249109481644847,0.0,0.43996730449028215,0.0,0.0,0.21821366931944006,0.9759010167645825,0.41473425873245884,0.0006374811236824085,0.0,0.0,0.0,0.2462037157484331
2026-08-24T01:06:43.166099,26.71,0.5853481849099029,0.13603750004052115,0.0,0.4452545138292589,0.0,0.0,0.2207928002907602,0.9753207366501363,0.4147211383250215,0.0006392294282430074,0.0,0.0,0.0,0.21619264733221175
2026-08-24T01:06:43.194957,26.73,0.5928014827338477,0.13962958006404236,0.0,0.4511792503911245,0.0,0.0,0.22368108648211507,0.9746623884967454,0.4147081838938173,0.0006421761618371505,0.0,0.0,0.0,0.20481666521090136
2026-08-24T01:06:43.220262,26.75,0.6002326137245594,0.14326729786830505,0.0,0.4572749108458258,0.0,0.0,0.22665064845601612,0.9739761206284615,0.4146953917850546,0.0006452816775353883,0.0,0.0,0.0,0.21330000156746157
2026-08-24T01:06:43.246762,26.77,0.607640897805108,0.14695132128651048,0.0,0.46337818947549453,0.0,0.0,0.22962181232275053,0.9732799305983945,0.41468276045780134,0.000648618452275005,0.0,0.0,0.0,0.24651783104082062
2026-08-24T01:06:43.272857,26.79,0.615025244419168,0.15068309823202766,0.0,0.4704714950587353,0.0,0.0,0.2330722468931915,0.9724594221499214,0.4146702876620675,0.0006537873436803236,0.0,0.0,0.0,0.2638760169026325
2026-08-24T01:06:43.300174,26.81,0.6223854620523983,0.15446224344763534,0.0,0.47683074443604717,0.0,0.0,0.2361631194897079,0.9717134253435474,0.4146579721989555,0.0006576586870619694,0.0,0.0,0.0,0.2671260333023604
2026-08-24T01:06:43.328457,26.83,0.6297212211190983,0.1582886503909225,0.0,0.4834814659908413,0.0,0.0,0.23939310549837023,0.9709227266059056,0.4146458113527763,0.0006616975468558839,0.0,0.0,0.0,0.3198632275093916
2026-08-24T01:06:43.358777,26.85,0.6370322192362761,0.16216215871063228,0.0,0.4910088493351528,0.0,0.0,0.24304565510694245,0.9700148501613969,0.4146338030754195,0.0006664156708878025,0.0,0.0,0.0,0.4064314326730758
2026-08-24T01:06:43.384263,26.87,0.6443181943823996,0.16608253277623267,0.0,0.49775145176874686,0.0,0.0,0.2463144799696356,0.9691899591706922,0.4146219458255596,0.0006704548736790982,0.0,0.0,0.0,0.39957790383987984
2026-08-24T01:06:43.411048,26.89,0.6515788452710811,0.1700496127583332,0.0,0.5041673687014009,0.0,0.0,0.24942232836221484,0.9683948069431039,0.41461023772721206,0.0006734655132205653,0.0,0.0,0.0,0.42350380325289216
2026-08-24T01:06:43.435825,26.91,0.6588139064541422,0.17406317398072094,0.0,0.5108116093532491,0.0,0.0,0.25263807014482553,0.9675608536487502,0.41459867661300187,0.0006769913458080825,0.0,0.0,0.0,0.44518681607819865
2026-08-24T01:06:43.466520,26.93,0.6660231490260168,0.17812292919818465,0.0,0.5174021765330439,0.0,0.0,0.2558250800939281,0.9667230877531245,0.4145872609152563,0.0006803507301129559,0.0,0.0,0.0,0.4620004963355244
2026-08-24T01:06:43.491289,26.95,0.6732062933329108,0.18222868573042417,0.0,0.5239473755741137,0.0,0.0,0.2589874020299858,0.9658806994602173,0.41457598871440143,0.0006835594439016566,0.0,0.0,0.0,0.47577433597660157
2026-08-24T01:06:43.518933,26.97,0.6803630568685802,0.18638025681502568,0.0,0.5304600089875633,0.0,0.0,0.26213123683191414,0.9650322350455299,0.414564858201728,0.000686646159430121,0.0,0.0,0.0,0.4868506730823894
2026-08-24T01:06:43.544379,26.99,0.6874931545927271,0.19057746084761498,0.0,0.5369482087227384,0.0,0.0,0.2652605129291025,0.9641767785424981,0.41455386759544827,0.0006896315094064385,0.0,0.0,0.0,0.49618345848937656
2026-08-24T01:06:43.574688,27.01,0.6945963150127433,0.19482009388143387,0.0,0.5434239583323482,0.0,0.0,0.26838100070056337,0.9633128455818308,0.4145430151360887,0.0006925114801838788,0.0,0.0,0.0,0.5046670690729319
2026-08-24T01:06:43.600755,27.03,0.7016722515373648,0.19910797840074518,0.0,0.5498805386071024,0.0,0.0,0.27148945014440623,0.9624414155990421,0.4145322990876713,0.0006953046773055797,0.0,0.0,0.0,0.5115724586393351
2026-08-24T01:06:43.628652,27.05,0.708720688433196,0.20344091926640678,0.0,0.5563328831712493,0.0,0.0,0.274593033720956,0.9615605367484265,0.41452171773506247,0.0006980064073099668,0.0,0.0,0.0,0.4821330671932433
2026-08-24T01:06:43.654144,27.07,0.7157432978605786,0.20781560082009007,0.0,0.56181870271008,0.0,0.0,0.27722947124678127,0.9608037366040112,0.41451126942015987,0.0006997508271227533,0.0,0.0,0.0,0.4869318716853823
2026-08-24T01:06:43.678449,27.09,0.7227438132189092,0.21222554439514354,0.0,0.5670396692923507,0.0,0.0,0.27973668589191997,0.9600767607677031,0.4145009523680514,0.0006993937847360879,0.0,0.0,0.0,0.4917006926157135
2026-08-24T01:06:43.705701,27.11,0.7297215096084085,0.21667150675820188,0.0,0.5722360995996221,0.0,0.0,0.2822302248620376,0.9593467048853213,0.41449076503002524,0.000698970035187452,0.0,0.0,0.0,0.4963745533359763
2026-08-24T01:06:43.732096,27.13,0.7366762846114361,0.22115324111044452,0.0,0.5774224577158789,0.0,0.0,0.2847170309194487,0.9586116065980078,0.4144807057418395,0.0006984770015174462,0.0,0.0,0.0,0.5012937992460037
2026-08-24T01:06:43.767593,27.15,0.7436079683701102,0.22567060858530535,0.0,0.5826037585661843,0.0,0.0,0.28719950027341296,0.9578707882813328,0.41447077289478956,0.0006979482852404855,0.0,0.0,0.0,0.506207904809798
2026-08-24T01:06:43.793128,27.17,0.7505163777316012,0.23022349113027565,0.0,0.5877892668474751,0.0,0.0,0.2896820556127139,0.9571229318410424,0.41446096489948614,0.0006974032130940324,0.0,0.0,0.0,0.5113473438171355
2026-08-24T01:06:43.823324,27.19,0.7574013324720983,0.23481176621010558,0.0,0.592968487368708,0.0,0.0,0.2921596568922615,0.956369559785649,0.4144512801863614,0.0006968362282800872,0.0,0.0,0.0,0.5163108093615997
2026-08-24T01:06:43.853433,27.21,0.7642626528517797,0.2394353106526468,0.0,0.5981512211835875,0.0,0.0,0.2946369775949114,0.9556092566701809,0.41444171720588074,0.0006962596273574505,0.0,0.0,0.0,0.5216638454254782
2026-08-24T01:06:43.878015,27.23,0.771100162270325,0.2440939967199071,0.0,0.6033368410934178,0.0,0.0,0.29711369764041,0.9548421077196182,0.41443227442779407,0.0006956705049003694,0.0,0.0,0.0,0.5270881377481286
2026-08-24T01:06:43.901875,27.24,0.774507815270488,0.2464330415374297,0.0,0.6032226975345378,0.0,0.0,0.29705920261839025,0.9548590629719792,0.4136904788587381,0.0006934914851513686,0.0,0.0,0.0,0.5305352345984208
2026-08-24T01:06:43.930531,27.27,0.7847030374404769,0.2535162900442352,0.0,0.6137232677327725,0.0,0.0,0.3020683676138616,0.9532862640818324,0.41441374345446474,0.0006944518329929365,0.0,0.0,0.0,0.5401440209868344
2026-08-24T01:06:43.957276,27.29,0.7914680517409417,0.25827964001930154,0.0,0.6189183857242576,0.0,0.0,0.3045435630657116,0.9524984085001093,0.41440465229406936,0.0006938242727991677,0.0,0.0,0.0,0.5495037624004652
2026-08-24T01:06:43.986144,27.31,0.7982084413649017,0.2630777726877636,0.0,0.6241763377766252,0.0,0.0,0.3070466032340342,0.951694480094553,0.41439567540354183,0.0006932505791911759,0.0,0.0,0.0,0.556396796670233
2026-08-24T01:06:44.014023,27.33,0.804923925447279,0.26791070326121774,0.0,0.6294110669053148,0.0,0.0,0.3095364800725465,0.95088756827729,0.4143868113544416,0.0006927295894946591,0.0,0.0,0.0,0.5668347331737942
2026-08-24T01:06:44.039368,27.35,0.8116145798338018,0.2727779504066693,0.0,0.6346486172682586,0.0,0.0,0.312025576593053,0.9500737021682965,0.4143780587163824,0.000692114982461891,0.0,0.0,0.0,0.5503575653963882
2026-08-24T01:06:44.065696,27.37,0.8182816721564166,0.27767742669128764,0.0,0.6391350946880942,0.0,0.0,0.3141560318368591,0.9493713644620415,0.41436941612562617,0.0006908172512658471,0.0,0.0,0.0,0.5436772588066392
2026-08-24T01:06:44.092516,27.39,0.8249280426272889,0.282604974244766,0.0,0.6433475803984599,0.0,0.0,0.3161549401732119,0.9487075702259747,0.41436088211976757,0.0006879922886965674,0.0,0.0,0.0,0.5309296431211089
2026-08-24T01:06:44.121821,27.41,0.8315531759519014,0.2875610396923375,0.0,0.6474794336667204,0.0,0.0,0.3181142243335828,0.9480523932128662,0.41435245540971527,0.0006850861180398498,0.0,0.0,0.0,0.5103349844960465
2026-08-24T01:06:44.150940,27.43,0.8381570136421708,0.2925454468012969,0.0,0.6515165888193079,0.0,0.0,0.3200272922333451,0.9474083239162474,0.41434413462317976,0.0006820564735423006,0.0,0.0,0.0,0.47949192685047937
2026-08-24T01:06:44.179773,27.45,0.8447394270334041,0.29755811387212266,0.0,0.6554238609955237,0.0,0.0,0.3218775714248179,0.94678129946343,0.4143359184319806,0.0006789047204831912,0.0,0.0,0.0,0.4329318350360054
2026-08-24T01:06:44.207325,27.47,0.8513002867411379,0.3025989598060307,0.0,0.6591526303377777,0.0,0.0,0.32364217553202546,0.946179550728559,0.41432780553084264,0.000675566767388869,0.0,0.0,0.0,0.38809155767839276
2026-08-24T01:06:44.233659,27.49,0.8578394406102663,0.3076679326011834,0.0,0.6629241478477211,0.0,0.0,0.3254258653965389,0.9455675576768239,0.41431979452895973,0.0006725365928701661,0.0,0.0,0.0,0.3255841030284865
2026-08-24T01:06:44.265466,27.51,0.8643567305993218,0.3127649866558475,0.0,0.6669999672290685,0.0,0.0,0.32735216959277214,0.94490240610494,0.41431188417106835,0.0006692941126536805,0.0,0.0,0.0,0.31947770362907535
2026-08-24T01:06:44.291408,27.53,0.8708519462237042,0.3178901415542424,0.0,0.6711931875199846,0.0,0.0,0.32933254062964323,0.9442139999398571,0.4143040734378089,0.0006665066388932292,0.0,0.0,0.0,0.30858710053834193
2026-08-24T01:06:44.315563,27.54,0.8740901514934908,0.32045968611770453,0.0,0.6723778923870318,0.0,0.0,0.32989179027923554,0.9440187533658221,0.4136904784486464,0.0006625618880343589,0.0,0.0,0.0,0.355883529366086
2026-08-24T01:06:44.341230,27.57,0.8837753768751505,0.32822473738915653,0.0,0.6802203847399789,0.0,0.0,0.33359097448685743,0.9427179120717442,0.41428874511376096,0.000661936661633425,0.0,0.0,0.0,0.33945593303182525
2026-08-24T01:06:44.368762,27.59,0.8902033265960908,0.33343401097511055,0.0,0.684387896851752,0.0,0.0,0.3355546429912519,0.9420207437031382,0.4142812250493477,0.000659224212813963,0.0,0.0,0.0,0.3416914649178198
2026-08-24T01:06:44.396602,27.61,0.8966085299073722,0.33867122860632093,0.0,0.6889238863947025,0.0,0.0,0.3376902762683084,0.9412572853974802,0.41427379961494476,0.0006570252911203941,0.0,0.0,0.0,0.35938666887922577
2026-08-24T01:06:44.425328,27.63,0.9029908293913016,0.34393633472849555,0.0,0.6934451002837978,0.0,0.0,0.3398172243556451,0.9404914959909128,0.4142664674974484,0.0006548975881972245,0.0,0.0,0.0,0.3755373641484069
2026-08-24T01:06:44.452918,27.65,0.9093502282166264,0.34922907918149165,0.0,0.6979351348115183,0.0,0.0,0.3419277858705664,0.9397262310107407,0.4142592275323643,0.0006527099700870239,0.0,0.0,0.0,0.41625235894695745
2026-08-24T01:06:44.482227,27.67,0.9156845136042674,0.3545518507601633,0.0,0.7031940826908096,0.0,0.0,0.3443975865915107,0.9388238931503303,0.4142520785378351,0.0006511684536975791,0.0,0.0,0.0,0.42906535883076513
2026-08-24T01:06:44.509684,27.69,0.9219892976894267,0.3599095395573205,0.0,0.7087165718222498,0.0,0.0,0.34698859274649363,0.9378693493785838,0.41424501946776565,0.0006514942982647153,0.0,0.0,0.0,0.4403031582484566
2026-08-24T01:06:44.537379,27.71,0.9282649343696469,0.36530134124020347,0.0,0.7142361894094162,0.0,0.0,0.3495756081122373,0.9369081567650905,0.41423804910022716,0.0006518660410035686,0.0,0.0,0.0,0.44944362387551523
2026-08-24T01:06:44.568428,27.73,0.9345112625307288,0.3707270699904606,0.0,0.7197401450974518,0.0,0.0,0.35215263161308025,0.9359425858715812,0.4142311663412748,0.0006521900562358884,0.0,0.0,0.0,0.45743386387440854
2026-08-24T01:06:44.598199,27.74,0.9376219487874063,0.37345015470514886,0.0,0.7206272720200665,0.0,0.0,0.35256774688968284,0.9357862917638474,0.4136904780807873,0.0006513268114222109,0.0,0.0,0.0,0.4602346369117559
2026-08-24T01:06:44.626600,27.77,0.9469152394538057,0.3816796943109545,0.0,0.7307221518711917,0.0,0.0,0.3572865608118269,0.9339948144734299,0.41421765927660703,0.0006527442987697454,0.0,0.0,0.0,0.47041818561555243
2026-08-24T01:06:44.649246,27.79,0.9530725403542311,0.3872062496657833,0.0,0.7361965792863715,0.0,0.0,0.3598417625732478,0.9330133471222041,0.4142110328094111,0.0006529604366528195,0.0,0.0,0.0,0.47736841718321543
2026-08-24T01:06:44.674733,27.8,0.9561386084482887,0.38997962626754923,0.0,0.7369022944276186,0.0,0.0,0.3601709609877683,0.9328863161506591,0.4136904779966113,0.0006520480473431699,0.0,0.0,0.0,0.4795302856935283
2026-08-24T01:06:44.706911,27.83,0.965296530998138,0.398359398867957,0.0,0.747175962393911,0.0,0.0,0.3649582701276451,0.9310238778170176,0.41419802870594014,0.0006534163673801968,0.0,0.0,0.0,0.4869655751035702
2026-08-24T01:06:44.728735,27.85,0.9713628945892202,0.4039856248992226,0.0,0.7526665561309301,0.0,0.0,0.3675128285719862,0.9300184518787882,0.41419164898262595,0.0006535718043649004,0.0,0.0,0.0,0.49149617247252875
2026-08-24T01:06:44.758193,27.87,0.9773983997305442,0.4096449423300226,0.0,0.7581771504434794,0.0,0.0,0.3700739075097062,0.9290023159177255,0.4141853494561814,0.0006538089078284439,0.0,0.0,0.0,0.49374462448891515
2026-08-24T01:06:44.784698,27.89,0.9834030155644707,0.4153370239121836,0.0,0.7636403724872389,0.0,0.0,0.3726101966301756,0.9279879532446647,0.41417912911242316,0.0006539634969481824,0.0,0.0,0.0,0.49830065429889653
2026-08-24T01:06:44.812767,27.91,0.9893767976640676,0.4210614570310805,0.0,0.7690819795194577,0.0,0.0,0.37513368722782336,0.926970720522961,0.4141729869510474,0.0006540134685833664,0.0,0.0,0.0,0.5209885945840801
2026-08-24T01:06:44.841749,27.92,0.9923503821348485,0.42393404430738235,0.0,0.7699111017023346,0.0,0.0,0.3755179409750418,0.9268151250415937,0.4136904778262455,0.0006534215702054343,0.0,0.0,0.0,0.5297876102018093
2026-08-24T01:06:44.865100,27.94,0.9982749478157729,0.42970945342807043,0.0,0.7746220611002262,0.0,0.0,0.3776999914282907,0.92592802985711,0.41369047795948005,0.0006531764136861755,0.0,0.0,0.0,0.4380143995473382
2026-08-24T01:06:44.893601,27.97,1.0071234082363174,0.4384150812936692,0.0,0.7822124493907971,0.0,0.0,0.38121133953294906,0.9244879202085307,0.4141550198317076,0.0006488191666750011,0.0,0.0,0.0,0.44354184877125613
2026-08-24T01:06:44.918945,27.99,1.0129996647946318,0.4442395845241176,0.0,0.7854361442783167,0.0,0.0,0.38270097717531437,0.9238722650177672,0.41414918071514384,0.0006434616280143659,0.0,0.0,0.0,0.44581612125060643
2026-08-24T01:06:44.944822,28.01,1.0188573531314509,0.4500827623490637,0.0,0.7886418885496331,0.0,0.0,0.3841813340343249,0.9232576577421963,0.4141434149975239,0.0006381835441793494,0.0,0.0,0.0,0.4796653784704144
2026-08-24T01:06:44.975534,28.03,1.0246925619332923,0.4559483834478816,0.0,0.793178337131681,0.0,0.0,0.386274499409208,0.9223838740492842,0.41413772174222896,0.0006336263468439443,0.0,0.0,0.0,0.5095571837429035
2026-08-24T01:06:44.998499,28.05,1.0304970602641301,0.4618444037298177,0.0,0.798373632390394,0.0,0.0,0.3886692217527213,0.9213773581232252,0.41413210002867795,0.000633181247825074,0.0,0.0,0.0,0.5161371780914276
2026-08-24T01:06:45.028382,28.07,1.0362719940210592,0.46776938484447766,0.0,0.8033239316174391,0.0,0.0,0.39094857567174285,0.9204125222856518,0.41412654904691293,0.0006323863184415552,0.0,0.0,0.0,0.5010233973996927
2026-08-24T01:06:45.057039,28.09,1.0420170501593804,0.47372334147547185,0.0,0.8081685754078773,0.0,0.0,0.3931769619239097,0.9194628195921162,0.41412106782205355,0.0006314503102619761,0.0,0.0,0.0,0.39160628545392095
2026-08-24T01:06:45.082830,28.1,1.044258686803338,0.476061207835106,0.0,0.8077330759123096,0.0,0.0,0.39297673980719566,0.9195484119775901,0.32410737293680525,0.0006275716488948091,0.0,0.0,0.0,0.36790140545966094
2026-08-24T01:06:45.114024,28.13,1.0505851256645298,0.48271893400939375,0.0,0.8147116535759489,0.0,0.0,0.39618291103032693,0.9181716076025963,0.2969272576044513,0.0006222752458277491,0.0,0.0,0.0,0.30242348656132667
2026-08-24T01:06:45.142315,28.14,1.0525737599020484,0.48482036573838005,0.0,0.8150710643650072,0.0,0.0,0.3963479050232574,0.9181003965709169,0.28916972863782303,0.0006145315787577303,0.0,0.0,0.0,0.29116436095879644
2026-08-24T01:06:45.171928,28.17,1.05846972535743,0.491115313972236,0.0,0.8212509947303399,0.0,0.0,0.39918290662789013,0.9168713143381186,0.2863883479426986,0.0006082952579966838,0.0,0.0,0.0,0.27256442904065425
2026-08-24T01:06:45.197651,28.19,1.0623636676347348,0.49530592768343196,0.0,0.8250275590333045,0.0,0.0,0.4009135056721302,0.9161159102262567,0.2856627174693518,0.00060165753288845,0.0,0.0,0.0,0.30328442113486065
2026-08-24T01:06:45.224512,28.21,1.0662400187544168,0.49950691856317897,0.0,0.8284928728363956,0.0,0.0,0.4025002176413318,0.9154198898858821,0.28544821896146316,0.0005951122858120678,0.0,0.0,0.0,0.2563686295485035
2026-08-24T01:06:45.253494,28.23,1.0701007688862554,0.503720486639693,0.0,0.8319483338164928,0.0,0.0,0.404081214967405,0.9147231120456429,0.2853870200474581,0.0005879437628932937,0.0,0.0,0.0,0.2509470039808485
2026-08-24T01:06:45.280438,28.25,1.073947729956398,0.5079461221655469,0.0,0.8346940393900452,0.0,0.0,0.40533661395556037,0.9141675061973276,0.285371771252482,0.000580835819378573,0.0,0.0,0.0,0.2516222957566088
2026-08-24T01:06:45.308213,28.27,1.0777834660450927,0.5121817917557238,0.0,0.8374652390080011,0.0,0.0,0.40660289477205924,0.9136049944932337,0.28537026839515783,0.000573184516859833,0.0,0.0,0.0,0.2583818605349928
2026-08-24T01:06:45.335378,28.29,1.081607626183586,0.5164278682021748,0.0,0.8402601773835129,0.0,0.0,0.4078792321546588,0.9130358875624364,0.2853728507611286,0.000565673462772519,0.0,0.0,0.0,0.2652166226970923
2026-08-24T01:06:45.361577,28.31,1.0854201948998314,0.520684341447219,0.0,0.8430526639689512,0.0,0.0,0.4091536543952053,0.9124654991258841,0.28537662055806406,0.0005582689340370798,0.0,0.0,0.0,0.2715517117860645
2026-08-24T01:06:45.393927,28.33,1.0892211495475785,0.5249511847246465,0.0,0.8458408575588968,0.0,0.0,0.4104253216148147,0.911894212821518,0.2853807089372432,0.0005509656497142782,0.0,0.0,0.0,0.2776496434526626
2026-08-24T01:06:45.417003,28.35,1.093010466132722,0.5292283655724588,0.0,0.848622294947126,0.0,0.0,0.4116931126334078,0.9113225449917368,0.2853848557174099,0.0005437645421732747,0.0,0.0,0.0,0.28271821036217043
2026-08-24T01:06:45.454532,28.36,1.094904424886115,0.5313697612429515,0.0,0.8485412858669799,0.0,0.0,0.41165619959515926,0.9113392196843447,0.285714363494562,0.0005361502119848335,0.0,0.0,0.0,0.28388710354196445
2026-08-24T01:06:45.479803,28.39,1.1005540878829043,0.5378136025604371,0.0,0.8540977869065501,0.0,0.0,0.4141865362793776,0.9101920199413374,0.28539306890411886,0.0005296189063910893,0.0,0.0,0.0,0.28228066204030894
2026-08-24T01:06:45.505082,28.41,1.104308343367343,0.5421215899314097,0.0,0.8567989473247113,0.0,0.0,0.41541544548233794,0.9096317978471897,0.28539710610682717,0.0005226620401125147,0.0,0.0,0.0,0.27971645842345627
2026-08-24T01:06:45.538246,28.43,1.108050831924508,0.5464398034015632,0.0,0.8595016159327803,0.0,0.0,0.4166442824647676,0.9090696023349472,0.2854010934524328,0.0005158000166857651,0.0,0.0,0.0,0.27643769275513036
2026-08-24T01:06:45.559930,28.45,1.111781496725329,0.5507682359079249,0.0,0.8621914758549246,0.0,0.0,0.4178665402203998,0.9085084229462229,0.28540503095020314,0.0005090624179837239,0.0,0.0,0.0,0.2720440974971561
2026-08-24T01:06:45.587077,28.47,1.1155003776033843,0.5551067969725129,0.0,0.8648630210475101,0.0,0.0,0.41907972771722135,0.9079494379184667,0.2854089190308184,0.0005023904915507518,0.0,0.0,0.0,0.2664123276916741
2026-08-24T01:06:45.614435,28.49,1.1192074354084194,0.5594554644459736,0.0,0.8675203896507274,0.0,0.0,0.4202857356050463,0.9073918119792161,0.2854127582650772,0.0004958096071873524,0.0,0.0,0.0,0.25953590967998896
2026-08-24T01:06:45.643183,28.51,1.122902640888326,0.5638142076248543,0.0,0.8701642779975849,0.0,0.0,0.42148488934228456,0.9068354250116843,0.2854165492493756,0.0004893222673426952,0.0,0.0,0.0,0.25140727296038906
2026-08-24T01:06:45.676189,28.53,1.1265859639276183,0.5681829965075218,0.0,0.8728398974852052,0.0,0.0,0.4226976850749669,0.9062707470906606,0.2854202925848884,0.00048293007050475954,0.0,0.0,0.0,0.24566290745245628
2026-08-24T01:06:45.699597,28.55,1.1302573735777492,0.5725618017520877,0.0,0.8754887295224085,0.0,0.0,0.4238975934964501,0.9057101248346064,0.28542398886463977,0.00047661994161528527,0.0,0.0,0.0,0.22665924083714709
2026-08-24T01:06:45.730030,28.57,1.133918184726044,0.5769494734038194,0.0,0.8777796562903273,0.0,0.0,0.4249347729589614,0.905223971584003,0.2854276387267519,0.0004702143955815695,0.0,0.0,0.0,0.27098453740692935
2026-08-24T01:06:45.758000,28.59,1.1375710851662575,0.5813437335459447,0.0,0.880194466333853,0.0,0.0,0.42602743492188044,0.9047102435000296,0.2854312426568211,0.0004633215033382091,0.0,0.0,0.0,0.29594754975443677
2026-08-24T01:06:45.781975,28.61,1.1412156616175753,0.5857448999256092,0.0,0.881834175475035,0.0,0.0,0.42676902248736526,0.9043606589437527,0.285434801261879,0.0004560768213400923,0.0,0.0,0.0,0.23540322931646343
2026-08-24T01:06:45.811752,28.63,1.1448519371820471,0.5901529269460174,0.0,0.8833530217107208,0.0,0.0,0.4274556917487697,0.9040362999302521,0.28543831515222756,0.00044834025246237276,0.0,0.0,0.0,0.22824910982898938
2026-08-24T01:06:45.838485,28.65,1.1484799135747807,0.5945677869471209,0.0,0.8852072965774473,0.0,0.0,0.42829367380649014,0.9036396012666442,0.285441784947863,0.0004412139388766187,0.0,0.0,0.0,0.22845421847584252
2026-08-24T01:06:45.867609,28.67,1.1520995959197342,0.5989894495598623,0.0,0.8871196861892959,0.0,0.0,0.4291575333717201,0.9032296560400909,0.285445211082601,0.00043423478814954924,0.0,0.0,0.0,0.23306749353664669
2026-08-24T01:06:45.891438,28.69,1.155710947694151,0.6034179185731214,0.0,0.8890569975947981,0.0,0.0,0.4300322504541897,0.9028135264656291,0.2854485941505743,0.00042739111785386767,0.0,0.0,0.0,0.23851056480949584
2026-08-24T01:06:45.917263,28.71,1.1593139398364578,0.6078531915154313,0.0,0.8909936698055407,0.0,0.0,0.4309062756364713,0.9023966875033981,0.28545193469418034,0.00042066421705722247,0.0,0.0,0.0,0.24403779521213512
2026-08-24T01:06:45.947808,28.73,1.1629085630075704,0.612295249795094,0.0,0.8929310585190232,0.0,0.0,0.43178021990400867,0.9019788477007905,0.285455233248156,0.0004140504998708121,0.0,0.0,0.0,0.24893462365088137
2026-08-24T01:06:45.977252,28.74,1.164705689855205,0.6145180843094343,0.0,0.8923526036385702,0.0,0.0,0.43151932481463684,0.9021036926603947,0.2857143576575446,0.0004075509150029303,0.0,0.0,0.0,0.25127306218965834
2026-08-24T01:06:46.002897,28.77,1.1700726599043796,0.6211996523086878,0.0,0.8967888902871417,0.0,0.0,0.43351925688587234,0.9011443024894077,0.2854617064933372,0.00040111360708997105,0.0,0.0,0.0,0.25729644781699884
2026-08-24T01:06:46.030280,28.79,1.1736421125569816,0.6256619614055285,0.0,0.8987123832917607,0.0,0.0,0.434385728640086,0.9007269501651549,0.28546488222039096,0.0003947954527516762,0.0,0.0,0.0,0.2612877163652343
2026-08-24T01:06:46.059026,28.81,1.1772031185650804,0.6301310138353889,0.0,0.9006455920823315,0.0,0.0,0.4352561722049877,0.9003066502905896,0.28546801802917643,0.00038857850001444927,0.0,0.0,0.0,0.26425572760092253
2026-08-24T01:06:46.081453,28.83,1.1807556312517773,0.6346068206289709,0.0,0.9025676759067462,0.0,0.0,0.4361212034949438,0.899887935168664,0.28547111442527834,0.000382481221948502,0.0,0.0,0.0,0.2668455875052726
2026-08-24T01:06:46.108769,28.84,1.1825314043341757,0.6368466498878532,0.0,0.90178994463131,0.0,0.0,0.4357712350336219,0.9000574596753653,0.28571435771491965,0.0003765702512122978,0.0,0.0,0.0,0.2684918503401492
2026-08-24T01:06:46.135160,28.87,1.187835381201252,0.6435784309260673,0.0,0.9063794486081767,0.0,0.0,0.437835494505746,0.899055103845648,0.2854771909412157,0.0003704991572956445,0.0,0.0,0.0,0.27251076256642004
2026-08-24T01:06:46.163834,28.89,1.191362584084381,0.6480742100632675,0.0,0.9082888132105771,0.0,0.0,0.43869360684518577,0.8986367004040963,0.28548017203629844,0.00036466607402081284,0.0,0.0,0.0,0.2747609261325116
2026-08-24T01:06:46.192439,28.91,1.194881324464506,0.6525766155852274,0.0,0.9101913167034059,0.0,0.0,0.4395482379644224,0.8982189858282731,0.2854831156604448,0.0003589183094189417,0.0,0.0,0.0,0.2771173501462944
2026-08-24T01:06:46.219385,28.93,1.198391590805713,0.6570856308524821,0.0,0.912092731566549,0.0,0.0,0.4404019826591491,0.8978006981896877,0.2854860222846369,0.00035326755845793586,0.0,0.0,0.0,0.27909709944711464
2026-08-24T01:06:46.247502,28.95,1.2018933709249902,0.66160123973628,0.0,0.9139982557439978,0.0,0.0,0.4412571731095329,0.8973806924485191,0.2854888923740171,0.0003477083961687553,0.0,0.0,0.0,0.24569374980558853
2026-08-24T01:06:46.270405,28.97,1.2053886375613327,0.6661218940931907,0.0,0.914959402975022,0.0,0.0,0.441688379622402,0.8971685322761476,0.2854917264417864,0.00034163732954222304,0.0,0.0,0.0,0.24614372046638208
2026-08-24T01:06:46.297304,28.99,1.2088814049810148,0.6706444806766646,0.0,0.9156606721932523,0.0,0.0,0.4420029308019743,0.8970136058959558,0.2854945247809117,0.0003342769529570099,0.0,0.0,0.0,0.24801570705193407
2026-08-24T01:06:46.327082,29.01,1.2123711116918414,0.6751694292623212,0.0,0.9163562233728726,0.0,0.0,0.4423148635018899,0.896859833823159,0.28549728799663493,0.000327007294820381,0.0,0.0,0.0,0.2500313965827296
2026-08-24T01:06:46.352301,29.03,1.2158577436496278,0.6796967473277356,0.0,0.9170568896533551,0.0,0.0,0.4426290360740191,0.8967048212339358,0.2855000164820952,0.00031986671369196737,0.0,0.0,0.0,0.25183059745142716
2026-08-24T01:06:46.379463,29.05,1.2193413123089654,0.6842264227364455,0.0,0.917748806184937,0.0,0.0,0.442939232024214,0.8965516364012726,0.2855027106711642,0.0003128319036411044,0.0,0.0,0.0,0.25378195145015064
2026-08-24T01:06:46.406560,29.07,1.2228218143752463,0.68875845471888,0.0,0.9184180847624975,0.0,0.0,0.4432392286196422,0.8964033613349878,0.28550537099605733,0.0003059215849970111,0.0,0.0,0.0,0.24942245876432587
2026-08-24T01:06:46.433863,29.09,1.2262992491281757,0.6932928405308054,0.0,0.9190382265341274,0.0,0.0,0.443517155892099,0.8962658826650625,0.2855079978929381,0.00029906628297514523,0.0,0.0,0.0,0.24281123685593498
2026-08-24T01:06:46.459671,29.11,1.2297736150217125,0.697829578062718,0.0,0.9196387902783956,0.0,0.0,0.4437862682894371,0.8961326620973793,0.2855105917621192,0.00029231004203554014,0.0,0.0,0.0,0.23460555376310138
2026-08-24T01:06:46.486385,29.13,1.233244909793485,0.7023686657527057,0.0,0.9202302661662005,0.0,0.0,0.44405126930954636,0.896001378472478,0.2855131530283995,0.0002856578923698438,0.0,0.0,0.0,0.2251248109233904
2026-08-24T01:06:46.518373,29.15,1.2367131290052689,0.7069101036973575,0.0,0.9208070022243797,0.0,0.0,0.4443096289947469,0.8958732910309082,0.2855156821009424,0.00027910321096609057,0.0,0.0,0.0,0.21241312400653403
2026-08-24T01:06:46.545472,29.17,1.2401782656101696,0.7114538939739109,0.0,0.9212852223864428,0.0,0.0,0.4445238286265208,0.8957670265103642,0.2855181793844541,0.00027261766739232127,0.0,0.0,0.0,0.1963339625191613
2026-08-24T01:06:46.573705,29.19,1.243640310554589,0.7160000401709526,0.0,0.9219427310116339,0.0,0.0,0.44481829187232863,0.8956208389803041,0.2855206452658727,0.0002663122107332946,0.0,0.0,0.0,0.21497354538571387
2026-08-24T01:06:46.601272,29.21,1.2470992526424947,0.7205485474795497,0.0,0.9229525990583287,0.0,0.0,0.4452704645816605,0.8953961209270633,0.2855230800907929,0.0002604680623801906,0.0,0.0,0.0,0.2290242876140895
2026-08-24T01:06:46.626999,29.23,1.250555083920241,0.7250994185973947,0.0,0.9234033056239452,0.0,0.0,0.44547223372888695,0.8952957550310378,0.28552548440495884,0.00025441162820897905,0.0,0.0,0.0,0.21417687020657875
2026-08-24T01:06:46.654144,29.25,1.2540077868900217,0.7296526634489281,0.0,0.9240310146193799,0.0,0.0,0.44575320438323535,0.8951558974737739,0.285527858479773,0.0002486102628382269,0.0,0.0,0.0,0.1977624081141984
2026-08-24T01:06:46.681542,29.27,1.2574573727798977,0.7342082701572101,0.0,0.9246757545926512,0.0,0.0,0.4460417526110696,0.8950121535083451,0.28553020273787527,0.00024273300487383698,0.0,0.0,0.0,0.19932056554505126
2026-08-24T01:06:46.707927,29.29,1.260903847553431,0.7387662308501713,0.0,0.9254006850884923,0.0,0.0,0.44636613410536147,0.8948504200836218,0.28553251748357533,0.00023704242364346457,0.0,0.0,0.0,0.20364573471209904
2026-08-24T01:06:46.732722,29.31,1.26434719288516,0.7433265560263072,0.0,0.9261409744926468,0.0,0.0,0.4466973276622791,0.8946851387272388,0.28553480314306384,0.0002314607788758277,0.0,0.0,0.0,0.20958633314477482
2026-08-24T01:06:46.760352,29.33,1.2677874041250423,0.7478892458238393,0.0,0.9268759962043893,0.0,0.0,0.4470261039895315,0.8945209121937511,0.28553706007568014,0.00022598746411839574,0.0,0.0,0.0,0.21456772984095082
2026-08-24T01:06:46.784051,29.35,1.2712244781022102,0.7524542992568178,0.0,0.9276147531346091,0.0,0.0,0.4473564902473516,0.8943557293569329,0.2855392886406692,0.0002206149767641547,0.0,0.0,0.0,0.1890229723982767
2026-08-24T01:06:46.811936,29.37,1.2746603244799297,0.7570202778630236,0.0,0.9274825981736196,0.0,0.0,0.4472973924975011,0.8943852875941869,0.2855414892210755,0.00021482081086532587,0.0,0.0,0.0,0.19170465539531545
2026-08-24T01:06:46.838483,29.39,1.278098788921208,0.7615842866444017,0.0,0.9270747674949096,0.0,0.0,0.4471150043196907,0.894476479798213,0.2855436620891163,0.00020774639473747616,0.0,0.0,0.0,0.1942913595480294
2026-08-24T01:06:46.867291,29.41,1.2815393237904098,0.766146734710358,0.0,0.9266438184623444,0.0,0.0,0.4469222570547605,0.8945728009218024,0.2855458076706425,0.00020076447828325225,0.0,0.0,0.0,0.1970432373069269
2026-08-24T01:06:46.892965,29.43,1.2849819966935017,0.7707075695343478,0.0,0.9261998183965378,0.0,0.0,0.4467236508520912,0.8946719956326894,0.28554792628247505,0.00019387259093585083,0.0,0.0,0.0,0.1993236491989161
2026-08-24T01:06:46.915280,29.45,1.2884267946724037,0.7752667992953249,0.0,0.9257574674469451,0.0,0.0,0.44652576042373787,0.8947707780644173,0.2855500182651151,0.00018710286920693627,0.0,0.0,0.0,0.20070686045416938
2026-08-24T01:06:46.943818,29.47,1.291873720022607,0.7798244207046244,0.0,0.925309862955656,0.0,0.0,0.4463254975332743,0.894870689123113,0.2855520839526028,0.0001804342015900318,0.0,0.0,0.0,0.20335615448149402
2026-08-24T01:06:46.970952,29.49,1.2953227727034695,0.7843804322335519,0.0,0.9248619230702415,0.0,0.0,0.4461250622035675,0.8949706301738974,0.28555412367549454,0.00017389493351782965,0.0,0.0,0.0,0.2050983817665901
2026-08-24T01:06:46.996602,29.51,1.2987739520646817,0.7889348328144637,0.0,0.9244126178160172,0.0,0.0,0.44592399344430306,0.8950708307562509,0.28555613776022387,0.00016746895121183065,0.0,0.0,0.0,0.20707769494397676
2026-08-24T01:06:47.024888,29.53,1.3022272577393432,0.7934876211649939,0.0,0.9239649098818159,0.0,0.0,0.44572361711691655,0.8951706301841076,0.28555812652909507,0.00016116072036441524,0.0,0.0,0.0,0.2089452876602666
2026-08-24T01:06:47.054728,29.55,1.3056826890659532,0.7980387962253991,0.0,0.9235150722399803,0.0,0.0,0.44552226512171367,0.8952708591710207,0.28556009030099144,0.00015496410472775409,0.0,0.0,0.0,0.21138602303593748
2026-08-24T01:06:47.084651,29.57,1.3091402452112135,0.8025883570663026,0.0,0.9230704974293956,0.0,0.0,0.4453232466800294,0.8953698710400957,0.2855620293888439,0.00014889076982253148,0.0,0.0,0.0,0.21295205664174846
2026-08-24T01:06:47.110158,29.59,1.3125999255837446,0.807136302574588,0.0,0.9226228116754358,0.0,0.0,0.44512281335720677,0.8954695310444489,0.2855639441038903,0.00014291551877557593,0.0,0.0,0.0,0.2113442711036828
2026-08-24T01:06:47.135828,29.61,1.3160617298018409,0.8116826314768241,0.0,0.9221007714895793,0.0,0.0,0.4448890626562133,0.8955856865364006,0.2855658347476831,0.00013698894400721495,0.0,0.0,0.0,0.20577918634864392
2026-08-24T01:06:47.165951,29.63,1.3195256566195617,0.8162273431573878,0.0,0.9215670629674246,0.0,0.0,0.44465005596189655,0.895704375189204,0.28556770163013573,0.0001311691804762398,0.0,0.0,0.0,0.1980170809932472
2026-08-24T01:06:47.193105,29.65,1.3229917056076799,0.8207704363789263,0.0,0.9210248242649142,0.0,0.0,0.44440719683359653,0.8958248955027456,0.28556954504721627,0.00012543734190861172,0.0,0.0,0.0,0.18951558825585169
2026-08-24T01:06:47.220270,29.67,1.3264598737676943,0.8253119118640204,0.0,0.9204761582191862,0.0,0.0,0.44416142576240564,0.8959467773616394,0.2855713652936131,0.00011979423593336043,0.0,0.0,0.0,0.1807911891686503
2026-08-24T01:06:47.248927,29.68,1.328196378951298,0.8275816939209243,0.0,0.9181513157734119,0.0,0.0,0.4431196583678102,0.8964624746011375,0.28571435811391643,0.00011518942866928777,0.0,0.0,0.0,0.17618465929914445
2026-08-24T01:06:47.275609,29.71,1.3334025356610606,0.8343900277988217,0.0,0.9195743869380594,0.0,0.0,0.4437574110909388,0.8961469522917921,0.28557493742932605,0.00010888058916252741,0.0,0.0,0.0,0.21621086390762834
2026-08-24T01:06:47.303813,29.73,1.3368770087561488,0.8389266809529681,0.0,0.9195001558800336,0.0,0.0,0.4437241498170871,0.8961634219656052,0.28557668990664625,0.0001040927936185663,0.0,0.0,0.0,0.22016584065681039
2026-08-24T01:06:47.331283,29.75,1.3403535121073933,0.8434617782815136,0.0,0.9186841005817659,0.0,0.0,0.44335845343587527,0.8963443990827125,0.28557842029432245,9.881386898910018e-05,0.0,0.0,0.0,0.15071528994047878
2026-08-24T01:06:47.357355,29.77,1.3438345168430175,0.8479934221527746,0.0,0.9170290513939436,0.0,0.0,0.44261655468042704,0.8967109821580355,0.2855801290857143,9.315774425260174e-05,0.0,0.0,0.0,0.14319283072706165
2026-08-24T01:06:47.384540,29.79,1.3473252941222862,0.8525175455816132,0.0,0.915046445861588,0.0,0.0,0.44172742527347786,0.8971493085107205,0.28558181623398304,8.569783076104943e-05,0.0,0.0,0.0,0.14088150413546013
2026-08-24T01:06:47.411926,29.81,1.3508250890983362,0.8570346964564659,0.0,0.9130526610575986,0.0,0.0,0.4408328445993878,0.8975892173608214,0.28558348223104585,7.830525225736688e-05,0.0,0.0,0.0,0.14252461713514683
2026-08-24T01:06:47.441422,29.83,1.3543339457199448,0.8615448117288892,0.0,0.9110641911383306,0.0,0.0,0.4399402122848121,0.8980270650792183,0.28558512728952345,7.104135844503564e-05,0.0,0.0,0.0,0.14479923078196097
2026-08-24T01:06:47.468867,29.85,1.35785185820545,0.8660478666477675,0.0,0.9090784880668297,0.0,0.0,0.43904838804415497,0.8984634177059349,0.2855867516701032,6.390817917426857e-05,0.0,0.0,0.0,0.14724282962021057
2026-08-24T01:06:47.498153,29.87,1.361378809280474,0.870543845425673,0.0,0.907092147245927,0.0,0.0,0.43815584437361793,0.8988990243855213,0.2855883556331056,5.6906646668857054e-05,0.0,0.0,0.0,0.14924027697780828
2026-08-24T01:06:47.521307,29.89,1.3649147843493967,0.8750327302101685,0.0,0.9051042121274532,0.0,0.0,0.437262151608743,0.8993340929657302,0.2855899394351287,5.002888387694301e-05,0.0,0.0,0.0,0.1514484544119264
2026-08-24T01:06:47.547446,29.91,1.3684597692234988,0.8795145028309259,0.0,0.903113882487679,0.0,0.0,0.4363669495838956,0.8997687954751742,0.28559150332960737,4.3279309140699994e-05,0.0,0.0,0.0,0.15313259026970497
2026-08-24T01:06:47.574205,29.93,1.3720137497732514,0.8839891450695084,0.0,0.9011233967239596,0.0,0.0,0.4354712451301657,0.900202640889696,0.2855930475667913,3.665129086980361e-05,0.0,0.0,0.0,0.15526476447983273
2026-08-24T01:06:47.605140,29.95,1.3755767115952258,0.8884566389237122,0.0,0.899130042904833,0.0,0.0,0.4345738178017073,0.9006362178378396,0.2855945723937351,3.015091668468174e-05,0.0,0.0,0.0,0.15670832037046006
2026-08-24T01:06:47.632615,29.97,1.3791486400192927,0.8929169666053993,0.0,0.89713885368145,0.0,0.0,0.43367693400762297,0.90106843075859,0.2855960780544152,2.3769726097636832e-05,0.0,0.0,0.0,0.1583833307896782
2026-08-24T01:06:47.661057,29.99,1.382729520109034,0.8973701105430156,0.0,0.8951474753437668,0.0,0.0,0.432779535106005,0.901499791455012,0.28559756478974063,1.7506689306706113e-05,0.0,0.0,0.0,0.1593221804375834
2026-08-24T01:06:47.689600,30.01,1.3863193373652671,0.9018160528175202,0.0,0.8931518970338805,0.0,0.0,0.43187981310616447,0.9019311653509843,0.2855990328375744,1.1347968985035497e-05,0.0,0.0,0.0,0.16093410832790764
2026-08-24T01:06:47.715454,30.03,1.3899180764660268,0.9062547761762719,0.0,0.8911547860245221,0.0,0.0,0.430978969609342,0.9023619715804018,0.28560048243281233,5.310854834957756e-06,0.0,0.0,0.0,0.16221693477197321
2026-08-24T01:06:47.741800,30.05,1.3935257223837285,0.9106862631360558,0.0,0.8891602884649652,0.0,0.0,0.4300788760780407,0.9027913160589491,0.28560191380740196,-6.091517845324611e-07,0.0,0.0,0.0,0.16331271126143088
2026-08-24T01:06:47.767361,30.07,1.3971422598733534,0.9151104963960921,0.0,0.8871623980103519,0.0,0.0,0.42917682256557527,0.9032204907842363,0.2856033271903569,-6.4210109155226565e-06,0.0,0.0,0.0,0.16448403635520667
2026-08-24T01:06:47.795246,30.09,1.4007676727805798,0.9195274594082835,0.0,0.8851650349172093,0.0,0.0,0.4282745790559693,0.9036486512657629,0.2856047228078486,-1.2118822414331353e-05,0.0,0.0,0.0,0.16533211267488052
2026-08-24T01:06:47.819472,30.11,1.4044019449874146,0.9239371356103431,0.0,0.8831684856295476,0.0,0.0,0.4273722762713255,0.9040757365811041,0.2856061008832322,-1.770944279088202e-05,0.0,0.0,0.0,0.1670077256604944
2026-08-24T01:06:47.850894,30.13,1.408045061523441,0.9283395075066343,0.0,0.8811731443623012,0.0,0.0,0.4264700939162227,0.9045016633456725,0.2856074616370691,-2.3182310038512424e-05,0.0,0.0,0.0,0.16788572521706194
2026-08-24T01:06:47.875270,30.15,1.4116970062500571,0.9327345585738515,0.0,0.8791762184951369,0.0,0.0,0.4255667701020446,0.9049270269943944,0.285608805286734,-2.8553750202746397e-05,0.0,0.0,0.0,0.10730355581022952
2026-08-24T01:06:47.903447,30.17,1.4153609139742682,0.9371196418013396,0.0,0.875608880133319,0.0,0.0,0.4239520035438885,0.9056846574228377,0.28561013213702857,-3.485472568378451e-05,0.0,0.0,0.0,0.10714227156362738
2026-08-24T01:06:47.928465,30.19,1.4190430911280973,0.9414894018607419,0.0,0.8716692522349448,0.0,0.0,0.4221671519238349,0.9065180063498561,0.2856114421328291,-4.323168282350891e-05,0.0,0.0,0.0,0.1072532324352978
2026-08-24T01:06:47.957074,30.21,1.4227425830121492,0.9458445124407964,0.0,0.8677049948493964,0.0,0.0,0.420369488437419,0.907353014648027,0.2856127357499226,-5.150240911933868e-05,0.0,0.0,0.0,0.10806100533995881
2026-08-24T01:06:47.983797,30.23,1.4264594397858101,0.950184812059242,0.0,0.8637200399584417,0.0,0.0,0.4185607747907606,0.9081887897384322,0.2856140131059115,-5.9674915407381825e-05,0.0,0.0,0.0,0.10880148131079281
2026-08-24T01:06:48.008299,30.25,1.4301936080865167,0.9545102262369205,0.0,0.8597384299741835,0.0,0.0,0.4167519197670162,0.9090202623542043,0.285615274407564,-6.770695719894858e-05,0.0,0.0,0.0,0.1107179044641609
2026-08-24T01:06:48.037778,30.27,1.433945024050446,0.9588206896000648,0.0,0.8557566647304095,0.0,0.0,0.4149413423977598,0.9098481644588536,0.28561651985637226,-7.55798090504053e-05,0.0,0.0,0.0,0.1123371760528792
2026-08-24T01:06:48.061580,30.29,1.4377136275374092,0.9631161336301166,0.0,0.8517581018714666,0.0,0.0,0.41312147178455566,0.9106759300379925,0.2856177496515559,-8.330060814127766e-05,0.0,0.0,0.0,0.10869027494065454
2026-08-24T01:06:48.093333,30.31,1.4414993573048098,0.9673964907846249,0.0,0.8477201755090542,0.0,0.0,0.4112820098757678,0.91150815045865,0.2856189639897479,-9.093078265934319e-05,0.0,0.0,0.0,0.10417631230552699
2026-08-24T01:06:48.118490,30.33,1.4453021513398012,0.9716616942273358,0.0,0.8436799843971485,0.0,0.0,0.4094398383874993,0.9123371190197286,0.2856201630619652,-9.841945929057743e-05,0.0,0.0,0.0,0.09778671834668179
2026-08-24T01:06:48.146797,30.36,1.451039819741765,0.9780301010187917,0.0,0.8346763437267103,0.0,0.0,0.405328525539484,0.9141710925116742,0.28571435832326786,-0.00011151619282182309,0.0,0.0,0.0,0.08564706935281638
2026-08-24T01:06:48.176786,30.37,1.452958679766017,0.9801463767738656,0.0,0.8355369874616425,0.0,0.0,0.4057218758103149,0.9139965861473223,0.2856225161719887,-0.0001130041222417951,0.0,0.0,0.0,0.0916352747406757
2026-08-24T01:06:48.202175,30.39,1.4568122800382075,0.9843657315951729,0.0,0.831720080343745,0.0,0.0,0.40397681797260687,0.914769222558743,0.28562367055502375,-0.00011993883532751989,0.0,0.0,0.0,0.10395523261793611
2026-08-24T01:06:48.231210,30.41,1.4606825873308498,0.9885697662653832,0.0,0.8276011201043625,0.0,0.0,0.40209201355129964,0.9155992642189384,0.2856248104697155,-0.00012682336741567322,0.0,0.0,0.0,0.10434308812479087
2026-08-24T01:06:48.259962,30.42,1.4626253515932508,0.990665360662748,0.0,0.8227686902583957,0.0,0.0,0.3998785573731822,0.9165681313209306,0.28571435829335573,-0.00013166711781822767,0.0,0.0,0.0,0.10456233530898527
2026-08-24T01:06:48.282722,30.44,1.4665205165788466,0.9948463575769216,0.0,0.818781497083263,0.0,0.0,0.39805049684082333,0.917363505904161,0.2857143583489338,-0.0001383722982980426,0.0,0.0,0.0,0.09103397338299501
2026-08-24T01:06:48.309484,30.47,1.4721486005994358,1.000830410270481,0.0,0.8157422710225429,0.0,0.0,0.39665600024645414,0.9179673291945007,0.2677386490815405,-0.00014580180820829031,0.0,0.0,0.0,0.0815074294095243
2026-08-24T01:06:48.335897,30.49,1.4757651776313812,1.0046386821032305,0.0,0.812065902156049,0.0,0.0,0.3949679378073049,0.9186949047993272,0.26237425250350954,-0.00015117918187109534,0.0,0.0,0.0,0.08043537846134663
2026-08-24T01:06:48.362986,30.51,1.479373386717076,1.0084108874159476,0.0,0.8084317958093985,0.0,0.0,0.39329796920468163,0.919411065530252,0.2607670652245254,-0.00015629326568117606,0.0,0.0,0.0,0.08094037103946128
2026-08-24T01:06:48.393401,30.53,1.4829886470877105,1.0121630649227673,0.0,0.8048068928415351,0.0,0.0,0.39163093617908024,0.9201223885046473,0.26028701393795123,-0.0001613283641532341,0.0,0.0,0.0,0.044848139352050516
2026-08-24T01:06:48.418189,30.55,1.4866174507873282,1.015898145548641,0.0,0.8001134654268084,0.0,0.0,0.3894705959713319,0.9210388997614246,0.2601450770198573,-0.00016681679260946772,0.0,0.0,0.0,0.04522194078446359
2026-08-24T01:06:48.442106,30.57,1.4902650196125,1.0196137017564868,0.0,0.795094726718806,0.0,0.0,0.3871581453732506,0.922013324454232,0.2601045482270267,-0.00017375764939650046,0.0,0.0,0.0,0.04484115120974902
2026-08-24T01:06:48.468580,30.59,1.49393104882621,1.023310680447309,0.0,0.7900593457725711,0.0,0.0,0.3848355766109292,0.9229851455871506,0.2600944161176223,-0.00018057215544518121,0.0,0.0,0.0,0.04604386802194023
2026-08-24T01:06:48.496278,30.61,1.4976156500130255,1.0269890393756784,0.0,0.7850286632259014,0.0,0.0,0.38251273901219585,0.9239502175406356,0.2600933775378293,-0.0001872705032202599,0.0,0.0,0.0,0.04807473618660244
2026-08-24T01:06:48.524240,30.63,1.5013187725213344,1.0306487178863573,0.0,0.7800060511153366,0.0,0.0,0.3801912134871198,0.9249079095711049,0.2600950418600798,-0.0001938436099126584,0.0,0.0,0.0,0.05189960863310548
2026-08-24T01:06:48.548161,30.65,1.5050403305073417,1.0342896369139194,0.0,0.7750016117409695,0.0,0.0,0.3778757029143725,0.9258563350471654,0.2600974922218466,-0.00020027386264020073,0.0,0.0,0.0,0.05805167577900452
2026-08-24T01:06:48.574783,30.66,1.5069096564169282,1.0361028913525991,0.0,0.7694052528210505,0.0,0.0,0.3752835147693751,0.9269100730612135,0.2603175432890002,-0.0002048927021049882,0.0,0.0,0.0,0.062364343974301496
2026-08-24T01:06:48.600107,30.69,1.5125383833022596,1.041514837394776,0.0,0.7648513210659332,0.0,0.0,0.37317200114307664,0.9277621772646649,0.2601028546432564,-0.0002129190219194551,0.0,0.0,0.0,0.042468340309665314
2026-08-24T01:06:48.626384,30.71,1.5163146885500671,1.0450989353479876,0.0,0.7597467404110891,0.0,0.0,0.37080286982750155,0.9287115977135684,0.26010554326729196,-0.00021911481286394897,0.0,0.0,0.0,0.05054331543837859
2026-08-24T01:06:48.654152,30.73,1.5201090484137965,1.0486639132031041,0.0,0.7548267257993531,0.0,0.0,0.368517112834958,0.9296209644515268,0.26010820471058477,-0.0002249829337260639,0.0,0.0,0.0,0.06352977799074189
2026-08-24T01:06:48.679620,30.74,1.5220144192031113,1.050439171641662,0.0,0.7491996215611487,0.0,0.0,0.36590012064757355,0.9306541257148604,0.26031749871842924,-0.0002290284777386661,0.0,0.0,0.0,0.052077279552080386
2026-08-24T01:06:48.709008,30.76,1.5258356244629077,1.0539753316150813,0.0,0.7441501681025198,0.0,0.0,0.36354930962893994,0.931574956441145,0.26031749842865015,-0.00023478077592632577,0.0,0.0,0.0,0.04688025834620204
2026-08-24T01:06:48.737447,30.79,1.5315994568613798,1.0592432507715035,0.0,0.7395322142886549,0.0,0.0,0.36139735737042183,0.9324118993694126,0.26011599699550947,-0.00024212900848972493,0.0,0.0,0.0,0.045181921536799494
2026-08-24T01:06:48.760904,30.81,1.5354649623881755,1.062730955162921,0.0,0.7345307876831031,0.0,0.0,0.3590645349495272,0.933312734157999,0.26011852974675914,-0.0002475843796083623,0.0,0.0,0.0,0.04457036559645484
2026-08-24T01:06:48.790836,30.83,1.5393477822574815,1.0661993724352108,0.0,0.7295433292344073,0.0,0.0,0.35673599166703907,0.934205240966531,0.26012103069350617,-0.00025286508364369674,0.0,0.0,0.0,0.043033350701885874
2026-08-24T01:06:48.818140,30.85,1.543247922556685,1.0696483011759572,0.0,0.7245115482000006,0.0,0.0,0.3543845070234648,0.935099792098007,0.2601235002151295,-0.000258055119844588,0.0,0.0,0.0,0.04332460146862443
2026-08-24T01:06:48.843547,30.87,1.5471654419984233,1.0730774763915114,0.0,0.7194648668125131,0.0,0.0,0.3520238059428835,0.9359910469921638,0.2601259386919269,-0.0002631987679483805,0.0,0.0,0.0,0.043426390716219745
2026-08-24T01:06:48.868561,30.88,1.549131812544348,1.0747847833760271,0.0,0.7139866604443516,0.0,0.0,0.34945871253040367,0.9369517640927908,0.2603174983570709,-0.0002664800517373918,0.0,0.0,0.0,0.04364479309611084
2026-08-24T01:06:48.894324,30.91,1.5550521460796949,1.0798762989287205,0.0,0.7093764724221853,0.0,0.0,0.3472980241261986,0.9377548093387943,0.2601307240858207,-0.00027315775961568665,0.0,0.0,0.0,0.0436271958288266
2026-08-24T01:06:48.920726,30.93,1.5590211274244712,1.0832457759933063,0.0,0.7043363073389189,0.0,0.0,0.3449337042919025,0.93862705034719,0.2601330717654768,-0.00027798353491689754,0.0,0.0,0.0,0.04623647311166416
2026-08-24T01:06:48.947282,30.95,1.563006975685232,1.086595283202687,0.0,0.6993423932888598,0.0,0.0,0.3425889200252784,0.9394854080164914,0.2601353899328835,-0.000282673507629689,0.0,0.0,0.0,0.0078064806104874915
2026-08-24T01:06:48.976681,30.97,1.5670123844396735,1.0899213713726892,0.0,0.6927873689299919,0.0,0.0,0.33950791061270613,0.9406031993520938,0.2601376791045642,-0.0002877798590879557,0.0,0.0,0.0,0.006926164426565319
2026-08-24T01:06:49.001168,30.99,1.5710431931413504,1.0932166458084374,0.0,0.6854067649698349,0.0,0.0,0.33603449687957737,0.9418496785086723,0.260139939343552,-0.00029582022688819337,0.0,0.0,0.0,0.005509221597803428
2026-08-24T01:06:49.028718,31.01,1.5750983687726001,1.0964818866364012,0.0,0.6779665661259732,0.0,0.0,0.3325284053050502,0.9430932401757953,0.26014217119013033,-0.00030379859390190024,0.0,0.0,0.0,0.004736314116409289
2026-08-24T01:06:49.058126,31.03,1.579177825341439,1.0997167399695091,0.0,0.6704927650708536,0.0,0.0,0.3290018460992595,0.9443292779869102,0.26014437496677517,-0.00031170147703729134,0.0,0.0,0.0,0.004200132634373102
2026-08-24T01:06:49.079970,31.05,1.5832813634410658,1.1029209887791862,0.0,0.6630328836239548,0.0,0.0,0.32547727342673843,0.9455498635623063,0.26014655106159307,-0.00031947945920255186,0.0,0.0,0.0,0.005834040181892559
2026-08-24T01:06:49.108931,31.07,1.587408748296405,1.1060944604148275,0.0,0.6555435037117503,0.0,0.0,0.3219342085920196,0.9467620426158994,0.26014869981756544,-0.00032710987937931396,0.0,0.0,0.0,0.004362639770254909
2026-08-24T01:06:49.134465,31.09,1.5915597473585814,1.1092369796927828,0.0,0.648053093812032,0.0,0.0,0.31838614118081515,0.9479611094891973,0.2601508215531773,-0.0003345959721322399,0.0,0.0,0.0,0.0035608667296157972
2026-08-24T01:06:49.162773,31.11,1.5957341256353645,1.1123483747787755,0.0,0.6405641457941456,0.0,0.0,0.31483430168268683,0.9491466496195279,0.26015291661957335,-0.000341925973856584,0.0,0.0,0.0,0.002322338758106073
2026-08-24T01:06:49.203211,31.14,1.602040454093294,1.1169561215814583,0.0,0.6255840484576591,0.0,0.0,0.3077163823637452,0.9514781279803385,0.26031749857250747,-0.0003542408202967964,0.0,0.0,0.0,0.0014318500753947943
2026-08-24T01:06:49.219382,31.15,1.6041520725778609,1.1184771157676023,0.0,0.6255983655712541,0.0,0.0,0.30772319356608147,0.9514759251507586,0.26015702808091373,-0.0003561470013586115,0.0,0.0,0.0,0.0007379932343701958
2026-08-24T01:06:49.243943,31.17,1.6083951684128388,1.1214941382633452,0.0,0.61811045688476,0.0,0.0,0.30415876276046194,0.9526213555427072,0.260159045132929,-0.0003630425050660959,0.0,0.0,0.0,-0.0001183381155147365
2026-08-24T01:06:49.273816,31.19,1.6126605680842137,1.1244795280131796,0.0,0.6106905685762324,0.0,0.0,0.30062250566804427,0.9537432091951515,0.2601610368239584,-0.0003697880877402915,0.0,0.0,0.0,-2.1760253965239553e-05
2026-08-24T01:06:49.301467,31.21,1.6169479247881033,1.1274332963245326,0.0,0.6032727191235185,0.0,0.0,0.29708308430926783,0.9548516329866606,0.2601630035070284,-0.0003762436105503494,0.0,0.0,0.0,0.00016543189637675286
2026-08-24T01:06:49.328384,31.23,1.621257254559957,1.1303549139548028,0.0,0.5958029461876221,0.0,0.0,0.2935147580979593,0.9559545422135387,0.2601649454402594,-0.00038271385646916487,0.0,0.0,0.0,0.0003150596961835285
2026-08-24T01:06:49.358485,31.25,1.6255882803831718,1.1332442705758963,0.0,0.5883389096354845,0.0,0.0,0.28994508252838613,0.9570432848714876,0.26016686297375696,-0.00038904576076101145,0.0,0.0,0.0,0.00035543583095612485
2026-08-24T01:06:49.381419,31.27,1.629940760963292,1.1361012047706491,0.0,0.5808741726792119,0.0,0.0,0.28637103308470224,0.9581187981717092,0.26016875640468196,-0.0003952519142057433,0.0,0.0,0.0,0.0008014022463529851
2026-08-24T01:06:49.408790,31.29,1.6343144507710992,1.1389255616221543,0.0,0.5734093968018401,0.0,0.0,0.282792975666462,0.959180969845476,0.26017062603572544,-0.00040132706264765474,0.0,0.0,0.0,0.000905133809499311
2026-08-24T01:06:49.437771,31.3,1.6365102257439927,1.140325175213476,0.0,0.5659359580931795,0.0,0.0,0.2792068195862029,0.9602309888232922,0.2603174986316371,-0.0004052903597980978,0.0,0.0,0.0,0.0011677059582475614
2026-08-24T01:06:49.465245,31.33,1.6431244576242965,1.1444759535165139,0.0,0.5584868650925521,0.0,0.0,0.27562846627543147,0.9612642449288611,0.2601742950925578,-0.0004130905746179431,0.0,0.0,0.0,0.0013563384179936888
2026-08-24T01:06:49.492195,31.35,1.6475602808315026,1.1472016844288047,0.0,0.5510237573556941,0.0,0.0,0.272039546296954,0.9622860724600286,0.2601760951047261,-0.00041878634704919834,0.0,0.0,0.0,2.9361847443048344e-05
2026-08-24T01:06:49.518336,31.37,1.6520170652759665,1.1498930031086816,0.0,0.5431780450573966,0.0,0.0,0.2682625529637949,0.9633458375253132,0.2601778725083459,-0.000424378762747034,0.0,0.0,0.0,8.545006836208191e-05
2026-08-24T01:06:49.545185,31.39,1.656496046228043,1.1525472226048217,0.0,0.534967372343206,0.0,0.0,0.26430544476485796,0.9644390244425256,0.26017962755191715,-0.0004309645361398736,0.0,0.0,0.0,0.00016911575463068372
2026-08-24T01:06:49.575862,31.4,1.6587447843668213,1.1538599649512111,0.0,0.5267456294602885,0.0,0.0,0.2603385378083488,0.965517397943616,0.26031749867763554,-0.0004354214880638925,0.0,0.0,0.0,3.4758843087191526e-05
2026-08-24T01:06:49.601789,31.43,1.665518720410853,1.1577447303167205,0.0,0.518523879139246,0.0,0.0,0.2563672277335841,0.9665794558877178,0.26018307174095445,-0.0004437837087325266,0.0,0.0,0.0,0.00041488784981978666
2026-08-24T01:06:49.627951,31.45,1.6700618213350171,1.1602876354773666,0.0,0.510294390060695,0.0,0.0,0.25238784112941665,0.9676261559352518,0.2601847614349801,-0.00045000553361964723,0.0,0.0,0.0,0.0006164094787616619
2026-08-24T01:06:49.657689,31.47,1.674625589707903,1.1627932582437894,0.0,0.5021204451015074,0.0,0.0,0.2484310828113721,0.968649573939497,0.2601864298921901,-0.0004560910246649948,0.0,0.0,0.0,6.777531185942184e-05
2026-08-24T01:06:49.683118,31.49,1.6792096179867777,1.1652616179812048,0.0,0.49394730349453686,0.0,0.0,0.24447056435721026,0.9696567140812604,0.26018807737117455,-0.0004618950718214311,0.0,0.0,0.0,0.00026094915589658737
2026-08-24T01:06:49.709049,31.51,1.6838138252459671,1.1676921301295529,0.0,0.48572033236042156,0.0,0.0,0.24047983839599482,0.970654133728918,0.2601897041483522,-0.0004677325945574716,0.0,0.0,0.0,7.83833728240685e-05
2026-08-24T01:06:49.741040,31.53,1.6884378641581388,1.1700846960750846,0.0,0.47749672072200156,0.0,0.0,0.23648667543972593,0.9716347319540742,0.26019131047542204,-0.00047344326176064597,0.0,0.0,0.0,0.00034241162329360546
2026-08-24T01:06:49.765990,31.55,1.693081422450356,1.1724391531495197,0.0,0.4692725052154896,0.0,0.0,0.2324892205606475,0.9725989730218219,0.2601928966117283,-0.00047902842620503036,0.0,0.0,0.0,0.0002447095240380089
2026-08-24T01:06:49.801069,31.57,1.697744184778089,1.1747553447230283,0.0,0.4610484230703347,0.0,0.0,0.22848789934362587,0.973546752782596,0.2601944628114723,-0.00048449463464366626,0.0,0.0,0.0,0.00011278636241222943
2026-08-24T01:06:49.826267,31.59,1.7024258318730114,1.1770331222927877,0.0,0.452825104237772,0.0,0.0,0.2244830865728443,0.9744779853043007,0.2601960093269703,-0.0004898408941127601,0.0,0.0,0.0,0.0003907667079649545
2026-08-24T01:06:49.853181,31.6,1.7047743650907046,1.1781574270125459,0.0,0.4446055459600222,0.0,0.0,0.22047631276255328,0.975392329019779,0.26031749874797905,-0.0004929793427459354,0.0,0.0,0.0,0.0001575940389745759
2026-08-24T01:06:49.880867,31.63,1.7118444990332322,1.1814728526071274,0.0,0.43639118689877504,0.0,0.0,0.21646835302116343,0.976289635374823,0.26019904427989626,-0.0005001715477169513,0.0,0.0,0.0,-0.00019320553629511737
2026-08-24T01:06:49.904952,31.65,1.716580875266157,1.183634521823257,0.0,0.4281742785657517,0.0,0.0,0.21245549616005083,0.977170743601847,0.2602005332078124,-0.0005051756502575368,0.0,0.0,0.0,0.00017204492414296777
2026-08-24T01:06:49.936226,31.67,1.721334847228032,1.1857572132563399,0.0,0.419959815544381,0.0,0.0,0.2084402489840801,0.9780351029505304,0.26020200342362604,-0.0005100597119068636,0.0,0.0,0.0,0.0005275761003530985
2026-08-24T01:06:49.960768,31.69,1.7261060889313553,1.1878407956642234,0.0,0.4117446668448653,0.0,0.0,0.2044211499620567,0.9788830335888912,0.26020345515883353,-0.0005148225322474169,0.0,0.0,0.0,0.00044243579391363354
2026-08-24T01:06:49.990066,31.71,1.7308942781081635,1.1898851298972124,0.0,0.4035354577242014,0.0,0.0,0.20040151146181978,0.9797138532264501,0.26020488864571945,-0.0005194744906300887,0.0,0.0,0.0,0.00011705991633349406
2026-08-24T01:06:50.016492,31.72,1.733295188766156,1.1908926299425822,0.0,0.39532320119441794,0.0,0.0,0.19637700261056065,0.9805284661067682,0.26031749878535027,-0.0005219286211389012,0.0,0.0,0.0,0.00025010192524005544
2026-08-24T01:06:50.040259,31.75,1.7405201887326838,1.1938555482065363,0.0,0.38712028332283355,0.0,0.0,0.19235376492537754,0.9813256488643475,0.2602077017896549,-0.0005284652188801413,0.0,0.0,0.0,-0.021805422826319122
2026-08-24T01:06:50.069090,31.77,1.7453609996115445,1.1957719278757206,0.0,0.3758420209870224,0.0,0.0,0.18681691180448423,0.9823947482879962,0.2602090823345274,-0.0005331421182148183,0.0,0.0,0.0,-0.06902342508075877
2026-08-24T01:06:50.095736,31.79,1.750228310370629,1.1976200642772294,0.0,0.36214571524003514,0.0,0.0,0.1800849943924385,0.9836510533693721,0.26021044504732965,-0.0005456890459003174,0.0,0.0,0.0,-0.09030199019489385
2026-08-24T01:06:50.121338,31.81,1.7551201797064049,1.1994021729759665,0.0,0.3484253513205733,0.0,0.0,0.17333278453861314,0.9848633132593023,0.26021179063389005,-0.000557787411464759,0.0,0.0,0.0,-0.0898707960310092
2026-08-24T01:06:50.154971,31.83,1.760036317475613,1.201116205714529,0.0,0.33460237185021663,0.0,0.0,0.16652182612732697,0.9860377687610249,0.2602131193267322,-0.0005701622480011703,0.0,0.0,0.0,-0.08944752307491458
2026-08-24T01:06:50.181160,31.85,1.7649756778852355,1.202762115456407,0.0,0.3207804059616448,0.0,0.0,0.1597034135044281,0.9871650417812786,0.2602144313434575,-0.0005823013868190362,0.0,0.0,0.0,-0.0891386676657823
2026-08-24T01:06:50.209082,31.87,1.769937317663164,1.2043395858015906,0.0,0.30695796668967373,0.0,0.0,0.15287713929828609,0.9882452025079467,0.26021572686786726,-0.0005942149307981016,0.0,0.0,0.0,-0.08843202225596004
2026-08-24T01:06:50.234214,31.89,1.7749202859357214,1.2058483240239075,0.0,0.2931390235065639,0.0,0.0,0.14604529225320126,0.9892779046408936,0.26021700610797643,-0.0006058933741818453,0.0,0.0,0.0,-0.08840098266430747
2026-08-24T01:06:50.260689,31.91,1.7799236294571765,1.207288046163606,0.0,0.27932337978357724,0.0,0.0,0.13920810658418062,0.9902631483909958,0.2602182692679941,-0.0006173573104852177,0.0,0.0,0.0,-0.08766889636845726
2026-08-24T01:06:50.287549,31.93,1.7849463875112803,1.2086584950800738,0.0,0.26550842261629537,0.0,0.0,0.13236461846613568,0.9912010935114601,0.2602195165505505,-0.0006285970952031679,0.0,0.0,0.0,-0.08740702347516165
2026-08-24T01:06:50.316314,31.95,1.7899875966204057,1.2099594263648485,0.0,0.2516981516032253,0.0,0.0,0.12551713937280654,0.9920914512904884,0.26022074815510116,-0.0006396188514798606,0.0,0.0,0.0,-0.08680769880380484
2026-08-24T01:06:50.354139,31.97,1.7950462902939575,1.2111906099064975,0.0,0.23789326241253053,0.0,0.0,0.11866634743168271,0.9929341861307944,0.26022196427876215,-0.0006504222403243946,0.0,0.0,0.0,-0.08610945987763267
2026-08-24T01:06:50.377822,31.99,1.8001214991974455,1.212351830216297,0.0,0.2240858297149662,0.0,0.0,0.11180863802509654,0.9937297562531641,0.26022316511617216,-0.0006610113577578439,0.0,0.0,0.0,-0.08219480482086522
2026-08-24T01:06:50.402491,32.01,1.805212249464512,1.213442895522395,0.0,0.2103792731309802,0.0,0.0,0.10499575909721807,0.994472669595097,0.26022435078824263,-0.0006713298519839663,0.0,0.0,0.0,-0.07033350772964289
2026-08-24T01:06:50.432776,32.03,1.810317565448752,1.2144636277133882,0.0,0.19672814334680883,0.0,0.0,0.09820552828368467,0.9951661540740433,0.26022552162586327,-0.000681398243322991,0.0,0.0,0.0,-0.053126048457286565
2026-08-24T01:06:50.455545,32.04,1.8128762182577258,1.2149455527038202,0.0,0.18355635690499342,0.0,0.0,0.0916493878599838,0.9957913384363665,0.260317499148556,-0.0006887759316038528,0.0,0.0,0.0,-0.04248329475718486
2026-08-24T01:06:50.485475,32.07,1.8199315141448462,1.2161861281263497,0.0,0.17020108522159338,0.0,0.0,0.08499786199238502,0.9963811336314651,0.22780312410214063,-0.000697341399243887,0.0,0.0,0.0,-0.040744862709463196
2026-08-24T01:06:50.510554,32.09,1.82424491764801,1.2168762658797907,0.0,0.15837370643015666,0.0,0.0,0.07910412153570771,0.9968663591254667,0.21807932328666377,-0.0007010996733758036,0.0,0.0,0.0,-0.03996274512965457
2026-08-24T01:06:50.540950,32.1,1.8263775437391672,1.217199728440214,0.0,0.14740615682859115,0.0,0.0,0.07363636891597423,0.9972851574012673,0.21552857702878284,-0.0007016649768578962,0.0,0.0,0.0,-0.04090242850084028
2026-08-24T01:06:50.572275,32.13,1.832762101412887,1.2180917735244317,0.0,0.13570309826653879,0.0,0.0,0.06779949825272694,0.9976989666410798,0.21429456288084606,-0.0007066108379236872,0.0,0.0,0.0,-0.04485400006368593
2026-08-24T01:06:50.598498,32.15,1.8370166866091224,1.2186255482877137,0.0,0.12435717892101561,0.0,0.0,0.0621385316328787,0.9980675342312813,0.21403649655356324,-0.0007092048069752101,0.0,0.0,0.0,-0.03221739605361121
2026-08-24T01:06:50.626166,32.17,1.8412751920653385,1.2191135909999573,0.0,0.11398035012954866,0.0,0.0,0.056959330532023913,0.9983764994556631,0.21396224260068195,-0.0007114988524862917,0.0,0.0,0.0,-0.03358676868882044
2026-08-24T01:06:50.652237,32.19,1.845537656795335,1.2195612369755566,0.0,0.10429280639820471,0.0,0.0,0.052122773250518784,0.9986406843848668,0.21394309252017255,-0.0007118544730584004,0.0,0.0,0.0,-0.03584139542217952
2026-08-24T01:06:50.678565,32.21,1.8498040987071174,1.2199677568573912,0.0,0.094630164488283,0.0,0.0,0.047297430040281134,0.9988808503077755,0.2139404343386543,-0.0007121149274351443,0.0,0.0,0.0,-0.03772692035832752
2026-08-24T01:06:50.706404,32.23,1.8540742183164498,1.22033313372856,0.0,0.08497261585491334,0.0,0.0,0.042473527171865894,0.9990975925752102,0.213942684921501,-0.0007123378436691798,0.0,0.0,0.0,-0.039960049903596626
2026-08-24T01:06:50.731349,32.25,1.858347642187127,1.2206574158187777,0.0,0.07532716789969252,0.0,0.0,0.03765467999646405,0.9992908110627076,0.2139463698204151,-0.0007124940494292761,0.0,0.0,0.0,-0.04200572361206905
2026-08-24T01:06:50.761087,32.27,1.8626239832187572,1.22094058137686,0.0,0.06567859193376657,0.0,0.0,0.0328333938630517,0.9994608387763043,0.21395044718338743,-0.0007126001613114648,0.0,0.0,0.0,-0.044701499618251046
2026-08-24T01:06:50.787256,32.29,1.8669028484397445,1.2211826055290402,0.0,0.0560361901428128,0.0,0.0,0.028014429450767785,0.9996075188505477,0.21395460493010124,-0.0007126652106802233,0.0,0.0,0.0,-0.04791816786061547
2026-08-24T01:06:50.812187,32.31,1.8711838422523062,1.2213834785714968,0.0,0.04638494819194694,0.0,0.0,0.02319039498193876,0.9997310666277115,0.2139587498999861,-0.0007126993398095021,0.0,0.0,0.0,-0.05172631636564696
2026-08-24T01:06:50.842885,32.33,1.8754665687378975,1.221543192994363,0.0,0.03673427956678577,0.0,0.0,0.01836610710279448,0.9998313288299625,0.21396285462309808,-0.0007126965550485159,0.0,0.0,0.0,-0.0561233053874508
2026-08-24T01:06:50.875571,32.35,1.8797506319488897,1.2216617457788115,0.0,0.02707440112328463,0.0,0.0,0.0135367871036798,0.999908373499747,0.2139669113056755,-0.0007126622466690647,0.0,0.0,0.0,-0.06150230942707844
2026-08-24T01:06:50.902332,32.37,1.8840356360941022,1.2217391382346554,0.0,0.017406476273539084,0.0,0.0,0.008703128264092762,0.9999621270620297,0.21397091806344692,-0.0007125945173202562,0.0,0.0,0.0,-0.0684712579652126
2026-08-24T01:06:50.928859,32.39,1.8883211855763198,1.2217753830439146,0.0,0.007726004034790624,0.0,0.0,0.00386299240961132,0.9999925386169856,0.21397487477688282,-0.0007124997864109911,0.0,0.0,0.0,-0.07759925450035188
2026-08-24T01:06:50.958581,32.41,1.892606885279921,1.2217704977823027,0.0,-0.0017852336729884397,0.0,0.0,-0.000892616717959943,0.999999601617618,0.21397878184272037,-0.0007123786899433874,0.0,0.0,0.0,-0.06381080250816175
2026-08-24T01:06:50.987005,32.43,1.8968923405494407,1.221724486604409,0.0,-0.011403997162269251,0.0,0.0,-0.00570196768320652,0.9999837436501354,0.21398263984752247,-0.0007121619974920907,0.0,0.0,0.0,-0.069103864902603
2026-08-24T01:06:51.015000,32.45,1.9011771571427178,1.2216373732459411,0.0,-0.02109266222248163,0.0,0.0,-0.010546135609539467,0.9999443879655034,0.21398644937097555,-0.0007119476280642557,0.0,0.0,0.0,-0.08308990283583653
2026-08-24T01:06:51.042741,32.47,1.905460941188962,1.2215091771954423,0.0,-0.030774658364681517,0.0,0.0,-0.015386721980132162,0.9998816173861315,0.21399021095818763,-0.0007117513205156117,0.0,0.0,0.0,-0.06312523755149614
2026-08-24T01:06:51.073808,32.49,1.9097432990958476,1.221339917180358,0.0,-0.04012275317627312,0.0,0.0,-0.020060030968854312,0.9997987773334835,0.2139939253712696,-0.0007111573579692693,0.0,0.0,0.0,-0.06184724869186501
2026-08-24T01:06:51.101292,32.5,1.9118853497404922,1.2212417982172112,0.0,-0.04908913302039819,0.0,0.0,-0.024542102163728197,0.999698797249144,0.2142857132934534,-0.000708697322216603,0.0,0.0,0.0,-0.06705479281861823
2026-08-24T01:06:51.130842,32.53,1.9183021682017238,1.220878376648988,0.0,-0.05938385209694853,0.0,0.0,-0.02968756345529208,0.9995592271476903,0.2140012145495963,-0.0007104776057975673,0.0,0.0,0.0,-0.07430321791639152
2026-08-24T01:06:51.155141,32.54,1.9204419107310031,1.220739257935814,0.0,-0.06824138178302654,0.0,0.0,-0.03411407060297723,0.9994179456998433,0.21428571330559043,-0.0007080065177301001,0.0,0.0,0.0,-0.07594908611391593
2026-08-24T01:06:51.186849,32.57,1.926849602016835,1.2202403533899313,0.0,-0.08380200328800713,0.0,0.0,-0.04188874183117454,0.999122281458982,0.21400832183640678,-0.0007111404983042211,0.0,0.0,0.0,-0.2202669731697027
2026-08-24T01:06:51.210912,32.59,1.9311141607911075,1.2198148945867369,0.0,-0.10177894360145334,0.0,0.0,-0.05086750957536831,0.998705410253494,0.21401180857514662,-0.0007208200002740503,0.0,0.0,0.0,-0.24336117042546912
2026-08-24T01:06:51.236116,32.61,1.9353702833011694,1.2193119896186493,0.0,-0.11999740688307804,0.0,0.0,-0.05996271225403838,0.998200617681205,0.21401525145710093,-0.0007309153826988481,0.0,0.0,0.0,-0.23348576483355193
2026-08-24T01:06:51.267674,32.62,1.9374956889919417,1.219028540506271,0.0,-0.135995428834109,0.0,0.0,-0.06794532648055479,0.9976890460506473,0.21428571337630822,-0.0007389545323243926,0.0,0.0,0.0,-0.23101255137468377
2026-08-24T01:06:51.297432,32.65,1.9438512026630437,1.2180719118776104,0.0,-0.15660408425846573,0.0,0.0,-0.07822205228020017,0.9969359611013506,0.214022007767555,-0.0007510717278335692,0.0,0.0,0.0,-0.22176892235068454
2026-08-24T01:06:51.325333,32.66,1.9459647674656748,1.2177108312120695,0.0,-0.1727151510038838,0.0,0.0,-0.08625027836572931,0.9962735013448035,0.2142857134100729,-0.0007586768589109863,0.0,0.0,0.0,-0.21849151513753487
2026-08-24T01:06:51.352760,32.69,1.9522809397345287,1.2165216723486318,0.0,-0.1930531798122166,0.0,0.0,-0.09637676386159572,0.9953449248313703,0.2140285954680216,-0.0007704326186112745,0.0,0.0,0.0,-0.20584709745025181
2026-08-24T01:06:51.380757,32.71,1.9564733156395764,1.2156320632213662,0.0,-0.21110561835224176,0.0,0.0,-0.10535691740072325,0.9944344724293387,0.21403182734236945,-0.0007795489337229504,0.0,0.0,0.0,-0.1997184539631918
2026-08-24T01:06:51.409741,32.73,1.9606488954786196,1.214666694862505,0.0,-0.22915438565076363,0.0,0.0,-0.11432666370774376,0.9934432112433285,0.21403501859537943,-0.0007884694996837134,0.0,0.0,0.0,-0.19666475980498285
2026-08-24T01:06:51.442614,32.75,1.9648062051453399,1.2136254646307754,0.0,-0.24736552387919947,0.0,0.0,-0.12336766506991409,0.9923610326968696,0.2140381697329449,-0.0007972515398488721,0.0,0.0,0.0,-0.1924527583845934
2026-08-24T01:06:51.466912,32.77,1.9689436479435678,1.2125078983580668,0.0,-0.2657029591434284,0.0,0.0,-0.13246103024903627,0.9911882139459508,0.21404128126999183,-0.0008061747705579971,0.0,0.0,0.0,-0.19033776799444468
2026-08-24T01:06:51.495161,32.79,1.9730598500334673,1.2113144778797185,0.0,-0.284084282596893,0.0,0.0,-0.1415649832478773,0.989928964884869,0.2140443536943654,-0.0008149488516168202,0.0,0.0,0.0,-0.1922203504027925
2026-08-24T01:06:51.524849,32.81,1.9771534197157872,1.2100456028408555,0.0,-0.30250393580608487,0.0,0.0,-0.15067592468682892,0.988583211328095,0.21404738750042368,-0.000823570821853578,0.0,0.0,0.0,-0.19706564819190436
2026-08-24T01:06:51.555965,32.83,1.981222973140907,1.208701699364597,0.0,-0.32096977299997453,0.0,0.0,-0.15979688104857276,0.9871499160751361,0.2140503831737344,-0.0008320362428940665,0.0,0.0,0.0,-0.20980483064069202
2026-08-24T01:06:51.589256,32.84,1.9832489193505847,1.207999973890994,0.0,-0.3373206347099443,0.0,0.0,-0.16786182683456616,0.9858105330598583,0.2142857135770017,-0.0008380487424157354,0.0,0.0,0.0,-0.2210561858677799
2026-08-24T01:06:51.626244,32.87,1.9892845684389149,1.205790727215771,0.0,-0.35822540954734367,0.0,0.0,-0.17815654325396188,0.9840021575666382,0.2140562620391405,-0.0008486436856436086,0.0,0.0,0.0,-0.27532195026400696
2026-08-24T01:06:51.651936,32.89,1.993273911803254,1.2042247015947571,0.0,-0.37705167350328933,0.0,0.0,-0.18741105573767994,0.9822815768338976,0.21405914616885158,-0.0008568206184000369,0.0,0.0,0.0,-0.3243463589626327
2026-08-24T01:06:51.678831,32.91,1.9972340381941,1.2025862005435493,0.0,-0.3957890127938768,0.0,0.0,-0.1966053680488059,0.9804827021699024,0.21406199405000534,-0.0008648491360843514,0.0,0.0,0.0,-0.3849481401670216
2026-08-24T01:06:51.704902,32.93,2.001163860257777,1.200876304444347,0.0,-0.41432907659021545,0.0,0.0,-0.20568589636529103,0.9786180623902293,0.21406480612478326,-0.0008723808891853332,0.0,0.0,0.0,-0.3843080039491165
2026-08-24T01:06:51.736610,32.96,2.0069987350787004,1.1981758045886035,0.0,-0.4470007438263242,0.0,0.0,-0.2216442831876531,0.9751275874111199,0.2142857136246852,-0.0008842875975217707,0.0,0.0,0.0,-0.3674272685983135
2026-08-24T01:06:51.762040,32.97,2.0089262526416536,1.1972420075869215,0.0,-0.45057269548105555,0.0,0.0,-0.2233854830711637,0.9747301811029875,0.21407032459677494,-0.0008866875738685216,0.0,0.0,0.0,-0.34422578926699354
2026-08-24T01:06:51.786904,32.99,2.012756396570451,1.195319191511331,0.0,-0.4685471117278111,0.0,0.0,-0.23213644679595155,0.9726832321310728,0.21407303195568678,-0.0008934965458390249,0.0,0.0,0.0,-0.30648726905248025
2026-08-24T01:06:51.814459,33.0,2.014658780707938,1.1943306146548778,0.0,-0.4833427990564987,0.0,0.0,-0.23932578748403632,0.9709393222262377,0.21428571364091442,-0.0008975922118352341,0.0,0.0,0.0,-0.2881888650432862
2026-08-24T01:06:51.843564,33.03,2.020309205757994,1.1912672907577668,0.0,-0.5042739710745852,0.0,0.0,-0.2494739446001837,0.9683815110614331,0.2140783450153717,-0.0009062034586359154,0.0,0.0,0.0,-0.2865307155951876
2026-08-24T01:06:51.865561,33.05,2.0240290642160605,1.1891389483518995,0.0,-0.5225625820284154,0.0,0.0,-0.2583185673231598,0.96605978995925,0.21408095150995957,-0.0009127766188611271,0.0,0.0,0.0,-0.36583785457327145
2026-08-24T01:06:51.895708,33.07,2.027705098598101,1.1869358043782403,0.0,-0.5443252563050041,0.0,0.0,-0.26881508939123633,0.9631918021430527,0.2140835254796209,-0.0009201553748570385,0.0,0.0,0.0,-0.37745725005654795
2026-08-24T01:06:51.921420,33.09,2.0313262928287417,1.184643545185157,0.0,-0.5680921654347407,0.0,0.0,-0.28024188567743025,0.9599294169427032,0.2140860666879692,-0.0009330878958499186,0.0,0.0,0.0,-0.3701190341116061
2026-08-24T01:06:51.952305,33.11,2.034890838484744,1.182264146466971,0.0,-0.5922546296416195,0.0,0.0,-0.29181828238909785,0.9564737790778568,0.21408857614872634,-0.0009464520058457945,0.0,0.0,0.0,-0.3657513068768383
2026-08-24T01:06:51.979601,33.13,2.038396293344355,1.1797985223015677,0.0,-0.6166298476414656,0.0,0.0,-0.30345344948544783,0.9528462646174265,0.21409105407859982,-0.0009598580796733951,0.0,0.0,0.0,-0.3509415341881584
2026-08-24T01:06:52.003005,33.15,2.0418404293045187,1.1772479489805554,0.0,-0.6407924596211627,0.0,0.0,-0.31494265128301013,0.9491107029229142,0.21409350085905718,-0.0009729531200586574,0.0,0.0,0.0,-0.33696001916035484
2026-08-24T01:06:52.030999,33.16,2.043537572400294,1.1759380762039608,0.0,-0.6618594601012528,0.0,0.0,-0.3249224522130388,0.9457406621520857,0.21428571359817983,-0.0009834112072451004,0.0,0.0,0.0,-0.3116961803955292
2026-08-24T01:06:52.056039,33.19,2.0485364717465093,1.1718980093975064,0.0,-0.6892949219860008,0.0,0.0,-0.3378648904329142,0.9411946216446176,0.21409830258503587,-0.000998948202732261,0.0,0.0,0.0,-0.2831698940229499
2026-08-24T01:06:52.085128,33.21,2.0517843570544647,1.169101823514727,0.0,-0.7135530149078103,0.0,0.0,-0.3492555518423726,0.9370275126736033,0.21410065829931002,-0.0010113547428903134,0.0,0.0,0.0,-0.26398578229721237
2026-08-24T01:06:52.112675,33.23,2.0549633263574,1.1662275326899336,0.0,-0.737590660505457,0.0,0.0,-0.3604920232954083,0.9327622961614512,0.21410298435065053,-0.0010235372164163108,0.0,0.0,0.0,-0.25410563588447393
2026-08-24T01:06:52.137333,33.25,2.05807195305579,1.1632773190084107,0.0,-0.7617252845744962,0.0,0.0,-0.3717214366884022,0.9283443184004038,0.21410528119029287,-0.0010351105617913837,0.0,0.0,0.0,-0.23254928320240037
2026-08-24T01:06:52.166065,33.26,2.0595976118257027,1.1617712903669954,0.0,-0.7837560771255296,0.0,0.0,-0.38192475851598456,0.9241934206823303,0.21428571370262678,-0.0010441514840908693,0.0,0.0,0.0,-0.22098651376058434
2026-08-24T01:06:52.193451,33.29,2.0640677304148007,1.1571528644144078,0.0,-0.8103328265109658,0.0,0.0,-0.394171705736255,0.9190368144949207,0.21410978862662983,-0.0010584751060293553,0.0,0.0,0.0,-0.19861395014748456
2026-08-24T01:06:52.218953,33.31,2.0669520281160683,1.153982987257685,0.0,-0.8343839133715306,0.0,0.0,-0.4051948555185867,0.9142303479218307,0.2141119999432439,-0.0010697900731480507,0.0,0.0,0.0,-0.1893474789348279
2026-08-24T01:06:52.246518,33.33,2.069759798504431,1.1507451413521252,0.0,-0.858248675635862,0.0,0.0,-0.41607469577417033,0.909330439134439,0.21411418345478153,-0.0010803059130561,0.0,0.0,0.0,-0.1863417890041922
2026-08-24T01:06:52.273776,33.35,2.0724885589980073,1.1474404395593696,0.0,-0.8824383881798677,0.0,0.0,-0.42704221610792137,0.9042316880432998,0.21411633951837566,-0.0010906828282888886,0.0,0.0,0.0,-0.17817945298469326
2026-08-24T01:06:52.304419,33.37,2.0751353261381786,1.1440697070479406,0.0,-0.9068602979514089,0.0,0.0,-0.43805163687744403,0.898949811407173,0.21411846849203078,-0.0011014564400081681,0.0,0.0,0.0,-0.17013812478939358
2026-08-24T01:06:52.333469,33.39,2.077698643353957,1.1406350894077917,0.0,-0.9313033333270914,0.0,0.0,-0.4490051799061454,0.8935291536471823,0.21412057070074755,-0.0011120584787140608,0.0,0.0,0.0,-0.16306488335949612
2026-08-24T01:06:52.363466,33.41,2.0801769794440443,1.13713865976224,0.0,-0.9557539537738432,0.0,0.0,-0.45989502556241507,0.8879732909625974,0.21412264648504759,-0.0011224550650641367,0.0,0.0,0.0,-0.15644540852183653
2026-08-24T01:06:52.386321,33.43,2.082568850976467,1.1335825244578321,0.0,-0.980202663823293,0.0,0.0,-0.47071529423004643,0.8822851646593185,0.21412469617777558,-0.0011326526605929816,0.0,0.0,0.0,-0.15017524407359079
2026-08-24T01:06:52.415358,33.45,2.084872878655827,1.1299688586075278,0.0,-1.0046462675225527,0.0,0.0,-0.4814629847308453,0.8764664251037034,0.21412672010649628,-0.0011426347783121036,0.0,0.0,0.0,-0.14419997826480924
2026-08-24T01:06:52.439481,33.47,2.0870877474616685,1.1262998727134634,0.0,-1.0290722485262918,0.0,0.0,-0.49213108838075653,0.8705211036207979,0.21412871859521496,-0.0011523912654137164,0.0,0.0,0.0,-0.13838609983065894
2026-08-24T01:06:52.466056,33.49,2.0892122124933636,1.1225778132300486,0.0,-1.0534850873196022,0.0,0.0,-0.5027201077028243,0.8644492427616909,0.21413069196406778,-0.001161921744064141,0.0,0.0,0.0,-0.1339381069119454
2026-08-24T01:06:52.493189,33.51,2.0912451009323174,1.118804960132458,0.0,-1.0778753339297795,0.0,0.0,-0.5132245294433444,0.8582543809254094,0.2141326405280837,-0.0011712307375090533,0.0,0.0,0.0,-0.12976463352754086
2026-08-24T01:06:52.519053,33.53,2.0931853142728096,1.1149836245328117,0.0,-1.1022368745131093,0.0,0.0,-0.5236403970042799,0.8519393960988071,0.21413456459945665,-0.0011803154376538619,0.0,0.0,0.0,-0.12602302960983905
2026-08-24T01:06:52.548106,33.55,2.095031830215571,1.1111161459722187,0.0,-1.1265704106013334,0.0,0.0,-0.5339667334653555,0.8455054864117311,0.2141364644860492,-0.0011891780200683753,0.0,0.0,0.0,-0.13202488114785854
2026-08-24T01:06:52.579997,33.57,2.0967812257968204,1.1072037854314607,0.0,-1.1518189132475705,0.0,0.0,-0.5445977746705503,0.8386973612834874,0.21413834047355634,-0.0011979307295500272,0.0,0.0,0.0,-0.1282264510151629
2026-08-24T01:06:52.607675,33.59,2.098427495600307,1.1032469076559122,0.0,-1.1777757611080422,0.0,0.0,-0.555436573759283,0.8315589050275083,0.21414019291491107,-0.001208436240804527,0.0,0.0,0.0,-0.12489812718847766
2026-08-24T01:06:52.635838,33.61,2.0999703423475666,1.0992485723085659,0.0,-1.2037401830969967,0.0,0.0,-0.5661849383080029,0.8242782392088019,0.21414202205556818,-0.001218741229003801,0.0,0.0,0.0,-0.121410364458074
2026-08-24T01:06:52.661880,33.63,2.101408723408124,1.0952114820622758,0.0,-1.2297122842587414,0.0,0.0,-0.576841017026841,0.8168564384733953,0.21414382820467612,-0.0012288370890871452,0.0,0.0,0.0,-0.11899685240868249
2026-08-24T01:06:52.688318,33.65,2.1027416666144294,1.091138365722795,0.0,-1.2556870203017354,0.0,0.0,-0.5874008862802065,0.809296113173187,0.21414561165344717,-0.001238730761062198,0.0,0.0,0.0,-0.11699514110837152
2026-08-24T01:06:52.716345,33.67,2.1039682710833656,1.0870319764548657,0.0,-1.2816802603304402,0.0,0.0,-0.5978690953688737,0.8015937529714192,0.21414737269028977,-0.0012484271159434502,0.0,0.0,0.0,-0.1180596495254955
2026-08-24T01:06:52.741766,33.68,2.104540252368556,1.084966167022957,0.0,-1.3065082760988849,0.0,0.0,-0.6077737634613422,0.7941102268879532,0.21428571394518844,-0.0012548895795197739,0.0,0.0,0.0,-0.12075475795557583
2026-08-24T01:06:52.768374,33.71,2.106099219617672,1.0787305022255902,0.0,-1.3338356443999027,0.0,0.0,-0.6185671634986382,0.7857319289943925,0.21415082864002138,-0.0012673082745628878,0.0,0.0,0.0,-0.16899807307019968
2026-08-24T01:06:52.795559,33.72,2.1065632333489654,1.0766378168445014,0.0,-1.3585082765561531,0.0,0.0,-0.6282128874434896,0.7780414950694555,0.21428571382587844,-0.0012737963549572882,0.0,0.0,0.0,-0.16531650426587288
2026-08-24T01:06:52.820023,33.75,2.1077958058349577,1.0703295001073216,0.0,-1.3864723516747124,0.0,0.0,-0.639029732412629,0.7691820337817595,0.21415419821267115,-0.001285858250845398,0.0,0.0,0.0,-0.19015847872473196
2026-08-24T01:06:52.851323,33.77,2.108479738924888,1.066098765250804,0.0,-1.4123644817586816,0.0,0.0,-0.6489337847602474,0.760844887606364,0.21415585130322687,-0.001294500018518618,0.0,0.0,0.0,-0.19412596983955974
2026-08-24T01:06:52.875189,33.79,2.1090534535808807,1.0618516823369772,0.0,-1.4386431277609335,0.0,0.0,-0.6588744680997579,0.7522529064658117,0.21415748364270915,-0.001303142716806981,0.0,0.0,0.0,-0.24040925227856688
2026-08-24T01:06:52.901684,33.81,2.109516561664614,1.0575911222101282,0.0,-1.4652354486388262,0.0,0.0,-0.6688180090767919,0.7434261703320353,0.2141590954987411,-0.0013118315444546804,0.0,0.0,0.0,-0.29397423858256894
2026-08-24T01:06:52.929794,33.83,2.109868753282541,1.053319965159079,0.0,-1.4916972666130361,0.0,0.0,-0.6785953863276748,0.7345122882939358,0.21416068701957366,-0.0013202618221568407,0.0,0.0,0.0,-0.34119628791775003
2026-08-24T01:06:52.955541,33.85,2.110109789623416,1.0490410980944034,0.0,-1.51812461273374,0.0,0.0,-0.6882414682240857,0.725481689236024,0.21416225854449147,-0.0013285222582006615,0.0,0.0,0.0,-0.11995997298569056
2026-08-24T01:06:52.983751,33.86,2.1101091639255514,1.0490404888489362,0.0,-1.5275082885921096,0.0,0.0,-0.6916377230083506,0.7222445985341974,4.2347389164754917e-07,-0.0013043212654668675,0.0,0.0,0.0,-0.0012829759615439473
2026-08-24T01:06:53.015952,33.89,2.1100960499782007,1.0490471796563832,0.0,-1.5275237409889695,0.0,0.0,-0.6916433031927904,0.7222392547823511,-0.00145018851809589,-0.001282668325027422,0.0,0.0,0.0,-0.00134049623877952
2026-08-24T01:06:53.042381,33.91,2.110096296473786,1.0490470991046215,0.0,-1.5275205713951512,0.0,0.0,-0.6916421585893833,0.7222403508956132,-0.001431960276856609,-0.0012583337990619203,0.0,0.0,0.0,-0.0014187839827997863
2026-08-24T01:06:53.070984,33.93,2.11009653947822,1.0490470195483108,0.0,-1.5275195715357441,0.0,0.0,-0.6916417975198923,0.7222406966679822,-0.0014139611558470243,-0.0012343448283172423,0.0,0.0,0.0,-0.0015299015782706824
2026-08-24T01:06:53.097255,33.95,2.1100967790305,1.049046940974742,0.0,-1.5275219932280701,0.0,0.0,-0.6916426720417616,0.7222398591956362,-0.0013961882759694752,-0.0012106975564545924,0.0,0.0,0.0,-0.001668944765643917
2026-08-24T01:06:53.128129,33.97,2.1100970151694582,1.0490468633713663,0.0,-1.5275208150191195,0.0,0.0,-0.6916422465669083,0.7222402666453042,-0.0013786387935068691,-0.0011873881428590978,0.0,0.0,0.0,-0.0010033005092661659
2026-08-24T01:06:53.155031,33.99,2.110097247931749,1.0490467867257176,0.0,-1.5275224358935096,0.0,0.0,-0.691642831897057,0.7222397061124647,-0.0013613099004228409,-0.0011644129650013582,0.0,0.0,0.0,-0.002020103185938005
2026-08-24T01:06:53.182835,34.01,2.11009747735755,1.04904671102566,0.0,-1.5275209030954364,0.0,0.0,-0.6916422783730389,0.7222402361866526,-0.0013441988240240948,-0.0011417680459844942,0.0,0.0,0.0,-0.0012575058844311697
2026-08-24T01:06:53.212517,34.03,2.1100977034818245,1.0490466362590043,0.0,-1.5275248413775915,0.0,0.0,-0.6916437005646149,0.7222388742440311,-0.0013273028264296223,-0.001119449931528547,0.0,0.0,0.0,-0.0015639945839650204
2026-08-24T01:06:53.238221,34.04,2.110109163869034,1.0490404899018988,0.0,-1.5275082953333976,0.0,0.0,-0.69163772544278,0.7222445962029329,-5.165568740111966e-09,-0.0010953878974679359,0.0,0.0,0.0,-0.0013035016437542395
2026-08-24T01:06:53.264740,34.07,2.110325810310823,1.0447599721260654,0.0,-1.5132398461398426,0.0,0.0,-0.6864675128652618,0.7271604731973416,0.2143378821630808,-0.001059242542854362,0.0,0.0,0.0,0.1385298078976819
2026-08-24T01:06:53.291087,34.09,2.1106786570334637,1.040488256872605,0.0,-1.4870032927917187,0.0,0.0,-0.6768696282152001,0.736102918347575,0.2143376524272884,-0.0010052578333737273,0.0,0.0,0.0,0.1654175508279062
2026-08-24T01:06:53.314955,34.11,2.1111424269080215,1.03622717675496,0.0,-1.4606774133187126,0.0,0.0,-0.6671219922789522,0.7449484864188675,0.2143369995786782,-0.0009520670650683729,0.0,0.0,0.0,0.20400926189603547
2026-08-24T01:06:53.345450,34.12,2.1114387856259818,1.0341046254448945,0.0,-1.4365083139743102,0.0,0.0,-0.6580711329676191,0.7529557649388934,0.21428571444878597,-0.0008983561761194532,0.0,0.0,0.0,0.22819520206469132
2026-08-24T01:06:53.376518,34.15,2.1124014072513653,1.0277484155234367,0.0,-1.4075795120335612,0.0,0.0,-0.6471116193781077,0.7623952728511917,0.2143357183537688,-0.000847895864149901,0.0,0.0,0.0,0.3378831950676294
2026-08-24T01:06:53.400805,34.17,2.1131957668433397,1.0235364646589549,0.0,-1.3805445029036696,0.0,0.0,-0.6367471314763394,0.7710726882445346,0.21433508979494564,-0.0007967749508123957,0.0,0.0,0.0,0.47575344476324444
2026-08-24T01:06:53.428575,34.19,2.1140993500670215,1.0193466005539367,0.0,-1.3525955198113153,0.0,0.0,-0.6259099604026052,0.7798953272515545,0.2143344691206929,-0.0007460214703616358,0.0,0.0,0.0,0.7229456340818687
2026-08-24T01:06:53.458038,34.21,2.115111547747458,1.0151816555203164,0.0,-1.3253877658912765,0.0,0.0,-0.6152427713042726,0.7883377019766583,0.2143338561918396,-0.0006954062710549508,0.0,0.0,0.0,0.5612947801731196
2026-08-24T01:06:53.483670,34.23,2.1162316343800307,1.01104443362733,0.0,-1.300730317725088,0.0,0.0,-0.6054770624358689,0.7958627562991191,0.21433325144316437,-0.0006491489316988846,0.0,0.0,0.0,0.6890323654349738
2026-08-24T01:06:53.511129,34.24,2.116851257512072,1.008992894020322,0.0,-1.2805083070024526,0.0,0.0,-0.5973992775177607,0.8019439526683007,0.2142857142683734,-0.000600214022981642,0.0,0.0,0.0,0.7649038853801928
2026-08-24T01:06:53.535162,34.27,2.1187925334274738,1.0028643633144079,0.0,-1.245876837612958,0.0,0.0,-0.5834241644434242,0.8121676208415922,0.21433206362922394,-0.000552970720245694,0.0,0.0,0.0,0.8976041061222705
2026-08-24T01:06:53.560890,34.29,2.120231579211298,0.9988270337079894,0.0,-1.2192590185472294,0.0,0.0,-0.5725637488010555,0.8198602036682119,0.21433148105539243,-0.0005066432463856969,0.0,0.0,0.0,0.9470903916944302
2026-08-24T01:06:53.590692,34.31,2.1217750847837866,0.99482848760796,0.0,-1.1928630553328852,0.0,0.0,-0.5616936972646495,0.8273452667738955,0.2143309057878563,-0.0004612124180371791,0.0,0.0,0.0,0.9782620183943629
2026-08-24T01:06:53.619618,34.33,2.1234220070219605,0.9908714272412686,0.0,-1.166614588124023,0.0,0.0,-0.5507873625104075,0.8346456022161914,0.21433033774723717,-0.00041661790425929964,0.0,0.0,0.0,0.9948646932071098
2026-08-24T01:06:53.646740,34.35,2.1251712324748246,0.9869585266532239,0.0,-1.140552903871372,0.0,0.0,-0.5398647732643731,0.8417517606683143,0.21432977684037782,-0.0003728467251127966,0.0,0.0,0.0,0.9934237503843766
2026-08-24T01:06:53.677229,34.37,2.127021578614872,0.9830924300710638,0.0,-1.1146065546319823,0.0,0.0,-0.5288994571381436,0.8486844903961525,0.21432922300185409,-0.000329880319959775,0.0,0.0,0.0,0.9844046557513901
2026-08-24T01:06:53.698003,34.39,2.128971794954165,0.9792757502893165,0.0,-1.0887838852542908,0.0,0.0,-0.517898028244336,0.8554423606185452,0.2143286761129418,-0.0002876584799267547,0.0,0.0,0.0,0.9563639970115027
2026-08-24T01:06:53.731127,34.42,2.1320954696160666,0.9736571655310562,0.0,-1.04650830265922,0.0,0.0,-0.499701516942991,0.8661976644882354,0.2142857143387734,-0.00020694612175449546,0.0,0.0,0.0,0.915245831971037
2026-08-24T01:06:53.753262,34.43,2.1331664961544883,0.971800921796845,0.0,-1.0376209993766035,0.0,0.0,-0.49584751538189814,0.8684096046737382,0.21432760284727678,-0.00020561032921447196,0.0,0.0,0.0,0.8579879053885929
2026-08-24T01:06:53.777205,34.44,2.1342888862388265,0.9699753868258169,0.0,-1.020508303597571,0.0,0.0,-0.48839904070056817,0.872620408335013,0.21428571432528956,-0.00016721486324187395,0.0,0.0,0.0,0.8218029005823337
2026-08-24T01:06:53.805838,34.47,2.1377439950361574,0.9645542424032422,0.0,-0.9870365471389912,0.0,0.0,-0.4737272573836428,0.8806716105403716,0.21432655639011827,-0.00012665412480195864,0.0,0.0,0.0,0.7088016190555254
2026-08-24T01:06:53.836021,34.49,2.140172466894115,0.9610226051008478,0.0,-0.9618543219142377,0.0,0.0,-0.46260136400621094,0.886566397975692,0.2143260430160333,-8.818573683948934e-05,0.0,0.0,0.0,0.6167541789333122
2026-08-24T01:06:53.861885,34.51,2.142691918188534,0.9575552981548557,0.0,-0.9369089667471374,0.0,0.0,-0.45150781142774,0.8922671663911725,0.21432553608201718,-5.048713033227149e-05,0.0,0.0,0.0,0.4911794585501544
2026-08-24T01:06:53.890260,34.53,2.145300644898058,0.9541546638557393,0.0,-0.9123985193720939,0.0,0.0,-0.44053924576373377,0.897733352918293,0.21432503556070007,-1.3672226429186026e-05,0.0,0.0,0.0,0.34620321290153144
2026-08-24T01:06:53.916911,34.55,2.147996886088266,0.9508230020337508,0.0,-0.887409947541502,0.0,0.0,-0.42928861518226347,0.9031673626050127,0.21432454137280438,2.257452312033968e-05,0.0,0.0,0.0,0.3023879134302068
2026-08-24T01:06:53.947331,34.57,2.1507788242618338,0.9475625685214637,0.0,-0.8612740922839272,0.0,0.0,-0.41744977092517743,0.9086999993146896,0.21432405341405583,5.8933077026537234e-05,0.0,0.0,0.0,0.41421720915404886
2026-08-24T01:06:53.979369,34.59,2.1536445823152888,0.9443755704272045,0.0,-0.8330685291722246,0.0,0.0,-0.40459348584952687,0.9144966436286842,0.21432357157904375,9.591660186909587e-05,0.0,0.0,0.0,0.6755442946185929
2026-08-24T01:06:54.005147,34.61,2.156592217090803,0.9412641570373385,0.0,-0.8045183804544118,0.0,0.0,-0.39149819875127373,0.9201788741187814,0.21432309577264666,0.00013279048977470761,0.0,0.0,0.0,0.736085203691217
2026-08-24T01:06:54.035999,34.63,2.159619714837006,0.9382304102445935,0.0,-0.7797913130842629,0.0,0.0,-0.3800919048441555,0.9249487249961165,0.21432262570849306,0.00016658982895924568,0.0,0.0,0.0,0.62838244782555
2026-08-24T01:06:54.064530,34.65,2.1627250492879693,0.9352763985317294,0.0,-0.754487314085722,0.0,0.0,-0.3683593454067686,0.9296834905770334,0.21432216175317859,0.00020005709144793891,0.0,0.0,0.0,0.5760684784682488
2026-08-24T01:06:54.093042,34.67,2.1659061210715027,0.932404118019105,0.0,-0.7289877346957675,0.0,0.0,-0.35647645824055796,0.9343043052026827,0.21432170363963715,0.0002331672902380977,0.0,0.0,0.0,0.5284969863488245
2026-08-24T01:06:54.119203,34.69,2.1691607786219507,0.9296155083582269,0.0,-0.7034466979673125,0.0,0.0,-0.3445161644726792,0.9387803856158445,0.21432125129935511,0.0002657379892214388,0.0,0.0,0.0,0.4843196781587377
2026-08-24T01:06:54.145615,34.71,2.172486821927611,0.9269124539169784,0.0,-0.677865125562322,0.0,0.0,-0.3324805709224186,0.9431101048971443,0.214320804648705,0.00029776681624899226,0.0,0.0,0.0,0.44487799367120534
2026-08-24T01:06:54.174174,34.73,2.17588200285599,0.9242967813798876,0.0,-0.6522313853073053,0.0,0.0,-0.32036587385835036,0.9472938862185143,0.2143203636156859,0.0003292695453796177,0.0,0.0,0.0,-0.13217937714362565
2026-08-24T01:06:54.196988,34.75,2.1792939145562156,0.9217032894598726,0.0,-0.6597030574818405,0.0,0.0,-0.323902564725942,0.9460904441774882,0.21431992807093803,0.00035342217900910517,0.0,0.0,0.0,-0.3073476121724503
2026-08-24T01:06:54.229495,34.77,2.18261966186872,0.918999616784668,0.0,-0.6855961038062087,0.0,0.0,-0.33612365973470737,0.9418178620978404,0.21431949796670857,0.0003188437323300355,0.0,0.0,0.0,-0.35948914577421476
2026-08-24T01:06:54.252041,34.79,2.1858739888308345,0.9162104017506766,0.0,-0.7110243892038213,0.0,0.0,-0.34807057709085676,0.9374683319257445,0.21431907348840823,0.000283979314487968,0.0,0.0,0.0,-0.26960653229763853
2026-08-24T01:06:54.280908,34.81,2.189054703921364,0.9133375392967399,0.0,-0.7373613729783565,0.0,0.0,-0.36038508554650484,0.9328036181939039,0.21431865410016898,0.00025003974645162466,0.0,0.0,0.0,-0.29933731587349266
2026-08-24T01:06:54.307772,34.83,2.192159655356556,0.9103829685173609,0.0,-0.7636081329998916,0.0,0.0,-0.372595237653827,0.9279939595049572,0.21431824004715988,0.00021664992840045096,0.0,0.0,0.0,-0.3193014276367724
2026-08-24T01:06:54.328787,34.84,2.1936717930919056,0.9088644205252194,0.0,-0.7865082807193291,0.0,0.0,-0.38319618072445366,0.9236669784495881,0.2142857145299268,0.00018139373628626735,0.0,0.0,0.0,-0.3269145329771094
2026-08-24T01:06:54.362895,34.87,2.1981339269160904,0.9042367445657212,0.0,-0.8158869289827246,0.0,0.0,-0.3967223948495243,0.9179386370694166,0.21431742750108515,0.00015149928073116166,0.0,0.0,0.0,-0.34171226339435423
2026-08-24T01:06:54.388312,34.89,2.200999209580768,0.9010492457549828,0.0,-0.8419572468471097,0.0,0.0,-0.40865382788486626,0.9126894592110978,0.21431702887483403,0.0001196982042978709,0.0,0.0,0.0,-0.34755503459292864
2026-08-24T01:06:54.415657,34.91,2.203780656534536,0.8977883446908151,0.0,-0.8679961949466631,0.0,0.0,-0.42050159462422754,0.9072917992126248,0.21431663525989644,8.838653895084633e-05,0.0,0.0,0.0,-0.34985989120573063
2026-08-24T01:06:54.444346,34.92,2.205127958449457,0.8961218471717646,0.0,-0.8905082810940872,0.0,0.0,-0.4306872563656293,0.9025012394474851,0.2142857145199381,5.568561762233781e-05,0.0,0.0,0.0,-0.3508275331803689
2026-08-24T01:06:54.470528,34.95,2.2090845828230314,0.8910552007797465,0.0,-0.9200126880688974,0.0,0.0,-0.44395379154449804,0.8960496810854096,0.21431586281158943,2.7220504228637288e-05,0.0,0.0,0.0,-0.3500248874463437
2026-08-24T01:06:54.495059,34.97,2.2116034777813667,0.8875875090327612,0.0,-0.9460000671206918,0.0,0.0,-0.4555589781204513,0.8902056040341749,0.21431548385434673,-2.6636772914413553e-06,0.0,0.0,0.0,-0.3477424176974579
2026-08-24T01:06:54.522304,34.99,2.214031370969922,0.884055514374197,0.0,-0.9719698471264007,0.0,0.0,-0.46707947038256087,0.8842153404839493,0.2143151096604743,-3.2083219077790574e-05,0.0,0.0,0.0,-0.3441982716460922
2026-08-24T01:06:54.550332,35.01,2.216366621659001,0.8804616041649115,0.0,-0.9979270691998652,0.0,0.0,-0.47851569729201365,0.8780789984079667,0.21431474017005267,-6.104993369762474e-05,0.0,0.0,0.0,-0.33943128564196345
2026-08-24T01:06:54.577593,35.03,2.218607651779005,0.8768082076427047,0.0,-1.023872754717678,0.0,0.0,-0.48986629330747405,0.8717975766662786,0.21431437532390937,-8.95696261473436e-05,0.0,0.0,0.0,-0.33322670149499073
2026-08-24T01:06:54.603494,35.05,2.220752946974337,0.8730977942645041,0.0,-1.049805992881173,0.0,0.0,-0.5011290628134167,0.8653725569971275,0.21431401506366946,-0.00011764405592823393,0.0,0.0,0.0,-0.3263756097653766
2026-08-24T01:06:54.632476,35.07,2.222801057496399,0.8693328719606764,0.0,-1.0757313825724824,0.0,0.0,-0.5123042069158046,0.8588040519096125,0.21431365933163748,-0.0001452861081351203,0.0,0.0,0.0,-0.31771574384489376
2026-08-24T01:06:54.661132,35.09,2.224750599458417,0.8655159855969722,0.0,-1.1016326650205672,0.0,0.0,-0.5233829981774815,0.8520975514685807,0.2143133080708457,-0.00017248806152703669,0.0,0.0,0.0,-0.30759480146779217
2026-08-24T01:06:54.686222,35.11,2.2266002553723103,0.8616497150345593,0.0,-1.1275258403715516,0.0,0.0,-0.5343705830776164,0.8452503060876632,0.2143129612250774,-0.00019926721646111158,0.0,0.0,0.0,-0.2950262269612249
2026-08-24T01:06:54.714296,35.13,2.228348775551643,0.8577366736511846,0.0,-1.1533727091815962,0.0,0.0,-0.5452491925283703,0.838274011315608,0.214312618740405,-0.000225608045237344,0.0,0.0,0.0,-0.2763225569760343
2026-08-24T01:06:54.739545,35.15,2.2299949786538815,0.8537795064031762,0.0,-1.179154547316919,0.0,0.0,-0.5560097126997543,0.8311757933094158,0.21431228056584836,-0.00025149695174732866,0.0,0.0,0.0,-0.25103905990738984
2026-08-24T01:06:54.767350,35.17,2.231537752324578,0.8497808879814511,0.0,-1.2048629864927927,0.0,0.0,-0.5666476002639479,0.8239602521451561,0.21431194664239156,-0.0002769385704269707,0.0,0.0,0.0,-0.2173923832858554
2026-08-24T01:06:54.794512,35.19,2.2329760542238173,0.8457435211267712,0.0,-1.2304822499127868,0.0,0.0,-0.5771554499727124,0.8166343040595319,0.21431161691677122,-0.00030192556644302533,0.0,0.0,0.0,-0.1746054111700297
2026-08-24T01:06:54.819398,35.21,2.234308912525191,0.8416701347197801,0.0,-1.255996308560363,0.0,0.0,-0.587526032148697,0.8092052653978521,0.21431129133646618,-0.00032646083325214934,0.0,0.0,0.0,-0.12042651389509684
2026-08-24T01:06:54.846898,35.22,2.2349254041866597,0.8396178098048599,0.0,-1.280508276699572,0.0,0.0,-0.5973992653671546,0.80194396171976,0.21428571453860326,-0.00035076364011501436,0.0,0.0,0.0,-0.09123470228769434
2026-08-24T01:06:54.870774,35.25,2.2366547639955967,0.8334263375268667,0.0,-1.3074391945643158,0.0,0.0,-0.6081433235471044,0.7938272469656619,0.2143106523972351,-0.0003745985787027303,0.0,0.0,0.0,-0.06462134823863903
2026-08-24T01:06:54.899061,35.27,2.237676101925205,0.8292639346114457,0.0,-1.3299920924290969,0.0,0.0,-0.6170560214231269,0.7869192248416997,0.21431033894497253,-0.0003979147712233201,0.0,0.0,0.0,-0.07237017014851319
2026-08-24T01:06:54.926686,35.28,2.2381511629817594,0.827174443092901,0.0,-1.3492224333152367,0.0,0.0,-0.6245937436500731,0.7809498417908711,0.2142857145576417,-0.00041326935136791785,0.0,0.0,0.0,-0.07690422469185187
2026-08-24T01:06:54.951886,35.31,2.2394755493861003,0.8208838068007894,0.0,-1.3702299214919347,0.0,0.0,-0.6327620351268405,0.774346309413391,0.21430972381114502,-0.00042904362751205023,0.0,0.0,0.0,-0.10502147068255024
2026-08-24T01:06:54.979884,35.33,2.2402486529293784,0.8166683244748114,0.0,-1.390634602552777,0.0,0.0,-0.6406291117099363,0.7678504680142729,0.21430942203413136,-0.00044450707009355267,0.0,0.0,0.0,-0.15520435626666212
2026-08-24T01:06:55.004370,35.35,2.2409367817084096,0.8124381424185685,0.0,-1.4115364982372909,0.0,0.0,-0.6486187456444956,0.7611134756385286,0.2143091240453676,-0.0004600374982062559,0.0,0.0,0.0,-0.27614462363323256
2026-08-24T01:06:55.031873,35.37,2.2415397130167927,0.8081949822508829,0.0,-1.4327493727453189,0.0,0.0,-0.65665481327844,0.7541912596936252,0.2143088297264236,-0.00047583919620362516,0.0,0.0,0.0,-0.21639109567714013
2026-08-24T01:06:55.061439,35.39,2.2420572163957244,0.8039405613010632,0.0,-1.4517956955679925,0.0,0.0,-0.6638072138335102,0.7479037256643348,0.21430853927367705,-0.0004892416011688095,0.0,0.0,0.0,-0.27570307362704893
2026-08-24T01:06:55.087742,35.41,2.242488985204541,0.7996765888789675,0.0,-1.473176960219078,0.0,0.0,-0.6717646925030322,0.7407646035727589,0.21430825230256534,-0.0005045239780654226,0.0,0.0,0.0,-0.3821536524128271
2026-08-24T01:06:55.119734,35.43,2.242834755479505,0.7954047855221335,0.0,-1.494260079318468,0.0,0.0,-0.6795360376549685,0.7336421290576116,0.2143079690017332,-0.000519344623843244,0.0,0.0,0.0,-0.46456220150154776
2026-08-24T01:06:55.148295,35.45,2.243094355909219,0.7911268834699585,0.0,-1.5151481872240673,0.0,0.0,-0.6871610353686863,0.7265051351993563,0.21430768926752092,-0.0005338252851135924,0.0,0.0,0.0,-0.5329423021408606
2026-08-24T01:06:55.176079,35.47,2.2432677512964063,0.7868446242005305,0.0,-1.5357572911019133,0.0,0.0,-0.6946107304225412,0.7193858027386026,0.2143074130459014,-0.0005479571653479624,0.0,0.0,0.0,-0.555557311242091
2026-08-24T01:06:55.202687,35.49,2.243354708642614,0.7825597405755983,0.0,-1.5561194758065038,0.0,0.0,-0.7018987376855844,0.7122767453984323,0.21430714023993425,-0.000561604330100769,0.0,0.0,0.0,-0.5719997201046533
2026-08-24T01:06:55.231731,35.51,2.2433551022373206,0.7782739771803844,0.0,-1.5764610068556602,0.0,0.0,-0.7091067090944552,0.7051011807657336,0.2143068709305296,-0.0005750312302889163,0.0,0.0,0.0,-0.5848856107755931
2026-08-24T01:06:55.258923,35.53,2.2432688718390277,0.7739890838439591,0.0,-1.59679273782272,0.0,0.0,-0.716237908451632,0.6978561875464253,0.21430660500454496,-0.0005882404332708151,0.0,0.0,0.0,-0.5957167853273265
2026-08-24T01:06:55.284041,35.55,2.2430960258976587,0.769706812361705,0.0,-1.6171114579899821,0.0,0.0,-0.7232905967196697,0.6905437804345965,0.21430634242018437,-0.0006012284804620957,0.0,0.0,0.0,-0.6050463853936325
2026-08-24T01:06:55.313990,35.57,2.2428366264800954,0.7654289139697946,0.0,-1.6374188561956253,0.0,0.0,-0.7302647655607767,0.6831642351444226,0.21430608313605337,-0.0006139953706644168,0.0,0.0,0.0,-0.6132917115880963
2026-08-24T01:06:55.343878,35.59,2.2424907668332854,0.761157138920438,0.0,-1.6577230173576183,0.0,0.0,-0.7371625528407924,0.6757154509771447,0.21430582711066917,-0.0006265473569250821,0.0,0.0,0.0,-0.6201367579543697
2026-08-24T01:06:55.372698,35.61,2.2420585769259316,0.75689323558819,0.0,-1.6780203169226082,0.0,0.0,-0.7439820728526708,0.668199577427166,0.21430557430287672,-0.0006388797574815078,0.0,0.0,0.0,-0.6269792493083403
2026-08-24T01:06:55.398253,35.63,2.2415402309603225,0.7526389488115024,0.0,-1.6983156231097272,0.0,0.0,-0.7507243085919658,0.6606156314295892,0.21430532467283894,-0.0006510015117006711,0.0,0.0,0.0,-0.6334000981658284
2026-08-24T01:06:55.427738,35.65,2.2409359315021247,0.7483960205658344,0.0,-1.7186067158968967,0.0,0.0,-0.7573878636613738,0.6529652548018617,0.21430507818019148,-0.0006629182510085082,0.0,0.0,0.0,-0.6395234623196518
2026-08-24T01:06:55.452120,35.67,2.2402459254956826,0.7441661873376648,0.0,-1.7388973440109248,0.0,0.0,-0.7639733099527146,0.6452478451571096,0.2143048347859125,-0.0006746323291417955,0.0,0.0,0.0,-0.6454090783034214
2026-08-24T01:06:55.478921,35.69,2.2394704894252375,0.7399511812544879,0.0,-1.7591907822439554,0.0,0.0,-0.7704810188082264,0.6374629398296323,0.21430459445088654,-0.0006861464153780983,0.0,0.0,0.0,-0.6511178742773374
2026-08-24T01:06:55.506119,35.71,2.2386099358676566,0.7357527285340183,0.0,-1.7794813539543923,0.0,0.0,-0.7769085003709056,0.6296135180024572,0.2143043571367033,-0.0006974588783559679,0.0,0.0,0.0,-0.656868843075978
2026-08-24T01:06:55.535002,35.73,2.2376646125355744,0.731572548861315,0.0,-1.7997782231710655,0.0,0.0,-0.783257975467838,0.6216968263277718,0.21430412280489763,-0.0007085778771870696,0.0,0.0,0.0,-0.663136441207072
2026-08-24T01:06:55.562498,35.74,2.2371567023249765,0.7294908162379928,0.0,-1.8134091380138868,0.0,0.0,-0.7874768996377035,0.6163441672774962,0.21428571447785474,-0.0007184392653280877,0.0,0.0,0.0,-0.6646031954773969
2026-08-24T01:06:55.599207,35.77,2.235563301041754,0.7232627561106579,0.0,-1.819880053366314,0.0,0.0,-0.7894669299018343,0.6137930975429524,0.21430366272142684,-0.0007246164920473695,0.0,0.0,0.0,0.03474187800964656
2026-08-24T01:06:55.622174,35.79,2.2345329589621454,0.7191026742276787,0.0,-1.8132918073851287,0.0,0.0,-0.7874407402582875,0.6163903637967422,0.21430343710619015,-0.0007010294814342851,0.0,0.0,0.0,0.054500148200604004
2026-08-24T01:06:55.651288,35.81,2.2335261318951565,0.7149368493323907,0.0,-1.8075144801365435,0.0,0.0,-0.7856569129631513,0.618662440360825,0.21430321433883964,-0.0006788905504962368,0.0,0.0,0.0,0.046812159124271925
2026-08-24T01:06:55.680937,35.83,2.2325410444210894,0.7107658370192224,0.0,-1.8023821807632667,0.0,0.0,-0.784066747455325,0.6206765144057149,0.21430299432204974,-0.0006579520195263317,0.0,0.0,0.0,0.03986054966387469
2026-08-24T01:06:55.703704,35.85,2.2315767567803055,0.7065899708700979,0.0,-1.7974293767958,0.0,0.0,-0.7825273003051805,0.6226162737008132,0.21430277713393814,-0.0006377950756642024,0.0,0.0,0.0,0.03661107977241935
2026-08-24T01:06:55.732414,35.86,2.231111276985777,0.7044983156154881,0.0,-1.7927390101779712,0.0,0.0,-0.7810650004466833,0.6244497298239648,0.21428571421115888,-0.000617242852283193,0.0,0.0,0.0,0.03834581844546807
2026-08-24T01:06:55.760799,35.89,2.2297114789284262,0.6982239050394419,0.0,-1.7872567089410853,0.0,0.0,-0.7793503574042572,0.6265883979247115,0.2143023508742381,-0.0005982463918683945,0.0,0.0,0.0,0.044695819454378206
2026-08-24T01:06:55.784696,35.9,2.2292668007518226,0.6961277297314457,0.0,-1.782626897282097,0.0,0.0,-0.7778977773785601,0.6283908401222095,0.21428571420994602,-0.0005784206813188523,0.0,0.0,0.0,0.04671451589555895
2026-08-24T01:06:55.813790,35.93,2.227930979225308,0.6898393910298731,0.0,-1.7770223409524952,0.0,0.0,-0.7761337994316034,0.6305682559246568,0.21430193527391475,-0.0005598640328818135,0.0,0.0,0.0,0.05490277300545987
2026-08-24T01:06:55.838575,35.95,2.2270727665437304,0.6856404455854317,0.0,-1.771879659028629,0.0,0.0,-0.7745098294154645,0.6325618737632138,0.21430173137699535,-0.0005410428772296444,0.0,0.0,0.0,0.06166938778122634
2026-08-24T01:06:55.867215,35.97,2.226235840202439,0.6814372067707634,0.0,-1.7667236696452835,0.0,0.0,-0.7728765163524127,0.6345564517605654,0.21430153005330047,-0.0005225820775117512,0.0,0.0,0.0,0.06889301180491254
2026-08-24T01:06:55.895397,35.99,2.2254203492978806,0.6772297573862036,0.0,-1.7615595363086776,0.0,0.0,-0.7712354747009715,0.6365499529202457,0.21430133125052964,-0.0005043403168486849,0.0,0.0,0.0,0.0782621113397159
2026-08-24T01:06:55.921001,36.01,2.2246261095193787,0.6730182459847385,0.0,-1.7563996862125646,0.0,0.0,-0.7695906586795535,0.6385375619908128,0.21430113495349729,-0.0004864404029378744,0.0,0.0,0.0,0.08998646166673488
2026-08-24T01:06:55.952499,36.03,2.223853179437695,0.6688027725008315,0.0,-1.7512082291583124,0.0,0.0,-0.7679305977004884,0.6405330570043755,0.2143009411212197,-0.00046880459364525597,0.0,0.0,0.0,0.10474555212159707
2026-08-24T01:06:55.984305,36.05,2.2231015875019873,0.664583443195237,0.0,-1.74597605113448,0.0,0.0,-0.7662522802927241,0.6425398376335903,0.214300749724465,-0.0004514286160641095,0.0,0.0,0.0,0.12497398635146137
2026-08-24T01:06:56.017285,36.07,2.2223713619507723,0.6603603645075388,0.0,-1.740673690885209,0.0,0.0,-0.7645461005428712,0.6445690499432081,0.21430056073127293,-0.0004342889384823778,0.0,0.0,0.0,0.1549386184981803
2026-08-24T01:06:56.041889,36.09,2.221662531328717,0.656133642971366,0.0,-1.7352446552454903,0.0,0.0,-0.7627935917013289,0.6466420466219208,0.2143003741078552,-0.0004173461149809889,0.0,0.0,0.0,0.20055600649699423
2026-08-24T01:06:56.073010,36.11,2.2209751277781087,0.6519033846901122,0.0,-1.7295763166731588,0.0,0.0,-0.7609578375535313,0.6488013328175687,0.214300189823222,-0.00040055635969688056,0.0,0.0,0.0,0.2834073386039449
2026-08-24T01:06:56.096387,36.13,2.2203092028383287,0.6476696929160773,0.0,-1.7242728807050562,0.0,0.0,-0.75923472603032,0.6508168949786606,0.21430000781526964,-0.0003837453893466286,0.0,0.0,0.0,0.16588250070422778
2026-08-24T01:06:56.121676,36.15,2.219664795248478,0.6434326733987363,0.0,-1.720395720406856,0.0,0.0,-0.7579716394703494,0.652287508510343,0.21429982838573572,-0.00036895570800411337,0.0,0.0,0.0,0.16454031402296188
2026-08-24T01:06:56.150069,36.17,2.219041976779386,0.6391924273306697,0.0,-1.714813189174972,0.0,0.0,-0.7561479814017145,0.6544006649004206,0.21429965079594676,-0.0003529038240088806,0.0,0.0,0.0,0.2022350822372198
2026-08-24T01:06:56.175102,36.19,2.2184408074569357,0.634949058508818,0.0,-1.7094171541995575,0.0,0.0,-0.7543796469941686,0.6564383811150546,0.21429947563526963,-0.0003372316507823298,0.0,0.0,0.0,0.22568179763059615
2026-08-24T01:06:56.202611,36.21,2.217861265626622,0.6307026826800687,0.0,-1.7041226652731578,0.0,0.0,-0.752639252845751,0.6584331059992273,0.2142993026622736,-0.0003218904615075956,0.0,0.0,0.0,0.2428627888711922
2026-08-24T01:06:56.229281,36.23,2.2173033109404208,0.626453417375013,0.0,-1.6988969654462172,0.0,0.0,-0.7509162987923643,0.6603973896132364,0.2142991318608167,-0.00030685979285648477,0.0,0.0,0.0,0.2553694613176219
2026-08-24T01:06:56.253908,36.25,2.216766978663897,0.6222013695814658,0.0,-1.693703117785698,0.0,0.0,-0.7491987669081414,0.6623452329890511,0.2142989632099604,-0.0002920967451145192,0.0,0.0,0.0,0.015204380884921515
2026-08-24T01:06:56.280172,36.27,2.216229305432065,0.6179495297700979,0.0,-1.6989314288895307,0.0,0.0,-0.7509276784648787,0.6603844499345422,0.2142987970048987,-0.0002807273477118952,0.0,0.0,0.0,-0.08114973341768345
2026-08-24T01:06:56.313325,36.29,2.215644831001137,0.613703849100221,0.0,-1.7083782256062041,0.0,0.0,-0.7540385489254571,0.6568301658224834,0.21429863256551002,-0.0002849789774884882,0.0,0.0,0.0,-0.07749008815371707
2026-08-24T01:06:56.334853,36.31,2.2150231077551314,0.6094634649131027,0.0,-1.7170996238724974,0.0,0.0,-0.7568956093097106,0.6535357959650581,0.2142984700934607,-0.00028828127927534237,0.0,0.0,0.0,-0.07439922738308517
2026-08-24T01:06:56.364397,36.32,2.214697013178336,0.607345622828847,0.0,-1.7248975327666831,0.0,0.0,-0.7594379560538671,0.6505797344712826,0.21428571445558156,-0.00029171387291662904,0.0,0.0,0.0,-0.07149660132104389
2026-08-24T01:06:56.394487,36.35,2.2136712329137693,0.6009993867175139,0.0,-1.7340906950479549,0.0,0.0,-0.7624203651608115,0.6470820556838637,0.21429815147141337,-0.0002938651051791986,0.0,0.0,0.0,-0.06744026538715457
2026-08-24T01:06:56.420825,36.36,2.213309091329694,0.5988874088613237,0.0,-1.741988422472089,0.0,0.0,-0.7649696529657315,0.6440663242566625,0.21428571445755598,-0.0002971813896479839,0.0,0.0,0.0,-0.07030627884437898
2026-08-24T01:06:56.448407,36.39,2.2121747514333885,0.5925596775147097,0.0,-1.7514310218227567,0.0,0.0,-0.768001945968878,0.6404475083783343,0.21429784074205846,-0.00029943066693692317,0.0,0.0,0.0,-0.09486973518518764
2026-08-24T01:06:56.472611,36.41,2.2113721092687397,0.5883497913867909,0.0,-1.760266010322958,0.0,0.0,-0.770823616472211,0.6370486263141156,0.2142976882835665,-0.00030234112843778875,0.0,0.0,0.0,-0.1311056390143058
2026-08-24T01:06:56.500953,36.43,2.210533423551353,0.5841469380133282,0.0,-1.769365273706449,0.0,0.0,-0.7737139654103298,0.633535081687686,0.21429753777782554,-0.00030525472184675606,0.0,0.0,0.0,-0.18502653085009796
2026-08-24T01:06:56.530247,36.45,2.209658574395597,0.5799514630299075,0.0,-1.7776012421892486,0.0,0.0,-0.776316285287772,0.6303435771045777,0.21429738915619048,-0.0003082701536853461,0.0,0.0,0.0,-0.088206515896354
2026-08-24T01:06:56.558083,36.47,2.208747916672774,0.5757636152582936,0.0,-1.7859502549863164,0.0,0.0,-0.7789408867115956,0.6270973568824487,0.21429724255038862,-0.00031037472852554017,0.0,0.0,0.0,-0.11925330917788968
2026-08-24T01:06:56.584173,36.49,2.2078014261274466,0.5715837204338513,0.0,-1.7947835439070845,0.0,0.0,-0.781702946484916,0.6236509468098325,0.21429709751320178,-0.000313110938079193,0.0,0.0,0.0,-0.13920533685951988
2026-08-24T01:06:56.609910,36.51,2.2068191674319184,0.5674120862836227,0.0,-1.8034975261139299,0.0,0.0,-0.7844127598477773,0.62023916531286,0.21429695444374122,-0.0003157362533790246,0.0,0.0,0.0,-0.151857804651579
2026-08-24T01:06:56.641749,36.53,2.2058012581836315,0.5632490078443759,0.0,-1.812158244381891,0.0,0.0,-0.7870912551417876,0.6168365716130372,0.21429681317232172,-0.0003182793480087393,0.0,0.0,0.0,-0.1612202832179742
2026-08-24T01:06:56.664461,36.55,2.2047477536669993,0.5590947945916956,0.0,-1.8207996836133273,0.0,0.0,-0.7897490777823688,0.6134300238347468,0.2142966736724856,-0.0003207750504501771,0.0,0.0,0.0,-0.1679185536338864
2026-08-24T01:06:56.699669,36.57,2.2036587066279285,0.5549497572470338,0.0,-1.8290305778577542,0.0,0.0,-0.7922669215392135,0.6101746676442554,0.21429653592349868,-0.0003232293596680328,0.0,0.0,0.0,-0.14906146713430007
2026-08-24T01:06:56.729034,36.59,2.202534196883593,0.5508141999516778,0.0,-1.8378816054306035,0.0,0.0,-0.794959490799173,0.6066625157270882,0.21429639997386504,-0.0003258332193212882,0.0,0.0,0.0,-0.17037154632717819
2026-08-24T01:06:56.752617,36.61,2.2013743033209874,0.5466884271224546,0.0,-1.8466599662187024,0.0,0.0,-0.7976145760723523,0.6031674626809057,0.21429626556871348,-0.00032831162750417354,0.0,0.0,0.0,-0.19021512087596332
2026-08-24T01:06:56.780058,36.63,2.2001791188270277,0.5425727392241062,0.0,-1.855418053692804,0.0,0.0,-0.8002482168046848,0.5996689015622889,0.2142961329578981,-0.0003307405482478596,0.0,0.0,0.0,-0.209890406552816
2026-08-24T01:06:56.809609,36.65,2.1989487454356937,0.5384674338528666,0.0,-1.8640861043683232,0.0,0.0,-0.8028396730521753,0.5961949843578662,0.2142960020182265,-0.0003331297802241006,0.0,0.0,0.0,-0.21228591477512865
2026-08-24T01:06:56.833549,36.66,2.1983192078937943,0.5364191873178703,0.0,-1.870542725166129,0.0,0.0,-0.8047601885876505,0.5936000664288787,0.2142857144423695,-0.00033573436421889893,0.0,0.0,0.0,-0.1132112400241564
2026-08-24T01:06:56.859694,36.69,2.196382717867682,0.5302891975781658,0.0,-1.8792872387118802,0.0,0.0,-0.8073478600905128,0.5900757856472927,0.21429574444692198,-0.0003363833125070441,0.0,0.0,0.0,-0.01751947930967956
2026-08-24T01:06:56.887314,36.71,2.1950472149877527,0.526216878901686,0.0,-1.887863655525622,0.0,0.0,-0.8098707972401071,0.5866082950126714,0.21429561876541495,-0.0003385959519970453,0.0,0.0,0.0,-0.01739819054541761
2026-08-24T01:06:56.917342,36.73,2.193676784648654,0.5221561811424386,0.0,-1.8964534557433672,0.0,0.0,-0.8123827440301273,0.5831245812020623,0.21429549423282185,-0.0003407740741926574,0.0,0.0,0.0,-0.02074342282215672
2026-08-24T01:06:56.945159,36.75,2.192269737778212,0.5181080261248199,0.0,-1.9056506139938245,0.0,0.0,-0.8150556894202268,0.5793826224039852,0.21429537125632306,-0.00034302133991149337,0.0,0.0,0.0,-0.09832347658203243
2026-08-24T01:06:56.970046,36.76,2.1915495814384927,0.5160898497305414,0.0,-1.9151426454673308,0.0,0.0,-0.8177962587297665,0.5755078446099556,0.21428571436178112,-0.0003478405073286459,0.0,0.0,0.0,-0.020495475958805867
2026-08-24T01:06:56.994597,36.79,2.1893370795792633,0.51005400175051,0.0,-1.9250313855214474,0.0,0.0,-0.8206317746446525,0.5714573391282749,0.21429513008657122,-0.00035101441005666915,0.0,0.0,0.0,-0.01937557993083571
2026-08-24T01:06:57.019480,36.8,2.1885780502021093,0.5080501211404372,0.0,-1.9345124311430524,0.0,0.0,-0.8233315502201173,0.5675607090101802,0.2142857142636264,-0.0003546679550239979,0.0,0.0,0.0,-0.01860235200527726
2026-08-24T01:06:57.049497,36.83,2.186248896506599,0.5020583229021857,0.0,-1.9451901840051844,0.0,0.0,-0.826349938388352,0.563156975740838,0.2142948948186997,-0.000357750911818673,0.0,0.0,0.0,-0.018203935309929073
2026-08-24T01:06:57.071688,36.85,2.184646580274334,0.498083407287343,0.0,-1.954147272708446,0.0,0.0,-0.8288637662649104,0.5594504955517939,0.21429477913738823,-0.0003601914759744305,0.0,0.0,0.0,-0.017704432032466227
2026-08-24T01:06:57.099902,36.87,2.183005897672972,0.49412417425175686,0.0,-1.9638104384990678,0.0,0.0,-0.8315571126341642,0.5554392571897776,0.21429466552385604,-0.00036343543307989384,0.0,0.0,0.0,-0.08830223257228109
2026-08-24T01:06:57.128729,36.89,2.181326911195452,0.49018103235930854,0.0,-1.9736022812182843,0.0,0.0,-0.8342665224822496,0.5513613782859423,0.21429455311984855,-0.00036756366879968507,0.0,0.0,0.0,-0.016809208782366587
2026-08-24T01:06:57.153578,36.91,2.1796098256485017,0.48625433177874133,0.0,-1.9831693122560643,0.0,0.0,-0.8368944132997347,0.547364358528844,0.21429444188647356,-0.0003706006593463406,0.0,0.0,0.0,-0.01418025392808852
2026-08-24T01:06:57.184127,36.93,2.1778548362767114,0.4823444251901637,0.0,-1.9934934548797334,0.0,0.0,-0.8397087842736944,0.543036976285772,0.2142943322029867,-0.00037368651709261745,0.0,0.0,0.0,-0.042771681205305494
2026-08-24T01:06:57.212833,36.95,2.1760621092071846,0.4784516775335157,0.0,-2.002569251123202,0.0,0.0,-0.8421643764460522,0.5392208852086796,0.21429422361297182,-0.00037626712872334395,0.0,0.0,0.0,-0.013173524310989244
2026-08-24T01:06:57.236804,36.97,2.174231807136648,0.4745764553548525,0.0,-2.012153327199967,0.0,0.0,-0.8447386639930707,0.5351790257056062,0.21429411691662562,-0.0003791886635013435,0.0,0.0,0.0,-0.06593685303251523
2026-08-24T01:06:57.261433,36.99,2.172364080788465,0.47071913135070403,0.0,-2.022227398529969,0.0,0.0,-0.8474236522162909,0.5309172757260803,0.21429401142403162,-0.00038284348035877224,0.0,0.0,0.0,-0.029237927959415266
2026-08-24T01:06:57.288085,37.01,2.1704591044536587,0.46688006729337994,0.0,-2.031552676902135,0.0,0.0,-0.8498899073761872,0.5269602882002551,0.21429390699910247,-0.00038549691567386533,0.0,0.0,0.0,-0.053364845254963635
2026-08-24T01:06:57.320608,37.03,2.1685170834375396,0.46305960926824236,0.0,-2.0416132796484425,0.0,0.0,-0.8525299125028886,0.5226784367924672,0.21429380418541252,-0.00038884524296996757,0.0,0.0,0.0,-0.035223177799986294
2026-08-24T01:06:57.341019,37.05,2.1665382035852105,0.4592581126176265,0.0,-2.051036253182014,0.0,0.0,-0.8549830336724735,0.5186559670265194,0.2142937023433107,-0.0003914215062591098,0.0,0.0,0.0,-0.05694072561752392
2026-08-24T01:06:57.371331,37.07,2.164522627816822,0.45547594460771557,0.0,-2.0611491258503927,0.0,0.0,-0.8575946434869781,0.5143261878054071,0.2142936021049794,-0.0003945573141474347,0.0,0.0,0.0,-0.05889670747579588
2026-08-24T01:06:57.402022,37.09,2.16247056816231,0.4517134469248095,0.0,-2.070704358587063,0.0,0.0,-0.8600420998071393,0.5102230752909228,0.21429350279608825,-0.00039710852309853077,0.0,0.0,0.0,-0.065913917400934
2026-08-24T01:06:57.425406,37.1,2.161429879698331,0.4498403079340497,0.0,-2.0797695367968734,0.0,0.0,-0.8623458889468423,0.5063196300919809,0.21428571426473966,-0.0003999340223070469,0.0,0.0,0.0,-0.08242579040406202
2026-08-24T01:06:57.453568,37.13,2.1582577113004024,0.4442489003065206,0.0,-2.0905580475209553,0.0,0.0,-0.8650645468449053,0.5016605722916827,0.2142933081134112,-0.000402938507683111,0.0,0.0,0.0,-0.12550286016251214
2026-08-24T01:06:57.481192,37.15,2.1560972029454577,0.4405476120929846,0.0,-2.100582261073338,0.0,0.0,-0.8675680469580839,0.4973184934197962,0.21429321278581084,-0.0004057264290150846,0.0,0.0,0.0,-0.15360353349247297
2026-08-24T01:06:57.509891,37.17,2.1539006864806716,0.4368675785931523,0.0,-2.110493996940737,0.0,0.0,-0.8700220276578179,0.4930128511410013,0.2142931185494242,-0.0004085194917681161,0.0,0.0,0.0,-0.1637392880394495
2026-08-24T01:06:57.533584,37.19,2.151668490075993,0.43320907774210293,0.0,-2.120316250037988,0.0,0.0,-0.8724327743459144,0.4887341345221253,0.21429302550391655,-0.00041118989384471543,0.0,0.0,0.0,-0.1741964158492262
2026-08-24T01:06:57.558827,37.21,2.1494009902109013,0.42957235270206695,0.0,-2.1304676970029046,0.0,0.0,-0.8749022048125144,0.4842996304089043,0.21429293361893575,-0.0004137368878895415,0.0,0.0,0.0,-0.26360505761939756
2026-08-24T01:06:57.587679,37.23,2.1470983466632583,0.4259577772833371,0.0,-2.1411430696055445,0.0,0.0,-0.8774747686966271,0.47962280002185126,0.21429284285689104,-0.00041679190680571875,0.0,0.0,0.0,-0.3677812415406422
2026-08-24T01:06:57.616200,37.25,2.1447607708901097,0.4223656943364256,0.0,-2.151608734167266,0.0,0.0,-0.879972529199396,0.4750245760530903,0.21429275324881616,-0.0004198755453371978,0.0,0.0,0.0,-0.3275893317205393
2026-08-24T01:06:57.640145,37.27,2.1423906242039403,0.4187950175260653,0.0,-2.1598475620353805,0.0,0.0,-0.8819218801549378,0.47139558473110404,0.21429266482661616,-0.0004214338124045709,0.0,0.0,0.0,-0.32385031595919933
2026-08-24T01:06:57.664948,37.29,2.1399923046177705,0.4152432096068986,0.0,-2.1679268916680403,0.0,0.0,-0.8838189591497675,0.4678290793093367,0.21429257744528948,-0.00042174401624511153,0.0,0.0,0.0,-0.3199696044379511
2026-08-24T01:06:57.692027,37.31,2.1375651228484083,0.41171106217485937,0.0,-2.1760221219149805,0.0,0.0,-0.8857053061595893,0.46424789783126447,0.2142924911794476,-0.0004220887671414328,0.0,0.0,0.0,-0.31190673509335504
2026-08-24T01:06:57.719893,37.33,2.1351091779667897,0.4081988531577821,0.0,-2.18409879658423,0.0,0.0,-0.8875728685763553,0.4606673452363863,0.21429240599793986,-0.0004224286934507187,0.0,0.0,0.0,-0.30183564492842835
2026-08-24T01:06:57.743499,37.35,2.1326246454605946,0.4047068085546489,0.0,-2.192146417120837,0.0,0.0,-0.8894193162100947,0.4570922007126871,0.21429232188871786,-0.000422745617115764,0.0,0.0,0.0,-0.28804042690692383
2026-08-24T01:06:57.770448,37.36,2.1313716170515344,0.4029685336433372,0.0,-2.1973487297011856,0.0,0.0,-0.8906052742123094,0.4547771383273539,0.21428571434849333,-0.00042300620019691733,0.0,0.0,0.0,-0.27834492389790705
2026-08-24T01:06:57.796391,37.39,2.1275704977239314,0.3977841302096527,0.0,-2.208010333924465,0.0,0.0,-0.8930169353234766,0.4500230585486322,0.2142921568378769,-0.0004232497323619257,0.0,0.0,0.0,-0.22806313573486758
2026-08-24T01:06:57.821581,37.41,2.125001210129832,0.39435396433342135,0.0,-2.215630505815064,0.0,0.0,-0.8947250758592983,0.44661732907330515,0.21429207587180635,-0.0004233422297185796,0.0,0.0,0.0,-0.14211661800112238
2026-08-24T01:06:57.848297,37.42,2.123705980232355,0.39264690118556916,0.0,-2.2218478074617067,0.0,0.0,-0.896109127772563,0.4438337877209173,0.2142857144204675,-0.00042303234067168243,0.0,0.0,0.0,-0.13002075284785822
2026-08-24T01:06:57.875191,37.45,2.1197789808575784,0.3875571853333479,0.0,-2.2320907476941807,0.0,0.0,-0.8983704471141675,0.4392385909182968,0.21429191668261902,-0.0004251065005564492,0.0,0.0,0.0,-0.16708811783581584
2026-08-24T01:06:57.903822,37.47,2.117126500808841,0.3841909374242063,0.0,-2.2395419020377334,0.0,0.0,-0.9000006259457795,0.4358886019354087,0.2142918390211027,-0.000424910022517861,0.0,0.0,0.0,-0.11882447939489628
2026-08-24T01:06:57.927747,37.49,2.114446650002738,0.3808464382119057,0.0,-2.247343695944069,0.0,0.0,-0.9016941305078596,0.4323744846862207,0.21429176201255307,-0.0004249854073327142,0.0,0.0,0.0,-0.08996310958051888
2026-08-24T01:06:57.955190,37.51,2.1117395753225146,0.3775239357083246,0.0,-2.2552767080798026,0.0,0.0,-0.9034020487834594,0.42879451751841224,0.21429168598226944,-0.00042517715852872443,0.0,0.0,0.0,-0.07172576329101997
2026-08-24T01:06:57.980623,37.53,2.1090055340596896,0.3742235881642515,0.0,-2.2632686918723435,0.0,0.0,-0.9051082909102265,0.42518111637932454,0.21429161091718432,-0.0004253937228456213,0.0,0.0,0.0,-0.05905253551513636
2026-08-24T01:06:58.007288,37.54,2.107628404158781,0.3725818794731836,0.0,-2.2707587422751185,0.0,0.0,-0.9066942540229239,0.42178848931877394,0.21428571435677846,-0.0004256010004284063,0.0,0.0,0.0,-0.05425651740005924
2026-08-24T01:06:58.037196,37.57,2.1034573433934707,0.3676901766944302,0.0,-2.279358042300448,0.0,0.0,-0.9084994103075485,0.41788613457595897,0.21429146360934317,-0.00042587133505616606,0.0,0.0,0.0,-0.0447461004734991
2026-08-24T01:06:58.064425,37.59,2.100643572550632,0.36445753559362987,0.0,-2.2874731462748574,0.0,0.0,-0.9101875217373037,0.4141964211261433,0.21429139133758218,-0.0004261429337809443,0.0,0.0,0.0,-0.0458054827341522
2026-08-24T01:06:58.092455,37.61,2.097803558195301,0.3612479261508741,0.0,-2.29565741217795,0.0,0.0,-0.911874843044495,0.41046835520241715,0.21429131997574613,-0.00042644525692508197,0.0,0.0,0.0,-0.04998351950492713
2026-08-24T01:06:58.120376,37.63,2.0949374460802117,0.35806159959998207,0.0,-2.3038724022823773,0.0,0.0,-0.91355314269719,0.406719381721707,0.21429124950600595,-0.00042680103314068636,0.0,0.0,0.0,-0.05905096425340274
2026-08-24T01:06:58.146348,37.64,2.093494662979974,0.35647727690784975,0.0,-2.311462617690239,0.0,0.0,-0.9150901039777547,0.4032494285203416,0.21428571433400811,-0.0004271015415652464,0.0,0.0,0.0,-0.06469846756091426
2026-08-24T01:06:58.173818,37.66,2.090589920076188,0.353326127958229,0.0,-2.3195940403980964,0.0,0.0,-0.9167220320276219,0.3995256136909719,0.21428571432733842,-0.0004274460691942451,0.0,0.0,0.0,-0.0780689577075239
2026-08-24T01:06:58.199442,37.69,2.0861850364040087,0.3486438767343561,0.0,-2.32868248525947,0.0,0.0,-0.9185280939153372,0.39535571412116655,0.21429104337531046,-0.0004278400859098868,0.0,0.0,0.0,-0.10686348380106375
2026-08-24T01:06:58.225763,37.71,2.0832167888138993,0.3455524725972863,0.0,-2.337058695895561,0.0,0.0,-0.9201758248602057,0.3915053656628989,0.21429097638751515,-0.0004282364315021669,0.0,0.0,0.0,-0.1306062671191352
2026-08-24T01:06:58.254609,37.73,2.080223372716105,0.3424854326296013,0.0,-2.3454819739016872,0.0,0.0,-0.9218165382707929,0.38762645648930083,0.21429091023771976,-0.00042868709722381995,0.0,0.0,0.0,-0.1568205938990579
2026-08-24T01:06:58.276654,37.74,2.0787172660657194,0.3409611782692419,0.0,-2.352198238207837,0.0,0.0,-0.9231130390097257,0.3845286949113532,0.21428571430054286,-0.00042909961987677535,0.0,0.0,0.0,-0.17135109610514665
2026-08-24T01:06:58.302280,37.77,2.0741625713120473,0.336424523189236,0.0,-2.362022218747971,0.0,0.0,-0.924990696371278,0.37998975200204843,0.2142907804001449,-0.0004294242538471472,0.0,0.0,0.0,-0.19427678420818503
2026-08-24T01:06:58.328523,37.79,2.071097146386149,0.3334294547796119,0.0,-2.3697780738667578,0.0,0.0,-0.9264573102641875,0.37639985687835614,0.21429071677201098,-0.00042913352412137797,0.0,0.0,0.0,-0.2025837769409427
2026-08-24T01:06:58.359724,37.81,2.0680087192335317,0.3304581112106574,0.0,-2.3775892347542618,0.0,0.0,-0.9279203005705156,0.3727786418092165,0.214290653890655,-0.0004288830896180544,0.0,0.0,0.0,-0.21236393393386876
2026-08-24T01:06:58.385487,37.83,2.064897427030974,0.32751071797022224,0.0,-2.385417606465544,0.0,0.0,-0.9293723134765175,0.36914374292855856,0.21429059179527735,-0.00042867618658314055,0.0,0.0,0.0,-0.2243749117585789
2026-08-24T01:06:58.408302,37.84,2.0633334122847518,0.32604594181368324,0.0,-2.3909481791029146,0.0,0.0,-0.930389546953751,0.3665723542756517,0.21428571430954355,-0.0004284270559722967,0.0,0.0,0.0,-0.2317290431992895
2026-08-24T01:06:58.434151,37.87,2.0586071436420053,0.32168832102180617,0.0,-2.401143434714696,0.0,0.0,-0.9322460998502576,0.3618248323622683,0.2142904699438285,-0.0004282670096940514,0.0,0.0,0.0,-0.2568340270784293
2026-08-24T01:06:58.460662,37.89,2.055428514607192,0.3188136760767455,0.0,-2.4090381615098506,0.0,0.0,-0.9336670872710178,0.35814210887139986,0.21429041016384637,-0.00042808544459496537,0.0,0.0,0.0,-0.2763921325664339
2026-08-24T01:06:58.485906,37.91,2.0522278055842227,0.31596363607621675,0.0,-2.4169523128329184,0.0,0.0,-0.935076969115761,0.3544447232352065,0.21429035113539008,-0.00042792394745432287,0.0,0.0,0.0,-0.2978446436484255
2026-08-24T01:06:58.514423,37.93,2.0490052008987685,0.31313837759015806,0.0,-2.4248969680542696,0.0,0.0,-0.9364775585126918,0.3507275044847608,0.21429029284859435,-0.0004277866683887358,0.0,0.0,0.0,-0.32241040950112904
2026-08-24T01:06:58.542104,37.95,2.0457608894795736,0.3103380722546731,0.0,-2.4328674718116994,0.0,0.0,-0.9378678555916621,0.34699263025012106,0.21429023529483887,-0.00042767208643487747,0.0,0.0,0.0,-0.33997414242983015
2026-08-24T01:06:58.569323,37.97,2.0424950572633462,0.3075628953771753,0.0,-2.4406357925336324,0.0,0.0,-0.9392085525653207,0.3433471927774499,0.21429017848522552,-0.00042746629663477674,0.0,0.0,0.0,-0.33945237249087906
2026-08-24T01:06:58.595431,37.99,2.0392078976745953,0.30481301378836306,0.0,-2.4483484017737673,0.0,0.0,-0.9405256171328317,0.3397227745043098,0.2142901223862462,-0.0004271952295260435,0.0,0.0,0.0,-0.33872297897031006
2026-08-24T01:06:58.621952,38.01,2.0358995989096385,0.3020886007433491,0.0,-2.456070716778088,0.0,0.0,-0.9418303260910623,0.3360887336034984,0.21429006697828268,-0.00042693184385707804,0.0,0.0,0.0,-0.33856156954011135
2026-08-24T01:06:58.653232,38.03,2.03257035353968,0.29938982459668456,0.0,-2.463787213134803,0.0,0.0,-0.9431200265464669,0.3324524259604546,0.21429001226680663,-0.00042667427480551953,0.0,0.0,0.0,-0.3376153109872401
2026-08-24T01:06:58.676180,38.05,2.0292203603552568,0.2967168462392,0.0,-2.4715033313866215,0.0,0.0,-0.9443956254974868,0.32881134795078254,0.21428995824305513,-0.0004264191260762101,0.0,0.0,0.0,-0.3365960734194649
2026-08-24T01:06:58.706098,38.07,2.0258498196974672,0.2940698246102934,0.0,-2.479221723540629,0.0,0.0,-0.9456575371922394,0.32516430054898143,0.21428990489835725,-0.0004261654134795131,0.0,0.0,0.0,-0.3357598579962351
2026-08-24T01:06:58.736650,38.09,2.022458932792063,0.29144891751145613,0.0,-2.486940812350535,0.0,0.0,-0.9469054768455414,0.32151208051940733,0.2142898522242224,-0.00042591259440767035,0.0,0.0,0.0,-0.3358875687234972
2026-08-24T01:06:58.761505,38.1,2.0207560150566493,0.2901482257173766,0.0,-2.4913041386045522,0.0,0.0,-0.947604653869744,0.31944548825175567,0.21428571432172144,-0.00042564954823615494,0.0,0.0,0.0,-0.3351088083534847
2026-08-24T01:06:58.786082,38.13,2.0156169315593466,0.28628606979997334,0.0,-2.5023720595548697,0.0,0.0,-0.9493579335267788,0.31419661686556116,0.2142897488539355,-0.00042543420751388886,0.0,0.0,0.0,-0.3344481303824573
2026-08-24T01:06:58.812480,38.14,2.0138941206496623,0.2850118434239603,0.0,-2.506752775501106,0.0,0.0,-0.9500438586901596,0.3121164311040224,0.21428571432126875,-0.00042518396779976447,0.0,0.0,0.0,-0.3336691241564175
2026-08-24T01:06:58.839160,38.17,2.0086959865559635,0.2812295395163118,0.0,-2.51780478866674,0.0,0.0,-0.9517541017765825,0.3068617437078964,0.21428964806611364,-0.00042497209968255824,0.0,0.0,0.0,-0.331942089711258
2026-08-24T01:06:58.862225,38.19,2.00520641638797,0.2787415344688302,0.0,-2.5255185707988392,0.0,0.0,-0.9529305522080893,0.30318865854181604,0.2142895986203802,-0.0004247461464163968,0.0,0.0,0.0,-0.33095639306074615
2026-08-24T01:06:58.890554,38.21,2.0016977299739946,0.2762805613438317,0.0,-2.533236662565986,0.0,0.0,-0.9540934726246326,0.2995090073688425,0.2142895497963196,-0.0004245209338814676,0.0,0.0,0.0,-0.3290013896438886
2026-08-24T01:06:58.917384,38.23,1.9981701308689288,0.27384677540875957,0.0,-2.5409437305409726,0.0,0.0,-0.9552405539038828,0.29583016103400117,0.2142895015859683,-0.0004242912140979605,0.0,0.0,0.0,-0.32782028379277944
2026-08-24T01:06:58.941032,38.25,1.994623840381702,0.2714403063666616,0.0,-2.548650997995692,0.0,0.0,-0.9563734792806138,0.292146826319735,0.21428945398185278,-0.0004240680762907761,0.0,0.0,0.0,-0.30334220190183975
2026-08-24T01:06:58.969000,38.26,1.9928439755321106,0.27024706787011554,0.0,-2.5528576247133525,0.0,0.0,-0.9569858396875961,0.2901346284700029,0.21428571431894053,-0.00042354748689855536,0.0,0.0,0.0,-0.3023585694555813
2026-08-24T01:06:58.995508,38.29,1.9874782280519472,0.26670656003529253,0.0,-2.563086808243719,0.0,0.0,-0.9584572365071006,0.28523626309985867,0.21428936056181358,-0.00042271293386270673,0.0,0.0,0.0,-0.29845876130681837
2026-08-24T01:06:59.023601,38.31,1.9838800015230051,0.2643784644704143,0.0,-2.5702866486981892,0.0,0.0,-0.9594778515613895,0.2817840527126049,0.2142893147312827,-0.0004218884227729436,0.0,0.0,0.0,-0.2941999064177394
2026-08-24T01:06:59.054875,38.33,1.9802650210590105,0.262076469718295,0.0,-2.5774747762870422,0.0,0.0,-0.9604844023204159,0.27833381558695564,0.2142892694777865,-0.00042106738219043643,0.0,0.0,0.0,-0.2874655826360643
2026-08-24T01:06:59.079093,38.34,1.9784514980990773,0.26093503536936496,0.0,-2.5817978058569095,0.0,0.0,-0.961083780748591,0.2762570657594015,0.21428571432950938,-0.0004202434195563151,0.0,0.0,0.0,-0.283334679931709
2026-08-24T01:06:59.107960,38.37,1.9729855551811255,0.25755126546483065,0.0,-2.591727984457027,0.0,0.0,-0.9624435697661752,0.27148181341618727,0.2142891806763581,-0.00041939900612530283,0.0,0.0,0.0,-0.25933145322159246
2026-08-24T01:06:59.133450,38.39,1.9693214622230584,0.25532827467417923,0.0,-2.5987131165662536,0.0,0.0,-0.9633858660586732,0.26811876674037627,0.21428913711972866,-0.0004185151573383685,0.0,0.0,0.0,-0.22511442973420953
2026-08-24T01:06:59.158737,38.41,1.9656413800284744,0.25313185467690186,0.0,-2.605531178140774,0.0,0.0,-0.9642942914341248,0.2648330030558111,0.21428909412087704,-0.000417527287226935,0.0,0.0,0.0,-0.16716858895826497
2026-08-24T01:06:59.188553,38.42,1.963795567065615,0.252043407634328,0.0,-2.6107390270756285,0.0,0.0,-0.9649806266316903,0.26232115855475774,0.21428571437916744,-0.0004163750471730088,0.0,0.0,0.0,-0.10363753376132175
2026-08-24T01:06:59.216410,38.45,1.9582340184298752,0.24881918719488735,0.0,-2.6200388460516284,0.0,0.0,-0.9661899596583232,0.2578312662487769,0.21428900952532007,-0.00041660254385737333,0.0,0.0,0.0,-0.15874075623161715
2026-08-24T01:06:59.248501,38.47,1.9545071437070496,0.24670313621975387,0.0,-2.626489609250149,0.0,0.0,-0.9670165367638346,0.2547135992154313,0.21428896829883792,-0.0004152802212154498,0.0,0.0,0.0,-0.10721806782251601
2026-08-24T01:06:59.271504,38.49,1.9507650418644147,0.24461413124089176,0.0,-2.6333594249245835,0.0,0.0,-0.9678857480704545,0.25139049043688344,0.214288927355253,-0.0004143310879161967,0.0,0.0,0.0,-0.07944278359475268
2026-08-24T01:06:59.299195,38.51,1.9470079236950997,0.2425522554435265,0.0,-2.6404037672864944,0.0,0.0,-0.9687651829413058,0.24797987886257689,0.2142888869561608,-0.00041351389223480845,0.0,0.0,0.0,-0.07005663950049737
2026-08-24T01:06:59.324938,38.53,1.9432360121697718,0.24051756813389225,0.0,-2.647605934703283,0.0,0.0,-0.9696518959413966,0.24448967400946608,0.2142888470566089,-0.000412812408419554,0.0,0.0,0.0,-0.07417042940898394
2026-08-24T01:06:59.352841,38.55,1.9394495133003322,0.2385101579529929,0.0,-2.654919127131563,0.0,0.0,-0.9705394115124647,0.24094242196225799,0.21428880766383626,-0.00041219187414618215,0.0,0.0,0.0,-0.08834710616319029
2026-08-24T01:06:59.388128,38.57,1.9356486284086312,0.23653012166380885,0.0,-2.6623219443779726,0.0,0.0,-0.9714245874404086,0.23734841671313484,0.21428876876910385,-0.00041163643135053504,0.0,0.0,0.0,-0.11059799014779986
2026-08-24T01:06:59.411919,38.59,1.931833557022035,0.23457755916569567,0.0,-2.669789376234067,0.0,0.0,-0.97230400581562,0.23371974729341716,0.21428873036496437,-0.0004111329499012408,0.0,0.0,0.0,-0.1390386466649377
2026-08-24T01:06:59.438262,38.61,1.928004496996638,0.23265257354633784,0.0,-2.6773158885762607,0.0,0.0,-0.9731766660971906,0.23005907190101682,0.21428869244427692,-0.00041067789696218695,0.0,0.0,0.0,-0.16713388420832703
2026-08-24T01:06:59.471058,38.63,1.9241616457239543,0.2307552689544523,0.0,-2.6847564681538794,0.0,0.0,-0.9740258158935245,0.22643698896813189,0.2142886550065119,-0.00041019333337553925,0.0,0.0,0.0,-0.18895342496155754
2026-08-24T01:06:59.497422,38.65,1.9203051997256495,0.2288857515792662,0.0,-2.6922138450727875,0.0,0.0,-0.9748633559347538,0.22280358447661786,0.2142886180334699,-0.0004097113914116967,0.0,0.0,0.0,-0.21439560218960854
2026-08-24T01:06:59.521001,38.67,1.9164353555484186,0.22704412801856108,0.0,-2.699702958865365,0.0,0.0,-0.9756908200679373,0.21915159966369405,0.21428858152277408,-0.0004092594702323349,0.0,0.0,0.0,-0.24258617782097525
2026-08-24T01:06:59.545363,38.69,1.9125523107592297,0.22523050324998617,0.0,-2.7072175751358536,0.0,0.0,-0.9765073511354533,0.21548409031392685,0.2142885454693792,-0.00040883524079496385,0.0,0.0,0.0,-0.25842164395128425
2026-08-24T01:06:59.571772,38.71,1.9086562656027215,0.22344497697218083,0.0,-2.7144068819934235,0.0,0.0,-0.977275631112079,0.2119725001845464,0.2142885099256012,-0.00040825222731263324,0.0,0.0,0.0,-0.24926370871264608
2026-08-24T01:06:59.603776,38.73,1.9047474194632905,0.22168765110078034,0.0,-2.7211374621247457,0.0,0.0,-0.9779834448100392,0.208682490107553,0.2142884747990222,-0.00040761034498196767,0.0,0.0,0.0,-0.23777103550705564
2026-08-24T01:06:59.631334,38.75,1.900825970387402,0.21995863118786885,0.0,-2.7285323170929385,0.0,0.0,-0.9787483464428021,0.20506504903439965,0.2142884400483463,-0.0004074620630101862,0.0,0.0,0.0,-0.2309793009700672
2026-08-24T01:06:59.656678,38.77,1.896892372159467,0.21825743118447663,0.0,-2.7354596803427085,0.0,0.0,-0.9794527540045086,0.20167375305920082,0.2142884057134394,-0.0004070248307343708,0.0,0.0,0.0,-0.19719734070097264
2026-08-24T01:06:59.681955,38.79,1.8929473156534893,0.216582976899537,0.0,-2.7419685456720755,0.0,0.0,-0.980103899645445,0.19848512765391632,0.21428837200537304,-0.00040581430402158785,0.0,0.0,0.0,-0.1419499079509817
2026-08-24T01:06:59.713545,38.81,1.8889908977888337,0.21493554668323359,0.0,-2.7478497462085114,0.0,0.0,-0.9806833266840573,0.19560217985464923,0.21428833857021054,-0.00040434323446276397,0.0,0.0,0.0,-0.22517030395452522
2026-08-24T01:06:59.741733,38.83,1.8850232876973805,0.21331525664319717,0.0,-2.7553117209106888,0.0,0.0,-0.9814062885710303,0.1919419098405441,0.21428830581991745,-0.00040516065147876357,0.0,0.0,0.0,-0.09758085390674551
2026-08-24T01:06:59.765279,38.85,1.8810446909038563,0.21172213495236344,0.0,-2.761413781081695,0.0,0.0,-0.9819873403577332,0.18894672100130638,0.21428827299837327,-0.00040358112952437514,0.0,0.0,0.0,-0.049940798770072854
2026-08-24T01:06:59.793330,38.87,1.8770552914129783,0.21015626080081723,0.0,-2.7679332029364314,0.0,0.0,-0.9825980338037732,0.185744727960066,0.2142882408705634,-0.0004023575783810252,0.0,0.0,0.0,-0.03233425917707176
2026-08-24T01:06:59.820672,38.89,1.8730552821949253,0.20861769101252522,0.0,-2.7746933921734795,0.0,0.0,-0.9832202542582705,0.18242239888868292,0.21428820954798072,-0.0004013235930763751,0.0,0.0,0.0,-0.030996367350559006
2026-08-24T01:06:59.848035,38.91,1.8690448464871348,0.2071065070864022,0.0,-2.7815831921436316,0.0,0.0,-0.9838428458377771,0.17903422771588623,0.2142881777828373,-0.0004003926594189851,0.0,0.0,0.0,-0.03891098929342783
2026-08-24T01:06:59.875562,38.93,1.8650241811810686,0.20562275427356907,0.0,-2.7885073821792874,0.0,0.0,-0.9844567818929238,0.17562700414522867,0.2142881468227705,-0.0003995017153448701,0.0,0.0,0.0,-0.050043073492047
2026-08-24T01:06:59.898690,38.95,1.860993475961459,0.20416649611235874,0.0,-2.7954530070950074,0.0,0.0,-0.9850607638365764,0.1722071181737294,0.21428811625049926,-0.00039864631469203855,0.0,0.0,0.0,-0.06366005820696016
2026-08-24T01:06:59.926534,38.97,1.8569529187620188,0.2027378007573971,0.0,-2.802448824348648,0.0,0.0,-0.9856571010897436,0.1687604191490497,0.21428808606326802,-0.00039783074042512416,0.0,0.0,0.0,-0.0811656121318684
2026-08-24T01:06:59.953269,38.99,1.852902697140605,0.2013367375134124,0.0,-2.809460873285949,0.0,0.0,-0.9862427200918122,0.16530365109671144,0.21428805625553504,-0.00039704138548784276,0.0,0.0,0.0,-0.10066195234758002
2026-08-24T01:06:59.980381,39.01,1.8488429989204582,0.19996337512734266,0.0,-2.8164974935011964,0.0,0.0,-0.9868182042990014,0.1618327274196858,0.21428802682141307,-0.00039628358536648986,0.0,0.0,0.0,-0.1222654532016719
2026-08-24T01:07:00.012875,39.03,1.844774011457608,0.19861778404383854,0.0,-2.823557319326809,0.0,0.0,-0.9873833105351659,0.15834834409180337,0.21428799775668417,-0.000395553682372842,0.0,0.0,0.0,-0.14525115612526096
2026-08-24T01:07:00.037375,39.04,1.84273619683494,0.19795515324207663,0.0,-2.8290554570876085,0.0,0.0,-0.9878148894789222,0.15563336442981868,0.21428571434309368,-0.00039492803166057673,0.0,0.0,0.0,-0.15737585474206475
2026-08-24T01:07:00.064674,39.07,1.8386535435160016,0.19665155268766066,0.0,-2.834301247417034,0.0,0.0,-0.9882197011365421,0.15304189715761968,0.21428790714524043,-0.00038753901297088636,0.0,0.0,0.0,-0.19610599153962782
2026-08-24T01:07:00.098278,39.09,1.8325131752491397,0.19474839735799476,0.0,-2.844822004729774,0.0,0.0,-0.9890110829824996,0.14784139385768513,0.2142879131667063,-0.00040189358141329724,0.0,0.0,0.0,-0.22368374856299433
2026-08-24T01:07:00.123939,39.11,1.82840891030262,0.1935145826701194,0.0,-2.851944095399828,0.0,0.0,-0.9895312809358803,0.14431855060731447,0.21428788551828792,-0.00040112338186224633,0.0,0.0,0.0,-0.2511001080032564
2026-08-24T01:07:00.155985,39.13,1.8242962907209919,0.19230891597452107,0.0,-2.859073135796373,0.0,0.0,-0.9900394198464211,0.1407904369982636,0.21428785823033378,-0.0004003836070401987,0.0,0.0,0.0,-0.28017301027538766
2026-08-24T01:07:00.184041,39.14,1.8222370189805275,0.19171632005755707,0.0,-2.8632628302671836,0.0,0.0,-0.9903321817521786,0.13871614825235662,0.2142857143499056,-0.0003997159346280206,0.0,0.0,0.0,-0.29474741522850706
2026-08-24T01:07:00.211761,39.17,1.8160467855675524,0.18998213844910172,0.0,-2.873283866666417,0.0,0.0,-0.9910147873657816,0.13375235034329186,0.2142878046746861,-0.0003989393312308624,0.0,0.0,0.0,-0.3172746405407622
2026-08-24T01:07:00.237185,39.19,1.8119102782173693,0.1888611656267164,0.0,-2.880132278273959,0.0,0.0,-0.9914669721347074,0.13035813425343093,0.2142877783630426,-0.00039804957450324547,0.0,0.0,0.0,-0.31755201648641024
2026-08-24T01:07:00.267876,39.21,1.807766189630363,0.1877685525231938,0.0,-2.8869771930699275,0.0,0.0,-0.9919073097976461,0.1269641239484472,0.21428775241665365,-0.00039717736303554447,0.0,0.0,0.0,-0.31709722775275606
2026-08-24T01:07:00.293788,39.23,1.8036147104235891,0.1867043651918447,0.0,-2.893827682719992,0.0,0.0,-0.9923363734833786,0.12356586042211139,0.2142877267983319,-0.00039632838544339394,0.0,0.0,0.0,-0.3165375670736694
2026-08-24T01:07:00.315270,39.25,1.7994560378586373,0.1856686445502731,0.0,-2.900675889966166,0.0,0.0,-0.9927536576558764,0.12016728011767125,0.21428770150208384,-0.0003954867945574331,0.0,0.0,0.0,-0.24433633092772278
2026-08-24T01:07:00.346186,39.27,1.7952909278308913,0.18465911668214852,0.0,-2.9060655054176485,0.0,0.0,-0.9930738802980502,0.11749156680278718,0.2142876765154115,-0.00039375397188918154,0.0,0.0,0.0,-0.24456639007543146
2026-08-24T01:07:00.371528,39.29,1.7911206405670703,0.18367120577966675,0.0,-2.9114405468630458,0.0,0.0,-0.9933860545696815,0.11482223907624203,0.21428765185937462,-0.00039109436336598745,0.0,0.0,0.0,-0.24502372372133052
2026-08-24T01:07:00.400515,39.31,1.7869450915950689,0.18270577537032864,0.0,-2.916830713293065,0.0,0.0,-0.9936919019698301,0.11214456723168262,0.2142876275051337,-0.00038849956214184663,0.0,0.0,0.0,-0.2444564831698115
2026-08-24T01:07:00.429404,39.33,1.7827643953749333,0.18176288323367334,0.0,-2.9222187036271117,0.0,0.0,-0.9939904126145777,0.1094671623378517,0.2142876034569621,-0.00038595109956298046,0.0,0.0,0.0,-0.24462363883431673
2026-08-24T01:07:00.453652,39.35,1.778578674967821,0.1808425505059003,0.0,-2.9276049463014346,0.0,0.0,-0.9942816159532052,0.10678983180754142,0.21428757971118137,-0.00038345304801925206,0.0,0.0,0.0,-0.2435196967037685
2026-08-24T01:07:00.478156,39.37,1.7743880522383972,0.17994480334793125,0.0,-2.9329901177084556,0.0,0.0,-0.9945655521026499,0.10411225946425004,0.21428755626398371,-0.00038099067713902627,0.0,0.0,0.0,-0.24254280404367645
2026-08-24T01:07:00.503441,39.38,1.7722911395543592,0.1795035200042804,0.0,-2.9359531733552706,0.0,0.0,-0.9947187057573337,0.10263866920637202,0.21428571431162272,-0.00037870119579300253,0.0,0.0,0.0,-0.24151686497752797
2026-08-24T01:07:00.532520,39.41,1.7659925874837028,0.17821716925491804,0.0,-2.9437430862389116,0.0,0.0,-0.9951109326194588,0.09876351442324735,0.21428751025069914,-0.00037618363779307534,0.0,0.0,0.0,-0.23827107785800805
2026-08-24T01:07:00.559471,39.43,1.7617879897181767,0.17738733201653095,0.0,-2.9491008844113265,0.0,0.0,-0.9953719390867164,0.0960973614557139,0.21428748767799188,-0.0003738269490847727,0.0,0.0,0.0,-0.23305307570915798
2026-08-24T01:07:00.586558,39.45,1.757578977473101,0.1765801831995861,0.0,-2.9543977571683593,0.0,0.0,-0.9956229556626692,0.0934608482602771,0.2142874653921092,-0.00037148800055615945,0.0,0.0,0.0,-0.21334147191880115
2026-08-24T01:07:00.614344,39.47,1.7533656728278146,0.17579574811226867,0.0,-2.959297434128525,0.0,0.0,-0.9958489316981667,0.09102145480940303,0.21428744340516465,-0.00036906457361784593,0.0,0.0,0.0,-0.12101570499623047
2026-08-24T01:07:00.637742,39.49,1.7491482006631824,0.17503403681382193,0.0,-2.9636970188155525,0.0,0.0,-0.9960467503375482,0.08883057549070499,0.2142874217790665,-0.00036613818728038343,0.0,0.0,0.0,-0.06113218355618222
2026-08-24T01:07:00.665658,39.51,1.7449266818383953,0.17429508098670343,0.0,-2.9688647520757554,0.0,0.0,-0.9962729514570322,0.08625662986167404,0.21428740022147189,-0.0003637568117172686,0.0,0.0,0.0,-0.056406478837617485
2026-08-24T01:07:00.694450,39.53,1.7407012409595894,0.17357889148095576,0.0,-2.974308025796852,0.0,0.0,-0.9965040205428823,0.08354482055681675,0.21428737898657946,-0.00036163781587033987,0.0,0.0,0.0,-0.06745322758427487
2026-08-24T01:07:00.722736,39.55,1.736472004792211,0.17288546486764272,0.0,-2.979847887534596,0.0,0.0,-0.9967316107797727,0.08078425633970876,0.21428735804556118,-0.0003596222611281201,0.0,0.0,0.0,-0.08680229153050327
2026-08-24T01:07:00.748873,39.57,1.7322390996628825,0.17221479801234682,0.0,-2.9854480801952215,0.0,0.0,-0.9969539067296943,0.07799299876527346,0.2142873373759197,-0.0003576800566912135,0.0,0.0,0.0,-0.11065301818725394
2026-08-24T01:07:00.774081,39.59,1.7280026480367483,0.17156691039015923,0.0,-2.991075665244066,0.0,0.0,-0.9971694159040208,0.07518747226522554,0.2142873169689436,-0.00035579326037312717,0.0,0.0,0.0,-0.1373387509495155
2026-08-24T01:07:00.803299,39.61,1.7237627721441198,0.17094182316791123,0.0,-2.996735674150594,0.0,0.0,-0.9973782033763673,0.0723651810591933,0.21428729682003583,-0.0003539629954264568,0.0,0.0,0.0,-0.16646463774283402
2026-08-24T01:07:00.831055,39.63,1.7195195938436705,0.17033956044462673,0.0,-3.0024149659288826,0.0,0.0,-0.9975796733679719,0.06953269218900113,0.214287276925248,-0.00035218048027593426,0.0,0.0,0.0,-0.19711669433495377
2026-08-24T01:07:00.853403,39.65,1.7152732346197503,0.1697601498460222,0.0,-3.0081132628686755,0.0,0.0,-0.9977737330664163,0.06669016121368965,0.21428725728120732,-0.00035044219190998385,0.0,0.0,0.0,-0.22871590055253835
2026-08-24T01:07:00.881401,39.67,1.7110238161188884,0.16920361900725672,0.0,-3.013825535761556,0.0,0.0,-0.9979601393329786,0.06384011515107045,0.21428723788408918,-0.00034874146615417734,0.0,0.0,0.0,-0.2494346102366825
2026-08-24T01:07:00.908217,39.69,1.7067714616575995,0.16866998384441312,0.0,-3.01925419975888,0.0,0.0,-0.9981297461051458,0.061131088163693253,0.21428721876237836,-0.0003469207241486779,0.0,0.0,0.0,-0.24955322269565108
2026-08-24T01:07:00.934139,39.71,1.7025162932575535,0.1681592709061401,0.0,-3.0246416163902796,0.0,0.0,-0.9982907939818244,0.058442199232564114,0.21428719986252381,-0.00034508365701924645,0.0,0.0,0.0,-0.2499258194258417
2026-08-24T01:07:00.962530,39.73,1.6982584333334736,0.16767150502234562,0.0,-3.030030398445397,0.0,0.0,-0.9984446362634259,0.055752204591344036,0.21428718118951603,-0.00034328857257375655,0.0,0.0,0.0,-0.24953299325587391
2026-08-24T01:07:00.985793,39.75,1.693998004941887,0.16720670669703466,0.0,-3.0354235963807836,0.0,0.0,-0.9985913472527995,0.05305960037390705,0.21428716275115617,-0.0003415263893962018,0.0,0.0,0.0,-0.23652705380819508
2026-08-24T01:07:01.014369,39.77,1.6897351756636778,0.16676446565472536,0.0,-3.0405560994331413,0.0,0.0,-0.9987242232005842,0.05049679190195921,0.21428714454358844,-0.00033963124775790893,0.0,0.0,0.0,-0.2363730105003397
2026-08-24T01:07:01.040781,39.79,1.6854701485056434,0.1663439532000476,0.0,-3.045686550842198,0.0,0.0,-0.9988504727349958,0.04793467551861883,0.21428712656689697,-0.00033759698670596103,0.0,0.0,0.0,-0.23688900109142477
2026-08-24T01:07:01.075488,39.81,1.681203019603269,0.1659453315396837,0.0,-3.050819164501257,0.0,0.0,-0.9989701985069095,0.04537116369530116,0.214287108815139,-0.00033560657944928273,0.0,0.0,0.0,-0.23632440329227203
2026-08-24T01:07:01.100505,39.82,1.6790687646985984,0.1657536400277926,0.0,-3.053583175710401,0.0,0.0,-0.9990319477032981,0.04399053839355376,0.21428571430629384,-0.000333914892038308,0.0,0.0,0.0,-0.2365978781079301
2026-08-24T01:07:01.129001,39.85,1.672662904910571,0.1652138154306768,0.0,-3.0610799436276235,0.0,0.0,-0.9991898223634269,0.04024548279426459,0.21428707397822708,-0.0003317260727284438,0.0,0.0,0.0,-0.2368912135539144
2026-08-24T01:07:01.160265,39.87,1.668390144161166,0.1648809393116983,0.0,-3.0662151205184505,0.0,0.0,-0.9992898625036405,0.03767984471113564,0.21428705688750754,-0.00032984660416335114,0.0,0.0,0.0,-0.2372050209663743
2026-08-24T01:07:01.189133,39.89,1.664115731036704,0.16456999848562234,0.0,-3.0713428659472672,0.0,0.0,-0.9993831843377148,0.035117671662700536,0.2142870400116096,-0.00032800148701508746,0.0,0.0,0.0,-0.23645597717377642
2026-08-24T01:07:01.217544,39.91,1.659839778000305,0.16428100326347544,0.0,-3.0764778653488047,0.0,0.0,-0.9994700548576329,0.032551642706326094,0.2142870233478062,-0.00032618879570386075,0.0,0.0,0.0,-0.23638878607097596
2026-08-24T01:07:01.241702,39.93,1.6555623980565344,0.1640139560610362,0.0,-3.0816140134361785,0.0,0.0,-0.9995503540416211,0.029984825083197594,0.21428700689348484,-0.00032440405053966184,0.0,0.0,0.0,-0.23688094188988423
2026-08-24T01:07:01.271415,39.95,1.6512837038137989,0.16376886472631563,0.0,-3.0867447132111168,0.0,0.0,-0.9996239864962494,0.027420532842127535,0.21428699064598575,-0.00032265338251349104,0.0,0.0,0.0,-0.2369262964782604
2026-08-24T01:07:01.299317,39.97,1.6470038079771026,0.16354573563939,0.0,-3.0918763883868903,0.0,0.0,-0.9996910525311848,0.02485557259633932,0.21428697460270915,-0.0003209374792784658,0.0,0.0,0.0,-0.22800606893661593
2026-08-24T01:07:01.325930,39.99,1.642945833071057,0.16335489255304644,0.0,-3.096823678772585,0.0,0.0,-0.9997494778226528,0.022382618107207927,0.20307200658239416,-0.0003188765531613343,0.0,0.0,0.0,-0.22444003839328147
2026-08-24T01:07:01.354660,40.01,1.6389500611751406,0.16318641655882352,0.0,-3.1016869109501446,0.0,0.0,-0.9998009480670098,0.01995154741638705,0.19988334896592955,-0.00031654051233932995,0.0,0.0,0.0,-0.22350703577645728
2026-08-24T01:07:01.380369,40.03,1.6349714648944904,0.1630379306804326,0.0,-3.106527161781045,0.0,0.0,-0.9998463053476954,0.017531847665408426,0.19897736235305813,-0.00031414816981170597,0.0,0.0,0.0,-0.22366118652514913
2026-08-24T01:07:01.409247,40.05,1.6309973015675565,0.1629088339688586,0.0,-3.111358298402712,0.0,0.0,-0.9998857376468498,0.015116601814392961,0.1987205499584738,-0.00031177457026902136,0.0,0.0,0.0,-0.22388427840699748
2026-08-24T01:07:01.442484,40.07,1.6270240126936837,0.1627989770542401,0.0,-3.1161916525074593,0.0,0.0,-0.999919349727103,0.012700159106386283,0.19864835017221444,-0.00030944148822265326,0.0,0.0,0.0,-0.2223178633857295
2026-08-24T01:07:01.463523,40.09,1.6233388716640602,0.1627150189780732,0.0,-3.120993773597611,0.0,0.0,-0.9999469612367419,0.010299257905593938,0.18414595814428994,-0.0003068003160395702,0.0,0.0,0.0,-0.21816114634696993
2026-08-24T01:07:01.494257,40.11,1.6197290680424778,0.1626498228321973,0.0,-3.1257033096913323,0.0,0.0,-0.9999684412598033,0.007944588374441992,0.18032217975639908,-0.0003039682680858508,0.0,0.0,0.0,-0.21744844917918096
2026-08-24T01:07:01.522821,40.13,1.6161389680403284,0.16260176653096586,0.0,-3.130383672913643,0.0,0.0,-0.9999842948851339,0.0056044609983228084,0.17931542026406627,-0.00030108158551333554,0.0,0.0,0.0,-0.21713027061309198
2026-08-24T01:07:01.547562,40.15,1.612553950749923,0.16257053381535133,0.0,-3.1350605224853174,0.0,0.0,-0.9999946664126454,0.0032660597456205384,0.1790517648835541,-0.000298218956203823,0.0,0.0,0.0,-0.21724540303221912
2026-08-24T01:07:01.580095,40.17,1.6089702164067592,0.16255606682287183,0.0,-3.1397390330619763,0.0,0.0,-0.9999995705113981,0.0009268101312236379,0.1789841158884581,-0.00029540244886109516,0.0,0.0,0.0,-0.218673178130621
2026-08-24T01:07:01.604651,40.18,1.6072043132686011,0.16255429347652897,0.0,3.1409321046819407,0.0,0.0,0.9999999454593931,0.00033027444792179853,0.17648888286388717,-0.00029297032560291576,0.0,0.0,0.0,-0.21884574766957798
2026-08-24T01:07:01.631421,40.21,1.6019248329001643,0.16257718996521772,0.0,3.134057933139564,0.0,0.0,0.9999929035068605,0.003767351313428328,0.1755675928922029,-0.0002897985882113602,0.0,0.0,0.0,-0.21778534810371108
2026-08-24T01:07:01.658811,40.23,1.59841290263176,0.16261241453112005,0.0,3.1293761337064137,0.0,0.0,0.9999813446382464,0.006108221957709586,0.17538695866977366,-0.00028704176261544527,0.0,0.0,0.0,-0.21767997602845496
2026-08-24T01:07:01.685241,40.25,1.594902118632169,0.1626640708473979,0.0,3.1246925895982534,0.0,0.0,0.9999642986920678,0.008449931436465828,0.17534204600765685,-0.0002843319458738747,0.0,0.0,0.0,-0.2145435736545988
2026-08-24T01:07:01.714876,40.27,1.5913918582562447,0.16273207413628654,0.0,3.1200758073632713,0.0,0.0,0.9999421287242474,0.010758215577903399,0.1753323755078384,-0.0002816395415690134,0.0,0.0,0.0,-0.22177824754506711
2026-08-24T01:07:01.738440,40.29,1.5880466453749817,0.1628125511108571,0.0,3.115322916889996,0.0,0.0,0.999913738856908,0.013134490671473988,0.16705937470625884,-0.00027884924161171936,0.0,0.0,0.0,-0.21976731520542417
2026-08-24T01:07:01.765773,40.31,1.5847423752819028,0.16290766663299103,0.0,3.110622414775043,0.0,0.0,0.9998801079342309,0.015484500554777184,0.16501290346822803,-0.00027606021926506873,0.0,0.0,0.0,-0.21923059429733407
2026-08-24T01:07:01.795964,40.33,1.5814486231238218,0.1630179299864963,0.0,3.1059302939811086,0.0,0.0,0.9998410287255488,0.01783023491253516,0.16450862521196732,-0.0002732728944823566,0.0,0.0,0.0,-0.2201319856047666
2026-08-24T01:07:01.820281,40.35,1.5781579097976233,0.16314354730057742,0.0,3.1012295136362438,0.0,0.0,0.9997963590286192,0.020180200026670866,0.16438629023774778,-0.00027053440336566466,0.0,0.0,0.0,-0.21952786522036022
2026-08-24T01:07:01.846487,40.37,1.5748684381747253,0.16328458985085276,0.0,3.096534488009481,0.0,0.0,0.9997462309481655,0.022527177029920426,0.16435852410116625,-0.00026783637460748384,0.0,0.0,0.0,-0.2206186730597515
2026-08-24T01:07:01.870285,40.39,1.5715955087049875,0.1634403561561845,0.0,3.0918209066110185,0.0,0.0,0.9996903626308714,0.024883304904230654,0.16356508956339666,-0.00026518079018298334,0.0,0.0,0.0,-0.220626999644721
2026-08-24T01:07:01.897139,40.41,1.5683272296641488,0.16361135370860808,0.0,3.0871058022900986,0.0,0.0,0.9996289208316601,0.027240055743897613,0.1633720401480873,-0.0002625781811883196,0.0,0.0,0.0,-0.22111796460327832
2026-08-24T01:07:01.925170,40.43,1.5650607493790696,0.16379770610383976,0.0,3.08238519729203,0.0,0.0,0.9995618416407074,0.029599404315585564,0.16332695765425428,-0.00026002600000973105,0.0,0.0,0.0,-0.22080368526269614
2026-08-24T01:07:01.953503,40.45,1.5617954205459654,0.16399945642343142,0.0,3.0776665724514807,0.0,0.0,0.9994892255064746,0.03195759841520641,0.1633183180851404,-0.00025751610826995784,0.0,0.0,0.0,-0.22149269089423834
2026-08-24T01:07:01.979953,40.47,1.5585311393966506,0.1642166265308193,0.0,3.072937472133569,0.0,0.0,0.9994108661129473,0.03432084928099136,0.16331863074594352,-0.0002550636287420209,0.0,0.0,0.0,-0.2332112408668403
2026-08-24T01:07:02.004578,40.49,1.555430173093721,0.16443802623480216,0.0,3.0679783266624217,0.0,0.0,0.9993226928301915,0.03679885316982935,0.1551517180834276,-0.00025258735987861906,0.0,0.0,0.0,-0.23102824536043676
2026-08-24T01:07:02.030088,40.51,1.5523680728509883,0.16467187581251191,0.0,3.0630614755553554,0.0,0.0,0.99922920580054,0.03925549993595912,0.153241505321365,-0.0002501493865146875,0.0,0.0,0.0,-0.23127899326293627
2026-08-24T01:07:02.059441,40.53,1.5493159920798123,0.16492001441294157,0.0,3.058150796475255,0.0,0.0,0.9991298082950545,0.04170882611975059,0.15279702429499137,-0.0002477167458296974,0.0,0.0,0.0,-0.23108893523515228
2026-08-24T01:07:02.087139,40.55,1.5462672361391991,0.16518296131232393,0.0,3.053233608318404,0.0,0.0,0.9990242436145643,0.04416515221696384,0.15269588145301077,-0.00024532374857447973,0.0,0.0,0.0,-0.23099663903884754
2026-08-24T01:07:02.115565,40.57,1.5432202939043318,0.16546084364793232,0.0,3.0483176033992336,0.0,0.0,0.9989126677322255,0.04662062037433967,0.15267513474113012,-0.0002429731711241664,0.0,0.0,0.0,-0.24614383964094047
2026-08-24T01:07:02.141894,40.59,1.5403346991626385,0.16573876345781927,0.0,3.043080992591843,0.0,0.0,0.9987871768169264,0.04923591601741359,0.1446091317898643,-0.00024061045742343004,0.0,0.0,0.0,-0.2458252795751896
2026-08-24T01:07:02.172240,40.61,1.537485824902559,0.166028209439496,0.0,3.037883141374481,0.0,0.0,0.9986558433686655,0.05183152038691689,0.14282204185940928,-0.00023833696658442916,0.0,0.0,0.0,-0.2455285723934007
2026-08-24T01:07:02.200260,40.63,1.5346463056156316,0.16633158839862272,0.0,3.0326902392027604,0.0,0.0,0.9985178992661116,0.05442430380989159,0.14242882291286077,-0.0002360682430672346,0.0,0.0,0.0,-0.24610764282098574
2026-08-24T01:07:02.227507,40.65,1.5318101343489554,0.16664951494010516,0.0,3.0274921968181383,0.0,0.0,0.9983730770584286,0.05701928625373249,0.14234499493865585,-0.00023384209661151122,0.0,0.0,0.0,-0.2460768571632528
2026-08-24T01:07:02.257940,40.67,1.5289760397004524,0.16698214150644394,0.0,3.0222876896194215,0.0,0.0,0.9982213182315514,0.05961711019551258,0.14232980725296024,-0.00023165975621127995,0.0,0.0,0.0,-0.26782967310531036
2026-08-24T01:07:02.292183,40.69,1.5263112602240914,0.16730952232822097,0.0,3.0166467769858567,0.0,0.0,0.9980492005898448,0.06243230895915702,0.1338577998571697,-0.00022949004614728624,0.0,0.0,0.0,-0.26581507607820887
2026-08-24T01:07:02.319236,40.71,1.5236830705574902,0.16764751470012554,0.0,3.011044184310144,0.0,0.0,0.9978703934463208,0.06522789191201096,0.1320920657856859,-0.0002274265343645651,0.0,0.0,0.0,-0.26278116701783044
2026-08-24T01:07:02.345751,40.73,1.5210640576488004,0.16799925004809896,0.0,3.005522264024389,0.0,0.0,0.9976864987342018,0.06798272018307058,0.13172721705840826,-0.00022535705139211163,0.0,0.0,0.0,-0.21170737115481153
2026-08-24T01:07:02.371719,40.75,1.5184485694564356,0.16836544910158546,0.0,3.0006196286085522,0.0,0.0,0.9975168541283955,0.0704281600625014,0.13165495859955673,-0.0002229920976918465,0.0,0.0,0.0,-0.17110776193742344
2026-08-24T01:07:02.398057,40.77,1.5158354954070439,0.16874628911559444,0.0,2.9951601775694385,0.0,0.0,0.9973208883743921,0.07315084149969349,0.13164377137723204,-0.00022091503503053603,0.0,0.0,0.0,-0.1842520413371861
2026-08-24T01:07:02.424559,40.79,1.5133279267650013,0.1691265549838849,0.0,2.989142647777456,0.0,0.0,0.9970962808193053,0.07615120994645454,0.126401938118984,-0.00021892463876823607,0.0,0.0,0.0,-0.20127463496586084
2026-08-24T01:07:02.453739,40.8,1.5120831670162813,0.16932071837237997,0.0,2.9851226218889266,0.0,0.0,0.9969412017950526,0.07815523119686897,0.1257729009659711,-0.00021770355406654481,0.0,0.0,0.0,-0.2108095197270916
2026-08-24T01:07:02.480490,40.83,1.5083649750154529,0.16992456147001958,0.0,2.9768557333596792,0.0,0.0,0.9966096358845339,0.08227535270113898,0.1251484190251473,-0.0002154037762975733,0.0,0.0,0.0,-0.2458598030708541
2026-08-24T01:07:02.508608,40.85,1.5058900216321722,0.17034515781519988,0.0,2.970656060084334,0.0,0.0,0.9963498079395262,0.08536427952527499,0.1251112433789508,-0.00021370485722323586,0.0,0.0,0.0,-0.2725395180745718
2026-08-24T01:07:02.535028,40.87,1.5034177749249995,0.17078041342683928,0.0,2.964478128574296,0.0,0.0,0.9960813675863064,0.0884415578073658,0.12510788708210574,-0.0002120504171871437,0.0,0.0,0.0,-0.2981222694306045
2026-08-24T01:07:02.566180,40.89,1.5010274093288556,0.1712161931830985,0.0,2.9582643583706814,0.0,0.0,0.9958017828191427,0.09153583633865488,0.12106876426591544,-0.00021031108698117142,0.0,0.0,0.0,-0.2973221564906656
2026-08-24T01:07:02.589955,40.91,1.4986550452946472,0.17166398161232746,0.0,2.952058993137083,0.0,0.0,0.9955129835180883,0.09462504767192734,0.12028858678875665,-0.00020865683263521356,0.0,0.0,0.0,-0.29732180806792763
2026-08-24T01:07:02.618929,40.93,1.4962884617572427,0.1721259027059216,0.0,2.945843679674388,0.0,0.0,0.995214114730493,0.097718298394932,0.12014134862231626,-0.00020702481723188277,0.0,0.0,0.0,-0.2981396226338181
2026-08-24T01:07:02.642833,40.95,1.4939253705720221,0.17260241764380718,0.0,2.9396136472181666,0.0,0.0,0.9949048926978381,0.10081792740333032,0.1201169924361778,-0.0002054310679003416,0.0,0.0,0.0,-0.29931411006747494
2026-08-24T01:07:02.671208,40.97,1.491565408342548,0.1730936363366806,0.0,2.933373389234289,0.0,0.0,0.9945854854724544,0.10392166322534574,0.12011645033204787,-0.00020388571596655712,0.0,0.0,0.0,-0.32007963899853814
2026-08-24T01:07:02.695440,40.99,1.489365572554007,0.17356654115890843,0.0,2.926500215448767,0.0,0.0,0.9942224772638132,0.10733902227711305,0.11206134139440739,-0.00020227931012240882,0.0,0.0,0.0,-0.3292565513530582
2026-08-24T01:07:02.722335,41.01,1.4871972050305444,0.1740483600980927,0.0,2.919651392199045,0.0,0.0,0.9938490755700653,0.11074301327183908,0.11060552555737292,-0.0002008753883419582,0.0,0.0,0.0,-0.3296905512731184
2026-08-24T01:07:02.754190,41.03,1.48503727911013,0.17454382226922116,0.0,2.912797440246024,0.0,0.0,0.9934637267091344,0.11414825322009241,0.11034627450422672,-0.0001994747547612431,0.0,0.0,0.0,-0.32982250218888837
2026-08-24T01:07:02.781101,41.05,1.4828817219190826,0.17505385494886097,0.0,2.9059377413564125,0.0,0.0,0.993066372671863,0.11755500613903472,0.11030392973233438,-0.00019810026511154574,0.0,0.0,0.0,-0.33039406683759037
2026-08-24T01:07:02.813191,41.07,1.4807298837623042,0.1755786310192105,0.0,2.8990702406476236,0.0,0.0,0.9926568644820574,0.12096424842345141,0.1103008566064279,-0.0001967621885386411,0.0,0.0,0.0,-0.3398878678805542
2026-08-24T01:07:02.842717,41.09,1.4786185997219232,0.17610910310539088,0.0,2.892013868768233,0.0,0.0,0.99222390266943,0.12446576626303921,0.10839762906490656,-0.0001954598183026623,0.0,0.0,0.0,-0.33940473144652344
2026-08-24T01:07:02.870850,41.11,1.47651761397634,0.17665279692527114,0.0,2.884960151658044,0.0,0.0,0.9917787594300684,0.1279644182706839,0.10806308803556233,-0.0001942164602379431,0.0,0.0,0.0,-0.34015528358406116
2026-08-24T01:07:02.903851,41.13,1.4744216687121396,0.17721097793143928,0.0,2.877904489964431,0.0,0.0,0.9913211519146541,0.1314624424183699,0.10800806439084788,-0.0001929952635874829,0.0,0.0,0.0,-0.3406902111842712
2026-08-24T01:07:02.934081,41.14,1.4733731741003302,0.17749614435407315,0.0,2.8742435982442744,0.0,0.0,0.9910788564393691,0.1332767808691085,0.1084380402554563,-0.0001923844217291873,0.0,0.0,0.0,-0.34112123058484217
2026-08-24T01:07:02.973004,41.18,1.469199936503793,0.17867100936403077,0.0,2.8600805578911412,0.0,0.0,0.9901102119431204,0.14029172536521586,0.10823916824441279,-0.00019010717091658613,0.0,0.0,0.0,-0.3425795166426884
2026-08-24T01:07:02.993099,41.19,1.468162723242524,0.17897293928615104,0.0,2.8566552985431812,0.0,0.0,0.9898684922427264,0.14198721092095357,0.10781354977548903,-0.00018953102708694033,0.0,0.0,0.0,-0.34259089374153257
2026-08-24T01:07:03.022033,41.21,1.466087448840292,0.17958907629318124,0.0,2.849546486468965,0.0,0.0,0.9893575602108856,0.14550470113904884,0.10781889923778391,-0.00018844421878361366,0.0,0.0,0.0,-0.34427147748946946
2026-08-24T01:07:03.051854,41.23,1.4640177401521932,0.18021963036565047,0.0,2.8424088079161596,0.0,0.0,0.9888319778949958,0.1490346251455367,0.10778265086574342,-0.00018739312204596516,0.0,0.0,0.0,-0.3448247831174898
2026-08-24T01:07:03.082305,41.25,1.461952271840963,0.18086504340826035,0.0,2.8352681323978874,0.0,0.0,0.988293572607869,0.15256413189860427,0.1077867544138393,-0.00018637595300914446,0.0,0.0,0.0,-0.3451959349190042
2026-08-24T01:07:03.108578,41.27,1.4598914717360738,0.18152519663598657,0.0,2.828116669080499,0.0,0.0,0.9877417272906023,0.15609702165312908,0.10779170986262451,-0.000185391084042799,0.0,0.0,0.0,-0.37206886032890846
2026-08-24T01:07:03.135542,41.29,1.4580268112109152,0.18213819013028412,0.0,2.819990569144524,0.0,0.0,0.9870993460425644,0.16010896615224762,0.09769351182119415,-0.00018424184944004212,0.0,0.0,0.0,-0.39237019769888587
2026-08-24T01:07:03.166574,41.31,1.4561976692956757,0.18275610897968655,0.0,2.8118905195711292,0.0,0.0,0.9864428069972455,0.16410541893366912,0.09606874809791996,-0.00018338383548457789,0.0,0.0,0.0,-0.39248847177553714
2026-08-24T01:07:03.192590,41.33,1.454378481104099,0.18338708828655562,0.0,2.8037926392514816,0.0,0.0,0.9857702699721588,0.16809811075386086,0.09581146292736138,-0.0001825112429289342,0.0,0.0,0.0,-0.39324490058721606
2026-08-24T01:07:03.220497,41.35,1.4525652538355058,0.18403250538305954,0.0,2.7956767351191,0.0,0.0,0.985080021452371,0.17209692424734524,0.09577481206746231,-0.00018166303951384598,0.0,0.0,0.0,-0.421657628466944
2026-08-24T01:07:03.244282,41.37,1.4508811571692342,0.1846480775771932,0.0,2.7868102978276195,0.0,0.0,0.9843074005744279,0.1764622939168951,0.08916968318009513,-0.00018074089909431198,0.0,0.0,0.0,-0.43002906631818877
2026-08-24T01:07:03.271569,41.38,1.4500481048263363,0.18495907645652598,0.0,2.78226259357843,0.0,0.0,0.9839036071261535,0.17870000527180635,0.08867473171921174,-0.00018055126156064298,0.0,0.0,0.0,-0.43028576235838933
2026-08-24T01:07:03.503752,41.41,1.4475690310893865,0.18590894291997903,0.0,2.7691087803871817,0.0,0.0,0.9827070427127426,0.18516713586048691,0.08803840027197327,-0.00017921874455704704,0.0,0.0,0.0,-0.4308445845426731
2026-08-24T01:07:03.533962,41.43,1.44592324806477,0.18656060549348472,0.0,2.760247720081966,0.0,0.0,0.9818770117619767,0.18951921742496464,0.08802204825018602,-0.00017847770933097614,0.0,0.0,0.0,-0.4321335466181428
2026-08-24T01:07:03.561154,41.45,1.4442833731152394,0.18722681805166808,0.0,2.751361592699112,0.0,0.0,0.9810252770683899,0.19387987454320468,0.08802472286545639,-0.0001777666687333767,0.0,0.0,0.0,-0.44026585899196163
2026-08-24T01:07:03.589185,41.47,1.4426735019460675,0.1878977194505627,0.0,2.742308474740647,0.0,0.0,0.9801376209209742,0.19831854188494985,0.08672647909174966,-0.0001770697684275708,0.0,0.0,0.0,-0.4402313312038969
2026-08-24T01:07:03.619276,41.49,1.4410732723923958,0.1885816764000768,0.0,2.7332608514410968,0.0,0.0,0.9792304390725587,0.20275045547116252,0.08653922280107135,-0.00017641071775853005,0.0,0.0,0.0,-0.4405802713509646
2026-08-24T01:07:03.649087,41.51,1.4394798128794362,0.18927985601845485,0.0,2.724207019565074,0.0,0.0,0.9783025742872549,0.20718125673653517,0.08651653160840721,-0.00017576671082152105,0.0,0.0,0.0,-0.44188778387854816
2026-08-24T01:07:03.678995,41.53,1.437892821375582,0.18999241068140824,0.0,2.7151367369459436,0.0,0.0,0.9773529206269859,0.21161585134838246,0.08651816221987661,-0.00017515105810964512,0.0,0.0,0.0,-0.44237313154555263
2026-08-24T01:07:03.702340,41.55,1.4363123708526286,0.19071932759486632,0.0,2.7060576977991246,0.0,0.0,0.9763822193722709,0.2160503684182897,0.08652333409205124,-0.00017455678402118028,0.0,0.0,0.0,-0.4759135775636794
2026-08-24T01:07:03.729878,41.57,1.4348467733980483,0.19141026556827528,0.0,2.696223322552518,0.0,0.0,0.9753080596364979,0.22084879172884211,0.08053565526060698,-0.00017389631812440962,0.0,0.0,0.0,-0.4802746796940757
2026-08-24T01:07:03.755220,41.59,1.4334027154005629,0.19210853324310412,0.0,2.6863922722660796,0.0,0.0,0.9742106933577552,0.22564025560037343,0.07971447593639717,-0.0001733519889016064,0.0,0.0,0.0,-0.48090743302435945
2026-08-24T01:07:03.783264,41.61,1.4319675984558646,0.19281995134513105,0.0,2.6765452959701683,0.0,0.0,0.9730879529538838,0.23043401618689027,0.07960639393486153,-0.00017280672652138321,0.0,0.0,0.0,-0.4811084277044375
2026-08-24T01:07:03.810268,41.63,1.4305398316887632,0.1935453228943188,0.0,2.6666999102124134,0.0,0.0,0.9719418112945621,0.2352214179394505,0.07959667735846061,-0.00017227988325385459,0.0,0.0,0.0,-0.481605970087346
2026-08-24T01:07:03.835651,41.64,1.4298266795278654,0.1939145609062255,0.0,2.661661934683128,0.0,0.0,0.9713462084181647,0.23766897860607603,0.08006959924610978,-0.00017231609204764283,0.0,0.0,0.0,-0.48192261178159485
2026-08-24T01:07:03.860214,41.67,1.427714211067502,0.1950337986356127,0.0,2.646927302172653,0.0,0.0,0.9695688807992046,0.24481867858841533,0.07914904789893831,-0.0001712740756723894,0.0,0.0,0.0,-0.4853067507846788
2026-08-24T01:07:03.885009,41.69,1.4263176895993037,0.1957962050143597,0.0,2.6370077534762864,0.0,0.0,0.9683427150121627,0.2496244905510543,0.07909213759441966,-0.00017080003165236143,0.0,0.0,0.0,-0.48584628929066326
2026-08-24T01:07:03.916918,41.71,1.4249289509926466,0.19657234959521525,0.0,2.6270787068648778,0.0,0.0,0.9670915204009246,0.25442875460259595,0.07908931231645337,-0.00017034582569121592,0.0,0.0,0.0,-0.48655044967508493
2026-08-24T01:07:03.940884,41.73,1.4235480100907012,0.19736223726083127,0.0,2.617137434093399,0.0,0.0,0.965814905733653,0.2592326519995019,0.07909384759430381,-0.0001699099113253702,0.0,0.0,0.0,-0.48755102369501657
2026-08-24T01:07:03.966376,41.75,1.422174999071187,0.19816582293029225,0.0,2.607173016747197,0.0,0.0,0.9645113730109994,0.2640413061103069,0.0790993312351962,-0.00016949645885227764,0.0,0.0,0.0,-0.5199102067563816
2026-08-24T01:07:03.997384,41.77,1.420926498428586,0.19891411871514184,0.0,2.596280698758486,0.0,0.0,0.96305906520485,0.2692902466238995,0.07230771626236213,-0.0001689301610653909,0.0,0.0,0.0,-0.5337074021039484
2026-08-24T01:07:04.020993,41.79,1.419700532181904,0.19966720593598358,0.0,2.5853984716902865,0.0,0.0,0.9615795776375877,0.27452634822602817,0.07146004309283516,-0.00016851411611472824,0.0,0.0,0.0,-0.534115798678783
2026-08-24T01:07:04.050791,41.81,1.418484605838696,0.20043244818227754,0.0,2.574509343269786,0.0,0.0,0.9600706565409177,0.2797576351935567,0.07135885017121203,-0.00016809247113836154,0.0,0.0,0.0,-0.5344965193708741
2026-08-24T01:07:04.079793,41.83,1.4172773063969908,0.20121074067622682,0.0,2.5636124323296468,0.0,0.0,0.9585321669308684,0.2849843591476799,0.07135134573030766,-0.00016768457177347663,0.0,0.0,0.0,-0.5352441188731526
2026-08-24T01:07:04.104925,41.85,1.4160785890987313,0.20200212653028304,0.0,2.5527080683089682,0.0,0.0,0.9569641412660788,0.2902061893393669,0.07135554273844662,-0.0001672947584663474,0.0,0.0,0.0,-0.5361682743830913
2026-08-24T01:07:04.133974,41.87,1.4148885789456298,0.2028065379095834,0.0,2.5417955395716207,0.0,0.0,0.9553664626636625,0.29542329295016784,0.07136114479697263,-0.00016692423895417883,0.0,0.0,0.0,-0.5419740780108494
2026-08-24T01:07:04.160182,41.89,1.4137192367533773,0.20361581135926488,0.0,2.5307642051595014,0.0,0.0,0.9537224820351297,0.3006882559408529,0.07064781313613791,-0.00016655825089488527,0.0,0.0,0.0,-0.542406541383393
2026-08-24T01:07:04.188050,41.91,1.4125603328671366,0.20443692702243232,0.0,2.5197227045701602,0.0,0.0,0.9520479316240149,0.30594891058873713,0.07056412345084945,-0.00016621866729931602,0.0,0.0,0.0,-0.5423788598124052
2026-08-24T01:07:04.215924,41.93,1.411410739822223,0.20527065566342945,0.0,2.508681455694232,0.0,0.0,0.9503444032853445,0.3112001207329818,0.0705586657455984,-0.00016589006633604058,0.0,0.0,0.0,-0.543444002531328
2026-08-24T01:07:04.240427,41.95,1.4102704464770897,0.20611701292571408,0.0,2.4976279750526817,0.0,0.0,0.9486099757552902,0.3164476479570481,0.07056287367872441,-0.000165577268603505,0.0,0.0,0.0,-0.5871472041428232
2026-08-24T01:07:04.270309,41.97,1.4091523937200872,0.20696708359673838,0.0,2.4852697895011744,0.0,0.0,0.9466365193527922,0.32230311855089244,0.06978717805231852,-0.00016542222598971986,0.0,0.0,0.0,-0.6088650746099842
2026-08-24T01:07:04.298716,41.99,1.4080465529345427,0.20782991820588576,0.0,2.4729073150146217,0.0,0.0,0.9446262156576063,0.32814830898907504,0.06969660948331667,-0.00016562069021089972,0.0,0.0,0.0,-0.6089656905635507
2026-08-24T01:07:04.318788,42.01,1.4069516475992023,0.2087062157369477,0.0,2.46053388713292,0.0,0.0,0.9425779909612197,0.3339861238966535,0.06969024331582244,-0.00016582338857222854,0.0,0.0,0.0,-0.609573332396979
2026-08-24T01:07:04.347505,42.03,1.405867691537994,0.2095959759390023,0.0,2.4481531126867395,0.0,0.0,0.9404924405739462,0.3398146100791759,0.0696941729433925,-0.00016603266350325173,0.0,0.0,0.0,-0.6103910501171951
2026-08-24T01:07:04.372536,42.05,1.4047948376991701,0.21049908599075895,0.0,2.4357705082090133,0.0,0.0,0.9383705335333056,0.34563093292762365,0.06969930958272198,-0.0001662495298674285,0.0,0.0,0.0,-0.6517144782184551
2026-08-24T01:07:04.398819,42.06,1.4042895115616914,0.21093342926182915,0.0,2.4289638090873247,0.0,0.0,0.9371887984519804,0.3488225280226799,0.06642503547106023,-0.00016691064240269323,0.0,0.0,0.0,-0.6617017929753349
2026-08-24T01:07:04.423051,42.09,1.402802608711178,0.21224388183755602,0.0,2.4089250951147667,0.0,0.0,0.9336468388604385,0.3581948914849433,0.06556214414378037,-0.00016676526442160994,0.0,0.0,0.0,-0.6619849296791495
2026-08-24T01:07:04.449857,42.11,1.4018281406077717,0.21313268092911766,0.0,2.3955018833482837,0.0,0.0,0.9312217656810489,0.36445304652570776,0.06551715154254381,-0.00016709225400675742,0.0,0.0,0.0,-0.662025468011145
2026-08-24T01:07:04.474084,42.13,1.4008657742419686,0.214034400148276,0.0,2.3820788551769585,0.0,0.0,0.9287547791949832,0.37069469934499744,0.06551665065413735,-0.00016742027648643996,0.0,0.0,0.0,-0.6627000324491811
2026-08-24T01:07:04.503553,42.15,1.3999156128005132,0.21494895105298792,0.0,2.3686441449226017,0.0,0.0,0.9262437560252246,0.3769250647334087,0.06552127395532867,-0.00016775377893531906,0.0,0.0,0.0,-0.6721424814812788
2026-08-24T01:07:04.526792,42.16,1.3993710217974618,0.21548463262653964,0.0,2.361674827085867,0.0,0.0,0.9249246797822482,0.38015041329677063,0.07618071961670003,-0.0001692075812880908,0.0,0.0,0.0,-0.6782883454191797
2026-08-24T01:07:04.553448,42.19,1.3977440047646776,0.21712625049927556,0.0,2.341101347477844,0.0,0.0,0.9209653044070986,0.3896445920044833,0.07722514211983678,-0.0001701225316610494,0.0,0.0,0.0,-0.6804597577464042
2026-08-24T01:07:04.582157,42.21,1.396669043197534,0.21824975930127508,0.0,2.3273020309720467,0.0,0.0,0.918254989892109,0.3959896129171102,0.07741610475114888,-0.00017152848537334886,0.0,0.0,0.0,-0.6802086081474678
2026-08-24T01:07:04.609572,42.22,1.3961368161674548,0.21881907706340262,0.0,2.3203015006758534,0.0,0.0,0.9168632989230645,0.399201316490709,0.07777005165691071,-0.00017335761955010925,0.0,0.0,0.0,-0.6793950925356025
2026-08-24T01:07:04.635745,42.24,1.3950850256608784,0.21996497626415545,0.0,2.3064949515061697,0.0,0.0,0.9140856779434708,0.40552111335740004,0.07777341459083151,-0.00017472718344086087,0.0,0.0,0.0,-0.6632683294647808
2026-08-24T01:07:04.666405,42.27,1.3935375675233233,0.22170903211605109,0.0,2.2911154076431703,0.0,0.0,0.9109403178063764,0.41253816477365807,0.07745732953330527,-0.0001755325950797731,0.0,0.0,0.0,-0.03185239453356932
2026-08-24T01:07:04.688826,42.29,1.3920308797603576,0.22346723101004176,0.0,2.2784094167771984,0.0,0.0,0.9083010993947117,0.41831700041757575,0.11563835245261378,-0.00018048532254949696,0.0,0.0,0.0,-0.020265348705108814
2026-08-24T01:07:04.713063,42.3,1.391240522095649,0.2244142524985866,0.0,2.2645499718823805,0.0,0.0,0.9053804931870331,0.4246011805876248,0.12331063331570709,-0.00018628827003007415,0.0,0.0,0.0,-0.024589889784179315
2026-08-24T01:07:04.742392,42.33,1.388884576848294,0.2273055609052815,0.0,2.2486311146024143,0.0,0.0,0.9019722671643772,0.43179396622272687,0.12481678469202423,-0.00019204745839147667,0.0,0.0,0.0,-0.18844341629898687
2026-08-24T01:07:04.769093,42.34,1.388110570744255,0.22828896965501003,0.0,2.2360524351894924,0.0,0.0,0.8992387470754035,0.43745819886962733,0.1251370970995104,-0.00019781138810014688,0.0,0.0,0.0,-0.015754892071110305
2026-08-24T01:07:04.799048,42.37,1.3858224266445904,0.23126656863764433,0.0,2.221326967414999,0.0,0.0,0.8959935141820781,0.4440671374281712,0.12518523962597755,-0.00020278228775146934,0.0,0.0,0.0,-0.001284353481922386
2026-08-24T01:07:04.821037,42.39,1.38359070284321,0.23428412394807693,0.0,2.2066627097607316,0.0,0.0,0.8927135016474714,0.4506246819430889,0.18793851259553845,-0.00021541772363524783,0.0,0.0,0.0,-0.007076263915769723
2026-08-24T01:07:04.851026,42.41,1.3811914071730773,0.23764076345141175,0.0,2.1909503705518736,0.0,0.0,0.8891458054048743,0.45762401240638295,0.20675980532105823,-0.0002293585883715367,0.0,0.0,0.0,-0.03731274812189143
2026-08-24T01:07:04.883244,42.43,1.378782182366821,0.24112712096572375,0.0,2.1748958161155745,0.0,0.0,0.8854437231767507,0.46474661170028314,0.21240143867105463,-0.00024347157275925895,0.0,0.0,0.0,-0.07421158029665334
2026-08-24T01:07:04.911090,42.45,1.3764098049692222,0.2446790736387707,0.0,2.16044005539384,0.0,0.0,0.8820614908298198,0.47113429762125775,0.21408923397776675,-0.00025749039873514676,0.0,0.0,0.0,0.08198328582785905
2026-08-24T01:07:04.937799,42.47,1.3740878557544187,0.24827617889993145,0.0,2.1448943003892023,0.0,0.0,0.8783728126268586,0.4779761521645002,0.2145909366886457,-0.00027101028113180726,0.0,0.0,0.0,0.0020610587238014955
2026-08-24T01:07:04.959567,42.49,1.3718197521904065,0.25191102972914214,0.0,2.1285396089218187,0.0,0.0,0.8744349121536276,0.48514284948546615,0.21473686972973802,-0.00028485874631891013,0.0,0.0,0.0,-0.03508831911514936
2026-08-24T01:07:04.988213,42.51,1.3696073746992898,0.2555811208897462,0.0,2.114246584453218,0.0,0.0,0.8709455326030305,0.4913795673802723,0.21477613014763974,-0.00029774220358577994,0.0,0.0,0.0,0.11154616431982128
2026-08-24T01:07:05.014662,42.53,1.3674515938268446,0.2592850522907967,0.0,2.099020881637159,0.0,0.0,0.8671795311819666,0.49799564325305556,0.21478344525640466,-0.00030994201160741914,0.0,0.0,0.0,0.10709675758525837
2026-08-24T01:07:05.039517,42.55,1.36535302952836,0.26302179063608755,0.0,2.083612156635592,0.0,0.0,0.8633170936309706,0.5046618628790707,0.21478123310401362,-0.00032220863151084285,0.0,0.0,0.0,0.10657961701369849
2026-08-24T01:07:05.067840,42.57,1.363312208011384,0.26679040179049984,0.0,2.066139421281873,0.0,0.0,0.8588752923792801,0.5121847636746003,0.21477621771148248,-0.0003342623836291933,0.0,0.0,0.0,-0.14224560819913387
2026-08-24T01:07:05.103391,42.59,1.3613302997151984,0.270590332560731,0.0,2.0497201086336467,0.0,0.0,0.8546415354562756,0.5192184953109236,0.21477041623902463,-0.00034665230133831555,0.0,0.0,0.0,0.06227009023165658
2026-08-24T01:07:05.127086,42.61,1.3594091099121504,0.27442132525348867,0.0,2.0364775204512835,0.0,0.0,0.8511849278915051,0.5248659052847052,0.21476443063333678,-0.00035585424192181614,0.0,0.0,0.0,0.037223445393794595
2026-08-24T01:07:05.155989,42.63,1.3575489592706194,0.2782823240608786,0.0,2.0197106386183012,0.0,0.0,0.8467548857785248,0.5319832360236527,0.214758447926326,-0.00036851227260193553,0.0,0.0,0.0,-0.00870059996553619
2026-08-24T01:07:05.190820,42.65,1.3557502777275807,0.2821723374860763,0.0,2.0038504472345418,0.0,0.0,0.8425096274753163,0.538681285744552,0.21475251567580314,-0.0003804092425477974,0.0,0.0,0.0,0.01185316273743704
2026-08-24T01:07:05.215822,42.67,1.3540135180100876,0.28609038710252127,0.0,1.9896385000144416,0.0,0.0,0.8386605335752716,0.5446544862784486,0.2147466503437201,-0.00039185385635240755,0.0,0.0,0.0,-0.00019901505622926807
2026-08-24T01:07:05.241617,42.69,1.3523388206546114,0.2900353615637771,0.0,1.972115526750124,0.0,0.0,0.8338564225117497,0.5519814006249724,0.21474085826047323,-0.0004053338663948848,0.0,0.0,0.0,-0.04002040870295429
2026-08-24T01:07:05.267533,42.71,1.3507259277608221,0.2940060013805696,0.0,1.9560771138115944,0.0,0.0,0.8294032055961316,0.558650447549146,0.2147351379424392,-0.0004166067138030705,0.0,0.0,0.0,-0.08002455963006984
2026-08-24T01:07:05.297524,42.73,1.349175351080577,0.29800138670281967,0.0,1.9417612231221444,0.0,0.0,0.825383202736905,0.5645729081702107,0.2147294889587766,-0.00042770565521816386,0.0,0.0,0.0,0.09476365463354802
2026-08-24T01:07:05.325346,42.75,1.3476874580009748,0.3020205351046015,0.0,1.9263056867909982,0.0,0.0,0.8209957124541757,0.5709343571128475,0.21472391071918764,-0.00043807825991883006,0.0,0.0,0.0,0.08441968028888791
2026-08-24T01:07:05.357122,42.77,1.3462630895443335,0.3060626314899848,0.0,1.9095349757218507,0.0,0.0,0.816179417333321,0.5777985451015265,0.2147184028278088,-0.0004486449586104482,0.0,0.0,0.0,-0.023499737412930773
2026-08-24T01:07:05.381719,42.79,1.344903538936085,0.31012698895323504,0.0,1.8915830515698442,0.0,0.0,0.8109603104380282,0.5851011663757447,0.21471296394068473,-0.0004595648560216986,0.0,0.0,0.0,0.07522928721149275
2026-08-24T01:07:05.404545,42.81,1.3436089562334068,0.3142125027305492,0.0,1.8785994267653345,0.0,0.0,0.8071448817640978,0.5903534024988936,0.2147075917332649,-0.0004665420157821698,0.0,0.0,0.0,0.11842895313205395
2026-08-24T01:07:05.438200,42.83,1.3423797368710928,0.31831815502658345,0.0,1.8621288424416083,0.0,0.0,0.8022558338262171,0.5969803825016372,0.21470229087113693,-0.0004765814662287287,0.0,0.0,0.0,0.03895442736310578
2026-08-24T01:07:05.460012,42.85,1.341216164901478,0.3224428914011592,0.0,1.846174327102653,0.0,0.0,0.7974680917028774,0.6033611213160582,0.21469705446554432,-0.0004868035935566378,0.0,0.0,0.0,0.039392529092122014
2026-08-24T01:07:05.486251,42.87,1.3401185306514338,0.32658566073753026,0.0,1.827559716875043,0.0,0.0,0.7918179662720813,0.6107571598342053,0.21469188409095583,-0.0004968433903408633,0.0,0.0,0.0,0.0654087381216037
