wall_time,ros_time_sec,x,y,z,yaw,qx,qy,qz,qw,lin_vel_x,lin_vel_y,lin_vel_z,ang_vel_x,ang_vel_y,ang_vel_z
2026-08-24T01:14:22.150511,0.030000000000000002,0.0,0.0,0.0,0.0,0.0,0.0,0.0,1.0,0.0,0.0,0.0,0.0,0.0,7.644224177490999e-05
2026-08-24T01:14:27.646513,0.05,0.0,0.0,0.0,9.706908974393968e-07,0.0,0.0,4.853454487196794e-07,0.9999999999998822,0.0,0.0,0.0,0.0,0.0,0.00022045142215738276
2026-08-24T01:14:27.680790,0.07,0.0,0.0,0.0,1.092093076859868e-06,0.0,0.0,5.460465384299069e-07,0.9999999999998509,0.0,0.0,0.0,0.0,0.0,9.54120521083757e-05
2026-08-24T01:14:27.705598,0.09000000000000001,0.0,0.0,0.0,-2.2536487587210274e-06,0.0,0.0,-1.1268243793602753e-06,0.9999999999993652,0.0,0.0,0.0,0.0,0.0,-7.524063890843616e-05
2026-08-24T01:14:27.734502,0.11,0.0,0.0,0.0,2.6528882046683577e-06,0.0,0.0,1.3264441023337899e-06,0.9999999999991203,0.0,0.0,0.0,0.0,0.0,-3.588200868121774e-05
2026-08-24T01:14:27.769200,0.13,0.0,0.0,0.0,6.010101398779002e-07,0.0,0.0,3.005050699389455e-07,0.9999999999999548,0.0,0.0,0.0,0.0,0.0,-0.0003559079709368658
2026-08-24T01:14:27.803479,0.15000000000000002,0.0,0.0,0.0,1.3233056193051598e-06,0.0,0.0,6.616528096525315e-07,0.9999999999997811,0.0,0.0,0.0,0.0,0.0,-4.985093509090899e-06
2026-08-24T01:14:27.860368,0.17,0.0,0.0,0.0,-5.563986733569948e-07,0.0,0.0,-2.781993366784938e-07,0.9999999999999613,0.0,0.0,0.0,0.0,0.0,-3.4588996878684664e-05
2026-08-24T01:14:27.890689,0.19,1.3718769370457337e-15,1.947112986359572e-25,0.0,1.8547281874781163e-06,0.0,0.0,9.273640937389253e-07,0.99999999999957,6.862149014700452e-14,1.954440020853595e-23,0.0,0.0,0.0,0.00014016999943277235
2026-08-24T01:14:27.926869,0.2,2.0670107322354897e-15,1.6071909575062319e-28,0.0,2.7133850721838826e-12,0.0,0.0,1.3566925360919413e-12,1.0,6.920849266588854e-14,6.636169722084877e-24,0.0,0.0,0.0,-6.730819022303925e-05
2026-08-24T01:14:27.965664,0.23,4.159158880389773e-15,-3.403340125058872e-25,0.0,-1.4658686233737228e-06,0.0,0.0,-7.329343116867958e-07,0.9999999999997314,6.987162763030915e-14,-3.392923131477233e-23,0.0,0.0,0.0,-7.74871038422767e-05
2026-08-24T01:14:27.998542,0.25,5.571652478018506e-15,-9.700659670821162e-26,0.0,-3.602505458388805e-07,0.0,0.0,-1.8012527291943927e-07,0.9999999999999838,7.050835290418489e-14,-9.546005212493856e-24,0.0,0.0,0.0,6.144069344921084e-05
2026-08-24T01:14:28.035406,0.27,6.996480666299526e-15,2.7541593492497473e-25,0.0,3.989775572144083e-07,0.0,0.0,1.9948877860720283e-07,0.9999999999999801,7.112677103008438e-14,2.7567382229907063e-23,0.0,0.0,0.0,0.00015759640154924885
2026-08-24T01:14:28.069221,0.29000000000000004,-1.670989546252623e-11,3.0702651916748594e-21,0.0,3.81508478142223e-06,0.0,0.0,1.907542390709958e-06,0.9999999999981807,-8.364284320036576e-10,2.9540653839402987e-19,0.0,0.0,0.0,-0.00010138941676652988
2026-08-24T01:14:28.111002,0.31,-8.347039706712362e-12,-2.2660367639611248e-20,0.0,-2.511526204784787e-07,0.0,0.0,-1.25576310239239e-07,0.9999999999999921,1.3743360574868847e-13,-2.270613575911859e-18,0.0,0.0,0.0,0.0001986417108286859
2026-08-24T01:14:28.144927,0.33,-1.6762276480777745e-11,-2.3957521363085514e-20,0.0,4.925797569832469e-07,0.0,0.0,2.4628987849162094e-07,0.9999999999999697,1.395016257416801e-13,-2.414129856709404e-18,0.0,0.0,0.0,9.598793864590727e-05
2026-08-24T01:14:28.178201,0.35000000000000003,-3.3694464239331e-11,-1.8806943357219484e-20,0.0,2.6564992161581813e-07,0.0,0.0,1.3282496080790867e-07,0.9999999999999912,-8.472816502576872e-10,-1.9470632397418828e-18,0.0,0.0,0.0,0.00018738578807288628
2026-08-24T01:14:28.212972,0.37,-3.3703607771837e-11,-3.20519280522054e-20,0.0,-7.24894227310813e-07,0.0,0.0,-3.6244711365539844e-07,0.9999999999999343,2.0620329292564765e-13,-3.278557472823271e-18,0.0,0.0,0.0,-0.0003641304957248526
2026-08-24T01:14:28.247079,0.39,-3.370209167933606e-11,-3.1996103910821094e-20,0.0,2.1299549781694793e-06,0.0,0.0,1.0649774890845383e-06,0.9999999999994329,2.0817702036030575e-13,-3.2721707573799084e-18,0.0,0.0,0.0,0.00036335566308654194
2026-08-24T01:14:28.282831,0.41000000000000003,-3.370058458058691e-11,-3.190573128078603e-20,0.0,-2.1547955326717276e-06,0.0,0.0,-1.0773977663356552e-06,0.9999999999994196,2.0842185729982417e-13,-3.263122870658722e-18,0.0,0.0,0.0,-9.675226766739003e-05
2026-08-24T01:14:28.316798,0.43000000000000005,-3.369906461003016e-11,-3.1825264566062526e-20,0.0,-2.409878947062794e-06,0.0,0.0,-1.2049394735311052e-06,0.999999999999274,2.0867189698022157e-13,-3.2550650028382174e-18,0.0,0.0,0.0,0.0003209593472315372
2026-08-24T01:14:28.349757,0.45,-3.3697532302525684e-11,-3.17277927880487e-20,0.0,-3.254919578310478e-07,0.0,0.0,-1.6274597891552318e-07,0.9999999999999868,2.0889195714870298e-13,-3.2453060278907044e-18,0.0,0.0,0.0,1.8140417948712307e-05
2026-08-24T01:14:28.388070,0.47000000000000003,-3.3695987840844164e-11,-3.162975494993222e-20,0.0,1.4620297541512177e-06,0.0,0.0,7.310148770755435e-07,0.9999999999997328,2.0907742121044078e-13,-3.235490550143674e-18,0.0,0.0,0.0,-0.00028532316854462377
2026-08-24T01:14:28.420328,0.49000000000000005,-3.369443094186847e-11,-3.1532230542438965e-20,0.0,-2.807413181038498e-06,0.0,0.0,-1.4037065905187882e-06,0.9999999999990148,2.092519639913069e-13,-3.2257261022602696e-18,0.0,0.0,0.0,8.987590346644917e-05
2026-08-24T01:14:28.455547,0.51,-3.3692861812826915e-11,-3.142303990724415e-20,0.0,3.2889335135344315e-06,0.0,0.0,1.6444667567664744e-06,0.9999999999986479,2.0940481818666345e-13,-3.2147933407109085e-18,0.0,0.0,0.0,-0.00016605288493823627
2026-08-24T01:14:28.491130,0.53,-3.369128008212839e-11,-3.130759225743884e-20,0.0,-1.0424917156193203e-06,0.0,0.0,-5.212458578096365e-07,0.9999999999998641,2.0955886225240278e-13,-3.2032356898603907e-18,0.0,0.0,0.0,6.986848619098321e-05
2026-08-24T01:14:28.526194,0.55,-3.368968582342179e-11,-3.118453106832322e-20,0.0,-1.1369847277009628e-06,0.0,0.0,-5.684923638504507e-07,0.9999999999998385,2.0968620182155666e-13,-3.1909145942345854e-18,0.0,0.0,0.0,0.0002879238716949819
2026-08-24T01:14:28.562163,0.56,-3.368952969315566e-11,7.159819880161466e-22,0.0,-4.104760975565114e-11,0.0,0.0,-2.052380487782557e-11,1.0,8.031071116845075e-14,-3.1755401312951663e-18,0.0,0.0,0.0,0.00012532913535057632
2026-08-24T01:14:28.597822,0.5900000000000001,-3.368646019241076e-11,-3.09084785269698e-20,0.0,2.4844770765142243e-06,0.0,0.0,1.2422385382567926e-06,0.9999999999992284,2.0988254703404372e-13,-3.163278340200617e-18,0.0,0.0,0.0,-0.00026729981027379796
2026-08-24T01:14:28.633267,0.61,-5.1446751625910877e-11,1.562647571068653e-20,0.0,1.9131112498627086e-06,0.0,0.0,9.565556249312086e-07,0.9999999999995425,-8.893025527177602e-10,1.4033026224379802e-18,0.0,0.0,0.0,4.628612613831638e-05
2026-08-24T01:14:28.667922,0.63,-4.255911283682695e-11,-2.726438974350233e-20,0.0,-2.946845560458655e-06,0.0,0.0,-1.4734227802287944e-06,0.9999999999989145,2.789430907509036e-13,-2.8416496575597865e-18,0.0,0.0,0.0,5.0674234473656375e-05
2026-08-24T01:14:28.702302,0.65,-4.2557427792116e-11,-2.7136549338370235e-20,0.0,-7.606709844232286e-07,0.0,0.0,-3.8033549221160506e-07,0.9999999999999277,2.804649528671713e-13,-2.8286379854655495e-18,0.0,0.0,0.0,-0.0001188066205729997
2026-08-24T01:14:28.738996,0.67,-4.2555641902503974e-11,-2.7004389544560287e-20,0.0,6.086319570552944e-06,0.0,0.0,3.0431597852717752e-06,0.9999999999953696,2.8016365865371e-13,-2.8154031929195934e-18,0.0,0.0,0.0,-0.0001501186911149608
2026-08-24T01:14:28.771164,0.6900000000000001,-4.255396334808373e-11,-2.6846789400453827e-20,0.0,-1.6346037003955871e-06,0.0,0.0,-8.173018501977026e-07,0.999999999999666,2.7983760990551487e-13,-2.799623734646731e-18,0.0,0.0,0.0,-0.00033474094984126536
2026-08-24T01:14:28.805569,0.7100000000000001,-4.2552272646785437e-11,-2.6721612496965346e-20,0.0,-1.7201291990787126e-06,0.0,0.0,-8.600645995392503e-07,0.9999999999996302,2.794884583902371e-13,-2.7870862336554516e-18,0.0,0.0,0.0,-0.0002945077643741181
2026-08-24T01:14:28.842243,0.7300000000000001,-4.255056935052354e-11,-2.6589985435709008e-20,0.0,3.5229552608484482e-09,0.0,0.0,1.7614776304242241e-09,1.0,2.7912948977287997e-13,-2.7739040005213068e-18,0.0,0.0,0.0,-3.911594748183083e-05
2026-08-24T01:14:28.876188,0.75,-4.2548853982570944e-11,-2.643171723104864e-20,0.0,-8.419557557814983e-07,0.0,0.0,-4.209778778907367e-07,0.9999999999999114,2.78731867307173e-13,-2.7580557530871995e-18,0.0,0.0,0.0,-0.00019055542007096664
2026-08-24T01:14:28.913027,0.77,-4.254712604692596e-11,-2.6281868937383456e-20,0.0,-5.894038066500684e-07,0.0,0.0,-2.947019033250299e-07,0.9999999999999566,2.783291133107031e-13,-2.7430494843326674e-18,0.0,0.0,0.0,0.00027171301250145325
2026-08-24T01:14:28.946935,0.79,-4.254538574880033e-11,-2.6095730388644828e-20,0.0,-3.3288798380048954e-06,0.0,0.0,-1.6644399190016788e-06,0.9999999999986148,2.779019842333839e-13,-2.7244112634145017e-18,0.0,0.0,0.0,2.1085981654898704e-05
2026-08-24T01:14:28.983427,0.81,-4.254363261750892e-11,-2.5932185996586302e-20,0.0,-1.2369933437561544e-06,0.0,0.0,-6.184966718780377e-07,0.9999999999998087,2.774763014235405e-13,-2.7080334926468557e-18,0.0,0.0,0.0,-0.00029644439066314456
2026-08-24T01:14:29.018594,0.8300000000000001,-4.2541867749553306e-11,-2.5778959430774118e-20,0.0,-9.042465718422933e-07,0.0,0.0,-4.521232859211312e-07,0.9999999999998977,2.769984320651854e-13,-2.692688642794682e-18,0.0,0.0,0.0,0.00020650186933137885
2026-08-24T01:14:29.050745,0.8500000000000001,-4.2540090218328516e-11,-2.558438848059967e-20,0.0,1.873238300031943e-06,0.0,0.0,9.366191500158346e-07,0.9999999999995614,2.7652011837330146e-13,-2.6732053909241477e-18,0.0,0.0,0.0,-0.00010980194824508694
2026-08-24T01:14:29.088653,0.8700000000000001,-4.253830029777601e-11,-2.5398090241258116e-20,0.0,-2.4213800760009008e-06,0.0,0.0,-1.2106900380001546e-06,0.9999999999992671,2.760272979409636e-13,-2.6545502947398023e-18,0.0,0.0,0.0,-9.838175928174092e-05
2026-08-24T01:14:29.125524,0.89,-5.1828937814296264e-11,-7.072449887106326e-20,0.0,-1.3293049105911339e-06,0.0,0.0,-6.646524552955179e-07,0.9999999999997791,2.7537174893667686e-13,-7.246060117548649e-18,0.0,0.0,0.0,-7.141777864184719e-05
2026-08-24T01:14:29.166427,0.91,-5.18271331607518e-11,-7.030186725354329e-20,0.0,2.6214078907571547e-08,0.0,0.0,1.3107039453785774e-08,0.9999999999999999,2.7487169428751027e-13,-7.203737969799073e-18,0.0,0.0,0.0,-0.00011563142359785597
2026-08-24T01:14:29.202324,0.93,-5.182530742895947e-11,-6.986591225459918e-20,0.0,2.543361910412045e-06,0.0,0.0,1.2716809552056798e-06,0.9999999999991914,2.743179448992787e-13,-7.160081601703139e-18,0.0,0.0,0.0,-6.987004878425483e-06
2026-08-24T01:14:29.236484,0.9500000000000001,-5.1823469045550414e-11,-6.94002156393004e-20,0.0,-1.2685530230704953e-06,0.0,0.0,-6.342765115352052e-07,0.9999999999997988,2.737661673646423e-13,-7.113447834983104e-18,0.0,0.0,0.0,5.1070034599292924e-05
2026-08-24T01:14:29.271619,0.9700000000000001,-6.12397365624713e-11,-9.490053626665789e-20,0.0,-2.0849459194671738e-06,0.0,0.0,-1.042472959733398e-06,0.9999999999994567,2.7304361390483286e-13,-9.732753218640964e-18,0.0,0.0,0.0,0.00013083369664665753
2026-08-24T01:14:29.304181,0.9900000000000001,-6.123788400882352e-11,-9.427025611003279e-20,0.0,6.9382062184431e-07,0.0,0.0,3.4691031092214803e-07,0.9999999999999398,2.724711006913021e-13,-9.669634577408994e-18,0.0,0.0,0.0,-1.836854788027763e-05
2026-08-24T01:14:29.344175,1.01,-6.123600985174975e-11,-9.362629750757059e-20,0.0,2.730742270973252e-06,0.0,0.0,1.3653711354862019e-06,0.9999999999990679,2.718746154131238e-13,-9.605146270222943e-18,0.0,0.0,0.0,-0.00026710430243505985
2026-08-24T01:14:29.381472,1.03,-6.123412346743085e-11,-9.298080620471249e-20,0.0,-3.776828987334114e-07,0.0,0.0,-1.8884144936670455e-07,0.9999999999999821,2.712634754646458e-13,-9.540503264796235e-18,0.0,0.0,0.0,-2.5474558795010203e-06
2026-08-24T01:14:29.418377,1.05,-8.036719547161906e-11,-1.0364790344522312e-19,0.0,-2.3238793480651054e-06,0.0,0.0,-1.1619396740322912e-06,0.999999999999325,-9.589964609661015e-10,-1.0773552532443232e-17,0.0,0.0,0.0,0.0001492438696731728
2026-08-24T01:14:29.460176,1.07,-7.078906858702435e-11,-5.666431995457279e-20,0.0,-5.613068161380852e-07,0.0,0.0,-2.806534080690389e-07,0.9999999999999606,3.4404118870851683e-13,-5.985583510290419e-18,0.0,0.0,0.0,-0.0003235281647014466
2026-08-24T01:14:29.493551,1.09,-7.078711513507135e-11,-5.622545814366011e-20,0.0,-2.0055286764630864e-07,0.0,0.0,-1.0027643382315415e-07,0.999999999999995,3.447969215883991e-13,-5.9409176111034446e-18,0.0,0.0,0.0,5.161470556730468e-05
2026-08-24T01:14:29.530905,1.11,-7.078518321128917e-11,-5.572527131765693e-20,0.0,-2.242189149903595e-06,0.0,0.0,-1.1210945749515627e-06,0.9999999999993716,3.435804337870515e-13,-5.8908238220692575e-18,0.0,0.0,0.0,-0.00041884848171283096
2026-08-24T01:14:29.566814,1.13,-7.078323885338939e-11,-5.528829513668308e-20,0.0,-1.306791670874219e-06,0.0,0.0,-6.53395835437063e-07,0.9999999999997865,3.4236370616882143e-13,-5.847056470402562e-18,0.0,0.0,0.0,0.00012292306940682516
2026-08-24T01:14:29.598870,1.15,-7.078128241141812e-11,-5.47719135016311e-20,0.0,8.759339809039091e-07,0.0,0.0,4.3796699045194055e-07,0.9999999999999041,3.411289742174209e-13,-5.795340065622377e-18,0.0,0.0,0.0,-4.152274639679059e-05
2026-08-24T01:14:29.638512,1.17,-7.077931358910414e-11,-5.425316388187459e-20,0.0,-2.4629710675405647e-06,0.0,0.0,-1.231485533769971e-06,0.9999999999992417,3.3988393229460265e-13,-5.743386426118622e-18,0.0,0.0,0.0,7.183082281893034e-05
2026-08-24T01:14:29.669815,1.19,-7.07773322263449e-11,-5.373731733363402e-20,0.0,3.7147885421084936e-06,0.0,0.0,1.857394271053179e-06,0.999999999998275,3.3864382393734625e-13,-5.691721575844074e-18,0.0,0.0,0.0,0.0001815188498210532
2026-08-24T01:14:29.704806,1.21,-8.056946099315267e-11,4.805938560312127e-20,0.0,3.341930518985237e-06,0.0,0.0,1.6709652594918407e-06,0.9999999999986039,3.372044181029876e-13,4.405133186559012e-18,0.0,0.0,0.0,-0.00017015724279663804
2026-08-24T01:14:29.740979,1.23,-1.0027287094522702e-10,1.8762229397570404e-19,0.0,1.3140584691484494e-06,0.0,0.0,6.570292345741774e-07,0.9999999999997842,-9.87868106909757e-10,1.816090984354491e-17,0.0,0.0,0.0,5.05641956915627e-05
2026-08-24T01:14:29.776818,1.25,-9.040802722538527e-11,1.159406329950558e-19,0.0,-3.1221715772744574e-06,0.0,0.0,-1.5610857886365947e-06,0.9999999999987815,4.108582763342644e-13,1.1093999613767194e-17,0.0,0.0,0.0,1.3515460486363744e-05
2026-08-24T01:14:29.814824,1.27,-9.040581741366582e-11,1.1523084433288928e-19,0.0,3.2887363112799055e-06,0.0,0.0,1.6443681556392116e-06,0.9999999999986481,4.109405696823291e-13,1.1023161567968896e-17,0.0,0.0,0.0,0.00048449989229907664
2026-08-24T01:14:29.847366,1.29,-9.040377974456128e-11,1.1465113729019308e-19,0.0,2.3087721405801176e-06,0.0,0.0,1.1543860702898024e-06,0.9999999999993336,4.0901669129178393e-13,1.096508673829779e-17,0.0,0.0,0.0,-0.00018718024824630183
2026-08-24T01:14:29.883025,1.31,-1.1038394236098507e-10,2.184826102282839e-19,0.0,2.351073622453015e-06,0.0,0.0,1.1755368112262366e-06,0.9999999999993091,-1.001816860967074e-09,2.1115209894325972e-17,0.0,0.0,0.0,2.9922990041254994e-05
2026-08-24T01:14:29.918444,1.33,-1.0038004616900636e-10,1.0055897124555303e-19,0.0,1.2568850809024925e-06,0.0,0.0,6.284425404512047e-07,0.9999999999998025,4.823796198308538e-13,9.434146575588772e-18,0.0,0.0,0.0,6.010405255805972e-05
2026-08-24T01:14:29.954060,1.35,-1.2048722879732016e-10,1.6012145173165904e-19,0.0,2.159636166787493e-06,0.0,0.0,1.0798180833935367e-06,0.999999999999417,-1.0081819255454006e-09,1.512684839936926e-17,0.0,0.0,0.0,0.0001607647318430248
2026-08-24T01:14:29.993058,1.37,-1.104194871030941e-10,6.99986030159394e-21,0.0,1.6665700197648905e-06,0.0,0.0,8.332850098823487e-07,0.9999999999996528,5.568094519746692e-13,-6.622015137285022e-20,0.0,0.0,0.0,-0.000113120840206781
2026-08-24T01:14:30.029995,1.3900000000000001,-1.1041736200429588e-10,7.061976625329686e-21,0.0,-7.217920239277478e-07,0.0,0.0,-3.6089601196386594e-07,0.9999999999999348,5.555192349263686e-13,-5.91583653483933e-20,0.0,0.0,0.0,0.0001311600294332996
2026-08-24T01:14:30.064176,1.4100000000000001,-1.1041525984463409e-10,7.14872552094989e-21,0.0,-3.2727287533340643e-06,0.0,0.0,-1.6363643766663018e-06,0.9999999999986612,5.521992273469977e-13,-5.0450490381617966e-20,0.0,0.0,0.0,0.0001111122417302573
2026-08-24T01:14:30.101306,1.4300000000000002,-1.104131451968313e-10,7.183914608559778e-21,0.0,2.077017554391602e-06,0.0,0.0,1.0385087771956145e-06,0.9999999999994608,5.488889991428401e-13,-4.6904735984198064e-20,0.0,0.0,0.0,3.099254652920468e-05
2026-08-24T01:14:30.134297,1.45,-1.104110186620354e-10,7.295158469852408e-21,0.0,1.8736528861751371e-06,0.0,0.0,9.368264430874313e-07,0.9999999999995611,5.455550509790419e-13,-3.574606988035794e-20,0.0,0.0,0.0,5.97983835694084e-05
2026-08-24T01:14:30.171717,1.47,-1.1040887945057999e-10,7.408819283464019e-21,0.0,3.3136554007384697e-06,0.0,0.0,1.6568277003684763e-06,0.9999999999986274,5.422358740339563e-13,-2.43439051282263e-20,0.0,0.0,0.0,0.0004984360822120745
2026-08-24T01:14:30.205275,1.49,-1.1040672812655749e-10,7.657266116387212e-21,0.0,-2.5140421913150135e-06,0.0,0.0,-1.2570210956571758e-06,0.99999999999921,5.389149421017972e-13,5.534492962494186e-22,0.0,0.0,0.0,-2.9771937780844132e-05
2026-08-24T01:14:30.240506,1.51,-1.1040456447444835e-10,7.665941138996235e-21,0.0,1.4346526029385132e-06,0.0,0.0,7.173263014691951e-07,0.9999999999997428,5.356005573591775e-13,1.4451158123163874e-21,0.0,0.0,0.0,-0.0001162156682547512
2026-08-24T01:14:30.279330,1.53,-1.104023885706141e-10,7.723339888928164e-21,0.0,5.737242236847351e-09,0.0,0.0,2.8686211184236754e-09,1.0,5.322769326477591e-13,7.213718692781035e-21,0.0,0.0,0.0,0.0001232776864714793
2026-08-24T01:14:30.310300,1.55,-1.1040020006877832e-10,7.814950781127551e-21,0.0,-3.1486052298745903e-07,0.0,0.0,-1.5743026149372886e-07,0.9999999999999876,5.289819419505517e-13,1.6409447000094942e-20,0.0,0.0,0.0,-0.00012136907832891408
2026-08-24T01:14:30.347496,1.57,-1.1039799941985961e-10,7.83745182505146e-21,0.0,7.078801185222972e-07,0.0,0.0,3.5394005926114116e-07,0.9999999999999374,5.256828262815761e-13,1.8684959499439398e-20,0.0,0.0,0.0,0.0003218568975285925
2026-08-24T01:14:30.380605,1.59,-1.1039578679538228e-10,7.990952461037749e-21,0.0,-1.1942713697976613e-06,0.0,0.0,-5.971356848987953e-07,0.9999999999998217,5.223604935394459e-13,3.407757981459705e-20,0.0,0.0,0.0,-0.00028797594720515507
2026-08-24T01:14:30.420747,1.6099999999999999,-1.1039356157654494e-10,7.95256955824103e-21,0.0,-2.6730032449684415e-06,0.0,0.0,-1.3365016224838229e-06,0.9999999999991069,5.190799306877727e-13,3.0257119533500625e-20,0.0,0.0,0.0,0.00012522179437549893
2026-08-24T01:14:30.456819,1.63,-1.3138827271601083e-10,-1.388479054063685e-19,0.0,8.252037653200264e-07,0.0,0.0,4.126018826600014e-07,0.9999999999999148,-1.053092734142352e-09,-1.4982952200625638e-17,0.0,0.0,0.0,-8.031084320773425e-05
2026-08-24T01:14:30.491812,1.65,-1.2087464443690686e-10,-1.5567569291851807e-19,0.0,7.003626518731211e-07,0.0,0.0,3.5018132593655334e-07,0.9999999999999387,5.935867557727687e-13,-1.650532167373181e-17,0.0,0.0,0.0,-0.000384903048793639
2026-08-24T01:14:30.531701,1.67,-1.3140550643690043e-10,-1.255705074603532e-19,0.0,-1.8844833635789373e-06,0.0,0.0,-9.422416817893291e-07,0.9999999999995561,5.914110204921123e-13,-1.3657727844142972e-17,0.0,0.0,0.0,1.0348963008947356e-05
2026-08-24T01:14:30.565483,1.69,-1.3140324887642993e-10,-1.2424134022862362e-19,0.0,3.4681908607225873e-06,0.0,0.0,1.7340954303604242e-06,0.9999999999984964,5.873889385704913e-13,-1.3524513863403792e-17,0.0,0.0,0.0,-5.1827517278114064e-05
2026-08-24T01:14:30.601380,1.71,-1.3140096877378835e-10,-1.2280336520135262e-19,0.0,-2.9366344778125603e-07,0.0,0.0,-1.468317238906275e-07,0.9999999999999892,5.833521946134839e-13,-1.3380405972148647e-17,0.0,0.0,0.0,-0.00015449170612594576
2026-08-24T01:14:30.634600,1.73,-1.3139867654726256e-10,-1.214718598391627e-19,0.0,3.1096903407856766e-06,0.0,0.0,1.5548451703922115e-06,0.9999999999987912,5.793270219396233e-13,-1.3246956490785557e-17,0.0,0.0,0.0,0.00019548891176887563
2026-08-24T01:14:30.668746,1.75,-1.313963719705167e-10,-1.1995057431561273e-19,0.0,-5.504222441388151e-06,0.0,0.0,-2.7521112206906015e-06,0.9999999999962129,5.753281427538042e-13,-1.3094503762840762e-17,0.0,0.0,0.0,-8.009635964981756e-05
2026-08-24T01:14:30.704177,1.77,-1.3139405510097041e-10,-1.186956660003178e-19,0.0,7.51251745256809e-08,0.0,0.0,3.7562587262840446e-08,0.9999999999999993,5.713467880790391e-13,-1.2968722272125191e-17,0.0,0.0,0.0,-0.0002832270572761027
2026-08-24T01:14:30.737782,1.79,-1.3139172600720324e-10,-1.173733115332213e-19,0.0,-2.8694592386635524e-06,0.0,0.0,-1.4347296193312839e-06,0.9999999999989708,5.673795616194938e-13,-1.2836189451999414e-17,0.0,0.0,0.0,-8.617258910025496e-05
2026-08-24T01:14:30.775148,1.81,-1.3138938454670495e-10,-1.1604736825385411e-19,0.0,1.1631587972793511e-06,0.0,0.0,5.815793986396427e-07,0.9999999999998309,5.634453569908333e-13,-1.2703294308799305e-17,0.0,0.0,0.0,-6.412167366098585e-05
2026-08-24T01:14:30.807821,1.83,-1.313870309990023e-10,-1.1462139127341786e-19,0.0,1.314339073577031e-06,0.0,0.0,6.571695367884682e-07,0.9999999999997841,5.595117655093169e-13,-1.2560383180659249e-17,0.0,0.0,0.0,-0.00018766467687122165
2026-08-24T01:14:30.843443,1.85,-1.3138466466276556e-10,-1.132254589256183e-19,0.0,-9.473698883155636e-07,0.0,0.0,-4.73684944157764e-07,0.9999999999998878,5.556300826611729e-13,-1.242047948932427e-17,0.0,0.0,0.0,-0.00041081366533967734
2026-08-24T01:14:30.878740,1.87,-1.4222981369391786e-10,-1.5100055457473164e-19,0.0,-2.1932458347251327e-06,0.0,0.0,-1.0966229173623465e-06,0.9999999999993987,5.51531335166955e-13,-1.6389072046425996e-17,0.0,0.0,0.0,-0.00024103134608247578
2026-08-24T01:14:30.910125,1.8900000000000001,-1.422274350064412e-10,-1.492618348503092e-19,0.0,1.1451019115149565e-06,0.0,0.0,5.725509557574469e-07,0.9999999999998361,5.477048943989809e-13,-1.621480396065682e-17,0.0,0.0,0.0,0.00023503078141209866
2026-08-24T01:14:30.944848,1.9100000000000001,-1.4222503357476413e-10,-1.4730045539938281e-19,0.0,4.440828111906825e-06,0.0,0.0,2.220414055951588e-06,0.9999999999975349,5.438671245741336e-13,-1.6018238421025015e-17,0.0,0.0,0.0,-0.00023671024700991757
2026-08-24T01:14:30.981396,1.9300000000000002,-1.4222261969860544e-10,-1.4541177429897555e-19,0.0,3.540423452186304e-06,0.0,0.0,1.770211726092227e-06,0.9999999999984331,5.400670437345956e-13,-1.5828953725708686e-17,0.0,0.0,0.0,-6.322742537505789e-05
2026-08-24T01:14:31.017479,1.9500000000000002,-1.6422534187111787e-10,9.943339876049902e-20,0.0,2.750650019311962e-06,0.0,0.0,1.3753250096555474e-06,0.9999999999990542,-1.1040402936344266e-09,8.281588007626332e-18,0.0,0.0,0.0,0.0002431713505297316
2026-08-24T01:14:31.052852,1.9700000000000002,-1.5320554748232237e-10,-2.024780790387804e-19,0.0,3.783251511180197e-06,0.0,0.0,1.8916257555889703e-06,0.9999999999982109,6.174156612922311e-13,-2.1748380990180376e-17,0.0,0.0,0.0,-8.891937127782204e-05
2026-08-24T01:14:31.085947,1.9900000000000002,-1.642380392176881e-10,-2.3840870525171142e-20,0.0,3.3867099658024813e-07,0.0,0.0,1.6933549829012324e-07,0.9999999999999857,6.147514125029224e-13,-4.075819586675727e-18,0.0,0.0,0.0,8.901857809974727e-05
2026-08-24T01:14:31.121154,2.01,-1.642355944680063e-10,-2.3149437372725496e-20,0.0,-1.6394128179442191e-06,0.0,0.0,-8.197064089720178e-07,0.999999999999664,6.101418346793399e-13,-4.00651971686384e-18,0.0,0.0,0.0,-7.62519367572975e-05
2026-08-24T01:14:31.153677,2.03,-1.6423312649708206e-10,-2.2570547944168843e-20,0.0,-8.44775764008432e-07,0.0,0.0,-4.223878820042034e-07,0.9999999999999108,6.055563640525202e-13,-3.948491008628437e-18,0.0,0.0,0.0,0.00016902240463825694
2026-08-24T01:14:31.186570,2.05,-1.6423064655716524e-10,-2.1885109980107647e-20,0.0,1.9885029494126623e-06,0.0,0.0,9.942514747061674e-07,0.9999999999995057,6.009932907438942e-13,-3.87979165660473e-18,0.0,0.0,0.0,0.00010756576844914158
2026-08-24T01:14:31.221755,2.07,-1.642281539147448e-10,-2.1153547753819946e-20,0.0,-4.916848532765528e-07,0.0,0.0,-2.458424266382739e-07,0.9999999999999698,5.964939361280387e-13,-3.806473682857787e-18,0.0,0.0,0.0,-0.0001012297096160917
2026-08-24T01:14:31.254513,2.09,-1.642256487338903e-10,-2.0562538450502028e-20,0.0,-5.143498253978861e-07,0.0,0.0,-2.5717491269894024e-07,0.9999999999999669,5.920377114757368e-13,-3.747230757440189e-18,0.0,0.0,0.0,-0.0003141536360672933
2026-08-24T01:14:31.291347,2.1,-1.6422670428723598e-10,1.6907683305415347e-20,0.0,-2.0779955534067085e-10,0.0,0.0,-1.0389977767033542e-10,1.0,1.2697898281030411e-13,-3.6955547185935815e-18,0.0,0.0,0.0,-9.337242689902865e-05
2026-08-24T01:14:31.325858,2.13,-1.6422060217205995e-10,-1.948911662330428e-20,0.0,1.382125888849117e-06,0.0,0.0,6.910629444245036e-07,0.9999999999997612,5.831862019422344e-13,-3.6396210560926734e-18,0.0,0.0,0.0,-4.863491172749977e-05
2026-08-24T01:14:31.359937,2.15,-1.6421786580383104e-10,-1.8841295915066053e-20,0.0,-1.8440234046401829e-06,0.0,0.0,-9.220117023199607e-07,0.9999999999995749,5.788432747382121e-13,-3.5746846482860476e-18,0.0,0.0,0.0,9.983157022577755e-05
2026-08-24T01:14:31.399659,2.17,-1.6421531145314881e-10,-1.822146845197576e-20,0.0,-7.019933176977132e-07,0.0,0.0,-3.5099665884884947e-07,0.9999999999999384,5.745121233333213e-13,-3.512554333287955e-18,0.0,0.0,0.0,0.00022701771597633295
2026-08-24T01:14:31.429714,2.19,-1.64212745161519e-10,-1.7532746336246026e-20,0.0,1.9972622711250662e-07,0.0,0.0,9.986311355625315e-08,0.999999999999995,5.70205343362146e-13,-3.443524989738252e-18,0.0,0.0,0.0,0.00015853441159348783
2026-08-24T01:14:31.466292,2.21,-1.642101658947145e-10,-1.6851298004320203e-20,0.0,2.5415095552538958e-06,0.0,0.0,1.270754777626606e-06,0.9999999999991926,5.659767834729767e-13,-3.375224200853551e-18,0.0,0.0,0.0,0.0002071720012303101
2026-08-24T01:14:31.499968,2.23,-1.6420757473538153e-10,-1.6102708655174805e-20,0.0,1.8561572217024036e-06,0.0,0.0,9.280786108510686e-07,0.9999999999995693,5.617466299401225e-13,-3.300199093753708e-18,0.0,0.0,0.0,0.00010859508570180759
2026-08-24T01:14:31.531811,2.25,-1.6420497105808893e-10,-1.5410867852869266e-20,0.0,1.9964238417991e-06,0.0,0.0,9.98211920899384e-07,0.9999999999995017,5.575700654787643e-13,-3.2308570295404532e-18,0.0,0.0,0.0,0.00014325896971324387
2026-08-24T01:14:31.571368,2.27,-1.642023553641706e-10,-1.4709398962937343e-20,0.0,8.065591559081043e-07,0.0,0.0,4.032795779540412e-07,0.9999999999999187,5.534211985805123e-13,-3.160550689465711e-18,0.0,0.0,0.0,0.0001960996082455682
2026-08-24T01:14:31.604263,2.29,-1.757021948628343e-10,3.075959302529781e-20,0.0,9.185480038809146e-07,0.0,0.0,4.5927400194044116e-07,0.9999999999998945,5.490749172194634e-13,1.1496012714989861e-18,0.0,0.0,0.0,0.0002958817144891322
2026-08-24T01:14:31.639154,2.31,-1.756995671068196e-10,3.0968481892930835e-20,0.0,6.134998855600314e-07,0.0,0.0,3.0674994278001095e-07,0.9999999999999529,5.450314509289631e-13,1.1705339677091882e-18,0.0,0.0,0.0,6.99675179702895e-05
2026-08-24T01:14:31.674128,2.33,-1.7569691595054055e-10,3.108659850803492e-20,0.0,-2.4161324647664632e-06,0.0,0.0,-1.2080662323829375e-06,0.9999999999992703,5.41008252988899e-13,1.1823754906869323e-18,0.0,0.0,0.0,-2.5247982266727236e-05
2026-08-24T01:14:31.705471,2.35,-1.7569425268965453e-10,3.1100593385628724e-20,0.0,3.6884924345947923e-06,0.0,0.0,1.8442462172963507e-06,0.9999999999982994,5.37013991295914e-13,1.183789469743991e-18,0.0,0.0,0.0,4.840850571547915e-05
2026-08-24T01:14:31.741225,2.37,-1.756915776257952e-10,3.127051869340731e-20,0.0,2.3364133800996e-06,0.0,0.0,1.1682066900495343e-06,0.9999999999993177,5.330437357800728e-13,1.2008196140893602e-18,0.0,0.0,0.0,-9.215709079552785e-05
2026-08-24T01:14:31.775059,2.39,-1.75688890054014e-10,3.135731396099752e-20,0.0,-1.3098754179097227e-06,0.0,0.0,-6.549377089548146e-07,0.9999999999997855,5.291424203387669e-13,1.2095254374042638e-18,0.0,0.0,0.0,-0.0003946630933239467
2026-08-24T01:14:31.808956,2.41,-1.756861901361628e-10,3.125910146451685e-20,0.0,2.2754143036429753e-06,0.0,0.0,1.1377071518212422e-06,0.9999999999993529,5.252773450416557e-13,1.1997016444637235e-18,0.0,0.0,0.0,-9.130168778310679e-05
2026-08-24T01:14:31.842771,2.43,-1.756834777999972e-10,3.133831182467674e-20,0.0,-3.410493785160895e-07,0.0,0.0,-1.7052468925804394e-07,0.9999999999999855,5.214602639077637e-13,1.2076478720965177e-18,0.0,0.0,0.0,0.0002683975963724146
2026-08-24T01:14:31.876272,2.45,-1.7568075343595698e-10,3.14799474581211e-20,0.0,2.7129531909864113e-07,0.0,0.0,1.3564765954932014e-07,0.9999999999999908,5.176649911639829e-13,1.2218485744009561e-18,0.0,0.0,0.0,-0.00018431926405714335
2026-08-24T01:14:31.910905,2.47,-1.75677594932042e-10,3.147674378995806e-20,0.0,-9.817326107608437e-08,0.0,0.0,-4.9086630538042166e-08,0.9999999999999988,5.351033072695863e-13,1.2215500800493943e-18,0.0,0.0,0.0,-3.5946229966312565e-05
2026-08-24T01:14:31.941923,2.49,-1.756750570543638e-10,3.1513025913710665e-20,0.0,-9.825006346275698e-07,0.0,0.0,-4.912503173137652e-07,0.9999999999998793,5.10213794912737e-13,1.2251938052445857e-18,0.0,0.0,0.0,-0.0001616998995740279
2026-08-24T01:14:31.977911,2.51,-1.7567229611541936e-10,3.1486897705263256e-20,0.0,2.473236904165787e-07,0.0,0.0,1.2366184520828906e-07,0.9999999999999923,5.065325819034876e-13,1.2225912927988865e-18,0.0,0.0,0.0,-3.904524704799879e-05
2026-08-24T01:14:32.010408,2.5300000000000002,-1.7566952263298789e-10,3.1523832515365465e-20,0.0,-6.311282607640578e-09,0.0,0.0,-3.155641303820289e-09,1.0,5.029133783081383e-13,1.2263055050752768e-18,0.0,0.0,0.0,-0.00010399391555738398
2026-08-24T01:14:32.042787,2.55,-1.7566673708897925e-10,3.153104982865947e-20,0.0,-1.7198945143626077e-06,0.0,0.0,-8.599472571811978e-07,0.9999999999996303,4.993114946763755e-13,1.2270437179553489e-18,0.0,0.0,0.0,2.5431406973150107e-05
2026-08-24T01:14:32.079199,2.5700000000000003,-1.7566393956278766e-10,3.1544975837745494e-20,0.0,-2.5996549228857195e-06,0.0,0.0,-1.2998274614424936e-06,0.9999999999991552,4.957556593457523e-13,1.228454814145745e-18,0.0,0.0,0.0,-0.0001863331540710785
2026-08-24T01:14:32.110668,2.59,-1.756611299936985e-10,3.1470272698471665e-20,0.0,1.3650023404920832e-06,0.0,0.0,6.825011702459886e-07,0.9999999999997671,4.922367956495764e-13,1.2209883585197435e-18,0.0,0.0,0.0,0.00014895920653650203
2026-08-24T01:14:32.147925,2.61,-1.7565830802741912e-10,3.157862378887872e-20,0.0,4.445284904619485e-07,0.0,0.0,2.2226424523097238e-07,0.9999999999999754,4.887703346311811e-13,1.2318572863028653e-18,0.0,0.0,0.0,-0.00012747112423599295
2026-08-24T01:14:32.181798,2.63,-1.7565547377126993e-10,3.15754871670419e-20,0.0,1.5568074944738444e-06,0.0,0.0,7.784037472368435e-07,0.999999999999697,4.853380590801041e-13,1.2315600996022764e-18,0.0,0.0,0.0,3.848145932452938e-05
2026-08-24T01:14:32.210954,2.65,-1.7565262751900026e-10,3.164373170849947e-20,0.0,3.1551056913770026e-06,0.0,0.0,1.577552845687847e-06,0.9999999999987557,4.819360247316497e-13,1.2384131447871156e-18,0.0,0.0,0.0,0.00015940477847896581
2026-08-24T01:14:32.244133,2.67,-1.7564976928215226e-10,3.177563246245036e-20,0.0,6.98791126740872e-07,0.0,0.0,3.493955633704289e-07,0.9999999999999389,4.785702642616539e-13,1.2516426638070057e-18,0.0,0.0,0.0,8.662639209330317e-05
2026-08-24T01:14:32.276059,2.69,-1.7564689911000756e-10,3.183508763165895e-20,0.0,-4.2679414269386484e-07,0.0,0.0,-2.133970713469308e-07,0.9999999999999772,4.752391063342877e-13,1.2576167268799327e-18,0.0,0.0,0.0,-0.00019314408413217344
2026-08-24T01:14:32.309800,2.71,-2.0002527196673833e-10,-1.4038241278173878e-21,0.0,1.5927007592786424e-06,0.0,0.0,7.96350379639237e-07,0.9999999999996829,-1.2239440829323245e-09,-2.6353766517713275e-18,0.0,0.0,0.0,-7.882828057729119e-06
2026-08-24T01:14:32.347855,2.73,-1.878134805609722e-10,-1.4553013067555805e-19,0.0,3.4437366669415326e-06,0.0,0.0,1.7218683334699154e-06,0.9999999999985176,5.626086627779583e-13,-1.6784167914558645e-17,0.0,0.0,0.0,0.00020347784477564435
2026-08-24T01:14:32.378438,2.75,-1.8781053842056448e-10,-1.429553673757728e-19,0.0,2.7519667087361203e-06,0.0,0.0,1.3759833543676259e-06,0.9999999999990533,5.607127151901092e-13,-1.6526069452736187e-17,0.0,0.0,0.0,-4.74837715391001e-05
2026-08-24T01:14:32.412326,2.77,-1.8780762633247143e-10,-1.40511508414813e-19,0.0,-2.913369450130432e-06,0.0,0.0,-1.4566847250647007e-06,0.9999999999989391,5.564465143507075e-13,-1.628104723455712e-17,0.0,0.0,0.0,-0.0002150836350174462
2026-08-24T01:14:32.443599,2.79,-1.8780470250343373e-10,-1.3828238141639725e-19,0.0,1.970679717189228e-06,0.0,0.0,9.853398585944544e-07,0.9999999999995145,5.521967373233997e-13,-1.605753540935756e-17,0.0,0.0,0.0,0.00010669608186045609
2026-08-24T01:14:32.482716,2.81,-1.8780176702335695e-10,-1.3582889977794437e-19,0.0,1.5366775212299903e-06,0.0,0.0,7.683387606149194e-07,0.9999999999997048,5.47987801672852e-13,-1.5811554457653538e-17,0.0,0.0,0.0,0.00021871642283171963
2026-08-24T01:14:32.517826,2.83,-1.877983605719429e-10,-1.3336374707407106e-19,0.0,4.2726319948727115e-07,0.0,0.0,2.1363159974363393e-07,0.9999999999999771,5.668684973362384e-13,-1.5564394863679583e-17,0.0,0.0,0.0,-0.0001245618782431092
2026-08-24T01:14:32.551560,2.85,-1.8779562939949847e-10,-1.3106995855288705e-19,0.0,-1.2365164501204617e-06,0.0,0.0,-6.182582250601915e-07,0.9999999999998089,5.397827737853679e-13,-1.533441928810626e-17,0.0,0.0,0.0,-9.846933828274988e-06
2026-08-24T01:14:32.589300,2.87,-1.8779265661223725e-10,-1.2878564128774068e-19,0.0,6.047912659568055e-08,0.0,0.0,3.023956329784027e-08,0.9999999999999996,5.357478838526482e-13,-1.5105388823795145e-17,0.0,0.0,0.0,-7.655056264298596e-05
2026-08-24T01:14:32.619215,2.89,-1.8778967194699649e-10,-1.2651380840116435e-19,0.0,-2.968057276842018e-06,0.0,0.0,-1.4840286384204642e-06,0.9999999999988989,5.317382814166319e-13,-1.4877612070551213e-17,0.0,0.0,0.0,0.00010607053375875556
2026-08-24T01:14:32.655847,2.91,-1.8778667468346373e-10,-1.2425666161057532e-19,0.0,1.7634791129594875e-06,0.0,0.0,8.817395564796294e-07,0.9999999999996113,5.278104724310446e-13,-1.465130734407453e-17,0.0,0.0,0.0,0.0002939356213868383
2026-08-24T01:14:32.690907,2.92,-1.8778704275434466e-10,2.2068874108983522e-20,0.0,-2.293876200099021e-10,0.0,0.0,-1.1469381000495105e-10,1.0,1.514035210348072e-13,-1.4373159002607275e-17,0.0,0.0,0.0,0.00034422501889349796
2026-08-24T01:14:32.724478,2.95,-1.8778064482080872e-10,-1.1955043140073536e-19,0.0,1.3739139239632436e-06,0.0,0.0,6.869569619815678e-07,0.9999999999997641,5.200503113057681e-13,-1.417948174063841e-17,0.0,0.0,0.0,5.4650398210615714e-05
2026-08-24T01:14:32.756856,2.97,-1.8777761174740002e-10,-1.1727576521481766e-19,0.0,-2.7360301988466063e-06,0.0,0.0,-1.3680150994228764e-06,0.9999999999990643,5.162453048110727e-13,-1.3951429292631e-17,0.0,0.0,0.0,-0.0001407025292829753
2026-08-24T01:14:32.789143,2.99,-1.8777456672628497e-10,-1.1517519680778643e-19,0.0,-9.023614535585978e-07,0.0,0.0,-4.511807267792836e-07,0.9999999999998982,5.124763350301643e-13,-1.3740818706317186e-17,0.0,0.0,0.0,-0.0002473725474511849
2026-08-24T01:14:32.821317,3.01,-1.8777150959782225e-10,-1.1309204630759047e-19,0.0,-6.601224367130953e-07,0.0,0.0,-3.300612183565417e-07,0.9999999999999455,5.087617049394857e-13,-1.3531956546076244e-17,0.0,0.0,0.0,9.46740347272607e-05
2026-08-24T01:14:32.856253,3.03,-1.8776844035959823e-10,-1.1089813444044978e-19,0.0,2.2066836855572096e-06,0.0,0.0,1.1033418427783808e-06,0.9999999999993913,5.050904008820752e-13,-1.331200046601414e-17,0.0,0.0,0.0,-0.0001257483706429842
2026-08-24T01:14:32.887510,3.05,-1.8776535913652766e-10,-1.0874611788376379e-19,0.0,-1.3728393675194186e-06,0.0,0.0,-6.864196837596553e-07,0.9999999999997644,5.014751706964239e-13,-1.3096244509974689e-17,0.0,0.0,0.0,0.00038039004731772454
2026-08-24T01:14:32.925374,3.07,-1.8776226576869544e-10,-1.0650318277944301e-19,0.0,-2.5325109342944074e-07,0.0,0.0,-1.2662554671472003e-07,0.999999999999992,4.979016729994109e-13,-1.2871380969695832e-17,0.0,0.0,0.0,-0.00018846702043202567
2026-08-24T01:14:32.958245,3.09,-1.8775916041390323e-10,-1.0446025639363203e-19,0.0,-1.1590180237774915e-07,0.0,0.0,-5.795090118887455e-08,0.9999999999999983,4.94370159904243e-13,-1.2666557413051215e-17,0.0,0.0,0.0,0.00024237210233863033
2026-08-24T01:14:32.993746,3.11,-2.0051892105522443e-10,-1.070128515143373e-19,0.0,-2.2130536567743775e-06,0.0,0.0,-1.106526828386963e-06,0.9999999999993878,4.905952959414057e-13,-1.3230028449890611e-17,0.0,0.0,0.0,-5.451787953540861e-06
2026-08-24T01:14:33.027509,3.13,-2.005158058889398e-10,-1.0487009186682374e-19,0.0,-1.0496934570447536e-06,0.0,0.0,-5.248467285223527e-07,0.9999999999998622,4.871809125862825e-13,-1.301519357944058e-17,0.0,0.0,0.0,-0.0002461573831025411
2026-08-24T01:14:33.060462,3.15,-2.1333690546764767e-10,-1.7100604871044798e-19,0.0,-1.35196986983388e-06,0.0,0.0,-6.759849349168885e-07,0.9999999999997715,4.834945459603499e-13,-1.9969075686099817e-17,0.0,0.0,0.0,-1.3475164146700846e-05
2026-08-24T01:14:33.094234,3.17,-2.1333376837264707e-10,-1.6787273588383193e-19,0.0,-1.2011032080039286e-06,0.0,0.0,-6.005516040019282e-07,0.9999999999998197,4.801464466132353e-13,-1.9654923394594007e-17,0.0,0.0,0.0,-0.00040798825470732974
2026-08-24T01:14:33.125828,3.19,-2.1333060671956315e-10,-1.648987001538561e-19,0.0,-8.104904689609783e-07,0.0,0.0,-4.05245234480478e-07,0.9999999999999178,4.768356535915384e-13,-1.9356730737639762e-17,0.0,0.0,0.0,0.0003003470263061203
2026-08-24T01:14:33.163017,3.22,-2.1332739928494134e-10,2.8414306319928424e-20,0.0,-2.6355806426181516e-10,0.0,0.0,-1.3177903213090758e-10,1.0,1.6008950435568107e-13,-1.8679125649480828e-17,0.0,0.0,0.0,5.6450212663239215e-05
2026-08-24T01:14:33.193355,3.23,-2.133242470331323e-10,-1.586166363011998e-19,0.0,2.2037674063390966e-06,0.0,0.0,1.1018837031693253e-06,0.9999999999993929,4.703608574535348e-13,-1.8726897815071066e-17,0.0,0.0,0.0,2.9223759980910276e-05
2026-08-24T01:14:33.227450,3.25,-2.1332104967892337e-10,-1.5552300185734753e-19,0.0,3.936811947102827e-06,0.0,0.0,1.9684059735501416e-06,0.9999999999980627,4.671710432402188e-13,-1.8416735855586734e-17,0.0,0.0,0.0,-0.00014160658890010485
2026-08-24T01:14:33.264071,3.26,-2.2632901809956463e-10,3.194122813640821e-20,0.0,-2.767759355037924e-10,0.0,0.0,-1.383879677518962e-10,1.0,1.6116414343163074e-13,9.427126472288358e-18,0.0,0.0,0.0,-0.0001445695502046904
2026-08-24T01:14:33.298386,3.29,-2.2632268662096354e-10,1.2547472602006443e-19,0.0,-4.5263918893034835e-06,0.0,0.0,-2.2631959446498093e-06,0.9999999999974389,4.606775833527642e-13,9.379532995388671e-18,0.0,0.0,0.0,-4.495227088107003e-05
2026-08-24T01:14:33.333943,3.31,-2.2631945523368775e-10,1.2441230246199123e-19,0.0,-3.351139632457034e-08,0.0,0.0,-1.675569816228517e-08,0.9999999999999999,4.576165893754039e-13,9.273008814799643e-18,0.0,0.0,0.0,0.0003400555016120293
2026-08-24T01:14:33.366135,3.33,-2.2631621165902626e-10,1.2354901481751363e-19,0.0,-1.8148209677271156e-06,0.0,0.0,-9.074104838634332e-07,0.9999999999995883,4.546224711406933e-13,9.186434292905645e-18,0.0,0.0,0.0,3.8622615951807283e-05
2026-08-24T01:14:33.396124,3.35,-2.2631244719606718e-10,1.225662172141236e-19,0.0,-2.6701805566631265e-07,0.0,0.0,-1.3350902783315593e-07,0.9999999999999911,4.772221057153436e-13,9.0879054250208e-18,0.0,0.0,0.0,0.00011743150933050255
2026-08-24T01:14:33.434005,3.37,-2.2630943427136788e-10,1.2163284385453648e-19,0.0,-3.282531972015335e-06,0.0,0.0,-1.6412659860069303e-06,0.9999999999986531,4.487416737773507e-13,8.99430806264506e-18,0.0,0.0,0.0,-0.00018929646567342567
2026-08-24T01:14:33.466797,3.39,-2.26306154918379e-10,1.2056019942077124e-19,0.0,3.3076394645448204e-06,0.0,0.0,1.6538197322716563e-06,0.9999999999986324,4.4585131725413e-13,8.886769300697711e-18,0.0,0.0,0.0,-0.00019369941610456013
2026-08-24T01:14:33.497155,3.41,-2.2630286374943198e-10,1.1958470194303506e-19,0.0,5.4854608899646e-07,0.0,0.0,2.7427304449822654e-07,0.9999999999999624,4.4300081927476204e-13,8.788962705056185e-18,0.0,0.0,0.0,0.0001375438324742016
2026-08-24T01:14:33.531301,3.43,-2.2629956064434388e-10,1.1867976710564815e-19,0.0,4.95493104324396e-08,0.0,0.0,2.4774655216219795e-08,0.9999999999999997,4.401917557070649e-13,8.698229961423668e-18,0.0,0.0,0.0,-0.0001499186602873244
2026-08-24T01:14:33.563466,3.45,-2.2629624578868805e-10,1.176807105096616e-19,0.0,-4.554138810952679e-06,0.0,0.0,-2.277069405474372e-06,0.9999999999974075,4.374154688369267e-13,8.59806969517179e-18,0.0,0.0,0.0,0.00010152643894747516
2026-08-24T01:14:33.600557,3.47,-2.262929189602845e-10,1.1670512483500532e-19,0.0,-1.4228978328922892e-06,0.0,0.0,-7.114489164460846e-07,0.9999999999997469,4.3469414161689876e-13,8.500264413675673e-18,0.0,0.0,0.0,0.00023605426658997674
2026-08-24T01:14:33.630200,3.49,-2.2628958057740223e-10,1.1581724819041531e-19,0.0,-1.5518260982894105e-06,0.0,0.0,-7.759130491446274e-07,0.999999999999699,4.3198544891674364e-13,8.411246058979666e-18,0.0,0.0,0.0,-0.00018746644704420922
2026-08-24T01:14:33.661727,3.51,-2.2628623022178396e-10,1.1480074595249409e-19,0.0,6.101086467147354e-07,0.0,0.0,3.05054323357363e-07,0.9999999999999535,4.2933114361894564e-13,8.309345050034873e-18,0.0,0.0,0.0,-0.00016662914973649204
2026-08-24T01:14:33.693533,3.5300000000000002,-2.262828680329277e-10,1.138236327292132e-19,0.0,-1.3391623441272316e-06,0.0,0.0,-6.695811720635657e-07,0.9999999999997758,4.2671464814753055e-13,8.211392008926497e-18,0.0,0.0,0.0,-0.000227143340265337
2026-08-24T01:14:33.724780,3.55,-2.2627949410104055e-10,1.1281027408956746e-19,0.0,-2.1305147983596844e-06,0.0,0.0,-1.0652573991796406e-06,0.9999999999994326,4.2413373269587416e-13,8.109811358569531e-18,0.0,0.0,0.0,0.00010702304731268649
2026-08-24T01:14:33.760537,3.5700000000000003,-2.2627610830261867e-10,1.1189581356221732e-19,0.0,2.6090075566642673e-07,0.0,0.0,1.3045037783321297e-07,0.9999999999999915,4.215936317457425e-13,8.018140552626082e-18,0.0,0.0,0.0,3.913958096984514e-05
2026-08-24T01:14:33.792513,3.59,-2.2627271059807243e-10,1.1099343866236546e-19,0.0,-1.582203200456434e-06,0.0,0.0,-7.911016002281343e-07,0.999999999999687,4.190950419054565e-13,7.927681846956802e-18,0.0,0.0,0.0,0.00022013041227694522
2026-08-24T01:14:33.823832,3.61,-2.2626930146366388e-10,1.1012940516751002e-19,0.0,-2.3164085716231855e-07,0.0,0.0,-1.15820428581159e-07,0.9999999999999933,4.166063883474295e-13,7.841067672583675e-18,0.0,0.0,0.0,-2.7333603237208006e-05
2026-08-24T01:14:33.856906,3.63,-2.2626588032832674e-10,1.0921092525339902e-19,0.0,-3.3845951343813856e-06,0.0,0.0,-1.6922975671898847e-06,0.999999999998568,4.1417135657428703e-13,7.749000326481597e-18,0.0,0.0,0.0,9.586348788763054e-05
2026-08-24T01:14:33.890394,3.65,-2.2626244760814438e-10,1.0830099525548318e-19,0.0,-3.249249724390779e-06,0.0,0.0,-1.624624862194675e-06,0.9999999999986803,4.1176094491688244e-13,7.657793107039653e-18,0.0,0.0,0.0,0.0002675386541874579
2026-08-24T01:14:33.927012,3.67,-2.5357735392507587e-10,-2.526503493706708e-19,0.0,2.4554515460906146e-06,0.0,0.0,1.2277257730449987e-06,0.9999999999992464,-1.3718049666685987e-09,-2.930124127991578e-17,0.0,0.0,0.0,-0.0003428858343113576
2026-08-24T01:14:33.956832,3.69,-2.3989325708705533e-10,-2.719945100733682e-19,0.0,9.546697334883447e-07,0.0,0.0,4.773348667441543e-07,0.9999999999998861,5.122032309143951e-13,-3.082972970444903e-17,0.0,0.0,0.0,-9.387258875434356e-05
2026-08-24T01:14:33.991849,3.71,-2.5357291017625805e-10,-1.9024346767209856e-19,0.0,1.1639396673146507e-06,0.0,0.0,5.819698336572925e-07,0.9999999999998307,5.109960970693289e-13,-2.305644463668066e-17,0.0,0.0,0.0,-0.00035697341710970014
2026-08-24T01:14:34.023295,3.73,-2.5356945432770476e-10,-1.8664117520042883e-19,0.0,-2.6275726061619764e-06,0.0,0.0,-1.3137863030806102e-06,0.999999999999137,5.074323235899916e-13,-2.2695200340175628e-17,0.0,0.0,0.0,-5.737347181260753e-06
2026-08-24T01:14:34.055659,3.76,-2.5356586026412063e-10,3.996794427914652e-20,0.0,-3.1327385130452967e-10,0.0,0.0,-1.5663692565226484e-10,1.0,1.7550931748503368e-13,-2.191040948605862e-17,0.0,0.0,0.0,-0.0001410805448631647
2026-08-24T01:14:34.086368,3.77,-2.535624806422631e-10,-1.7946100922344975e-19,0.0,2.3252509384619206e-06,0.0,0.0,1.1626254692306982e-06,0.9999999999993241,5.004150540320472e-13,-2.1975172237514754e-17,0.0,0.0,0.0,4.922541439686612e-05
2026-08-24T01:14:34.117969,3.79,-2.5355897595253656e-10,-1.7580173030086878e-19,0.0,-1.0450213117074725e-06,0.0,0.0,-5.225106558537124e-07,0.9999999999998634,4.969821554081593e-13,-2.1608235718607543e-17,0.0,0.0,0.0,0.00017157929370403472
2026-08-24T01:14:34.154306,3.81,-2.5355545984775145e-10,-1.7219626155111424e-19,0.0,-3.054402425206604e-06,0.0,0.0,-1.5272012126027083e-06,0.9999999999988338,4.935862662343445e-13,-2.124669339290651e-17,0.0,0.0,0.0,7.779691360799632e-06
2026-08-24T01:14:34.185741,3.83,-2.535519320434328e-10,-1.6872398393805494e-19,0.0,2.1384048625172625e-06,0.0,0.0,1.0692024312584275e-06,0.9999999999994285,4.902494701462464e-13,-2.0898500380151972e-17,0.0,0.0,0.0,-9.566156134650734e-05
2026-08-24T01:14:34.221800,3.85,-2.535483923424488e-10,-1.6524167788103662e-19,0.0,-2.554438469637433e-07,0.0,0.0,-1.2772192348187127e-07,0.9999999999999919,4.869602172945659e-13,-2.0549309920426205e-17,0.0,0.0,0.0,0.00018125322587002275
2026-08-24T01:14:34.256869,3.87,-2.674675234522017e-10,-1.7725931532581028e-19,0.0,-1.7171007491434413e-06,0.0,0.0,-8.58550374571615e-07,0.9999999999996314,4.834000415201622e-13,-2.2197183920789576e-17,0.0,0.0,0.0,-7.466448025470732e-05
2026-08-24T01:14:34.288614,3.89,-2.674639767473519e-10,-1.7360816292637862e-19,0.0,1.5305586766878323e-06,0.0,0.0,7.652793383438413e-07,0.9999999999997071,4.80178190729118e-13,-2.1831054824700245e-17,0.0,0.0,0.0,0.00021455530135263835
2026-08-24T01:14:34.319608,3.91,-2.67460403859258e-10,-1.6984522736347377e-19,0.0,-7.504448502615446e-07,0.0,0.0,-3.752224251307635e-07,0.9999999999999296,4.770380690844813e-13,-2.1453733202431072e-17,0.0,0.0,0.0,1.3197337955416977e-05
2026-08-24T01:14:34.356206,3.93,-2.674568192060636e-10,-1.6623157131315912e-19,0.0,2.9648197319431796e-07,0.0,0.0,1.4824098659715845e-07,0.999999999999989,4.739425896641737e-13,-2.109137110484809e-17,0.0,0.0,0.0,0.00013968721077491905
2026-08-24T01:14:34.391950,3.95,-2.67453223588386e-10,-1.6259981281714633e-19,0.0,-1.254045320031594e-06,0.0,0.0,-6.270226600157558e-07,0.9999999999998034,4.708567782243239e-13,-2.072720175619385e-17,0.0,0.0,0.0,-0.00012941725334807497
2026-08-24T01:14:34.426342,3.97,-2.6744961589167907e-10,-1.5912627720492098e-19,0.0,-5.261208731344169e-06,0.0,0.0,-2.6306043656690505e-06,0.99999999999654,4.67836135334592e-13,-2.0378888508112395e-17,0.0,0.0,0.0,-0.0001529714787556482
2026-08-24T01:14:34.458418,3.99,-2.815474962825986e-10,-5.703015891605149e-19,0.0,3.635093004383804e-07,0.0,0.0,1.8175465021918923e-07,0.9999999999999835,4.645220323579506e-13,-6.204416143194821e-17,0.0,0.0,0.0,-0.00016084164877067653
2026-08-24T01:14:34.490250,4.01,-2.956750367196936e-10,-5.264678831945786e-19,0.0,2.3841266814095268e-06,0.0,0.0,1.1920633407044809e-06,0.9999999999992895,4.612812492841135e-13,-5.814836588881694e-17,0.0,0.0,0.0,0.00018105372934126753
2026-08-24T01:14:34.523427,4.03,-2.9567141211922985e-10,-5.170820906172381e-19,0.0,-5.711828463539348e-07,0.0,0.0,-2.8559142317696353e-07,0.9999999999999593,4.583987896314427e-13,-5.720723555838441e-17,0.0,0.0,0.0,-0.000327516024710333
2026-08-24T01:14:34.554569,4.05,-2.95667761977072e-10,-5.080113677711636e-19,0.0,3.20906533790577e-07,0.0,0.0,1.604532668952878e-07,0.9999999999999871,4.55550428294682e-13,-5.629768425950526e-17,0.0,0.0,0.0,-9.015857200328366e-06
2026-08-24T01:14:34.588049,4.07,-2.9566410020536734e-10,-4.989224253341245e-19,0.0,1.8574783355873596e-06,0.0,0.0,9.287391677935461e-07,0.9999999999995687,4.5274446072974216e-13,-5.538632395462411e-17,0.0,0.0,0.0,-8.915139917145814e-06
2026-08-24T01:14:34.622872,4.09,-2.9566042700696415e-10,-4.899164596376702e-19,0.0,-1.9145347036619857e-06,0.0,0.0,-9.572673518308465e-07,0.9999999999995418,4.4996959096136884e-13,-5.4483292262120903e-17,0.0,0.0,0.0,3.649398620493417e-05
2026-08-24T01:14:34.655693,4.11,-2.9565674200302865e-10,-4.81043626233875e-19,0.0,2.508811328461036e-06,0.0,0.0,1.2544056642301888e-06,0.9999999999992132,4.4724902811609375e-13,-5.3593611972979583e-17,0.0,0.0,0.0,-0.0002872893717411766
2026-08-24T01:14:34.690530,4.13,-2.9565304570967643e-10,-4.723251013203587e-19,0.0,9.833000786940718e-07,0.0,0.0,4.91650039347016e-07,0.9999999999998791,4.4455077372913347e-13,-5.271940835585495e-17,0.0,0.0,0.0,-0.0003194926692612612
2026-08-24T01:14:34.724383,4.15,-2.956493376115993e-10,-4.637345547717412e-19,0.0,-3.820207203020232e-06,0.0,0.0,-1.910103601508954e-06,0.9999999999981758,4.419205540359675e-13,-5.1858039062217836e-17,0.0,0.0,0.0,-5.534076381632109e-05
2026-08-24T01:14:34.760919,4.17,-2.9564561825543684e-10,-4.552109952115709e-19,0.0,5.64213513687406e-07,0.0,0.0,2.8210675684369925e-07,0.9999999999999603,4.3929418754023093e-13,-5.1003394328940774e-17,0.0,0.0,0.0,1.7166973914415726e-05
2026-08-24T01:14:34.794731,4.19,-2.956418875424983e-10,-4.467140210562762e-19,0.0,-1.7717776024106515e-06,0.0,0.0,-8.858888012052098e-07,0.9999999999996076,4.3670964768464913e-13,-5.015143008869292e-17,0.0,0.0,0.0,-0.0001636086190824203
2026-08-24T01:14:34.827602,4.21,-2.9563784937579815e-10,-4.383964259406713e-19,0.0,2.4067311255038255e-08,0.0,0.0,1.2033655627519124e-08,0.9999999999999999,4.3420809621896135e-13,-4.931743854314448e-17,0.0,0.0,0.0,7.577929215259555e-05
2026-08-24T01:14:34.865301,4.23,-2.9563409511811936e-10,-4.300843593748516e-19,0.0,-1.0382652226859081e-06,0.0,0.0,-5.191326113429307e-07,0.9999999999998652,4.317120892266406e-13,-4.848402655835149e-17,0.0,0.0,0.0,0.0001344318099482796
2026-08-24T01:14:34.897515,4.25,-2.956303296520679e-10,-4.218634831275943e-19,0.0,-1.3552580986342377e-06,0.0,0.0,-6.77629049317067e-07,0.9999999999997704,4.292343478338442e-13,-4.7659763539486434e-17,0.0,0.0,0.0,-0.00022582559532859737
2026-08-24T01:14:34.933983,4.27,-2.9562655272998634e-10,-4.1385671581289883e-19,0.0,-4.078203843516093e-06,0.0,0.0,-2.039101921756633e-06,0.999999999997921,4.2680516627759917e-13,-4.685696490865979e-17,0.0,0.0,0.0,-9.307545127745358e-05
2026-08-24T01:14:34.962444,4.29,-2.9562276449938794e-10,-4.0592972648484023e-19,0.0,-2.7915845191017757e-07,0.0,0.0,-1.395792259550883e-07,0.9999999999999902,4.2441131023670965e-13,-4.606217139169985e-17,0.0,0.0,0.0,-0.00019222415022894474
2026-08-24T01:14:34.998325,4.31,-3.101934001357816e-10,-4.1599482974989837e-19,0.0,2.625097939024102e-06,0.0,0.0,1.3125489695116738e-06,0.9999999999991386,4.2172396874212377e-13,-4.7605829693630254e-17,0.0,0.0,0.0,-0.00012845394244749184
2026-08-24T01:14:35.031839,4.33,-3.1018960569201593e-10,-4.0784798816033958e-19,0.0,-2.4060263719150043e-06,0.0,0.0,-1.203013185957212e-06,0.9999999999992764,4.194076098162713e-13,-4.6789000635254365e-17,0.0,0.0,0.0,-0.0001467758524094003
2026-08-24T01:14:35.065824,4.35,-3.1018578494226877e-10,-3.998502643347453e-19,0.0,-8.052336850639109e-07,0.0,0.0,-4.0261684253194455e-07,0.999999999999919,4.1713884126862756e-13,-4.5987121646026414e-17,0.0,0.0,0.0,-0.00018785619500541413
2026-08-24T01:14:35.102208,4.37,-3.1018195282405314e-10,-3.919486531813227e-19,0.0,-3.1399826343481148e-06,0.0,0.0,-1.5699913171734126e-06,0.9999999999987675,4.1489140195275316e-13,-4.519488690078971e-17,0.0,0.0,0.0,-0.000611267913899854
2026-08-24T01:14:35.134516,4.39,-3.2486929037516537e-10,-6.432548976398007e-19,0.0,9.638726043981194e-07,0.0,0.0,4.819363021990411e-07,0.9999999999998839,4.1233952446801307e-13,-7.09359648887158e-17,0.0,0.0,0.0,-1.4666648885585073e-05
2026-08-24T01:14:35.169349,4.41,-3.2486545217106335e-10,-6.3137976086424365e-19,0.0,1.481582160511863e-06,0.0,0.0,7.407910802558637e-07,0.9999999999997257,4.1018061378739e-13,-6.974529941712078e-17,0.0,0.0,0.0,-0.00044873089414188726
2026-08-24T01:14:35.201689,4.43,-3.248615883039626e-10,-6.197726353830435e-19,0.0,1.1646195390291325e-06,0.0,0.0,5.823097695145333e-07,0.9999999999998305,4.08030049522703e-13,-6.858150400297544e-17,0.0,0.0,0.0,9.598537837184844e-05
2026-08-24T01:14:35.233974,4.45,-3.248577127156245e-10,-6.081468196416354e-19,0.0,4.406537410073241e-06,0.0,0.0,2.203268705034838e-06,0.9999999999975728,4.059269458123282e-13,-6.741585594839998e-17,0.0,0.0,0.0,0.0001445256002801394
2026-08-24T01:14:35.269537,4.47,-3.248538261802622e-10,-5.966260938312453e-19,0.0,-2.4606446178410124e-06,0.0,0.0,-1.2303223089201958e-06,0.9999999999992432,4.038381069298825e-13,-6.626075753800701e-17,0.0,0.0,0.0,0.000253077185121158
2026-08-24T01:14:35.302488,4.5,-3.3971474350697896e-10,7.095830573269121e-20,0.0,-4.0846659388193984e-10,0.0,0.0,-2.0423329694096992e-10,1.0,1.9585453912473364e-13,-6.124992795105506e-17,0.0,0.0,0.0,-3.013910868703599e-05
2026-08-24T01:14:35.339552,4.51,-3.3971176708554216e-10,-5.424079818975625e-19,0.0,9.014929793771387e-07,0.0,0.0,4.507464896885541e-07,0.9999999999998984,3.9942974823187776e-13,-6.142308711612673e-17,0.0,0.0,0.0,2.786618003345637e-05
2026-08-24T01:14:35.377894,4.53,-3.397078634234184e-10,-5.31766818857329e-19,0.0,-3.037103426528631e-07,0.0,0.0,-1.5185517132643098e-07,0.9999999999999885,3.9745309461401045e-13,-6.035619548826603e-17,0.0,0.0,0.0,-7.981009938548175e-05
2026-08-24T01:14:35.411193,4.55,-3.397033092356168e-10,-5.212964872276683e-19,0.0,-1.7337257518512674e-06,0.0,0.0,-8.668628759255251e-07,0.9999999999996243,4.2687296554346856e-13,-5.930641005911586e-17,0.0,0.0,0.0,3.044442748079582e-05
2026-08-24T01:14:35.446781,4.57,-3.396996801952919e-10,-5.109389251575316e-19,0.0,1.4756505337665264e-06,0.0,0.0,7.378252668831961e-07,0.9999999999997278,3.936092809208895e-13,-5.826797858981059e-17,0.0,0.0,0.0,0.00015003514989578732
2026-08-24T01:14:35.475053,4.59,-3.396957277711878e-10,-5.006562956238322e-19,0.0,-1.2730160241503086e-06,0.0,0.0,-6.365080120751113e-07,0.9999999999997974,3.9169977075947546e-13,-5.723706034948108e-17,0.0,0.0,0.0,-3.6128752513726534e-05
2026-08-24T01:14:35.509550,4.61,-3.396917636057836e-10,-4.905718096210885e-19,0.0,-1.1013330989406713e-06,0.0,0.0,-5.506665494703077e-07,0.9999999999998483,3.898494228327238e-13,-5.622600878458501e-17,0.0,0.0,0.0,-4.227851958513439e-05
2026-08-24T01:14:35.541312,4.63,-3.3968778788021715e-10,-4.806164884764081e-19,0.0,3.0922864837634734e-06,0.0,0.0,1.5461432418811207e-06,0.9999999999988047,3.8803996126666044e-13,-5.522791548384577e-17,0.0,0.0,0.0,0.00010828104394189009
2026-08-24T01:14:35.572153,4.65,-3.3968380129161723e-10,-4.707266193183625e-19,0.0,9.141067915940936e-07,0.0,0.0,4.570533957970309e-07,0.9999999999998955,3.862382892876453e-13,-5.4236397406805615e-17,0.0,0.0,0.0,0.0002642003747827492
2026-08-24T01:14:35.607497,4.67,-3.396798036679654e-10,-4.609323547545812e-19,0.0,-2.2950465097260064e-06,0.0,0.0,-1.1475232548627514e-06,0.9999999999993416,3.844541555268705e-13,-5.3254472171577556e-17,0.0,0.0,0.0,-5.4656222819626045e-05
2026-08-24T01:14:35.636346,4.69,-3.3967579476603397e-10,-4.51367361352545e-19,0.0,-4.948022948259023e-06,0.0,0.0,-2.474011474126988e-06,0.9999999999969397,3.827126305597506e-13,-5.229553260728872e-17,0.0,0.0,0.0,-0.00015022707990680286
2026-08-24T01:14:35.670934,4.71,-3.3967177486986197e-10,-4.419633457749396e-19,0.0,-3.444582242551064e-06,0.0,0.0,-1.7222911212746806e-06,0.9999999999985169,3.8098881210297557e-13,-5.135273679725446e-17,0.0,0.0,0.0,0.0003613967223730744
2026-08-24T01:14:35.700575,4.73,-3.396677434132381e-10,-4.325363609713839e-19,0.0,-8.08821615905231e-07,0.0,0.0,-4.044108079526044e-07,0.9999999999999182,3.7931122456950624e-13,-5.040765658763139e-17,0.0,0.0,0.0,-3.7263385498559695e-05
2026-08-24T01:14:35.727856,4.75,-3.396637010652842e-10,-4.23331312515557e-19,0.0,6.600762159081341e-08,0.0,0.0,3.30038107954067e-08,0.9999999999999994,3.7763644297951484e-13,-4.948482705528218e-17,0.0,0.0,0.0,-5.061141534267478e-05
2026-08-24T01:14:35.760491,4.77,-3.396596474172661e-10,-4.1424832065822676e-19,0.0,4.866133720415889e-06,0.0,0.0,2.4330668602055437e-06,0.9999999999970401,3.7600905454799147e-13,-4.857424047179774e-17,0.0,0.0,0.0,-7.322413361626328e-05
2026-08-24T01:14:35.787811,4.79,-3.7027261297724e-10,2.5211909114091965e-19,0.0,-3.526492807104375e-06,0.0,0.0,-1.763246403551274e-06,0.9999999999984455,-1.5376609423555282e-09,1.6904330701545402e-17,0.0,0.0,0.0,0.00011082910991130538
2026-08-24T01:14:35.822136,4.8,-3.549388934044556e-10,7.731677892432834e-20,0.0,-4.274132159309829e-10,0.0,0.0,-2.1370660796549146e-10,1.0,2.0103692642777186e-13,5.384827921137365e-17,0.0,0.0,0.0,3.869110272945687e-05
2026-08-24T01:14:35.853699,4.83,-3.5493130365544666e-10,6.100282038442404e-19,0.0,3.977179998226887e-06,0.0,0.0,1.988589999112133e-06,0.9999999999980228,4.9065000690982e-13,5.3405329563722163e-17,0.0,0.0,0.0,2.2616401112127442e-05
2026-08-24T01:14:35.885256,4.85,-3.549272148280266e-10,6.030696213301981e-19,0.0,3.1722881210782816e-08,0.0,0.0,1.5861440605391408e-08,0.9999999999999999,4.87619640886987e-13,5.2707356112295657e-17,0.0,0.0,0.0,0.000107028061916665
2026-08-24T01:14:35.917283,4.87,-3.549231148709229e-10,5.96155770699428e-19,0.0,-7.957804943892199e-07,0.0,0.0,-3.978902471945995e-07,0.9999999999999208,4.846325492166169e-13,5.201388356563383e-17,0.0,0.0,0.0,0.00014480491289601158
2026-08-24T01:14:35.944494,4.89,-3.549190035747727e-10,5.893105886694794e-19,0.0,2.716568128668939e-06,0.0,0.0,1.358284064334052e-06,0.9999999999990775,4.817069965147069e-13,5.1327306526233345e-17,0.0,0.0,0.0,1.8033744039376587e-05
2026-08-24T01:14:35.978226,4.91,-3.549148814074842e-10,5.825271324000193e-19,0.0,-1.9368163042265962e-06,0.0,0.0,-9.684081521131467e-07,0.999999999999531,4.787959629593678e-13,5.064692880994436e-17,0.0,0.0,0.0,-5.204999637004512e-05
2026-08-24T01:14:36.012925,4.93,-3.5491074776858155e-10,5.757288195522561e-19,0.0,2.3608657757634433e-06,0.0,0.0,1.1804328878814474e-06,0.9999999999993033,4.7595344203165e-13,4.9965081748863963e-17,0.0,0.0,0.0,0.00020972918285721344
2026-08-24T01:14:36.042610,4.95,-3.549066030375814e-10,5.691384566799988e-19,0.0,2.020519127121645e-06,0.0,0.0,1.0102595635606505e-06,0.9999999999994897,4.731482569215631e-13,4.9304082091044325e-17,0.0,0.0,0.0,-0.00019797643884808392
2026-08-24T01:14:36.080100,4.97,-3.5490244718443357e-10,5.624638549070666e-19,0.0,-1.4786754047868556e-06,0.0,0.0,-7.393377023933604e-07,0.9999999999997267,4.703774803623256e-13,4.863466017745616e-17,0.0,0.0,0.0,0.000139402998209493
2026-08-24T01:14:36.108098,4.99,-3.548982806691356e-10,5.55935016375646e-19,0.0,-4.4158541445682436e-07,0.0,0.0,-2.2079270722841036e-07,0.9999999999999756,4.676296424068787e-13,4.797985892546361e-17,0.0,0.0,0.0,-0.00015484332193614438
2026-08-24T01:14:36.143338,5.01,-3.548941026881747e-10,5.493797207527385e-19,0.0,2.6858520341122016e-06,0.0,0.0,1.3429260170556972e-06,0.9999999999990983,4.649460385745194e-13,4.732242120365991e-17,0.0,0.0,0.0,-2.8184277216198347e-05
2026-08-24T01:14:36.172555,5.03,-3.548899138231952e-10,5.429653319863641e-19,0.0,-4.2100587727134103e-07,0.0,0.0,-2.1050293863566893e-07,0.9999999999999778,4.622824330231098e-13,4.667911553922132e-17,0.0,0.0,0.0,0.000339892703638905
2026-08-24T01:14:36.203208,5.05,-3.7052828006174443e-10,5.052239714400478e-19,0.0,4.815312016681617e-06,0.0,0.0,2.4076560083384823e-06,0.9999999999971017,4.593174694169847e-13,4.221716769742922e-17,0.0,0.0,0.0,-0.00019521785530984587
2026-08-24T01:14:36.240913,5.07,-3.7052408684439013e-10,4.9950079459099335e-19,0.0,3.3201919102943127e-06,0.0,0.0,1.6600959551463936e-06,0.999999999998622,4.567537328255112e-13,4.164320197572587e-17,0.0,0.0,0.0,-6.376850841494167e-05
2026-08-24T01:14:36.266228,5.09,-3.7051986691179756e-10,4.938636888766153e-19,0.0,2.7938213742473295e-07,0.0,0.0,1.3969106871236602e-07,0.9999999999999902,4.542209306282844e-13,4.107787620532065e-17,0.0,0.0,0.0,0.0003133660299610184
2026-08-24T01:14:36.298305,5.11,-3.705156360736943e-10,4.883811113987795e-19,0.0,2.845908392057339e-06,0.0,0.0,1.4229541960281893e-06,0.9999999999989876,4.5172300468847004e-13,4.05280462767168e-17,0.0,0.0,0.0,-1.5465679692677455e-05
2026-08-24T01:14:36.328819,5.13,-3.862677030179133e-10,7.511868672232815e-19,0.0,-2.2362564946476486e-06,0.0,0.0,-1.1181282473235912e-06,0.9999999999993749,4.4890115828675535e-13,6.61451080593304e-17,0.0,0.0,0.0,0.00010349405069053674
2026-08-24T01:14:36.358820,5.15,-3.8626346762046635e-10,7.416064072555062e-19,0.0,2.7862594720318157e-07,0.0,0.0,1.3931297360159033e-07,0.9999999999999903,4.465007556659838e-13,6.518439185704175e-17,0.0,0.0,0.0,1.9019859469652453e-05
2026-08-24T01:14:36.390913,5.17,-3.862592059639511e-10,7.321233146449742e-19,0.0,3.7866361792815435e-06,0.0,0.0,1.8933180896396408e-06,0.9999999999982077,4.4411080833315983e-13,6.42334504915094e-17,0.0,0.0,0.0,0.00021210855886996837
2026-08-24T01:14:36.420093,5.18,-3.862582132225381e-10,9.117089174691848e-20,0.0,-4.5483083965791593e-10,0.0,0.0,-2.2741541982895797e-10,1.0,2.1421896176759344e-13,6.303092277418122e-17,0.0,0.0,0.0,9.384302398774864e-05
2026-08-24T01:14:36.453222,5.22,-4.0213318956268313e-10,9.857786615439117e-20,0.0,-4.794356023296586e-10,0.0,0.0,-2.397178011648293e-10,1.0,2.1203249043653745e-13,9.698158004161553e-17,0.0,0.0,0.0,-0.00036811304193328854
2026-08-24T01:14:36.483525,5.23,-4.021293312515934e-10,1.0702832792876955e-18,0.0,4.95179277137936e-07,0.0,0.0,2.4758963856896544e-07,0.9999999999999694,5.596297275137515e-13,9.736762851993935e-17,0.0,0.0,0.0,5.0479907539202726e-05
2026-08-24T01:14:36.512670,5.25,-4.021249799113057e-10,1.055590582526131e-18,0.0,-2.0395232569470063e-06,0.0,0.0,-1.0197616284733266e-06,0.9999999999994801,5.590013153898952e-13,9.589139568022062e-17,0.0,0.0,0.0,5.350499390342517e-05
2026-08-24T01:14:36.546800,5.27,-4.021206732983735e-10,1.0409940719806157e-18,0.0,-1.8007883184623097e-08,0.0,0.0,-9.003941592311548e-09,1.0,5.552368657967792e-13,9.442777905649335e-17,0.0,0.0,0.0,-0.00012593822107221931
2026-08-24T01:14:36.579533,5.29,-4.021163552692662e-10,1.026525296203873e-18,0.0,1.1500927832308605e-06,0.0,0.0,5.750463916153986e-07,0.9999999999998347,5.515398713408429e-13,9.297698939464114e-17,0.0,0.0,0.0,1.633724148877096e-05
2026-08-24T01:14:36.610252,5.31,-4.021120265734142e-10,1.0123035345045216e-18,0.0,4.179832020945185e-06,0.0,0.0,2.089916010471071e-06,0.9999999999978161,5.478766446683526e-13,9.155097857818751e-17,0.0,0.0,0.0,-3.579615470082463e-05
2026-08-24T01:14:36.640680,5.33,-4.0210768683174845e-10,9.98273993382709e-19,0.0,-7.467568661212453e-07,0.0,0.0,-3.73378433060614e-07,0.9999999999999303,5.44268989529005e-13,9.014425535147695e-17,0.0,0.0,0.0,0.00012527827593852145
2026-08-24T01:14:36.671672,5.35,-4.0210333638160173e-10,9.843949080196546e-19,0.0,-2.4163585359282536e-06,0.0,0.0,-1.2081792679638329e-06,0.9999999999992701,5.407076409562062e-13,8.875263840986329e-17,0.0,0.0,0.0,9.26081993453837e-05
2026-08-24T01:14:36.704749,5.37,-4.181945806749296e-10,7.513444742603921e-19,0.0,2.1435783175149936e-06,0.0,0.0,1.0717891587572916e-06,0.9999999999994257,5.368369472826344e-13,6.461955076252043e-17,0.0,0.0,0.0,0.00017081935997215284
2026-08-24T01:14:36.733889,5.39,-4.181902263820372e-10,7.414425577177505e-19,0.0,1.2408831810972745e-06,0.0,0.0,6.204415905485973e-07,0.9999999999998075,5.334024354138941e-13,6.362677649368676e-17,0.0,0.0,0.0,-6.445521107205289e-06
2026-08-24T01:14:36.766854,5.41,-4.1818549402648976e-10,7.315681109358213e-19,0.0,-3.560058106089059e-07,0.0,0.0,-1.78002905304452e-07,0.9999999999999841,5.300112131100792e-13,6.263679531672634e-17,0.0,0.0,0.0,-0.0002333352845412576
2026-08-24T01:14:36.798275,5.43,-4.1818110142303917e-10,7.216994332610211e-19,0.0,2.1884490952750473e-06,0.0,0.0,1.094224547637305e-06,0.9999999999994014,5.266600758168004e-13,6.16473959684933e-17,0.0,0.0,0.0,0.0002475887437852427
2026-08-24T01:14:36.830085,5.44,-4.1818041973999744e-10,1.0640131515323944e-19,0.0,-4.905462702708974e-10,0.0,0.0,-2.452731351354487e-10,1.0,2.2099241699234463e-13,6.046258435442639e-17,0.0,0.0,0.0,1.8687417827324015e-05
2026-08-24T01:14:36.862913,5.47,-4.181722833564112e-10,7.026110238527168e-19,0.0,-1.2147185537436656e-06,0.0,0.0,-6.073592768717954e-07,0.9999999999998156,5.201112576724443e-13,5.97336742101797e-17,0.0,0.0,0.0,-0.00027628419206692336
2026-08-24T01:14:36.894078,5.49,-4.1816785810193554e-10,6.930620947125726e-19,0.0,-9.172827351022761e-07,0.0,0.0,-4.5864136755112195e-07,0.9999999999998949,5.168975460753147e-13,5.877637072993636e-17,0.0,0.0,0.0,-0.0002723842840019694
2026-08-24T01:14:36.925444,5.51,-4.1816342224668424e-10,6.83635056446445e-19,0.0,-1.3897303690058038e-06,0.0,0.0,-6.94865184502846e-07,0.9999999999997585,5.13720171245578e-13,5.783129861752403e-17,0.0,0.0,0.0,-0.00027924938846336566
2026-08-24T01:14:36.958178,5.53,-4.1815897508681324e-10,6.743149062016643e-19,0.0,2.579956812631678e-07,0.0,0.0,1.2899784063158356e-07,0.9999999999999917,5.106171767115048e-13,5.689695529034966e-17,0.0,0.0,0.0,0.00011912752187856651
2026-08-24T01:14:36.987397,5.55,-4.1815451736398644e-10,6.65281368317754e-19,0.0,-9.679970567333387e-07,0.0,0.0,-4.839985283666504e-07,0.9999999999998829,5.075450238391672e-13,5.599134564719211e-17,0.0,0.0,0.0,0.0005001145886862704
2026-08-24T01:14:37.019124,5.57,-4.1815004913299215e-10,6.564869631323161e-19,0.0,7.255529412830699e-07,0.0,0.0,3.627764706415269e-07,0.9999999999999342,5.045019807781682e-13,5.510971389195505e-17,0.0,0.0,0.0,-9.968441036766162e-05
2026-08-24T01:14:37.046860,5.59,-4.1814556972183215e-10,6.475924187647078e-19,0.0,-4.204767203752624e-06,0.0,0.0,-2.1023836018747632e-06,0.99999999999779,5.015337197700489e-13,5.421806668666106e-17,0.0,0.0,0.0,-0.0002569369940695665
2026-08-24T01:14:37.077618,5.61,-4.181410798729071e-10,6.386937964105376e-19,0.0,3.881292316876284e-06,0.0,0.0,1.9406461584369238e-06,0.999999999998117,4.98571391641371e-13,5.332603167161147e-17,0.0,0.0,0.0,-0.00015832816551620893
2026-08-24T01:14:37.107027,5.63,-4.181365788804556e-10,6.300310940087764e-19,0.0,-5.289148194975724e-07,0.0,0.0,-2.644574097487831e-07,0.999999999999965,4.956824827997189e-13,5.245764679976405e-17,0.0,0.0,0.0,-0.00023380816162248526
2026-08-24T01:14:37.137114,5.65,-4.1813206727429466e-10,6.214009218199677e-19,0.0,1.0118442896889235e-06,0.0,0.0,5.059221448444401e-07,0.999999999999872,4.92828973605054e-13,5.159254313119335e-17,0.0,0.0,0.0,-0.00042857093417403107
2026-08-24T01:14:37.170585,5.67,-4.18127544903546e-10,6.128235356271209e-19,0.0,-1.1898372989094243e-06,0.0,0.0,-5.94918649454677e-07,0.999999999999823,4.900105650191008e-13,5.0732743583722425e-17,0.0,0.0,0.0,-0.0002015637111916136
2026-08-24T01:14:37.198732,5.69,-4.1812301183407957e-10,6.044150825528098e-19,0.0,-1.858631891504814e-06,0.0,0.0,-9.293159457522732e-07,0.9999999999995682,4.872383747698789e-13,4.988988783612675e-17,0.0,0.0,0.0,-8.539608529135764e-05
2026-08-24T01:14:37.231204,5.71,-4.1811846767596866e-10,5.961485358777786e-19,0.0,-3.8063598606363773e-06,0.0,0.0,-1.9031799303170394e-06,0.999999999998189,4.845170150812411e-13,4.906126592981921e-17,0.0,0.0,0.0,-0.0001436398088515215
2026-08-24T01:14:37.262267,5.73,-4.181139133016471e-10,5.879481842258109e-19,0.0,1.075507279679755e-06,0.0,0.0,5.377536398398515e-07,0.9999999999998554,4.818109730966971e-13,4.823929313744248e-17,0.0,0.0,0.0,2.4643034303830163e-05
2026-08-24T01:14:37.289520,5.75,-4.1810934806834107e-10,5.799560687702675e-19,0.0,-9.363625572689217e-07,0.0,0.0,-4.681812786344437e-07,0.9999999999998904,4.791613214100424e-13,4.743819731518149e-17,0.0,0.0,0.0,-3.3131537493353e-05
2026-08-24T01:14:37.321347,5.77,-4.3475919249190343e-10,4.890786346445179e-19,0.0,-2.385971453300329e-06,0.0,0.0,-1.1929857266498813e-06,0.9999999999992883,4.761442322552628e-13,3.7493276140540294e-17,0.0,0.0,0.0,3.592433976061442e-05
2026-08-24T01:14:37.349860,5.79,-4.3475462512675783e-10,4.827121950185598e-19,0.0,1.2769594057715494e-06,0.0,0.0,6.384797028857313e-07,0.9999999999997962,4.735835026836713e-13,3.6855223288979167e-17,0.0,0.0,0.0,0.0003555170186454384
2026-08-24T01:14:37.379416,5.8100000000000005,-4.3475003036487837e-10,4.765688141854879e-19,0.0,-1.8337351992414594e-07,0.0,0.0,-9.168675996207285e-08,0.9999999999999958,4.710571889191995e-13,3.623952997007999e-17,0.0,0.0,0.0,0.00014988582499932774
2026-08-24T01:14:37.410248,5.82,-4.347489224407773e-10,1.147398208249487e-19,0.0,-5.110205592018247e-10,0.0,0.0,-2.5551027960091233e-10,1.0,2.308823306690002e-13,3.5513206801768235e-17,0.0,0.0,0.0,-4.906157223847165e-07
2026-08-24T01:14:37.440694,5.85,-4.851160107075079e-10,4.901388652489104e-19,0.0,4.4255640929691264e-07,0.0,0.0,2.2127820464845447e-07,0.9999999999999755,-1.6879389482002729e-09,3.489551885490648e-17,0.0,0.0,0.0,0.00027187704004106813
2026-08-24T01:14:37.473570,5.87,-4.682794201279117e-10,1.4039840247547414e-19,0.0,-8.774087190133172e-07,0.0,0.0,-4.3870435950664457e-07,0.9999999999999037,5.926162122700047e-13,7.759816003089351e-19,0.0,0.0,0.0,-1.991041655016672e-05
2026-08-24T01:14:37.500258,5.89,-4.682739908135064e-10,1.397274676654067e-19,0.0,-1.3509298453229233e-06,0.0,0.0,-6.754649226614104e-07,0.9999999999997718,6.294455648573761e-13,7.114533875468374e-19,0.0,0.0,0.0,-6.570344109262907e-05
2026-08-24T01:14:37.533421,5.91,-4.85117830354536e-10,1.5004319392200252e-20,0.0,7.444169396464418e-07,0.0,0.0,3.722084698232123e-07,0.9999999999999307,5.875479844864375e-13,-1.2723274322979961e-17,0.0,0.0,0.0,-1.0835682457350384e-05
2026-08-24T01:14:37.563943,5.93,-4.851132039619533e-10,1.653405099238698e-20,0.0,3.722260784044806e-07,0.0,0.0,1.8611303920223923e-07,0.9999999999999827,5.836253698833957e-13,-1.2569480611573247e-17,0.0,0.0,0.0,-0.00030763736572482156
2026-08-24T01:14:37.595302,5.95,-4.851085499716042e-10,1.7912277618093098e-20,0.0,3.2621438474933484e-06,0.0,0.0,1.631071923745951e-06,0.9999999999986698,5.797559602738927e-13,-1.2430867788009413e-17,0.0,0.0,0.0,6.994629020325334e-05
2026-08-24T01:14:37.622665,5.97,-4.851038858995753e-10,1.9494709884628634e-20,0.0,-1.197176633827013e-06,0.0,0.0,-5.985883169134707e-07,0.9999999999998208,5.759182544853738e-13,-1.2271800344651403e-17,0.0,0.0,0.0,2.0793769371620858e-05
2026-08-24T01:14:37.651896,5.99,-4.850992108189874e-10,2.0967032646575644e-20,0.0,6.381898178808855e-07,0.0,0.0,3.190949089404373e-07,0.999999999999949,5.721581327210832e-13,-1.2123765586313976e-17,0.0,0.0,0.0,-2.1647791697075442e-05
2026-08-24T01:14:37.684506,6.01,-4.850945250511649e-10,2.2437702443796492e-20,0.0,-1.6429788995964145e-06,0.0,0.0,-8.214894497981148e-07,0.9999999999996626,5.68453061400411e-13,-1.1975902122003872e-17,0.0,0.0,0.0,-0.00029094798839173
2026-08-24T01:14:37.714154,6.03,-4.850898288973551e-10,2.3744198873603535e-20,0.0,6.367101299531441e-07,0.0,0.0,3.1835506497656667e-07,0.9999999999999494,5.647723996998346e-13,-1.1844488770390786e-17,0.0,0.0,0.0,-0.0001922158815085572
2026-08-24T01:14:37.742116,6.05,-5.192530077846328e-10,1.4034120134444863e-19,0.0,2.0303915371222563e-06,0.0,0.0,1.0151957685609536e-06,0.9999999999994846,-1.7158637665633182e-09,-2.1448342539580585e-18,0.0,0.0,0.0,-0.00018221145010852252
2026-08-24T01:14:37.775750,6.07,-5.363603348610788e-10,3.317829962265613e-19,0.0,-2.8752937950571322e-06,0.0,0.0,-1.4376468975280708e-06,0.9999999999989666,-1.7185223494327536e-09,1.5994659450639547e-17,0.0,0.0,0.0,6.123153098813017e-05
2026-08-24T01:14:37.804145,6.09,-5.192160930604182e-10,6.919199994732288e-19,0.0,1.3215612728600947e-06,0.0,0.0,6.607806364299992e-07,0.9999999999997817,8.189809980050566e-13,5.3104288804456745e-17,0.0,0.0,0.0,0.0002804349775085361
2026-08-24T01:14:37.830936,6.1,-5.192165818639267e-10,1.617633553195362e-19,0.0,-5.976357186909809e-10,0.0,0.0,-2.9881785934549043e-10,1.0,2.37547159404622e-13,5.2065917572310956e-17,0.0,0.0,0.0,0.0001528065824540797
2026-08-24T01:14:37.862390,6.14,-5.192070542074372e-10,1.6175762627579364e-19,0.0,-6.014211351157428e-10,0.0,0.0,-3.007105675578714e-10,1.0,2.3858442259773544e-13,5.032796707143296e-17,0.0,0.0,0.0,-0.00031260879172178023
2026-08-24T01:14:37.888761,6.15,-5.192018503372117e-10,6.658566941081697e-19,0.0,-8.232391612850165e-08,0.0,0.0,-4.116195806425081e-08,0.9999999999999991,8.02189622519869e-13,5.0492468552332166e-17,0.0,0.0,0.0,0.0003345967061556159
2026-08-24T01:14:37.919240,6.17,-5.191963300916777e-10,6.575410128368698e-19,0.0,-4.061017433443226e-08,0.0,0.0,-2.030508716721613e-08,0.9999999999999998,8.343633853414286e-13,4.9659055136591494e-17,0.0,0.0,0.0,-1.670089598740754e-06
2026-08-24T01:14:37.946175,6.19,-5.191919557705341e-10,6.491207908571836e-19,0.0,6.668919301233701e-07,0.0,0.0,3.334459650616788e-07,0.9999999999999444,7.891719176902003e-13,4.881511325732085e-17,0.0,0.0,0.0,-0.00021670833248054177
2026-08-24T01:14:37.974434,6.21,-5.191871852375872e-10,6.407001347471495e-19,0.0,-2.4687184225768988e-06,0.0,0.0,-1.234359211288136e-06,0.9999999999992382,7.827714335181122e-13,4.7971167843382135e-17,0.0,0.0,0.0,5.125279878346955e-05
2026-08-24T01:14:38.003778,6.23,-5.191824038620345e-10,6.324499148348612e-19,0.0,2.2987228964765907e-07,0.0,0.0,1.1493614482382927e-07,0.9999999999999934,7.764807089197281e-13,4.7144316939807826e-17,0.0,0.0,0.0,-0.0005295654043925
2026-08-24T01:14:38.031217,6.25,-5.191776118646277e-10,6.240431034015897e-19,0.0,-1.2219283971326433e-06,0.0,0.0,-6.109641985662837e-07,0.9999999999998134,7.702597846783993e-13,4.630179075616699e-17,0.0,0.0,0.0,0.0002962689324711621
2026-08-24T01:14:38.062882,6.27,-5.191728094463045e-10,6.162029583556875e-19,0.0,-3.127924887991185e-07,0.0,0.0,-1.563962443995586e-07,0.9999999999999878,7.641184335590113e-13,4.551605727739047e-17,0.0,0.0,0.0,-7.533636240908763e-05
2026-08-24T01:14:38.088962,6.29,-5.540010216762895e-10,5.819860137753209e-19,0.0,-3.5270856844071834e-06,0.0,0.0,-1.7635428422026773e-06,0.9999999999984449,-1.7490823409550336e-09,3.994111656133532e-17,0.0,0.0,0.0,-3.76980088063599e-05
2026-08-24T01:14:38.115060,6.31,-5.365517817168867e-10,1.1464865091120865e-18,0.0,1.3282971433881132e-06,0.0,0.0,6.641485716940077e-07,0.9999999999997794,8.861344693048601e-13,9.758136625090178e-17,0.0,0.0,0.0,-9.095830412177641e-07
2026-08-24T01:14:38.143010,6.33,-5.36546897876025e-10,1.1303567656832783e-18,0.0,-1.7584440046292118e-06,0.0,0.0,-8.792220023144925e-07,0.9999999999996135,8.820008428896167e-13,9.59640516084883e-17,0.0,0.0,0.0,8.559463657098357e-05
2026-08-24T01:14:38.171690,6.35,-5.365420642184519e-10,1.114360174460264e-18,0.0,6.269397023750401e-07,0.0,0.0,3.134698511875149e-07,0.9999999999999508,8.744845807706448e-13,9.436047034311248e-17,0.0,0.0,0.0,0.00024140710247374297
2026-08-24T01:14:38.202517,6.37,-5.36537219734961e-10,1.098776043852191e-18,0.0,1.9242200091085238e-06,0.0,0.0,9.621100045541134e-07,0.9999999999995371,8.670740615523748e-13,9.279824269620835e-17,0.0,0.0,0.0,-6.9860300467665e-05
2026-08-24T01:14:38.229487,6.39,-5.365323650869543e-10,1.083227369900442e-18,0.0,7.808810891241081e-07,0.0,0.0,3.904405445620441e-07,0.9999999999999237,8.597421793179544e-13,9.123959868339759e-17,0.0,0.0,0.0,-0.0004882655576477642
2026-08-24T01:14:38.257444,6.41,-5.365274995539129e-10,1.06754683220739e-18,0.0,-1.1714730208112201e-07,0.0,0.0,-5.857365104056097e-08,0.9999999999999983,8.525338973940824e-13,8.966777563975862e-17,0.0,0.0,0.0,-6.411686055650287e-05
2026-08-24T01:14:38.283743,6.43,-5.71740800764477e-10,1.0566036496138246e-18,0.0,-1.357368792476166e-06,0.0,0.0,-6.786843962380308e-07,0.9999999999997697,-1.7683441397538012e-09,8.633726129136447e-17,0.0,0.0,0.0,-5.893242030630931e-05
2026-08-24T01:14:38.308578,6.45,-5.540986106641287e-10,1.3033520071711684e-18,0.0,2.1962752438930977e-06,0.0,0.0,1.0981376219463282e-06,0.999999999999397,9.738654320865376e-13,1.121853713170106e-16,0.0,0.0,0.0,0.00012414068872688175
2026-08-24T01:14:38.338477,6.47,-5.540936633836759e-10,1.2847215319071141e-18,0.0,1.4344954220035786e-06,0.0,0.0,7.172477110017279e-07,0.9999999999997428,9.68724052648185e-13,1.1031720597367759e-16,0.0,0.0,0.0,0.0001332247944913261
2026-08-24T01:14:38.363934,6.49,-5.540887671541864e-10,1.2662940266729254e-18,0.0,-5.846624349103989e-07,0.0,0.0,-2.9233121745519534e-07,0.9999999999999573,9.601573100164737e-13,1.0846994583562253e-16,0.0,0.0,0.0,-0.00018746602426607427
2026-08-24T01:14:38.393472,6.5,-5.540898560690825e-10,1.8335600301361752e-19,0.0,-6.391727147558868e-10,0.0,0.0,-3.195863573779434e-10,1.0,2.474638094376859e-13,1.0626929457082751e-16,0.0,0.0,0.0,-0.00012818465656710786
2026-08-24T01:14:38.421781,6.53,-5.54078942534811e-10,1.2297383849381834e-18,0.0,6.068591842378624e-07,0.0,0.0,3.034295921189265e-07,0.9999999999999539,9.433772865372868e-13,1.0480552960640314e-16,0.0,0.0,0.0,0.00012987122833448922
2026-08-24T01:14:38.445365,6.55,-5.89620600971782e-10,1.3298870918721827e-18,0.0,1.8241482249159449e-06,0.0,0.0,9.120741124578459e-07,0.9999999999995841,-1.7847528288252863e-09,1.1252425761200328e-16,0.0,0.0,0.0,0.00012422054757775948
2026-08-24T01:14:38.474224,6.57,-5.718138888700914e-10,8.81698403870721e-19,0.0,-2.9831392112100734e-06,0.0,0.0,-1.4915696056044834e-06,0.9999999999988876,1.0637592252368817e-12,6.878417598735774e-17,0.0,0.0,0.0,4.9331389287355504e-05
2026-08-24T01:14:38.499758,6.59,-5.895950977162662e-10,5.692057233476116e-19,0.0,1.1863760622787822e-06,0.0,0.0,5.931880311393563e-07,0.999999999999824,1.0571244905788747e-12,3.629307819338425e-17,0.0,0.0,0.0,-0.00028524502739593106
2026-08-24T01:14:38.529135,6.61,-5.895893609342495e-10,5.618967205077396e-19,0.0,-5.788533199435619e-07,0.0,0.0,-2.8942665997177694e-07,0.9999999999999581,1.0881228349415425e-12,3.5560930194605395e-17,0.0,0.0,0.0,-3.790863246080827e-05
2026-08-24T01:14:38.557212,6.63,-5.895848087902986e-10,5.548081183605355e-19,0.0,1.4614747070318401e-06,0.0,0.0,7.307373535158551e-07,0.999999999999733,1.0379975671555983e-12,3.485079951990753e-17,0.0,0.0,0.0,-0.0002591431959923535
2026-08-24T01:14:38.581746,6.65,-6.253986572358967e-10,8.023669110704264e-19,0.0,3.6268751362200646e-06,0.0,0.0,1.8134375681090383e-06,0.9999999999983558,-1.798335386374973e-09,5.718761810535528e-17,0.0,0.0,0.0,2.5841433875536544e-05
2026-08-24T01:14:38.611373,6.67,-6.074555712053536e-10,1.7659905470362695e-19,0.0,4.217467974854117e-08,0.0,0.0,2.1087339874270583e-08,0.9999999999999998,1.1571256532743299e-12,-4.264260922898522e-18,0.0,0.0,0.0,-2.0664496962355e-05
2026-08-24T01:14:38.635922,6.69,-6.074505319275292e-10,1.758487325735088e-19,0.0,4.0530786673542715e-06,0.0,0.0,2.0265393336757483e-06,0.9999999999979465,1.1497918872174722e-12,-4.3384936378769755e-18,0.0,0.0,0.0,-0.00018204434512293372
2026-08-24T01:14:38.664460,6.71,-6.074455448495208e-10,1.7523295035122917e-19,0.0,-1.4861174659763778e-06,0.0,0.0,-7.430587329881204e-07,0.9999999999997239,1.13899822155521e-12,-4.399520836504993e-18,0.0,0.0,0.0,-3.877896355799376e-05
2026-08-24T01:14:38.692949,6.73,-6.074405467254458e-10,1.7441946522704163e-19,0.0,6.887562808977065e-07,0.0,0.0,3.4437814044884646e-07,0.9999999999999407,1.1283751724825482e-12,-4.480351159217288e-18,0.0,0.0,0.0,0.000283714425778397
2026-08-24T01:14:38.719977,6.75,-6.074355382373618e-10,1.7406498032757315e-19,0.0,-7.273155211429129e-07,0.0,0.0,-3.636577605714484e-07,0.9999999999999338,1.1178583089176345e-12,-4.5151990162697494e-18,0.0,0.0,0.0,-0.00015840444784656898
2026-08-24T01:14:38.751544,6.77,-6.074305192962692e-10,1.7323723105885235e-19,0.0,-1.6551152604016295e-06,0.0,0.0,-8.275576302007203e-07,0.9999999999996576,1.107483721239645e-12,-4.597463375026978e-18,0.0,0.0,0.0,-0.00020994017718670992
2026-08-24T01:14:38.777241,6.79,-6.074254900727123e-10,1.723352000606488e-19,0.0,-2.2517362818774704e-06,0.0,0.0,-1.1258681409384972e-06,0.9999999999993662,1.097239396205953e-12,-4.687169798106952e-18,0.0,0.0,0.0,-0.00036304792311512587
2026-08-24T01:14:38.806789,6.8100000000000005,-6.25507505456266e-10,-5.55449298849622e-20,0.0,1.369608813028833e-07,0.0,0.0,6.84804406514416e-08,0.9999999999999977,1.0867142163039673e-12,-2.8787036008266246e-17,0.0,0.0,0.0,0.00022669479026782342
2026-08-24T01:14:38.834968,6.83,-6.255024754105873e-10,-5.207653941168465e-20,0.0,-2.1192877230902246e-07,0.0,0.0,-1.05964386154511e-07,0.9999999999999943,1.0767777193803176e-12,-2.843853202894753e-17,0.0,0.0,0.0,0.00023868997435793544
2026-08-24T01:14:38.861561,6.85,-6.254974172563345e-10,-4.864896435141238e-20,0.0,1.8112231199296504e-06,0.0,0.0,9.056115599647013e-07,0.9999999999995899,1.0669302261591554e-12,-2.8094125131695386e-17,0.0,0.0,0.0,-0.00025267224701800475
2026-08-24T01:14:38.892450,6.87,-6.254923484473852e-10,-4.55617682427962e-20,0.0,7.298949249445741e-07,0.0,0.0,3.6494746247227894e-07,0.9999999999999334,1.0572293481677046e-12,-2.778383106554419e-17,0.0,0.0,0.0,5.0881291019540825e-05
2026-08-24T01:14:38.920326,6.89,-6.254872691566077e-10,-4.229874686938651e-20,0.0,-1.196333831998686e-07,0.0,0.0,-5.981669159993426e-08,0.9999999999999982,1.0476573979761153e-12,-2.745592686965772e-17,0.0,0.0,0.0,0.00017573879520845333
2026-08-24T01:14:38.950890,6.91,-6.254821794622177e-10,-3.900464386561005e-20,0.0,1.812728120054175e-06,0.0,0.0,9.063640600269632e-07,0.9999999999995892,1.0382043233680375e-12,-2.7124917718112336e-17,0.0,0.0,0.0,0.00029766872705652356
2026-08-24T01:14:38.976058,6.93,-6.254770795576158e-10,-3.5533858590469984e-20,0.0,-6.890224719668936e-07,0.0,0.0,-3.4451123598343997e-07,0.9999999999999406,1.0288730915582618e-12,-2.6776216975147612e-17,0.0,0.0,0.0,-1.162031182029721e-05
2026-08-24T01:14:39.002846,6.95,-6.254719692762271e-10,-3.248686922037348e-20,0.0,-5.2006221107347976e-08,0.0,0.0,-2.6003110553673988e-08,0.9999999999999997,1.0196662986431543e-12,-2.6469982957471562e-17,0.0,0.0,0.0,-0.00020797292472411364
2026-08-24T01:14:39.036667,6.97,-6.437749428497869e-10,-2.1954998051738155e-20,0.0,1.3659255855280607e-06,0.0,0.0,6.829627927639772e-07,0.9999999999997667,1.0101442911030546e-12,-2.673246212479115e-17,0.0,0.0,0.0,-4.5200948933392246e-05
2026-08-24T01:14:39.064196,6.99,-6.437698326088549e-10,-1.8788011879507166e-20,0.0,1.0278015816211903e-06,0.0,0.0,5.139007908105726e-07,0.999999999999868,1.001208044763985e-12,-2.6414206937037462e-17,0.0,0.0,0.0,0.0002535056475490393
2026-08-24T01:14:39.093725,7.01,-6.437646941081478e-10,-1.542587782096892e-20,0.0,-5.862444691917546e-06,0.0,0.0,-2.9312223459545753e-06,0.999999999995704,9.923585668110436e-13,-2.6076406121219924e-17,0.0,0.0,0.0,9.844127518642259e-05
2026-08-24T01:14:39.118478,7.03,-6.806269855921854e-10,-9.348524971241564e-19,0.0,-2.0547673504900388e-06,0.0,0.0,-1.0273836752448385e-06,0.9999999999994722,-1.8510597459964416e-09,-1.2094379623652446e-16,0.0,0.0,0.0,-0.00021383197012008403
2026-08-24T01:14:39.147089,7.05,-6.621585604352761e-10,-3.622302962482154e-19,0.0,-5.769818400835902e-09,0.0,0.0,-2.884909200417951e-09,1.0,1.1168616740809114e-12,-6.21760203182996e-17,0.0,0.0,0.0,0.0002007468064045387
2026-08-24T01:14:39.175225,7.07,-6.621533385476135e-10,-3.5310093887378894e-19,0.0,-1.4103851082580834e-06,0.0,0.0,-7.051925541289831e-07,0.9999999999997513,1.1102294280389017e-12,-6.126192376341132e-17,0.0,0.0,0.0,-0.0002010697140542327
2026-08-24T01:14:39.200456,7.09,-6.62148170673329e-10,-3.4454108988560784e-19,0.0,-2.3850077051079666e-06,0.0,0.0,-1.1925038525537006e-06,0.999999999999289,1.1000498620483326e-12,-6.040290187344959e-17,0.0,0.0,0.0,7.656380365393648e-05
2026-08-24T01:14:39.228567,7.11,-6.621429927114584e-10,-3.3588283213985453e-19,0.0,-1.2490993586133927e-06,0.0,0.0,-6.245496793066557e-07,0.9999999999998049,1.0899785454957166e-12,-5.95340386443396e-17,0.0,0.0,0.0,7.3299146659537736e-06
2026-08-24T01:14:39.257999,7.13,-6.621378042661808e-10,-3.2731572427966204e-19,0.0,2.093323790308688e-06,0.0,0.0,1.0466618951541528e-06,0.9999999999994522,1.0800560679631066e-12,-5.867432836091197e-17,0.0,0.0,0.0,-0.00015801836580463209
2026-08-24T01:14:39.287481,7.15,-6.621326057393636e-10,-3.187988382274681e-19,0.0,3.0177665300001877e-06,0.0,0.0,1.5088832649995212e-06,0.9999999999988617,1.0702554194351094e-12,-5.781966976300464e-17,0.0,0.0,0.0,3.5417421452558226e-05
2026-08-24T01:14:39.312970,7.17,-6.807112467738696e-10,3.405750061563079e-20,0.0,2.4355543923881844e-06,0.0,0.0,1.217777196193791e-06,0.9999999999992585,1.0601478152358502e-12,-2.387284075555988e-17,0.0,0.0,0.0,-0.0002442766100095844
2026-08-24T01:14:39.340397,7.19,-6.807060487143249e-10,3.705536087771524e-20,0.0,2.4132397768994457e-07,0.0,0.0,1.2066198884497197e-07,0.9999999999999927,1.0506314917581977e-12,-2.3571618810376623e-17,0.0,0.0,0.0,9.109698430389749e-05
2026-08-24T01:14:39.367875,7.21,-6.807008221840984e-10,4.018939865236345e-20,0.0,-2.463692041487775e-07,0.0,0.0,-1.2318460207438843e-07,0.9999999999999925,1.0412103535971265e-12,-2.3256757102521736e-17,0.0,0.0,0.0,-0.0001789375757505546
2026-08-24T01:14:39.394241,7.23,-6.806955855458437e-10,4.303893782452223e-20,0.0,5.7181427619568134e-06,0.0,0.0,2.8590713809745112e-06,0.9999999999959128,1.0319218478852243e-12,-2.297040781627438e-17,0.0,0.0,0.0,-0.0002349125102938574
2026-08-24T01:14:39.424718,7.25,-7.181631050168923e-10,1.0172765403942868e-18,0.0,4.19109355176417e-06,0.0,0.0,2.095546775880551e-06,0.9999999999978043,-1.8814515246922007e-09,7.172566893481225e-17,0.0,0.0,0.0,-0.00011329652289613745
2026-08-24T01:14:39.454543,7.27,-6.993903526385005e-10,4.194214675434808e-19,0.0,-2.4888040384141163e-06,0.0,0.0,-1.244402019206737e-06,0.9999999999992257,1.2012537939138839e-12,1.3289685830042043e-17,0.0,0.0,0.0,0.00011339718238216476
2026-08-24T01:14:39.481100,7.29,-7.369680689920611e-10,3.5440752418670405e-20,0.0,1.5661652423837329e-06,0.0,0.0,7.830826211917862e-07,0.9999999999996934,-1.8868196978152173e-09,-2.8186012710453926e-17,0.0,0.0,0.0,-5.4659302631616415e-05
2026-08-24T01:14:39.511840,7.31,-7.181413786867343e-10,-1.7650802222454083e-19,0.0,5.907947325134444e-06,0.0,0.0,2.9539736625629258e-06,0.999999999995637,1.2848244225746882e-12,-4.790373597850484e-17,0.0,0.0,0.0,-0.00019745417374509352
2026-08-24T01:14:39.537829,7.32,-7.369464383632746e-10,3.1670821985716893e-19,0.0,-8.164837694835114e-10,0.0,0.0,-4.082418847417557e-10,1.0,2.661603113466266e-13,1.8308260739905536e-17,0.0,0.0,0.0,0.00020117205125143325
2026-08-24T01:14:39.563946,7.35,-7.746795954576722e-10,8.618283252320703e-19,0.0,-3.1194986118698864e-06,0.0,0.0,-1.5597493059343107e-06,0.9999999999987836,-1.8949212947752054e-09,5.145389991276368e-17,0.0,0.0,0.0,-0.00018735717374293763
2026-08-24T01:14:39.592072,7.37,-7.557710006188973e-10,1.5679434454462418e-18,0.0,-1.676416219176247e-07,0.0,0.0,-8.382081095881224e-08,0.9999999999999964,1.3967526584041589e-12,1.237806791179769e-16,0.0,0.0,0.0,-0.0003118670151592352
2026-08-24T01:14:39.619110,7.39,-7.557656545813735e-10,1.547192569907908e-18,0.0,-2.2804792623176695e-06,0.0,0.0,-1.1402396311585876e-06,0.99999999999935,1.3867827330765598e-12,1.2169869721518497e-16,0.0,0.0,0.0,-0.00012050099343722349
2026-08-24T01:14:39.649986,7.41,-7.557603642041599e-10,1.5267358289364532e-18,0.0,-1.1447591052871078e-06,0.0,0.0,-5.723795526435225e-07,0.9999999999998362,1.3731868743155407e-12,1.1964803809510672e-16,0.0,0.0,0.0,-0.00024586236718732656
2026-08-24T01:14:39.678893,7.43,-7.557550635859168e-10,1.506497839442203e-18,0.0,-2.2211737249477897e-07,0.0,0.0,-1.1105868624738923e-07,0.9999999999999938,1.3597732665727203e-12,1.1761933435763988e-16,0.0,0.0,0.0,-1.225176236289545e-06
2026-08-24T01:14:39.706579,7.45,-7.557497528805689e-10,1.486872989583343e-18,0.0,-3.614785137884269e-07,0.0,0.0,-1.8073925689421246e-07,0.9999999999999837,1.3465161692895538e-12,1.1565210214676333e-16,0.0,0.0,0.0,-0.0001892499621897502
2026-08-24T01:14:39.736222,7.47,-7.55744431405486e-10,1.4672827216568095e-18,0.0,2.8202479032124472e-06,0.0,0.0,1.4101239516057563e-06,0.9999999999990058,1.3334625050867588e-12,1.1368837395770676e-16,0.0,0.0,0.0,-6.509023148242482e-05
2026-08-24T01:14:39.764216,7.49,-7.557391001771085e-10,1.448333110804272e-18,0.0,-1.9862073834531206e-06,0.0,0.0,-9.931036917263968e-07,0.9999999999995068,1.3205520978769308e-12,1.1178887067674873e-16,0.0,0.0,0.0,-0.00012086351858605286
2026-08-24T01:14:39.793620,7.51,-7.557337586503959e-10,1.4291968473433795e-18,0.0,1.8453155270492518e-06,0.0,0.0,9.226577635244949e-07,0.9999999999995743,1.307816651467054e-12,1.0987070904364251e-16,0.0,0.0,0.0,0.00019376290845901943
2026-08-24T01:14:39.827242,7.53,-7.748032392867959e-10,1.6344552063272878e-18,0.0,-4.291304401604634e-06,0.0,0.0,-2.145652200800671e-06,0.9999999999976981,1.2947975846946207e-12,1.2881496775292247e-16,0.0,0.0,0.0,0.00012894578724723907
2026-08-24T01:14:39.853515,7.55,-7.747974571729806e-10,1.6126081213918437e-18,0.0,4.978669440269811e-06,0.0,0.0,2.4893347201323347e-06,0.9999999999969016,1.2824259208083855e-12,1.2662504151263347e-16,0.0,0.0,0.0,-0.000268153418496034
2026-08-24T01:14:39.883057,7.57,-7.747912005800595e-10,1.5912812400744e-18,0.0,2.483080812076821e-07,0.0,0.0,1.2415404060384074e-07,0.9999999999999923,1.3147445813083899e-12,1.244873084427616e-16,0.0,0.0,0.0,-0.00031867886169970934
2026-08-24T01:14:39.908761,7.59,-7.747862644252858e-10,1.5698489654557572e-18,0.0,-2.1557115097436963e-06,0.0,0.0,-1.0778557548716394e-06,0.9999999999994191,1.2581264968328468e-12,1.2233895327376487e-16,0.0,0.0,0.0,0.00015138233614862403
2026-08-24T01:14:39.937588,7.61,-7.747808739843895e-10,1.5490202156580696e-18,0.0,1.7595153232186082e-06,0.0,0.0,8.797576616091904e-07,0.999999999999613,1.2462055666480992e-12,1.2025114480880925e-16,0.0,0.0,0.0,-1.223740372975862e-05
2026-08-24T01:14:39.964981,7.63,-7.939861892946046e-10,1.7443456948177045e-18,0.0,1.1285770851188204e-07,0.0,0.0,5.6428854255940986e-08,0.9999999999999984,1.2339672770203625e-12,1.3815315623211261e-16,0.0,0.0,0.0,-0.00015077838082544723
2026-08-24T01:14:39.991986,7.65,0.005000890325984396,4.482392504543326e-06,0.0,0.0011894008579500515,0.0,0.0,0.0005947003939205483,0.9999998231657051,0.2512210834466085,1.7451766203123323e-06,0.0,0.0,0.0,0.00023460601140981368
2026-08-24T01:14:40.023673,7.67,0.01149408127202628,2.8076937447148046e-05,0.0,0.0037345693265917745,0.0,0.0,0.0018672835781696497,0.9999982566244997,0.3265681961031741,6.819867718540441e-06,0.0,0.0,0.0,6.180410118917314e-05
2026-08-24T01:14:40.050885,7.69,0.018434869046787875,7.279278286639777e-05,0.0,0.006456414275802125,0.0,0.0,0.003228201530873336,0.9999947893438625,0.3491528613613602,1.2355210815997908e-05,0.0,0.0,0.0,-8.039527811724065e-05
2026-08-24T01:14:40.076074,7.71,0.025509810998918952,0.0001379800472844886,0.0,0.009209847494952239,0.0,0.0,0.004604907472677681,0.999989397357376,0.3559090366879098,1.7868242354378925e-05,0.0,0.0,0.0,0.00011500441427235027
2026-08-24T01:14:40.107145,7.73,0.03262483773882357,0.00022315014549986794,0.0,0.011957500472939309,0.0,0.0,0.005978714617676,0.999982127326044,0.35791690649091795,2.3316056717981682e-05,0.0,0.0,0.0,0.0001648098035590301
2026-08-24T01:14:40.130525,7.74,0.03617764623384842,0.00027514755031657757,0.0,0.014693256534567658,0.0,0.0,0.0073465621809326144,0.9999730136479292,0.3563868345283601,2.8520227638337743e-05,0.0,0.0,0.0,0.0001046324132547689
2026-08-24T01:14:40.161218,7.77,0.04688186459681771,0.00045217305974020437,0.0,0.017400021317468095,0.0,0.0,0.00869990090824602,0.9999621551459769,0.3586570993371963,3.385122176832814e-05,0.0,0.0,0.0,7.128167681370848e-05
2026-08-24T01:14:40.184968,7.79,0.05401276944986574,0.0005953892505966135,0.0,0.02006346778934009,0.0,0.0,0.010031565637114758,0.9999496825795128,0.35868579598216455,3.8880381120042244e-05,0.0,0.0,0.0,-0.00033024976932520946
2026-08-24T01:14:40.212121,7.8100000000000005,0.061143598651771554,0.0007574563133320413,0.0,0.022717063345160327,0.0,0.0,0.011358287434977654,0.9999354925726681,0.3586763584064269,4.374985778827276e-05,0.0,0.0,0.0,-8.445338484664762e-05
2026-08-24T01:14:40.240606,7.83,0.06827407403405791,0.0009383699332090878,0.0,0.025353504795475164,0.0,0.0,0.012676412874672107,0.9999196510503385,0.3586557073292864,4.853176153470278e-05,0.0,0.0,0.0,0.00016675723883958663
2026-08-24T01:14:40.266584,7.85,0.075404080043748,0.0011380268081964402,0.0,0.027983009055206228,0.0,0.0,0.013991048030789231,0.9999021204973015,0.3586319161190456,5.322778972730125e-05,0.0,0.0,0.0,-0.0005410150010705916
2026-08-24T01:14:40.292993,7.87,0.08253355726523891,0.0013560833649011517,0.0,0.030553706378963597,0.0,0.0,0.015276258972037658,0.9998833111477655,0.35860740397429847,5.7798654686241754e-05,0.0,0.0,0.0,-0.0001194169124453829
2026-08-24T01:14:40.318689,7.89,0.0896624707423633,0.0015919675893734748,0.0,0.03306533366093989,0.0,0.0,0.01653191369768081,0.999863338576574,0.3585828938779413,6.20910662551301e-05,0.0,0.0,0.0,7.529824251333858e-05
2026-08-24T01:14:40.349720,7.91,0.09679077544299765,0.001845644692929048,0.0,0.035559471431879874,0.0,0.0,0.017778798978693975,0.9998419446626927,0.35855859998295314,6.628445746477008e-05,0.0,0.0,0.0,-0.00028679303832656114
2026-08-24T01:14:40.377080,7.93,0.10391843223520045,0.0021169594189950408,0.0,0.03803592582823389,0.0,0.0,0.01901681652280969,0.9998191639938383,0.35853458382771747,7.03717607461881e-05,0.0,0.0,0.0,-5.386360959640132e-05
2026-08-24T01:14:40.408511,7.95,0.1110454034190673,0.0024057583336374744,0.0,0.040492714165544896,0.0,0.0,0.020244973896962195,0.9997950495136048,0.35851086120018294,7.432318327959314e-05,0.0,0.0,0.0,-0.000431798330807826
2026-08-24T01:14:40.433797,7.97,0.1181716495616943,0.0027119593482372944,0.0,0.04292491824605138,0.0,0.0,0.02146081142663617,0.9997696902651682,0.35848743419668955,7.820148106662183e-05,0.0,0.0,0.0,-0.00013226156771652673
2026-08-24T01:14:40.460453,7.99,0.12529713984379273,0.003035300865998996,0.0,0.04533806021495801,0.0,0.0,0.022667088611888344,0.9997430685400428,0.35846430083919956,8.194579680595388e-05,0.0,0.0,0.0,0.0001194243189073134
2026-08-24T01:14:40.489189,8.0,0.1288505085668753,0.0032042479329842466,0.0,0.04772968470709627,0.0,0.0,0.023862577124657572,0.999715248164681,0.35664682995762603,8.529011696733765e-05,0.0,0.0,0.0,-9.976574908920885e-06
2026-08-24T01:14:40.516705,8.03,0.13954570700916133,0.003733015287262367,0.0,0.0501019871966948,0.0,0.0,0.025048373545867152,0.9996862402687688,0.3584189020669793,8.913568589447291e-05,0.0,0.0,0.0,0.00010806129998422735
2026-08-24T01:14:40.545321,8.05,0.146668714489198,0.004107157049856106,0.0,0.052467626659364885,0.0,0.0,0.026230804358163076,0.9996559132535173,0.3583966296022176,9.260343139044605e-05,0.0,0.0,0.0,-0.00020131484538090684
2026-08-24T01:14:40.575101,8.07,0.15379083806440513,0.004497786790543354,0.0,0.05477255674156646,0.0,0.0,0.027382855176736394,0.9996250193159282,0.3583746370198342,9.596255288904667e-05,0.0,0.0,0.0,0.000479515861822071
2026-08-24T01:14:40.598874,8.09,0.16091206989042028,0.004904368694715495,0.0,0.057022748504724774,0.0,0.0,0.02850751160065085,0.999593578301871,0.35835292080853537,9.907901690039386e-05,0.0,0.0,0.0,1.061397847606504e-05
2026-08-24T01:14:40.628724,8.11,0.16803237620800332,0.005326870263727179,0.0,0.059261788505967423,0.0,0.0,0.029626558505706672,0.9995610371713715,0.358331477498112,0.00010210386382823562,0.0,0.0,0.0,0.00010244092171187691
2026-08-24T01:14:40.654045,8.12,0.17158376102925443,0.005544489378598391,0.0,0.06147779746250138,0.0,0.0,0.030734058198707098,0.9995275972511407,0.3566468294740464,0.00010467675488323504,0.0,0.0,0.0,-0.0002442467177928074
2026-08-24T01:14:40.680130,8.15,0.18227010041826153,0.006219141199577461,0.0,0.0636785630585166,0.0,0.0,0.03183390234384903,0.9994931728939234,0.358289395912384,0.00010789180443244031,0.0,0.0,0.0,-0.000331187038488301
2026-08-24T01:14:40.709252,8.17,0.18938741107744023,0.006689472067050244,0.0,0.06601574410578825,0.0,0.0,0.03300187859204773,0.9994552896500152,0.35826875090979987,0.00011064959754582836,0.0,0.0,0.0,-3.8141887020947165e-05
2026-08-24T01:14:40.735163,8.19,0.19650351912800476,0.007177687661005649,0.0,0.06849111317762625,0.0,0.0,0.03423886335539296,0.9994136782314572,0.3582483653527069,0.00011395143515596764,0.0,0.0,0.0,-0.00010761838455735858
2026-08-24T01:14:40.765545,8.21,0.2036183990327429,0.007683503141402284,0.0,0.07096941242905032,0.0,0.0,0.035477259837030053,0.9993704838719502,0.3582282359819891,0.00011719690765827895,0.0,0.0,0.0,0.0004275557906851474
2026-08-24T01:14:40.793017,8.23,0.2107320163681343,0.008206791210655475,0.0,0.07341688983722384,0.0,0.0,0.03670020130838521,0.9993263206900557,0.358208359579402,0.00012036645088797711,0.0,0.0,0.0,-0.00010569194719584165
2026-08-24T01:14:40.821497,8.25,0.21784433942150375,0.008747400678209859,0.0,0.07585954961779207,0.0,0.0,0.03792068073870038,0.9992807523275496,0.35818873296708503,0.0001234204557653443,0.0,0.0,0.0,0.0003272042547170121
2026-08-24T01:14:40.853012,8.27,0.22495532888541359,0.009305292429653665,0.0,0.07828338927430067,0.0,0.0,0.039131700751994354,0.9992340616673635,0.3581693530070497,0.00012642172875853782,0.0,0.0,0.0,0.0005150929651152658
2026-08-24T01:14:40.879748,8.29,0.23206495622957357,0.009880295944931233,0.0,0.08068978783582725,0.0,0.0,0.04033394984096611,0.9991862551547767,0.3581502166006898,0.000129331612552363,0.0,0.0,0.0,0.00016296801372771887
2026-08-24T01:14:40.908703,8.31,0.23917318906768495,0.010472302407152826,0.0,0.08308262228034247,0.0,0.0,0.041529364332390344,0.9991372838094611,0.35813132068827574,0.00013215173727279013,0.0,0.0,0.0,0.0001272526590458937
2026-08-24T01:14:40.940763,8.34,0.24982554537150675,0.011391933356769647,0.0,0.08780534112603178,0.0,0.0,0.04388856859543139,0.9990364325421992,0.3566468286091136,0.00013703787113943805,0.0,0.0,0.0,2.9108597239440605e-05
2026-08-24T01:14:40.964405,8.35,0.25338536294940234,0.011706688045790732,0.0,0.08780510124436702,0.0,0.0,0.04388844877016978,0.9990364378062234,0.35809423829790843,0.00013748504568352412,0.0,0.0,0.0,-8.26831801169745e-05
2026-08-24T01:14:40.995124,8.37,0.26048923791882667,0.01234891260144539,0.0,0.09014827710700503,0.0,0.0,0.04505887741484581,0.9989843329933227,0.3580760458905776,0.0001400527004785585,0.0,0.0,0.0,-8.751864061309577e-05
2026-08-24T01:14:41.020168,8.39,0.26759158864395305,0.01300779121960576,0.0,0.09249905139563008,0.0,0.0,0.046233039361647806,0.9989306813144665,0.3580580821175044,0.00014254196851466524,0.0,0.0,0.0,0.00032476294103024866
2026-08-24T01:14:41.048495,8.41,0.27469235571370326,0.013683535096278903,0.0,0.09487857570923494,0.0,0.0,0.04742149628093787,0.9988749679967344,0.35804034410621016,0.00014504578211609073,0.0,0.0,0.0,0.00015659527275098964
2026-08-24T01:14:41.077087,8.42,0.27823517044729,0.014027792219072884,0.0,0.0972747954631603,0.0,0.0,0.048618223923627774,0.9988174349211731,0.35664682832322075,0.00014706601610830006,0.0,0.0,0.0,0.00025531475440797877
2026-08-24T01:14:41.102785,8.45,0.2888889111077649,0.015086282611449656,0.0,0.09970158592104414,0.0,0.0,0.04983014814536329,0.9987577065213621,0.3580055340588722,0.00015002540838013489,0.0,0.0,0.0,-0.0002653586560064764
2026-08-24T01:14:41.132444,8.47,0.29598459079792055,0.0158135370214744,0.0,0.10213063710140881,0.0,0.0,0.051043127888576886,0.9986964499262778,0.35798845645634936,0.00015251803104531143,0.0,0.0,0.0,0.00018060694806862755
2026-08-24T01:14:41.158949,8.49,0.3030784573666368,0.016558278650319013,0.0,0.10460693886295892,0.0,0.0,0.05227962533673945,0.9986324853391513,0.35797159348456203,0.00015494985661249324,0.0,0.0,0.0,0.0001674873855271729
2026-08-24T01:14:41.191858,8.51,0.3101704021705964,0.0173211150598669,0.0,0.10714505992454892,0.0,0.0,0.053546907969933756,0.9985653351918738,0.35795494243844883,0.00015757957517809306,0.0,0.0,0.0,0.0001289785142545102
2026-08-24T01:14:41.218017,8.53,0.3172603944539984,0.018101899236597947,0.0,0.10967471501743196,0.0,0.0,0.054809877744183076,0.9984968088590307,0.35793850066361077,0.00016015661834612317,0.0,0.0,0.0,-9.460205400093911e-05
2026-08-24T01:14:41.248061,8.55,0.32434840231030343,0.018900505877901874,0.0,0.1121901717167959,0.0,0.0,0.056065671805319045,0.9984270831888618,0.3579222655278733,0.00016264910277701407,0.0,0.0,0.0,-0.00029153943452919794
2026-08-24T01:14:41.279058,8.57,0.33143441807955465,0.01971660758937489,0.0,0.11464564715914795,0.0,0.0,0.05729143583423548,0.9983574967816147,0.35790623443487624,0.00016505578620679354,0.0,0.0,0.0,2.1334539718141675e-05
2026-08-24T01:14:41.305401,8.58,0.33497041537031147,0.020130786205498373,0.0,0.11705936778672221,0.0,0.0,0.058496271860764996,0.9982876269785134,0.35664682779301243,0.00016671577197624498,0.0,0.0,0.0,7.446111511425146e-06
2026-08-24T01:14:41.333079,8.61,0.3456004717071226,0.021399838728287282,0.0,0.11946132246781938,0.0,0.0,0.0596951502059628,0.9982166543601081,0.35787477415423585,0.00016935228050481282,0.0,0.0,0.0,0.000355538501198626
2026-08-24T01:14:41.359922,8.63,0.35268043954003025,0.02226686486421742,0.0,0.1218478542497361,0.0,0.0,0.06088624530925945,0.9981447115183953,0.3578593399352216,0.0001714128979019261,0.0,0.0,0.0,-3.5419972790659584e-05
2026-08-24T01:14:41.386985,8.65,0.3597583353050777,0.023150653958433593,0.0,0.12421701215667103,0.0,0.0,0.06206858353189836,0.9980718866586433,0.35784409969541486,0.00017338864040822766,0.0,0.0,0.0,-0.00012142238000975923
2026-08-24T01:14:41.418697,8.67,0.3668341707053478,0.024050797318596107,0.0,0.126512723985214,0.0,0.0,0.06321418510834294,0.9979999833672785,0.357829050997412,0.0001752804658159282,0.0,0.0,0.0,6.04239805286028e-06
2026-08-24T01:14:41.443564,8.69,0.37390798728085695,0.024966676002905017,0.0,0.12875441712645985,0.0,0.0,0.06433275002507277,0.9979285030873762,0.3578141914344129,0.00017689526375954501,0.0,0.0,0.0,0.00011469180755828542
2026-08-24T01:14:41.473511,8.71,0.3809797421905141,0.025898346601419833,0.0,0.13098040615133222,0.0,0.0,0.06544339889718927,0.9978562830091232,0.3577995186298392,0.0001784741636852636,0.0,0.0,0.0,-2.070445985017478e-05
2026-08-24T01:14:41.506565,8.73,0.3880494187434713,0.02684566565406524,0.0,0.13319617349954216,0.0,0.0,0.06654886719327295,0.9977831669632897,0.35778503023694774,0.00017999037918670392,0.0,0.0,0.0,-0.0002689643698381277
2026-08-24T01:14:41.534532,8.75,0.39511699876982376,0.02780850766674528,0.0,0.1353989922440304,0.0,0.0,0.06764779433734232,0.9977092642254519,0.3577707239384899,0.00018142833372846188,0.0,0.0,0.0,-2.3580845594968437e-05
2026-08-24T01:14:41.563720,8.77,0.40218226804305773,0.028788166273012512,0.0,0.13783447858145068,0.0,0.0,0.0688626975205386,0.9976261468557222,0.3577565974462817,0.00018278866510681912,0.0,0.0,0.0,-2.3970744139033273e-06
2026-08-24T01:14:41.591394,8.79,0.40924480089906673,0.029787374410075118,0.0,0.14054044137995225,0.0,0.0,0.07021240370024097,0.9975320638288447,0.3577426485008786,0.00018522604576394142,0.0,0.0,0.0,7.415772549115814e-05
2026-08-24T01:14:41.619795,8.81,0.41630462331297063,0.030805562014748933,0.0,0.14322673734728442,0.0,0.0,0.07155217314435017,0.9974368584117598,0.3577288748712611,0.00018758088292881235,0.0,0.0,0.0,-6.20741802354332e-05
2026-08-24T01:14:41.651329,8.83,0.4233616972987385,0.03184263310050818,0.0,0.14590242800243122,0.0,0.0,0.07288652495375503,0.9973402400786633,0.3577152743543928,0.0001898664207654263,0.0,0.0,0.0,9.040558558320481e-07
2026-08-24T01:14:41.680408,8.85,0.43041598846029705,0.03289847251961764,0.0,0.1485632417737062,0.0,0.0,0.07421332838113011,0.9972423887353539,0.3577018447749136,0.0001920784757579865,0.0,0.0,0.0,-8.814696506980282e-05
2026-08-24T01:14:41.707592,8.870000000000001,0.43746752578587317,0.03397255519124838,0.0,0.1511328672524157,0.0,0.0,0.0754945365003074,0.9971462154361334,0.3576885839876769,0.0001942091537049723,0.0,0.0,0.0,-0.00046163118321552424
2026-08-24T01:14:41.732752,8.89,0.4445163966695857,0.03506400291842902,0.0,0.15361581554641027,0.0,0.0,0.07673240925127843,0.9970517225151834,0.3576754898629464,0.00019593725469644447,0.0,0.0,0.0,0.0003098285583848525
2026-08-24T01:14:41.760251,8.91,0.4515625421587597,0.03617291402928107,0.0,0.15609037414377006,0.0,0.0,0.07796598165922383,0.9969560199446682,0.35766256031496196,0.00019764925523572832,0.0,0.0,0.0,-0.00010174240806817214
2026-08-24T01:14:41.791555,8.93,0.45860594106780744,0.037299143383550136,0.0,0.1585529843168496,0.0,0.0,0.07919347926487133,0.996859264310627,0.3576497932727267,0.0001992829888042848,0.0,0.0,0.0,1.4824476559829175e-05
2026-08-24T01:14:41.816356,8.95,0.46564657005314014,0.03844256578614715,0.0,0.1609957268146145,0.0,0.0,0.0804109551384342,0.9967617961648233,0.3576371866940876,0.00020084063500838234,0.0,0.0,0.0,0.0004186472374122779
2026-08-24T01:14:41.846185,8.97,0.47268437913629036,0.0396032227799716,0.0,0.16344721528943837,0.0,0.0,0.08163266945354379,0.9966624841328625,0.357624738562565,0.0002023364619046475,0.0,0.0,0.0,-3.941114292312846e-05
2026-08-24T01:14:41.872345,8.99,0.4797192907094451,0.040781319714369726,0.0,0.16591814220263948,0.0,0.0,0.08286394691718894,0.9965608693408071,0.3576124468869894,0.00020389607203867723,0.0,0.0,0.0,7.463979401065634e-05
2026-08-24T01:14:41.903259,9.01,0.4867512913970734,0.041976673100560545,0.0,0.16837371153913458,0.0,0.0,0.08408744630929459,0.9964583791474592,0.3576003097012176,0.00020538876037362583,0.0,0.0,0.0,0.0002749631275775737
2026-08-24T01:14:41.928154,9.03,0.4937803598565143,0.04318915404384487,0.0,0.17080841967925545,0.0,0.0,0.08530042636645693,0.996355276626616,0.35758832506379806,0.00020681351373630805,0.0,0.0,0.0,-0.00025816642144846206
2026-08-24T01:14:41.955695,9.05,0.5008064763016735,0.044418629986745325,0.0,0.17322562694244595,0.0,0.0,0.08650456237885165,0.9962514545473162,0.35757649105766875,0.00020816237269744446,0.0,0.0,0.0,-0.00011829196980481501
2026-08-24T01:14:41.987030,9.07,0.5078296342566433,0.04566489872044175,0.0,0.17561529653819408,0.0,0.0,0.08769485625269088,0.99614738477136,0.35756480578984545,0.00020944891428726167,0.0,0.0,0.0,-0.0002259852414787771
2026-08-24T01:14:42.016212,9.09,0.5148498321432645,0.046927738408579535,0.0,0.1779791275106479,0.0,0.0,0.08887215674767532,0.9960430411157023,0.357553267391124,0.00021060819974272522,0.0,0.0,0.0,7.438452692827593e-05
2026-08-24T01:14:42.042893,9.11,0.5218670305798219,0.04820714397526443,0.0,0.1803402154985068,0.0,0.0,0.09004796717457751,0.9959374295645917,0.3575418740157802,0.0002117506595586333,0.0,0.0,0.0,-1.938502574329651e-05
2026-08-24T01:14:42.075886,9.13,0.5288812183225211,0.04950295743989438,0.0,0.18267363969740738,0.0,0.0,0.09120987787291943,0.9958316916921288,0.3575306238412894,0.00021282930368234185,0.0,0.0,0.0,-0.00010960572247928924
2026-08-24T01:14:42.106920,9.15,0.5358923900120743,0.05081499515675545,0.0,0.18499235032997421,0.0,0.0,0.09236433908236481,0.9957252778080297,0.3575195150680008,0.00021382809878480914,0.0,0.0,0.0,0.00034735958522504425
2026-08-24T01:14:42.133469,9.17,0.5429004179491718,0.05214372521622728,0.0,0.18739802317462972,0.0,0.0,0.09356196660726881,0.9956134583283717,0.3575085459188839,0.0002147739638432479,0.0,0.0,0.0,0.00019666306325017628
2026-08-24T01:14:42.158153,9.19,0.5499050647039015,0.05349017139399758,0.0,0.18990131289850296,0.0,0.0,0.09480804746371244,0.9954955721328541,0.3574977146392244,0.000216117381025845,0.0,0.0,0.0,0.00023960063516965794
2026-08-24T01:14:42.187751,9.21,0.5569063421851527,0.054854032122092014,0.0,0.19238651101194384,0.0,0.0,0.09604497580999354,0.9953769952242506,0.3574870194963715,0.00021739757350181448,0.0,0.0,0.0,-0.00011730996031334108
2026-08-24T01:14:42.212841,9.23,0.5639042275945374,0.05623519509343926,0.0,0.19486398788062248,0.0,0.0,0.09727791354610055,0.9952572569622978,0.3574764587794327,0.0002186146479749322,0.0,0.0,0.0,0.00020338028663907702
2026-08-24T01:14:42.240616,9.25,0.5708987006816179,0.05763353925223255,0.0,0.1973167917337015,0.0,0.0,0.09849842550148684,0.9951372067075616,0.3574660307990019,0.0002197664537311583,0.0,0.0,0.0,-0.0002328458354258041
2026-08-24T01:14:42.267479,9.27,0.5778896823785477,0.059049237964626515,0.0,0.19981402918878954,0.0,0.0,0.0997408953494801,0.9950134440272072,0.3574557338869104,0.00022085302216227592,0.0,0.0,0.0,-0.00015446859303498646
2026-08-24T01:14:42.293894,9.29,0.5848770306360848,0.06048276633894487,0.0,0.20234769423986432,0.0,0.0,0.10100133037125358,0.9948862906198059,0.35744556639593084,0.00022211739434019854,0.0,0.0,0.0,0.00015568655695382468
2026-08-24T01:14:42.322317,9.31,0.5918607457033515,0.06193389400484455,0.0,0.20486892406123441,0.0,0.0,0.10225541827834907,0.9947581763588174,0.3574355266995497,0.0002233300877092272,0.0,0.0,0.0,-1.169856449123946e-05
2026-08-24T01:14:42.348312,9.33,0.5988408087857148,0.06340249037548455,0.0,0.20736838464541127,0.0,0.0,0.10349851752847739,0.9946296078789367,0.35742561319168376,0.00022447208470472975,0.0,0.0,0.0,-3.792565168034798e-05
2026-08-24T01:14:42.373363,9.35,0.6058172031970276,0.06488841942921172,0.0,0.20985171782638634,0.0,0.0,0.10473343578146925,0.994500330532579,0.35741582428642105,0.00022555490272280315,0.0,0.0,0.0,0.00032548046574743536
2026-08-24T01:14:42.402143,9.37,0.6127897870198953,0.06639212990854497,0.0,0.21242919881515038,0.0,0.0,0.10601500130097093,0.9943645304912857,0.35740615841777873,0.0002265810989449495,0.0,0.0,0.0,0.00019706644754139514
2026-08-24T01:14:42.426405,9.39,0.6197582839244625,0.06791467215873616,0.0,0.21510179353295958,0.0,0.0,0.10734367294641063,0.9942219751536243,0.35739661403944495,0.0002280115479137643,0.0,0.0,0.0,0.00010675584705986159
2026-08-24T01:14:42.453966,9.41,0.626722708700445,0.0694557364962045,0.0,0.2177640719895999,0.0,0.0,0.10866702532554097,0.9940782049752918,0.35738718962455257,0.0002293801726273442,0.0,0.0,0.0,0.000280259424735862
2026-08-24T01:14:42.481478,9.43,0.63368303565679,0.07101520694610734,0.0,0.2204055670798466,0.0,0.0,0.10997985651475968,0.9939338162880831,0.357377883665407,0.0002306842655407651,0.0,0.0,0.0,0.00021145787452693927
2026-08-24T01:14:42.514792,9.46,0.6441123148466404,0.07338776870140581,0.0,0.22559302291517463,0.0,0.0,0.11255747757145035,0.993645215478217,0.3566468256670692,0.0002325246646426002,0.0,0.0,0.0,-8.020424304394886e-05
2026-08-24T01:14:42.542324,9.47,0.6475913675103301,0.074188598356762,0.0,0.22559361577193826,0.0,0.0,0.11255777211608875,0.9936451821129425,0.35735962117807407,0.0002331023262510805,0.0,0.0,0.0,0.0001421865491973613
2026-08-24T01:14:42.570555,9.49,0.6545395169881302,0.07580146510872451,0.0,0.2280835399595511,0.0,0.0,0.11379473515459845,0.9935042819490487,0.35735066172827723,0.00023400494423883006,0.0,0.0,0.0,-0.00032301053386501414
2026-08-24T01:14:42.600052,9.51,0.6614836680198565,0.07743146339476177,0.0,0.23054985938760184,0.0,0.0,0.11501979777745727,0.9933631994991725,0.3573418148905327,0.0002348419828974486,0.0,0.0,0.0,-6.809280145564681e-05
2026-08-24T01:14:42.629872,9.53,0.6684238201376146,0.07907840701832425,0.0,0.23299685235722567,0.0,0.0,0.11623508776789393,0.9932217297117447,0.3573330792495225,0.00023557745174966927,0.0,0.0,0.0,-0.00012064872743269318
2026-08-24T01:14:42.653602,9.55,0.6753599310737903,0.08074229030419428,0.0,0.23543529305619693,0.0,0.0,0.1174459572206786,0.9930792753514286,0.35732445340769725,0.00023629602809257266,0.0,0.0,0.0,3.645154035460151e-06
2026-08-24T01:14:42.684699,9.57,0.6822920362717227,0.08242278663325636,0.0,0.23781934709123,0.0,0.0,0.11862965082595067,0.9929385710832835,0.35731593598508526,0.00023696273384907887,0.0,0.0,0.0,-0.00011050039300221903
2026-08-24T01:14:42.711388,9.59,0.6892202134937697,0.08411940578114697,0.0,0.24015514150852724,0.0,0.0,0.11978921984339728,0.9927993467006867,0.3573075256190483,0.00023743422431403015,0.0,0.0,0.0,2.7583117817954662e-05
2026-08-24T01:14:42.738826,9.61,0.6961444407500124,0.08583207628367616,0.0,0.24247424739928733,0.0,0.0,0.12094034245998853,0.9926597773485438,0.3572992209640743,0.00023785476448355433,0.0,0.0,0.0,8.321393929083347e-05
2026-08-24T01:14:42.767561,9.62,0.6996020038468942,0.08669328939364818,0.0,0.24477365825935404,0.0,0.0,0.1220815286139279,0.9925200755507602,0.3566468253921583,0.00023765802514349,0.0,0.0,0.0,0.0001922663192413264
2026-08-24T01:14:42.791617,9.65,0.7099810212837975,0.0893050390240094,0.0,0.24705793812517393,0.0,0.0,0.12321504555330053,0.9923799940291511,0.3572829234895621,0.00023853515686960076,0.0,0.0,0.0,0.00014965090651482832
2026-08-24T01:14:42.819921,9.67,0.7168932563934082,0.09106549029741184,0.0,0.2494020353923707,0.0,0.0,0.12437807827289633,0.992234898421307,0.3572749280626803,0.0002387953371695629,0.0,0.0,0.0,6.204305682247025e-05
2026-08-24T01:14:42.845754,9.69,0.7238011930260637,0.09284273665550538,0.0,0.2518135072278583,0.0,0.0,0.1255743608285223,0.9920842100862749,0.35726703313175034,0.00023934855911780895,0.0,0.0,0.0,-0.00034889832456214473
2026-08-24T01:14:42.875331,9.71,0.7307048625635999,0.09463648881482255,0.0,0.2541993216464431,0.0,0.0,0.126757735606395,0.9919337056799408,0.3572592374337074,0.00023983750082684542,0.0,0.0,0.0,-0.0002558300876065184
2026-08-24T01:14:42.901456,9.73,0.7376042545809628,0.09644662582550614,0.0,0.2565771242489294,0.0,0.0,0.1279369570168504,0.9917823022363671,0.35725153972134277,0.00024026900521405267,0.0,0.0,0.0,-8.321923043913216e-05
2026-08-24T01:14:42.929779,9.74,0.741049501852156,0.09735679116629227,0.0,0.25894704362335785,0.0,0.0,0.129112088968451,0.9916300058399821,0.3566468252034462,0.0002401411878633366,0.0,0.0,0.0,0.00013913668708539332
2026-08-24T01:14:42.959681,9.77,0.7513900474455012,0.10011602505967411,0.0,0.26133968465883145,0.0,0.0,0.13029830361598213,0.9914748368338943,0.3572364333430082,0.00024105512684470336,0.0,0.0,0.0,-3.662735262927833e-05
2026-08-24T01:14:42.983848,9.79,0.7582762823605159,0.10197559370251497,0.0,0.26374512173791986,0.0,0.0,0.13149067425593003,0.9913174075863497,0.35722902226020686,0.00024152433928708873,0.0,0.0,0.0,-0.0003824935843193128
2026-08-24T01:14:43.013543,9.8,0.7617150050388236,0.1029105367223473,0.0,0.2661399210264883,0.0,0.0,0.13267758282008754,0.9911592500789259,0.35664682511431295,0.00024140910052563997,0.0,0.0,0.0,3.4486078056977245e-05
2026-08-24T01:14:43.043526,9.83,0.7720353349272973,0.1057440323894581,0.0,0.2685154498298182,0.0,0.0,0.13385475262718868,0.9910009612503482,0.3572144783818512,0.00024232216829228866,0.0,0.0,0.0,0.00021243175733320422
2026-08-24T01:14:43.070287,9.84,0.7754696603573127,0.10669527313812709,0.0,0.2708796330498346,0.0,0.0,0.13502611275584525,0.9908420403243121,0.35664682505674644,0.00024212994782918116,0.0,0.0,0.0,-0.00014041084546617813
2026-08-24T01:14:43.098231,9.870000000000001,0.7857763496997835,0.10957772704552111,0.0,0.2732808854543407,0.0,0.0,0.13621564606566267,0.9906792103233589,0.35720029781090007,0.00024294961695669424,0.0,0.0,0.0,1.0129434954876475e-05
2026-08-24T01:14:43.128320,9.89,0.7926398079757164,0.11151968469075277,0.0,0.2757323637563216,0.0,0.0,0.13742985772809252,0.990511501298615,0.35719334092778765,0.00024343805030271044,0.0,0.0,0.0,2.672824688178115e-05
2026-08-24T01:14:43.150253,9.9,0.7960672197495088,0.11249592860665082,0.0,0.27816138911054683,0.0,0.0,0.13863274485017468,0.9903438605127546,0.35664682497306827,0.000243346561954821,0.0,0.0,0.0,9.668895750378307e-05
2026-08-24T01:14:43.178062,9.93,0.8063524979574426,0.1154535007263616,0.0,0.2805734927104879,0.0,0.0,0.13982704973130397,0.9901759420241635,0.3571796883821144,0.00024426278482873436,0.0,0.0,0.0,7.956290086351135e-05
2026-08-24T01:14:43.204016,9.95,0.8132017172652852,0.11744510092915147,0.0,0.2829707894626328,0.0,0.0,0.14101382178322988,0.9900076272767233,0.3571729905415583,0.00024460293672774107,0.0,0.0,0.0,-0.0001905734623472372
2026-08-24T01:14:43.232959,9.97,0.8200460293921364,0.11945350120788598,0.0,0.28545160155041194,0.0,0.0,0.14224172443027258,0.9898319513084544,0.3571663768881353,0.0002448832166613086,0.0,0.0,0.0,0.0004903111104439759
2026-08-24T01:14:43.259495,9.99,0.8268851162848616,0.12147962575954865,0.0,0.2880157752114467,0.0,0.0,0.14351065768714194,0.9896487716004118,0.35715984636371434,0.0002455470224060353,0.0,0.0,0.0,0.00022735355120266575
2026-08-24T01:14:43.286665,10.0,0.8303003232510868,0.12249833043725811,0.0,0.2905616807654745,0.0,0.0,0.14477031722604508,0.9894652875418471,0.35664682484045407,0.0002456531393384001,0.0,0.0,0.0,0.00016771477953240907
2026-08-24T01:14:43.313761,10.03,0.8405477339824001,0.12558398269371773,0.0,0.2930938757411025,0.0,0.0,0.1460229603725849,0.9892812011981358,0.3571470305357036,0.0002467045182384093,0.0,0.0,0.0,0.0001582729200541688
2026-08-24T01:14:43.343298,10.05,0.8473712393259974,0.12766198207376062,0.0,0.2956081805692992,0.0,0.0,0.14726652190562348,0.9890968463835179,0.35714074318167727,0.0002472278277628709,0.0,0.0,0.0,-0.0002058684356877872
2026-08-24T01:14:43.373692,10.07,0.8541896427023876,0.12975666291018736,0.0,0.29804507175949624,0.0,0.0,0.14847157298638888,0.9889166759717157,0.3571345348554683,0.0002476515705687073,0.0,0.0,0.0,-0.00017837810713696069
2026-08-24T01:14:43.400210,10.09,0.8610030970377733,0.1318673868275954,0.0,0.3004078311883211,0.0,0.0,0.14963975520711198,0.9887405846133532,0.35712840456379197,0.00024780371813209274,0.0,0.0,0.0,-0.00017914534065891857
2026-08-24T01:14:43.424602,10.11,0.8678115669250046,0.13399413518430656,0.0,0.30276064351552817,0.0,0.0,0.15080281191119635,0.988563863349089,0.35712235132582937,0.00024792763155141246,0.0,0.0,0.0,0.00021704784798515128
2026-08-24T01:14:43.453502,10.13,0.8746150515783931,0.13613677901074153,0.0,0.30509390441300877,0.0,0.0,0.15195599772978652,0.9883872595060831,0.3571163741730966,0.00024801401615680404,0.0,0.0,0.0,0.00026984346425228904
2026-08-24T01:14:43.478365,10.15,0.8814135492345336,0.13829519527897105,0.0,0.30742005617022133,0.0,0.0,0.15310546407197628,0.9882098546722274,0.3571104721492983,0.00024806296560322326,0.0,0.0,0.0,-0.000159071056142486
2026-08-24T01:14:43.503943,10.17,0.8882069717555416,0.14046953325790873,0.0,0.30977176102748905,0.0,0.0,0.15426734691781585,0.9880291421182567,0.3571046443101416,0.0002480461353806781,0.0,0.0,0.0,0.0001873047700857691
2026-08-24T01:14:43.531604,10.19,0.8949951422507977,0.1426602143670983,0.0,0.31216389055544624,0.0,0.0,0.15544898313354838,0.9878439217015742,0.35709888972318155,0.00024822766264176596,0.0,0.0,0.0,-0.00011219080006607689
2026-08-24T01:14:43.558590,10.2,0.8983852423813056,0.14376057343669724,0.0,0.3145421580269976,0.0,0.0,0.15662355148423185,0.9876583736902483,0.35664682459905683,0.00024787461193144104,0.0,0.0,0.0,6.361452344766606e-05
2026-08-24T01:14:43.585426,10.23,0.9085558076564748,0.14708982716710955,0.0,0.3169003894718338,0.0,0.0,0.1577880058532398,0.9874730098634888,0.3570875966346773,0.0002484450638994227,0.0,0.0,0.0,-0.00047798295009799096
2026-08-24T01:14:43.611073,10.25,0.9153283034879094,0.14932850027126895,0.0,0.31924520529787337,0.0,0.0,0.15894561831569962,0.9872873393385737,0.35708205632629314,0.0002484804613258095,0.0,0.0,0.0,0.00016131194275358177
2026-08-24T01:14:43.639347,10.27,0.9220955111164053,0.15158310931263508,0.0,0.3216070635868605,0.0,0.0,0.16011142360545577,0.9870989474368992,0.3570765856561416,0.0002484778168678054,0.0,0.0,0.0,6.554867677039557e-05
2026-08-24T01:14:43.666515,10.29,0.9288572897294042,0.15385394996046597,0.0,0.3239993918680888,0.0,0.0,0.16129204114365944,0.9869067217643783,0.3570711837489666,0.0002486006319322899,0.0,0.0,0.0,-6.637012614418611e-05
2026-08-24T01:14:43.697714,10.31,0.9356136458330157,0.15614087457822826,0.0,0.326375574457495,0.0,0.0,0.16246446231586287,0.9867143956000731,0.3570658497404526,0.00024868840841689655,0.0,0.0,0.0,-0.00045867839430002407
2026-08-24T01:14:43.721512,10.33,0.94236457346141,0.15844377552795164,0.0,0.3287408785010029,0.0,0.0,0.16363128820195588,0.9865215666782802,0.3570605827772002,0.00024873781165499925,0.0,0.0,0.0,-0.00019367441625930916
2026-08-24T01:14:43.752179,10.35,0.9491100673316137,0.1607625453852181,0.0,0.33109588677318597,0.0,0.0,0.16479280771994018,0.9863282062902687,0.3570553820165185,0.00024875682567874455,0.0,0.0,0.0,-3.485851041541669e-05
2026-08-24T01:14:43.780834,10.37,0.955849942261403,0.16309759774084523,0.0,0.33353746057667794,0.0,0.0,0.16599678117887262,0.9861262944665118,0.35705024662628204,0.0002487343732388944,0.0,0.0,0.0,4.728684777034116e-05
2026-08-24T01:14:43.805526,10.39,0.962583813738283,0.16544990879094643,0.0,0.3360695726823928,0.0,0.0,0.16724513897139925,0.9859153429632979,0.35704517578485,0.00024910925081306245,0.0,0.0,0.0,0.00011173966538156042
2026-08-24T01:14:43.833150,10.41,0.9693117085928804,0.16781926054143395,0.0,0.33860223331181283,0.0,0.0,0.16849349902774755,0.9857027649273317,0.3570401686809076,0.00024948322553326806,0.0,0.0,0.0,0.00013307663941167152
2026-08-24T01:14:43.860156,10.43,0.9760336235695767,0.17020552542982528,0.0,0.3411166383803468,0.0,0.0,0.1697325935585286,0.9854901555489508,0.35703522451332853,0.0002498089360962933,0.0,0.0,0.0,3.251038118642894e-05
2026-08-24T01:14:43.887978,10.44,0.9793906143226835,0.17140404610924695,0.0,0.3436074367269662,0.0,0.0,0.17095979023705546,0.9852780065149643,0.35664682434682826,0.0002496391742290662,0.0,0.0,0.0,-0.0002444697247925688
2026-08-24T01:14:43.914171,10.47,0.9894595655808952,0.17502811807150556,0.0,0.34607984182546847,0.0,0.0,0.17217766248012498,0.9850659127910579,0.3570255218330068,0.0002502895484403539,0.0,0.0,0.0,9.376788807148832e-06
2026-08-24T01:14:43.939117,10.49,0.9961635787608193,0.17746422574348178,0.0,0.3485417621947531,0.0,0.0,0.17339010864458812,0.9848532226805261,0.35702076176785136,0.0002504709242830796,0.0,0.0,0.0,0.0002476412878871992
2026-08-24T01:14:43.967559,10.5,0.9995117098150725,0.17868748872085485,0.0,0.35098547851134443,0.0,0.0,0.17459332985975354,0.9846406294524329,0.3566468242895178,0.00025017063128395905,0.0,0.0,0.0,0.00014974254010566605
2026-08-24T01:14:43.994902,10.53,1.0095537077546406,0.18238538672630555,0.0,0.35340164948730074,0.0,0.0,0.1757827322188256,0.9844289873087264,0.3570114203794148,0.0002506954413130974,0.0,0.0,0.0,-8.905869677032758e-05
2026-08-24T01:14:44.022854,10.55,1.0162398608641545,0.1848700962606766,0.0,0.3558051846753578,0.0,0.0,0.17696565985294382,0.9842170264899974,0.3570068375615363,0.0002507046018536538,0.0,0.0,0.0,-0.0001537112444934534
2026-08-24T01:14:44.049194,10.57,1.0229197506293715,0.18737159553169114,0.0,0.35835452678828317,0.0,0.0,0.1782200687044877,0.9839906539754164,0.35700231234710045,0.0002506999368392286,0.0,0.0,0.0,0.00011114080804455768
2026-08-24T01:14:44.074939,10.59,1.0295927819806359,0.1898913355109284,0.0,0.36104468798299644,0.0,0.0,0.1795434538204519,0.9837500435528445,0.3569978440120807,0.0002513164262834659,0.0,0.0,0.0,0.00012829007512480095
2026-08-24T01:14:44.103368,10.61,1.03625903317507,0.1924289595253731,0.0,0.36372318538610626,0.0,0.0,0.1808607783817111,0.9835087080667673,0.3569934318415514,0.00025190173888114546,0.0,0.0,0.0,-3.275559275748273e-05
2026-08-24T01:14:44.130280,10.63,1.0429184940497886,0.1949843508887109,0.0,0.3663895449820709,0.0,0.0,0.18217181120594303,0.9832667141737008,0.35698907512956524,0.00025244440429320774,0.0,0.0,0.0,0.00012973904969052776
2026-08-24T01:14:44.157928,10.65,1.0495711749665353,0.1975573422273489,0.0,0.36903557778434815,0.0,0.0,0.18347252938175335,0.9830248374086291,0.3569847731790699,0.00025294377963417514,0.0,0.0,0.0,-0.00017501859107454265
2026-08-24T01:14:44.186473,10.67,1.056217298977333,0.20014722414268843,0.0,0.37155239838758675,0.0,0.0,0.18470943236419107,0.9827931753912917,0.3569805253017471,0.0002533432294454685,0.0,0.0,0.0,2.385789851842264e-05
2026-08-24T01:14:44.210960,10.69,1.0628572673122385,0.202752847413883,0.0,0.3739446633209509,0.0,0.0,0.1858848507740805,0.9825715354378519,0.35697633081795715,0.00025328653121403866,0.0,0.0,0.0,0.0003222412704651076
2026-08-24T01:14:44.241258,10.71,1.0694910412112,0.20537420184344277,0.0,0.37632108566849265,0.0,0.0,0.18705222175643788,0.9823499714134369,0.35697218905655625,0.0002531568020281531,0.0,0.0,0.0,-0.0001293939259562474
2026-08-24T01:14:44.267589,10.73,1.076118588374813,0.20801126037829762,0.0,0.3786860633403144,0.0,0.0,0.18821370858421974,0.9821280975010207,0.35696809935487533,0.00025301007181607405,0.0,0.0,0.0,-0.00018393466842207725
2026-08-24T01:14:44.295512,10.75,1.082739921787147,0.21066388295153393,0.0,0.38103580433673695,0.0,0.0,0.18936745174836267,0.9819062929925296,0.3569640610585586,0.0002528253485329159,0.0,0.0,0.0,-0.0007393422118826405
2026-08-24T01:14:44.321393,10.77,1.0893549983747126,0.21333207099380172,0.0,0.38339342474715155,0.0,0.0,0.19052480106715336,0.9816823825343519,0.3569600735214775,0.0002525914677079349,0.0,0.0,0.0,3.208084313209065e-05
2026-08-24T01:14:44.348510,10.79,1.095963725310768,0.21601594849667713,0.0,0.3857595429355683,0.0,0.0,0.1916860557345303,0.9814562934929596,0.3569561361056191,0.0002524423831323427,0.0,0.0,0.0,-0.00031860541617732385
2026-08-24T01:14:44.377666,10.81,1.1025661275339809,0.21871534814810073,0.0,0.3881117796538827,0.0,0.0,0.19284023165862643,0.9812301692538032,0.3569522481810025,0.0002522485097287313,0.0,0.0,0.0,-1.9770003966331016e-05
2026-08-24T01:14:44.403849,10.83,1.1091622145403084,0.22143014338997388,0.0,0.3904427295976092,0.0,0.0,0.19398369963312573,0.9810047524230682,0.35694840912556713,0.0002520180248771724,0.0,0.0,0.0,-0.00013716523593335374
2026-08-24T01:14:44.426545,10.85,1.1157519979332244,0.22416020478292997,0.0,0.39275879999139907,0.0,0.0,0.1951196073403689,0.9807794547355385,0.35694461832504365,0.0002517509855985976,0.0,0.0,0.0,0.00048704114205211835
2026-08-24T01:14:44.455742,10.870000000000001,1.1223353289287974,0.22690578942712847,0.0,0.3951356066324109,0.0,0.0,0.19628503084277255,0.9805468814223274,0.3569408751729082,0.00025145717529798356,0.0,0.0,0.0,-0.0002629028958438617
2026-08-24T01:14:44.480969,10.89,1.128911875021324,0.22966758771889134,0.0,0.39758338836969115,0.0,0.0,0.19748496590909173,0.9803059156405641,0.35693717907025246,0.0002514382035088368,0.0,0.0,0.0,3.1282318231490316e-05
2026-08-24T01:14:44.506428,10.91,1.1354816596136936,0.23244543259862624,0.0,0.4000224941058025,0.0,0.0,0.19868035364314318,0.980064343334781,0.35693352942569945,0.00025141674534558264,0.0,0.0,0.0,-0.0001417433250613168
2026-08-24T01:14:44.535452,10.93,1.142044686593368,0.23523920634989529,0.0,0.4024481912438099,0.0,0.0,0.19986887685851965,0.9798226533732081,0.3569299256553026,0.00025135918270839484,0.0,0.0,0.0,-8.529224959998513e-05
2026-08-24T01:14:44.569335,10.95,1.1486009746936579,0.23804875872030384,0.0,0.40485077257095803,0.0,0.0,0.20104578416557822,0.9795818458246599,0.3569263671824507,0.00025126845659739284,0.0,0.0,0.0,6.359966415668134e-05
2026-08-24T01:14:44.600224,10.97,1.1551503800896343,0.24087431850760418,0.0,0.4073160591710492,0.0,0.0,0.2022531061234871,0.9793332839556723,0.35692285343779023,0.00025111431776453873,0.0,0.0,0.0,0.00045684055795565403
2026-08-24T01:14:44.624689,10.99,1.1616925188675018,0.24371666365841677,0.0,0.4098631717555068,0.0,0.0,0.2035001778305512,0.9790749090968137,0.356919383859106,0.000251294454428755,0.0,0.0,0.0,6.0676511585167376e-05
2026-08-24T01:14:44.654790,11.01,1.1682274214790744,0.24657560695911937,0.0,0.4123983679046859,0.0,0.0,0.20474108747532338,0.978816166141233,0.35691595789126934,0.00025145196546507413,0.0,0.0,0.0,-0.00018751315069532952
2026-08-24T01:14:44.679446,11.03,1.174755096371507,0.24945101515066823,0.0,0.4149186801379901,0.0,0.0,0.2059743857639793,0.9785573832990845,0.3569125749861072,0.00025156717858329877,0.0,0.0,0.0,8.720655723215253e-05
2026-08-24T01:14:44.703965,11.05,1.1812755503923111,0.2523427609788689,0.0,0.41742026582933534,0.0,0.0,0.20719819689727767,0.978298986610186,0.3569092346023805,0.0002516480803590024,0.0,0.0,0.0,9.469350008379173e-07
2026-08-24T01:14:44.731661,11.07,1.1877889430620867,0.25525037763372144,0.0,0.41983761030648387,0.0,0.0,0.20838048808879442,0.978047837369868,0.35690593620560207,0.00025168968313165057,0.0,0.0,0.0,0.00010013884793059216
2026-08-24T01:14:44.759072,11.09,1.1942955887848514,0.258173061355233,0.0,0.42217507768087614,0.0,0.0,0.2095234229663467,0.9778036281526395,0.35690267926803154,0.0002514054875970561,0.0,0.0,0.0,-0.00024347272355094746
2026-08-24T01:14:44.786608,11.11,1.2007954746292795,0.2611107484987202,0.0,0.4244832974086234,0.0,0.0,0.21065177598861232,0.9775611639548921,0.35689946326854677,0.0002510639243688791,0.0,0.0,0.0,-0.0002084610276308431
2026-08-24T01:14:44.814131,11.13,1.207288639332061,0.26406326203907104,0.0,0.4267640479903561,0.0,0.0,0.21176642537202772,0.9773203062891681,0.3568962876925816,0.0002506405960851027,0.0,0.0,0.0,-0.0002992656129231193
2026-08-24T01:14:44.838399,11.15,1.213775054738641,0.2670305743591151,0.0,0.4290414605958205,0.0,0.0,0.21287916863041484,0.9770785329558844,0.3568931520320307,0.0002502296394356654,0.0,0.0,0.0,-4.1851727266718706e-05
2026-08-24T01:14:44.867215,11.17,1.2202545153192899,0.2700130428691892,0.0,0.4314086162995357,0.0,0.0,0.21403546776497442,0.9768258895722557,0.35689005578518457,0.0002497902031396356,0.0,0.0,0.0,6.378487558724385e-05
2026-08-24T01:14:44.894386,11.19,1.2267265688211433,0.27301155219344636,0.0,0.4338567701728712,0.0,0.0,0.2152310171574014,0.9765631619375116,0.3568869984566392,0.0002497424418141211,0.0,0.0,0.0,9.689831666818132e-05
2026-08-24T01:14:44.920821,11.21,1.2331912929577793,0.2760258314021034,0.0,0.4362943770471738,0.0,0.0,0.2164210955402249,0.9763001123656438,0.35688397955720214,0.0002496700411479368,0.0,0.0,0.0,3.745244009041403e-05
2026-08-24T01:14:44.950078,11.23,1.2396486912017302,0.27905577328683795,0.0,0.43871788101519865,0.0,0.0,0.2176039699586922,0.9760371469663522,0.3568809986038695,0.0002495653075909382,0.0,0.0,0.0,4.063285705226436e-06
2026-08-24T01:14:44.979849,11.25,1.2460987712261282,0.28210126341956304,0.0,0.4411263121598825,0.0,0.0,0.21877917102861855,0.9757743972476581,0.3568780551196594,0.0002494274732722266,0.0,0.0,0.0,-0.0003390840885150116
2026-08-24T01:14:45.007839,11.27,1.2525414716274668,0.2851623344573169,0.0,0.4435521824638045,0.0,0.0,0.2199625608699983,0.9755083145804101,0.35687514863361947,0.0002492486050500798,0.0,0.0,0.0,1.0519475916192725e-05
2026-08-24T01:14:45.034974,11.29,1.258976658026822,0.28823917117253073,0.0,0.44600011077292884,0.0,0.0,0.22115638301976215,0.9752383576590987,0.356872278680689,0.00024917147309448884,0.0,0.0,0.0,-0.00018533154935741335
2026-08-24T01:14:45.063059,11.31,1.265404384734629,0.2913315618540118,0.0,0.44841221992604485,0.0,0.0,0.2223324125756706,0.9749709217808917,0.35686944480169003,0.0002490380293740356,0.0,0.0,0.0,0.0002747084218371093
2026-08-24T01:14:45.091271,11.33,1.2718246834127462,0.29443934523762183,0.0,0.4508117172395782,0.0,0.0,0.22350197233658187,0.9747034771465924,0.3568666465431845,0.00024885276650342175,0.0,0.0,0.0,-2.726516514620226e-05
2026-08-24T01:14:45.118523,11.35,1.2782375242882358,0.29756248905811467,0.0,0.4532018542351013,0.0,0.0,0.2246666498780322,0.9744356810136735,0.3568638834574426,0.00024866093715032744,0.0,0.0,0.0,1.5249984297589387e-05
2026-08-24T01:14:45.152324,11.37,1.2846429142585647,0.300700886256442,0.0,0.45558832859445797,0.0,0.0,0.22582922254405313,0.9741669067696503,0.35686115510235866,0.00024843617825645364,0.0,0.0,0.0,0.00022741756698095995
2026-08-24T01:14:45.179145,11.39,1.2910408585488249,0.3038544349423408,0.0,0.45794257867677896,0.0,0.0,0.22697578208235683,0.9739004026840231,0.35685846104139746,0.0002481984431808352,0.0,0.0,0.0,0.00016855421142449565
2026-08-24T01:14:45.206178,11.41,1.2974314025592286,0.3070229534472323,0.0,0.4602887808806413,0.0,0.0,0.2281181092776941,0.9736334670806925,0.35685580084700036,0.00024790410584611076,0.0,0.0,0.0,5.27031930439031e-05
2026-08-24T01:14:45.235826,11.42,1.300623131390959,0.3086120102642506,0.0,0.462629580082072,0.0,0.0,0.22925749299655174,0.9733658109389994,0.3566468236350272,0.0002473053696629586,0.0,0.0,0.0,5.659621895083116e-05
2026-08-24T01:14:45.261866,11.45,1.310189963162143,0.3134052020231384,0.0,0.46505914434741813,0.0,0.0,0.23043975094429872,0.9730865949054738,0.35685058033965983,0.0002472563346665964,0.0,0.0,0.0,-8.33906820020088e-05
2026-08-24T01:14:45.290447,11.47,1.3165572722105252,0.3166201589400177,0.0,0.46756393610975694,0.0,0.0,0.23165825954736866,0.9727972300451333,0.3568480191984172,0.00024735539546724304,0.0,0.0,0.0,-0.00010369124425269169
2026-08-24T01:14:45.318056,11.49,1.3229166989146093,0.3198506798663941,0.0,0.47001537002321525,0.0,0.0,0.23285045928954265,0.9725125519028786,0.35684549024951634,0.00024729116317912116,0.0,0.0,0.0,0.00025360941087552535
2026-08-24T01:14:45.347945,11.51,1.3292682636690305,0.3230966312633417,0.0,0.4724398322216472,0.0,0.0,0.2340291978732543,0.9722295688482228,0.3568429930883101,0.0002471719644894739,0.0,0.0,0.0,0.00026598720591737666
2026-08-24T01:14:45.376006,11.53,1.3356119556113486,0.3263579423176482,0.0,0.47486572477141825,0.0,0.0,0.23520828766157834,0.9719449888832743,0.3568405273152388,0.00024702846857836144,0.0,0.0,0.0,0.00011217351296607906
2026-08-24T01:14:45.408952,11.55,1.3419477501713595,0.3296345696930768,0.0,0.47727912478739576,0.0,0.0,0.23638096215649088,0.9716604554729865,0.3568380925357799,0.00024687102330228525,0.0,0.0,0.0,6.124862795282738e-05
2026-08-24T01:14:45.435464,11.57,1.3482756192313772,0.3329264771191705,0.0,0.4796948080811773,0.0,0.0,0.2375544014100092,0.9713742360031649,0.3568356883603513,0.00024667959088156316,0.0,0.0,0.0,0.0003796111532885372
2026-08-24T01:14:45.462918,11.59,1.3545954797721083,0.33623373383164834,0.0,0.4821210034586292,0.0,0.0,0.238732598168356,0.9710853446385577,0.3568333144042797,0.00024654870013167434,0.0,0.0,0.0,0.00015087452439826614
2026-08-24T01:14:45.492964,11.61,1.3609073640879006,0.3395561881354178,0.0,0.48452362499057117,0.0,0.0,0.23989900090379473,0.9707978519575334,0.35683097028773564,0.0002463694249490634,0.0,0.0,0.0,0.00022514324531846988
2026-08-24T01:14:45.517108,11.63,1.3672112893474682,0.3428937193385809,0.0,0.486917812482755,0.0,0.0,0.24106096477190492,0.9705099748396399,0.35682865563563365,0.00024616465383961504,0.0,0.0,0.0,0.00020785854422620105
2026-08-24T01:14:45.543444,11.65,1.3735072750116586,0.3462462041937209,0.0,0.4892891339258943,0.0,0.0,0.24221149061866826,0.9702234762219902,0.35682637007763535,0.0002459160346694022,0.0,0.0,0.0,0.00017088067462930578
2026-08-24T01:14:45.570931,11.67,1.3797951490466154,0.3496138785734949,0.0,0.4917214983057768,0.0,0.0,0.24339127971245147,0.9699281854652617,0.35682411324803603,0.0002456361414570456,0.0,0.0,0.0,-9.218075944530371e-05
2026-08-24T01:14:45.601566,11.69,1.3860745213158592,0.35299737965353567,0.0,0.49422107154453704,0.0,0.0,0.2446032925803361,0.9696232408821781,0.3568218847857249,0.00024563823548829565,0.0,0.0,0.0,-0.00027738851291742093
2026-08-24T01:14:45.629174,11.71,1.3923454553647288,0.3563964948526173,0.0,0.49670742036778487,0.0,0.0,0.24580851405678236,0.9693184071383338,0.35681968433416084,0.000245636060146155,0.0,0.0,0.0,0.0001628852513067264
2026-08-24T01:14:45.655043,11.73,1.3986080017165408,0.35981103909506523,0.0,0.4991724441605427,0.0,0.0,0.24700302352042483,0.9690147090585202,0.3568175115412515,0.0002455611523206321,0.0,0.0,0.0,5.678662714796856e-05
2026-08-24T01:14:45.681237,11.75,1.4048621314858873,0.36324097527170446,0.0,0.5016299815008098,0.0,0.0,0.24819353166467562,0.968710468013955,0.3568153660593402,0.00024548441143142725,0.0,0.0,0.0,2.184191670469418e-05
2026-08-24T01:14:45.709910,11.77,1.411107764843302,0.3666863585840455,0.0,0.5041160624958354,0.0,0.0,0.2493974859486307,0.9684012050810875,0.35681324754514593,0.0002453636771625267,0.0,0.0,0.0,6.890638911660212e-05
2026-08-24T01:14:45.735721,11.79,1.4173446721531424,0.37014751343657637,0.0,0.5066307578914504,0.0,0.0,0.250614905514453,0.968086860325034,0.3568111556597041,0.0002453825714482642,0.0,0.0,0.0,-0.0001614008957138912
2026-08-24T01:14:45.765669,11.81,1.423572863362575,0.37362432835354875,0.0,0.5091456432306338,0.0,0.0,0.2518320207883368,0.9677709611812408,0.3568090900682907,0.0002453993878587283,0.0,0.0,0.0,-5.592095732500016e-05
2026-08-24T01:14:45.792334,11.83,1.4297923560331849,0.3771166800388954,0.0,0.5116422061336997,0.0,0.0,0.25303987481164875,0.9674558500289846,0.35680705044041316,0.00024537601172070704,0.0,0.0,0.0,0.000312125092951073
2026-08-24T01:14:45.818542,11.85,1.4360031641850746,0.3806244532825742,0.0,0.5141226102808591,0.0,0.0,0.25423952065493166,0.9671412855095943,0.3568050364497318,0.0002453254603785107,0.0,0.0,0.0,0.00010761136874131202
2026-08-24T01:14:45.849336,11.870000000000001,1.4422053339220873,0.38414747803873867,0.0,0.5165804757954415,0.0,0.0,0.25542787997658606,0.9668281119881996,0.3568030477739783,0.00024523733912868004,0.0,0.0,0.0,0.0002394071581518003
2026-08-24T01:14:45.872938,11.89,1.4483989431496789,0.3876855310012418,0.0,0.5189992081019318,0.0,0.0,0.2565969420961065,0.9665184992057458,0.3568010840949844,0.00024506304691739413,0.0,0.0,0.0,-8.58203364272249e-05
2026-08-24T01:14:45.903796,11.91,1.4545840017964884,0.3912385107657583,0.0,0.5214132001884284,0.0,0.0,0.2577633389068688,0.966208083756073,0.3567991450985248,0.0002448665014365932,0.0,0.0,0.0,-0.0001847918540065673
2026-08-24T01:14:45.926992,11.93,1.4607605313167134,0.3948062972484963,0.0,0.5238133609231432,0.0,0.0,0.25892268036620114,0.9658980513449553,0.35679723047437994,0.0002446290581467507,0.0,0.0,0.0,-0.00034600106126591196
2026-08-24T01:14:45.953801,11.95,1.4669285540446877,0.3983887704933655,0.0,0.5261870272116398,0.0,0.0,0.2600688575626648,0.9655900731294054,0.35679533991617995,0.0002443451816961168,0.0,0.0,0.0,-7.052461690325946e-05
2026-08-24T01:14:45.981982,11.97,1.4730876205467263,0.4019866194102302,0.0,0.5287243917017702,0.0,0.0,0.26129367491834066,0.9652593513909453,0.3567934731214304,0.00024404644233781773,0.0,0.0,0.0,-0.00013446286535061892
2026-08-24T01:14:46.007652,11.99,1.4792367992950513,0.4056013431311466,0.0,0.531426286944737,0.0,0.0,0.26259745090835374,0.9649054766019493,0.3567916297914238,0.0002444492814626817,0.0,0.0,0.0,0.0002287786397671173
2026-08-24T01:14:46.036387,12.01,1.485376263916417,0.4092325415909993,0.0,0.5341055571446284,0.0,0.0,0.2638898361347394,0.9645528261245107,0.3567898096312394,0.0002448068597562881,0.0,0.0,0.0,-0.00018836010069663673
2026-08-24T01:14:46.063937,12.02,1.4884417837407309,0.41105385380206866,0.0,0.53677214824983,0.0,0.0,0.2651756351916187,0.9642001257522846,0.3566468233724659,0.0002448854901814817,0.0,0.0,0.0,-0.00024733339571042344
2026-08-24T01:14:46.090877,12.05,1.4976261260978994,0.4165438369746255,0.0,0.5394176981335441,0.0,0.0,0.26645082259164005,0.9638485146226239,0.3567862376590726,0.0002453886648729822,0.0,0.0,0.0,0.0005210889264742679
2026-08-24T01:14:46.117402,12.07,1.5037366970425836,0.42022345043955794,0.0,0.5420024114880603,0.0,0.0,0.2676962357974806,0.9635033603158111,0.3567844852755616,0.00024561498955835015,0.0,0.0,0.0,5.556231550674671e-05
2026-08-24T01:14:46.143659,12.09,1.5098379851955746,0.4239184354781858,0.0,0.5445324314570219,0.0,0.0,0.26891486265282877,0.963163951071888,0.3567827549187155,0.00024560185549411817,0.0,0.0,0.0,-0.0003154652296893869
2026-08-24T01:14:46.170284,12.11,1.5159299200478462,0.42762882130633695,0.0,0.5470584050020966,0.0,0.0,0.27013111118160815,0.9628235470592675,0.35678104631167296,0.0002455796601745217,0.0,0.0,0.0,-0.00025622705934096485
2026-08-24T01:14:46.199340,12.13,1.5220125212312607,0.43135448869401005,0.0,0.5495706550802825,0.0,0.0,0.27134032451607437,0.9624834691003848,0.3567793591810594,0.00024552574197096244,0.0,0.0,0.0,0.00023019171101971666
2026-08-24T01:14:46.227493,12.15,1.5280858120817007,0.4350953140318381,0.0,0.5520601697227249,0.0,0.0,0.272538172341266,0.9621449706862695,0.3567776932569179,0.00024544105994621,0.0,0.0,0.0,7.622899406923132e-05
2026-08-24T01:14:46.255051,12.17,1.534149495189376,0.43885169290605275,0.0,0.5546516431523855,0.0,0.0,0.2737846297692028,0.9617910253803269,0.35677604827267556,0.0002453269414808941,0.0,0.0,0.0,-0.00014489929431327884
2026-08-24T01:14:46.283831,12.19,1.5402029476853696,0.4426245372867558,0.0,0.5573376637006994,0.0,0.0,0.275076077700153,0.9614224625403233,0.3567744239651422,0.00024564829965891845,0.0,0.0,0.0,-4.6083277501370663e-05
2026-08-24T01:14:46.310454,12.21,1.546246272596211,0.44641358291738387,0.0,0.5600210774603203,0.0,0.0,0.27636577685270014,0.9610525258197928,0.35677282007442007,0.00024593520973258977,0.0,0.0,0.0,-9.961199547479777e-05
2026-08-24T01:14:46.337781,12.23,1.5522794435754683,0.4502187757098302,0.0,0.5626911035037523,0.0,0.0,0.27764854783034476,0.9606827175960337,0.3567712363438795,0.00024620737589555353,0.0,0.0,0.0,9.542896840540035e-05
2026-08-24T01:14:46.361748,12.25,1.5583024938440226,0.45403996803253555,0.0,0.5653489401563294,0.0,0.0,0.2789249711567835,0.9603128971669533,0.3567696725201441,0.00024644380331336423,0.0,0.0,0.0,-0.00011924796969517621
2026-08-24T01:14:46.391571,12.27,1.5643160141260557,0.45787614107150154,0.0,0.5677907554760816,0.0,0.0,0.2800972163526142,0.9599716398891776,0.35676812835296656,0.00024662208026929517,0.0,0.0,0.0,0.000226916017540382
2026-08-24T01:14:46.413572,12.29,1.570321170444047,0.4617253930272846,0.0,0.5700166423002346,0.0,0.0,0.2811654367742336,0.9596593130708181,0.35676660359528933,0.00024594255331097974,0.0,0.0,0.0,8.224297943823985e-05
2026-08-24T01:14:46.443132,12.32,1.5793127477116666,0.46752331091795796,0.0,0.5744066482365113,0.0,0.0,0.2832712127907177,0.9590398427615382,0.35664682327390246,0.0002442757740726503,0.0,0.0,0.0,9.41893457939123e-05
2026-08-24T01:14:46.467198,12.33,1.5823060131505786,0.46946347307342795,0.0,0.574405977924953,0.0,0.0,0.2832708913629561,0.9590399377014683,0.35676361133560786,0.00024448020465333095,0.0,0.0,0.0,-8.649934196621422e-05
2026-08-24T01:14:46.491649,12.35,1.5882857880050998,0.47335203835901524,0.0,0.5765738226270751,0.0,0.0,0.2843102495777153,0.9587323307289982,0.35676214335484174,0.00024370184143633882,0.0,0.0,0.0,2.7001610741051883e-05
2026-08-24T01:14:46.521056,12.37,1.5942565123156283,0.4772544856662985,0.0,0.5789545101987503,0.0,0.0,0.2854512689581993,0.9583932246474585,0.35676069382590553,0.00024290088821954278,0.0,0.0,0.0,-2.3125351533069506e-07
2026-08-24T01:14:46.549606,12.39,1.6002168584411265,0.48117276705088885,0.0,0.5815531268037226,0.0,0.0,0.2866962759319815,0.9580215265675053,0.3567592625168961,0.00024303331894604937,0.0,0.0,0.0,0.0002591264611116199
2026-08-24T01:14:46.576182,12.41,1.606167031790079,0.4851064794305758,0.0,0.5841476139078569,0.0,0.0,0.2879388215994277,0.957648805677704,0.35675784919879383,0.0002431436978537404,0.0,0.0,0.0,-1.6963719531231573e-05
2026-08-24T01:14:46.603391,12.43,1.6121070092014798,0.48905557118387777,0.0,0.5867296937891192,0.0,0.0,0.2891749441473015,0.9572762671650253,0.3567564536454791,0.0002432389946087538,0.0,0.0,0.0,0.00035794677419733134
2026-08-24T01:14:46.634595,12.45,1.618036842835995,0.493019878383254,0.0,0.5892960006800988,0.0,0.0,0.2904030380899805,0.956904423371587,0.3567550756336396,0.0002433142798833524,0.0,0.0,0.0,0.0001390031389678444
2026-08-24T01:14:46.661347,12.47,1.6239569058813859,0.49699876194752324,0.0,0.5917298525000949,0.0,0.0,0.29156730455859603,0.9565503159334772,0.35675371494280084,0.0002433008962671852,0.0,0.0,0.0,-7.914872687896394e-05
2026-08-24T01:14:46.689733,12.49,1.6298678148687238,0.5009912314518631,0.0,0.5940532890407795,0.0,0.0,0.29267834953912336,0.9562109514699435,0.3567523713552596,0.00024283954390383485,0.0,0.0,0.0,0.0003278413383471517
2026-08-24T01:14:46.717405,12.51,1.635769508287757,0.5049973110538974,0.0,0.5963572061398206,0.0,0.0,0.29377967048288706,0.95587316376754,0.35675104465599916,0.00024235147778371854,0.0,0.0,0.0,0.00014964465392949182
2026-08-24T01:14:46.742331,12.53,1.6416620246403855,0.5090168770999945,0.0,0.598640408050453,0.0,0.0,0.2948707045282218,0.9555371618158187,0.3567497346327727,0.00024182855922512728,0.0,0.0,0.0,-0.00018624146870597553
2026-08-24T01:14:46.769166,12.55,1.6475453992562925,0.5130498120707305,0.0,0.6009137462197094,0.0,0.0,0.295956643356485,0.9552013741893184,0.35674844107595677,0.00024127725295560059,0.0,0.0,0.0,9.751656880136487e-05
2026-08-24T01:14:46.796905,12.57,1.653419746423923,0.5170958852807241,0.0,0.6031385578075552,0.0,0.0,0.29701903156509085,0.9548715593670887,0.3567471637785862,0.00024069878509392514,0.0,0.0,0.0,0.0002051844949585215
2026-08-24T01:14:46.822567,12.59,1.6592852383353434,0.5211547851055298,0.0,0.6053349050389737,0.0,0.0,0.2980674670069364,0.954544805188352,0.35674590253626143,0.00023999239554255017,0.0,0.0,0.0,0.00011282579037799563
2026-08-24T01:14:46.853213,12.61,1.6651418368183453,0.5252265069623464,0.0,0.6075189084634456,0.0,0.0,0.2991096536435421,0.9542187459368215,0.3567446571472024,0.0002392877041916312,0.0,0.0,0.0,0.00013739293818315162
2026-08-24T01:14:46.881246,12.63,1.6709895904447423,0.5293109216577209,0.0,0.6096881107129284,0.0,0.0,0.30014442423548393,0.9538937700815274,0.3567434274121322,0.00023856060432710154,0.0,0.0,0.0,-5.547047292413809e-05
2026-08-24T01:14:46.905907,12.65,1.6768281642621408,0.5334084477834834,0.0,0.6119631689951763,0.0,0.0,0.30122931177317563,0.9535517299699366,0.35674221313427545,0.00023780328734385357,0.0,0.0,0.0,-0.00011728096445502019
2026-08-24T01:14:46.935615,12.67,1.6826565910125997,0.5375203950876649,0.0,0.6144248077754751,0.0,0.0,0.30240273326702377,0.9531802489102642,0.35674101411934916,0.00023753014172221774,0.0,0.0,0.0,0.00011222276615082091
2026-08-24T01:14:46.959547,12.69,1.688474520255472,0.5416471823258523,0.0,0.6169574350316043,0.0,0.0,0.3036095156246833,0.9527965480742178,0.3567398301755023,0.00023756889174294117,0.0,0.0,0.0,0.0001776633338820588
2026-08-24T01:14:46.989496,12.7,1.691379282785433,0.5437156906430569,0.0,0.6194692254581566,0.0,0.0,0.3048058884965898,0.9524144950271413,0.3566468231728979,0.00023741916083564162,0.0,0.0,0.0,0.0002363941996807671
2026-08-24T01:14:47.012460,12.72,1.6971816313808537,0.5478643667406689,0.0,0.621970893288121,0.0,0.0,0.3059969620900357,0.9520324885168937,0.3566468231682094,0.0002373868140397559,0.0,0.0,0.0,4.442392132195734e-05
2026-08-24T01:14:47.041442,12.75,1.705865996979826,0.5541148491693646,0.0,0.6244553158734671,0.0,0.0,0.3071793512038869,0.9516516411975335,0.3567363668879893,0.00023748027516965473,0.0,0.0,0.0,-0.0002036742260970891
2026-08-24T01:14:47.072657,12.77,1.7116424749055728,0.5582994614316734,0.0,0.6269284432651432,0.0,0.0,0.3083558939222042,0.9512710668802233,0.35673524135778906,0.00023738938353676223,0.0,0.0,0.0,0.00010654270436986861
2026-08-24T01:14:47.097938,12.79,1.7174086346795288,0.5624982802162257,0.0,0.629392311704852,0.0,0.0,0.3095275630154561,0.950890470944847,0.3567341299750161,0.0002372684998116822,0.0,0.0,0.0,0.00023566304737098425
2026-08-24T01:14:47.124657,12.81,1.7231644544348739,0.5667112622749484,0.0,0.6318486695440715,0.0,0.0,0.3106951929038337,0.9505095986398294,0.3567330325618072,0.0002371491790568802,0.0,0.0,0.0,-2.961837545350703e-05
2026-08-24T01:14:47.154703,12.83,1.7289099681589395,0.570938288630778,0.0,0.6342892667678175,0.0,0.0,0.3118548668272151,0.9501297501058368,0.3567319489426166,0.00023699711732522765,0.0,0.0,0.0,0.0002340922448321112
2026-08-24T01:14:47.180181,12.85,1.7346452145787299,0.5751792353510261,0.0,0.6367148542156233,0.0,0.0,0.31300694859381356,0.9497508358153678,0.356730878944051,0.00023681841225431925,0.0,0.0,0.0,0.0002812129713909204
2026-08-24T01:14:47.209132,12.870000000000001,1.7403702093292952,0.5794340110634575,0.0,0.6391276181361764,0.0,0.0,0.31415248282251607,0.9493725388573491,0.3567298223948874,0.00023660461864848694,0.0,0.0,0.0,0.00010333234922571863
2026-08-24T01:14:47.232317,12.89,1.7460849741880968,0.5837025172602245,0.0,0.6415300254668894,0.0,0.0,0.3152926456779882,0.9489944929141447,0.35672877912607254,0.00023638820321408922,0.0,0.0,0.0,4.351014897843595e-05
2026-08-24T01:14:47.260930,12.91,1.7517895878648087,0.5879845805023516,0.0,0.6439087762003295,0.0,0.0,0.3164211330762667,0.9486188204662247,0.3567277489706978,0.0002360858747819243,0.0,0.0,0.0,2.6444615539587433e-05
2026-08-24T01:14:47.288130,12.93,1.7574840277070622,0.592280164151177,0.0,0.6462737752319828,0.0,0.0,0.31754265288413225,0.9482439894875725,0.3567267317639226,0.0002357862720644402,0.0,0.0,0.0,5.853002867338281e-05
2026-08-24T01:14:47.312713,12.95,1.763168348972837,0.5965891288246606,0.0,0.6486297457624746,0.0,0.0,0.3186594497543763,0.9478692710929277,0.3567257273429802,0.00023546299774766138,0.0,0.0,0.0,0.0001239734779974999
2026-08-24T01:14:47.339090,12.97,1.7688424578701658,0.6009115324406687,0.0,0.6510010807177613,0.0,0.0,0.31978308327197263,0.9474907807747106,0.3567247355471757,0.00023509767680827623,0.0,0.0,0.0,-0.00012380077057076892
2026-08-24T01:14:47.366098,12.99,1.7745061093857981,0.6052476296375928,0.0,0.6534082489117514,0.0,0.0,0.3209232362112266,0.947105208759678,0.3567237562178043,0.00023488789210499142,0.0,0.0,0.0,-0.00010318623809237105
2026-08-24T01:14:47.392145,13.0,1.7773338654703756,0.6074203560972216,0.0,0.6558013680652741,0.0,0.0,0.32205627400687376,0.9467205270684741,0.3566468231084509,0.0002345218476222897,0.0,0.0,0.0,-0.00012302192209605965
2026-08-24T01:14:47.422478,13.03,1.7858022799668436,0.6139603213446538,0.0,0.6581816983403891,0.0,0.0,0.32318279941198347,0.9463365564978633,0.3567218343335542,0.0002343822265812767,0.0,0.0,0.0,7.726380978970659e-05
2026-08-24T01:14:47.449828,13.05,1.791434886438326,0.6183366707659442,0.0,0.6605352846132964,0.0,0.0,0.3242962177408637,0.9459555820222059,0.3567208914711651,0.0002340847882794271,0.0,0.0,0.0,0.000362988327821166
2026-08-24T01:14:47.481816,13.07,1.7970564480835989,0.6227271980788249,0.0,0.6631175570792284,0.0,0.0,0.3255173046220746,0.9455360830722324,0.356719960460135,0.00023372951520289143,0.0,0.0,0.0,5.940658228699387e-05
2026-08-24T01:14:47.502048,13.09,1.8026652877617007,0.6271339674859395,0.0,0.6659505917632728,0.0,0.0,0.3268563458546813,0.9450740337002836,0.35671904115147673,0.00023441616530691918,0.0,0.0,0.0,-0.00019217660915544946
2026-08-24T01:14:47.533904,13.11,1.80826169627199,0.631556513278452,0.0,0.668763688059351,0.0,0.0,0.32818531422563707,0.9446133598073976,0.356718133398126,0.0002350517330276101,0.0,0.0,0.0,-3.566242163074274e-06
2026-08-24T01:14:47.559611,13.13,1.8138456970625854,0.6359947150501127,0.0,0.6715625427266332,0.0,0.0,0.32950691019110845,0.9441531634943077,0.3567172370548372,0.00023565503038314468,0.0,0.0,0.0,0.00010702852364693341
2026-08-24T01:14:47.584336,13.15,1.8194173247230088,0.6404484399258885,0.0,0.6743442313914799,0.0,0.0,0.33081976113718436,0.9436939576160993,0.35671635197817336,0.00023621810989641194,0.0,0.0,0.0,-0.00018705416808549778
2026-08-24T01:14:47.612503,13.17,1.8249770487104362,0.6449170159213008,0.0,0.6769809224030618,0.0,0.0,0.3320635879765648,0.9432570029107286,0.3567154780265676,0.00023672678893966887,0.0,0.0,0.0,7.615248094592015e-05
2026-08-24T01:14:47.638140,13.19,1.830525774332015,0.649399240850812,0.0,0.6794725134225176,0.0,0.0,0.33323843532896635,0.9428425877205072,0.35671461506014746,0.00023665771912652814,0.0,0.0,0.0,0.0001320339532545861
2026-08-24T01:14:47.668383,13.21,1.8360634455560976,0.6538951161220792,0.0,0.681930992601827,0.0,0.0,0.3343971627061299,0.9424322456145535,0.35671376294083823,0.0002365436485781393,0.0,0.0,0.0,0.00013696279801071756
2026-08-24T01:14:47.694108,13.23,1.8415901514732391,0.658404464043166,0.0,0.6843727923120636,0.0,0.0,0.3355475285868272,0.9420232778754846,0.35671292153232337,0.00023635023121154343,0.0,0.0,0.0,-0.0003633107125816225
2026-08-24T01:14:47.721073,13.25,1.847105634405946,0.6629275321074756,0.0,0.6868691227244477,0.0,0.0,0.3367230675829325,0.941603725437373,0.35671209069992504,0.0002361445574788944,0.0,0.0,0.0,0.00010984170058304292
2026-08-24T01:14:47.747527,13.27,1.8526096824768186,0.667464508663198,0.0,0.6893676677206142,0.0,0.0,0.3378991241564943,0.9411823319071996,0.35671127031071237,0.00023620770897525627,0.0,0.0,0.0,0.00020553989758242093
2026-08-24T01:14:47.772612,13.29,1.8581027911950279,0.6720147235736051,0.0,0.6917915640512651,0.0,0.0,0.33903953992146035,0.940772124571006,0.3567104602334576,0.00023597443508279308,0.0,0.0,0.0,-0.0006146605756535341
2026-08-24T01:14:47.801302,13.31,1.863584877233788,0.6765782126701653,0.0,0.6942080381979023,0.0,0.0,0.3401759679321789,0.9403617978424077,0.3567096603384924,0.00023572794703946977,0.0,0.0,0.0,0.00010437887647091556
2026-08-24T01:14:47.831266,13.33,1.8690559902301167,0.6811548515307891,0.0,0.696605379533931,0.0,0.0,0.34130290738232855,0.9399533634241486,0.35670887049787475,0.0002354667535116483,0.0,0.0,0.0,0.00018476869878568289
2026-08-24T01:14:47.858543,13.35,1.8745161721209955,0.6857445263553681,0.0,0.6989971423658842,0.0,0.0,0.3424267358194662,0.9395445335884965,0.3567080905852083,0.00023518375202990336,0.0,0.0,0.0,-0.00014138264337439094
2026-08-24T01:14:47.886669,13.36,1.8772420797991647,0.6880438589877569,0.0,0.7013770307049141,0.0,0.0,0.34354449866289427,0.9391363998048743,0.3566468230454302,0.00023473969316930354,0.0,0.0,0.0,0.00019144734783747527
2026-08-24T01:14:47.912350,13.39,1.8854036607502584,0.6949628293806085,0.0,0.703758796712763,0.0,0.0,0.3446626563676602,0.9387266126543916,0.35670656004613727,0.0002345532527678814,0.0,0.0,0.0,-7.200517115850413e-05
2026-08-24T01:14:47.938843,13.41,1.8908309711268767,0.6995913286529392,0.0,0.7061278393180436,0.0,0.0,0.34577435598122036,0.9383176939319499,0.3567058091788336,0.00023422994135296208,0.0,0.0,0.0,-0.00022040725228945928
2026-08-24T01:14:47.966528,13.43,1.8962473965651936,0.704232561196622,0.0,0.7084739607598296,0.0,0.0,0.3468748214541665,0.9379114341136588,0.35670506774165517,0.00023386637699865102,0.0,0.0,0.0,-6.40090933611185e-05
2026-08-24T01:14:47.993650,13.45,1.9016529895330028,0.7088864057623915,0.0,0.7108060987800431,0.0,0.0,0.34796825483810634,0.9375063165786792,0.35670433562796344,0.00023347443613679997,0.0,0.0,0.0,0.0003118726876328805
2026-08-24T01:14:48.022085,13.47,1.9070477733568232,0.7135527761547943,0.0,0.7131274284261586,0.0,0.0,0.34905615081539876,0.9371018106790412,0.3567036127166388,0.00023306373415789348,0.0,0.0,0.0,-0.00016683666660878405
2026-08-24T01:14:48.047109,13.49,1.9124317387077425,0.7182316246100067,0.0,0.7154425463728171,0.0,0.0,0.3501406673254149,0.9366971298583727,0.35670289889198487,0.00023262920768472162,0.0,0.0,0.0,-9.912511341983677e-05
2026-08-24T01:14:48.073612,13.5,1.9151196230065257,0.7205753324284463,0.0,0.7177490872757525,0.0,0.0,0.35122069935854167,0.9362927001435485,0.3566468230244715,0.00023210935631463796,0.0,0.0,0.0,0.00017440372790748998
2026-08-24T01:14:48.100724,13.53,1.923167269265896,0.7276264606824759,0.0,0.7200383981722812,0.0,0.0,0.35229220157390034,0.9358900601620974,0.3567014980472798,0.00023175252781562806,0.0,0.0,0.0,0.00016495330796075097
2026-08-24T01:14:48.128041,13.55,1.9285189550040613,0.7323421968541372,0.0,0.7223095111934664,0.0,0.0,0.35335473025815184,0.9354894091352337,0.3567008108031052,0.00023127413860033174,0.0,0.0,0.0,-0.0003811675162870751
2026-08-24T01:14:48.156666,13.57,1.9338592531661378,0.7370708245599764,0.0,0.7247737790133125,0.0,0.0,0.354507109966462,0.9350533187916221,0.35670013219726604,0.0002307548325236403,0.0,0.0,0.0,0.0002906253519317939
2026-08-24T01:14:48.182367,13.59,1.939186703121309,0.7418139239458991,0.0,0.7274351936221573,0.0,0.0,0.35575107800323114,0.9345807458425083,0.35669946212118425,0.0002310982509046173,0.0,0.0,0.0,3.463581952356443e-05
2026-08-24T01:14:48.211112,13.61,1.9445015625939865,0.7465711273201944,0.0,0.7300848505735726,0.0,0.0,0.3569889246241234,0.9341086166478243,0.35669880046768443,0.0002314098359516924,0.0,0.0,0.0,0.00042730853183006636
2026-08-24T01:14:48.238476,13.63,1.9498038590084412,0.7513423292825999,0.0,0.7327220515336332,0.0,0.0,0.358220329987937,0.9336370789462753,0.35669814713086295,0.0002316983706092427,0.0,0.0,0.0,0.00010234434918240479
2026-08-24T01:14:48.265581,13.65,1.9550936289901102,0.756127415407302,0.0,0.7353434584311258,0.0,0.0,0.3594437432757035,0.933166756491009,0.3566975020062098,0.00023194321443141988,0.0,0.0,0.0,0.0001253299956070131
2026-08-24T01:14:48.297672,13.67,1.960371308051459,0.7609258340390498,0.0,0.737842241289095,0.0,0.0,0.3606093529777343,0.9327169423490601,0.35669686499049663,0.00023214908147466658,0.0,0.0,0.0,0.00023548901285172646
2026-08-24T01:14:48.320095,13.69,1.9656377318556588,0.7657366025138057,0.0,0.7402115891509111,0.0,0.0,0.36171406511680304,0.9322890834374696,0.356696235981805,0.00023185597628874136,0.0,0.0,0.0,2.6492926466485848e-05
2026-08-24T01:14:48.347233,13.71,1.970892821424092,0.7705597495244485,0.0,0.7425603114005579,0.0,0.0,0.3628086594975801,0.9318636577276576,0.3566956148794787,0.0002315278204704688,0.0,0.0,0.0,-3.7749056525856214e-05
2026-08-24T01:14:48.373379,13.73,1.9761366593374114,0.7753951272752013,0.0,0.7448900143238065,0.0,0.0,0.36389389585215604,0.9314404074129167,0.35669500158413825,0.00023117466514391418,0.0,0.0,0.0,0.00012086546962360569
2026-08-24T01:14:48.397919,13.75,1.9813693247590813,0.7802425932773076,0.0,0.7472038434735522,0.0,0.0,0.36497124906762446,0.9310187900112532,0.35669439599764485,0.00023075773230490533,0.0,0.0,0.0,-0.0004968433398927178
2026-08-24T01:14:48.425939,13.77,1.9865899537474714,0.7851030195417416,0.0,0.7497417875567081,0.0,0.0,0.3661523917105119,0.9305549022194617,0.3566937980231109,0.00023032899734317942,0.0,0.0,0.0,-0.00013884466727244265
2026-08-24T01:14:48.452813,13.79,1.99179689986111,0.7899781025823899,0.0,0.7524958628711076,0.0,0.0,0.36743345329296895,0.9300498144729687,0.3566932075648406,0.0002308470985457987,0.0,0.0,0.0,1.706560102264287e-05
2026-08-24T01:14:48.484169,13.81,1.9969904855728824,0.7948674164369887,0.0,0.7552276500493766,0.0,0.0,0.36870345922325765,0.9295470720500407,0.3566926245283476,0.00023132253263268227,0.0,0.0,0.0,8.181361593503985e-05
2026-08-24T01:14:48.517360,13.83,2.0021707516762834,0.7997708403094931,0.0,0.7579460217160819,0.0,0.0,0.36996654547724034,0.9290450770698034,0.35669204882039607,0.0002317684026306084,0.0,0.0,0.0,0.00019933956105973652
2026-08-24T01:14:48.545612,13.85,2.007337752948381,0.8046882400754574,0.0,0.760651038540543,0.0,0.0,0.371222747990259,0.9285438446161606,0.35669148034882553,0.00023217473073822948,0.0,0.0,0.0,0.00011752712249421338
2026-08-24T01:14:48.576128,13.870000000000001,2.0124918635481737,0.8096191495079341,0.0,0.7632468382289274,0.0,0.0,0.37242759189267177,0.9280612527182812,0.3566909190227173,0.00023252133195663288,0.0,0.0,0.0,0.00037023817930955516
2026-08-24T01:14:48.603905,13.89,2.017633767105774,0.8145627865961209,0.0,0.7657407991920238,0.0,0.0,0.373584576305547,0.9275961213516392,0.3566903647522257,0.00023247399108193063,0.0,0.0,0.0,0.00021855431471470008
2026-08-24T01:14:48.633228,13.9,2.020200040303909,0.8170391505227562,0.0,0.768217592990049,0.0,0.0,0.37473302170250655,0.9271327641959962,0.35664682297778055,0.00023230614007327331,0.0,0.0,0.0,-0.0002084202668164229
2026-08-24T01:14:48.661163,13.93,2.027880835658869,0.8244881157626168,0.0,0.7706767801582401,0.0,0.0,0.3758727346342429,0.9266712941267664,0.35668927702449665,0.00023227391239447165,0.0,0.0,0.0,0.00041423651174957605
2026-08-24T01:14:48.685576,13.95,2.032986101376813,0.8294695796687741,0.0,0.7731252524651854,0.0,0.0,0.3770069171811406,0.9262104428247246,0.35668874339322637,0.000232128464498061,0.0,0.0,0.0,-0.00024649329509889635
2026-08-24T01:14:48.715807,13.97,2.038079206572597,0.8344634759698173,0.0,0.7755615590482111,0.0,0.0,0.37813490348189716,0.9257505035206497,0.3566882164694515,0.00023192952244146256,0.0,0.0,0.0,0.0003956522463347439
2026-08-24T01:14:48.740062,13.99,2.043160102176513,0.8394697941289163,0.0,0.7780056535168804,0.0,0.0,0.3792659316896334,0.9252877136651034,0.3566876961688865,0.00023177452252220882,0.0,0.0,0.0,-0.00019722306792081928
2026-08-24T01:14:48.770053,14.01,2.0482288430265663,0.844488418264974,0.0,0.7804284457740112,0.0,0.0,0.38038654308696834,0.9248275935753355,0.35668718240827385,0.00023157093358987347,0.0,0.0,0.0,0.00011076855978980654
2026-08-24T01:14:48.800263,14.03,2.0532854832832923,0.8495192344668094,0.0,0.782834030620887,0.0,0.0,0.3814986432868917,0.9243693986552459,0.3566866751054087,0.00023134557470235338,0.0,0.0,0.0,-8.401135184873498e-06
2026-08-24T01:14:48.825564,14.05,2.0583301096698805,0.8545620974865156,0.0,0.7852190426382809,0.0,0.0,0.3826006878288154,0.9239138020794566,0.35668617417912024,0.00023109123202308366,0.0,0.0,0.0,6.484681932243263e-05
2026-08-24T01:14:48.855420,14.07,2.06336272879468,0.8596169433774349,0.0,0.7876099654018645,0.0,0.0,0.38370491744359725,0.9234557576460294,0.3566856795492576,0.00023076632258922454,0.0,0.0,0.0,0.00031745804027881355
2026-08-24T01:14:48.882562,14.09,2.068383156026973,0.8646838985075105,0.0,0.7900060356073115,0.0,0.0,0.38481097422889887,0.9229954030833554,0.3566851911366658,0.00023053636453741983,0.0,0.0,0.0,9.386581900260765e-05
2026-08-24T01:14:48.906036,14.11,2.0733915224585178,0.8697627753543148,0.0,0.792384460167018,0.0,0.0,0.3859083393329951,0.9225371285933428,0.35668470886321685,0.0002302794889428929,0.0,0.0,0.0,5.225961347716609e-05
2026-08-24T01:14:48.933553,14.13,2.0783879225989006,0.8748534246009098,0.0,0.7947409966736023,0.0,0.0,0.3869950674112394,0.9220817847671486,0.3566842326517456,0.00022994501539277224,0.0,0.0,0.0,0.0001919760428816525
2026-08-24T01:14:48.960831,14.15,2.0833723405405458,0.8799558066521487,0.0,0.7970910148347053,0.0,0.0,0.38807825448040995,0.9216264256190999,0.3566837624260359,0.00022962052520660278,0.0,0.0,0.0,-4.982239645194858e-05
2026-08-24T01:14:48.989922,14.17,2.0883446528204623,0.8850699864280657,0.0,0.7994740370515353,0.0,0.0,0.38917610686744036,0.9211633719615119,0.35668329811502275,0.00022925462313304128,0.0,0.0,0.0,-1.7656926073623536e-05
2026-08-24T01:14:49.014858,14.19,2.093304512893184,0.8901962438136294,0.0,0.8018914531548561,0.0,0.0,0.39028923989263564,0.9206922988838501,0.3566828396319055,0.0002290751269289385,0.0,0.0,0.0,0.0001165933009692725
2026-08-24T01:14:49.042397,14.21,2.0982520282625825,0.8953344165125184,0.0,0.8042989751349557,0.0,0.0,0.39139725032578326,0.9202218169753509,0.35668238691584336,0.00022887528002047444,0.0,0.0,0.0,0.0002766865474954952
2026-08-24T01:14:49.070133,14.23,2.1031872435954977,0.900484404563601,0.0,0.8066893032363144,0.0,0.0,0.39249678655901943,0.9197533759333768,0.35668193989020774,0.0002286471820467761,0.0,0.0,0.0,-3.024205773433155e-05
2026-08-24T01:14:49.099289,14.25,2.108110207366335,0.905646105379647,0.0,0.8090665580407813,0.0,0.0,0.3935897531009357,0.9192861938775891,0.3566814984835169,0.00022838644579706375,0.0,0.0,0.0,0.00013681877810363
2026-08-24T01:14:49.127956,14.27,2.113020810012154,0.9108195673561219,0.0,0.8114672325107529,0.0,0.0,0.3946929227401884,0.9188130912970318,0.35668106262509736,0.0002280985345551397,0.0,0.0,0.0,-0.00012898814330155602
2026-08-24T01:14:49.152606,14.29,2.1179187795861174,0.9160049914787873,0.0,0.8138967606578731,0.0,0.0,0.3958087723846908,0.9183329547083259,0.35668063224524243,0.00022795413289888612,0.0,0.0,0.0,4.022757112508949e-05
2026-08-24T01:14:49.183162,14.31,2.1228042221839507,0.9212022195984984,0.0,0.8163087488768987,0.0,0.0,0.3969159884137602,0.9178549439543962,0.3566802072750578,0.00022778045537673875,0.0,0.0,0.0,8.249581087030898e-05
2026-08-24T01:14:49.209696,14.33,2.127677224093399,0.9264111141331686,0.0,0.8186974212260174,0.0,0.0,0.3980119324275374,0.9173802383119539,0.356679787646573,0.00022757930362214842,0.0,0.0,0.0,-0.0001497899016221227
2026-08-24T01:14:49.237102,14.35,2.132537908890168,0.9316315042593726,0.0,0.8210602594761895,0.0,0.0,0.39909546497115983,0.9169093792951699,0.35667937329263694,0.00022730751621980624,0.0,0.0,0.0,1.9018819373635388e-05
2026-08-24T01:14:49.264181,14.37,2.137386420700268,0.9368632022297803,0.0,0.8233842865270176,0.0,0.0,0.4001606563873315,0.916445006031273,0.35667896414695077,0.00022701014418122665,0.0,0.0,0.0,-0.00025616362775469193
2026-08-24T01:14:49.293990,14.39,2.1422230107436535,0.9421059235140575,0.0,0.8256673957346302,0.0,0.0,0.4012065674418487,0.9159876037597503,0.35667856014405075,0.0002265740824689376,0.0,0.0,0.0,0.00017496667495654715
2026-08-24T01:14:49.321589,14.41,2.147047746065204,0.9473595564718803,0.0,0.8279242913495084,0.0,0.0,0.40223995597849815,0.9155342799777711,0.3566781612192921,0.00022611607353006545,0.0,0.0,0.0,-0.0002705952369048473
2026-08-24T01:14:49.351512,14.43,2.151860727175092,0.9526239598418289,0.0,0.8301629845056349,0.0,0.0,0.4032645039373016,0.9150834606002898,0.3566777673088452,0.00022558266890502124,0.0,0.0,0.0,0.00016400612242010228
2026-08-24T01:14:49.377318,14.45,2.156661940649679,0.9578990977408676,0.0,0.8323932917228991,0.0,0.0,0.40428471160578416,0.9146331898426975,0.3566773783496718,0.0002250678470318702,0.0,0.0,0.0,-5.859422204326938e-05
2026-08-24T01:14:49.403095,14.47,2.1614507821835303,0.9631854693323846,0.0,0.8347818512416558,0.0,0.0,0.40537675093555836,0.9141497086369006,0.35667699427955013,0.0002245210591605595,0.0,0.0,0.0,0.00012893957392243928
2026-08-24T01:14:49.430770,14.49,2.1662259325393314,0.9684842121049687,0.0,0.8373264658644347,0.0,0.0,0.4065395018747842,0.9136332050748825,0.35667661503699705,0.00022466688201963384,0.0,0.0,0.0,0.0002969839088907277
2026-08-24T01:14:49.460276,14.51,2.1709876805646657,0.9737950022378146,0.0,0.8398464633992568,0.0,0.0,0.4076903555720612,0.9131202406986313,0.3566762405613674,0.00022478623628049177,0.0,0.0,0.0,0.00032789503977809963
2026-08-24T01:14:49.488184,14.53,2.1757360907972183,0.9791177210946619,0.0,0.8423591346865528,0.0,0.0,0.4088372190306485,0.9126073242831692,0.35667587079273394,0.0002248598094263341,0.0,0.0,0.0,0.00013276230138307515
2026-08-24T01:14:49.517247,14.55,2.1804711467040296,0.984452323399769,0.0,0.8448622950659423,0.0,0.0,0.4099790997683946,0.9120949170744769,0.35667550567193124,0.00022492592964602607,0.0,0.0,0.0,7.138892501573055e-05
2026-08-24T01:14:49.551368,14.57,2.185192707014527,0.9897988740317997,0.0,0.8474039360673711,0.0,0.0,0.41113787732066825,0.9115731708602745,0.3566751451405459,0.00022495909223057563,0.0,0.0,0.0,1.1521530835087652e-05
2026-08-24T01:14:49.575401,14.59,2.189900413610244,0.9951576272999992,0.0,0.8499814503813958,0.0,0.0,0.4123123320151756,0.9110425571114709,0.3566747891408608,0.00022516718205074502,0.0,0.0,0.0,5.893439336142901e-05
2026-08-24T01:14:49.605059,14.61,2.19459438862509,1.0005284127660354,0.0,0.8525419495901501,0.0,0.0,0.41347835567190927,0.910513947938665,0.35667443761593765,0.00022533505131464083,0.0,0.0,0.0,4.190704700870925e-06
2026-08-24T01:14:49.632399,14.63,2.199274687477064,1.0059111203203863,0.0,0.8550835206001732,0.0,0.0,0.4146350894254516,0.9099877705865875,0.3566740905095484,0.00022546365026909553,0.0,0.0,0.0,3.435011510073837e-05
2026-08-24T01:14:49.658877,14.65,2.2039413701108197,1.0113056370881206,0.0,0.8576084299648579,0.0,0.0,0.41578357702117597,0.9094635875500876,0.35667374776611827,0.00022555997721769583,0.0,0.0,0.0,5.518270959842711e-05
2026-08-24T01:14:49.692051,14.67,2.2085947794190357,1.0167116079415313,0.0,0.8600521519625108,0.0,0.0,0.41689450446133125,0.9089548790506276,0.3566734093308357,0.0002256228182414889,0.0,0.0,0.0,0.0003221162507400606
2026-08-24T01:14:49.712321,14.69,2.2132355440904425,1.022128437206756,0.0,0.8624069395811153,0.0,0.0,0.4179644131003405,0.9084634001332623,0.3566730751495452,0.00022535806304410484,0.0,0.0,0.0,2.4937195169612793e-05
2026-08-24T01:14:49.743977,14.71,2.217863675953497,1.0275560639253853,0.0,0.8647337443661343,0.0,0.0,0.419021038496685,0.9079765246399047,0.35667274516876923,0.000225052442560535,0.0,0.0,0.0,-0.000388046906413627
2026-08-24T01:14:49.770133,14.73,2.222479317604068,1.0329943162454298,0.0,0.867037056167713,0.0,0.0,0.42006643691177464,0.9074933545653356,0.3566724193357094,0.00022466984690878796,0.0,0.0,0.0,-0.0003100478089539193
2026-08-24T01:14:49.795467,14.75,2.2270824898097135,1.0384431272951595,0.0,0.8693267760635379,0.0,0.0,0.4211051141880407,0.9070118427036535,0.35667209759822993,0.00022425467165855395,0.0,0.0,0.0,-3.467605380879656e-05
2026-08-24T01:14:49.825586,14.77,2.2316725377088993,1.0439029985590866,0.0,0.8717706840228806,0.0,0.0,0.4222131262519768,0.9064965945995231,0.3566717799048449,0.0002238579375309262,0.0,0.0,0.0,-4.891614466698834e-05
2026-08-24T01:14:49.852204,14.79,2.236248216821926,1.049374917988715,0.0,0.874362236197328,0.0,0.0,0.42338738807830506,0.905948740059961,0.35667146620903734,0.00022410027196296457,0.0,0.0,0.0,2.6139871372345537e-05
2026-08-24T01:14:49.880157,14.81,2.240809786516126,1.054858605022423,0.0,0.8769352432377078,0.0,0.0,0.42455254362765604,0.905403301131207,0.3566711564476439,0.00022430687934162734,0.0,0.0,0.0,-0.00016110934922060924
2026-08-24T01:14:49.907718,14.82,2.243085184683607,1.057604763498222,0.0,0.8794980324899919,0.0,0.0,0.4257123736830332,0.9048585386087471,0.3566468228948964,0.00022445026889435376,0.0,0.0,0.0,-1.8095785774396161e-06
2026-08-24T01:14:49.936730,14.85,2.2498907841862104,1.0658608828524376,0.0,0.8820406306672199,0.0,0.0,0.4268623751902109,0.904316599785148,0.3566705485651142,0.00022462506647061135,0.0,0.0,0.0,-5.561747773470395e-05
2026-08-24T01:14:49.966867,14.86,2.2521523212244032,1.0686184714357891,0.0,0.8844969605290275,0.0,0.0,0.4279727029080499,0.9037916604868502,0.3566468228923622,0.00022470709890627514,0.0,0.0,0.0,-0.0003333257773041289
2026-08-24T01:14:49.993231,14.89,2.2589176171679894,1.0769076458399514,0.0,0.8868510068207575,0.0,0.0,0.4290361899127347,0.9032873007770915,0.3566699558682138,0.00022449600085038454,0.0,0.0,0.0,0.00023667197610016474
2026-08-24T01:14:50.025011,14.91,2.263411644729047,1.0824468204641573,0.0,0.8891935535784343,0.0,0.0,0.4300938917463349,0.9027841626227677,0.35666966509542375,0.00022420961871037084,0.0,0.0,0.0,-1.3557779937947321e-05
2026-08-24T01:14:50.053060,14.93,2.267892794178336,1.0879964185651891,0.0,0.8915105462077556,0.0,0.0,0.43113947502029853,0.902285294726242,0.3566693779775486,0.00022388523783521179,0.0,0.0,0.0,1.879275674600278e-05
2026-08-24T01:14:50.079709,14.95,2.2723611401069848,1.0935563308124487,0.0,0.893821290468054,0.0,0.0,0.43218166231061284,0.9017865660800428,0.3566690944686027,0.0002235357917944793,0.0,0.0,0.0,-0.000310221190486722
2026-08-24T01:14:50.109491,14.97,2.2768164075917183,1.0991267284697754,0.0,0.8961907053680607,0.0,0.0,0.4332497120335443,0.9012739245217577,0.356668814523257,0.00022314740285170722,0.0,0.0,0.0,0.00021890443164781305
2026-08-24T01:14:50.132926,14.99,2.281258010336322,1.1047080282351478,0.0,0.8986177131869679,0.0,0.0,0.43434309219607714,0.9007475108272851,0.35666853810105686,0.0002230675764461915,0.0,0.0,0.0,-3.7080273033452256e-05
2026-08-24T01:14:50.161479,15.01,2.2856861221512976,1.1103000375172347,0.0,0.901032664771396,0.0,0.0,0.43543040611040873,0.9002223955415265,0.35666826514466865,0.00022295806117134345,0.0,0.0,0.0,-0.00021839001311820222
2026-08-24T01:14:50.189862,15.03,2.2901008098929974,1.1159026506807974,0.0,0.9034341233768064,0.0,0.0,0.43651101536890674,0.8996989126711258,0.3566679956235488,0.0002228120113526885,0.0,0.0,0.0,-0.00011050750862785734
2026-08-24T01:14:50.215933,15.06,2.2966963886462395,1.1243272092309569,0.0,0.9085307276573545,0.0,0.0,0.4388023002358507,0.8985836306698038,0.356646822880597,0.0002228774811291277,0.0,0.0,0.0,9.260552898955008e-05
2026-08-24T01:14:50.242480,15.07,2.2988877338417897,1.127141182062207,0.0,0.9085302289061561,0.0,0.0,0.43880207615100564,0.8985837400963624,0.3566674667019981,0.0002229030844972408,0.0,0.0,0.0,4.452395674908013e-05
2026-08-24T01:14:50.270141,15.09,2.303259189626799,1.132777592289081,0.0,0.9111271349920822,0.0,0.0,0.43996847470905553,0.8980132188682899,0.35666720721693135,0.0002231684843482606,0.0,0.0,0.0,0.0003686274396371349
2026-08-24T01:14:50.301524,15.11,2.307616126769147,1.1384252329217264,0.0,0.9136979711080926,0.0,0.0,0.44112243331922146,0.8974469337083553,0.3566669509934978,0.0002234027926841644,0.0,0.0,0.0,0.00029311995191579467
2026-08-24T01:14:50.325134,15.13,2.311958644444126,1.1440839682476434,0.0,0.9162487192213016,0.0,0.0,0.44226665478516947,0.8968836078695696,0.35666669799066497,0.0002235597522951713,0.0,0.0,0.0,0.00018645417933925613
2026-08-24T01:14:50.355073,15.15,2.3162867090947157,1.1497537655988976,0.0,0.9187991077740455,0.0,0.0,0.4434099957291553,0.8963189028953202,0.3566664481508603,0.00022372884124973735,0.0,0.0,0.0,0.0002683880924200856
2026-08-24T01:14:50.387570,15.17,2.320600436601135,1.155434478640004,0.0,0.9213241339126075,0.0,0.0,0.4445412563734324,0.8957583777905347,0.35666620146831823,0.00022385995325579995,0.0,0.0,0.0,0.0002097550575772739
2026-08-24T01:14:50.411455,15.19,2.324900003815156,1.161125916687623,0.0,0.923813254383746,0.0,0.0,0.4456557370616711,0.8952044258291056,0.35666595788647015,0.00022391433954581215,0.0,0.0,0.0,6.860675223567818e-05
2026-08-24T01:14:50.441183,15.2,2.3270444850861955,1.1639755145459656,0.0,0.9262892782752595,0.0,0.0,0.4467636690292953,0.894652012815867,0.3566468228560937,0.00022386978334173766,0.0,0.0,0.0,-0.00014676112215584748
2026-08-24T01:14:50.469137,15.23,2.333456917281566,1.172540552101278,0.0,0.9287572321167401,0.0,0.0,0.4478673085417704,0.8941000357563748,0.35666547986943586,0.0002238781778784234,0.0,0.0,0.0,0.000124086420698411
2026-08-24T01:14:50.492841,15.25,2.337714375470159,1.1782635578632579,0.0,0.9311903192521348,0.0,0.0,0.44895468850395226,0.8935545241731582,0.35666524535777344,0.00022381728703188623,0.0,0.0,0.0,-0.00013201287595092443
2026-08-24T01:14:50.521608,15.27,2.341958035966468,1.1839968021723797,0.0,0.9336072488536091,0.0,0.0,0.4500341896073322,0.8930113258993257,0.3566650137938216,0.00022368554110341313,0.0,0.0,0.0,0.00012606782512759944
2026-08-24T01:14:50.549324,15.29,2.346187954356812,1.189740192730983,0.0,0.9360022501882198,0.0,0.0,0.45110324833418286,0.892471769493214,0.35666478514051986,0.0002235122823836236,0.0,0.0,0.0,0.00038887413923969897
2026-08-24T01:14:50.578659,15.31,2.350404194198943,1.195493632256952,0.0,0.9383773112307079,0.0,0.0,0.4521627674713575,0.8919354414488995,0.35666455936129965,0.0002233168459993749,0.0,0.0,0.0,2.849579041903108e-05
2026-08-24T01:14:50.601551,15.33,2.3546068350754368,1.2012570127305127,0.0,0.9407425653688001,0.0,0.0,0.45321727802345485,0.8914000779117144,0.3566643364200261,0.0002230886065244308,0.0,0.0,0.0,-8.127563712156296e-05
2026-08-24T01:14:50.625933,15.35,2.358795956348559,1.2070302274176175,0.0,0.9430837416750312,0.0,0.0,0.4542604296395539,0.89086893652416,0.3566641162810192,0.00022281657547574277,0.0,0.0,0.0,-2.5069338906731136e-05
2026-08-24T01:14:50.655846,15.37,2.362971007016175,1.212813625581625,0.0,0.9455598882437286,0.0,0.0,0.4553630422370152,0.89030584619256,0.356663898909068,0.00022251778062331974,0.0,0.0,0.0,2.5150662685197124e-05
2026-08-24T01:14:50.680299,15.39,2.3671308175026247,1.2186079957976883,0.0,0.9481523254785557,0.0,0.0,0.45651669038037795,0.889714848366681,0.3566636842693736,0.00022278746808543823,0.0,0.0,0.0,-8.082759296447595e-05
2026-08-24T01:14:50.707409,15.41,2.3712756814938256,1.2244130669752746,0.0,0.9507290773799034,0.0,0.0,0.4576625983879997,0.8891259449800937,0.35666347232760737,0.00022299674630825214,0.0,0.0,0.0,-9.6223893507078e-07
2026-08-24T01:14:50.737151,15.42,2.373342397892793,1.2273195736140299,0.0,0.9533038135048243,0.0,0.0,0.4588068511710605,0.8885360281488288,0.35664682284535276,0.00022318883798743439,0.0,0.0,0.0,3.484193274429526e-05
2026-08-24T01:14:50.768866,15.45,2.3795206377384464,1.2360550325248585,0.0,0.9558516601900261,0.0,0.0,0.4599384053575599,0.8879508225555878,0.35666305640262724,0.0002233915401386259,0.0,0.0,0.0,-0.0001642945045006852
2026-08-24T01:14:50.794592,15.46,2.381572700142679,1.2389719061537718,0.0,0.9582991784329025,0.0,0.0,0.46102469860612405,0.8873873039857695,0.356646822843559,0.00022346910027181652,0.0,0.0,0.0,0.00012511906082237045
2026-08-24T01:14:50.819839,15.49,2.3877083924635634,1.247737300618376,0.0,0.9606500676955454,0.0,0.0,0.4620674545163197,0.8868447820655027,0.35666265086794274,0.00022323174359770704,0.0,0.0,0.0,0.00012852567516253175
2026-08-24T01:14:50.853382,15.51,2.3917818127632384,1.2535927248733327,0.0,0.9629815856132682,0.0,0.0,0.46310098755856466,0.8863055203045291,0.3566624519155956,0.00022293801361133423,0.0,0.0,0.0,3.3723810962347014e-05
2026-08-24T01:14:50.875560,15.53,2.395841655674588,1.2594575711470914,0.0,0.9652985610870505,0.0,0.0,0.4641274506428493,0.8857684288569837,0.356662255463993,0.0002226202167921586,0.0,0.0,0.0,4.12626940308817e-05
2026-08-24T01:14:50.901111,15.55,2.399888005775991,1.265331734672228,0.0,0.9676019183503062,0.0,0.0,0.4651472631885656,0.8852333158824216,0.3566620614817021,0.0002222644676251474,0.0,0.0,0.0,0.00022194216222869614
2026-08-24T01:14:50.926178,15.57,2.403920892877394,1.271215149320518,0.0,0.9698899909684766,0.0,0.0,0.46615969762625903,0.8847005913352803,0.3566618699376753,0.0002218816437882417,0.0,0.0,0.0,0.00012608033490139284
2026-08-24T01:14:50.952565,15.59,2.407940371884104,1.2771077323990898,0.0,0.9721643627227455,0.0,0.0,0.4671654650104802,0.8841699091812285,0.356661680801282,0.00022150414372870938,0.0,0.0,0.0,-2.2886399510535084e-05
2026-08-24T01:14:50.982146,15.61,2.4119465693862683,1.2830093531940308,0.0,0.9744206156385139,0.0,0.0,0.46816262299317846,0.8836423249438355,0.3566614940422518,0.0002210565936305749,0.0,0.0,0.0,1.497709511732916e-05
2026-08-24T01:14:51.007166,15.63,2.415939477571956,1.2889199733909529,0.0,0.9766666800792985,0.0,0.0,0.46915468636315943,0.8831160061189501,0.35666130963070075,0.00022061730103872508,0.0,0.0,0.0,0.00024064838474738813
2026-08-24T01:14:51.033505,15.65,2.4199191910382507,1.2948394858481505,0.0,0.9788973845499679,0.0,0.0,0.47013937975374875,0.8825921841965068,0.3566611275371049,0.00022015758401330932,0.0,0.0,0.0,2.3562947706284003e-05
2026-08-24T01:14:51.062157,15.67,2.423885083037941,1.3007682669151424,0.0,0.981272019470632,0.0,0.0,0.4711869652351347,0.8820333575282195,0.3566609477323593,0.00021966405999052495,0.0,0.0,0.0,2.2961045985945086e-06
2026-08-24T01:14:51.090836,15.69,2.4278357971636493,1.3067071733375175,0.0,0.9837917486936352,0.0,0.0,0.47229783360668853,0.8814390258948311,0.35666077018767445,0.00021980769457562995,0.0,0.0,0.0,-8.310210807762326e-05
2026-08-24T01:14:51.114615,15.71,2.43177165500688,1.312655935783743,0.0,0.9862877800249388,0.0,0.0,0.4733975152216911,0.8808489045131002,0.35666059487464075,0.00021991609504333669,0.0,0.0,0.0,6.185265257088707e-05
2026-08-24T01:14:51.144131,15.73,2.435692744322036,1.3186144431179885,0.0,0.9887731081923281,0.0,0.0,0.47449174872328126,0.8802599504654989,0.35666042176520724,0.00021997202840249105,0.0,0.0,0.0,0.0003175350241093798
2026-08-24T01:14:51.169579,15.75,2.439599056046333,1.3245826488820416,0.0,0.991249672391608,0.0,0.0,0.4755813948052634,0.8796717211068458,0.35666025083169245,0.00022002964354009806,0.0,0.0,0.0,-0.0003885439197926321
2026-08-24T01:14:51.197469,15.77,2.4434904598609015,1.3305605855500415,0.0,0.9937567722356242,0.0,0.0,0.4766837332725931,0.8790748650901715,0.35666008204673644,0.0002200368034050897,0.0,0.0,0.0,1.874678980128107e-05
2026-08-24T01:14:51.223023,15.79,2.4473665965269906,1.3365484330106474,0.0,0.9962941319251319,0.0,0.0,0.47779861391403,0.8784693987509364,0.3566599153833202,0.00022022076463975803,0.0,0.0,0.0,0.00011115848420521462
2026-08-24T01:14:51.249712,15.8,2.4492989145636237,1.3395459939085061,0.0,0.9988186601429003,0.0,0.0,0.4789070933715997,0.8778655910322296,0.3566468228297406,0.00022036397722904205,0.0,0.0,0.0,-3.6982116037448536e-05
2026-08-24T01:14:51.277368,15.83,2.4550735804465544,1.3485533107161594,0.0,1.0013218290893668,0.0,0.0,0.4800054409328316,0.8772655109343339,0.35665958831482514,0.00022049553145317335,0.0,0.0,0.0,-0.00017276466488733142
2026-08-24T01:14:51.301383,15.85,2.458904629682173,1.3545701050489936,0.0,1.003798987268838,0.0,0.0,0.48109163519012393,0.876670313487398,0.35665942785739635,0.00022057334541902084,0.0,0.0,0.0,-0.0002581740383142907
2026-08-24T01:14:51.329599,15.870000000000001,2.462721087284468,1.3605961654152947,0.0,1.0062237339149256,0.0,0.0,0.48215413306492455,0.8760864066793932,0.3566592694168946,0.00022057179894121969,0.0,0.0,0.0,-2.6785766250744287e-05
2026-08-24T01:14:51.355265,15.89,2.4665233629553374,1.3666311840899568,0.0,1.0085800811375183,0.0,0.0,0.4831859800743317,0.8755177374899994,0.3566591129678902,0.00022038234635130758,0.0,0.0,0.0,0.000133402155705749
2026-08-24T01:14:51.382198,15.91,2.470311565597068,1.372675046352238,0.0,1.0109115142528255,0.0,0.0,0.4842062570668024,0.8749538848518575,0.35665895848539153,0.00022013215448313074,0.0,0.0,0.0,-0.00014483229602801385
2026-08-24T01:14:51.407003,15.93,2.474085731686866,1.3787276838317994,0.0,1.0132333936960212,0.0,0.0,0.48522169925615205,0.8743911610777938,0.35665880594467064,0.00021984336532128242,0.0,0.0,0.0,0.00022786402641624385
2026-08-24T01:14:51.430532,15.95,2.477845867496479,1.3847890474742974,0.0,1.0155496481834803,0.0,0.0,0.4862340298512208,0.8738286263419403,0.3566586553213107,0.0002195694297319815,0.0,0.0,0.0,0.00025495781796053426
2026-08-24T01:14:51.459765,15.97,2.4815914461942734,1.3908594171806226,0.0,1.0179846240552672,0.0,0.0,0.48729754503231965,0.8732359947949205,0.35665850659123455,0.0002192581187436706,0.0,0.0,0.0,0.000158293017090356
2026-08-24T01:14:51.486418,15.99,2.485321278005122,1.3969394755092477,0.0,1.0205423860565368,0.0,0.0,0.48841391115428096,0.8726120852881756,0.3566583597306081,0.0002194909676796879,0.0,0.0,0.0,-1.2064252598646317e-05
2026-08-24T01:14:51.514110,16.01,2.489035598758394,1.4030290219357986,0.0,1.0230906309586585,0.0,0.0,0.4895253290598034,0.8719890780330286,0.356658214715938,0.00021968826589424648,0.0,0.0,0.0,0.0001267289531556797
2026-08-24T01:14:51.544599,16.03,2.492734406798012,1.4091280032926825,0.0,1.025636201556627,0.0,0.0,0.49063478712838166,0.8713653112555535,0.35665807152405604,0.00021989061645691764,0.0,0.0,0.0,0.00017910374684694188
2026-08-24T01:14:51.572699,16.05,2.496417779961823,1.4152363186465655,0.0,1.0281664474047894,0.0,0.0,0.49173677842556196,0.8707439007788971,0.3566579301320253,0.00022005674825797218,0.0,0.0,0.0,-9.319728982039394e-05
2026-08-24T01:14:51.603167,16.07,2.500085871533698,1.4213538229264784,0.0,1.0306611628743794,0.0,0.0,0.49282252473667104,0.8701298518681986,0.356657790517223,0.00022017818469513643,0.0,0.0,0.0,-5.078355946739982e-05
2026-08-24T01:14:51.625858,16.09,2.503738954026357,1.4274803016729918,0.0,1.0331096412431187,0.0,0.0,0.49388740221903915,0.86952586731467,0.3566576526573559,0.0002201945859857854,0.0,0.0,0.0,-7.277431996196567e-05
2026-08-24T01:14:51.652346,16.11,2.507377117175031,1.4336156518496175,0.0,1.0355525102193264,0.0,0.0,0.4949491024217846,0.8689219677346579,0.35665751653030114,0.00022015304661769427,0.0,0.0,0.0,0.00014448675438019531
2026-08-24T01:14:51.679657,16.13,2.511000351829434,1.4397598298900485,0.0,1.0379799076861342,0.0,0.0,0.49600334710857313,0.8683206087944085,0.3566573821143129,0.00022010561860818294,0.0,0.0,0.0,3.297534123934364e-05
2026-08-24T01:14:51.705416,16.15,2.5146087506398023,1.4459127325440178,0.0,1.0403926056406139,0.0,0.0,0.49705048362154214,0.8677216239852451,0.35665724938788435,0.00022002611337583494,0.0,0.0,0.0,0.00046329238044603185
2026-08-24T01:14:51.733732,16.17,2.518202524749896,1.4520741886259605,0.0,1.042762292898165,0.0,0.0,0.4980782489254985,0.8671320879469916,0.35665711832976155,0.00021992297758468955,0.0,0.0,0.0,-3.7250076888963835e-05
2026-08-24T01:14:51.760369,16.19,2.5217819812373428,1.4582439733236003,0.0,1.0450930466910948,0.0,0.0,0.4990884461774189,0.8665510503670338,0.3566569889189584,0.00021965414127113643,0.0,0.0,0.0,7.661018281810525e-05
2026-08-24T01:14:51.789134,16.21,2.525347122225719,1.464422041159157,0.0,1.0474099151307037,0.0,0.0,0.5000919534620664,0.8659723079189625,0.35665686113482786,0.00021939354617834037,0.0,0.0,0.0,-1.1294285571143735e-05
2026-08-24T01:14:51.812396,16.23,2.528898088257285,1.4706082671628555,0.0,1.0497044047265176,0.0,0.0,0.501085106366392,0.8653980102691371,0.3566567349568804,0.00021905815603813844,0.0,0.0,0.0,0.00012177034801128791
2026-08-24T01:14:51.835835,16.25,2.5324348730891386,1.4768026117887194,0.0,1.0519949829640207,0.0,0.0,0.5020759084408516,0.8648235555090377,0.35665661036493396,0.0002187366754798072,0.0,0.0,0.0,-0.0001010697583345431
2026-08-24T01:14:51.863291,16.27,2.5359567643652925,1.4830054362363654,0.0,1.0544426973543966,0.0,0.0,0.5031339526963706,0.8642084387716463,0.35665648733905786,0.0002183758671491185,0.0,0.0,0.0,0.00038144603893667015
2026-08-24T01:14:51.888185,16.29,2.5394622018911135,1.4892175747882361,0.0,1.0570432239069432,0.0,0.0,0.5042572255553646,0.8635535018024108,0.35665636585951876,0.00021872573523670354,0.0,0.0,0.0,-0.00023234300138991532
2026-08-24T01:14:51.918591,16.31,2.5429515472272413,1.4954387665241322,0.0,1.0596321842232381,0.0,0.0,0.5053746556302204,0.8629000274925457,0.3566562459069423,0.00021904355414612667,0.0,0.0,0.0,7.32271537440606e-05
2026-08-24T01:14:51.947817,16.33,2.5464248938466363,1.50166890456862,0.0,1.0622076919860008,0.0,0.0,0.5064854391488687,0.862248514020278,0.35665612746210945,0.00021930138390208122,0.0,0.0,0.0,0.00010831902194564469
2026-08-24T01:14:51.976044,16.35,2.5498822347355743,1.5079079390211938,0.0,1.0647709500962952,0.0,0.0,0.5075901056250591,0.8615986795901798,0.3566560105060762,0.00021955105187211724,0.0,0.0,0.0,0.00018679731333171238
2026-08-24T01:14:52.001984,16.37,2.5533240102977652,1.5141555736727796,0.0,1.0672452649589044,0.0,0.0,0.5086556501142759,0.8609700515156281,0.3566558950201501,0.00021976895002738455,0.0,0.0,0.0,8.338033810677818e-05
2026-08-24T01:14:52.027274,16.39,2.5567510055011153,1.5204113276595668,0.0,1.0696272318266544,0.0,0.0,0.5096806901911726,0.8603636405882399,0.35665578098582207,0.00021963419045735458,0.0,0.0,0.0,0.0004917575987588533
2026-08-24T01:14:52.055185,16.41,2.560163187144926,1.5266751739548297,0.0,1.0719981804621481,0.0,0.0,0.5107002708124445,0.8597588228056143,0.3566556683848737,0.00021947777278643235,0.0,0.0,0.0,4.6435592850026095e-05
2026-08-24T01:14:52.080292,16.43,2.5635606417216636,1.5329470202775595,0.0,1.0743484623647985,0.0,0.0,0.5117102557535216,0.8591580844970648,0.3566555571992622,0.0002192694798873868,0.0,0.0,0.0,0.0002282710940486385
2026-08-24T01:14:52.104802,16.45,2.56694345199636,1.5392267773178454,0.0,1.0766818275489527,0.0,0.0,0.5127122720504268,0.8585604964642207,0.3566554474111967,0.00021903262946763833,0.0,0.0,0.0,-3.2823066266414225e-05
2026-08-24T01:14:52.133119,16.47,2.5703116998339843,1.5455143571632401,0.0,1.0790004860337958,0.0,0.0,0.5137072815634363,0.8579655172958319,0.3566553390031284,0.00021876104915971006,0.0,0.0,0.0,8.772581406325206e-05
2026-08-24T01:14:52.158887,16.49,2.573664938616672,1.5518099541614132,0.0,1.081412682772663,0.0,0.0,0.5147416984859144,0.8573453119017074,0.35665523195769006,0.00021846004529781277,0.0,0.0,0.0,0.00011172281926900539
2026-08-24T01:14:52.184447,16.51,2.5770021848857634,1.5581140436604106,0.0,1.08391898239518,0.0,0.0,0.5158156761493823,0.8566995904274471,0.35665512625776374,0.00021860452039551442,0.0,0.0,0.0,-0.0002846654911824761
2026-08-24T01:14:52.213373,16.53,2.5803237411947113,1.5644264141081006,0.0,1.086406358256765,0.0,0.0,0.5168807438942506,0.8560574143077824,0.356655021886431,0.00021871232719905228,0.0,0.0,0.0,-0.00013372271744321307
2026-08-24T01:14:52.235551,16.55,2.5836297341955814,1.5707469494108914,0.0,1.0888748016074352,0.0,0.0,0.5179369145590949,0.8554188170346763,0.35665491882701045,0.00021874613080531433,0.0,0.0,0.0,-5.811187256789741e-05
2026-08-24T01:14:52.264021,16.57,2.5869196824093503,1.5770758510234864,0.0,1.0914356818992577,0.0,0.0,0.5190318022689835,0.8547549287564307,0.3566548170629889,0.00021878050523667006,0.0,0.0,0.0,-2.1144898517521114e-05
2026-08-24T01:14:52.288975,16.59,2.59019288389549,1.5834134303898655,0.0,1.0940463018449744,0.0,0.0,0.5201470799130199,0.854076703380884,0.3566547165780965,0.000219196106492077,0.0,0.0,0.0,-0.00014764596148324953
2026-08-24T01:14:52.316334,16.61,2.5934498496615075,1.589759368622734,0.0,1.09661612069187,0.0,0.0,0.5212440614362379,0.8534076566433274,0.3566546173562592,0.00021943354713883388,0.0,0.0,0.0,-8.695524195338397e-05
2026-08-24T01:14:52.347994,16.63,2.5966905697355993,1.5961136185155689,0.0,1.0991677154761357,0.0,0.0,0.5223324121999179,0.8527419604812555,0.35665451938159687,0.00021966972979726646,0.0,0.0,0.0,0.0001129581231271005
2026-08-24T01:14:52.376503,16.65,2.599915177542069,1.6024760600274572,0.0,1.1017084550778267,0.0,0.0,0.5234152880627843,0.852077717243065,0.3566544226384431,0.00021984420442227342,0.0,0.0,0.0,-0.0001662868764676102
2026-08-24T01:14:52.404155,16.67,2.6031237368629707,1.6088466098433147,0.0,1.1042239773814604,0.0,0.0,0.5244865840195085,0.8514187120233775,0.35665432711130907,0.00022000452521747703,0.0,0.0,0.0,-5.5121104238928215e-05
2026-08-24T01:14:52.428655,16.69,2.606316489474278,1.6152250961585066,0.0,1.1067061801139282,0.0,0.0,0.5255428767331202,0.8507671154405749,0.3566542327848848,0.0002200663631856151,0.0,0.0,0.0,0.00013943736372378879
2026-08-24T01:14:52.454418,16.71,2.6094934988639493,1.6216114384642475,0.0,1.1091740278437827,0.0,0.0,0.5265922582266035,0.8501179880321356,0.3566541396441293,0.00022009885745132658,0.0,0.0,0.0,2.3321305998752354e-05
2026-08-24T01:14:52.480490,16.73,2.6126548546685875,1.6280055440305377,0.0,1.1116224639424814,0.0,0.0,0.5276325931472221,0.84947268740598,0.3566540476740864,0.0002200902635031665,0.0,0.0,0.0,9.184260884830849e-05
2026-08-24T01:14:52.510703,16.75,2.615800647269671,1.6344073207567404,0.0,1.1140528648182852,0.0,0.0,0.5286644828942099,0.8488308809923197,0.3566539568600669,0.00022004990991610012,0.0,0.0,0.0,-0.00012642088387897614
2026-08-24T01:14:52.538179,16.77,2.618930875489857,1.640816722223603,0.0,1.1164872273946997,0.0,0.0,0.5296972720881178,0.8481867718506382,0.3566538671875662,0.00021997420241462345,0.0,0.0,0.0,-0.0002465933837379843
2026-08-24T01:14:52.559395,16.79,2.6220454040529377,1.6472337673614412,0.0,1.1189348747188257,0.0,0.0,0.5307349061947396,0.847537880773751,0.3566537786421901,0.00021994231156122996,0.0,0.0,0.0,-0.00023292810382376721
2026-08-24T01:14:52.585000,16.81,2.6251442741387407,1.653658388820471,0.0,1.1213712374596823,0.0,0.0,0.531766967000286,0.846890720699735,0.35665369120979923,0.00021990618576141031,0.0,0.0,0.0,-0.00012852066803586192
2026-08-24T01:14:52.612207,16.83,2.62822759570975,1.6600904868156563,0.0,1.1237880630145414,0.0,0.0,0.5327899720598445,0.8462475085177328,0.35665360487640474,0.0002198361882452581,0.0,0.0,0.0,3.2426896483477626e-05
2026-08-24T01:14:52.636738,16.85,2.6312954680059306,1.6665299678463676,0.0,1.1261891517173463,0.0,0.0,0.5338055455251901,0.8456072608288994,0.3566535196281659,0.00021973689374117116,0.0,0.0,0.0,-1.9704925048465833e-05
2026-08-24T01:14:52.664689,16.87,2.6343475743420615,1.6729769362589002,0.0,1.128662076359418,0.0,0.0,0.5348506987238482,0.8449465841546503,0.35665343545147554,0.0002195980133242347,0.0,0.0,0.0,-0.00016475974860384916
2026-08-24T01:14:52.692902,16.89,2.6373831638828134,1.6794316984446995,0.0,1.1311994322761585,0.0,0.0,0.5359222331108578,0.8442673510550265,0.35665335233280565,0.00021977347976790006,0.0,0.0,0.0,0.00014338941070539258
2026-08-24T01:14:52.719600,16.91,2.640402447529163,1.685894103938755,0.0,1.1337207798400044,0.0,0.0,0.5369861526732261,0.8435910572292754,0.35665327025895455,0.00021992612719057324,0.0,0.0,0.0,0.0001469243107122916
2026-08-24T01:14:52.744179,16.93,2.643405500601171,1.6923640676589349,0.0,1.1362327384510813,0.0,0.0,0.5380452617613968,0.8429159485358608,0.35665318921669154,0.00022005347395569444,0.0,0.0,0.0,9.516341109348155e-05
2026-08-24T01:14:52.777433,16.95,2.646392405489239,1.6988415021254257,0.0,1.138729147789843,0.0,0.0,0.5390969739698367,0.8422437014644664,0.3566531091931126,0.0002201416590891438,0.0,0.0,0.0,0.00025905957149998944
2026-08-24T01:14:52.804351,16.97,2.64936342022177,1.705326240351698,0.0,1.141170088458094,0.0,0.0,0.5401245056610696,0.8415851224827974,0.3566530301754058,0.00022019382714272767,0.0,0.0,0.0,0.00024314169976122026
2026-08-24T01:14:52.830379,16.99,2.652318937240635,1.711818056401158,0.0,1.1435709068346027,0.0,0.0,0.5411343627773139,0.8409361458645896,0.35665295215087595,0.00022006725458823226,0.0,0.0,0.0,0.0002553487066255947
2026-08-24T01:14:52.859329,17.01,2.655258908585854,1.7183169274728387,0.0,1.1459615574787776,0.0,0.0,0.5421391682203012,0.8402887136463276,0.35665287510712423,0.00021994040596110546,0.0,0.0,0.0,0.00027270931718062806
2026-08-24T01:14:52.885151,17.03,2.6581834400570417,1.724822761182956,0.0,1.1483381115031825,0.0,0.0,0.5431372809965409,0.839643909042211,0.3566527990317792,0.0002197819545839971,0.0,0.0,0.0,0.00019540373111052336
2026-08-24T01:14:52.908721,17.05,2.6610926231115064,1.7313354726333368,0.0,1.1506961715438067,0.0,0.0,0.5441268686315885,0.8390029504317503,0.3566527239126597,0.00021958536047429292,0.0,0.0,0.0,-2.4998259972995232e-05
2026-08-24T01:14:52.934351,17.07,2.6639864070542716,1.7378550409014497,0.0,1.1530638414594552,0.0,0.0,0.5451197281346357,0.8383582062569799,0.35665264973774513,0.00021935232694387337,0.0,0.0,0.0,0.0002893153459718527
2026-08-24T01:14:52.960517,17.09,2.666864598230119,1.7443815079908747,0.0,1.1554433518877054,0.0,0.0,0.5461167831333151,0.8377090540158436,0.3566525764951829,0.00021922303632946333,0.0,0.0,0.0,0.0001906977491673989
2026-08-24T01:14:52.990265,17.11,2.669727383058904,1.7509147476276155,0.0,1.1578066730213754,0.0,0.0,0.5471062893812475,0.8370631446429132,0.3566525041732479,0.00021906547638974257,0.0,0.0,0.0,-0.00015007377454253942
2026-08-24T01:14:53.015271,17.13,2.6725749021216036,1.7574546552476613,0.0,1.1601425387432895,0.0,0.0,0.5480835495674915,0.8364235904692664,0.35665243276035175,0.00021881781968706028,0.0,0.0,0.0,-0.0001436833903031914
2026-08-24T01:14:53.039750,17.15,2.6754071548899065,1.7640011887609763,0.0,1.1624756659422577,0.0,0.0,0.5490589177252122,0.8357836471637973,0.35665236224511904,0.00021858265768335807,0.0,0.0,0.0,-0.0001420106994255535
2026-08-24T01:14:53.067854,17.17,2.6782233563099367,1.7705546430515522,0.0,1.1649688390453568,0.0,0.0,0.5501003674972369,0.8350985484835936,0.356652292616209,0.0002183087524506264,0.0,0.0,0.0,0.00011541308169282636
2026-08-24T01:14:53.092955,17.19,2.681021779835213,1.777115709147606,0.0,1.16763734901504,0.0,0.0,0.5512141119135185,0.8343638312075801,0.3566522238624663,0.0002187842776653182,0.0,0.0,0.0,-5.093145637724188e-05
2026-08-24T01:14:53.119040,17.21,2.68380282877268,1.7836841586670455,0.0,1.1702805330699046,0.0,0.0,0.5523163188031006,0.8336346225918113,0.3566521559729557,0.0002192146168287369,0.0,0.0,0.0,-0.00025281094436481417
2026-08-24T01:14:53.147517,17.23,2.686566608729864,1.7902598929838924,0.0,1.1729152110728764,0.0,0.0,0.5534140186469608,0.832906311637162,0.3566520889367606,0.00021957979647549994,0.0,0.0,0.0,8.810780473816407e-05
2026-08-24T01:14:53.175029,17.25,2.6893131180311576,1.7968428595004584,0.0,1.1755378591474634,0.0,0.0,0.5545057525839961,0.8321798906193636,0.35665202274319874,0.0002199388166190794,0.0,0.0,0.0,6.661651585325784e-05
2026-08-24T01:14:53.203349,17.27,2.692042426865787,1.8034329759112233,0.0,1.1781466676886199,0.0,0.0,0.5555907795418618,0.8314558831880777,0.35665195738167016,0.00022025777273125676,0.0,0.0,0.0,0.00030796441291720985
2026-08-24T01:14:53.229300,17.29,2.694754559561161,1.8100301796558345,0.0,1.1807498253055757,0.0,0.0,0.5566725139788841,0.8307320339197407,0.35665189284168897,0.00022057919924490052,0.0,0.0,0.0,0.00014179230004925065
2026-08-24T01:14:53.256764,17.31,2.6974496204603002,1.816634375851571,0.0,1.1833375497978027,0.0,0.0,0.5577469005373515,0.8300110812157737,0.3566518291129566,0.0002208569824528138,0.0,0.0,0.0,0.00047909676142912346
2026-08-24T01:14:53.283338,17.33,2.7001277043502196,1.8232454746237174,0.0,1.1859073132517102,0.0,0.0,0.5588129059173463,0.8292937574709043,0.35665176618527605,0.0002210989067061145,0.0,0.0,0.0,0.00022637671437776466
2026-08-24T01:14:53.307107,17.35,2.702788908292335,1.8298633861935134,0.0,1.1884587302735348,0.0,0.0,0.5598703880198468,0.8285802004745866,0.35665170404853386,0.00022129456229092763,0.0,0.0,0.0,-7.952670852982404e-05
2026-08-24T01:14:53.334373,17.37,2.7054342660014243,1.8364876480406083,0.0,1.1908047402274573,0.0,0.0,0.5608419313217531,0.8279228998350547,0.3566516426928658,0.00022144506711297944,0.0,0.0,0.0,8.787549806196711e-05
2026-08-24T01:14:53.359515,17.39,2.708065759804936,1.8431174289464436,0.0,1.1929447180927593,0.0,0.0,0.5617274784453385,0.827322331355465,0.3566515821084121,0.0002207713931136799,0.0,0.0,0.0,0.00029619675510031033
2026-08-24T01:14:53.386424,17.41,2.7106831848561903,1.8497527767659434,0.0,1.1950623694796072,0.0,0.0,0.562603153543204,0.826727096219328,0.35665152228548735,0.00022007348457005806,0.0,0.0,0.0,0.0002455433716563708
2026-08-24T01:14:53.413100,17.43,2.713286651423494,1.8563936137987533,0.0,1.197169631078859,0.0,0.0,0.5634739062299969,0.8261338614279823,0.35665146321451946,0.0002193531646740849,0.0,0.0,0.0,0.0005129229678245996
2026-08-24T01:14:53.438412,17.45,2.715876257652825,1.8630398679574294,0.0,1.1992579806684152,0.0,0.0,0.5643362270504042,0.8255450459172501,0.3566514048860304,0.00021860465925984792,0.0,0.0,0.0,0.0002820511522383512
2026-08-24T01:14:53.466139,17.47,2.7184507918561596,1.8696919746652914,0.0,1.2015867163431821,0.0,0.0,0.5652970823829103,0.8248873914961782,0.3566513472906887,0.00021782664787188698,0.0,0.0,0.0,-0.00025233638293397753
2026-08-24T01:14:53.491049,17.49,2.7210077147150313,1.8763508715273782,0.0,1.204174660187861,0.0,0.0,0.566363989952446,0.8241552225674151,0.3566512904192865,0.00021811927277101104,0.0,0.0,0.0,-1.6273487903812538e-05
2026-08-24T01:14:53.517443,17.51,2.72354752180882,1.8830163153686132,0.0,1.2067395127898592,0.0,0.0,0.5674204422703472,0.8234282249800061,0.3566512342627427,0.00021837283502630056,0.0,0.0,0.0,-2.3316395032406815e-05
2026-08-24T01:14:53.545888,17.53,2.726070274672288,1.8896882325927382,0.0,1.209294815191208,0.0,0.0,0.5684720329180346,0.8227025876889151,0.35665117881204395,0.0002186084304002475,0.0,0.0,0.0,-0.0002481188162644887
2026-08-24T01:14:53.572293,17.55,2.7285760539437,1.8963665431163295,0.0,1.2118378505964973,0.0,0.0,0.5695176539998327,0.8219791005752682,0.35665112405835414,0.00021881152650321035,0.0,0.0,0.0,7.745972537394051e-06
2026-08-24T01:14:53.598438,17.57,2.731065271579461,1.90305104440047,0.0,1.2142994466206238,0.0,0.0,0.5705289126165803,0.8212775169627758,0.3566510699928792,0.00021898241907532837,0.0,0.0,0.0,0.00020565837470649262
2026-08-24T01:14:53.624359,17.59,2.733538662694631,1.9097414177113357,0.0,1.2166834438357865,0.0,0.0,0.5715074687204084,0.8205968639940026,0.3566510166069902,0.00021885650909253621,0.0,0.0,0.0,-0.00026169959884597303
2026-08-24T01:14:53.649522,17.6,2.734769478501825,1.9130887499498679,0.0,1.219049969031573,0.0,0.0,0.5724780499842191,0.8199200462766268,0.3566468227871677,0.0002186854854074475,0.0,0.0,0.0,1.4100483427423273e-05
2026-08-24T01:14:53.677070,17.63,2.7384380275354827,1.9231395883701794,0.0,1.2213984512445135,0.0,0.0,0.5734404389069269,0.8192472539021606,0.3566509118399081,0.00021848632747952692,0.0,0.0,0.0,1.5744792775593725e-05
2026-08-24T01:14:53.698723,17.65,2.740864192478406,1.929847231915695,0.0,1.223733135392166,0.0,0.0,0.5743963897680547,0.8185772947140819,0.3566508604419513,0.00021826074716066454,0.0,0.0,0.0,-0.0001706519323082515
2026-08-24T01:14:53.729993,17.66,2.742071540050453,1.9332031010755517,0.0,1.2260498150152142,0.0,0.0,0.5753441948768361,0.817911399493567,0.35664682278632,0.00021800185805050326,0.0,0.0,0.0,0.0003353399605887092
2026-08-24T01:14:53.754167,17.69,2.7456693936032917,1.9432794610876387,0.0,1.2284647432535707,0.0,0.0,0.5763313738872883,0.8172160959459809,0.35665075957602876,0.00021769278498155335,0.0,0.0,0.0,-0.0001770950798624234
2026-08-24T01:14:53.779359,17.71,2.748046816127706,1.9500045353400073,0.0,1.2309911044919766,0.0,0.0,0.5773632053424701,0.8164874335326103,0.3566507100919289,0.00021787515966625257,0.0,0.0,0.0,0.00015128136388710845
2026-08-24T01:14:53.807920,17.73,2.750407384913624,1.9567355439046723,0.0,1.2334922702848736,0.0,0.0,0.5783838388101334,0.8157647546954045,0.3566506612298231,0.00021801923387688738,0.0,0.0,0.0,-0.0001587694308989482
2026-08-24T01:14:53.830551,17.75,2.7527512040554982,1.9634724031703203,0.0,1.2359822282035413,0.0,0.0,0.5793990002636381,0.8150440469652525,0.35665061298192846,0.00021812222249052544,0.0,0.0,0.0,-0.0001010693517777366
2026-08-24T01:14:53.857728,17.77,2.7550779859174384,1.970215165641627,0.0,1.2385310894187878,0.0,0.0,0.5804372465403249,0.8143049814588427,0.35665056534045114,0.00021819016612674807,0.0,0.0,0.0,-0.00015704283431293805
2026-08-24T01:14:53.883232,17.79,2.757387075935434,1.9769640074895427,0.0,1.2411327462004245,0.0,0.0,0.5814960261855688,0.8135492434575747,0.35665051829778105,0.00021852406892768541,0.0,0.0,0.0,4.5803123151890726e-05
2026-08-24T01:14:53.912953,17.81,2.7596787220059986,1.9837187925380018,0.0,1.2437131084496384,0.0,0.0,0.5825451678026426,0.8127983313650385,0.35665047184645254,0.00021883150225151705,0.0,0.0,0.0,-9.009020524468465e-05
2026-08-24T01:14:53.940521,17.84,2.763083637067639,1.99386193257733,0.0,1.2488312410822184,0.0,0.0,0.5846232628733117,0.8113048998418306,0.35664682278384013,0.00021928971473559035,0.0,0.0,0.0,-0.00031552072683799524
2026-08-24T01:14:53.962232,17.85,2.7642101045774488,1.9972458501694446,0.0,1.2488292420561538,0.0,0.0,0.5846224519631991,0.8113054841799956,0.35665038068804145,0.00021929251885240256,0.0,0.0,0.0,0.00041390872786463775
2026-08-24T01:14:53.991173,17.87,2.7664496614156104,2.0040180835748185,0.0,1.251437612137977,0.0,0.0,0.5856800469476342,0.8105423385656156,0.35665033596640583,0.000219466327286197,0.0,0.0,0.0,-0.00037000603679830245
2026-08-24T01:14:54.019823,17.89,2.7686710097050984,2.0107963116585803,0.0,1.254103544305489,0.0,0.0,0.5867599517567799,0.8097609270731586,0.35665029177940155,0.00021992792023803348,0.0,0.0,0.0,-4.595068279092957e-06
2026-08-24T01:14:54.048245,17.9,2.769774807719268,2.014187653367537,0.0,1.2567512135889016,0.0,0.0,0.5878314268508947,0.8089834445811862,0.3566468227836476,0.00022031109147685555,0.0,0.0,0.0,0.0003478218168451743
2026-08-24T01:14:54.074490,17.93,2.7730599687283806,2.0243702476603818,0.0,1.259377646460182,0.0,0.0,0.5888932900325606,0.8082107973509303,0.3566502051549248,0.000220688945114004,0.0,0.0,0.0,3.102381446240055e-05
2026-08-24T01:14:54.095527,17.95,2.7752277945137753,2.03116578249357,0.0,1.2619950644134406,0.0,0.0,0.589950498151789,0.8074394155170133,0.35665016263960747,0.00022100060451482595,0.0,0.0,0.0,-0.0001338153940233684
2026-08-24T01:14:54.123345,17.97,2.777377915821804,2.037966939802909,0.0,1.2645966574828467,0.0,0.0,0.5910003131300965,0.806671327047223,0.35665012065895535,0.00022129285539175417,0.0,0.0,0.0,-3.563249198072389e-05
2026-08-24T01:14:54.148222,17.99,2.7795108600393355,2.044773503693305,0.0,1.2671028645977522,0.0,0.0,0.5920106915606309,0.8059301093009887,0.356650079206505,0.00022153771772832838,0.0,0.0,0.0,-5.043357666845147e-05
2026-08-24T01:14:54.174420,18.01,2.781627464953009,2.0515851659432274,0.0,1.2695219284842871,0.0,0.0,0.5929850564880341,0.8052134641086691,0.35665003827378694,0.00022142235864554876,0.0,0.0,0.0,-0.00014170111876460562
2026-08-24T01:14:54.200291,18.03,2.783727669524533,2.058401902707571,0.0,1.2719260770542713,0.0,0.0,0.5939525542275736,0.8045000704329002,0.35664999785644225,0.00022131149564423466,0.0,0.0,0.0,-9.365676552290062e-05
2026-08-24T01:14:54.224530,18.05,2.7858116607028807,2.0652236135878765,0.0,1.2743064152084935,0.0,0.0,0.5949096244403194,0.8037925968483898,0.3566499579467897,0.00022111735295522275,0.0,0.0,0.0,-0.00029770988939653977
2026-08-24T01:14:54.251537,18.07,2.7878788250594826,2.0720504421586203,0.0,1.2768034926663443,0.0,0.0,0.5959127266797097,0.8030492028394982,0.356649918537991,0.00022092654461994493,0.0,0.0,0.0,-0.00022733114162048042
2026-08-24T01:14:54.276481,18.09,2.7899284480250732,2.078882558176751,0.0,1.2793210697367423,0.0,0.0,0.5969231234162139,0.8022984386941255,0.3566498796271682,0.00022119750908585026,0.0,0.0,0.0,-0.00035883546682619115
2026-08-24T01:14:54.304256,18.11,2.791961591022638,2.085719596204273,0.0,1.2817557852424777,0.0,0.0,0.5978993650914264,0.8015711753944682,0.35664984120303583,0.00022110478741924435,0.0,0.0,0.0,0.00018441682503410756
2026-08-24T01:14:54.330383,18.12,2.7929719709709513,2.0891399346501065,0.0,1.2841778522950875,0.0,0.0,0.5988696559810607,0.8008465116020211,0.35664682278931087,0.000221013064013485,0.0,0.0,0.0,-6.393613776475328e-06
2026-08-24T01:14:54.363490,18.15,2.7959781819765284,2.0994083412128712,0.0,1.286586686261452,0.0,0.0,0.5998337745211779,0.8001246421300101,0.3566497657991508,0.00022090779333051348,0.0,0.0,0.0,0.0002164424385983074
2026-08-24T01:14:54.389141,18.17,2.797961900242132,2.1062598827433456,0.0,1.288965418380041,0.0,0.0,0.6007849911295023,0.7994106544408348,0.356649728806637,0.00022076996749602535,0.0,0.0,0.0,3.255012098384643e-05
2026-08-24T01:14:54.413315,18.19,2.7999295170947813,2.113116065557275,0.0,1.2913222777420474,0.0,0.0,0.601726623000006,0.7987021166699189,0.35664969227889126,0.00022055229514814716,0.0,0.0,0.0,0.00011165193872849467
2026-08-24T01:14:54.440030,18.21,2.8018811183243106,2.1199768243563923,0.0,1.2936572416608634,0.0,0.0,0.6026586830194339,0.7979990675315864,0.35664965621035444,0.0002202895368370508,0.0,0.0,0.0,-0.0002517407644631064
2026-08-24T01:14:54.466812,18.23,2.8038168271160346,2.1268420840195494,0.0,1.295967233117902,0.0,0.0,0.6035799663510147,0.7973024672103479,0.35664962059529076,0.0002199981629635888,0.0,0.0,0.0,0.0003491862588629257
2026-08-24T01:14:54.493028,18.25,2.8057368313207087,2.133711752294447,0.0,1.2982539440506615,0.0,0.0,0.6044911717681908,0.7966118397653399,0.3566495854277337,0.00021966288942889078,0.0,0.0,0.0,-0.0001436973525950729
2026-08-24T01:14:54.522402,18.27,2.8076404684634424,2.1405859738074877,0.0,1.3006740818432752,0.0,0.0,0.6054546841745698,0.7958797807527667,0.35664955070103227,0.00021929273071313052,0.0,0.0,0.0,-0.00025904966286897013
2026-08-24T01:14:54.548714,18.29,2.809526288979289,2.1474651048117543,0.0,1.3032318966269507,0.0,0.0,0.6064720452897009,0.795104809620799,0.3566495164132666,0.00021949864801999475,0.0,0.0,0.0,-0.0002637616503492978
2026-08-24T01:14:54.573514,18.31,2.8113945637919215,2.154349021697702,0.0,1.3057802596226313,0.0,0.0,0.6074846605375395,0.7943314089292897,0.35664948255535406,0.00021969673332316908,0.0,0.0,0.0,-0.00021280912473928038
2026-08-24T01:14:54.598802,18.33,2.8132454094617794,2.1612376451065396,0.0,1.3083109158986224,0.0,0.0,0.6084892638437487,0.7935621058158541,0.35664944912296853,0.00021985762632873985,0.0,0.0,0.0,-0.00025010633663324845
2026-08-24T01:14:54.622492,18.35,2.8150789413955213,2.16813089706028,0.0,1.310825019387915,0.0,0.0,0.6094863314496902,0.7927965765415479,0.3566494161108142,0.0002199785570392001,0.0,0.0,0.0,0.00019597159298193588
2026-08-24T01:14:54.649794,18.37,2.816894902196186,2.1750287986787384,0.0,1.3133911055566134,0.0,0.0,0.6105030216674387,0.792013926982933,0.3566493835129451,0.00022006275056753028,0.0,0.0,0.0,0.00018053473587696704
2026-08-24T01:14:54.675962,18.39,2.818692672525317,2.1819314637918885,0.0,1.3160099099339018,0.0,0.0,0.6115395627764727,0.7912138542512768,0.3566493513261424,0.00022041417006501174,0.0,0.0,0.0,-5.3802780858842685e-06
2026-08-24T01:14:54.706660,18.41,2.820472538964056,2.188838767068769,0.0,1.318602916706846,0.0,0.0,0.6125648599557642,0.7904203263753881,0.3566493195431909,0.0002206913877921162,0.0,0.0,0.0,0.0003255220383893673
2026-08-24T01:14:54.733607,18.43,2.8222345422497503,2.1957506486551477,0.0,1.3211879173800423,0.0,0.0,0.6135859665469902,0.7896279260870881,0.35664928815970093,0.0002209430882140556,0.0,0.0,0.0,0.00041145498415665657
2026-08-24T01:14:54.763919,18.45,2.8239786982622546,2.202667055417399,0.0,1.3237638102951914,0.0,0.0,0.6146024558460339,0.7888370055138285,0.356649257170847,0.0002211970188894181,0.0,0.0,0.0,-0.00021013234481788903
2026-08-24T01:14:54.793983,18.47,2.825705238392038,2.209587880648733,0.0,1.3263101216917565,0.0,0.0,0.6156062697909924,0.7880538817834856,0.35664922657163683,0.000221407844252898,0.0,0.0,0.0,0.0001288081299423628
2026-08-24T01:14:54.818290,18.49,2.827414460487214,2.216513003100191,0.0,1.3288206010335566,0.0,0.0,0.6165949810436936,0.7872805277356523,0.35664919635656833,0.00022148006059515923,0.0,0.0,0.0,2.0561584750304054e-05
2026-08-24T01:14:54.845819,18.51,2.8291063415144255,2.2234423825714913,0.0,1.3313192974233745,0.0,0.0,0.617578087081509,0.7865095716879383,0.35664916652162604,0.00022154658461090857,0.0,0.0,0.0,-0.0002795122402839019
2026-08-24T01:14:54.874583,18.53,2.8307809991501114,2.230375944629404,0.0,1.333803459656009,0.0,0.0,0.6185545191280933,0.7857418831055228,0.3566491370616433,0.00022157664567523392,0.0,0.0,0.0,0.00010232821562743474
2026-08-24T01:14:54.897032,18.55,2.8324385805060928,2.237313608857681,0.0,1.3362623822821247,0.0,0.0,0.6195200906362954,0.7849808005919612,0.356649107972032,0.00022158104661421113,0.0,0.0,0.0,0.0003728029472657873
2026-08-24T01:14:54.925615,18.57,2.8332610783447207,2.240783942386369,0.0,1.3374873451690041,0.0,0.0,0.6200007605786825,0.7846012088200318,0.35664902337223336,0.00021639702510735717,0.0,0.0,0.0,4.867986083446457e-05
2026-08-24T01:14:54.949893,18.59,2.8357018569709385,2.2512012163196222,0.0,1.3412629785294072,0.0,0.0,0.6214808381531224,0.7834293636368836,0.3566490516047765,0.00022718158927871983,0.0,0.0,0.0,0.00010370510147645137
2026-08-24T01:14:54.976072,18.61,2.837307456756095,2.2581510982754813,0.0,1.3437567792476954,0.0,0.0,0.6224572131280067,0.7826538301349552,0.3566490235714404,0.00022712616949238036,0.0,0.0,0.0,0.00022319427363266375
2026-08-24T01:14:55.005712,18.63,2.838895739674527,2.265104954506486,0.0,1.3462445261651634,0.0,0.0,0.6234302536642155,0.781878966858792,0.3566489959082937,0.0002270741668033943,0.0,0.0,0.0,9.297484044953245e-05
2026-08-24T01:14:55.032029,18.65,2.840466281741182,2.2720628388894606,0.0,1.3488178453160486,0.0,0.0,0.6244357494040906,0.7810761773771824,0.3566489685919995,0.00022700624524979075,0.0,0.0,0.0,1.3783231935280098e-05
2026-08-24T01:14:55.059455,18.67,2.842018252168817,2.279024889597699,0.0,1.3514607480684644,0.0,0.0,0.6254673580879042,0.7802503341662452,0.35664894162084476,0.00022730709653113906,0.0,0.0,0.0,0.00024248229883490322
2026-08-24T01:14:55.084489,18.69,2.8435520575477393,2.285990964696433,0.0,1.3540680554925109,0.0,0.0,0.626484002549352,0.7794342785313868,0.35664891498764745,0.00022751426494924235,0.0,0.0,0.0,0.0001604478446023977
2026-08-24T01:14:55.110046,18.71,2.8450677297683726,2.292961007630512,0.0,1.3566754458301666,0.0,0.0,0.6274996145722115,0.7786168722238981,0.3566488886892342,0.0002276935951221871,0.0,0.0,0.0,0.00010520833060827855
2026-08-24T01:14:55.138428,18.73,2.8465652874452108,2.2999349650345633,0.0,1.3592714393495628,0.0,0.0,0.6285097278613999,0.7778017240811369,0.3566488627215403,0.0002278618869836507,0.0,0.0,0.0,-0.00041615721729211324
2026-08-24T01:14:55.173392,18.75,2.848044847850195,2.3069127627933996,0.0,1.3618504436465815,0.0,0.0,0.629512182029878,0.7769906129909046,0.35664883708016126,0.00022798254019925948,0.0,0.0,0.0,0.00015245136710434064
2026-08-24T01:14:55.201575,18.77,2.849506753901006,2.3138942806580975,0.0,1.364366812832973,0.0,0.0,0.6304892811224859,0.7761979556721668,0.3566488117615318,0.00022808085188285047,0.0,0.0,0.0,1.169106055698283e-05
2026-08-24T01:14:55.228475,18.79,2.85095159351334,2.3208793502414946,0.0,1.3668212515279317,0.0,0.0,0.6314413712524627,0.7754236227190977,0.3566487867602991,0.00022795135965466103,0.0,0.0,0.0,0.00024517342956758393
2026-08-24T01:14:55.258096,18.81,2.8523793955667047,2.327867922321257,0.0,1.36926354442525,0.0,0.0,0.6323878060180137,0.7746519623674384,0.35664876207372714,0.00022779521792452877,0.0,0.0,0.0,0.0001459829959393037
2026-08-24T01:14:55.284363,18.83,2.853790271029468,2.334859931237229,0.0,1.3716843461168713,0.0,0.0,0.6333249819333103,0.773885952359372,0.35664873769745525,0.0002275952437650255,0.0,0.0,0.0,0.00024839702393784403
2026-08-24T01:14:55.309675,18.85,2.8551843287673635,2.341855312651669,0.0,1.374087299829525,0.0,0.0,0.6342543306537849,0.7731244686639528,0.3566487136275826,0.00022736628387949606,0.0,0.0,0.0,0.00010850097689287408
2026-08-24T01:14:55.336415,18.87,2.8565616776264178,2.348854003108425,0.0,1.3764768532347151,0.0,0.0,0.6351775888411483,0.7723661247322705,0.35664868986027576,0.00022710651636267674,0.0,0.0,0.0,-0.00011666339494787217
2026-08-24T01:14:55.361558,18.89,2.857922066168677,2.3558560099415007,0.0,1.378919343938895,0.0,0.0,0.6361203634819834,0.7715898412780907,0.35664866639105053,0.0002268071252741823,0.0,0.0,0.0,-0.00024428058331761685
2026-08-24T01:14:55.386735,18.91,2.8592648331005908,2.3628614176055422,0.0,1.3814166739247897,0.0,0.0,0.6370833245473315,0.770794938737742,0.3566486432180597,0.000226758079127052,0.0,0.0,0.0,0.00029673722131145206
2026-08-24T01:14:55.414435,18.93,2.860590123181976,2.3698701525806802,0.0,1.3839089315853652,0.0,0.0,0.6380433394509119,0.7700004525857945,0.3566486203357958,0.00022672756456046364,0.0,0.0,0.0,0.00021940061019541727
2026-08-24T01:14:55.435385,18.95,2.861714496435871,2.3758989569522275,0.0,1.3863545921521432,0.0,0.0,0.6389844420504192,0.7692196583665257,0.3064043391257458,0.00022557595106373639,0.0,0.0,0.0,0.00012976838329547294
2026-08-24T01:14:55.467059,18.97,2.862770190294525,2.3816369378895503,0.0,1.3888588301789448,0.0,0.0,0.6399470954579838,0.7684189710144396,0.2913348830430066,0.0002243455620098072,0.0,0.0,0.0,-0.0003821792249821078
2026-08-24T01:14:55.490364,18.99,2.8637954204804306,2.3872894631761032,0.0,1.3913408447316356,0.0,0.0,0.640900215956621,0.7676242004957612,0.2868179256840797,0.00022344542809944412,0.0,0.0,0.0,0.0001521077650010185
2026-08-24T01:14:55.516562,19.01,2.864802678796766,2.3929179316482623,0.0,1.3937152001337028,0.0,0.0,0.6418110704367479,0.7668627972882996,0.2854666691755895,0.00022221686628716948,0.0,0.0,0.0,0.0005103581626278708
2026-08-24T01:14:55.548026,19.02,2.8653015275931635,2.395731093638751,0.0,1.3960691516802275,0.0,0.0,0.6427132046207943,0.766106870225081,0.28549078766592345,0.00022098082050762987,0.0,0.0,0.0,0.0001322105948933162
2026-08-24T01:14:55.579288,19.05,2.866774288672492,2.4041636370250665,0.0,1.3984133730822883,0.0,0.0,0.6436107249822809,0.7653530131173345,0.28494833145865794,0.000219738765443858,0.0,0.0,0.0,-0.00016808348254115135
2026-08-24T01:14:55.605318,19.07,2.8677400798976853,2.40978800300371,0.0,1.40073874390606,0.0,0.0,0.6445001545366182,0.764604179168722,0.28491699652216373,0.00021848820744794006,0.0,0.0,0.0,-7.073115758387192e-05
2026-08-24T01:14:55.627096,19.09,2.8686927883093887,2.4154143788520797,0.0,1.4030607219542999,0.0,0.0,0.6453874170376241,0.7638554064281431,0.28491123774189564,0.0002172436119008967,0.0,0.0,0.0,-0.00040726870011350934
2026-08-24T01:14:55.653424,19.11,2.869632468289761,2.4210428788017886,0.0,1.4053730700364078,0.0,0.0,0.6462701352758706,0.7631087158790075,0.28491310603400405,0.00021600235774165859,0.0,0.0,0.0,0.00019095716378557902
2026-08-24T01:14:55.679415,19.13,2.8705591923753104,2.426673506274395,0.0,1.4076734692926198,0.0,0.0,0.6471474349490878,0.762364871592872,0.28491721724854374,0.00021477315432473303,0.0,0.0,0.0,-0.00011718237405537477
2026-08-24T01:14:55.702695,19.15,2.8714730346637523,2.4323062325336506,0.0,1.4099617343683457,0.0,0.0,0.6480192576434453,0.7616239503345716,0.28492195670870546,0.00021353653456965117,0.0,0.0,0.0,0.00022555626888372477
2026-08-24T01:14:55.729869,19.17,2.8723741211052403,2.437941011394354,0.0,1.4122242641365013,0.0,0.0,0.6488804412349627,0.7608903817125829,0.2849268405725797,0.00021230123793377438,0.0,0.0,0.0,-0.00014419623163562103
2026-08-24T01:14:55.755531,19.19,2.873262633125095,2.4435777858597305,0.0,1.414459419562044,0.0,0.0,0.6497303899711276,0.7601647323757965,0.28493172424112506,0.00021101117410919675,0.0,0.0,0.0,-0.00013008301851725394
2026-08-24T01:14:55.780445,19.2,2.8737029995774845,2.446398722814026,0.0,1.4166768724597103,0.0,0.0,0.6505728051943013,0.7594438920299628,0.2853174600909449,0.00020975634495036993,0.0,0.0,0.0,9.83917265340785e-05
2026-08-24T01:14:55.808907,19.23,2.8750021728513073,2.4548571712707394,0.0,1.4188849082168904,0.0,0.0,0.6514108481814926,0.7587251853414834,0.28494135018563177,0.00020842935125532321,0.0,0.0,0.0,0.00025692044708561484
2026-08-24T01:14:55.835087,19.25,2.875853349020958,2.460499703239205,0.0,1.4210749563392753,0.0,0.0,0.6522412798031675,0.7580114200463778,0.2849460769922299,0.00020714122994333793,0.0,0.0,0.0,0.00013826414201157365
2026-08-24T01:14:55.860557,19.27,2.876691800001082,2.466144139718494,0.0,1.4233592315661403,0.0,0.0,0.653106607551927,0.7572659765049617,0.2849507448795821,0.00020585381829949114,0.0,0.0,0.0,-0.00011936649215141178
2026-08-24T01:14:55.888786,19.29,2.87751672636402,2.4717905685850514,0.0,1.4257265025671515,0.0,0.0,0.6540024767369134,0.756492406057049,0.2849553542442082,0.00020489327839600012,0.0,0.0,0.0,-0.00023099870392215125
2026-08-24T01:14:55.915527,19.31,2.878328316437165,2.4774389294912926,0.0,1.4280884366931268,0.0,0.0,0.6548954130811186,0.7557195233188773,0.28495990571482877,0.00020393891831786503,0.0,0.0,0.0,-7.378001336117618e-05
2026-08-24T01:14:55.943764,19.33,2.8791266306969865,2.4830891817559944,0.0,1.4304353385187285,0.0,0.0,0.655781761750862,0.7549505155670374,0.2849643999887962,0.00020298364107393429,0.0,0.0,0.0,-0.0002734231915348978
2026-08-24T01:14:55.972521,19.35,2.8799117331973227,2.488741284669991,0.0,1.4327730243144998,0.0,0.0,0.6566637321359006,0.7541834941825167,0.28496883777570786,0.00020202640870652165,0.0,0.0,0.0,6.143448988233248e-05
2026-08-24T01:14:55.997207,19.37,2.88068295201828,2.4943952982352875,0.0,1.4352794556969368,0.0,0.0,0.6576083708160628,0.7533599608637583,0.2849732197810344,0.0002010705611793669,0.0,0.0,0.0,0.0001241534326715897
2026-08-24T01:14:56.025183,19.39,2.8814388682556165,2.5000513781995615,0.0,1.4379393372832638,0.0,0.0,0.6586097130947385,0.7524847146735051,0.2849775467102184,0.00020068471680622545,0.0,0.0,0.0,5.39918292824232e-05
2026-08-24T01:14:56.048945,19.41,2.882179797712045,2.505709440620497,0.0,1.4405878122128728,0.0,0.0,0.659605603783853,0.7516118994913124,0.28498181925017035,0.00020028694267739988,0.0,0.0,0.0,0.00017295923875038953
2026-08-24T01:14:56.076363,19.43,2.88290580841252,2.511369436400539,0.0,1.4432192457775492,0.0,0.0,0.6605939409634398,0.7507433950174929,0.28498603808618184,0.00019987886143807057,0.0,0.0,0.0,0.00021020833579894196
2026-08-24T01:14:56.107533,19.45,2.883616977536006,2.517031315878438,0.0,1.4458413079126908,0.0,0.0,0.6615776208809625,0.7498766908962335,0.28499020389328816,0.00019946346423872527,0.0,0.0,0.0,-0.0001839912055571379
2026-08-24T01:14:56.135280,19.47,2.88431338783393,2.5226950293634247,0.0,1.4484517244477253,0.0,0.0,0.6625558023382877,0.7490125558279166,0.28499431733800484,0.00019902270575790435,0.0,0.0,0.0,-9.266040241668613e-05
2026-08-24T01:14:56.168233,19.49,2.884996119106669,2.528360408038443,0.0,1.4508063628301278,0.0,0.0,0.6634371698132222,0.7482319972510009,0.2849983790808347,0.00019855805398136933,0.0,0.0,0.0,-0.00012670375037785657
2026-08-24T01:14:56.196368,19.51,2.8856672606275526,2.534027170619729,0.0,1.4529093829111634,0.0,0.0,0.6642235763536123,0.7475339728841874,0.28500238976471637,0.00019728954192690186,0.0,0.0,0.0,0.00015575741829588157
2026-08-24T01:14:56.221783,19.53,2.886326564873995,2.5396953223804135,0.0,1.4549995850949387,0.0,0.0,0.6650044620381635,0.7468393839838207,0.2850063500383164,0.00019602301499284077,0.0,0.0,0.0,0.00010314895357518936
2026-08-24T01:14:56.248990,19.55,2.886974120807669,2.5453648281068273,0.0,1.4570721395143833,0.0,0.0,0.6657780374683016,0.7461498541344472,0.28501026053301143,0.0001947460156202852,0.0,0.0,0.0,-8.664594834234582e-05
2026-08-24T01:14:56.273899,19.57,2.887609765364096,2.551035681351266,0.0,1.459188658787495,0.0,0.0,0.6665672847875121,0.7454448704304052,0.2850141218738738,0.00019346250685674092,0.0,0.0,0.0,-0.00046667069864735495
2026-08-24T01:14:56.297203,19.59,2.8882330583952682,2.556707905334626,0.0,1.4613520461820295,0.0,0.0,0.6673732376860331,0.7447234128322149,0.28501793468045167,0.000192359636423189,0.0,0.0,0.0,0.00025948010363171365
2026-08-24T01:14:56.325213,19.6,2.888540641732572,2.5595459575060153,0.0,1.463511192219726,0.0,0.0,0.6681768319285175,0.7440025008519593,0.28531745701858524,0.00019138806416177576,0.0,0.0,0.0,-0.00019221174308467292
2026-08-24T01:14:56.352248,19.63,2.8894429964084414,2.568056313290674,0.0,1.4656485033741529,0.0,0.0,0.6689715326619788,0.7432880252552728,0.2850254171191704,0.00019021550870870906,0.0,0.0,0.0,2.739777166008988e-05
2026-08-24T01:14:56.378677,19.65,2.8900292345615246,2.573732485811471,0.0,1.467916599311293,0.0,0.0,0.6698140265860837,0.7425289016520079,0.2850290879472692,0.00018910933536156,0.0,0.0,0.0,-4.938700393618679e-05
2026-08-24T01:14:56.408689,19.67,2.8906020378271897,2.5794100300772995,0.0,1.470216663839845,0.0,0.0,0.6706675156525802,0.7417581030554341,0.28503271263896374,0.00018852310032128604,0.0,0.0,0.0,0.00010749380864947557
2026-08-24T01:14:56.430195,19.68,2.8908843653071523,2.582250631656179,0.0,1.4723904014485907,0.0,0.0,0.671473313112162,0.7410287374847054,0.2853174570766877,0.00018765027665431982,0.0,0.0,0.0,0.00011183427689033586
2026-08-24T01:14:56.453904,19.71,2.8917110229787486,2.5907687458077624,0.0,1.4745540621415767,0.0,0.0,0.6722745873999497,0.7403018837854104,0.2850398259061072,0.0001865512586446,0.0,0.0,0.0,-0.0002569016108390958
2026-08-24T01:14:56.481443,19.73,2.8922471219581367,2.5964498724957665,0.0,1.4767086963908547,0.0,0.0,0.67307173701748,0.7395772013983883,0.2850433156237649,0.00018557915406859583,0.0,0.0,0.0,0.00016695575095614586
2026-08-24T01:14:56.504777,19.75,2.892771084186816,2.6021321311648618,0.0,1.478844469991044,0.0,0.0,0.6738611378189112,0.7388580154112171,0.28504676147691754,0.0001845836218467983,0.0,0.0,0.0,-0.00013746768706808862
2026-08-24T01:14:56.534542,19.77,2.8932823055871864,2.607815549917935,0.0,1.4811217390542113,0.0,0.0,0.6747019900608157,0.7380902550555555,0.28505016401591465,0.00018360706829935184,0.0,0.0,0.0,-5.865169693568004e-05
2026-08-24T01:14:56.558913,19.79,2.8937796372739397,2.613500201066707,0.0,1.4835313434620938,0.0,0.0,0.6755907529304607,0.7372768371208018,0.28505352378930265,0.00018310617974012788,0.0,0.0,0.0,-0.00018651265303686702
2026-08-24T01:14:56.586871,19.81,2.89426337341476,2.6191860250650056,0.0,1.4859205685722525,0.0,0.0,0.6764710308197261,0.736469242033703,0.2850568413304372,0.0001825901938790708,0.0,0.0,0.0,-2.9817461611998818e-05
2026-08-24T01:14:56.613437,19.83,2.8947336046087098,2.624872981654538,0.0,1.4882978211510913,0.0,0.0,0.6773459394459694,0.7356646507180137,0.28506011717130403,0.00018204801020620516,0.0,0.0,0.0,0.00035768340107437534
2026-08-24T01:14:56.644846,19.85,2.895190340324917,2.6305610378239996,0.0,1.4906683178517994,0.0,0.0,0.6782174087831376,0.7348613110128239,0.28506335183646514,0.00018152392254504438,0.0,0.0,0.0,9.586041636192857e-05
2026-08-24T01:14:56.672824,19.87,2.8956342588145816,2.636250108581611,0.0,1.4928899506384736,0.0,0.0,0.6790332861757509,0.7341074827743965,0.28506654584466745,0.00018098309036254978,0.0,0.0,0.0,-0.0002926084638421858
2026-08-24T01:14:56.698813,19.89,2.896066627491062,2.641940068295156,0.0,1.4949537769170738,0.0,0.0,0.6797904596659662,0.73340638867352,0.2850696997027389,0.00017995158352411385,0.0,0.0,0.0,0.00032522323577565586
2026-08-24T01:14:56.723334,19.91,2.8964873551466948,2.6476309004357512,0.0,1.4969956783660265,0.0,0.0,0.6805388770332461,0.7327119740022872,0.28507281391964684,0.00017892707121749214,0.0,0.0,0.0,-4.699297427257867e-05
2026-08-24T01:14:56.749374,19.93,2.8968965515042777,2.6533225731476993,0.0,1.499027874360243,0.0,0.0,0.6812830327614748,0.7320201016852798,0.2850758889919842,0.00017787031191311028,0.0,0.0,0.0,6.037418651110283e-06
2026-08-24T01:14:56.773061,19.95,2.8972942211347292,2.659015062664516,0.0,1.5010552997221467,0.0,0.0,0.6820247406464167,0.7313291004371343,0.2850789254122069,0.0001768291330555666,0.0,0.0,0.0,0.0003050451386627882
2026-08-24T01:14:56.800266,19.97,2.897680443549373,2.6647083401289335,0.0,1.503062126458282,0.0,0.0,0.6827582225747955,0.7306443796447804,0.28508192366589047,0.00017578366640289583,0.0,0.0,0.0,-4.076059337411297e-05
2026-08-24T01:14:56.825919,19.99,2.8980548471093144,2.670402406759724,0.0,1.5051650949367925,0.0,0.0,0.6835261060476923,0.7299260663596546,0.28508488423171385,0.00017473673221504287,0.0,0.0,0.0,0.0003429856934743478
2026-08-24T01:14:56.856555,20.01,2.898416587066095,2.6760972919581936,0.0,1.5073598197383387,0.0,0.0,0.6843266877550238,0.7291755511714845,0.28508780758661373,0.00017403931250861568,0.0,0.0,0.0,5.306919594330812e-06
2026-08-24T01:14:56.884731,20.03,2.8987658304268753,2.6817929570152894,0.0,1.5095573612716178,0.0,0.0,0.685127471280381,0.7284231929976905,0.28509069419527405,0.00017335654015185003,0.0,0.0,0.0,0.0016835791830816368
2026-08-24T01:14:56.908575,20.05,2.8991026591907287,2.6874893695219515,0.0,1.5120136992821616,0.0,0.0,0.6860215811210654,0.7275811915079674,0.28509354309539925,0.00017268534353025324,0.0,0.0,0.0,0.052447136008179004
2026-08-24T01:14:56.933788,20.06,2.8992664576416938,2.6903389591616267,0.0,1.5140609880066604,0.0,0.0,0.686766005952697,0.7268785683095769,0.28531745691780763,0.0001725367278772695,0.0,0.0,0.0,0.07257878245061582
2026-08-24T01:14:56.959102,20.09,2.899735915225017,2.6988845021445553,0.0,1.5176018454168965,0.0,0.0,0.6880518156573785,0.7256615595238491,0.28509913773984824,0.0001725090447806581,0.0,0.0,0.0,0.12007016498129644
2026-08-24T01:14:56.987450,20.11,2.90003126724814,2.7045832154367297,0.0,1.520326925083654,0.0,0.0,0.6890399194427558,0.7247233882070597,0.28510188191767577,0.00017255438574129364,0.0,0.0,0.0,0.14087408546560734
2026-08-24T01:14:57.016543,20.13,2.900312638455041,2.71028263595315,0.0,1.522954629477236,0.0,0.0,0.6899915038715887,0.7238174663442596,0.2851045916046941,0.00017250520639285635,0.0,0.0,0.0,0.15908988062296228
2026-08-24T01:14:57.037374,20.15,2.9005801523998125,2.7159827234843603,0.0,1.525699736337339,0.0,0.0,0.6909843317674128,0.7228697346354611,0.28510726723269547,0.00017241452880957923,0.0,0.0,0.0,0.19488242859145533
2026-08-24T01:14:57.067487,20.18,2.900955889101509,2.72453504411851,0.0,1.5284919122177385,0.0,0.0,0.6919928477730616,0.7219043555976986,0.28531745698189787,0.00017224699908196343,0.0,0.0,0.0,0.21783198260482145
2026-08-24T01:14:57.091616,20.19,2.901074791424786,2.7273847149964445,0.0,1.5306915793317772,0.0,0.0,0.6927864037192913,0.7211428421760081,0.2851125180567704,0.00017210528627610154,0.0,0.0,0.0,0.22297577325914678
2026-08-24T01:14:57.118155,20.21,2.901305284791085,2.7330864187160997,0.0,1.5328086810881405,0.0,0.0,0.6935493818216838,0.7204090886258725,0.28511509402620083,0.0001710240360159891,0.0,0.0,0.0,0.2553143104681609
2026-08-24T01:14:57.142181,20.23,2.901525030567436,2.7387885466178106,0.0,1.5349484997675757,0.0,0.0,0.6943197571319409,0.7196666414780127,0.285117637654386,0.00017011224350447232,0.0,0.0,0.0,0.27852811767638236
2026-08-24T01:14:57.167832,20.25,2.901734116884937,2.7444910751841918,0.0,1.537043698458164,0.0,0.0,0.6950732983009139,0.718938877783841,0.28512014930670165,0.0001691529186270236,0.0,0.0,0.0,0.299901312285287
2026-08-24T01:14:57.195481,20.27,2.90193262877828,2.750193981504061,0.0,1.5391038553400094,0.0,0.0,0.6958134928505378,0.7182225164718344,0.2851226293897975,0.00016816266840116674,0.0,0.0,0.0,0.3229514763281615
2026-08-24T01:14:57.224504,20.29,2.902120428187315,2.7558972504497223,0.0,1.5412595793350399,0.0,0.0,0.696587233263587,0.7174721084851878,0.28512507829310013,0.00016721075509449295,0.0,0.0,0.0,0.362393140149682
2026-08-24T01:14:57.246768,20.31,2.902297170457232,2.7616008726989154,0.0,1.5434908425085867,0.0,0.0,0.697387234146425,0.7166945274310383,0.285127495992463,0.00016663261243897827,0.0,0.0,0.0,0.37329088242700303
2026-08-24T01:14:57.273894,20.33,2.9024630035650074,2.7673048224187813,0.0,1.545556738706889,0.0,0.0,0.6981271702148562,0.7159737803912916,0.2851298842006555,0.00016571466422016497,0.0,0.0,0.0,0.38881511051409534
2026-08-24T01:14:57.296308,20.35,2.9026179980869387,2.77300907680518,0.0,1.5475757585947925,0.0,0.0,0.6988495970087298,0.7152686493624167,0.2851322419062598,0.00016479633954786098,0.0,0.0,0.0,0.3986785779926489
2026-08-24T01:14:57.322687,20.37,2.902762235082136,2.7787136132065733,0.0,1.5491131284254802,0.0,0.0,0.6993992067088761,0.7147312429542974,0.2851345700041579,0.00016383739558251077,0.0,0.0,0.0,0.3983681658740593
2026-08-24T01:14:57.352386,20.39,2.9028971748946364,2.784418377259429,0.0,1.5509856834010316,0.0,0.0,0.700068086831612,0.714076098045528,0.285136868421874,0.00016345107724980527,0.0,0.0,0.0,0.3871563716837505
2026-08-24T01:14:57.379201,20.41,2.9030256886145254,2.7901232892593923,0.0,1.5521242969463902,0.0,0.0,0.7004745017188765,0.7136774288442165,0.285139138802067,0.00016123100253430796,0.0,0.0,0.0,0.37997973142578445
2026-08-24T01:14:57.406982,20.43,2.903147365185989,2.795828351061291,0.0,1.5527449694476356,0.0,0.0,0.700695947961888,0.7134600118505529,0.2851413802019885,0.00015902629346544952,0.0,0.0,0.0,0.3670349147570998
2026-08-24T01:14:57.434449,20.45,2.9032622545654134,2.801533553468653,0.0,1.554151209457249,0.0,0.0,0.701197422723283,0.7129671621934811,0.2851435931790205,0.0001575979030321746,0.0,0.0,0.0,0.3333276399301268
2026-08-24T01:14:57.463302,20.47,2.90337018168748,2.8072388916452446,0.0,1.5547724220780468,0.0,0.0,0.7014188409949476,0.7127493314604403,0.28514577887617026,0.00015524217241777552,0.0,0.0,0.0,0.27554706113321953
2026-08-24T01:14:57.494112,20.49,2.9034715341234487,2.8129443505492095,0.0,1.5555581911460072,0.0,0.0,0.7016988150417847,0.7124736998436891,0.28514793668694316,0.00015318135484331246,0.0,0.0,0.0,0.2163950725792438
2026-08-24T01:14:57.522026,20.51,2.9035681839865877,2.8186498908809874,0.0,1.555697521208807,0.0,0.0,0.7017484478416677,0.7124248142448508,0.28515006755692646,0.0001499715997300205,0.0,0.0,0.0,0.19418095546019118
2026-08-24T01:14:57.559101,20.53,2.9036598136689094,2.8243555139338734,0.0,1.5564677146323183,0.0,0.0,0.702022748253762,0.7121545204056737,0.28515217143667604,0.0001476843378866889,0.0,0.0,0.0,0.347619648749972
2026-08-24T01:14:57.582147,20.55,2.9037464057034352,2.830061215550578,0.0,1.5584443313975742,0.0,0.0,0.7027262335698815,0.7114603577520594,0.2851542488168722,0.0001481903993037297,0.0,0.0,0.0,0.2791385144852438
2026-08-24T01:14:57.614053,20.57,2.9038280128492047,2.835766990514691,0.0,1.5588632533166076,0.0,0.0,0.7028752413223167,0.7113131484347067,0.285156300693122,0.0001456970313727239,0.0,0.0,0.0,0.21999585140273709
2026-08-24T01:14:57.638583,20.58,2.9038678022506272,2.838620693021709,0.0,1.5573485108064435,0.0,0.0,0.7023363116532818,0.7118452818789096,0.2853174573642948,0.0001432627913781376,0.0,0.0,0.0,0.24900709849496028
2026-08-24T01:14:57.665230,20.6,2.9039422219124247,2.8443265567696954,0.0,1.5581569970635805,0.0,0.0,0.70262401282398,0.7115613090965018,0.28531745735538483,0.00014074787268808072,0.0,0.0,0.0,0.245502246221734
2026-08-24T01:14:57.693360,20.63,2.9040444345761145,2.8528846938394787,0.0,1.561452791039786,0.0,0.0,0.7037956380211967,0.7104024914809468,0.2851623017103841,0.00013805864160630496,0.0,0.0,0.0,0.2503743285091633
2026-08-24T01:14:57.722878,20.64,2.9040772884671124,2.8557384546603015,0.0,1.5597733641587421,0.0,0.0,0.7031988554413198,0.7109932276091088,0.28531745739959663,0.00013594014793327062,0.0,0.0,0.0,0.2592656595563617
2026-08-24T01:14:57.745081,20.67,2.9041657894767474,2.864296763937781,0.0,1.563318388108618,0.0,0.0,0.7044579941371151,0.7097456829712403,0.2851661776428377,0.00013361423287119704,0.0,0.0,0.0,0.2788093413522885
2026-08-24T01:14:57.773786,20.69,2.904220140823599,2.8700028630792516,0.0,1.5640923146714574,0.0,0.0,0.7047325869057428,0.7094730304621449,0.2851680792023229,0.00013122476492811972,0.0,0.0,0.0,0.2849427430078768
2026-08-24T01:14:57.796787,20.71,2.904270419024072,2.8757089994506693,0.0,1.5648713105510081,0.0,0.0,0.7050088717254346,0.7091984847617977,0.28516995682677876,0.0001288503348435622,0.0,0.0,0.0,0.2788180101141491
2026-08-24T01:14:57.824456,20.73,2.9043174287207307,2.881415163794936,0.0,1.5653305195745029,0.0,0.0,0.705171688312419,0.7090365928516049,0.28517181086853993,0.00012635094321124268,0.0,0.0,0.0,0.2836149068894378
2026-08-24T01:14:57.849260,20.75,2.9043630336496538,2.8871213395395237,0.0,1.5656602792372718,0.0,0.0,0.7052885845605915,0.7089203146253585,0.2851736415745046,0.00012335766115563178,0.0,0.0,0.0,0.2861116717286081
2026-08-24T01:14:57.877016,20.77,2.9044069651864435,2.892827528310191,0.0,1.5659684145127262,0.0,0.0,0.7053977978677105,0.7088116440658863,0.2851754492827712,0.00012039102764935925,0.0,0.0,0.0,0.2859756995536561
2026-08-24T01:14:57.899426,20.79,2.9044492673008104,2.898533729301051,0.0,1.5662446884732244,0.0,0.0,0.705495704237337,0.7087141957818144,0.2851772342706794,0.0001174508550649921,0.0,0.0,0.0,0.2858595630570908
2026-08-24T01:14:57.927275,20.81,2.9044900447024014,2.904239941296449,0.0,1.5665058271116576,0.0,0.0,0.7055882345533686,0.7086220736470608,0.28517899682045916,0.00011453100429591916,0.0,0.0,0.0,0.2845400881032302
2026-08-24T01:14:57.954598,20.83,2.904529289535986,2.9099461639362993,0.0,1.5667620866496357,0.0,0.0,0.7056790243438122,0.708531660973005,0.2851807372177585,0.00011165265078475242,0.0,0.0,0.0,0.2465680828599238
2026-08-24T01:14:57.977297,20.85,2.9045706068631327,2.9156523725724734,0.0,1.565795867615945,0.0,0.0,0.7053366436178173,0.7088724985284393,0.2851824558208884,0.00010820590923392662,0.0,0.0,0.0,0.24229825954238227
2026-08-24T01:14:58.008580,20.87,2.9046212598556327,2.9213585080168674,0.0,1.564335563935705,0.0,0.0,0.7048188710894654,0.7093873123732701,0.2851841526590997,0.00010259005763678734,0.0,0.0,0.0,0.2386939129104671
2026-08-24T01:14:58.033977,20.89,2.904680214723144,2.927064563614227,0.0,1.5628402400703951,0.0,0.0,0.70428829225362,0.7099140802903402,0.2851858282491852,9.702072376947929e-05,0.0,0.0,0.0,0.23491915380131978
2026-08-24T01:14:58.059180,20.91,2.904747590163665,2.9327705258680976,0.0,1.5613257660218505,0.0,0.0,0.7037505171571171,0.7104471898748634,0.2851874827762669,9.149497686162652e-05,0.0,0.0,0.0,0.2302170042975791
2026-08-24T01:14:58.088610,20.93,2.9048233725194086,2.9384763824779383,0.0,1.559797827150626,0.0,0.0,0.7032075518994951,0.7109846263819766,0.28518911650878115,8.605609140457769e-05,0.0,0.0,0.0,0.22433254921604426
2026-08-24T01:14:58.109909,20.95,2.904907590983815,2.9441821206343874,0.0,1.5582587926410163,0.0,0.0,0.7026602288110311,0.7115255461662845,0.28519072970607895,8.069401117186921e-05,0.0,0.0,0.0,0.22817879010627143
2026-08-24T01:14:58.139521,20.97,2.90499921978915,2.949887744093089,0.0,1.5570849933097737,0.0,0.0,0.7022425137137964,0.7119378146530275,0.285192322601933,7.558271091608713e-05,0.0,0.0,0.0,0.2281058126305321
2026-08-24T01:14:58.164336,20.99,2.905096358402695,2.9555932756002443,0.0,1.5560857622990047,0.0,0.0,0.7018867309121639,0.7122885770314132,0.2851938955336607,7.126583389849982e-05,0.0,0.0,0.0,0.2172425718103751
2026-08-24T01:14:58.190838,21.01,2.9051997378791863,2.961298697409419,0.0,1.5548274087602287,0.0,0.0,0.7014384365903317,0.7127300468436217,0.28519544863191565,6.6629718735064e-05,0.0,0.0,0.0,0.22116369919829987
2026-08-24T01:14:58.216053,21.03,2.905309290922176,2.9670040038686403,0.0,1.554024862512846,0.0,0.0,0.7011523807129115,0.7130114578466579,0.2851969822497362,6.243581559394895e-05,0.0,0.0,0.0,0.27351011310134976
2026-08-24T01:14:58.242401,21.05,2.905425028080439,2.972709188089136,0.0,1.5534366265537434,0.0,0.0,0.7009426408998278,0.7132176485255921,0.2851984965848151,5.8720724375948324e-05,0.0,0.0,0.0,0.26513748134036097
2026-08-24T01:14:58.269759,21.07,2.9055469569773926,2.9784142432034546,0.0,1.551713732066884,0.0,0.0,0.7003279815168096,0.7138212089204068,0.2851999918152159,5.409356202392e-05,0.0,0.0,0.0,0.2357664953521031
2026-08-24T01:14:58.293867,21.09,2.9056750265778164,2.98411916361965,0.0,1.5505611326529154,0.0,0.0,0.6999164902891059,0.7142246891709779,0.28520146838572125,5.0143574061535596e-05,0.0,0.0,0.0,0.21668746414220097
2026-08-24T01:14:58.319840,21.11,2.9058092567042952,2.9898239422757733,0.0,1.5494475231433524,0.0,0.0,0.6995186981086531,0.7146142952644979,0.2852029263092279,4.606889598575611e-05,0.0,0.0,0.0,0.2182413828576743
2026-08-24T01:14:58.347824,21.13,2.9059496573685983,2.995528572271966,0.0,1.548399621144332,0.0,0.0,0.6991441792339558,0.7149807106791611,0.2852043659230071,4.2144498334348316e-05,0.0,0.0,0.0,0.2223757570621581
2026-08-24T01:14:58.370842,21.15,2.9060962302735196,3.0012330468852615,0.0,1.547363179605627,0.0,0.0,0.6987735675180299,0.715342925692374,0.2852057874391979,3.830364601200306e-05,0.0,0.0,0.0,0.22305726049605287
2026-08-24T01:14:58.397267,21.17,2.9062494242630192,3.0069373474766583,0.0,1.5461849838447463,0.0,0.0,0.6983520392911928,0.7157544475711152,0.28520719109791653,3.446399652475459e-05,0.0,0.0,0.0,0.22778214644266848
2026-08-24T01:14:58.421616,21.19,2.906410128953008,3.012641441541166,0.0,1.5449380533656027,0.0,0.0,0.6979056555741495,0.7161897066543309,0.28520857709193076,3.0413234562664348e-05,0.0,0.0,0.0,0.23269030791176243
2026-08-24T01:14:58.445989,21.21,2.9065782116362837,3.018345322831035,0.0,1.5436940930370637,0.0,0.0,0.697460064815827,0.7166236515683126,0.28520994567542957,2.6439686536794074e-05,0.0,0.0,0.0,0.23641668415348313
2026-08-24T01:14:58.471183,21.22,2.906666211871988,3.021197679071663,0.0,1.5400473636668597,0.0,0.0,0.6961522398730439,0.7178941836508664,0.2853174575482358,2.309779346608102e-05,0.0,0.0,0.0,0.23888447742679123
2026-08-24T01:14:58.495685,21.25,2.9069365582684044,3.029752407384631,0.0,1.541170822266496,0.0,0.0,0.6965553922170935,0.7175030212990682,0.2852126314517846,1.8659846211505915e-05,0.0,0.0,0.0,0.22076427891955686
2026-08-24T01:14:58.527501,21.27,2.9071287620141772,3.0354555266731578,0.0,1.5392243123190321,0.0,0.0,0.6958567490457902,0.7181806073735382,0.2852139491241527,1.4490622814505142e-05,0.0,0.0,0.0,0.2200317225057236
2026-08-24T01:14:58.548477,21.29,2.907334451641635,3.041158176993063,0.0,1.5369482985519642,0.0,0.0,0.6950390041594299,0.7189720319296627,0.2852152501427856,9.205966753540903e-06,0.0,0.0,0.0,0.2229893085049125
2026-08-24T01:14:58.572672,21.31,2.907553561909026,3.0468603275150934,0.0,1.5346421215498474,0.0,0.0,0.6942095038941176,0.719772995258285,0.28521653484236303,3.848275820616075e-06,0.0,0.0,0.0,0.22510680018356763
2026-08-24T01:14:58.599768,21.33,2.907785999239402,3.052561950129945,0.0,1.5323206436002794,0.0,0.0,0.6933735678537557,0.7205783062247665,0.2852178034017621,-1.4291349630176425e-06,0.0,0.0,0.0,0.22738206812881898
2026-08-24T01:14:58.624618,21.35,2.9080317774916096,3.058263013046541,0.0,1.53000331444853,0.0,0.0,0.6925381940547974,0.7213812097464972,0.28521905604857434,-6.607446250328356e-06,0.0,0.0,0.0,0.22958931994391657
2026-08-24T01:14:58.652181,21.37,2.9082908952804236,3.0639634850473345,0.0,1.5276894739139655,0.0,0.0,0.6917031502301373,0.722181938268816,0.2852202929181198,-1.1694420276174282e-05,0.0,0.0,0.0,0.23057379402117614
