wall_time,ros_time_sec,x,y,z,yaw,qx,qy,qz,qw,lin_vel_x,lin_vel_y,lin_vel_z,ang_vel_x,ang_vel_y,ang_vel_z
2026-08-27T02:07:43.202230,0.02,-2.0813263313063182e-13,0.0,0.0,0.0,0.0,0.0,0.0,1.0,-8.325338626820416e-11,0.0,0.0,0.0,0.0,0.0
2026-08-27T02:07:43.291724,0.04,-5.237557828253465e-13,0.0,0.0,0.0,0.0,0.0,0.0,1.0,-2.1252587378481607e-10,0.0,0.0,0.0,0.0,0.0
2026-08-27T02:07:43.385699,0.060000000000000005,-9.767960915068322e-13,0.0,0.0,0.0,0.0,0.0,0.0,1.0,-2.9868821001602375e-10,0.0,0.0,0.0,0.0,0.0
2026-08-27T02:07:43.463897,0.08,-3.2815542844255463e-13,0.0,0.0,0.0,0.0,0.0,0.0,1.0,-1.1331098619072819e-10,0.0,0.0,0.0,0.0,0.0
2026-08-27T02:07:43.537238,0.1,6.804342622991073e-14,0.0,0.0,0.0,0.0,0.0,0.0,1.0,4.799865656641305e-11,0.0,0.0,0.0,0.0,0.0
2026-08-27T02:07:43.612282,0.12000000000000001,-4.195827241722636e-14,0.0,0.0,0.0,0.0,0.0,0.0,1.0,-2.7546626043506678e-11,0.0,0.0,0.0,0.0,0.0
2026-08-27T02:07:43.679768,0.14,-4.800159051865342e-13,0.0,0.0,0.0,0.0,0.0,0.0,1.0,-1.9006279731483e-10,0.0,0.0,0.0,0.0,0.0
2026-08-27T02:07:43.749497,0.16,-6.643981826392316e-14,0.0,0.0,0.0,0.0,0.0,0.0,1.0,4.7356920966477476e-11,0.0,0.0,0.0,0.0,0.0
2026-08-27T02:07:43.815612,0.18000000000000002,-1.0742642062094755e-14,0.0,0.0,0.0,0.0,0.0,0.0,1.0,-3.7585014985144554e-11,0.0,0.0,0.0,0.0,0.0
2026-08-27T02:07:43.890366,0.2,1.057958423762754e-12,0.0,0.0,0.0,0.0,0.0,0.0,1.0,5.270718608199783e-10,0.0,0.0,0.0,0.0,0.0
2026-08-27T02:07:43.961625,0.22,3.4796197643823e-13,0.0,0.0,0.0,0.0,0.0,0.0,1.0,-4.7325152772174006e-11,0.0,0.0,0.0,0.0,0.0
2026-08-27T02:07:44.029408,0.24000000000000002,5.148000412727452e-13,0.0,0.0,0.0,0.0,0.0,0.0,1.0,3.2912967465911595e-10,0.0,0.0,0.0,0.0,0.0
2026-08-27T02:07:44.102321,0.26,5.693452655484084e-13,0.0,0.0,0.0,0.0,0.0,0.0,1.0,1.904887013236137e-10,0.0,0.0,0.0,0.0,0.0
2026-08-27T02:07:44.172139,0.28,8.87089042481816e-13,0.0,0.0,0.0,0.0,0.0,0.0,1.0,3.115557725274099e-10,0.0,0.0,0.0,0.0,0.0
2026-08-27T02:07:44.252699,0.30000000000000004,2.1705647841165774e-13,0.0,0.0,0.0,0.0,0.0,0.0,1.0,-6.922923191876812e-11,0.0,0.0,0.0,0.0,0.0
2026-08-27T02:07:44.330300,0.32,-3.509130528553327e-13,0.0,0.0,0.0,0.0,0.0,0.0,1.0,-8.383394406599005e-11,0.0,0.0,0.0,0.0,0.0
2026-08-27T02:07:44.403937,0.34,7.495217076845314e-14,0.0,0.0,0.0,0.0,0.0,0.0,1.0,3.42302237580196e-11,0.0,0.0,0.0,0.0,0.0
2026-08-27T02:07:44.481511,0.36000000000000004,3.588465990104662e-13,0.0,0.0,0.0,0.0,0.0,0.0,1.0,1.500872884768788e-10,0.0,0.0,0.0,0.0,0.0
2026-08-27T02:07:44.555903,0.38,1.3322440314129684e-12,0.0,0.0,0.0,0.0,0.0,0.0,1.0,5.564931922935092e-10,0.0,0.0,0.0,0.0,0.0
2026-08-27T02:07:44.628957,0.4,8.372256320593501e-13,0.0,0.0,0.0,0.0,0.0,0.0,1.0,3.260246933263055e-10,0.0,0.0,0.0,0.0,0.0
2026-08-27T02:07:44.710450,0.42000000000000004,4.707479908019936e-13,0.0,0.0,0.0,0.0,0.0,0.0,1.0,1.7002711788689524e-10,0.0,0.0,0.0,0.0,0.0
2026-08-27T02:07:44.812993,0.44,-4.683255746984581e-14,0.0,0.0,0.0,0.0,0.0,0.0,1.0,-1.3761925545538803e-10,0.0,0.0,0.0,0.0,0.0
2026-08-27T02:07:44.901629,0.46,-2.702496972803856e-13,0.0,0.0,0.0,0.0,0.0,0.0,1.0,2.703947571481286e-12,0.0,0.0,0.0,0.0,0.0
2026-08-27T02:07:44.985230,0.48000000000000004,1.0093816573027458e-13,-3.940375923584664e-43,0.0,0.0,0.0,0.0,0.0,1.0,-2.2171353974284537e-11,-8.889039259283008e-44,0.0,0.0,0.0,-9.948442602059571e-68
2026-08-27T02:07:45.068738,0.5,-2.542028505090641e-13,3.123541439729231e-42,0.0,0.0,0.0,0.0,0.0,1.0,1.0547568981078364e-11,7.39188442197361e-43,0.0,0.0,0.0,-3.928473600552744e-67
2026-08-27T02:07:45.148580,0.52,7.566476124975006e-13,-1.7668097984846684e-42,0.0,0.0,0.0,0.0,0.0,1.0,3.327982997958657e-10,-4.615112662446572e-43,0.0,0.0,0.0,-1.370626155426815e-66
2026-08-27T02:07:45.221607,0.54,-4.772547438419068e-13,4.743379400604066e-41,0.0,0.0,0.0,0.0,0.0,1.0,-4.1866296806311945e-10,1.2074766005349767e-41,0.0,0.0,0.0,-1.3620092493266567e-65
2026-08-27T02:07:45.295360,0.56,-1.3748343014293624e-12,9.859634346160026e-41,0.0,0.0,0.0,0.0,0.0,1.0,-4.918845904590755e-10,2.556515880127535e-41,0.0,0.0,0.0,-2.380987843198355e-65
2026-08-27T02:07:45.369633,0.5800000000000001,-8.709200016477513e-13,-5.940577919664811e-41,0.0,0.0,0.0,0.0,0.0,1.0,-3.100730025388035e-10,-1.783286784174997e-41,0.0,0.0,0.0,5.1779416861154166e-65
2026-08-27T02:07:45.443214,0.6000000000000001,-2.8202194050055905e-13,-5.455488867400908e-41,0.0,0.0,0.0,0.0,0.0,1.0,-6.250284322631373e-11,-1.6396568636788784e-41,0.0,0.0,0.0,-9.815991699328237e-67
2026-08-27T02:07:45.521036,0.62,1.1609987836149094e-13,1.629464083266879e-41,0.0,0.0,0.0,0.0,0.0,1.0,1.4598454794662106e-11,4.4452918374355204e-42,0.0,0.0,0.0,-9.956188185657627e-66
2026-08-27T02:07:45.592813,0.64,2.60322860754659e-13,-1.654601033134437e-40,0.0,0.0,0.0,0.0,0.0,1.0,7.520372139016877e-11,-5.063046896600205e-41,0.0,0.0,0.0,-3.16382681517861e-65
2026-08-27T02:07:45.667878,0.66,-2.7375765580681006e-13,1.1451325385745211e-40,0.0,0.0,0.0,0.0,0.0,1.0,-1.2618493417857184e-10,3.70515273630398e-41,0.0,0.0,0.0,7.623314191674187e-66
2026-08-27T02:07:45.741679,0.68,-1.0005096957439596e-12,3.72763938032145e-40,0.0,0.0,0.0,0.0,0.0,1.0,-4.359299248077493e-10,1.2006385751638697e-40,0.0,0.0,0.0,-1.0984537689350605e-66
2026-08-27T02:07:45.815777,0.7000000000000001,-1.0339014828582246e-12,4.356934561366126e-40,0.0,0.0,0.0,0.0,0.0,1.0,-2.0708992862022123e-10,1.4043042160823633e-40,0.0,0.0,0.0,-1.8719052181455631e-65
2026-08-27T02:07:45.894588,0.7200000000000001,7.074843750717915e-13,3.335906229677728e-40,0.0,0.0,0.0,0.0,0.0,1.0,3.723435486259648e-10,1.050139232178381e-40,0.0,0.0,0.0,-4.579079010931068e-65
2026-08-27T02:07:45.968110,0.74,8.174311889229908e-13,2.4210394843595794e-40,0.0,0.0,0.0,0.0,0.0,1.0,3.303095128957736e-10,7.248132562040301e-41,0.0,0.0,0.0,-3.687233833649404e-65
2026-08-27T02:07:46.046997,0.76,3.169231219031501e-13,3.320444738401176e-40,0.0,0.0,0.0,0.0,0.0,1.0,8.762893799393054e-11,1.0448799583189257e-40,0.0,0.0,0.0,1.2162303933965896e-66
2026-08-27T02:07:46.124585,0.78,8.96249598839662e-14,5.771882340302562e-40,0.0,0.0,0.0,0.0,0.0,1.0,-7.002583427600704e-12,1.9446726535987714e-40,0.0,0.0,0.0,2.805289813677241e-65
2026-08-27T02:07:46.206875,0.8,-4.1053276359885295e-13,9.172296844579718e-40,0.0,0.0,0.0,0.0,0.0,1.0,-1.5815481923761067e-10,3.2220404266514247e-40,0.0,0.0,0.0,-6.291296889267932e-65
2026-08-27T02:07:46.288294,0.8200000000000001,-8.856202132664535e-14,6.961302203953967e-40,0.0,0.0,0.0,0.0,0.0,1.0,-7.19925467566437e-12,2.3485917154755716e-40,0.0,0.0,0.0,7.583910308951632e-67
2026-08-27T02:07:46.364620,0.8400000000000001,-2.377979126661115e-13,9.374670705374054e-40,0.0,0.0,0.0,0.0,0.0,1.0,-1.352280500847413e-10,3.294296769896647e-40,0.0,0.0,0.0,-3.920608927676579e-66
2026-08-27T02:07:46.443017,0.8600000000000001,-8.740910432659858e-13,1.1408860419018283e-39,0.0,0.0,0.0,0.0,0.0,1.0,-3.7237154877048546e-10,4.102964241436043e-40,0.0,0.0,0.0,-5.802805795701202e-65
2026-08-27T02:07:46.520248,0.88,-2.529271026061794e-13,7.936186638243322e-40,0.0,0.0,0.0,0.0,0.0,1.0,3.699484933957051e-11,2.637929390579399e-40,0.0,0.0,0.0,-1.5078090577855561e-65
2026-08-27T02:07:46.598464,0.9,3.328388761005946e-16,9.100925877266796e-40,0.0,0.0,0.0,0.0,0.0,1.0,-4.509647940720372e-11,3.1168848950176025e-40,0.0,0.0,0.0,-1.510529089745307e-65
2026-08-27T02:07:46.677227,0.92,-1.9558729910894623e-13,1.7153974112704938e-39,0.0,0.0,0.0,0.0,0.0,1.0,-1.2427360877832142e-10,6.590282472862921e-40,0.0,0.0,0.0,-2.424421172795252e-64
2026-08-27T02:07:46.756073,0.9400000000000001,-5.263774888317746e-14,1.9655388741950837e-39,0.0,0.0,0.0,0.0,0.0,1.0,-5.743159397217975e-11,7.659168737455811e-40,0.0,0.0,0.0,-4.115774540091828e-65
2026-08-27T02:07:46.831843,0.9600000000000001,2.9558713328493e-13,2.1967981552484322e-39,0.0,0.0,0.0,0.0,0.0,1.0,1.3982062880277864e-10,8.658000610988567e-40,0.0,0.0,0.0,-7.841408026573577e-66
2026-08-27T02:07:46.910275,0.9800000000000001,-1.530234684281746e-13,2.5116829944502574e-39,0.0,0.0,0.0,0.0,0.0,1.0,-2.2506843407759693e-10,1.0055561301721391e-39,0.0,0.0,0.0,-1.4352850936173866e-65
2026-08-27T02:07:46.990284,1.0,-6.530978918704358e-13,2.684539357338645e-39,0.0,0.0,0.0,0.0,0.0,1.0,-1.5868159303905616e-10,1.0804421857924067e-39,0.0,0.0,0.0,-5.006505291320053e-65
2026-08-27T02:07:47.069938,1.02,3.028272914909221e-13,3.108073636887471e-39,0.0,0.0,0.0,0.0,0.0,1.0,1.258589790411246e-10,1.2761556293865084e-39,0.0,0.0,0.0,9.603005677095199e-65
2026-08-27T02:07:47.146954,1.04,7.798136952968435e-13,3.2010734428557633e-39,0.0,0.0,0.0,0.0,0.0,1.0,4.4044276239401173e-10,1.3131498672526347e-39,0.0,0.0,0.0,3.2679017421279108e-65
2026-08-27T02:07:47.228898,1.06,1.1215496513127055e-12,3.0081738205829994e-39,0.0,0.0,0.0,0.0,0.0,1.0,4.38282454464289e-10,1.2086740844748687e-39,0.0,0.0,0.0,-9.635313696999328e-65
2026-08-27T02:07:47.303381,1.08,7.401534434002341e-13,3.4444928876604254e-39,0.0,0.0,0.0,0.0,0.0,1.0,2.6605456048987494e-10,1.4205372106283566e-39,0.0,0.0,0.0,1.8717504234416774e-64
2026-08-27T02:07:47.379884,1.1,-5.199406414258023e-13,3.21449055234382e-39,0.0,0.0,0.0,0.0,0.0,1.0,-2.9179331650572293e-10,1.29247909843694e-39,0.0,0.0,0.0,5.802629124680071e-65
2026-08-27T02:07:47.460251,1.12,-1.2970699901284704e-12,3.191848379705846e-39,0.0,0.0,0.0,0.0,0.0,1.0,-5.689242819797817e-10,1.2712702197640494e-39,0.0,0.0,0.0,2.591867795453468e-65
2026-08-27T02:07:47.534821,1.1400000000000001,-4.825532012561604e-13,2.7877269537831407e-39,0.0,0.0,0.0,0.0,0.0,1.0,-7.658977774639263e-11,1.0473459754716097e-39,0.0,0.0,0.0,1.106947175976726e-64
2026-08-27T02:07:47.614725,1.16,8.6605335246074e-14,2.0265816504247076e-39,0.0,0.0,0.0,0.0,0.0,1.0,-4.0110492526809803e-11,6.287793833447038e-40,0.0,0.0,0.0,-5.599562910279145e-65
2026-08-27T02:07:47.689777,1.18,-6.543893140876824e-13,2.194861885481569e-39,0.0,0.0,0.0,0.0,0.0,1.0,-2.789582578875769e-10,7.154401461925418e-40,0.0,0.0,0.0,-4.931184625195989e-65
2026-08-27T02:07:47.766286,1.2,4.870663905325271e-14,1.933532247252881e-39,0.0,0.0,0.0,0.0,0.0,1.0,1.168009829954626e-10,5.63922393562886e-40,0.0,0.0,0.0,5.476351660466168e-65
2026-08-27T02:07:47.851075,1.22,-4.4013869643124096e-13,1.5420903993108728e-39,0.0,0.0,0.0,0.0,0.0,1.0,-4.5991352000114387e-10,3.377436330567293e-40,0.0,0.0,0.0,6.871376144538606e-65
2026-08-27T02:07:47.927568,1.24,-1.586538681922293e-12,1.9476494375804683e-39,0.0,0.0,0.0,0.0,0.0,1.0,-5.131683377388764e-10,5.662793768803051e-40,0.0,0.0,0.0,-1.8352776112340482e-64
2026-08-27T02:07:48.008627,1.26,-8.650629843893945e-13,1.1987402611449009e-39,0.0,0.0,0.0,0.0,0.0,1.0,-3.014832482134045e-10,1.2577386946459064e-40,0.0,0.0,0.0,1.789112179565827e-64
2026-08-27T02:07:48.084228,1.28,-2.9090833720822433e-13,9.552838460288409e-40,0.0,0.0,0.0,0.0,0.0,1.0,-3.4573922660230535e-11,-1.990733809200317e-41,0.0,0.0,0.0,2.4986097685362354e-65
2026-08-27T02:07:48.162626,1.3,-1.4121445691515177e-13,2.6253170760112243e-40,0.0,0.0,0.0,0.0,0.0,1.0,-1.1833356680196168e-10,-4.348039940162213e-40,0.0,0.0,0.0,1.106233290991692e-64
2026-08-27T02:07:48.244768,1.32,-3.4095156615563487e-13,1.439316344877933e-40,0.0,0.0,0.0,0.0,0.0,1.0,-1.5185951437047662e-10,-5.045665426273591e-40,0.0,0.0,0.0,1.5116991485666044e-65
2026-08-27T02:07:48.318838,1.34,-5.385939851075049e-13,-4.836048965700853e-40,0.0,0.0,0.0,0.0,0.0,1.0,-2.335527323567201e-10,-8.867670214238735e-40,0.0,0.0,0.0,1.4968626710549977e-64
2026-08-27T02:07:48.397566,1.36,-7.980714625067287e-13,1.9191133374607585e-40,0.0,0.0,0.0,0.0,0.0,1.0,-3.6026027297529455e-10,-4.613599972341106e-40,0.0,0.0,0.0,-1.6009807065676586e-65
2026-08-27T02:07:48.475095,1.38,-1.2790301544627169e-12,8.401601538330323e-41,0.0,0.0,0.0,0.0,0.0,1.0,-4.1550663685543596e-10,-5.267107821534014e-40,0.0,0.0,0.0,6.31104698588808e-65
2026-08-27T02:07:48.554333,1.4,2.347936296049423e-13,6.902745016659602e-40,0.0,0.0,0.0,0.0,0.0,1.0,1.5696512899133694e-10,-1.3744187600830474e-40,0.0,0.0,0.0,3.940911333526945e-65
2026-08-27T02:07:48.634312,1.42,1.000203995993129e-12,-3.208500975095096e-40,0.0,0.0,0.0,0.0,0.0,1.0,4.418376290922857e-10,-7.89221547231924e-40,0.0,0.0,0.0,-4.1600775129578644e-64
2026-08-27T02:07:48.709722,1.44,1.0738249075803102e-12,-2.2415485569439798e-39,0.0,0.0,0.0,0.0,0.0,1.0,4.1592378204210155e-10,-2.0366577587625757e-39,0.0,0.0,0.0,-9.723166597639232e-64
2026-08-27T02:07:48.788239,1.46,-1.701950528405043e-14,-2.8595661412915355e-39,0.0,0.0,0.0,0.0,0.0,1.0,-1.1080564522430439e-10,-2.428357255082075e-39,0.0,0.0,0.0,-2.977200678859136e-65
2026-08-27T02:07:48.864924,1.48,-8.295620281499928e-13,-4.1665449658988555e-39,0.0,0.0,0.0,0.0,0.0,1.0,-3.200719180527275e-10,-3.2809053743774253e-39,0.0,0.0,0.0,5.3755181065461135e-64
2026-08-27T02:07:48.939872,1.5,3.089411759247774e-13,-4.072528981785282e-39,0.0,0.0,0.0,0.0,0.0,1.0,2.349804121491413e-10,-3.189785617712149e-39,0.0,0.0,0.0,-3.325313527108196e-66
2026-08-27T02:07:49.024071,1.52,8.811746062611604e-13,-3.004323619418886e-39,0.0,0.0,0.0,0.0,0.0,1.0,2.660154753268175e-10,-2.4333961606778196e-39,0.0,0.0,0.0,3.375747055771599e-64
2026-08-27T02:07:49.098652,1.54,-2.178783368818213e-13,-2.9249713127530292e-39,0.0,0.0,0.0,0.0,0.0,1.0,-1.7699375068325716e-10,-2.357368684507225e-39,0.0,0.0,0.0,-3.9725555122282366e-65
2026-08-27T02:07:49.178869,1.56,1.9908852693273504e-13,-2.2114855648727893e-39,0.0,0.0,0.0,0.0,0.0,1.0,1.2859801321962825e-10,-1.8390039920605746e-39,0.0,0.0,0.0,1.563154995086648e-64
2026-08-27T02:07:49.260040,1.58,3.440766862746534e-13,-1.542904491994697e-39,0.0,0.0,0.0,0.0,0.0,1.0,1.7077012025334178e-10,-1.3514041351516801e-39,0.0,0.0,0.0,-7.0453342867869175e-65
2026-08-27T02:07:49.338167,1.6,9.97861066425956e-13,-1.5164295256794242e-39,0.0,0.0,0.0,0.0,0.0,1.0,3.5984243015874107e-10,-1.3199777741444383e-39,0.0,0.0,0.0,2.5002476601223653e-65
2026-08-27T02:07:49.417382,1.62,6.34703346195999e-13,-2.486136971106766e-39,0.0,0.0,0.0,0.0,0.0,1.0,3.153199018893476e-10,-2.0041762081793626e-39,0.0,0.0,0.0,-3.769975067767032e-64
2026-08-27T02:07:49.492552,1.6400000000000001,2.7639683320423727e-13,-2.8676943858434145e-39,0.0,0.0,0.0,0.0,0.0,1.0,6.506953696428777e-11,-2.2618562734649243e-39,0.0,0.0,0.0,-2.5718723932807278e-65
2026-08-27T02:07:49.571405,1.6600000000000001,3.50209752263819e-13,-2.0183367834779556e-39,0.0,0.0,0.0,0.0,0.0,1.0,1.8609778330163935e-10,-1.6178522819549036e-39,0.0,0.0,0.0,-1.0677946996616908e-64
2026-08-27T02:07:49.649155,1.6800000000000002,8.277603219355236e-13,-1.637098370696008e-39,0.0,0.0,0.0,0.0,0.0,1.0,2.398792193391208e-10,-1.3198694902677201e-39,0.0,0.0,0.0,9.461964653328905e-65
2026-08-27T02:07:49.730112,1.7000000000000002,8.606635682030669e-13,-2.2914386382742352e-39,0.0,0.0,0.0,0.0,0.0,1.0,4.150911721279276e-10,-1.794550933369326e-39,0.0,0.0,0.0,-2.423224157169008e-64
2026-08-27T02:07:49.811151,1.7200000000000002,8.556602959785795e-13,-2.0674652673422892e-39,0.0,0.0,0.0,0.0,0.0,1.0,2.9518147374638613e-10,-1.6075857716560623e-39,0.0,0.0,0.0,1.7440493890553863e-64
2026-08-27T02:07:49.889695,1.74,1.775179684708879e-14,-3.805781252274294e-39,0.0,0.0,0.0,0.0,0.0,1.0,1.0117434374421223e-10,-2.9110036805785153e-39,0.0,0.0,0.0,-8.451372438842982e-65
2026-08-27T02:07:49.969834,1.76,5.642928774999593e-13,-4.1794934945146086e-39,0.0,0.0,0.0,0.0,0.0,1.0,2.306066365425838e-10,-3.167311601249011e-39,0.0,0.0,0.0,-4.96090180756938e-65
2026-08-27T02:07:50.047392,1.78,3.596786691979605e-13,-2.4475097455811794e-39,0.0,0.0,0.0,0.0,0.0,1.0,7.603647836281488e-11,-1.7962165499644727e-39,0.0,0.0,0.0,6.541560396141668e-65
2026-08-27T02:07:50.125017,1.8,2.4186859945922033e-13,-1.4519728303707872e-39,0.0,0.0,0.0,0.0,0.0,1.0,1.064235023484671e-10,-1.0010230942781122e-39,0.0,0.0,0.0,1.8383626388066733e-64
2026-08-27T02:07:50.207128,1.82,-2.7958963438626293e-13,-1.7660904467897016e-39,0.0,0.0,0.0,0.0,0.0,1.0,-1.616253909815556e-10,-1.2358990980922404e-39,0.0,0.0,0.0,1.8331589563989107e-65
2026-08-27T02:07:50.284301,1.84,-2.9351347239304813e-13,-4.6919019919977936e-39,0.0,0.0,0.0,0.0,0.0,1.0,-4.542968773860027e-11,-3.537811532311056e-39,0.0,0.0,0.0,1.215958872522275e-64
2026-08-27T02:07:50.364252,1.86,3.94183845630152e-13,-3.710821560121157e-39,0.0,0.0,0.0,0.0,0.0,1.0,2.1987084345581089e-10,-2.7165644622333916e-39,0.0,0.0,0.0,2.216607047448423e-64
2026-08-27T02:07:50.440153,1.88,1.605093041858756e-13,-4.3334997991286694e-39,0.0,0.0,0.0,0.0,0.0,1.0,-7.079483899708773e-12,-3.1868380479163166e-39,0.0,0.0,0.0,-1.4203176387129877e-64
2026-08-27T02:07:50.519732,1.9,-4.374662274361238e-13,-4.796204037119948e-39,0.0,0.0,0.0,0.0,0.0,1.0,-1.0266762011943223e-10,-3.52593109563398e-39,0.0,0.0,0.0,1.693150435652476e-65
2026-08-27T02:07:50.599646,1.92,-5.509789503510498e-13,-4.72547977253664e-39,0.0,0.0,0.0,0.0,0.0,1.0,-2.556208337719818e-10,-3.428373110385751e-39,0.0,0.0,0.0,-3.9702881107104036e-65
2026-08-27T02:07:50.679211,1.94,-7.584961644280963e-13,-3.617205620280004e-39,0.0,0.0,0.0,0.0,0.0,1.0,-3.511513577744013e-10,-2.4779804046045784e-39,0.0,0.0,0.0,-6.127558705713296e-64
2026-08-27T02:07:50.758999,1.96,-8.105951843356796e-13,-3.8977764673582566e-39,0.0,0.0,0.0,0.0,0.0,1.0,-3.978110273920171e-10,-2.6807226501929106e-39,0.0,0.0,0.0,1.221813334807629e-64
2026-08-27T02:07:50.833933,1.98,-3.184526260429543e-13,-3.0490007603509745e-39,0.0,0.0,0.0,0.0,0.0,1.0,-6.95358633480002e-11,-1.9409684444075462e-39,0.0,0.0,0.0,-1.0355263216145206e-64
2026-08-27T02:07:50.916257,2.0,-8.75569260048068e-14,-1.0542984622928607e-39,0.0,0.0,0.0,0.0,0.0,1.0,-6.0903782959519e-11,-2.421589204081386e-40,0.0,0.0,0.0,-1.23483965209534e-64
2026-08-27T02:07:50.996393,2.02,1.524869717343644e-13,-1.3978763178672451e-39,0.0,0.0,0.0,0.0,0.0,1.0,1.1304501860423186e-10,-5.266296023302565e-40,0.0,0.0,0.0,2.7709981605135206e-65
2026-08-27T02:07:51.072477,2.04,8.364793372726265e-13,-1.4743392180150235e-39,0.0,0.0,0.0,0.0,0.0,1.0,3.204245265116517e-10,-5.826101496517323e-40,0.0,0.0,0.0,-3.252344677380286e-65
2026-08-27T02:07:51.152992,2.06,8.616681049593613e-14,-1.4714888707315874e-39,0.0,0.0,0.0,0.0,0.0,1.0,1.158206066267936e-11,-5.704219532550365e-40,0.0,0.0,0.0,-8.683258191512428e-67
2026-08-27T02:07:51.230004,2.08,-2.18013370418654e-13,-3.9970048437915807e-39,0.0,0.0,0.0,0.0,0.0,1.0,-1.497539687199921e-10,-2.7367003174063986e-39,0.0,0.0,0.0,9.210855109101195e-65
2026-08-27T02:07:51.306275,2.1,-9.755325069874387e-14,-4.949480399865873e-39,0.0,0.0,0.0,0.0,0.0,1.0,6.814793533356598e-11,-3.5280885138457554e-39,0.0,0.0,0.0,-1.5626373554417954e-64
2026-08-27T02:07:51.385646,2.12,-2.8168140758524735e-13,-9.291619664153086e-39,0.0,0.0,0.0,0.0,0.0,1.0,-1.570657855214314e-10,-7.271669278211457e-39,0.0,0.0,0.0,1.1611682254621811e-63
2026-08-27T02:07:51.460984,2.14,4.2185491840179834e-13,-9.309633317503807e-39,0.0,0.0,0.0,0.0,0.0,1.0,2.477098250369507e-10,-7.200097204803977e-39,0.0,0.0,0.0,-3.4378674137240453e-66
2026-08-27T02:07:51.539748,2.16,1.3711860706139811e-12,-7.083888806506823e-39,0.0,0.0,0.0,0.0,0.0,1.0,5.546723627820362e-10,-5.1481151361955653e-39,0.0,0.0,0.0,1.2519443195358554e-63
2026-08-27T02:07:51.617452,2.18,1.1241345461523217e-12,-7.491546614423854e-39,0.0,0.0,0.0,0.0,0.0,1.0,4.2003148363416697e-10,-5.4454032699056644e-39,0.0,0.0,0.0,-1.5058124118604847e-64
2026-08-27T02:07:51.695759,2.2,-1.6191265811602968e-14,-6.013133244651984e-39,0.0,0.0,0.0,0.0,0.0,1.0,-1.382794452943828e-10,-4.056900423273074e-39,0.0,0.0,0.0,-3.855212230482771e-64
2026-08-27T02:07:51.778769,2.22,-4.3928570781026265e-13,-8.152002293302063e-39,0.0,0.0,0.0,0.0,0.0,1.0,-2.127622394400546e-10,-5.923722448474652e-39,0.0,0.0,0.0,1.3369931922395142e-64
2026-08-27T02:07:51.853410,2.24,-1.329099669635237e-13,-1.0211251132556495e-38,0.0,0.0,0.0,0.0,0.0,1.0,8.19660754336005e-11,-7.706394785484073e-39,0.0,0.0,0.0,1.668050524059498e-64
2026-08-27T02:07:51.935204,2.26,7.890725505332789e-13,-1.3555689541756628e-38,0.0,0.0,0.0,0.0,0.0,1.0,2.978645015372112e-10,-1.0642905703548444e-38,0.0,0.0,0.0,-5.659871165716512e-64
2026-08-27T02:07:52.010523,2.2800000000000002,3.4314788843258657e-13,-1.2298909348659927e-38,0.0,0.0,0.0,0.0,0.0,1.0,3.0257528719620174e-11,-9.362551277573512e-39,0.0,0.0,0.0,1.6959677484040037e-65
2026-08-27T02:07:52.087036,2.3,-6.294935831346462e-13,-1.1518871049349857e-38,0.0,0.0,0.0,0.0,0.0,1.0,-3.4100974989756047e-10,-8.527466267253899e-39,0.0,0.0,0.0,1.3322273241626321e-65
2026-08-27T02:07:52.171997,2.32,-1.5237833212236443e-12,-1.1315986321205146e-38,0.0,0.0,0.0,0.0,0.0,1.0,-5.445729223466089e-10,-8.22947931888661e-39,0.0,0.0,0.0,-2.0803133994481055e-64
2026-08-27T02:07:52.252537,2.34,-1.277537382630825e-12,-1.2002495136261406e-38,0.0,0.0,0.0,0.0,0.0,1.0,-5.815732803107418e-10,-8.75655263961423e-39,0.0,0.0,0.0,2.74054394025549e-64
2026-08-27T02:07:52.332678,2.36,-9.339413440913002e-13,-1.5982835381725021e-38,0.0,0.0,0.0,0.0,0.0,1.0,-2.457165498360222e-10,-1.2343322922605962e-38,0.0,0.0,0.0,9.365034020895464e-64
2026-08-27T02:07:52.413087,2.38,-4.579747891210695e-13,-1.8901169526038545e-38,0.0,0.0,0.0,0.0,0.0,1.0,-1.9718913754998048e-10,-1.4909575764726663e-38,0.0,0.0,0.0,5.529618097484846e-64
2026-08-27T02:07:52.492852,2.4,-2.9495908025866186e-15,-2.16759229543601e-38,0.0,0.0,0.0,0.0,0.0,1.0,6.96887417632225e-11,-1.7320246820952042e-38,0.0,0.0,0.0,-9.486929945737083e-65
2026-08-27T02:07:52.577960,2.42,6.494372649112145e-13,-2.1270427986795562e-38,0.0,0.0,0.0,0.0,0.0,1.0,3.047353939827045e-10,-1.671104938263596e-38,0.0,0.0,0.0,2.231506563937713e-64
2026-08-27T02:07:52.652073,2.44,5.478055540520884e-13,-1.7618783795463488e-38,0.0,0.0,0.0,0.0,0.0,1.0,1.9981545328659044e-10,-1.3030114675417992e-38,0.0,0.0,0.0,6.665918185049761e-64
2026-08-27T02:07:52.732833,2.46,2.1447321983439984e-13,-1.8102145484871168e-38,0.0,0.0,0.0,0.0,0.0,1.0,4.058452305369083e-11,-1.3313311682948605e-38,0.0,0.0,0.0,-1.7457028646227422e-65
2026-08-27T02:07:52.813340,2.48,5.876134149481651e-14,-1.726136515176242e-38,0.0,0.0,0.0,0.0,0.0,1.0,3.2580284783510945e-11,-1.232793066264537e-38,0.0,0.0,0.0,2.48413104516879e-65
2026-08-27T02:07:52.893121,2.5,-1.2216762859629953e-13,-1.7612429819438802e-38,0.0,0.0,0.0,0.0,0.0,1.0,-8.587285543700017e-11,-1.2493956410321603e-38,0.0,0.0,0.0,1.201747378359729e-65
2026-08-27T02:07:52.977034,2.52,-1.433692308958389e-13,-2.0016392988287932e-38,0.0,0.0,0.0,0.0,0.0,1.0,-3.715071186880664e-11,-1.4636046489180362e-38,0.0,0.0,0.0,-3.115158484055007e-64
2026-08-27T02:07:53.059381,2.54,-4.4818681923265354e-13,-1.9633266029914312e-38,0.0,0.0,0.0,0.0,0.0,1.0,-1.5408745010188699e-10,-1.4062033063927402e-38,0.0,0.0,0.0,-2.2550627101247674e-64
2026-08-27T02:07:53.139536,2.56,3.93083385451537e-13,-1.8387401617163345e-38,0.0,0.0,0.0,0.0,0.0,1.0,1.7067616989315491e-10,-1.2654313938917644e-38,0.0,0.0,0.0,3.514613444166686e-64
2026-08-27T02:07:53.222608,2.58,1.9554182192513943e-13,-1.640600497944928e-38,0.0,0.0,0.0,0.0,0.0,1.0,7.764855361610482e-11,-1.0541380476821422e-38,0.0,0.0,0.0,3.850942454155566e-64
2026-08-27T02:07:53.300286,2.6,-3.071470895942792e-13,-1.5772453116362357e-38,0.0,0.0,0.0,0.0,0.0,1.0,-1.5221168836248525e-10,-9.766492729750045e-39,0.0,0.0,0.0,1.123100171916549e-64
2026-08-27T02:07:53.383546,2.62,-1.1445900982723652e-12,-1.512580429567903e-38,0.0,0.0,0.0,0.0,0.0,1.0,-4.4547460905102094e-10,-8.985444419127197e-39,0.0,0.0,0.0,-3.336836449925505e-64
2026-08-27T02:07:53.463472,2.64,-4.938229359329762e-13,-1.806721794727639e-38,0.0,0.0,0.0,0.0,0.0,1.0,-1.1258392713920078e-10,-1.1749217018608742e-38,0.0,0.0,0.0,1.083739974132759e-63
2026-08-27T02:07:53.549310,2.66,7.552755668060366e-13,-1.7436608766618108e-38,0.0,0.0,0.0,0.0,0.0,1.0,3.0851938739211507e-10,-1.0951361259728887e-38,0.0,0.0,0.0,1.1064094823333645e-64
2026-08-27T02:07:53.632509,2.68,7.350072466706385e-13,-1.617662060395831e-38,0.0,0.0,0.0,0.0,0.0,1.0,2.247911307237064e-10,-9.53568002997669e-39,0.0,0.0,0.0,1.3494431775028415e-64
2026-08-27T02:07:53.724439,2.7,6.592221294546888e-13,-1.4918398125414536e-38,0.0,0.0,0.0,0.0,0.0,1.0,2.476789765577976e-10,-8.13515371658982e-39,0.0,0.0,0.0,4.4876235955959e-64
2026-08-27T02:07:53.812998,2.72,5.072628141588736e-13,-1.2584064586740032e-38,0.0,0.0,0.0,0.0,0.0,1.0,2.334838174444234e-10,-5.672267552230951e-39,0.0,0.0,0.0,3.670574424249712e-64
2026-08-27T02:07:53.905903,2.74,8.452336566353243e-13,-1.2952657710900393e-38,0.0,0.0,0.0,0.0,0.0,1.0,3.414667607102174e-10,-5.945115410721878e-39,0.0,0.0,0.0,-6.165949501201836e-65
2026-08-27T02:07:53.995990,2.76,1.0617203977239668e-12,-1.235831245026762e-38,0.0,0.0,0.0,0.0,0.0,1.0,3.999045952783435e-10,-5.2459850468253715e-39,0.0,0.0,0.0,3.969887076334471e-64
2026-08-27T02:07:54.079019,2.7800000000000002,-1.0964158362185688e-13,-1.241666680409468e-38,0.0,0.0,0.0,0.0,0.0,1.0,-1.1162997314169941e-10,-5.2127826079410114e-39,0.0,0.0,0.0,-5.691119728704548e-66
2026-08-27T02:07:54.159339,2.8,-0.00041999979200190644,-1.0743282431816405e-07,0.0,5.5918957415190824e-05,0.0,0.0,2.7959478703952605e-05,0.9999999996091338,-0.04199992490892972,-1.0879157357106826e-07,0.0,0.0,0.0,0.0249724413856457
2026-08-27T02:07:54.243253,2.8200000000000003,-0.0013859993360250344,-1.1699434919638686e-06,0.0,0.0005767324843075627,0.0,0.0,0.0002883662381572613,0.9999999584224555,-0.05459999112367593,-1.0010302287969854e-06,0.0,0.0,0.0,0.04707906938313887
2026-08-27T02:07:54.320162,2.84,-0.002477996305632503,-3.7397359417830254e-06,0.0,0.0016906887909962087,0.0,0.0,0.0008453442948165835,0.9999996426964478,-0.054600009535813475,-2.701282469960341e-06,0.0,0.0,0.0,0.0691431468204909
2026-08-27T02:07:54.402353,2.8600000000000003,-0.0036569279157695,-8.145134472376514e-06,0.0,0.0031070377555244555,0.0,0.0,0.0015535182528798141,0.9999987932897909,-0.05951399321145576,-4.70263605423224e-06,0.0,0.0,0.0,0.07255821469758356
2026-08-27T02:07:54.480377,2.88,-0.004850593857302129,-1.4332068863977925e-05,0.0,0.004562859242383865,0.0,0.0,0.002281427642082246,0.9999973975405706,-0.05985420012845984,-6.7312416347313436e-06,0.0,0.0,0.0,0.07298688244504908
2026-08-27T02:07:54.560582,2.9,-0.006048671953417472,-2.228912941920294e-05,0.0,0.006024215338694906,0.0,0.0,0.0030121031146448174,0.999995463607124,-0.059956260171035,-8.745666265325888e-06,0.0,0.0,0.0,0.07311272351383802
2026-08-27T02:07:54.644470,2.92,-0.0072477577059895295,-3.200568895836502e-05,0.0,0.00748681827806541,0.0,0.0,0.003743400396236921,0.9999929934521908,-0.059956260152669215,-1.0738742310568615e-05,0.0,0.0,0.0,0.07315007006930373
2026-08-27T02:07:54.721511,2.94,-0.008447532143056892,-4.348295014418189e-05,0.0,0.008950267419848057,0.0,0.0,0.0044751187728214875,0.9999899866058506,-0.059996063300221336,-1.2709913889618032e-05,0.0,0.0,0.0,0.07316127158114653
2026-08-27T02:07:54.801371,2.96,-0.009647407906433373,-5.671710174935543e-05,0.0,0.010413850634088728,0.0,0.0,0.005206901788654555,0.999986443994999,-0.059998819179457576,-1.4657985685283835e-05,0.0,0.0,0.0,0.0731646310807144
2026-08-27T02:07:54.882117,2.98,-0.01084729883850318,-7.170753422841029e-05,0.0,0.011877466606864395,0.0,0.0,0.005938698395071798,0.9999823657752033,-0.05999964592175723,-1.6582721509246356e-05,0.0,0.0,0.0,0.07316563887260914
2026-08-27T02:07:54.961610,3.0,-0.012047174814706029,-8.845396800570814e-05,0.0,0.013341081197689952,0.0,0.0,0.006670491130101569,0.9999777520265555,-0.05999964610574675,-1.8484082813038217e-05,0.0,0.0,0.0,0.07316594151331822
2026-08-27T02:07:55.043349,3.02,-0.013247030703602489,-0.00010695636213485411,0.0,0.014804692366723776,0.0,0.0,0.007402278581954893,0.9999726027605932,-0.05999996868045334,-2.03620758212986e-05,0.0,0.0,0.0,0.07316603296798777
2026-08-27T02:07:55.120550,3.04,-0.014446859197407893,-0.00012721461859444464,0.0,0.01626829377388095,0.0,0.0,0.008134057188819613,0.9999669180096155,-0.0599999908107294,-2.2216727465073337e-05,0.0,0.0,0.0,0.07316606145622173
2026-08-27T02:07:55.202746,3.06,-0.015646657050017245,-0.0001492286853623003,0.0,0.017731884760681108,0.0,0.0,0.008865826229660681,0.9999606977903008,-0.05999999698862381,-2.404807383005317e-05,0.0,0.0,0.0,0.07316607137406596
2026-08-27T02:07:55.288563,3.08,-0.016846421490646867,-0.00017299851246660428,0.0,0.019195465460780436,0.0,0.0,0.009597585379520003,0.9999539421167771,-0.059999999329635643,-2.5856162427015856e-05,0.0,0.0,0.0,0.07316607609788718
2026-08-27T02:07:55.371842,3.1,-0.01804614989013721,-0.00019852404812558037,0.0,0.020659038023253196,0.0,0.0,0.010329335321112089,0.9999466509928537,-0.060000000700933816,-2.7641014941863453e-05,0.0,0.0,0.0,0.07316607962066915
2026-08-27T02:07:55.454227,3.12,-0.019245839656057813,-0.0002258052373344914,0.0,0.022122600914931123,0.0,0.0,0.011061074896128458,0.9999388244398465,-0.06000000033439023,-2.9402710137379592e-05,0.0,0.0,0.0,0.07316608312044798
2026-08-27T02:07:55.535877,3.14,-0.020445488216340478,-0.0002548420216919762,0.0,0.023586154129346507,0.0,0.0,0.011792803709599502,0.9999304624725995,-0.0600000003790886,-3.114132207182335e-05,0.0,0.0,0.0,0.07316608681487081
2026-08-27T02:07:55.616575,3.16,-0.021645093001052385,-0.00028563433907499,0.0,0.02504969829448101,0.0,0.0,0.012524521683774234,0.9999215651022797,-0.06000000027607739,-3.2856916392227454e-05,0.0,0.0,0.0,0.0731660909117947
2026-08-27T02:07:55.697534,3.18,-0.022844651439651392,-0.000318182123566702,0.0,0.02651323365462188,0.0,0.0,0.013256228549078404,0.9999121323419646,-0.06000000006139089,-3.4549572869226215e-05,0.0,0.0,0.0,0.07316609544607673
2026-08-27T02:07:55.778891,3.2,-0.024044160963594217,-0.00035248530559122977,0.0,0.02797676044301811,0.0,0.0,0.01398792403043242,0.999902164204738,-0.060000000004956866,-3.6219379880450345e-05,0.0,0.0,0.0,0.07316611538377502
2026-08-27T02:07:55.867263,3.22,-0.02524361900480935,-0.00038854381186747487,0.0,0.029440279921020718,0.0,0.0,0.014719608366765058,0.9998916606960622,-0.060000000235686975,-3.7866412930529484e-05,0.0,0.0,0.0,0.07316612073493725
2026-08-27T02:07:55.945652,3.24,-0.026443022993005137,-0.0004263575652589985,0.0,0.030903791745404696,0.0,0.0,0.015451280994802795,0.9998806218322364,-0.0600000000858003,-3.949077226997445e-05,0.0,0.0,0.0,0.07316612646808077
2026-08-27T02:07:56.025411,3.26,-0.027642370359615396,-0.0004659264849023394,0.0,0.032367295277860204,0.0,0.0,0.01618294120377291,0.9998690476327363,-0.05999999981598644,-4.109257856707257e-05,0.0,0.0,0.0,0.07316613250256065
2026-08-27T02:07:56.111924,3.2800000000000002,-0.028841658537855638,-0.0005072504862001444,0.0,0.03383079151494294,0.0,0.0,0.016914589100250708,0.9998569381044319,-0.05999999987330362,-4.2671925800918524e-05,0.0,0.0,0.0,0.07316613886311195
2026-08-27T02:07:56.238962,3.3,-0.030040884958741434,-0.0005503294808059552,0.0,0.03529428123892853,0.0,0.0,0.017646224683680857,0.9998442932549113,-0.06000000004151209,-4.422891494816776e-05,0.0,0.0,0.0,0.07316614559367393
2026-08-27T02:07:56.361268,3.32,-0.031240047052723038,-0.000595163376614767,0.0,0.03675776358662297,0.0,0.0,0.01837784713090815,0.999831113106025,-0.05999999973786264,-4.576368487206708e-05,0.0,0.0,0.0,0.07316615263001076
2026-08-27T02:07:56.456397,3.34,-0.03243914225373852,-0.0006417520778089655,0.0,0.038221239742447295,0.0,0.0,0.019109456642437114,0.9998173976616084,-0.060000000034259975,-4.7276340191890926e-05,0.0,0.0,0.0,0.07316615992270113
2026-08-27T02:07:56.554137,3.36,-0.03363816799273671,-0.0006900954848157676,0.0,0.039684709712744404,0.0,0.0,0.019841052829832544,0.9998031469357375,-0.05999999998560396,-4.876700903063843e-05,0.0,0.0,0.0,0.07316616752954959
2026-08-27T02:07:56.634214,3.38,-0.03483712170167787,-0.0007401934942763751,0.0,0.04114817344055766,0.0,0.0,0.020572635273031374,0.9997883609434163,-0.0599999999709112,-5.023582991583773e-05,0.0,0.0,0.0,0.07316617537411906
2026-08-27T02:07:56.713681,3.4,-0.036036000813447516,-0.0007920459991108327,0.0,0.0426116311700624,0.0,0.0,0.021304203702519738,0.9997730396968112,-0.05999999985636533,-5.168293694168377e-05,0.0,0.0,0.0,0.07316618345698685
2026-08-27T02:07:56.797774,3.42,-0.037234802760454225,-0.0008456528884631708,0.0,0.04407508305033403,0.0,0.0,0.02203575780125353,0.9997571832090653,-0.059999999813687636,-5.31084715567268e-05,0.0,0.0,0.0,0.07316619178321422
2026-08-27T02:07:56.876231,3.44,-0.03843352497605596,-0.0009010140477602151,0.0,0.045538529624896025,0.0,0.0,0.02276729744937239,0.9997407914888998,-0.05999999999552302,-5.4512567753771774e-05,0.0,0.0,0.0,0.07316620033779438
2026-08-27T02:07:56.956799,3.46,-0.03963216489261164,-0.0009581293586275426,0.0,0.047001971163141754,0.0,0.0,0.023498822389986088,0.999723864547748,-0.06000000011843415,-5.589536902303194e-05,0.0,0.0,0.0,0.0731662091118428
2026-08-27T02:07:57.037730,3.48,-0.04083071994243722,-0.0010169986989259187,0.0,0.048465407476249396,0.0,0.0,0.02423033213716968,0.9997064024024865,-0.059999999969340106,-5.7257035434202634e-05,0.0,0.0,0.0,0.0731662180702771
2026-08-27T02:07:57.119902,3.5,-0.04202918756002874,-0.0010776219428576094,0.0,0.0499288390397985,0.0,0.0,0.024961826537117038,0.9996884050622629,-0.06000000028421261,-5.8597713367465964e-05,0.0,0.0,0.0,0.07316622719591102
2026-08-27T02:07:57.202877,3.52,-0.043227565178395023,-0.0011399989607960674,0.0,0.051392266236176556,0.0,0.0,0.02569330538943906,0.9996698725370116,-0.060000000311223656,-5.991755074655874e-05,0.0,0.0,0.0,0.07316623650215541
2026-08-27T02:07:57.283213,3.54,-0.04442585022966947,-0.0012041296193054355,0.0,0.05285568842625965,0.0,0.0,0.026424767983169548,0.9996508048498914,-0.060000000055406365,-6.121673200318953e-05,0.0,0.0,0.0,0.07316624595814672
2026-08-27T02:07:57.366711,3.56,-0.04562404014921412,-0.0012700137813507451,0.0,0.054319105874111706,0.0,0.0,0.027156214058809056,0.9996312020130185,-0.059999999867004494,-6.249541739421055e-05,0.0,0.0,0.0,0.07316625553883832
2026-08-27T02:07:57.445204,3.58,-0.046822132371478496,-0.001337651306063767,0.0,0.055782519085501914,0.0,0.0,0.027887643477668773,0.9996110640350389,-0.06000000002271295,-6.375375883166897e-05,0.0,0.0,0.0,0.07316626528752455
2026-08-27T02:07:57.523367,3.6,-0.04802012433016539,-0.0014070420487447806,0.0,0.057245928646474376,0.0,0.0,0.028619056141175384,0.9995903909229962,-0.06000000009810771,-6.499191484396511e-05,0.0,0.0,0.0,0.07316627518809801
2026-08-27T02:07:57.606156,3.62,-0.04921801345918475,-0.0014781858610559537,0.0,0.05870933425533753,0.0,0.0,0.029350451507068907,0.9995691826963911,-0.06000000023334941,-6.621006375378593e-05,0.0,0.0,0.0,0.07316628520616751
2026-08-27T02:07:57.682280,3.64,-0.05041579719341519,-0.001551082590831223,0.0,0.060172736098685245,0.0,0.0,0.030081829277148763,0.9995474393681074,-0.060000000078307546,-6.740838177639589e-05,0.0,0.0,0.0,0.07316629530365223
2026-08-27T02:07:57.766102,3.66,-0.05161347296808853,-0.0016257320823122468,0.0,0.061636134498017185,0.0,0.0,0.030813189220641708,0.9995251609489643,-0.06000000032466452,-6.85870345726257e-05,0.0,0.0,0.0,0.07316630550060654
2026-08-27T02:07:57.843331,3.68,-0.05281103821757756,-0.001702134175833473,0.0,0.06309952925437924,0.0,0.0,0.03154453084667706,0.9995023474578052,-0.05999999996154115,-6.974620726772212e-05,0.0,0.0,0.0,0.07316631578504788
2026-08-27T02:07:57.922986,3.7,-0.054008490377170336,-0.0017802887080169733,0.0,0.06456292038444289,0.0,0.0,0.032275853772164485,0.9994789989105713,-0.05999999990094985,-7.08860836613779e-05,0.0,0.0,0.0,0.07316632613578897
2026-08-27T02:07:58.004157,3.72,-0.055205826884562,-0.0018601955118740425,0.0,0.06602630886195239,0.0,0.0,0.03300715809230332,0.9994551153076708,-0.06000000025148152,-7.200681283053872e-05,0.0,0.0,0.0,0.07316633656651195
2026-08-27T02:07:58.083370,3.74,-0.05640304517412796,-0.0019418544164405138,0.0,0.06748969484570555,0.0,0.0,0.033738443495019206,0.9994306966621215,-0.06000000065834406,-7.31085732692083e-05,0.0,0.0,0.0,0.07316634707645907
2026-08-27T02:07:58.171366,3.76,-0.0576001426813181,-0.002025265247017358,0.0,0.06895307805290328,0.0,0.0,0.03446970944757633,0.9994057429946056,-0.06000000072542746,-7.419155603945207e-05,0.0,0.0,0.0,0.07316635759959209
2026-08-27T02:07:58.250118,3.7800000000000002,-0.05879711684203786,-0.0021104278251325085,0.0,0.07041645817543785,0.0,0.0,0.035200955404620475,0.9993802543269513,-0.06000000055983192,-7.525596831674661e-05,0.0,0.0,0.0,0.07316636812575292
2026-08-27T02:07:58.329346,3.8,-0.05999396509465962,-0.002197341968874456,0.0,0.07187983589078417,0.0,0.0,0.03593218131330092,0.9993542306640164,-0.0600000007124662,-7.630196958790955e-05,0.0,0.0,0.0,0.07316637867358687
2026-08-27T02:07:58.413182,3.8200000000000003,-0.06119068487454277,-0.0022860074922590942,0.0,0.07334321081045925,0.0,0.0,0.03666338658812536,0.9993276720294949,-0.060000000548261836,-7.732976364528595e-05,0.0,0.0,0.0,0.07316638926440082
2026-08-27T02:07:58.492342,3.84,-0.06238727361893744,-0.0023764242056629045,0.0,0.0748065827954072,0.0,0.0,0.03739457076826304,0.9993005784432717,-0.06000000015260258,-7.833954628260166e-05,0.0,0.0,0.0,0.07316639985224445
2026-08-27T02:07:58.575780,3.8600000000000003,-0.06358372876563925,-0.002468591915732825,0.0,0.07626995180375216,0.0,0.0,0.038125733441460564,0.9992729499238687,-0.05999999983057193,-7.933151181855728e-05,0.0,0.0,0.0,0.0731664104635753
2026-08-27T02:07:58.657174,3.88,-0.06478004775406469,-0.0025625104254711605,0.0,0.07773331896833204,0.0,0.0,0.0388568747823956,0.9992447864673326,-0.06000000007957528,-8.030580807852171e-05,0.0,0.0,0.0,0.07316642110817494
2026-08-27T02:07:58.737536,3.9,-0.06597622801964734,-0.002658179533807106,0.0,0.07919668361198752,0.0,0.0,0.039587994061407394,0.9992160881041667,-0.05999999972932792,-8.126265291015098e-05,0.0,0.0,0.0,0.07316643178905204
2026-08-27T02:07:58.826245,3.92,-0.06717226700217521,-0.002755599036229887,0.0,0.08066004637297121,0.0,0.0,0.040319091206059976,0.9991868548396328,-0.05999999994932826,-8.220221494781875e-05,0.0,0.0,0.0,0.07316644242840956
2026-08-27T02:07:58.906728,3.94,-0.06836816214116165,-0.0028547687244414735,0.0,0.08212340796635155,0.0,0.0,0.04105016618227032,0.9991570866767687,-0.06000000043802488,-8.312465710084438e-05,0.0,0.0,0.0,0.0731664530726493
2026-08-27T02:07:58.993390,3.96,-0.06956391087259912,-0.002955688386084408,0.0,0.08358676746079664,0.0,0.0,0.04178121813344531,0.9991267836522477,-0.060000000215775846,-8.40302090224742e-05,0.0,0.0,0.0,0.0731664636777231
2026-08-27T02:07:59.077872,3.98,-0.07075951063730507,-0.0030583578054151047,0.0,0.08505012534933076,0.0,0.0,0.04251224691459715,0.9990959457741145,-0.0600000003112805,-8.491904419142249e-05,0.0,0.0,0.0,0.0731664741940221
2026-08-27T02:07:59.155870,4.0,-0.07195495887425447,-0.003162776762765353,0.0,0.08651348103161773,0.0,0.0,0.043243251834553575,0.9990645730736194,-0.05999999998235269,-8.579138061819148e-05,0.0,0.0,0.0,0.07316648468558253
2026-08-27T02:07:59.240781,4.02,-0.07315025302375443,-0.003268945034803783,0.0,0.08797683478084208,0.0,0.0,0.043974232638533305,0.9990326655639705,-0.05999999966713903,-8.664740028322177e-05,0.0,0.0,0.0,0.07316649511817715
2026-08-27T02:07:59.319301,4.04,-0.0743453905268611,-0.0033768623944913597,0.0,0.08944018755093187,0.0,0.0,0.0447051894117847,0.9990002232430464,-0.060000000061897894,-8.748725694070913e-05,0.0,0.0,0.0,0.07316650553317564
2026-08-27T02:07:59.402769,4.06,-0.07554036882361627,-0.0034865286109262623,0.0,0.09090353905160065,0.0,0.0,0.04543612161804415,0.9989672461358833,-0.060000000211644394,-8.831115496032601e-05,0.0,0.0,0.0,0.07316651591162791
2026-08-27T02:07:59.483192,4.08,-0.0767351853544278,-0.003597943449459847,0.0,0.09236688945855541,0.0,0.0,0.04616702895383015,0.9989337342574712,-0.06000000035410089,-8.91192787533606e-05,0.0,0.0,0.0,0.07316652618683078
2026-08-27T02:07:59.566774,4.1,-0.07792983755956516,-0.00371110667164871,0.0,0.09383023827278562,0.0,0.0,0.046897910778676735,0.9988996876386513,-0.060000000121705005,-8.991184183741026e-05,0.0,0.0,0.0,0.07316653637850049
2026-08-27T02:07:59.656716,4.12,-0.0791243228818093,-0.0038260180354711603,0.0,0.09529358575434532,0.0,0.0,0.047628766831269057,0.9988651062932035,-0.06000000008942921,-9.068902062194875e-05,0.0,0.0,0.0,0.07316654647384252
2026-08-27T02:07:59.735359,4.14,-0.08031863876306067,-0.003942677295017581,0.0,0.09675693216209072,0.0,0.0,0.04835959684969166,0.9988299902348423,-0.06000000010467588,-9.145100422832672e-05,0.0,0.0,0.0,0.07316655650790957
2026-08-27T02:07:59.820304,4.16,-0.08151278264598026,-0.0040610842008242855,0.0,0.09822027771438967,0.0,0.0,0.049090400551806794,0.9987943394781846,-0.060000000275492855,-9.219796916868458e-05,0.0,0.0,0.0,0.07316656646159317
2026-08-27T02:07:59.903671,4.18,-0.08270675197229983,-0.004181238499465651,0.0,0.09968362226295246,0.0,0.0,0.04982117747237523,0.9987581540469475,-0.06000000027572063,-9.293011181149109e-05,0.0,0.0,0.0,0.07316657631660013
2026-08-27T02:07:59.984696,4.2,-0.08390054418566525,-0.004303139933920772,0.0,0.10114696630519805,0.0,0.0,0.05055192746862571,0.99872143394903,-0.060000000586815094,-9.364759932801069e-05,0.0,0.0,0.0,0.07316658605716388
2026-08-27T02:08:00.068308,4.22,-0.08509415672823495,-0.004426788243238049,0.0,0.10261030901158333,0.0,0.0,0.05128264973515777,0.9986841792259158,-0.060000000254603815,-9.435065731600481e-05,0.0,0.0,0.0,0.07316659569305299
2026-08-27T02:08:00.158364,4.24,-0.08628758704448909,-0.004552183162886393,0.0,0.10407365053441486,0.0,0.0,0.05201334395690926,0.9986463898950521,-0.06000000012796171,-9.503946339354662e-05,0.0,0.0,0.0,0.07316660518865536
2026-08-27T02:08:00.252841,4.26,-0.08748083257965797,-0.004679324424604362,0.0,0.10553699129451033,0.0,0.0,0.05274400995289184,0.9986080659668684,-0.06000000007008816,-9.571419423536656e-05,0.0,0.0,0.0,0.07316661460246125
2026-08-27T02:08:00.337198,4.28,-0.08867389077733503,-0.004808211756321852,0.0,0.10700033145591624,0.0,0.0,0.05347464741389943,0.9985692074583309,-0.06000000020035717,-9.6375024517375e-05,0.0,0.0,0.0,0.07316662392273884
2026-08-27T02:08:00.421614,4.3,-0.08986675908306525,-0.004938844882302581,0.0,0.10846367103058308,0.0,0.0,0.05420525595479311,0.9985298143905746,-0.06000000027475183,-9.702213877057958e-05,0.0,0.0,0.0,0.07316663311942778
2026-08-27T02:08:00.509391,4.32,-0.0910594349400816,-0.005071223522775017,0.0,0.1099270091068272,0.0,0.0,0.05493583472932967,0.9984898868103731,-0.059999999646227396,-9.765576375718701e-05,0.0,0.0,0.0,0.07316664218040163
2026-08-27T02:08:00.590585,4.34,-0.09225191579646254,-0.0052053473947045546,0.0,0.11139034670366232,0.0,0.0,0.05566638385520797,0.9984494247123811,-0.059999999747617765,-9.827603628696293e-05,0.0,0.0,0.0,0.07316665110410743
2026-08-27T02:08:00.671027,4.36,-0.09344419909919921,-0.005341216211160677,0.0,0.11285368399626082,0.0,0.0,0.056396903028812284,0.998408428113845,-0.059999999948832,-9.88831303482721e-05,0.0,0.0,0.0,0.07316665995480498
2026-08-27T02:08:00.755938,4.38,-0.09463628229293415,-0.005478829681163319,0.0,0.11431702086582841,0.0,0.0,0.057127391799785786,0.9983668970404386,-0.06000000001128448,-9.947723256325821e-05,0.0,0.0,0.0,0.07316666865957619
2026-08-27T02:08:00.843362,4.4,-0.09582816282527679,-0.005618187510273456,0.0,0.11578035761130458,0.0,0.0,0.05785784992631531,0.9983248315062107,-0.06000000027478995,-0.00010005850887887529,0.0,0.0,0.0,0.07316667720527319
2026-08-27T02:08:00.925812,4.42,-0.09701983814371837,-0.005759289400251524,0.0,0.11724369374579655,0.0,0.0,0.05858827677433809,0.9982822315480796,-0.060000000167270924,-0.0001006271613022238,0.0,0.0,0.0,0.07316668559962454
2026-08-27T02:08:01.002139,4.44,-0.09821130569528641,-0.005902135048987688,0.0,0.11870702926024632,0.0,0.0,0.05931867194834674,0.9982390971897888,-0.060000000071127484,-0.00010118336432045116,0.0,0.0,0.0,0.07316669382020978
2026-08-27T02:08:01.085007,4.46,-0.0994025629297216,-0.006046724150874932,0.0,0.12017036424692897,0.0,0.0,0.0600490351034276,0.9981954284523383,-0.05999999991916011,-0.00010172729835626715,0.0,0.0,0.0,0.07316670190191897
2026-08-27T02:08:01.168272,4.48,-0.10059360729524683,-0.0061930563964629915,0.0,0.12163369881259899,0.0,0.0,0.06077936590190322,0.99815122535644,-0.059999999863483054,-0.00010225912982978418,0.0,0.0,0.0,0.07316670984400973
2026-08-27T02:08:01.252991,4.5,-0.10178443624195038,-0.006341131472659965,0.0,0.12309703354828326,0.0,0.0,0.061509664247782266,0.9981064879080414,-0.060000000201430426,-0.00010277900409873207,0.0,0.0,0.0,0.07316671763950665
2026-08-27T02:08:01.332012,4.52,-0.10297504721824904,-0.006490949062378203,0.0,0.12456036776637272,0.0,0.0,0.06223992940695954,0.9980612161523043,-0.060000000054018204,-0.00010328712747066888,0.0,0.0,0.0,0.07316672528011306
2026-08-27T02:08:01.412290,4.54,-0.10416543768772886,-0.006642508741366396,0.0,0.12602335322982183,0.0,0.0,0.06296998721556261,0.9980154210782877,-0.05999999981340318,-0.00010378355622050485,0.0,0.0,0.0,0.07313191720049432
2026-08-27T02:08:01.492869,4.5600000000000005,-0.10535560518238385,-0.00679580956367175,0.0,0.12748598983762618,0.0,0.0,0.06369983725650813,0.9979691030956291,-0.059999999877848514,-0.00010426843913982429,0.0,0.0,0.0,0.07313186879556373
2026-08-27T02:08:01.573786,4.58,-0.10654554716939245,-0.0069508510968193165,0.0,0.12894862592049883,0.0,0.0,0.0644296529671761,0.9979222513896207,-0.06000000026307038,-0.00010474204336599854,0.0,0.0,0.0,0.07313184600086373
2026-08-27T02:08:01.659111,4.6,-0.10773526110138504,-0.007107633008356623,0.0,0.13041126128361968,0.0,0.0,0.0651594338600759,0.9978748659922417,-0.060000000162940055,-0.0001052045717849853,0.0,0.0,0.0,0.07313184893794009
2026-08-27T02:08:01.745218,4.62,-0.10892474443270567,-0.007266154962803796,0.0,0.13187389613711306,0.0,0.0,0.0658891796497871,0.9978269469227007,-0.05999999994415189,-0.00010565619290760438,0.0,0.0,0.0,0.0731318517072756
2026-08-27T02:08:01.828199,4.64,-0.11011399462025252,-0.007426416621305225,0.0,0.1333365308071195,0.0,0.0,0.06661889010876793,0.99777849419632,-0.0599999999775282,-0.00010609705534015074,0.0,0.0,0.0,0.07313185432256208
2026-08-27T02:08:01.909134,4.66,-0.11130300911819625,-0.0075884176408563455,0.0,0.13479916496058172,0.0,0.0,0.06734856468061379,0.9977295078504299,-0.059999999771598395,-0.00010652733917518358,0.0,0.0,0.0,0.07313185676722941
2026-08-27T02:08:01.991632,4.68,-0.11249178538312675,-0.007752157674979224,0.0,0.13626179895022705,0.0,0.0,0.06807820315106915,0.9976799878997883,-0.059999999762728726,-0.0001069471883639226,0.0,0.0,0.0,0.07313185901614495
2026-08-27T02:08:02.078817,4.7,-0.11368032087242301,-0.007917636373512244,0.0,0.1377244331761647,0.0,0.0,0.06880780532949812,0.9976299343572935,-0.06000000005902942,-0.00010735674295368065,0.0,0.0,0.0,0.0731318610931896
2026-08-27T02:08:02.162517,4.72,-0.11486861304087102,-0.00808485338214243,0.0,0.13918706650133128,0.0,0.0,0.06953737025851826,0.9975793472889912,-0.05999999956625632,-0.00010775621971334398,0.0,0.0,0.0,0.07313186297084646
2026-08-27T02:08:02.242799,4.74,-0.11605665934795156,-0.008253808343405436,0.0,0.1406496999396261,0.0,0.0,0.07026689805370558,0.9975282266873003,-0.05999999966999286,-0.00010814572405976966,0.0,0.0,0.0,0.07313186461766293
2026-08-27T02:08:02.323442,4.76,-0.11724445725188584,-0.008424500895871025,0.0,0.1421123330554872,0.0,0.0,0.07099638810765099,0.9974765725948995,-0.059999999586296635,-0.00010852543463378687,0.0,0.0,0.0,0.0731318661166837
2026-08-27T02:08:02.402714,4.78,-0.11843200421031855,-0.00859693067422501,0.0,0.1435749661357795,0.0,0.0,0.07172584017329373,0.9974243850294794,-0.05999999960897535,-0.0001088954900506526,0.0,0.0,0.0,0.07313186738370858
2026-08-27T02:08:02.481904,4.8,-0.11961929768339233,-0.00877109730970558,0.0,0.14503759916104286,0.0,0.0,0.07245525385080377,0.9973716640196951,-0.05999999966489602,-0.00010925604571068795,0.0,0.0,0.0,0.07313186851765228
2026-08-27T02:08:02.567725,4.82,-0.12080633513013164,-0.00894700042961196,0.0,0.1465002322791653,0.0,0.0,0.07318462882382336,0.9973184095883918,-0.05999999976057464,-0.00010960724439496195,0.0,0.0,0.0,0.07313186941249283
2026-08-27T02:08:02.647069,4.84,-0.12199311401130145,-0.0091246396576835,0.0,0.14796286534408143,0.0,0.0,0.07391396462942498,0.9972646217693477,-0.059999999815236134,-0.0001099492435534122,0.0,0.0,0.0,0.07313187006033016
2026-08-27T02:08:02.726795,4.86,-0.12317963178773374,-0.009304014613868749,0.0,0.14942549895137303,0.0,0.0,0.07464326117450693,0.9972103005691599,-0.060000000178859626,-0.00011028215958907129,0.0,0.0,0.0,0.07313187049460292
2026-08-27T02:08:02.805611,4.88,-0.12436588592118065,-0.00948512491444968,0.0,0.15088813281711033,0.0,0.0,0.07537251792741846,0.9971554460269878,-0.06000000048495137,-0.00011060615469875122,0.0,0.0,0.0,0.07313187071651267
2026-08-27T02:08:02.885121,4.9,-0.12555187387087194,-0.009667970171527682,0.0,0.15235076583155752,0.0,0.0,0.07610173394485513,0.9971000582141125,-0.05999999994022624,-0.00011092143194059965,0.0,0.0,0.0,0.07313187067814722
2026-08-27T02:08:02.966831,4.92,-0.1267375931017544,-0.009852549994261306,0.0,0.15381339859371138,0.0,0.0,0.07683090913549874,0.9970441371380772,-0.059999999726168395,-0.0001112281033843109,0.0,0.0,0.0,0.07313187039934516
2026-08-27T02:08:03.047244,4.94,-0.12792304107803792,-0.010038863987900755,0.0,0.15527603170591806,0.0,0.0,0.07756004340965618,0.9969876828057066,-0.05999999999167468,-0.00011152627970702112,0.0,0.0,0.0,0.07313186996338544
2026-08-27T02:08:03.126554,4.96,-0.12910821526122884,-0.010226911753472998,0.0,0.15673866425963734,0.0,0.0,0.07828913592446352,0.9969306952823757,-0.059999999705767665,-0.00011181614983824449,0.0,0.0,0.0,0.07313186932380798
2026-08-27T02:08:03.207855,4.98,-0.13029311311620587,-0.010416692888718871,0.0,0.15820129692760346,0.0,0.0,0.07901818662534808,0.9968731745725941,-0.05999999966596651,-0.00011209781639861315,0.0,0.0,0.0,0.07313186843340888
2026-08-27T02:08:03.288336,5.0,-0.13147773210986757,-0.010608206987896898,0.0,0.15966393008488078,0.0,0.0,0.07974719530932148,0.9968151206920454,-0.060000000086946635,-0.00011237139766568018,0.0,0.0,0.0,0.07313186736061951
2026-08-27T02:08:03.374751,5.02,-0.13266206970500535,-0.010801453640805952,0.0,0.16112656343140275,0.0,0.0,0.08047616143690313,0.9967565336833171,-0.06000000019489464,-0.00011263704486922772,0.0,0.0,0.0,0.07313186605283012
2026-08-27T02:08:03.457503,5.04,-0.13384612336827298,-0.010996432434052258,0.0,0.1625891963738484,0.0,0.0,0.08120508432252704,0.9966974136016262,-0.0600000000170157,-0.00011289492549303185,0.0,0.0,0.0,0.07313186448022237
2026-08-27T02:08:03.544172,5.06,-0.13502989056624448,-0.011193142950425025,0.0,0.16405182949985878,0.0,0.0,0.08193396386921643,0.9966377604549599,-0.06000000001405462,-0.00011314513825097423,0.0,0.0,0.0,0.07313186266442855
2026-08-27T02:08:03.624917,5.08,-0.13621336876685913,-0.011391584769102818,0.0,0.16551446175619325,0.0,0.0,0.08266279916231467,0.9965775743185529,-0.0599999995961362,-0.00011338787332062905,0.0,0.0,0.0,0.07313186065012446
2026-08-27T02:08:03.701682,5.1,-0.1373965554371022,-0.011591757465309856,0.0,0.16697709409159733,0.0,0.0,0.08339159028482267,0.9965168551859864,-0.05999999948325631,-0.00011362320828566562,0.0,0.0,0.0,0.07313185839095972
2026-08-27T02:08:03.784626,5.12,-0.13857944804816627,-0.011793660611161258,0.0,0.16843972680890218,0.0,0.0,0.08412033699783761,0.996455603076911,-0.05999999981457096,-0.00011385125603832579,0.0,0.0,0.0,0.07313185596742454
2026-08-27T02:08:03.864062,5.14,-0.13976204406688766,-0.011997293774231622,0.0,0.16990235999900796,0.0,0.0,0.08484903895685965,0.9963938180198115,-0.06000000007214928,-0.00011407213760331985,0.0,0.0,0.0,0.07313185330497855
2026-08-27T02:08:03.947514,5.16,-0.14094434096340416,-0.012202656518832906,0.0,0.17136499300155883,0.0,0.0,0.08557769544315111,0.9963315000754716,-0.06000000004783183,-0.00011428601450726703,0.0,0.0,0.0,0.07313185037927088
2026-08-27T02:08:04.026451,5.18,-0.14212633620662865,-0.012409748405248755,0.0,0.1728276252484462,0.0,0.0,0.08630630578403226,0.9962686493019406,-0.05999999949432104,-0.00011449304081302127,0.0,0.0,0.0,0.07313184718169725
2026-08-27T02:08:04.104870,5.2,-0.1433080272702227,-0.012618568990765406,0.0,0.17429025756565464,0.0,0.0,0.08703487000132168,0.9962052656977141,-0.05999999947007356,-0.00011469329390157942,0.0,0.0,0.0,0.07313184376252307
2026-08-27T02:08:04.191812,5.22,-0.14448941162591197,-0.012829117828535047,0.0,0.17575289023635365,0.0,0.0,0.087763387846398,0.9961413492841881,-0.059999999725113745,-0.00011488688144325997,0.0,0.0,0.0,0.07313184016488458
2026-08-27T02:08:04.270469,5.24,-0.1456704867457861,-0.013041394467966363,0.0,0.17721552393750484,0.0,0.0,0.08849185926675174,0.9960769000652075,-0.06000000038705041,-0.00011507388100694326,0.0,0.0,0.0,0.07313183632336066
2026-08-27T02:08:04.353242,5.26,-0.1468512501017878,-0.013255398454563737,0.0,0.1786781574653542,0.0,0.0,0.08922028327320237,0.9960119181278151,-0.06000000044081266,-0.00011525447871722369,0.0,0.0,0.0,0.07313183221491268
2026-08-27T02:08:04.432023,5.28,-0.14803169916646947,-0.013471129330144924,0.0,0.18014079053803964,0.0,0.0,0.08994865933582825,0.9959464035196307,-0.06000000008219666,-0.00011542880532158655,0.0,0.0,0.0,0.0731318277851216
2026-08-27T02:08:04.514405,5.3,-0.1492118314167364,-0.01368858663349003,0.0,0.18160342363588147,0.0,0.0,0.09067698730429198,0.9958803562544134,-0.06000000005319473,-0.00011559694932353177,0.0,0.0,0.0,0.07313182312684936
2026-08-27T02:08:04.597768,5.32,-0.15039164432703908,-0.013907769899118266,0.0,0.18306605652012606,0.0,0.0,0.09140526667018685,0.9958137763783709,-0.05999999995942357,-0.00011575903758209451,0.0,0.0,0.0,0.07313181826096539
2026-08-27T02:08:04.676769,5.34,-0.1515711353722889,-0.014128678657805751,0.0,0.18452868888097035,0.0,0.0,0.09213349688979036,0.9957466639416167,-0.059999999610166395,-0.00011591519892141694,0.0,0.0,0.0,0.07313181314896706
2026-08-27T02:08:04.758317,5.36,-0.1527503020306849,-0.01435131243711188,0.0,0.18599132175633537,0.0,0.0,0.09286167809039889,0.9956790189324244,-0.059999999872725716,-0.00011606548614345368,0.0,0.0,0.0,0.0731318078083932
2026-08-27T02:08:04.838117,5.38,-0.15392914177893918,-0.014575670760515943,0.0,0.18745395507209484,0.0,0.0,0.0935898098456111,0.9956108413898788,-0.06000000011487631,-0.00011621001543222969,0.0,0.0,0.0,0.0731318022626806
2026-08-27T02:08:04.921905,5.4,-0.1551076520941468,-0.014801753147756289,0.0,0.1889165883405029,0.0,0.0,0.09431789152317384,0.9955421313729634,-0.06000000023195115,-0.00011634891548211139,0.0,0.0,0.0,0.07313179642851812
2026-08-27T02:08:05.007512,5.42,-0.15628583045427943,-0.015029559114819388,0.0,0.19037922154447173,0.0,0.0,0.09504592272519129,0.99547288891929,-0.06000000018353525,-0.00011648229581384851,0.0,0.0,0.0,0.07313179031083512
2026-08-27T02:08:05.087240,5.44,-0.15746367434003752,-0.01525908817443415,0.0,0.1918418551313361,0.0,0.0,0.09577390328494072,0.9954031140445396,-0.060000000425897336,-0.0001166102361199296,0.0,0.0,0.0,0.07313178394659096
2026-08-27T02:08:05.171853,5.46,-0.1586411812298297,-0.01549033983508027,0.0,0.19330448793053634,0.0,0.0,0.09650183223049225,0.9953328068420924,-0.059999999990416435,-0.00011673290905359942,0.0,0.0,0.0,0.0731317773362239
2026-08-27T02:08:05.257383,5.48,-0.15981834860504235,-0.01572331360199895,0.0,0.1947671205031911,0.0,0.0,0.09722970945184534,0.9952619673231313,-0.05999999979867383,-0.0001168503770862316,0.0,0.0,0.0,0.07313177044250617
2026-08-27T02:08:05.342515,5.5,-0.16099517394827467,-0.01595800897676118,0.0,0.19622975302704226,0.0,0.0,0.09795753464818174,0.995190595517085,-0.059999999771860796,-0.00011696273911248447,0.0,0.0,0.0,0.07313176335789572
2026-08-27T02:08:05.426632,5.52,-0.1621716547410119,-0.01619442545697108,0.0,0.19769238574401182,0.0,0.0,0.09868530755061929,0.9951186914502409,-0.059999999902320515,-0.000117070072335985,0.0,0.0,0.0,0.07313175603598837
2026-08-27T02:08:05.510470,5.54,-0.16334778846642847,-0.01643256253664637,0.0,0.1991550185721715,0.0,0.0,0.0994130277291458,0.9950462551649165,-0.06000000005887446,-0.0001171724879668464,0.0,0.0,0.0,0.07313174846239268
2026-08-27T02:08:05.596662,5.5600000000000005,-0.16452357260750003,-0.016672419706016666,0.0,0.20061765176593882,0.0,0.0,0.10014069492111649,0.9949732866869924,-0.0600000002912797,-0.00011727005863587612,0.0,0.0,0.0,0.07313174061556281
2026-08-27T02:08:05.675114,5.58,-0.16569900464914483,-0.016913996451748122,0.0,0.20208028494286223,0.0,0.0,0.10086830854706709,0.9948997860743833,-0.060000000364404185,-0.00011736290552971543,0.0,0.0,0.0,0.07313173250152342
2026-08-27T02:08:05.757215,5.6,-0.16687408207524213,-0.017157292256525854,0.0,0.20354291730429047,0.0,0.0,0.10159586782059479,0.9948257534069874,-0.06000000000065778,-0.00011745116759197472,0.0,0.0,0.0,0.07313172409811637
2026-08-27T02:08:05.843594,5.62,-0.16804880237276082,-0.017402306599850703,0.0,0.20500554998722406,0.0,0.0,0.10232337291819091,0.9947511886671183,-0.0599999999663286,-0.00011753487676363807,0.0,0.0,0.0,0.07313171543512503
2026-08-27T02:08:05.925849,5.64,-0.1692231630295951,-0.01764903895760687,0.0,0.20646818229109384,0.0,0.0,0.1030508231023128,0.9946760919304012,-0.05999999998958139,-0.00011761415545167431,0.0,0.0,0.0,0.07313170657466789
2026-08-27T02:08:06.010162,5.66,-0.17039716153109044,-0.01789748880117584,0.0,0.20793081450435874,0.0,0.0,0.10377821812739658,0.9946004632224452,-0.05999999989733239,-0.00011768908105915714,0.0,0.0,0.0,0.07313169742495572
2026-08-27T02:08:06.088845,5.68,-0.17157079536704606,-0.018147655599102048,0.0,0.20939344658829384,0.0,0.0,0.10450555758516832,0.9945243025858207,-0.05999999990467138,-0.00011775974479039756,0.0,0.0,0.0,0.07313168804104292
2026-08-27T02:08:06.169538,5.7,-0.17274406202544157,-0.018399538815706426,0.0,0.21085607826582242,0.0,0.0,0.10523284094887574,0.9944476100759801,-0.05999999972802002,-0.00011782624952789672,0.0,0.0,0.0,0.07313167839822322
2026-08-27T02:08:06.252408,5.72,-0.173916958996747,-0.018653137911990504,0.0,0.21231870995917657,0.0,0.0,0.10596006803952536,0.9943703857120139,-0.05999999972383162,-0.00011788865696390716,0.0,0.0,0.0,0.0731316684984951
2026-08-27T02:08:06.334288,5.74,-0.17508948377204145,-0.018908452345243076,0.0,0.21378134180641387,0.0,0.0,0.1066872385368125,0.9942926295278414,-0.059999999881343864,-0.00011794704424429425,0.0,0.0,0.0,0.07313165836304711
2026-08-27T02:08:06.418525,5.76,-0.17626163384250595,-0.019165481568928815,0.0,0.21524397411925336,0.0,0.0,0.10741435220676952,0.9942143415481393,-0.060000000262624704,-0.00011800147711384985,0.0,0.0,0.0,0.07313164795634938
2026-08-27T02:08:06.500831,5.78,-0.17743340669958912,-0.01942422503271863,0.0,0.21670660647998694,0.0,0.0,0.10814140845283521,0.9941355218368555,-0.06000000041744381,-0.00011805206146434157,0.0,0.0,0.0,0.07313163726610061
2026-08-27T02:08:06.584555,5.8,-0.17860479983618507,-0.01968468218274482,0.0,0.21816923873294325,0.0,0.0,0.10886840680878415,0.9940561704445665,-0.06000000041949512,-0.00011809888680825555,0.0,0.0,0.0,0.07313162626538901
2026-08-27T02:08:06.675820,5.82,-0.17977581074607793,-0.019946852461482256,0.0,0.2196318702213973,0.0,0.0,0.10959534655942905,0.9939762874498157,-0.06000000011093129,-0.00011814207076116663,0.0,0.0,0.0,0.07313161498676905
2026-08-27T02:08:06.755325,5.84,-0.1809464369244337,-0.02021073530785943,0.0,0.2210945017060415,0.0,0.0,0.11032222769410219,0.9938958728541993,-0.06000000004563534,-0.00011818164773584892,0.0,0.0,0.0,0.07313160344151509
2026-08-27T02:08:06.836438,5.86,-0.18211667586731614,-0.02047633015715421,0.0,0.2225571327188307,0.0,0.0,0.11104904959147635,0.993814926726717,-0.05999999991087022,-0.00011821772284418904,0.0,0.0,0.0,0.0731315916821185
2026-08-27T02:08:06.916766,5.88,-0.18328652507000986,-0.02074363644061515,0.0,0.22401976336874627,0.0,0.0,0.1117758119170374,0.9937334491050842,-0.05999999973500893,-0.00011825036576544735,0.0,0.0,0.0,0.0731315796451272
2026-08-27T02:08:06.996161,5.9,-0.18445598203050065,-0.0210126535862424,0.0,0.2254823938795792,0.0,0.0,0.11250251439332636,0.9936514400206842,-0.05999999967282983,-0.00011827963877945396,0.0,0.0,0.0,0.07313156736779199
2026-08-27T02:08:07.082687,5.92,-0.18562504424647547,-0.021283381018151908,0.0,0.22694502376981257,0.0,0.0,0.11322915639249372,0.9935688995447896,-0.05999999951227294,-0.00011830565182006614,0.0,0.0,0.0,0.07313155484009745
2026-08-27T02:08:07.163990,5.94,-0.1867937092159672,-0.021555818156715572,0.0,0.22840765348220685,0.0,0.0,0.11395573774593067,0.9934858276969937,-0.05999999937945312,-0.00011832843636088615,0.0,0.0,0.0,0.07313154204147194
2026-08-27T02:08:07.246608,5.96,-0.18796197443580778,-0.021829964442170155,0.0,0.22987036205138534,0.0,0.0,0.11468229732165333,0.9934022199899837,-0.059999999736776326,-0.00011834807396507515,0.0,0.0,0.0,0.07313938701947127
2026-08-27T02:08:07.325922,5.98,-0.18912983736924247,-0.022105819435435457,0.0,0.23133318586106905,0.0,0.0,0.11540885279145445,0.9933180742830366,-0.05999999996212244,-0.00011836464933815663,0.0,0.0,0.0,0.0731430159983218
2026-08-27T02:08:07.406887,6.0,-0.19029729549756516,-0.022383382630625955,0.0,0.2327960388996222,0.0,0.0,0.11613536103729366,0.9932333954900718,-0.06000000012149551,-0.00011837821614638432,0.0,0.0,0.0,0.07314228473931488
2026-08-27T02:08:07.493938,6.02,-0.19146434632688783,-0.02266265341633291,0.0,0.2342588334672237,0.0,0.0,0.1168617781173284,0.993148188748918,-0.060000000701877505,-0.00011838875618150259,0.0,0.0,0.0,0.0731370481186775
2026-08-27T02:08:07.578167,6.04,-0.19263098738778187,-0.02294363107197821,0.0,0.23572147617022843,0.0,0.0,0.11758805727757943,0.9930624596598568,-0.06000000045947783,-0.000118396415434141,0.0,0.0,0.0,0.0731271670422256
2026-08-27T02:08:07.659128,6.06,-0.19379721622904134,-0.023226314807963035,0.0,0.23718401933726652,0.0,0.0,0.11831422412968146,0.9929762053385728,-0.0600000001439245,-0.00011840125530608509,0.0,0.0,0.0,0.07312712342360772
2026-08-27T02:08:07.738753,6.08,-0.19496303036564167,-0.023510703990527515,0.0,0.23864656238479579,0.0,0.0,0.11904032765296366,0.992889420022328,-0.06000000039511714,-0.00011840332409597853,0.0,0.0,0.0,0.07312709254541518
2026-08-27T02:08:07.819930,6.1,-0.19612842730162774,-0.0237967980100379,0.0,0.24010910400827618,0.0,0.0,0.11976636681157686,0.9928021038357819,-0.05999999996712203,-0.00011840277453535447,0.0,0.0,0.0,0.07312706993372813
2026-08-27T02:08:07.910262,6.12,-0.1972934045446043,-0.02408459625404554,0.0,0.2415716452918053,0.0,0.0,0.12049234175555269,0.9927142567618655,-0.05999999991239618,-0.00011839961147329511,0.0,0.0,0.0,0.0731270469993111
2026-08-27T02:08:07.990913,6.14,-0.19845795960316476,-0.024374098106572303,0.0,0.2430341863913834,0.0,0.0,0.12121825217414084,0.9926258788384708,-0.05999999982127859,-0.00011839390156013125,0.0,0.0,0.0,0.07312702385430243
2026-08-27T02:08:08.078929,6.16,-0.19962208998700226,-0.024665302948114157,0.0,0.24449672771574568,0.0,0.0,0.12194409788202273,0.9925369700881371,-0.06000000037307543,-0.0001183856559919598,0.0,0.0,0.0,0.07312700040147582
2026-08-27T02:08:08.160543,6.18,-0.2007857932035244,-0.02495821015436607,0.0,0.24595926839909854,0.0,0.0,0.12266987806139013,0.992447530611268,-0.06000000027350037,-0.00011837499810989201,0.0,0.0,0.0,0.0731269766275709
2026-08-27T02:08:08.245218,6.2,-0.2019490667641479,-0.025252819098351188,0.0,0.24742180837715202,0.0,0.0,0.12339559229231419,0.992357560460356,-0.06000000014238759,-0.00011836199080606819,0.0,0.0,0.0,0.07312695249459843
2026-08-27T02:08:08.337038,6.22,-0.20311190818069136,-0.0255491291493174,0.0,0.248884347810543,0.0,0.0,0.12412124026650756,0.9922670596743116,-0.060000000009256586,-0.00011834668261023875,0.0,0.0,0.0,0.07312692807630508
2026-08-27T02:08:08.416885,6.24,-0.20427431496632537,-0.025847139672976277,0.0,0.25034688671165384,0.0,0.0,0.12484682160214285,0.9921760283013508,-0.06000000000564027,-0.00011832913061771926,0.0,0.0,0.0,0.07312690337700029
2026-08-27T02:08:08.497383,6.26,-0.2054362846338939,-0.026146850031076814,0.0,0.2518094253490491,0.0,0.0,0.12557233604450374,0.9920844663738699,-0.06000000001424643,-0.00011830937497390632,0.0,0.0,0.0,0.0731268783810383
2026-08-27T02:08:08.580072,6.28,-0.20659781469857813,-0.02644825958208165,0.0,0.25327196377861005,0.0,0.0,0.12629778323337112,0.9919923739375905,-0.06000000015123028,-0.00011828746817105166,0.0,0.0,0.0,0.07312685308593773
2026-08-27T02:08:08.657581,6.3,-0.20775890267448768,-0.02675136768037359,0.0,0.2547345015042693,0.0,0.0,0.12702316253481283,0.9918997510734916,-0.05999999995330325,-0.00011826350870045356,0.0,0.0,0.0,0.07312682746705206
2026-08-27T02:08:08.742198,6.32,-0.20891954607850197,-0.02705617367724127,0.0,0.25619703875964817,0.0,0.0,0.12774847367688072,0.991806597816947,-0.06000000002663477,-0.00011823750601317044,0.0,0.0,0.0,0.07312680151611721
2026-08-27T02:08:08.821055,6.34,-0.21007974242783511,-0.027362676919777857,0.0,0.2576595749788569,0.0,0.0,0.12847371599117746,0.9917129142546336,-0.059999999779420006,-0.00011820956114226967,0.0,0.0,0.0,0.07312677527684111
2026-08-27T02:08:08.902695,6.36,-0.21123948924076905,-0.02767087675170554,0.0,0.2591221108307802,0.0,0.0,0.12919888942166255,0.9916187003945665,-0.05999999973602191,-0.00011817968633976297,0.0,0.0,0.0,0.07312674872661086
2026-08-27T02:08:08.983695,6.38,-0.2123987840374349,-0.027980772513345534,0.0,0.2605846465647552,0.0,0.0,0.12992399370421118,0.9915239562713288,-0.059999999908757734,-0.00011814791830520331,0.0,0.0,0.0,0.07312672191379893
2026-08-27T02:08:09.064151,6.4,-0.2135576243365045,-0.02829236354074221,0.0,0.26204718104749736,0.0,0.0,0.13064902788930327,0.991428682009745,-0.05999999965190383,-0.00011811437374311805,0.0,0.0,0.0,0.07312669477795089
2026-08-27T02:08:09.151549,6.42,-0.21471600765947418,-0.028605649166793576,0.0,0.26350971543980023,0.0,0.0,0.13137399216477078,0.9913328775858746,-0.05999999971402199,-0.00011807903294832796,0.0,0.0,0.0,0.07312666729531071
2026-08-27T02:08:09.227987,6.44,-0.2158739315299916,-0.02892062872108361,0.0,0.2649722495583786,0.0,0.0,0.1320988860521113,0.9912365430631537,-0.05999999999713094,-0.00011804195619582699,0.0,0.0,0.0,0.07312663956482426
2026-08-27T02:08:09.311563,6.46,-0.21703139346793043,-0.029237301528282716,0.0,0.2664347820695769,0.0,0.0,0.1328237085028068,0.9911396785819653,-0.059999999423684496,-0.0001180032680449468,0.0,0.0,0.0,0.07312661148209172
2026-08-27T02:08:09.395084,6.48,-0.2181883910006859,-0.02955566691119595,0.0,0.26789731513186776,0.0,0.0,0.1335484601990607,0.991042284051725,-0.05999999978981111,-0.00011796288849435364,0.0,0.0,0.0,0.07312658306210663
2026-08-27T02:08:09.475887,6.5,-0.21934492165311612,-0.029875724188049634,0.0,0.26935984783131595,0.0,0.0,0.13427314030040144,0.9909443595852739,-0.06000000006672966,-0.00011792091822246934,0.0,0.0,0.0,0.07312655442284133
2026-08-27T02:08:09.564070,6.52,-0.22050098294912077,-0.030197472672901675,0.0,0.27082238021997446,0.0,0.0,0.13499774844514761,0.9908459052318582,-0.06000000015729858,-0.00011787739819329325,0.0,0.0,0.0,0.07312652537319958
2026-08-27T02:08:09.640889,6.54,-0.2216565724169634,-0.03052091167710286,0.0,0.2722849119554329,0.0,0.0,0.13572228407623968,0.9907469210677006,-0.06000000012517505,-0.00011783239276162198,0.0,0.0,0.0,0.07312649600680916
2026-08-27T02:08:09.729369,6.5600000000000005,-0.2228116875848273,-0.030846040508081537,0.0,0.2737474433515183,0.0,0.0,0.1364467469617754,0.9906474071250322,-0.06000000021965101,-0.00011778592689867576,0.0,0.0,0.0,0.07312646236068424
2026-08-27T02:08:09.809931,6.58,-0.22396632598212202,-0.031172858469702556,0.0,0.27520997451902224,0.0,0.0,0.1371711367692713,0.9905473634498382,-0.06000000040853969,-0.00011773803432882906,0.0,0.0,0.0,0.07312643610828452
2026-08-27T02:08:09.890674,6.6,-0.22512048513859972,-0.03150136486201948,0.0,0.2766725050805148,0.0,0.0,0.1378954529244828,0.9904467901218883,-0.0600000004796091,-0.0001176887841465816,0.0,0.0,0.0,0.07312640574675323
2026-08-27T02:08:09.978036,6.62,-0.22627416258414018,-0.03183155898120759,0.0,0.27813503425064395,0.0,0.0,0.1386196946512889,0.9903456872500548,-0.059999999974383066,-0.0001176382603534254,0.0,0.0,0.0,0.07312637501031405
2026-08-27T02:08:10.055573,6.64,-0.2274273558535984,-0.032163440121039506,0.0,0.2795975635705994,0.0,0.0,0.13934386232569093,0.9902440547825364,-0.060000000127418025,-0.00011758643169679071,0.0,0.0,0.0,0.07312634394754866
2026-08-27T02:08:10.136407,6.66,-0.22858006247887452,-0.03249700757063732,0.0,0.28106009138701715,0.0,0.0,0.14006795474188635,0.9901418928893095,-0.059999999956032446,-0.0001175333989048515,0.0,0.0,0.0,0.07312631262834778
2026-08-27T02:08:10.219922,6.68,-0.22973227999380272,-0.032832260615372456,0.0,0.2825226190130592,0.0,0.0,0.14079197216294032,0.9900392015341968,-0.059999999813496685,-0.00011747915975252355,0.0,0.0,0.0,0.0731262809159218
2026-08-27T02:08:10.300266,6.7,-0.23048121421262593,-0.03305019534152832,0.0,0.2831187104190902,0.0,0.0,0.14108704283504303,0.9899971951192906,-0.018000083917257277,-0.000115344124507175,0.0,0.0,0.0,-0.05660356911863773
2026-08-27T02:08:10.385411,6.72,-0.23070690211110456,-0.0331120009365731,0.0,0.2815813090012344,0.0,0.0,0.1403259896800455,0.9901053563234146,-0.00540002506873976,-0.00010850145287165043,0.0,0.0,0.0,-0.13808793041646694
2026-08-27T02:08:10.467094,6.74,-0.23077496575055495,-0.033129184866711944,0.0,0.2784140574634986,0.0,0.0,0.13875785801957594,0.9903263385560435,-0.0016200078722722853,-0.00010327698826778696,0.0,0.0,0.0,-0.21957840548962201
2026-08-27T02:08:10.555430,6.76,-0.23079548385558757,-0.033133930658928556,0.0,0.2736164275532591,0.0,0.0,0.13638185143863693,0.9906563433391872,-0.00048600249189758725,-9.970524395462337e-05,0.0,0.0,0.0,-0.3010707211266302
2026-08-27T02:08:10.638170,6.78,-0.23080166652808462,-0.033135231010831476,0.0,0.2671886220526276,0.0,0.0,0.13319727941816834,0.9910895442671154,-0.00014580054278892993,-9.696791466698395e-05,0.0,0.0,0.0,-0.38256359283587804
2026-08-27T02:08:10.722084,6.8,-0.23080352876034352,-0.033135583944661824,0.0,0.25913080137702516,0.0,0.0,0.12920319827452934,0.9916181389807432,-4.373992827749212e-05,-9.459167429892093e-05,0.0,0.0,0.0,-0.4640566362200709
2026-08-27T02:08:10.812245,6.82,-0.23080439172455713,-0.03313572729276444,0.0,0.24944305077211443,0.0,0.0,0.12439842669231718,0.9922323475056012,-4.373999171777558e-05,-9.233727599013575e-05,0.0,0.0,0.0,-0.5455497369104371
2026-08-27T02:08:10.894406,6.84,-0.2308045604626828,-0.033135752329339775,0.0,0.2381253737838289,0.0,0.0,0.11878158229004608,0.9929204075396341,-3.936781347558619e-06,-9.019663189110918e-05,0.0,0.0,0.0,-0.6270428615460549
2026-08-27T02:08:10.990439,6.86,-0.23080461122306595,-0.03313575882614667,0.0,0.22517779605553076,0.0,0.0,0.11235118105591939,0.9936685625073081,-1.1809215453328337e-06,-8.810664654028733e-05,0.0,0.0,0.0,-0.7085360010696858
2026-08-27T02:08:11.087694,6.88,-0.2308046264713571,-0.03313576046667944,0.0,0.21060664925439546,0.0,0.0,0.1051088180886682,0.9944607264040161,-3.4502241367216635e-07,-8.605725450993967e-05,0.0,0.0,0.0,-0.7743961312329313
2026-08-27T02:08:11.175130,6.9,-0.23080463103619064,-0.03313576086354608,0.0,0.19492002668367372,0.0,0.0,0.09730580002061522,0.9952545309026973,-8.919957979885984e-08,-8.404364727680417e-05,0.0,0.0,0.0,-0.8142753862203246
2026-08-27T02:08:11.263320,6.92,-0.22803285004004356,-0.03295337183412289,0.0,0.1799432552528812,0.0,0.0,0.0898502916188506,0.9959552826789,0.27777737748488107,-0.0004910510953517086,0.0,0.0,0.0,-0.30208752633877506
2026-08-27T02:08:11.340374,6.94,-0.22165932406744127,-0.032510638419310386,0.0,0.17446254440755515,0.0,0.0,0.08712068620784207,0.9961977645200147,0.36111119141412684,-0.0013764566777203129,0.0,0.0,0.0,0.0019968516429456767
2026-08-27T02:08:11.423440,6.96,-0.21420810324557873,-0.03195092418739118,0.0,0.17217342656542198,0.0,0.0,0.08598042235356013,0.9962968267398544,0.3861111726539062,-0.002286741781124043,0.0,0.0,0.0,0.026937664853546792
2026-08-27T02:08:11.504093,6.98,-0.20643665429815775,-0.031317606297272975,0.0,0.1707026080037224,0.0,0.0,0.08524771323647938,0.9963597881227197,0.39361114499560435,-0.003113670348684456,0.0,0.0,0.0,0.05740448390010876
2026-08-27T02:08:11.584712,7.0,-0.19859484277391698,-0.030626445399429693,0.0,0.170249029016222,0.0,0.0,0.08502174711418195,0.9963790957851595,0.3936111398334849,-0.0038387627468538907,0.0,0.0,0.0,0.09587724477115177
2026-08-27T02:08:11.666890,7.02,-0.19070633083798166,-0.029877758156471434,0.0,0.17085291910951872,0.0,0.0,0.08532259496641599,0.9963533784698062,0.3965361280715818,-0.00447543574614791,0.0,0.0,0.0,0.13679446507655976
2026-08-27T02:08:11.744856,7.04,-0.18281440146416536,-0.02907417664446782,0.0,0.1725032469007317,0.0,0.0,0.08614472066041268,0.9962826341467262,0.39673863167809176,-0.005034337945610047,0.0,0.0,0.0,0.17826922373794699
2026-08-27T02:08:11.824373,7.06,-0.17492620458321906,-0.02821582262428752,0.0,0.17515822323510966,0.0,0.0,0.08746719777680706,0.9961674002460996,0.39673863187653163,-0.0055289608480535825,0.0,0.0,0.0,0.21974489294683355
2026-08-27T02:08:11.903582,7.08,-0.16704278715398724,-0.027302410305075343,0.0,0.17880821834832172,0.0,0.0,0.08928505417926123,0.9960061139873623,0.39681760687602136,-0.005971748379153967,0.0,0.0,0.0,0.2610445402440058
2026-08-27T02:08:11.984324,7.1,-0.15916580690756482,-0.02633356255763743,0.0,0.18339221027968433,0.0,0.0,0.09156765965754095,0.995798857051383,0.3968176065712094,-0.006373713364598718,0.0,0.0,0.0,0.3021143829732087
2026-08-27T02:08:12.073028,7.12,-0.15129574276826965,-0.025309078834046067,0.0,0.18889964593372446,0.0,0.0,0.09430945807991238,0.9955429303232851,0.39682471401636116,-0.006744851510021685,0.0,0.0,0.0,0.34292592905261654
2026-08-27T02:08:12.150068,7.14,-0.14343314498879783,-0.0242286302280929,0.0,0.1952254626387644,0.0,0.0,0.0974577921444058,0.995239658951721,0.3968251974216389,-0.007094333061672521,0.0,0.0,0.0,0.35701148541037336
2026-08-27T02:08:12.234540,7.16,-0.13557845501432295,-0.02309207460455665,0.0,0.20176108358768247,0.0,0.0,0.10070952058307192,0.9949158720534755,0.3968253378089398,-0.007429037243420354,0.0,0.0,0.0,0.35785101908372363
2026-08-27T02:08:12.314055,7.18,-0.12773209771457705,-0.021899338091770283,0.0,0.2083568655624948,0.0,0.0,0.103990091060962,0.9945783332453673,0.3968253799116096,-0.007750680688256908,0.0,0.0,0.0,0.3583072833480502
2026-08-27T02:08:12.392954,7.2,-0.1198944885103835,-0.02065040495740343,0.0,0.21500278953142793,0.0,0.0,0.10729445683793523,0.9942272876620579,0.3968253924930355,-0.008060360166290442,0.0,0.0,0.0,0.358669046601458
2026-08-27T02:08:12.480562,7.22,-0.1120660399314614,-0.019345281504034247,0.0,0.22169377893809283,0.0,0.0,0.11062003232091465,0.9938627714374454,0.3968253961405719,-0.008359066809889794,0.0,0.0,0.0,0.35900773052129437
2026-08-27T02:08:12.556401,7.24,-0.10424716415221023,-0.01798398197730028,0.0,0.22842573746305078,0.0,0.0,0.11396472083061056,0.993484797269692,0.3968253975602153,-0.008647643390248917,0.0,0.0,0.0,0.3593278734708172
2026-08-27T02:08:12.639862,7.26,-0.0964382733825572,-0.01656652662496972,0.0,0.23519589077840225,0.0,0.0,0.1173270836592834,0.9930933266516332,0.39682539750289764,-0.008926916045913119,0.0,0.0,0.0,0.3596315966634766
2026-08-27T02:08:12.718957,7.28,-0.08863977988281851,-0.015092941332012012,0.0,0.24200108850002966,0.0,0.0,0.12070549617387985,0.9926883615684318,0.39682539769138,-0.009197554609934,0.0,0.0,0.0,0.35992062769519595
2026-08-27T02:08:12.797522,7.3,-0.08085209594366456,-0.013563257361712907,0.0,0.24883879388225916,0.0,0.0,0.12409863940307571,0.992269886521961,0.39682539770616615,-0.009460183876788077,0.0,0.0,0.0,0.36019606495682965
2026-08-27T02:08:12.881225,7.32,-0.07307563383613719,-0.011977511168845148,0.0,0.255706504969345,0.0,0.0,0.1275052125120732,0.9918379004566478,0.39682539808217265,-0.00971533516721981,0.0,0.0,0.0,0.3604592254029554
2026-08-27T02:08:12.958698,7.34,-0.06531080473173011,-0.01033574908946024,0.0,0.2625996551559844,0.0,0.0,0.13092289223971937,0.9913925540811707,0.3968253981413073,-0.009963513543897398,0.0,0.0,0.0,0.3607111415742218
2026-08-27T02:08:13.045011,7.36,-0.05755801855370179,-0.008638027150181873,0.0,0.26952167494138646,0.0,0.0,0.13435332069174677,0.9909334918243003,0.3968253977663426,-0.010205193606497829,0.0,0.0,0.0,0.3609528828387423
2026-08-27T02:08:13.124596,7.38,-0.04981769037036443,-0.00688438161583183,0.0,0.276468126272285,0.0,0.0,0.13779423903737026,0.9904608764045716,0.39682539771976266,-0.010440755203382416,0.0,0.0,0.0,0.36118656763447904
2026-08-27T02:08:13.202842,7.4,-0.04209023099611555,-0.005074872140216526,0.0,0.28343508725211297,0.0,0.0,0.14124364715778542,0.9899748643968528,0.39682539796391136,-0.010670546547300732,0.0,0.0,0.0,0.36141021982426724
2026-08-27T02:08:13.286711,7.42,-0.03437604989015184,-0.0032095672273014563,0.0,0.2904255439908097,0.0,0.0,0.14470296558427018,0.9894751395316194,0.3968253983087499,-0.0108948743180583,0.0,0.0,0.0,0.36162600329041117
2026-08-27T02:08:13.364051,7.44,-0.02667556142340613,-0.0012885181181886665,0.0,0.2974359416089021,0.0,0.0,0.14817037662306243,0.9889618493609245,0.3968253983944931,-0.011114031283016496,0.0,0.0,0.0,0.36183579616876904
2026-08-27T02:08:13.446113,7.46,-0.018989176692855814,0.0006882069074051894,0.0,0.3044653536723936,0.0,0.0,0.15164536445863974,0.9884349667217395,0.3968253981685948,-0.011328328863538083,0.0,0.0,0.0,0.36203787775492113
2026-08-27T02:08:13.525295,7.48,-0.01131730645901589,0.0027205353648644135,0.0,0.3115124805913756,0.0,0.0,0.1551272292071612,0.9878944998118518,0.39682539833338953,-0.011537977196081985,0.0,0.0,0.0,0.36223406870976943
2026-08-27T02:08:13.609897,7.5,-0.003660360142391555,0.004808387094722851,0.0,0.3185742560548519,0.0,0.0,0.15861439953129935,0.9873406060024703,0.396825398689977,-0.011743170805685632,0.0,0.0,0.0,0.36242460631324014
2026-08-27T02:08:13.693773,7.52,0.003981254284463083,0.006951674375245302,0.0,0.32565362955186666,0.0,0.0,0.1621082750233412,0.9867729765092662,0.39682539902200814,-0.011944109823171815,0.0,0.0,0.0,0.36261015647629913
2026-08-27T02:08:13.771867,7.54,0.011607234836485604,0.009149942576411597,0.0,0.3325473871052372,0.0,0.0,0.16550859211729158,0.9862083481371225,0.39682539875728745,-0.012141373412461047,0.0,0.0,0.0,0.34278226759065045
2026-08-27T02:08:13.854778,7.5600000000000005,0.019217854876948687,0.01140081705695945,0.0,0.33925271951354313,0.0,0.0,0.16881408313401153,0.9856479114448643,0.3968253984173225,-0.012335143434490641,0.0,0.0,0.0,0.34274498619293453
2026-08-27T02:08:13.935253,7.58,0.026812865932557856,0.013703810843087381,0.0,0.3459684031618946,0.0,0.0,0.17212277499845138,0.9850755048862155,0.3968253979829649,-0.012525191792799404,0.0,0.0,0.0,0.34281183284456007
2026-08-27T02:08:14.016224,7.6,0.03439190790170309,0.016058825922053543,0.0,0.35269582846153114,0.0,0.0,0.17543530594072432,0.9844909615783602,0.3968253979597012,-0.012711625662011634,0.0,0.0,0.0,0.3429872335536883
2026-08-27T02:08:14.103154,7.62,0.041954616687840215,0.018465776028246113,0.0,0.3594356166337125,0.0,0.0,0.17875193379363616,0.9838941742713164,0.396825397491206,-0.01289459313411248,0.0,0.0,0.0,0.3431612587522667
2026-08-27T02:08:14.182035,7.64,0.0495006289233968,0.020924570906600035,0.0,0.36618533720170765,0.0,0.0,0.18207141489992507,0.9832853094988958,0.39682539758184604,-0.013074181433598182,0.0,0.0,0.0,0.3433330940378489
2026-08-27T02:08:14.262508,7.66,0.057029582721454496,0.02343511414625216,0.0,0.37294781007925293,0.0,0.0,0.18539508789460515,0.9826640633423772,0.396825397822252,-0.013250469058592817,0.0,0.0,0.0,0.34350235671321605
2026-08-27T02:08:14.342998,7.68,0.06454111231351851,0.02599731939635419,0.0,0.37971910799625386,0.0,0.0,0.188720974545681,0.982030749908845,0.3968253979016826,-0.013423550706056676,0.0,0.0,0.0,0.3436703901713174
2026-08-27T02:08:14.423788,7.7,0.07203485662267418,0.02861108459287101,0.0,0.3865022428552422,0.0,0.0,0.19205050626449466,0.9813850432136977,0.39682539792689875,-0.013593533210676611,0.0,0.0,0.0,0.3438355476216652
2026-08-27T02:08:14.509104,7.72,0.07951044957078411,0.0312763204535793,0.0,0.3932948839946153,0.0,0.0,0.19538249041607256,0.9807271192532678,0.39682539844157444,-0.013760449380365072,0.0,0.0,0.0,0.34400007568097324
2026-08-27T02:08:14.588368,7.74,0.08696752870822039,0.033992925443095234,0.0,0.4000967548952725,0.0,0.0,0.19871674368211167,0.980056965579235,0.3968253985026094,-0.013924402126042791,0.0,0.0,0.0,0.34416219357076705
2026-08-27T02:08:14.669381,7.76,0.09440573206900427,0.03676079511240561,0.0,0.40690755545207535,0.0,0.0,0.2020530712616919,0.9793745741000823,0.3968253983362204,-0.014085480449144927,0.0,0.0,0.0,0.3443232470721347
2026-08-27T02:08:14.748767,7.78,0.10182469815152945,0.039579822220201545,0.0,0.4137269191148225,0.0,0.0,0.2053912459562818,0.9786799456842498,0.39682539817826745,-0.014243743349189058,0.0,0.0,0.0,0.34448339298099967
2026-08-27T02:08:14.825654,7.8,0.10922406707243718,0.04244989383208541,0.0,0.4205529060243122,0.0,0.0,0.20873027146910683,0.97797324798403,0.39682539817138673,-0.014399247843966777,0.0,0.0,0.0,0.3446428042382179
2026-08-27T02:08:14.909810,7.82,0.11660348064063913,0.04537089137237107,0.0,0.4273882740866953,0.0,0.0,0.21207144947234324,0.9772541636231075,0.3968253984237628,-0.014552006602551303,0.0,0.0,0.0,0.3448017162271152
2026-08-27T02:08:14.987148,7.84,0.12396249173622102,0.048342914357885666,0.0,0.43433287255574987,0.0,0.0,0.2154634830810253,0.9765118982678054,0.3968253987398295,-0.01470184778176651,0.0,0.0,0.0,0.3561685158615845
2026-08-27T02:08:15.070773,7.86,0.1313002286584392,0.05136707958201365,0.0,0.4414088358169161,0.0,0.0,0.2189170085208765,0.9757434823662777,0.39682539886342844,-0.014848749269373423,0.0,0.0,0.0,0.35645363483479964
2026-08-27T02:08:15.151004,7.88,0.1386162200120051,0.054443478232414924,0.0,0.4484938823892666,0.0,0.0,0.22237222165384554,0.9749618428619312,0.39682539854487087,-0.014993093010242535,0.0,0.0,0.0,0.35667891406189633
2026-08-27T02:08:15.230875,7.9,0.14591008001141856,0.05757198654215526,0.0,0.4555863357387624,0.0,0.0,0.22582825185690672,0.9741671317916929,0.3968253985325867,-0.015134895690400751,0.0,0.0,0.0,0.35682892885676554
2026-08-27T02:08:15.318925,7.92,0.15318142736881143,0.06075246848283206,0.0,0.46268526389659215,0.0,0.0,0.2292845932683296,0.9733594275958787,0.3968253983374752,-0.01527420861247213,0.0,0.0,0.0,0.35697807024401357
2026-08-27T02:08:15.395775,7.94,0.16042988209308082,0.06398478370723247,0.0,0.46979044362725686,0.0,0.0,0.2327410859455684,0.9725387328599707,0.39682539825070373,-0.015411063114483136,0.0,0.0,0.0,0.35712738863721233
2026-08-27T02:08:15.479059,7.96,0.16765506488883386,0.06726878903924635,0.0,0.47690149660915815,0.0,0.0,0.23619749476016752,0.971705070208559,0.39682539866047367,-0.015545435178877283,0.0,0.0,0.0,0.35727750060583796
2026-08-27T02:08:15.559575,7.98,0.17485659713162444,0.07060433856178724,0.0,0.4840184716710869,0.0,0.0,0.23965379237549497,0.9708584138792037,0.39682539836670805,-0.015677415679280937,0.0,0.0,0.0,0.3574285915297997
2026-08-27T02:08:15.643797,8.0,0.17952245109605267,0.07280481543389067,0.0,0.49067301818703735,0.0,0.0,0.24288277108088463,0.9700556476368098,0.11904807000496317,-0.015644076662200995,0.0,0.0,0.0,0.2425502095263803
2026-08-27T02:08:15.728814,8.02,0.18091041371341637,0.0734893875323291,0.0,0.49447093293596167,0.0,0.0,0.24472442637723843,0.969592674855958,0.03571438578598522,-0.015318454867529438,0.0,0.0,0.0,0.16081406802617793
2026-08-27T02:08:15.814559,8.04,0.18132261214398507,0.07370304537487214,0.0,0.49699666276999865,0.0,0.0,0.24594869547801068,0.9692828478791239,0.010714300933309433,-0.014905600155869395,0.0,0.0,0.0,0.15853521341670948
2026-08-27T02:08:15.895905,8.06,0.1814449650768575,0.07376960294602593,0.0,0.49971686254643544,0.0,0.0,0.2472667890778775,0.9689474366647122,0.003214276147196997,-0.014486905921846512,0.0,0.0,0.0,0.18342089996393485
2026-08-27T02:08:15.975658,8.08,0.18148126429426983,0.07379030029975175,0.0,0.5030587064712062,0.0,0.0,0.24888547869490196,0.9685329207078144,0.0009642687473884869,-0.01408129302076029,0.0,0.0,0.0,0.21906426996459483
2026-08-27T02:08:16.055119,8.1,0.18149202770385928,0.07379672605042234,0.0,0.5071697148617238,0.0,0.0,0.2508757749922382,0.9680192898501785,0.00028926669232964483,-0.013691479015704175,0.0,0.0,0.0,0.2579868487670147
2026-08-27T02:08:16.139360,8.12,0.18149521752772307,0.07379871797140058,0.0,0.512093222610544,0.0,0.0,0.25325803764025034,0.9673987628535657,8.676624718593345e-05,-0.013316898061765213,0.0,0.0,0.0,0.29795001189724196
2026-08-27T02:08:16.224139,8.14,0.1814961623319434,0.07379933457088284,0.0,0.5178422738496513,0.0,0.0,0.2560378000169169,0.9666667703828953,2.6016265434219976e-05,-0.012956601693606287,0.0,0.0,0.0,0.33828729152913173
2026-08-27T02:08:16.305635,8.16,0.18149659182382305,0.0737996289790122,0.0,0.5244212692799874,0.0,0.0,0.25921625714962393,0.9658193060968185,2.6016527371606687e-05,-0.01260962719903923,0.0,0.0,0.0,0.37880403581365163
2026-08-27T02:08:16.386909,8.18,0.18149667456796317,0.07379968783497609,0.0,0.5318313048456944,0.0,0.0,0.26279284751785165,0.9648522784828044,2.32394959572349e-06,-0.012275228160324694,0.0,0.0,0.0,0.41944713819670126
2026-08-27T02:08:16.467191,8.2,0.1814966990314033,0.07379970598847041,0.0,0.5400735655678588,0.0,0.0,0.26676688668502135,0.9637610845891117,6.835801678820724e-07,-0.011952567513041083,0.0,0.0,0.0,0.4602060360507672
2026-08-27T02:08:16.557425,8.22,0.18149670625978853,0.073799711584677,0.0,0.5491495260119824,0.0,0.0,0.2711376536190083,0.9625405824119722,1.91488552401739e-07,-0.011641049100355657,0.0,0.0,0.0,0.5010828062090855
2026-08-27T02:08:16.639193,8.24,0.18149670839319146,0.0737997133103564,0.0,0.5590602674970846,0.0,0.0,0.2759040505583763,0.9611851824104869,4.37699857660373e-08,-0.011339999066412362,0.0,0.0,0.0,0.5420831667780615
2026-08-27T02:08:16.723518,8.26,0.18149670935949988,0.07379971413218082,0.0,0.5698074594128318,0.0,0.0,0.28106506308351464,0.9596887153206815,4.3733402677048616e-08,-0.011048881075799181,0.0,0.0,0.0,0.5832136899883712
2026-08-27T02:08:16.808479,8.28,0.1814967095444171,0.0737997143000217,0.0,0.5813927634569729,0.0,0.0,0.28661945924133486,0.9580445112750268,-1.3950907261015e-08,-0.010767153712048623,0.0,0.0,0.0,0.624480884815259
2026-08-27T02:08:16.896067,8.3,0.1814967095993924,0.07379971435580314,0.0,0.5938181434163706,0.0,0.0,0.2925659231058574,0.9562453558774638,-1.7470704499408796e-08,-0.010494336981599782,0.0,0.0,0.0,0.6658908387316663
2026-08-27T02:08:16.983611,8.32,0.1814967096157963,0.07379971437688966,0.0,0.6070858578760379,0.0,0.0,0.29890303413932556,0.9542834883735049,-1.8535685600978846e-08,-0.010230009534909454,0.0,0.0,0.0,0.707449024317333
2026-08-27T02:08:17.065029,8.34,0.1814967096198041,0.0737997143864975,0.0,0.6211979359793802,0.0,0.0,0.3056289990113838,0.9521506787075771,-1.9098997340247226e-08,-0.009973701458751148,0.0,0.0,0.0,0.7491601532142838
2026-08-27T02:08:17.150030,8.36,0.1814967096217221,0.07379971439355723,0.0,0.6361569057857142,0.0,0.0,0.31274198042329115,0.9498381197240495,-1.8780315377484036e-08,-0.009725046499709346,0.0,0.0,0.0,0.7910280416880718
2026-08-27T02:08:17.231390,8.38,0.18149670962240105,0.07379971439928648,0.0,0.6519653007999446,0.0,0.0,0.32023984090992547,0.9473365000325837,-1.8785815125710315e-08,-0.009483681823245528,0.0,0.0,0.0,0.8330554770475962
2026-08-27T02:08:17.311767,8.4,0.18149670962206294,0.07379971440400405,0.0,0.6685805891197206,0.0,0.0,0.3280988339981764,0.9446434010403275,-1.9108484369464995e-08,-0.009249245899422906,0.0,0.0,0.0,0.8707347297403731
2026-08-27T02:08:17.397342,8.42,0.18149670962196238,0.07379971440871072,0.0,0.6858843433969605,0.0,0.0,0.3362593908410735,0.9417694102439249,-1.9239914599011865e-08,-0.00902142225693285,0.0,0.0,0.0,0.9009631197981828
2026-08-27T02:08:17.477134,8.44,0.1814967096224963,0.07379971441378301,0.0,0.7037966839309658,0.0,0.0,0.3446804391758194,0.9387200833313221,-1.9039091169945066e-08,-0.008799925037030806,0.0,0.0,0.0,0.9306966861998006
2026-08-27T02:08:17.561895,8.46,0.18149670963651804,0.07379971443028023,0.0,0.7220864824741628,0.0,0.0,0.35325040755888437,0.9355288074450098,-9.00949770604037e-09,-0.008584460243941201,0.0,0.0,0.0,0.9165736715316825
2026-08-27T02:08:17.643011,8.48,0.18149670965538175,0.07379971445185206,0.0,0.7399767360975328,0.0,0.0,0.3616045871542806,0.9323315518360312,-8.334474348734369e-10,-0.008375064975419289,0.0,0.0,0.0,0.8897052023367568
2026-08-27T02:08:17.724634,8.5,0.18149670965999448,0.07379971446147471,0.0,0.7573325286165633,0.0,0.0,0.3696815467040341,0.9291585193208493,1.2025715630551922e-09,-0.00817124325385137,0.0,0.0,0.0,0.8622705365949384
2026-08-27T02:08:17.811420,8.52,0.18149670966022388,0.07379971446718463,0.0,0.7741532611415631,0.0,0.0,0.37748294354316575,0.9260165372896896,1.6852069957594765e-09,-0.007972676877629129,0.0,0.0,0.0,0.8354351808185848
2026-08-27T02:08:17.893108,8.54,0.1814967096604787,0.07379971447290731,0.0,0.7904525569552129,0.0,0.0,0.3850170332124181,0.9229094669231147,2.3582726392350206e-09,-0.007779152519521004,0.0,0.0,0.0,0.8094015109324272
2026-08-27T02:08:17.973111,8.56,0.1814967096598784,0.0737997144777544,0.0,0.8062462024335213,0.0,0.0,0.39229300519829263,0.9198403111804202,2.328249377797284e-09,-0.007590486660777194,0.0,0.0,0.0,0.784170426555771
2026-08-27T02:08:18.055625,8.58,0.18149670965792442,0.07379971448112704,0.0,0.8215494606287246,0.0,0.0,0.3993197295926547,0.9168117328863375,1.918233602992911e-09,-0.007406453776894332,0.0,0.0,0.0,0.759721493773191
2026-08-27T02:08:18.136370,8.6,0.18149670965724887,0.07379971448574704,0.0,0.8366144432034681,0.0,0.0,0.4062142123455079,0.913777879841988,2.303937321522856e-09,-0.007226896975193763,0.0,0.0,0.0,0.7360314019990267
2026-08-27T02:08:18.224056,8.62,0.18149670965646683,0.07379971449020063,0.0,0.8509821167039533,0.0,0.0,0.41276810519107004,0.9108361495554367,2.4037959170906953e-09,-0.007051667861589446,0.0,0.0,0.0,0.7130761527065744
2026-08-27T02:08:18.307734,8.64,0.18149670965488218,0.07379971449367956,0.0,0.8651258323066493,0.0,0.0,0.4191990337661681,0.9078943606441837,2.344742346897105e-09,-0.006880585808658483,0.0,0.0,0.0,0.6904790346164685
2026-08-27T02:08:18.391535,8.66,0.18149670965327383,0.07379971449703204,0.0,0.8786074716406536,0.0,0.0,0.4253094156980239,0.9050480102837669,2.026126233586542e-09,-0.006713510377953648,0.0,0.0,0.0,0.6689271765516335
2026-08-27T02:08:18.472975,8.68,0.18149670965148385,0.07379971450006326,0.0,0.8916666021809635,0.0,0.0,0.43120987721264936,0.902251651034373,1.8093938388601474e-09,-0.006550306457462673,0.0,0.0,0.0,0.6477116055541088
2026-08-27T02:08:18.556066,8.7,0.18149670964966172,0.07379971450294683,0.0,0.9043162656008539,0.0,0.0,0.43690780409569935,0.8995062927630212,1.6719541674542135e-09,-0.006390839432310587,0.0,0.0,0.0,0.6274891480920557
2026-08-27T02:08:18.641027,8.72,0.18149670964788306,0.07379971450577985,0.0,0.9165724135348166,0.0,0.0,0.44241180705393446,0.8968120165225666,1.5190303178725176e-09,-0.0062349722010279895,0.0,0.0,0.0,0.6079004604307539
2026-08-27T02:08:18.720045,8.74,0.18149670964685166,0.07379971450949023,0.0,0.9284475010298472,0.0,0.0,0.4477288378837148,0.8941693842484757,1.7659670264753152e-09,-0.0060826099251830145,0.0,0.0,0.0,0.5889259607283646
2026-08-27T02:08:18.803679,8.76,0.1814967096449068,0.07379971451192156,0.0,0.9401371038005335,0.0,0.0,0.45294740301525527,0.8915372398849842,1.4750890992617366e-09,-0.005933625938377851,0.0,0.0,0.0,0.5705420249970301
2026-08-27T02:08:18.886806,8.78,0.18149670964360004,0.07379971451512368,0.0,0.9512850051318128,0.0,0.0,0.45790972559829346,0.8889986969633283,1.8375929417436404e-09,-0.00578791677249361,0.0,0.0,0.0,0.5527291085001962
2026-08-27T02:08:18.965721,8.8,0.18149670964221254,0.07379971451814436,0.0,0.962083409117426,0.0,0.0,0.4627029114795457,0.8865134041334918,1.891126219489246e-09,-0.00564538656444028,0.0,0.0,0.0,0.5351947047290914
2026-08-27T02:08:19.049606,8.82,0.18149670964052309,0.0737997145206601,0.0,0.9725429213765724,0.0,0.0,0.4673328117262778,0.8840814685785532,1.98324424591223e-09,-0.005505922882689539,0.0,0.0,0.0,0.5184728530709145
2026-08-27T02:08:19.134353,8.84,0.1814967096393915,0.07379971452390946,0.0,0.9826768784827058,0.0,0.0,0.4718064151963032,0.8817021643273956,2.2423266290635957e-09,-0.005369448582435634,0.0,0.0,0.0,0.502275247397968
2026-08-27T02:08:19.215792,8.86,0.1814967096373924,0.0737997145257998,0.0,0.9924953658385585,0.0,0.0,0.47612920317100904,0.8793753361834411,1.927936349411727e-09,-0.005235866273708518,0.0,0.0,0.0,0.4865859793015886
2026-08-27T02:08:19.302204,8.88,0.18149670963524747,0.07379971452735867,0.0,1.0020081888710193,0.0,0.0,0.48030647254348513,0.8771007310639037,1.5732060042704388e-09,-0.005105091164137044,0.0,0.0,0.0,0.47138504393617336
2026-08-27T02:08:19.386330,8.9,0.1814967096337653,0.07379971452984374,0.0,1.0112248070731438,0.0,0.0,0.48434330951060856,0.8748780249453696,1.896694906168561e-09,-0.004977042122355554,0.0,0.0,0.0,0.45665731320835506
2026-08-27T02:08:19.470330,8.92,0.18149670963239906,0.07379971453244152,0.0,1.0201545204263542,0.0,0.0,0.488244673852551,0.8727067883628591,1.8928040961853354e-09,-0.00485165496875635,0.0,0.0,0.0,0.4423880789849688
2026-08-27T02:08:19.552479,8.94,0.1814967096304015,0.0737997145339415,0.0,1.0288061226502254,0.0,0.0,0.4920152499286568,0.8705865803225096,1.7707614734328164e-09,-0.004728846024303737,0.0,0.0,0.0,0.42856315203068096
2026-08-27T02:08:19.633332,8.96,0.1814967096285917,0.07379971453564944,0.0,1.0371882577703035,0.0,0.0,0.49565960529285885,0.8685168712701713,1.6384920589361182e-09,-0.004608547882417111,0.0,0.0,0.0,0.4151685823758764
2026-08-27T02:08:19.718397,8.98,0.18149670962686004,0.07379971453739709,0.0,1.0454390418457056,0.0,0.0,0.4992383499405961,0.8664646963082748,1.6236264565889363e-09,-0.004490692761901139,0.0,0.0,0.0,0.4021913873072665
2026-08-27T02:08:19.796155,9.0,0.18149670962541656,0.07379971453955701,0.0,1.0533070486935499,0.0,0.0,0.502643153033302,0.8644939911351267,1.801544616177736e-09,-0.0043752182332232265,0.0,0.0,0.0,0.38961799390356366
2026-08-27T02:08:19.881740,9.02,0.18149670962374564,0.07379971454124443,0.0,1.060928002791342,0.0,0.0,0.5059336304554156,0.8625724094672881,1.6438763571951023e-09,-0.004262067913736641,0.0,0.0,0.0,0.37724181825060965
2026-08-27T02:08:19.961719,9.04,0.18149670962178732,0.0737997145423317,0.0,1.068427421267124,0.0,0.0,0.5091644618180665,0.8606692458903819,1.5633884572130094e-09,-0.004151173500847222,0.0,0.0,0.0,0.36544009571026054
2026-08-27T02:08:20.047782,9.06,0.18149670962024805,0.07379971454408274,0.0,1.075578698036355,0.0,0.0,0.5122386423738324,0.8588431598720531,1.5113654648537395e-09,-0.004042485705836606,0.0,0.0,0.0,0.3540083778263347
2026-08-27T02:08:20.131634,9.08,0.18149670961833328,0.07379971454505807,0.0,1.0825052512516855,0.0,0.0,0.5152099758880583,0.8570639887111268,1.233595366481599e-09,-0.003935948346937815,0.0,0.0,0.0,0.3427592506505892
2026-08-27T02:08:20.213829,9.1,0.1814967096162465,0.07379971454560799,0.0,1.0892140412372768,0.0,0.0,0.5180820030890735,0.8553309523659326,7.877768423486184e-10,-0.0038315100682023667,0.0,0.0,0.0,0.33203233604372995
2026-08-27T02:08:20.304604,9.12,0.18149670961458483,0.07379971454686342,0.0,1.095713552933237,0.0,0.0,0.5208588792538454,0.853642798776179,9.478028739997625e-10,-0.003729119556821364,0.0,0.0,0.0,0.3216425067813003
2026-08-27T02:08:20.388953,9.14,0.18149670961326517,0.07379971454870099,0.0,1.1020103977512397,0.0,0.0,0.5235439214093149,0.8519986868272492,1.070982219575356e-09,-0.0036287334864974034,0.0,0.0,0.0,0.31157932237409847
2026-08-27T02:08:20.471811,9.16,0.181496709611522,0.07379971454963434,0.0,1.1082083693440428,0.0,0.0,0.5261817350314212,0.8503721430757967,8.64192921271132e-10,-0.003530304076313854,0.0,0.0,0.0,0.30183029269483136
2026-08-27T02:08:20.558761,9.18,0.18149670960959605,0.07379971455010927,0.0,1.1141185590856857,0.0,0.0,0.5286923642704445,0.8488135154214543,5.363633463696844e-10,-0.003433784743736936,0.0,0.0,0.0,0.29238478876863144
2026-08-27T02:08:20.640122,9.2,0.1814967096081358,0.07379971455143265,0.0,1.1199358897589384,0.0,0.0,0.5311590387832791,0.8472721378157215,6.976656330556427e-10,-0.0033391344059319674,0.0,0.0,0.0,0.28308805825453637
2026-08-27T02:08:20.724888,9.22,0.18149670960692368,0.07379971455319574,0.0,1.1255688440820466,0.0,0.0,0.5335432515344001,0.8457727819823123,9.500818971071474e-10,-0.003246314182842801,0.0,0.0,0.0,0.2742227637284162
2026-08-27T02:08:20.809354,9.24,0.18149670960551698,0.07379971455448915,0.0,1.1309387086052214,0.0,0.0,0.5358121683158729,0.8443372076869778,1.018267388268844e-09,-0.003155283054573872,0.0,0.0,0.0,0.2654965525506344
2026-08-27T02:08:20.900375,9.26,0.1814967096039678,0.07379971455540531,0.0,1.1362226996048186,0.0,0.0,0.538041030802809,0.842918649202075,9.11090548112118e-10,-0.003066001633210082,0.0,0.0,0.0,0.2570473273142653
2026-08-27T02:08:20.982056,9.28,0.18149670960255002,0.07379971455652413,0.0,1.1413390705964,0.0,0.0,0.5401956101598625,0.8415394837819636,9.534620175094717e-10,-0.0029784354308645435,0.0,0.0,0.0,0.24899252151370418
2026-08-27T02:08:21.072974,9.3,0.18149670960090214,0.07379971455706452,0.0,1.1462163372752006,0.0,0.0,0.5422462081147437,0.8402196437748776,8.023073142806279e-10,-0.0028925452620968198,0.0,0.0,0.0,0.24106633956487675
2026-08-27T02:08:21.159086,9.32,0.18149670959927697,0.07379971455756645,0.0,1.1509388353750012,0.0,0.0,0.5442286624613426,0.8389369243009501,4.533682912595538e-10,-0.0028082996138552854,0.0,0.0,0.0,0.2333917836646456
2026-08-27T02:08:21.241016,9.34,0.18149670959760383,0.07379971455787329,0.0,1.1555125553739387,0.0,0.0,0.5461457689998753,0.8376901569217193,3.5640398781105337e-10,-0.00272566185444737,0.0,0.0,0.0,0.22607588421879898
2026-08-27T02:08:21.321479,9.36,0.1814967095966828,0.07379971455980046,0.0,1.15994342421512,0.0,0.0,0.5480002748071402,0.8364781520226926,8.282426399992653e-10,-0.0026446038953154938,0.0,0.0,0.0,0.2189921376349984
2026-08-27T02:08:21.402590,9.38,0.1814967095953756,0.07379971456078942,0.0,1.1642359328656653,0.0,0.0,0.5497943061247665,0.8353000783866756,7.697062589075501e-10,-0.0025650937693103915,0.0,0.0,0.0,0.21213155819492402
2026-08-27T02:08:21.485090,9.4,0.18149670959389222,0.07379971456129727,0.0,1.1683943750109131,0.0,0.0,0.5515298899742991,0.8341551297360327,6.884999632049416e-10,-0.0024870994997468684,0.0,0.0,0.0,0.20548525548413282
2026-08-27T02:08:21.576261,9.42,0.1814967095925271,0.07379971456200225,0.0,1.1724229569085551,0.0,0.0,0.5532090010863275,0.8330424965852988,5.946855078146039e-10,-0.002410593636009496,0.0,0.0,0.0,0.1990464930514601
2026-08-27T02:08:21.666121,9.44,0.18149670959091163,0.07379971456203575,0.0,1.176325682706648,0.0,0.0,0.5548335150168183,0.8319613997140024,3.270413887618284e-10,-0.0023355458542819204,0.0,0.0,0.0,0.19280883036879465
2026-08-27T02:08:21.755636,9.46,0.18149670958948386,0.07379971456243256,0.0,1.1801064779414094,0.0,0.0,0.5564052605507633,0.8309110578343732,1.737918236107078e-10,-0.0022619291533269924,0.0,0.0,0.0,0.18676595804917118
2026-08-27T02:08:21.840024,9.48,0.18149670958818215,0.07379971456305724,0.0,1.1837691599581657,0.0,0.0,0.5579260081562469,0.829890697274548,1.3640450071815847e-10,-0.0021897178704376142,0.0,0.0,0.0,0.1809118698708468
2026-08-27T02:08:21.927267,9.5,0.181496709586818,0.07379971456345562,0.0,1.1873173820598124,0.0,0.0,0.5593974476134491,0.8288995690694733,7.348092911864303e-11,-0.0021188848760689753,0.0,0.0,0.0,0.17524067752975248
2026-08-27T02:08:22.015123,9.52,0.18149670958553,0.07379971456396693,0.0,1.19080966182395,0.0,0.0,0.5608439686712751,0.8279215197137068,-6.109406598377382e-11,-0.0020494056624600406,0.0,0.0,0.0,0.16974678872675977
2026-08-27T02:08:22.093704,9.54,0.18215433416443522,0.07723737650712484,0.0,1.1929196918783305,0.0,0.0,0.5617171260283287,0.8273293602468577,0.34999947630360173,-0.0012012492534936186,0.0,0.0,0.0,2.4714131751507606e-07
2026-08-27T02:08:22.176547,9.56,0.18367013219241637,0.08514337931517284,0.0,1.1966754924478415,0.0,0.0,0.5632697767062737,0.8262730533239389,0.4550001140832073,0.00043089936346460205,0.0,0.0,0.0,-8.308582656190764e-14
2026-08-27T02:08:22.257423,9.58,0.18538934365403767,0.09407950353315074,0.0,1.2015843620938744,0.0,0.0,0.5652961113872336,0.8248880569207391,0.45500020279499254,0.0021090220794654515,0.0,0.0,0.0,-0.005467525956974618
2026-08-27T02:08:22.334945,9.6,0.18725250303214538,0.10372571605342606,0.0,1.205817481236073,0.0,0.0,0.5670407685824332,0.8236897272428759,0.4959499956129535,0.003845704747576424,0.0,0.0,0.0,-0.028977581280530212
2026-08-27T02:08:22.419473,9.62,0.18914718750657575,0.11349095774565467,0.0,1.2094017383458928,0.0,0.0,0.5685160150836488,0.822672195101675,0.4987850231579189,0.005485946344535903,0.0,0.0,0.0,-0.0466002523977493
2026-08-27T02:08:22.499019,9.64,0.19105801185071886,0.12329060534554005,0.0,1.2123526497852917,0.0,0.0,0.5697292122180191,0.8218324797338173,0.49963550730642564,0.007051191090434398,0.0,0.0,0.0,-0.05063881724339167
2026-08-27T02:08:22.575561,9.66,0.19298087689785073,0.133099164641757,0.0,1.2149010078952696,0.0,0.0,0.5707759111802392,0.8211058757653411,0.49989065280239076,0.008544557541269709,0.0,0.0,0.0,-0.05428382664844761
2026-08-27T02:08:22.654866,9.68,0.19491502273844452,0.14290888650913755,0.0,1.217092735300341,0.0,0.0,0.5716753883980417,0.8204798902471334,0.49996719594072886,0.009971944668977212,0.0,0.0,0.0,-0.05756278717899235
2026-08-27T02:08:22.732101,9.7,0.19686064975501727,0.15271735212675347,0.0,1.2189647945413737,0.0,0.0,0.5724431313291126,0.8199444257961147,0.4999901592348768,0.011339356235901599,0.0,0.0,0.0,-0.06062649413693721
2026-08-27T02:08:22.819973,9.72,0.19881822297372947,0.16252374487949328,0.0,1.2205478254626758,0.0,0.0,0.573091950634375,0.8194910714083998,0.4999970484618012,0.012652202481099379,0.0,0.0,0.0,-0.06350363975658732
2026-08-27T02:08:22.896870,9.74,0.20078826378475345,0.1723277318814553,0.0,1.221865260956081,0.0,0.0,0.5736316395724446,0.8191133878050273,0.4999991145295828,0.013915696082387075,0.0,0.0,0.0,-0.06621589079586744
2026-08-27T02:08:22.980509,9.76,0.20277128892243085,0.18212912819589486,0.0,1.2229402477112377,0.0,0.0,0.5740718247118376,0.8188049462918633,0.499999734646196,0.015134103349131997,0.0,0.0,0.0,-0.06878062085296681
2026-08-27T02:08:23.059911,9.78,0.2047677941646157,0.1919277957366156,0.0,1.223793317284919,0.0,0.0,0.5744210212734833,0.8185600102125247,0.49999992065777893,0.01631113331400256,0.0,0.0,0.0,-0.07121066408871915
2026-08-27T02:08:23.144727,9.8,0.20677825102610975,0.20172361267338998,0.0,1.2244407325111448,0.0,0.0,0.5746859652801332,0.8183740228709864,0.49999997637703314,0.01745036101577737,0.0,0.0,0.0,-0.07351892143976468
2026-08-27T02:08:23.230675,9.82,0.20880310746559536,0.21151646396012763,0.0,1.2248986766094232,0.0,0.0,0.5748733349905998,0.8182424143961162,0.499999992747617,0.01855469100513422,0.0,0.0,0.0,-0.0757168494439814
2026-08-27T02:08:23.309199,9.84,0.21084278956784822,0.22130623823678763,0.0,1.2251810798478504,0.0,0.0,0.574988866413155,0.8181612331936261,0.4999999980515097,0.01962677983813552,0.0,0.0,0.0,-0.07781333617701064
2026-08-27T02:08:23.393264,9.86,0.2128977031919681,0.23109282671209372,0.0,1.225301388554091,0.0,0.0,0.5750380813325444,0.8181266436300593,0.49999999976649745,0.02066880711256808,0.0,0.0,0.0,-0.07981735968435771
2026-08-27T02:08:23.471578,9.88,0.21496823566150722,0.24087612262145797,0.0,1.225269840273568,0.0,0.0,0.5750251760165751,0.818135714259625,0.49999999981451165,0.02168305449113889,0.0,0.0,0.0,-0.08173668076784926
2026-08-27T02:08:23.547327,9.9,0.2170547573011644,0.25065602090029093,0.0,1.2250964067872017,0.0,0.0,0.5749542277900064,0.8181855754939691,0.4999999996304487,0.022671444512418336,0.0,0.0,0.0,-0.08357890122492398
2026-08-27T02:08:23.627417,9.92,0.2191576228787555,0.26043241791351274,0.0,1.224790965746628,0.0,0.0,0.5748292673587225,0.818273373260938,0.49999999984476,0.02363552355066218,0.0,0.0,0.0,-0.08534960538023058
2026-08-27T02:08:23.706167,9.94,0.22127504429401978,0.2702056733612102,0.0,1.225192016654054,0.0,0.0,0.5749933404399834,0.8181580889104926,0.4999999997698012,0.024578535364945607,0.0,0.0,0.0,5.96584154088798e-05
2026-08-27T02:08:23.787695,9.96,0.22339454029890093,0.27997847934159875,0.0,1.226412775244393,0.0,0.0,0.5754926200560356,0.8178069724947564,0.499999999606441,0.025502342202357548,0.0,0.0,0.0,-0.00039567624331060156
2026-08-27T02:08:23.870299,9.98,0.22551409310000578,0.2897512730049433,0.0,1.2275378265713295,0.0,0.0,0.5759525663885289,0.8174831137524904,0.49999999960510666,0.02640574583156724,0.0,0.0,0.0,-0.0013763555095311296
2026-08-27T02:08:23.949570,10.0,0.22763393075948798,0.2995240048827771,0.0,1.2285657234415632,0.0,0.0,0.5763726344701642,0.8171869958791088,0.499999999941935,0.027289776593610825,0.0,0.0,0.0,-0.0029746170070000873
2026-08-27T02:08:24.040445,10.02,0.2297543496770477,0.30929661065811026,0.0,1.229495284685731,0.0,0.0,0.5767523848824901,0.8169190207923671,0.49999999983733,0.028155443482597648,0.0,0.0,0.0,-0.0045362954446898215
2026-08-27T02:08:24.117321,10.04,0.23187565503021437,0.3190690240549236,0.0,1.2303320760220018,0.0,0.0,0.57709412977036,0.8166776385971339,0.5000000003753464,0.029003537700606524,0.0,0.0,0.0,-0.006059614534768748
2026-08-27T02:08:24.200462,10.06,0.2339981444834879,0.3288411803400743,0.0,1.2310807706540814,0.0,0.0,0.5773998104094922,0.8164615477406652,0.5000000001688228,0.029834899609297916,0.0,0.0,0.0,-0.007542909684409928
2026-08-27T02:08:24.282255,10.08,0.23612210797774186,0.33861301634636615,0.0,1.231745011297755,0.0,0.0,0.5776709420317826,0.8162697365038796,0.49999999993929023,0.030650483052108657,0.0,0.0,0.0,-0.008989504443858917
2026-08-27T02:08:24.362648,10.1,0.23824779373151211,0.3483844778507674,0.0,1.2323442242392695,0.0,0.0,0.5779154757960259,0.8160966259184345,0.5000000000944353,0.03145069528073987,0.0,0.0,0.0,-0.01040212280232935
2026-08-27T02:08:24.445078,10.12,0.24037537504570058,0.3581555267976975,0.0,1.2328671584549709,0.0,0.0,0.5781288384634905,0.8159454921358751,0.5000000000641511,0.03223626130001251,0.0,0.0,0.0,-0.011782901963231009
2026-08-27T02:08:24.524571,10.14,0.2425051580711382,0.3679260960708165,0.0,1.2333043073216,0.0,0.0,0.5783071694756398,0.815819108462822,0.499999999955085,0.03300753582585391,0.0,0.0,0.0,-0.0131460516672633
2026-08-27T02:08:24.607218,10.16,0.2446374773687156,0.3776961121409937,0.0,1.2336856664190783,0.0,0.0,0.5784627189809061,0.8157088222823248,0.49999999998185973,0.033765186898086365,0.0,0.0,0.0,-0.014482558418360656
2026-08-27T02:08:24.686836,10.18,0.24677252845943223,0.38746553158701247,0.0,1.2339876376155618,0.0,0.0,0.5785858726714552,0.815621473445256,0.5000000000178887,0.0345095893485677,0.0,0.0,0.0,-0.015784643741336625
2026-08-27T02:08:24.767258,10.2,0.24891066404298445,0.39723427641908776,0.0,1.2342268860933592,0.0,0.0,0.5786834366294429,0.8155522547150107,0.4999999999730735,0.035241049117498674,0.0,0.0,0.0,-0.017074907900060592
2026-08-27T02:08:24.849994,10.22,0.2510521355161032,0.4070022905047593,0.0,1.2344056295791095,0.0,0.0,0.5787563216446939,0.8155005335107413,0.5000000001165483,0.035960051182755616,0.0,0.0,0.0,-0.018334673988492565
2026-08-27T02:08:24.930055,10.24,0.25319648232239983,0.41676967381792573,0.0,1.2348030815072992,0.0,0.0,0.5789183713452442,0.8153855035006264,0.5000000006053948,0.036667337389179905,0.0,0.0,0.0,0.009357755559531455
2026-08-27T02:08:25.018212,10.26,0.25533969524177813,0.4265373059895963,0.0,1.2354544431125207,0.0,0.0,0.5791838960434146,0.8151969176609852,0.5000000010839314,0.03736337034619781,0.0,0.0,0.0,0.008599903264157447
2026-08-27T02:08:25.103378,10.28,0.2574812321689489,0.4363053057571929,0.0,1.2360595214726198,0.0,0.0,0.5794304985403624,0.8150216545351829,0.5000000007663253,0.03804780096601694,0.0,0.0,0.0,0.007645143589912084
2026-08-27T02:08:25.188900,10.3,0.2596212804565338,0.44607363177638987,0.0,1.2366153141658627,0.0,0.0,0.5796569677040003,0.8148606014480044,0.5000000005655314,0.03872099316975085,0.0,0.0,0.0,0.006457301817933274
2026-08-27T02:08:25.278111,10.32,0.26176006630016996,0.45584223428991955,0.0,1.2371214959289516,0.0,0.0,0.5798631829247931,0.8147138694586756,0.5000000005891543,0.039383056649231835,0.0,0.0,0.0,0.005274995435803826
2026-08-27T02:08:25.357395,10.34,0.26389782059978195,0.4656110625986399,0.0,1.2375795207548725,0.0,0.0,0.5800497473063284,0.814581052228607,0.5000000002751047,0.04003425620816349,0.0,0.0,0.0,0.004100647735027123
2026-08-27T02:08:25.441438,10.36,0.26603474428974655,0.4753800726357675,0.0,1.2380022841893128,0.0,0.0,0.580221921887723,0.8144584221192123,0.49999999970081027,0.04067492945665171,0.0,0.0,0.0,0.002934590500101567
2026-08-27T02:08:25.524915,10.38,0.26817097995301736,0.4851492331513216,0.0,1.2383795621161164,0.0,0.0,0.5803755501557949,0.8143489551668611,0.49999999931310907,0.04130521081360173,0.0,0.0,0.0,0.0017755895170183604
2026-08-27T02:08:25.609048,10.4,0.2703067831230657,0.494918488232985,0.0,1.238701764103487,0.0,0.0,0.5805067350497142,0.8142554455218098,0.49999999945137136,0.04192500685683472,0.0,0.0,0.0,0.0006127521883348429
2026-08-27T02:08:25.694538,10.42,0.27244243741954643,0.5046877758614889,0.0,1.2389933504978643,0.0,0.0,0.5806254417844987,0.8141708029354502,0.4999999998339493,0.04253449107691983,0.0,0.0,0.0,-0.0005377903821381551
2026-08-27T02:08:25.774216,10.44,0.27457808439580206,0.5144570650900269,0.0,1.2392438301284008,0.0,0.0,0.5807274038316302,0.814098079127432,0.49999999980294213,0.043133831130807695,0.0,0.0,0.0,-0.001683349688673097
2026-08-27T02:08:25.856510,10.46,0.2767139772987495,0.5242263005521607,0.0,1.2394425039390837,0.0,0.0,0.5808082709500653,0.8140403874476964,0.499999999705879,0.04372322038442179,0.0,0.0,0.0,-0.0028372211851383244
2026-08-27T02:08:25.937799,10.48,0.27885039712019166,0.5339954207972807,0.0,1.239613738478358,0.0,0.0,0.5808779647365734,0.8139906572458288,0.4999999998830797,0.044302675242517645,0.0,0.0,0.0,-0.003990661368599471
2026-08-27T02:08:26.017590,10.5,0.2809875126511442,0.5437643888690529,0.0,1.2397353801052997,0.0,0.0,0.5809274712360907,0.8139553262699625,0.5000000000802891,0.04487226890318912,0.0,0.0,0.0,-0.005134559546112464
2026-08-27T02:08:26.101039,10.52,0.2831256324018887,0.55353313719619,0.0,1.2398195907697722,0.0,0.0,0.5809617425805674,0.8139308654042741,0.5000000001180469,0.045432215860183436,0.0,0.0,0.0,-0.006290402678687989
2026-08-27T02:08:26.183705,10.54,0.28526436033094543,0.5633017523890362,0.0,1.2400806031272422,0.0,0.0,0.5810679606398339,0.8138550393760946,0.49999999997783934,0.04598322853246253,0.0,0.0,0.0,0.017996865456826383
2026-08-27T02:08:26.266023,10.56,0.2874001818081554,0.5730710034284102,0.0,1.240606924957909,0.0,0.0,0.5812821153539293,0.8137020968202437,0.5000000002072252,0.04652567834849284,0.0,0.0,0.0,0.01729354904208594
2026-08-27T02:08:26.345160,10.58,0.2895326281223128,0.5828409917612674,0.0,1.2411049009961435,0.0,0.0,0.5814846994067726,0.8135573393165446,0.49999999986044064,0.047058841332094474,0.0,0.0,0.0,0.016401029426990264
2026-08-27T02:08:26.425680,10.6,0.29166187564666013,0.5926116777341549,0.0,1.2415709476510879,0.0,0.0,0.5816742614560818,0.8134218177302117,0.5000000000353411,0.04758263238879484,0.0,0.0,0.0,0.015228647556629659
2026-08-27T02:08:26.510598,10.62,0.29378814677694987,0.6023830118584282,0.0,1.2420025387456732,0.0,0.0,0.5818497807174349,0.81329627607599,0.499999999848824,0.048097214191675196,0.0,0.0,0.0,0.014042190901502417
2026-08-27T02:08:26.592813,10.64,0.29591167313344074,0.6121549428528452,0.0,1.2423996841596,0.0,0.0,0.582011267687983,0.8131807205561548,0.49999999926766475,0.04860280140135269,0.0,0.0,0.0,0.012844270942093986
2026-08-27T02:08:26.673514,10.66,0.2980326886401964,0.621927419144467,0.0,1.2427634774614056,0.0,0.0,0.5821591729084888,0.8130748412037505,0.4999999995849246,0.04909919385717801,0.0,0.0,0.0,0.011636642049570302
2026-08-27T02:08:26.756670,10.68,0.30015142921559274,0.6317003889143475,0.0,1.2430945575327348,0.0,0.0,0.5822937613694845,0.8129784594133954,0.5000000001337124,0.04958635019436759,0.0,0.0,0.0,0.010418671275193513
2026-08-27T02:08:26.835643,10.7,0.30226813286127974,0.6414738000626732,0.0,1.2433929802599195,0.0,0.0,0.5824150605114315,0.8128915655174838,0.5000000003683055,0.05006443247068783,0.0,0.0,0.0,0.009188637331611921
2026-08-27T02:08:26.917183,10.72,0.3043830399609347,0.6512476001318205,0.0,1.2436585560184135,0.0,0.0,0.5825229975234052,0.8128142206902798,0.5000000001840769,0.05053367972431758,0.0,0.0,0.0,0.007945185116637662
2026-08-27T02:08:26.996007,10.74,0.3064963628050683,0.6610217428773127,0.0,1.2439040161387522,0.0,0.0,0.5826227498741915,0.812742721486348,0.49999999980999454,0.050994217215822105,0.0,0.0,0.0,0.006687500968274864
2026-08-27T02:08:27.080331,10.76,0.30860828575688254,0.6707961882006069,0.0,1.2441049255582073,0.0,0.0,0.5827043907685577,0.8126841901864733,0.5000000001941486,0.05144580963343153,0.0,0.0,0.0,0.005414847091137588
2026-08-27T02:08:27.161083,10.78,0.31071915010310974,0.6805708621944213,0.0,1.2442736000593735,0.0,0.0,0.5827729282463475,0.8126350436100928,0.5000000002124766,0.051888661274181534,0.0,0.0,0.0,0.004113545888432699
2026-08-27T02:08:27.243585,10.8,0.3128292096444878,0.6903457099545448,0.0,1.244410415537308,0.0,0.0,0.5828285174086655,0.8125951755303602,0.5000000006062884,0.052322710154219784,0.0,0.0,0.0,0.002807113309516858
2026-08-27T02:08:27.329750,10.82,0.3149387200969277,0.7001206762285921,0.0,1.244515018823554,0.0,0.0,0.5828710166743677,0.812564691529843,0.5000000004002384,0.05274822597942629,0.0,0.0,0.0,0.0014823258620391007
2026-08-27T02:08:27.406314,10.84,0.3170473379192227,0.7098958350745304,0.0,1.2447790239315852,0.0,0.0,0.5829782722104722,0.8124877439878664,0.5000000003894471,0.05316582372860144,0.0,0.0,0.0,0.024794780216227916
2026-08-27T02:08:27.489905,10.86,0.31915167701753006,0.7196719158557128,0.0,1.245327170703022,0.0,0.0,0.5832009315789717,0.8123279346454975,0.5000000003708092,0.05357616863743585,0.0,0.0,0.0,-0.006222889676233599
2026-08-27T02:08:27.567160,10.88,0.3212543178244281,0.729448362117527,0.0,1.2452327884322054,0.0,0.0,0.5831625962520309,0.8123554556550912,0.5000000002546875,0.05397645880690251,0.0,0.0,0.0,-0.007883978807676762
2026-08-27T02:08:27.647142,10.9,0.32335848588983784,0.7392244797826378,0.0,1.2451172958212684,0.0,0.0,0.5831156847534483,0.8123891297860386,0.5000000000386423,0.05436845630707345,0.0,0.0,0.0,-0.00867683837661977
2026-08-27T02:08:27.734434,10.92,0.3254642842551513,0.7490002464051814,0.0,1.2449776038641618,0.0,0.0,0.583058941217405,0.8124298560900127,0.5000000000582235,0.05475217276123837,0.0,0.0,0.0,-0.009109278365604557
2026-08-27T02:08:27.813042,10.94,0.3275718642737645,0.758775629072357,0.0,1.2448259671098683,0.0,0.0,0.582997342428394,0.8124740603375777,0.5000000005251355,0.05512753594391883,0.0,0.0,0.0,-0.00953891931944559
2026-08-27T02:08:27.898840,10.96,0.32968130982444427,0.7685506093398434,0.0,1.2446618787857249,0.0,0.0,0.5829306817128346,0.8125218891314928,0.49999999998056405,0.05549497374555078,0.0,0.0,0.0,-0.009963950599666179
2026-08-27T02:08:27.978357,10.98,0.3317927040978852,0.7783251688684204,0.0,1.2444863043044379,0.0,0.0,0.5828593504121101,0.8125730598765707,0.5000000002357575,0.05585425963303786,0.0,0.0,0.0,-0.010391600700064813
2026-08-27T02:08:28.060384,11.0,0.3339061306032352,0.7880992891945521,0.0,1.2442991607019502,0.0,0.0,0.5827833139357007,0.8126275955184653,0.500000000191737,0.056205579956594115,0.0,0.0,0.0,-0.010821666154245914
2026-08-27T02:08:28.143330,11.02,0.3360216733314268,0.7978729516941147,0.0,1.244100384603816,0.0,0.0,0.5827025455861348,0.8126855132014096,0.4999999998259296,0.05654910718052472,0.0,0.0,0.0,-0.011254825414260382
2026-08-27T02:08:28.226045,11.04,0.33813941685195437,0.8076461375630414,0.0,1.243889656568392,0.0,0.0,0.5826169145410276,0.8127469045715849,0.4999999988955719,0.056885121516466707,0.0,0.0,0.0,-0.011691140207712605
2026-08-27T02:08:28.308185,11.06,0.34025944633940935,0.8174188278076346,0.0,1.2436679061996296,0.0,0.0,0.5825267974971684,0.8128114973336025,0.49999999886268004,0.057213353858175844,0.0,0.0,0.0,-0.012130686854333174
2026-08-27T02:08:28.393168,11.08,0.3423818475827105,0.8271910032366443,0.0,1.2434355594252562,0.0,0.0,0.582432366501626,0.8128791659596866,0.49999999924199123,0.0575337471943418,0.0,0.0,0.0,-0.012573387938309985
2026-08-27T02:08:28.474386,11.1,0.34450670699151825,0.8369626444558035,0.0,1.2431927420201532,0.0,0.0,0.5823336716044504,0.8129498723265046,0.4999999996345622,0.05784636746670797,0.0,0.0,0.0,-0.013019934751695316
2026-08-27T02:08:28.559993,11.12,0.3466341117057961,0.8467337318443733,0.0,1.2429391573886264,0.0,0.0,0.5822305911269318,0.813023701226467,0.4999999995411349,0.058151460346559776,0.0,0.0,0.0,-0.013470724650980643
2026-08-27T02:08:28.641130,11.14,0.3487639379751878,0.8565042916986494,0.0,1.2427619245477033,0.0,0.0,0.5821585415907824,0.8130752932249837,0.4999999997976286,0.05844920572494146,0.0,0.0,0.0,-0.005258948222069269
2026-08-27T02:08:28.723017,11.16,0.3508950017888195,0.8662745817131693,0.0,1.2426620657773333,0.0,0.0,0.5821179445156552,0.8131043590295581,0.49999999989367916,0.05873973920656218,0.0,0.0,0.0,-0.00560964721470664
2026-08-27T02:08:28.807719,11.18,0.35302715393283096,0.8760446342818438,0.0,1.242557992168484,0.0,0.0,0.5820756323750288,0.8131346494863014,0.5000000005335096,0.05902270418270724,0.0,0.0,0.0,-0.006017912690822026
2026-08-27T02:08:28.884763,11.2,0.3551604428338216,0.8858144387018453,0.0,1.2424448107430186,0.0,0.0,0.5820296155736401,0.8131675882591489,0.50000000076018,0.05929833048578613,0.0,0.0,0.0,-0.006486077749062521
2026-08-27T02:08:28.974236,11.22,0.35729496574329583,0.8955839735857939,0.0,1.2423164147321784,0.0,0.0,0.5819774106370537,0.8132049517238507,0.5000000006744947,0.059566799486632876,0.0,0.0,0.0,-0.006963339196748724
2026-08-27T02:08:29.054621,11.24,0.35943085010636106,0.9053532109067084,0.0,1.242176850080603,0.0,0.0,0.5819206618872357,0.8132455614811074,0.49999999980801363,0.059828482847830496,0.0,0.0,0.0,-0.007446792056094376
2026-08-27T02:08:29.138022,11.26,0.36156819024711156,0.915122129832406,0.0,1.2420270770958854,0.0,0.0,0.5818597591480653,0.8132891371979313,0.4999999999509677,0.06008304171071713,0.0,0.0,0.0,-0.007932689506107819
2026-08-27T02:08:29.221075,11.28,0.3637070811155997,0.9248907093456645,0.0,1.2418668822687406,0.0,0.0,0.5817946149252704,0.8133357400507839,0.4999999999506868,0.060330671515589615,0.0,0.0,0.0,-0.0084237756715245
2026-08-27T02:08:29.300927,11.3,0.36584761861830895,0.9346589281720451,0.0,1.2416967174948352,0.0,0.0,0.5817254122733871,0.8133852375814045,0.5000000004586405,0.06057124339423288,0.0,0.0,0.0,-0.008920859926517968
2026-08-27T02:08:29.387010,11.32,0.36798988751775996,0.9444267674297955,0.0,1.241520793996415,0.0,0.0,0.5816538632347169,0.8134364040194717,0.5000000000561303,0.06080522202991317,0.0,0.0,0.0,-0.009423988002281102
2026-08-27T02:08:29.468170,11.34,0.3701339614749631,0.9541942106279295,0.0,1.2413293588664709,0.0,0.0,0.5815760004184701,0.81349207478454,0.4999999999447114,0.061032502268688504,0.0,0.0,0.0,-0.009933699797342797
2026-08-27T02:08:29.552219,11.36,0.3722799769129581,0.9639612274450954,0.0,1.2411277548383224,0.0,0.0,0.5814939958243269,0.813550694683655,0.5000000003374978,0.06125300624365243,0.0,0.0,0.0,-0.010452994680877174
2026-08-27T02:08:29.638079,11.38,0.3744280350280807,0.9737277952187713,0.0,1.2409157518914204,0.0,0.0,0.5814077549852009,0.8136123293332449,0.5000000006392319,0.061466902217038155,0.0,0.0,0.0,-0.010975614531207082
2026-08-27T02:08:29.716115,11.4,0.37657823789678446,0.9834938910255674,0.0,1.240692968886994,0.0,0.0,0.5813171218787315,0.8136770881686592,0.5000000004297459,0.061674439260946484,0.0,0.0,0.0,-0.011505318607185849
2026-08-27T02:08:29.803400,11.42,0.37873068887555067,0.9932594915929919,0.0,1.2404596302919,0.0,0.0,0.5812221867882758,0.8137449044909926,0.500000000455359,0.06187556628870564,0.0,0.0,0.0,-0.01204218634545856
2026-08-27T02:08:29.880993,11.44,0.38088538621216644,1.0030245967714444,0.0,1.24025899409979,0.0,0.0,0.5811405505242909,0.8138032074994077,0.5000000003702343,0.06207064148671751,0.0,0.0,0.0,-0.008224112690886312
2026-08-27T02:08:29.961653,11.46,0.38304178366412706,1.012789326661875,0.0,1.2400961867356861,0.0,0.0,0.5810743020213267,0.8138505117836002,0.49999999970725933,0.06225991075559646,0.0,0.0,0.0,-0.00871840278158784
2026-08-27T02:08:30.042067,11.48,0.3851998491956632,1.0225536880311168,0.0,1.2399181930686751,0.0,0.0,0.5810018696017458,0.8139022223334176,0.4999999994236221,0.06244314896474096,0.0,0.0,0.0,-0.009249621752995511
2026-08-27T02:08:30.123233,11.5,0.38735970880833115,1.032317652710446,0.0,1.2397354119395148,0.0,0.0,0.5809274841919051,0.8139553170232773,0.4999999997310663,0.06262026001720429,0.0,0.0,0.0,-0.009822517256455799
2026-08-27T02:08:30.214599,11.52,0.38952144544291245,1.042081201987582,0.0,1.2395357034764825,0.0,0.0,0.5808462044131948,0.8140133210327613,0.4999999998407423,0.06279141753454599,0.0,0.0,0.0,-0.01040068300917432
2026-08-27T02:08:30.351573,11.54,0.3916852140474968,1.0518443011454934,0.0,1.23932514002395,0.0,0.0,0.5807605004665911,0.8140744690123838,0.5000000004057931,0.06295650030774129,0.0,0.0,0.0,-0.010991701619931158
2026-08-27T02:08:30.467121,11.56,0.39385111511356224,1.0616069272150965,0.0,1.2390192904074508,0.0,0.0,0.5806360014941702,0.8141632721812389,0.4545455458749303,0.06315844084503829,0.0,0.0,0.0,-0.011587263334702707
2026-08-27T02:08:30.552348,11.58,0.3960192211020533,1.0713690636133504,0.0,1.2385587506780453,0.0,0.0,0.5804485088354131,0.8142969535683806,0.4999999094163879,0.06342294043230996,0.0,0.0,0.0,-0.012191979722019889
2026-08-27T02:08:30.643052,11.6,0.39818964951547886,1.0811306850809306,0.0,1.2383182274025657,0.0,0.0,0.5803505759529333,0.8143667533679765,0.49999999996661,0.06357254777605566,0.0,0.0,0.0,-0.012744694845048846
2026-08-27T02:08:30.736257,11.62,0.4003625237475188,1.0908917617192657,0.0,1.2380624573477448,0.0,0.0,0.5802464258929455,0.8144409648577744,0.4999999997626776,0.06371670218073817,0.0,0.0,0.0,-0.013200872672709883
2026-08-27T02:08:30.821075,11.64,0.40253798009889574,1.100652263202787,0.0,1.2377962393248598,0.0,0.0,0.5801380113211495,0.8145181936705538,0.4999999996892269,0.06385548070537457,0.0,0.0,0.0,-0.013835289951304737
2026-08-27T02:08:30.909025,11.66,0.4047161380818654,1.1104121621420417,0.0,1.2375176986219625,0.0,0.0,0.5800245674601769,0.8145989817957267,0.499999999596253,0.06398898907450346,0.0,0.0,0.0,-0.014476963023666398
2026-08-27T02:08:31.003453,11.68,0.40689710694258735,1.1201714333400978,0.0,1.2372334581345932,0.0,0.0,0.579908790597053,0.8146814068016179,0.49999999980281234,0.06411721430216459,0.0,0.0,0.0,-0.015129762841490115
2026-08-27T02:08:31.092897,11.7,0.40908096586014286,1.1299300582260101,0.0,1.2369367668038083,0.0,0.0,0.5797879297612585,0.8147674247925932,0.49999999981039583,0.0642402874284361,0.0,0.0,0.0,-0.015792697221626347
2026-08-27T02:08:31.173462,11.72,0.41126784303338265,1.139688007170713,0.0,1.2366271202377224,0.0,0.0,0.5796617778453091,0.8148571796978998,0.49999999959458613,0.06435845098727255,0.0,0.0,0.0,-0.01647117218771716
2026-08-27T02:08:31.255071,11.74,0.4134578691378288,1.1494452498640724,0.0,1.2363045516182387,0.0,0.0,0.57953034662885,0.8149506594489295,0.4999999995238721,0.0644716354119022,0.0,0.0,0.0,0.0009098389781169204
2026-08-27T02:08:31.337142,11.76,0.4156494216296788,1.1592021498682623,0.0,1.2363266850892387,0.0,0.0,0.5795393654367551,0.8149442458899647,0.499999999765525,0.06458090459701575,0.0,0.0,0.0,0.0005178151669695179
2026-08-27T02:08:31.414433,11.78,0.41784087243676515,1.1689590727120254,0.0,1.236341456046354,0.0,0.0,0.5795453841742032,0.8149399656921823,0.4999999999689086,0.06468534131430961,0.0,0.0,0.0,0.00010047345112119097
2026-08-27T02:08:31.495090,11.8,0.4200323098179393,1.17871599857078,0.0,1.2363458926932378,0.0,0.0,0.5795471919732068,0.8149386800710658,0.500000000090338,0.06478500445353302,0.0,0.0,0.0,-0.0005933289135583446
2026-08-27T02:08:31.578895,11.82,0.42222384662022006,1.188472902098757,0.0,1.2363440299490058,0.0,0.0,0.5795464329617926,0.8149392198448068,0.5000000001519015,0.06488006394898366,0.0,0.0,0.0,-0.0013107865099930014
2026-08-27T02:08:31.660482,11.84,0.4244155878040545,1.1982297597156304,0.0,1.2363205492772522,0.0,0.0,0.5795368652616917,0.8149460238584221,0.4999999995367907,0.06497084962642968,0.0,0.0,0.0,-0.0020424798997860003
2026-08-27T02:08:31.744568,11.86,0.4266077287385278,1.2079865275258987,0.0,1.2362832726589055,0.0,0.0,0.5795216759450786,0.8149568253041429,0.4999999996933573,0.06505700204334057,0.0,0.0,0.0,-0.0027920967700544954
2026-08-27T02:08:31.823613,11.88,0.4288004154107585,1.2177431727054941,0.0,1.2362317525610846,0.0,0.0,0.5795006824251216,0.8149717535404637,0.5000000000267925,0.06513870830773935,0.0,0.0,0.0,-0.00354798671073639
2026-08-27T02:08:31.906778,11.9,0.4309937954717653,1.2274996620273728,0.0,1.2361660721478636,0.0,0.0,0.5794739182718688,0.8149907840231371,0.5000000004635823,0.06521591852691767,0.0,0.0,0.0,-0.004316781353528644
2026-08-27T02:08:31.987598,11.92,0.4331879998563835,1.2372559659936124,0.0,1.236093251882988,0.0,0.0,0.5794442439653897,0.8150118822050253,0.50000000040364,0.06528900435082101,0.0,0.0,0.0,-0.005098599489257794
2026-08-27T02:08:32.064525,11.94,0.4353831429780852,1.2470120587870812,0.0,1.2359973496141468,0.0,0.0,0.5794051625549255,0.8150396662768631,0.5000000002472184,0.06535801736559121,0.0,0.0,0.0,-0.005894082166149793
2026-08-27T02:08:32.149039,11.96,0.4375794373870206,1.256767892465356,0.0,1.2358858200771312,0.0,0.0,0.5793597111557436,0.8150719754043402,0.49999999996951466,0.06542307821043981,0.0,0.0,0.0,-0.006709546598837664
2026-08-27T02:08:32.228665,11.98,0.43977115408410616,1.2664973032398645,0.0,1.235767921358521,0.0,0.0,0.5793116621783885,0.8151061268719016,0.49732169829130984,0.06547760900410216,0.0,0.0,0.0,-0.0074920372233343736
2026-08-27T02:08:32.311808,12.0,0.4419584215335691,1.2762002619270325,0.0,1.2356362594193318,0.0,0.0,0.5792580016964864,0.8151442617540734,0.49732169267860876,0.06552592470273448,0.0,0.0,0.0,-0.008306890064314582
2026-08-27T02:08:32.393050,12.02,0.444143176708686,1.2858848427908158,0.0,1.235486406893849,0.0,0.0,0.5791969243574541,0.8151876611031754,0.4962771553152321,0.06556493789667737,0.0,0.0,0.0,-0.009157427462173802
2026-08-27T02:08:32.472099,12.04,0.4463286866811745,1.2955660408814604,0.0,1.2354495486852493,0.0,0.0,0.5791819010806676,0.8151983350452722,0.4962048390974055,0.06560260140125485,0.0,0.0,0.0,0.003605383800275108
2026-08-27T02:08:32.555711,12.06,0.44851364770102287,1.305246621559518,0.0,1.2355431487539255,0.0,0.0,0.5792200517564515,0.8151712284196821,0.4962048388039171,0.0656372361538379,0.0,0.0,0.0,0.002953287665889155
2026-08-27T02:08:32.637170,12.08,0.4506978775542419,1.3149269224460156,0.0,1.2356243946019614,0.0,0.0,0.5792531659173953,0.8151476981349297,0.49618314463514623,0.06566841290730514,0.0,0.0,0.0,0.0021787349927150914
2026-08-27T02:08:32.722457,12.1,0.45288158122429567,1.3246072086066374,0.0,1.235690778165563,0.0,0.0,0.5792802218028423,0.8151284712412209,0.496176636369633,0.06569626969373113,0.0,0.0,0.0,0.00126112137806432
2026-08-27T02:08:32.813830,12.12,0.4550649639963783,1.334287521116766,0.0,1.2357301093202055,0.0,0.0,0.5792962516628053,0.8151170792036098,0.4961740983265601,0.06572082392403673,0.0,0.0,0.0,0.00032260804199554024
2026-08-27T02:08:32.895569,12.14,0.45724828236160003,1.3439678403475255,0.0,1.235751212543529,0.0,0.0,0.5793048524294353,0.8151109666491491,0.4961739227507734,0.06574219095650345,0.0,0.0,0.0,-0.0006277078304855426
2026-08-27T02:08:32.980410,12.16,0.4594317227230217,1.3536481297199954,0.0,1.2357537185874756,0.0,0.0,0.5793058737809325,0.8151102407667998,0.4961738700452931,0.06576047770988,0.0,0.0,0.0,-0.0015950513189086873
2026-08-27T02:08:33.063096,12.18,0.46161544911327024,1.3633283540321701,0.0,1.2357470919860278,0.0,0.0,0.5793031730724018,0.8151121601768967,0.4961738700690772,0.06577580085562629,0.0,0.0,0.0,-0.0025802301910781205
2026-08-27T02:08:33.148130,12.2,0.4637996046304704,1.3730084811549106,0.0,1.2357110609027977,0.0,0.0,0.5792884882913508,0.815122596505042,0.49617384933200726,0.06578826475783524,0.0,0.0,0.0,-0.0035837684156786636
2026-08-27T02:08:33.234694,12.22,0.4659844553758042,1.3826884513208355,0.0,1.235655118934779,0.0,0.0,0.5792656882836306,0.8151387994552166,0.4961738478295057,0.06579791342984623,0.0,0.0,0.0,-0.004615211822004075
2026-08-27T02:08:33.315810,12.24,0.46817020059907116,1.3923682195317113,0.0,1.2355787621547165,0.0,0.0,0.5792345671744572,0.8151609142925214,0.4961738471637472,0.06580487164055866,0.0,0.0,0.0,-0.005656757991049571
2026-08-27T02:08:33.400204,12.26,0.47035704214896734,1.4020477401139644,0.0,1.2354818728215626,0.0,0.0,0.5791950762960745,0.8151889741614422,0.4961738470388987,0.06580911262699408,0.0,0.0,0.0,-0.006717934149464026
2026-08-27T02:08:33.478415,12.28,0.4725451854362122,1.4117269665064263,0.0,1.2353641670365452,0.0,0.0,0.5791470990639633,0.8152230600552194,0.4961738470595956,0.06581064108317261,0.0,0.0,0.0,-0.00779916635039124
2026-08-27T02:08:33.560159,12.3,0.4747348397444162,1.4214058511824297,0.0,1.2352251781355852,0.0,0.0,0.5790904441869424,0.8152633055960324,0.4961738472370008,0.06580954477830478,0.0,0.0,0.0,-0.008901279650921197
2026-08-27T02:08:33.646335,12.32,0.4769262183736113,1.4310843456012141,0.0,1.2350648188166984,0.0,0.0,0.5790250747913912,0.8153097342500112,0.49617384763325345,0.06580571371530643,0.0,0.0,0.0,-0.010024980024993782
2026-08-27T02:08:33.729080,12.34,0.4791194117964521,1.4407624289434908,0.0,1.234934497499391,0.0,0.0,0.5789719474428937,0.8153474621743684,0.49617384763820443,0.0657996872119351,0.0,0.0,0.0,-0.005922761398540374
2026-08-27T02:08:33.814993,12.36,0.48131385161964946,1.4504402297507604,0.0,1.2348452480740173,0.0,0.0,0.578935562220194,0.815373297819341,0.49617384710250284,0.06579165739722463,0.0,0.0,0.0,-0.00699608138956797
2026-08-27T02:08:33.896901,12.38,0.4835095424316584,1.4601177468113857,0.0,1.2347353019992315,0.0,0.0,0.5788907377986448,0.8154051224335918,0.49617384739417436,0.06578111943714418,0.0,0.0,0.0,-0.008142791393318674
2026-08-27T02:08:33.977046,12.4,0.4857067289069937,1.4697949244027904,0.0,1.2345906208270057,0.0,0.0,0.5788317493995058,0.81544699759525,0.4961738476483473,0.06576819606458725,0.0,0.0,0.0,-0.009377567728324083
2026-08-27T02:08:34.083031,12.42,0.4879057317349032,1.479471689411383,0.0,1.234421314661237,0.0,0.0,0.5787627172233171,0.8154959945654441,0.4961738476038449,0.06575307212109109,0.0,0.0,0.0,-0.01064041477214671
2026-08-27T02:08:34.176381,12.44,0.49010676400374303,1.4891479930124976,0.0,1.2342395664025148,0.0,0.0,0.5786886073451731,0.8155485857561793,0.4961738474004772,0.06573592273098733,0.0,0.0,0.0,-0.01191813032596079
2026-08-27T02:08:34.270869,12.46,0.4923100629612335,1.4988237807306317,0.0,1.2339984471174175,0.0,0.0,0.5785902808939198,0.8156183463208113,0.4961738476357892,0.06571646060926728,0.0,0.0,0.0,-0.015356246313885926
2026-08-27T02:08:34.351719,12.48,0.4945162616462911,1.5084989076788933,0.0,1.2337185414355603,0.0,0.0,0.5784761271232459,0.815699313686416,0.49617384717578505,0.06569510590023847,0.0,0.0,0.0,-0.015793309207572694
2026-08-27T02:08:34.431962,12.5,0.4967255164138252,1.518173337246837,0.0,1.2334308688191147,0.0,0.0,0.5783587939617375,0.8157825111186955,0.49617384750431415,0.06567162637721329,0.0,0.0,0.0,-0.016205668734449313
2026-08-27T02:08:34.514681,12.52,0.4989379070979546,1.5278470501604478,0.0,1.2331357062035495,0.0,0.0,0.5782383934139201,0.8158678571815956,0.4961738478913816,0.0656461234377876,0.0,0.0,0.0,-0.01660465519903332
2026-08-27T02:08:34.597270,12.54,0.5011535110838655,1.5375200276235044,0.0,1.2328327617064927,0.0,0.0,0.5781148054420582,0.8159554348913249,0.49617384785455504,0.06561883492105763,0.0,0.0,0.0,-0.01700806618684975
2026-08-27T02:08:34.685411,12.56,0.50337240617184,1.547192250665304,0.0,1.2325219279639663,0.0,0.0,0.5779879852197785,0.8160452738307975,0.4961738477777302,0.06558981500059329,0.0,0.0,0.0,-0.017416187321950383
2026-08-27T02:08:34.767673,12.58,0.5055946610659184,1.5568637023214045,0.0,1.2322070069028144,0.0,0.0,0.5778594831332533,0.8161362740088014,0.4961738473430391,0.06555923884795188,0.0,0.0,0.0,-0.017828968697453665
2026-08-27T02:08:34.849283,12.6,0.5078203353793614,1.5665343676434602,0.0,1.2318801184491166,0.0,0.0,0.577726082653065,0.8162307109036905,0.4961738475665027,0.06552688974162878,0.0,0.0,0.0,-0.018246509727725093
2026-08-27T02:08:34.932565,12.62,0.5100495395782502,1.576204219892445,0.0,1.2315451039092178,0.0,0.0,0.5775893499705549,0.8163274727709413,0.496173847579815,0.06549290842841723,0.0,0.0,0.0,-0.018671178245494153
2026-08-27T02:08:35.014123,12.64,0.5122823450505617,1.585873241227438,0.0,1.2312059898504666,0.0,0.0,0.57745092760721,0.8164253953703136,0.49617384746514076,0.06545742602342762,0.0,0.0,0.0,-0.0088471853952998
2026-08-27T02:08:35.092618,12.66,0.5145178194036095,1.5955416459010217,0.0,1.231060586554209,0.0,0.0,0.5773915706093776,0.8164673748468068,0.49617384750878135,0.06542102660113241,0.0,0.0,0.0,-0.009156411949590684
2026-08-27T02:08:35.173948,12.68,0.5167550651507943,1.6052096408302967,0.0,1.2309087044480869,0.0,0.0,0.5773295655522802,0.8165112202163638,0.49617384706483425,0.06538338361694505,0.0,0.0,0.0,-0.009471282915246675
2026-08-27T02:08:35.254461,12.7,0.5189941460189375,1.6148772109147738,0.0,1.2307495699945357,0.0,0.0,0.5772645961914045,0.8165571541441388,0.4961738470229517,0.06534426052424677,0.0,0.0,0.0,-0.009912390544863037
2026-08-27T02:08:35.346608,12.72,0.5212351443180153,1.624544336707666,0.0,1.2305820331042634,0.0,0.0,0.5771961924429403,0.8166055078367842,0.4961738472558676,0.06530360467022558,0.0,0.0,0.0,-0.010359967499821434
2026-08-27T02:08:35.426289,12.74,0.5234781464839248,1.634210997750917,0.0,1.2304054070848478,0.0,0.0,0.5771240733020623,0.8166564785852347,0.4961738471452917,0.06526173513039313,0.0,0.0,0.0,-0.010813723787298914
2026-08-27T02:08:35.508908,12.76,0.5257232401289959,1.643877173257545,0.0,1.2302199253710633,0.0,0.0,0.5770483333986767,0.8167099980542725,0.4961738470030809,0.0652185134229396,0.0,0.0,0.0,-0.011273123435930203
2026-08-27T02:08:35.591089,12.78,0.5279705139507832,1.6535428421311364,0.0,1.2300255306086934,0.0,0.0,0.5769689486000199,0.8167660817831428,0.49617384725893887,0.06517395050192368,0.0,0.0,0.0,-0.011737905939611618
2026-08-27T02:08:35.672335,12.8,0.5302200576855541,1.663207982965455,0.0,1.229821920690612,0.0,0.0,0.5768857947727367,0.8168248158506375,0.4961738472635718,0.06512817807661851,0.0,0.0,0.0,-0.012208382388517017
2026-08-27T02:08:35.759159,12.82,0.5324719621522208,1.6728725740386847,0.0,1.2296094485685147,0.0,0.0,0.5767990152665016,0.8168860973156503,0.4961738475306777,0.065080996885649,0.0,0.0,0.0,-0.012684689331917956
2026-08-27T02:08:35.842195,12.84,0.5347263192770281,1.6825365932995657,0.0,1.2293875214752212,0.0,0.0,0.5767083671370863,0.8169500959508333,0.49617384767603673,0.06503268057043289,0.0,0.0,0.0,-0.013166812576625688
2026-08-27T02:08:35.929744,12.86,0.5369832103059425,1.6922000211165908,0.0,1.229161127954126,0.0,0.0,0.5766158873380648,0.8170153722356368,0.4961738478615808,0.06498316467269837,0.0,0.0,0.0,-0.013655145485409234
2026-08-27T02:08:36.012014,12.88,0.5392427058606881,1.7018628402740725,0.0,1.2289198405178068,0.0,0.0,0.5765173153697086,0.8170849313742752,0.4961738476172198,0.06493272129823695,0.0,0.0,0.0,-0.014149532502586503
2026-08-27T02:08:36.093410,12.9,0.5415049367837341,1.7115250193993368,0.0,1.2286688978401656,0.0,0.0,0.5764147900916355,0.8171572613417908,0.4961738476805778,0.06488114262212304,0.0,0.0,0.0,-0.014653360031090011
2026-08-27T02:08:36.177387,12.92,0.5437700000911655,1.7211865349317395,0.0,1.2284078052224947,0.0,0.0,0.5763081083160042,0.8172325032016462,0.49617384761530103,0.06482864710506255,0.0,0.0,0.0,-0.015160116387513774
2026-08-27T02:08:36.258979,12.94,0.5460377601229031,1.7308474178547768,0.0,1.228232840372635,0.0,0.0,0.5762366126296905,0.8172829169051927,0.49617384708090645,0.06477572125130698,0.0,0.0,0.0,-0.006006787425820516
2026-08-27T02:08:36.341617,12.96,0.548306912035541,1.740507973957332,0.0,1.2281457425393638,0.0,0.0,0.5762010202976671,0.8173080106103986,0.49617384709349904,0.06472209907811267,0.0,0.0,0.0,-0.006398805737667506
2026-08-27T02:08:36.424270,12.98,0.550577302637022,1.7501682390226454,0.0,1.2280503220012375,0.0,0.0,0.5761620256567938,0.8173355003858942,0.4961738472415452,0.06466752532906316,0.0,0.0,0.0,-0.006858884310682623
2026-08-27T02:08:36.503977,13.0,0.5528490208544223,1.7598281919689347,0.0,1.2279448723541737,0.0,0.0,0.576118930985951,0.8173658772909504,0.4961738470723482,0.06461218210175732,0.0,0.0,0.0,-0.00739024901348472
2026-08-27T02:08:36.592716,13.02,0.5551221677778505,1.7694878088158081,0.0,1.2278288247273572,0.0,0.0,0.5760715033309995,0.8173993045323455,0.49617384704840123,0.06455598232077085,0.0,0.0,0.0,-0.007929837541484755
2026-08-27T02:08:36.672738,13.04,0.5573968475767533,1.779147064810419,0.0,1.227702251968431,0.0,0.0,0.5760197719348435,0.8174357603751691,0.49617384728902997,0.06449883942695639,0.0,0.0,0.0,-0.008476753347358756
2026-08-27T02:08:36.755051,13.06,0.5596731658416602,1.7888059348104564,0.0,1.2275644030892883,0.0,0.0,0.5759634292650052,0.817475460273454,0.49617384703708045,0.06444108517331457,0.0,0.0,0.0,-0.00903084771206712
2026-08-27T02:08:36.836460,13.08,0.5619512295482199,1.79846439329197,0.0,1.2274155167532739,0.0,0.0,0.5759025722060976,0.8175183345506084,0.49617384694989625,0.0643825528600935,0.0,0.0,0.0,-0.009592409213542149
2026-08-27T02:08:36.915478,13.1,0.5642311470878262,1.8081224143374717,0.0,1.2272561679249279,0.0,0.0,0.5758374350838673,0.8175642166558129,0.4961738476652026,0.06432290636249262,0.0,0.0,0.0,-0.010161166950360977
2026-08-27T02:08:37.001129,13.12,0.566513014326387,1.8177799749189587,0.0,1.2270909602216538,0.0,0.0,0.5757698991661042,0.8176117802565311,0.4961738477955466,0.06426269724346632,0.0,0.0,0.0,-0.010737518923460258
2026-08-27T02:08:37.082835,13.14,0.5687969146761755,1.8274370548909264,0.0,1.226908390830448,0.0,0.0,0.5756952613248105,0.817664335829904,0.496173847555155,0.06420182068322439,0.0,0.0,0.0,-0.011322168307364542
2026-08-27T02:08:37.165666,13.16,0.5710830027769542,1.8370936171973247,0.0,1.2267139914767213,0.0,0.0,0.5756157818961901,0.8177202893606332,0.4961738475000896,0.06414033609864289,0.0,0.0,0.0,-0.011918603512052485
2026-08-27T02:08:37.247673,13.18,0.5733713935066832,1.8467496340895386,0.0,1.226507906581979,0.0,0.0,0.5755315189405874,0.8177795978782672,0.4961738477512839,0.06407811520125933,0.0,0.0,0.0,-0.012519036485631874
2026-08-27T02:08:37.329443,13.2,0.5756622027833357,1.8564050774841123,0.0,1.2262890531408148,0.0,0.0,0.5754420285554444,0.8178425715087196,0.49617384708580153,0.06401566500686802,0.0,0.0,0.0,-0.013127596625409263
2026-08-27T02:08:37.414647,13.22,0.5779555479846681,1.866059918863446,0.0,1.2260585221219547,0.0,0.0,0.5753477556923136,0.8179088946941572,0.49617384748114085,0.06395237632315871,0.0,0.0,0.0,-0.013744673214874487
2026-08-27T02:08:37.496261,13.24,0.5802514305422587,1.8757141571907372,0.0,1.2258643995424896,0.0,0.0,0.5752683656900903,0.8179647348365653,0.49617384769296746,0.06388865372114622,0.0,0.0,0.0,-0.009499451803917753
2026-08-27T02:08:37.581439,13.26,0.5825492641373162,1.8853679313359046,0.0,1.2257070233775655,0.0,0.0,0.5752039998326735,0.8180099990687728,0.4961738476442996,0.06382460120539671,0.0,0.0,0.0,-0.010066263014446998
2026-08-27T02:08:37.663091,13.28,0.5848490430291006,1.895021242244742,0.0,1.2255380993454565,0.0,0.0,0.5751349070073771,0.8180585790404106,0.49617384782990887,0.06375995031110221,0.0,0.0,0.0,-0.010676677155280461
2026-08-27T02:08:37.744614,13.3,0.587150885010421,1.9046740614136217,0.0,1.2253564195141087,0.0,0.0,0.5750605922621679,0.8181108208715276,0.4961738477132345,0.0636948797317367,0.0,0.0,0.0,-0.01133242838476495
2026-08-27T02:08:37.831804,13.32,0.5894549157220526,1.914326358385728,0.0,1.225160809069278,0.0,0.0,0.5749805740010248,0.8181670608875989,0.4961738471235205,0.06362971914864239,0.0,0.0,0.0,-0.011998535934063968
2026-08-27T02:08:37.913112,13.34,0.5917612473056463,1.9239781058423675,0.0,1.2249586964349835,0.0,0.0,0.5748978901152212,0.8182251621290237,0.49617384701206435,0.06356407245208812,0.0,0.0,0.0,-0.012674442172155232
2026-08-27T02:08:37.996210,13.36,0.5940699774691983,1.9336292798304746,0.0,1.2247364686748918,0.0,0.0,0.5748069703939637,0.8182890362130688,0.4961738473520215,0.0634978679574936,0.0,0.0,0.0,-0.013359663754200465
2026-08-27T02:08:38.078054,13.38,0.5963812873908007,1.9432798363271673,0.0,1.2245001488607743,0.0,0.0,0.574710277425063,0.8183569496387302,0.4961738472308487,0.06343139169569871,0.0,0.0,0.0,-0.014060209145144855
2026-08-27T02:08:38.153819,13.4,0.5986953118685587,1.9529297422807013,0.0,1.2242498981993668,0.0,0.0,0.5746078757424408,0.8184288540458234,0.49617384723311575,0.06336447708668977,0.0,0.0,0.0,-0.014766099819230048
2026-08-27T02:08:38.239477,13.42,0.6010121870646694,1.9625789641910854,0.0,1.2239850383161828,0.0,0.0,0.5744994862187719,0.8185049421563483,0.49617384706032835,0.06329740493364498,0.0,0.0,0.0,-0.015482269108083525
2026-08-27T02:08:38.320241,13.44,0.6033320509886662,1.9722274679849237,0.0,1.22370602563951,0.0,0.0,0.574385294001292,0.8185850805109077,0.4961738471080542,0.06322985721997885,0.0,0.0,0.0,-0.01620923879564626
2026-08-27T02:08:38.400549,13.46,0.6056550436884889,1.9818752189653899,0.0,1.2234126973722645,0.0,0.0,0.5742652307524733,0.8186693134280829,0.49617384758204247,0.06316182531977807,0.0,0.0,0.0,-0.016946887323409394
2026-08-27T02:08:38.483507,13.48,0.6079812891926764,1.9915221861491645,0.0,1.2231113446536233,0.0,0.0,0.5741418701224285,0.8187558323287355,0.496173847054804,0.06309384082107668,0.0,0.0,0.0,-0.017695979059341463
2026-08-27T02:08:38.568740,13.5,0.610310895634845,2.0011683422601023,0.0,1.2227872817423648,0.0,0.0,0.5740091983868763,0.8188488506233954,0.496173846865555,0.06302560629001551,0.0,0.0,0.0,-0.01845688292085782
2026-08-27T02:08:38.655778,13.52,0.6126440450724463,2.0108136420268963,0.0,1.2224561054425358,0.0,0.0,0.5738735988517575,0.8189438885179693,0.49617384728918607,0.06295687786804965,0.0,0.0,0.0,-0.01923509000355509
2026-08-27T02:08:38.733330,13.54,0.614980636216444,2.020458108626477,0.0,1.222190044581966,0.0,0.0,0.5737646493162621,0.8190202239230645,0.4961738475484746,0.06288812000247383,0.0,0.0,0.0,-0.011173314416453637
2026-08-27T02:08:38.817822,13.56,0.6173195933629726,2.0301020017124296,0.0,1.2219981578387573,0.0,0.0,0.5736860671138981,0.8190752690683488,0.4961738475888218,0.06281936279105693,0.0,0.0,0.0,-0.01182595138341163
2026-08-27T02:08:38.898517,13.58,0.6196608164158952,2.0397453449598144,0.0,1.2217995926278533,0.0,0.0,0.5736047443598353,0.8191322220788827,0.4961738475272761,0.06275047632095894,0.0,0.0,0.0,-0.012554390986592305
2026-08-27T02:08:38.981105,13.6,0.6219372267501612,2.049111835760763,0.0,1.2217296834836633,0.0,0.0,0.5735761115931076,0.8191522716868525,0.46774109857831037,0.06260454185178209,0.0,0.0,0.0,-0.012602770592691177
2026-08-27T02:08:39.069844,13.62,0.624128638404237,2.0581185976224163,0.0,1.2216348046115277,0.0,0.0,0.5735372508258831,0.819179480892367,0.4592112178068863,0.06240447269752501,0.0,0.0,0.0,-0.013146305721619091
2026-08-27T02:08:39.150558,13.64,0.6262961846018633,2.06701704291949,0.0,1.221483940693922,0.0,0.0,0.5734754568813791,0.8192227416000446,0.45665225377523455,0.062188613418244165,0.0,0.0,0.0,-0.013940034567875459
2026-08-27T02:08:39.239675,13.66,0.628458331787673,2.075882563913905,0.0,1.2213104112625013,0.0,0.0,0.5734043750945951,0.8192724959513635,0.4558845647257384,0.061970692057412256,0.0,0.0,0.0,-0.01475179313931726
2026-08-27T02:08:39.322409,13.68,0.6306207277535719,2.084737751405347,0.0,1.2211184240244535,0.0,0.0,0.5733257275209667,0.8193275353377026,0.4556542580896577,0.06175464853503822,0.0,0.0,0.0,-0.015548042346073137
2026-08-27T02:08:39.405570,13.7,0.6327851670417878,2.093589357523375,0.0,1.220907756008975,0.0,0.0,0.5732394212875809,0.8193879214888875,0.45558516628510937,0.061541630840848745,0.0,0.0,0.0,-0.016351584299370767
2026-08-27T02:08:39.492187,13.72,0.6349522882741219,2.1024393826797696,0.0,1.2206782905195395,0.0,0.0,0.5731454068896182,0.8194536854278794,0.4555644390831027,0.06133189008837969,0.0,0.0,0.0,-0.017164939950467962
2026-08-27T02:08:39.575261,13.74,0.6371223843074448,2.1112884014163176,0.0,1.2204299948286934,0.0,0.0,0.5730436690635542,0.8195248338800843,0.4555582211673995,0.061125409966972334,0.0,0.0,0.0,-0.01798792588719628
2026-08-27T02:08:39.658269,13.76,0.6392956453282025,2.1201365601398012,0.0,1.2201616873685948,0.0,0.0,0.5729337215939535,0.819601702450954,0.45555635515872217,0.060922679212216696,0.0,0.0,0.0,-0.018820718425237592
2026-08-27T02:08:39.738771,13.78,0.6414722318808319,2.1289838764137903,0.0,1.219873899801424,0.0,0.0,0.5728157800729449,0.8196841355665142,0.4555557952753725,0.060723314994205996,0.0,0.0,0.0,-0.019663664273033583
2026-08-27T02:08:39.820472,13.8,0.6436522783775135,2.137830335002277,0.0,1.219575448092234,0.0,0.0,0.5726934556299382,0.8197696053639949,0.4555557954724907,0.060527077180815216,0.0,0.0,0.0,-0.020516183752466995
2026-08-27T02:08:39.907147,13.82,0.6458358980316673,2.146675908303613,0.0,1.2192488426834345,0.0,0.0,0.5725595774007629,0.8198631168229608,0.45555557745323244,0.06033400603788165,0.0,0.0,0.0,-0.021379207353156137
2026-08-27T02:08:39.985257,13.84,0.6480229135308262,2.1555206419702446,0.0,1.2190773640170605,0.0,0.0,0.5724892807793985,0.8199122046857743,0.45555556228126787,0.06014462439825226,0.0,0.0,0.0,-0.004753165782812544
2026-08-27T02:08:40.077681,13.86,0.6502111513577866,2.16436507311955,0.0,1.2190633222649971,0.0,0.0,0.5724835242633428,0.8199162240418362,0.4555555573988727,0.05995906340428783,0.0,0.0,0.0,-0.005353270605926634
2026-08-27T02:08:40.166436,13.88,0.6524003402172323,2.173209268854376,0.0,1.2190337196063787,0.0,0.0,0.5724713883505955,0.8199246974691893,0.4555555561110632,0.05977637372041368,0.0,0.0,0.0,-0.006109247157665157
2026-08-27T02:08:40.257776,13.9,0.6545906139919648,2.182053195952951,0.0,1.2189853405227469,0.0,0.0,0.572451554580356,0.8199385450498919,0.4555555559335766,0.05959652864811178,0.0,0.0,0.0,-0.007029299981174008
2026-08-27T02:08:40.353268,13.92,0.6567821321322502,2.1908968147728114,0.0,1.2189159790810828,0.0,0.0,0.5724231181763226,0.8199583975893507,0.4555555555487891,0.05941969015631509,0.0,0.0,0.0,-0.007966375367437389
2026-08-27T02:08:40.434058,13.94,0.6589750602853264,2.199740084057742,0.0,1.2188258235056055,0.0,0.0,0.5723861556841503,0.8199842003240791,0.45555555549275495,0.05924558442066015,0.0,0.0,0.0,-0.008918340571968091
2026-08-27T02:08:40.522364,13.96,0.661169566729175,2.2085829618109414,0.0,1.2187142467754928,0.0,0.0,0.5723404092155352,0.8200161315358337,0.45555555529173675,0.05907435280376316,0.0,0.0,0.0,-0.009883876281035264
2026-08-27T02:08:40.606297,13.98,0.6633658221658202,2.2174254053368827,0.0,1.2185816522694255,0.0,0.0,0.5722860431407997,0.820054074330618,0.4555555555356309,0.05890563747683091,0.0,0.0,0.0,-0.01086377867511368
2026-08-27T02:08:40.688700,14.0,0.6655639997970932,2.2262673712110375,0.0,1.218427788549789,0.0,0.0,0.5722229531622315,0.8200980989334719,0.455555555792674,0.0587393964447957,0.0,0.0,0.0,-0.011858137936085707
2026-08-27T02:08:40.780458,14.02,0.6677642753738333,2.2351088152534184,0.0,1.2182521090906864,0.0,0.0,0.5721509137595241,0.8201483596789922,0.4555555559440869,0.05857572443459523,0.0,0.0,0.0,-0.012868001383440799
2026-08-27T02:08:40.863539,14.04,0.6699668273443846,2.2439496924782594,0.0,1.218054041659772,0.0,0.0,0.5720696886146361,0.8202050178878164,0.45555555559973154,0.05841472091056954,0.0,0.0,0.0,-0.01389385601676456
2026-08-27T02:08:40.949161,14.06,0.6721718369457333,2.2527899570616605,0.0,1.2178340726972054,0.0,0.0,0.5719794753313345,0.8202679317148094,0.45555555590453917,0.058255970704766034,0.0,0.0,0.0,-0.014935939316057655
2026-08-27T02:08:41.032682,14.08,0.6743794882448323,2.2616295623090314,0.0,1.217591575811156,0.0,0.0,0.5718800149176066,0.8203372773060104,0.4555555560007911,0.05809959523239642,0.0,0.0,0.0,-0.015994482122805038
2026-08-27T02:08:41.113158,14.1,0.6765899681997246,2.27046846062783,0.0,1.2173264544315536,0.0,0.0,0.5717712654179419,0.8204130789074279,0.45555555636340445,0.05794545206978007,0.0,0.0,0.0,-0.01707074200996533
2026-08-27T02:08:41.198919,14.12,0.6788034668319056,2.2793066034653005,0.0,1.2170374982271346,0.0,0.0,0.5716527277261314,0.8204956787718467,0.4555555557470992,0.057793928517182826,0.0,0.0,0.0,-0.01816496353046754
2026-08-27T02:08:41.278652,14.14,0.681018453940067,2.288144373371241,0.0,1.2171064998808498,0.0,0.0,0.5716810351652554,0.8204759557917477,0.4555555553953306,0.05764716562737448,0.0,0.0,0.0,0.0540955952098183
2026-08-27T02:08:41.359226,14.16,0.6832247486489758,2.296984316929675,0.0,1.218299110851209,0.0,0.0,0.5721701878099227,0.8201349134023973,0.455555555545078,0.05751008320161653,0.0,0.0,0.0,0.05921354961613397
2026-08-27T02:08:41.440910,14.18,0.6854205773008057,2.3058268660474392,0.0,1.2195443884081696,0.0,0.0,0.5726807246684046,0.819778499104039,0.4555555556988918,0.0573752808283478,0.0,0.0,0.0,0.059481777418560665
2026-08-27T02:08:41.523285,14.2,0.6876059008027463,2.3146720172380895,0.0,1.2207865840150305,0.0,0.0,0.5731897768013965,0.8194226502668603,0.4555555559203663,0.057242336008474996,0.0,0.0,0.0,0.05900397867938061
2026-08-27T02:08:41.614265,14.22,0.6897807851824815,2.323519741038435,0.0,1.222017461278912,0.0,0.0,0.5736939725723963,0.819069731972866,0.4555555559225432,0.05711134811058229,0.0,0.0,0.0,0.05847813966562029
2026-08-27T02:08:41.694540,14.24,0.6919453196846167,2.3323700025608516,0.0,1.223236417503938,0.0,0.0,0.5741930710625475,0.8187199259476713,0.4555555556964443,0.05698229931068513,0.0,0.0,0.0,0.0579405598678737
2026-08-27T02:08:41.778760,14.26,0.6940995964143502,2.3412227665665757,0.0,1.2244435537522413,0.0,0.0,0.5746871196947743,0.8183732122063406,0.45555555575025813,0.056855036163087375,0.0,0.0,0.0,0.057396469497248255
2026-08-27T02:08:41.862846,14.28,0.69624370883538,2.3500779978361606,0.0,1.2256390408260094,0.0,0.0,0.5751761942969139,0.8180295505139888,0.45555555607407733,0.056729398405417956,0.0,0.0,0.0,0.05684605677279824
2026-08-27T02:08:41.949231,14.3,0.6983777516357766,2.3589356612058188,0.0,1.22682258378671,0.0,0.0,0.5756601801152629,0.8176890344315882,0.45555555631703587,0.0566054471663643,0.0,0.0,0.0,0.056289031780780756
2026-08-27T02:08:42.039444,14.32,0.7005018207698251,2.3677957215596375,0.0,1.2279938504535863,0.0,0.0,0.576138947326793,0.8173517684407214,0.4555555562710063,0.05648325800061681,0.0,0.0,0.0,0.055725073123951314
2026-08-27T02:08:42.120358,14.34,0.7026160135116484,2.376658143820178,0.0,1.2291523734024432,0.0,0.0,0.5766123110308897,0.817017896234603,0.4555555557858204,0.05636296945924772,0.0,0.0,0.0,0.05515409130890282
2026-08-27T02:08:42.203320,14.36,0.7047204284680418,2.3855228929485808,0.0,1.2302984095518321,0.0,0.0,0.5770803823619195,0.8166873528425801,0.45555555573730083,0.05624437572559685,0.0,0.0,0.0,0.05457610032610266
2026-08-27T02:08:42.289200,14.38,0.7068151655775154,2.394389933942561,0.0,1.2314318604761603,0.0,0.0,0.5775431271819406,0.8163601755627873,0.45555555558687694,0.05612744082094905,0.0,0.0,0.0,0.05399118019784508
2026-08-27T02:08:42.376946,14.4,0.7089003261107988,2.4032592318429438,0.0,1.2325528617908175,0.0,0.0,0.5780006068522449,0.81603633404306,0.45555555576755724,0.056012016607678974,0.0,0.0,0.0,0.053398896587332316
2026-08-27T02:08:42.463047,14.42,0.7109760127295093,2.4121307517176325,0.0,1.2336611455233362,0.0,0.0,0.5784527179819359,0.8157159144330279,0.45555555587063673,0.05589814281766492,0.0,0.0,0.0,0.052799054540462936
2026-08-27T02:08:42.545897,14.44,0.7130420545208953,2.421004522608396,0.0,1.2348685896845808,0.0,0.0,0.5789450782437568,0.8153665411195937,0.4555555554196092,0.055786432877856854,0.0,0.0,0.0,0.06458701224711683
2026-08-27T02:08:42.632892,14.46,0.7150969024143798,2.4298808922034127,0.0,1.2362001448731537,0.0,0.0,0.5794878026663245,0.814980911777052,0.45555555518859925,0.055676741420097056,0.0,0.0,0.0,0.06415674468526743
2026-08-27T02:08:42.713725,14.48,0.7171403602619477,2.4387598908651347,0.0,1.237521568109953,0.0,0.0,0.5800261434995799,0.8145978595951531,0.4555555553719297,0.05556848511037288,0.0,0.0,0.0,0.0636406261948354
2026-08-27T02:08:42.798881,14.5,0.7191725168555503,2.4476414828921067,0.0,1.2388311703804018,0.0,0.0,0.580559418717364,0.8142178832097441,0.4555555556352426,0.05546152930705415,0.0,0.0,0.0,0.06301730882433096
2026-08-27T02:08:42.891998,14.52,0.7211934775134967,2.4565256291953017,0.0,1.2401275437068264,0.0,0.0,0.5810870618934132,0.8138414013185128,0.45555555569353673,0.055355964194645106,0.0,0.0,0.0,0.062383325790540685
2026-08-27T02:08:42.975173,14.54,0.7232033516856291,2.465412290181844,0.0,1.2414104768468102,0.0,0.0,0.5816089943571698,0.8134684859801525,0.45555555566267897,0.055251778036223026,0.0,0.0,0.0,0.061739557783184684
2026-08-27T02:08:43.059838,14.56,0.7252022506784362,2.4743014262851744,0.0,1.2426797048596028,0.0,0.0,0.5821251157003566,0.8130992249847779,0.45555555567253186,0.055148991933574504,0.0,0.0,0.0,0.06108670846688692
2026-08-27T02:08:43.140683,14.58,0.7271902875447839,2.483192997991562,0.0,1.2439347948869441,0.0,0.0,0.5826352574069836,0.8127337551906516,0.45555555526035485,0.05504770834257235,0.0,0.0,0.0,0.0604245959549647
2026-08-27T02:08:43.223186,14.6,0.7291675621650244,2.4920869691613388,0.0,1.2451827095891588,0.0,0.0,0.5831422551585387,0.8123700574544915,0.4555555553015007,0.054947729066822194,0.0,0.0,0.0,0.059753087518959476
2026-08-27T02:08:43.308070,14.62,0.7311341612572682,2.5009833069674596,0.0,1.2464100301481844,0.0,0.0,0.583640664564233,0.8120120532769328,0.455555555446691,0.054848907599091695,0.0,0.0,0.0,0.05907210613003977
2026-08-27T02:08:43.387410,14.64,0.7330902481275985,2.509881962072783,0.0,1.2476231201285461,0.0,0.0,0.5841330790171446,0.8116578996091581,0.4555555556401435,0.054751298975841835,0.0,0.0,0.0,0.05837593245487104
2026-08-27T02:08:43.470210,14.66,0.7350359437559597,2.5187828950129045,0.0,1.2488217722195725,0.0,0.0,0.5846194217994293,0.8113076676914258,0.45555555564670086,0.05465489061021997,0.0,0.0,0.0,0.057674490898213575
2026-08-27T02:08:43.554738,14.68,0.7369713546607511,2.5276860699190626,0.0,1.2500130283105089,0.0,0.0,0.5851025556677141,0.8109593080735368,0.45555555586619917,0.05455965240801869,0.0,0.0,0.0,0.05696254338012364
2026-08-27T02:08:43.642066,14.7,0.738896573370615,2.536591454354582,0.0,1.2511825519968447,0.0,0.0,0.5855766736635539,0.8106170237918321,0.4555555559942927,0.054465475569222654,0.0,0.0,0.0,0.05623978981460821
2026-08-27T02:08:43.731037,14.72,0.7408117738179558,2.545498998710289,0.0,1.252336894728767,0.0,0.0,0.5860444410368361,0.8102789107028656,0.4555555560278798,0.054372504179798546,0.0,0.0,0.0,0.05550021518932063
2026-08-27T02:08:43.812796,14.74,0.742716928931668,2.554408696938115,0.0,1.2535433541858767,0.0,0.0,0.586533118707838,0.8099252438706039,0.45555555556480226,0.05428111453179083,0.0,0.0,0.0,0.061766489054219435
2026-08-27T02:08:43.897866,14.76,0.744611229464326,2.5633207092426042,0.0,1.2548076486285886,0.0,0.0,0.5870449934738793,0.8095543067869215,0.45555555535905407,0.054191138275025905,0.0,0.0,0.0,0.06112155482709362
2026-08-27T02:08:43.982663,14.78,0.7464946350205123,2.5722350303901003,0.0,1.2560578456468363,0.0,0.0,0.5875509299377825,0.8091871876946934,0.45555555532687037,0.05410232391858559,0.0,0.0,0.0,0.06041195783909109
2026-08-27T02:08:44.068610,14.8,0.7483672694917256,2.581151620451388,0.0,1.257292611904026,0.0,0.0,0.5880503964475845,0.8088242894707346,0.45555555513622614,0.054014640782926955,0.0,0.0,0.0,0.05963046745113236
2026-08-27T02:08:44.159980,14.82,0.7502292505158554,2.590070441279514,0.0,1.258519234086994,0.0,0.0,0.5885463467265594,0.8084634795430283,0.45555555521751345,0.05392800966058489,0.0,0.0,0.0,0.058835003244211766
2026-08-27T02:08:44.248960,14.84,0.7520806818728079,2.598991458066418,0.0,1.2597211975319738,0.0,0.0,0.5890321121865212,0.8081096279670756,0.45555555500859424,0.053842525970390305,0.0,0.0,0.0,0.058026060683964306
2026-08-27T02:08:44.337246,14.86,0.7539217587230376,2.6079146175304007,0.0,1.2609068217766914,0.0,0.0,0.5895110658414571,0.8077603006155163,0.4555555552756912,0.0537578753107203,0.0,0.0,0.0,0.05719693735459681
2026-08-27T02:08:44.428184,14.88,0.7557526262914129,2.6168398773552344,0.0,1.2620753600049364,0.0,0.0,0.5899829145890587,0.8074157296541846,0.45555555531615866,0.05367426780222381,0.0,0.0,0.0,0.056360988937073926
2026-08-27T02:08:44.522375,14.9,0.7575734316056625,2.625767195383788,0.0,1.2632266936686987,0.0,0.0,0.5904476192605926,0.8070759622919631,0.45555555529618996,0.05359164826341884,0.0,0.0,0.0,0.05551066641570744
2026-08-27T02:08:44.609184,14.92,0.7584178860644823,2.629924521914026,0.0,1.265460174794347,0.0,0.0,0.5913485453612541,0.806416082366373,-0.031332572690863536,0.05231605161668419,0.0,0.0,0.0,2.5089415187778963e-07
2026-08-27T02:08:44.687018,14.94,0.7580061693505658,2.6278781940163327,0.0,1.2717103781999946,0.0,0.0,0.5938657859017337,0.8045641231967259,-0.17740005164460831,0.04795329817004072,0.0,0.0,0.0,-7.407609793937887e-14
2026-08-27T02:08:44.773014,14.96,0.7573174423940865,2.624397683644838,0.0,1.2789222106774474,0.0,0.0,0.5967631095465548,0.8024174668365132,-0.1774003772799697,0.04320413550588884,0.0,0.0,0.0,1.2221218068216233e-14
2026-08-27T02:08:44.851053,14.98,0.7564535316616868,2.6199244884180386,0.0,1.2857059997291458,0.0,0.0,0.5994813868797781,0.8003886973119358,-0.23436610606154915,0.03875048140513628,0.0,0.0,0.0,0.0169818718179622
2026-08-27T02:08:44.940407,15.0,0.7555814716424385,2.6152788758838073,0.0,1.2919795550255664,0.0,0.0,0.6019890748798267,0.7985043229221307,-0.23830987496185332,0.0348875795394211,0.0,0.0,0.0,0.05097013134765946
2026-08-27T02:08:45.039038,15.02,0.7547250491475247,2.6105782329261795,0.0,1.2981307484346418,0.0,0.0,0.6044421010782502,0.7966490735851705,-0.23949297732874927,0.03152693659586552,0.0,0.0,0.0,0.08913038209703635
2026-08-27T02:08:45.128181,15.04,0.7538912700317172,2.6058579011203453,0.0,1.3044267993761374,0.0,0.0,0.6069469734833615,0.794742330179655,-0.23984790730463582,0.028560624383277645,0.0,0.0,0.0,0.13034033304335027
2026-08-27T02:08:45.215072,15.06,0.7530824267924003,2.6011285513373545,0.0,1.3110072642405202,0.0,0.0,0.6095585704668363,0.7927410353768921,-0.23995438630953056,0.02591694147273603,0.0,0.0,0.0,0.17018558939674772
2026-08-27T02:08:45.301732,15.08,0.7522991708716668,2.59639349353156,0.0,1.3179445024898666,0.0,0.0,0.6123046147762581,0.7906219442462359,-0.23998632952598728,0.02354480590287445,0.0,0.0,0.0,0.21014922318186038
2026-08-27T02:08:45.389551,15.1,0.7515416902998373,2.5916538235134756,0.0,1.3253036008655261,0.0,0.0,0.6152095955280106,0.7883635922404468,-0.23999591295824962,0.02140563322942794,0.0,0.0,0.0,0.25014150933729085
2026-08-27T02:08:45.481134,15.12,0.7508100458208091,2.5869099705502974,0.0,1.3331187546610777,0.0,0.0,0.6182854821883907,0.7859536007392989,-0.23999877892090726,0.019469750870782655,0.0,0.0,0.0,0.2724583256853813
2026-08-27T02:08:45.564398,15.14,0.7501042563252275,2.582162164262037,0.0,1.340896975479838,0.0,0.0,0.6213374589792569,0.7835430824589037,-0.23999963357475496,0.01771454997505113,0.0,0.0,0.0,0.2722084285120722
2026-08-27T02:08:45.655181,15.16,0.7494243272795722,2.577410576858616,0.0,1.348425450927902,0.0,0.0,0.6242824924324064,0.7811986748851937,-0.2399996313034221,0.016112599465667773,0.0,0.0,0.0,0.27188141199669147
2026-08-27T02:08:45.746047,15.18,0.7487702568621152,2.5726553549317908,0.0,1.3557326407390171,0.0,0.0,0.6271325028886179,0.7789125906163398,-0.23999996697313708,0.014642125560900436,0.0,0.0,0.0,0.2715532041024275
2026-08-27T02:08:45.829388,15.2,0.7481420225979201,2.5678966497308875,0.0,1.3628508210628016,0.0,0.0,0.6299007451961687,0.7766756409218145,-0.23999998996662864,0.013285480760352204,0.0,0.0,0.0,0.2712580705678012
2026-08-27T02:08:45.916394,15.22,0.7475396149469691,2.563134605895205,0.0,1.36980398104728,0.0,0.0,0.6325971080725358,0.7744810513229259,-0.23999999681825085,0.01202816304592673,0.0,0.0,0.0,0.27099266995581117
2026-08-27T02:08:46.003299,15.24,0.746963029168637,2.5583693665498326,0.0,1.3766143397272952,0.0,0.0,0.6352306822950367,0.7723224587379175,-0.2399999967266395,0.010858103471152285,0.0,0.0,0.0,0.27075280271821595
2026-08-27T02:08:46.100466,15.26,0.7464122675962349,2.553601073422237,0.0,1.3832962465939094,0.0,0.0,0.637807425655425,0.7701958762411024,-0.23999999912350964,0.009765081417732328,0.0,0.0,0.0,0.27053534358638653
2026-08-27T02:08:46.193569,15.28,0.7458873245651151,2.5488298688929234,0.0,1.3898642784871704,0.0,0.0,0.6403333173515023,0.7680971570638836,-0.23999999990599047,0.008740402979421755,0.0,0.0,0.0,0.27033737499426996
2026-08-27T02:08:46.282912,15.3,0.7453881934638193,2.5440558950653522,0.0,1.3963287253249081,0.0,0.0,0.6428126297836452,0.7660234480684219,-0.23999999987563572,0.007776717619318084,0.0,0.0,0.0,0.2701570962753036
2026-08-27T02:08:46.372593,15.32,0.744914864547925,2.539279293997894,0.0,1.4027017442185645,0.0,0.0,0.6452503031002637,0.7639712339800615,-0.2399999998586536,0.006867728851676625,0.0,0.0,0.0,0.2699925873747001
2026-08-27T02:08:46.459356,15.34,0.7444673358953565,2.534500206617526,0.0,1.4089929984118914,0.0,0.0,0.6476502753882222,0.7619377407567891,-0.2400000001721299,0.006007858718370756,0.0,0.0,0.0,0.2698425883326332
2026-08-27T02:08:46.546464,15.36,0.7440456061909483,2.5297187735499365,0.0,1.4152106399274338,0.0,0.0,0.6500158697454611,0.759920633407892,-0.2400000003356862,0.005192322965011253,0.0,0.0,0.0,0.2697054296702194
2026-08-27T02:08:46.633984,15.38,0.7436496745796219,2.5249351351528513,0.0,1.4213611922609255,0.0,0.0,0.6523497581716686,0.7579180648416856,-0.2400000003919762,0.00441703011351797,0.0,0.0,0.0,0.26957980138932697
2026-08-27T02:08:46.721368,15.4,0.7432795405435045,2.520149431548364,0.0,1.4274511267879326,0.0,0.0,0.6546545660669538,0.7559281706139072,-0.2400000003301435,0.003678293186906314,0.0,0.0,0.0,0.26946460050298615
2026-08-27T02:08:46.822384,15.42,0.7429352050655013,2.515361802564448,0.0,1.4334868576999664,0.0,0.0,0.6569328709826029,0.7539490719024428,-0.2400000005391478,0.002972919094033994,0.0,0.0,0.0,0.26935896469124654
2026-08-27T02:08:46.904604,15.44,0.7426166705476298,2.510572387776075,0.0,1.4394710493543696,0.0,0.0,0.6591858148498279,0.7519800938194896,-0.24000000044880643,0.0022980884159972087,0.0,0.0,0.0,0.2692619980221126
2026-08-27T02:08:46.994454,15.46,0.7423239331388032,2.5057813270287688,0.0,1.4454088971000312,0.0,0.0,0.6614154780249238,0.7500197100270509,-0.24000000011963982,0.0016513071372605496,0.0,0.0,0.0,0.26917278956731044
2026-08-27T02:08:47.081508,15.48,0.7420569927743645,2.5009887597472065,0.0,1.4513044265008679,0.0,0.0,0.663623482826711,0.7480667570751597,-0.2400000001748365,0.0010303315759481332,0.0,0.0,0.0,0.2690910582317441
2026-08-27T02:08:47.174666,15.5,0.7418158502444993,2.4961948251836663,0.0,1.4571619303087697,0.0,0.0,0.6658115354913873,0.746119963013054,-0.2400000002344464,0.00043317369127529864,0.0,0.0,0.0,0.2690160551265402
2026-08-27T02:08:47.267005,15.52,0.7416005071326567,2.4913996624456005,0.0,1.4629827026134334,0.0,0.0,0.6679802098085984,0.7441790371302196,-0.23999999976259298,-0.00014191460737522304,0.0,0.0,0.0,0.2689472121206801
2026-08-27T02:08:47.354789,15.54,0.7414109603643481,2.4866034107435104,0.0,1.4687704014157175,0.0,0.0,0.6701309519109058,0.7422428896870507,-0.2399999997631174,-0.0006965311256134338,0.0,0.0,0.0,0.2688838986924063
2026-08-27T02:08:47.445267,15.56,0.7412472093480111,2.481806209059457,0.0,1.4745276504304494,0.0,0.0,0.6722648110215786,0.7403107616819582,-0.2399999999842535,-0.001232104638930314,0.0,0.0,0.0,0.2688260090721475
2026-08-27T02:08:47.538025,15.58,0.7411092532576443,2.4770081962903987,0.0,1.480256877280496,0.0,0.0,0.6743827539637435,0.7383819480162533,-0.2400000004650927,-0.0017499183332591564,0.0,0.0,0.0,0.268772994359176
2026-08-27T02:08:47.631355,15.6,0.740997091570926,2.4722095112451097,0.0,1.4859604603031684,0.0,0.0,0.6764857202015779,0.7364557490870395,-0.24000000011717235,-0.0022511187706290244,0.0,0.0,0.0,0.2687244810014529
2026-08-27T02:08:47.733601,15.62,0.7409107245645562,2.4674102926464347,0.0,1.491639675526283,0.0,0.0,0.6785742353658796,0.7345318285122925,-0.23999999995522503,-0.0027367481864865677,0.0,0.0,0.0,0.26868011690952914
2026-08-27T02:08:47.824040,15.64,0.7408501497890344,2.462610679209541,0.0,1.4972959936278318,0.0,0.0,0.6806488916548209,0.7326097776368152,-0.24000000011350606,-0.003207754533894485,0.0,0.0,0.0,0.2686395491800018
2026-08-27T02:08:47.918858,15.66,0.7408153635005678,2.457810809589321,0.0,1.5029314152840918,0.0,0.0,0.6827104694242895,0.7306890001488091,-0.24000000011273134,-0.0036649944371740274,0.0,0.0,0.0,0.2686026238714991
2026-08-27T02:08:48.014219,15.68,0.7408063631560697,2.453010822352991,0.0,1.5085475044433139,0.0,0.0,0.6847595823907892,0.7287690404538272,-0.2400000006512672,-0.004109245177201794,0.0,0.0,0.0,0.26856914153446826
2026-08-27T02:08:48.104718,15.7,0.7408231457974074,2.4482108560176457,0.0,1.5141455880732115,0.0,0.0,0.6867967523259019,0.7268495174343819,-0.24000000051868492,-0.0045412122994086855,0.0,0.0,0.0,0.2685387943191505
2026-08-27T02:08:48.200820,15.72,0.7408657080243202,2.4434110490489065,0.0,1.519726767103695,0.0,0.0,0.6888224141605453,0.7249301219773104,-0.24000000067089572,-0.004961542234998348,0.0,0.0,0.0,0.2685113493929507
2026-08-27T02:08:48.294711,15.74,0.7409340459722156,2.438611539863839,0.0,1.5252922620298328,0.0,0.0,0.690837042005188,0.7230104988127919,-0.24000000062646432,-0.005370822588000336,0.0,0.0,0.0,0.2684866126133
2026-08-27T02:08:48.384873,15.76,0.7410281552941022,2.433812466835209,0.0,1.5308431126110829,0.0,0.0,0.6928410403006013,0.721090350008361,-0.2400000008455401,-0.005769591334175189,0.0,0.0,0.0,0.26846442784386215
2026-08-27T02:08:48.471986,15.78,0.7411480311450559,2.4290139682903495,0.0,1.5363802296537399,0.0,0.0,0.6948347633008264,0.7191694179459278,-0.24000000082357337,-0.006158343421988771,0.0,0.0,0.0,0.26844461015352755
2026-08-27T02:08:48.567828,15.8,0.7412936681655777,2.424216182512911,0.0,1.5419045933258442,0.0,0.0,0.696818586807284,0.7172474169210368,-0.24000000070879599,-0.006537527385733836,0.0,0.0,0.0,0.26842700469922903
2026-08-27T02:08:48.681840,15.82,0.7414650604669235,2.4194192477433063,0.0,1.5474169685161643,0.0,0.0,0.6987928060236288,0.7153241322992138,-0.24000000045814845,-0.006907560787867819,0.0,0.0,0.0,0.2684114774844233
2026-08-27T02:08:48.782622,15.84,0.7416622017810723,2.414623302183589,0.0,1.5529182636941226,0.0,0.0,0.7007577645890709,0.7133992958842392,-0.24000000035462235,-0.007268825778925791,0.0,0.0,0.0,0.27601921920625433
2026-08-27T02:08:48.867098,15.86,0.7418854698318337,2.409828502148316,0.0,1.5585656089139626,0.0,0.0,0.7027693743504707,0.7114177439978905,-0.24000000016674905,-0.007621898708568722,0.0,0.0,0.0,0.27644063151082676
2026-08-27T02:08:48.955322,15.88,0.742135242880548,2.4050350097460513,0.0,1.5642078662600056,0.0,0.0,0.7047735760973574,0.7094323127930827,-0.23999999987633439,-0.007966882654965259,0.0,0.0,0.0,0.2764711889199902
2026-08-27T02:08:49.055970,15.9,0.7424115161839479,2.4002429716575957,0.0,1.5698418123174047,0.0,0.0,0.7067692288390358,0.7074441724731886,-0.23999999979965983,-0.008304062419549436,0.0,0.0,0.0,0.2764752696029992
2026-08-27T02:08:49.152941,15.92,0.7427142831074768,2.3954525344987854,0.0,1.5754675318174813,0.0,0.0,0.7087563714122315,0.7054533336674844,-0.23999999983615164,-0.008633704355250647,0.0,0.0,0.0,0.2764798294252968
2026-08-27T02:08:49.244554,15.94,0.7430435347700617,2.390663844769514,0.0,1.5810854845168905,0.0,0.0,0.710735174370986,0.7034596732662394,-0.23999999997191446,-0.008956062815126165,0.0,0.0,0.0,0.27648547244502575
2026-08-27T02:08:49.328310,15.96,0.7433992615094503,2.3858770489244665,0.0,1.5866962770524466,0.0,0.0,0.7127058580949809,0.701463013876781,-0.2399999997768179,-0.009271373604821088,0.0,0.0,0.0,0.2764922100851721
2026-08-27T02:08:49.408073,15.98,0.743781453294733,2.3810922934018772,0.0,1.5923003364092798,0.0,0.0,0.7146685778491921,0.6994632398025026,-0.2399999998246331,-0.009579853583496228,0.0,0.0,0.0,0.27649998157946504
2026-08-27T02:08:49.489536,16.0,0.7441900991808043,2.3763097245821156,0.0,1.5978982083672797,0.0,0.0,0.7166235287506582,0.6974601910080278,-0.2399999999864555,-0.009881694386150048,0.0,0.0,0.0,0.2765086987213163
2026-08-27T02:08:49.578912,16.02,0.7446251875032583,2.371529488801449,0.0,1.603490266371546,0.0,0.0,0.7185708439315496,0.6954537671560207,-0.2400000000192156,-0.01017708701776405,0.0,0.0,0.0,0.2765183035555375
2026-08-27T02:08:49.660828,16.04,0.74508670574801,2.366751732332507,0.0,1.6090768391037908,0.0,0.0,0.720510639627182,0.6934438825053034,-0.2400000000902472,-0.01046620084991156,0.0,0.0,0.0,0.2765287136082685
2026-08-27T02:08:49.744004,16.06,0.7455746405442972,2.3619766013819015,0.0,1.6146584894812914,0.0,0.0,0.7224431118485679,0.6914303653605022,-0.24000000021934634,-0.010749199545499567,0.0,0.0,0.0,0.2765398772642235
2026-08-27T02:08:49.820874,16.08,0.7460889784051832,2.3572042421620316,0.0,1.6202354831553885,0.0,0.0,0.7243683519828432,0.6894131494580443,-0.2400000002235245,-0.011026231383009618,0.0,0.0,0.0,0.27655174877289085
2026-08-27T02:08:49.900924,16.1,0.7466297047280833,2.3524348007908062,0.0,1.6258081319581636,0.0,0.0,0.7262864663256831,0.687392150691403,-0.2400000001934088,-0.011297439247370098,0.0,0.0,0.0,0.27656423645185896
2026-08-27T02:08:49.987774,16.12,0.7471968041604764,2.3476684233215153,0.0,1.6313767600985383,0.0,0.0,0.7281975642581421,0.6853672792076588,-0.24000000011844916,-0.011562953261770325,0.0,0.0,0.0,0.2765773033924553
2026-08-27T02:08:50.068547,16.14,0.7477902605956327,2.342905255741544,0.0,1.636941604443949,0.0,0.0,0.7301017241068906,0.68333847576157,-0.23999999979180517,-0.011822904391940703,0.0,0.0,0.0,0.2765909024325809
2026-08-27T02:08:50.154231,16.16,0.7484100571686094,2.338145443964313,0.0,1.6425031411702538,0.0,0.0,0.7319991048556564,0.6813055925871426,-0.24000000040638525,-0.012077381927699141,0.0,0.0,0.0,0.27660498252078847
2026-08-27T02:08:50.234041,16.18,0.749056176078676,2.333389133808688,0.0,1.6480614206770028,0.0,0.0,0.7338897190360134,0.6792686363238342,-0.24000000053776355,-0.01232650210207148,0.0,0.0,0.0,0.27661950807091135
2026-08-27T02:08:50.312035,16.2,0.7497285985859923,2.3286364709880503,0.0,1.653616826622967,0.0,0.0,0.7357736919099239,0.677227490798506,-0.23999999990023554,-0.012570389317556913,0.0,0.0,0.0,0.27663439577937193
2026-08-27T02:08:50.398510,16.22,0.7504273060412407,2.3238876012488463,0.0,1.659169461658884,0.0,0.0,0.737651052393331,0.6751821420202192,-0.23999999947188827,-0.012809139166359128,0.0,0.0,0.0,0.27664964370407213
2026-08-27T02:08:50.479659,16.24,0.7511522703874338,2.3191426689286296,0.0,1.664712818272806,0.0,0.0,0.7395196043036756,0.6731350197772622,-0.2399999994714553,-0.01304281712546011,0.0,0.0,0.0,0.27598094855429517
2026-08-27T02:08:50.562576,16.26,0.7519034222315621,2.3144018117232905,0.0,1.6702471292627372,0.0,0.0,0.7413794398910942,0.6710860795060253,-0.23999999976408082,-0.013271502263275814,0.0,0.0,0.0,0.27599444384454097
2026-08-27T02:08:50.643465,16.28,0.7526807318912582,2.30966517305948,0.0,1.675779483182481,0.0,0.0,0.7432329439572559,0.6690327279114457,-0.2400000002563811,-0.013495276636125089,0.0,0.0,0.0,0.27600950471220465
2026-08-27T02:08:50.729946,16.3,0.7534841769105802,2.304932897472058,0.0,1.6813099341266036,0.0,0.0,0.7450801263873202,0.6669749659939681,-0.24000000074983685,-0.01371421587856945,0.0,0.0,0.0,0.2760261117233691
2026-08-27T02:08:50.811849,16.32,0.7543137339670758,2.300205129372176,0.0,1.6868389117641671,0.0,0.0,0.7469211217768722,0.6649126542964714,-0.24000000076942718,-0.013928409065303082,0.0,0.0,0.0,0.27604285226262315
2026-08-27T02:08:50.893956,16.34,0.7551693799491835,2.295482013232926,0.0,1.6923664551729303,0.0,0.0,0.7487559335651773,0.6628457980186189,-0.24000000103273475,-0.014137920590471335,0.0,0.0,0.0,0.2760597175407907
2026-08-27T02:08:50.978129,16.36,0.7560510903667617,2.2907636933156375,0.0,1.697892612339132,0.0,0.0,0.7505845680376997,0.6607743988863822,-0.24000000065822633,-0.014342837039967138,0.0,0.0,0.0,0.2760766242853131
2026-08-27T02:08:51.056734,16.38,0.7569588399349002,2.2860503137636474,0.0,1.7034174900147097,0.0,0.0,0.7524070506993977,0.6586984363559958,-0.24000000006703917,-0.014543231803810786,0.0,0.0,0.0,0.2760935655985542
2026-08-27T02:08:51.137972,16.4,0.7578926025736872,2.281342018591692,0.0,1.708941368866201,0.0,0.0,0.7542234637723744,0.6566178239243905,-0.24000000020053658,-0.014739144293249552,0.0,0.0,0.0,0.2761105334744589
2026-08-27T02:08:51.225976,16.42,0.7588523514065593,2.27663895169159,0.0,1.7144643568757003,0.0,0.0,0.7560338318566158,0.6545325393654639,-0.2400000002153732,-0.014930639748877544,0.0,0.0,0.0,0.276127507168544
2026-08-27T02:08:51.305424,16.44,0.7598380585605791,2.2719412567801562,0.0,1.719986312690855,0.0,0.0,0.7578380978208678,0.652442654561494,-0.2399999997138291,-0.015117794713746238,0.0,0.0,0.0,0.27614442836076375
2026-08-27T02:08:51.389719,16.46,0.7608496951635321,2.2672490773879126,0.0,1.7255077754088017,0.0,0.0,0.7596364264473586,0.6503479834782966,-0.23999999957599508,-0.015300652354631173,0.0,0.0,0.0,0.2761612749945903
2026-08-27T02:08:51.472431,16.48,0.761887232533427,2.2625625571125036,0.0,1.7310288423938553,0.0,0.0,0.7614288371373354,0.6482485063428107,-0.24000000033753444,-0.015479239199105753,0.0,0.0,0.0,0.2761780761200688
2026-08-27T02:08:51.550514,16.5,0.762950640589239,2.2578818392853153,0.0,1.7365494864617146,0.0,0.0,0.7632153086954153,0.6461442505918953,-0.24000000045272962,-0.015653633564580674,0.0,0.0,0.0,0.2761947161790888
2026-08-27T02:08:51.634822,16.52,0.7640398882490396,2.253207067034969,0.0,1.7420696161884424,0.0,0.0,0.7649957994045714,0.6440352683614157,-0.24000000034343896,-0.015823892912678227,0.0,0.0,0.0,0.27621117186404953
2026-08-27T02:08:51.713849,16.54,0.7651549434284795,2.248538383279952,0.0,1.7475896978706054,0.0,0.0,0.7667704469911021,0.64192139831997,-0.24000000054962778,-0.015990061063800052,0.0,0.0,0.0,0.27622744739256205
2026-08-27T02:08:51.798321,16.56,0.7662957740054473,2.243875930958809,0.0,1.7531094839689654,0.0,0.0,0.7685391589002628,0.6398027518203377,-0.24000000069051264,-0.01615219011468873,0.0,0.0,0.0,0.27624355932586026
2026-08-27T02:08:51.874740,16.58,0.7674623462845657,2.2392198526565674,0.0,1.7586293080199527,0.0,0.0,0.7703020289437558,0.637679217322576,-0.2400000004705075,-0.016310344573360454,0.0,0.0,0.0,0.2762594037924892
2026-08-27T02:08:51.953862,16.6,0.768654626693783,2.23457029101491,0.0,1.7641491094978952,0.0,0.0,0.7720590243391465,0.6355508342662176,-0.2400000003774296,-0.016464568996048805,0.0,0.0,0.0,0.27627503084999305
2026-08-27T02:08:52.040102,16.62,0.7698725802848378,2.229927388358042,0.0,1.7696689742657226,0.0,0.0,0.7738101589689295,0.6334175857019444,-0.2400000003930846,-0.016614909331781093,0.0,0.0,0.0,0.27629036320573414
2026-08-27T02:08:52.121218,16.64,0.771116162619273,2.225291284484741,0.0,1.7751815008495253,0.0,0.0,0.7755530830871646,0.631282357835219,-0.24000000047450654,-0.0167613992697003,0.0,0.0,0.0,0.2755567694424634
2026-08-27T02:08:52.203015,16.66,0.7723852851253799,2.2206621069844403,0.0,1.7806867055415003,0.0,0.0,0.7772878120809142,0.6291451797403087,-0.24000000060699067,-0.016904090041785964,0.0,0.0,0.0,0.27556861571570446
2026-08-27T02:08:52.285584,16.68,0.7736799017225717,2.216039994467858,0.0,1.7861920550762669,0.0,0.0,0.7790166971172421,0.6270031783113568,-0.24000000028002627,-0.01704305344598145,0.0,0.0,0.0,0.27558178141436834
2026-08-27T02:08:52.366873,16.7,0.7749999743014466,2.211425087681613,0.0,1.7916977821514921,0.0,0.0,0.7807397973319422,0.6248562785649815,-0.2400000007944862,-0.017178305822813805,0.0,0.0,0.0,0.27559628541876463
2026-08-27T02:08:52.451353,16.72,0.7763454640766414,2.2068175272076203,0.0,1.7972039126020407,0.0,0.0,0.7824571064948593,0.6227044856877878,-0.2400000011723871,-0.017309902075860726,0.0,0.0,0.0,0.27561045633982445
2026-08-27T02:08:52.531339,16.74,0.7777163314721671,2.2022174534226844,0.0,1.8027103933456026,0.0,0.0,0.7841685938178603,0.6205478357626587,-0.24000000108450242,-0.017437909667032146,0.0,0.0,0.0,0.275624235681581
2026-08-27T02:08:52.616221,16.76,0.7791125360995128,2.197625006485207,0.0,1.808217323898285,0.0,0.0,0.7858742759638238,0.6183863051348533,-0.2400000010790735,-0.017562362394721864,0.0,0.0,0.0,0.2756376111224159
2026-08-27T02:08:52.699476,16.78,0.7805340367570672,2.1930403263314546,0.0,1.813724629882664,0.0,0.0,0.7875741156261715,0.6162199383301824,-0.2400000008162758,-0.01768333105477015,0.0,0.0,0.0,0.2756505883262602
2026-08-27T02:08:52.787116,16.8,0.7819807914309207,2.188463552672073,0.0,1.8192323510844146,0.0,0.0,0.7892681109108902,0.614048735117299,-0.2400000003419081,-0.01780086092744579,0.0,0.0,0.0,0.27566313763674666
2026-08-27T02:08:52.888098,16.82,0.7834527571570339,2.1838948249367403,0.0,1.8247404408698262,0.0,0.0,0.7909562333519279,0.6118727293496015,-0.24000000005116096,-0.017914988575299093,0.0,0.0,0.0,0.2756752692181836
2026-08-27T02:08:52.966608,16.84,0.7849498900226866,2.1793342822704918,0.0,1.830249269703109,0.0,0.0,0.7926385818767334,0.6096917897761466,-0.24000000045326908,-0.018025738067384438,0.0,0.0,0.0,0.2756869674045108
2026-08-27T02:08:53.050014,16.86,0.7864721459962075,2.174782063803121,0.0,1.835758661291454,0.0,0.0,0.7943150877544862,0.607506001094296,-0.24000000063159918,-0.01813317288851195,0.0,0.0,0.0,0.2756982355043817
2026-08-27T02:08:53.128112,16.88,0.7880194796982897,2.170238308239929,0.0,1.841268417877008,0.0,0.0,0.7959856765652532,0.6053154571815891,-0.24000000002823696,-0.018237364190301506,0.0,0.0,0.0,0.2757089782111318
2026-08-27T02:08:53.208235,16.9,0.7895918446990122,2.1657031539411307,0.0,1.8467788370511107,0.0,0.0,0.7976504241727023,0.603120055061269,-0.24000000014780182,-0.01833832023903697,0.0,0.0,0.0,0.2757192293068957
2026-08-27T02:08:53.293543,16.92,0.7911891942504103,2.1611767391766143,0.0,1.8522899296481228,0.0,0.0,0.7993093190127668,0.6009198054144554,-0.24000000011223344,-0.01843611063124454,0.0,0.0,0.0,0.2757290282136442
2026-08-27T02:08:53.371164,16.94,0.7928114809067892,2.156659201992086,0.0,1.8578016459676094,0.0,0.0,0.8009623313886738,0.5987147431760974,-0.24000000047215456,-0.01853075047370873,0.0,0.0,0.0,0.27573829482994877
2026-08-27T02:08:53.454934,16.96,0.7944586559591584,2.1521506799997607,0.0,1.8633140693800758,0.0,0.0,0.8026094715486493,0.5965048500895848,-0.2400000006442796,-0.018622311733086424,0.0,0.0,0.0,0.2757470181827147
2026-08-27T02:08:53.535583,16.98,0.7961306704098533,2.147651310725137,0.0,1.8688270641237512,0.0,0.0,0.8042506842950294,0.5942901957890412,-0.2400000004362556,-0.01871085211523297,0.0,0.0,0.0,0.27575520090140604
2026-08-27T02:08:53.615933,17.0,0.7978274741389358,2.1431612312940542,0.0,1.8743407911012844,0.0,0.0,0.8058860028923619,0.5920707308609099,-0.2400000005234112,-0.018796381174984833,0.0,0.0,0.0,0.27576281347988535
2026-08-27T02:08:53.701950,17.02,0.7995490162173772,2.1386805785427403,0.0,1.879855159020222,0.0,0.0,0.8075153855497371,0.5898465072376536,-0.24000000089961884,-0.018878966924998405,0.0,0.0,0.0,0.27576988000858016
2026-08-27T02:08:53.782937,17.04,0.8012952557652243,2.1342094932743954,0.0,1.8853799073490487,0.0,0.0,0.8091416792737653,0.5876135999634718,-0.24000000092385093,-0.018958664411711856,0.0,0.0,0.0,0.2767481720502786
2026-08-27T02:08:53.866194,17.06,0.8030662053167086,2.1297481377004703,0.0,1.8909149791238722,0.0,0.0,0.8107648202144263,0.5853720238469455,-0.2400000004343055,-0.019035552076679247,0.0,0.0,0.0,0.276762127726526
2026-08-27T02:08:53.947582,17.08,0.8048618226119231,2.1252966531843516,0.0,1.896450818609121,0.0,0.0,0.8123819751405196,0.5831256523827332,-0.24000000038467387,-0.019109636125516454,0.0,0.0,0.0,0.27677323823752487
2026-08-27T02:08:54.030883,17.1,0.8066820536205886,2.120855176521543,0.0,1.901987419046466,0.0,0.0,0.813993127112707,0.58087450366949,-0.2400000004968988,-0.019180951930431744,0.0,0.0,0.0,0.2767814685995101
2026-08-27T02:08:54.118028,17.12,0.8085268433214772,2.1164238441235947,0.0,1.907524569509456,0.0,0.0,0.8155982001914492,0.5786186791354636,-0.24000000000342553,-0.019249589169867836,0.0,0.0,0.0,0.2767891128930605
2026-08-27T02:08:54.199464,17.14,0.8103961358589747,2.1120027920691613,0.0,1.9130624554962774,0.0,0.0,0.817197233669414,0.5763581189530144,-0.2399999999895546,-0.019315546909123574,0.0,0.0,0.0,0.27679616297172216
2026-08-27T02:08:54.284188,17.16,0.8122898745703592,2.107592156109828,0.0,1.9186010851450082,0.0,0.0,0.8187902151287155,0.5740928353580732,-0.2400000004011792,-0.01937886649733101,0.0,0.0,0.0,0.27680266124555525
2026-08-27T02:08:54.367783,17.18,0.8142080019885787,2.103192071669733,0.0,1.924140420006096,0.0,0.0,0.820377118832552,0.5718228597179381,-0.24000000085051992,-0.01943960002473908,0.0,0.0,0.0,0.27680855217881084
2026-08-27T02:08:54.448113,17.2,0.8161504598419884,2.098802673836078,0.0,1.929680273822074,0.0,0.0,0.8219578771651782,0.5695482843149593,-0.24000000047496636,-0.01949783547976847,0.0,0.0,0.0,0.2768138235320267
2026-08-27T02:08:54.537828,17.22,0.8181171890563111,2.0944240973500277,0.0,1.9352207914700372,0.0,0.0,0.8235325173197923,0.5672690657147859,-0.24000000021667284,-0.019553579321126835,0.0,0.0,0.0,0.27681847460950637
2026-08-27T02:08:54.620342,17.24,0.8201081297564932,2.0900564766033423,0.0,1.9407619241785952,0.0,0.0,0.8251010111650079,0.5649852399616131,-0.2400000002474007,-0.019606885128211387,0.0,0.0,0.0,0.27682254233753095
2026-08-27T02:08:54.700299,17.26,0.8221232212694625,2.0856999456377086,0.0,1.9463037172194415,0.0,0.0,0.8266633572911017,0.5626968044268639,-0.24000000054368306,-0.01965778262745043,0.0,0.0,0.0,0.2768259798992247
2026-08-27T02:08:54.783227,17.28,0.8241624021253184,2.0813546381342176,0.0,1.9518461457656198,0.0,0.0,0.8282195344793486,0.5604037854144198,-0.2400000009314665,-0.019706318282351015,0.0,0.0,0.0,0.2768287892357195
2026-08-27T02:08:54.864624,17.3,0.8262256100582012,2.0770206874100836,0.0,1.9573890904967675,0.0,0.0,0.8297694952963415,0.5581062485545694,-0.2400000008613815,-0.01975256171824206,0.0,0.0,0.0,0.2768309480648427
2026-08-27T02:08:54.949706,17.32,0.8283127820083082,2.0726982264099436,0.0,1.962932592809752,0.0,0.0,0.8313132375620973,0.5558041930878392,-0.24000000071585625,-0.019796542101097808,0.0,0.0,0.0,0.2768324519022476
2026-08-27T02:08:55.031831,17.34,0.830423854123828,2.068387387701086,0.0,1.9684765877330888,0.0,0.0,0.8328507295105086,0.5534976624646336,-0.24000000062857968,-0.019838314771171484,0.0,0.0,0.0,0.2768333214263436
2026-08-27T02:08:55.114097,17.36,0.832558761763547,2.0640883034709456,0.0,1.9740211158687684,0.0,0.0,0.8343819688128521,0.5511866563333956,-0.24000000053523876,-0.01987790813182964,0.0,0.0,0.0,0.2768335327201735
2026-08-27T02:08:55.196768,17.38,0.8347174394993011,2.059801105518837,0.0,1.979565980919567,0.0,0.0,0.8359068879815444,0.5488712732736245,-0.24000000021894152,-0.01991540974980633,0.0,0.0,0.0,0.27683309504636855
2026-08-27T02:08:55.280140,17.4,0.8368998211180018,2.0555259252518927,0.0,1.9851114416209086,0.0,0.0,0.8374255448314675,0.5465514219757551,-0.24000000026126803,-0.019950791938510147,0.0,0.0,0.0,0.27683198502255585
2026-08-27T02:08:55.365307,17.42,0.8391058396248579,2.051262893676011,0.0,1.9906574363697198,0.0,0.0,0.8389379088513856,0.5442271447585687,-0.2400000009561035,-0.019984107196311045,0.0,0.0,0.0,0.27683024401965595
2026-08-27T02:08:55.443716,17.44,0.8413354061796129,2.047012130315181,0.0,1.9961839473555285,0.0,0.0,0.8404385426976414,0.5419068701799828,-0.24000000093208174,-0.02001540925834668,0.0,0.0,0.0,0.27484421431547
2026-08-27T02:08:55.527141,17.46,0.8435883261453566,2.042773698045434,0.0,2.0016909291412333,0.0,0.0,0.8419274904644463,0.5395906789412135,-0.24000000066627583,-0.02004472251285227,0.0,0.0,0.0,0.2748318851373838
2026-08-27T02:08:55.608315,17.48,0.8458645094637898,2.038547713428005,0.0,2.007198132437665,0.0,0.0,0.8434101144890179,0.5372703032716603,-0.24000000052617865,-0.02007212347903559,0.0,0.0,0.0,0.2748240932995367
2026-08-27T02:08:55.687773,17.5,0.8481638867065849,2.0343343037893753,0.0,2.0127056654094027,0.0,0.0,0.8448864316897403,0.5349457145791316,-0.2400000004324061,-0.020097646649523463,0.0,0.0,0.0,0.27482093359326465
2026-08-27T02:08:55.775771,17.52,0.8504863880838895,2.030133596248633,0.0,2.0182135091902715,0.0,0.0,0.8463564246976096,0.5326169377452049,-0.2400000003712642,-0.020121345227760535,0.0,0.0,0.0,0.27481715429825465
2026-08-27T02:08:55.855590,17.54,0.8528319431125958,2.025945717537802,0.0,2.0237216917632166,0.0,0.0,0.8478200886978287,0.5302839778839316,-0.2400000003287508,-0.020143246338769828,0.0,0.0,0.0,0.27481271563149046
2026-08-27T02:08:55.966826,17.56,0.8552004805616557,2.02177079396441,0.0,2.0292301305908955,0.0,0.0,0.84927738961524,0.5279468869955801,-0.24000000018710985,-0.02016340488704647,0.0,0.0,0.0,0.2748076116286652
2026-08-27T02:08:56.092055,17.58,0.857591928453366,2.0176089514072166,0.0,2.034738837330613,0.0,0.0,0.8507283185604064,0.5256056772899087,-0.239999999988743,-0.020181851052572128,0.0,0.0,0.0,0.27480182335285547
2026-08-27T02:08:56.204260,17.6,0.8600062141332928,2.01346031534732,0.0,2.0402479856032976,0.0,0.0,0.852172909009534,0.5232602919678011,-0.24000000034749136,-0.020198589373097667,0.0,0.0,0.0,0.27479536212872363
2026-08-27T02:08:56.300206,17.62,0.8624432643448592,2.0093250109120757,0.0,2.0457573084356255,0.0,0.0,0.8536110789135534,0.5209108618142256,-0.24000000047196918,-0.02021370573520374,0.0,0.0,0.0,0.27478821310618357
2026-08-27T02:08:56.376106,17.64,0.8649030048306314,2.005203162631845,0.0,2.0512668393859195,0.0,0.0,0.8550428254451952,0.5185573899335516,-0.24000000066772711,-0.02022720239831822,0.0,0.0,0.0,0.27478031598904973
2026-08-27T02:08:56.458841,17.66,0.8673853604263717,2.0010948944810116,0.0,2.0567764587207353,0.0,0.0,0.8564681061014291,0.5161999450126192,-0.24000000042916866,-0.020239159913644906,0.0,0.0,0.0,0.27477173333997107
2026-08-27T02:08:56.543261,17.68,0.8698902554557135,1.9970003301093968,0.0,2.062286230390601,0.0,0.0,0.8578869261834222,0.5138385173218912,-0.24000000029569313,-0.020249592228811196,0.0,0.0,0.0,0.27476244384777904
2026-08-27T02:08:56.622780,17.7,0.8724176135121138,1.9929195927045535,0.0,2.0677962083348884,0.0,0.0,0.8592992881778719,0.5114731012839312,-0.24000000047433123,-0.02025851536451598,0.0,0.0,0.0,0.2747524695009126
2026-08-27T02:08:56.706905,17.72,0.8749673574612578,1.9888528049904135,0.0,2.0733062076274056,0.0,0.0,0.8607051335598136,0.5091037939986143,-0.24000000054280102,-0.02026600677561379,0.0,0.0,0.0,0.2747417802392601
2026-08-27T02:08:56.786044,17.74,0.8766333641687184,1.986214850448405,0.0,2.0769831223588735,0.0,0.0,0.8616396440933659,0.5075205648312763,-0.07200033602173689,-0.02010633138192607,0.0,0.0,0.0,-0.034634081079825366
2026-08-27T02:08:56.871853,17.76,0.8771211579513726,1.9854160159454899,0.0,2.0763511930591907,0.0,0.0,0.8614792425281607,0.5077927871613642,-0.02160009718672557,-0.01968532675448346,0.0,0.0,0.0,-0.11550304447759845
2026-08-27T02:08:56.952829,17.78,0.8772626741012822,1.9851734869637843,0.0,2.0746806575375514,0.0,0.0,0.8610547991181312,0.5085121757791399,-0.006480016365912115,-0.01920173564156469,0.0,0.0,0.0,-0.13059101178102853
2026-08-27T02:08:57.033451,17.8,0.877325432311993,1.9850600977034358,0.0,2.072469114098121,0.0,0.0,0.8604919744304281,0.5094639947443032,-0.0064799821387844635,-0.018718695529406134,0.0,0.0,0.0,-0.16131311660254263
2026-08-27T02:08:57.120698,17.82,0.8773372857398025,1.9850377781476025,0.0,2.069651196158201,0.0,0.0,0.859773306693361,0.510675886544062,-0.000583192795625001,-0.018250120406302868,0.0,0.0,0.0,-0.19851194239721703
2026-08-27T02:08:57.200070,17.84,0.8773407070972641,1.98503101258526,0.0,2.066046140405433,0.0,0.0,0.8588514029232925,0.5122248214375131,-0.00017494089549466123,-0.017797529346308363,0.0,0.0,0.0,-0.23765555584291012
2026-08-27T02:08:57.284222,17.86,0.8773416927134647,1.9850289627735023,0.0,2.0616254012852213,0.0,0.0,0.8577170996332784,0.5141219475928615,-5.24683663265732e-05,-0.017361158649946088,0.0,0.0,0.0,-0.2773851164058593
2026-08-27T02:08:57.365606,17.88,0.8773419760370255,1.9850283420354087,0.0,2.056382168228941,0.0,0.0,0.8563663230931459,0.5163687835955284,-1.5726699145875503e-05,-0.01694019028165896,0.0,0.0,0.0,-0.31729403819690905
2026-08-27T02:08:57.446924,17.9,0.8773420572882746,1.9850281541486563,0.0,2.050315907771604,0.0,0.0,0.8547961724977273,0.5189638749308428,-4.703681154193812e-06,-0.01653364540147087,0.0,0.0,0.0,-0.3572615305831165
2026-08-27T02:08:57.532175,17.92,0.8773420805279223,1.9850280973021797,0.0,2.0434270214019135,0.0,0.0,0.853003563723563,0.5219050874200225,-1.397088876602462e-06,-0.016140749170699818,0.0,0.0,0.0,-0.39725262176822757
2026-08-27T02:08:57.609514,17.94,0.8773420871541261,1.9850280801076798,0.0,2.0357162211365303,0.0,0.0,0.8509850762034521,0.5251898705030448,-4.05402811961067e-07,-0.01576079977227633,0.0,0.0,0.0,-0.4372580897569074
2026-08-27T02:08:57.694148,17.96,0.8773420890346928,1.9850280749074438,0.0,2.027184717249858,0.0,0.0,0.8487370107644935,0.5288151723982133,-1.0750290248447147e-07,-0.015393053621096347,0.0,0.0,0.0,-0.4772763676991161
2026-08-27T02:08:57.776404,17.98,0.8773420895643215,1.9850280733326067,0.0,2.017833294721949,0.0,0.0,0.8462551550713349,0.5327778265986591,-1.8208417513349007e-08,-0.01503689198046202,0.0,0.0,0.0,-0.5173080420410825
2026-08-27T02:08:57.855870,18.0,0.8773420897102696,1.985028072854133,0.0,2.0076628906064293,0.0,0.0,0.8435349420969448,0.537074297896952,9.097392669049631e-09,-0.014691693477509326,0.0,0.0,0.0,-0.557354128539058
2026-08-27T02:08:57.939545,18.02,0.8773420897485009,1.985028072705508,0.0,1.9966741540487334,0.0,0.0,0.8405713406387935,0.5417008596049128,1.68997469629506e-08,-0.014356916873663066,0.0,0.0,0.0,-0.5974154814610327
2026-08-27T02:08:58.019880,18.04,0.8773420897569778,1.9850280726555156,0.0,1.9848674245986402,0.0,0.0,0.8373588546733889,0.5466535909514091,1.8682125142027717e-08,-0.01403209934867486,0.0,0.0,0.0,-0.6374925425348065
2026-08-27T02:08:58.100812,18.06,0.8773420897562437,1.985028072637539,0.0,1.9722433996788125,0.0,0.0,0.8338917125465165,0.5519280856653681,1.9887328723058872e-08,-0.013716733049777998,0.0,0.0,0.0,-0.677585191591363
2026-08-27T02:08:58.183109,18.08,0.8773420897533135,1.9850280726286897,0.0,1.958802713152915,0.0,0.0,0.8301637638131946,0.5575196187144543,2.01305424430559e-08,-0.013410346677782235,0.0,0.0,0.0,-0.7176926275073541
2026-08-27T02:08:58.264925,18.1,0.8773420897504116,1.985028072621356,0.0,1.9445457100958619,0.0,0.0,0.8261684254999272,0.5634232269856926,1.9831013284635213e-08,-0.013112544677562146,0.0,0.0,0.0,-0.7578132580780322
2026-08-27T02:08:58.349949,18.12,0.8773420897473848,1.9850280726149585,0.0,1.9294727411779535,0.0,0.0,0.8218987728093903,0.5696335727943169,1.9803409629162716e-08,-0.012822953774002412,0.0,0.0,0.0,-0.7979445924995529
2026-08-27T02:08:58.428527,18.14,0.8773420897441848,1.9850280726095988,0.0,1.9135844663441992,0.0,0.0,0.8173476384275936,0.576144806413141,1.984268579481585e-08,-0.012541175245703409,0.0,0.0,0.0,-0.8380831346775177
2026-08-27T02:08:58.509615,18.16,0.8773420897414267,1.9850280726034242,0.0,1.8968811738643439,0.0,0.0,0.8125074319268145,0.5829508324581867,1.950910896546254e-08,-0.012266901101153043,0.0,0.0,0.0,-0.878224277001879
2026-08-27T02:08:58.590720,18.18,0.8773420897383808,1.985028072598404,0.0,1.879363638794638,0.0,0.0,0.8073704004208774,0.5900449444951055,1.9774279668566264e-08,-0.011999775573285574,0.0,0.0,0.0,-0.9183621946941946
2026-08-27T02:08:58.671426,18.2,0.877342089735655,1.9850280725927654,0.0,1.8610324135646794,0.0,0.0,0.8019284400228344,0.5974201010030908,1.9617309058445054e-08,-0.0117395127412096,0.0,0.0,0.0,-0.9584897410252128
2026-08-27T02:08:58.757651,18.22,0.8773420897347802,1.9850280725811094,0.0,1.8418890061179962,0.0,0.0,0.796173464069925,0.6050684383694921,1.6054015982910896e-08,-0.011485717200123821,0.0,0.0,0.0,-0.9967517222618004
2026-08-27T02:08:58.839096,18.24,0.8773420897381324,1.9850280725534242,0.0,1.822136412193313,0.0,0.0,0.7901588960794603,0.6129020467794903,6.433443012696105e-09,-0.011238534578099023,0.0,0.0,0.0,-0.999996197878281
2026-08-27T02:08:58.924132,18.26,0.8773420897383208,1.9850280725347893,0.0,1.8023407970874314,0.0,0.0,0.7840539043496406,0.6206927380548967,1.6854860394746943e-09,-0.01099753812500957,0.0,0.0,0.0,-0.9999961978850223
2026-08-27T02:08:59.065685,18.28,0.8773420897361047,1.9850280725242788,0.0,1.7825357626779745,0.0,0.0,0.7778691424957402,0.6284262861728029,3.251347829546212e-11,-0.01076237954638156,0.0,0.0,0.0,-0.9999961978903519
2026-08-27T02:08:59.147437,18.3,0.8773420897327338,1.985028072518331,0.0,1.7627222131629028,0.0,0.0,0.7716053953073427,0.6361014965652881,-1.936843694460991e-10,-0.010532767474275602,0.0,0.0,0.0,-0.999996197895413
2026-08-27T02:08:59.237334,18.32,0.877342089729013,1.9850280725141505,0.0,1.7429006307161332,0.0,0.0,0.7652633346922072,0.6437173514639503,2.0035128441811718e-10,-0.010308483357130983,0.0,0.0,0.0,-0.9999961978993213
2026-08-27T02:08:59.314881,18.34,0.8773420897252919,1.9850280725102523,0.0,1.7230715757153696,0.0,0.0,0.7588436743025246,0.6512728137816317,3.985152409891751e-10,-0.010089308664790774,0.0,0.0,0.0,-0.9999961979030516
2026-08-27T02:08:59.398889,18.36,0.8773420897218244,1.985028072504992,0.0,1.703235097463564,0.0,0.0,0.7523469767265649,0.6587670503375207,1.625956159669777e-10,-0.009875099353710597,0.0,0.0,0.0,-0.9999961979063379
2026-08-27T02:08:59.477331,18.38,0.8773420897182239,1.9850280725006582,0.0,1.6833916982028718,0.0,0.0,0.745773964900885,0.6661990643013644,1.9807903222106207e-10,-0.009665659785573232,0.0,0.0,0.0,-0.9999961979093575
2026-08-27T02:08:59.556480,18.4,0.8773420897146572,1.9850280724961598,0.0,1.6635414745850694,0.0,0.0,0.7391252412661443,0.6735680201162048,1.8642424575083562e-10,-0.009460852104306723,0.0,0.0,0.0,-0.9999961979122893
2026-08-27T02:08:59.642049,18.42,0.8773420897109739,1.9850280724929872,0.0,1.6436849260979578,0.0,0.0,0.7324015553823007,0.6808729409174569,4.954804281708663e-10,-0.009260495714888661,0.0,0.0,0.0,-0.9999961979145974
2026-08-27T02:08:59.722596,18.44,0.8773420897073734,1.9850280724892815,0.0,1.6238222651461751,0.0,0.0,0.7256035737794306,0.6881129658119504,5.528380556075671e-10,-0.009064451519172427,0.0,0.0,0.0,-0.9999961979171731
2026-08-27T02:08:59.807840,18.46,0.877342089703808,1.9850280724852067,0.0,1.6039537052421489,0.0,0.0,0.7187319747928769,0.6952872416565196,3.849002241874868e-10,-0.008872585236575166,0.0,0.0,0.0,-0.9999961979197488
2026-08-27T02:08:59.889964,18.48,0.8773420897002399,1.985028072481069,0.0,1.5840794938647973,0.0,0.0,0.7117874600096875,0.702394911551157,1.5027268440563103e-10,-0.008684763879826876,0.0,0.0,0.0,-0.9999961979220584
2026-08-27T02:08:59.971628,18.5,0.8773420896966553,1.985028072477213,0.0,1.5641998997037738,0.0,0.0,0.70477075022556,0.7094351200966169,3.339666396415795e-11,-0.008500857572357358,0.0,0.0,0.0,-0.99999619792419
2026-08-27T02:09:00.061505,18.52,0.8773420896930709,1.9850280724741847,0.0,1.5443150918863413,0.0,0.0,0.6976825424227214,0.7164070560781541,2.997329216964696e-10,-0.008320752166610032,0.0,0.0,0.0,-0.9999961979262331
2026-08-27T02:09:00.140558,18.54,0.8773420896895308,1.98502807247204,0.0,1.524425432996793,0.0,0.0,0.6905236138829902,0.7233098496978836,6.313929647671322e-10,-0.008144318117039112,0.0,0.0,0.0,-0.9999961979280122
2026-08-27T02:09:00.226121,18.56,0.8773420896859873,1.9850280724689449,0.0,1.5045310522911546,0.0,0.0,0.6832946695764035,0.7301427220266415,5.577703298146816e-10,-0.007971454672216952,0.0,0.0,0.0,-0.9999961979298718
2026-08-27T02:09:00.304308,18.58,0.8773420896824288,1.9850280724656166,0.0,1.4846321396494095,0.0,0.0,0.6759964463445477,0.736904881602465,4.0576892193500136e-10,-0.007802058576614226,0.0,0.0,0.0,-0.9999961979315627
2026-08-27T02:09:00.387767,18.6,0.8773420896788598,1.985028072462323,0.0,1.464728824355773,0.0,0.0,0.668629668745496,0.7435955662006655,2.59847078641455e-10,-0.007636036071839545,0.0,0.0,0.0,-0.9999961979327201
2026-08-27T02:09:00.471647,18.62,0.8773420896753255,1.985028072459499,0.0,1.444821321951526,0.0,0.0,0.6611951030130817,0.7502139933055902,1.7687026397249141e-10,-0.007473288704646737,0.0,0.0,0.0,-0.9999961979343158
2026-08-27T02:09:00.552969,18.64,0.8773420896719104,1.985028072457619,0.0,1.4249098266826552,0.0,0.0,0.6536935176689372,0.7567593970064798,5.634882638619332e-10,-0.0073137240465408725,0.0,0.0,0.0,-0.9999961979360922
2026-08-27T02:09:00.638572,18.66,0.8773420896685701,1.9850280724560467,0.0,1.4049945164334352,0.0,0.0,0.6461256849232627,0.7632310261529236,8.356642924303367e-10,-0.007157254547721572,0.0,0.0,0.0,-0.9999961979372415
2026-08-27T02:09:00.719831,18.68,0.8773420896651842,1.9850280724540068,0.0,1.3850755685532503,0.0,0.0,0.6384923863716226,0.7696281391330949,8.316712163782339e-10,-0.0070037959516616915,0.0,0.0,0.0,-0.9999961979384905
2026-08-27T02:09:00.799546,18.7,0.8773420896617653,1.9850280724517366,0.0,1.3651530555130549,0.0,0.0,0.6307943723758078,0.7759500369089564,8.618290737094289e-10,-0.006853275823114795,0.0,0.0,0.0,-0.9999961979395507
2026-08-27T02:09:00.885100,18.72,0.877342089658439,1.985028072449917,0.0,1.3452272247625505,0.0,0.0,0.6230324697478737,0.7821959739348349,9.218221698123474e-10,-0.006705609846307662,0.0,0.0,0.0,-0.9999961979405333
2026-08-27T02:09:00.965219,18.74,0.8773420896549504,1.985028072447361,0.0,1.3252980863769868,0.0,0.0,0.6152074218146749,0.7883652885205822,7.089904757577072e-10,-0.006560735769639175,0.0,0.0,0.0,-0.9999961979412442
2026-08-27T02:09:01.049885,18.76,0.8773420896517024,1.9850280724458444,0.0,1.3053658128104981,0.0,0.0,0.6073200434354501,0.7944572769139716,9.050338490787513e-10,-0.0064185805318590075,0.0,0.0,0.0,-0.9999961979413331
2026-08-27T02:09:01.133745,18.78,0.8773420896487433,1.9850280724453224,0.0,1.2854306101180306,0.0,0.0,0.5993711718310382,0.8004712351970482,1.4459749874242214e-09,-0.006279071494550455,0.0,0.0,0.0,-0.999996197941605
2026-08-27T02:09:01.215404,18.8,0.8773420896456489,1.985028072444174,0.0,1.265492563426145,0.0,0.0,0.591361604640495,0.8064065057754798,1.5475622889973686e-09,-0.006142147569566728,0.0,0.0,0.0,-0.9999961979420435
2026-08-27T02:09:01.303476,18.82,0.8773420896423827,1.9850280724424239,0.0,1.245551783803846,0.0,0.0,0.5832921576490361,0.8122624322379633,1.4041501373088239e-09,-0.006007747693128195,0.0,0.0,0.0,-0.999996197941866
2026-08-27T02:09:01.381999,18.84,0.8773420896389413,1.985028072440192,0.0,1.2256083098254544,0.0,0.0,0.5751636247957299,0.8180383882873937,1.0876870237819247e-09,-0.005875817739000207,0.0,0.0,0.0,-0.9999961979410718
2026-08-27T02:09:01.468290,18.86,0.8773420896358086,1.9850280724389053,0.0,1.205662322402544,0.0,0.0,0.566976865507477,0.8237337154562246,1.195656979349237e-09,-0.005746295635972861,0.0,0.0,0.0,-0.9999961979396451
2026-08-27T02:09:01.549393,18.88,0.8773420896325237,1.9850280724372225,0.0,1.1857138506261542,0.0,0.0,0.5587326846292413,0.8293478082969779,9.549994009028055e-10,-0.005619131487272474,0.0,0.0,0.0,-0.9999961979374247
2026-08-27T02:09:01.630245,18.9,0.8773420896291995,1.9850280724354956,0.0,1.1657630609998055,0.0,0.0,0.5504319509145642,0.8348800317485062,5.965549759365772e-10,-0.00549426797806755,0.0,0.0,0.0,-0.9999961979337829
2026-08-27T02:09:01.714802,18.92,0.8773420896262352,1.98502807243466,0.0,1.1458099732393805,0.0,0.0,0.5420754794004518,0.8403298011095229,9.798344291966563e-10,-0.005371659218984076,0.0,0.0,0.0,-0.9999961979277538
2026-08-27T02:09:01.797475,18.94,0.8773420896235999,1.9850280724345215,0.0,1.125854868253735,0.0,0.0,0.5336642018075543,0.8456964702002167,1.1255982359289346e-09,-0.005251244681685518,0.0,0.0,0.0,-0.9999961979180613
2026-08-27T02:09:01.879369,18.96,0.8773420896200289,1.9850280724323621,0.0,1.1058976113511987,0.0,0.0,0.525198881936635,0.8509795146844068,5.808810339745334e-10,-0.005132990787740684,0.0,0.0,0.0,-0.9999961978997695
2026-08-27T02:09:01.961127,18.98,0.877342089617145,1.985028072431681,0.0,1.0859383603730643,0.0,0.0,0.5166804132159346,0.8561783404168848,7.274231343689687e-10,-0.005016847465630131,0.0,0.0,0.0,-0.9999961978534935
2026-08-27T02:09:02.040636,19.0,0.8773420896147051,1.9850280724318223,0.0,1.0659772847242444,0.0,0.0,0.5081097014214596,0.8612923611186826,1.1257912789931074e-09,-0.004902765975277695,0.0,0.0,0.0,-0.9999961975599532
2026-08-27T02:09:02.126728,19.02,0.8773420896117208,1.9850280724309102,0.0,1.0460143738027607,0.0,0.0,0.4994875816954668,0.8663210465710818,9.172325021906957e-10,-0.0047907089866587775,0.0,0.0,0.0,-0.9999961982945623
2026-08-27T02:09:02.209003,19.04,0.8773420896091711,1.9850280724307647,0.0,1.0260497280797392,0.0,0.0,0.49081494297328476,0.8712638473815675,1.2372604799417222e-09,-0.004680634217416748,0.0,0.0,0.0,-0.9999961980779307
2026-08-27T02:09:02.294731,19.06,0.8773420896065012,1.9850280724303857,0.0,1.0060834444377633,0.0,0.0,0.4820926790268362,0.8761202250996879,1.1608391912651395e-09,-0.004572500834197903,0.0,0.0,0.0,-0.999996198036012
2026-08-27T02:09:02.374860,19.08,0.8773420896034845,1.9850280724294547,0.0,0.9861155606715001,0.0,0.0,0.47332166385228663,0.8808896653543524,9.540614816184664e-10,-0.004466272240236884,0.0,0.0,0.0,-0.999996198018203
2026-08-27T02:09:02.454354,19.1,0.8773420896012348,1.9850280724297122,0.0,0.9661460798586141,0.0,0.0,0.46450276164482235,0.8855716709698506,1.5209775820540158e-09,-0.0043619145117040955,0.0,0.0,0.0,-0.9999961980078664
2026-08-27T02:09:02.538378,19.12,0.8773420895992787,1.9850280724303375,0.0,0.9461752514728792,0.0,0.0,0.45563695141876687,0.8901656972169913,1.6152706852189808e-09,-0.004259382856763698,0.0,0.0,0.0,-0.9999961980016321
2026-08-27T02:09:02.619959,19.14,0.8773420895962405,1.9850280724293998,0.0,0.9262029312071896,0.0,0.0,0.4467250433238091,0.8946713003485364,1.4335827878530355e-09,-0.004158652328557927,0.0,0.0,0.0,-0.9999961979976463
2026-08-27T02:09:02.702644,19.16,0.8773420895943537,1.9850280724300338,0.0,0.9062293234368983,0.0,0.0,0.43776800787161424,0.899087966377105,1.8618360723586178e-09,-0.004059682582495558,0.0,0.0,0.0,-0.9999961979942262
2026-08-27T02:09:02.783160,19.18,0.877342089592194,1.9850280724302551,0.0,0.8862544039077385,0.0,0.0,0.4287667189106362,0.9034152427065903,2.082495149414998e-09,-0.003962444660677775,0.0,0.0,0.0,-0.9999961979915117
2026-08-27T02:09:02.861273,19.2,0.8773420895901283,1.9850280724305616,0.0,0.8662782866336878,0.0,0.0,0.4197221175344773,0.9076526560597806,2.161662884716392e-09,-0.0038669043201906106,0.0,0.0,0.0,-0.9999961979891248
2026-08-27T02:09:02.947107,19.22,0.8773420895874917,1.98502807243017,0.0,0.84630097723426,0.0,0.0,0.4106351009861497,0.9117997663073262,1.989027721823952e-09,-0.003773032794590594,0.0,0.0,0.0,-0.9999961979867711
2026-08-27T02:09:03.026185,19.24,0.8773420895848097,1.9850280724297547,0.0,0.8263225148702513,0.0,0.0,0.4015065864163073,0.915856135571698,1.7740840284460532e-09,-0.0036808005645125913,0.0,0.0,0.0,-0.9999961979843229
2026-08-27T02:09:03.111277,19.26,0.8773420895823878,1.985028072429651,0.0,0.8063429322931686,0.0,0.0,0.3923374927515552,0.9198213368809312,1.723204393522422e-09,-0.0035901790847562864,0.0,0.0,0.0,-0.9999961979812918
2026-08-27T02:09:03.193053,19.28,0.8773420895803793,1.9850280724299867,0.0,0.7863623177300768,0.0,0.0,0.38312876910738086,0.9236949422197045,1.7902398081765664e-09,-0.003501138457434348,0.0,0.0,0.0,-0.9999961979783719
2026-08-27T02:09:03.275829,19.3,0.877342089578239,1.9850280724301734,0.0,0.7663807053392064,0.0,0.0,0.3738813444086405,0.9274765443412505,1.7786204101330125e-09,-0.0034136515982609787,0.0,0.0,0.0,-0.999996197975002
2026-08-27T02:09:03.362274,19.32,0.8773420895766172,1.9850280724308516,0.0,0.7463981641140616,0.0,0.0,0.36459616815283175,0.9311657393655933,2.1420272751718206e-09,-0.0033276909066498805,0.0,0.0,0.0,-0.9999961979702834
2026-08-27T02:09:03.440617,19.34,0.8773420895750633,1.9850280724315534,0.0,0.7264147201593402,0.0,0.0,0.35527417429053854,0.9347621414467833,2.4138438500624637e-09,-0.0032432309270152555,0.0,0.0,0.0,-0.9999961979641102
2026-08-27T02:09:03.526846,19.36,0.8773420895729669,1.9850280724317402,0.0,0.7064304398436247,0.0,0.0,0.34591631973665826,0.938265367441347,2.1989293665005544e-09,-0.0031602454076669396,0.0,0.0,0.0,-0.9999961979551502
2026-08-27T02:09:03.609802,19.38,0.8773420895696845,1.9850280724309297,0.0,0.6864452542500157,0.0,0.0,0.33652350195496916,0.9416750674367268,1.5001160680403608e-09,-0.003078712982193053,0.0,0.0,0.0,-0.9999961979414215
2026-08-27T02:09:03.691285,19.4,0.87734208956775,1.9850280724313003,0.0,0.6664592777105014,0.0,0.0,0.32709670821988135,0.9449908695176467,1.6009044472020673e-09,-0.002998606989404786,0.0,0.0,0.0,-0.9999961979181502
2026-08-27T02:09:03.776434,19.42,0.8773420895658558,1.9850280724317009,0.0,0.6464725480328056,0.0,0.0,0.3176368938725153,0.948212425383163,1.568207893837964e-09,-0.002919903822933882,0.0,0.0,0.0,-0.9999961978693039
2026-08-27T02:09:03.853298,19.44,0.8773420895638077,1.9850280724319849,0.0,0.6264850637871335,0.0,0.0,0.30814499931211026,0.9513394028415619,1.4560810633395746e-09,-0.0028425815119133514,0.0,0.0,0.0,-0.9999961977060597
2026-08-27T02:09:03.935304,19.46,0.8773420895629017,1.9850280724330975,0.0,0.6064969169310594,0.0,0.0,0.2986220128743085,0.9543714651155997,1.9626006835318788e-09,-0.0027666159761996745,0.0,0.0,0.0,-0.9999961980269979
2026-08-27T02:09:04.016920,19.48,0.8773420895611177,1.9850280724335525,0.0,0.5865081407078182,0.0,0.0,0.28906889861989826,0.9573082950913352,1.7554714501705551e-09,-0.002691985291723728,0.0,0.0,0.0,-0.9999961982561422
2026-08-27T02:09:04.100738,19.5,0.8773420895589045,1.9850280724337264,0.0,0.5665186739326683,0.0,0.0,0.27948657863476745,0.9601495989495762,1.6578241404446512e-09,-0.0026186704534207207,0.0,0.0,0.0,-0.999996198138685
2026-08-27T02:09:04.185858,19.52,0.8773420895585536,1.9850280724350993,0.0,0.5465286429567401,0.0,0.0,0.26987606802232317,0.9628950658866263,2.2653854658046674e-09,-0.0025466480065561323,0.0,0.0,0.0,-0.9999961980979211
2026-08-27T02:09:04.266963,19.54,0.8773420895572038,1.9850280724357976,0.0,0.5265380514101405,0.0,0.0,0.2602383262968998,0.965544413026241,2.208621936380939e-09,-0.002475898099942808,0.0,0.0,0.0,-0.9999961980773089
2026-08-27T02:09:04.349894,19.56,0.8773420895552644,1.985028072436142,0.0,0.5065468988554009,0.0,0.0,0.25057431387870427,0.9680973676362397,2.0039696792175515e-09,-0.0024064013235637676,0.0,0.0,0.0,-0.9999961980649231
2026-08-27T02:09:04.431879,19.58,0.8773420895538071,1.985028072436769,0.0,0.48655523127336187,0.0,0.0,0.24088501647127702,0.9705536609789448,2.0598619487628006e-09,-0.0023381375773548563,0.0,0.0,0.0,-0.9999961980566131
2026-08-27T02:09:04.509226,19.6,0.877342089552182,1.985028072437304,0.0,0.4665630571063884,0.0,0.0,0.23117140439843378,0.9729130391707451,1.9470774056647502e-09,-0.0022710879802777,0.0,0.0,0.0,-0.9999961980504899
2026-08-27T02:09:04.599118,19.62,0.8773420895511412,1.985028072438136,0.0,0.44657039724304104,0.0,0.0,0.2214344566455037,0.9751752567667571,2.1539099557751906e-09,-0.0022052337497866165,0.0,0.0,0.0,-0.9999961980464486
2026-08-27T02:09:04.679598,19.64,0.8773420895512343,1.985028072439483,0.0,0.4265773120757067,0.0,0.0,0.2116751740484652,0.9773400742277746,2.809363487720276e-09,-0.0021405556939335774,0.0,0.0,0.0,-0.9999961980430235
2026-08-27T02:09:04.767094,19.66,0.8773420895506112,1.985028072440436,0.0,0.4065838523839439,0.0,0.0,0.20189455533865788,0.9794072638716774,2.931155272493935e-09,-0.0020770352011675918,0.0,0.0,0.0,-0.9999961980403584
2026-08-27T02:09:04.844684,19.68,0.8773420895481905,1.9850280724405909,0.0,0.3865899477351196,0.0,0.0,0.19209354220848504,0.9813766203867896,2.4589868810858534e-09,-0.0020146562673095136,0.0,0.0,0.0,-0.9999961980380989
2026-08-27T02:09:04.928854,19.7,0.8773420895472113,1.9850280724413756,0.0,0.36659563862939093,0.0,0.0,0.1822731327502608,0.9832479367267474,2.650730480816335e-09,-0.00195340106704768,0.0,0.0,0.0,-0.999996198036234
2026-08-27T02:09:05.013665,19.72,0.877342089545721,1.9850280724419525,0.0,0.34660098239413895,0.0,0.0,0.17243433553704285,0.9850210149676496,2.207944541391879e-09,-0.0018932517795615977,0.0,0.0,0.0,-0.9999961980345433
2026-08-27T02:09:05.094149,19.74,0.8773420895441707,1.985028072442519,0.0,0.32660595142169235,0.0,0.0,0.162578119371285,0.9866956750192514,2.2969247417698596e-09,-0.0018341924564022171,0.0,0.0,0.0,-0.9999961980331251
2026-08-27T02:09:05.178115,19.76,0.8773420895439461,1.9850280724435427,0.0,0.30661060085733594,0.0,0.0,0.1527054956846603,0.9882717397496006,2.6021190013911927e-09,-0.0017762060002277798,0.0,0.0,0.0,-0.9999961980313903
2026-08-27T02:09:05.262849,19.78,0.8773420895430203,1.9850280724443061,0.0,0.28661494235991875,0.0,0.0,0.14281745628649659,0.9897490460616037,2.5083816332632097e-09,-0.0017192763072465358,0.0,0.0,0.0,-0.9999961980301968
2026-08-27T02:09:05.342730,19.8,0.877342089542039,1.985028072445045,0.0,0.26661898828100133,0.0,0.0,0.13291499498189915,0.9911274409020072,2.5609055980414103e-09,-0.0016633875583992343,0.0,0.0,0.0,-0.99999619802935
2026-08-27T02:09:05.428770,19.82,0.8773420895409266,1.9850280724457439,0.0,0.24662275691452606,0.0,0.0,0.12299911007454278,0.9924067809728381,2.4424761913520443e-09,-0.0016085240823207774,0.0,0.0,0.0,-0.999996198028151
2026-08-27T02:09:05.508011,19.84,0.8773420895399421,1.9850280724464766,0.0,0.22662624959093278,0.0,0.0,0.11307079289985725,0.9935869341899568,2.481287406010807e-09,-0.0015546707132641107,0.0,0.0,0.0,-0.9999961980269519
2026-08-27T02:09:05.591700,19.86,0.877342089539216,1.9850280724472666,0.0,0.20662949154460808,0.0,0.0,0.10313104799598317,0.9946677771694679,2.4488015658210432e-09,-0.0015018121866266377,0.0,0.0,0.0,-0.9999961980257532
2026-08-27T02:09:05.674897,19.88,0.8773420895383671,1.9850280724480203,0.0,0.18663249983925967,0.0,0.0,0.09318087709517679,0.9956491973299499,2.4143983767561245e-09,-0.001449933610802965,0.0,0.0,0.0,-0.9999961980245098
2026-08-27T02:09:05.757547,19.9,0.8773420895375146,1.9850280724487697,0.0,0.1666352797663677,0.0,0.0,0.08322127719953086,0.9965310928522395,2.410214512563527e-09,-0.0013990204697855973,0.0,0.0,0.0,-0.9999961980230886
2026-08-27T02:09:05.841146,19.92,0.8773420895366232,1.9850280724495102,0.0,0.14663784963025117,0.0,0.0,0.07325325280937635,0.9973133714900475,2.276383553661762e-09,-0.0013490583058861387,0.0,0.0,0.0,-0.9999961853130086
2026-08-27T02:09:05.921664,19.94,0.8773420895359988,1.9850280724502893,0.0,0.1266402156727744,0.0,0.0,0.06327780333089579,0.9979959516980099,2.382148000558415e-09,-0.0013000330462619493,0.0,0.0,0.0,-0.9999961980196251
2026-08-27T02:09:06.009080,19.96,0.8773420895361017,1.985028072451149,0.0,0.1066423990160752,0.0,0.0,0.05329593640209828,0.9985787616222486,2.6931124936461354e-09,-0.0012519306705435361,0.0,0.0,0.0,-0.9999961980181599
2026-08-27T02:09:06.086603,19.98,0.8773420895369592,1.9850280724520482,0.0,0.08664441803572663,0.0,0.0,0.043308659002888675,0.9990617398616422,3.3482084138645313e-09,-0.0012047374299495389,0.0,0.0,0.0,-0.9999961980160729
2026-08-27T02:09:06.168320,20.0,0.8773420895368175,1.9850280724528,0.0,0.06664628977561105,0.0,0.0,0.03331697804921967,0.9994448353829579,3.29910224616467e-09,-0.0011584397347181468,0.0,0.0,0.0,-0.9999961980137189
2026-08-27T02:09:06.256378,20.02,0.8773420895365902,1.9850280724535225,0.0,0.04664800203158715,0.0,0.0,0.023321886328812495,0.9997280078191597,3.6597149158813097e-09,-0.0011130245189481147,0.0,0.0,0.0,-0.9999961980109222
2026-08-27T02:09:06.334740,20.04,0.8773420895362215,1.9850280724542195,0.0,0.026649563433049913,0.0,0.0,0.013324387417953247,0.999911226409593,3.5312472724570443e-09,-0.001068478639689095,0.0,0.0,0.0,-0.9999961980076775
2026-08-27T02:09:06.416827,20.06,0.8773420895363425,1.9850280724549152,0.0,0.0066510015074605616,0.0,0.0,0.003325494624306327,0.9999944705274644,3.8300260183418006e-09,-0.0010247890715203208,0.0,0.0,0.0,-0.9999961980037276
2026-08-27T02:09:06.498079,20.08,0.8773420895348435,1.9850280724555769,0.0,-0.013347700200778688,0.0,0.0,-0.006673800557979699,0.9999777299450785,3.2468017677634436e-09,-0.0009819432169238496,0.0,0.0,0.0,-0.9999961979989758
2026-08-27T02:09:06.576650,20.1,0.8773420895347057,1.9850280724562492,0.0,-0.03334652710649433,0.0,0.0,-0.01667249104244983,0.999861004361326,3.5804923368635416e-09,-0.0009399285341494247,0.0,0.0,0.0,-0.9999961979927138
2026-08-27T02:09:06.664704,20.12,0.8773420895348492,1.9850280724568927,0.0,-0.05334545326755302,0.0,0.0,-0.026669564097303648,0.9996443039155777,3.6331642661816682e-09,-0.0008987325247718484,0.0,0.0,0.0,-0.9999961979855664
2026-08-27T02:09:06.743528,20.14,0.8773420895327915,1.9850280724576364,0.0,-0.07334449330027713,0.0,0.0,-0.03666402740189988,0.9993276485190794,2.7753672209810537e-09,-0.0008583430778282015,0.0,0.0,0.0,-0.9999961979755684
2026-08-27T02:09:06.827205,20.16,0.877342089531729,1.9850280724583629,0.0,-0.09334364435915267,0.0,0.0,-0.04665488013888335,0.9989110681933735,2.718516923291142e-09,-0.000818748233754281,0.0,0.0,0.0,-0.999996197961937
2026-08-27T02:09:06.908911,20.18,0.8773420895320077,1.98502807245898,0.0,-0.11334287686660496,0.0,0.0,-0.056641108481699134,0.9983946037664488,2.891616794099827e-09,-0.0007799360290801202,0.0,0.0,0.0,-0.9999961979419103
2026-08-27T02:09:06.988744,20.2,0.8773420895323126,1.985028072459563,0.0,-0.13334219146999926,0.0,0.0,-0.06662171415234325,0.9977783056387844,3.1818287332154027e-09,-0.0007418948243979744,0.0,0.0,0.0,-0.9999961979097509
2026-08-27T02:09:07.076184,20.22,0.8773420895327126,1.9850280724601015,0.0,-0.15309862040236188,0.0,0.0,-0.07647457153387532,0.9970715319919179,3.3495443137881997e-09,-0.0007046130520881687,0.0,0.0,0.0,-0.9757006089448056
2026-08-27T02:09:07.157698,20.24,0.8773420895324339,1.985028072460717,0.0,-0.17261216356216336,0.0,0.0,-0.08619897642182253,0.9962779413716988,3.309285104844198e-09,-0.0006680793578224287,0.0,0.0,0.0,-0.9457020923870889
2026-08-27T02:09:07.239973,20.26,0.8773420895323298,1.985028072461298,0.0,-0.19122944573590234,0.0,0.0,-0.09546910169011766,0.9954323937980328,3.278031546292276e-09,-0.0006322824775478614,0.0,0.0,0.0,-0.916066972082938
2026-08-27T02:09:07.320315,20.28,0.8773420895320191,1.9850280724619156,0.0,-0.20925773168079642,0.0,0.0,-0.1044380714577505,0.9945313917771453,3.3445827693750346e-09,-0.0005972113856984612,0.0,0.0,0.0,-0.8867966507084513
2026-08-27T02:09:07.396347,20.3,0.8773420895310654,1.985028072462674,0.0,-0.22671410964733996,0.0,0.0,-0.1131144410927802,0.9935819660281018,2.870699888739281e-09,-0.0005628551378578016,0.0,0.0,0.0,-0.8588707190366193
2026-08-27T02:09:07.483601,20.32,0.87734208952949,1.9850280724636047,0.0,-0.24362086206452416,0.0,0.0,-0.12150942168254862,0.9925902782328531,2.255902449652819e-09,-0.0005292029745302402,0.0,0.0,0.0,-0.831828283123403
2026-08-27T02:09:07.561278,20.34,0.8773420895298342,1.985028072464096,0.0,-0.2599953897769143,0.0,0.0,-0.12963185695858379,0.9915621925333122,2.6363237051307137e-09,-0.0004962442953566819,0.0,0.0,0.0,-0.8056437100487825
2026-08-27T02:09:07.648634,20.36,0.8773420895308935,1.9850280724643734,0.0,-0.27585450125915933,0.0,0.0,-0.13749034677244032,0.9905031067817981,2.9967447193451208e-09,-0.0004639685880307554,0.0,0.0,0.0,-0.7802835760406074
2026-08-27T02:09:07.728182,20.38,0.8773420895304168,1.985028072465047,0.0,-0.29121442867386493,0.0,0.0,-0.14509324520828185,0.9894179855829028,2.6508009290208967e-09,-0.0004323654820522972,0.0,0.0,0.0,-0.7557217797476942
2026-08-27T02:09:07.811224,20.4,0.8773420895303277,1.985028072465611,0.0,-0.3060908792482433,0.0,0.0,-0.15244867744222823,0.9883113885542933,2.741275361003645e-09,-0.00040142477795695,0.0,0.0,0.0,-0.7319331083889001
2026-08-27T02:09:07.896978,20.42,0.877342089529271,1.9850280724664808,0.0,-0.3204990750945544,0.0,0.0,-0.15956455192629632,0.9871874967647029,2.166946390120411e-09,-0.0003711363636978842,0.0,0.0,0.0,-0.7088932136593938
2026-08-27T02:09:07.974794,20.44,0.8773420895287134,1.985028072467209,0.0,-0.33445375080854367,0.0,0.0,-0.1664485526874621,0.986050140362167,2.0001136760271904e-09,-0.0003414902989686958,0.0,0.0,0.0,-0.6865785346651913
2026-08-27T02:09:08.063678,20.46,0.8773420895296217,1.985028072467432,0.0,-0.3479691752734864,0.0,0.0,-0.17310814450523404,0.9849028227728637,2.5210525711298615e-09,-0.00031247678173491336,0.0,0.0,0.0,-0.6649662381890026
2026-08-27T02:09:08.143430,20.48,0.8773420895305569,1.9850280724676104,0.0,-0.3612684833296136,0.0,0.0,-0.1796535320371731,0.983729946899335,2.7515156509564515e-09,-0.0002840860959034942,0.0,0.0,0.0,-0.6440345476110785
2026-08-27T02:09:08.224935,20.5,0.877342089529981,1.985028072468329,0.0,-0.3739464432313975,0.0,0.0,-0.18588572521867713,0.9825713700082689,2.4336002718214345e-09,-0.00025630864234042316,0.0,0.0,0.0,-0.6237610836140056
2026-08-27T02:09:08.311810,20.52,0.8773420895298047,1.9850280724689013,0.0,-0.3864216768332626,0.0,0.0,-0.19201097296420216,0.981392778790093,2.3006052885226475e-09,-0.00022913497163183622,0.0,0.0,0.0,-0.6038124298698779
2026-08-27T02:09:08.391244,20.54,0.8773420895301218,1.9850280724692693,0.0,-0.3983077742676117,0.0,0.0,-0.19784001283839053,0.9802343236798564,2.4572413398742804e-09,-0.0002025557605365394,0.0,0.0,0.0,-0.5847951785817369
2026-08-27T02:09:08.474431,20.56,0.8773420895302939,1.9850280724696847,0.0,-0.40981657587771325,0.0,0.0,-0.2034773673479164,0.9790796499658039,2.4962824999360395e-09,-0.00017656178643086107,0.0,0.0,0.0,-0.5660823270119082
2026-08-27T02:09:08.556033,20.58,0.8773420895304899,1.9850280724700793,0.0,-0.42095996245931433,0.0,0.0,-0.20892931229646478,0.9779307452285803,2.545827365108347e-09,-0.00015114394625809712,0.0,0.0,0.0,-0.5482531799329611
2026-08-27T02:09:08.636910,20.6,0.8773420895308178,1.9850280724704032,0.0,-0.4317524239455625,0.0,0.0,-0.21420338470651043,0.9767890816242136,2.5032258280099917e-09,-0.0001262932569995667,0.0,0.0,0.0,-0.5309899767857265
2026-08-27T02:09:08.722435,20.62,0.8773420895299944,1.9850280724712468,0.0,-0.44220510441395267,0.0,0.0,-0.2193054681071312,0.9756562466659617,2.1354178846196004e-09,-0.00010200083028811089,0.0,0.0,0.0,-0.5142748963556059
2026-08-27T02:09:08.804516,20.64,0.8773420895301774,1.9850280724716258,0.0,-0.45232874397312994,0.0,0.0,-0.2242412335866544,0.9745336675351629,2.1480542151865872e-09,-7.825792391836752e-05,0.0,0.0,0.0,-0.498086203722742
2026-08-27T02:09:08.886526,20.66,0.8773420895298133,1.9850280724722622,0.0,-0.46229048969106845,0.0,0.0,-0.229092460205563,0.9734046664553044,1.8496054868906084e-09,-5.505587953488258e-05,0.0,0.0,0.0,-0.4824074264312117
2026-08-27T02:09:08.964683,20.68,0.877342089530096,1.9850280724725766,0.0,-0.471786799731242,0.0,0.0,-0.23371173665533893,0.9723059313557362,2.070925444368557e-09,-3.238617383986894e-05,0.0,0.0,0.0,-0.4672217232695482
2026-08-27T02:09:09.045795,20.7,0.8773420895306873,1.9850280724727207,0.0,-0.480981818404453,0.0,0.0,-0.23817943651611245,0.9712211674077471,2.0763740492604765e-09,-1.0240371576055856e-05,0.0,0.0,0.0,-0.45227912138857923
2026-08-27T02:09:09.132973,20.72,0.8773420895290716,1.985028072474003,0.0,-0.4898849585468374,0.0,0.0,-0.24250052138352174,0.9701512753837518,1.205390353178383e-09,1.1389876631701853e-05,0.0,0.0,0.0,-0.4380346564127815
2026-08-27T02:09:09.214037,20.74,0.8773420895282482,1.985028072474891,0.0,-0.49850771801386534,0.0,0.0,-0.2466809451769206,0.9690967502198226,9.781657697369162e-10,3.251276780652332e-05,0.0,0.0,0.0,-0.42424212857018395
2026-08-27T02:09:09.299143,20.76,0.8773420895293255,1.985028072474751,0.0,-0.5069925376240656,0.0,0.0,-0.25079001851603316,0.9680415107900734,1.3768604072627796e-09,5.313640325986859e-05,0.0,0.0,0.0,-0.41088774363302033
2026-08-27T02:09:09.382223,20.78,0.8773420895299411,1.9850280724748386,0.0,-0.5150809159876678,0.0,0.0,-0.2547028999586946,0.9670193549007338,1.5803531637622811e-09,7.326880087595357e-05,0.0,0.0,0.0,-0.3979532796984862
2026-08-27T02:09:09.463294,20.8,0.8773420895300234,1.9850280724752107,0.0,-0.522912663402185,0.0,0.0,-0.25848766313415994,0.9660145589003517,1.4839749297012456e-09,9.291787531156679e-05,0.0,0.0,0.0,-0.3852260506438988
2026-08-27T02:09:09.547650,20.82,0.8773420895302646,1.9850280724754832,0.0,-0.5304957988717584,0.0,0.0,-0.26214850598591055,0.9650275440677095,1.4798013892817347e-09,0.00011209143705467272,0.0,0.0,0.0,-0.3730934834993905
2026-08-27T02:09:09.627106,20.84,0.877342089529627,1.9850280724762623,0.0,-0.5378401176430058,0.0,0.0,-0.2656904654727065,0.9640583885620707,1.0011001645715556e-09,0.00013079720696381608,0.0,0.0,0.0,-0.361345862817501
2026-08-27T02:09:09.711566,20.86,0.8773420895293373,1.985028072476839,0.0,-0.5449531947872663,0.0,0.0,-0.26911748873600044,0.9631073550006919,1.0176938421754128e-09,0.00014904277341672734,0.0,0.0,0.0,-0.34997116008591916
2026-08-27T02:09:09.794527,20.88,0.8773420895298968,1.9850280724768983,0.0,-0.551842344746392,0.0,0.0,-0.27243338112232457,0.9621746477902327,1.050968340783262e-09,0.00016683566635337428,0.0,0.0,0.0,-0.338954682429498
2026-08-27T02:09:09.872867,20.9,0.8773420895300058,1.985028072477219,0.0,-0.5585146149181237,0.0,0.0,-0.27564180370646246,0.9612604205154023,1.0368606750098264e-09,0.0001841832934820565,0.0,0.0,0.0,-0.32828506723675993
2026-08-27T02:09:09.957326,20.92,0.8773420895305788,1.9850280724772402,0.0,-0.5649768381166269,0.0,0.0,-0.2787462991364286,0.9603647748213928,1.1635364617320135e-09,0.00020109300018858825,0.0,0.0,0.0,-0.3179513428405077
2026-08-27T02:09:10.038994,20.94,0.8773420895301465,1.985028072477884,0.0,-0.5713357008928703,0.0,0.0,-0.28179829900929043,0.9594736675258319,9.182684607817425e-10,0.0002175719952963049,0.0,0.0,0.0,-0.3079431817334019
2026-08-27T02:09:10.122509,20.96,0.8773420895306666,1.985028072477915,0.0,-0.5773974484868815,0.0,0.0,-0.2847050438285946,0.9586151667997738,1.1278407038590316e-09,0.00023362741767303497,0.0,0.0,0.0,-0.2982496039167288
2026-08-27T02:09:10.202536,20.98,0.8773420895306735,1.9850280724782665,0.0,-0.5832668605418521,0.0,0.0,-0.28751706748831213,0.9577755143575771,8.534991523213506e-10,0.0002492663318453972,0.0,0.0,0.0,-0.28871131034106634
2026-08-27T02:09:10.285497,21.0,0.8773420895302989,1.9850280724788638,0.0,-0.5889499446005728,0.0,0.0,-0.2902374624470451,0.9569546569155197,6.969548139567489e-10,0.00026449568127117186,0.0,0.0,0.0,-0.2796186895362801
2026-08-27T02:09:10.370192,21.02,0.8773420895304292,1.9850280724791227,0.0,-0.5944540403806603,0.0,0.0,-0.2928699450722687,0.9561522866538397,7.839627580463228e-10,0.00027932231729026696,0.0,0.0,0.0,-0.27081457204476234
2026-08-27T02:09:10.452795,21.04,0.8773420895318601,1.9850280724784914,0.0,-0.5997848333784814,0.0,0.0,-0.29541742668894816,0.9553682766391607,1.4944208854335977e-09,0.0002937530323572112,0.0,0.0,0.0,-0.26228994655081495
2026-08-27T02:09:10.538380,21.06,0.8773420895318315,1.9850280724788323,0.0,-0.6049478003195974,0.0,0.0,-0.2978827070254391,0.9546024789697523,1.0622792251955074e-09,0.0003077945204371135,0.0,0.0,0.0,-0.25403380347651777
2026-08-27T02:09:10.619876,21.08,0.8773420895318144,1.9850280724791594,0.0,-0.609948222718196,0.0,0.0,-0.3002684813074023,0.95385472643026,1.1541861256883848e-09,0.0003214533577402982,0.0,0.0,0.0,-0.24603761457694168
2026-08-27T02:09:10.699868,21.1,0.8773420895315849,1.9850280724796292,0.0,-0.6147912226713852,0.0,0.0,-0.3025773579118217,0.953124830480825,7.794041779161931e-10,0.00033473609298098535,0.0,0.0,0.0,-0.2382931647629722
2026-08-27T02:09:10.793266,21.12,0.8773420895308877,1.9850280724804272,0.0,-0.6195567511311917,0.0,0.0,-0.3048475685645393,0.9524011549448522,5.001647214344755e-10,0.0003476491053660206,0.0,0.0,0.0,-0.2307927143210936
2026-08-27T02:09:10.876936,21.14,0.8773420895310955,1.985028072480581,0.0,-0.6240996110146,0.0,0.0,-0.30701009279014796,0.9517062587400509,5.220889771938644e-10,0.00036019879027834455,0.0,0.0,0.0,-0.22352803244261224
2026-08-27T02:09:10.957402,21.16,0.8773420895308147,1.9850280724810783,0.0,-0.6284983147179571,0.0,0.0,-0.30910248549867736,0.9510287342969928,3.4737980843095075e-10,0.0003723913476893269,0.0,0.0,0.0,-0.21637974037054306
2026-08-27T02:09:11.038408,21.18,0.8773420895313719,1.9850280724809628,0.0,-0.6327573793261908,0.0,0.0,-0.3111270295044122,0.9503683346533388,4.792044309921608e-10,0.0003842330221241579,0.0,0.0,0.0,-0.20956545116688452
2026-08-27T02:09:11.119339,21.2,0.8773420895310283,1.9850280724814955,0.0,-0.6368823007235077,0.0,0.0,-0.3130864637271054,0.9497246265264768,1.935007727372996e-10,0.00039572987955183506,0.0,0.0,0.0,-0.20296739626260354
2026-08-27T02:09:11.205727,21.22,0.8773420895305655,1.9850280724821143,0.0,-0.6408773326816527,0.0,0.0,-0.31498292796446475,0.9490973369949642,-1.0430864727734371e-10,0.00040688791701607287,0.0,0.0,0.0,-0.19657880006908265
2026-08-27T02:09:11.286376,21.24,0.8773420895312471,1.9850280724818772,0.0,-0.6447465909936178,0.0,0.0,-0.31681848874180457,0.9484861860835713,3.119782053680707e-10,0.00041771310976093136,0.0,0.0,0.0,-0.19039141888733987
2026-08-27T02:09:11.372453,21.26,0.8773420895316427,1.9850280724818405,0.0,-0.6484940325566889,0.0,0.0,-0.3185951298320661,0.9478908920584104,3.594776717779063e-10,0.0004282112974761556,0.0,0.0,0.0,-0.18439887282609543
2026-08-27T02:09:11.453822,21.28,0.8773420895319046,1.985028072481895,0.0,-0.6521234930808957,0.0,0.0,-0.3203147705689893,0.9473111673338047,3.8420962128493143e-10,0.0004383882604419733,0.0,0.0,0.0,-0.17859498018793732
2026-08-27T02:09:11.533386,21.3,0.877342089531645,1.9850280724823388,0.0,-0.6556386861788424,0.0,0.0,-0.32197926580090674,0.9467467202976249,8.670638510020583e-11,0.00044824970101531585,0.0,0.0,0.0,-0.17297381974627682
2026-08-27T02:09:11.619993,21.32,0.8773420895313301,1.9850280724828224,0.0,-0.6590432063265448,0.0,0.0,-0.3235904076667618,0.9461972564249269,-5.795864447557218e-11,0.0004578012228688637,0.0,0.0,0.0,-0.16752963028875012
2026-08-27T02:09:11.698108,21.34,0.8773420895318211,1.9850280724826772,0.0,-0.6623405354666678,0.0,0.0,-0.32514992907841866,0.9456624786996147,2.3387318873245664e-10,0.0004670483558957735,0.0,0.0,0.0,-0.1622568414174238
2026-08-27T02:09:11.785152,21.36,0.8773420895328752,1.985028072482081,0.0,-0.6655340626150323,0.0,0.0,-0.3266595133264083,0.9451420858015762,5.847741867560236e-10,0.0004759966573765293,0.0,0.0,0.0,-0.15715006181403868
2026-08-27T02:09:11.868613,21.38,0.8773420895328166,1.9850280724823421,0.0,-0.6686270488804622,0.0,0.0,-0.32812077786284816,0.9446357790887869,4.244331981142699e-10,0.0004846514869432429,0.0,0.0,0.0,-0.15220406865053704
2026-08-27T02:09:11.948387,21.4,0.8773420895317187,1.9850280724834204,0.0,-0.6716226539062689,0.0,0.0,-0.32953528712248326,0.9441432595433293,-2.9578238488581036e-10,0.0004930181407361079,0.0,0.0,0.0,-0.14741377843295544
2026-08-27T02:09:12.033085,21.42,0.8773420895318869,1.9850280724834954,0.0,-0.6745239377277534,0.0,0.0,-0.3309045536934618,0.943664228603019,1.123731483028672e-10,0.0005011018243368709,0.0,0.0,0.0,-0.14277429951096346
2026-08-27T02:09:12.113861,21.44,0.8773420895329983,1.985028072482808,0.0,-0.6773338891826022,0.0,0.0,-0.33223005199770833,0.9431983845138837,4.4252798978407573e-10,0.0005089078363210415,0.0,0.0,0.0,-0.13828089242651798
2026-08-27T02:09:12.197903,21.46,0.8773420895331312,1.9850280724828921,0.0,-0.6800553719078426,0.0,0.0,-0.33351319307522903,0.9427454322587646,4.3357131087966815e-10,0.0005164412113080712,0.0,0.0,0.0,-0.13392896713037727
2026-08-27T02:09:12.279035,21.48,0.8773420895333427,1.9850280724829055,0.0,-0.6815431769496869,0.0,0.0,-0.3342144114326021,0.9424970701231699,4.712463048364875e-10,0.0005237070099099178,0.0,0.0,0.0,-7.457409405969839e-08
2026-08-27T02:09:12.359122,21.5,0.8795702003120889,1.9823289037116318,0.0,-0.6816620465635408,0.0,0.0,-0.3342704279736555,0.9424772044894821,0.3499994771234914,-0.00028022507326005194,0.0,0.0,0.0,-1.6343533840890417e-14
2026-08-27T02:09:12.444694,21.52,0.8847164924810961,1.9761387415337444,0.0,-0.6877268190918344,0.0,0.0,-0.33712684165447,0.9414592357803294,0.45500011482506275,-0.001992423703458975,0.0,0.0,0.0,3.58373622038798e-14
2026-08-27T02:09:12.521208,21.54,0.8907736761310959,1.9689309281682228,0.0,-0.6953071628343378,0.0,0.0,-0.3406927039459937,0.9401747079548394,0.48650014033983785,-0.0037458935989646736,0.0,0.0,0.0,0.02297898293682073
2026-08-27T02:09:12.604659,21.56,0.8971384929225954,1.961446966727544,0.0,-0.7013762718872254,0.0,0.0,-0.34354414234621344,0.9391365301486279,0.49595005854398705,-0.0053594644193601364,0.0,0.0,0.0,0.051260510533017806
2026-08-27T02:09:12.686298,21.58,0.9036299007958707,1.9539096499725315,0.0,-0.705817243265467,0.0,0.0,-0.3456286329263046,0.9383713806918313,0.4987850324830732,-0.0068051014990628085,0.0,0.0,0.0,0.09208310826446564
2026-08-27T02:09:12.767569,21.6,0.9101942806827993,1.9463868184437962,0.0,-0.7086210930920545,0.0,0.0,-0.34694381906382504,0.9378859133249672,0.499635524212143,-0.008096831245684583,0.0,0.0,0.0,0.13594943156448452
2026-08-27T02:09:12.850381,21.62,0.9168144207382944,1.938901651938092,0.0,-0.7099260447732522,0.0,0.0,-0.3475556930688094,0.9376593412404419,0.4996355218100123,-0.009256923876808218,0.0,0.0,0.0,0.18007104668715462
2026-08-27T02:09:12.930754,21.64,0.9234894246347779,1.9314574871656938,0.0,-0.7097648551424776,0.0,0.0,-0.34748012145860957,0.9376873493820368,0.49996721470306543,-0.010307875905048716,0.0,0.0,0.0,0.22441287134344703
2026-08-27T02:09:13.012706,21.66,0.9302175111120644,1.9240599196660193,0.0,-0.7082785400531271,0.0,0.0,-0.3467831761408116,0.9379453228977107,0.49999017837716164,-0.011267739454157731,0.0,0.0,0.0,0.26806214261427835
2026-08-27T02:09:13.094994,21.68,0.9369989371416837,1.9167108127923944,0.0,-0.7055560334118467,0.0,0.0,-0.34550607405335143,0.938416513490806,0.4999970673524101,-0.01215329771232593,0.0,0.0,0.0,0.311185879746944
2026-08-27T02:09:13.177751,21.7,0.9438341064823754,1.9094115421652502,0.0,-0.7016748406322278,0.0,0.0,-0.34368433692520683,0.9390852339123861,0.49999913392098966,-0.012978915122783704,0.0,0.0,0.0,0.3537934281141028
2026-08-27T02:09:13.271195,21.72,0.9507233610467232,1.9021632602047294,0.0,-0.6967170598791417,0.0,0.0,-0.3413553940082434,0.9399343035454536,0.4999997453297966,-0.013758402818774974,0.0,0.0,0.0,0.3760483950892677
