wall_time,ros_time_sec,x,y,z,yaw,qx,qy,qz,qw,lin_vel_x,lin_vel_y,lin_vel_z,ang_vel_x,ang_vel_y,ang_vel_z
2026-08-28T01:23:04.556097,0.02,1.0454662394181408e-12,0.0,0.0,0.0,0.0,0.0,0.0,1.0,4.1818816853851103e-10,0.0,0.0,0.0,0.0,0.0
2026-08-28T01:23:04.637888,0.04,9.504642301243774e-13,-7.993894714328553e-42,0.0,0.0,0.0,0.0,0.0,1.0,3.5110719859938674e-10,-5.995041355305094e-44,0.0,0.0,0.0,-3.072006181276885e-66
2026-08-28T01:23:04.722901,0.060000000000000005,2.1604967631996605e-13,2.56348003944705e-41,0.0,0.0,0.0,0.0,0.0,1.0,1.4377152036438873e-11,5.284761789328072e-43,0.0,0.0,0.0,-1.4943755252059452e-66
2026-08-28T01:23:04.800563,0.08,-3.370232742064023e-13,5.50789388287379e-42,0.0,0.0,0.0,0.0,0.0,1.0,-2.0194704197470156e-10,-2.5070793839208504e-44,0.0,0.0,0.0,8.212429068315842e-66
2026-08-28T01:23:04.871251,0.1,-6.625244863676104e-13,3.8818213229180344e-41,0.0,0.0,0.0,0.0,0.0,1.0,-3.7505320745791215e-10,1.2235125453179618e-42,0.0,0.0,0.0,-7.582982161243522e-66
2026-08-28T01:23:04.954949,0.12000000000000001,-1.974831475741687e-12,-4.165502356669359e-41,0.0,0.0,0.0,0.0,0.0,1.0,-8.680577320320515e-10,-2.5975106230610858e-42,0.0,0.0,0.0,6.5909789908744254e-65
2026-08-28T01:23:05.032041,0.14,-1.7857739363862403e-12,-6.84179497414694e-41,0.0,0.0,0.0,0.0,0.0,1.0,-6.372446318997534e-10,-4.133287154433761e-42,0.0,0.0,0.0,1.8007716405068441e-65
2026-08-28T01:23:05.108282,0.16,-8.889584452088029e-13,-8.459640231713414e-41,0.0,0.0,0.0,0.0,0.0,1.0,-2.9986286400446836e-10,-5.2204656585683944e-42,0.0,0.0,0.0,5.857430748438782e-66
2026-08-28T01:23:05.178527,0.18000000000000002,-4.1257954622700626e-13,-5.037585233756296e-41,0.0,0.0,0.0,0.0,0.0,1.0,-1.6438426406759424e-10,-2.5660947650826077e-42,0.0,0.0,0.0,-4.937129333896163e-66
2026-08-28T01:23:05.251007,0.2,-3.6635839104811575e-14,7.839030066607234e-41,0.0,0.0,0.0,0.0,0.0,1.0,4.8668721501753933e-11,8.687084458753208e-42,0.0,0.0,0.0,3.1316214963249923e-66
2026-08-28T01:23:05.323226,0.22,5.272167512549831e-13,1.986301536301269e-40,0.0,0.0,0.0,0.0,0.0,1.0,2.4907237551738057e-10,2.0378746958638735e-41,0.0,0.0,0.0,2.698237240568933e-65
2026-08-28T01:23:05.393274,0.24000000000000002,1.0724198923392004e-12,1.208558037240736e-40,0.0,0.0,0.0,0.0,0.0,1.0,4.863054372443529e-10,1.2008865546389556e-41,0.0,0.0,0.0,-3.4419723672569545e-65
2026-08-28T01:23:05.469158,0.26,9.724249159251772e-13,9.106268999020589e-41,0.0,0.0,0.0,0.0,0.0,1.0,3.299758753456776e-10,8.497991231027202e-42,0.0,0.0,0.0,-4.816397931319047e-66
2026-08-28T01:23:05.542519,0.28,2.840690444137674e-13,1.4576603244926732e-40,0.0,0.0,0.0,0.0,0.0,1.0,-2.5719569054325907e-11,1.5436138130095105e-41,0.0,0.0,0.0,1.2226176300986412e-65
2026-08-28T01:23:05.617670,0.30000000000000004,-9.014895358135252e-13,1.947698778752584e-40,0.0,0.0,0.0,0.0,0.0,1.0,-3.4172531392594706e-10,2.2121840408699977e-41,0.0,0.0,0.0,-1.926063800781106e-65
2026-08-28T01:23:05.706763,0.32,-7.87878290048533e-13,4.1365111271329074e-40,0.0,0.0,0.0,0.0,0.0,1.0,-3.446034924699682e-10,5.423849878780327e-41,0.0,0.0,0.0,-9.083883051767739e-65
2026-08-28T01:23:05.788894,0.34,-7.573962846547592e-13,5.978679797306803e-40,0.0,0.0,0.0,0.0,0.0,1.0,-3.2306218754308245e-10,8.30154841707544e-41,0.0,0.0,0.0,-3.457383466101706e-65
2026-08-28T01:23:05.879727,0.36000000000000004,-1.104018678083807e-12,3.228732999532303e-40,0.0,0.0,0.0,0.0,0.0,1.0,-4.300235359314987e-10,3.699119371517438e-41,0.0,0.0,0.0,5.638391227104088e-65
2026-08-28T01:23:05.960579,0.38,-1.4185366652581558e-12,1.1375436058203768e-40,0.0,0.0,0.0,0.0,0.0,1.0,-5.319861213874677e-10,-2.820615767824878e-44,0.0,0.0,0.0,1.0845797543327928e-64
2026-08-28T01:23:06.035160,0.4,-1.3577146338072425e-12,-1.758586286345218e-40,0.0,0.0,0.0,0.0,0.0,1.0,-5.657766289973373e-10,-5.403081543533619e-41,0.0,0.0,0.0,1.564988768935032e-64
2026-08-28T01:23:06.125805,0.42000000000000004,-1.031848257083165e-12,-2.90590376768805e-40,0.0,0.0,0.0,0.0,0.0,1.0,-3.5253916588285153e-10,-7.643113300535862e-41,0.0,0.0,0.0,4.653995463534094e-65
2026-08-28T01:23:06.201537,0.44,-1.5785073833077883e-14,-4.223596600552569e-40,0.0,0.0,0.0,0.0,0.0,1.0,7.78862494383312e-11,-1.0339867624618708e-40,0.0,0.0,0.0,-2.6190213429313285e-65
2026-08-28T01:23:06.282763,0.46,-2.965278589285409e-13,-4.393681053189915e-40,0.0,0.0,0.0,0.0,0.0,1.0,-1.565325772240377e-10,-1.0680087379031508e-40,0.0,0.0,0.0,3.5674669650799405e-66
2026-08-28T01:23:06.352248,0.48000000000000004,1.1143372288712236e-13,-1.6654438172949614e-40,0.0,0.0,0.0,0.0,0.0,1.0,9.19910802738076e-11,-4.495632659941338e-41,0.0,0.0,0.0,-4.918944732488771e-66
2026-08-28T01:23:06.421453,0.5,2.004707205708959e-12,-6.448849633349749e-41,0.0,0.0,0.0,0.0,0.0,1.0,1.0206622321406664e-09,-2.079990909816038e-41,0.0,0.0,0.0,6.676625508397566e-65
2026-08-28T01:23:06.501851,0.52,2.43532034218431e-12,-1.1949826024513881e-40,0.0,0.0,0.0,0.0,0.0,1.0,7.602958114428723e-10,-3.420675121807669e-41,0.0,0.0,0.0,-6.455137442752591e-65
2026-08-28T01:23:06.570412,0.54,1.9334663828404285e-13,2.1628672572309267e-40,0.0,0.0,0.0,0.0,0.0,1.0,8.243125743079803e-11,5.146206326982718e-41,0.0,0.0,0.0,-5.673114243530953e-65
2026-08-28T01:23:06.642412,0.56,5.418021716730737e-13,5.4462623724556644e-40,0.0,0.0,0.0,0.0,0.0,1.0,1.5315775993914212e-10,1.381383136939285e-40,0.0,0.0,0.0,9.282275329531928e-65
2026-08-28T01:23:06.714327,0.5800000000000001,-4.0327584049698683e-13,-1.466741901814046e-40,0.0,0.0,0.0,0.0,0.0,1.0,-2.032994416393966e-10,-5.181365174682579e-41,0.0,0.0,0.0,1.614083779295832e-64
2026-08-28T01:23:06.785238,0.6000000000000001,-6.063014940430294e-13,-1.2731385301601882e-40,0.0,0.0,0.0,0.0,0.0,1.0,-2.6781904165630414e-10,-4.613750241055285e-41,0.0,0.0,0.0,-4.965849955213908e-66
2026-08-28T01:23:06.858267,0.62,-7.809061137619227e-13,1.0169667724014666e-40,0.0,0.0,0.0,0.0,0.0,1.0,-3.2250820964545637e-10,2.121495786161872e-41,0.0,0.0,0.0,-5.485986609769789e-65
2026-08-28T01:23:06.928077,0.64,-8.743256331888702e-13,-4.283930054524395e-40,0.0,0.0,0.0,0.0,0.0,1.0,-3.2900776330765935e-10,-1.3943652285952054e-40,0.0,0.0,0.0,1.9261688287615585e-64
2026-08-28T01:23:07.001264,0.66,-5.706407683048953e-13,3.1810137947014258e-40,0.0,0.0,0.0,0.0,0.0,1.0,-2.203239104424078e-10,9.437546256506283e-41,0.0,0.0,0.0,-2.263873719081946e-64
2026-08-28T01:23:07.072583,0.68,-2.9501607102100896e-13,1.0150837565472597e-39,0.0,0.0,0.0,0.0,0.0,1.0,-1.25341973047444e-10,3.184446029199031e-40,0.0,0.0,0.0,2.0054252385400603e-65
2026-08-28T01:23:07.143512,0.7000000000000001,1.524113671951621e-14,1.177467885582364e-39,0.0,0.0,0.0,0.0,0.0,1.0,1.2800097467418128e-10,3.709716681875976e-40,0.0,0.0,0.0,1.2938393685376885e-67
2026-08-28T01:23:07.219663,0.7200000000000001,4.582426547397992e-13,9.199501141119115e-40,0.0,0.0,0.0,0.0,0.0,1.0,1.1925499437514652e-10,2.815823815721547e-40,0.0,0.0,0.0,-3.301320553089146e-65
2026-08-28T01:23:07.290910,0.74,1.6919033188100065e-13,7.221038150788611e-40,0.0,0.0,0.0,0.0,0.0,1.0,7.035897745362929e-11,2.1098989433485624e-40,0.0,0.0,0.0,-7.264921372698746e-67
2026-08-28T01:23:07.366317,0.76,7.004018322264543e-13,9.226444399357253e-40,0.0,0.0,0.0,0.0,0.0,1.0,3.331530339686743e-10,2.821308273276011e-40,0.0,0.0,0.0,5.687886503736575e-65
2026-08-28T01:23:07.442768,0.78,4.2941395292822547e-13,1.416295737447012e-39,0.0,0.0,0.0,0.0,0.0,1.0,8.47565579393107e-11,4.629801854384333e-40,0.0,0.0,0.0,-1.628618740630024e-65
2026-08-28T01:23:07.522616,0.8,-7.182335564511747e-14,2.0547413490069262e-39,0.0,0.0,0.0,0.0,0.0,1.0,-1.0487728532306527e-10,7.0232614103189714e-40,0.0,0.0,0.0,-7.602952094176342e-65
2026-08-28T01:23:07.603189,0.8200000000000001,-4.04502734801308e-13,1.6403846707084542e-39,0.0,0.0,0.0,0.0,0.0,1.0,-1.7621849570097648e-10,5.38126684598103e-40,0.0,0.0,0.0,1.1988220490992056e-65
2026-08-28T01:23:07.676031,0.8400000000000001,-8.020263898617599e-13,2.061547763627468e-39,0.0,0.0,0.0,0.0,0.0,1.0,-3.1094737006596984e-10,7.0247865683693886e-40,0.0,0.0,0.0,-8.616390125868249e-65
2026-08-28T01:23:07.755199,0.8600000000000001,-1.0763051783636083e-12,2.41722574539337e-39,0.0,0.0,0.0,0.0,0.0,1.0,-4.41456557968194e-10,8.431734420361635e-40,0.0,0.0,0.0,-1.2913540294867464e-64
2026-08-28T01:23:07.826358,0.88,-9.893500786720679e-13,1.8082841523919704e-39,0.0,0.0,0.0,0.0,0.0,1.0,-3.571641877652548e-10,5.855660867923265e-40,0.0,0.0,0.0,2.142854410532264e-64
2026-08-28T01:23:07.902027,0.9,-3.9694263611382945e-13,2.0061489522579126e-39,0.0,0.0,0.0,0.0,0.0,1.0,-9.675109940776106e-11,6.6611578097909514e-40,0.0,0.0,0.0,-5.14364304921495e-65
2026-08-28T01:23:07.984829,0.92,1.1853838101585805e-13,3.393009541637276e-39,0.0,0.0,0.0,0.0,0.0,1.0,2.5217675949545156e-12,1.2634959652753191e-39,0.0,0.0,0.0,-8.459569837291721e-65
2026-08-28T01:23:08.060742,0.9400000000000001,5.878292591236846e-13,3.8277591174671575e-39,0.0,0.0,0.0,0.0,0.0,1.0,3.0752215441558033e-10,1.4485176974652006e-39,0.0,0.0,0.0,1.461721028884133e-64
2026-08-28T01:23:08.142236,0.9600000000000001,3.023139636373972e-13,4.235745908954564e-39,0.0,0.0,0.0,0.0,0.0,1.0,6.105825343076391e-11,1.6240806515930318e-39,0.0,0.0,0.0,6.720686433757682e-65
2026-08-28T01:23:08.225182,0.9800000000000001,-1.0259122420415397e-12,4.792224354349672e-39,0.0,0.0,0.0,0.0,0.0,1.0,-5.254702907606795e-10,1.870414805986331e-39,0.0,0.0,0.0,-2.0951735746664732e-64
2026-08-28T01:23:08.303386,1.0,-1.3129069360467486e-12,5.0974784529154775e-39,0.0,0.0,0.0,0.0,0.0,1.0,-4.512752175254726e-10,2.001988260520941e-39,0.0,0.0,0.0,-1.3074888219806412e-64
2026-08-28T01:23:08.392210,1.02,-1.17260372921614e-13,5.8423771473786924e-39,0.0,0.0,0.0,0.0,0.0,1.0,7.20587611661213e-11,2.3454687821269798e-39,0.0,0.0,0.0,-3.2949261602263247e-65
2026-08-28T01:23:08.471833,1.04,4.520973297268294e-13,6.005901905363955e-39,0.0,0.0,0.0,0.0,0.0,1.0,1.410389680885733e-10,2.4097649598940258e-39,0.0,0.0,0.0,2.9555594474217536e-65
2026-08-28T01:23:08.553396,1.06,2.2437132408883242e-13,5.669178089063139e-39,0.0,0.0,0.0,0.0,0.0,1.0,1.2647346323978355e-10,2.2265148576661855e-39,0.0,0.0,0.0,-5.591645153817363e-65
2026-08-28T01:23:08.631829,1.08,-2.130008471122991e-13,6.422432410846609e-39,0.0,0.0,0.0,0.0,0.0,1.0,-1.6272083538189288e-10,2.5912169902161758e-39,0.0,0.0,0.0,-8.731169106438754e-65
2026-08-28T01:23:08.709472,1.1,-2.5394813749357605e-13,6.026957132874453e-39,0.0,0.0,0.0,0.0,0.0,1.0,-4.447437959291425e-11,2.3698856431796578e-39,0.0,0.0,0.0,3.7125881744779437e-65
2026-08-28T01:23:08.790882,1.12,4.2471114304537164e-13,5.990405356041018e-39,0.0,0.0,0.0,0.0,0.0,1.0,2.1863235538394782e-10,2.3334980612895875e-39,0.0,0.0,0.0,1.5113666348806085e-66
2026-08-28T01:23:08.867536,1.1400000000000001,1.0627551186340358e-12,5.2840284750651324e-39,0.0,0.0,0.0,0.0,0.0,1.0,4.042572205806283e-10,1.941173803345096e-39,0.0,0.0,0.0,-3.444149739425872e-64
2026-08-28T01:23:08.949794,1.16,8.973149378884727e-13,3.9976042485815515e-39,0.0,0.0,0.0,0.0,0.0,1.0,3.88966064950513e-10,1.232340060350473e-39,0.0,0.0,0.0,-8.451692823356471e-64
2026-08-28T01:23:09.029464,1.18,2.975890104395407e-13,4.275781219921232e-39,0.0,0.0,0.0,0.0,0.0,1.0,1.376623884059413e-10,1.373963313732443e-39,0.0,0.0,0.0,5.347896949772952e-65
2026-08-28T01:23:09.105148,1.2,3.997719522075183e-13,3.859092106375426e-39,0.0,0.0,0.0,0.0,0.0,1.0,2.0163320892227412e-10,1.1303500209551088e-39,0.0,0.0,0.0,-2.1267711887405105e-65
2026-08-28T01:23:09.187919,1.22,6.025285287524376e-13,3.2501763389049384e-39,0.0,0.0,0.0,0.0,0.0,1.0,1.8202806202996004e-10,7.762623184127558e-40,0.0,0.0,0.0,-1.7254675847864004e-64
2026-08-28T01:23:09.262549,1.24,4.870667894437346e-13,3.886128404590297e-39,0.0,0.0,0.0,0.0,0.0,1.0,2.6501397606894413e-10,1.1323941040775295e-39,0.0,0.0,0.0,4.86418753542069e-65
2026-08-28T01:23:09.349738,1.26,1.1571398303869123e-12,2.734064812038124e-39,0.0,0.0,0.0,0.0,0.0,1.0,4.436387499495622e-10,4.523332761015657e-40,0.0,0.0,0.0,-9.024192194543329e-64
2026-08-28T01:23:09.429884,1.28,-2.2462434512183597e-13,2.3613684496665552e-39,0.0,0.0,0.0,0.0,0.0,1.0,-1.2496453604706175e-10,2.268508215642476e-40,0.0,0.0,0.0,7.6060817198731e-65
2026-08-28T01:23:09.507762,1.3,-4.860191036968277e-13,1.3195755399827415e-39,0.0,0.0,0.0,0.0,0.0,1.0,-2.527406802452833e-10,-3.996137254710719e-40,0.0,0.0,0.0,-2.1367245130097338e-65
2026-08-28T01:23:09.585689,1.32,-1.1213953520252766e-12,1.1481242675238696e-39,0.0,0.0,0.0,0.0,0.0,1.0,-3.9104617645131096e-10,-5.028945569416274e-40,0.0,0.0,0.0,7.566894302050735e-65
2026-08-28T01:23:09.659727,1.34,2.0530447763445847e-13,2.371671825343117e-40,0.0,0.0,0.0,0.0,0.0,1.0,2.0955304608520284e-10,-1.0601775492363187e-39,0.0,0.0,0.0,-1.3841697135968233e-64
2026-08-28T01:23:09.741369,1.36,4.762967331555626e-13,1.2060533338386243e-39,0.0,0.0,0.0,0.0,0.0,1.0,1.3230055051981996e-10,-4.524045380703739e-40,0.0,0.0,0.0,3.9780104960038954e-64
2026-08-28T01:23:09.819670,1.38,2.9142736965486703e-13,1.0520419320220241e-39,0.0,0.0,0.0,0.0,0.0,1.0,2.5730452816140337e-10,-5.480692905377714e-40,0.0,0.0,0.0,-2.008170616913756e-66
2026-08-28T01:23:09.897384,1.4,1.1412407134194921e-12,1.890779832721897e-39,0.0,0.0,0.0,0.0,0.0,1.0,3.9292074981026395e-10,-1.178686683463062e-41,0.0,0.0,0.0,3.272532647300239e-64
2026-08-28T01:23:09.974563,1.42,3.0297282959120494e-13,5.107955741262583e-40,0.0,0.0,0.0,0.0,0.0,1.0,4.108114658524166e-11,-9.036033459951526e-40,0.0,0.0,0.0,-4.008189732095539e-64
2026-08-28T01:23:10.046863,1.44,-4.0214655992480004e-13,-2.0948340027941247e-39,0.0,0.0,0.0,0.0,0.0,1.0,-1.0111197017598781e-10,-2.598111584849489e-39,0.0,0.0,0.0,1.1774657282452139e-64
2026-08-28T01:23:10.123436,1.46,1.1331162756993064e-14,-2.9222373421308823e-39,0.0,0.0,0.0,0.0,0.0,1.0,5.417221155028717e-11,-3.124468176844527e-39,0.0,0.0,0.0,-2.1684575154228283e-65
2026-08-28T01:23:10.194141,1.48,4.120491370502307e-13,-4.6508879422728336e-39,0.0,0.0,0.0,0.0,0.0,1.0,1.8552529209626446e-10,-4.253703374124391e-39,0.0,0.0,0.0,-4.911010473712582e-64
2026-08-28T01:23:10.271190,1.5,-5.017895609304149e-14,-4.525284100392915e-39,0.0,0.0,0.0,0.0,0.0,1.0,-4.870181163666126e-11,-4.1339635910126316e-39,0.0,0.0,0.0,-8.625868426059854e-66
2026-08-28T01:23:10.346644,1.52,-3.9630394311490705e-14,-3.137248537447842e-39,0.0,0.0,0.0,0.0,0.0,1.0,4.901104894750898e-12,-3.152096316279595e-39,0.0,0.0,0.0,7.038590142151055e-65
2026-08-28T01:23:10.416477,1.54,-3.64341459848804e-13,-3.035897784492963e-39,0.0,0.0,0.0,0.0,0.0,1.0,-1.89731497358828e-10,-3.0555002378553235e-39,0.0,0.0,0.0,-3.672624043776029e-65
2026-08-28T01:23:10.493177,1.56,-5.330486410173613e-13,-2.1222285905144115e-39,0.0,0.0,0.0,0.0,0.0,1.0,-2.4244303540124114e-10,-2.3922592354776216e-39,0.0,0.0,0.0,-1.960356549244931e-64
2026-08-28T01:23:10.567314,1.58,-5.722254849623007e-13,-1.2692688350531423e-39,0.0,0.0,0.0,0.0,0.0,1.0,-2.0740526617934584e-10,-1.7706566242383356e-39,0.0,0.0,0.0,-1.0016672294622112e-64
2026-08-28T01:23:10.643029,1.6,-5.674532633600956e-13,-1.2346083965208067e-39,0.0,0.0,0.0,0.0,0.0,1.0,-2.0368425303059039e-10,-1.7303835141174406e-39,0.0,0.0,0.0,-1.1375583732520629e-65
2026-08-28T01:23:10.721543,1.62,-4.4855612244355105e-13,-2.45814737875566e-39,0.0,0.0,0.0,0.0,0.0,1.0,-1.8028470906363177e-10,-2.5939410623056076e-39,0.0,0.0,0.0,3.089115681728241e-64
2026-08-28T01:23:10.797460,1.6400000000000001,2.683343834633092e-13,-2.9358571021487345e-39,0.0,0.0,0.0,0.0,0.0,1.0,1.7726063805266652e-10,-2.916614403435562e-39,0.0,0.0,0.0,-3.4938920416140053e-65
2026-08-28T01:23:10.877300,1.6600000000000001,7.988012156506966e-14,-1.880005142025226e-39,0.0,0.0,0.0,0.0,0.0,1.0,-8.308751146682888e-11,-2.1158856046064693e-39,0.0,0.0,0.0,-1.1833197723240847e-64
2026-08-28T01:23:10.954734,1.6800000000000002,-9.791303117189976e-13,-1.4076923034333977e-39,0.0,0.0,0.0,0.0,0.0,1.0,-4.981930982117175e-10,-1.74647323610084e-39,0.0,0.0,0.0,-2.355445151199309e-64
2026-08-28T01:23:11.029145,1.7000000000000002,-6.964051742555311e-13,-2.213432077272605e-39,0.0,0.0,0.0,0.0,0.0,1.0,-1.6942672564663076e-10,-2.3306190374759616e-39,0.0,0.0,0.0,1.3614963881325827e-64
2026-08-28T01:23:11.112214,1.7200000000000002,-2.6470431987678003e-13,-1.938561731373948e-39,0.0,0.0,0.0,0.0,0.0,1.0,-1.1556477205309362e-10,-2.1007042776848956e-39,0.0,0.0,0.0,-1.1760986644860961e-64
2026-08-28T01:23:11.184812,1.74,1.8394772919868345e-13,-4.0640601000004056e-39,0.0,0.0,0.0,0.0,0.0,1.0,2.538772464587421e-11,-3.6938789594039173e-39,0.0,0.0,0.0,-4.062935677977397e-64
2026-08-28T01:23:11.264849,1.76,-2.3471097406096605e-13,-4.519181310227289e-39,0.0,0.0,0.0,0.0,0.0,1.0,-4.779960401015554e-11,-4.005294469800771e-39,0.0,0.0,0.0,1.5616665405466443e-65
2026-08-28T01:23:11.339258,1.78,-3.633790144614675e-13,-2.4201094333221673e-39,0.0,0.0,0.0,0.0,0.0,1.0,-1.9090155530584324e-10,-2.3426590651701878e-39,0.0,0.0,0.0,-4.4725237960489334e-64
2026-08-28T01:23:11.415824,1.8,-4.4028077234710936e-13,-1.2194342803382677e-39,0.0,0.0,0.0,0.0,0.0,1.0,-1.7356802415680397e-10,-1.382531520948292e-39,0.0,0.0,0.0,-1.7399976678888074e-64
2026-08-28T01:23:11.498065,1.82,-3.6299454814818303e-13,-1.597298107193113e-39,0.0,0.0,0.0,0.0,0.0,1.0,-1.258290113407114e-10,-1.6639366888684918e-39,0.0,0.0,0.0,5.645455037783098e-65
2026-08-28T01:23:11.569912,1.84,3.03560807274049e-13,-5.099759595351287e-39,0.0,0.0,0.0,0.0,0.0,1.0,1.9416147361498836e-10,-4.418294119132953e-39,0.0,0.0,0.0,-1.4623394959667897e-63
2026-08-28T01:23:11.648253,1.86,-1.2893682794632936e-13,-3.93083343751661e-39,0.0,0.0,0.0,0.0,0.0,1.0,-5.145211159053261e-11,-3.438328232329839e-39,0.0,0.0,0.0,-1.1343352615863765e-65
2026-08-28T01:23:11.725842,1.88,-2.399205278191694e-13,-4.6707185516749274e-39,0.0,0.0,0.0,0.0,0.0,1.0,-9.5809216476791e-11,-3.9955273556606634e-39,0.0,0.0,0.0,-7.928988112820902e-66
2026-08-28T01:23:11.807195,1.9,-7.484811027820458e-14,-5.219296082929161e-39,0.0,0.0,0.0,0.0,0.0,1.0,4.488963643143229e-11,-4.3958450212683834e-39,0.0,0.0,0.0,-1.836487880673992e-64
2026-08-28T01:23:11.895455,1.92,-7.787141502208713e-13,-5.135814010166501e-39,0.0,0.0,0.0,0.0,0.0,1.0,-3.030672462392848e-10,-4.278755389256139e-39,0.0,0.0,0.0,-3.243884057189709e-65
2026-08-28T01:23:11.973089,1.94,-2.940582247263511e-13,-3.830811329009485e-39,0.0,0.0,0.0,0.0,0.0,1.0,-2.761702116959566e-11,-3.1575949462225565e-39,0.0,0.0,0.0,-4.024838434114897e-64
2026-08-28T01:23:12.051024,1.96,2.939905444183709e-13,-4.157972138961803e-39,0.0,0.0,0.0,0.0,0.0,1.0,2.6168129768045184e-11,-3.391583057280411e-39,0.0,0.0,0.0,-1.6349615929570573e-65
2026-08-28T01:23:12.137359,1.98,-3.0435372495584635e-13,-3.165724927419421e-39,0.0,0.0,0.0,0.0,0.0,1.0,-1.4351874113509126e-10,-2.524444354969107e-39,0.0,0.0,0.0,4.904547361488186e-65
2026-08-28T01:23:12.218022,2.0,-4.612231278057095e-13,-8.366506027713197e-40,0.0,0.0,0.0,0.0,0.0,1.0,-1.1164841468881692e-10,-5.384724386322679e-40,0.0,0.0,0.0,-4.6070040773416406e-64
2026-08-28T01:23:12.300555,2.02,-4.3621045663982904e-13,-1.2369330925485681e-39,0.0,0.0,0.0,0.0,0.0,1.0,-2.608037068100623e-10,-8.674722007488066e-40,0.0,0.0,0.0,5.9042331093358515e-65
2026-08-28T01:23:12.378415,2.04,-6.328752098108009e-13,-1.3258523068410122e-39,0.0,0.0,0.0,0.0,0.0,1.0,-1.8593339860112617e-10,-9.301194953291942e-40,0.0,0.0,0.0,1.6086079514142445e-65
2026-08-28T01:23:12.458169,2.06,1.3478121692355522e-10,-1.3213748084101519e-39,0.0,0.0,0.0,0.0,0.0,1.0,7.514696877958249e-08,-9.124854298956513e-40,0.0,0.0,0.0,-3.1561144483711606e-64
2026-08-28T01:23:12.532262,2.08,0.007334422164869213,-1.4405837964165987e-05,0.0,-1.9533872421817478e-06,0.0,0.0,-9.766936210907187e-07,0.999999999999523,0.41455499776814475,-1.2410023636804897e-05,0.0,0.0,0.0,-3.1923986114167236e-27
2026-08-28T01:23:12.608400,2.1,0.0159123666390374,-6.780816352867125e-05,0.0,-6.601237675241123e-05,0.0,0.0,-3.300618837021274e-05,0.9999999994552957,0.4432557807579792,-5.793726349811201e-05,0.0,0.0,0.0,-0.008917609496818175
2026-08-28T01:23:12.687990,2.12,0.02486303836756235,-0.0001654696425709944,0.0,-0.0003830666539457184,0.0,0.0,-0.000191533325801792,0.9999999816574924,0.4518656606574057,-0.0001396407313554477,0.0,0.0,0.0,-0.03182276583425066
2026-08-28T01:23:12.765100,2.14,0.03392506146044144,-0.00030740453688238935,0.0,-0.0012986008420763362,0.0,0.0,-0.0006493003754149628,0.9999997892044891,0.4544486024860215,-0.000254511470409166,0.0,0.0,0.0,-0.06513017864923301
2026-08-28T01:23:12.840962,2.16,0.043019888111198126,-0.0004926902302267261,0.0,-0.0029418148431163966,0.0,0.0,-0.0014709068911567269,0.9999989182158736,0.4552234843724761,-0.0003962252066411521,0.0,0.0,0.0,-0.10171546068052852
2026-08-28T01:23:12.918063,2.18,0.0521238276838195,-0.0007204343700644824,0.0,-0.005349495063142751,0.0,0.0,-0.00267474434225957,0.9999964228649538,0.4554559484857138,-0.0005579081175058893,0.0,0.0,0.0,-0.1395633868438907
2026-08-28T01:23:12.995425,2.2,0.06122895182530104,-0.000989963219139578,0.0,-0.008547608528186146,0.0,0.0,-0.004273791253645497,0.9999908673124571,0.45545594658007865,-0.0007328187457203526,0.0,0.0,0.0,-0.1780663620084541
2026-08-28T01:23:13.072990,2.22,0.07033436104326106,-0.001300902441875385,0.0,-0.012508681029582911,0.0,0.0,-0.006254299739932471,0.9999804416761175,0.45554660538307135,-0.000914416129148093,0.0,0.0,0.0,-0.21681360116717469
2026-08-28T01:23:13.149473,2.24,0.07943855709410914,-0.0016526578895764545,0.0,-0.017108578549891895,0.0,0.0,-0.008554184947408136,0.9999634122906125,0.45555287165759667,-0.0010964138433053531,0.0,0.0,0.0,-0.22269220711775556
2026-08-28T01:23:13.227921,2.26,0.0885411768832557,-0.0020449823911408284,0.0,-0.021752325332184963,0.0,0.0,-0.010875948242156326,0.999940855125859,0.4555547502685797,-0.0012750054355088066,0.0,0.0,0.0,-0.22210189969879712
2026-08-28T01:23:13.301228,2.2800000000000002,0.09764198782556369,-0.0024777551721910426,0.0,-0.026381670953990355,0.0,0.0,-0.013190452950182188,0.9999130021911752,0.45555531414027367,-0.0014500576570743433,0.0,0.0,0.0,-0.2220759457975915
2026-08-28T01:23:13.377797,2.3,0.10674079394874056,-0.0029509497418345994,0.0,-0.03100320350889385,0.0,0.0,-0.015500980923642273,0.9998798525775009,0.45555548365756354,-0.0016217179817104486,0.0,0.0,0.0,-0.2220901487366979
2026-08-28T01:23:13.462964,2.32,0.11583741002390349,-0.003464557394590113,0.0,-0.03561758578630191,0.0,0.0,-0.01780785155575347,0.9998414276388873,0.45555548321559053,-0.0017901195736144317,0.0,0.0,0.0,-0.2220942372913488
2026-08-28T01:23:13.537477,2.34,0.12493165600663238,-0.004018568353978321,0.0,-0.040224979887405705,0.0,0.0,-0.02011113401302848,0.9997977506919637,0.455555549138422,-0.0019553937619252015,0.0,0.0,0.0,-0.22209409045803372
2026-08-28T01:23:13.615324,2.36,0.13402335149174363,-0.004612971397497905,0.0,-0.04482561005634978,0.0,0.0,-0.02241092862360898,0.9997488435993449,0.4555555536833121,-0.002117657732382795,0.0,0.0,0.0,-0.22209038237596893
2026-08-28T01:23:13.691200,2.38,0.14311231700711666,-0.005247753835864357,0.0,-0.04941979790819717,0.0,0.0,-0.02470738447286085,0.9996947259801415,0.45555555552941296,-0.002277010327260633,0.0,0.0,0.0,-0.22208332942696943
2026-08-28T01:23:13.765713,2.4,0.15219837328316518,-0.005922901633838307,0.0,-0.054007739183916666,0.0,0.0,-0.027000587800947762,0.9996354176690636,0.4555555559190807,-0.0024335536942263858,0.0,0.0,0.0,-0.22207318619581815
2026-08-28T01:23:13.844620,2.42,0.16128134119965634,-0.006638399445100586,0.0,-0.058589530398094336,0.0,0.0,-0.029290575332612243,0.9995709390516936,0.4555555558674273,-0.002587395141662726,0.0,0.0,0.0,-0.22206026864282896
2026-08-28T01:23:13.919864,2.44,0.17036104177437475,-0.0073942306581073255,0.0,-0.06316541608160174,0.0,0.0,-0.03157745784879169,0.9995013077309143,0.45555555590305596,-0.002738618149968419,0.0,0.0,0.0,-0.22204477795484037
2026-08-28T01:23:14.000478,2.46,0.17943729616182819,-0.008190377427493388,0.0,-0.06773562150779046,0.0,0.0,-0.03386133656725485,0.9994265405150491,0.4555555562971073,-0.0028873001007863838,0.0,0.0,0.0,-0.22202681752931672
2026-08-28T01:23:14.074525,2.48,0.18850992566159358,-0.009026820694948316,0.0,-0.07230022160256544,0.0,0.0,-0.03614223763778331,0.9993466559000105,0.455555555813461,-0.003033531983504282,0.0,0.0,0.0,-0.22200663213420013
2026-08-28T01:23:14.155886,2.5,0.19757875168068983,-0.009903540736691068,0.0,-0.07685966825109071,0.0,0.0,-0.03842037562681463,0.9992616647989127,0.4555555558137851,-0.003177379692908009,0.0,0.0,0.0,-0.22198450152526045
2026-08-28T01:23:14.238125,2.52,0.2066435957283173,-0.01082051719425757,0.0,-0.08141364850061718,0.0,0.0,-0.040695583004779504,0.9991715916317383,0.4555555558216876,-0.003318913711176451,0.0,0.0,0.0,-0.22196031997962665
2026-08-28T01:23:14.316338,2.54,0.2157042777891161,-0.01177774427129424,0.0,-0.08597062457692141,0.0,0.0,-0.04297207591887143,0.9990762737104824,0.4555555557058784,-0.003458212292487316,0.0,0.0,0.0,-0.22274027218054754
2026-08-28T01:23:14.398293,2.56,0.22476060753284294,-0.012775308449402037,0.0,-0.0905310006292308,0.0,0.0,-0.04525004398995206,0.9989756921561742,0.455555555560815,-0.003595339033762256,0.0,0.0,0.0,-0.22269881732309313
2026-08-28T01:23:14.477366,2.58,0.23381240391213268,-0.013813202994155178,0.0,-0.09508595479918337,0.0,0.0,-0.04752506891674335,0.9988700455136588,0.45555555555119875,-0.003730329375875499,0.0,0.0,0.0,-0.2226623359814795
2026-08-28T01:23:14.551000,2.6,0.24285948845110455,-0.014891397855307303,0.0,-0.09963617058091369,0.0,0.0,-0.049797481081175154,0.9987593358151753,0.4555555556676885,-0.0038632367344318625,0.0,0.0,0.0,-0.22263090868132768
2026-08-28T01:23:14.635390,2.62,0.2519016824513546,-0.01600986578892729,0.0,-0.1041818835989843,0.0,0.0,-0.05206738716031953,0.9986435736509285,0.45555555606874787,-0.003994102168762606,0.0,0.0,0.0,-0.22259769241970198
2026-08-28T01:23:14.712065,2.64,0.26093880740688635,-0.017168578615247294,0.0,-0.1087231586626465,0.0,0.0,-0.05433480856673916,0.998522773189483,0.45555555611587784,-0.004122981033875631,0.0,0.0,0.0,-0.22256322863089772
2026-08-28T01:23:14.789051,2.66,0.2699706850240215,-0.018367507140316222,0.0,-0.11326009512045898,0.0,0.0,-0.05659978400887079,0.998396947336153,0.45555555591710006,-0.004249920767038494,0.0,0.0,0.0,-0.22252769605394318
2026-08-28T01:23:14.865954,2.68,0.2789971372227183,-0.01960662119288626,0.0,-0.11779281368112127,0.0,0.0,-0.058862362899821045,0.9982661079260629,0.45555555580704804,-0.004374961808665759,0.0,0.0,0.0,-0.22249115663934155
2026-08-28T01:23:14.941426,2.7,0.2880179861423727,-0.02088588963655245,0.0,-0.12232146195311433,0.0,0.0,-0.061122608112150575,0.9981302654351126,0.45555555620321514,-0.004498135755650248,0.0,0.0,0.0,-0.22245367414706774
2026-08-28T01:23:15.025179,2.72,0.2970330541442199,-0.022205280382362875,0.0,-0.1268461416444802,0.0,0.0,-0.06338055963835425,0.9979894311363868,0.4555555563429466,-0.004619479524228266,0.0,0.0,0.0,-0.22241532691679114
2026-08-28T01:23:15.101054,2.74,0.3060421638179016,-0.023564760404948985,0.0,-0.13136696167486406,0.0,0.0,-0.06563626110257116,0.9978436156174348,0.455555556410801,-0.004739025792244992,0.0,0.0,0.0,-0.22237621123507814
2026-08-28T01:23:15.181058,2.76,0.31504513798541567,-0.024964295760431604,0.0,-0.13588398376480137,0.0,0.0,-0.06788973261265613,0.9976928305875421,0.45555555640977186,-0.004856814513162314,0.0,0.0,0.0,-0.2223363886979097
2026-08-28T01:23:15.260034,2.7800000000000002,0.3240417997040631,-0.026403851599967824,0.0,-0.1403972655805528,0.0,0.0,-0.07014099229505609,0.9975370876312644,0.45555555579106716,-0.004972884805873216,0.0,0.0,0.0,-0.22229592506954388
2026-08-28T01:23:15.336271,2.8,0.3330319722714691,-0.027883392182597957,0.0,-0.14490689387957237,0.0,0.0,-0.07239007282408494,0.997376397031995,0.4555555553950287,-0.005087267759935184,0.0,0.0,0.0,-0.22225485188425423
2026-08-28T01:23:15.417582,2.8200000000000003,0.34201547923061276,-0.029402880883469776,0.0,-0.14941303798737104,0.0,0.0,-0.07463704807222929,0.9972107656132999,0.45555555570548345,-0.0051999735627512485,0.0,0.0,0.0,-0.2222131977640937
2026-08-28T01:23:15.494752,2.84,0.3509921154771756,-0.030962445407994983,0.0,-0.15398624606701364,0.0,0.0,-0.07691707712840162,0.9970374934003352,0.4555555557259005,-0.005311182918425126,0.0,0.0,0.0,-0.22953409938248534
2026-08-28T01:23:15.572054,2.8600000000000003,0.35996152668192316,-0.03256303873265188,0.0,-0.15863355757116387,0.0,0.0,-0.07923363929810391,0.996856073063498,0.4555555558434844,-0.005420941027562197,0.0,0.0,0.0,-0.2293951808973602
2026-08-28T01:23:15.651023,2.88,0.36892349811960107,-0.0342047769818383,0.0,-0.16327479488841282,0.0,0.0,-0.08154674667769443,0.996669517997959,0.45555555613495946,-0.005529085802458907,0.0,0.0,0.0,-0.22930503698763002
2026-08-28T01:23:15.728732,2.9,0.3778778456547619,-0.03588760103086906,0.0,-0.16791280289158725,0.0,0.0,-0.08385780593648391,0.9964777310023135,0.45555555592949937,-0.00563565058388879,0.0,0.0,0.0,-0.22926684462448574
2026-08-28T01:23:15.816257,2.92,0.3868243821546822,-0.03761146914320581,0.0,-0.1725473908671069,0.0,0.0,-0.08616671057297821,0.9962807325192196,0.45555555602899866,-0.005740657536827608,0.0,0.0,0.0,-0.2292263684504257
2026-08-28T01:23:15.895862,2.94,0.39576292141196295,-0.0393763353144916,0.0,-0.177179000094716,0.0,0.0,-0.08847366897394504,0.9960785159304907,0.45555555587923585,-0.005844126310045669,0.0,0.0,0.0,-0.22918551639846776
2026-08-28T01:23:15.976893,2.96,0.404693277027042,-0.04118215515016747,0.0,-0.18180770397447524,0.0,0.0,-0.09077870621930337,0.9958710892967771,0.4555555559058748,-0.0059460747883831305,0.0,0.0,0.0,-0.229144152879366
2026-08-28T01:23:16.055083,2.98,0.4136152628905371,-0.04302888333338526,0.0,-0.18643355623028016,0.0,0.0,-0.09308183761204732,0.9956584612741282,0.45555555583835566,-0.006046524640509214,0.0,0.0,0.0,-0.22910251185070651
2026-08-28T01:23:16.132569,3.0,0.42252869317957736,-0.04491647366197536,0.0,-0.19105663049928623,0.0,0.0,-0.09538308839149058,0.9954406393396349,0.45555555560336863,-0.0061454917840140936,0.0,0.0,0.0,-0.2290607648918256
2026-08-28T01:23:16.215868,3.02,0.43143338236097367,-0.0468448790619733,0.0,-0.19567697483158272,0.0,0.0,-0.09768247107938592,0.9952176318995886,0.45555555562092115,-0.006242997910199119,0.0,0.0,0.0,-0.22901879865694086
2026-08-28T01:23:16.296602,3.04,0.4403291451962268,-0.048814051594361335,0.0,-0.20029473841846013,0.0,0.0,-0.09998004853923975,0.9949894421018202,0.4555555563247488,-0.006339036523220115,0.0,0.0,0.0,-0.22897669240139035
2026-08-28T01:23:16.377703,3.06,0.4492157967367876,-0.05082394246093891,0.0,-0.20490991909699344,0.0,0.0,-0.10227580833037209,0.9947560801675801,0.45555555620957056,-0.006433639490793201,0.0,0.0,0.0,-0.22893446421257757
2026-08-28T01:23:16.456184,3.08,0.4580935000222769,-0.052873003467533944,0.0,-0.2088719993585078,0.0,0.0,-0.10424625806486,0.9945515158499707,0.45555555582082863,-0.006525411565098643,0.0,0.0,0.0,-0.1613547694266713
2026-08-28T01:23:16.533648,3.1,0.46696418868254197,-0.05495222782924443,0.0,-0.21214136679217258,0.0,0.0,-0.10587189522638886,0.9943797774498295,0.4555555554868364,-0.0066141863422291645,0.0,0.0,0.0,-0.16248951358712502
2026-08-28T01:23:16.613273,3.12,0.47582807665243476,-0.057060255527435294,0.0,-0.21542556339580088,0.0,0.0,-0.10750462109540891,0.994204584802913,0.4555555556141416,-0.0067016422315909555,0.0,0.0,0.0,-0.16298423986976712
2026-08-28T01:23:16.692426,3.14,0.4846849620549248,-0.059197512164408474,0.0,-0.21885078903860578,0.0,0.0,-0.10920715012431484,0.9940190130785856,0.45555555562569816,-0.006788114895032288,0.0,0.0,0.0,-0.17910975123739764
2026-08-28T01:23:16.772660,3.16,0.49353422387015017,-0.06136611646037133,0.0,-0.22245581601510803,0.0,0.0,-0.11099870442276384,0.9938205510133447,0.4555555556245064,-0.006873793241514694,0.0,0.0,0.0,-0.17867951223015047
2026-08-28T01:23:16.847977,3.18,0.5023756785623017,-0.06356633428059766,0.0,-0.2260522866359324,0.0,0.0,-0.11278564720120954,0.9936193424976208,0.4555555557927945,-0.006958130930041725,0.0,0.0,0.0,-0.1783903980482044
2026-08-28T01:23:16.923566,3.2,0.5112092259317871,-0.06579808707959102,0.0,-0.22964335952050427,0.0,0.0,-0.11456954417413565,0.9934152301770548,0.4555555556656958,-0.007041149023818075,0.0,0.0,0.0,-0.17827141433934598
2026-08-28T01:23:17.006992,3.22,0.5200347598622067,-0.0680613216250711,0.0,-0.23323076389609199,0.0,0.0,-0.11635124998427562,0.9932081285546834,0.4555555556294143,-0.007122861720831827,0.0,0.0,0.0,-0.17814974728291427
2026-08-28T01:23:17.080875,3.24,0.5288521737249552,-0.07035598775202528,0.0,-0.23681452887447202,0.0,0.0,-0.1181307744928182,0.9929980463816266,0.4555555557556354,-0.007203278239964822,0.0,0.0,0.0,-0.1780282343747965
2026-08-28T01:23:17.161699,3.26,0.5376613612232509,-0.07268203495149278,0.0,-0.24039471393714562,0.0,0.0,-0.11990814265901079,0.9927849904808524,0.45555555583756413,-0.007282410938900872,0.0,0.0,0.0,-0.17790832543902077
2026-08-28T01:23:17.237464,3.2800000000000002,0.5464622156257781,-0.07503941522994105,0.0,-0.24397256625556943,0.0,0.0,-0.12168396888329541,0.9925688951991238,0.4555555557285643,-0.007360277518032289,0.0,0.0,0.0,-0.1777899664736132
2026-08-28T01:23:17.313683,3.3,0.5552546297315423,-0.07742808312564027,0.0,-0.2475457970729669,0.0,0.0,-0.12345711261500344,0.9923499087241185,0.4555555558086593,-0.007436881396072507,0.0,0.0,0.0,-0.17767310944584697
2026-08-28T01:23:17.394883,3.32,0.5640384994135049,-0.07984798262632903,0.0,-0.2511168513414681,0.0,0.0,-0.12522878256501835,0.9921278909582592,0.45555555619721944,-0.007512228040231444,0.0,0.0,0.0,-0.1775587413036196
2026-08-28T01:23:17.469786,3.34,0.5728137179546248,-0.08229906807103982,0.0,-0.2546834872332977,0.0,0.0,-0.1269978619721551,0.9919029907478359,0.455555556358347,-0.007586329273986567,0.0,0.0,0.0,-0.17744480675984603
2026-08-28T01:23:17.547034,3.36,0.5815801824046456,-0.08478128108121298,0.0,-0.2582469095863998,0.0,0.0,-0.12876494410481815,0.991675142962494,0.4555555565121529,-0.007659200412397668,0.0,0.0,0.0,-0.1773333116054956
2026-08-28T01:23:17.624395,3.38,0.5903377872648108,-0.08729457325130202,0.0,-0.2618082903055883,0.0,0.0,-0.13053060539088954,0.991444280358855,0.4555555564486325,-0.007730856229438811,0.0,0.0,0.0,-0.17722228950898714
2026-08-28T01:23:17.698913,3.4,0.599086426586917,-0.08983889841259697,0.0,-0.2653654123827214,0.0,0.0,-0.1322937421778562,0.9912105557249574,0.4555555559684865,-0.007801317849381993,0.0,0.0,0.0,-0.177112678721571
2026-08-28T01:23:17.779998,3.42,0.6078259981882319,-0.09241419816729816,0.0,-0.26891946799410954,0.0,0.0,-0.1340549410892646,0.9909739011545934,0.4555555556126274,-0.007870595863799398,0.0,0.0,0.0,-0.17700536849869256
2026-08-28T01:23:17.858305,3.44,0.6165562844254513,-0.095020800625135,0.0,-0.27261617783014946,0.0,0.0,-0.13588638253648358,0.9907244273970176,0.45555555563817673,-0.007939078745726115,0.0,0.0,0.0,-0.19427715877100224
2026-08-28T01:23:17.936380,3.46,0.6252764926798903,-0.0976609209862547,0.0,-0.2765096815679335,0.0,0.0,-0.1378148184548988,0.9904580131506047,0.45555555626108624,-0.008007006084082072,0.0,0.0,0.0,-0.1938974039869003
2026-08-28T01:23:18.014623,3.48,0.6339863961265206,-0.10033484127562954,0.0,-0.28039602321665313,0.0,0.0,-0.13973918616931108,0.9901883456437662,0.4555555561089085,-0.00807375003664495,0.0,0.0,0.0,-0.1936405523647574
2026-08-28T01:23:18.090113,3.5,0.642685876750791,-0.10304247949284019,0.0,-0.28427902126978655,0.0,0.0,-0.1416613713030915,0.9899151761037547,0.45555555581361706,-0.00813933409953725,0.0,0.0,0.0,-0.19354460566434958
2026-08-28T01:23:18.177016,3.52,0.6513748090883967,-0.10578377896420837,0.0,-0.28815835947820245,0.0,0.0,-0.143581211494603,0.9896385379044927,0.4555555554370977,-0.008203772794381883,0.0,0.0,0.0,-0.19344646320945721
2026-08-28T01:23:18.253578,3.54,0.6600530703153739,-0.1085586753839599,0.0,-0.2920350768739342,0.0,0.0,-0.1454992150270071,0.9893583670372049,0.4555555556915429,-0.008267057540132548,0.0,0.0,0.0,-0.1933491226344821
2026-08-28T01:23:18.336287,3.56,0.6687205359930062,-0.11136711033346648,0.0,-0.2959092027465329,0.0,0.0,-0.14741539028010053,0.9890746699357768,0.4555555558274706,-0.008329202424967642,0.0,0.0,0.0,-0.19325229089745752
2026-08-28T01:23:18.413480,3.58,0.677377081324469,-0.11420902713445122,0.0,-0.29978174093132853,0.0,0.0,-0.1493302274566652,0.9887873801620551,0.45555555605254583,-0.008390219015395868,0.0,0.0,0.0,-0.1931567247526118
2026-08-28T01:23:18.487454,3.6,0.6860225810981214,-0.11708437093277956,0.0,-0.30365081877258415,0.0,0.0,-0.15124279450501116,0.9884966449666458,0.45555555608464393,-0.008450116826983808,0.0,0.0,0.0,-0.19306238346051943
2026-08-28T01:23:18.569174,3.62,0.6946569138016417,-0.11999307633369552,0.0,-0.30751740600060457,0.0,0.0,-0.15315356492145257,0.9882024011060945,0.45555555569229855,-0.008508923498609107,0.0,0.0,0.0,-0.1929699669305434
2026-08-28T01:23:18.646133,3.64,0.7032799561493361,-0.122935084000088,0.0,-0.31138160278997923,0.0,0.0,-0.15506258214498708,0.9879046490519867,0.45555555586046304,-0.008566631782315908,0.0,0.0,0.0,-0.19287801375204042
2026-08-28T01:23:18.727578,3.66,0.7118915851622191,-0.1259103342863294,0.0,-0.31524346020935173,0.0,0.0,-0.1569698653346621,0.9876033927527882,0.4555555561455621,-0.008623248065333343,0.0,0.0,0.0,-0.1927872058722967
2026-08-28T01:23:18.801227,3.68,0.7204916781504241,-0.12891876729782908,0.0,-0.31910302114356176,0.0,0.0,-0.1588754296063933,0.9872986366178087,0.4555555563555699,-0.008678783706806074,0.0,0.0,0.0,-0.19269756715557854
2026-08-28T01:23:18.881631,3.7,0.7290801120304982,-0.13196032480857212,0.0,-0.3229611700551205,0.0,0.0,-0.16077970539154113,0.986990317244404,0.4555555561069481,-0.008733267498817436,0.0,0.0,0.0,-0.1926090877534878
2026-08-28T01:23:18.964429,3.72,0.7376567633047543,-0.13503495025366816,0.0,-0.3268161651528318,0.0,0.0,-0.16268182696272945,0.9866785814925084,0.4555555556734825,-0.008786711391697014,0.0,0.0,0.0,-0.19252174420000673
2026-08-28T01:23:19.038863,3.74,0.746221484518366,-0.13814265324771657,0.0,-0.3307044759790943,0.0,0.0,-0.16459977481211094,0.9863604382434458,0.4555555558054345,-0.008839193991822852,0.0,0.0,0.0,-0.1959816830981568
2026-08-28T01:23:19.114784,3.76,0.7547739868336418,-0.14128382662339273,0.0,-0.33462564109121473,0.0,0.0,-0.16653329829129337,0.9860358312760359,0.4555555558488315,-0.008890726140334045,0.0,0.0,0.0,-0.19584689146372808
2026-08-28T01:23:19.186531,3.7800000000000002,0.7633141193370278,-0.14445847667059056,0.0,-0.3385439155445966,0.0,0.0,-0.16846475696392693,0.9857076775906156,0.4555555552773202,-0.008941253169710386,0.0,0.0,0.0,-0.1957391597155257
2026-08-28T01:23:19.261999,3.8,0.7718417579164373,-0.14766653628037515,0.0,-0.34245992827002336,0.0,0.0,-0.17039445470615305,0.9853759332383721,0.4555555555835579,-0.008990758172991139,0.0,0.0,0.0,-0.19565730245150223
2026-08-28T01:23:19.348088,3.8200000000000003,0.7803567767219112,-0.15090794353435374,0.0,-0.34637476684989776,0.0,0.0,-0.1723229209017775,0.9850405123302695,0.45555555581402657,-0.009039257385391105,0.0,0.0,0.0,-0.1955759383703895
2026-08-28T01:23:19.423568,3.84,0.7888590493430538,-0.1541826384235282,0.0,-0.3502868410696465,0.0,0.0,-0.17424936580932188,0.9847015580951668,0.4555555561093696,-0.009086754863141061,0.0,0.0,0.0,-0.19549546765237172
2026-08-28T01:23:19.504185,3.8600000000000003,0.7973484523300277,-0.15749055367163206,0.0,-0.3541977723378178,0.0,0.0,-0.17617458148758938,0.9843589369928394,0.45555555614107196,-0.009133273859865034,0.0,0.0,0.0,-0.1954166030746621
2026-08-28T01:23:19.581115,3.88,0.8058248598481234,-0.16083162865163492,0.0,-0.35810595996314243,0.0,0.0,-0.1780977736119629,0.9840127961741463,0.45555555552634164,-0.009178843212073894,0.0,0.0,0.0,-0.19533820648304434
2026-08-28T01:23:19.657779,3.9,0.8142881496530575,-0.16420579405812724,0.0,-0.362012281094259,0.0,0.0,-0.18001936767266885,0.9836630659238622,0.45555555546343135,-0.00922345669040862,0.0,0.0,0.0,-0.1952613497589019
2026-08-28T01:23:19.737839,3.92,0.8227381978119898,-0.1676129853769935,0.0,-0.36591675525294187,0.0,0.0,-0.18193936691626902,0.9833097511802206,0.4555555552425042,-0.009267130853657178,0.0,0.0,0.0,-0.1951849118958471
2026-08-28T01:23:19.814409,3.94,0.8311748807057057,-0.17105313775857933,0.0,-0.3698194615847426,0.0,0.0,-0.18385780390222087,0.9829528513332939,0.45555555558356525,-0.00930985778445777,0.0,0.0,0.0,-0.19510945286300455
2026-08-28T01:23:19.896779,3.96,0.8395980743560921,-0.17452618763218233,0.0,-0.37372120286967014,0.0,0.0,-0.18577506667468657,0.9825922982610925,0.4555555561769457,-0.009351641010995108,0.0,0.0,0.0,-0.19503495191345044
2026-08-28T01:23:19.972675,3.98,0.8480076544048648,-0.1780320727094004,0.0,-0.3776204572161439,0.0,0.0,-0.18769040103630058,0.9822282389337178,0.455555556118039,-0.009392511509402117,0.0,0.0,0.0,-0.19496142095319577
2026-08-28T01:23:20.047863,4.0,0.8564035000293163,-0.1815707226003821,0.0,-0.38151798305814166,0.0,0.0,-0.18960417340311217,0.9818606099788924,0.455555555712958,-0.009432491290129732,0.0,0.0,0.0,-0.19488935071049818
2026-08-28T01:23:20.126787,4.02,0.8647854880934935,-0.1851420729002194,0.0,-0.38541461461039755,0.0,0.0,-0.1915167868468538,0.9814893378717147,0.45555555627678795,-0.00947156068755258,0.0,0.0,0.0,-0.19481771888001634
2026-08-28T01:23:20.202064,4.04,0.8731534430765896,-0.188746180833901,0.0,-0.3893649262959684,0.0,0.0,-0.19345500641028468,0.9811091481047339,0.45555555628314937,-0.0095098884219595,0.0,0.0,0.0,-0.20050815942514452
2026-08-28T01:23:20.282569,4.06,0.8815069303766795,-0.1923836953991297,0.0,-0.3933721583899317,0.0,0.0,-0.19542038281778173,0.9807195694893376,0.45555555583004637,-0.0095475161435496,0.0,0.0,0.0,-0.20036850202391016
2026-08-28T01:23:20.360201,4.08,0.8898457731613765,-0.1960546575898666,0.0,-0.39737677661708537,0.0,0.0,-0.19738369349382165,0.9803263117670243,0.45555555586890945,-0.00958427483789157,0.0,0.0,0.0,-0.20026559084126727
2026-08-28T01:23:20.437344,4.1,0.898169844514495,-0.19975899269180536,0.0,-0.40138017784811897,0.0,0.0,-0.1993456165261665,0.9799292449824133,0.455555555795319,-0.009620183419384754,0.0,0.0,0.0,-0.20020038592075065
2026-08-28T01:23:20.525324,4.12,0.9064790148834445,-0.2034966323624111,0.0,-0.405381459044972,0.0,0.0,-0.20130570250289395,0.9795284652014031,0.45555555586575835,-0.009655245780799326,0.0,0.0,0.0,-0.20013535128630047
2026-08-28T01:23:20.601463,4.14,0.9147731577562858,-0.20726750183522472,0.0,-0.40938128035973753,0.0,0.0,-0.203264268038496,0.9791239131686931,0.4555555557851218,-0.009689480059679735,0.0,0.0,0.0,-0.200071334989858
2026-08-28T01:23:20.682752,4.16,0.9230521451183279,-0.21107153008072183,0.0,-0.41337968662806096,0.0,0.0,-0.20522132812598057,0.9787155901906379,0.45555555590031604,-0.00972288922154277,0.0,0.0,0.0,-0.20000775438206603
2026-08-28T01:23:20.762001,4.18,0.9313158492816908,-0.21490864568831597,0.0,-0.41737668374392056,0.0,0.0,-0.20717687869308754,0.9783035014426708,0.4555555558816023,-0.009755490429242931,0.0,0.0,0.0,-0.19994499123914716
2026-08-28T01:23:20.841581,4.2,0.9395635411413041,-0.21878005550685375,0.0,-0.42159740201354134,0.0,0.0,-0.20924098754857995,0.9778641056556351,0.4555555558110454,-0.009788852211197404,0.0,0.0,0.0,-0.2574187710772953
2026-08-28T01:23:20.923343,4.22,0.9477914443157291,-0.22269334219029668,0.0,-0.4267898313883913,0.0,0.0,-0.2117790246736625,0.977317576178937,0.455555556322203,-0.009827148574228377,0.0,0.0,0.0,-0.2606332085187623
2026-08-28T01:23:20.999919,4.24,0.9559987963119051,-0.22664954978080765,0.0,-0.43199090577561566,0.0,0.0,-0.214319856407301,0.9767635328724931,0.45555555667920505,-0.009864683894455793,0.0,0.0,0.0,-0.2595840483286912
2026-08-28T01:23:21.082272,4.26,0.9641854891227077,-0.23064833293571768,0.0,-0.4371797881243275,0.0,0.0,-0.21685328778517488,0.9762042058794667,0.45555555619005594,-0.009901335846895985,0.0,0.0,0.0,-0.25943724020295617
2026-08-28T01:23:21.160269,4.28,0.972351322715764,-0.23468954163813982,0.0,-0.44236569302352224,0.0,0.0,-0.21938380704013166,0.97563863454077,0.45555555602647657,-0.00993712268307951,0.0,0.0,0.0,-0.2593036848588569
2026-08-28T01:23:21.238118,4.3,0.9804960869135942,-0.23877304776710212,0.0,-0.44755011791738303,0.0,0.0,-0.22191212973842495,0.9750666678104408,0.45555555614517834,-0.009972052641118612,0.0,0.0,0.0,-0.2591645483586136
2026-08-28T01:23:21.319816,4.32,0.9886195711570318,-0.242898724693454,0.0,-0.45273025171627834,0.0,0.0,-0.22443687047337924,0.9744886306017714,0.45555555614796817,-0.010006132820362805,0.0,0.0,0.0,-0.25902810303721685
2026-08-28T01:23:21.396569,4.34,0.9967214307993127,-0.24706670615033172,0.0,-0.45802760559580413,0.0,0.0,-0.22701718575256577,0.9738907522781932,0.4555555558020011,-0.01003973982863947,0.0,0.0,0.0,-0.2724898381570621
2026-08-28T01:23:21.479878,4.36,1.0048006004134429,-0.251278500319947,0.0,-0.46347193479311866,0.0,0.0,-0.22966743228860456,0.9732691665443631,0.45555555585649965,-0.010073019942610562,0.0,0.0,0.0,-0.2721330894179418
2026-08-28T01:23:21.557665,4.38,1.0128567256361816,-0.2555342069057695,0.0,-0.46891015543186526,0.0,0.0,-0.2323130062322449,0.9726410782685136,0.45555555645665585,-0.010105443161026687,0.0,0.0,0.0,-0.27188558188345846
2026-08-28T01:23:21.630281,4.4,1.020889588847729,-0.25983366047141127,0.0,-0.4743445999735219,0.0,0.0,-0.23495502736202456,0.9720062423242508,0.45555555646447676,-0.010137054601195733,0.0,0.0,0.0,-0.27176794478906485
2026-08-28T01:23:21.716514,4.42,1.02889896412367,-0.26417671240897206,0.0,-0.47977653718853436,0.0,0.0,-0.23759409598625975,0.971364527637525,0.4555555560678572,-0.010167881942097895,0.0,0.0,0.0,-0.2716496257052915
2026-08-28T01:23:21.792717,4.44,1.036884623910394,-0.2685632178860987,0.0,-0.48520720468505374,0.0,0.0,-0.2402307957343207,0.9707158002118103,0.4555555561859042,-0.010197918379157034,0.0,0.0,0.0,-0.271532539503018
2026-08-28T01:23:21.870100,4.46,1.044846340235359,-0.27299303344611414,0.0,-0.4906343036474001,0.0,0.0,-0.24286399340647086,0.9700603490024019,0.4555555563665843,-0.010227168309164612,0.0,0.0,0.0,-0.2714176439141405
2026-08-28T01:23:21.945174,4.48,1.052783892401523,-0.2774660032051706,0.0,-0.4960590508278569,0.0,0.0,-0.24549426288072973,0.9693980435778933,0.4555555563824048,-0.010255652220814456,0.0,0.0,0.0,-0.27130585205516705
2026-08-28T01:23:22.025392,4.5,1.0606970566255045,-0.28198197762344074,0.0,-0.5014814874785571,0.0,0.0,-0.2481216071237467,0.9687288929717793,0.45555555637928036,-0.010283384826305055,0.0,0.0,0.0,-0.2711952066271912
2026-08-28T01:23:22.108232,4.52,1.0685856099937412,-0.2865408062960542,0.0,-0.5069017015411221,0.0,0.0,-0.2507460517079002,0.9680529001830939,0.4555555567318731,-0.010310357174861421,0.0,0.0,0.0,-0.2710866156073923
2026-08-28T01:23:22.182282,4.54,1.076449330422643,-0.2911423380247271,0.0,-0.5123196874230489,0.0,0.0,-0.253367576906156,0.967370079634833,0.4555555567510087,-0.01033660201262623,0.0,0.0,0.0,-0.2709800280621406
2026-08-28T01:23:22.259209,4.5600000000000005,1.084287996649078,-0.2957864208318317,0.0,-0.5177354773412595,0.0,0.0,-0.25598618133398404,0.9666804409762538,0.45555555651554713,-0.010362136136773722,0.0,0.0,0.0,-0.27087543192669766
2026-08-28T01:23:22.332394,4.58,1.0921013882345234,-0.30047290196125,0.0,-0.5231490930738891,0.0,0.0,-0.2586018585802552,0.9659839950738509,0.45555555611212833,-0.010386980325948264,0.0,0.0,0.0,-0.2707727440179844
2026-08-28T01:23:22.408668,4.6,1.0998892843727142,-0.30520162983041255,0.0,-0.5285616678906506,0.0,0.0,-0.2612151387133881,0.9652806075473315,0.4555555564009036,-0.010411114836480412,0.0,0.0,0.0,-0.2706719160076873
2026-08-28T01:23:22.491992,4.62,1.1076514638601025,-0.3099724540042581,0.0,-0.5339711841857318,0.0,0.0,-0.26382503063055646,0.9645705537765425,0.45555555641912227,-0.010434562705080292,0.0,0.0,0.0,-0.27057288413921093
2026-08-28T01:23:22.567441,4.64,1.1153875159250537,-0.31478552817181266,0.0,-0.5395174110922195,0.0,0.0,-0.2664988763540198,0.9638352291247944,0.4555555558924736,-0.010457786948428319,0.0,0.0,0.0,-0.2867620734749011
2026-08-28T01:23:22.648717,4.66,1.123096036597658,-0.31964257297698656,0.0,-0.5452464196889953,0.0,0.0,-0.26925868937288827,0.9630678886751414,0.4555555557209008,-0.010481020339395563,0.0,0.0,0.0,-0.2864283198651108
2026-08-28T01:23:22.722457,4.68,1.130776605339238,-0.3245436993122012,0.0,-0.5509698037391062,0.0,0.0,-0.27201358679106835,0.9622934108685656,0.4555555557402642,-0.010503573227700137,0.0,0.0,0.0,-0.2862036563463204
2026-08-28T01:23:22.796557,4.7,1.1384289919143793,-0.3294887125024266,0.0,-0.5566901070648349,0.0,0.0,-0.27476477553940587,0.9615114758143971,0.45555555624040056,-0.010525439209641057,0.0,0.0,0.0,-0.28611799807809196
2026-08-28T01:23:22.883637,4.72,1.1460529558454111,-0.33447743476539404,0.0,-0.5624086373999927,0.0,0.0,-0.2775128649096051,0.9607219211664025,0.45555555616069976,-0.010546664304175129,0.0,0.0,0.0,-0.2860312020212638
2026-08-28T01:23:22.962997,4.74,1.1536482561894517,-0.33950968959010963,0.0,-0.5681254400178388,0.0,0.0,-0.28025785626422034,0.9599247543438931,0.4555555563437367,-0.010567240096696063,0.0,0.0,0.0,-0.285945115057381
2026-08-28T01:23:23.038471,4.76,1.1612146531083591,-0.34458529927943493,0.0,-0.5738405412335421,0.0,0.0,-0.28299974186104226,0.9591199852503249,0.45555555664140135,-0.010587177539459106,0.0,0.0,0.0,-0.285860633236559
2026-08-28T01:23:23.116076,4.78,1.168751907778612,-0.3497040850907592,0.0,-0.5795539781002353,0.0,0.0,-0.2857385191189525,0.9583076221609155,0.45555555693454436,-0.010606486452175401,0.0,0.0,0.0,-0.28577773011242213
2026-08-28T01:23:23.191617,4.8,1.1762597823851801,-0.3548658672546093,0.0,-0.5852656936729362,0.0,0.0,-0.2884741404532583,0.9574876867562078,0.4555555563938684,-0.010625215840539543,0.0,0.0,0.0,-0.2856963664884505
2026-08-28T01:23:23.273371,4.82,1.1837380401288862,-0.360070464975317,0.0,-0.5909757771503196,0.0,0.0,-0.2912066283358824,0.9566601797991005,0.45555555625109595,-0.010643352977179707,0.0,0.0,0.0,-0.28561651935539245
2026-08-28T01:23:23.346701,4.84,1.1911864452272893,-0.3653176964268427,0.0,-0.5966842395181194,0.0,0.0,-0.29393596776967906,0.9558251131097687,0.4555555560200815,-0.010660917391569233,0.0,0.0,0.0,-0.2855380829546868
2026-08-28T01:23:23.426834,4.86,1.1986047629246905,-0.37060737874715094,0.0,-0.6023911441502929,0.0,0.0,-0.296662168810833,0.9549824907276849,0.4555555560014057,-0.010677905901944987,0.0,0.0,0.0,-0.28546107905326407
2026-08-28T01:23:23.505192,4.88,1.2059927594952886,-0.37593932804181635,0.0,-0.6080965300038761,0.0,0.0,-0.2993852298160623,0.9541323200520898,0.4555555560603,-0.010694325330316183,0.0,0.0,0.0,-0.2853854610676617
2026-08-28T01:23:23.582791,4.9,1.2133502022466238,-0.38131335938287525,0.0,-0.6138003971252299,0.0,0.0,-0.3021051305844223,0.9532746141981172,0.4555555559342118,-0.010710198586308124,0.0,0.0,0.0,-0.28531122362146755
2026-08-28T01:23:23.663835,4.92,1.2206768595244726,-0.3867292868128658,0.0,-0.6195028587046942,0.0,0.0,-0.30482190484924826,0.9524093690866737,0.4555555564390805,-0.010725500244254522,0.0,0.0,0.0,-0.2852383452512824
2026-08-28T01:23:23.742383,4.94,1.2279724409109714,-0.3921870030491738,0.0,-0.6252474381035156,0.0,0.0,-0.30755623931140713,0.9515299047642299,0.4555555566995829,-0.010740374290973234,0.0,0.0,0.0,-0.2895414878699268
2026-08-28T01:23:23.824222,4.96,1.2352363557976314,-0.3976867950719203,0.0,-0.6310340790350226,0.0,0.0,-0.31030802909510846,0.95063606447426,0.4555555569159007,-0.010754827748234976,0.0,0.0,0.0,-0.28941663071464985
2026-08-28T01:23:23.900528,4.98,1.2424683137077717,-0.40322854178989115,0.0,-0.6368185171398478,0.0,0.0,-0.31305617514780754,0.9497346109318251,0.45555555687398847,-0.01076876736543057,0.0,0.0,0.0,-0.2893222839680937
2026-08-28T01:23:23.980282,5.0,1.2496680828702618,-0.40881204391382114,0.0,-0.6426013013264867,0.0,0.0,-0.31580091786926756,0.9488254740851597,0.45555555617829435,-0.010782227382437792,0.0,0.0,0.0,-0.2892574903515212
2026-08-28T01:23:24.062386,5.02,1.2568354289976311,-0.41443710582591803,0.0,-0.648383451835274,0.0,0.0,-0.31854272011578316,0.9479085058491868,0.45555555615239574,-0.010795188156176902,0.0,0.0,0.0,-0.28919333642377737
2026-08-28T01:23:24.141024,5.04,1.263970117645484,-0.42010353239391696,0.0,-0.654163734802264,0.0,0.0,-0.3212809756175178,0.9469839147030197,0.45555555633848593,-0.010807641979666126,0.0,0.0,0.0,-0.28913013982585695
2026-08-28T01:23:24.224639,5.06,1.271071920040572,-0.42581112163848767,0.0,-0.659942821469607,0.0,0.0,-0.3240159816069981,0.9460516072938375,0.4555555567172042,-0.010819598791777473,0.0,0.0,0.0,-0.2890685119456507
2026-08-28T01:23:24.301426,5.08,1.2781406057988745,-0.43155967397348516,0.0,-0.665720694276871,0.0,0.0,-0.3267477086231036,0.9451115991826317,0.45555555672532844,-0.01083108579897241,0.0,0.0,0.0,-0.28900763530038936
2026-08-28T01:23:24.378369,5.1,1.2851759448264863,-0.4373489897440469,0.0,-0.6714979720370408,0.0,0.0,-0.3294764277089602,0.944163801246448,0.45555555664952596,-0.010842113287330457,0.0,0.0,0.0,-0.28894790009956023
2026-08-28T01:23:24.461729,5.12,1.2921777072813219,-0.4431788692413107,0.0,-0.6772734499313141,0.0,0.0,-0.33220154874392405,0.9432084239510047,0.45555555633401373,-0.010852701441791256,0.0,0.0,0.0,-0.2888892553008456
2026-08-28T01:23:24.539365,5.14,1.2991456679556364,-0.44904910743946597,0.0,-0.6830483552734945,0.0,0.0,-0.3349236297978245,0.9422452770924616,0.4555555561542169,-0.010862849085251258,0.0,0.0,0.0,-0.2888320488404706
2026-08-28T01:23:24.616185,5.16,1.306079599309379,-0.4549595023989248,0.0,-0.6888216276818451,0.0,0.0,-0.3376421499476963,0.9412745500536479,0.4555555566379221,-0.010872535227368575,0.0,0.0,0.0,-0.28877550411570957
2026-08-28T01:23:24.695978,5.18,1.312979279187407,-0.46090984610407587,0.0,-0.694593731561338,0.0,0.0,-0.34035730725783764,0.9402961785502448,0.4555555561006332,-0.010881825871127019,0.0,0.0,0.0,-0.28872033881517095
2026-08-28T01:23:24.773584,5.2,1.3198444832381158,-0.46689993341592434,0.0,-0.700365315246272,0.0,0.0,-0.3430693853212765,0.9393100642787138,0.45555555601669795,-0.010890695795709626,0.0,0.0,0.0,-0.2886658807142174
2026-08-28T01:23:24.852961,5.22,1.326674987458477,-0.47292955901558925,0.0,-0.7061353034164006,0.0,0.0,-0.3457778578265912,0.9383164034785141,0.45555555602836956,-0.010899152048032863,0.0,0.0,0.0,-0.28861237738896706
2026-08-28T01:23:24.926064,5.24,1.3334704389941885,-0.4789986615808911,0.0,-0.7119872412976989,0.0,0.0,-0.3485218584102534,0.9373006530512306,0.45555555632856914,-0.01090743442695046,0.0,0.0,0.0,-0.2973850133447574
2026-08-28T01:23:25.006103,5.26,1.3402298089145428,-0.48510792344298614,0.0,-0.7179307915784056,0.0,0.0,-0.3513057621149963,0.9362607871233323,0.45555555615534565,-0.010915619105180109,0.0,0.0,0.0,-0.297236658010191
2026-08-28T01:23:25.084149,5.28,1.346952740452068,-0.49125726112488083,0.0,-0.7238718992318575,0.0,0.0,-0.354085421095412,0.9352130851135931,0.4555555561888639,-0.01092340372042703,0.0,0.0,0.0,-0.29713800704029936
2026-08-28T01:23:25.157572,5.3,1.3536390081484933,-0.49744644416858685,0.0,-0.7298115483400823,0.0,0.0,-0.35686127430577325,0.9341573908613364,0.4555555558458888,-0.010930821855844278,0.0,0.0,0.0,-0.29709315996706886
2026-08-28T01:23:25.241571,5.32,1.3602883822763578,-0.5036752471202754,0.0,-0.7357503067205111,0.0,0.0,-0.35963356448654954,0.9330936176476071,0.4555555555112918,-0.010937870493136825,0.0,0.0,0.0,-0.2970483217901275
2026-08-28T01:23:25.316583,5.34,1.366900633683687,-0.5099434441434878,0.0,-0.7416882549370993,0.0,0.0,-0.3624023061588604,0.9320217639576555,0.4555555559295585,-0.0109445252610285,0.0,0.0,0.0,-0.2970040342049761
2026-08-28T01:23:25.396103,5.36,1.373475534565491,-0.5162508081761991,0.0,-0.7476253799526953,0.0,0.0,-0.3651674701509457,0.930941844984722,0.45555555618271054,-0.01095080584188214,0.0,0.0,0.0,-0.29696059238367395
2026-08-28T01:23:25.478811,5.38,1.3800128584376965,-0.5225971109813776,0.0,-0.7535617492725831,0.0,0.0,-0.36792906481369914,0.9298538612412796,0.4555555567567354,-0.01095669801698413,0.0,0.0,0.0,-0.2969180163102597
2026-08-28T01:23:25.555137,5.4,1.3865123801327557,-0.5289821231573544,0.0,-0.7594973391796004,0.0,0.0,-0.37068705603668045,0.9287578298387901,0.45555555698714206,-0.010962227223230024,0.0,0.0,0.0,-0.29687627470990297
2026-08-28T01:23:25.638515,5.42,1.3929738758073924,-0.5354056141426446,0.0,-0.7654321045585153,0.0,0.0,-0.37344139988378294,0.9276537720792389,0.4555555568657719,-0.01096742811387505,0.0,0.0,0.0,-0.29683538164092005
2026-08-28T01:23:25.714202,5.44,1.3993971229461672,-0.5418673522220727,0.0,-0.7713660284418216,0.0,0.0,-0.37619206560696933,0.9265417042823068,0.4555555563067789,-0.010972322866419021,0.0,0.0,0.0,-0.29679529592541654
2026-08-28T01:23:25.791876,5.46,1.4057819003723993,-0.5483671045317442,0.0,-0.7772991508886743,0.0,0.0,-0.3789390489320235,0.925421632119378,0.4555555559481657,-0.010976908418805106,0.0,0.0,0.0,-0.2967559778125181
2026-08-28T01:23:25.871063,5.48,1.4121279882556754,-0.5549046370578095,0.0,-0.7832316164395987,0.0,0.0,-0.3816823938296095,0.9242935411656293,0.4555555565621008,-0.010981135342618478,0.0,0.0,0.0,-0.29671739401476643
2026-08-28T01:23:25.947063,5.5,1.4184351681182747,-0.5614797146377927,0.0,-0.789163381691691,0.0,0.0,-0.38442205724002054,0.9231574523922506,0.4555555568523538,-0.010985036181700478,0.0,0.0,0.0,-0.29667954534940744
2026-08-28T01:23:26.028881,5.52,1.4247032228416456,-0.5680921009701627,0.0,-0.7950943870071772,0.0,0.0,-0.387157988763921,0.9220133902152808,0.45555555659635316,-0.010988650723588608,0.0,0.0,0.0,-0.2966424870866188
2026-08-28T01:23:26.103166,5.54,1.4309319482130098,-0.5747415478449146,0.0,-0.8010177737330295,0.0,0.0,-0.3898870077085038,0.9208627048697917,0.45555555658833263,-0.010991939087999567,0.0,0.0,0.0,-0.29591263742264107
2026-08-28T01:23:26.180365,5.5600000000000005,1.4371211993999675,-0.581427752577687,0.0,-0.8069336584581173,0.0,0.0,-0.3926091568993579,0.919705414749079,0.4555555569477898,-0.010994897068920503,0.0,0.0,0.0,-0.2958846201948159
2026-08-28T01:23:26.255983,5.58,1.4432707750802864,-0.5881504665352043,0.0,-0.8128489625163686,0.0,0.0,-0.39532760430622405,0.9185401925193593,0.4555555568160456,-0.010997581389544401,0.0,0.0,0.0,-0.2958536611187664
2026-08-28T01:23:26.334929,5.6,1.4493804640798917,-0.5949094505084076,0.0,-0.8187635895557396,0.0,0.0,-0.3980422829687521,0.9173670699175025,0.45555555633383893,-0.011000015477906496,0.0,0.0,0.0,-0.29581989029993705
2026-08-28T01:23:26.418894,5.62,1.4554500564518407,-0.6017044643045589,0.0,-0.8246779174743889,0.0,0.0,-0.4007533434490261,0.9161859842381496,0.4555555562420928,-0.01100217661032679,0.0,0.0,0.0,-0.2957868358245006
2026-08-28T01:23:26.497118,5.64,1.4614793431161288,-0.6085352670717673,0.0,-0.8305912813044589,0.0,0.0,-0.4034604583474581,0.9149970811702401,0.4555555561826209,-0.01100407706790552,0.0,0.0,0.0,-0.2957544339877224
2026-08-28T01:23:26.571409,5.66,1.4674681191973673,-0.6154016143690668,0.0,-0.8365040310507927,0.0,0.0,-0.40616376563513157,0.9138003039423274,0.455555556125821,-0.011005721845860962,0.0,0.0,0.0,-0.29572284821993505
2026-08-28T01:23:26.648869,5.68,1.4734161795195322,-0.6223032621868393,0.0,-0.8424161901033624,0.0,0.0,-0.4088632534599183,0.9125956607228475,0.4555555560745424,-0.01100711244308582,0.0,0.0,0.0,-0.2956917356394625
2026-08-28T01:23:26.724821,5.7,1.4793233203242906,-0.6292399654218921,0.0,-0.8483278379783049,0.0,0.0,-0.4115589355348076,0.9113831480675162,0.45555555659760605,-0.011008224581183126,0.0,0.0,0.0,-0.29566125363672335
2026-08-28T01:23:26.806590,5.72,1.4851893387415696,-0.6362114783275241,0.0,-0.8542392131025333,0.0,0.0,-0.41425089774128404,0.9101627292525992,0.45555555663901043,-0.011009097033167624,0.0,0.0,0.0,-0.2956313980688585
2026-08-28T01:23:26.883089,5.74,1.4908219815130088,-0.6429851519554233,0.0,-0.8598044676804079,0.0,0.0,-0.4167819343463486,0.9090065011882567,0.42540689443363605,-0.010996936914192046,0.0,0.0,0.0,-0.27278486280977654
2026-08-28T01:23:26.957950,5.76,1.496171736164536,-0.6494919419318211,0.0,-0.8651990412259547,0.0,0.0,-0.41923226646781425,0.9078790154818315,0.41696081206625163,-0.010975521552059449,0.0,0.0,0.0,-0.26900207743640653
2026-08-28T01:23:27.035577,5.78,1.5014180643754345,-0.6559436367152901,0.0,-0.8705688130713126,0.0,0.0,-0.421668304086864,0.9067501537515767,0.4145946775568095,-0.010951447787945297,0.0,0.0,0.0,-0.2673773586577037
2026-08-28T01:23:27.108583,5.8,1.5066107962956021,-0.6623997211607403,0.0,-0.875918090809984,0.0,0.0,-0.4240920221593919,0.9056191013559497,0.41393181459950884,-0.01092670130978433,0.0,0.0,0.0,-0.26689484568327426
2026-08-28T01:23:27.185931,5.82,1.5117636987694738,-0.6688767999278222,0.0,-0.8812608453256305,0.0,0.0,-0.42650975633979205,0.9044829615570275,0.4137461162346425,-0.010901972704404272,0.0,0.0,0.0,-0.2667425598107005
2026-08-28T01:23:27.263234,5.84,1.516880820571714,-0.6753798208891943,0.0,-0.8866011543308804,0.0,0.0,-0.42892334227455053,0.903340891608494,0.4137461118879323,-0.01087778448628329,0.0,0.0,0.0,-0.22417090564302466
2026-08-28T01:23:27.341415,5.86,1.5214647816357976,-0.6812665037971789,0.0,-0.8910876282365474,0.0,0.0,-0.43094866904939233,0.9023764428688048,0.3684334870429716,-0.010813460968872788,0.0,0.0,0.0,-0.2360599973866741
2026-08-28T01:23:27.420215,5.88,1.5259641981259373,-0.6871019503074102,0.0,-0.8958464787197591,0.0,0.0,-0.433094584366113,0.9013484792202979,0.3684334018581666,-0.010759892367234784,0.0,0.0,0.0,-0.23565904218718595
2026-08-28T01:23:27.493128,5.9,1.5304036475573268,-0.6929163056093712,0.0,-0.900581170981744,0.0,0.0,-0.4352271726065602,0.9003206696643699,0.3654696966522295,-0.010704560992779001,0.0,0.0,0.0,-0.2352705501557963
2026-08-28T01:23:27.577689,5.92,1.5348111068214632,-0.6987454481459462,0.0,-0.9053080079369042,0.0,0.0,-0.43735378959821947,0.8992895321997674,0.36531532567769026,-0.010650668268357515,0.0,0.0,0.0,-0.23510451817177713
2026-08-28T01:23:27.656682,5.94,1.5390623942637445,-0.7044223453394718,0.0,-0.9097868944044327,0.0,0.0,-0.43936659908562453,0.8983078490183263,0.3439143593046856,-0.010587407522796523,0.0,0.0,0.0,-0.21463101821634267
2026-08-28T01:23:27.738273,5.96,1.5431306408069827,-0.7099044890448944,0.0,-0.9140726167248818,0.0,0.0,-0.44129053785878913,0.8973642856701511,0.338761190270318,-0.010515911318308653,0.0,0.0,0.0,-0.21115468790762834
2026-08-28T01:23:27.817581,5.98,1.5471377448864039,-0.7153523086038016,0.0,-0.9183222876942326,0.0,0.0,-0.4431962917042042,0.896424590816005,0.33752036182706113,-0.010443615997275247,0.0,0.0,0.0,-0.2102437434298227
2026-08-28T01:23:27.894060,6.0,1.551112819142057,-0.7208045011169494,0.0,-0.9225588487657456,0.0,0.0,-0.4450941747112006,0.8954837662616533,0.3372215835845731,-0.01037234277978524,0.0,0.0,0.0,-0.20995449459117954
2026-08-28T01:23:27.977115,6.02,1.5550627883271186,-0.7262703357304529,0.0,-0.9267898505285996,0.0,0.0,-0.44698757402062206,0.8945401660468684,0.3371496412722953,-0.010302496897329707,0.0,0.0,0.0,-0.20981915465569975
2026-08-28T01:23:28.054762,6.04,1.5588426161660023,-0.7315460929507448,0.0,-0.9307109872171564,0.0,0.0,-0.44874052095785066,0.8936620976915586,0.31185542858907245,-0.01022214549058594,0.0,0.0,0.0,-0.18384292252535672
2026-08-28T01:23:28.135054,6.06,1.562423388168906,-0.7365839431947904,0.0,-0.934388383818683,0.0,0.0,-0.45038293645912536,0.89283548907201,0.30622145097594855,-0.010131689296177686,0.0,0.0,0.0,-0.18002900493234278
2026-08-28T01:23:28.208759,6.08,1.565946222223872,-0.7415784088720947,0.0,-0.9380291469900355,0.0,0.0,-0.45200749060798884,0.8920141413869339,0.30496656272116335,-0.01004079350671825,0.0,0.0,0.0,-0.17907889691939888
2026-08-28T01:23:28.284252,6.1,1.5694423310640415,-0.7465729004611034,0.0,-0.9416555892432055,0.0,0.0,-0.4536241655597574,0.8911930859360466,0.30468705454538053,-0.009951532367827436,0.0,0.0,0.0,-0.17876583951480035
2026-08-28T01:23:28.365313,6.12,1.5729186070347347,-0.7515770556357454,0.0,-0.9452751957827514,0.0,0.0,-0.4552363059428704,0.8903706563850189,0.304624798324564,-0.009864360239404606,0.0,0.0,0.0,-0.17860071693307894
2026-08-28T01:23:28.442782,6.14,1.5762390609333672,-0.7563924749166893,0.0,-0.9485874081058286,0.0,0.0,-0.45671022931357813,0.88961551607441,0.28030002184596553,-0.009767729240434668,0.0,0.0,0.0,-0.15114957252803884
2026-08-28T01:23:28.523954,6.16,1.579378883921187,-0.7609763840838611,0.0,-0.9516304469654502,0.0,0.0,-0.45806326743722076,0.8889195931155625,0.2753143810997134,-0.009661680363877646,0.0,0.0,0.0,-0.14771493533849583
2026-08-28T01:23:28.601455,6.18,1.5824770286874106,-0.7655283818246357,0.0,-0.9546461914824272,0.0,0.0,-0.45940312337951594,0.8882278819250977,0.275314371385284,-0.009556519428617793,0.0,0.0,0.0,-0.14688328197370532
2026-08-28T01:23:28.676055,6.2,1.5855491319518311,-0.7700708202595803,0.0,-0.9576407306186541,0.0,0.0,-0.4607325245111909,0.8875390362443474,0.2740830912926593,-0.009453030477691906,0.0,0.0,0.0,-0.14657500511097588
2026-08-28T01:23:28.760224,6.22,1.5886064955527055,-0.7746201522266484,0.0,-0.9606270806429239,0.0,0.0,-0.46205726151196397,0.8868500927913717,0.2740401628088723,-0.009352382776217655,0.0,0.0,0.0,-0.14638042388986403
2026-08-28T01:23:28.834186,6.24,1.5915334336894935,-0.7790021892276595,0.0,-0.9633327940440575,0.0,0.0,-0.46325661940297214,0.8862241841539474,0.252925023764334,-0.009244571468662364,0.0,0.0,0.0,-0.11947388281081782
2026-08-28T01:23:28.914702,6.26,1.5943105810814155,-0.7831823017769723,0.0,-0.9657605756208993,0.0,0.0,-0.4643320572009762,0.8856611884098283,0.24893056557321444,-0.00912919042618081,0.0,0.0,0.0,-0.11667623869392654
2026-08-28T01:23:28.990977,6.28,1.5970517352037226,-0.7873292827494125,0.0,-0.9681565135600861,0.0,0.0,-0.4653927183801749,0.8851042976275233,0.24817492159389884,-0.009015116460830147,0.0,0.0,0.0,-0.11599522139845024
2026-08-28T01:23:29.066241,6.3,1.5997783165218578,-0.7914751088723342,0.0,-0.9705396096253498,0.0,0.0,-0.4664470320359652,0.8845491316511702,0.2480319741980507,-0.008903904065314092,0.0,0.0,0.0,-0.11569655207312773
2026-08-28T01:23:29.149524,6.32,1.6024943649362753,-0.7956258117124484,0.0,-0.9729143940421059,0.0,0.0,-0.46749700971415437,0.8839946526469059,0.2480049325143243,-0.008795714522295897,0.0,0.0,0.0,-0.11547602534805451
2026-08-28T01:23:29.224288,6.34,1.6051023051320086,-0.799631322679576,0.0,-0.9751536979546555,0.0,0.0,-0.4684864828176407,0.8834706647179387,0.22996452357070665,-0.008683022913670378,0.0,0.0,0.0,-0.11657794251026457
2026-08-28T01:23:29.305067,6.36,1.6075855071384122,-0.8034649987712847,0.0,-0.977540768310345,0.0,0.0,-0.46954060219862626,0.8829108804896174,0.22679991743223074,-0.00856619149582518,0.0,0.0,0.0,-0.11533629535741931
2026-08-28T01:23:29.376528,6.38,1.6100396799496066,-0.8072731453033221,0.0,-0.9799123919223227,0.0,0.0,-0.4705872379768462,0.8823534730782914,0.22624479721469842,-0.00845131211633005,0.0,0.0,0.0,-0.11478414591966168
2026-08-28T01:23:29.454513,6.4,1.6124815760695799,-0.8110814268728214,0.0,-0.9822733185932676,0.0,0.0,-0.4716284957787002,0.8817973474498098,0.2261474212676256,-0.008339476654807556,0.0,0.0,0.0,-0.11459269004443835
2026-08-28T01:23:29.537438,6.42,1.6149141209465174,-0.8148943307493133,0.0,-0.984627547994521,0.0,0.0,-0.4726661454157012,0.8812415758337002,0.22613033969061694,-0.00823081631028272,0.0,0.0,0.0,-0.11445670951616546
2026-08-28T01:23:29.613121,6.44,1.6172923514724407,-0.8186414094744584,0.0,-0.9870587959982369,0.0,0.0,-0.4737370543236823,0.8806663405403437,0.2176780434748027,-0.008122256360508237,0.0,0.0,0.0,-0.1382398082728101
2026-08-28T01:23:29.689303,6.46,1.6196076110432513,-0.8223114208818386,0.0,-0.9898892681776773,0.0,0.0,-0.47498293027348487,0.8799950090476728,0.2162507640810832,-0.008014493309083512,0.0,0.0,0.0,-0.13846110107237175
2026-08-28T01:23:29.769182,6.48,1.6219038219122115,-0.8259737046253035,0.0,-0.9927170403203425,0.0,0.0,-0.47622666778218214,0.8793225579348452,0.21600975341360318,-0.007909216394034059,0.0,0.0,0.0,-0.13820346910995007
2026-08-28T01:23:29.846834,6.5,1.6241884078735471,-0.8296399325639644,0.0,-0.9955388543430728,0.0,0.0,-0.477466835730532,0.8786497713978381,0.21596905629345023,-0.007806794992546407,0.0,0.0,0.0,-0.1381670608796916
2026-08-28T01:23:29.929520,6.52,1.6264626029211864,-0.8333120556048503,0.0,-0.9983572519392778,0.0,0.0,-0.4787045534359391,0.87797605350015,0.21596218476460144,-0.007707196733594086,0.0,0.0,0.0,-0.13815468666124953
2026-08-28T01:23:30.006154,6.54,1.6286439851285015,-0.836856552253977,0.0,-1.0011791930601461,0.0,0.0,-0.4799428748776426,0.8772997417383545,0.20023364100296379,-0.007604915801880548,0.0,0.0,0.0,-0.1583020724230761
2026-08-28T01:23:30.080289,6.5600000000000005,1.6307315062026038,-0.8402741016995219,0.0,-1.0045197489581437,0.0,0.0,-0.4814075391306098,0.8764968803528113,0.20023361044007626,-0.007502218529870485,0.0,0.0,0.0,-0.16792625880490936
2026-08-28T01:23:30.159081,6.58,1.6327799404609258,-0.8436532707432902,0.0,-1.0079375713981147,0.0,0.0,-0.482904690808961,0.8756729181576314,0.19738555147154901,-0.007400543360767898,0.0,0.0,0.0,-0.1679237498178012
2026-08-28T01:23:30.233192,6.6,1.6348147102844217,-0.8470354825706665,0.0,-1.0113525103160612,0.0,0.0,-0.4843991709037009,0.8748470970562839,0.19732518545179561,-0.007301799358208133,0.0,0.0,0.0,-0.168000592445997
2026-08-28T01:23:30.319153,6.62,1.6368377949099744,-0.8504239939252368,0.0,-1.0147653105374328,0.0,0.0,-0.4858913041255701,0.8740192449684119,0.19732518603563468,-0.007205793514406625,0.0,0.0,0.0,-0.16812945113042696
2026-08-28T01:23:30.395303,6.64,1.6387853122102247,-0.8537125337218266,0.0,-1.018405908465155,0.0,0.0,-0.4874814745756097,0.8731333299935292,0.18487971113521234,-0.007109143773455211,0.0,0.0,0.0,-0.2230273796220199
2026-08-28T01:23:30.473146,6.66,1.6406440635111263,-0.8568878508801653,0.0,-1.023079045686334,0.0,0.0,-0.48952027793612396,0.8719919136605224,0.18305534696508757,-0.007016474227539146,0.0,0.0,0.0,-0.2583588036757193
2026-08-28T01:23:30.550586,6.68,1.6424755507348636,-0.8600548285128636,0.0,-1.0283478331089873,0.0,0.0,-0.49181574665094807,0.8706993001870224,0.18278772390082582,-0.006928211646066726,0.0,0.0,0.0,-0.2635729494219264
2026-08-28T01:23:30.627657,6.7,1.6442887902482313,-0.8632287551538382,0.0,-1.033669272366029,0.0,0.0,-0.49413068974973784,0.869387635895202,0.18274846645926615,-0.006842463532650405,0.0,0.0,0.0,-0.26389212015523217
2026-08-28T01:23:30.706091,6.72,1.6460850303016505,-0.8664118163208963,0.0,-1.03899575670449,0.0,0.0,-0.49644432442735775,0.8680685645407651,0.18274270819551822,-0.006759066246959536,0.0,0.0,0.0,-0.26432535526422957
2026-08-28T01:23:30.783700,6.74,1.6478079905215646,-0.8695040287473275,0.0,-1.0445342460663845,0.0,0.0,-0.49884631206587104,0.8666904620095225,0.1712403207009226,-0.006674443535821165,0.0,0.0,0.0,-0.3087239029596784
2026-08-28T01:23:30.859693,6.76,1.6494476394009563,-0.8724928012868443,0.0,-1.0509212671954522,0.0,0.0,-0.5016115487656136,0.8650929742778879,0.16965912575601216,-0.006591370544943256,0.0,0.0,0.0,-0.3352951080685271
2026-08-28T01:23:30.937797,6.78,1.651058637266866,-0.8754766907964754,0.0,-1.057673285398585,0.0,0.0,-0.5045292464322485,0.8633946024237744,0.16944177527426046,-0.006511076431489807,0.0,0.0,0.0,-0.33559442136120315
2026-08-28T01:23:31.017163,6.8,1.6526484066189346,-0.8784691451039363,0.0,-1.0644315397924702,0.0,0.0,-0.507443880581697,0.8616848078387993,0.16941189971655934,-0.006432906655767418,0.0,0.0,0.0,-0.3361480425279083
2026-08-28T01:23:31.099133,6.82,1.6542178634972788,-0.881471919023289,0.0,-1.0711992999703852,0.0,0.0,-0.5103568078042421,0.8599627484535967,0.1694077938595191,-0.006356851647554263,0.0,0.0,0.0,-0.3367670021882318
2026-08-28T01:23:31.175141,6.84,1.655718353065209,-0.8843917410080824,0.0,-1.0781984032886847,0.0,0.0,-0.513363160593153,0.8581714661685091,0.15887364230668813,-0.006279825579557837,0.0,0.0,0.0,-0.3951861033508242
2026-08-28T01:23:31.256313,6.86,1.657140567223193,-0.887217952795128,0.0,-1.0863254251599512,0.0,0.0,-0.5168461017822581,0.8560783299865052,0.1575155838891635,-0.006205885520068106,0.0,0.0,0.0,-0.4311124327163817
2026-08-28T01:23:31.328958,6.88,1.6585314391327142,-0.8900426413916155,0.0,-1.0950095531762467,0.0,0.0,-0.5205583648303765,0.8538260881497617,0.15734051410727587,-0.006135135548936555,0.0,0.0,0.0,-0.43370189968686484
2026-08-28T01:23:31.406840,6.9,1.6598968949115214,-0.8928775097883319,0.0,-1.103724895580939,0.0,0.0,-0.5242741038997535,0.8515495663671673,0.15731794679524808,-0.006066271989797022,0.0,0.0,0.0,-0.43443224568626043
2026-08-28T01:23:31.489677,6.92,1.6612375585563988,-0.8957239049993077,0.0,-1.1124537366601406,0.0,0.0,-0.5279856192965652,0.8492533107477548,0.15731503824873175,-0.005999234144247554,0.0,0.0,0.0,-0.4352394780377544
2026-08-28T01:23:31.564934,6.94,1.662494259105669,-0.8984532953472227,0.0,-1.1212036871820006,0.0,0.0,-0.5316960167466164,0.8469352665793188,0.14316649533009024,-0.005928585740263557,0.0,0.0,0.0,-0.45681784168285394
2026-08-28T01:23:31.643446,6.96,1.663660396766729,-0.9010502068286823,0.0,-1.1305067877161474,0.0,0.0,-0.5356298123837304,0.8444529022306512,0.14150652217249823,-0.005855923148183168,0.0,0.0,0.0,-0.47119810916876737
2026-08-28T01:23:31.718105,6.98,1.664795314256903,-0.9036428033193254,0.0,-1.1399661636699023,0.0,0.0,-0.5396178052370895,0.8419101046258481,0.14150652395364316,-0.005784959253318596,0.0,0.0,0.0,-0.4717829399692028
2026-08-28T01:23:31.794621,7.0,1.665904111351013,-0.9062421956002722,0.0,-1.1494431484108887,0.0,0.0,-0.5436011168237876,0.8393436875249202,0.1412889277812546,-0.005715718686174189,0.0,0.0,0.0,-0.4725541001263554
2026-08-28T01:23:31.881203,7.02,1.6669881934671664,-0.9088517155074725,0.0,-1.1589338412460715,0.0,0.0,-0.54757795795775,0.8367546713098293,0.14128624755135216,-0.005648309301581343,0.0,0.0,0.0,-0.47334911012369746
2026-08-28T01:23:31.956986,7.04,1.6680238030971382,-0.911412629895493,0.0,-1.1685084129652505,0.0,0.0,-0.5515774517500138,0.8341236807098581,0.1349530433745093,-0.005580238864193647,0.0,0.0,0.0,-0.49116172465499186
2026-08-28T01:23:32.036188,7.06,1.669011014308594,-0.9139246606593492,0.0,-1.1783634726375243,0.0,0.0,-0.5556809081524202,0.8313956508876513,0.13495303329589856,-0.005512164249348134,0.0,0.0,0.0,-0.4913864833148182
2026-08-28T01:23:32.110601,7.08,1.6699681483078297,-0.91643226655769,0.0,-1.1882287731334418,0.0,0.0,-0.559775115352674,0.8286445680941259,0.13416377717118766,-0.005445243073819658,0.0,0.0,0.0,-0.4920758447976239
2026-08-28T01:23:32.189960,7.1,1.6709002481369106,-0.9189483419313396,0.0,-1.1981066689549242,0.0,0.0,-0.5638609037311892,0.8258697725691664,0.13415486318187342,-0.005380055265530148,0.0,0.0,0.0,-0.49284068210856324
2026-08-28T01:23:32.270133,7.12,1.6718074768891895,-0.9214733969923675,0.0,-1.2079906028473615,0.0,0.0,-0.5679354226517501,0.8230731168598437,0.13415486375260743,-0.0053165095127425946,0.0,0.0,0.0,-0.49360435167653466
2026-08-28T01:23:32.345365,7.14,1.6726516580009738,-0.9238976217206614,0.0,-1.2179407181385724,0.0,0.0,-0.5720232134359641,0.8202374310468851,0.12254734137788181,-0.005250225371563021,0.0,0.0,0.0,-0.5191959854499676
2026-08-28T01:23:32.424755,7.16,1.6734293946402872,-0.9262093574621248,0.0,-1.2284317351880927,0.0,0.0,-0.5763178864475952,0.8172256076265456,0.1213591763465511,-0.005182349071105847,0.0,0.0,0.0,-0.526852603221046
2026-08-28T01:23:32.504797,7.18,1.6741786528506617,-0.9285167127064431,0.0,-1.2390038962290693,0.0,0.0,-0.5806297347896483,0.8141677413642121,0.1212375481295768,-0.00511586743145501,0.0,0.0,0.0,-0.5274404803497733
2026-08-28T01:23:32.584743,7.2,1.6749031256680098,-0.930830564793799,0.0,-1.2495874214973879,0.0,0.0,-0.5849299675174073,0.8110838015273667,0.12122509768257048,-0.005051023578686411,0.0,0.0,0.0,-0.5281570879870566
2026-08-28T01:23:32.670173,7.22,1.6756030768388162,-0.9331518090753151,0.0,-1.26018368329437,0.0,0.0,-0.5892189660348143,0.8079733968794173,0.12122382271261238,-0.0049878118928628696,0.0,0.0,0.0,-0.528880421255226
2026-08-28T01:23:32.745949,7.24,1.6762665329394932,-0.93543914642656,0.0,-1.2708727351105036,0.0,0.0,-0.5935287650372216,0.8048127764103838,0.11693845994171984,-0.004924544194760873,0.0,0.0,0.0,-0.5422540611738311
2026-08-28T01:23:32.826333,7.26,1.6768936198260227,-0.9376922691825827,0.0,-1.2817430619646335,0.0,0.0,-0.5978942657729396,0.8015749789981206,0.116938451988119,-0.004861607979125187,0.0,0.0,0.0,-0.5425999497081153
2026-08-28T01:23:32.900415,7.28,1.6774940462941428,-0.9399438844516874,0.0,-1.2926191707962387,0.0,0.0,-0.6022444120695759,0.7983117612380334,0.1165152724701372,-0.004799885148649195,0.0,0.0,0.0,-0.5432466465895175
2026-08-28T01:23:32.981009,7.3,1.6780697680580503,-0.9422010376886196,0.0,-1.303513527910141,0.0,0.0,-0.6065840024703524,0.7950194009878297,0.1164693562538287,-0.00473965851709547,0.0,0.0,0.0,-0.5439301297815028
2026-08-28T01:23:33.061323,7.32,1.6786208905942894,-0.9444642762785077,0.0,-1.314420126450282,0.0,0.0,-0.6109104402824473,0.7916997119829629,0.1164689484627477,-0.004680890465452084,0.0,0.0,0.0,-0.5446076783843206
2026-08-28T01:23:33.139229,7.34,1.6791442364893447,-0.9467199915287382,0.0,-1.3253764002888717,0.0,0.0,-0.6152382913278975,0.7883411982662895,0.11509492241712121,-0.00462303414267217,0.0,0.0,0.0,-0.549378264939421
2026-08-28T01:23:33.222328,7.36,1.6796395103734036,-0.9489665953198776,0.0,-1.3363888073524974,0.0,0.0,-0.6195697100249936,0.7849416375881364,0.11496083511663768,-0.004566088860481992,0.0,0.0,0.0,-0.5499204646468683
2026-08-28T01:23:33.297796,7.38,1.680109740770782,-0.9512170705854509,0.0,-1.347411814257745,0.0,0.0,-0.6238864864594806,0.7815149723538534,0.11494775041543555,-0.004510447086260075,0.0,0.0,0.0,-0.5505560198606989
2026-08-28T01:23:33.371472,7.4,1.6805551345605965,-0.9534724462715579,0.0,-1.3584464510580991,0.0,0.0,-0.6281888357418641,0.77806091448503,0.11494647364012525,-0.004456110699589164,0.0,0.0,0.0,-0.551196189941976
2026-08-28T01:23:33.449563,7.42,1.680975635973226,-0.9557325810346303,0.0,-1.3694927354224369,0.0,0.0,-0.6324765734933844,0.7745794884852475,0.11494634919630005,-0.004403045349723819,0.0,0.0,0.0,-0.5518281124346689
2026-08-28T01:23:33.526464,7.44,1.6813729035200726,-0.9580072104318926,0.0,-1.380518239821753,0.0,0.0,-0.6367370060488527,0.7710810496490905,0.11596057936883196,-0.004351576373905767,0.0,0.0,0.0,-0.5492499173325736
2026-08-28T01:23:33.608553,7.46,1.681746963069121,-0.9602970605338536,0.0,-1.3915235578839822,0.0,0.0,-0.6409703408007843,0.767565646843139,0.11606042842003111,-0.004301633287971,0.0,0.0,0.0,-0.5499219350210289
2026-08-28T01:23:33.682398,7.48,1.6820959833985694,-0.9625919699788416,0.0,-1.4025405175348507,0.0,0.0,-0.6451887147294936,0.7640232472809346,0.11607025805007322,-0.004252875145495676,0.0,0.0,0.0,-0.5505061745130746
2026-08-28T01:23:33.760344,7.5,1.6824197310783826,-0.9648906898794366,0.0,-1.4135681099057107,0.0,0.0,-0.6493915543782574,0.7604542123640258,0.1160712252915856,-0.0042052369211923206,0.0,0.0,0.0,-0.551071059591876
2026-08-28T01:23:33.840466,7.52,1.6827181287911037,-0.9671928474412541,0.0,-1.424600598968005,0.0,0.0,-0.6535765043665481,0.7568604580370173,0.11607122578823052,-0.004158670280305701,0.0,0.0,0.0,-0.5516258876997251
2026-08-28T01:23:33.918086,7.54,1.6830012860262369,-0.9695847287643282,0.0,-1.4353982760090314,0.0,0.0,-0.657653126888335,0.753320890918336,0.12478789204873968,-0.004116178379475389,0.0,0.0,0.0,-0.5272352121236354
2026-08-28T01:23:34.001840,7.5600000000000005,1.6832695865129301,-0.9720752938833649,0.0,-1.4459626519387905,0.0,0.0,-0.661623116191646,0.7498365502700276,0.12571046323158006,-0.004077430103654605,0.0,0.0,0.0,-0.528616570172873
2026-08-28T01:23:34.074425,7.58,1.6835125530505404,-0.9745787079528466,0.0,-1.456547322548144,0.0,0.0,-0.6655822184970026,0.7463245342480764,0.12580810758285302,-0.00403986442034514,0.0,0.0,0.0,-0.5292522041694392
2026-08-28T01:23:34.150650,7.6,1.6837291034167572,-0.9770856290376072,0.0,-1.467143172125956,0.0,0.0,-0.6695268304895493,0.7427878723125589,0.1258184419762622,-0.004003171606011574,0.0,0.0,0.0,-0.5297819368255056
2026-08-28T01:23:34.230014,7.62,1.6839190884784139,-0.9795948177720181,0.0,-1.4777490129026838,0.0,0.0,-0.6734563431326316,0.7392269975416369,0.12581953549557442,-0.003967299600867307,0.0,0.0,0.0,-0.530294624426391
2026-08-28T01:23:34.306753,7.64,1.6840933797244795,-0.9822836652274004,0.0,-1.4882722067167102,0.0,0.0,-0.6773365175734578,0.7356733255742395,0.14363046638694177,-0.003938681690189483,0.0,0.0,0.0,-0.540690253203791
2026-08-28T01:23:34.387954,7.66,1.6842492082616736,-0.9851735852805634,0.0,-1.499215139685324,0.0,0.0,-0.6813515707660988,0.731956308132234,0.14578244353159248,-0.00391805387967871,0.0,0.0,0.0,-0.5556293171161969
2026-08-28T01:23:34.465894,7.68,1.684374007158347,-0.9880891530318794,0.0,-1.5103347441853776,0.0,0.0,-0.6854105513904752,0.7281568347839664,0.14604244411643483,-0.003898963116744215,0.0,0.0,0.0,-0.5562668795901067
2026-08-28T01:23:34.542364,7.7,1.6844664562640472,-0.9910085270721477,0.0,-1.5214605432987947,0.0,0.0,-0.6894505885528573,0.7243327177092849,0.1460424424829201,-0.0038804189747381913,0.0,0.0,0.0,-0.556741368836913
2026-08-28T01:23:34.625080,7.72,1.6845264174741392,-0.9939294153703466,0.0,-1.5326002534511731,0.0,0.0,-0.6934743014736702,0.7204813621431198,0.14607765108065512,-0.003862350762408222,0.0,0.0,0.0,-0.5571943152122978
2026-08-28T01:23:34.700667,7.74,1.684567510451127,-0.9990171296900829,0.0,-1.5425011947620229,0.0,0.0,-0.6970325112210114,0.7170395235277695,0.3627118567827982,-0.003919386199003484,0.0,0.0,0.0,-0.2742949535767961
2026-08-28T01:23:34.781083,7.76,1.6845459711524116,-1.0069212130662102,0.0,-1.5474260110763058,0.0,0.0,-0.6987960401972299,0.715320972853915,0.42770248138663153,-0.004047535241676919,0.0,0.0,0.0,-0.20027117998788543
2026-08-28T01:23:34.857683,7.78,1.6844174284261821,-1.0156692499110003,0.0,-1.551759972079444,0.0,0.0,-0.7003444848804664,0.7138050171422964,0.44719964782143834,-0.004240377387906412,0.0,0.0,0.0,-0.20517689666510447
2026-08-28T01:23:34.935271,7.8,1.684175078627346,-1.024668429050931,0.0,-1.556597984943143,0.0,0.0,-0.7020691330598966,0.7121087925342062,0.4530487971821257,-0.004493126511847113,0.0,0.0,0.0,-0.23373943239688816
2026-08-28T01:23:35.020894,7.82,1.6838190611386448,-1.0337399256835829,0.0,-1.5622064710768102,0.0,0.0,-0.7040632961304558,0.7101372226844035,0.454803542807261,-0.004799241174321511,0.0,0.0,0.0,-0.2699884077707626
2026-08-28T01:23:35.097212,7.84,1.6833495482588265,-1.042829096781566,0.0,-1.5687556465460173,0.0,0.0,-0.7063849238083583,0.707827902400195,0.45532996619602234,-0.0051524255230288914,0.0,0.0,0.0,-0.3217576794051299
2026-08-28T01:23:35.177918,7.86,1.6827634939942768,-1.051918353906473,0.0,-1.5763116550977438,0.0,0.0,-0.7090540530669138,0.7051541319664674,0.4554878936455861,-0.005547619515425998,0.0,0.0,0.0,-0.36089577033718695
2026-08-28T01:23:35.248751,7.88,1.6820606019430642,-1.0610013820613795,0.0,-1.5846985781624767,0.0,0.0,-0.712004846736036,0.7021745496843316,0.45553527187788007,-0.005978036612491127,0.0,0.0,0.0,-0.40016249558792283
2026-08-28T01:23:35.327560,7.9,1.6812410713317218,-1.0700752483734306,0.0,-1.5938989452127292,0.0,0.0,-0.7152274335396711,0.6988917786841218,0.4555494852857159,-0.006437457864017206,0.0,0.0,0.0,-0.4393932663653788
2026-08-28T01:23:35.405276,7.92,1.6803050666741906,-1.0791380262275339,0.0,-1.6038955344668149,0.0,0.0,-0.7187117517899071,0.6953081459605396,0.4555537493170705,-0.00691979765881552,0.0,0.0,0.0,-0.47851849150991616
2026-08-28T01:23:35.480249,7.94,1.6792510488345338,-1.0881878881257874,0.0,-1.6147864300996475,0.0,0.0,-0.722487341384594,0.6913841490365694,0.45555502331013703,-0.007421644650883035,0.0,0.0,0.0,-0.5497951615631558
2026-08-28T01:23:35.562710,7.96,1.6780690155813291,-1.097221931824912,0.0,-1.6270459992082194,0.0,0.0,-0.7267117773016815,0.6869424959420048,0.45555540952124474,-0.007942270715230952,0.0,0.0,0.0,-0.5944379931009889
2026-08-28T01:23:35.638683,7.98,1.676757496821299,-1.1062380927285196,0.0,-1.6401261795809488,0.0,0.0,-0.7311888694647944,0.6821750780927105,0.4555555264920638,-0.008473247306428868,0.0,0.0,0.0,-0.6329278408284679
2026-08-28T01:23:35.714346,8.0,1.6753167418728476,-1.1152345081741708,0.0,-1.6539495136709486,0.0,0.0,-0.7358863341372764,0.6771050902407991,0.4555555619112765,-0.00900929500821893,0.0,0.0,0.0,-0.6711776619930772
2026-08-28T01:23:35.791061,8.02,1.67374701901503,-1.1242093197876957,0.0,-1.6685009616457767,0.0,0.0,-0.7407932430078059,0.671733110032532,0.45555557249787426,-0.00954504259430777,0.0,0.0,0.0,-0.709144473395002
2026-08-28T01:23:35.869348,8.04,1.672047666867492,-1.1331604880284616,0.0,-1.6838809756271729,0.0,0.0,-0.7459369206638088,0.6660165991854817,0.4555555669955049,-0.01007745483347862,0.0,0.0,0.0,-0.7605011583634073
2026-08-28T01:23:35.947300,8.06,1.670213309108417,-1.1420849642616258,0.0,-1.699927423857456,0.0,0.0,-0.7512564551302097,0.6600104079673224,0.4555555614664421,-0.010605731586363219,0.0,0.0,0.0,-0.7607310977825249
2026-08-28T01:23:36.028366,8.08,1.6682433847239808,-1.1509804992234562,0.0,-1.7159300234014423,0.0,0.0,-0.7565132920182298,0.6539783169186426,0.45555555999128616,-0.011125625086842436,0.0,0.0,0.0,-0.760924419327531
2026-08-28T01:23:36.107792,8.1,1.666138315705693,-1.1598450256226929,0.0,-1.731893418570257,0.0,0.0,-0.7617089960908524,0.6479192891666876,0.455555559870364,-0.011636945744681005,0.0,0.0,0.0,-0.7611267730435023
2026-08-28T01:23:36.192041,8.12,1.663898554336527,-1.16867648146361,0.0,-1.7478206284487263,0.0,0.0,-0.7668445615193672,0.6418328586697392,0.45555555976300277,-0.012139878766994155,0.0,0.0,0.0,-0.7613210163818427
2026-08-28T01:23:36.266014,8.14,1.661524589617484,-1.177472812201311,0.0,-1.7637115865894006,0.0,0.0,-0.7719199718414536,0.6357197158121569,0.4555555591880622,-0.012634802099388312,0.0,0.0,0.0,-0.7837318003770556
2026-08-28T01:23:36.347985,8.16,1.6590111668702205,-1.1862303021623155,0.0,-1.7803871443004702,0.0,0.0,-0.7771935696069227,0.6292615953334905,0.45555555943264664,-0.01312623502791206,0.0,0.0,0.0,-0.8276845074404166
2026-08-28T01:23:36.425048,8.18,1.6563531255853305,-1.1949449874977982,0.0,-1.7975473279038892,0.0,0.0,-0.7825640180839974,0.6225701226369836,0.45555556063540803,-0.013611941169385341,0.0,0.0,0.0,-0.8278041628317452
2026-08-28T01:23:36.504771,8.2,1.653551173191362,-1.2036144734296241,0.0,-1.8146787398242277,0.0,0.0,-0.7878679967810704,0.6158441520776041,0.4555555615643384,-0.0140898595321893,0.0,0.0,0.0,-0.8279293687305838
2026-08-28T01:23:36.580590,8.22,1.650606056258398,-1.21223637631304,0.0,-1.831782827498735,0.0,0.0,-0.7931058476136251,0.6090838320634304,0.4555555619791613,-0.014560286951686477,0.0,0.0,0.0,-0.8280552169518715
2026-08-28T01:23:36.656629,8.24,1.6475185634444742,-1.2208083253862603,0.0,-1.8488585234022847,0.0,0.0,-0.7982771430937716,0.602290297791726,0.4555555606302035,-0.015023822813584548,0.0,0.0,0.0,-0.8504658088257951
2026-08-28T01:23:36.737604,8.26,1.6442826692678754,-1.2293253448713828,0.0,-1.8667609599622785,0.0,0.0,-0.8036363225341459,0.5951207113718983,0.4555555650907765,-0.015484991856144758,0.0,0.0,0.0,-0.908154581825465
2026-08-28T01:23:36.811575,8.28,1.6408925116963855,-1.2377821446964579,0.0,-1.88540754652363,0.0,0.0,-0.8091497997739375,0.5876024179032936,0.45555556409241393,-0.015943056180565518,0.0,0.0,0.0,-0.908879312879234
2026-08-28T01:23:36.891055,8.3,1.6373491977621006,-1.2461759255898046,0.0,-1.9040351039148788,0.0,0.0,-0.814587424339143,0.5800407986586124,0.4555555628808961,-0.016394892149256535,0.0,0.0,0.0,-0.9089356791514188
2026-08-28T01:23:36.972985,8.32,1.6336538889208332,-1.2545039099635515,0.0,-1.922639785753994,0.0,0.0,-0.8199478394618782,0.5724382417010572,0.45555556261114627,-0.01684016193158203,0.0,0.0,0.0,-0.9089919395399082
2026-08-28T01:23:37.043796,8.34,1.6298077981949841,-1.2627633419747502,0.0,-1.9412220640925895,0.0,0.0,-0.8252309754565235,0.5647953940561792,0.45555556142016723,-0.01727905406096543,0.0,0.0,0.0,-0.9314024638382431
2026-08-28T01:23:37.123327,8.36,1.6258062738326773,-1.2709485817299084,0.0,-1.9606115054018551,0.0,0.0,-0.8306676428180639,0.5567685939194859,0.4555555659147617,-0.017715703569413984,0.0,0.0,0.0,-0.9812874487974266
2026-08-28T01:23:37.199870,8.38,1.6216448676518809,-1.2790537063793643,0.0,-1.9806116544274788,0.0,0.0,-0.8361937437922998,0.5484341554303649,0.4555555656231002,-0.018148763515348217,0.0,0.0,0.0,-0.9814279103373506
2026-08-28T01:23:37.277899,8.4,1.6173251808192286,-1.2870755922222912,0.0,-2.000592379656349,0.0,0.0,-0.8416309799422367,0.5400530470254477,0.4555555646248348,-0.018575904463760357,0.0,0.0,0.0,-0.9814367931247365
2026-08-28T01:23:37.362392,8.42,1.612848876180476,-1.2950111478801194,0.0,-2.0205543944992885,0.0,0.0,-0.84697924241072,0.5316259614854816,0.4555555645347243,-0.018996896953742133,0.0,0.0,0.0,-0.9814451857647721
2026-08-28T01:23:37.441338,8.44,1.6082176771956753,-1.3028573152737477,0.0,-2.040498712061158,0.0,0.0,-0.8522384999127854,0.5231534567088372,0.4555555645169653,-0.01941177877282742,0.0,0.0,0.0,-0.9964854784999231
2026-08-28T01:23:37.519421,8.46,1.6034319318979047,-1.3106101800638579,0.0,-2.0607629173429065,0.0,0.0,-0.8574953089233871,0.5144917833886027,0.4555555642198675,-0.019821556771789456,0.0,0.0,0.0,-0.9999963634501304
2026-08-28T01:23:37.598030,8.48,1.5984920967580958,-1.3182657858071394,0.0,-2.0810461216233214,0.0,0.0,-0.8626688932361817,0.5057690981492062,0.45555556416895315,-0.02022556769600959,0.0,0.0,0.0,-0.9999963689281
2026-08-28T01:23:37.676748,8.5,1.5934001476444573,-1.3258210703647575,0.0,-2.101314292361429,0.0,0.0,-0.867750015189745,0.4970009166371802,0.4555555643777976,-0.020623594935245043,0.0,0.0,0.0,-0.9999963774860858
2026-08-28T01:23:37.758347,8.52,1.5881581212694451,-1.3332730117226186,0.0,-2.121568108417735,0.0,0.0,-0.8727385163827668,0.48818795767819495,0.4555555646163201,-0.02101572808243087,0.0,0.0,0.0,-0.99999636476865
2026-08-28T01:23:37.833347,8.54,1.5827681143735826,-1.340618629203759,0.0,-2.1418084281159655,0.0,0.0,-0.877634280692104,0.47933085583347673,0.45555556483555265,-0.021401979377550277,0.0,0.0,0.0,-0.9999963731477036
2026-08-28T01:23:37.913861,8.56,1.5772322828884282,-1.3478549846580867,0.0,-2.1620355511870133,0.0,0.0,-0.8824370565121878,0.470430485081596,0.45555556463453256,-0.02178253399485871,0.0,0.0,0.0,-0.9999963761887013
2026-08-28T01:23:37.993071,8.58,1.5715528410719417,-1.3549791836412302,0.0,-2.1822504148124633,0.0,0.0,-0.8871467450243259,0.4614874351407022,0.45555556482774684,-0.02215734771441737,0.0,0.0,0.0,-0.9999963782784027
2026-08-28T01:23:38.068179,8.6,1.5657320606256802,-1.3619883765677565,0.0,-2.2024532740476523,0.0,0.0,-0.8917630872459915,0.452502592506936,0.4555555645601299,-0.022526594894871684,0.0,0.0,0.0,-0.9999963798783318
2026-08-28T01:23:38.148061,8.62,1.5597722697840244,-1.3688797598542597,0.0,-2.222644713661186,0.0,0.0,-0.8962859035810452,0.44347669503809245,0.45555556433075023,-0.02289032608878617,0.0,0.0,0.0,-0.9999963811471034
2026-08-28T01:23:38.224186,8.64,1.553675852382817,-1.3756505770406646,0.0,-2.2428258630817277,0.0,0.0,-0.9007151329727222,0.434410231502357,0.4555555648857582,-0.023248387594418433,0.0,0.0,0.0,-0.9999963821688043
2026-08-28T01:23:38.306808,8.66,1.54744524690894,-1.382298119888732,0.0,-2.262996923863747,0.0,0.0,-0.9050505072415896,0.42530410219246806,0.4555555647749903,-0.0236009357417565,0.0,0.0,0.0,-0.9999963829992096
2026-08-28T01:23:38.382077,8.68,1.541082945522217,-1.3888197294691675,0.0,-2.2831579396515824,0.0,0.0,-0.9092917322854495,0.41615927911957756,0.45555556423470656,-0.023948176392750417,0.0,0.0,0.0,-0.9999963836784453
2026-08-28T01:23:38.464933,8.7,1.5345914930564408,-1.3952127972274562,0.0,-2.303309991859969,0.0,0.0,-0.9134387349688261,0.4069762615418135,0.45555556449835305,-0.024289937762500418,0.0,0.0,0.0,-0.999996384237421
2026-08-28T01:23:38.550343,8.72,1.5279734860067449,-1.401474766020842,0.0,-2.3234534299066887,0.0,0.0,-0.917491287221695,0.39775587723159683,0.45555556458508406,-0.024626296238041426,0.0,0.0,0.0,-0.9999963847000299
2026-08-28T01:23:38.627618,8.74,1.521231571488425,-1.4076031311445225,0.0,-2.3435884831922413,0.0,0.0,-0.921449141654179,0.3884990081644697,0.4555555642897607,-0.024957364011322144,0.0,0.0,0.0,-0.9999963850862906
2026-08-28T01:23:38.708581,8.76,1.5143684461762317,-1.4135954413354137,0.0,-2.3637160154999415,0.0,0.0,-0.9253121773179791,0.3792062427058141,0.45555556478036646,-0.025283014649089487,0.0,0.0,0.0,-0.99999638541279
2026-08-28T01:23:38.787349,8.78,1.5073868552288827,-1.4194492997491643,0.0,-2.3838364108352073,0.0,0.0,-0.929080178820578,0.36987838720682614,0.4555555651567749,-0.025603286024698375,0.0,0.0,0.0,-0.9999963856943848
2026-08-28T01:23:38.867383,8.8,1.500289591191072,-1.4251623649190928,0.0,-2.4039497156590652,0.0,0.0,-0.9327528730454013,0.36051640437787225,0.45555556494442495,-0.025918333673066847,0.0,0.0,0.0,-0.99999638594362
2026-08-28T01:23:38.948047,8.82,1.4930794928735938,-1.4307323516955854,0.0,-2.4240560236380913,0.0,0.0,-0.9363300045656359,0.3511212362562485,0.4555555646411292,-0.0262282922131137,0.0,0.0,0.0,-0.9999963861749299
2026-08-28T01:23:39.028932,8.84,1.4857594442181823,-1.4361570321595334,0.0,-2.444155950599345,0.0,0.0,-0.9398114156718255,0.3416935805263529,0.4555555645702257,-0.02653309676512469,0.0,0.0,0.0,-0.9999963864047579
2026-08-28T01:23:39.111184,8.86,1.4783323731471498,-1.4414342365106314,0.0,-2.4642500201818813,0.0,0.0,-0.9431969319576542,0.33223417576412595,0.4555555647779722,-0.02683270789485629,0.0,0.0,0.0,-0.9999963866574462
2026-08-28T01:23:39.189387,8.88,1.4708012503906065,-1.4465618539369114,0.0,-2.4843382865187347,0.0,0.0,-0.9464863035258275,0.32274398094777096,0.4555555645610855,-0.027127256584737733,0.0,0.0,0.0,-0.9999963869750962
2026-08-28T01:23:39.266441,8.9,1.4631690882970898,-1.451537833459932,0.0,-2.504421046566299,0.0,0.0,-0.9496793276471639,0.3132238411098853,0.4555555644020442,-0.027416778141534242,0.0,0.0,0.0,-0.999996387457423
2026-08-28T01:23:39.346339,8.92,1.4554389396288094,-1.4563601847548935,0.0,-2.5244987348438825,0.0,0.0,-0.9527758269784748,0.30367453552361523,0.4555555645401939,-0.02770125021721833,0.0,0.0,0.0,-0.9999963884200719
2026-08-28T01:23:39.423997,8.94,1.4476138963417402,-1.4610269789458221,0.0,-2.544571983171994,0.0,0.0,-0.9557756550157366,0.2940967481616205,0.45555556505995354,-0.027980568145690644,0.0,0.0,0.0,-0.999996391864108
2026-08-28T01:23:39.505916,8.96,1.4396970883509745,-1.4655363493757636,0.0,-2.5646405688754963,0.0,0.0,-0.9586785416879148,0.2844915705379213,0.455555564877057,-0.02825495003182161,0.0,0.0,0.0,-0.9999963678938517
2026-08-28T01:23:39.582428,8.98,1.4316916822736312,-1.469886492357107,0.0,-2.5847046156235454,0.0,0.0,-0.9614842788859931,0.2748599306102688,0.4555555646075206,-0.02852447897443265,0.0,0.0,0.0,-0.9999963818149408
2026-08-28T01:23:39.658133,9.0,1.4236008801645244,-1.4740756678912574,0.0,-2.604764411853133,0.0,0.0,-0.964192688060056,0.26520267776084694,0.4555555643770945,-0.02878917151251999,0.0,0.0,0.0,-0.9999963835834931
2026-08-28T01:23:39.744122,9.02,1.4154279182362064,-1.4781022003640805,0.0,-2.624820492300928,0.0,0.0,-0.9668036266380731,0.2555205422651365,0.4555555646160781,-0.029048942648835382,0.0,0.0,0.0,-0.9999963841849826
2026-08-28T01:23:39.822722,9.04,1.40717829362344,-1.481969294804645,0.0,-2.6430862107490154,0.0,0.0,-0.9690969075000768,0.24668032729382294,0.45555556310750767,-0.029298726344272562,0.0,0.0,0.0,-0.7670478677035083
2026-08-28T01:23:39.902108,9.06,1.3988681230420619,-1.4857045578453758,0.0,-2.658463860793436,0.0,0.0,-0.9709649252760889,0.23922189256754706,0.4555555614526028,-0.02953347376433043,0.0,0.0,0.0,-0.7667407766865384
2026-08-28T01:23:39.980168,9.08,1.3905016515906892,-1.4893119504645125,0.0,-2.673832633644144,0.0,0.0,-0.9727745131497262,0.23175363334004745,0.45555556125354274,-0.029763745474181813,0.0,0.0,0.0,-0.7664680459653559
2026-08-28T01:23:40.052933,9.1,1.3820808653792849,-1.4927906695402502,0.0,-2.6891936847802667,0.0,0.0,-0.974525793282451,0.22427545168209878,0.4555555608713667,-0.02998960234154366,0.0,0.0,0.0,-0.7662643408486204
2026-08-28T01:23:40.133780,9.12,1.3736077575125603,-1.4961399337226104,0.0,-2.7045480866131495,0.0,0.0,-0.9762188652234749,0.21678728556304,0.45555556097522154,-0.030210969401831454,0.0,0.0,0.0,-0.7660538828397038
2026-08-28T01:23:40.208446,9.14,1.3650874641498214,-1.4993673588661076,0.0,-2.7176387730021094,0.0,0.0,-0.9776168910019052,0.21039299994954475,0.45555556799427616,-0.030416557647661234,0.0,0.0,0.0,-0.3736206790615503
2026-08-28T01:23:40.292583,9.16,1.3565401835840434,-1.502522680066681,0.0,-2.7251105975383485,0.0,0.0,-0.9783960766518258,0.20673924927868567,0.4555555618757257,-0.030593708144400388,0.0,0.0,0.0,-0.3722151161144339
2026-08-28T01:23:40.367434,9.18,1.3479696475588863,-1.505614276898567,0.0,-2.7325546237876743,0.0,0.0,-0.9791587840350328,0.20309622263113605,0.4555555581920671,-0.030767794472977006,0.0,0.0,0.0,-0.37120171473033414
2026-08-28T01:23:40.446327,9.2,1.3393763874503128,-1.5086421375850363,0.0,-2.73998729289488,0.0,0.0,-0.9799067941645505,0.1994559468909193,0.4555555574860756,-0.030938203879109536,0.0,0.0,0.0,-0.3712560888424898
2026-08-28T01:23:40.527607,9.22,1.3307608819351162,-1.5116061086212103,0.0,-2.747419770262918,0.0,0.0,-0.9806412519047523,0.19581301045303476,0.4555555573798069,-0.031104869888919775,0.0,0.0,0.0,-0.37131553709884524
2026-08-28T01:23:40.602918,9.24,1.3221236958333342,-1.514506295787775,0.0,-2.7547225095584724,0.0,0.0,-0.9813496988063717,0.19223102936998357,0.4555555567912434,-0.03126763026438305,0.0,0.0,0.0,-0.3584456614717429
2026-08-28T01:23:40.683575,9.26,1.313465848572778,-1.5173442104838668,0.0,-2.761895330882492,0.0,0.0,-0.9820328055210671,0.18871027762266177,0.45555555655725016,-0.0314264286838712,0.0,0.0,0.0,-0.3584539690838346
2026-08-28T01:23:40.761012,9.28,1.3047878783593818,-1.5201199828050846,0.0,-2.769067649374554,0.0,0.0,-0.9827032344490281,0.18518734568921982,0.455555556691451,-0.03158155057504785,0.0,0.0,0.0,-0.3584863204219452
2026-08-28T01:23:40.837571,9.3,1.296090229461895,-1.5228334644427461,0.0,-2.7762400862275327,0.0,0.0,-0.9833610360489492,0.18166197395365166,0.4555555569274852,-0.03173301379047628,0.0,0.0,0.0,-0.35854328263171825
2026-08-28T01:23:40.927330,9.32,1.287373346143277,-1.5254845065141316,0.0,-2.783412971749657,0.0,0.0,-0.9840062306545649,0.17813404512612135,0.45555555716900514,-0.03188085403533027,0.0,0.0,0.0,-0.35860010185313296
2026-08-28T01:23:41.004119,9.34,1.2786376737044485,-1.5280729627724956,0.0,-2.790586157989112,0.0,0.0,-0.9846387946762606,0.17460367699015025,0.4555555570445879,-0.03202520051918446,0.0,0.0,0.0,-0.35865665491204174
2026-08-28T01:23:41.083369,9.36,1.2698836586386497,-1.5305986901719977,0.0,-2.7977595739945142,0.0,0.0,-0.9852587123156453,0.17107094962651154,0.4555555567273345,-0.032166149520201553,0.0,0.0,0.0,-0.3587128726284439
2026-08-28T01:23:41.159728,9.38,1.2611117486116352,-1.5330615488890331,0.0,-2.8049335310618098,0.0,0.0,-0.9858660004568802,0.1675357548201416,0.45555555673688025,-0.03230363652821668,0.0,0.0,0.0,-0.3587687798484368
2026-08-28T01:23:41.233665,9.4,1.2523223924357207,-1.5354614023309692,0.0,-2.8121082722257453,0.0,0.0,-0.9864606683458416,0.1639980176912987,0.45555555717135926,-0.032437623942905676,0.0,0.0,0.0,-0.3588243866656785
2026-08-28T01:23:41.317129,9.42,1.243516040052713,-1.5377981171433244,0.0,-2.8192832662432505,0.0,0.0,-0.9870426615476696,0.16045804524825955,0.45555555658245234,-0.03256839665193198,0.0,0.0,0.0,-0.3588796250706896
2026-08-28T01:23:41.392913,9.44,1.2346931425007308,-1.540071563233705,0.0,-2.8264589364189368,0.0,0.0,-0.9876120044409915,0.15691567379980587,0.4555555566118394,-0.03269583879979469,0.0,0.0,0.0,-0.3589344388033917
2026-08-28T01:23:41.475165,9.46,1.2258541519013102,-1.5422816137847406,0.0,-2.8336352131181024,0.0,0.0,-0.9881686807641535,0.1533709827732499,0.4555555564543944,-0.03282004017787718,0.0,0.0,0.0,-0.3589889314948652
2026-08-28T01:23:41.550582,9.48,1.2169995214276348,-1.5444281452547848,0.0,-2.8408122232699045,0.0,0.0,-0.9887126896337246,0.14982395455081976,0.455555556406699,-0.03294100683688833,0.0,0.0,0.0,-0.3590430098967511
2026-08-28T01:23:41.623439,9.5,1.2081297052838835,-1.5465110373967368,0.0,-2.8479898641258314,0.0,0.0,-0.9892440126272087,0.1462746850320278,0.4555555562139486,-0.03305884059496173,0.0,0.0,0.0,-0.3590966751816003
2026-08-28T01:23:41.704613,9.52,1.1992451586804604,-1.5485301732691552,0.0,-2.855168467002929,0.0,0.0,-0.9897626631868784,0.14272305546483294,0.45555555639816464,-0.03317345790838149,0.0,0.0,0.0,-0.35914990565246246
2026-08-28T01:23:41.781249,9.54,1.1903463554415494,-1.5504855201909742,0.0,-2.862311784955986,0.0,0.0,-0.9902661071156296,0.13918705794022862,0.45555555690087696,-0.03328475932798858,0.0,0.0,0.0,-0.35556583907833467
2026-08-28T01:23:41.861758,9.56,1.181433854999268,-1.5523774554880234,0.0,-2.869419101529174,0.0,0.0,-0.9907544765415511,0.13566711912942264,0.45555555699831474,-0.033392880930446074,0.0,0.0,0.0,-0.35560404141015306
2026-08-28T01:23:41.937947,9.58,1.1725081248359548,-1.5542059587672348,0.0,-2.876527219925884,0.0,0.0,-0.9912303872289889,0.13214506965403047,0.455555556570432,-0.03349809665568587,0.0,0.0,0.0,-0.35564919119105093
2026-08-28T01:23:42.017922,9.6,1.1635696143007723,-1.5559709269067328,0.0,-2.883636259939454,0.0,0.0,-0.9916938366344507,0.1286208940306496,0.45555555650646384,-0.03360030926973203,0.0,0.0,0.0,-0.3557015855240053
2026-08-28T01:23:42.104867,9.62,1.1546187738925635,-1.5576722613999017,0.0,-2.890746252681011,0.0,0.0,-0.9921448159764669,0.12509462071177468,0.45555555661880304,-0.03369959141832495,0.0,0.0,0.0,-0.3557535282733247
2026-08-28T01:23:42.182358,9.64,1.145656054918671,-1.5593098668305834,0.0,-2.8978568960346758,0.0,0.0,-0.9925832961526542,0.12156644355549978,0.455555556016022,-0.03379612423832498,0.0,0.0,0.0,-0.3558049854549292
2026-08-28T01:23:42.262733,9.66,1.1366819094942786,-1.5608836510605524,0.0,-2.904968720536225,0.0,0.0,-0.9930092994885277,0.11803614331764473,0.4555555561899851,-0.03388973019220786,0.0,0.0,0.0,-0.3558559412160144
2026-08-28T01:23:42.338406,9.68,1.1276967905285378,-1.5623935252357328,0.0,-2.912081822680618,0.0,0.0,-0.9934228198673218,0.11450371595218453,0.45555555666262215,-0.033980417089894244,0.0,0.0,0.0,-0.35590645248651354
2026-08-28T01:23:42.411750,9.7,1.1187011516979781,-1.5638394037892749,0.0,-2.9191959263930154,0.0,0.0,-0.9938238299707453,0.11096934253332848,0.4555555567086812,-0.034068352192342964,0.0,0.0,0.0,-0.355956393753256
2026-08-28T01:23:42.495770,9.72,1.1096954474193477,-1.5652212044661502,0.0,-2.926310990689244,0.0,0.0,-0.9942123172135969,0.10743308755113636,0.4555555564575494,-0.034153600259599175,0.0,0.0,0.0,-0.3560057323118021
2026-08-28T01:23:42.570549,9.74,1.10068013282434,-1.5665388483362364,0.0,-2.9334272250211386,0.0,0.0,-0.9945882824643845,0.10389489104159964,0.4555555566236114,-0.0342361172195132,0.0,0.0,0.0,-0.3560545184360122
2026-08-28T01:23:42.647647,9.76,1.0916556638891017,-1.5677922608818964,0.0,-2.9405439423874005,0.0,0.0,-0.9949516802816235,0.1003551389056584,0.4555555565217588,-0.034316036493627695,0.0,0.0,0.0,-0.35610274965222033
2026-08-28T01:23:42.725305,9.78,1.0826224973800829,-1.5689813720091685,0.0,-2.9476621195400567,0.0,0.0,-0.9953025507807401,0.0968133896181318,0.4555555563273214,-0.03439340055216553,0.0,0.0,0.0,-0.3561503708906266
2026-08-28T01:23:42.800343,9.8,1.0735810899720841,-1.570106109522648,0.0,-2.954781419851403,0.0,0.0,-0.9956408660633651,0.09326985485456854,0.45555555633635786,-0.03446818929144361,0.0,0.0,0.0,-0.3561975251862338
2026-08-28T01:23:42.882764,9.82,1.0645318994088986,-1.5711664078266367,0.0,-2.9619020282954414,0.0,0.0,-0.9959666241711232,0.08972448683150301,0.45555555676329634,-0.034540365158631056,0.0,0.0,0.0,-0.3562439777207168
2026-08-28T01:23:42.957743,9.84,1.0554753841399662,-1.5721622057310833,0.0,-2.969023053264319,0.0,0.0,-0.9962797755998057,0.08617777399539062,0.45555555648015783,-0.03461015812146958,0.0,0.0,0.0,-0.35323292248739663
2026-08-28T01:23:43.034776,9.86,1.0464120315226735,-1.5730937238581375,0.0,-2.9760842911474024,0.0,0.0,-0.9965778264070946,0.0826597599422532,0.45555555631012806,-0.034677368440695654,0.0,0.0,0.0,-0.3532641881514235
2026-08-28T01:23:43.111954,9.88,1.0373423236693544,-1.5739611834328786,0.0,-2.983146353028084,0.0,0.0,-0.9968634872212906,0.07914030480739809,0.45555555633731065,-0.03474218307507948,0.0,0.0,0.0,-0.35329486584885694
2026-08-28T01:23:43.193597,9.9,1.0282667128983776,-1.5747645362650549,0.0,-2.990209003555174,0.0,0.0,-0.9971367412321404,0.07561956945756479,0.45555555651737256,-0.034804612729928394,0.0,0.0,0.0,-0.35333900772315424
2026-08-28T01:23:43.273578,9.92,1.019185651866125,-1.5755037365514903,0.0,-2.9972732295710496,0.0,0.0,-0.997397617497771,0.07209710541880338,0.45555555654089636,-0.034864716093395746,0.0,0.0,0.0,-0.35338256807451196
2026-08-28T01:23:43.350784,9.94,1.0100995932268264,-1.5761787364552458,0.0,-3.0043383304754174,0.0,0.0,-0.9976460804179926,0.06857330549577047,0.4555555562911492,-0.03492264576787405,0.0,0.0,0.0,-0.35342558858475326
2026-08-28T01:23:43.428527,9.96,1.0010089903275672,-1.576789494442333,0.0,-3.011404449143924,0.0,0.0,-0.9978821269147826,0.06504814204902148,0.4555555560217158,-0.03497837672288394,0.0,0.0,0.0,-0.3534678224351509
2026-08-28T01:23:43.505307,9.98,0.9919142969133118,-1.5773359723112024,0.0,-3.0184717743415463,0.0,0.0,-0.9981057544665995,0.06152156451733125,0.4555555562965842,-0.0350318626467961,0.0,0.0,0.0,-0.3535094239124802
2026-08-28T01:23:43.584933,10.0,0.9828159671074986,-1.5778181351814369,0.0,-3.0255401686317396,0.0,0.0,-0.9983169499134853,0.05799368513412141,0.4555555563321664,-0.03508320061215458,0.0,0.0,0.0,-0.35355034575568484
2026-08-28T01:23:43.664789,10.02,0.9737144553787549,-1.5782359515029216,0.0,-3.0326096710340997,0.0,0.0,-0.9985157060226668,0.054464528144980005,0.45555555638652395,-0.03513240869079963,0.0,0.0,0.0,-0.3535905276744573
2026-08-28T01:23:43.739595,10.04,0.9646102165178817,-1.5785893930678871,0.0,-3.039680341819653,0.0,0.0,-0.9987020159796925,0.05093410721803247,0.45555555656810354,-0.0351794946891403,0.0,0.0,0.0,-0.3536299921914404
2026-08-28T01:23:43.823622,10.06,0.9555037056127457,-1.5788784350134464,0.0,-3.0467519574935324,0.0,0.0,-0.9988758659715408,0.047402577773834914,0.45555555648652696,-0.035224591829529465,0.0,0.0,0.0,-0.35366871232174185
2026-08-28T01:23:43.903668,10.08,0.9463953780192897,-1.5791030558285999,0.0,-3.0538248422757026,0.0,0.0,-0.9990372559311708,0.04386982176298759,0.45555555681491816,-0.03526758886594028,0.0,0.0,0.0,-0.3537066526972459
2026-08-28T01:23:43.982945,10.1,0.9372856893373225,-1.57926323736066,0.0,-3.060898712892183,0.0,0.0,-0.9991861714019632,0.04033602458208574,0.4555555568332984,-0.035308644151945616,0.0,0.0,0.0,-0.353743865155611
2026-08-28T01:23:44.064029,10.12,0.9281750953909521,-1.5793589656439204,0.0,-3.067973043438799,0.0,0.0,-0.9993225956184196,0.03680149299232963,0.4555555565343802,-0.0353478606992344,0.0,0.0,0.0,-0.35378024551711307
2026-08-28T01:23:44.140370,10.14,0.9190640521823353,-1.5793902317247137,0.0,-3.075048483670354,0.0,0.0,-0.9994465352426259,0.03326594642439063,0.45555555664472064,-0.035385146429195914,0.0,0.0,0.0,-0.3496798370875321
2026-08-28T01:23:44.218825,10.16,0.9099530141379345,-1.579357404014149,0.0,-3.0820423759874584,0.0,0.0,-0.9995567533031623,0.029770739427183147,0.45555555684909976,-0.03542032594412985,0.0,0.0,0.0,-0.3496931944564427
2026-08-28T01:23:44.297501,10.18,0.900842428521638,-1.579260855595714,0.0,-3.089036691980652,0.0,0.0,-0.9996547537300776,0.02627495661000908,0.45555555668558,-0.035453748270568596,0.0,0.0,0.0,-0.3497055503605643
2026-08-28T01:23:44.369870,10.2,0.8917327410111947,-1.5791005891970946,0.0,-3.0960313046768606,0.0,0.0,-0.9997405316570676,0.022778704134431685,0.4555555564820239,-0.03548544658748627,0.0,0.0,0.0,-0.34973829853186356
2026-08-28T01:23:44.461460,10.22,0.882624397316416,-1.5788766093940525,0.0,-3.1030268066827054,0.0,0.0,-0.9998140901922374,0.01928172847720216,0.4555555563919748,-0.03551543099190125,0.0,0.0,0.0,-0.34977038845919356
2026-08-28T01:23:44.534018,10.24,0.8735178432314777,-1.5785889212398077,0.0,-3.110023304993456,0.0,0.0,-0.9998754246152407,0.01578401883210027,0.45555555651231483,-0.03554368272394673,0.0,0.0,0.0,-0.34980184020688126
2026-08-28T01:23:44.614132,10.26,0.8644135246100746,-1.57823753232914,0.0,-3.1170213789004246,0.0,0.0,-0.9999245325067603,0.012285328287711613,0.4555555571339062,-0.03557010862250976,0.0,0.0,0.0,-0.3498324843584954
2026-08-28T01:23:44.688686,10.28,0.8553118873895326,-1.5778224521356246,0.0,-3.124020169392998,0.0,0.0,-0.9999614012232076,0.008786129052040808,0.45555555696766115,-0.035594978516272566,0.0,0.0,0.0,-0.3498622746260561
2026-08-28T01:23:44.767206,10.3,0.8462133774146245,-1.5773436955621647,0.0,-3.131020014185152,0.0,0.0,-0.9999860274445412,0.005286295081165907,0.455555557197158,-0.035618165296927795,0.0,0.0,0.0,-0.3498910379026427
2026-08-28T01:23:44.846364,10.32,0.8371184404424366,-1.576801281448378,0.0,-3.138020274963434,0.0,0.0,-0.9999984047642929,0.0017861883633819454,0.45555555708725626,-0.03563985426191505,0.0,0.0,0.0,-0.3499189869062575
2026-08-28T01:23:44.923136,10.34,0.8280275221025908,-1.5761952325472492,0.0,3.138163576183432,0.0,0.0,0.9999985301788777,0.0017145378631587469,0.4555555571520074,-0.035659972160946386,0.0,0.0,0.0,-0.349946014740259
2026-08-28T01:23:45.003532,10.36,0.818941068125548,-1.5755255717201793,0.0,3.1311613762468475,0.0,0.0,0.9999863985874575,0.005215615024766994,0.4555555571266597,-0.03567861996966838,0.0,0.0,0.0,-0.3499722775948786
2026-08-28T01:23:45.081275,10.38,0.8098595240040367,-1.5747923270061617,0.0,3.1241587273600473,0.0,0.0,0.9999620075176009,0.008716852721570792,0.455555556641926,-0.03569595414016273,0.0,0.0,0.0,-0.34999754359948304
2026-08-28T01:23:45.154570,10.4,0.8007833350725233,-1.5739955297403319,0.0,3.117155462653411,0.0,0.0,0.9999253538910844,0.012218291443142092,0.4555555563049107,-0.03571192198762005,0.0,0.0,0.0,-0.3500219194958508
2026-08-28T01:23:45.236624,10.42,0.7917129464327882,-1.573135215076376,0.0,3.1101519061096177,0.0,0.0,0.9998764374694363,0.015719726251700407,0.45555555606117876,-0.03572658578484479,0.0,0.0,0.0,-0.3500454704952894
2026-08-28T01:23:45.313334,10.44,0.7826487986481513,-1.5722114631572792,0.0,3.1031653628092517,0.0,0.0,0.999815423593763,0.019212463247184976,0.4555555561858887,-0.03573973534935826,0.0,0.0,0.0,-0.34825041721255806
2026-08-28T01:23:45.395193,10.46,0.7735913090748296,-1.5712245606200095,0.0,3.0961961896373094,0.0,0.0,0.999742406192431,0.022696282968103686,0.455555556644118,-0.035751412698645554,0.0,0.0,0.0,-0.3482647218799485
2026-08-28T01:23:45.472247,10.48,0.7645409132702338,-1.5701745940839091,0.0,3.0892268037112913,0.0,0.0,0.9996572468025616,0.026179933443810227,0.4555555564268675,-0.03576186546100433,0.0,0.0,0.0,-0.3482829850729418
2026-08-28T01:23:45.546740,10.5,0.7554980506260954,-1.5690616120073824,0.0,3.0822565862439717,0.0,0.0,0.9995599361688089,0.02966368160236788,0.4555555563996756,-0.03577104507899415,0.0,0.0,0.0,-0.34830539605881683
2026-08-28T01:23:45.633287,10.52,0.7464631605703625,-1.5678856632158418,0.0,3.0752856339776073,0.0,0.0,0.9994504727311819,0.03314743666434969,0.45555555647848356,-0.03577895530829527,0.0,0.0,0.0,-0.3483270287525862
2026-08-28T01:23:45.707465,10.54,0.7374366820788928,-1.5666468008741652,0.0,3.06831384217503,0.0,0.0,0.9993288520614032,0.036631208520033744,0.45555555678623494,-0.03578556777284834,0.0,0.0,0.0,-0.34834769029099605
2026-08-28T01:23:45.787967,10.56,0.7284190537773659,-1.5653450813822365,0.0,3.0613414586003938,0.0,0.0,0.9991950762197463,0.04011483090099406,0.4555555567559428,-0.03579101267372456,0.0,0.0,0.0,-0.3483673891290499
2026-08-28T01:23:45.865622,10.58,0.7194107139121765,-1.5639805643766482,0.0,3.0543685532749585,0.0,0.0,0.9990491452662078,0.04359822637286625,0.4555555566379343,-0.03579533903939449,0.0,0.0,0.0,-0.3483860752321147
2026-08-28T01:23:45.941854,10.6,0.7104121003235779,-1.5625533127333386,0.0,3.0473948617860227,0.0,0.0,0.9988910520239799,0.04708148453932641,0.455555556926032,-0.03579844351512418,0.0,0.0,0.0,-0.3484038009649969
2026-08-28T01:23:46.019384,10.62,0.7014236504231464,-1.5610633925588786,0.0,3.0404207193349944,0.0,0.0,0.9987208027822163,0.0505643954779002,0.45555555681631826,-0.03580049505219468,0.0,0.0,0.0,-0.34842056777930625
2026-08-28T01:23:46.098143,10.64,0.6924458011030808,-1.5595108735403802,0.0,3.0334462919686507,0.0,0.0,0.9985384017422619,0.05404683382039242,0.4555555566153011,-0.03580151298978307,0.0,0.0,0.0,-0.3484362781107369
2026-08-28T01:23:46.179583,10.66,0.6834789887000566,-1.557895828952094,0.0,3.026471168059312,0.0,0.0,0.998343837793702,0.057528962613126684,0.45555555663839903,-0.03580146923617949,0.0,0.0,0.0,-0.3484510059738666
2026-08-28T01:23:46.254242,10.68,0.6745236493548467,-1.5562183335300526,0.0,3.0194955070621328,0.0,0.0,0.9981371145291038,0.061010659720369134,0.45555555679473525,-0.035800379572472577,0.0,0.0,0.0,-0.34846479006996284
2026-08-28T01:23:46.331880,10.7,0.6655802184910845,-1.5544784662849676,0.0,3.012519484119766,0.0,0.0,0.9979182373059271,0.06449179523188496,0.4555555566213709,-0.035798337962315206,0.0,0.0,0.0,-0.3484774807454687
2026-08-28T01:23:46.413823,10.72,0.6566491309652166,-1.5526763094580696,0.0,3.0055431972977313,0.0,0.0,0.9976872102299853,0.06797227775725304,0.4555555563093661,-0.03579540262613228,0.0,0.0,0.0,-0.34848910516088016
2026-08-28T01:23:46.492028,10.74,0.6477308079940198,-1.5508120103932155,0.0,2.998594284051501,0.0,0.0,0.9974450220159738,0.07143828144316845,0.4555555563115525,-0.03579144959137616,0.0,0.0,0.0,-0.34572338379613704
2026-08-28T01:23:46.570339,10.76,0.6388256020772484,-1.5488860287706665,0.0,2.9916724621840967,0.0,0.0,0.9971918073355729,0.07488991509418132,0.45555555683828075,-0.035786295749451615,0.0,0.0,0.0,-0.3457181016159513
2026-08-28T01:23:46.649866,10.78,0.6299339260482575,-1.546898519019712,0.0,2.9847511038252543,0.0,0.0,0.9969266665546213,0.0783404206798184,0.45555555631029443,-0.035780523449269755,0.0,0.0,0.0,-0.34572008403717347
2026-08-28T01:23:46.726022,10.8,0.6210562050961502,-1.544849575808691,0.0,2.9778291808928525,0.0,0.0,0.9966495632040953,0.08179026937898067,0.4555555562890281,-0.035773751775139355,0.0,0.0,0.0,-0.3457294063244978
2026-08-28T01:23:46.805339,10.82,0.6121928640120116,-1.542739295624831,0.0,2.9709067489168577,0.0,0.0,0.9963605000483481,0.0852393919699446,0.45555555677439047,-0.03576605782939806,0.0,0.0,0.0,-0.34573793387809276
2026-08-28T01:23:46.886802,10.84,0.6033443269468898,-1.5405677778648277,0.0,2.9639841743359474,0.0,0.0,0.9960594941660311,0.0886875644141287,0.45555555648137624,-0.035757620257016794,0.0,0.0,0.0,-0.34574532793386153
2026-08-28T01:23:46.967756,10.86,0.5945110173183051,-1.538335125052542,0.0,2.957061229442859,0.0,0.0,0.9957465379358764,0.09213485870568355,0.45555555653821894,-0.03574834498651613,0.0,0.0,0.0,-0.3457515824784502
2026-08-28T01:23:47.046137,10.88,0.5856933577943733,-1.5360414428411544,0.0,2.9501381277685255,0.0,0.0,0.9954216433975708,0.09558112708939645,0.45555555643272905,-0.035738339582539094,0.0,0.0,0.0,-0.3457567896792888
2026-08-28T01:23:47.121010,10.9,0.5768917702664272,-1.5336868399961785,0.0,2.943214502648381,0.0,0.0,0.9950847954789037,0.09902651062573246,0.455555556817197,-0.035727445649637354,0.0,0.0,0.0,-0.34576086219517727
2026-08-28T01:23:47.202633,10.92,0.5681066758232465,-1.5312714283989908,0.0,2.9362907111678327,0.0,0.0,0.9947360138069371,0.1024707901574153,0.45555555676770065,-0.03571583545388975,0.0,0.0,0.0,-0.34576383234759894
2026-08-28T01:23:47.278762,10.94,0.5593384947125094,-1.5287953230769835,0.0,2.9293667269098176,0.0,0.0,0.9943753003032665,0.1059139374529558,0.455555556845399,-0.03570349675490135,0.0,0.0,0.0,-0.34576556609292924
2026-08-28T01:23:47.359749,10.96,0.5505876463116262,-1.526258642212509,0.0,2.9224426680155045,0.0,0.0,0.9940026647552573,0.10935585242430983,0.4555555566754303,-0.035690507064508124,0.0,0.0,0.0,-0.3457661532981418
2026-08-28T01:23:47.437270,10.98,0.5418545491675184,-1.5236615068993338,0.0,2.9155181546828652,0.0,0.0,0.9936180898236612,0.11279668246530444,0.45555555712271695,-0.03567669183042738,0.0,0.0,0.0,-0.345765560879492
2026-08-28T01:23:47.520402,11.0,0.5331396209009256,-1.52100404140403,0.0,2.9085937076722095,0.0,0.0,0.9932216080386145,0.1162361274526503,0.4555555569104064,-0.03566230455830372,0.0,0.0,0.0,-0.34576380335700274
2026-08-28T01:23:47.595384,11.02,0.5244432782069037,-1.5182863730453005,0.0,2.9016689926812855,0.0,0.0,0.9928132044912191,0.11967431214707996,0.4555555571575052,-0.03564718165183708,0.0,0.0,0.0,-0.3457607284331093
2026-08-28T01:23:47.670231,11.04,0.5157659336619371,-1.5155086420411645,0.0,2.894748694004038,0.0,0.0,0.992393171037127,0.12310887083746465,0.4555555571447251,-0.03563143978683021,0.0,0.0,0.0,-0.34531330476633953
2026-08-28T01:23:47.751661,11.06,0.5071079829873992,-1.5126710394754104,0.0,2.887832821480769,0.0,0.0,0.9919615360798796,0.12653976030499567,0.45555555715653606,-0.035615088897376385,0.0,0.0,0.0,-0.34530778125417505
2026-08-28T01:23:47.827370,11.08,0.4984698357748105,-1.5097737112344294,0.0,2.8809170627040857,0.0,0.0,0.9915180473215438,0.12996908030632814,0.4555555569387385,-0.035598208593806135,0.0,0.0,0.0,-0.3453025236595485
2026-08-28T01:23:47.904415,11.1,0.4898519037162348,-1.5068167964144699,0.0,2.874001309781371,0.0,0.0,0.9910627034537205,0.1333968433772062,0.45555555696859656,-0.03558076806121381,0.0,0.0,0.0,-0.3452975433351312
2026-08-28T01:23:47.988642,11.12,0.481254597574862,-1.503800436799373,0.0,2.867085550210353,0.0,0.0,0.9905955090957093,0.1368230147285631,0.4555555568663669,-0.035562801589435686,0.0,0.0,0.0,-0.345291375713505
2026-08-28T01:23:48.067561,11.14,0.4726783270977298,-1.5007247770434542,0.0,2.860169980750965,0.0,0.0,0.9901164835970936,0.14024745598165492,0.45555555672314035,-0.03554434683284702,0.0,0.0,0.0,-0.34528395786042615
2026-08-28T01:23:48.145894,11.16,0.4641235006934141,-1.4975899654964007,0.0,2.853254539094449,0.0,0.0,0.9896256291858099,0.14367015716073384,0.4555555566331472,-0.035525407190736484,0.0,0.0,0.0,-0.34527525902757794
2026-08-28T01:23:48.223565,11.18,0.45559052577961623,-1.4943961531385939,0.0,2.846339222007723,0.0,0.0,0.9891229521487909,0.1470910790376522,0.4555555565343881,-0.03550598446206434,0.0,0.0,0.0,-0.3452653200934575
2026-08-28T01:23:48.299448,11.2,0.44707980861913565,-1.4911434939653683,0.0,2.8394239574546374,0.0,0.0,0.9886084537138621,0.1505102164156529,0.455555556680678,-0.035486048454779116,0.0,0.0,0.0,-0.3452540923863095
2026-08-28T01:23:48.380785,11.22,0.4385917543989452,-1.4878321447176255,0.0,2.832508655622191,0.0,0.0,0.9880821333890407,0.1539275728300876,0.45555555670510084,-0.03546561800519502,0.0,0.0,0.0,-0.3452415483552962
2026-08-28T01:23:48.456937,11.24,0.43012676720583765,-1.4844622648789625,0.0,2.825594012915669,0.0,0.0,0.9875440520627956,0.15734276353043503,0.45555555637404166,-0.03544489854951949,0.0,0.0,0.0,-0.345227625847183
2026-08-28T01:23:48.537097,11.26,0.42168524936337787,-1.481034018266941,0.0,2.818679524764131,0.0,0.0,0.9869941789870214,0.16075599723100728,0.4555555562578951,-0.03542371688088279,0.0,0.0,0.0,-0.3452122728413515
2026-08-28T01:23:48.613268,11.28,0.4132676022384228,-1.4775475708979842,0.0,2.811765012828471,0.0,0.0,0.9864325068866621,0.16416732122226854,0.45555555670292,-0.03540199256828011,0.0,0.0,0.0,-0.34519570461533655
2026-08-28T01:23:48.688751,11.3,0.40487422592189465,-1.4740030917556928,0.0,2.804850947098653,0.0,0.0,0.985859081733116,0.16757646303803314,0.4555555565516866,-0.03537994215531683,0.0,0.0,0.0,-0.3451777107411528
2026-08-28T01:23:48.772283,11.32,0.3965055191847412,-1.4704007528006053,0.0,2.797937167792491,0.0,0.0,0.9852738990011313,0.1709834610338338,0.4555555564628108,-0.035357491338581355,0.0,0.0,0.0,-0.345158193989905
2026-08-28T01:23:48.848824,11.34,0.3881618903957734,-1.4667407041374125,0.0,2.7910119616222584,0.0,0.0,0.9846759458005397,0.17439404164653236,0.4555555564031577,-0.03533476672872372,0.0,0.0,0.0,-0.3463288464095707
2026-08-28T01:23:48.926583,11.36,0.3798438025488057,-1.46302297481724,0.0,2.7840752165539175,0.0,0.0,0.9840651608821832,0.17780820885977947,0.4555555560663496,-0.035311787775594086,0.0,0.0,0.0,-0.34632211541987273
2026-08-28T01:23:49.002073,11.38,0.37155166489987085,-1.4592477198615266,0.0,2.7771383973439017,0.0,0.0,0.98344253133954,0.1812202735691511,0.45555555635959455,-0.03528836454708568,0.0,0.0,0.0,-0.3463099084595701
2026-08-28T01:23:49.077443,11.4,0.36328587433846965,-1.455415122414739,0.0,2.7702016399576364,0.0,0.0,0.9828080768349485,0.18463012784480723,0.4555555566134938,-0.03526451979033629,0.0,0.0,0.0,-0.34629205695937687
2026-08-28T01:23:49.160718,11.42,0.3550468262380892,-1.451525368795254,0.0,2.7632646046109404,0.0,0.0,0.9821617733707437,0.18803789758778888,0.45555555723400276,-0.03524016497473915,0.0,0.0,0.0,-0.3462726565573034
2026-08-28T01:23:49.231897,11.44,0.34683491466749183,-1.4475786479791242,0.0,2.756328172168123,0.0,0.0,0.9815037116193102,0.19144310924532668,0.4555555571986316,-0.03521552235939878,0.0,0.0,0.0,-0.3462517215289804
2026-08-28T01:23:49.315233,11.46,0.33865053124867794,-1.4435751538908055,0.0,2.7493923060175067,0.0,0.0,0.9808338990088473,0.19484574040789898,0.4555555569546628,-0.03519066090444873,0.0,0.0,0.0,-0.3462290917424315
2026-08-28T01:23:49.392474,11.48,0.3304940666437493,-1.4395150822106473,0.0,2.742456854348866,0.0,0.0,0.9801523314373335,0.19824582512113492,0.4555555569536013,-0.03516550732364613,0.0,0.0,0.0,-0.3462050601422556
2026-08-28T01:23:49.472966,11.5,0.32236591024509503,-1.4353986310121742,0.0,2.735521804624433,0.0,0.0,0.9794590179505177,0.20164332906249968,0.4555555566777723,-0.03514017135555643,0.0,0.0,0.0,-0.3461795816673928
2026-08-28T01:23:49.551408,11.52,0.3142664501581613,-1.4312260007543005,0.0,2.728587529670877,0.0,0.0,0.978754007154847,0.20503802934658222,0.4555555565727402,-0.03511458527323766,0.0,0.0,0.0,-0.3461525633831108
2026-08-28T01:23:49.627108,11.54,0.30619607187805065,-1.426997396798832,0.0,2.7216534832570964,0.0,0.0,0.9780372545449545,0.20843015310210752,0.4555555565652098,-0.03508874402531931,0.0,0.0,0.0,-0.3461239677171664
2026-08-28T01:23:49.704912,11.56,0.29815516038328305,-1.422713025270602,0.0,2.7147203263671953,0.0,0.0,0.977308839903886,0.2118193368078575,0.4555555565222248,-0.035062682746080896,0.0,0.0,0.0,-0.34609390017391556
2026-08-28T01:23:49.793350,11.58,0.29014409748810144,-1.4183730980368334,0.0,2.707787723231484,0.0,0.0,0.9765687403774718,0.2152057046584921,0.4555555566263371,-0.0350363741770279,0.0,0.0,0.0,-0.3460621152825732
2026-08-28T01:23:49.871777,11.6,0.2821632642370484,-1.4139778281065243,0.0,2.700855761970292,0.0,0.0,0.975816977302069,0.21858917358609814,0.45555555646444623,-0.03500985355288593,0.0,0.0,0.0,-0.34602883264734646
2026-08-28T01:23:49.954510,11.62,0.2742130399819883,-1.4095274313274275,0.0,2.6939246915773785,0.0,0.0,0.9750535906007736,0.2219695822777054,0.4555555562352279,-0.03498323036908905,0.0,0.0,0.0,-0.3459938840335454
2026-08-28T01:23:50.052333,11.64,0.2662937999057401,-1.4050221306680863,0.0,2.686996066864393,0.0,0.0,0.9742787691447221,0.22534613374505721,0.45555555674920073,-0.03495621117746939,0.0,0.0,0.0,-0.34574083023513946
2026-08-28T01:23:50.166747,11.66,0.25840590546041114,-1.4004621724642223,0.0,2.6800697953391364,0.0,0.0,0.9734925240424397,0.22871883532730755,0.4555555569805498,-0.03492892426518099,0.0,0.0,0.0,-0.3457117141159196
2026-08-28T01:23:50.248467,11.68,0.25054972962425465,-1.3958477820546253,0.0,2.673144495285581,0.0,0.0,0.9726947162886068,0.2320883213438942,0.4555555565788913,-0.03490164464222638,0.0,0.0,0.0,-0.3456817505518141
2026-08-28T01:23:50.323051,11.7,0.2427256448928044,-1.3911791852855844,0.0,2.666220020671947,0.0,0.0,0.97188534316698,0.2354546235205446,0.4555555564526735,-0.03487416267521819,0.0,0.0,0.0,-0.34565088360574936
2026-08-28T01:23:50.411192,11.72,0.23493402129099605,-1.386456611898492,0.0,2.659296178817687,0.0,0.0,0.9710643955398126,0.23881779605988007,0.45555555651793134,-0.034846526225869943,0.0,0.0,0.0,-0.34561853818388366
2026-08-28T01:23:50.491420,11.74,0.2271750674341069,-1.3816805526069562,0.0,2.6525072938841383,0.0,0.0,0.9702481494148276,0.24211263609548006,0.4555555563220543,-0.0348184085084163,0.0,0.0,0.0,-0.3321666191497825
2026-08-28T01:23:50.571266,11.76,0.21944817538189076,-1.3768527937134325,0.0,2.645852894249785,0.0,0.0,0.9694372233385442,0.24533949948113426,0.4555555567577399,-0.03478959735036833,0.0,0.0,0.0,-0.3321326284117844
2026-08-28T01:23:50.648453,11.78,0.21175352347827475,-1.3719738134077895,0.0,2.6391988690240726,0.0,0.0,0.9686156118835514,0.24856346556856113,0.4555555567767983,-0.03476068601893811,0.0,0.0,0.0,-0.3321496051134992
2026-08-28T01:23:50.726244,11.8,0.20409145253754118,-1.367043825014848,0.0,2.632543929962605,0.0,0.0,0.9677831637746972,0.25178512250376817,0.4555555566439872,-0.03473172306355827,0.0,0.0,0.0,-0.33221863613891583
2026-08-28T01:23:50.807531,11.82,0.19646230755028052,-1.3620630355864305,0.0,2.625887380969191,0.0,0.0,0.9669397950589359,0.2550047700169216,0.4555555568163035,-0.03470255727907966,0.0,0.0,0.0,-0.3322875890719014
2026-08-28T01:23:50.882587,11.84,0.18886634958233123,-1.3570317789303024,0.0,2.6192948385645423,0.0,0.0,0.966093978610328,0.2581906746822337,0.4555555571412621,-0.03467302494955395,0.0,0.0,0.0,-0.3257989665464732
2026-08-28T01:23:50.964211,11.86,0.18130341963860971,-1.3519510096973064,0.0,2.6127666874245907,0.0,0.0,0.9652460797636696,0.26134269743168187,0.45555555695408584,-0.03464329534915049,0.0,0.0,0.0,-0.32586434465514585
2026-08-28T01:23:51.040734,11.88,0.17377376246469503,-1.3468210595889083,0.0,2.606238274161093,0.0,0.0,0.9643878623468709,0.26449206218341,0.4555555564223884,-0.034613674136601415,0.0,0.0,0.0,-0.3259546595162651
2026-08-28T01:23:51.117534,11.9,0.1662777049056156,-1.3416421363279105,0.0,2.599707131941255,0.0,0.0,0.963519004155252,0.2676399234637301,0.45555555606975007,-0.03458410361771815,0.0,0.0,0.0,-0.32607068304421066
2026-08-28T01:23:51.200749,11.92,0.15881558081838812,-1.3364144380735221,0.0,2.5931735182183733,0.0,0.0,0.9626395364261514,0.2707861202300524,0.45555555616517707,-0.03455441143651688,0.0,0.0,0.0,-0.3261871587345554
2026-08-28T01:23:51.274938,11.94,0.15138764348496433,-1.3311382770017774,0.0,2.5866951754166676,0.0,0.0,0.9617573651896298,0.2739028486589743,0.4555555564063088,-0.034524430321970626,0.0,0.0,0.0,-0.32052745318336073
2026-08-28T01:23:51.357199,11.96,0.14399375881417234,-1.3258144999716464,0.0,2.58027188129184,0.0,0.0,0.9608727273186614,0.2769902559571317,0.4555555568939383,-0.034494086533711575,0.0,0.0,0.0,-0.3206484870938466
2026-08-28T01:23:51.430232,11.98,0.1366341678822651,-1.3204434150246074,0.0,2.573846209717141,0.0,0.0,0.9599778454319482,0.28007594734256375,0.45555555665004754,-0.034463832689691866,0.0,0.0,0.0,-0.3207912745500154
2026-08-28T01:23:51.510204,12.0,0.12930918885250864,-1.3150252221355179,0.0,2.5674177398339992,0.0,0.0,0.9590726581775046,0.2831600895895028,0.4555555562230278,-0.034433683979936444,0.0,0.0,0.0,-0.3209562604056602
2026-08-28T01:23:51.595867,12.02,0.12201914098851435,-1.3095601206804934,0.0,2.560985814186827,0.0,0.0,0.9581570678655992,0.28624296200814703,0.45555555640293705,-0.034403448367927796,0.0,0.0,0.0,-0.3211217508971596
2026-08-28T01:23:51.670199,12.04,0.11476431105725803,-1.3040483536541656,0.0,2.5545737930836934,0.0,0.0,0.9572344472749371,0.28931334734202235,0.4555555562655739,-0.03437319789702311,0.0,0.0,0.0,-0.3189796714449545
2026-08-28T01:23:51.752409,12.06,0.10754482147950516,-1.2984903769771858,0.0,2.5481831061815257,0.0,0.0,0.9563051065554635,0.2923705579841165,0.4555555563166086,-0.03434282979764792,0.0,0.0,0.0,-0.31913920997304956
2026-08-28T01:23:51.829188,12.08,0.10036094794905256,-1.2928864412813459,0.0,2.541787745439297,0.0,0.0,0.9553653113722895,0.29542701607423827,0.45555555619618904,-0.03431255931482684,0.0,0.0,0.0,-0.31930769253223507
2026-08-28T01:23:51.905323,12.1,0.0932130088396307,-1.287236742136812,0.0,2.535389052897705,0.0,0.0,0.954415250194689,0.29848204333897427,0.4555555559058568,-0.03428235600116213,0.0,0.0,0.0,-0.319485867717749
2026-08-28T01:23:51.987361,12.12,0.08610131582662313,-1.281541484791944,0.0,2.5289864585806097,0.0,0.0,0.9534548315451661,0.30153587548280064,0.45555555637850736,-0.03425200663781955,0.0,0.0,0.0,-0.31966393259375253
2026-08-28T01:23:52.065714,12.14,0.07902617642277307,-1.27580088063713,0.0,2.522582483591462,0.0,0.0,0.9524844313421613,0.3045872749324887,0.45555555657622826,-0.034221612393765685,0.0,0.0,0.0,-0.31961249537505476
2026-08-28T01:23:52.143589,12.16,0.07198788038197806,-1.2700151635340287,0.0,2.5161773866510355,0.0,0.0,0.9515040930113922,0.3076360853062722,0.4555555565359192,-0.03419127197697484,0.0,0.0,0.0,-0.3197852609573968
2026-08-28T01:23:52.221351,12.18,0.06498673225245029,-1.2641845496572062,0.0,2.5097689816943536,0.0,0.0,0.9505134818902166,0.3106833126270815,0.45555555630672057,-0.034161027047652615,0.0,0.0,0.0,-0.31995914128638236
2026-08-28T01:23:52.299568,12.2,0.05802303885564401,-1.258309253294075,0.0,2.503357355281784,0.0,0.0,0.9495126066070287,0.3137288795988119,0.45555555596496644,-0.03413093263325557,0.0,0.0,0.0,-0.3201342512906221
2026-08-28T01:23:52.380590,12.22,0.05109710607639095,-1.2523894907981055,0.0,2.496941836417747,0.0,0.0,0.9485013564547576,0.31677306830519025,0.4555555564492,-0.034100691336143706,0.0,0.0,0.0,-0.3203097622449618
2026-08-28T01:23:52.471784,12.24,0.04420925951081721,-1.2464254568110162,0.0,2.4905089514630294,0.0,0.0,0.9474775695017751,0.319822224510757,0.4555555564996487,-0.03407053663717835,0.0,0.0,0.0,-0.3218734283953955
2026-08-28T01:23:52.557807,12.26,0.03735992826884709,-1.2404172297780363,0.0,2.484058752654475,0.0,0.0,0.9464411853451858,0.32287626528191826,0.45555555646049306,-0.034040474626932445,0.0,0.0,0.0,-0.322044408951497
2026-08-28T01:23:52.634010,12.28,0.030549437549019988,-1.2343650114686426,0.0,2.477605501154807,0.0,0.0,0.9453944595321989,0.3259283907330283,0.455555556149833,-0.03401059950068788,0.0,0.0,0.0,-0.3222105867495639
2026-08-28T01:23:52.713862,12.3,0.02377809014718391,-1.2282690304601527,0.0,2.471148856927618,0.0,0.0,0.9443373330522858,0.32897872484964163,0.4555555561971242,-0.03398071321784427,0.0,0.0,0.0,-0.32237184257056234
2026-08-28T01:23:52.797453,12.32,0.017046187148084868,-1.2221295181098546,0.0,2.464689115512037,0.0,0.0,0.9432698504630153,0.3320270910746304,0.45555555614896825,-0.03395093432436387,0.0,0.0,0.0,-0.32253342818789665
2026-08-28T01:23:52.877985,12.34,0.010354025873522726,-1.2159467107175272,0.0,2.458227596133325,0.0,0.0,0.9421922297569078,0.3350728311661605,0.4555555562854839,-0.033921126337123936,0.0,0.0,0.0,-0.325013217219636
2026-08-28T01:23:52.957692,12.36,0.003702044249427449,-1.2097206953911583,0.0,2.4517142593662893,0.0,0.0,0.9410960142016991,0.33813945651709365,0.45555555712172946,-0.03389121162022803,0.0,0.0,0.0,-0.32517045850854664
2026-08-28T01:23:53.032962,12.38,-0.0029093061643499594,-1.2034515509642516,0.0,2.4451979290068433,0.0,0.0,0.9399893067838307,0.34120390257447714,0.45555555712427687,-0.0338614233486758,0.0,0.0,0.0,-0.3253284191723257
2026-08-28T01:23:53.111280,12.4,-0.009479726096169034,-1.197139522144566,0.0,2.438678945993937,0.0,0.0,0.9388721641780523,0.3442659717887035,0.45555555667126485,-0.03383184068257502,0.0,0.0,0.0,-0.32546828444906456
2026-08-28T01:23:53.193064,12.42,-0.01600891932189387,-1.1907848575942108,0.0,2.4321572887938947,0.0,0.0,0.9377445823297291,0.3473256372789689,0.4555555565382813,-0.033802373208154,0.0,0.0,0.0,-0.32560814649577036
2026-08-28T01:23:53.269975,12.44,-0.0224965782748565,-1.184387795275922,0.0,2.4256246285784604,0.0,0.0,0.9366051018078391,0.3503867624033867,0.4555555565772468,-0.033772952951387526,0.0,0.0,0.0,-0.3265603532952799
2026-08-28T01:23:53.351910,12.46,-0.028942333427931902,-1.177948512329531,0.0,2.419082576390604,0.0,0.0,0.9354539689579084,0.3534485421682999,0.45555555655122865,-0.03374367637591661,0.0,0.0,0.0,-0.3266992291715528
2026-08-28T01:23:53.427688,12.48,-0.03534588340605538,-1.1714672569151405,0.0,2.412536223855952,0.0,0.0,0.9342920605696258,0.3565085490651841,0.4555555566848642,-0.033714394001594844,0.0,0.0,0.0,-0.32683497869915085
2026-08-28T01:23:53.508694,12.5,-0.041706930397473856,-1.1649442817453053,0.0,2.4059873069088713,0.0,0.0,0.9331196814445218,0.35956593289809036,0.45555555661734803,-0.03368523790358646,0.0,0.0,0.0,-0.32696811666638537
2026-08-28T01:23:53.590344,12.52,-0.048025185088247845,-1.1583798486879682,0.0,2.3994358245059377,0.0,0.0,0.9319368322031979,0.3626206568620554,0.45555555648396573,-0.03365619477785295,0.0,0.0,0.0,-0.3271005611453003
2026-08-28T01:23:53.667004,12.54,-0.054300210597171675,-1.1517740805849788,0.0,2.3927975530786867,0.0,0.0,0.9307281138286496,0.3657118785724143,0.4555555566051802,-0.03362747358958113,0.0,0.0,0.0,-0.3362522434799255
2026-08-28T01:23:53.752871,12.56,-0.06053081863585996,-1.1451264017165645,0.0,2.386060117146501,0.0,0.0,0.9294908549153662,0.36884515806595825,0.45555555615891163,-0.03359931132683499,0.0,0.0,0.0,-0.336442606699351
2026-08-28T01:23:53.828151,12.58,-0.06671655470391817,-1.1384369488283934,0.0,2.379319078450857,0.0,0.0,0.9282423778383585,0.37197592393189916,0.45555555631245415,-0.03357117292327745,0.0,0.0,0.0,-0.33660235798914323
2026-08-28T01:23:53.908579,12.6,-0.07285711731811863,-1.131706005265717,0.0,2.372574774798763,0.0,0.0,0.9269827432181593,0.37510397728594674,0.4555555568295034,-0.03354290697407484,0.0,0.0,0.0,-0.33672592891728464
2026-08-28T01:23:53.998886,12.62,-0.0789522108481836,-1.124933860469176,0.0,2.365828035419005,0.0,0.0,0.9257121068784225,0.3782288925752659,0.45555555691118144,-0.033514727137440706,0.0,0.0,0.0,-0.3368489380779144
2026-08-28T01:23:54.076110,12.64,-0.0850015365769169,-1.1181208018242361,0.0,2.3590756595525892,0.0,0.0,0.9244298615544666,0.3813521090362417,0.4555555568777663,-0.0334866544068657,0.0,0.0,0.0,-0.33729469896184194
2026-08-28T01:23:54.158309,12.66,-0.09100476984826998,-1.1112670948154344,0.0,2.35231769301968,0.0,0.0,0.9231360042646218,0.38447355907831693,0.4555555568000043,-0.03345870772552513,0.0,0.0,0.0,-0.3374167706992138
2026-08-28T01:23:54.235590,12.68,-0.09696161515585994,-1.1043730319143297,0.0,2.345557331431282,0.0,0.0,0.9218311429025262,0.3875917233056227,0.45555555674111503,-0.03343085421862863,0.0,0.0,0.0,-0.3375374120010634
2026-08-28T01:23:54.314280,12.7,-0.10287178449005832,-1.0974389128225701,0.0,2.338794728261677,0.0,0.0,0.9205153111565011,0.3907064907657026,0.4555555566143719,-0.0334031533485149,0.0,0.0,0.0,-0.33765658489169464
2026-08-28T01:23:54.394757,12.72,-0.10873499186099236,-1.0904650395594457,0.0,2.3320298308654497,0.0,0.0,0.9191885032313848,0.39381784561805555,0.45555555648835916,-0.03337557497418579,0.0,0.0,0.0,-0.337775504335797
2026-08-28T01:23:54.473737,12.74,-0.11455090456957386,-1.0834516761557078,0.0,2.325234730615252,0.0,0.0,0.9178451846841799,0.3969385556381035,0.4555555566457926,-0.03334809983847415,0.0,0.0,0.0,-0.34066352915626563
2026-08-28T01:23:54.554014,12.76,-0.12031894698046088,-1.0763988900749892,0.0,2.3184094847985115,0.0,0.0,0.9164852411001915,0.40006849769198766,0.45555555687356497,-0.03332074183737332,0.0,0.0,0.0,-0.34077956188890485
2026-08-28T01:23:54.625673,12.78,-0.12603878654173503,-1.0693069552214234,0.0,2.311582282060402,0.0,0.0,0.9151142296342204,0.4031946759581124,0.455555556588125,-0.03329358358480793,0.0,0.0,0.0,-0.34088420453071855
2026-08-28T01:23:54.702005,12.8,-0.1317101426346986,-1.0621761891691117,0.0,2.304753499968803,0.0,0.0,0.9137322337918286,0.40631687748578105,0.4555555560975002,-0.03326669383466776,0.0,0.0,0.0,-0.34097712377486855
2026-08-28T01:23:54.786904,12.82,-0.13733273978388258,-1.0550069140524212,0.0,2.297923138706544,0.0,0.0,0.9123392623252679,0.4094350625188153,0.4555555568426735,-0.03323959051865787,0.0,0.0,0.0,-0.3410694012653513
2026-08-28T01:23:54.864090,12.84,-0.14290634853097214,-1.0477994879250903,0.0,2.2911132695586494,0.0,0.0,0.9109398767851237,0.4125391386071188,0.4555555569779409,-0.03321250204695663,0.0,0.0,0.0,-0.3388333702546817
2026-08-28T01:23:54.944675,12.86,-0.14843094475419077,-1.0405544245078162,0.0,2.2843247546915357,0.0,0.0,0.9095343679793898,0.41562872069231677,0.4555555571855747,-0.033185378024464654,0.0,0.0,0.0,-0.33892092109969674
2026-08-28T01:23:55.016244,12.88,-0.15390630364953745,-1.033272079269488,0.0,2.2775346951662634,0.0,0.0,0.9081180570683534,0.41871421569657613,0.45555555687865457,-0.033158482343036935,0.0,0.0,0.0,-0.3390168732207244
2026-08-28T01:23:55.088755,12.9,-0.15933215957769145,-1.0259527763996967,0.0,2.2707429305104077,0.0,0.0,0.906690919384413,0.421795657523697,0.4555555564505782,-0.03313182343960362,0.0,0.0,0.0,-0.33912182283888276
2026-08-28T01:23:55.175444,12.92,-0.16470824782173582,-1.018596841235921,0.0,2.2639487368315034,0.0,0.0,0.9052528097227259,0.424873334641173,0.45555555690468064,-0.03310511065374786,0.0,0.0,0.0,-0.3392264879380359
2026-08-28T01:23:55.251152,12.94,-0.17003430736694217,-1.011204602294505,0.0,2.2571534612169284,0.0,0.0,0.9038040217068039,0.4279465975406362,0.45555555685801574,-0.033078518410435076,0.0,0.0,0.0,-0.3392350157585202
2026-08-28T01:23:55.331910,12.96,-0.17531009017745805,-1.0037763977621,0.0,2.2503582042489834,0.0,0.0,0.9023448042575954,0.4310149118410193,0.45555555678219845,-0.03305206988659618,0.0,0.0,0.0,-0.339338665088207
2026-08-28T01:23:55.412209,12.98,-0.18053534549430766,-0.9963125640586009,0.0,2.243561218039769,0.0,0.0,0.9008747949455376,0.4340790294771628,0.4555555564280453,-0.033025882436091676,0.0,0.0,0.0,-0.339442135057899
2026-08-28T01:23:55.491374,13.0,-0.18570981523030114,-0.9888134328147077,0.0,2.236761184334588,0.0,0.0,0.899393714670589,0.43713950406139124,0.455555556288294,-0.032999829725092036,0.0,0.0,0.0,-0.3395458900335768
2026-08-28T01:23:55.571895,13.02,-0.19083324143688052,-0.9812793362989435,0.0,2.229960224806428,0.0,0.0,0.8979020335398614,0.4401953409169405,0.4555555562083359,-0.03297393138428298,0.0,0.0,0.0,-0.3396491418938187
2026-08-28T01:23:55.648197,13.04,-0.19590540731785736,-0.973710634916074,0.0,2.2231725031631573,0.0,0.0,0.8964029035428199,0.44324015445354437,0.4555555563679554,-0.0329480333498809,0.0,0.0,0.0,-0.3381052883342125
2026-08-28T01:23:55.726806,13.06,-0.20092624540760087,-0.9661077872106866,0.0,2.2163993547258123,0.0,0.0,0.8948967003663569,0.44627334188074325,0.45555555623538696,-0.03292227353467914,0.0,0.0,0.0,-0.33820856173080205
2026-08-28T01:23:55.805369,13.08,-0.20589554135978383,-0.9584711514370456,0.0,2.2096241452635574,0.0,0.0,0.8933797707212403,0.44930233169444395,0.455555556143288,-0.03289665495506139,0.0,0.0,0.0,-0.3383179539785945
2026-08-28T01:23:55.881703,13.1,-0.21081305100786696,-0.950801066241822,0.0,2.202846932003533,0.0,0.0,0.8918521355940298,0.452327058925694,0.4555555558887934,-0.03287126528823753,0.0,0.0,0.0,-0.33843425027428303
2026-08-28T01:23:55.963714,13.12,-0.2156785314318191,-0.943097871570996,0.0,2.1960671100343454,0.0,0.0,0.8903136657121589,0.45534775353149404,0.4555555562269092,-0.03284585697685044,0.0,0.0,0.0,-0.3385500091481421
2026-08-28T01:23:56.041735,13.14,-0.22049166003086296,-0.9353618585252444,0.0,2.189242893052251,0.0,0.0,0.8887547900643329,0.4583829437683121,0.45555555639778034,-0.03282063371854322,0.0,0.0,0.0,-0.34288900196920524
2026-08-28T01:23:56.122310,13.16,-0.2252517037223966,-0.9275930693284001,0.0,2.182373004485754,0.0,0.0,0.8871750301547285,0.46143305675900215,0.45555555644954243,-0.03279563631287987,0.0,0.0,0.0,-0.3430875212380397
2026-08-28T01:23:56.199333,13.18,-0.2299583280432478,-0.9197918009207405,0.0,2.1754992366975827,0.0,0.0,0.8855839017095104,0.4644794430682161,0.45555555662540287,-0.032770710110996394,0.0,0.0,0.0,-0.34326725373908107
2026-08-28T01:23:56.274320,13.2,-0.23461128325453212,-0.911958403903865,0.0,2.168621849461201,0.0,0.0,0.8839814665219129,0.4675219426356031,0.4555555568773335,-0.03274579550675362,0.0,0.0,0.0,-0.343426946852846
2026-08-28T01:23:56.361433,13.22,-0.23921032767741135,-0.9040932344011937,0.0,2.1617428644726173,0.0,0.0,0.8823682026866156,0.4705596188450424,0.4555555569587029,-0.032720991062855115,0.0,0.0,0.0,-0.3435860011714095
2026-08-28T01:23:56.438670,13.24,-0.24375528778487038,-0.896196688294465,0.0,2.154890768383325,0.0,0.0,0.8807508674504746,0.4735798871206805,0.4555555567623107,-0.032696282257502,0.0,0.0,0.0,-0.3405934047336365
2026-08-28T01:23:56.520570,13.26,-0.24824628947662009,-0.8882693300574246,0.0,2.1480667946484306,0.0,0.0,0.8791298955364965,0.4765822350591647,0.455555556934891,-0.032671535970091446,0.0,0.0,0.0,-0.34075971357222307
2026-08-28T01:23:56.598273,13.28,-0.25268315989070417,-0.8803115486142669,0.0,2.141239292799824,0.0,0.0,0.8774978430999952,0.479580582754198,0.45555555705310286,-0.03264688724391925,0.0,0.0,0.0,-0.34094106087585696
2026-08-28T01:23:56.674932,13.3,-0.2570656678950423,-0.8723236998419812,0.0,2.134410383533261,0.0,0.0,0.8758552249894609,0.4825739579159456,0.4555555566248994,-0.03262254175572945,0.0,0.0,0.0,-0.34113856653630314
2026-08-28T01:23:56.754924,13.32,-0.26139359026898823,-0.8643061445995371,0.0,2.1275776121697714,0.0,0.0,0.8742014580855008,0.4855633951207447,0.4555555564895766,-0.03259836037618174,0.0,0.0,0.0,-0.34133611111442475
2026-08-28T01:23:56.835835,13.34,-0.2656666982593198,-0.8562592413361239,0.0,2.1207430675118957,0.0,0.0,0.8725370546127483,0.48854793861780826,0.4555555564973174,-0.0325742961880926,0.0,0.0,0.0,-0.34111815230047293
2026-08-28T01:23:56.914795,13.36,-0.2698847990850511,-0.8481833680415484,0.0,2.113908321297184,0.0,0.0,0.8708624123448783,0.4915268647437892,0.45555555682689153,-0.032550214724052,0.0,0.0,0.0,-0.3413278362311501
2026-08-28T01:23:56.993570,13.38,-0.2740476710003293,-0.8400788877286074,0.0,2.107069913672209,0.0,0.0,0.8691766944881485,0.4945016418159354,0.45555555633066075,-0.03252650804997792,0.0,0.0,0.0,-0.3415384669324204
2026-08-28T01:23:57.073800,13.4,-0.27815508572609704,-0.8319461607756785,0.0,2.1002272186257045,0.0,0.0,0.8674797487007927,0.4974724973242335,0.4555555562900907,-0.032502901890692076,0.0,0.0,0.0,-0.3417509446910035
2026-08-28T01:23:57.155988,13.42,-0.2822068169715735,-0.8237855494592335,0.0,2.093380263687626,0.0,0.0,0.8657715826292506,0.5004393736624275,0.45555555637860534,-0.03247941754859074,0.0,0.0,0.0,-0.34196328142524735
2026-08-28T01:23:57.233263,13.44,-0.286202232770806,-0.8155972198931991,0.0,2.08636980134078,0.0,0.0,0.864012111819545,0.5034710226310251,0.4555555563577581,-0.03245663661294188,0.0,0.0,0.0,-0.3620848002703924
2026-08-28T01:23:57.321760,13.46,-0.2901386518072366,-0.8073803665722765,0.0,2.079114286576697,0.0,0.0,0.8621799596439284,0.506602129080005,0.4555555568020882,-0.032434841087043996,0.0,0.0,0.0,-0.3624484067135749
2026-08-28T01:23:57.401047,13.48,-0.29401540561839806,-0.7991351950928653,0.0,2.07185267920691,0.0,0.0,0.860334907869321,0.5097291891793985,0.45555555662719166,-0.032413238902701036,0.0,0.0,0.0,-0.36271361164386196
2026-08-28T01:23:57.484730,13.5,-0.2978322477792076,-0.7908621189730922,0.0,2.0645869837948743,0.0,0.0,0.8584774662626631,0.5128512844082952,0.45555555698933,-0.03239158443950446,0.0,0.0,0.0,-0.3628247500959108
2026-08-28T01:23:57.572948,13.52,-0.30158895590336904,-0.7825615637827977,0.0,2.057319058172442,0.0,0.0,0.8566081194837359,0.5159675664560105,0.45555555707026396,-0.03236999713645085,0.0,0.0,0.0,-0.3629310814743415
2026-08-28T01:23:57.650012,13.54,-0.30528479280845916,-0.7742337283724307,0.0,2.0498640003585518,0.0,0.0,0.8546788888667891,0.5191570060448292,0.45555555704614026,-0.03234924784900973,0.0,0.0,0.0,-0.3880682896060305
2026-08-28T01:23:57.725837,13.56,-0.30891640543002596,-0.7658776872757691,0.0,2.0420912660490496,0.0,0.0,0.852654804746743,0.5224746730151553,0.45555555700899675,-0.03233007423222494,0.0,0.0,0.0,-0.38817727044983863
2026-08-28T01:23:57.804961,13.58,-0.3124830389764191,-0.7574937050407518,0.0,2.034317919781982,0.0,0.0,0.8506176813939971,0.5257847088874881,0.4555555567988345,-0.03231104251729712,0.0,0.0,0.0,-0.3881495073923093
2026-08-28T01:23:57.883515,13.6,-0.3159844852908007,-0.7490822897661118,0.0,2.026547411691322,0.0,0.0,0.8485684592527362,0.5290855979531454,0.4555555568870382,-0.032292009696202766,0.0,0.0,0.0,-0.38788438593988156
2026-08-28T01:23:57.972631,13.62,-0.31942057337455787,-0.7406439645571942,0.0,2.018782405760186,0.0,0.0,0.8465078924303486,0.5323761715677452,0.4555555568166096,-0.03227305046391717,0.0,0.0,0.0,-0.38760774391938774
2026-08-28T01:23:58.050298,13.64,-0.32279113716736374,-0.7321792534826166,0.0,2.0110205860228474,0.0,0.0,0.8444354188637113,0.5356573749781369,0.4555555563592236,-0.032254327781074774,0.0,0.0,0.0,-0.3873217180677343
2026-08-28T01:23:58.133436,13.66,-0.32609601047722403,-0.7236886794745073,0.0,2.0032669301914012,0.0,0.0,0.8423524267635317,0.5389270721772929,0.45555555684089527,-0.03223540695410704,0.0,0.0,0.0,-0.38702792838427436
2026-08-28T01:23:58.206842,13.68,-0.32933506321999095,-0.7151727783246977,0.0,1.9955193170223555,0.0,0.0,0.8402584124228879,0.542186130726864,0.4555555568778539,-0.03221655572729835,0.0,0.0,0.0,-0.3867243264292949
2026-08-28T01:23:58.282471,13.7,-0.3325081531075309,-0.7066320795190705,0.0,1.9877781943881647,0.0,0.0,0.8381535589478046,0.5454343330073098,0.4555555564783707,-0.032197905680748796,0.0,0.0,0.0,-0.3864143319906462
2026-08-28T01:23:58.363879,13.72,-0.33561514346009874,-0.6980671132615075,0.0,1.980043210649027,0.0,0.0,0.8360378330278905,0.548671797840958,0.45555555658350133,-0.03217922949645503,0.0,0.0,0.0,-0.38609603619482424
2026-08-28T01:23:58.440248,13.74,-0.33865560560968533,-0.6894783057016874,0.0,1.9721919436890414,0.0,0.0,0.833877512267564,0.5519495398444125,0.4555555569562747,-0.03216085871193597,0.0,0.0,0.0,-0.39962784618500236
2026-08-28T01:23:58.521360,13.76,-0.3416276172687553,-0.6808655732077987,0.0,1.9641900553920058,0.0,0.0,0.8316625247166899,0.5552814106215525,0.45555555700493694,-0.03214309468957881,0.0,0.0,0.0,-0.3995387546702223
2026-08-28T01:23:58.594851,13.78,-0.34453071380736,-0.6722293677316363,0.0,1.9561909971516371,0.0,0.0,0.8294350147409467,0.5586032190398525,0.4555555569438688,-0.03212540190007717,0.0,0.0,0.0,-0.3993526103008758
2026-08-28T01:23:58.672424,13.8,-0.3473647427718624,-0.6635702514497173,0.0,1.9481968258640971,0.0,0.0,0.8271956099732318,0.5619140706914296,0.4555555570644308,-0.03210768713665787,0.0,0.0,0.0,-0.39903863337387463
2026-08-28T01:23:58.762310,13.82,-0.35012956830651065,-0.6548887910331045,0.0,1.9402061582913086,0.0,0.0,0.8249439795487244,0.56521449964267,0.4555555566932535,-0.032090176420588985,0.0,0.0,0.0,-0.3987133155243485
2026-08-28T01:23:58.836232,13.84,-0.3528250567295937,-0.6461855526591369,0.0,1.932225065998713,0.0,0.0,0.8226819026072609,0.5685019675625558,0.45555555695920025,-0.032072553786431715,0.0,0.0,0.0,-0.39837780692200103
2026-08-28T01:23:58.914962,13.86,-0.3554511163887511,-0.6374611141516763,0.0,1.9242507810534892,0.0,0.0,0.8204086710684179,0.5717775900083464,0.4555555570593369,-0.032054951717955305,0.0,0.0,0.0,-0.3980305945367395
2026-08-28T01:23:58.992772,13.88,-0.3580076412054245,-0.6287160470837295,0.0,1.9162836191672428,0.0,0.0,0.8181244452913163,0.5750412089726925,0.4555555568903788,-0.03203742849847193,0.0,0.0,0.0,-0.39767611843558714
2026-08-28T01:23:59.073069,13.9,-0.3604945233776104,-0.6199509210414654,0.0,1.9083198793312166,0.0,0.0,0.8158282262596328,0.5782943067660802,0.455555557051698,-0.03201989094172459,0.0,0.0,0.0,-0.3973117900711453
2026-08-28T01:23:59.151051,13.92,-0.36291165357210786,-0.611166303803782,0.0,1.900366751330596,0.0,0.0,0.813522157636086,0.5815339190753427,0.45555555747650384,-0.03200218290918351,0.0,0.0,0.0,-0.3969374161883875
2026-08-28T01:23:59.226883,13.94,-0.36525896910257694,-0.6023627744655404,0.0,1.8924214252512996,0.0,0.0,0.8112055058902827,0.5847611710889246,0.4555555573638818,-0.031984589328499964,0.0,0.0,0.0,-0.39654947299417964
2026-08-28T01:23:59.308880,13.96,-0.3675363903572113,-0.5935409054988837,0.0,1.8844840547134218,0.0,0.0,0.808878390514161,0.5879759768555349,0.4555555571934204,-0.03196708186128448,0.0,0.0,0.0,-0.3961534709251968
2026-08-28T01:23:59.388118,13.98,-0.36974384415563405,-0.5847012693052291,0.0,1.8765547830504445,0.0,0.0,0.8065409288917721,0.5911782557083755,0.4555555571281617,-0.03194964065373848,0.0,0.0,0.0,-0.3957466264430046
2026-08-28T01:23:59.463903,14.0,-0.3718812639983231,-0.5758444381902843,0.0,1.8686338790171177,0.0,0.0,0.8041932765358181,0.5943678776436233,0.4555555570169359,-0.03193228844865689,0.0,0.0,0.0,-0.3953285812004124
2026-08-28T01:23:59.546267,14.02,-0.37394859018154575,-0.5669709842898553,0.0,1.860721657630733,0.0,0.0,0.8018356044222816,0.5975446958017068,0.45555555677847376,-0.03191506576585958,0.0,0.0,0.0,-0.39489894845811946
2026-08-28T01:23:59.623162,14.04,-0.375945301497556,-0.5580813752527298,0.0,1.8526496314315377,0.0,0.0,0.7994173820476659,0.6007760392026767,0.45555555680887716,-0.0318984737217918,0.0,0.0,0.0,-0.41552255778003916
2026-08-28T01:23:59.704617,14.06,-0.3778685273488819,-0.5491755799640309,0.0,1.844329294604715,0.0,0.0,0.7969111420063215,0.6040965417432718,0.45555555718180035,-0.03188284612869362,0.0,0.0,0.0,-0.4154769617894599
2026-08-28T01:23:59.781885,14.08,-0.37972848234850126,-0.5402563394900588,0.0,1.8383080759522308,0.0,0.0,0.7950888345648434,0.6064929885417631,0.4555555562944114,-0.03185373456923452,0.0,0.0,0.0,0.022409580081347885
2026-08-28T01:23:59.858253,14.1,-0.3815900959406053,-0.5313374421729001,0.0,1.8391504336912572,0.0,0.0,0.7953442060675177,0.606158060141767,0.45555555708971174,-0.03177838552661703,0.0,0.0,0.0,0.07804161904282883
2026-08-28T01:23:59.947670,14.12,-0.38346558723321583,-0.522421452930461,0.0,1.8407744564507185,0.0,0.0,0.7958361510461278,0.6055120318276797,0.4555555560071824,-0.03169973324986642,0.0,0.0,0.0,0.08558702585484809
2026-08-28T01:24:00.024917,14.14,-0.3853561999753202,-0.5135086579882336,0.0,1.8424907703400601,0.0,0.0,0.7963554822974241,0.6048288566320534,0.4555555559098806,-0.03162200433843856,0.0,0.0,0.0,0.08692416646668516
2026-08-28T01:24:00.099792,14.16,-0.3872622897914006,-0.5045991601621876,0.0,1.844226635970422,0.0,0.0,0.7968801330935464,0.6041374458521932,0.4555555562917056,-0.03154532068246772,0.0,0.0,0.0,0.0875657531991693
2026-08-28T01:24:00.177951,14.18,-0.38918397926313925,-0.49569301401231075,0.0,1.8459747469198593,0.0,0.0,0.7974078782709174,0.6034406977255294,0.4555555563908492,-0.03146982217455042,0.0,0.0,0.0,0.08814278774191094
2026-08-28T01:24:00.257733,14.2,-0.3911213667432485,-0.48679026953795373,0.0,1.8477350701811028,0.0,0.0,0.797938694681095,0.602738616259677,0.45555555573544937,-0.031395760489631566,0.0,0.0,0.0,0.08872277330629143
2026-08-28T01:24:00.338578,14.22,-0.39307453647221274,-0.4778909742107353,0.0,1.8495016214354196,0.0,0.0,0.798470767674936,0.6020335814293073,0.4555555551810431,-0.0313230377209365,0.0,0.0,0.0,0.08931299916147942
2026-08-28T01:24:00.412417,14.24,-0.3950528471706988,-0.46899724340846927,0.0,1.8515042075066395,0.0,0.0,0.7990731793380268,0.601233776548372,0.45555555502692574,-0.0312393976010298,0.0,0.0,0.0,0.1524699549226324
2026-08-28T01:24:00.495118,14.26,-0.39711220724450325,-0.460121949608356,0.0,1.8549533122873714,0.0,0.0,0.800108849716727,0.5998548396111979,0.4555555553738532,-0.03107857214585564,0.0,0.0,0.0,0.23396305466084544
2026-08-28T01:24:00.573387,14.28,-0.39926273547027824,-0.4512683052623859,0.0,1.8600322793278503,0.0,0.0,0.8016295896189274,0.5978210443329928,0.4555555555857845,-0.030846318178441415,0.0,0.0,0.0,0.31545615832151175
2026-08-28T01:24:00.649550,14.3,-0.40150534520471726,-0.44243753642132866,0.0,1.8667411565090701,0.0,0.0,0.8036304297721695,0.5951286687298791,0.45555555595138175,-0.03056132503551001,0.0,0.0,0.0,0.39694926721192425
2026-08-28T01:24:00.736676,14.32,-0.40384077147226344,-0.4336308599767167,0.0,1.8750802535499602,0.0,0.0,0.806104854840808,0.5917727291807894,0.45555555608477855,-0.030242280860651616,0.0,0.0,0.0,0.47844238269363526
2026-08-28T01:24:00.811550,14.34,-0.40626921723839404,-0.42484937808469275,0.0,1.8850011199061747,0.0,0.0,0.809030374436018,0.5877668357775186,0.45555555607422143,-0.029907829555496767,0.0,0.0,0.0,0.5197933718345901
2026-08-28T01:24:00.888698,14.36,-0.4087891029550015,-0.41609369655720746,0.0,1.8954080865613652,0.0,0.0,0.8120778428396292,0.5835491214704503,0.45555555631523176,-0.02957620134495625,0.0,0.0,0.0,0.521625202706631
2026-08-28T01:24:00.966375,14.38,-0.4114055532282701,-0.4073664020681689,0.0,1.906057792241909,0.0,0.0,0.8151736285285619,0.5792166739239973,0.4555555561303198,-0.029243531524753008,0.0,0.0,0.0,0.5847821725494111
2026-08-28T01:24:01.044712,14.4,-0.4141505941993172,-0.39867871730948135,0.0,1.9181543163996564,0.0,0.0,0.8186619513328455,0.5742757259713297,0.455555555745806,-0.028873168131531277,0.0,0.0,0.0,0.6662753083984528
2026-08-28T01:24:01.129944,14.42,-0.4170290965731098,-0.3900343354227454,0.0,1.9318800440897554,0.0,0.0,0.8225838175491813,0.5686438807427855,0.4555555562087607,-0.02847586276231538,0.0,0.0,0.0,0.7477435351782995
2026-08-28T01:24:01.207392,14.44,-0.4200404950270238,-0.38143534759538805,0.0,1.9470583750528494,0.0,0.0,0.8268756202127409,0.5623848403876078,0.4555555571173915,-0.02807145781491551,0.0,0.0,0.0,0.7711803986581477
2026-08-28T01:24:01.280956,14.46,-0.423184151710465,-0.37288382527786784,0.0,1.9624772124625043,0.0,0.0,0.8311866648611566,0.555993460534373,0.45555555758023913,-0.027673175939903115,0.0,0.0,0.0,0.7713408549010501
2026-08-28T01:24:01.359270,14.48,-0.42645934643939976,-0.3643818131203928,0.0,1.9778967717033968,0.0,0.0,0.8354485064091445,0.5495687337710632,0.45555555809113196,-0.027282426017238928,0.0,0.0,0.0,0.7712151029400645
2026-08-28T01:24:01.435837,14.5,-0.4298652872944725,-0.35593132921060483,0.0,1.9933151159759899,0.0,0.0,0.8396603586258945,0.5431118504988031,0.4555555581205337,-0.026898943127136175,0.0,0.0,0.0,0.7710403449943208
2026-08-28T01:24:01.519232,14.52,-0.433401142978453,-0.34753437518909336,0.0,2.008728509697625,0.0,0.0,0.8438209806621377,0.5366247782150841,0.4555555582299607,-0.026522736122720342,0.0,0.0,0.0,0.7708656212137927
2026-08-28T01:24:01.595502,14.54,-0.4370660324474885,-0.3391929305904659,0.0,2.0241382663903784,0.0,0.0,0.8479305217314724,0.5301073762137185,0.45555555843199624,-0.02615348432566689,0.0,0.0,0.0,0.7706913475608577
2026-08-28T01:24:01.674884,14.56,-0.44085905573547635,-0.3309089648901691,0.0,2.039544807879917,0.0,0.0,0.8519888838523432,0.5235598741233314,0.4555555590194519,-0.025791259006956724,0.0,0.0,0.0,0.7705183977954587
2026-08-28T01:24:01.752086,14.58,-0.44477928322676236,-0.3226844326652488,0.0,2.054948439614078,0.0,0.0,0.8559959367334843,0.5169825493145439,0.45555555864535296,-0.025436077810587314,0.0,0.0,0.0,0.7703465071994744
2026-08-28T01:24:01.827165,14.6,-0.44882575589327617,-0.3145212731421843,0.0,2.0703484162520898,0.0,0.0,0.8599512811908572,0.5103761299063694,0.45555555853232693,-0.025087480411723814,0.0,0.0,0.0,0.7701756080679711
2026-08-28T01:24:01.907643,14.62,-0.45299748553447394,-0.30642140975942567,0.0,2.085744877193245,0.0,0.0,0.8638547540444403,0.5037409690652722,0.455555559050041,-0.024745413209652654,0.0,0.0,0.0,0.7700056523740073
2026-08-28T01:24:01.985065,14.64,-0.45729372013620556,-0.29838689281097064,0.0,2.101255499956207,0.0,0.0,0.8677354048751764,0.4970264249777004,0.4555555597259221,-0.024409514880164292,0.0,0.0,0.0,0.783062213374805
2026-08-28T01:24:02.061974,14.66,-0.4617149912789863,-0.2904204987181202,0.0,2.116910686523738,0.0,0.0,0.8715993023855731,0.49021898788294826,0.4555555598872832,-0.024079493136226662,0.0,0.0,0.0,0.7829615081052224
2026-08-28T01:24:02.141375,14.68,-0.4662604628942054,-0.2825243122001174,0.0,2.1325634731247582,0.0,0.0,0.8754092161686338,0.4833825651045125,0.4555555601064436,-0.02375570876691734,0.0,0.0,0.0,0.7828310718719802
2026-08-28T01:24:02.218269,14.7,-0.4710501663598053,-0.2745008481805127,0.0,2.1480730466254236,0.0,0.0,0.8791313853227855,0.4765794869068958,0.4788888554379834,-0.023459598013619007,0.0,0.0,0.0,0.7829861656867836
2026-08-28T01:24:02.306633,14.72,-0.4761298330246426,-0.2662987138962407,0.0,2.163893031620857,0.0,0.0,0.8828735835834232,0.4696107275292636,0.48588889523871537,-0.023187496028565333,0.0,0.0,0.0,0.8097337169211349
2026-08-28T01:24:02.383809,14.74,-0.4813945503972016,-0.25810573608313253,0.0,2.18031631201646,0.0,0.0,0.8867000481999294,0.4623451357181589,0.4879889041571782,-0.022920771125284543,0.0,0.0,0.0,0.8374744454853217
2026-08-28T01:24:02.466658,14.76,-0.48681090781836556,-0.24997937959385008,0.0,2.197163806834599,0.0,0.0,0.8905632210593863,0.45485948302341744,0.4886188992919535,-0.02265744856169328,0.0,0.0,0.0,0.8393387054882891
2026-08-28T01:24:02.540830,14.78,-0.492366448299071,-0.2419398736798423,0.0,2.2140255625586764,0.0,0.0,0.894366390078639,0.4473351766826567,0.4886188966830939,-0.022398190069287737,0.0,0.0,0.0,0.8395854083816078
2026-08-28T01:24:02.622142,14.8,-0.4980587079713196,-0.23399123587875728,0.0,2.230887727084231,0.0,0.0,0.8981060780695316,0.43977889050585917,0.48886459489779904,-0.02214335887016199,0.0,0.0,0.0,0.8394783726151902
2026-08-28T01:24:02.705920,14.82,-0.5038840503304668,-0.2261386908550984,0.0,2.247742340301258,0.0,0.0,0.9017802944196932,0.4321947484599176,0.4888816051719961,-0.021892156736809908,0.0,0.0,0.0,0.8393010662012038
2026-08-28T01:24:02.784354,14.84,-0.5098405133449095,-0.21838485630799628,0.0,2.2645893055440833,0.0,0.0,0.905388843571537,0.4245833745404957,0.4888867083848986,-0.021644828053746287,0.0,0.0,0.0,0.8391049828924017
2026-08-28T01:24:02.863774,14.86,-0.5159262930303777,-0.2107320342318675,0.0,2.2814306094636976,0.0,0.0,0.908931970958998,0.4169444473411189,0.48888670852336685,-0.02140135202306052,0.0,0.0,0.0,0.8389052991984272
2026-08-28T01:24:02.941938,14.88,-0.5221396442843613,-0.20318237489911609,0.0,2.298262675809907,0.0,0.0,0.9124087583750757,0.40928017010411427,0.48888869857232364,-0.021161842929786547,0.0,0.0,0.0,0.8387061842379635
2026-08-28T01:24:03.020852,14.9,-0.528478761639498,-0.19573799640281805,0.0,2.3150891697806024,0.0,0.0,0.9158198017120288,0.4015894555290766,0.4888886983072805,-0.020926031956234117,0.0,0.0,0.0,0.8385082291883272
2026-08-28T01:24:03.098817,14.92,-0.5349418388402375,-0.18840097546053186,0.0,2.3319066519649425,0.0,0.0,0.9191642464634278,0.39387445718568637,0.4888888773365019,-0.020694052826031352,0.0,0.0,0.0,0.8383133301399013
2026-08-28T01:24:03.178681,14.94,-0.5415264032133207,-0.18117277830319153,0.0,2.3483758612444827,0.0,0.0,0.9223764467445844,0.3862922345722664,0.4888888894967802,-0.02046678155326758,0.0,0.0,0.0,0.8040076667211364
2026-08-28T01:24:03.256957,14.96,-0.548226955505729,-0.17405196443347,0.0,2.3644987798011083,0.0,0.0,0.9254605209993219,0.3788440630017366,0.4888888896473341,-0.02024411753384646,0.0,0.0,0.0,0.8035590203594543
2026-08-28T01:24:03.334411,14.98,-0.5550411040878994,-0.16703977688053706,0.0,2.380607001641077,0.0,0.0,0.9284817235663192,0.37137809440423003,0.488888894213875,-0.020025216125362868,0.0,0.0,0.0,0.8032459927446063
2026-08-28T01:24:03.411246,15.0,-0.5619670217542514,-0.16013796111478298,0.0,2.39670777142981,0.0,0.0,0.9314413411913939,0.3638915056985768,0.48888889433638366,-0.019809961183329488,0.0,0.0,0.0,0.8030737483494801
2026-08-28T01:24:03.500863,15.02,-0.5690028953074565,-0.15334827183805255,0.0,2.4128026310172483,0.0,0.0,0.9343395404960899,0.35638409485491285,0.4888888944689869,-0.019598293061331335,0.0,0.0,0.0,0.8029077478635444
2026-08-28T01:24:03.577075,15.04,-0.576146887501617,-0.14667243680948094,0.0,2.4288918952902243,0.0,0.0,0.9371762552698859,0.34885622619972484,0.48888889477904385,-0.019390227426792354,0.0,0.0,0.0,0.8027451358888279
2026-08-28T01:24:03.657696,15.06,-0.583397134830562,-0.1401121538839014,0.0,2.4449758400007653,0.0,0.0,0.9399514121706638,0.3413082811160239,0.4888888943369751,-0.01918577980833084,0.0,0.0,0.0,0.8025853981685663
2026-08-28T01:24:03.734039,15.08,-0.5907517479097337,-0.13366909052401854,0.0,2.461054532838233,0.0,0.0,0.9426649032424516,0.3337407379911829,0.48888889405526226,-0.018984872044779125,0.0,0.0,0.0,0.8024285336186774
2026-08-28T01:24:03.812514,15.1,-0.598208811951386,-0.12734488341891542,0.0,2.4771279064804492,0.0,0.0,0.9453166017459543,0.326154139117505,0.488888894528327,-0.018787363871300155,0.0,0.0,0.0,0.8022745533512672
2026-08-28T01:24:03.892741,15.12,-0.6057663872567866,-0.12114113812118929,0.0,2.4931963994150426,0.0,0.0,0.9479064667837462,0.31854878783249935,0.4888888947651676,-0.018593354663005685,0.0,0.0,0.0,0.8021235618232752
2026-08-28T01:24:03.972481,15.14,-0.6134225097272785,-0.11505942870037386,0.0,2.509260173240386,0.0,0.0,0.9504344119837494,0.3109251172181245,0.4888888945890527,-0.018402813743125284,0.0,0.0,0.0,0.8019757306346834
2026-08-28T01:24:04.052075,15.16,-0.6211751913827944,-0.1091012974102025,0.0,2.5253192779185474,0.0,0.0,0.9529003358066025,0.30328361317365005,0.4888888944869985,-0.018215658738214707,0.0,0.0,0.0,0.8018309917372801
2026-08-28T01:24:04.129076,15.18,-0.6290224208608348,-0.10326825434377268,0.0,2.5413737623304797,0.0,0.0,0.9553041400089008,0.2956247622947956,0.48888889496744864,-0.01803180808315814,0.0,0.0,0.0,0.8016894077904407
2026-08-28T01:24:04.205272,15.2,-0.6369621639281547,-0.09756177710760953,0.0,2.557423874545907,0.0,0.0,0.9576457584919165,0.28794895596692466,0.48888889508575734,-0.017851275200165762,0.0,0.0,0.0,0.8015510084886451
2026-08-28T01:24:04.288744,15.22,-0.6449923640088691,-0.09198331050888842,0.0,2.573469961619433,0.0,0.0,0.9599251394239346,0.2802565373045553,0.48888889484304165,-0.01767412133653498,0.0,0.0,0.0,0.8014161607976146
2026-08-28T01:24:04.361942,15.24,-0.6531106492560245,-0.08653382527800427,0.0,2.5892954672386645,0.0,0.0,0.9621126658906972,0.2726521926056999,0.48888889415177134,-0.01750098077514045,0.0,0.0,0.0,0.7796153010055294
2026-08-28T01:24:04.441535,15.26,-0.661313206474425,-0.08121202664897993,0.0,2.6049013117863673,0.0,0.0,0.9642108389156682,0.26513667818229814,0.4888888944086585,-0.017331567891536715,0.0,0.0,0.0,0.7792744082223718
2026-08-28T01:24:04.522275,15.28,-0.6695977220554213,-0.0760187339664365,0.0,2.6204967343422663,0.0,0.0,0.9662489632950685,0.2576100559590124,0.4888888946537598,-0.017165343090577618,0.0,0.0,0.0,0.7790386557767133
2026-08-28T01:24:04.597697,15.3,-0.6779621476984845,-0.07095515110821621,0.0,2.636088923571311,0.0,0.0,0.9682279316025096,0.25006933531468023,0.48888889408854147,-0.017002395134198562,0.0,0.0,0.0,0.7789118990737911
2026-08-28T01:24:04.685031,15.32,-0.686404442089348,-0.06602248916887335,0.0,2.651676394016704,0.0,0.0,0.9701474800073452,0.2425157047190918,0.48888889372811495,-0.01684261350472917,0.0,0.0,0.0,0.7787915817181069
2026-08-28T01:24:04.761109,15.34,-0.694922540039907,-0.06122191668742333,0.0,2.667260474866545,0.0,0.0,0.9720077015231038,0.2349489905910916,0.48888889359878085,-0.016685914699419335,0.0,0.0,0.0,0.7786742252154557
2026-08-28T01:24:04.841859,15.36,-0.7035143640799332,-0.05655457815706503,0.0,2.6828412782930062,0.0,0.0,0.9738085344289814,0.22736960718899804,0.48888889381510947,-0.016532256633784752,0.0,0.0,0.0,0.7785607384548021
2026-08-28T01:24:04.916287,15.38,-0.7121778201281923,-0.052021585878343664,0.0,2.6984188551929673,0.0,0.0,0.9755499122858547,0.21977799853274937,0.48888889391102835,-0.016381567312249466,0.0,0.0,0.0,0.7784505617682241
2026-08-28T01:24:04.994348,15.4,-0.7209107979509805,-0.04762401968097059,0.0,2.713993364017904,0.0,0.0,0.977231783003906,0.21217455617252193,0.4888888941192746,-0.01623382956307451,0.0,0.0,0.0,0.7783437680507109
2026-08-28T01:24:05.077212,15.42,-0.7297111716451242,-0.043362926706025894,0.0,2.729564923323289,0.0,0.0,0.9788540917097928,0.20455969090462725,0.48888889425904447,-0.016089007257670023,0.0,0.0,0.0,0.778240466241389
2026-08-28T01:24:05.150988,15.44,-0.7385768001385177,-0.03923932120923888,0.0,2.745133648063055,0.0,0.0,0.9804167850710755,0.1969338151534584,0.4888888944317048,-0.015947062828117628,0.0,0.0,0.0,0.7781407083031644
2026-08-28T01:24:05.227379,15.46,-0.7475055276843044,-0.03525418436777477,0.0,2.7606997043004498,0.0,0.0,0.9819198165358758,0.18929731613034553,0.48888889441600697,-0.01580798365198377,0.0,0.0,0.0,0.7780445696703336
2026-08-28T01:24:05.303467,15.48,-0.7564951852418919,-0.03140846617552917,0.0,2.776264077823246,0.0,0.0,0.9833632151585145,0.18165017774037293,0.48888889458553214,-0.01567170424728956,0.0,0.0,0.0,0.7779521321925327
2026-08-28T01:24:05.383047,15.5,-0.765543590877943,-0.027703085307239684,0.0,2.7918249349288082,0.0,0.0,0.9847467532992366,0.17399376962010052,0.48888889500791555,-0.015538145740723769,0.0,0.0,0.0,0.7778634406407685
2026-08-28T01:24:05.464946,15.52,-0.7746485458916414,-0.024138918325508973,0.0,2.807384482114479,0.0,0.0,0.9860705710909206,0.16632747466496836,0.4888888947364353,-0.0154074194417157,0.0,0.0,0.0,0.7777780607686169
2026-08-28T01:24:05.542094,15.54,-0.7838078429114673,-0.020716818022145752,0.0,2.8229417993737167,0.0,0.0,0.9873345304926726,0.15865221365242185,0.48888889455153584,-0.015279427016616493,0.0,0.0,0.0,0.7511017820468724
2026-08-28T01:24:05.623147,15.56,-0.7930183889977241,-0.01743513684177491,0.0,2.8379610560679787,0.0,0.0,0.9884980984588351,0.15123329442707772,0.48888889446950573,-0.015155729628609945,0.0,0.0,0.0,0.7507123300274164
2026-08-28T01:24:05.699277,15.58,-0.8022771673300416,-0.0142921103125365,0.0,2.852972119083516,0.0,0.0,0.9896053316555002,0.143809900768366,0.4888888942381644,-0.01503472510388469,0.0,0.0,0.0,0.750318716949636
2026-08-28T01:24:05.777089,15.6,-0.8115820694916575,-0.011288381199921139,0.0,2.8679780675697533,0.0,0.0,0.9906564689146222,0.1363809392752966,0.4888888942273379,-0.014916328705097324,0.0,0.0,0.0,0.7502421408734955
2026-08-28T01:24:05.864927,15.62,-0.8209309932649081,-0.008424604435493433,0.0,2.8829821670130578,0.0,0.0,0.9916517185912314,0.12894521710810855,0.4888888940803896,-0.014800490897712244,0.0,0.0,0.0,0.7501728587954617
2026-08-28T01:24:05.943441,15.64,-0.8303218304404552,-0.005701413225776117,0.0,2.89798514877734,0.0,0.0,0.9925910897267034,0.121502792540564,0.48888889429811555,-0.01468714361141129,0.0,0.0,0.0,0.7501092663926872
2026-08-28T01:24:06.025261,15.66,-0.8397524646086869,-0.0031194115383479572,0.0,2.9129860968961436,0.0,0.0,0.993474489702816,0.11405454094304716,0.4888888939671301,-0.014576367985062752,0.0,0.0,0.0,0.7500495154254082
2026-08-28T01:24:06.104437,15.68,-0.8492207693911237,-0.0006791660228067162,0.0,2.9279862032697244,0.0,0.0,0.9943019550711328,0.10660029147109758,0.4888888937121797,-0.014468073927600425,0.0,0.0,0.0,0.7499933381679026
2026-08-28T01:24:06.181615,15.7,-0.858724612193065,0.0016187821813063751,0.0,2.942984291527834,0.0,0.0,0.9950733903848579,0.09914104976236729,0.4888888939466647,-0.014362154570065807,0.0,0.0,0.0,0.7499414434436016
2026-08-28T01:24:06.263697,15.72,-0.8682618514273135,0.0037739299491152648,0.0,2.9579811990244202,0.0,0.0,0.9957888132250717,0.0916768207116893,0.4888888937402077,-0.014258656532052993,0.0,0.0,0.0,0.7498932293071393
2026-08-28T01:24:06.341759,15.74,-0.8778303396314422,0.00578580165602009,0.0,2.9729770591424867,0.0,0.0,0.9964482022019406,0.08420795881934444,0.4888888935295614,-0.01415755879108859,0.0,0.0,0.0,0.7498496293797376
2026-08-28T01:24:06.420293,15.76,-0.8874279228934492,0.0076539531409208095,0.0,2.987971618182721,0.0,0.0,0.9970515222455453,0.07673501148654928,0.488888893964169,-0.014058650608844984,0.0,0.0,0.0,0.7498102678156404
2026-08-28T01:24:06.493737,15.78,-0.897052441281564,0.00937797181572966,0.0,3.002965099540388,0.0,0.0,0.9975987617639561,0.06925828850774174,0.48888889434617916,-0.013961954507246993,0.0,0.0,0.0,0.7497752289920638
2026-08-28T01:24:06.572225,15.8,-0.9067017292816201,0.010957476727965649,0.0,3.017957754625882,0.0,0.0,0.9980899098537513,0.061778085500689466,0.4888888942809874,-0.013867504903584555,0.0,0.0,0.0,0.7497448707958846
2026-08-28T01:24:06.649714,15.82,-0.9164496059358962,0.012410049635758256,0.0,3.0309810640125656,0.0,0.0,0.9984710243181123,0.05527760484264446,0.4966666548926971,-0.013790419003645794,0.0,0.0,0.0,0.4727146754081522
2026-08-28T01:24:06.728186,15.84,-0.9263128185878977,0.013770678359714449,0.0,3.040657947532856,0.0,0.0,0.9987267934067563,0.0504459327543695,0.4989999971437017,-0.013725711720590445,0.0,0.0,0.0,0.5358696250535941
2026-08-28T01:24:06.806543,15.86,-0.936217765223985,0.014991745432300294,0.0,3.0517876947315976,0.0,0.0,0.9989920530422652,0.04488739197592065,0.49900000107082276,-0.01361008410656674,0.0,0.0,0.0,0.6173622689735276
2026-08-28T01:24:06.881974,15.88,-0.9461561099263408,0.016064065620691494,0.0,3.064556076362937,0.0,0.0,0.999258262435057,0.03850876465521579,0.4999099989847516,-0.013455361412993281,0.0,0.0,0.0,0.6988552633121777
2026-08-28T01:24:06.958757,15.9,-0.9561123873418574,0.016984760269323166,0.0,3.0789204110329695,0.0,0.0,0.9995090639265767,0.031330993099778284,0.4999730101763514,-0.013276493824681495,0.0,0.0,0.0,0.7570430004880272
2026-08-28T01:24:07.047505,15.92,-0.9660822329192836,0.01775281653493299,0.0,3.094172161949201,0.0,0.0,0.9997189252897231,0.02370802432850888,0.4999730100738419,-0.013094272497308768,0.0,0.0,0.0,0.7685028305466265
2026-08-28T01:24:07.122092,15.94,-0.976062681946244,0.018375377867615193,0.0,3.10713192814998,0.0,0.0,0.9998515609727731,0.017229510158709285,0.4999975748750811,-0.01292412148856731,0.0,0.0,0.0,0.4633087126780113
2026-08-28T01:24:07.200938,15.96,-0.9860489642684699,0.018897871195934918,0.0,3.1163857635417003,0.0,0.0,0.9999205776381038,0.012603111357155805,0.49999927383368215,-0.012773938034691228,0.0,0.0,0.0,0.4611940091528746
2026-08-28T01:24:07.279124,15.98,-0.996039664277658,0.01932821241354638,0.0,3.125604176318154,0.0,0.0,0.999968046244492,0.007994153486989331,0.49999978369349823,-0.012626942916762283,0.0,0.0,0.0,0.45984679642904713
2026-08-28T01:24:07.356134,16.0,-1.0060339073717688,0.019666619709212727,0.0,3.1348079351925833,0.0,0.0,0.999994245955052,0.0033923526920067175,0.4999999365280195,-0.012483014407886493,0.0,0.0,0.0,0.4598069828670188
2026-08-28T01:24:07.435686,16.02,-1.016030841884801,0.019913104507884073,0.0,-3.1391750599419472,0.0,0.0,-0.9999992694052082,0.0012087965295427675,0.4999999824298501,-0.012342050052252104,0.0,0.0,0.0,0.4597799942751599
2026-08-28T01:24:07.517057,16.04,-1.026029620892802,0.020067651481817123,0.0,-3.1299739744864983,0.0,0.0,-0.9999831258344433,0.005809306875691598,0.49999999632126313,-0.01220400633176311,0.0,0.0,0.0,0.45975861550342895
2026-08-28T01:24:07.597892,16.06,-1.036029398452101,0.020130251942043674,0.0,-3.1207740753501496,0.0,0.0,-0.9999458238391931,0.01040910114070246,0.500000000728574,-0.012068811399859984,0.0,0.0,0.0,0.45973812859183977
2026-08-28T01:24:07.673387,16.08,-1.0460293289466103,0.020100904691235374,0.0,-3.1115750460326144,0.0,0.0,-0.9998873700188835,0.015008240293929616,0.5000000016482579,-0.01193655369922613,0.0,0.0,0.0,0.45971848054771614
2026-08-28T01:24:07.754009,16.1,-1.056028566948044,0.019979616139104053,0.0,-3.102377050850776,0.0,0.0,-0.999807773221565,0.01960654497191062,0.5000000020969934,-0.011807086834662379,0.0,0.0,0.0,0.45969967992884636
2026-08-28T01:24:07.831704,16.12,-1.0660262672168974,0.019766400300762942,0.0,-3.0931798411743316,0.0,0.0,-0.9997070392547038,0.02420404231929219,0.5000000018975239,-0.011680468872321735,0.0,0.0,0.0,0.45968162994066863
2026-08-28T01:24:07.909161,16.14,-1.0760215923770782,0.019461511256453692,0.0,-3.084076764638403,0.0,0.0,-0.9995865188123574,0.02875398074341354,0.5000000024593725,-0.011556777786415093,0.0,0.0,0.0,0.45036136915791364
2026-08-28T01:24:07.990148,16.16,-1.0860137572037778,0.019066372026385406,0.0,-3.075067285846452,0.0,0.0,-0.9994468479345515,0.03325655053804274,0.5000000023575422,-0.01143612941326666,0.0,0.0,0.0,0.45027508668845867
2026-08-28T01:24:08.067133,16.18,-1.0960019580950113,0.018581257487395576,0.0,-3.0660603430873157,0.0,0.0,-0.9992869435164783,0.03775717835716458,0.500000001935267,-0.011318221553721398,0.0,0.0,0.0,0.4502235672490801
2026-08-28T01:24:08.146443,16.2,-1.1059853858342408,0.018006223726175784,0.0,-3.0570544452408224,0.0,0.0,-0.999106794417193,0.04225651842498357,0.5000000018224129,-0.011202960494833488,0.0,0.0,0.0,0.4502073804732201
2026-08-28T01:24:08.235563,16.22,-1.1159632312051224,0.01734132144045746,0.0,-3.0480492234365077,0.0,0.0,-0.9989064027183794,0.046754664026455964,0.5000000018199121,-0.01109029432714325,0.0,0.0,0.0,0.45019262995351755
2026-08-28T01:24:08.312969,16.24,-1.1259346854444092,0.016586607146600645,0.0,-3.039044439589789,0.0,0.0,-0.9986857709429405,0.051251643057609375,0.5000000017656039,-0.010980209422736588,0.0,0.0,0.0,0.4501787473596872
2026-08-28T01:24:08.390692,16.26,-1.1358989403344553,0.01574214410790987,0.0,-3.030040227414863,0.0,0.0,-0.9984449102447269,0.05574729774974918,0.5000000013602811,-0.010872719902641888,0.0,0.0,0.0,0.45016560918151777
2026-08-28T01:24:08.468335,16.28,-1.1458551884462922,0.014808004436952996,0.0,-3.02103666111541,0.0,0.0,-0.9981838315958298,0.06024150015286858,0.5000000015980449,-0.010767663989910364,0.0,0.0,0.0,0.45015314124691574
2026-08-28T01:24:08.548336,16.3,-1.155802622976144,0.013784266334297952,0.0,-3.0120336168376616,0.0,0.0,-0.9979025406325002,0.06473422123731323,0.5000000017680237,-0.010665047610782361,0.0,0.0,0.0,0.4501414130567972
2026-08-28T01:24:08.629692,16.32,-1.1657404378838652,0.012671015110123278,0.0,-3.003030984511147,0.0,0.0,-0.9976010427628115,0.06922542508754381,0.5000000016274917,-0.010564869980388926,0.0,0.0,0.0,0.4501304728882015
2026-08-28T01:24:08.705604,16.34,-1.1756678279567494,0.011468343168100113,0.0,-2.9940287486589017,0.0,0.0,-0.9972793463004317,0.07371502860735869,0.5000000015756266,-0.010467084428415797,0.0,0.0,0.0,0.45012029053355573
2026-08-28T01:24:08.783326,16.36,-1.185583988864473,0.010176350002200171,0.0,-2.985026951712237,0.0,0.0,-0.9969374620920669,0.07820291987789602,0.5000000017276044,-0.010371616528001672,0.0,0.0,0.0,0.4501108401862463
2026-08-28T01:24:08.861192,16.38,-1.1954881172199228,0.008795142192735599,0.0,-2.9760253677895703,0.0,0.0,-0.9965753906792781,0.08268912076231145,0.5000000014081707,-0.010278525679416574,0.0,0.0,0.0,0.4501021339526464
2026-08-28T01:24:08.939930,16.4,-1.205379410641409,0.007324833395167248,0.0,-2.9670240635370084,0.0,0.0,-0.996193143734961,0.08717350730270834,0.5000000013037368,-0.010187726788712603,0.0,0.0,0.0,0.4500942083205415
2026-08-28T01:24:09.024723,16.42,-1.2152570678098897,0.005765544327318969,0.0,-2.958023059707149,0.0,0.0,-0.995790731834107,0.0916559784918224,0.5000000013404956,-0.010099158420733938,0.0,0.0,0.0,0.4500869885002151
2026-08-28T01:24:09.096176,16.44,-1.2251202766114198,0.0041173324198001465,0.0,-2.948993941309511,0.0,0.0,-0.9953667991887766,0.09615058539962043,0.500000001799394,-0.010012616396139635,0.0,0.0,0.0,0.45293458239343837
2026-08-28T01:24:09.178391,16.46,-1.2349681622993653,0.002379910596613118,0.0,-2.939936321598064,0.0,0.0,-0.9949211454303389,0.10065741093224294,0.5000000019240228,-0.009928137456032217,0.0,0.0,0.0,0.45295017385928665
2026-08-28T01:24:09.250757,16.48,-1.2447999047176606,0.0005533487730966961,0.0,-2.9308785828173787,0.0,0.0,-0.9944550794951877,0.10516223117745153,0.5000000019274944,-0.009845795769659207,0.0,0.0,0.0,0.4529549799917831
2026-08-28T01:24:09.328834,16.5,-1.254614696836379,-0.0013622040854194624,0.0,-2.9218210157324727,0.0,0.0,-0.9939686260814087,0.10966480914968482,0.5000000021369827,-0.009765515867179164,0.0,0.0,0.0,0.45294856121640303
2026-08-28T01:24:09.418096,16.52,-1.2644117333765312,-0.0033665898062404526,0.0,-2.9127635706786656,0.0,0.0,-0.9934617934907026,0.11416507729702839,0.5000000019963404,-0.00968733510279567,0.0,0.0,0.0,0.4529427559586194
2026-08-28T01:24:09.496732,16.54,-1.2741902105793073,-0.005459642766091139,0.0,-2.9037062459013296,0.0,0.0,-0.9929345928374964,0.11866294428605448,0.5000000019168417,-0.009611207794294845,0.0,0.0,0.0,0.45293770539948863
2026-08-28T01:24:09.571376,16.56,-1.2839493262073138,-0.007641190215540574,0.0,-2.894649057698908,0.0,0.0,-0.9923870367491354,0.12315830987907461,0.5000000019355468,-0.009537079233173273,0.0,0.0,0.0,0.45293340745486693
2026-08-28T01:24:09.647775,16.58,-1.293688279603748,-0.009911052295911216,0.0,-2.8855919893346713,0.0,0.0,-0.9918191363076649,0.1276510902966264,0.5000000019485649,-0.009464911616907159,0.0,0.0,0.0,0.45292988093810305
2026-08-28T01:24:09.727241,16.6,-1.3034062717362824,-0.012269042122910587,0.0,-2.87653486392883,0.0,0.0,-0.9912308922804001,0.13214128116906515,0.500000001711927,-0.009394733646348817,0.0,0.0,0.0,0.45292715336520145
2026-08-28T01:24:09.803584,16.62,-1.3131025052569103,-0.014714965806065069,0.0,-2.8674780081967963,0.0,0.0,-0.9906223386661217,0.1366286285361299,0.5000000021306824,-0.00932636462093057,0.0,0.0,0.0,0.45292523828474257
2026-08-28T01:24:09.883711,16.64,-1.3227761846542005,-0.017248622066012055,0.0,-2.8584210176914246,0.0,0.0,-0.989993461222974,0.14111324082365798,0.5000000017662042,-0.00925994788506097,0.0,0.0,0.0,0.4529240952334795
2026-08-28T01:24:09.960888,16.66,-1.3324265161926365,-0.01986980277786899,0.0,-2.8493639121465115,0.0,0.0,-0.9893442733774626,0.14559501617576268,0.5000000014908196,-0.009195429273350403,0.0,0.0,0.0,0.45292383568426187
2026-08-28T01:24:10.038593,16.68,-1.3420527080109526,-0.022578292806193744,0.0,-2.8403070350867936,0.0,0.0,-0.9886748134466332,0.1500736927521444,0.5000000021016742,-0.009132593570280208,0.0,0.0,0.0,0.4529243599426213
2026-08-28T01:24:10.117615,16.7,-1.351653970183342,-0.025373870001648573,0.0,-2.831250237666909,0.0,0.0,-0.9879850851919031,0.15454925246777462,0.5000000023610348,-0.00907147220014277,0.0,0.0,0.0,0.452925675069202
2026-08-28T01:24:10.198355,16.72,-1.3612295147803712,-0.028256305223245626,0.0,-2.8221934372605024,0.0,0.0,-0.987275096722045,0.15902164441508115,0.5000000025253581,-0.009012062977174672,0.0,0.0,0.0,0.4529279636800131
2026-08-28T01:24:10.275276,16.74,-1.3707786147823007,-0.031225174563223535,0.0,-2.8132152951170606,0.0,0.0,-0.9865512920076631,0.16345197532612005,0.5000000024939045,-0.008954609681837675,0.0,0.0,0.0,0.44505814473756306
2026-08-28T01:24:10.354425,16.76,-1.3803008510941914,-0.034279109807918415,0.0,-2.8043164045597444,0.0,0.0,-0.9858142581477476,0.16783994885785117,0.5000000022865714,-0.008899141459299929,0.0,0.0,0.0,0.44498842116004056
2026-08-28T01:24:10.428989,16.78,-1.3897955308241217,-0.03741767027615882,0.0,-2.795418471535309,0.0,0.0,-0.9850577900551105,0.17222412796046246,0.5000000022039129,-0.008845332422606319,0.0,0.0,0.0,0.4449551625245453
2026-08-28T01:24:10.507167,16.8,-1.3992619040425607,-0.0406406010995617,0.0,-2.7865206056213667,0.0,0.0,-0.9842818303733164,0.17660486515652404,0.5000000018407001,-0.008793222397228366,0.0,0.0,0.0,0.4449596391789862
2026-08-28T01:24:10.593096,16.82,-1.4086992210499474,-0.04394764702018268,0.0,-2.7776227479452666,0.0,0.0,-0.9834863895744528,0.18098210276656537,0.5000000022333516,-0.008742612613493385,0.0,0.0,0.0,0.44496548753798143
2026-08-28T01:24:10.669538,16.84,-1.418106734048688,-0.04733854722206794,0.0,-2.7687247022539103,0.0,0.0,-0.9826714652683909,0.18535585058819612,0.5000000022035244,-0.008693558454646044,0.0,0.0,0.0,0.4449723163784552
2026-08-28T01:24:10.749639,16.86,-1.4274836975700602,-0.0508130342481777,0.0,-2.759826441930832,0.0,0.0,-0.9818370698271491,0.18972603488514142,0.5000000019842922,-0.00864607223966899,0.0,0.0,0.0,0.44498012410402915
2026-08-28T01:24:10.824633,16.88,-1.4368293685359568,-0.05437083400964858,0.0,-2.750927764783852,0.0,0.0,-0.9809831987383915,0.19409266805573447,0.5000000017635594,-0.008600137163840081,0.0,0.0,0.0,0.44498884243973075
2026-08-28T01:24:10.905314,16.9,-1.4461430058958475,-0.05801166688875915,0.0,-2.7420286832823186,0.0,0.0,-0.9801098674129949,0.19845565701103496,0.5000000014275978,-0.008555747866631056,0.0,0.0,0.0,0.4449984833421151
2026-08-28T01:24:10.986823,16.92,-1.455423871229627,-0.06173524629484999,0.0,-2.7331296640241085,0.0,0.0,-0.9792171378117086,0.20281468639091513,0.5000000021438024,-0.008512632814492705,0.0,0.0,0.0,0.44500897241534554
2026-08-28T01:24:11.067649,16.94,-1.4646712285958923,-0.06554127922166711,0.0,-2.724230334318565,0.0,0.0,-0.9783049894107463,0.2071698522807783,0.500000002099851,-0.008470941406578242,0.0,0.0,0.0,0.44502034033093074
2026-08-28T01:24:11.143951,16.96,-1.4738843445871908,-0.06942946627854374,0.0,-2.715330646421571,0.0,0.0,-0.9773734331926717,0.21152109135774208,0.5000000019269615,-0.008430659393238529,0.0,0.0,0.0,0.44503284910863405
2026-08-28T01:24:11.221301,16.98,-1.4830624883659957,-0.07339950174315156,0.0,-2.706430425973213,0.0,0.0,-0.9764224664460586,0.21586840208653907,0.5000000015488946,-0.00839183598117927,0.0,0.0,0.0,0.44504633349265615
2026-08-28T01:24:11.301400,17.0,-1.4922049317243415,-0.07745107356695902,0.0,-2.69752988724513,0.0,0.0,-0.9754521281231567,0.22021159310991018,0.5000000015778627,-0.008354327029000994,0.0,0.0,0.0,0.4450608259940587
2026-08-28T01:24:11.384239,17.02,-1.5013109491335908,-0.08158386338996512,0.0,-2.6886290576334235,0.0,0.0,-0.9744624384437797,0.22455056460005363,0.5000000018691847,-0.008318082335277904,0.0,0.0,0.0,0.4450762300916888
2026-08-28T01:24:11.462400,17.04,-1.5103797568746422,-0.08579767692017258,0.0,-2.679671936062833,0.0,0.0,-0.9734470058255794,0.2289124873160361,0.5000000015696797,-0.008282951032985481,0.0,0.0,0.0,0.45084858022428675
2026-08-28T01:24:11.546460,17.06,-1.5194102611986648,-0.0900929631017056,0.0,-2.6706545557118613,0.0,0.0,-0.9724050196014131,0.2332991167020897,0.5000000016835814,-0.00824888279255173,0.0,0.0,0.0,0.45092183806726216
2026-08-28T01:24:11.624534,17.08,-1.5284016620077008,-0.09446951461126674,0.0,-2.6616359881799467,0.0,0.0,-0.9713431249969687,0.23768158010481855,0.5000000017941997,-0.00821600692722565,0.0,0.0,0.0,0.45096800572584883
2026-08-28T01:24:11.702846,17.1,-1.53735322393229,-0.09892698369757318,0.0,-2.6526168664611998,0.0,0.0,-0.9702614124114409,0.24205947943709136,0.5000000020830586,-0.00818426878831505,0.0,0.0,0.0,0.4509842143985973
2026-08-28T01:24:11.791112,17.12,-1.5462642169604188,-0.1034650113241579,0.0,-2.643597150169827,0.0,0.0,-0.9691598952272232,0.246432744340434,0.5000000016573475,-0.008153812150040431,0.0,0.0,0.0,0.4510010806286935
2026-08-28T01:24:11.866989,17.14,-1.5551339145727647,-0.10808323129792635,0.0,-2.6345770830782484,0.0,0.0,-0.9680386225167398,0.25080116689499854,0.5000000018796436,-0.008124482085373303,0.0,0.0,0.0,0.45101896554497123
2026-08-28T01:24:11.950625,17.16,-1.5639615934349151,-0.11278127103023691,0.0,-2.625556511961279,0.0,0.0,-0.966897595239612,0.2551647317319842,0.5000000017003261,-0.008096321587193688,0.0,0.0,0.0,0.45103787267248546
2026-08-28T01:24:12.030467,17.18,-1.5727465334459225,-0.11755875157662572,0.0,-2.6165354827786413,0.0,0.0,-0.9657368392721599,0.2595233270298034,0.500000001666177,-0.008069273085346104,0.0,0.0,0.0,0.4510579796578519
2026-08-28T01:24:12.110133,17.2,-1.5814880177797825,-0.12241528768381006,0.0,-2.607513880057669,0.0,0.0,-0.9645563599995762,0.26387691900650934,0.5000000015340467,-0.008043359815971195,0.0,0.0,0.0,0.451079230129767
2026-08-28T01:24:12.191292,17.22,-1.5901853329374616,-0.12735048781407746,0.0,-2.5984917558304823,0.0,0.0,-0.9633561846741862,0.26822539299998305,0.500000001484417,-0.008018521386228522,0.0,0.0,0.0,0.45110168695883596
2026-08-28T01:24:12.266501,17.24,-1.5988377690917195,-0.1323639536670414,0.0,-2.5894694931995277,0.0,0.0,-0.9621363865283651,0.2725684752830753,0.5000000017957407,-0.007994650605551636,0.0,0.0,0.0,0.4511253229403972
2026-08-28T01:24:12.347229,17.26,-1.607444620152454,-0.13745528021351286,0.0,-2.580446570277985,0.0,0.0,-0.9608969172268451,0.2769063279593759,0.5000000020594115,-0.007971736553440726,0.0,0.0,0.0,0.45115020696969416
2026-08-28T01:24:12.425718,17.28,-1.616005182002577,-0.14262405878663334,0.0,-2.5714232039476186,0.0,0.0,-0.9596378281983039,0.2812387574479069,0.5000000023571569,-0.007949754403784164,0.0,0.0,0.0,0.45117659636827856
2026-08-28T01:24:12.506752,17.3,-1.6245187549135096,-0.1478698730550875,0.0,-2.562399157751858,0.0,0.0,-0.9583591084283305,0.2855657880287054,0.5000000021123832,-0.007928788067348667,0.0,0.0,0.0,0.45120423808806487
2026-08-28T01:24:12.589256,17.32,-1.6329846427231673,-0.15319230056227406,0.0,-2.553374366202959,0.0,0.0,-0.957060770044807,0.28988736164455503,0.5000000019817636,-0.00790883630147295,0.0,0.0,0.0,0.451233299103878
2026-08-28T01:24:12.664963,17.34,-1.6414021647453483,-0.15859089435135867,0.0,-2.544357461360612,0.0,0.0,-0.955744104434176,0.29419926383204115,0.5000000014430608,-0.007889959613906754,0.0,0.0,0.0,0.450387311727792
2026-08-28T01:24:12.747742,17.36,-1.649770704815047,-0.16406510936003305,0.0,-2.535349002719869,0.0,0.0,-0.9544092728738688,0.2985011555293767,0.500000001714263,-0.007872003449443617,0.0,0.0,0.0,0.4504046334405411
2026-08-28T01:24:12.825792,17.38,-1.6580895939967892,-0.1696144855060819,0.0,-2.5263402188220203,0.0,0.0,-0.9530550289694786,0.302797146215063,0.5000000022345877,-0.00785478358889595,0.0,0.0,0.0,0.45042800181636444
2026-08-28T01:24:12.902297,17.4,-1.6663581538892867,-0.17523857743549476,0.0,-2.5173307274405605,0.0,0.0,-0.951681339413575,0.3070873299437535,0.5000000019010886,-0.007838496707676458,0.0,0.0,0.0,0.4504579336563418
2026-08-28T01:24:12.990419,17.42,-1.67457571011586,-0.18093693354046167,0.0,-2.50832019810339,0.0,0.0,-0.9502881760793772,0.3113717752201227,0.5000000013037375,-0.007823249101766258,0.0,0.0,0.0,0.4504894297420012
2026-08-28T01:24:13.066443,17.44,-1.6827415925367732,-0.18670909578090245,0.0,-2.4993094665821998,0.0,0.0,-0.9488756924796417,0.3156499963904332,0.5000000016132223,-0.00780875364558755,0.0,0.0,0.0,0.45052231177239926
2026-08-28T01:24:13.147383,17.46,-1.69085513539467,-0.19255459959262528,0.0,-2.490297621413886,0.0,0.0,-0.9474437701892867,0.31992233796581,0.5000000015453578,-0.00779510438724823,0.0,0.0,0.0,0.4505564293935074
2026-08-28T01:24:13.225168,17.48,-1.6989156744914247,-0.19847297791160937,0.0,-2.4812851947704013,0.0,0.0,-0.9459925174063297,0.3241884590963026,0.500000001932978,-0.00778216694217278,0.0,0.0,0.0,0.45059233155417483
2026-08-28T01:24:13.302117,17.5,-1.7069225510053807,-0.20446375589606497,0.0,-2.47227207162063,0.0,0.0,-0.9445219409879724,0.32844832621329234,0.5000000020000192,-0.007769966080874446,0.0,0.0,0.0,0.4506295183368462
2026-08-28T01:24:13.384592,17.52,-1.7148751107387528,-0.21052645215953042,0.0,-2.4632583372658314,0.0,0.0,-0.9430320805396802,0.3327018110455698,0.5000000015455126,-0.00775862342173862,0.0,0.0,0.0,0.45066836350773204
2026-08-28T01:24:13.462038,17.54,-1.7227727047841368,-0.216660578055774,0.0,-2.454243698451494,0.0,0.0,-0.9415229130177346,0.33694896388414564,0.5000000015126881,-0.0077480645299931455,0.0,0.0,0.0,0.45070885337260586
2026-08-28T01:24:13.547944,17.56,-1.730614686003876,-0.2228656423299098,0.0,-2.4452278358850874,0.0,0.0,-0.9399944088505227,0.3411898464634558,0.5000000015530455,-0.007738203066703931,0.0,0.0,0.0,0.45075109870049446
2026-08-28T01:24:13.627963,17.58,-1.73840041002574,-0.22914114975595115,0.0,-2.436211172400221,0.0,0.0,-0.93844666434327,0.3454241713936505,0.5000000017949262,-0.0077289977688308805,0.0,0.0,0.0,0.4507949715576985
2026-08-28T01:24:13.705554,17.6,-1.7461292385270186,-0.23548659709296446,0.0,-2.427193743530074,0.0,0.0,-0.936879712079048,0.34965183410741646,0.5000000021216658,-0.00772039897625809,0.0,0.0,0.0,0.45084032494929915
2026-08-28T01:24:13.788325,17.62,-1.753800537427051,-0.24190147550031432,0.0,-2.418175385134084,0.0,0.0,-0.9352935500155088,0.3538728236236669,0.5000000021864267,-0.007712456866634178,0.0,0.0,0.0,0.45088748699165915
2026-08-28T01:24:13.866530,17.64,-1.7614135713091876,-0.2483853940250809,0.0,-2.4090935195845526,0.0,0.0,-0.9336769999421702,0.3581162657280296,0.5000000020914531,-0.007704967682394178,0.0,0.0,0.0,0.4574335878141441
2026-08-28T01:24:13.950192,17.66,-1.768967074646122,-0.25493856609627047,0.0,-2.3999435091426875,0.0,0.0,-0.9320288506453333,0.36238408017563234,0.5000000018465388,-0.007697973006838693,0.0,0.0,0.0,0.45756226093410185
2026-08-28T01:24:14.032211,17.68,-1.776460299342228,-0.26156057939594674,0.0,-2.390790169459115,0.0,0.0,-0.9303605830665832,0.366645858392001,0.5000000022555664,-0.007691507544355297,0.0,0.0,0.0,0.45765375244315576
2026-08-28T01:24:14.108693,17.7,-1.7838925993953076,-0.2682509001838692,0.0,-2.3816355490046743,0.0,0.0,-0.9286725907566266,0.3709005516002575,0.5000000024942421,-0.007685575983418077,0.0,0.0,0.0,0.45770376703653604
2026-08-28T01:24:14.192273,17.72,-1.7912633455318463,-0.2750089751783819,0.0,-2.3724802389413826,0.0,0.0,-0.9269650117945573,0.3751477934210946,0.5000000022314322,-0.007680329706909264,0.0,0.0,0.0,0.4577540988089796
2026-08-28T01:24:14.270850,17.74,-1.7985719158262843,-0.2818342426741812,0.0,-2.3633239372391692,0.0,0.0,-0.9252378202759045,0.3793876328125272,0.5000000023254118,-0.00767564999051404,0.0,0.0,0.0,0.45780614361674427
2026-08-28T01:24:14.349755,17.76,-1.8058176897748244,-0.2887261390619184,0.0,-2.354165762018552,0.0,0.0,-0.923490876941692,0.3836203855447006,0.5000000016711108,-0.007671675005807257,0.0,0.0,0.0,0.45786036604785607
2026-08-28T01:24:14.426685,17.78,-1.8130000497196304,-0.29568409719757605,0.0,-2.3450061142604244,0.0,0.0,-0.9217242842861052,0.3878457731589543,0.5000000011859896,-0.007668431589403552,0.0,0.0,0.0,0.45791663633326435
2026-08-28T01:24:14.507609,17.8,-1.8201183865053696,-0.3027075405966024,0.0,-2.3358460268988424,0.0,0.0,-0.9199382725178407,0.39206322800906884,0.5000000014396603,-0.0076656612208507256,0.0,0.0,0.0,0.45797415563579286
2026-08-28T01:24:14.590075,17.82,-1.827172096936146,-0.30979588629283306,0.0,-2.326683997047681,0.0,0.0,-0.918132578544052,0.3962733503732624,0.5000000010267049,-0.007663505989159479,0.0,0.0,0.0,0.45803407588733625
2026-08-28T01:24:14.666753,17.84,-1.8341605776384102,-0.31694855103370045,0.0,-2.317520727204477,0.0,0.0,-0.9163073686579924,0.4004757247862422,0.5000000012265651,-0.007661866487238792,0.0,0.0,0.0,0.4580963788005614
2026-08-28T01:24:14.749326,17.86,-1.8410832331716036,-0.3241649431844013,0.0,-2.3083564257658744,0.0,0.0,-0.9144627155229132,0.4046701643542051,0.5000000015733205,-0.00766060458241196,0.0,0.0,0.0,0.45816037003731275
2026-08-28T01:24:14.828441,17.88,-1.847939473106941,-0.3314444657706775,0.0,-2.29919086124651,0.0,0.0,-0.9125986040567147,0.40885668378263773,0.5000000017530833,-0.007659804188715226,0.0,0.0,0.0,0.4582266219512229
2026-08-28T01:24:14.904637,17.9,-1.8547287120267275,-0.3387865165667011,0.0,-2.290024233373312,0.0,0.0,-0.9107151067245068,0.41303510066793375,0.500000002317745,-0.007659328332894507,0.0,0.0,0.0,0.45829537368019585
2026-08-28T01:24:14.990178,17.92,-1.8614503695250224,-0.3461904881564236,0.0,-2.2808562324203474,0.0,0.0,-0.9088121918180885,0.41720546497235866,0.5000000024260357,-0.007659295989339716,0.0,0.0,0.0,0.4583665524358575
2026-08-28T01:24:15.068665,17.94,-1.8681037411719408,-0.3536558824825806,0.0,-2.2716207781707713,0.0,0.0,-0.9068759682051497,0.4213976486550113,0.5000000025560724,-0.007659427560348441,0.0,0.0,0.0,0.46534247445763566
2026-08-28T01:24:15.147937,17.96,-1.8746874736209456,-0.36118276267559707,0.0,-2.26231059195307,0.0,0.0,-0.9049045040652425,0.4256146596658032,0.5000000019007684,-0.007659926341362317,0.0,0.0,0.0,0.46551126809369653
2026-08-28T01:24:15.228974,17.98,-1.8812008450373316,-0.36877061157245733,0.0,-2.252997551536688,0.0,0.0,-0.9029128173777556,0.4298237362163283,0.5000000021692901,-0.007660809115590894,0.0,0.0,0.0,0.4656363385462743
2026-08-28T01:24:15.305324,18.0,-1.8876432732784598,-0.3764187862769275,0.0,-2.243683374572612,0.0,0.0,-0.9009013060597502,0.4340240047967812,0.5000000023049863,-0.007662055288938602,0.0,0.0,0.0,0.4657106633556476
2026-08-28T01:24:15.391862,18.02,-1.894014190040366,-0.3841266314541663,0.0,-2.234366749679391,0.0,0.0,-0.8988697192431533,0.4382159602613017,0.500000001974427,-0.007663810512572872,0.0,0.0,0.0,0.4657864831778015
2026-08-28T01:24:15.472173,18.04,-1.9003130280785014,-0.39189349033996596,0.0,-2.2250492895954523,0.0,0.0,-0.8968184423578146,0.44239878101878083,0.5000000018422519,-0.007666005337002993,0.0,0.0,0.0,0.4658651579299136
2026-08-28T01:24:15.555220,18.06,-1.9065392315559175,-0.39971869625241696,0.0,-2.215729467750468,0.0,0.0,-0.8947471738216171,0.446573056664001,0.5000000019412268,-0.007668575966680388,0.0,0.0,0.0,0.4659458078942007
2026-08-28T01:24:15.633322,18.08,-1.9126922426357487,-0.40760158352672965,0.0,-2.2064080309690284,0.0,0.0,-0.8926561121350537,0.450738355887238,0.5000000020191581,-0.007671508000818762,0.0,0.0,0.0,0.46602976004242125
2026-08-28T01:24:15.710943,18.1,-1.9187715136607153,-0.4155414777791296,0.0,-2.1970850225882907,0.0,0.0,-0.890545302487657,0.4548945638465771,0.500000002278745,-0.0076747412437157304,0.0,0.0,0.0,0.4661159582913181
2026-08-28T01:24:15.793380,18.12,-1.9247765026985046,-0.42353769959796633,0.0,-2.1877602690913927,0.0,0.0,-0.8884147411229393,0.45904166233083976,0.500000002204145,-0.007678326893981389,0.0,0.0,0.0,0.4662050897680507
2026-08-28T01:24:15.871545,18.14,-1.9307066753790039,-0.43158956326932485,0.0,-2.178434511048506,0.0,0.0,-0.8862646350071912,0.4631792274439455,0.5000000020284119,-0.007682319085923501,0.0,0.0,0.0,0.4662973107748672
2026-08-28T01:24:15.957361,18.16,-1.9365615049394274,-0.4396963768911781,0.0,-2.1691058612025658,0.0,0.0,-0.8840945836895981,0.46730800024257685,0.5000000018451509,-0.007686692646615556,0.0,0.0,0.0,0.46639261965450735
2026-08-28T01:24:16.037096,18.18,-1.942340461023556,-0.44785745051163833,0.0,-2.1597752261709253,0.0,0.0,-0.881904830174551,0.47142748171356774,0.5000000018912524,-0.0076914140613719125,0.0,0.0,0.0,0.4664917423921833
2026-08-28T01:24:16.113936,18.2,-1.9480430245487441,-0.45607208532279,0.0,-2.1504426981199587,0.0,0.0,-0.8796954317698342,0.4755375351360658,0.5000000020076975,-0.007696396173841182,0.0,0.0,0.0,0.46659329606117866
2026-08-28T01:24:16.196668,18.22,-1.9536686823152132,-0.4643395777047016,0.0,-2.1411081171921555,0.0,0.0,-0.8774663865754408,0.4796381348790347,0.5000000021723322,-0.00770168129733911,0.0,0.0,0.0,0.4666981451566464
2026-08-28T01:24:16.272659,18.24,-1.9592169365822336,-0.47265921294176394,0.0,-2.1317761472685346,0.0,0.0,-0.8752188585462699,0.48372714379592596,0.5000000022295633,-0.007707217429240012,0.0,0.0,0.0,0.4663448072134381
2026-08-28T01:24:16.353552,18.26,-1.9646873462591137,-0.48103023881875384,0.0,-2.122447471052711,0.0,0.0,-0.8729530791415089,0.4878041836816886,0.50000000180299,-0.007713183307435071,0.0,0.0,0.0,0.4664413879170724
2026-08-28T01:24:16.434018,18.28,-1.9700794324789777,-0.4894519287994816,0.0,-2.1131157552256443,0.0,0.0,-0.8706675602116312,0.4918719341405094,0.5000000016787317,-0.007719464565811584,0.0,0.0,0.0,0.46654502759136635
2026-08-28T01:24:16.512638,18.3,-1.9753927023394584,-0.4979235649512927,0.0,-2.103781943938734,0.0,0.0,-0.8683625670829366,0.4959298862633028,0.500000001891158,-0.0077259909555838415,0.0,0.0,0.0,0.46665660141223836
2026-08-28T01:24:16.617385,18.32,-1.9806266743248777,-0.5064444212864139,0.0,-2.0944458164789124,0.0,0.0,-0.8660380820274481,0.4999780399959772,0.5000000016103615,-0.007732811126496669,0.0,0.0,0.0,0.46677100199533583
2026-08-28T01:24:16.698698,18.34,-1.985780872886015,-0.5150137673727448,0.0,-2.085107426703214,0.0,0.0,-0.863694155205689,0.5040162757922914,0.5000000018698528,-0.007739856276504036,0.0,0.0,0.0,0.4668891817709935
2026-08-28T01:24:16.778366,18.36,-1.990854831093346,-0.5236308668353556,0.0,-2.0757680523231783,0.0,0.0,-0.8613311485818473,0.5080439473930141,0.5000000020866529,-0.0077470550487366875,0.0,0.0,0.0,0.46701111756625396
2026-08-28T01:24:16.859114,18.38,-1.9958480906904141,-0.5322949774746272,0.0,-2.0664248251907837,0.0,0.0,-0.8589483734008476,0.5120621952771343,0.5000000017824272,-0.007754568886525051,0.0,0.0,0.0,0.4671370413238225
2026-08-28T01:24:16.938551,18.4,-2.0007601862200772,-0.5410053604617607,0.0,-2.0570789198421093,0.0,0.0,-0.8565461615142373,0.5160704149582942,0.5000000015585483,-0.007762369834834727,0.0,0.0,0.0,0.4672682751735663
2026-08-28T01:24:17.022666,18.42,-2.0055906659862073,-0.5497612681354764,0.0,-2.047730143600043,0.0,0.0,-0.8541244991729403,0.5200685915459362,0.5000000012209364,-0.007770505836393998,0.0,0.0,0.0,0.46740246521723944
2026-08-28T01:24:17.099645,18.44,-2.010339084464732,-0.5585619485422179,0.0,-2.038378863187636,0.0,0.0,-0.8516835181643838,0.524056471086025,0.5000000014908081,-0.0077787488102956355,0.0,0.0,0.0,0.46754083913578215
2026-08-28T01:24:17.179317,18.46,-2.0150050022266033,-0.5674066455276248,0.0,-2.029024675769419,0.0,0.0,-0.8492231505174483,0.5280341282769696,0.5000000013910945,-0.007787252055673856,0.0,0.0,0.0,0.46768342243282673
2026-08-28T01:24:17.255869,18.48,-2.019587989210815,-0.5762945971183258,0.0,-2.0196691973872407,0.0,0.0,-0.8467438625766489,0.5320007811918862,0.5000000016076894,-0.007795896172954129,0.0,0.0,0.0,0.46783076367867865
2026-08-28T01:24:17.334053,18.5,-2.0240954312277113,-0.5852211166807514,0.0,-2.0125107823059447,0.0,0.0,-0.8448343017382659,0.5350280390843237,0.5000000008084075,-0.007816406743809089,0.0,0.0,0.0,0.11858362866722649
2026-08-28T01:24:17.416910,18.52,-2.028573978741562,-0.5941621780356252,0.0,-2.0101752741743426,0.0,0.0,-0.844208944683409,0.5360142327555536,0.5000000002340507,-0.007865805344961119,0.0,0.0,0.0,0.11453848677732148
2026-08-28T01:24:17.499266,18.54,-2.033031760127499,-0.6031136108786714,0.0,-2.007803208890436,0.0,0.0,-0.8435726206927782,0.5370151148873914,0.5000000000269571,-0.007914537137802071,0.0,0.0,0.0,0.12263900206688277
2026-08-28T01:24:17.580426,18.56,-2.0374677496314653,-0.6120758627976838,0.0,-2.0053446061020086,0.0,0.0,-0.8429118300338369,0.5380517138612312,0.4999999998975411,-0.00796241375423545,0.0,0.0,0.0,0.12278842441920629
2026-08-28T01:24:17.659125,18.58,-2.0418817162887244,-0.6210489815755518,0.0,-2.0028831285137003,0.0,0.0,-0.8422489906967299,0.5390887103903585,0.4999999996765906,-0.008009786350653456,0.0,0.0,0.0,0.12291929341801705
2026-08-28T01:24:17.737068,18.6,-2.046273610654784,-0.6300329242554448,0.0,-2.0004196952514293,0.0,0.0,-0.8415843474356,0.5401257132847829,0.4999999997907728,-0.008056541249395104,0.0,0.0,0.0,0.12300095735395193
2026-08-28T01:24:17.838707,18.62,-2.0506433903837875,-0.6390276442217568,0.0,-1.9979547622929568,0.0,0.0,-0.8409180215957981,0.5411625273015573,0.49999999995045696,-0.00810270221262216,0.0,0.0,0.0,0.12308294266575893
2026-08-28T01:24:17.917928,18.64,-2.054991014250443,-0.6480330941735418,0.0,-1.995488611676919,0.0,0.0,-0.8402500883176444,0.5421990308753704,0.5000000004808872,-0.00814812653336724,0.0,0.0,0.0,0.12316583028567474
2026-08-28T01:24:18.002631,18.66,-2.059316440953573,-0.6570492267089797,0.0,-1.9930210267601525,0.0,0.0,-0.8395804878794526,0.5432353121549632,0.5000000007374358,-0.00819291803178509,0.0,0.0,0.0,0.12324992754656698
2026-08-28T01:24:18.081858,18.68,-2.0636196290576416,-0.6660759943545603,0.0,-1.9905517235108239,0.0,0.0,-0.8389091417758052,0.544271487260707,0.5000000004487463,-0.00823721193898441,0.0,0.0,0.0,0.12333544455099438
2026-08-28T01:24:18.155627,18.7,-2.067900536959322,-0.6751133495793836,0.0,-1.9880805111239954,0.0,0.0,-0.8382359963356497,0.5453076328524851,0.5000000002643031,-0.00828109583378996,0.0,0.0,0.0,0.12342228835026384
2026-08-28T01:24:18.235783,18.72,-2.0721591228977356,-0.6841612447870117,0.0,-1.9856075776722883,0.0,0.0,-0.8375611009956245,0.5463436666595461,0.5000000000509373,-0.008324467941094833,0.0,0.0,0.0,0.12351032349754279
2026-08-28T01:24:18.312378,18.74,-2.0763953449756563,-0.6932196323003668,0.0,-1.9831331827984262,0.0,0.0,-0.8368845251744794,0.5473794767101577,0.5000000004470606,-0.008367191064355886,0.0,0.0,0.0,0.12359946217558473
2026-08-28T01:24:18.393933,18.76,-2.0806091611704787,-0.7022884643557636,0.0,-1.9806569236113893,0.0,0.0,-0.8362061571614199,0.548415228385692,0.5000000002352862,-0.008409461464621534,0.0,0.0,0.0,0.12368986648056349
2026-08-28T01:24:18.473653,18.78,-2.084800529310791,-0.7113676931136962,0.0,-1.9781790947385929,0.0,0.0,-0.8355260760415572,0.5494507951169041,0.5000000005209234,-0.008451122162472654,0.0,0.0,0.0,0.1237817389828565
2026-08-28T01:24:18.553325,18.8,-2.0889694091647457,-0.720457269696177,0.0,-1.9757003055737712,0.0,0.0,-0.8348444481518577,0.5504859193385606,0.5000000002949326,-0.008492329684500036,0.0,0.0,0.0,0.12387486470428588
2026-08-28T01:24:18.636604,18.82,-2.0931157646199594,-0.7295571432139517,0.0,-1.9732192433381008,0.0,0.0,-0.8341609110358772,0.5515211460132743,0.4999999995546756,-0.008533271992548157,0.0,0.0,0.0,0.123969479093572
2026-08-28T01:24:18.714221,18.84,-2.097239553141205,-0.7386672655951029,0.0,-1.9707363614767839,0.0,0.0,-0.8334755874928292,0.552556282249585,0.499999999673399,-0.008573710678860754,0.0,0.0,0.0,0.1340057502837236
2026-08-28T01:24:18.793743,18.86,-2.101339735767888,-0.7477880362258303,0.0,-1.968043465784714,0.0,0.0,-0.8327308439886622,0.5536780124494113,0.5000000003287043,-0.008612656688246567,0.0,0.0,0.0,0.13522410729509562
2026-08-28T01:24:18.869920,18.88,-2.105415251905705,-0.7569198554539283,0.0,-1.9653336520538862,0.0,0.0,-0.8319798977257709,0.5548057766283764,0.500000000205902,-0.008651054627168614,0.0,0.0,0.0,0.13546548136012299
2026-08-28T01:24:18.946577,18.9,-2.1094660145190542,-0.7660626819492286,0.0,-1.9626203355397465,0.0,0.0,-0.8312264504803459,0.5559339781141688,0.5000000001499542,-0.008689012666341098,0.0,0.0,0.0,0.1355741427686496
2026-08-28T01:24:19.047990,18.92,-2.1134919711412095,-0.775216458617393,0.0,-1.9599050751042442,0.0,0.0,-0.8304709319029636,0.5570619635769644,0.5000000002470792,-0.008726465376781237,0.0,0.0,0.0,0.13567449748194485
2026-08-28T01:24:19.128732,18.94,-2.1174930735759485,-0.7843811262720062,0.0,-1.9571873793556274,0.0,0.0,-0.8297132029521564,0.5581899325918317,0.4999999994577011,-0.00876370469928193,0.0,0.0,0.0,0.1357752962714596
2026-08-28T01:24:19.210235,18.96,-2.121469276187852,-0.7935566244430097,0.0,-1.9544687434374999,0.0,0.0,-0.8289536790366576,0.5593172606058122,0.4999999995199272,-0.008800491046559887,0.0,0.0,0.0,0.13587760647300762
2026-08-28T01:24:19.287940,18.98,-2.125420535567353,-0.8027428915373989,0.0,-1.9517471966311046,0.0,0.0,-0.8281918077309569,0.5604447605316064,0.49999999974538045,-0.008836770493539647,0.0,0.0,0.0,0.13598115520233778
2026-08-28T01:24:19.363892,19.0,-2.1293467964213484,-0.8119398709033425,0.0,-1.9490238537148443,0.0,0.0,-0.8274278985370586,0.5615719657555451,0.5000000001098448,-0.00887248682381592,0.0,0.0,0.0,0.13608699724216347
2026-08-28T01:24:19.445096,19.02,-2.13324801024585,-0.8211475027571041,0.0,-1.94629836984156,0.0,0.0,-0.826661852811924,0.5626990146655289,0.49999999994619176,-0.008907801247907944,0.0,0.0,0.0,0.1361938591237663
2026-08-28T01:24:19.527503,19.04,-2.1371241284199303,-0.8303657271791717,0.0,-1.9435710555736687,0.0,0.0,-0.8258937559102664,0.5638257744626732,0.500000000322961,-0.008942547373206633,0.0,0.0,0.0,0.13630254807354206
2026-08-28T01:24:19.609285,19.06,-2.1409751021253514,-0.8395944841389819,0.0,-1.9408414432862775,0.0,0.0,-0.8251234740739007,0.5649524338669734,0.5000000000253341,-0.008976947353743247,0.0,0.0,0.0,0.1364128859360097
2026-08-28T01:24:19.686965,19.08,-2.144800882347452,-0.8488337134956142,0.0,-1.9381093159613079,0.0,0.0,-0.8243509434293114,0.5660790775741533,0.4999999995551798,-0.00901109672274638,0.0,0.0,0.0,0.1365251477193439
2026-08-28T01:24:19.764323,19.1,-2.1486014198468983,-0.8580833550060076,0.0,-1.9353749812509526,0.0,0.0,-0.8235762484188472,0.5672055738798211,0.4999999995633057,-0.00904482698125549,0.0,0.0,0.0,0.13663906937896111
2026-08-28T01:24:19.848072,19.12,-2.152376665190187,-0.8673433483040734,0.0,-1.9326384012357707,0.0,0.0,-0.8227993759851988,0.5683319337133603,0.4999999996072905,-0.009078145173135977,0.0,0.0,0.0,0.1367545572640805
2026-08-28T01:24:19.923956,19.14,-2.156126446385465,-0.876613682299294,0.0,-1.9298483889256308,0.0,0.0,-0.8220057490956787,0.5694791905361004,0.499999999996786,-0.009110726925815152,0.0,0.0,0.0,0.1421508429692577
2026-08-28T01:24:20.007082,19.16,-2.159849976681266,-0.8858945912817271,0.0,-1.9270011340078448,0.0,0.0,-0.8211941901710067,0.5706488430106421,0.4999999998455931,-0.009142747201601738,0.0,0.0,0.0,0.14234572988428015
2026-08-28T01:24:20.085871,19.18,-2.163547073780842,-0.8951860616914171,0.0,-1.924151988943954,0.0,0.0,-0.8203804265103919,0.5718181142624177,0.4999999999409401,-0.009174370751532645,0.0,0.0,0.0,0.14250708637018134
2026-08-28T01:24:20.160909,19.2,-2.1672176853029277,-0.90448802708815,0.0,-1.9212985239557872,0.0,0.0,-0.8195637603338981,0.5729879952907921,0.5000000000019769,-0.009205549360056235,0.0,0.0,0.0,0.14263102901100877
2026-08-28T01:24:20.252276,19.22,-2.1708617461766835,-0.9138004257814917,0.0,-1.9184423602815268,0.0,0.0,-0.8187446511467722,0.5741578147326312,0.4999999996852355,-0.009236465799189261,0.0,0.0,0.0,0.1427573446179019
2026-08-28T01:24:20.335247,19.24,-2.1744792061958202,-0.9231231899669646,0.0,-1.9155850632869398,0.0,0.0,-0.81792354618285,0.5753269267118228,0.49999999975488324,-0.009266964142973335,0.0,0.0,0.0,0.14288431717580852
2026-08-28T01:24:20.419459,19.26,-2.1780700180691,-0.9324562505046199,0.0,-1.9127239789597152,0.0,0.0,-0.8170996801170037,0.5764964117431176,0.49999999981198145,-0.009297084614333454,0.0,0.0,0.0,0.14301320281457022
2026-08-28T01:24:20.498380,19.28,-2.18163411948061,-0.9417995438189076,0.0,-1.9098604875550387,0.0,0.0,-0.8162734466546329,0.5776656994201459,0.5000000000182308,-0.009326754014435024,0.0,0.0,0.0,0.1431452486881162
2026-08-28T01:24:20.574981,19.3,-2.1850618101077717,-0.950861853817219,0.0,-1.9073511872069775,0.0,0.0,-0.815548036007334,0.5786893821080358,0.46888894424124783,-0.00933544383528593,0.0,0.0,0.0,0.12625187828130302
2026-08-28T01:24:20.651707,19.32,-2.1883227985224507,-0.9595547717946846,0.0,-1.904830013759423,0.0,0.0,-0.8148179000632628,0.5797169910710697,0.45955556939993175,-0.009344837169554853,0.0,0.0,0.0,0.13181321416786915
2026-08-28T01:24:20.727906,19.34,-2.1915184573771995,-0.9681425731994723,0.0,-1.9021879561202168,0.0,0.0,-0.8140513664573469,0.5807928828497525,0.45675555943106483,-0.009351978086969219,0.0,0.0,0.0,0.13132036457115198
2026-08-28T01:24:20.811582,19.36,-2.194678922420865,-0.9767045986834338,0.0,-1.8995450659069264,0.0,0.0,-0.8132831700125637,0.5818680996362624,0.4559155567505869,-0.009358705803818505,0.0,0.0,0.0,0.13129944823201067
2026-08-28T01:24:20.887283,19.38,-2.19781313267615,-0.9852646417790023,0.0,-1.8969019258114297,0.0,0.0,-0.8125134805654912,0.5829424018711893,0.4556635558782722,-0.00936533993635238,0.0,0.0,0.0,0.13133987402640407
2026-08-28T01:24:20.966651,19.4,-2.2009237256457816,-0.9938298100310513,0.0,-1.8942579135853066,0.0,0.0,-0.8117421173562654,0.5840160399423692,0.4555879558156424,-0.009371882454630834,0.0,0.0,0.0,0.13142589712235836
2026-08-28T01:24:21.047628,19.42,-2.2040114598145464,-1.0024022007634317,0.0,-1.89161227467551,0.0,0.0,-0.810968859588064,0.585089316923865,0.4555652755123452,-0.00937846611142817,0.0,0.0,0.0,0.13152793003677962
2026-08-28T01:24:21.120749,19.44,-2.207076661428404,-1.0109823611931112,0.0,-1.8890246920666167,0.0,0.0,-0.8102111975900427,0.586138051400614,0.45555847159813806,-0.009385241870300091,0.0,0.0,0.0,0.1256536948301978
2026-08-28T01:24:21.201391,19.46,-2.210120133956187,-1.019570159435379,0.0,-1.8864959112586548,0.0,0.0,-0.8094694428245239,0.5871620058666559,0.45555643041449656,-0.009392226214746377,0.0,0.0,0.0,0.12567829194103117
2026-08-28T01:24:21.277794,19.48,-2.213142000460581,-1.0281655560494294,0.0,-1.8839668159333725,0.0,0.0,-0.808726301476866,0.5881851488260726,0.4555558184408881,-0.009399079634607711,0.0,0.0,0.0,0.1257478351906087
2026-08-28T01:24:21.355191,19.5,-2.2161422360889182,-1.0367685183982904,0.0,-1.8814362573817718,0.0,0.0,-0.8079814358386186,0.5892079423600503,0.4555556347504639,-0.009405910712358474,0.0,0.0,0.0,0.12586416406746573
2026-08-28T01:24:21.442332,19.52,-2.219120804620922,-1.0453790039204107,0.0,-1.8789038343146784,0.0,0.0,-0.8072347264308468,0.5902305451635961,0.45555557980930306,-0.009412664199162648,0.0,0.0,0.0,0.12598404300304825
2026-08-28T01:24:21.520805,19.54,-2.2220776670894944,-1.0539969667096596,0.0,-1.8763693009644713,0.0,0.0,-0.806486098935336,0.5912530526128922,0.4555555631377118,-0.00941942610155504,0.0,0.0,0.0,0.12610670066944651
2026-08-28T01:24:21.600573,19.56,-2.2250127837314957,-1.0626223597217797,0.0,-1.8738326316260503,0.0,0.0,-0.8057355437054378,0.5922754710518601,0.45555555818243615,-0.00942617885197857,0.0,0.0,0.0,0.12623192302906527
2026-08-28T01:24:21.677197,19.58,-2.2279261170672156,-1.0712551346097794,0.0,-1.871295144555403,0.0,0.0,-0.8049834497317536,0.5932972658439994,0.4555555582598517,-0.009432877728994173,0.0,0.0,0.0,0.12635961024722453
2026-08-28T01:24:21.753399,19.6,-2.230817631984138,-1.0798952419084151,0.0,-1.8687540932819993,0.0,0.0,-0.8042290008318148,0.5943195388181857,0.45555555612476717,-0.00943958124876645,0.0,0.0,0.0,0.12648984429118634
2026-08-28T01:24:21.837281,19.62,-2.233687279208889,-1.0885426367343354,0.0,-1.8662106645360352,0.0,0.0,-0.803472546013295,0.5953418075382525,0.45555555588651414,-0.009446303004553182,0.0,0.0,0.0,0.1266237423494736
2026-08-28T01:24:21.914618,19.64,-2.2365350172435114,-1.0971972713576432,0.0,-1.8636647539942004,0.0,0.0,-0.802714051746618,0.5963641095241462,0.4555555555541143,-0.009453064446234873,0.0,0.0,0.0,0.12675927651112262
2026-08-28T01:24:21.996576,19.66,-2.2393608043215787,-1.1058590979353649,0.0,-1.861116184779733,0.0,0.0,-0.8019534626232532,0.597386511219139,0.4555555550225519,-0.009459926819065318,0.0,0.0,0.0,0.12689745956867488
2026-08-28T01:24:22.074821,19.68,-2.242164601375593,-1.1145280675588922,0.0,-1.8585665841477832,0.0,0.0,-0.8011912626827077,0.5984083560587106,0.45555555512179524,-0.009466758408849908,0.0,0.0,0.0,0.12703830857825021
2026-08-28T01:24:22.152917,19.7,-2.244946372018802,-1.123204130275818,0.0,-1.8560134669751016,0.0,0.0,-0.8004267067538362,0.5994306357829973,0.45555555581482504,-0.009473361528292274,0.0,0.0,0.0,0.12718179754399248
2026-08-28T01:24:22.237304,19.72,-2.247706067388637,-1.1318872399480386,0.0,-1.8534592773138718,0.0,0.0,-0.7996605244592914,0.6004523674876228,0.45555555583575086,-0.009479922305775856,0.0,0.0,0.0,0.12732934403975724
2026-08-28T01:24:22.305579,19.74,-2.250443553793184,-1.140577376827246,0.0,-1.8508569938237784,0.0,0.0,-0.7988785741380067,0.6014923306104787,0.4555555556905824,-0.009486324673398105,0.0,0.0,0.0,0.1319267675665296
2026-08-28T01:24:22.385517,19.76,-2.253158195789066,-1.1492746768864013,0.0,-1.8482062119245808,0.0,0.0,-0.7980806602007854,0.6025506284234368,0.45555555553536825,-0.009492580478043867,0.0,0.0,0.0,0.1321542749251419
2026-08-28T01:24:22.466179,19.78,-2.255849840668822,-1.1579791215684578,0.0,-1.8455515649116283,0.0,0.0,-0.7972801777984387,0.6036094085496763,0.45555555565895856,-0.00949878510179499,0.0,0.0,0.0,0.13234883821752882
2026-08-28T01:24:22.544033,19.8,-2.2585184357649015,-1.166690660439358,0.0,-1.8428936785047187,0.0,0.0,-0.7964773113793343,0.6046684152971338,0.45555555565595346,-0.009504961284059175,0.0,0.0,0.0,0.13250887108785095
2026-08-28T01:24:22.623923,19.82,-2.2611639336707756,-1.1754092411742483,0.0,-1.8402330625203382,0.0,0.0,-0.7956722116205459,0.6057274400709194,0.4555555559890231,-0.009511016733265237,0.0,0.0,0.0,0.13267127022421168
2026-08-28T01:24:22.703690,19.84,-2.2637862874499493,-1.184134811055173,0.0,-1.8375692271128075,0.0,0.0,-0.7948647269949524,0.6067866723810271,0.4555555555893132,-0.009517157584863113,0.0,0.0,0.0,0.13283667801965096
2026-08-28T01:24:22.786832,19.86,-2.2663854497375646,-1.1928673172478368,0.0,-1.8349022999100064,0.0,0.0,-0.7940548926089191,0.6078460557771499,0.45555555548618165,-0.009523287865248477,0.0,0.0,0.0,0.1330056653128096
2026-08-28T01:24:22.863045,19.88,-2.268961372655929,-1.20160670681576,0.0,-1.8322320719568694,0.0,0.0,-0.7932426413723862,0.6089056674958445,0.4555555552427526,-0.009529471393876136,0.0,0.0,0.0,0.13317795565049276
2026-08-28T01:24:22.942207,19.9,-2.2715140078331606,-1.2103529267123623,0.0,-1.8295587431359603,0.0,0.0,-0.7924280304476812,0.6099654224304923,0.4555555554060195,-0.009535577037677904,0.0,0.0,0.0,0.13335380613176115
2026-08-28T01:24:23.036826,19.92,-2.274043310300192,-1.2191059226451564,0.0,-1.8268839080771415,0.0,0.0,-0.7916115435403672,0.6110246837351477,0.4555555554178136,-0.00954166829853423,0.0,0.0,0.0,0.13353318216416823
2026-08-28T01:24:23.114359,19.94,-2.2765492384917265,-1.2278656391084732,0.0,-1.8242038429520187,0.0,0.0,-0.7907920400694037,0.6120849200583777,0.45555555524843766,-0.009547761477319158,0.0,0.0,0.0,0.13371643248425588
2026-08-28T01:24:23.196960,19.96,-2.2790317347313214,-1.236632024964302,0.0,-1.8215220376112822,0.0,0.0,-0.7899705830817242,0.6131447446284773,0.4555555549511729,-0.009553910708646774,0.0,0.0,0.0,0.13390515031288236
2026-08-28T01:24:23.274735,19.98,-2.2814907565025586,-1.2454050244707482,0.0,-1.8188348459662536,0.0,0.0,-0.7891460515651259,0.6142055920448557,0.455555555070597,-0.009560004122825322,0.0,0.0,0.0,0.1340961883279867
2026-08-28T01:24:23.353910,20.0,-2.283926240143473,-1.254184587544361,0.0,-1.8161443447824845,0.0,0.0,-0.7883190773197388,0.6152666351540246,0.45555555565079864,-0.009565917185372023,0.0,0.0,0.0,0.1342928643681728
2026-08-28T01:24:23.436284,20.02,-2.286338133643464,-1.2629706604988349,0.0,-1.8134504197945438,0.0,0.0,-0.787489621362313,0.6163279129218802,0.45555555613918,-0.009571663186277985,0.0,0.0,0.0,0.13449204265905915
2026-08-28T01:24:23.514953,20.04,-2.288726191670529,-1.27176324171459,0.0,-1.810670510373812,0.0,0.0,-0.7866321930478083,0.6174218921133229,0.4555555556678354,-0.009577218438019876,0.0,0.0,0.0,0.1434679442489893
2026-08-28T01:24:23.594589,20.06,-2.2910891994792473,-1.2805625881071854,0.0,-1.8077916916010592,0.0,0.0,-0.7857426555766003,0.618553537866717,0.45555555561772193,-0.009582411678831832,0.0,0.0,0.0,0.1438355842330813
2026-08-28T01:24:23.672798,20.08,-2.293426891778124,-1.2893686937991202,0.0,-1.8049093825050444,0.0,0.0,-0.7848504086761868,0.6196852717314029,0.4555555555140958,-0.009587607585998942,0.0,0.0,0.0,0.1441344466474182
2026-08-28T01:24:23.747588,20.1,-2.295739214794387,-1.298181494989869,0.0,-1.8020213637955602,0.0,0.0,-0.7839547593874083,0.6208179565974479,0.4555555556693925,-0.009592758335257521,0.0,0.0,0.0,0.14434924549816416
2026-08-28T01:24:23.830160,20.12,-2.298026099201173,-1.3070009315982989,0.0,-1.799127134879486,0.0,0.0,-0.7830555442047012,0.6219517784284238,0.45555555576978374,-0.009597852412585869,0.0,0.0,0.0,0.14456913457832263
2026-08-28T01:24:23.909717,20.14,-2.3002874778910325,-1.3158269425156321,0.0,-1.7962308120990322,0.0,0.0,-0.7821540368667067,0.6230851166679512,0.45555555559956595,-0.009602987577243101,0.0,0.0,0.0,0.009230799487679908
2026-08-28T01:24:23.993233,20.16,-2.302539723836778,-1.3246552906224685,0.0,-1.7965271976711468,0.0,0.0,-0.7822463649972763,0.6229692002407085,0.45555555584192375,-0.009623137717175047,0.0,0.0,0.0,-0.04256553579494251
2026-08-28T01:24:24.072227,20.18,-2.3047994860368437,-1.3334817177900566,0.0,-1.797390617529419,0.0,0.0,-0.7825152340832315,0.6226314386759356,0.4555555557745394,-0.009646620866318461,0.0,0.0,0.0,-0.04455010647616098
2026-08-28T01:24:24.150004,20.2,-2.3070670742326427,-1.3423061376173868,0.0,-1.7982765009077994,0.0,0.0,-0.7827909467317009,0.6222847689883526,0.4555555552950534,-0.00966990339453727,0.0,0.0,0.0,-0.044805222049760424
2026-08-28T01:24:24.234248,20.22,-2.30934256293137,-1.351128523502265,0.0,-1.7991648740790653,0.0,0.0,-0.7830672800464399,0.6219370023729658,0.4555555554994582,-0.009692723580206168,0.0,0.0,0.0,-0.04474887362654522
2026-08-28T01:24:24.310639,20.24,-2.3116259469291722,-1.3599488692460586,0.0,-1.8000521380642773,0.0,0.0,-0.7833431141315498,0.6215895474850632,0.455555555174748,-0.009715236558006265,0.0,0.0,0.0,-0.044678587872638974
2026-08-28T01:24:24.393103,20.26,-2.3139172122414005,-1.368767170942633,0.0,-1.800938359792592,0.0,0.0,-0.7836184703004465,0.6212423786284933,0.45555555528653885,-0.009737334145514625,0.0,0.0,0.0,-0.044605260057338
2026-08-28T01:24:24.472434,20.28,-2.316216344152141,-1.3775834249109835,0.0,-1.8018237684938152,0.0,0.0,-0.7838934202056951,0.6208954064560451,0.4555555557807325,-0.009758893193102039,0.0,0.0,0.0,-0.04453084956295076
2026-08-28T01:24:24.549067,20.3,-2.3185233277122106,-1.3863976275658803,0.0,-1.802708244752508,0.0,0.0,-0.7841679271650104,0.6205486781919135,0.4555555562106681,-0.009779962225471839,0.0,0.0,0.0,-0.04445529830023413
2026-08-28T01:24:24.628298,20.32,-2.320838147770896,-1.3952097754134767,0.0,-1.8035915279614718,0.0,0.0,-0.7844419107950772,0.620202296503462,0.45555555618636817,-0.009800654602063301,0.0,0.0,0.0,-0.04437844370870103
2026-08-28T01:24:24.704864,20.34,-2.323160667103483,-1.4040198972071372,0.0,-1.8044179152668205,0.0,0.0,-0.7846981074765861,0.6198781171509962,0.45555555565738476,-0.009820975934592042,0.0,0.0,0.0,-0.03876767790864969
2026-08-28T01:24:24.784932,20.36,-2.3254901377673596,-1.4128281835897711,0.0,-1.805187151237017,0.0,0.0,-0.784936465702548,0.6195762623038367,0.4555555558399586,-0.009840736317171014,0.0,0.0,0.0,-0.03862387088849094
2026-08-28T01:24:24.862756,20.38,-2.3278264132767017,-1.4216346675269782,0.0,-1.8059540058630745,0.0,0.0,-0.7851739704588917,0.6192752506873009,0.45555555564666095,-0.009860195240337006,0.0,0.0,0.0,-0.03851011255993247
2026-08-28T01:24:24.941241,20.4,-2.330169472225399,-1.430439349085742,0.0,-1.8067189171365494,0.0,0.0,-0.7854107583388289,0.6189749111923888,0.45555555530163255,-0.009879437132775473,0.0,0.0,0.0,-0.03842734812095863
2026-08-28T01:24:25.030441,20.42,-2.33251929795714,-1.4392422271172052,0.0,-1.8074821722609493,0.0,0.0,-0.7856469190260643,0.6186751317330064,0.45555555486183247,-0.009898473366099315,0.0,0.0,0.0,-0.03834400517049232
2026-08-28T01:24:25.104333,20.44,-2.334875874407605,-1.4480433003512305,0.0,-1.8082441945925993,0.0,0.0,-0.7858825841275817,0.618375746585322,0.4555555552301273,-0.009917103189664591,0.0,0.0,0.0,-0.038259804855285476
2026-08-28T01:24:25.188863,20.46,-2.337239185368027,-1.456842567590926,0.0,-1.8090046441428318,0.0,0.0,-0.7861176490932316,0.6180768898641421,0.45555555503718365,-0.009935478139093222,0.0,0.0,0.0,-0.038174549116160826
2026-08-28T01:24:25.262032,20.48,-2.33960921444721,-1.4656400277250372,0.0,-1.8097634495559003,0.0,0.0,-0.7863520925530589,0.6177785902226018,0.45555555471921577,-0.00995362244314511,0.0,0.0,0.0,-0.03808795320600671
2026-08-28T01:24:25.343004,20.5,-2.3419859450341587,-1.4744356797415994,0.0,-1.8105209304706527,0.0,0.0,-0.7865860138944077,0.6174807225701111,0.4555555551648468,-0.009971378710672923,0.0,0.0,0.0,-0.03800018433095455
2026-08-28T01:24:25.421059,20.52,-2.3443693603132245,-1.4832295227198289,0.0,-1.8112771198921822,0.0,0.0,-0.786819423860607,0.6171832744296157,0.45555555551252186,-0.009988723627523661,0.0,0.0,0.0,-0.03791125099006028
2026-08-28T01:24:25.499395,20.54,-2.3467594432635424,-1.4920215558286745,0.0,-1.8120316613028842,0.0,0.0,-0.7870522130291017,0.6168863865948037,0.4555555554171166,-0.010005812374942724,0.0,0.0,0.0,-0.037820923625047326
2026-08-28T01:24:25.581156,20.56,-2.349156176630045,-1.5008117783449095,0.0,-1.8127845330844579,0.0,0.0,-0.7872843754358545,0.616590068193266,0.4555555553863095,-0.010022644029492288,0.0,0.0,0.0,-0.03772914234989444
2026-08-28T01:24:25.658327,20.58,-2.3515595429129474,-1.509600189649161,0.0,-1.8135358866412776,0.0,0.0,-0.7875159584449056,0.6162942602317514,0.45555555560942035,-0.010039138355268682,0.0,0.0,0.0,-0.03763608562110412
2026-08-28T01:24:25.733076,20.6,-2.353969524389755,-1.5183867892211056,0.0,-1.8142856880198102,0.0,0.0,-0.7877469522395542,0.6159989766527973,0.45555555584527335,-0.010055301360417768,0.0,0.0,0.0,-0.037541728399319726
2026-08-28T01:24:25.813066,20.62,-2.356386103113614,-1.5271715766425433,0.0,-1.8150338268622364,0.0,0.0,-0.7879773235009444,0.615704261515452,0.45555555595556624,-0.010071173532978633,0.0,0.0,0.0,-0.03744593677703535
2026-08-28T01:24:25.891131,20.64,-2.3588092999254293,-1.5359545408256396,0.0,-1.8157978439309104,0.0,0.0,-0.7882124702827807,0.6154032025353107,0.45555555571949935,-0.010086903791130494,0.0,0.0,0.0,-0.03912635289564963
2026-08-28T01:24:25.974586,20.66,-2.3612393310223116,-1.544735616577477,0.0,-1.816577856637755,0.0,0.0,-0.7884524214900908,0.6150957478689089,0.4555555554024337,-0.01010253228843434,0.0,0.0,0.0,-0.03905059464354716
2026-08-28T01:24:26.054153,20.68,-2.363676219910217,-1.5535147916565584,0.0,-1.8173564371083006,0.0,0.0,-0.7886918125086915,0.6147887644400758,0.45555555547206134,-0.010117891019208411,0.0,0.0,0.0,-0.03896265507782628
2026-08-28T01:24:26.129526,20.7,-2.3661199518617346,-1.5622920643922205,0.0,-1.8181342448673956,0.0,0.0,-0.7889308465949277,0.6144819926499154,0.4555555554431575,-0.010133029318399584,0.0,0.0,0.0,-0.03886210389231944
2026-08-28T01:24:26.213381,20.72,-2.3685705123959173,-1.571067433081018,0.0,-1.818909179854282,0.0,0.0,-0.7891688791649174,0.6141762614735187,0.45555555544394244,-0.010147918382707635,0.0,0.0,0.0,-0.03875985902183788
2026-08-28T01:24:26.286883,20.74,-2.371027875461401,-1.5798408992901034,0.0,-1.8196820283637134,0.0,0.0,-0.7894061528423052,0.6138712616295954,0.45555555518665036,-0.010162645970390146,0.0,0.0,0.0,-0.03865544871832646
2026-08-28T01:24:26.369477,20.76,-2.3734920212934534,-1.5886124628855993,0.0,-1.8204530676434454,0.0,0.0,-0.7896427536012515,0.613566884442954,0.4555555554692916,-0.010177072738583048,0.0,0.0,0.0,-0.03855017605839015
2026-08-28T01:24:26.446152,20.78,-2.3759629299426828,-1.5973821238287986,0.0,-1.8212221498484227,0.0,0.0,-0.7898786368986603,0.613263188990758,0.4555555555010246,-0.010191258217042599,0.0,0.0,0.0,-0.03844349346032324
2026-08-28T01:24:26.523957,20.8,-2.3784405812274336,-1.6061498821927735,0.0,-1.8219891980765572,0.0,0.0,-0.7901137800222239,0.612960206391078,0.45555555553485183,-0.010205225471926664,0.0,0.0,0.0,-0.03833517130246913
2026-08-28T01:24:26.606309,20.82,-2.3809249546932754,-1.6149157381763222,0.0,-1.8227541661791522,0.0,0.0,-0.7903481697250605,0.6126579556426627,0.4555555555182467,-0.010218982786061705,0.0,0.0,0.0,-0.038225255898625306
2026-08-28T01:24:26.684830,20.84,-2.3834160296134317,-1.6236796921008614,0.0,-1.8235169278537677,0.0,0.0,-0.7905817682449019,0.6123564874472747,0.45555555535154557,-0.010232575222100795,0.0,0.0,0.0,-0.03811374696007431
2026-08-28T01:24:26.767183,20.86,-2.3859137849906196,-1.6324417444151158,0.0,-1.8242777821342868,0.0,0.0,-0.7908146680582246,0.6120556843817072,0.45555555570736656,-0.010245852839226759,0.0,0.0,0.0,-0.03800062309222487
2026-08-28T01:24:26.845575,20.88,-2.388418199553979,-1.6412018956916674,0.0,-1.8250364364136742,0.0,0.0,-0.7910467804899503,0.6117556628887749,0.45555555568760053,-0.010258936845381178,0.0,0.0,0.0,-0.037885916267145124
2026-08-28T01:24:26.923077,20.9,-2.390929251758575,-1.6499601466326312,0.0,-1.8257930377195983,0.0,0.0,-0.7912781514472552,0.6114563656077305,0.4555555559622737,-0.010271745983187792,0.0,0.0,0.0,-0.03776936851651631
2026-08-28T01:24:27.005038,20.92,-2.393446919754564,-1.6587164980750773,0.0,-1.8265471874761467,0.0,0.0,-0.7915086600222981,0.6111579510320602,0.45555555563192174,-0.01028444820731358,0.0,0.0,0.0,-0.03765112104046667
2026-08-28T01:24:27.087326,20.94,-2.3959713861587253,-1.667470891905152,0.0,-1.8273862481713987,0.0,0.0,-0.7917649896674058,0.6108258353548683,0.4555555554619585,-0.010297277819016687,0.0,0.0,0.0,-0.0468873016248582
2026-08-28T01:24:27.170110,20.96,-2.398503859618191,-1.6762229727603146,0.0,-1.828324181590799,0.0,0.0,-0.7920513595727655,0.6104544567770258,0.45555555561333094,-0.010310218825330458,0.0,0.0,0.0,-0.046896134980701755
2026-08-28T01:24:27.247877,20.98,-2.4010445400851066,-1.6849726746918385,0.0,-1.8292618228732447,0.0,0.0,-0.7923374661685563,0.610083059677608,0.455555555726098,-0.010322941885754576,0.0,0.0,0.0,-0.04684428873259519
2026-08-28T01:24:27.327279,21.0,-2.403593415992399,-1.6937199927240243,0.0,-1.8301978876268492,0.0,0.0,-0.7926229180001341,0.6097121532829674,0.45555555592003977,-0.010335422746835294,0.0,0.0,0.0,-0.0467198393970797
2026-08-28T01:24:27.413621,21.02,-2.4061504676448546,-1.7024649242843057,0.0,-1.8311326909010137,0.0,0.0,-0.7929078118684512,0.609341613446829,0.4555555557364287,-0.010347757655862704,0.0,0.0,0.0,-0.04659201213262821
2026-08-28T01:24:27.493722,21.04,-2.4087156760629105,-1.7112074666458839,0.0,-1.8320635851115563,0.0,0.0,-0.7931913422601385,0.608972490810184,0.45555555554820926,-0.010359955152389966,0.0,0.0,0.0,-0.04646161601249558
2026-08-28T01:24:27.575075,21.06,-2.4112890078349047,-1.719947621381078,0.0,-1.8329917762404886,0.0,0.0,-0.793473878261225,0.6086043086580072,0.45555555534988335,-0.010372028903708462,0.0,0.0,0.0,-0.04632834574187487
2026-08-28T01:24:27.652046,21.08,-2.413870440422677,-1.7286853869430812,0.0,-1.8339186531748561,0.0,0.0,-0.7937558436897955,0.6082365169967198,0.455555555288725,-0.010383945763013469,0.0,0.0,0.0,-0.04619404241602962
2026-08-28T01:24:27.729905,21.1,-2.4163492614947284,-1.7370479586775325,0.0,-1.8345125740274013,0.0,0.0,-0.793936430863627,0.6080007761076669,0.41666673555685224,-0.010366779854166782,0.0,0.0,0.0,-0.024967505754946287
2026-08-28T01:24:27.813805,21.12,-2.41869115136861,-1.7449238178385262,0.0,-1.8349736078356613,0.0,0.0,-0.7940765642248887,0.6078177441871833,0.4050000105147904,-0.010351704858242109,0.0,0.0,0.0,-0.03815026492788383
2026-08-28T01:24:27.890924,21.14,-2.4209961607154464,-1.7526524111019397,0.0,-1.835754600290183,0.0,0.0,-0.7943138542115274,0.6075076139503341,0.40150000179858286,-0.010336664058096377,0.0,0.0,0.0,-0.040541563702050386
2026-08-28T01:24:27.972408,21.16,-2.423294407696708,-1.7603355379651808,0.0,-1.8365685351874275,0.0,0.0,-0.794561024250247,0.607184303768138,0.40045000036804157,-0.010320755795902853,0.0,0.0,0.0,-0.040567956372281645
2026-08-28T01:24:28.050936,21.18,-2.425594964443061,-1.7680037235540933,0.0,-1.837381287617833,0.0,0.0,-0.7948077038952017,0.6068613629395411,0.40013499958987153,-0.010304944540746253,0.0,0.0,0.0,-0.04044762439756062
2026-08-28T01:24:28.126779,21.2,-2.427900544653208,-1.7756661239858385,0.0,-1.838191495225102,0.0,0.0,-0.7950534805172988,0.6065393335286089,0.4000404998920185,-0.010289395155440882,0.0,0.0,0.0,-0.040322457066795714
2026-08-28T01:24:28.209996,21.22,-2.4302119493185423,-1.7833254862426706,0.0,-1.838999306633785,0.0,0.0,-0.7952984003549183,0.6062181574259453,0.4000121506041165,-0.010274123961797265,0.0,0.0,0.0,-0.04020093285545523
2026-08-28T01:24:28.287150,21.24,-2.432529405382664,-1.7909826346702546,0.0,-1.8398042851251206,0.0,0.0,-0.7955423322190106,0.6058980092784076,0.40000364545446354,-0.010259365857143609,0.0,0.0,0.0,-0.040079736096690514
2026-08-28T01:24:28.365482,21.26,-2.4348529670977594,-1.7986378170031614,0.0,-1.84060654049646,0.0,0.0,-0.7957853106759664,0.6055788464868598,0.40000109393129657,-0.010245069116359157,0.0,0.0,0.0,-0.0399574135482393
2026-08-28T01:24:28.444294,21.28,-2.4371826366055256,-1.8062911081173325,0.0,-1.8414059020663598,0.0,0.0,-0.7960272853369813,0.6052607380286914,0.40000032817964715,-0.010231294127626337,0.0,0.0,0.0,-0.039833858007039265
2026-08-28T01:24:28.524520,21.3,-2.439518400231693,-1.8139425311200157,0.0,-1.8422023117124793,0.0,0.0,-0.7962682399638428,0.6049437081455465,0.4000000981102761,-0.01021804754507459,0.0,0.0,0.0,-0.03970882934594143
2026-08-28T01:24:28.608443,21.32,-2.4418602393895172,-1.8215920936771068,0.0,-1.8429960617916714,0.0,0.0,-0.79650826430564,0.6046276415222981,0.40000002936177015,-0.010205180172430748,0.0,0.0,0.0,-0.03958235761611942
2026-08-28T01:24:28.686118,21.34,-2.444208133865016,-1.829239798899686,0.0,-1.8437869941512501,0.0,0.0,-0.7967473117986389,0.6043126021701373,0.4000000085803353,-0.010192742352774915,0.0,0.0,0.0,-0.03945441850163548
2026-08-28T01:24:28.766729,21.36,-2.4465620628005698,-1.836885648619067,0.0,-1.8445752586266269,0.0,0.0,-0.7969854289871782,0.60399853144037,0.40000000256624935,-0.010180647563261215,0.0,0.0,0.0,-0.03932474566934329
2026-08-28T01:24:28.846242,21.38,-2.4489220049617115,-1.8445296443731187,0.0,-1.8453608275737658,0.0,0.0,-0.7972226087469736,0.6036854413539139,0.400000000875963,-0.010168886837107066,0.0,0.0,0.0,-0.03919338791580198
2026-08-28T01:24:28.923356,21.4,-2.451287941371234,-1.8521717869203485,0.0,-1.8461450405925923,0.0,0.0,-0.7974592564466043,0.6033727987800154,0.4000000011066139,-0.01015743886732599,0.0,0.0,0.0,-0.039060177780625066
2026-08-28T01:24:29.003131,21.42,-2.4536598553080053,-1.8598120763061192,0.0,-1.8469251088824536,0.0,0.0,-0.7976945317768886,0.6030617165541603,0.40000000042208506,-0.010146328933330334,0.0,0.0,0.0,-0.03892505733568115
2026-08-28T01:24:29.081298,21.44,-2.4560377170300645,-1.8674505166716955,0.0,-1.8477021440128782,0.0,0.0,-0.7979287716364243,0.6027517527098424,0.4000000000543369,-0.010135629037500038,0.0,0.0,0.0,-0.038786988855743235
2026-08-28T01:24:29.159724,21.46,-2.4584215040464774,-1.875087109960114,0.0,-1.8484760906169342,0.0,0.0,-0.7981619607223999,0.6024429304554699,0.39999999966704425,-0.010125339737568769,0.0,0.0,0.0,-0.03864791793666663
2026-08-28T01:24:29.236969,21.48,-2.460811196360919,-1.882721857386007,0.0,-1.849248704782527,0.0,0.0,-0.798394629131511,0.602134549892262,0.3999999999542637,-0.010115296346344806,0.0,0.0,0.0,-0.03850697927187406
2026-08-28T01:24:29.317274,21.5,-2.463206779132343,-1.8903547585921874,0.0,-1.8500184818759453,0.0,0.0,-0.7986263246808529,0.6018272123514795,0.40000000010884484,-0.010105523282177105,0.0,0.0,0.0,-0.03836413459508671
2026-08-28T01:24:29.397580,21.52,-2.4656082264901644,-1.8979858167253771,0.0,-1.8507836927849757,0.0,0.0,-0.7988565285951277,0.6015216095211726,0.3999999998038881,-0.010096110220250866,0.0,0.0,0.0,-0.03821798899534991
2026-08-28T01:24:29.480877,21.54,-2.46801575019869,-1.905614959954721,0.0,-1.8516600229499098,0.0,0.0,-0.7991200176666478,0.6011715207529849,0.39999999973609135,-0.010087379583412291,0.0,0.0,0.0,-0.05084423387268427
2026-08-28T01:24:29.562393,21.56,-2.4704307914921424,-1.9132417267282817,0.0,-1.8526765208803628,0.0,0.0,-0.7994254592436947,0.6007652912019866,0.40000000007664094,-0.01007938420026949,0.0,0.0,0.0,-0.05089888418444218
2026-08-28T01:24:29.638968,21.58,-2.472853594411975,-1.9208660314104777,0.0,-1.8536934353141048,0.0,0.0,-0.7997308193412636,0.6003587399178523,0.4000000004516021,-0.01007155680009528,0.0,0.0,0.0,-0.050870138687086015
2026-08-28T01:24:29.736969,21.6,-2.4752841541992416,-1.9284878668175682,0.0,-1.854709882926783,0.0,0.0,-0.8000358326502895,0.5999522201605374,0.4000000001843094,-0.010064035164894194,0.0,0.0,0.0,-0.05073293531522881
2026-08-28T01:24:29.855052,21.62,-2.4777224573357413,-1.9361072285810876,0.0,-1.8557234038033519,0.0,0.0,-0.8003397619602594,0.5995467166329872,0.3999999998787322,-0.01005680947527588,0.0,0.0,0.0,-0.05059103442890067
2026-08-28T01:24:29.980118,21.64,-2.480168480044992,-1.9437241156623497,0.0,-1.856734126988966,0.0,0.0,-0.8006426476315229,0.599142179114094,0.3999999999693093,-0.010049780313771564,0.0,0.0,0.0,-0.05064222399697766
2026-08-28T01:24:30.091800,21.66,-2.4826222129081565,-1.9513385224645647,0.0,-1.8577460907763361,0.0,0.0,-0.8009457002236291,0.5987369917528734,0.40000000039407324,-0.01004287880007384,0.0,0.0,0.0,-0.050492599020770385
2026-08-28T01:24:30.169838,21.68,-2.485083643020126,-1.9589504445438342,0.0,-1.8587535548788239,0.0,0.0,-0.8012472016055119,0.598333453785877,0.4000000004274866,-0.010036172040781674,0.0,0.0,0.0,-0.05034032973326132
2026-08-28T01:24:30.252192,21.7,-2.4875527360887455,-1.9665598844287233,0.0,-1.8597577042542488,0.0,0.0,-0.8015475086860567,0.5979310924506065,0.4000000000342645,-0.010029754494442837,0.0,0.0,0.0,-0.050182110108084856
2026-08-28T01:24:30.332162,21.72,-2.490029465623586,-1.9741668422170708,0.0,-1.8607587637265834,0.0,0.0,-0.8018466905596575,0.5975298192044685,0.4000000001823802,-0.010023495456243403,0.0,0.0,0.0,-0.0500223266810831
2026-08-28T01:24:30.410297,21.74,-2.4925138006767984,-1.9817713195428088,0.0,-1.8617547845463873,0.0,0.0,-0.8021441671827995,0.5971304171239421,0.4000000008114007,-0.01001727399798546,0.0,0.0,0.0,-0.04964258529810809
2026-08-28T01:24:30.497642,21.76,-2.49500569242413,-1.9893733239866487,0.0,-1.8627467767866488,0.0,0.0,-0.8024402428721572,0.5967324832948793,0.40000000036815825,-0.010011337116990737,0.0,0.0,0.0,-0.04948130958452284
2026-08-28T01:24:30.574188,21.78,-2.4975051189334425,-1.996972854444875,0.0,-1.863735295316066,0.0,0.0,-0.8027350854036172,0.5963357968980627,0.39999999986769763,-0.010005689153314548,0.0,0.0,0.0,-0.04931866135536964
2026-08-28T01:24:30.652179,21.8,-2.5000120500085186,-2.0045699126057683,0.0,-1.8647189520911551,0.0,0.0,-0.8030282831763511,0.5959409168859293,0.3999999998798746,-0.010000201471955694,0.0,0.0,0.0,-0.04915376459262993
2026-08-28T01:24:30.735878,21.82,-2.5025264488826666,-2.0121645024202333,0.0,-1.8656992880241328,0.0,0.0,-0.8033202978423843,0.5955472265693317,0.3999999998491915,-0.009994889239585091,0.0,0.0,0.0,-0.048986066712478196
2026-08-28T01:24:30.811411,21.84,-2.505048080245649,-2.0197566939526856,0.0,-1.8665673555217626,0.0,0.0,-0.8035787097627481,0.5951985023637384,0.40000000037926436,-0.009989309519491516,0.0,0.0,0.0,-0.03788678505414965
2026-08-28T01:24:30.890946,21.86,-2.5075756749721583,-2.0273469022895383,0.0,-1.8673243073514076,0.0,0.0,-0.8038039205011323,0.5948943245543779,0.40000000001567615,-0.009983684751087336,0.0,0.0,0.0,-0.037521673288895545
2026-08-28T01:24:30.971877,21.88,-2.510108987854716,-2.0349352040494417,0.0,-1.8680711867582567,0.0,0.0,-0.804026021607973,0.5945941107825198,0.400000000052096,-0.00997819558426941,0.0,0.0,0.0,-0.037238703587935816
2026-08-28T01:24:31.049658,21.9,-2.512644183385338,-2.042522876777805,0.0,-1.8682608032553272,0.0,0.0,-0.8040823904205855,0.594517879811463,0.4000000003929269,-0.009967328177215101,0.0,0.0,0.0,0.05908232164170727
2026-08-28T01:24:31.136009,21.92,-2.515158562113139,-2.0501174707269363,0.0,-1.866677362959325,0.0,0.0,-0.8036114466781976,0.5951543016460307,0.40000000040831263,-0.009929969845301874,0.0,0.0,0.0,0.14057541865800788
2026-08-28T01:24:31.210191,21.94,-2.517648118041024,-2.0577202378984367,0.0,-1.8636522679798528,0.0,0.0,-0.8027103286255611,0.596369120862108,0.4000000004821028,-0.00987968142333336,0.0,0.0,0.0,0.16271320024241087
2026-08-28T01:24:31.288331,21.96,-2.5201128823962056,-2.065331078460268,0.0,-1.8603960200177616,0.0,0.0,-0.8017383022802028,0.5976752417967957,0.4000000000848312,-0.009829398962281275,0.0,0.0,0.0,0.16363826271772966
2026-08-28T01:24:31.365906,21.98,-2.522552737005792,-2.072949941010437,0.0,-1.8571271937836404,0.0,0.0,-0.8007603836161524,0.5989848145244688,0.3999999998412747,-0.009780306725030035,0.0,0.0,0.0,0.16390692904019005
2026-08-28T01:24:31.443986,22.0,-2.524967604245196,-2.0805767603463967,0.0,-1.853853450087848,0.0,0.0,-0.7997788499155674,0.6002947536233615,0.3999999997435753,-0.009732382078286314,0.0,0.0,0.0,0.16407197170035984
2026-08-28T01:24:31.528654,22.02,-2.5273574310474656,-2.0882114630089013,0.0,-1.850576050066267,0.0,0.0,-0.7987940734986712,0.6016045446498883,0.3999999999615355,-0.009685531296174828,0.0,0.0,0.0,0.16423392054940264
2026-08-28T01:24:31.606309,22.04,-2.5297221699605283,-2.0958539735089023,0.0,-1.847296843877209,0.0,0.0,-0.797806607569396,0.6029134406518167,0.4000000007227783,-0.009639660374974345,0.0,0.0,0.0,0.16411233031104094
2026-08-28T01:24:31.683788,22.06,-2.5320617985577534,-2.103504208465133,0.0,-1.8440177903836559,0.0,0.0,-0.7968170430293398,0.6042206550077376,0.4000000003199781,-0.00959494747668671,0.0,0.0,0.0,0.1642756306540394
2026-08-28T01:24:31.762721,22.08,-2.534376278995484,-2.1111620891820637,0.0,-1.8407350620684215,0.0,0.0,-0.7958242240055109,0.6055277074470056,0.40000000033100724,-0.009551260946425316,0.0,0.0,0.0,0.1644409051530822
2026-08-28T01:24:31.838991,22.1,-2.53666556093169,-2.1188275405646477,0.0,-1.8374485094216997,0.0,0.0,-0.7948281006040105,0.6068346483929712,0.4000000000978326,-0.009508626122724396,0.0,0.0,0.0,0.16460913522147913
2026-08-28T01:24:31.923930,22.12,-2.5389295938210354,-2.126500487303554,0.0,-1.834157998231183,0.0,0.0,-0.7938286272074394,0.6081415218729537,0.39999999958922344,-0.00946706540760332,0.0,0.0,0.0,0.16477854407517487
2026-08-28T01:24:32.006921,22.14,-2.5411683303778947,-2.134180852866396,0.0,-1.8308655670057539,0.0,0.0,-0.7928264199437697,0.6094475103231987,0.3999999996770558,-0.00942642298617583,0.0,0.0,0.0,0.16074171273118237
2026-08-28T01:24:32.080404,22.16,-2.5433820510571326,-2.14186846624164,0.0,-1.827652561788898,0.0,0.0,-0.7918463182668152,0.6107204010406805,0.4000000003106242,-0.009386830269877161,0.0,0.0,0.0,0.16086440603289562
2026-08-28T01:24:32.157905,22.18,-2.545571026430353,-2.1495631621673184,0.0,-1.8244367822412304,0.0,0.0,-0.7908633240187329,0.6119928126392014,0.400000000397709,-0.009348154013203241,0.0,0.0,0.0,0.1609885141057328
2026-08-28T01:24:32.236361,22.2,-2.5477352171376797,-2.1572648656866655,0.0,-1.8212193956362197,0.0,0.0,-0.789877792369432,0.6132642767368669,0.4000000000896343,-0.009310407352291482,0.0,0.0,0.0,0.16115430562199864
2026-08-28T01:24:32.324524,22.22,-2.549874582346593,-2.1649735020709406,0.0,-1.8179967678190583,0.0,0.0,-0.7888886061458148,0.6145362211402299,0.4000000000864471,-0.009273520403392093,0.0,0.0,0.0,0.16132173521517326
2026-08-28T01:24:32.402581,22.24,-2.5519890333096424,-2.1726890095089755,0.0,-1.8147544885939597,0.0,0.0,-0.787891320934412,0.6158143116201729,0.40000000023824905,-0.009237407333750149,0.0,0.0,0.0,0.16310333701520957
2026-08-28T01:24:32.483548,22.26,-2.5540783350558187,-2.1804113650816337,0.0,-1.8114922702233098,0.0,0.0,-0.7868858129007079,0.6170986286288376,0.39999999979278456,-0.009202156610022024,0.0,0.0,0.0,0.16327445003452082
2026-08-28T01:24:32.559030,22.28,-2.556142407977571,-2.188140502179028,0.0,-1.8082265554655774,0.0,0.0,-0.7858771302928463,0.6183826777026348,0.39999999983378026,-0.009167687765782922,0.0,0.0,0.0,0.1634387148839039
2026-08-28T01:24:32.636550,22.3,-2.5581812046558,-2.1958763450764045,0.0,-1.8049575536531914,0.0,0.0,-0.7848653339240482,0.6196663679790054,0.40000000007824676,-0.009133960563507243,0.0,0.0,0.0,0.16359582699602418
2026-08-28T01:24:32.719798,22.32,-2.560194678815278,-2.203618817482428,0.0,-1.8016853755271902,0.0,0.0,-0.7838504545503968,0.6209496476375007,0.40000000042173767,-0.009100942153503218,0.0,0.0,0.0,0.16375411906327844
2026-08-28T01:24:32.797068,22.34,-2.5621827415063025,-2.2113678537582575,0.0,-1.7983876618588106,0.0,0.0,-0.7828255324059487,0.6222412601341566,0.4000000002226794,-0.009068651834725619,0.0,0.0,0.0,0.16612558916301515
2026-08-28T01:24:32.877329,22.36,-2.5641450892326123,-2.219123441886114,0.0,-1.7950646490490314,0.0,0.0,-0.7817905945073109,0.6235410702912082,0.40000000058603813,-0.009036966252770545,0.0,0.0,0.0,0.1662880225028401
2026-08-28T01:24:32.959569,22.38,-2.5660816354811566,-2.226885512768895,0.0,-1.7917398743425965,0.0,0.0,-0.7807529479439765,0.6248398469022204,0.40000000062857866,-0.009006005594149272,0.0,0.0,0.0,0.16644008781750982
2026-08-28T01:24:33.037837,22.4,-2.56799234386762,-2.2346539842469944,0.0,-1.7884115756193184,0.0,0.0,-0.7797120404859127,0.626138270609052,0.3999999997551461,-0.008975893036804745,0.0,0.0,0.0,0.1665816582327282
2026-08-28T01:24:33.123176,22.42,-2.569877167620311,-2.2424287765263813,0.0,-1.7850791829635662,0.0,0.0,-0.7786676893593929,0.6274365542010635,0.40000000024633053,-0.00894635115426593,0.0,0.0,0.0,0.1667251191566746
2026-08-28T01:24:33.201288,22.44,-2.5717359366336012,-2.2502098388971477,0.0,-1.7816850962153021,0.0,0.0,-0.7776017815593316,0.6287570829149789,0.40000000053384416,-0.008917293454839067,0.0,0.0,0.0,0.1729666340885731
2026-08-28T01:24:33.280153,22.46,-2.5735678945234404,-2.2579972571065756,0.0,-1.7782245667054282,0.0,0.0,-0.7765127018840988,0.6301015980083344,0.40000000069423164,-0.008888676079832078,0.0,0.0,0.0,0.17315465750672343
2026-08-28T01:24:33.355692,22.48,-2.5753728729150724,-2.2657909728434866,0.0,-1.7747604014133815,0.0,0.0,-0.7754201495750876,0.6314456363242593,0.4000000004941642,-0.008860744250268648,0.0,0.0,0.0,0.17331250671325726
2026-08-28T01:24:33.432244,22.5,-2.5771508256040345,-2.2735908982366233,0.0,-1.7712934134830904,0.0,0.0,-0.7743243778544203,0.6327888730535366,0.40000000058173346,-0.008833418396052796,0.0,0.0,0.0,0.17343678436205606
2026-08-28T01:24:33.522126,22.52,-2.57890171115917,-2.2813969440735224,0.0,-1.767823823525024,0.0,0.0,-0.7732254542756909,0.6341312142294775,0.4000000004755927,-0.008806732313544806,0.0,0.0,0.0,0.17356167974908826
2026-08-28T01:24:33.597409,22.54,-2.580625453147456,-2.2892090286099065,0.0,-1.7643332505005973,0.0,0.0,-0.7721175365506455,0.6354797477110994,0.4000000002855764,-0.00878063577005996,0.0,0.0,0.0,0.1755225261142536
2026-08-28T01:24:33.680524,22.56,-2.5823217958435225,-2.2970271084336553,0.0,-1.76082188960906,0.0,0.0,-0.7710006477645016,0.6368343592699117,0.40000000054922513,-0.008755027250466889,0.0,0.0,0.0,0.17565087596839965
2026-08-28T01:24:33.758615,22.58,-2.5839906626554954,-2.3048510993693987,0.0,-1.7573078794636192,0.0,0.0,-0.7698805370755242,0.638188027647262,0.4000000002891621,-0.008730054789830438,0.0,0.0,0.0,0.1757700259252788
2026-08-28T01:24:33.835316,22.6,-2.585632014331028,-2.312680908766917,0.0,-1.7537915326711109,0.0,0.0,-0.7687573025246551,0.6395406240537155,0.40000000017943066,-0.008705657995389547,0.0,0.0,0.0,0.17587984364870998
2026-08-28T01:24:33.917107,22.62,-2.5872458131747895,-2.320516443450083,0.0,-1.750273030528744,0.0,0.0,-0.7676310009391784,0.6408920707865834,0.4000000003362902,-0.008681788478907748,0.0,0.0,0.0,0.17599062095803353
2026-08-28T01:24:33.996362,22.64,-2.588832053676553,-2.3283576035637155,0.0,-1.7467683799486735,0.0,0.0,-0.7665067715696724,0.6422362253391178,0.40000000001110697,-0.008658560307326474,0.0,0.0,0.0,0.17447881447287397
2026-08-28T01:24:34.077671,22.66,-2.59039088979114,-2.3362042577049826,0.0,-1.7432775742886304,0.0,0.0,-0.7653846436588642,0.6435731094842244,0.39999999966935335,-0.008635959720950704,0.0,0.0,0.0,0.17459117600499854
2026-08-28T01:24:34.153032,22.68,-2.5919223189293903,-2.3440563068663396,0.0,-1.7397858551157288,0.0,0.0,-0.7642598894911427,0.6449083821094175,0.4000000001091207,-0.008613795775064732,0.0,0.0,0.0,0.17471423105429132
2026-08-28T01:24:34.229834,22.7,-2.5934263079104127,-2.351913658091269,0.0,-1.7362903665741205,0.0,0.0,-0.7631315878772763,0.6462431273011009,0.40000000018685516,-0.008592123326684757,0.0,0.0,0.0,0.1748482825950596
2026-08-28T01:24:34.311168,22.72,-2.5949028102103924,-2.359776220778373,0.0,-1.732792281051655,0.0,0.0,-0.7620001143228478,0.6475768879229453,0.40000000038640643,-0.008570905644210581,0.0,0.0,0.0,0.17498483581443666
2026-08-28T01:24:34.387183,22.74,-2.5963516721794577,-2.367643923640362,0.0,-1.7292352005784428,0.0,0.0,-0.7608471681974694,0.6489311108630035,0.4000000002043732,-0.008550072179945443,0.0,0.0,0.0,0.1809241957515511
2026-08-28T01:24:34.470004,22.76,-2.59777216803213,-2.3755167972639697,0.0,-1.725614976924766,0.0,0.0,-0.7596712845009752,0.6503072654558293,0.4000000002529718,-0.00852953588038507,0.0,0.0,0.0,0.1811178634364572
2026-08-28T01:24:34.546649,22.78,-2.599164139475371,-2.383394764197732,0.0,-1.7219926920529298,0.0,0.0,-0.7584922401094742,0.6516820710236791,0.3999999999714658,-0.008509528383509227,0.0,0.0,0.0,0.18128002633399645
2026-08-28T01:24:34.626433,22.8,-2.6005275491402013,-2.3912777243945245,0.0,-1.7183659894447734,0.0,0.0,-0.7573092651707345,0.6530564117184382,0.4000000000943494,-0.00848994647709437,0.0,0.0,0.0,0.18140727488082767
2026-08-28T01:24:34.713671,22.82,-2.6018623487265233,-2.3991655794507762,0.0,-1.714736944745891,0.0,0.0,-0.7561230336497216,0.6544294904604636,0.40000000052015294,-0.008470738302563013,0.0,0.0,0.0,0.18153629764467885
2026-08-28T01:24:34.792466,22.84,-2.603168452811334,-2.4070582367126727,0.0,-1.711081215359143,0.0,0.0,-0.7549255626189616,0.6558104870345124,0.4000000004502389,-0.008451932719150634,0.0,0.0,0.0,0.184073268957014
2026-08-28T01:24:34.877024,22.86,-2.6044455384218397,-2.4149556412278907,0.0,-1.7073987494345662,0.0,0.0,-0.7537167837646175,0.6571993684351202,0.40000000027725396,-0.008433528253145932,0.0,0.0,0.0,0.18420592862995178
2026-08-28T01:24:34.960625,22.88,-2.605693520119886,-2.4228576971224687,0.0,-1.7037139196426798,0.0,0.0,-0.7525046713009569,0.6585869112503215,0.40000000052562734,-0.008415502427612513,0.0,0.0,0.0,0.1843249102782934
2026-08-28T01:24:35.048008,22.9,-2.6069123621600183,-2.4307643000389665,0.0,-1.700026666421816,0.0,0.0,-0.751289204767993,0.6599731288462256,0.40000000008812514,-0.008397981433338714,0.0,0.0,0.0,0.18442978404969104
2026-08-28T01:24:35.132043,22.92,-2.608102031080955,-2.4386753450631886,0.0,-1.6963371219702188,0.0,0.0,-0.7500704269731365,0.6613579625137483,0.39999999958348204,-0.008380956305420278,0.0,0.0,0.0,0.18453588917317842
2026-08-28T01:24:35.213205,22.94,-2.6092624640468385,-2.4465907313682793,0.0,-1.6926302818216994,0.0,0.0,-0.7488433652430969,0.6627470213674248,0.39999999934973124,-0.008364340920706773,0.0,0.0,0.0,0.18615157599133111
2026-08-28T01:24:35.294283,22.96,-2.6103934511828677,-2.4545103786240334,0.0,-1.6889074267781579,0.0,0.0,-0.7476084130720065,0.6641397900321558,0.3999999995593825,-0.00834804408266998,0.0,0.0,0.0,0.18626113689634322
2026-08-28T01:24:35.370602,22.98,-2.611494936162123,-2.462434182972534,0.0,-1.6851827669739363,0.0,0.0,-0.7463702699422653,0.665530931021474,0.4000000002842198,-0.008331997591898194,0.0,0.0,0.0,0.18636219338500287
2026-08-28T01:24:35.449059,23.0,-2.6125668851632637,-2.4703620370176274,0.0,-1.681455357298091,0.0,0.0,-0.7451286212250965,0.6669207882733801,0.4000000006492159,-0.008316264767887127,0.0,0.0,0.0,0.18645534332564578
2026-08-28T01:24:35.538192,23.02,-2.6136092642023967,-2.47829383317637,0.0,-1.677726928115727,0.0,0.0,-0.7438840437096651,0.668308708243546,0.4000000003764917,-0.008300958015204096,0.0,0.0,0.0,0.18654993504366937
2026-08-28T01:24:35.617441,23.04,-2.6146220993698392,-2.486229456024541,0.0,-1.674021926905076,0.0,0.0,-0.7426447257163825,0.669685606359909,0.4000000005636986,-0.008286036361857194,0.0,0.0,0.0,0.18403301780921358
2026-08-28T01:24:35.700843,23.06,-2.6156056676755166,-2.4941687594690833,0.0,-1.6703415282573268,0.0,0.0,-0.7414111139908569,0.6710510860216504,0.40000000052299356,-0.008271544869559494,0.0,0.0,0.0,0.18409218915052689
2026-08-28T01:24:35.780133,23.08,-2.6165599971392104,-2.5021116305508304,0.0,-1.6666598260687377,0.0,0.0,-0.7401745533408055,0.6724147757052481,0.4000000005383415,-0.008257396959134342,0.0,0.0,0.0,0.1841693057289826
2026-08-28T01:24:35.860350,23.1,-2.6174850625400268,-2.5100579630204827,0.0,-1.6629766093761986,0.0,0.0,-0.7389349742191517,0.6737767463156781,0.4000000009046359,-0.008243521345158851,0.0,0.0,0.0,0.184265744529588
2026-08-28T01:24:35.948804,23.12,-2.6183808363388272,-2.518007650746631,0.0,-1.6592914144914643,0.0,0.0,-0.7376922212093301,0.6751371614473941,0.40000000075718284,-0.008230009704972736,0.0,0.0,0.0,0.18436411487881338
2026-08-28T01:24:36.032166,23.14,-2.6192472907240383,-2.5259605874601907,0.0,-1.6556041479133867,0.0,0.0,-0.7364462628673764,0.6764960472232452,0.40000000047629763,-0.008216877290082105,0.0,0.0,0.0,0.18446433651831134
2026-08-28T01:24:36.115101,23.16,-2.6200843999978956,-2.5339166664949464,0.0,-1.6519157923435595,0.0,0.0,-0.7351974322692132,0.6778530339127765,0.4000000001953078,-0.008204120559746552,0.0,0.0,0.0,0.18456614394585844
2026-08-28T01:24:36.193678,23.18,-2.6208921426702383,-2.5418757805957433,0.0,-1.648225541003961,0.0,0.0,-0.7339454574603347,0.6792084109265286,0.4000000003753303,-0.008191641233921436,0.0,0.0,0.0,0.1846695327090642
2026-08-28T01:24:36.268267,23.2,-2.621670489297872,-2.549837823169124,0.0,-1.6445323164267596,0.0,0.0,-0.7326899722068266,0.6805625648149916,0.40000000060829716,-0.008179425990729324,0.0,0.0,0.0,0.18477525916869283
2026-08-28T01:24:36.353228,23.22,-2.6224194084016212,-2.557802687609144,0.0,-1.6408380316951474,0.0,0.0,-0.7314316270307347,0.6819147857167875,0.4000000005133296,-0.00816753469829346,0.0,0.0,0.0,0.18488281725776637
2026-08-28T01:24:36.429104,23.24,-2.623173099787311,-2.566157646439109,0.0,-1.6374997088283505,0.0,0.0,-0.7302923827775356,0.6831347126717463,0.43888882041842403,-0.008177092442028602,0.0,0.0,0.0,0.16259163833407114
2026-08-28T01:24:36.512608,23.26,-2.6239270225156175,-2.574902982778014,0.0,-1.6340710159412681,0.0,0.0,-0.7291201806276102,0.6843856823469944,0.43888890553111287,-0.00816824531026998,0.0,0.0,0.0,0.18146346198656158
2026-08-28T01:24:36.589567,23.28,-2.6246668140363254,-2.5839187878659593,0.0,-1.6302893263672347,0.0,0.0,-0.7278248108898288,0.6857631111784775,0.4540555405298749,-0.008173877640221539,0.0,0.0,0.0,0.20998078967961195
2026-08-28T01:24:36.665909,23.3,-2.6253721849606153,-2.5929829897177488,0.0,-1.6260889407507915,0.0,0.0,-0.7263829720465289,0.6872901701034663,0.4551055593382324,-0.008165127794131664,0.0,0.0,0.0,0.21186350512373298
2026-08-28T01:24:36.750644,23.32,-2.6260401622767984,-2.602063710653816,0.0,-1.6218612444811913,0.0,0.0,-0.7249285232168444,0.6888240967232818,0.45542055677034876,-0.008157212186260874,0.0,0.0,0.0,0.21251220382993077
2026-08-28T01:24:36.828212,23.34,-2.6266695691649775,-2.611151291008657,0.0,-1.6175193313504312,0.0,0.0,-0.7234314088839359,0.6903962605925699,0.4555150559670292,-0.008149515265804054,0.0,0.0,0.0,0.2243350714271163
2026-08-28T01:24:36.910459,23.36,-2.6272585266739075,-2.620242529150952,0.0,-1.6130471400727402,0.0,0.0,-0.7218858094805595,0.6920121950302591,0.4555150562156656,-0.008141713664669462,0.0,0.0,0.0,0.22471357027041602
2026-08-28T01:24:36.993518,23.38,-2.627806687705069,-2.629336886325758,0.0,-1.6085670217896917,0.0,0.0,-0.720333851371445,0.6936275243734068,0.45554340614781186,-0.008134154382815895,0.0,0.0,0.0,0.22499508145490388
2026-08-28T01:24:37.068773,23.4,-2.628313951463686,-2.638433812211642,0.0,-1.6040794965098104,0.0,0.0,-0.7187757039030046,0.6952420351782106,0.45555446304819475,-0.008126707159075838,0.0,0.0,0.0,0.2251671678237941
2026-08-28T01:24:37.154195,23.42,-2.6287802446927078,-2.6475329633800024,0.0,-1.599588413383299,0.0,0.0,-0.7172126981315353,0.6968543216762619,0.455555228690211,-0.008119408616282447,0.0,0.0,0.0,0.22533764171276383
2026-08-28T01:24:37.230918,23.44,-2.629205525487961,-2.656634133563911,0.0,-1.5950932563158293,0.0,0.0,-0.7156446530972699,0.6984645520663796,0.45555545754886445,-0.008112474833746013,0.0,0.0,0.0,0.22550744588157864
2026-08-28T01:24:37.309726,23.46,-2.629589753826856,-2.6657371322629007,0.0,-1.5905943458682408,0.0,0.0,-0.7140716790893451,0.7000725941804344,0.45555552634258933,-0.008105766871282522,0.0,0.0,0.0,0.22568020948257234
2026-08-28T01:24:37.387595,23.48,-2.629932890334064,-2.6748417734004795,0.0,-1.5860917232729381,0.0,0.0,-0.7124937894796609,0.701678416336795,0.4555555470652573,-0.008099244207375096,0.0,0.0,0.0,0.22585564452468795
2026-08-28T01:24:37.465575,23.5,-2.63023489602884,-2.6839478719164442,0.0,-1.5815852076436079,0.0,0.0,-0.7109109197169962,0.7032820659075096,0.455555553089313,-0.00809295569629166,0.0,0.0,0.0,0.2260341956377818
2026-08-28T01:24:37.558025,23.52,-2.6304957363541934,-2.69305524261268,0.0,-1.5770766505241658,0.0,0.0,-0.7093237210343765,0.7048828688356287,0.4555555530777962,-0.00808686590518995,0.0,0.0,0.0,0.22621605115467103
2026-08-28T01:24:37.636237,23.54,-2.6307153811323953,-2.702163699966744,0.0,-1.5725623834605265,0.0,0.0,-0.7077309007481544,0.7064821102662162,0.45555555555407423,-0.008080948981187528,0.0,0.0,0.0,0.22640121124527482
2026-08-28T01:24:37.713614,23.56,-2.6308937840030295,-2.711273058430857,0.0,-1.5680460331486525,0.0,0.0,-0.7061337372697225,0.7080784879443058,0.455555555563108,-0.008075220866216447,0.0,0.0,0.0,0.10804397817861315
2026-08-28T01:24:37.795084,23.58,-2.6310430669441653,-2.7203829454884545,0.0,-1.5660510971212145,0.0,0.0,-0.7054271004627323,0.7087824813952036,0.4555555555967475,-0.008075389750608767,0.0,0.0,0.0,0.09160677027999203
2026-08-28T01:24:37.873817,23.6,-2.6311755467067504,-2.729493092451093,0.0,-1.564253950356244,0.0,0.0,-0.7047899226837498,0.7094160731780991,0.45555555553251104,-0.008076407184055348,0.0,0.0,0.0,0.08992654808966953
2026-08-28T01:24:37.959299,23.62,-2.631291603422047,-2.7386034634487078,0.0,-1.5624731318630707,0.0,0.0,-0.7041579727471878,0.7100433433365675,0.4555555548558943,-0.008077763763324442,0.0,0.0,0.0,0.08988234108915305
2026-08-28T01:24:38.043020,23.64,-2.6313913352476654,-2.747714027806629,0.0,-1.5607162467103515,0.0,0.0,-0.7035339688378267,0.7106616316442699,0.45555555523459,-0.008079233422824503,0.0,0.0,0.0,0.0875015602426154
2026-08-28T01:24:38.126363,23.66,-2.6314750666840214,-2.75682475329114,0.0,-1.5589823831716347,0.0,0.0,-0.7029176093915237,0.7112712804600684,0.45555555588142765,-0.008080727074247262,0.0,0.0,0.0,0.0875694313099059
2026-08-28T01:24:38.204326,23.68,-2.631542842424686,-2.7659356114400873,0.0,-1.5572472334163492,0.0,0.0,-0.7023002638366548,0.7118808463605163,0.45555555571845113,-0.008082384761959535,0.0,0.0,0.0,0.0876553805182675
2026-08-28T01:24:38.281403,23.7,-2.63159465051676,-2.775046574376508,0.0,-1.5555088072633778,0.0,0.0,-0.7016812224690916,0.7124910259324542,0.45555555567327904,-0.008084165684196383,0.0,0.0,0.0,0.08775934909642139
2026-08-28T01:24:38.368847,23.72,-2.631630466351583,-2.784157614212456,0.0,-1.5537676898730832,0.0,0.0,-0.7010606913971849,0.7131016105560982,0.45555555554240407,-0.008086105832308193,0.0,0.0,0.0,0.0878651509693724
2026-08-28T01:24:38.449215,23.74,-2.631650270569276,-2.7932687029201735,0.0,-1.5520240988665215,0.0,0.0,-0.7004387462858183,0.7137125210486019,0.455555555765205,-0.008088106599685925,0.0,0.0,0.0,0.08797147817103791
2026-08-28T01:24:38.536028,23.76,-2.6316540437237617,-2.8023798123673775,0.0,-1.5502778545301041,0.0,0.0,-0.6998153211541066,0.7143238175211398,0.455555555671737,-0.008090238897158389,0.0,0.0,0.0,0.08807876136255981
2026-08-28T01:24:38.618000,23.78,-2.6316417662497096,-2.8114909143213223,0.0,-1.5485289309514636,0.0,0.0,-0.6991904047815228,0.7149355060853043,0.45555555553554117,-0.00809250686213663,0.0,0.0,0.0,0.08818719015886518
2026-08-28T01:24:38.697174,23.8,-2.6316134184291142,-2.820601980445197,0.0,-1.5467773545707713,0.0,0.0,-0.6985640046472401,0.7155475745268169,0.4555555554580546,-0.008094892079928888,0.0,0.0,0.0,0.08829668093053641
2026-08-28T01:24:38.785022,23.82,-2.6315689803982387,-2.8297129822971736,0.0,-1.5450233235820536,0.0,0.0,-0.6979361897654836,0.7161599507202555,0.45555555576601087,-0.00809730361308755,0.0,0.0,0.0,0.0884072568714508
2026-08-28T01:24:38.880332,23.84,-2.6315084321453615,-2.8388238913272956,0.0,-1.5432667320036884,0.0,0.0,-0.6973069203820634,0.7167726688339077,0.45555555592537067,-0.008099778078364973,0.0,0.0,0.0,0.08851897955997406
2026-08-28T01:24:38.979558,23.86,-2.6314317534979175,-2.8479346788778406,0.0,-1.541507606347208,0.0,0.0,-0.6966762041385203,0.7173857167431916,0.45555555612577875,-0.008102295082196584,0.0,0.0,0.0,0.08863203588259022
2026-08-28T01:24:39.085985,23.88,-2.63133892409657,-2.8570453161800358,0.0,-1.5397457588130166,0.0,0.0,-0.6960439717725583,0.717999156934799,0.45555555597624636,-0.008104924317547123,0.0,0.0,0.0,0.08874639982950262
2026-08-28T01:24:39.222032,23.9,-2.6312299260295005,-2.8661557743863995,0.0,-1.537982118743782,0.0,0.0,-0.695410555189025,0.7186126632141213,0.4555555554675072,-0.008107756223362574,0.0,0.0,0.0,0.08886213673089852
2026-08-28T01:24:39.344365,23.92,-2.6311047464910913,-2.875266024622645,0.0,-1.5362157918069523,0.0,0.0,-0.6947756316170871,0.7192265440812635,0.45555555550652244,-0.008110671641014134,0.0,0.0,0.0,0.08897916740285247
2026-08-28T01:24:39.446652,23.94,-2.63096336467084,-2.8843760378190075,0.0,-1.5344468319536761,0.0,0.0,-0.6941392184959673,0.719840777773674,0.45555555558246535,-0.00811363777398149,0.0,0.0,0.0,0.09538735866154242
2026-08-28T01:24:39.552821,23.96,-2.6308051580738554,-2.893485774220805,0.0,-1.5325442900832014,0.0,0.0,-0.6934541409203931,0.7205007664398141,0.455555555364831,-0.008116425959404086,0.0,0.0,0.0,0.09586125223168362
2026-08-28T01:24:39.635948,23.98,-2.6306294855814087,-2.9025951905432943,0.0,-1.530634461086545,0.0,0.0,-0.6927658082299143,0.7211626272537656,0.455555555275354,-0.00811928633204239,0.0,0.0,0.0,0.09607936963095472
2026-08-28T01:24:39.716896,24.0,-2.630436310337327,-2.911704252505256,0.0,-1.5287210869040184,0.0,0.0,-0.6920755643319669,0.7218250572365783,0.4555555556294371,-0.008122135430690354,0.0,0.0,0.0,0.09620296323300782
2026-08-28T01:24:39.808748,24.02,-2.6302256112012206,-2.9208129259746114,0.0,-1.5268065024726498,0.0,0.0,-0.6913842498172265,0.7224872449425463,0.4555555562266516,-0.008124914103471501,0.0,0.0,0.0,0.09632465662490347
2026-08-28T01:24:39.890248,24.04,-2.629997372262426,-2.929921176816288,0.0,-1.5248880439298123,0.0,0.0,-0.6906909009314411,0.7231501084633218,0.45555555636204303,-0.008127718650342005,0.0,0.0,0.0,0.09644727075020315
2026-08-28T01:24:39.980227,24.06,-2.629751563678329,-2.9390289704277275,0.0,-1.5229665220176982,0.0,0.0,-0.6899958078736431,0.723813363455524,0.4555555558343248,-0.008130712366740503,0.0,0.0,0.0,0.09657262985041683
2026-08-28T01:24:40.057561,24.08,-2.6294881635744844,-2.948136272260369,0.0,-1.5210421166221613,0.0,0.0,-0.6892990333993366,0.7244769441153668,0.4555555556374102,-0.008133803868676572,0.0,0.0,0.0,0.09669877796843347
2026-08-28T01:24:40.139522,24.1,-2.629207152847452,-2.9572430477184968,0.0,-1.519116276540887,0.0,0.0,-0.6886011005744961,0.7251403479931265,0.45555555586818697,-0.008136913450305318,0.0,0.0,0.0,0.09682638282194464
2026-08-28T01:24:40.222248,24.12,-2.6289085151131037,-2.966349262174188,0.0,-1.5171864253644651,0.0,0.0,-0.6879010736344436,0.725804459129716,0.45555555595812647,-0.008140031351108782,0.0,0.0,0.0,0.09695565771892635
2026-08-28T01:24:40.302364,24.14,-2.6285922192062228,-2.9754548803855747,0.0,-1.515253397566353,0.0,0.0,-0.6871992523448502,0.7264689859702744,0.45555555544190685,-0.008143333120323785,0.0,0.0,0.0,0.09708780806214903
2026-08-28T01:24:40.388062,24.16,-2.6282582422957894,-2.9845598672341374,0.0,-1.5133174549210153,0.0,0.0,-0.6864957293674407,0.727133834696382,0.4555555554049955,-0.008146690121390505,0.0,0.0,0.0,0.09722089102562065
2026-08-28T01:24:40.468983,24.18,-2.627906561392273,-2.993664187449772,0.0,-1.5113788197218407,0.0,0.0,-0.6857905833469473,0.7277989253857508,0.4555555558295772,-0.008149995221813231,0.0,0.0,0.0,0.09735562436548073
2026-08-28T01:24:40.552370,24.2,-2.6275371563981356,-3.002767805740247,0.0,-1.5094388299766395,0.0,0.0,-0.6850842996050004,0.7284637962416018,0.45555555622392185,-0.008153249351779432,0.0,0.0,0.0,0.09749228858361833
2026-08-28T01:24:40.631668,24.22,-2.6271500100467384,-3.011870686801499,0.0,-1.5074942816856671,0.0,0.0,-0.6843757093906847,0.7291295415740587,0.4555555558302749,-0.00815663158135766,0.0,0.0,0.0,0.09763115727570482
2026-08-28T01:24:40.709110,24.24,-2.626744868466954,-3.0209727845891114,0.0,-1.505456918371099,0.0,0.0,-0.6836326035368381,0.7298263241220094,0.45555555554744614,-0.008159883188668558,0.0,0.0,0.0,0.10747268717821848
2026-08-28T01:24:40.791634,24.26,-2.6263203795486323,-3.0300740004857305,0.0,-1.5033103377641102,0.0,0.0,-0.6828488944143528,0.7305596398632326,0.45555555567181144,-0.008162835303995034,0.0,0.0,0.0,0.10777933476698176
2026-08-28T01:24:40.870842,24.28,-2.6258762794482737,-3.039174280519003,0.0,-1.5011606503036832,0.0,0.0,-0.6820632626732094,0.7312931735710217,0.4555555559589652,-0.008165759943157266,0.0,0.0,0.0,0.10801665665536572
2026-08-28T01:24:40.947762,24.3,-2.625412538214539,-3.048273580793476,0.0,-1.4990042576755163,0.0,0.0,-0.6812743887699995,0.7320281464575413,0.4555555554699555,-0.008168824943889794,0.0,0.0,0.0,0.10816807007294774
2026-08-28T01:24:41.036851,24.32,-2.6249291122521017,-3.0573718564921486,0.0,-1.4968446373406186,0.0,0.0,-0.6804835403086827,0.7327633665576913,0.45555555549044713,-0.008171922363475534,0.0,0.0,0.0,0.10832192449228473
2026-08-28T01:24:41.113793,24.34,-2.6244259758989417,-3.06646906348698,0.0,-1.4946817912324382,0.0,0.0,-0.6796907153608636,0.7334988285281971,0.4555555555111085,-0.008175043463101847,0.0,0.0,0.0,0.10847522439487936
2026-08-28T01:24:41.191812,24.36,-2.623903103559004,-3.075565157469705,0.0,-1.4925158058085606,0.0,0.0,-0.6788959430351571,0.7342344983248913,0.45555555576551143,-0.008178141981709968,0.0,0.0,0.0,0.10863101008047597
2026-08-28T01:24:41.266806,24.38,-2.6233604693536945,-3.0846600939336515,0.0,-1.4903465833909781,0.0,0.0,-0.6780991849042637,0.7349704044600525,0.45555555588072394,-0.008181238524427365,0.0,0.0,0.0,0.1087893944701691
2026-08-28T01:24:41.346116,24.4,-2.6227980470342094,-3.0937538281616965,0.0,-1.4881740091061069,0.0,0.0,-0.6773003960756692,0.735706581101285,0.45555555587991614,-0.008184359829297034,0.0,0.0,0.0,0.10895057096807031
2026-08-28T01:24:41.430249,24.42,-2.622215809952501,-3.102846315224122,0.0,-1.485997948006099,0.0,0.0,-0.6764995240999132,0.7364430690098122,0.4555555557271424,-0.008187540705854054,0.0,0.0,0.0,0.1091145767608902
2026-08-28T01:24:41.511345,24.44,-2.621613734844774,-3.1119375102245774,0.0,-1.4838201876323778,0.0,0.0,-0.6756972249425868,0.7371792592069363,0.4555555559298997,-0.008190708724058998,0.0,0.0,0.0,0.10928143217622632
2026-08-28T01:24:41.589271,24.46,-2.6209918018266483,-3.1210273683196035,0.0,-1.4816373010373018,0.0,0.0,-0.6748922332791824,0.7379163051860541,0.45555555602512093,-0.008193868689773306,0.0,0.0,0.0,0.10945115783491817
2026-08-28T01:24:41.666155,24.48,-2.6203499716015366,-3.1301158431493623,0.0,-1.4794507650166338,0.0,0.0,-0.6740850898217763,0.7386537021365072,0.4555555558980619,-0.008197076861113409,0.0,0.0,0.0,0.10962552116718015
2026-08-28T01:24:41.744342,24.5,-2.6196882156239907,-3.139202888858105,0.0,-1.4772604574510522,0.0,0.0,-0.6732757463514951,0.739391485868506,0.45555555566223205,-0.008200359598638393,0.0,0.0,0.0,0.10980154294912918
2026-08-28T01:24:41.828818,24.52,-2.619006505056641,-3.148288459358122,0.0,-1.4750663943860904,0.0,0.0,-0.6724642056030515,0.7401296455234426,0.45555555552310495,-0.008203688945929294,0.0,0.0,0.0,0.109980700691791
2026-08-28T01:24:41.906838,24.54,-2.618304683979774,-3.157372498460384,0.0,-1.472814397532956,0.0,0.0,-0.6716303946634635,0.7408863698059239,0.4555555553924303,-0.008206916575653147,0.0,0.0,0.0,0.1157403914518043
2026-08-28T01:24:41.990876,24.56,-2.6175819605915773,-3.1664548984024883,0.0,-1.4705000892517681,0.0,0.0,-0.670772625465844,0.7416630534991335,0.4555555554066568,-0.008209996445958247,0.0,0.0,0.0,0.11602630141375105
2026-08-28T01:24:42.066708,24.58,-2.616838163554311,-3.175535596814789,0.0,-1.4681804341931741,0.0,0.0,-0.6699119732702074,0.7424405350391484,0.4555555554704313,-0.008213071281463789,0.0,0.0,0.0,0.11626688924907853
2026-08-28T01:24:42.146753,24.6,-2.616073253327824,-3.184614541132694,0.0,-1.4658564742756466,0.0,0.0,-0.6690488201853946,0.7432184579304604,0.4555555556648835,-0.008216111233582213,0.0,0.0,0.0,0.11645598755636552
2026-08-28T01:24:42.233465,24.62,-2.6152929170032655,-3.1936921741234903,0.0,-1.4647038680557054,0.0,0.0,-0.6686203899964025,0.7436039094040985,0.45555555561386757,-0.008225717739768558,0.0,0.0,0.0,-0.05093300571842937
2026-08-28T01:24:42.308019,24.64,-2.6145315023375497,-3.202771411679409,0.0,-1.4661405301454689,0.0,0.0,-0.6691543712198029,0.7431234268124174,0.45555555572409373,-0.008260282481496167,0.0,0.0,0.0,-0.12979871309054034
2026-08-28T01:24:42.384276,24.66,-2.613795150938145,-3.211852716218149,0.0,-1.468853143023529,0.0,0.0,-0.6701616585224576,0.7422151651956654,0.45555555597518754,-0.00830412790429156,0.0,0.0,0.0,-0.14021233093019073
2026-08-28T01:24:42.464307,24.68,-2.6130842369506144,-3.2209360474339186,0.0,-1.471676380164942,0.0,0.0,-0.6712087151807504,0.7412684133735946,0.455555555886416,-0.008347924442980421,0.0,0.0,0.0,-0.1409168157514954
2026-08-28T01:24:42.542974,24.7,-2.612398910339252,-3.230021345002772,0.0,-1.4745063109636896,0.0,0.0,-0.672256912064867,0.7403179345261127,0.45555555620181337,-0.008391045013745147,0.0,0.0,0.0,-0.1409095343740011
2026-08-28T01:24:42.624676,24.72,-2.6117391902719946,-3.239108537854719,0.0,-1.4773347950482147,0.0,0.0,-0.6733032281796281,0.739366460507164,0.4555555561165692,-0.00843358677988492,0.0,0.0,0.0,-0.14083863549830838
2026-08-28T01:24:42.699868,24.74,-2.611105069924097,-3.2481975529778557,0.0,-1.480161089758009,0.0,0.0,-0.6743473893015784,0.7384142458959913,0.4555555558097717,-0.00847561638321551,0.0,0.0,0.0,-0.14076221464308897
2026-08-28T01:24:42.781272,24.76,-2.6104965422948934,-3.2572883174491234,0.0,-1.4829859609485125,0.0,0.0,-0.6753896788669951,0.7374610373978664,0.4555555556675104,-0.008517123594523628,0.0,0.0,0.0,-0.14068482771423077
2026-08-28T01:24:42.857691,24.78,-2.609913601662536,-3.2663807585315103,0.0,-1.4858078012382667,0.0,0.0,-0.6764295049079643,0.7365073827803537,0.4555555553170816,-0.008558136650617897,0.0,0.0,0.0,-0.14060687235132485
2026-08-28T01:24:42.935050,24.8,-2.609356233177154,-3.2754748030129304,0.0,-1.4886274182113588,0.0,0.0,-0.6774671667006618,0.7355530151135116,0.45555555508670864,-0.008598648269438347,0.0,0.0,0.0,-0.1405278859818112
2026-08-28T01:24:43.018944,24.82,-2.608824428697653,-3.284570378239964,0.0,-1.4914462140867777,0.0,0.0,-0.6785031803988846,0.7345974640499372,0.4555555556945812,-0.008638394726243922,0.0,0.0,0.0,-0.14044877861446653
2026-08-28T01:24:43.098639,24.84,-2.608305737584582,-3.2939004131773606,0.0,-1.4939578850498971,0.0,0.0,-0.679425178675078,0.7337447966305031,0.47888885160384004,-0.008692226742382713,0.0,0.0,0.0,-0.13140735391713157
2026-08-28T01:24:43.172914,24.86,-2.6077997081027053,-3.303534908240899,0.0,-1.49669885924731,0.0,0.0,-0.6804301280778775,0.7328129644076469,0.48588888758971976,-0.008737662224988946,0.0,0.0,0.0,-0.15541452115208895
2026-08-28T01:24:43.250335,24.88,-2.607319489849815,-3.3132618360157693,0.0,-1.4998885596446359,0.0,0.0,-0.6815979891314187,0.7317268487707735,0.4879888896277445,-0.008784303385145234,0.0,0.0,0.0,-0.15852054402616828
2026-08-28T01:24:43.330379,24.9,-2.606868828057012,-3.3230175071350576,0.0,-1.5031154959539388,0.0,0.0,-0.6827777193927285,0.7306261601536483,0.48861888911881696,-0.008831034862940353,0.0,0.0,0.0,-0.1588904567946495
2026-08-28T01:24:43.413003,24.92,-2.606448805328023,-3.332782742985276,0.0,-1.5063436819923657,0.0,0.0,-0.6839561280464856,0.729523142133037,0.4888078892852553,-0.00887752388012869,0.0,0.0,0.0,-0.15884471140130826
2026-08-28T01:24:43.493159,24.94,-2.6060597081313612,-3.3425517189044136,0.0,-1.5095680623356682,0.0,0.0,-0.685131368722196,0.7284195271907874,0.48886458944015027,-0.008923722744733131,0.0,0.0,0.0,-0.15873428087711175
2026-08-28T01:24:43.569942,24.96,-2.6057015993451795,-3.352322617465025,0.0,-1.512787321234777,0.0,0.0,-0.6863029661828668,0.7273157764056811,0.48888159900223177,-0.00896984143702329,0.0,0.0,0.0,-0.1586086833011579
2026-08-28T01:24:43.647393,24.98,-2.605374480452908,-3.36209482387591,0.0,-1.5160014078472122,0.0,0.0,-0.6874709074109696,0.726211919114206,0.48888670174021476,-0.009015831404024916,0.0,0.0,0.0,-0.15847897006709122
2026-08-28T01:24:43.724620,25.0,-2.605078335626626,-3.371868084363329,0.0,-1.519210725541744,0.0,0.0,-0.6886353441973149,0.7251078283415824,0.4888882327608795,-0.00906151188293229,0.0,0.0,0.0,-0.15834840192603838
2026-08-28T01:24:43.803003,25.02,-2.604813144035176,-3.3816422536391246,0.0,-1.5224155685052128,0.0,0.0,-0.6897963879376665,0.7240034137959215,0.48888869240774085,-0.009106771131460804,0.0,0.0,0.0,-0.1582177087292846
2026-08-28T01:24:43.883363,25.04,-2.6045788832520675,-3.3914172191295453,0.0,-1.525615711988736,0.0,0.0,-0.6909539618283314,0.7228987637516977,0.48888883005122635,-0.009151737098983554,0.0,0.0,0.0,-0.15808681642875222
2026-08-28T01:24:43.966585,25.06,-2.604375530154636,-3.4011928782417975,0.0,-1.5288110205875163,0.0,0.0,-0.6921080218253809,0.721793936054438,0.4888888711210991,-0.009196496298727189,0.0,0.0,0.0,-0.15795556837253003
2026-08-28T01:24:44.047411,25.08,-2.6042030611511344,-3.4109691315438604,0.0,-1.5320018151441916,0.0,0.0,-0.6932586886094951,0.7206888306803728,0.48888888350112325,-0.009240925647038685,0.0,0.0,0.0,-0.15782411405483052
2026-08-28T01:24:44.124878,25.1,-2.6040614522699546,-3.4207458807151743,0.0,-1.5351881722258527,0.0,0.0,-0.6944059942828196,0.7195834316492347,0.4888888871402259,-0.009285013659997189,0.0,0.0,0.0,-0.15769253095635852
2026-08-28T01:24:44.203907,25.12,-2.6039506791883658,-3.430523027936888,0.0,-1.5383700859861693,0.0,0.0,-0.6955499411907703,0.7184777514366857,0.48888888804738345,-0.00932878522729267,0.0,0.0,0.0,-0.15756057508458285
2026-08-28T01:24:44.280850,25.14,-2.6038705887844764,-3.4403004747580885,0.0,-1.5414948980671352,0.0,0.0,-0.696671645755152,0.7173901435068704,0.48888888824518895,-0.00937215443959287,0.0,0.0,0.0,-0.1521745277282853
2026-08-28T01:24:44.360390,25.16,-2.603820383578615,-3.4500781208155504,0.0,-1.544562571531889,0.0,0.0,-0.6977711851633499,0.7163207194795737,0.4888888888175271,-0.009414806802638063,0.0,0.0,0.0,-0.1519658695891768
2026-08-28T01:24:44.446535,25.18,-2.603799897548978,-3.4598558743129937,0.0,-1.547625089435808,0.0,0.0,-0.6988672391981565,0.715251411725658,0.48888888894716676,-0.009456996889526082,0.0,0.0,0.0,-0.15179282516387205
2026-08-28T01:24:44.557203,25.2,-2.60380909707469,-3.469633644950588,0.0,-1.5506836676135152,0.0,0.0,-0.6999602477225122,0.7141818057107303,0.4888888897284149,-0.009498519765700339,0.0,0.0,0.0,-0.15165660204534806
2026-08-28T01:24:44.668760,25.22,-2.603847957861816,-3.4794113426937594,0.0,-1.5537397131933253,0.0,0.0,-0.7010507162208989,0.7131114171615573,0.48888888980654244,-0.009539550747180534,0.0,0.0,0.0,-0.15152028154607292
2026-08-28T01:24:44.750707,25.24,-2.603916459536944,-3.489188877707814,0.0,-1.5567901910216833,0.0,0.0,-0.7021375656369618,0.7120413182684001,0.4888888894925011,-0.009580239896191145,0.0,0.0,0.0,-0.15138294237484756
2026-08-28T01:24:44.832687,25.26,-2.604014564591902,-3.4989661605068907,0.0,-1.5598365536214518,0.0,0.0,-0.7032213187303614,0.7109710098753194,0.4888888893502968,-0.00962055553973829,0.0,0.0,0.0,-0.15124350468300093
2026-08-28T01:24:44.911614,25.28,-2.6041422449152267,-3.508743101816965,0.0,-1.5628788785289378,0.0,0.0,-0.7043020071150675,0.7099004738508683,0.4888888891980478,-0.009660471716758195,0.0,0.0,0.0,-0.15110414717327852
2026-08-28T01:24:44.992214,25.3,-2.6042994754941033,-3.5185196125575593,0.0,-1.565919145398854,0.0,0.0,-0.7053803363928701,0.7088290210130236,0.4888888897286812,-0.009699737623028474,0.0,0.0,0.0,-0.15096376456763594
2026-08-28T01:24:45.074714,25.32,-2.60448623430341,-3.5282956038119866,0.0,-1.5689542066277022,0.0,0.0,-0.7064551935100517,0.7077577689878618,0.4888888897478109,-0.009738510956963192,0.0,0.0,0.0,-0.1508222365894232
2026-08-28T01:24:45.156705,25.34,-2.6047024816394844,-3.5380709872333735,0.0,-1.5719852997831871,0.0,0.0,-0.7075270216423388,0.706686290829192,0.4888888895688785,-0.009776873715228916,0.0,0.0,0.0,-0.1506780068245369
2026-08-28T01:24:45.236340,25.36,-2.604948187395346,-3.5478456745801688,0.0,-1.5750123722802731,0.0,0.0,-0.7085958061530301,0.7056146140084809,0.48888888928625407,-0.009814853782372472,0.0,0.0,0.0,-0.1505333927190695
2026-08-28T01:24:45.315328,25.38,-2.6052233210463966,-3.5576195778748136,0.0,-1.5780352705810112,0.0,0.0,-0.7096614969699947,0.7045428019065316,0.4888888887367188,-0.009852532619982852,0.0,0.0,0.0,-0.1503874019369165
2026-08-28T01:24:45.396647,25.4,-2.6055278515626874,-3.567392609412059,0.0,-1.5810544778750428,0.0,0.0,-0.7107242683245011,0.7034706919371997,0.4888888888939462,-0.009889686555929342,0.0,0.0,0.0,-0.15024001075572346
2026-08-28T01:24:45.480639,25.42,-2.6058617473841634,-3.5771646817600735,0.0,-1.584070210108296,0.0,0.0,-0.7117841995703558,0.7023982155743194,0.48888888922392026,-0.009926216637742501,0.0,0.0,0.0,-0.1500912732528007
2026-08-28T01:24:45.559991,25.44,-2.606225049285603,-3.5869357049990778,0.0,-1.5871120795575573,0.0,0.0,-0.7128516777305186,0.7013148262776033,0.48888888921681745,-0.009962318853078377,0.0,0.0,0.0,-0.15292380695823424
2026-08-28T01:24:45.638179,25.46,-2.606618162900347,-3.59670557419434,0.0,-1.5901804325359499,0.0,0.0,-0.713926779108004,0.7002203610810466,0.4888888890734287,-0.00999805548522967,0.0,0.0,0.0,-0.15281957112469488
2026-08-28T01:24:45.715341,25.48,-2.607041135318709,-3.6064741962486564,0.0,-1.5932459294663746,0.0,0.0,-0.7149992017512212,0.6991252688146212,0.4888888892830183,-0.010033216337334413,0.0,0.0,0.0,-0.1526904521073309
2026-08-28T01:24:45.795483,25.5,-2.6074939373364554,-3.616241481077749,0.0,-1.5963078157439756,0.0,0.0,-0.7160686844638589,0.6980298268198849,0.48888888905946637,-0.010067930428811494,0.0,0.0,0.0,-0.15253521604737194
2026-08-28T01:24:45.880748,25.52,-2.6079765349799446,-3.626007339064962,0.0,-1.599365989309262,0.0,0.0,-0.717135195107791,0.6969340800518443,0.4888888891388277,-0.010102122595081755,0.0,0.0,0.0,-0.15237718065539943
2026-08-28T01:24:45.959218,25.54,-2.6084888929078174,-3.635771680937574,0.0,-1.6024206859656263,0.0,0.0,-0.7181988193321615,0.6958379523350888,0.4888888894499431,-0.010135670547129634,0.0,0.0,0.0,-0.15221685484956826
2026-08-28T01:24:46.042126,25.56,-2.6090309750565304,-3.6455344177406035,0.0,-1.6054714242332224,0.0,0.0,-0.7192593931204262,0.6947416249283155,0.48888888923477875,-0.01016879485453611,0.0,0.0,0.0,-0.15205422150740003
2026-08-28T01:24:46.118974,25.58,-2.6096027446452763,-3.6552954608511947,0.0,-1.6085183672896735,0.0,0.0,-0.7203169771080958,0.6936450479098477,0.4888888891768333,-0.010201408183212588,0.0,0.0,0.0,-0.15188898054326677
2026-08-28T01:24:46.194213,25.6,-2.6102041682282726,-3.6650547217247764,0.0,-1.6115631511041144,0.0,0.0,-0.7213721415766794,0.6925476397743878,0.488888889206483,-0.010233524293003353,0.0,0.0,0.0,-0.15172142837161212
2026-08-28T01:24:46.277951,25.62,-2.610835215724515,-3.6748121118668764,0.0,-1.6146025869795555,0.0,0.0,-0.7224237852227581,0.6914505582790589,0.4888888893511587,-0.010265044923001215,0.0,0.0,0.0,-0.15155130588689436
2026-08-28T01:24:46.352290,25.64,-2.6114958358297655,-3.6845675444303367,0.0,-1.617638015951053,0.0,0.0,-0.7234723773123565,0.6903533292930565,0.48888888914968537,-0.01029611569657802,0.0,0.0,0.0,-0.1513770897760683
2026-08-28T01:24:46.432211,25.66,-2.6121859885545193,-3.694320932188763,0.0,-1.6206693257968146,0.0,0.0,-0.7245178833500423,0.6892560022995625,0.4888888888551558,-0.010326776393212467,0.0,0.0,0.0,-0.15120139170233393
2026-08-28T01:24:46.510585,25.68,-2.612905637626123,-3.7040721879452514,0.0,-1.623698295563198,0.0,0.0,-0.7255609198468256,0.6881579408762413,0.4888888885872038,-0.010357027548160395,0.0,0.0,0.0,-0.15102295151557382
2026-08-28T01:24:46.590779,25.7,-2.6136547503662473,-3.713821224509124,0.0,-1.6267215515577431,0.0,0.0,-0.7266003293004795,0.6870603768668623,0.4888888886036169,-0.01038675019776321,0.0,0.0,0.0,-0.15084172628042314
2026-08-28T01:24:46.673615,25.72,-2.6144332760465674,-3.7235679563539144,0.0,-1.6297427237805544,0.0,0.0,-0.7276373637650255,0.685962001027086,0.4888888886877591,-0.01041593802689089,0.0,0.0,0.0,-0.15065600040295754
2026-08-28T01:24:46.751625,25.74,-2.6152416834901455,-3.7333122548828177,0.0,-1.6329236103001066,0.0,0.0,-0.7287274266633657,0.6848038680006042,0.48888888897646104,-0.01044510407601963,0.0,0.0,0.0,-0.17111734130375567
2026-08-28T01:24:46.831971,25.76,-2.6160829414985183,-3.743053771868337,0.0,-1.6363521299143284,0.0,0.0,-0.7299002870845326,0.6835536342628258,0.48888888905360856,-0.010474804168860001,0.0,0.0,0.0,-0.17130555973236275
2026-08-28T01:24:46.909366,25.78,-2.6169575673338987,-3.75279234967875,0.0,-1.639782954501343,0.0,0.0,-0.7310717889005555,0.6823005492257365,0.4888888893609934,-0.010503873516383601,0.0,0.0,0.0,-0.17135230778278543
2026-08-28T01:24:46.988608,25.8,-2.6178655577127237,-3.7625278733746206,0.0,-1.6432119986995712,0.0,0.0,-0.7322405331733651,0.6810461082613908,0.48888888917032963,-0.010532497914326137,0.0,0.0,0.0,-0.17117069273831886
2026-08-28T01:24:47.072523,25.82,-2.618806871957687,-3.7722602315584237,0.0,-1.646637197620127,0.0,0.0,-0.7334058179712948,0.6797910753796759,0.48888888937285974,-0.010560532098995046,0.0,0.0,0.0,-0.1709799730426827
2026-08-28T01:24:47.149388,25.84,-2.619781466785992,-3.7819893133926334,0.0,-1.6500605550745007,0.0,0.0,-0.7345683269436878,0.6785347250149777,0.4888888897520057,-0.010587902265493299,0.0,0.0,0.0,-0.17078359456487913
2026-08-28T01:24:47.230905,25.86,-2.6207893070608335,-3.7917150075333597,0.0,-1.6534793949619462,0.0,0.0,-0.7357271539233736,0.6772780484998849,0.48888888927910884,-0.010614929271451023,0.0,0.0,0.0,-0.1705832488367653
2026-08-28T01:24:47.304967,25.88,-2.621830337423096,-3.801437205051975,0.0,-1.6568920721837441,0.0,0.0,-0.7368817479788515,0.6760216634810102,0.4888888894359583,-0.010641377055365138,0.0,0.0,0.0,-0.1703768389560138
2026-08-28T01:24:47.383060,25.9,-2.62290449107761,-3.8111557987201365,0.0,-1.6603000409309618,0.0,0.0,-0.7380326079812571,0.6747650476694713,0.48888888896772736,-0.010667480498215682,0.0,0.0,0.0,-0.17016667387354267
2026-08-28T01:24:47.464766,25.92,-2.6240117147513624,-3.8208706803392403,0.0,-1.6637035920070633,0.0,0.0,-0.7391798373933474,0.6735081053641037,0.4888888889366219,-0.010693080040058308,0.0,0.0,0.0,-0.16995415657230387
2026-08-28T01:24:47.543058,25.94,-2.625151954306111,-3.830581742232216,0.0,-1.6671029469521859,0.0,0.0,-0.7403235156870885,0.6722507658015044,0.4888888892948195,-0.010718048256049918,0.0,0.0,0.0,-0.16973772577543672
2026-08-28T01:24:47.627697,25.96,-2.626325159895493,-3.8402888766214445,0.0,-1.670499784500271,0.0,0.0,-0.7414642106815664,0.6709924174522105,0.48888888902886707,-0.010742618131734352,0.0,0.0,0.0,-0.16951689580703833
2026-08-28T01:24:47.703401,25.98,-2.6275312858428035,-3.8499919756042407,0.0,-1.6738897808978899,0.0,0.0,-0.742600475955879,0.6697346736657002,0.4888888889945157,-0.010766695731040922,0.0,0.0,0.0,-0.16929120548467258
2026-08-28T01:24:47.779853,26.0,-2.6287802453464426,-3.8597680691035507,0.0,-1.677251986188007,0.0,0.0,-0.743725318823329,0.66848534025896,0.4966666515627616,-0.010797465332226688,0.0,0.0,0.0,-0.1717482897148838
2026-08-28T01:24:47.860132,26.02,-2.6300757934389427,-3.8696400848196078,0.0,-1.6806729188204017,0.0,0.0,-0.7448676519666982,0.6672122458810372,0.498999995508907,-0.01082642009723137,0.0,0.0,0.0,-0.17029370096305424
2026-08-28T01:24:47.937386,26.04,-2.6314090854074057,-3.8795376819214495,0.0,-1.6841055165843335,0.0,0.0,-0.746011689964844,0.6659328482931275,0.49969999859281494,-0.01085436000035832,0.0,0.0,0.0,-0.17257336817621619
2026-08-28T01:24:48.021933,26.06,-2.6327777172133593,-3.8894396407089595,0.0,-1.6875621786637498,0.0,0.0,-0.7471615275879088,0.6646424991621456,0.4999099994758519,-0.010881743874033475,0.0,0.0,0.0,-0.17259168332655858
2026-08-28T01:24:48.099994,26.08,-2.634180902016323,-3.8993395194629765,0.0,-1.691018453882577,0.0,0.0,-0.7483090050322411,0.6633503094049609,0.4999729996052864,-0.010908673993510079,0.0,0.0,0.0,-0.17255693774941727
2026-08-28T01:24:48.175717,26.1,-2.635618361653493,-3.909235307229233,0.0,-1.6944735786396585,0.0,0.0,-0.7494538668472656,0.6620565696884829,0.499991899814507,-0.01093507496532614,0.0,0.0,0.0,-0.17249344067540692
2026-08-28T01:24:48.265448,26.12,-2.6370899885048247,-3.919126320022644,0.0,-1.6979273461800592,0.0,0.0,-0.7505960435409371,0.6607613634442405,0.4999975702091744,-0.0109608729889477,0.0,0.0,0.0,-0.17242437798556648
2026-08-28T01:24:48.339911,26.14,-2.638595727338498,-3.9290122718976965,0.0,-1.7013793798387042,0.0,0.0,-0.7517354101452767,0.6594648384362223,0.4999992711983457,-0.010986219245283107,0.0,0.0,0.0,-0.17235299090596498
2026-08-28T01:24:48.422217,26.16,-2.6401355387447842,-3.9388929964181956,0.0,-1.7048295201594323,0.0,0.0,-0.7528719141635922,0.6581670615152726,0.4999997812865504,-0.011011183218750912,0.0,0.0,0.0,-0.17228021923223324
2026-08-28T01:24:48.503066,26.18,-2.641709387786269,-3.9487683631532344,0.0,-1.708277814065296,0.0,0.0,-0.7540055713106163,0.656868022080959,0.49999993422839045,-0.011035741303863816,0.0,0.0,0.0,-0.172206508449532
2026-08-28T01:24:48.580620,26.2,-2.643317240531091,-3.9586382526352857,0.0,-1.7117245032856694,0.0,0.0,-0.755136461049173,0.6555676358653857,0.49999998031942033,-0.011059777221701995,0.0,0.0,0.0,-0.17213200239172058
2026-08-28T01:24:48.663850,26.22,-2.644959062991743,-3.9685025488523493,0.0,-1.715169650938048,0.0,0.0,-0.7562646037984895,0.654265885585909,0.49999999438195064,-0.01108326230874212,0.0,0.0,0.0,-0.17205667068156155
2026-08-28T01:24:48.740081,26.24,-2.6466348207857324,-3.9783611370022447,0.0,-1.718612974792699,0.0,0.0,-0.7573899070784113,0.6529628845928042,0.49999999840077064,-0.01110633648559351,0.0,0.0,0.0,-0.17198034909502263
2026-08-28T01:24:48.822408,26.26,-2.6483444809110033,-3.9882139024814087,0.0,-1.7220552115137937,0.0,0.0,-0.7585126111447503,0.6516583604423202,0.49999999823728714,-0.011129020526499686,0.0,0.0,0.0,-0.17190297283243225
2026-08-28T01:24:48.900637,26.28,-2.6500880136375433,-3.998060730373549,0.0,-1.7254956621482507,0.0,0.0,-0.7596324875161394,0.6503525843033471,0.49999999940325374,-0.011151280171875283,0.0,0.0,0.0,-0.1718246784114945
2026-08-28T01:24:48.973557,26.3,-2.6518653810637294,-4.007901507335469,0.0,-1.7289336870828456,0.0,0.0,-0.7607493288079069,0.6490458063328959,0.5000000000473482,-0.011173036084915143,0.0,0.0,0.0,-0.17174498484426748
2026-08-28T01:24:49.056666,26.32,-2.653676542733852,-4.017736120681006,0.0,-1.7323708541283538,0.0,0.0,-0.7618636442396537,0.6477374372273648,0.5000000001753985,-0.01119430197862521,0.0,0.0,0.0,-0.17166428481129103
2026-08-28T01:24:49.129757,26.34,-2.6555216216911193,-4.027564427108809,0.0,-1.7358669352586487,0.0,0.0,-0.7629947509864227,0.6464046797225148,0.5000000002824839,-0.01121529298521784,0.0,0.0,0.0,-0.17794533668219772
2026-08-28T01:24:49.209862,26.36,-2.65740151335461,-4.03738613409828,0.0,-1.73942812747635,0.0,0.0,-0.764144526489981,0.6450450702357182,0.5000000005876937,-0.011235952128455677,0.0,0.0,0.0,-0.17794280063644755
2026-08-28T01:24:49.286736,26.38,-2.659316346919581,-4.04720108867069,0.0,-1.7429884314485646,0.0,0.0,-0.7652915933822428,0.643683755503017,0.5000000001593021,-0.011256341538269671,0.0,0.0,0.0,-0.17790304711115298
2026-08-28T01:24:49.363184,26.4,-2.6612660922241926,-4.05700916769882,0.0,-1.7465140918901216,0.0,0.0,-0.7664251088729334,0.6423336769071916,0.5000000030879013,-0.011275187489610749,0.0,0.0,0.0,-0.17782103491902623
2026-08-28T01:24:49.446755,26.42,-2.663250713527049,-4.066810249234607,0.0,-1.750072727768213,0.0,0.0,-0.767566810864011,0.6409689468765639,0.5000000020444199,-0.011294466596230094,0.0,0.0,0.0,-0.1777374795476408
2026-08-28T01:24:49.525376,26.44,-2.665270163839278,-4.076604213775306,0.0,-1.7536289595771868,0.0,0.0,-0.7687053139359582,0.6396031115673375,0.5000000009354971,-0.011313719368943658,0.0,0.0,0.0,-0.17767346714343368
2026-08-28T01:24:49.603200,26.46,-2.6673244040682214,-4.0863909404084096,0.0,-1.7571836486151828,0.0,0.0,-0.7698408942702563,0.6382358478722204,0.5000000009949651,-0.011332511024307261,0.0,0.0,0.0,-0.17758640041365645
2026-08-28T01:24:49.677290,26.48,-2.6694133917875607,-4.0961703090744015,0.0,-1.7607365449749866,0.0,0.0,-0.7709734718648633,0.6368672590741643,0.5000000010557596,-0.011350854805768118,0.0,0.0,0.0,-0.1774984695609479
2026-08-28T01:24:49.756082,26.5,-2.6715370834445555,-4.105942200140848,0.0,-1.7642874672656417,0.0,0.0,-0.7721029891890424,0.6354974225638885,0.500000000893354,-0.011368837723866427,0.0,0.0,0.0,-0.1774090838514199
2026-08-28T01:24:49.833713,26.52,-2.6736954348218105,-4.115706494312297,0.0,-1.7678362499331148,0.0,0.0,-0.7732293942473916,0.6341264100097171,0.5000000005299023,-0.011386536615216682,0.0,0.0,0.0,-0.17731835918784336
2026-08-28T01:24:49.908893,26.54,-2.6758884010442547,-4.125463072635005,0.0,-1.771382946609053,0.0,0.0,-0.7743527048614598,0.6327542085784502,0.5000000002614159,-0.0114039204259626,0.0,0.0,0.0,-0.1772263697827912
2026-08-28T01:24:49.990142,26.56,-2.6781159365964724,-4.135211816496135,0.0,-1.7749276193954084,0.0,0.0,-0.775472941397286,0.6313808020209686,0.5000000000990231,-0.01142095429987122,0.0,0.0,0.0,-0.1771331812091364
2026-08-28T01:24:50.067378,26.58,-2.680377995334905,-4.144952607627507,0.0,-1.7784704500168813,0.0,0.0,-0.7765901617492796,0.6300061274894299,0.5000000002017444,-0.011437543476551851,0.0,0.0,0.0,-0.17703871497198995
2026-08-28T01:24:50.144791,26.6,-2.6826745304780233,-4.154685328111408,0.0,-1.7820112654980866,0.0,0.0,-0.7777043118414853,0.628630259646449,0.5000000001099214,-0.011453768666281897,0.0,0.0,0.0,-0.17694288427054747
2026-08-28T01:24:50.224573,26.62,-2.685005494590635,-4.164409860392015,0.0,-1.7855502790557731,0.0,0.0,-0.7788154592110584,0.627253123143973,0.500000000319884,-0.011469516740586855,0.0,0.0,0.0,-0.1768455187629196
2026-08-28T01:24:50.302447,26.64,-2.6873710221476776,-4.174126042661509,0.0,-1.7891593144293383,0.0,0.0,-0.7799460799297221,0.6258467163789065,0.500000000559877,-0.01148502925573338,0.0,0.0,0.0,-0.1842651037623956
2026-08-28T01:24:50.381001,26.66,-2.689772161269243,-4.183833485476577,0.0,-1.7928455094659708,0.0,0.0,-0.7810982510651119,0.6244081375054488,0.5000000000634426,-0.011500618079860131,0.0,0.0,0.0,-0.18426937425453593
2026-08-28T01:24:50.462009,26.68,-2.6922090589475247,-4.193532013447835,0.0,-1.7965310067867835,0.0,0.0,-0.7822475514767185,0.6229677104061482,0.49999999962442154,-0.01151598174355704,0.0,0.0,0.0,-0.18422503465904377
2026-08-28T01:24:50.542408,26.7,-2.6946816736457184,-4.203221497012403,0.0,-1.8002150960649286,0.0,0.0,-0.7833937580261958,0.6215257194079696,0.49999999967509773,-0.01153093997389949,0.0,0.0,0.0,-0.1841255958981587
2026-08-28T01:24:50.624138,26.72,-2.6971899538189588,-4.212901809293698,0.0,-1.8038971815569023,0.0,0.0,-0.784536685164894,0.6200824055159765,0.49999999971061065,-0.011545508000799435,0.0,0.0,0.0,-0.18402365480035462
2026-08-28T01:24:50.702871,26.74,-2.699733848258675,-4.222572823533454,0.0,-1.807578393223812,0.0,0.0,-0.7856766828752537,0.6186373331655131,0.49999999992014577,-0.011559628338048479,0.0,0.0,0.0,-0.18391962732088
2026-08-28T01:24:50.785378,26.76,-2.7023133099866947,-4.232234412048388,0.0,-1.811257719876902,0.0,0.0,-0.7868134371411138,0.6171909065550031,0.5000000001777686,-0.011573279310202718,0.0,0.0,0.0,-0.1838138577066747
2026-08-28T01:24:50.914669,26.78,-2.704928281216085,-4.2418864502300435,0.0,-1.8149339685934507,0.0,0.0,-0.7879465809379561,0.615743603773669,0.500000000357494,-0.011586501349414224,0.0,0.0,0.0,-0.1837054815707009
2026-08-28T01:24:50.991669,26.8,-2.707578698054811,-4.251528815409431,0.0,-1.8186078139628437,0.0,0.0,-0.7890763243178202,0.6142951687919077,0.5000000000841266,-0.011599473382160184,0.0,0.0,0.0,-0.18359513961492738
2026-08-28T01:24:51.074524,26.82,-2.710264503485126,-4.2611613833413795,0.0,-1.82227946852973,0.0,0.0,-0.7902027338187838,0.6128455265932193,0.5000000000924796,-0.011612079899385527,0.0,0.0,0.0,-0.1834836198027002
2026-08-28T01:24:51.152119,26.84,-2.71298563981817,-4.270784030219466,0.0,-1.8259488817618001,0.0,0.0,-0.7913257949607725,0.6113947057586462,0.500000000091368,-0.011624338302212805,0.0,0.0,0.0,-0.1833703848774834
2026-08-28T01:24:51.234107,26.86,-2.7157420486335617,-4.280396632699706,0.0,-1.8296162920359589,0.0,0.0,-0.7924455815391748,0.6099426204972392,0.5000000004435602,-0.011636117125241098,0.0,0.0,0.0,-0.1832552140819403
2026-08-28T01:24:51.308299,26.88,-2.7185336735485213,-4.289999067098572,0.0,-1.8332825486831599,0.0,0.0,-0.793562352555748,0.6084889420574434,0.5000000004561956,-0.0116475682009072,0.0,0.0,0.0,-0.18313807578060515
2026-08-28T01:24:51.388423,26.9,-2.7213604601968036,-4.299591209375153,0.0,-1.836945535825724,0.0,0.0,-0.7946754645682931,0.6070345179750223,0.500000000769691,-0.011658555055102727,0.0,0.0,0.0,-0.1830187106256567
2026-08-28T01:24:51.472767,26.92,-2.724222339325197,-4.3091729401254835,0.0,-1.8406060251563283,0.0,0.0,-0.7957851546363987,0.6055790515368931,0.5000000006692077,-0.011669262187138266,0.0,0.0,0.0,-0.18289640871645424
2026-08-28T01:24:51.551708,26.94,-2.727119453412364,-4.318744076026451,0.0,-1.8443447662418404,0.0,0.0,-0.796915815163718,0.6040903769651912,0.5000000005727084,-0.011679954587556263,0.0,0.0,0.0,-0.1913090163444983
2026-08-28T01:24:51.633034,26.96,-2.7300529668339912,-4.328304118258793,0.0,-1.84817196993981,0.0,0.0,-0.7980703438190948,0.60256429226803,0.5000000001448112,-0.011690830558201954,0.0,0.0,0.0,-0.19131417776583187
2026-08-28T01:24:51.710842,26.98,-2.7330230373913817,-4.337852866312632,0.0,-1.8519986669190502,0.0,0.0,-0.7992217977657632,0.6010362035485562,0.5000000000963061,-0.011701397733625789,0.0,0.0,0.0,-0.19125806944679397
2026-08-28T01:24:51.789696,27.0,-2.7360296106640223,-4.347390183848601,0.0,-1.8558238008887125,0.0,0.0,-0.8003698573233049,0.5995065399879076,0.5000000004434817,-0.0117115221219756,0.0,0.0,0.0,-0.19113062061913816
2026-08-28T01:24:51.874118,27.02,-2.739072619988918,-4.356915938567788,0.0,-1.8596461948643843,0.0,0.0,-0.8015141699745844,0.5979757815580437,0.500000000210145,-0.011721420560369362,0.0,0.0,0.0,-0.19099930583491564
2026-08-28T01:24:51.953730,27.04,-2.742151995929341,-4.366429999355612,0.0,-1.8634659699152267,0.0,0.0,-0.8026547739366765,0.5964438899650685,0.5000000002187376,-0.011731002482068336,0.0,0.0,0.0,-0.19086481737618904
2026-08-28T01:24:52.036169,27.06,-2.74526767125919,-4.3759322346808265,0.0,-1.8672846251046955,0.0,0.0,-0.8037921169712389,0.5949102728100215,0.5000000004946532,-0.01174018432104475,0.0,0.0,0.0,-0.19072797622886287
2026-08-28T01:24:52.111827,27.08,-2.748419581084643,-4.385422512525841,0.0,-1.8710992501948012,0.0,0.0,-0.8049253340762121,0.5933761088570202,0.500000000586305,-0.011749025067463148,0.0,0.0,0.0,-0.19058857899475348
2026-08-28T01:24:52.190811,27.1,-2.7516076467260486,-4.394900705742475,0.0,-1.8749123486171941,0.0,0.0,-0.8060551712199931,0.5918404015860251,0.5000000004050477,-0.01175765666613329,0.0,0.0,0.0,-0.190445323290374
2026-08-28T01:24:52.271024,27.12,-2.7544286105909968,-4.403189364945666,0.0,-1.8780802299719808,0.0,0.0,-0.8069915997717753,0.5905629161213823,0.3755556997562931,-0.011663340068422368,0.0,0.0,0.0,-0.03145898003450909
2026-08-28T01:24:52.351188,27.14,-2.756748768647398,-4.4099395285353005,0.0,-1.8786994446056708,0.0,0.0,-0.8071744036909709,0.590313037316749,0.3382222301700934,-0.011469797091402285,0.0,0.0,0.0,-0.022972748526154992
2026-08-28T01:24:52.431089,27.16,-2.7589276594246144,-4.416225022465749,0.0,-1.8793466655338056,0.0,0.0,-0.80736539289843,0.5900517963280544,0.3270222101744715,-0.011288298791481528,0.0,0.0,0.0,-0.0379268269072279
2026-08-28T01:24:52.509163,27.18,-2.761074255552253,-4.4223675897825006,0.0,-1.880422417417515,0.0,0.0,-0.8076826507591681,0.5896174485737712,0.3236622045663111,-0.011146932048268166,0.0,0.0,0.0,-0.07090799809851098
2026-08-28T01:24:52.587188,27.2,-2.763221611434719,-4.428463600046478,0.0,-1.8821640814205844,0.0,0.0,-0.8081958021847592,0.5889138691956011,0.3226542026072419,-0.011040528594226225,0.0,0.0,0.0,-0.10907573319021427
2026-08-28T01:24:52.664003,27.22,-2.7653797876612716,-4.4345418842661415,0.0,-1.8846175208436902,0.0,0.0,-0.8089176261522028,0.5879219966120379,0.32235181117449246,-0.010951411396560128,0.0,0.0,0.0,-0.12529626274201075
2026-08-28T01:24:52.740853,27.24,-2.7675518394392835,-4.440611048745169,0.0,-1.8872237541058188,0.0,0.0,-0.8096830700502743,0.5868673837196634,0.3222610990064158,-0.010867645532495066,0.0,0.0,0.0,-0.12398072251397643
2026-08-28T01:24:52.822367,27.26,-2.7697385553103238,-4.446673691472712,0.0,-1.8898095896771967,0.0,0.0,-0.8104411643693759,0.5858200398549117,0.3222338850667025,-0.010788262591943315,0.0,0.0,0.0,-0.1239085610817148
2026-08-28T01:24:52.898236,27.28,-2.7719401688979812,-4.45273056362785,0.0,-1.8923868178786998,0.0,0.0,-0.8111953872449736,0.5847752078469787,0.3222257212433218,-0.01071314320075814,0.0,0.0,0.0,-0.12375725392364063
2026-08-28T01:24:52.977136,27.3,-2.7741567328627,-4.458781867523002,0.0,-1.8949549927967786,0.0,0.0,-0.8119456207672916,0.5837330801974627,0.3222232723134973,-0.010642079952225696,0.0,0.0,0.0,-0.12361591394971778
2026-08-28T01:24:53.065099,27.32,-2.7763882460463827,-4.464827648518402,0.0,-1.8975159557163734,0.0,0.0,-0.8126924143034628,0.5826929206139445,0.3222232723035201,-0.010574840868991919,0.0,0.0,0.0,-0.12347688889098409
2026-08-28T01:24:53.139708,27.34,-2.7786346845673573,-4.470867881554033,0.0,-1.9000673941659736,0.0,0.0,-0.8134351053508938,0.5816556794038724,0.3222223171210883,-0.01051112253898696,0.0,0.0,0.0,-0.12334010291410095
2026-08-28T01:24:53.222527,27.36,-2.780896018788494,-4.476902551410985,0.0,-1.9026123053199264,0.0,0.0,-0.8141745776304324,0.5806201487550245,0.3222223167220276,-0.010450765482284354,0.0,0.0,0.0,-0.12320451154974028
2026-08-28T01:24:53.303105,27.38,-2.7831722228273685,-4.4829316266617285,0.0,-1.9051487667679219,0.0,0.0,-0.8149102829818208,0.5795871208804495,0.32222223110592196,-0.010393337607942726,0.0,0.0,0.0,-0.12307142267072368
2026-08-28T01:24:53.375396,27.4,-2.7854632609428447,-4.48895508034499,0.0,-1.9076783372639534,0.0,0.0,-0.8156426842283522,0.5785559710734723,0.32222222538512774,-0.010338705394747232,0.0,0.0,0.0,-0.12293922436436537
2026-08-28T01:24:53.459847,27.42,-2.7877691033283876,-4.494972882255171,0.0,-1.9102010939699325,0.0,0.0,-0.8163718131383368,0.5775266770576268,0.3222222232304623,-0.010286785393091646,0.0,0.0,0.0,-0.12280904340872272
2026-08-28T01:24:53.539230,27.44,-2.790089720319819,-4.500985002134698,0.0,-1.912717392424955,0.0,0.0,-0.8170977815557452,0.5764991026677142,0.3222222223239767,-0.010237375210332977,0.0,0.0,0.0,-0.12268004657597688
2026-08-28T01:24:53.623583,27.46,-2.7924250823635335,-4.50699140977524,0.0,-1.9152276135431676,0.0,0.0,-0.8178207078888342,0.5754731008033356,0.32222222207526774,-0.010190263526818786,0.0,0.0,0.0,-0.12255222506987043
2026-08-28T01:24:53.700459,27.48,-2.7947751600069193,-4.512992075046783,0.0,-1.9177320970394456,0.0,0.0,-0.8185406979261688,0.5744485406357479,0.3222222221418352,-0.010145262264111766,0.0,0.0,0.0,-0.12242546855308004
2026-08-28T01:24:53.775947,27.5,-2.7971399238807346,-4.518986967912904,0.0,-1.9202310300072163,0.0,0.0,-0.8192578129985816,0.5734253533292551,0.3222222221639325,-0.010102253679519143,0.0,0.0,0.0,-0.12229945035099744
2026-08-28T01:24:53.860157,27.52,-2.7995193446755424,-4.524976058442216,0.0,-1.9227246471879558,0.0,0.0,-0.8199721276887905,0.5724034502110533,0.3222222222987367,-0.010061100209143506,0.0,0.0,0.0,-0.12217405333360211
2026-08-28T01:24:53.936421,27.54,-2.8019135776416144,-4.530959242846695,0.0,-1.9253239198733498,0.0,0.0,-0.8207153513171916,0.5713373015236259,0.3222222224782463,-0.01002210955313911,0.0,0.0,0.0,-0.13438816123301534
2026-08-28T01:24:54.022612,27.56,-2.8043237016365685,-4.536936043644615,0.0,-1.9280547877552832,0.0,0.0,-0.8214947093432483,0.570216136671922,0.3222222227181232,-0.009985327637855245,0.0,0.0,0.0,-0.13441161650191752
2026-08-28T01:24:54.098511,27.58,-2.806749883477519,-4.542906344064667,0.0,-1.9307828993861509,0.0,0.0,-0.8222717514830904,0.5690950418980391,0.3222222221308112,-0.009950190586492207,0.0,0.0,0.0,-0.13437177005172912
2026-08-28T01:24:54.171304,27.6,-2.809192100604232,-4.548870103027728,0.0,-1.933507354998965,0.0,0.0,-0.823046225403718,0.567974392775495,0.3222222222815684,-0.009916436078608286,0.0,0.0,0.0,-0.13425118477253611
2026-08-28T01:24:54.257447,27.62,-2.8116503221906712,-4.554827282909105,0.0,-1.9362273922328805,0.0,0.0,-0.8238179197398482,0.5668545096543813,0.3222222224505791,-0.009884010774323106,0.0,0.0,0.0,-0.13412944256246326
2026-08-28T01:24:54.334982,27.64,-2.814124516030993,-4.560777846779113,0.0,-1.9389430564433228,0.0,0.0,-0.8245868533157928,0.5657353810208083,0.3222222223990589,-0.009852861922762149,0.0,0.0,0.0,-0.1340071037271105
2026-08-28T01:24:54.417379,27.66,-2.8166146497820184,-4.566721757904948,0.0,-1.9416545104715397,0.0,0.0,-0.8253530780262834,0.5646169467812135,0.32222222249218646,-0.00982289442015885,0.0,0.0,0.0,-0.13388461052360115
2026-08-28T01:24:54.499605,27.68,-2.8191206910091235,-4.572658979728341,0.0,-1.9443619846971931,0.0,0.0,-0.8261166644355847,0.5634991186699616,0.32222222287359503,-0.009793989785325044,0.0,0.0,0.0,-0.13376191870332196
2026-08-28T01:24:54.574396,27.7,-2.8216426071876892,-4.578589475864929,0.0,-1.9470652880397101,0.0,0.0,-0.8268775640873075,0.5623819822940993,0.3222222227472732,-0.009766202260434087,0.0,0.0,0.0,-0.1336389095564814
2026-08-28T01:24:54.656237,27.72,-2.8241803656915,-4.584513210113501,0.0,-1.9497647497601749,0.0,0.0,-0.8276358749819154,0.5612654082008968,0.32222222299034387,-0.009739374757685978,0.0,0.0,0.0,-0.13351541862473174
2026-08-28T01:24:54.732634,27.74,-2.826733933777594,-4.590430146459994,0.0,-1.9524600218924315,0.0,0.0,-0.8283915047155836,0.5601495469203301,0.3222222225180446,-0.009713624291871652,0.0,0.0,0.0,-0.1333915417025716
2026-08-28T01:24:54.815264,27.76,-2.8293032785903685,-4.596340249078212,0.0,-1.9551514022082612,0.0,0.0,-0.8291445421608117,0.5590342817796937,0.3222222223111109,-0.009688808415875539,0.0,0.0,0.0,-0.13326704742263526
2026-08-28T01:24:54.892120,27.78,-2.831888367147248,-4.6022434823397464,0.0,-1.9578392464082408,0.0,0.0,-0.8298950916906925,0.557919471597557,0.3222222228361904,-0.009664765212391542,0.0,0.0,0.0,-0.1331421284793872
2026-08-28T01:24:54.975855,27.8,-2.834489166347025,-4.608139810802092,0.0,-1.9605232611276358,0.0,0.0,-0.830643076189276,0.5568052442091548,0.32222222275427786,-0.009641590921762137,0.0,0.0,0.0,-0.13301657013362037
2026-08-28T01:24:55.058739,27.82,-2.8371056429538255,-4.614029199225692,0.0,-1.9632036816325789,0.0,0.0,-0.8313885660775169,0.5556915081190015,0.3222222228179379,-0.009619171761634269,0.0,0.0,0.0,-0.1328901117970202
2026-08-28T01:24:55.136954,27.84,-2.8397379061980237,-4.619911548648619,0.0,-1.965970234109409,0.0,0.0,-0.8321564452800405,0.5545409367926654,0.3222222227147887,-0.009597824924054971,0.0,0.0,0.0,-0.14246420098764193
2026-08-28T01:24:55.218755,27.86,-2.842386779013931,-4.6257864372366875,0.0,-1.968838186079957,0.0,0.0,-0.8329507878175804,0.5533470746955044,0.3222222227287567,-0.009577530090163953,0.0,0.0,0.0,-0.1424642181678559
2026-08-28T01:24:55.297446,27.88,-2.8450523807356203,-4.6316537543915075,0.0,-1.9717053549443997,0.0,0.0,-0.8337432013725377,0.5521524012128102,0.32222222313592064,-0.00955783307499816,0.0,0.0,0.0,-0.14240652362289477
2026-08-28T01:24:55.374112,27.9,-2.84773468447459,-4.6375134548790165,0.0,-1.9745689066112084,0.0,0.0,-0.8345329049876982,0.5509581023025196,0.32222222262549044,-0.009538873205639915,0.0,0.0,0.0,-0.14227916965057133
2026-08-28T01:24:55.462127,27.92,-2.850433652006364,-4.643365498747634,0.0,-1.9774288324340026,0.0,0.0,-0.835319901147463,0.5497641883089445,0.3222222221654577,-0.00952058429008544,0.0,0.0,0.0,-0.1421489142840259
2026-08-28T01:24:55.539305,27.94,-2.8531492481960536,-4.649209844780185,0.0,-1.9802866581675702,0.0,0.0,-0.8361046132279152,0.5485700281085345,0.32222222218794244,-0.009502862254650662,0.0,0.0,0.0,-0.14201757772181514
2026-08-28T01:24:55.621252,27.96,-2.855881439590543,-4.655046451111349,0.0,-1.9831398173836243,0.0,0.0,-0.8368863409877617,0.5473767005163043,0.32222222235407033,-0.009485661058202343,0.0,0.0,0.0,-0.14188511745500532
2026-08-28T01:24:55.699014,27.98,-2.8586301829308565,-4.660875280613031,0.0,-1.9859894374018847,0.0,0.0,-0.837665399051084,0.5461837412744802,0.3222222221262328,-0.00946903135725965,0.0,0.0,0.0,-0.14175044728328887
2026-08-28T01:24:55.777111,28.0,-2.8613954404282866,-4.666696293783312,0.0,-1.9888357774779473,0.0,0.0,-0.8384418628154959,0.5449910482553646,0.3222222223646894,-0.009452856936992625,0.0,0.0,0.0,-0.1416152590353956
2026-08-28T01:24:55.857530,28.02,-2.8641771741272355,-4.672509451361259,0.0,-1.9916787080618035,0.0,0.0,-0.8392157013517171,0.5437986820549914,0.3222222223882158,-0.009437171111254231,0.0,0.0,0.0,-0.14147874058030135
2026-08-28T01:24:55.936839,28.04,-2.8669753458570426,-4.678314714351796,0.0,-1.9945180056869665,0.0,0.0,-0.8399868585669891,0.5426067428946688,0.3222222218600734,-0.009422037327634055,0.0,0.0,0.0,-0.14134065732993567
2026-08-28T01:24:56.020650,28.06,-2.8697899172041703,-4.684112044047609,0.0,-1.9973539840264445,0.0,0.0,-0.8407554243161729,0.5414151055178753,0.3222222219313382,-0.009407320369580119,0.0,0.0,0.0,-0.14120104075805676
2026-08-28T01:24:56.101017,28.08,-2.872619744399924,-4.689901943118157,0.0,-1.9994585537669218,0.0,0.0,-0.8413246816494382,0.5405300917131919,0.32222222224006286,-0.009391048683475957,0.0,0.0,0.0,-0.06468595979843733
2026-08-28T01:24:56.177280,28.1,-2.875458158218685,-4.695687638140561,0.0,-2.0007579643543156,0.0,0.0,-0.841675689318014,0.5399833645688042,0.32222222241429793,-0.0093729398583306,0.0,0.0,0.0,-0.06406605924873236
2026-08-28T01:24:56.262858,28.12,-2.8783039873849865,-4.701469689361251,0.0,-2.0020470786230913,0.0,0.0,-0.8420235645852799,0.5394407443668848,0.322222222554212,-0.009355302595186502,0.0,0.0,0.0,-0.06371598296416295
2026-08-28T01:24:56.342209,28.14,-2.881157192291462,-4.70724810451819,0.0,-2.0033350743924614,0.0,0.0,-0.8423707886519629,0.5388983711479095,0.3222222225634599,-0.009338164273041768,0.0,0.0,0.0,-0.06401843960437482
2026-08-28T01:24:56.423729,28.16,-2.8840177888434284,-4.713022864020824,0.0,-2.004625073773517,0.0,0.0,-0.8427182026869988,0.5383549301901065,0.32222222260577205,-0.009321511564357642,0.0,0.0,0.0,-0.06397733120948126
2026-08-28T01:24:56.509237,28.18,-2.886885772566779,-4.718793958310609,0.0,-2.0059134928673013,0.0,0.0,-0.8430648411821314,0.5378119314059028,0.3222222222238757,-0.009305382115795086,0.0,0.0,0.0,-0.06393603150575985
2026-08-28T01:24:56.588834,28.2,-2.889761133984595,-4.7245613803225925,0.0,-2.0072005092807146,0.0,0.0,-0.8434107529920153,0.5372693009445466,0.32222222210349694,-0.009289699168989266,0.0,0.0,0.0,-0.06389333261051768
2026-08-28T01:24:56.677355,28.22,-2.8926438634928076,-4.730325123078465,0.0,-2.0084862609997636,0.0,0.0,-0.8437559761455209,0.536726981545291,0.3222222224309102,-0.00927440184959891,0.0,0.0,0.0,-0.06385059404172
2026-08-28T01:24:56.756973,28.24,-2.895533951457984,-4.73608517963405,0.0,-2.0097707676293965,0.0,0.0,-0.8441005167847128,0.5361849658129002,0.32222222264225436,-0.009259476519209636,0.0,0.0,0.0,-0.06380774440300255
2026-08-28T01:24:56.839936,28.26,-2.8984313888519395,-4.741841542767603,0.0,-2.0110544400315837,0.0,0.0,-0.8444444858174617,0.5356430811393746,0.3222222228356331,-0.009244923977109996,0.0,0.0,0.0,-0.06376472756661795
2026-08-28T01:24:56.921757,28.28,-2.9013361672419014,-4.747594204975043,0.0,-2.012336198556559,0.0,0.0,-0.844787594919016,0.5351017842158111,0.3222222224288571,-0.009230812262684965,0.0,0.0,0.0,-0.06372152838660174
2026-08-28T01:24:57.006358,28.3,-2.9042482750771965,-4.753343160352574,0.0,-2.013616558612344,0.0,0.0,-0.84512998326092,0.5345608584561696,0.32222222219649455,-0.009217104284712209,0.0,0.0,0.0,-0.06367798454129206
2026-08-28T01:24:57.091645,28.32,-2.907167702630199,-4.759088402101453,0.0,-2.01489571177513,0.0,0.0,-0.8454717029903386,0.5340202238142454,0.3222222223327059,-0.009203726609904832,0.0,0.0,0.0,-0.06363451212331739
2026-08-28T01:24:57.168372,28.34,-2.9100944401698405,-4.764829923447274,0.0,-2.0161735040865048,0.0,0.0,-0.8458127138793599,0.5334799462398114,0.3222222220982201,-0.009190727323667715,0.0,0.0,0.0,-0.06359090674593994
2026-08-28T01:24:57.247777,28.36,-2.9130284779503683,-4.770567717649573,0.0,-2.0174501793954627,0.0,0.0,-0.8461530818700816,0.5329399234827157,0.3222222223286299,-0.009178015646109247,0.0,0.0,0.0,-0.06354708839921161
2026-08-28T01:24:57.326170,28.38,-2.9159698062011112,-4.776301778003723,0.0,-2.0187258262893177,0.0,0.0,-0.8464928313105715,0.5324001188390292,0.3222222228152223,-0.009165555384671334,0.0,0.0,0.0,-0.06350311312054636
2026-08-28T01:24:57.406663,28.4,-2.9189184151277545,-4.78203209783772,0.0,-2.020000023773479,0.0,0.0,-0.846831850940105,0.5318607113082858,0.3222222223282521,-0.009153485279258132,0.0,0.0,0.0,-0.06345887898816947
2026-08-28T01:24:57.491699,28.42,-2.921874294907244,-4.787758670523674,0.0,-2.0212727944338607,0.0,0.0,-0.8471701477940022,0.5313216922794405,0.3222222217801155,-0.00914179039884669,0.0,0.0,0.0,-0.06341434460696847
2026-08-28T01:24:57.571350,28.44,-2.9248374862669815,-4.793481463264513,0.0,-2.022579835112225,0.0,0.0,-0.8475171963933905,0.5307679359357413,0.32222222198627337,-0.009130420269185877,0.0,0.0,0.0,-0.06690581321813012
2026-08-28T01:24:57.653998,28.46,-2.927808283030037,-4.799200311587612,0.0,-2.0239212308447274,0.0,0.0,-0.8478729906671001,0.5301993886239662,0.32222222179254467,-0.009119441379091391,0.0,0.0,0.0,-0.06689059123588488
2026-08-28T01:24:57.736152,28.48,-2.930786728113793,-4.80491518030341,0.0,-2.0252620461508415,0.0,0.0,-0.8482282498315203,0.5296308489766773,0.3222222220455338,-0.009108685595381267,0.0,0.0,0.0,-0.06686126939916576
2026-08-28T01:24:57.816552,28.5,-2.933772812833956,-4.810626060936559,0.0,-2.0266019310152297,0.0,0.0,-0.8485828816319982,0.5290624660672254,0.3222222221380885,-0.009098170891716538,0.0,0.0,0.0,-0.06681755743862207
2026-08-28T01:24:57.901707,28.52,-2.9367665270598984,-4.816332945787765,0.0,-2.0279407749660416,0.0,0.0,-0.8489368575107681,0.5284942875374736,0.32222222230766545,-0.00908788055806601,0.0,0.0,0.0,-0.06677336158275213
2026-08-28T01:24:57.982204,28.54,-2.939767860405545,-4.822035827315828,0.0,-2.029278542575138,0.0,0.0,-0.8492901688446172,0.5279263292391104,0.3222222223999915,-0.009077820277212156,0.0,0.0,0.0,-0.06672881437271012
2026-08-28T01:24:58.063861,28.56,-2.9427768024402092,-4.827734698028277,0.0,-2.0306149984572603,0.0,0.0,-0.8496427543262226,0.5273586919933625,0.3222222219517655,-0.009068063141171612,0.0,0.0,0.0,-0.06668395341632707
2026-08-28T01:24:58.142531,28.58,-2.9457933426954455,-4.833429550481789,0.0,-2.031950388050927,0.0,0.0,-0.8499946795624631,0.5267912724367267,0.3222222219699435,-0.009058521385272323,0.0,0.0,0.0,-0.06663878630068588
2026-08-28T01:24:58.224922,28.6,-2.9488174713113775,-4.83912037693395,0.0,-2.033285250704773,0.0,0.0,-0.8503460872130802,0.5262238420685673,0.3222222222124568,-0.009049162667093427,0.0,0.0,0.0,-0.06659340391103204
2026-08-28T01:24:58.311592,28.62,-2.9518491790415604,-4.844807169337195,0.0,-2.034618549599292,0.0,0.0,-0.850696705064517,0.5256568424289503,0.3222222222047725,-0.009040023368904738,0.0,0.0,0.0,-0.06654769594116122
2026-08-28T01:24:58.387158,28.64,-2.954888453372523,-4.8504899214124,0.0,-2.0359509669966744,0.0,0.0,-0.8510467134154982,0.5250899842738184,0.32222222258773653,-0.009031022814178606,0.0,0.0,0.0,-0.06650143494217405
2026-08-28T01:24:58.469351,28.66,-2.9579352836715764,-4.856168625907338,0.0,-2.0372822105257047,0.0,0.0,-0.851396036182442,0.5245233927794125,0.3222222224583049,-0.009022252797283218,0.0,0.0,0.0,-0.06645504034695959
2026-08-28T01:24:58.553270,28.68,-2.9609896592780696,-4.86184327561032,0.0,-2.038612138126727,0.0,0.0,-0.8517446369916529,0.5239571293111274,0.32222222192695177,-0.00901375510236926,0.0,0.0,0.0,-0.06640822295178186
2026-08-28T01:24:58.633433,28.7,-2.9640515694887326,-4.867513863363963,0.0,-2.0399409010629204,0.0,0.0,-0.8520925563916358,0.523391130362339,0.3222222216887385,-0.009005474434241378,0.0,0.0,0.0,-0.06636109622561814
2026-08-28T01:24:58.711867,28.72,-2.9671210035618985,-4.8731803820574005,0.0,-2.041268666399512,0.0,0.0,-0.8524398388905853,0.5228253255841696,0.3222222218522928,-0.008997351453928645,0.0,0.0,0.0,-0.06631371321625702
2026-08-28T01:24:58.794221,28.74,-2.9701979513975014,-4.878842824255488,0.0,-2.0425957559612935,0.0,0.0,-0.8527865692201607,0.5222595785217423,0.3222222217014389,-0.00898943350526253,0.0,0.0,0.0,-0.06626600412653322
2026-08-28T01:24:58.877662,28.76,-2.9732824035321306,-4.884501182205135,0.0,-2.0439217036977357,0.0,0.0,-0.8531326262332961,0.5216940885770884,0.3222222225158104,-0.008981554480026382,0.0,0.0,0.0,-0.06621788674096822
2026-08-28T01:24:58.962531,28.78,-2.976374347764941,-4.890155449666022,0.0,-2.045247093590378,0.0,0.0,-0.8534781629112029,0.5211286073837419,0.3222222226544937,-0.008973835105988951,0.0,0.0,0.0,-0.0661692192752817
2026-08-28T01:24:59.045138,28.8,-2.9794737745487376,-4.895805618978406,0.0,-2.046570812723788,0.0,0.0,-0.853822889903803,0.5205636105955913,0.3222222224147592,-0.008966313319677571,0.0,0.0,0.0,-0.0661201855197716
2026-08-28T01:24:59.129626,28.82,-2.982580670851339,-4.9014516844251,0.0,-2.047893560108867,0.0,0.0,-0.8541669902185132,0.5199988007880849,0.3222222226114258,-0.00895891561151881,0.0,0.0,0.0,-0.06607052946809056
2026-08-28T01:24:59.205680,28.84,-2.9856950256420065,-4.907093639219905,0.0,-2.049215148574189,0.0,0.0,-0.8545104159164764,0.5194342586798165,0.32222222247924887,-0.008951697924940657,0.0,0.0,0.0,-0.06602071890699239
2026-08-28T01:24:59.286047,28.86,-2.988816827860958,-4.912731476621987,0.0,-2.05053557030711,0.0,0.0,-0.8548531658022509,0.5188699884536292,0.32222222227902264,-0.008944658390684097,0.0,0.0,0.0,-0.06597044492757265
2026-08-28T01:24:59.366251,28.88,-2.9919460671148417,-4.918365189550357,0.0,-2.05185523729806,0.0,0.0,-0.8551953474825038,0.5183058147891837,0.3222222218954289,-0.008937823450247954,0.0,0.0,0.0,-0.06591978039154878
2026-08-28T01:24:59.446057,28.9,-2.9950827336768,-4.9239947705799905,0.0,-2.05317342194263,0.0,0.0,-0.8555367730913215,0.5177420495656971,0.3222222220938572,-0.008931094393600488,0.0,0.0,0.0,-0.06586871581861575
2026-08-28T01:24:59.536752,28.92,-2.998226814205226,-4.929620214325407,0.0,-2.054490558248089,0.0,0.0,-0.8558775559635665,0.5171785080587089,0.32222222220692237,-0.008924490536254492,0.0,0.0,0.0,-0.06581706382302319
2026-08-28T01:24:59.616268,28.94,-3.0013782981696364,-4.935241513865728,0.0,-2.055807147544873,0.0,0.0,-0.8562178263350435,0.5166149764245065,0.3222222222516717,-0.008918013909112352,0.0,0.0,0.0,-0.06576513379363891
2026-08-28T01:24:59.694190,28.96,-3.004537175729688,-4.940858661920759,0.0,-2.0571220858061947,0.0,0.0,-0.8565572996532349,0.5160519280176736,0.3222222222043799,-0.00891167903636808,0.0,0.0,0.0,-0.06571272178830216
2026-08-28T01:24:59.775392,28.98,-3.0077034333430612,-4.946471653319007,0.0,-2.0584358606859934,0.0,0.0,-0.856896102856001,0.5154891549879567,0.3222222220669074,-0.008905491229048372,0.0,0.0,0.0,-0.06565959736592307
2026-08-28T01:24:59.853985,29.0,-3.0108770603360124,-4.952080481309631,0.0,-2.059749062299288,0.0,0.0,-0.8572343887121672,0.5149264052360075,0.32222222205188245,-0.008899428591687767,0.0,0.0,0.0,-0.06560623923945119
2026-08-28T01:24:59.939561,29.02,-3.0140580467457068,-4.957685138766526,0.0,-2.0610608892269853,0.0,0.0,-0.8575719514492927,0.5143640229326426,0.32222222262567907,-0.008893400532380288,0.0,0.0,0.0,-0.06555241868679419
2026-08-28T01:25:00.020061,29.04,-3.01724637958039,-4.963285620305481,0.0,-2.062371988107183,0.0,0.0,-0.8579089582037301,0.5138017316375942,0.32222222233788483,-0.008887541271351782,0.0,0.0,0.0,-0.07004871288184568
2026-08-28T01:25:00.105696,29.06,-3.020442306647594,-4.968881771595868,0.0,-2.06377314995481,0.0,0.0,-0.8582687073293956,0.5132005709458323,0.3222222219432528,-0.008882034643357852,0.0,0.0,0.0,-0.07008271584271009
2026-08-28T01:25:00.182160,29.08,-3.0236460748716896,-4.974473437560871,0.0,-2.06517464187813,0.0,0.0,-0.8586281198033473,0.5125990166621164,0.32222222219162006,-0.008876593987215332,0.0,0.0,0.0,-0.07006970246836326
2026-08-28T01:25:00.263312,29.1,-3.0268576759197203,-4.980060608385723,0.0,-2.0665755408134627,0.0,0.0,-0.8589869588482191,0.5119974653537729,0.3222222224747688,-0.008871225827852177,0.0,0.0,0.0,-0.07001476945858066
2026-08-28T01:25:00.343232,29.12,-3.030077097918434,-4.985643276305479,0.0,-2.0679752728868657,0.0,0.0,-0.8593450780845919,0.5113961642130165,0.3222222223954179,-0.008865972767516673,0.0,0.0,0.0,-0.06995863662797766
2026-08-28T01:25:00.422126,29.14,-3.0333043290921724,-4.991221433533913,0.0,-2.0693743914855527,0.0,0.0,-0.8597026197232169,0.5107948762869866,0.3222222223343202,-0.008860833027100385,0.0,0.0,0.0,-0.06990170982119877
2026-08-28T01:25:00.509554,29.16,-3.0365393583652867,-4.996795071908076,0.0,-2.070771765932131,0.0,0.0,-0.860059295710108,0.51019408842384,0.3222222222822011,-0.008855796055767251,0.0,0.0,0.0,-0.06984423561415509
2026-08-28T01:25:00.588108,29.18,-3.039782170627626,-5.002364185641266,0.0,-2.072168037121797,0.0,0.0,-0.860415270741012,0.5095935261320252,0.3222222224349765,-0.008850834707043446,0.0,0.0,0.0,-0.06978594575517633
2026-08-28T01:25:00.669909,29.2,-3.0430327530703387,-5.007928767649794,0.0,-2.0735631576635867,0.0,0.0,-0.8607705335754512,0.5089932106897234,0.32222222249061333,-0.008845958901469685,0.0,0.0,0.0,-0.0697273531858408
2026-08-28T01:25:00.753505,29.22,-3.0462910928410913,-5.013488810914188,0.0,-2.074957224741694,0.0,0.0,-0.8611251097805733,0.5083931011583414,0.32222222279356305,-0.008841133887615905,0.0,0.0,0.0,-0.06966814610575996
2026-08-28T01:25:00.831795,29.24,-3.0495571778532664,-5.019044307996496,0.0,-2.076350355989062,0.0,0.0,-0.8614790299989983,0.50779314772059,0.3222222220896946,-0.00883650606108921,0.0,0.0,0.0,-0.06960833409313211
2026-08-28T01:25:00.912729,29.26,-3.0528309967848974,-5.024595251049211,0.0,-2.077741766214985,0.0,0.0,-0.8618320957793657,0.5071936895156979,0.3222222222493517,-0.008831938856884356,0.0,0.0,0.0,-0.06954785194494469
2026-08-28T01:25:00.994181,29.28,-3.0561125340869784,-5.030141634745991,0.0,-2.079131885851328,0.0,0.0,-0.8621844175255466,0.5065945421894456,0.32222222211415985,-0.00882748014708531,0.0,0.0,0.0,-0.06948663176656342
2026-08-28T01:25:01.073767,29.3,-3.059401776629869,-5.035683452379948,0.0,-2.080520942057973,0.0,0.0,-0.8625360536981678,0.5059956087465498,0.322222222436514,-0.008823054143083197,0.0,0.0,0.0,-0.06942503331173457
2026-08-28T01:25:01.156895,29.32,-3.062698711235213,-5.041220697309821,0.0,-2.081908836640052,0.0,0.0,-0.8628869802693045,0.5053969324023652,0.32222222261001665,-0.008818687230792474,0.0,0.0,0.0,-0.06936283753794953
2026-08-28T01:25:01.234517,29.34,-3.066003324661925,-5.046753362970305,0.0,-2.083295534387425,0.0,0.0,-0.8632371892261056,0.5047985292540113,0.32222222273081286,-0.008814384966705854,0.0,0.0,0.0,-0.06929991890170889
2026-08-28T01:25:01.317313,29.36,-3.0693156035934375,-5.052281442880106,0.0,-2.084680878831997,0.0,0.0,-0.8635866420288575,0.5042004677797531,0.3222222225409072,-0.008810190318229175,0.0,0.0,0.0,-0.06923630849115303
2026-08-28T01:25:01.395029,29.38,-3.0726355346396548,-5.057804930643148,0.0,-2.0860648968045012,0.0,0.0,-0.8639353464799472,0.5036027373859018,0.32222222242149856,-0.008806089312604905,0.0,0.0,0.0,-0.06917200694542731
2026-08-28T01:25:01.475777,29.4,-3.075963104337875,-5.063323819946865,0.0,-2.0874477669342526,0.0,0.0,-0.8642833485274429,0.5030052618593474,0.322222222716987,-0.00880202112955587,0.0,0.0,0.0,-0.0691070747834647
2026-08-28T01:25:01.567417,29.42,-3.0792983000598553,-5.068838104009165,0.0,-2.0888296646302043,0.0,0.0,-0.8646306930971137,0.5024079662529296,0.32222222206953666,-0.008798130914174798,0.0,0.0,0.0,-0.06904148416969004
2026-08-28T01:25:01.643053,29.44,-3.0826411100113154,-5.074347775584861,0.0,-2.090209635709991,0.0,0.0,-0.864977141484748,0.5018112640314825,0.322222222093462,-0.008794299343770509,0.0,0.0,0.0,-0.06897512435443608
2026-08-28T01:25:01.724720,29.46,-3.0859915177976207,-5.079852830255836,0.0,-2.091588202447008,0.0,0.0,-0.8653228261354734,0.5012149305127664,0.3222222219734086,-0.008790562960536544,0.0,0.0,0.0,-0.06890789309490879
2026-08-28T01:25:01.805503,29.48,-3.0893495096519987,-5.0853532620552215,0.0,-2.0929655437381545,0.0,0.0,-0.8656677929208227,0.5006188892756561,0.32222222218243907,-0.008786861155560185,0.0,0.0,0.0,-0.06884024911067138
2026-08-28T01:25:01.886636,29.5,-3.0927150726958685,-5.090849064515585,0.0,-2.0943423477099814,0.0,0.0,-0.8660122148123619,0.5000228432739723,0.32222222245218374,-0.008783189311566518,0.0,0.0,0.0,-0.06877191690328183
2026-08-28T01:25:01.973002,29.52,-3.0960881949174013,-5.096340230674052,0.0,-2.095717275024627,0.0,0.0,-0.8663557576764702,0.4994273732394223,0.3222222227965299,-0.008779530575059173,0.0,0.0,0.0,-0.06870278228834042
2026-08-28T01:25:02.052666,29.54,-3.099468859526647,-5.101826756543222,0.0,-2.0970909609238957,0.0,0.0,-0.8666985814666046,0.49883220513893783,0.3222222231031289,-0.008775893995830583,0.0,0.0,0.0,-0.06863247715298855
2026-08-28T01:25:02.135338,29.56,-3.1028570534107023,-5.107308635920408,0.0,-2.098463841810049,0.0,0.0,-0.8670407958452432,0.4982371507024014,0.32222222288439434,-0.008772358501038023,0.0,0.0,0.0,-0.06856166485436302
2026-08-28T01:25:02.213469,29.58,-3.106252764361093,-5.112785862083671,0.0,-2.0998342961181327,0.0,0.0,-0.8673819978898047,0.4976429138817218,0.3222222222554403,-0.008768979209660832,0.0,0.0,0.0,-0.06848999673676459
2026-08-28T01:25:02.293078,29.6,-3.1096559752342228,-5.118258431414153,0.0,-2.101203264261587,0.0,0.0,-0.867722423318942,0.4970490881889865,0.32222222211973756,-0.008765678752464598,0.0,0.0,0.0,-0.06841722885495367
2026-08-28T01:25:02.375202,29.62,-3.113066671697308,-5.12372633859913,0.0,-2.1025708513460115,0.0,0.0,-0.8680620993870772,0.49645562904221363,0.3222222222531622,-0.008762419486703855,0.0,0.0,0.0,-0.06834418168655397
2026-08-28T01:25:02.451327,29.64,-3.1164849665209626,-5.129189498780576,0.0,-2.1040238685406614,0.0,0.0,-0.8684225495500617,0.495824843501181,0.3222222222090455,-0.008759395977402124,0.0,0.0,0.0,-0.07758168918227343
2026-08-28T01:25:02.541771,29.66,-3.1199116084000367,-5.134647427268936,0.0,-2.1055757855832606,0.0,0.0,-0.8688070275801952,0.49515083442044794,0.32222222256366473,-0.008756581745074012,0.0,0.0,0.0,-0.07760646182138975
2026-08-28T01:25:02.622420,29.68,-3.123139185568647,-5.139771146233562,0.0,-2.1067379755817406,0.0,0.0,-0.8690946105521157,0.4946458914306944,0.2833334026405656,-0.008731350502175342,0.0,0.0,0.0,-0.04958403650508055
2026-08-28T01:25:02.701254,29.7,-3.126166251091482,-5.144561551156275,0.0,-2.1079035588455053,0.0,0.0,-0.8693827384297805,0.49413930639075443,0.2833333219803401,-0.00870403308841589,0.0,0.0,0.0,-0.053967388820919254
2026-08-28T01:25:02.786358,29.72,-3.129056051402334,-5.149121272203563,0.0,-2.109121480449694,0.0,0.0,-0.8696834886815367,0.4936097947921125,0.26816668988507575,-0.008656146098201851,0.0,0.0,0.0,-0.06458042979275246
2026-08-28T01:25:02.865122,29.74,-3.131927345319046,-5.153638848004565,0.0,-2.1104323020703335,0.0,0.0,-0.8700068190619002,0.49303968885455257,0.2671166663802629,-0.008616270036866661,0.0,0.0,0.0,-0.06436058130674654
2026-08-28T01:25:02.951449,29.76,-3.134797119022063,-5.158141211229256,0.0,-2.111739081273564,0.0,0.0,-0.8703287803340931,0.49247113024234224,0.2668016658672188,-0.008576863833299744,0.0,0.0,0.0,-0.06426781668136651
2026-08-28T01:25:03.036417,29.78,-3.1376704730402154,-5.162636431054824,0.0,-2.1130430757451473,0.0,0.0,-0.8706496851384212,0.491903573648706,0.2667071661344029,-0.00853825668232646,0.0,0.0,0.0,-0.06418136505519749
2026-08-28T01:25:03.117514,29.8,-3.140548932606198,-5.167126924160452,0.0,-2.11434431943845,0.0,0.0,-0.8709695440504787,0.49133700586919077,0.26667881633152907,-0.00850058827102764,0.0,0.0,0.0,-0.06411024819207725
2026-08-28T01:25:03.200833,29.82,-3.143432948700294,-5.171613412489288,0.0,-2.1156430856471387,0.0,0.0,-0.8712884263349722,0.49077130940462255,0.26667031162862304,-0.008463851945680992,0.0,0.0,0.0,-0.06404368385523407
2026-08-28T01:25:03.276663,29.84,-3.1463226495231957,-5.1760961099053295,0.0,-2.1169393520047164,0.0,0.0,-0.8716063284775839,0.4902064954259849,0.26666775998454867,-0.008428067410084485,0.0,0.0,0.0,-0.06397853964885855
2026-08-28T01:25:03.362579,29.86,-3.149218066254823,-5.180575077992192,0.0,-2.118233348758356,0.0,0.0,-0.8719233088320982,0.489642464983671,0.2666669948164766,-0.008393160973465118,0.0,0.0,0.0,-0.06391379250348145
2026-08-28T01:25:03.440868,29.88,-3.1521192009107577,-5.185050332704892,0.0,-2.1195250953056752,0.0,0.0,-0.8722393739294986,0.4890792109332357,0.266666765326466,-0.008359116663286143,0.0,0.0,0.0,-0.06384917300719296
2026-08-28T01:25:03.523104,29.9,-3.1550260467431683,-5.189521876343016,0.0,-2.12081466507132,0.0,0.0,-0.872554543473677,0.4885167025429562,0.2666666966709966,-0.008325901033146814,0.0,0.0,0.0,-0.06378448799197205
2026-08-28T01:25:03.608230,29.92,-3.1579385943647442,-5.193989707136194,0.0,-2.1221019064854847,0.0,0.0,-0.8728687821906684,0.4879550072260551,0.26666667577032377,-0.008293546027289848,0.0,0.0,0.0,-0.06371969768679037
2026-08-28T01:25:03.682035,29.94,-3.1608568335909344,-5.1984538221205305,0.0,-2.1233868436321623,0.0,0.0,-0.8731820977812338,0.48739411579784575,0.26666666911343695,-0.008262031815889954,0.0,0.0,0.0,-0.06365475406611161
2026-08-28T01:25:03.765049,29.96,-3.163780754728129,-5.202914217542383,0.0,-2.1246705256321876,0.0,0.0,-0.8734947474284537,0.4868335713720881,0.26666666957039714,-0.008231231537058167,0.0,0.0,0.0,-0.06358972038548935
2026-08-28T01:25:03.842792,29.98,-3.1667103486971566,-5.207370889042326,0.0,-2.125951338143846,0.0,0.0,-0.8738063395528952,0.48627408007950657,0.266666666892577,-0.008201222691908167,0.0,0.0,0.0,-0.06352457359428469
2026-08-28T01:25:03.921576,30.0,-3.1696456027950264,-5.211823834694338,0.0,-2.127229996664836,0.0,0.0,-0.8741170501991044,0.48571533077638857,0.2666666663509212,-0.00817197445455983,0.0,0.0,0.0,-0.0634588150558498
2026-08-28T01:25:04.007996,30.02,-3.1725865064438503,-5.216273051177868,0.0,-2.1285066254120855,0.0,0.0,-0.8744269111777654,0.48515727038570944,0.26666666618598056,-0.008143439337326766,0.0,0.0,0.0,-0.06339319540142457
2026-08-28T01:25:04.082706,30.04,-3.1755330490686147,-5.220718535196036,0.0,-2.129781370470049,0.0,0.0,-0.8747359594579844,0.4845998361856093,0.26666666636070335,-0.008115565476191881,0.0,0.0,0.0,-0.0633273707316253
2026-08-28T01:25:04.169068,30.06,-3.1784852200840565,-5.225160283489102,0.0,-2.131054318362238,0.0,0.0,-0.8750442174298119,0.4840429914198202,0.2666666666813132,-0.008088317506411397,0.0,0.0,0.0,-0.0632612729634327
2026-08-28T01:25:04.250855,30.08,-3.1814430088857595,-5.229598292841012,0.0,-2.132325328629364,0.0,0.0,-0.8753516525143816,0.4834867986205428,0.26666666663659977,-0.00806172441591631,0.0,0.0,0.0,-0.06319482160918861
2026-08-28T01:25:04.329295,30.1,-3.184406404844929,-5.234032560085998,0.0,-2.1335946059909974,0.0,0.0,-0.8756583156368054,0.4829311692737515,0.26666666692748886,-0.00803571706445116,0.0,0.0,0.0,-0.06312796515970827
2026-08-28T01:25:04.413563,30.12,-3.1873753973033834,-5.2384630821089955,0.0,-2.1348619891813683,0.0,0.0,-0.8759641692224691,0.48237617503188274,0.2666666668373356,-0.008010330230666038,0.0,0.0,0.0,-0.06306075863855545
2026-08-28T01:25:04.494416,30.14,-3.1903499763246734,-5.242889855341538,0.0,-2.1361280073660907,0.0,0.0,-0.8762693422071712,0.4818215851410266,0.26666666635882275,-0.00798559531136709,0.0,0.0,0.0,-0.06299309279794187
2026-08-28T01:25:04.577066,30.16,-3.193330132687303,-5.247312875764674,0.0,-2.1373914052616647,0.0,0.0,-0.8765735335404699,0.48126795062249333,0.26666666591443977,-0.007961471388516217,0.0,0.0,0.0,-0.06292502896700798
2026-08-28T01:25:04.658109,30.18,-3.1963158533958187,-5.2517321419342196,0.0,-2.138652998920452,0.0,0.0,-0.8768769414213462,0.48071491510410297,0.2666666657970536,-0.007937909370253458,0.0,0.0,0.0,-0.06285629779522857
2026-08-28T01:25:04.735726,30.2,-3.199307127658115,-5.256147650957765,0.0,-2.1399130462313796,0.0,0.0,-0.8771796291400686,0.48016236651958843,0.2666666663290048,-0.007914827715009716,0.0,0.0,0.0,-0.06278750408254957
2026-08-28T01:25:04.815944,30.22,-3.202303944671135,-5.260559399981743,0.0,-2.1411715878888105,0.0,0.0,-0.8774816076168573,0.47961028793608623,0.26666666693834923,-0.007892206474139248,0.0,0.0,0.0,-0.06271823395121871
2026-08-28T01:25:04.895756,30.24,-3.2053062935994867,-5.2649673862078314,0.0,-2.1424283886740496,0.0,0.0,-0.8777828216372076,0.4790587834896905,0.2666666670276554,-0.007870100488431531,0.0,0.0,0.0,-0.06264834392365083
2026-08-28T01:25:04.980458,30.26,-3.208314164338438,-5.269371606373269,0.0,-2.1436841774030913,0.0,0.0,-0.8780834468943519,0.47850753420414804,0.26666666696141383,-0.007848493521587799,0.0,0.0,0.0,-0.0625777987653719
2026-08-28T01:25:05.062276,30.28,-3.211327548292006,-5.273772056215339,0.0,-2.144938335433931,0.0,0.0,-0.8783833362645728,0.4779568124556009,0.2666666671434757,-0.00782735166685611,0.0,0.0,0.0,-0.06250669718662821
2026-08-28T01:25:05.139719,30.3,-3.2143464337140526,-5.278168733651917,0.0,-2.1461901284776292,0.0,0.0,-0.878682315699777,0.47740694179753757,0.26666666727245625,-0.007806667640357483,0.0,0.0,0.0,-0.06243465124514516
2026-08-28T01:25:05.224099,30.32,-3.217370807212777,-5.2825616377731075,0.0,-2.147440258386475,0.0,0.0,-0.8789805543753535,0.476857615048765,0.2666666673702106,-0.0077864339863757395,0.0,0.0,0.0,-0.06236195805901716
2026-08-28T01:25:05.300784,30.34,-3.220400696974749,-5.286950738996857,0.0,-2.1487245259939263,0.0,0.0,-0.8792865795309186,0.4762930936480368,0.26666666744234224,-0.00776670065930816,0.0,0.0,0.0,-0.06586952518519322
2026-08-28T01:25:05.382047,30.36,-3.2234363277355023,-5.29133587151914,0.0,-2.1500431501153687,0.0,0.0,-0.8796004141796613,0.47571326592283336,0.2666666671229086,-0.00774749819738851,0.0,0.0,0.0,-0.06583241321502473
2026-08-28T01:25:05.459751,30.38,-3.2264777296705582,-5.295717003293318,0.0,-2.1513604593253195,0.0,0.0,-0.8799135540935453,0.47513380991302395,0.2666666666555452,-0.007728770650129812,0.0,0.0,0.0,-0.06577638243714083
2026-08-28T01:25:05.539120,30.4,-3.2295248925962534,-5.300094130143846,0.0,-2.1526761619459363,0.0,0.0,-0.8802259310710634,0.474554854858824,0.26666666635373537,-0.007710485878209566,0.0,0.0,0.0,-0.06570086547494015
2026-08-28T01:25:05.621422,30.42,-3.232577804837709,-5.30446724896574,0.0,-2.1539903747339575,0.0,0.0,-0.8805375740422108,0.47397635035923275,0.26666666677959106,-0.007692550876132489,0.0,0.0,0.0,-0.06562442269748847
2026-08-28T01:25:05.698793,30.44,-3.2356364544436422,-5.308836356880899,0.0,-2.155302792400563,0.0,0.0,-0.8808484119036212,0.47339843181707786,0.26666666658911387,-0.007675037402065218,0.0,0.0,0.0,-0.06554718483348759
2026-08-28T01:25:05.777600,30.46,-3.238700829400435,-5.313201451096225,0.0,-2.1566134503853136,0.0,0.0,-0.8811584544558808,0.472821084704271,0.26666666638018144,-0.007657925356888587,0.0,0.0,0.0,-0.06546906733169575
2026-08-28T01:25:05.854512,30.48,-3.2417709176304887,-5.3175625289066275,0.0,-2.1579226394791915,0.0,0.0,-0.8814677717519446,0.4722441819256874,0.26666666687639035,-0.007641126821884591,0.0,0.0,0.0,-0.06539021121845269
2026-08-28T01:25:05.932607,30.5,-3.2448467069965035,-5.321919587683909,0.0,-2.1592300797746646,0.0,0.0,-0.8817762989186991,0.4716678478179755,0.2666666668505292,-0.007624707157180343,0.0,0.0,0.0,-0.0653105758531267
2026-08-28T01:25:06.020668,30.52,-3.247928185301451,-5.326272624883406,0.0,-2.160535736555314,0.0,0.0,-0.882084029158818,0.4710920987481593,0.2666666665965045,-0.007608665266853479,0.0,0.0,0.0,-0.06522998039411655
2026-08-28T01:25:06.096896,30.54,-3.251015340279722,-5.330621638054494,0.0,-2.1618396968857527,0.0,0.0,-0.8823909843641227,0.4705168973723628,0.26666666661155025,-0.0075929677381773855,0.0,0.0,0.0,-0.0651485525112366
2026-08-28T01:25:06.178545,30.56,-3.2541081596002894,-5.334966624831197,0.0,-2.163142131850062,0.0,0.0,-0.8826972060676488,0.4699421692084747,0.2666666670438236,-0.007577559481815465,0.0,0.0,0.0,-0.06506628747045175
2026-08-28T01:25:06.257934,30.58,-3.257206630868315,-5.339307582933787,0.0,-2.1644429279902244,0.0,0.0,-0.8830026688277605,0.46936796529274594,0.2666666672937901,-0.007562460920321527,0.0,0.0,0.0,-0.0649831127822003
2026-08-28T01:25:06.333717,30.6,-3.2603107416195,-5.343644510173611,0.0,-2.1657418745977592,0.0,0.0,-0.8833073245372991,0.46879437967914955,0.2666666670219858,-0.007547717465138108,0.0,0.0,0.0,-0.06489890730947434
2026-08-28T01:25:06.413136,30.62,-3.2634204793137696,-5.347977404461734,0.0,-2.167038839640474,0.0,0.0,-0.8836111437489015,0.468221471787399,0.26666666645509307,-0.0075333533277340955,0.0,0.0,0.0,-0.06481370644946265
2026-08-28T01:25:06.493594,30.64,-3.2665358322686804,-5.352306263136122,0.0,-2.1683350181525043,0.0,0.0,-0.8839144074659301,0.4676487146076142,0.2666666666633658,-0.00751927176702589,0.0,0.0,0.0,-0.06472760314861267
2026-08-28T01:25:06.575983,30.66,-3.2696567896619206,-5.356631082950423,0.0,-2.169628684299363,0.0,0.0,-0.8842167131883867,0.4670768717441769,0.26666666694305236,-0.00750546162864389,0.0,0.0,0.0,-0.06464063927988974
2026-08-28T01:25:06.654457,30.68,-3.272783335943829,-5.360951864110159,0.0,-2.1709206641593233,0.0,0.0,-0.8845182556299424,0.46650557923497976,0.2666666671764764,-0.007491922432706624,0.0,0.0,0.0,-0.06455211276368227
2026-08-28T01:25:06.732254,30.7,-3.275915459216719,-5.365268604231796,0.0,-2.1722115478789537,0.0,0.0,-0.8848191735946906,0.46593457699467705,0.26666666676427814,-0.007478724089733198,0.0,0.0,0.0,-0.06446297337722261
2026-08-28T01:25:06.815446,30.72,-3.279053148486483,-5.36958130031754,0.0,-2.1734996175918027,0.0,0.0,-0.8851190681793056,0.46536462601426604,0.26666666645489523,-0.00746583731521348,0.0,0.0,0.0,-0.06437271679026835
2026-08-28T01:25:06.891740,30.74,-3.2821964827824837,-5.373889883679954,0.0,-2.174868875166428,0.0,0.0,-0.8854374627390014,0.46475853900527697,0.26666666663810223,-0.00745334364127953,0.0,0.0,0.0,-0.07309446948474678
2026-08-28T01:25:06.977829,30.76,-3.285346018986514,-5.378193935532284,0.0,-2.1763307587924907,0.0,0.0,-0.8857769376239206,0.46411121164392166,0.2666666667491256,-0.007441279041469704,0.0,0.0,0.0,-0.07310697649777659
2026-08-28T01:25:07.059897,30.78,-3.2885018451428767,-5.382493377579012,0.0,-2.177792728902066,0.0,0.0,-0.886115959300541,0.4634635980019165,0.26666666665830535,-0.007429488263796029,0.0,0.0,0.0,-0.07307214639161741
2026-08-28T01:25:07.136266,30.8,-3.2916639521756426,-5.386788202344084,0.0,-2.1792530819771896,0.0,0.0,-0.8864541332959484,0.46281645342676514,0.2666666665892171,-0.007417959125148954,0.0,0.0,0.0,-0.07298205153542965
2026-08-28T01:25:07.214482,30.82,-3.2948323250472074,-5.391078406768897,0.0,-2.1807116253219205,0.0,0.0,-0.8867914164704003,0.4621698645243121,0.26666666658112187,-0.007406678299295014,0.0,0.0,0.0,-0.07288975080490674
2026-08-28T01:25:07.297277,30.84,-3.298006949105739,-5.395363987565401,0.0,-2.182168415236432,0.0,0.0,-0.8871278233916793,0.4615238075813007,0.2666666668017112,-0.007395618070254459,0.0,0.0,0.0,-0.07279618900771039
2026-08-28T01:25:07.381892,30.86,-3.301187810607047,-5.399644940821701,0.0,-2.1836243090286045,0.0,0.0,-0.8874635531377354,0.46087790341059515,0.26666666681197826,-0.0073847928759028,0.0,0.0,0.0,-0.07270144689012184
2026-08-28T01:25:07.463577,30.88,-3.304374896729321,-5.4039212619917905,0.0,-2.1850774828879245,0.0,0.0,-0.8877981867103879,0.46023296239377204,0.2666666670966535,-0.007374171035273476,0.0,0.0,0.0,-0.07260544894815535
2026-08-28T01:25:07.547927,30.9,-3.30756819052736,-5.408192949646208,0.0,-2.1865297959434296,0.0,0.0,-0.8881321537814983,0.4595881606606472,0.2666666672446945,-0.007363760922250817,0.0,0.0,0.0,-0.07250765309256285
2026-08-28T01:25:07.629610,30.92,-3.310767679017467,-5.412459999460353,0.0,-2.1879792009388264,0.0,0.0,-0.8884649852195876,0.4589444084404537,0.2666666672793184,-0.007353572445598593,0.0,0.0,0.0,-0.07240910051728129
2026-08-28T01:25:07.710820,30.94,-3.313973344992977,-5.4167224103228895,0.0,-2.1894275265902796,0.0,0.0,-0.8887971027094571,0.45830089484450576,0.26666666698061997,-0.007343637608890296,0.0,0.0,0.0,-0.07230864602931608
2026-08-28T01:25:07.794921,30.96,-3.3171851753263195,-5.42098017812282,0.0,-2.1908728014683803,0.0,0.0,-0.8891280559985207,0.45765849717479457,0.2666666668419093,-0.007333932868776207,0.0,0.0,0.0,-0.072207477553772
2026-08-28T01:25:07.878475,30.98,-3.3204031514697014,-5.425233302888918,0.0,-2.192316038934113,0.0,0.0,-0.8894580794152603,0.45701676661028146,0.26666666674137546,-0.007324447178745474,0.0,0.0,0.0,-0.07210445220822047
2026-08-28T01:25:07.960313,31.0,-3.3236272590711313,-5.429481781548047,0.0,-2.1937581507381463,0.0,0.0,-0.8897873827993598,0.4563752988616557,0.26666666645375353,-0.007315204121823525,0.0,0.0,0.0,-0.072000736220702
2026-08-28T01:25:08.047048,31.02,-3.326857485928524,-5.433725609444062,0.0,-2.1951983676452036,0.0,0.0,-0.8901157917792835,0.4557344371727238,0.26666666675031575,-0.007306127922019472,0.0,0.0,0.0,-0.07189566781321058
2026-08-28T01:25:08.126222,31.04,-3.3300938164813836,-5.437964784518877,0.0,-2.1966363902619994,0.0,0.0,-0.8904432398802009,0.4550943161056299,0.2666666664506774,-0.007297284712260985,0.0,0.0,0.0,-0.07178863543669402
2026-08-28T01:25:08.208938,31.06,-3.3333362338985384,-5.4421993057532205,0.0,-2.1980713597206702,0.0,0.0,-0.8907695338812927,0.4544553195957823,0.2666666667427541,-0.0072886011337893394,0.0,0.0,0.0,-0.07168006340740889
2026-08-28T01:25:08.287875,31.08,-3.336584718907791,-5.446429174065695,0.0,-2.199504165693113,0.0,0.0,-0.8910948784152495,0.4538170530754785,0.26666666669964795,-0.007280114113749865,0.0,0.0,0.0,-0.07157009969190772
2026-08-28T01:25:08.362733,31.1,-3.3398392555454057,-5.450654387916126,0.0,-2.20093478474272,0.0,0.0,-0.8914192700759187,0.45317952837403885,0.2666666666538144,-0.007271820353671845,0.0,0.0,0.0,-0.0714592460132736
2026-08-28T01:25:08.448339,31.12,-3.343099827779137,-5.454874945880868,0.0,-2.2023634121364717,0.0,0.0,-0.8917427549719683,0.45254265981783864,0.26666666707064063,-0.007263660615198077,0.0,0.0,0.0,-0.07134689841119535
2026-08-28T01:25:08.533754,31.14,-3.3463664194746063,-5.459090846677738,0.0,-2.2037897837887264,0.0,0.0,-0.8920652751699657,0.45190656648906236,0.2666666670111178,-0.007255691183915662,0.0,0.0,0.0,-0.07123302394157598
2026-08-28T01:25:08.617676,31.16,-3.349639014386626,-5.4633020891759605,0.0,-2.2052138821934877,0.0,0.0,-0.8923868287081819,0.4512712576135934,0.26666666693590724,-0.007247904908038922,0.0,0.0,0.0,-0.07111744600608289
2026-08-28T01:25:08.702616,31.18,-3.352917596150277,-5.467508672405638,0.0,-2.206635591076849,0.0,0.0,-0.8927073913912568,0.45063678650928796,0.266666666699568,-0.0072403197190644515,0.0,0.0,0.0,-0.07100028395086654
2026-08-28T01:25:08.783393,31.2,-3.3562021482855786,-5.471710595552566,0.0,-2.20805497675793,0.0,0.0,-0.8930269802532339,0.4500031250333605,0.2666666666605647,-0.007232907351190331,0.0,0.0,0.0,-0.07088149725638282
2026-08-28T01:25:08.868834,31.22,-3.3594926554607336,-5.475907856969893,0.0,-2.2094733349061855,0.0,0.0,-0.8933458884588146,0.4493696958782725,0.26666666689812685,-0.007225635094290196,0.0,0.0,0.0,-0.07076111244728474
2026-08-28T01:25:08.947776,31.24,-3.3627891034876143,-5.480100454171961,0.0,-2.2108881401097675,0.0,0.0,-0.8936635502009632,0.4487376282887478,0.2666666669706679,-0.0072185174350546406,0.0,0.0,0.0,-0.07063902244366915
2026-08-28T01:25:09.032067,31.26,-3.3660914717377515,-5.484288389802811,0.0,-2.212300584597655,0.0,0.0,-0.8939802358121373,0.4481063913595469,0.2666666671120212,-0.007211545213813534,0.0,0.0,0.0,-0.07051430555054833
2026-08-28T01:25:09.109194,31.28,-3.3693997445151282,-5.488471662699661,0.0,-2.2137116502116023,0.0,0.0,-0.8942961670448412,0.44747554749830243,0.2666666667141124,-0.007204777908536498,0.0,0.0,0.0,-0.07038859436617023
2026-08-28T01:25:09.188784,31.3,-3.372713907349283,-5.49265027079648,0.0,-2.2151188544658464,0.0,0.0,-0.8946107904026068,0.4468462081020975,0.266666666439243,-0.007198193147770611,0.0,0.0,0.0,-0.0702610260969676
2026-08-28T01:25:09.268376,31.32,-3.3760339390707723,-5.496824217407297,0.0,-2.2165236026533193,0.0,0.0,-0.8949244229083779,0.44621774648943163,0.26666666659396504,-0.007191741287753085,0.0,0.0,0.0,-0.07013087105014086
2026-08-28T01:25:09.350621,31.34,-3.3793598222869843,-5.500993502933128,0.0,-2.2179259662179454,0.0,0.0,-0.8952370826400993,0.44559013214617305,0.26666666699857644,-0.0071853924456579486,0.0,0.0,0.0,-0.0699997626110946
2026-08-28T01:25:09.433622,31.36,-3.382691539522118,-5.505158127914199,0.0,-2.2193256949083087,0.0,0.0,-0.8955487160126209,0.4449634785554273,0.26666666692442575,-0.007179199597568959,0.0,0.0,0.0,-0.06986668037989663
2026-08-28T01:25:09.517160,31.38,-3.3860290731715716,-5.509318093071091,0.0,-2.2207225784138496,0.0,0.0,-0.8958592786255609,0.44433788146014463,0.2666666664622979,-0.007173202678568963,0.0,0.0,0.0,-0.0697315059442199
2026-08-28T01:25:09.596584,31.4,-3.389372405486544,-5.513473399319913,0.0,-2.222116784985595,0.0,0.0,-0.896168810324938,0.44371326710025843,0.26666666645253595,-0.007167346103991164,0.0,0.0,0.0,-0.06959434480847929
2026-08-28T01:25:09.680900,31.42,-3.392721518578282,-5.517624047764481,0.0,-2.223508352699249,0.0,0.0,-0.8964773219038847,0.44308961995519447,0.26666666662873084,-0.007161607714328049,0.0,0.0,0.0,-0.06945527634515782
2026-08-28T01:25:09.762896,31.44,-3.39607639442349,-5.521770039694508,0.0,-2.2248971175776857,0.0,0.0,-0.8967847794043873,0.4424670150741458,0.2666666665403246,-0.0071560160319478015,0.0,0.0,0.0,-0.0693141100693705
2026-08-28T01:25:09.847434,31.46,-3.3994370148550783,-5.525911376598764,0.0,-2.2262832389002463,0.0,0.0,-0.8970912204842107,0.44184538260589445,0.26666666687335044,-0.007150517374933592,0.0,0.0,0.0,-0.06917074337441435
2026-08-28T01:25:09.928921,31.48,-3.402803361552577,-5.530048060168997,0.0,-2.227666413353282,0.0,0.0,-0.8973965805463893,0.4412248601604944,0.2666666666675423,-0.007145174539907115,0.0,0.0,0.0,-0.06902521708023616
2026-08-28T01:25:10.011406,31.5,-3.406175416044354,-5.534180092303653,0.0,-2.2290466684561125,0.0,0.0,-0.8977008682503492,0.44060543703246474,0.26666666659394866,-0.007139966556765348,0.0,0.0,0.0,-0.06887733547056918
2026-08-28T01:25:10.094962,31.52,-3.4095531596979765,-5.538307475116719,0.0,-2.230423873840579,0.0,0.0,-0.8980040574834766,0.4399871733848759,0.26666666636724456,-0.007134912187935375,0.0,0.0,0.0,-0.06872723811478147
2026-08-28T01:25:10.176722,31.54,-3.4129365752966465,-5.542430209643571,0.0,-2.2317998432575794,0.0,0.0,-0.8983065493838616,0.43936925624588236,0.2666666668322277,-0.0071299272237155455,0.0,0.0,0.0,-0.08328309475480047
2026-08-28T01:25:10.261237,31.56,-3.4163263752563866,-5.546547696181143,0.0,-2.2334973315860784,0.0,0.0,-0.8986791378762554,0.43860666564245265,0.2666666666615129,-0.0071256962508311665,0.0,0.0,0.0,-0.08630737899702313
2026-08-28T01:25:10.342029,31.58,-3.419723277893621,-5.550659325008032,0.0,-2.2352262661915834,0.0,0.0,-0.8990579631571385,0.43782962312266793,0.26666666665258637,-0.007121668092237209,0.0,0.0,0.0,-0.08642102553264518
2026-08-28T01:25:10.420956,31.6,-3.4231272798891004,-5.554765078235639,0.0,-2.2369552889483577,0.0,0.0,-0.8994361358320598,0.4370522137679804,0.2666666671286352,-0.007117693242433258,0.0,0.0,0.0,-0.08629047723192439
2026-08-28T01:25:10.509353,31.62,-3.426538362582978,-5.55886495067393,0.0,-2.2386812270746765,0.0,0.0,-0.899812963412672,0.4362758655650177,0.26666666668065725,-0.0071138770395258715,0.0,0.0,0.0,-0.0861313459167355
2026-08-28T01:25:10.592106,31.64,-3.4299565030268497,-5.562958940790207,0.0,-2.240403800011172,0.0,0.0,-0.9001883881185717,0.43550070711364824,0.2666666663162069,-0.007110202653636108,0.0,0.0,0.0,-0.0859671523106487
2026-08-28T01:25:10.673474,31.66,-3.4333816776766395,-5.567047047664318,0.0,-2.2421230759007034,0.0,0.0,-0.900562428395855,0.4347267102005127,0.26666666627884156,-0.007106631149579362,0.0,0.0,0.0,-0.08580020250597009
2026-08-28T01:25:10.751960,31.68,-3.436813864507447,-5.571129269213931,0.0,-2.2438409971127573,0.0,0.0,-0.9009355092449284,0.43395300227280553,0.2666666668847323,-0.007103087682680909,0.0,0.0,0.0,-0.0856306139081022
2026-08-28T01:25:10.827400,31.7,-3.440253043035397,-5.575205602161445,0.0,-2.2455538291015666,0.0,0.0,-0.9013068230966508,0.4331812676460313,0.2666666668910403,-0.007099637037774282,0.0,0.0,0.0,-0.0854582146867445
2026-08-28T01:25:10.918688,31.72,-3.4436991839274578,-5.579276050810265,0.0,-2.247263034855755,0.0,0.0,-0.9016766918762908,0.4324108501495174,0.2666666665569306,-0.007096320024115474,0.0,0.0,0.0,-0.08528135336951476
2026-08-28T01:25:11.003993,31.74,-3.4471522627694653,-5.583340615460955,0.0,-2.2489688097655547,0.0,0.0,-0.9020451616735723,0.43164166423238015,0.26666666675567036,-0.0070930703317626026,0.0,0.0,0.0,-0.08510287078701423
2026-08-28T01:25:11.085103,31.76,-3.4506122550132843,-5.58739929664891,0.0,-2.2506712347090216,0.0,0.0,-0.9024122536030105,0.43087367585771114,0.266666667238128,-0.007089854320316142,0.0,0.0,0.0,-0.08492150242491187
2026-08-28T01:25:11.165817,31.78,-3.4540791359305945,-5.5914520951931115,0.0,-2.252369998720118,0.0,0.0,-0.9027779043833963,0.43010702779322646,0.2666666672035312,-0.00708673286923769,0.0,0.0,0.0,-0.08473696928472897
2026-08-28T01:25:11.241705,31.8,-3.457552880580783,-5.595499012222232,0.0,-2.2540648479121828,0.0,0.0,-0.9031420634588231,0.42934183724782665,0.2666666667355159,-0.007083751261017874,0.0,0.0,0.0,-0.08454907629777603
2026-08-28T01:25:11.323923,31.82,-3.4610334638033193,-5.59954004919269,0.0,-2.255755882033014,0.0,0.0,-0.9035047564360082,0.42857806184814146,0.266666666620818,-0.007080866018548571,0.0,0.0,0.0,-0.08435794574301535
2026-08-28T01:25:11.400970,31.84,-3.4645208602210285,-5.603575207878913,0.0,-2.257443152706974,0.0,0.0,-0.9038659984693027,0.4278156808849934,0.26666666677164674,-0.007078046267603268,0.0,0.0,0.0,-0.08416365620748632
2026-08-28T01:25:11.485989,31.86,-3.4680150442465023,-5.607604490372775,0.0,-2.259126465634677,0.0,0.0,-0.9042257521171333,0.42705478478551734,0.266666666652851,-0.007075322473433906,0.0,0.0,0.0,-0.08396598741637802
2026-08-28T01:25:11.561391,31.88,-3.471515990070299,-5.611627899098628,0.0,-2.2608057433379396,0.0,0.0,-0.904584005127507,0.42629541126720827,0.26666666651766546,-0.007072694763047986,0.0,0.0,0.0,-0.08376475149747462
2026-08-28T01:25:11.639529,31.9,-3.4750236716502663,-5.615645436827591,0.0,-2.262481009303604,0.0,0.0,-0.9049407668414851,0.4255375524067705,0.26666666659372573,-0.007070137605504753,0.0,0.0,0.0,-0.08355996419532676
2026-08-28T01:25:11.721847,31.92,-3.4785380627084455,-5.6196571066768986,0.0,-2.2641520942972204,0.0,0.0,-0.9052960056254358,0.4247812874864322,0.2666666664523244,-0.007067673599120834,0.0,0.0,0.0,-0.08335153883449938
2026-08-28T01:25:11.798627,31.94,-3.4820592132850967,-5.6236628447689085,0.0,-2.2658920361589563,0.0,0.0,-0.9056652103645533,0.42399354562932845,0.2666666662225693,-0.007065424348363866,0.0,0.0,0.0,-0.09078675359522777
2026-08-28T01:25:11.880810,31.96,-3.485587556519843,-5.627662248801103,0.0,-2.2677091119480393,0.0,0.0,-0.9060500507281827,0.4231705395883056,0.26666666662352534,-0.007063333353115056,0.0,0.0,0.0,-0.09070337488143336
2026-08-28T01:25:11.961397,31.98,-3.4891231487780114,-5.631655245920363,0.0,-2.269523919435715,0.0,0.0,-0.9064336641949684,0.4223482122775982,0.2666666667534427,-0.007061300480886631,0.0,0.0,0.0,-0.09055343115797518
2026-08-28T01:25:12.042213,32.0,-3.4926659663670083,-5.6356418337041685,0.0,-2.2713349237590785,0.0,0.0,-0.9068157297539667,0.42152726159856,0.2666666666559257,-0.007059346888838767,0.0,0.0,0.0,-0.09032657537165478
2026-08-28T01:25:12.123293,32.02,-3.496215980312613,-5.6396220145595874,0.0,-2.2731413687656974,0.0,0.0,-0.9071960927155844,0.42070803339320345,0.2666666667247858,-0.007057450596570624,0.0,0.0,0.0,-0.09009339405245746
2026-08-28T01:25:12.200128,32.04,-3.499773160508344,-5.643595792076103,0.0,-2.274943232860369,0.0,0.0,-0.9075747538383836,0.4198905407307927,0.2666666669957357,-0.007055586561786271,0.0,0.0,0.0,-0.089855042165959
2026-08-28T01:25:12.281893,32.06,-3.503337476495224,-5.6475631703367215,0.0,-2.2767402251916167,0.0,0.0,-0.9079516574880314,0.41907491891633936,0.2666666668576018,-0.007053801368673064,0.0,0.0,0.0,-0.08961199740662298
2026-08-28T01:25:12.357575,32.08,-3.5069088975052334,-5.651524153889566,0.0,-2.278532084647884,0.0,0.0,-0.9083267547141051,0.4182612899498853,0.2666666663662116,-0.007052134910909598,0.0,0.0,0.0,-0.08936406062929325
2026-08-28T01:25:12.433923,32.1,-3.510487392457246,-5.65547874775592,0.0,-2.2803187700430714,0.0,0.0,-0.908700042883334,0.41744967608542605,0.26666666600835615,-0.007050571619469474,0.0,0.0,0.0,-0.08911127976114876
2026-08-28T01:25:12.522620,32.12,-3.5140729299602835,-5.659426957430903,0.0,-2.282100592979027,0.0,0.0,-0.9090715929097141,0.4166399392336207,0.26666666649623066,-0.007049007609473878,0.0,0.0,0.0,-0.08885367339219649
2026-08-28T01:25:12.599620,32.14,-3.5176654808997614,-5.66336878652249,0.0,-2.2838800037070723,0.0,0.0,-0.909441919850174,0.41583096856683216,0.2666666668278706,-0.007047465006544474,0.0,0.0,0.0,-0.08859105042903348
2026-08-28T01:25:12.679901,32.16,-3.521265018413971,-5.66730423675925,0.0,-2.285651518781407,0.0,0.0,-0.9098098884578371,0.41502526051354754,0.26666666692232277,-0.007045965122237416,0.0,0.0,0.0,-0.08832283656805247
2026-08-28T01:25:12.757620,32.18,-3.5248715023345722,-5.671233322231858,0.0,-2.287417670566993,0.0,0.0,-0.9101760324673327,0.4142216676153299,0.26666666708937403,-0.007044499469502901,0.0,0.0,0.0,-0.08804633983907897
2026-08-28T01:25:12.837768,32.2,-3.528484902505493,-5.675156048086089,0.0,-2.2891808830419116,0.0,0.0,-0.9105408591180536,0.4134190898792131,0.2666666667172847,-0.00704313584782028,0.0,0.0,0.0,-0.08776668962058809
2026-08-28T01:25:12.916682,32.22,-3.5321051912604977,-5.67907241736319,0.0,-2.2909357358046067,0.0,0.0,-0.9109032533852865,0.4126199982697159,0.26666666691412916,-0.007041797738705579,0.0,0.0,0.0,-0.08748110966095386
2026-08-28T01:25:12.998580,32.24,-3.535732329731744,-5.6829824436450345,0.0,-2.2926878730514497,0.0,0.0,-0.9112643872155419,0.41182182627039426,0.26666666720778825,-0.0070404801431330506,0.0,0.0,0.0,-0.08718683831260345
2026-08-28T01:25:13.076168,32.26,-3.5393662896259865,-5.686886130946084,0.0,-2.2944311909557897,0.0,0.0,-0.9116230091671962,0.4110273581611644,0.26666666729638994,-0.007039196250020198,0.0,0.0,0.0,-0.08688904738074048
2026-08-28T01:25:13.153260,32.28,-3.543007027991493,-5.690783497139539,0.0,-2.296168376951786,0.0,0.0,-0.9119796807188904,0.4102353738475887,0.26666666714635096,-0.007037980593727213,0.0,0.0,0.0,-0.08658163266865614
2026-08-28T01:25:13.232306,32.3,-3.5466545129928826,-5.6946745499889255,0.0,-2.2979024569306343,0.0,0.0,-0.9123350283543815,0.40944449689501233,0.2666666670882974,-0.0070368247765383776,0.0,0.0,0.0,-0.08627058985825653
2026-08-28T01:25:13.312827,32.32,-3.5503087155292596,-5.698559294895737,0.0,-2.299627042829536,0.0,0.0,-0.9126877502305549,0.4086576447089766,0.2666666668948155,-0.007035733410474767,0.0,0.0,0.0,-0.08595279455618433
2026-08-28T01:25:13.388705,32.34,-3.5539697285197236,-5.702437622136383,0.0,-2.3014699466152693,0.0,0.0,-0.9130639210680135,0.4078164734827473,0.26666666672371087,-0.007034917113726998,0.0,0.0,0.0,-0.09981821849676477
2026-08-28T01:25:13.470710,32.36,-3.5576383428187874,-5.706308759759039,0.0,-2.303469012656532,0.0,0.0,-0.9134710909261027,0.40690363237783456,0.26666666723766796,-0.007034393561686695,0.0,0.0,0.0,-0.09980357534544528
2026-08-28T01:25:13.548160,32.38,-3.5613146777368256,-5.710172566033634,0.0,-2.305467591064484,0.0,0.0,-0.913877249178877,0.405990607567772,0.266666666850334,-0.0070339613576202815,0.0,0.0,0.0,-0.09965604425541631
2026-08-28T01:25:13.625319,32.4,-3.564998709196672,-5.714029034572568,0.0,-2.307459688239978,0.0,0.0,-0.9142811821487015,0.4050801401806474,0.266666666373568,-0.007033621052164512,0.0,0.0,0.0,-0.09932691530629403
2026-08-28T01:25:13.710091,32.42,-3.5686903945674593,-5.717878176887972,0.0,-2.3094447971325356,0.0,0.0,-0.9146827958183539,0.40417246694192266,0.2666666658502826,-0.007033377205123009,0.0,0.0,0.0,-0.09898356482997293
2026-08-28T01:25:13.786216,32.44,-3.572389692956386,-5.721720003136855,0.0,-2.311422966216852,0.0,0.0,-0.915082109080921,0.4032675707765421,0.2666666658969618,-0.007033160074396112,0.0,0.0,0.0,-0.09863202271735604
2026-08-28T01:25:13.867863,32.46,-3.5760965629072103,-5.72555452432441,0.0,-2.3133943664076915,0.0,0.0,-0.9154791653505531,0.40236537849205495,0.26666666661099847,-0.007032884668977734,0.0,0.0,0.0,-0.09827241371513729
2026-08-28T01:25:13.947547,32.48,-3.5798109624611563,-5.729381752245422,0.0,-2.3153585077079852,0.0,0.0,-0.9158738750431407,0.4014661193842658,0.2666666666897129,-0.007032631162405785,0.0,0.0,0.0,-0.09790421595009738
2026-08-28T01:25:14.027355,32.5,-3.5835328491331087,-5.733201699529784,0.0,-2.3173151299931773,0.0,0.0,-0.9162661954703968,0.40056991778989676,0.26666666660335425,-0.007032418952762237,0.0,0.0,0.0,-0.09752673417600521
2026-08-28T01:25:14.114648,32.52,-3.5872621798691444,-5.737014379686231,0.0,-2.319264270204288,0.0,0.0,-0.9166561437468868,0.3996767620604017,0.2666666669512994,-0.007032191006909512,0.0,0.0,0.0,-0.09714001143424887
2026-08-28T01:25:14.187732,32.54,-3.5909989110444043,-5.74081980711164,0.0,-2.321205636947459,0.0,0.0,-0.9170436714242165,0.398786791030989,0.2666666670981443,-0.007031972455767509,0.0,0.0,0.0,-0.09674381152350792
2026-08-28T01:25:14.269296,32.56,-3.594742998451406,-5.744617997115759,0.0,-2.323139005451917,0.0,0.0,-0.9174287437963247,0.39790011316446955,0.26666666717769394,-0.007031769535419966,0.0,0.0,0.0,-0.09633752061732183
2026-08-28T01:25:14.342808,32.58,-3.5984943972652705,-5.74840896596375,0.0,-2.325063994530934,0.0,0.0,-0.9178112954723774,0.3970169088380447,0.266666666909577,-0.00703162575736745,0.0,0.0,0.0,-0.095920887325395
2026-08-28T01:25:14.419100,32.6,-3.6022530620274416,-5.752192730905418,0.0,-2.326980501891048,0.0,0.0,-0.918191316937961,0.3961372306407627,0.26666666684900503,-0.0070315128818912,0.0,0.0,0.0,-0.09549355648531091
2026-08-28T01:25:14.507359,32.62,-3.606018946625212,-5.755969310201679,0.0,-2.3288882412097256,0.0,0.0,-0.9185687624497948,0.395261215718735,0.2666666666565655,-0.0070314476804049205,0.0,0.0,0.0,-0.09505534190445636
2026-08-28T01:25:14.583786,32.64,-3.6097920042805525,-5.759738723150501,0.0,-2.3307871036174004,0.0,0.0,-0.9189436217173681,0.39438891985572666,0.2666666666856362,-0.007031400313683916,0.0,0.0,0.0,-0.09460568299693749
2026-08-28T01:25:14.665017,32.66,-3.612248316641508,-5.76218500843555,0.0,-2.332249207983702,0.0,0.0,-0.9192316950136971,0.39371701878664755,0.08000026549074221,-0.006937528301117647,0.0,0.0,0.0,-5.503190115657697e-05
2026-08-28T01:25:14.745772,32.68,-3.612985794674936,-5.7629183056337405,0.0,-2.3328126178221913,0.0,0.0,-0.9193425705591741,0.39345805107743065,0.024000045528024733,-0.006661854090853396,0.0,0.0,0.0,-0.008380774961124302
2026-08-28T01:25:14.819762,32.7,-3.6132070905213016,-5.763138242232395,0.0,-2.3336124163760044,0.0,0.0,-0.9194998406347296,0.39309037519724,0.007200011566525635,-0.006336418199770731,0.0,0.0,0.0,-0.0025083569188580398
2026-08-28T01:25:14.902227,32.72,-3.6132734839599334,-5.763204218507899,0.0,-2.3343320747362624,0.0,0.0,-0.9196412264920434,0.3927594868825069,0.002160002940918459,-0.006017022880840808,0.0,0.0,0.0,-0.0007470101995048575
2026-08-28T01:25:14.979687,32.74,-3.613293402411399,-5.763224010967817,0.0,-2.3349808598023776,0.0,0.0,-0.9197685863474814,0.3924611414756316,0.0006480003960529597,-0.005717889491834013,0.0,0.0,0.0,-0.00037625148667744447
2026-08-28T01:25:15.056718,32.76,-3.6132993779964764,-5.7632299486568765,0.0,-2.335567711094689,0.0,0.0,-0.9198837049144594,0.3921912408925624,0.00019440004890845976,-0.005440739017739024,0.0,0.0,0.0,-0.00010955316886063403
2026-08-28T01:25:15.129611,32.78,-3.6133011706758054,-5.763231729960882,0.0,-2.336098324756971,0.0,0.0,-0.9199877235543055,0.39194717566193393,5.832018852887895e-05,-0.005184124650703127,0.0,0.0,0.0,-2.9993787624946023e-05
2026-08-28T01:25:15.204945,32.8,-3.6133017084777164,-5.763232264353722,0.0,-2.336580479964546,0.0,0.0,-0.9200821865051978,0.39172537583850037,1.74961907826246e-05,-0.004945935476726602,0.0,0.0,0.0,-6.255163490087591e-06
2026-08-28T01:25:15.283913,32.82,-3.613301869815516,-5.763232424672929,0.0,-2.3370201712024095,0.0,0.0,-0.9201682833774564,0.3915230903359152,5.248548306765335e-06,-0.004724144094367596,0.0,0.0,0.0,-2.2594933696528577e-07
2026-08-28T01:25:15.359259,32.84,-3.613301918215197,-5.7632324727710085,0.0,-2.3374221892861122,0.0,0.0,-0.9202469644686457,0.3913381202825033,1.574726638675888e-06,-0.004516982494705397,0.0,0.0,0.0,-6.75106080682453e-08
2026-08-28T01:25:15.436651,32.86,-3.6133019327339366,-5.763232487203016,0.0,-2.3377903413865133,0.0,0.0,-0.920318984852893,0.3911687182269826,4.7285675985799663e-07,-0.00432295672010839,0.0,0.0,0.0,-2.017815904505292e-08
2026-08-28T01:25:15.517325,32.88,-3.613301937087808,-5.763232491534371,0.0,-2.338128063631633,0.0,0.0,-0.9203850249204253,0.3910133065539179,1.42275797232179e-07,-0.004140733581759091,0.0,0.0,0.0,-6.032940746885968e-09
2026-08-28T01:25:15.592860,32.9,-3.613301938391265,-5.763232492834337,0.0,-2.3384385789850937,0.0,0.0,-0.9204457216448119,0.39087040500114817,4.2428401945236054e-08,-0.003969113088925355,0.0,0.0,0.0,-1.804328864617265e-09
2026-08-28T01:25:15.674517,32.92,-3.613301938780753,-5.763232493225901,0.0,-2.3387244965538536,0.0,0.0,-0.9205015905968975,0.39073881520599124,1.276670047713114e-08,-0.0038070887265084937,0.0,0.0,0.0,-5.397904047790655e-10
2026-08-28T01:25:15.750983,32.94,-3.613301938896213,-5.763232493344943,0.0,-2.338988041485104,0.0,0.0,-0.9205530712220568,0.39061751504974646,3.768779163887539e-09,-0.0036537899172217132,0.0,0.0,0.0,-1.614819190362344e-10
2026-08-28T01:25:15.832923,32.96,-3.6133019389293533,-5.763232493381961,0.0,-2.339231230609053,0.0,0.0,-0.9206005613822839,0.39050557791486634,1.0415968316738913e-09,-0.003508440135808996,0.0,0.0,0.0,-4.840016051031705e-11
2026-08-28T01:25:15.908709,32.98,-3.613301938938096,-5.763232493394539,0.0,-2.339455803796634,0.0,0.0,-0.9206444041197976,0.39040220435200257,3.789411993286411e-10,-0.0033703606039129854,0.0,0.0,0.0,-1.4394034257484147e-11
2026-08-28T01:25:15.989303,33.0,-3.6133019389396237,-5.763232493399765,0.0,-2.339663418811661,0.0,0.0,-0.920684925839055,0.39030663244778946,3.625886457671746e-10,-0.0032389312486095717,0.0,0.0,0.0,-4.266027695137802e-12
2026-08-28T01:25:16.069740,33.02,-3.613301938938665,-5.7632324934023345,0.0,-2.339855461199304,0.0,0.0,-0.9207223993034119,0.3902182253828857,8.98727563893129e-11,-0.003113616341990942,0.0,0.0,0.0,-1.3683465695942466e-12
2026-08-28T01:25:16.143351,33.04,-3.6133019389367202,-5.763232493403751,0.0,-2.3400334066513158,0.0,0.0,-0.9207571144383291,0.3901363046567209,-1.6433886578502178e-10,-0.002993902752657839,0.0,0.0,0.0,-2.553503638512109e-13
2026-08-28T01:25:16.221249,33.06,-3.613301938935592,-5.763232493405868,0.0,-2.3401980684507775,0.0,0.0,-0.9207892315906534,0.3900604965728957,3.2848857428306884e-11,-0.0028794079210165582,0.0,0.0,0.0,-1.3600126839076893e-13
2026-08-28T01:25:16.297113,33.08,-3.613301938932982,-5.763232493406322,0.0,-2.3403507757284867,0.0,0.0,-0.9208190114448668,0.3899901898275114,-6.150152119890374e-10,-0.00276970061308228,0.0,0.0,0.0,8.604230733353955e-14
2026-08-28T01:25:16.374872,33.1,-3.613301938931911,-5.763232493408238,0.0,-2.340492421477875,0.0,0.0,-0.9208466293618311,0.3899249738000304,-1.057029276932929e-10,-0.0026644390559945035,0.0,0.0,0.0,8.604239415609932e-14
2026-08-28T01:25:16.454539,33.12,-3.6133019389310874,-5.763232493410287,0.0,-2.3406236194053496,0.0,0.0,-0.9208722060547246,0.3898645663764594,-7.18866490992268e-11,-0.0025633400931825852,0.0,0.0,0.0,4.718438945089669e-14
2026-08-28T01:25:16.533658,33.14,-3.61330193892957,-5.763232493411511,0.0,-2.340745308858166,0.0,0.0,-0.9208959255530158,0.3898085354374047,3.320971139552471e-11,-0.002466095716481055,0.0,0.0,0.0,6.462026366801609e-19
2026-08-28T01:25:16.613734,33.16,-3.6133019389278207,-5.763232493412393,0.0,-2.340858165816107,0.0,0.0,-0.9209179203896025,0.38975657006045417,-3.605449902391658e-10,-0.0023724520165856627,0.0,0.0,0.0,2.7750760157006537e-15
2026-08-28T01:25:16.687552,33.18,-3.6133019389264995,-5.763232493413621,0.0,-2.340962882650857,0.0,0.0,-0.9209383261644591,0.3897083517213922,-1.7102578802761972e-10,-0.002282169090817781,0.0,0.0,0.0,-6.176578752267902e-20
2026-08-28T01:25:16.765311,33.2,-3.6133019389258716,-5.763232493415471,0.0,-2.3410599259547418,0.0,0.0,-0.9209572343733471,0.3896636658137321,1.108115746717756e-10,-0.0021950487589586717,0.0,0.0,0.0,-4.71845464439353e-14
2026-08-28T01:25:16.842791,33.22,-3.613301938924717,-5.763232493416693,0.0,-2.341149867874062,0.0,0.0,-0.9209747569910715,0.38962224908908494,1.064538115793409e-10,-0.00211089279185008,0.0,0.0,0.0,-2.775618726816024e-15
2026-08-28T01:25:16.919678,33.24,-3.6133019389230805,-5.76323249341734,0.0,-2.3412332627582786,0.0,0.0,-0.9209910024416035,0.3895838464587697,-1.9292155744557622e-10,-0.0020295179134823846,0.0,0.0,0.0,4.995971155034634e-14
2026-08-28T01:25:17.002413,33.26,-3.613301938921814,-5.7632324934182915,0.0,-2.3413105230450237,0.0,0.0,-0.9210060514342522,0.3895482681536237,-2.128116606683406e-10,-0.001950767572217439,0.0,0.0,0.0,-2.7756225013451063e-15
2026-08-28T01:25:17.081247,33.28,-3.6133019389213255,-5.763232493419975,0.0,-2.341382109077344,0.0,0.0,-0.9210199939517375,0.3895153023196153,3.226265551101778e-10,-0.0018744897815688912,0.0,0.0,0.0,-3.6449439535419337e-20
2026-08-28T01:25:17.157509,33.3,-3.6133019389211016,-5.763232493421863,0.0,-2.3414482583435556,0.0,0.0,-0.9210328765236823,0.38948483970818626,5.695981685990316e-10,-0.001800563967982667,0.0,0.0,0.0,-5.551139067967254e-15
2026-08-28T01:25:17.236100,33.32,-3.6133019389191183,-5.763232493421876,0.0,-2.341509503950442,0.0,0.0,-0.9210448032095188,0.3894566349168272,-3.653680443182214e-11,-0.0017288484077941813,0.0,0.0,0.0,2.7754939186709628e-15
2026-08-28T01:25:17.311748,33.34,-3.6133019389180423,-5.7632324934227634,0.0,-2.3415661495619506,0.0,0.0,-0.9210558333447153,0.389430548187571,8.949746000043056e-11,-0.0016592321426921078,0.0,0.0,0.0,-4.049414735149623e-20
2026-08-28T01:25:17.389726,33.36,-3.6133019389174796,-5.7632324934241215,0.0,-2.3416184588214355,0.0,0.0,-0.9210660184414815,0.3894064581800827,2.6575763679005486e-10,-0.0015916142417328884,0.0,0.0,0.0,-3.316067019352013e-20
2026-08-28T01:25:17.467992,33.38,-3.61330193891647,-5.763232493424964,0.0,-2.341666689543133,0.0,0.0,-0.9210754088509131,0.3893842462274549,1.216598421194281e-10,-0.0015259000688809675,0.0,0.0,0.0,-3.062942805511461e-20
2026-08-28T01:25:17.547994,33.4,-3.6133019389148546,-5.763232493425132,0.0,-2.34171119832352,0.0,0.0,-0.9210840741317783,0.38936374815948754,-1.9428978762750689e-10,-0.0014619926039904584,0.0,0.0,0.0,-2.2807686821540936e-20
2026-08-28T01:25:17.627955,33.42,-3.613301938913875,-5.763232493425907,0.0,-2.341752187671626,0.0,0.0,-0.921092053821442,0.3893448707598416,-2.1645213486159998e-10,-0.0013998133059310571,0.0,0.0,0.0,-1.8830385158807926e-20
2026-08-28T01:25:17.705776,33.44,-3.613301938913417,-5.763232493427169,0.0,-2.3417898915685598,0.0,0.0,-0.9210993935672048,0.3893275063107248,1.3356136135218508e-10,-0.001339285566049394,0.0,0.0,0.0,-1.4701742401680703e-20
2026-08-28T01:25:17.781611,33.46,-3.6133019389128114,-5.763232493428235,0.0,-2.3418245061510565,0.0,0.0,-0.9211061316337931,0.38931156451694243,1.2214844341887614e-10,-0.0012803401095540167,0.0,0.0,0.0,-1.0695802673333494e-20
2026-08-28T01:25:17.853068,33.48,-3.6133019389119077,-5.7632324934289505,0.0,-2.3418562863718124,0.0,0.0,-0.9211123177212368,0.38929692798969184,1.241646053280667e-10,-0.0012229075657284284,0.0,0.0,0.0,-1.1809539158769735e-20
2026-08-28T01:25:17.924474,33.5,-3.6133019389115373,-5.763232493430174,0.0,-2.3418853623684774,0.0,0.0,-0.9211179772219864,0.3892835368192136,3.3896950188145453e-10,-0.0011669312426285518,0.0,0.0,0.0,-7.426158359978768e-21
2026-08-28T01:25:18.008228,33.52,-3.613301938910179,-5.763232493430339,0.0,-2.341911963600139,0.0,0.0,-0.9211231548512829,0.3892712853484308,-1.0182670547411506e-10,-0.0011123510859735312,0.0,0.0,0.0,-8.83122581144593e-21
2026-08-28T01:25:18.084045,33.54,-3.6133019389095256,-5.763232493431192,0.0,-2.341936261630236,0.0,0.0,-0.9211278840460083,0.3892600945806332,1.579711617592794e-10,-0.0010591143601035732,0.0,0.0,0.0,-5.3136082334550955e-21
2026-08-28T01:25:18.163849,33.56,-3.613301938909196,-5.763232493432342,0.0,-2.341958355455146,0.0,0.0,-0.9211321841119907,0.38924991893778693,2.59395985133205e-10,-0.0010071755926767516,0.0,0.0,0.0,-4.487966955025862e-21
2026-08-28T01:25:18.241250,33.58,-3.6133019389081293,-5.763232493432696,0.0,-2.3419784431664827,0.0,0.0,-0.9211360936355338,0.3892406671994449,1.2079256278758107e-10,-0.0009564859985616762,0.0,0.0,0.0,-4.110222444915834e-21
2026-08-28T01:25:18.315583,33.6,-3.613301938907108,-5.763232493433064,0.0,-2.3419966760509627,0.0,0.0,-0.9211396420873161,0.38923226969927743,-6.27291545936921e-11,-0.0009070024158321676,0.0,0.0,0.0,-3.798794778001172e-21
2026-08-28T01:25:18.396729,33.62,-3.6133019389067034,-5.763232493434032,0.0,-2.342013172462085,0.0,0.0,-0.9211428525237538,0.3892246719369187,1.571699837605526e-10,-0.0008586858176915629,0.0,0.0,0.0,-2.548314385749369e-21
2026-08-28T01:25:18.479772,33.64,-3.613301938906267,-5.763232493434934,0.0,-2.3420280268097757,0.0,0.0,-0.9211457433376506,0.38921783043808134,1.712622629026746e-10,-0.0008115003961113681,0.0,0.0,0.0,-2.2327257695582217e-21
2026-08-28T01:25:18.562942,33.66,-3.6133019389048986,-5.763232493434847,0.0,-2.342041391683605,0.0,0.0,-0.9211483442406817,0.389211674931072,-2.5666536821247754e-10,-0.0007654094632892631,0.0,0.0,0.0,-1.7809189819363742e-21
2026-08-28T01:25:18.638895,33.68,-3.613301938903967,-5.76323249343518,0.0,-2.3420533924652753,0.0,0.0,-0.9211506796462661,0.38920614767398276,-2.800785062044304e-10,-0.000720379748801282,0.0,0.0,0.0,-1.4658986809072902e-21
2026-08-28T01:25:18.718911,33.7,-3.613301938903278,-5.763232493435732,0.0,-2.3420640917308124,0.0,0.0,-0.9211527617430464,0.38920121985055295,-4.825077706360845e-10,-0.0006763824528003845,0.0,0.0,0.0,-1.1779104310562996e-21
2026-08-28T01:25:18.799459,33.72,-3.6133019389021963,-5.763232493435851,0.0,-2.3420736259216737,0.0,0.0,-0.9211546170919365,0.3891968286230092,-6.296419913232043e-10,-0.0006333871300321298,0.0,0.0,0.0,-9.631402700136297e-22
2026-08-28T01:25:18.878969,33.74,-3.6133019389022114,-5.76323249343707,0.0,-2.342082057624145,0.0,0.0,-0.9211562578796813,0.38919294516871983,-2.042509676203428e-10,-0.0005913678875555941,0.0,0.0,0.0,-8.076219338325424e-22
2026-08-28T01:25:18.956024,33.76,-3.6133019389018193,-5.763232493437844,0.0,-2.342089471998464,0.0,0.0,-0.9211577006844403,0.3891895302673944,-2.2116917238607092e-10,-0.0005502991827619867,0.0,0.0,0.0,-6.464768853612454e-22
2026-08-28T01:25:19.036624,33.78,-3.613301938901099,-5.763232493438254,0.0,-2.342095974778256,0.0,0.0,-0.9211589660864776,0.3891865352224966,-2.2641742384514434e-10,-0.0005101560804675441,0.0,0.0,0.0,-5.536396093132326e-22
2026-08-28T01:25:19.110785,33.8,-3.613301938901023,-5.763232493439301,0.0,-2.342101634406274,0.0,0.0,-0.9211600674082989,0.3891839285123915,8.626703239695286e-11,-0.00047091617756845987,0.0,0.0,0.0,-4.403820772494332e-22
2026-08-28T01:25:19.185336,33.82,-3.613301938900713,-5.763232493440082,0.0,-2.3421065024931345,0.0,0.0,-0.9211610146961545,0.3891816863676284,8.921630204354256e-11,-0.00043255858207345507,0.0,0.0,0.0,-3.6061408456148044e-22
2026-08-28T01:25:19.263632,33.84,-3.6133019388993,-5.763232493439704,0.0,-2.3421107040128537,0.0,0.0,-0.9211618322713867,0.38917975122868576,-3.130196414569131e-10,-0.00039506130444012284,0.0,0.0,0.0,-3.0577524375830383e-22
2026-08-28T01:25:19.342774,33.86,-3.6133019388990073,-5.763232493440452,0.0,-2.342114263557605,0.0,0.0,-0.9211625249212981,0.38917811176968675,-2.691520971755731e-10,-0.000358406234472411,0.0,0.0,0.0,-2.4794636296251896e-22
2026-08-28T01:25:19.421905,33.88,-3.6133019388985628,-5.763232493441023,0.0,-2.3421172566516675,0.0,0.0,-0.9211631073436144,0.389176733206209,-1.0285553539522013e-10,-0.0003225746434316256,0.0,0.0,0.0,-2.0294537280533149e-22
2026-08-28T01:25:19.504964,33.9,-3.6133019388985135,-5.763232493441976,0.0,-2.3421197360876223,0.0,0.0,-0.9211635898122991,0.38917559122344564,1.6036943409521165e-10,-0.00028754920910094897,0.0,0.0,0.0,-1.6600126993446187e-22
2026-08-28T01:25:19.588104,33.92,-3.6133019388982017,-5.763232493442636,0.0,-2.3421217645734425,0.0,0.0,-0.9211639845304095,0.38917465693960546,2.2282205004991052e-10,-0.0002533131340838091,0.0,0.0,0.0,-1.3573784123016834e-22
2026-08-28T01:25:19.662242,33.94,-3.6133019388979877,-5.763232493443375,0.0,-2.342123386566097,0.0,0.0,-0.9211643001493239,0.3891739098788693,3.3432613893037005e-10,-0.00021985070221171865,0.0,0.0,0.0,-1.109659158905177e-22
2026-08-28T01:25:19.743225,33.96,-3.613301938897386,-5.763232493443696,0.0,-2.342124660190303,0.0,0.0,-0.9211645479797932,0.38917332327021514,3.0373069559658586e-10,-0.00018714657474751175,0.0,0.0,0.0,-9.075021165146383e-23
2026-08-28T01:25:19.819608,33.98,-3.6133019388966994,-5.7632324934439065,0.0,-2.3421256320866277,0.0,0.0,-0.9211647370977457,0.38917287563194986,1.086872024604296e-10,-0.00015518624628576145,0.0,0.0,0.0,-7.447610025730559e-23
2026-08-28T01:25:19.896880,34.0,-3.613301938895991,-5.763232493444073,0.0,-2.342126344650535,0.0,0.0,-0.9211648757529597,0.3891725474375529,-6.800145638778546e-11,-0.00012395582570630726,0.0,0.0,0.0,-6.064711712780514e-23
2026-08-28T01:25:19.980672,34.02,-3.613301938896074,-5.763232493445034,0.0,-2.3421268408073557,0.0,0.0,-0.9211649722982382,0.389172318916423,4.1168891256118667e-10,-9.34419235850118e-05,0.0,0.0,0.0,-4.9704179708378444e-23
2026-08-28T01:25:20.059887,34.04,-3.613301938896224,-5.7632324934460435,0.0,-2.342127149652947,0.0,0.0,-0.9211650323953047,0.38917217666754805,4.6099731513702877e-10,-6.363178125363977e-05,0.0,0.0,0.0,-4.05783846584121e-23
2026-08-28T01:25:20.137377,34.06,-3.6133019388948844,-5.763232493445501,0.0,-2.3421273170199512,0.0,0.0,-0.9211650649625922,0.3891720995812307,5.710539271067496e-11,-3.451288476577805e-05,0.0,0.0,0.0,-3.3136120955914594e-23
2026-08-28T01:25:20.241456,34.08,-3.6133019388939873,-5.763232493445394,0.0,-2.342127376607286,0.0,0.0,-0.9211650765574558,0.3891720721363451,-1.18948922177395e-10,-6.07327633097051e-06,0.0,0.0,0.0,-3.524465250302182e-23
2026-08-28T01:25:20.338870,34.1,-3.6133019388937715,-5.763232493445969,0.0,-2.3421273577809107,0.0,0.0,-0.9211650728941061,0.3891720808074447,-1.1448509876248918e-10,2.16985977102321e-05,0.0,0.0,0.0,-2.2097977473641807e-23
2026-08-28T01:25:20.427690,34.12,-3.6133019388936494,-5.763232493446621,0.0,-2.342127290804392,0.0,0.0,-0.92116505986141,0.3891721116556593,1.3506392499643832e-10,4.881395498075907e-05,0.0,0.0,0.0,-1.8170926887449626e-23
2026-08-28T01:25:20.500788,34.14,-3.6133019388935685,-5.763232493447297,0.0,-2.3421272050667197,0.0,0.0,-0.9211650431780536,0.38917215114493303,1.734996025429432e-10,7.528367932969198e-05,0.0,0.0,0.0,-1.4829606642895036e-23
2026-08-28T01:25:20.575659,34.16,-3.6133019388931427,-5.7632324934476005,0.0,-2.342127124530077,0.0,0.0,-0.9211650275067437,0.3891721882387027,2.5328562028780963e-10,0.00010111833238877922,0.0,0.0,0.0,-1.2113951321173308e-23
2026-08-28T01:25:20.649378,34.18,-3.6133019388928465,-5.763232493448021,0.0,-2.342127076031239,0.0,0.0,-0.921165018069544,0.38917221057641926,1.7708362670654752e-10,0.00012632820550866712,0.0,0.0,0.0,-9.82428284354524e-24
2026-08-28T01:25:20.725466,34.2,-3.6133019388924787,-5.763232493448348,0.0,-2.342127078871372,0.0,0.0,-0.9211650186221944,0.38917220926830365,2.933549337149656e-10,0.00015092331992493677,0.0,0.0,0.0,-8.320019846171227e-24
2026-08-28T01:25:20.802932,34.22,-3.6133019388920795,-5.763232493448625,0.0,-2.342127158690125,0.0,0.0,-0.9211650341538138,0.3891721725051818,1.123023547731374e-10,0.00017491345739018227,0.0,0.0,0.0,-6.802448216645775e-24
2026-08-28T01:25:20.875557,34.24,-3.613301938891506,-5.763232493448707,0.0,-2.3421273281814075,0.0,0.0,-0.9211650671344558,0.38917209444045897,1.379867489259383e-10,0.00019830819019639044,0.0,0.0,0.0,-5.298190416064575e-24
2026-08-28T01:25:20.951058,34.26,-3.613301938891479,-5.763232493449335,0.0,-2.3421276064229533,0.0,0.0,-0.9211651212763695,0.3891719662872591,2.701005733635707e-10,0.00022111688434748079,0.0,0.0,0.0,-4.073486164691058e-24
2026-08-28T01:25:21.055204,34.28,-3.613301938891065,-5.763232493449548,0.0,-2.342128018637993,0.0,0.0,-0.9211652014876187,0.38917177642819223,3.0885206345817196e-11,0.00024334867172602314,0.0,0.0,0.0,-3.7806161247359985e-24
2026-08-28T01:25:21.138131,34.3,-3.6133019388903818,-5.763232493449467,0.0,-2.342128565442644,0.0,0.0,-0.921165307888053,0.38917152457946946,3.689954636941083e-11,0.000265012619291975,0.0,0.0,0.0,-2.5692270282947097e-24
2026-08-28T01:25:21.218527,34.32,-3.613301938889552,-5.76323249344922,0.0,-2.342129271422489,0.0,0.0,-0.9211654452616218,0.38917119941737466,-5.301443445479212e-10,0.00028611750716945917,0.0,0.0,0.0,-2.2497312299397858e-24
2026-08-28T01:25:21.299271,34.34,-3.613301938888967,-5.763232493449208,0.0,-2.3421301356841115,0.0,0.0,-0.921165613434402,0.38917080135336707,-3.731740735109408e-10,0.000306672125692531,0.0,0.0,0.0,-2.2630430315899263e-24
2026-08-28T01:25:21.376163,34.36,-3.613301938889304,-5.76323249345013,0.0,-2.3421311881377793,0.0,0.0,-0.9211658182263931,0.38917031661124896,-1.13051595550793e-10,0.00032668488206273773,0.0,0.0,0.0,-2.1033008410163535e-24
2026-08-28T01:25:21.448439,34.38,-3.6133019388894576,-5.763232493450848,0.0,-2.3421324370332663,0.0,0.0,-0.9211660612427395,0.3891697413912565,2.0553025476205758e-10,0.00034616419750590057,0.0,0.0,0.0,-7.4547563155407605e-25
2026-08-28T01:25:21.531759,34.4,-3.613301938888642,-5.763232493450553,0.0,-2.3421338852326636,0.0,0.0,-0.9211663430401905,0.38916907437508713,-3.0195147532503797e-10,0.0003651184280509314,0.0,0.0,0.0,-7.587857430232572e-25
2026-08-28T01:25:21.616637,34.42,-3.6133019388883545,-5.763232493450787,0.0,-2.3421355240561295,0.0,0.0,-0.9211666619295868,0.389168319560447,-2.8238498521395046e-11,0.00038355597145164574,0.0,0.0,0.0,-7.454724389010575e-25
2026-08-28T01:25:21.698456,34.44,-3.6133019388885255,-5.763232493451479,0.0,-2.342137392990829,0.0,0.0,-0.9211670255942729,0.3891674587601079,-7.127023232374793e-11,0.0004014845403380693,0.0,0.0,0.0,-7.454734144264291e-25
2026-08-28T01:25:21.789015,34.46,-3.6133019388878416,-5.7632324934512775,0.0,-2.342139476476004,0.0,0.0,-0.9211674310060884,0.38916649914097595,-2.1091799976751067e-10,0.00041891239066916533,0.0,0.0,0.0,-7.454731281407248e-25
2026-08-28T01:25:21.872075,34.48,-3.6133019388878838,-5.763232493451808,0.0,-2.3421417784793834,0.0,0.0,-0.9211678789367764,0.3891654388754485,5.2636867924098696e-11,0.00043584746058027856,0.0,0.0,0.0,-7.454724467574944e-25
2026-08-28T01:25:21.959898,34.5,-3.613301938887776,-5.76323249345217,0.0,-2.3421443257301275,0.0,0.0,-0.9211683745870062,0.38916426565235035,-9.987725624576848e-11,0.0004522972397487518,0.0,0.0,0.0,-7.454735315751558e-25
2026-08-28T01:25:22.051765,34.52,-3.6133019388871523,-5.763232493451988,0.0,-2.342147096116959,0.0,0.0,-0.9211689136539009,0.38916298965560975,-1.6081987305705762e-10,0.00046826984993101635,0.0,0.0,0.0,-7.454728945570311e-25
2026-08-28T01:25:22.122099,34.54,-3.613301938886634,-5.763232493451901,0.0,-2.342150104379526,0.0,0.0,-0.9211694990050859,0.38916160409618905,-4.53896821116153e-10,0.00048377276912219794,0.0,0.0,0.0,-7.454714278946939e-25
2026-08-28T01:25:22.198606,34.56,-3.6133019388862984,-5.763232493451989,0.0,-2.342153340912822,0.0,0.0,-0.9211701287711244,0.3891601133978021,-3.7293061854229946e-10,0.0004988137891909335,0.0,0.0,0.0,-7.4547064307051785e-25
2026-08-28T01:25:22.272270,34.58,-3.613301938886207,-5.763232493452315,0.0,-2.342156826045082,0.0,0.0,-0.9211708069069584,0.38915850819734504,-4.2713774607138627e-10,0.0005134000980606542,0.0,0.0,0.0,2.7740160545775792e-30
2026-08-28T01:25:22.344082,34.6,-3.613301938885862,-5.763232493452367,0.0,-2.3421605440942477,0.0,0.0,-0.9211715303606001,0.38915679571749745,-4.4106626410542714e-10,0.0005275394422721963,0.0,0.0,0.0,1.3316089137011407e-26
2026-08-28T01:25:22.422673,34.62,-3.613301938886001,-5.763232493452905,0.0,-2.342164508630438,0.0,0.0,-0.9211723017718905,0.389154969707798,-2.47687667901883e-10,0.0005412389565833621,0.0,0.0,0.0,1.3314981673692636e-26
2026-08-28T01:25:22.497794,34.64,-3.6133019388864915,-5.763232493453791,0.0,-2.342168729205009,0.0,0.0,-0.921173122998624,0.38915302576873545,2.1918976269436063e-10,0.0005545057565603143,0.0,0.0,0.0,1.3403502925958303e-26
2026-08-28T01:25:22.574758,34.66,-3.6133019388863414,-5.763232493454006,0.0,-2.3421731932295597,0.0,0.0,-0.9211739915906599,0.38915096969804774,1.1777460354623487e-10,0.000567347320080752,0.0,0.0,0.0,-8.841312340019451e-24
2026-08-28T01:25:22.647306,34.68,-3.6133019388857193,-5.7632324934537245,0.0,-2.3421778852950705,0.0,0.0,-0.9211749045490466,0.38914880859261913,-1.7345964938117898e-10,0.0005797711359562067,0.0,0.0,0.0,1.3408383664998753e-26
2026-08-28T01:25:22.722204,34.7,-3.6133019388855656,-5.763232493453914,0.0,-2.3421828194307763,0.0,0.0,-0.9211758646027589,0.38914653599044097,-9.588020249984026e-11,0.0005917840044841281,0.0,0.0,0.0,-8.988679212730706e-24
2026-08-28T01:25:22.799129,34.72,-3.6133019388855603,-5.763232493454242,0.0,-2.342187984982671,0.0,0.0,-0.9211768696779996,0.38914415679827663,4.465603536298458e-11,0.0006033931859730764,0.0,0.0,0.0,1.331300642857989e-26
2026-08-28T01:25:22.875143,34.74,-3.613301938885787,-5.763232493454799,0.0,-2.342193395772615,0.0,0.0,-0.9211779224632737,0.38914166464958094,2.2893475637897516e-10,0.0006146053210659321,0.0,0.0,0.0,-1.4170138289287064e-30
2026-08-28T01:25:22.973030,34.76,-3.6133019388852787,-5.763232493454589,0.0,-2.3421990401115917,0.0,0.0,-0.9211790206833379,0.3891390649278052,-6.635068260470904e-11,0.0006254275518897829,0.0,0.0,0.0,1.331135411934575e-26
2026-08-28T01:25:23.049906,34.78,-3.6133019388845566,-5.763232493454147,0.0,-2.3422048961987807,0.0,0.0,-0.9211801600955355,0.38913636767380616,-3.1762475809216095e-10,0.0006358672127760687,0.0,0.0,0.0,1.340745146974786e-26
2026-08-28T01:25:23.124218,34.8,-3.613301938884251,-5.763232493454123,0.0,-2.34221097015485,0.0,0.0,-0.9211813418898884,0.3891335700680995,-4.0272536198340987e-10,0.0006459309112875769,0.0,0.0,0.0,1.336470557947072e-26
2026-08-28T01:25:23.201647,34.82,-3.6133019388842307,-5.763232493454382,0.0,-2.342217265482183,0.0,0.0,-0.9211825667469249,0.38913067049713157,-3.0495359712380717e-10,0.0006556252428633827,0.0,0.0,0.0,1.3269526413462892e-26
2026-08-28T01:25:23.273349,34.84,-3.6133019388845202,-5.763232493454949,0.0,-2.342223781429746,0.0,0.0,-0.9211838345195581,0.389127669306416,-1.0877462994525054e-11,0.0006649568395319638,0.0,0.0,0.0,8.855560677624664e-24
2026-08-28T01:25:23.345210,34.86,-3.613301938884405,-5.7632324934550905,0.0,-2.3422305170662687,0.0,0.0,-0.9211851450256047,0.38912456692446923,-1.3815523554274074e-10,0.0006739322590239838,0.0,0.0,0.0,8.6523585843422e-31
2026-08-28T01:25:23.419296,34.88,-3.6133019388841205,-5.763232493455048,0.0,-2.3422374510824993,0.0,0.0,-0.9211864941180996,0.3891213731657571,-1.4348150778934442e-10,0.0006825585312255009,0.0,0.0,0.0,9.015206553867721e-24
2026-08-28T01:25:23.498418,34.9,-3.6133019388837595,-5.7632324934549155,0.0,-2.342244595186904,0.0,0.0,-0.9211878840740807,0.3891180826370294,-3.817704475033573e-10,0.0006908417465969339,0.0,0.0,0.0,1.3411823944335493e-26
2026-08-28T01:25:23.596592,34.92,-3.6133019388835472,-5.763232493454927,0.0,-2.3422519095006806,0.0,0.0,-0.9211893071337965,0.3891147137058117,-2.560800424792828e-10,0.0006987893234706916,0.0,0.0,0.0,1.332075575603837e-26
2026-08-28T01:25:23.675816,34.94,-3.613301938884157,-5.763232493455775,0.0,-2.3422594588440906,0.0,0.0,-0.9211907759075337,0.389111236515827,5.167529486523677e-11,0.0007064057650305243,0.0,0.0,0.0,1.335675731676915e-26
2026-08-28T01:25:23.761353,34.96,-3.613301938883554,-5.763232493455365,0.0,-2.342267169517865,0.0,0.0,-0.9211922760555911,0.38910768501215665,-2.114906814401022e-10,0.00071369929912505,0.0,0.0,0.0,1.3362768826978032e-26
2026-08-28T01:25:23.841861,34.98,-3.6133019388834295,-5.7632324934554395,0.0,-2.342275051985038,0.0,0.0,-0.9211938096127134,0.3891040543751967,-2.5930104290421314e-10,0.0007206757703020202,0.0,0.0,0.0,-1.4696919528783533e-25
2026-08-28T01:25:23.923134,35.0,-3.613301938883661,-5.763232493455871,0.0,-2.3422831310327394,0.0,0.0,-0.9211953814003055,0.38910033318765697,-5.640447179824535e-11,0.000727340541100125,0.0,0.0,0.0,1.3360291148265908e-26
2026-08-28T01:25:24.010651,35.02,-3.6133019388832315,-5.7632324934556145,0.0,-2.3422913765864757,0.0,0.0,-0.9211969855663297,0.38909653530134064,-2.829349529458961e-10,0.0007337004586547647,0.0,0.0,0.0,-8.841508221353798e-24
2026-08-28T01:25:24.087832,35.04,-3.613301938883183,-5.76323249345574,0.0,-2.3422997619077486,0.0,0.0,-0.9211986169079603,0.389092673031581,-1.3532571031371187e-10,0.0007397622301627856,0.0,0.0,0.0,8.855318001786211e-24
2026-08-28T01:25:24.174190,35.06,-3.6133019388836556,-5.763232493456393,0.0,-2.342308335659673,0.0,0.0,-0.921200284891523,0.38908872396379857,4.4494464627894926e-11,0.0007455302864979718,0.0,0.0,0.0,1.3360873219424708e-26
2026-08-28T01:25:24.253960,35.08,-3.613301938883558,-5.763232493456453,0.0,-2.3423170540376343,0.0,0.0,-0.9212019809940484,0.38908470827397085,1.099305753306419e-10,0.0007510117085689352,0.0,0.0,0.0,1.336113732804972e-26
2026-08-28T01:25:24.334183,35.1,-3.613301938883659,-5.763232493456708,0.0,-2.3423259230835205,0.0,0.0,-0.9212037063900562,0.38908062317882525,1.679928870031112e-10,0.0007562120316494603,0.0,0.0,0.0,-8.975318998653624e-24
2026-08-28T01:25:24.426753,35.12,-3.61330193888321,-5.76323249345639,0.0,-2.342334931526997,0.0,0.0,-0.9212054588861124,0.38907647386911876,-1.520796134152607e-10,0.0007611372297597023,0.0,0.0,0.0,1.6038178275970815e-25
2026-08-28T01:25:24.501397,35.14,-3.6133019388831387,-5.763232493456452,0.0,-2.342344071721486,0.0,0.0,-0.9212072369938135,0.3890722638665265,2.1301389121090105e-11,0.0007657931149702477,0.0,0.0,0.0,1.336040723230524e-26
2026-08-28T01:25:24.579036,35.16,-3.613301938883067,-5.763232493456506,0.0,-2.342353341222878,0.0,0.0,-0.921209040236865,0.38906799429646477,-7.153333491277973e-11,0.0007701852608478489,0.0,0.0,0.0,1.3362232580502723e-26
2026-08-28T01:25:24.653245,35.18,-3.613301938882861,-5.763232493456414,0.0,-2.3423627361327695,0.0,0.0,-0.9212108678560753,0.3890636669542101,-1.4841789547305386e-10,0.0007743192177248789,0.0,0.0,0.0,8.86853168741577e-24
2026-08-28T01:25:24.730654,35.2,-3.6133019388830783,-5.763232493456753,0.0,-2.342372235681953,0.0,0.0,-0.9212127158104038,0.3890592914058475,1.4558617436870747e-10,0.0007782009998980551,0.0,0.0,0.0,1.3361379594323985e-26
2026-08-28T01:25:24.812633,35.22,-3.6133019388832746,-5.7632324934570605,0.0,-2.3423818642689906,0.0,0.0,-0.9212145888453531,0.38905485641293175,9.156039989366817e-11,0.0007818351324638176,0.0,0.0,0.0,1.336142027319279e-26
2026-08-28T01:25:24.883417,35.24,-3.6133019388832057,-5.76323249345709,0.0,-2.342391589510035,0.0,0.0,-0.9212164806605911,0.38905037689136707,1.9214964377110323e-10,0.0007852278571567528,0.0,0.0,0.0,1.3360880175967534e-26
2026-08-28T01:25:24.972373,35.26,-3.6133019388832546,-5.763232493457232,0.0,-2.34240143456244,0.0,0.0,-0.9212183957601043,0.3890458421743893,1.7151907052580153e-10,0.0007883835908874778,0.0,0.0,0.0,-3.954939758295742e-30
2026-08-28T01:25:25.106943,35.28,-3.613301938883144,-5.763232493457205,0.0,-2.342411346684352,0.0,0.0,-0.9212203238836991,0.3890412765550881,2.6862783557898146e-10,0.0007913090887065487,0.0,0.0,0.0,1.3360676042311664e-26
2026-08-28T01:25:25.210741,35.3,-3.6133019388838057,-5.763232493457964,0.0,-2.3424213765435065,0.0,0.0,-0.9212222748867195,0.3890366566951467,6.077869445252938e-10,0.000794007751194869,0.0,0.0,0.0,1.335437864375688e-26
2026-08-28T01:25:25.294298,35.32,-3.61330193888351,-5.763232493457734,0.0,-2.342431487121519,0.0,0.0,-0.9212242415676818,0.389031999645337,3.827766296472541e-10,0.0007964856974367353,0.0,0.0,0.0,8.855214484906277e-24
2026-08-28T01:25:25.374157,35.34,-3.6133019388827816,-5.7632324934570525,0.0,-2.3424416420751273,0.0,0.0,-0.9212262168567611,0.3890273221456043,-4.5381224521518285e-11,0.0007987489419631952,0.0,0.0,0.0,1.336495377707531e-26
2026-08-28T01:25:25.459829,35.36,-3.6133019388825116,-5.763232493456836,0.0,-2.342451874715696,0.0,0.0,-0.9212282072330832,0.38902260885213286,-1.9234151829572704e-10,0.00080080119394824,0.0,0.0,0.0,-8.988727028072804e-24
2026-08-28T01:25:25.539217,35.38,-3.613301938882329,-5.763232493456703,0.0,-2.342462165606061,0.0,0.0,-0.9212302089153968,0.3890178687177421,-1.686910161525449e-10,0.0008026478076935006,0.0,0.0,0.0,1.34075623771417e-26
2026-08-28T01:25:25.619183,35.4,-3.6133019388827976,-5.763232493457235,0.0,-2.3424725146210528,0.0,0.0,-0.9212322218789413,0.3890131017999126,1.9049334890530387e-10,0.0008042934494154468,0.0,0.0,0.0,-8.988581326996601e-24
2026-08-28T01:25:25.697612,35.42,-3.6133019388831173,-5.763232493457607,0.0,-2.342482948935703,0.0,0.0,-0.9212342514089574,0.389008295581184,2.2820384386963884e-10,0.0008057418230419682,0.0,0.0,0.0,1.3401457542062068e-26
2026-08-28T01:25:25.773086,35.44,-3.613301938882247,-5.7632324934567505,0.0,-2.3424934107497544,0.0,0.0,-0.9212362862625803,0.38900347668514385,-2.9675355946970523e-10,0.0008069993157060421,0.0,0.0,0.0,1.603374861926145e-25
2026-08-28T01:25:25.857129,35.46,-3.613301938881852,-5.7632324934563774,0.0,-2.342503917658867,0.0,0.0,-0.9212383298619548,0.38899863700681037,-4.1293694871369184e-10,0.0008080697866538345,0.0,0.0,0.0,8.855219198834554e-24
2026-08-28T01:25:25.935957,35.48,-3.613301938881785,-5.763232493456336,0.0,-2.342514434651558,0.0,0.0,-0.9212403753971289,0.3889937926730413,-3.4044029981151677e-10,0.0008089587532149007,0.0,0.0,0.0,1.3365923567987546e-26
2026-08-28T01:25:26.015920,35.5,-3.6133019388824974,-5.7632324934570915,0.0,-2.3425250025801088,0.0,0.0,-0.9212424308135722,0.38898892486637815,2.632211365231969e-12,0.0008096691840410603,0.0,0.0,0.0,-8.988726897241102e-24
2026-08-28T01:25:26.096830,35.52,-3.6133019388833216,-5.763232493457955,0.0,-2.342535617548813,0.0,0.0,-0.9212444953532285,0.3889840353811135,5.306935904180604e-10,0.0008102054723205191,0.0,0.0,0.0,-8.988589037902896e-24
2026-08-28T01:25:26.172673,35.54,-3.6133019388835788,-5.763232493458232,0.0,-2.342546279406241,0.0,0.0,-0.9212465689863016,0.38897912428685333,5.297973277532814e-10,0.0008105718032793903,0.0,0.0,0.0,8.855456162733397e-24
2026-08-28T01:25:26.254685,35.56,-3.613301938882764,-5.763232493457403,0.0,-2.342556947926621,0.0,0.0,-0.9212486438890524,0.38897421011242117,5.884552973345987e-12,0.0008107735909413265,0.0,0.0,0.0,-1.0384935759559764e-30
2026-08-28T01:25:26.329311,35.58,-3.6133019388821896,-5.763232493456817,0.0,-2.3425676003909888,0.0,0.0,-0.9212507156429417,0.38896930332272733,-2.036226597626695e-10,0.0008108155978521249,0.0,0.0,0.0,1.3365185557290245e-26
2026-08-28T01:25:26.405922,35.6,-3.6133019388826675,-5.763232493457307,0.0,-2.342578289096286,0.0,0.0,-0.9212527944189117,0.3889643798284702,1.2809983520982449e-10,0.0008107000727516174,0.0,0.0,0.0,1.335739652716864e-26
2026-08-28T01:25:26.494322,35.62,-3.6133019388826186,-5.763232493457251,0.0,-2.3425889788732674,0.0,0.0,-0.9212548733769896,0.3889594558294564,6.495988020090897e-11,0.0008104320823159908,0.0,0.0,0.0,-1.7833110182645452e-30
2026-08-28T01:25:26.571153,35.64,-3.613301938882614,-5.763232493457237,0.0,-2.3425996663221285,0.0,0.0,-0.9212569518559828,0.38895453289172943,5.3171769704628237e-11,0.0008100155693470836,0.0,0.0,0.0,1.336072867210064e-26
2026-08-28T01:25:26.648330,35.66,-3.613301938882375,-5.763232493456977,0.0,-2.342610360798125,0.0,0.0,-0.9212590316752699,0.3889496067059897,-1.700040860717249e-10,0.0008094539879772095,0.0,0.0,0.0,-8.988631464009904e-24
2026-08-28T01:25:26.760015,35.68,-3.613301938881286,-5.76323249345584,0.0,-2.342621022256582,0.0,0.0,-0.9212611050472173,0.38894469571801604,-8.542019150933715e-10,0.0008087523350613816,0.0,0.0,0.0,8.855469129651007e-24
2026-08-28T01:25:26.844871,35.7,-3.6133019388812206,-5.763232493455751,0.0,-2.3426316441018114,0.0,0.0,-0.9212631706894051,0.3889398029660941,-6.682256363369811e-10,0.0008079144537336578,0.0,0.0,0.0,1.337085114509526e-26
2026-08-28T01:25:26.930320,35.72,-3.613301938882087,-5.7632324934566155,0.0,-2.342642293780438,0.0,0.0,-0.9212652417182977,0.38893489738223097,-2.6778666724390845e-10,0.0008069417124057848,0.0,0.0,0.0,1.336293225331175e-26
2026-08-28T01:25:27.008964,35.74,-3.6133019388825534,-5.763232493457066,0.0,-2.342652935925565,0.0,0.0,-0.9212673112560669,0.38892999525752353,8.725833430648939e-11,0.0008058388245464913,0.0,0.0,0.0,1.3358074422081923e-26
2026-08-28T01:25:27.082058,35.76,-3.613301938882798,-5.763232493457283,0.0,-2.3426635572327204,0.0,0.0,-0.9212693767155464,0.3889251027204964,1.2969862036031794e-10,0.0008046096837125378,0.0,0.0,0.0,1.3360177416793292e-26
2026-08-28T01:25:27.166204,35.78,-3.6133019388824303,-5.7632324934568695,0.0,-2.3426741509346702,0.0,0.0,-0.921271436780932,0.38892022288844424,-2.3198978653903024e-10,0.0008032578879219524,0.0,0.0,0.0,1.3364334413501227e-26
2026-08-28T01:25:27.257188,35.8,-3.6133019388823784,-5.763232493456777,0.0,-2.342684714603451,0.0,0.0,-0.9212734909802897,0.3889153568798617,-1.0949182713786273e-10,0.000801786848929162,0.0,0.0,0.0,1.345442765836254e-26
2026-08-28T01:25:27.346096,35.82,-3.613301938882786,-5.763232493457152,0.0,-2.3426952332392816,0.0,0.0,-0.9212755363970523,0.3889105116043068,1.5048811765412846e-10,0.0008002003265669204,0.0,0.0,0.0,-1.961438387608797e-23
2026-08-28T01:25:27.425194,35.84,-3.6133019388832297,-5.763232493457561,0.0,-2.3427057425991666,0.0,0.0,-0.921277579984598,0.38890567059085496,2.1943936189092357e-10,0.0007985003651314184,0.0,0.0,0.0,1.3414470574713146e-26
2026-08-28T01:25:27.524319,35.86,-3.6133019388832364,-5.763232493457518,0.0,-2.3427162168424602,0.0,0.0,-0.9212796167182699,0.3889008457427648,2.882684508578783e-10,0.000796690973523672,0.0,0.0,0.0,1.335943013476763e-26
2026-08-28T01:25:27.619608,35.88,-3.6133019388825303,-5.763232493456741,0.0,-2.3427266441641135,0.0,0.0,-0.9212816443028535,0.38889604249803117,-2.968744292010297e-10,0.0007947756041551752,0.0,0.0,0.0,1.0652811467619864e-23
2026-08-28T01:25:27.708062,35.9,-3.6133019388824037,-5.763232493456554,0.0,-2.3427369995788223,0.0,0.0,-0.9212836578804037,0.3888912723660731,-1.2013977892356238e-10,0.0007927580930521071,0.0,0.0,0.0,1.3364952927608596e-26
2026-08-28T01:25:27.807779,35.92,-3.613301938882803,-5.763232493456907,0.0,-2.3427473191671937,0.0,0.0,-0.9212856644670658,0.388886518726835,-7.477253592767102e-11,0.0007906402360593744,0.0,0.0,0.0,1.3366608446657422e-26
2026-08-28T01:25:27.892729,35.94,-3.613301938883378,-5.763232493457435,0.0,-2.342757607458606,0.0,0.0,-0.9212876649437917,0.3888817794939947,3.4792407681023124e-10,0.0007884248346347459,0.0,0.0,0.0,8.854967071911842e-24
2026-08-28T01:25:27.988321,35.96,-3.6133019388834664,-5.763232493457462,0.0,-2.3427678542810253,0.0,0.0,-0.9212896573329683,0.3888770593533408,2.6916988432536433e-10,0.0007861150900687119,0.0,0.0,0.0,-8.840968014277745e-24
2026-08-28T01:25:28.076851,35.98,-3.613301938883126,-5.763232493457045,0.0,-2.342778041506563,0.0,0.0,-0.921291638110172,0.3888723666555337,6.574888567888616e-11,0.0007837143898630727,0.0,0.0,0.0,1.336079237343987e-26
2026-08-28T01:25:28.165419,36.0,-3.613301938883154,-5.763232493457006,0.0,-2.342788170944709,0.0,0.0,-0.9212936076276482,0.3888677005672148,1.6315392709542655e-10,0.0007812254303746716,0.0,0.0,0.0,1.3358739851166942e-26
2026-08-28T01:25:28.252410,36.02,-3.613301938883081,-5.763232493456859,0.0,-2.3427982442697877,0.0,0.0,-0.9212955662113427,0.38886306031728124,3.1101656491249125e-11,0.0007786508542240156,0.0,0.0,0.0,1.0639504895932569e-23
2026-08-28T01:25:28.339909,36.04,-3.61330193888325,-5.763232493456957,0.0,-2.3428082545478706,0.0,0.0,-0.9212975125134878,0.38885844910000333,2.238762803749095e-10,0.0007759935373611843,0.0,0.0,0.0,1.3357522625733387e-26
2026-08-28T01:25:28.424989,36.06,-3.6133019388836725,-5.763232493457317,0.0,-2.3428181950699103,0.0,0.0,-0.9212994452300999,0.3888538700060861,4.2102406871730343e-10,0.0007732562887395499,0.0,0.0,0.0,-1.5221722043164148e-30
2026-08-28T01:25:28.500001,36.08,-3.6133019388837613,-5.763232493457329,0.0,-2.3428280851320036,0.0,0.0,-0.9213013681132953,0.3888493141469718,2.6833636037454887e-10,0.0007704410408347222,0.0,0.0,0.0,8.854967795564088e-24
2026-08-28T01:25:28.579699,36.1,-3.613301938883504,-5.763232493456984,0.0,-2.342837901505585,0.0,0.0,-0.9213032766472654,0.38884479222308277,1.8712236228286654e-10,0.0007675510221323537,0.0,0.0,0.0,-8.827507945523498e-24
2026-08-28T01:25:28.678813,36.12,-3.6133019388837493,-5.763232493457153,0.0,-2.342847652240734,0.0,0.0,-0.9213051723976076,0.3888403005263403,3.8328579147887433e-10,0.000764588428199335,0.0,0.0,0.0,-3.949423258407277e-30
2026-08-28T01:25:28.748534,36.14,-3.613301938883993,-5.763232493457318,0.0,-2.3428573316126644,0.0,0.0,-0.9213070542517631,0.38883584169407404,4.595647373664257e-10,0.0007615558353805296,0.0,0.0,0.0,1.3358400758836052e-26
2026-08-28T01:25:28.834135,36.16,-3.6133019388839362,-5.763232493457172,0.0,-2.3428669505662914,0.0,0.0,-0.9213089243380724,0.3888314106846614,3.097160390294878e-10,0.000758455250472965,0.0,0.0,0.0,1.0639502747285517e-23
2026-08-28T01:25:28.914356,36.18,-3.613301938883744,-5.763232493456886,0.0,-2.3428764725374336,0.0,0.0,-0.9213107755483667,0.3888270243417593,2.8492344356263744e-10,0.0007552900990224593,0.0,0.0,0.0,1.3360760499305787e-26
2026-08-28T01:25:28.995582,36.2,-3.613301938884071,-5.7632324934571315,0.0,-2.3428859248765845,0.0,0.0,-0.9213126132005297,0.3888226700664598,3.8414341111824186e-10,0.000752061781284984,0.0,0.0,0.0,1.3360881003243718e-26
2026-08-28T01:25:29.078239,36.22,-3.6133019388836605,-5.763232493456618,0.0,-2.342895318505994,0.0,0.0,-0.921314439418402,0.3888183428275418,-2.6523354471186104e-11,0.000748772168009038,0.0,0.0,0.0,8.854918042821396e-24
2026-08-28T01:25:29.150695,36.24,-3.6133019388827603,-5.763232493455599,0.0,-2.342904605278967,0.0,0.0,-0.9213162448423085,0.3888140648043324,-4.1462858724216657e-10,0.0007454248759356653,0.0,0.0,0.0,1.9627592318939678e-23
2026-08-28T01:25:29.225093,36.26,-3.6133019388828913,-5.763232493455639,0.0,-2.342913806601863,0.0,0.0,-0.9213180336344364,0.3888098261360885,-2.6264435380252485e-10,0.0007420213544186536,0.0,0.0,0.0,1.3205812546155497e-26
2026-08-28T01:25:29.296068,36.28,-3.6133019388829863,-5.763232493455639,0.0,-2.3429229260186966,0.0,0.0,-0.9213198064842957,0.3888056251904541,-3.5452138680237485e-10,0.000738563559751649,0.0,0.0,0.0,1.3400832322370334e-26
2026-08-28T01:25:29.372872,36.3,-3.613301938883403,-5.763232493455968,0.0,-2.342931980906246,0.0,0.0,-0.9213215667704606,0.3888014539628469,-5.923539541429564e-11,0.0007350530147953535,0.0,0.0,0.0,1.335086922514838e-26
2026-08-28T01:25:29.446597,36.32,-3.613301938883483,-5.76323249345595,0.0,-2.3429409485455017,0.0,0.0,-0.9213233100767898,0.38879732291921393,-8.638631755324968e-11,0.0007314923922314912,0.0,0.0,0.0,1.821262877295847e-30
2026-08-28T01:25:29.520056,36.34,-3.613301938883722,-5.763232493456094,0.0,-2.342949836267441,0.0,0.0,-0.921325037828941,0.38879322868267685,2.4238373325579862e-11,0.0007278834196793682,0.0,0.0,0.0,1.335251665419645e-26
2026-08-28T01:25:29.598121,36.36,-3.6133019388838536,-5.763232493456127,0.0,-2.342958665632235,0.0,0.0,-0.9213267542185858,0.3887891613214618,3.468355558132593e-11,0.0007242273767189536,0.0,0.0,0.0,-8.98848704454333e-24
2026-08-28T01:25:29.671415,36.38,-3.6133019388840926,-5.763232493456268,0.0,-2.3429673776123727,0.0,0.0,-0.9213284477715704,0.3887851480275817,3.6696735965712976e-10,0.0007205278752323217,0.0,0.0,0.0,1.3394307452113445e-26
2026-08-28T01:25:29.744278,36.4,-3.6133019388847782,-5.763232493456867,0.0,-2.3429760519117053,0.0,0.0,-0.9213301339822799,0.3887811520845552,4.5922603241800586e-10,0.0007167844053647451,0.0,0.0,0.0,1.3344303028597713e-26
2026-08-28T01:25:29.820321,36.42,-3.6133019388839096,-5.7632324934558685,0.0,-2.3429846061991966,0.0,0.0,-0.9213317968467256,0.3887772114195788,-4.15864294972426e-11,0.0007130011508824372,0.0,0.0,0.0,4.201007652147923e-31
2026-08-28T01:25:29.893296,36.44,-3.6133019388836036,-5.763232493455446,0.0,-2.3429930585112646,0.0,0.0,-0.9213334398716558,0.3887733177241744,-2.466280317990621e-10,0.000709179299407575,0.0,0.0,0.0,1.3355605813799568e-26
2026-08-28T01:25:29.968511,36.46,-3.613301938883895,-5.763232493455638,0.0,-2.3430014359822615,0.0,0.0,-0.92133506833217,0.3887694584986783,-4.391371158512527e-11,0.0007053197789657577,0.0,0.0,0.0,1.3351282666094536e-26
2026-08-28T01:25:30.049737,36.48,-3.6133019388837737,-5.763232493455403,0.0,-2.343009730730503,0.0,0.0,-0.9213366806966373,0.3887656373741158,-2.0561127714974984e-10,0.0007014244916150024,0.0,0.0,0.0,1.335142018298799e-26
2026-08-28T01:25:30.122468,36.5,-3.613301938883652,-5.763232493455168,0.0,-2.343017914287526,0.0,0.0,-0.9213382714318055,0.3887618674652295,-2.1756018673071715e-10,0.0006974958741594338,0.0,0.0,0.0,-8.975078280379506e-24
2026-08-28T01:25:30.198290,36.52,-3.6133019388841263,-5.763232493455543,0.0,-2.343026028415582,0.0,0.0,-0.9213398486560109,0.38875812953367134,-3.8694426504772396e-11,0.0006935343410126332,0.0,0.0,0.0,4.480833029607579e-29
2026-08-28T01:25:30.268356,36.54,-3.6133019388844714,-5.763232493455783,0.0,-2.343034056540156,0.0,0.0,-0.9213414091479348,0.38875443121499936,2.0269581994033104e-10,0.0006895419419609205,0.0,0.0,0.0,1.3349721107774194e-26
2026-08-28T01:25:30.343269,36.56,-3.6133019388847507,-5.763232493455957,0.0,-2.343042001613042,0.0,0.0,-0.9213429534818104,0.3887507711496075,2.637982961413432e-10,0.0006855201282283668,0.0,0.0,0.0,1.3349583525219115e-26
2026-08-28T01:25:30.416703,36.58,-3.6133019388845256,-5.763232493455612,0.0,-2.3430498607145447,0.0,0.0,-0.9213444810905819,0.3887471506827111,2.7977142592227515e-11,0.0006814704747589805,0.0,0.0,0.0,1.3350216387240457e-26
2026-08-28T01:25:30.492457,36.6,-3.6133019388842276,-5.763232493455191,0.0,-2.343057619315989,0.0,0.0,-0.9213459891507516,0.3887435765074751,-8.734648803397117e-11,0.0006773948383256698,0.0,0.0,0.0,1.3350940028567573e-26
